timestamp,current_task,EE_x,EE_y,EE_z,EE_rx,EE_ry,EE_rz,joint1_angle,joint2_angle,joint3_angle,joint4_angle,joint5_angle,joint6_angle,joint1_velocity,joint2_velocity,joint3_velocity,joint4_velocity,joint5_velocity,joint6_velocity,joint1_torque,joint2_torque,joint3_torque,joint4_torque,joint5_torque,joint6_torque,joint1_acceleration,joint2_acceleration,joint3_acceleration,joint4_acceleration,joint5_acceleration,joint6_acceleration,waypoint,description
2026-01-27 20:44:21.461,home_start,9.419,-546.831,1426.326,0.004,0.4,-89.013,-89.014,23.812,-154.446,0.005,-49.767,-0.004,0.0,0.0,0.0,0.0,0.0,0.0,-0.12,-1.23,-0.48,0.07,-0.13,0.06,0.0,0.0,0.0,0.0,0.0,0.0,waypoint,
2026-01-27 20:44:21.553,home_start,9.419,-546.831,1426.326,0.004,0.4,-89.013,-89.014,23.812,-154.446,0.005,-49.767,-0.004,0.0,0.0,0.0,0.0,0.0,0.0,-0.02,-2.19,-0.96,0.21,-0.02,0.06,0.0,0.0,0.0,0.0,0.0,0.0,,
2026-01-27 20:44:21.657,home_start,9.419,-546.831,1426.326,0.004,0.4,-89.013,-89.014,23.812,-154.446,0.005,-49.767,-0.004,0.0,0.0,0.0,0.0,0.0,0.0,-0.04,-2.92,-1.37,0.27,-0.09,0.07,0.0,0.0,0.0,0.0,0.0,0.0,,
2026-01-27 20:44:21.862,home_start,9.419,-546.831,1426.326,0.004,0.4,-89.013,-89.014,23.812,-154.446,0.005,-49.767,-0.004,0.0,0.0,0.0,0.0,0.0,0.0,0.03,-4.06,-1.88,0.3,-0.16,-0.04,0.0,0.0,0.0,0.0,0.0,0.0,,
2026-01-27 20:44:22.062,home_start,9.419,-546.831,1426.326,0.004,0.4,-89.013,-89.014,23.812,-154.446,0.005,-49.767,-0.004,0.0,0.0,0.0,0.0,0.0,0.0,-0.1,-4.82,-2.06,0.39,-0.2,-0.1,0.0,0.0,0.0,0.0,0.0,0.0,,
2026-01-27 20:44:22.163,home_start,9.419,-546.831,1426.326,0.004,0.4,-89.013,-89.014,23.812,-154.446,0.005,-49.767,-0.004,0.0,0.0,0.0,0.0,0.0,0.0,0.02,-5.04,-2.24,0.45,-0.08,-0.03,0.0,0.0,0.0,0.0,0.0,0.0,,
2026-01-27 20:44:22.366,home_start,9.419,-546.831,1426.326,0.004,0.4,-89.013,-89.014,23.812,-154.446,0.005,-49.767,-0.004,0.0,0.0,0.0,0.0,0.0,0.0,0.12,-5.49,-2.31,0.42,-0.22,0.02,0.0,0.0,0.0,0.0,0.0,0.0,,
2026-01-27 20:44:22.570,home_start,9.419,-546.831,1426.326,0.004,0.4,-89.013,-89.014,23.812,-154.446,0.005,-49.767,-0.004,0.0,0.0,0.0,0.0,0.0,0.0,-0.03,-5.66,-2.5,0.42,-0.26,-0.06,0.0,0.0,0.0,0.0,0.0,0.0,,
2026-01-27 20:44:22.672,home_start,9.419,-546.831,1426.326,0.004,0.4,-89.013,-89.014,23.812,-154.446,0.005,-49.767,-0.004,0.0,0.0,0.0,0.0,0.0,0.0,-0.11,-5.79,-2.55,0.53,-0.26,-0.02,0.0,0.0,0.0,0.0,0.0,0.0,,
2026-01-27 20:44:22.876,home_start,9.419,-546.831,1426.326,0.004,0.4,-89.013,-89.014,23.812,-154.446,0.005,-49.767,-0.004,0.0,0.0,0.0,0.0,0.0,0.0,-0.08,-5.95,-2.64,0.57,-0.16,0.07,0.0,0.0,0.0,0.0,0.0,0.0,,
2026-01-27 20:44:23.081,home_start,9.419,-546.831,1426.326,0.004,0.4,-89.013,-89.014,23.812,-154.446,0.005,-49.767,-0.004,0.0,0.0,0.0,0.0,0.0,0.0,-0.03,-5.91,-2.65,0.46,-0.14,0.02,0.0,0.0,0.0,0.0,0.0,0.0,,
2026-01-27 20:44:23.182,home_to_approach_feeder,-25.418,-577.527,1427.254,1.951,-0.603,-88.472,-92.761,20.646,-152.536,2.692,-47.687,-6.104,-9.368,-7.916,4.775,6.716,5.201,-15.249,0.75,-5.09,-2.19,0.23,0.18,0.0,-37.473,-31.664,19.1,26.865,20.805,-60.997,,
2026-01-27 20:44:23.286,home_to_approach_feeder,-67.52,-608.477,1426.13,3.706,-2.032,-88.049,-96.786,17.245,-150.484,5.576,-45.452,-12.67,-17.088,-14.439,8.71,12.249,9.487,-27.852,1.16,-4.42,-1.93,-0.02,0.38,0.06,-36.499,-30.842,18.605,26.159,20.264,-59.562,,
2026-01-27 20:44:23.388,home_to_approach_feeder,-112.443,-635.601,1422.928,5.024,-3.674,-87.807,-100.651,13.979,-148.514,8.347,-43.306,-18.976,-22.479,-18.995,11.458,16.112,12.48,-36.654,1.27,-3.99,-1.74,-0.15,0.47,-0.11,-31.256,-26.411,15.932,22.401,17.352,-51.004,,
2026-01-27 20:44:23.489,home_to_approach_feeder,-155.01,-656.657,1418.409,5.857,-5.26,-87.715,-104.016,11.135,-146.799,10.759,-41.438,-24.467,-25.273,-21.356,12.882,18.115,14.031,-41.217,1.41,-3.36,-1.49,-0.27,0.46,0.03,-23.132,-19.547,11.791,16.579,12.842,-37.748,,
2026-01-27 20:44:23.591,home_to_approach_feeder,-195.945,-673.226,1412.94,6.347,-6.771,-87.714,-107.046,8.575,-145.254,12.931,-39.756,-29.41,-26.53,-22.418,13.523,19.015,14.729,-43.27,1.44,-3.05,-1.57,-0.34,0.47,0.12,-17.464,-14.757,8.902,12.516,9.696,-28.499,,
2026-01-27 20:44:23.692,home_to_approach_feeder,-233.571,-685.606,1407.07,6.569,-8.125,-87.765,-109.691,6.34,-143.906,14.826,-38.288,-33.724,-26.508,-22.4,13.512,19.0,14.717,-43.237,1.42,-2.77,-1.58,-0.4,0.32,0.04,-11.861,-10.023,6.046,8.501,6.585,-19.358,,
2026-01-27 20:44:23.793,home_to_approach_feeder,-271.257,-695.493,1400.462,6.601,-9.433,-87.85,-112.23,4.194,-142.612,16.646,-36.878,-37.867,-26.23,-22.165,13.37,18.8,14.563,-42.785,1.35,-2.44,-1.53,-0.42,0.32,-0.0,-9.628,-8.136,4.908,6.9,5.345,-15.713,,
2026-01-27 20:44:23.894,home_to_approach_feeder,-307.313,-702.747,1393.507,6.474,-10.631,-87.953,-114.577,2.212,-141.416,18.328,-35.575,-41.694,-25.538,-21.58,13.018,18.304,14.178,-41.657,1.22,-2.28,-1.57,-0.44,0.21,-0.0,-6.729,-5.686,3.43,4.823,3.736,-10.983,,
2026-01-27 20:44:23.994,home_to_approach_feeder,-339.515,-707.492,1386.802,6.243,-11.65,-88.056,-116.614,0.49,-140.377,19.788,-34.444,-45.018,-24.248,-20.49,12.36,17.379,13.462,-39.553,1.14,-2.05,-1.68,-0.45,0.11,0.0,-2.974,-2.513,1.516,2.131,1.651,-4.855,,
2026-01-27 20:44:24.095,home_to_approach_feeder,-369.921,-710.525,1380.056,5.932,-12.566,-88.158,-118.497,-1.101,-139.418,21.137,-33.399,-48.088,-22.892,-19.344,11.669,16.408,12.709,-37.341,0.98,-1.92,-1.65,-0.46,0.04,0.02,-1.123,-0.949,0.572,0.805,0.623,-1.835,,
2026-01-27 20:44:24.198,home_to_approach_feeder,-396.795,-712.065,1373.768,5.588,-13.334,-88.251,-120.132,-2.483,-138.584,22.309,-32.491,-50.756,-21.257,-17.962,10.835,15.236,11.801,-34.674,0.82,-1.72,-1.72,-0.44,-0.1,0.01,1.463,1.236,-0.746,-1.049,-0.812,2.384,,
2026-01-27 20:44:24.298,home_to_approach_feeder,-421.961,-712.554,1367.603,5.209,-14.018,-88.337,-121.642,-3.759,-137.814,23.392,-31.652,-53.219,-19.719,-16.662,10.051,14.133,10.947,-32.165,0.75,-1.59,-1.77,-0.42,-0.07,-0.01,2.563,2.166,-1.306,-1.837,-1.423,4.179,,
2026-01-27 20:44:24.401,home_to_approach_feeder,-444.713,-712.212,1361.802,4.823,-14.605,-88.414,-122.993,-4.9,-137.126,24.36,-30.902,-55.423,-18.166,-15.35,9.26,13.02,10.085,-29.631,0.69,-1.48,-1.88,-0.43,-0.11,-0.06,3.904,3.299,-1.99,-2.798,-2.168,6.367,,
2026-01-27 20:44:24.504,home_to_approach_feeder,-465.821,-711.233,1356.226,4.43,-15.123,-88.484,-124.235,-5.95,-136.492,25.251,-30.213,-57.449,-16.73,-14.137,8.528,11.991,9.288,-27.29,0.6,-1.42,-1.85,-0.46,-0.18,-0.01,4.597,3.884,-2.343,-3.295,-2.552,7.498,,
2026-01-27 20:44:24.606,home_to_approach_feeder,-484.233,-709.861,1351.208,4.061,-15.552,-88.545,-125.312,-6.86,-135.944,26.022,-29.615,-59.205,-15.239,-12.877,7.768,10.922,8.46,-24.857,0.51,-1.3,-1.98,-0.48,-0.41,0.07,5.796,4.898,-2.955,-4.155,-3.218,9.455,,
2026-01-27 20:44:24.707,home_to_approach_feeder,-500.782,-708.216,1346.575,3.708,-15.919,-88.598,-126.275,-7.673,-135.453,26.712,-29.081,-60.775,-13.836,-11.691,7.053,9.917,7.681,-22.568,0.46,-1.21,-1.98,-0.49,-0.31,0.06,6.355,5.37,-3.239,-4.555,-3.528,10.366,,
2026-01-27 20:44:24.808,home_to_approach_feeder,-515.212,-706.464,1342.439,3.386,-16.225,-88.643,-127.111,-8.38,-135.027,27.311,-28.616,-62.139,-12.467,-10.535,6.355,8.936,6.922,-20.335,0.36,-1.02,-2.11,-0.37,-0.35,0.05,6.985,5.902,-3.56,-5.006,-3.878,11.393,,
2026-01-27 20:44:24.909,home_to_approach_feeder,-528.197,-704.633,1338.64,3.084,-16.489,-88.683,-127.861,-9.014,-134.644,27.849,-28.2,-63.362,-11.226,-9.486,5.722,8.046,6.232,-18.31,0.24,-1.06,-2.17,-0.43,-0.45,0.06,7.145,6.038,-3.642,-5.121,-3.967,11.655,,
2026-01-27 20:44:25.010,home_to_approach_feeder,-540.22,-702.722,1335.056,2.795,-16.723,-88.72,-128.554,-9.599,-134.291,28.346,-27.815,-64.492,-10.152,-8.579,5.175,7.277,5.636,-16.559,0.31,-0.96,-2.14,-0.41,-0.38,-0.04,7.002,5.917,-3.569,-5.019,-3.888,11.422,,
2026-01-27 20:44:25.123,home_to_approach_feeder,-546.888,-701.572,1333.041,2.631,-16.849,-88.74,-128.938,-9.924,-134.096,28.621,-27.602,-65.118,-8.574,-7.245,4.37,6.145,4.76,-13.984,0.2,-0.9,-2.26,-0.37,-0.31,0.08,9.394,7.938,-4.789,-6.733,-5.216,15.323,,
2026-01-27 20:44:25.225,home_to_approach_feeder,-556.091,-699.88,1330.227,2.4,-17.018,-88.767,-129.467,-10.371,-133.826,29.0,-27.308,-65.981,-7.753,-6.551,3.952,5.557,4.304,-12.645,0.2,-0.83,-2.24,-0.33,-0.36,-0.0,7.002,5.917,-3.569,-5.019,-3.887,11.421,,
2026-01-27 20:44:25.327,home_to_approach_feeder,-564.675,-698.191,1327.567,2.179,-17.17,-88.792,-129.96,-10.787,-133.574,29.354,-27.034,-66.786,-7.048,-5.955,3.592,5.051,3.913,-11.495,0.22,-0.86,-2.28,-0.47,-0.45,0.05,6.662,5.629,-3.396,-4.775,-3.699,10.867,,
2026-01-27 20:44:25.428,home_to_approach_feeder,-571.935,-696.679,1325.292,1.99,-17.294,-88.813,-130.377,-11.14,-133.362,29.652,-26.803,-67.465,-6.328,-5.347,3.225,4.535,3.513,-10.32,0.2,-0.74,-2.27,-0.3,-0.51,-0.06,6.76,5.712,-3.446,-4.845,-3.753,11.026,,
2026-01-27 20:44:25.531,home_to_approach_feeder,-578.949,-695.145,1323.07,1.804,-17.411,-88.834,-130.779,-11.48,-133.157,29.941,-26.58,-68.122,-5.752,-4.86,2.932,4.123,3.193,-9.381,0.15,-0.73,-2.24,-0.3,-0.5,0.08,6.227,5.262,-3.174,-4.463,-3.457,10.157,,
2026-01-27 20:44:25.631,home_to_approach_feeder,-585.073,-693.746,1321.112,1.639,-17.51,-88.851,-131.13,-11.776,-132.978,30.193,-26.385,-68.694,-5.192,-4.387,2.646,3.721,2.882,-8.467,0.11,-0.73,-2.29,-0.28,-0.54,0.09,6.116,5.168,-3.118,-4.384,-3.396,9.976,,
2026-01-27 20:44:25.733,home_to_approach_feeder,-590.431,-692.477,1319.384,1.493,-17.595,-88.866,-131.438,-12.036,-132.821,30.413,-26.214,-69.195,-4.662,-3.939,2.376,3.342,2.588,-7.603,0.17,-0.63,-2.45,-0.44,-0.56,0.07,5.945,5.023,-3.03,-4.261,-3.3,9.696,,
2026-01-27 20:44:25.834,home_to_approach_feeder,-595.129,-691.33,1317.858,1.364,-17.667,-88.88,-131.707,-12.264,-132.684,30.606,-26.065,-69.634,-4.17,-3.523,2.125,2.989,2.315,-6.8,0.05,-0.65,-2.32,-0.34,-0.6,0.11,5.729,4.841,-2.92,-4.106,-3.181,9.345,,
2026-01-27 20:44:25.935,home_to_approach_feeder,-599.692,-690.184,1316.365,1.237,-17.736,-88.893,-131.969,-12.485,-132.551,30.793,-25.919,-70.061,-3.781,-3.195,1.927,2.71,2.099,-6.167,0.1,-0.67,-2.34,-0.43,-0.48,0.07,5.234,4.422,-2.668,-3.751,-2.906,8.537,,
2026-01-27 20:44:26.039,home_to_approach_feeder,-603.944,-689.088,1314.966,1.118,-17.799,-88.905,-132.212,-12.691,-132.426,30.968,-25.784,-70.459,-3.445,-2.911,1.756,2.47,1.913,-5.619,0.14,-0.6,-2.4,-0.3,-0.51,0.05,4.888,4.131,-2.492,-3.504,-2.714,7.973,,
2026-01-27 20:44:26.141,home_to_approach_feeder,-607.655,-688.109,1313.737,1.013,-17.852,-88.915,-132.425,-12.87,-132.318,31.121,-25.666,-70.805,-3.116,-2.633,1.588,2.233,1.73,-5.081,0.09,-0.63,-2.36,-0.35,-0.47,-0.01,4.71,3.98,-2.401,-3.376,-2.615,7.682,,
2026-01-27 20:44:26.242,home_to_approach_feeder,-610.901,-687.237,1312.657,0.921,-17.899,-88.924,-132.611,-13.028,-132.223,31.254,-25.563,-71.109,-2.802,-2.368,1.428,2.009,1.556,-4.57,-0.03,-0.5,-2.35,-0.42,-0.5,-0.06,4.505,3.807,-2.296,-3.229,-2.501,7.349,,
2026-01-27 20:44:26.345,home_to_approach_feeder,-613.94,-686.405,1311.641,0.834,-17.941,-88.933,-132.785,-13.175,-132.134,31.379,-25.466,-71.393,-2.537,-2.144,1.293,1.819,1.409,-4.137,0.09,-0.48,-2.47,-0.31,-0.54,-0.04,4.174,3.527,-2.127,-2.991,-2.317,6.808,,
2026-01-27 20:44:26.448,home_to_approach_feeder,-616.771,-685.618,1310.69,0.753,-17.98,-88.941,-132.948,-13.312,-132.052,31.495,-25.376,-71.658,-2.309,-1.951,1.177,1.655,1.282,-3.765,0.02,-0.53,-2.39,-0.4,-0.53,-0.0,3.875,3.274,-1.975,-2.777,-2.151,6.32,,
2026-01-27 20:44:26.550,home_to_approach_feeder,-619.242,-684.921,1309.857,0.681,-18.013,-88.948,-133.089,-13.432,-131.979,31.597,-25.297,-71.889,-2.086,-1.763,1.063,1.495,1.158,-3.401,0.02,-0.54,-2.53,-0.32,-0.59,-0.03,3.694,3.121,-1.883,-2.648,-2.051,6.025,,
2026-01-27 20:44:26.653,home_to_approach_feeder,-621.545,-684.263,1309.078,0.615,-18.044,-88.954,-133.222,-13.543,-131.912,31.691,-25.224,-72.104,-1.894,-1.601,0.966,1.358,1.052,-3.089,0.09,-0.52,-2.49,-0.33,-0.53,-0.0,3.421,2.891,-1.744,-2.452,-1.899,5.58,,
2026-01-27 20:44:26.755,home_to_approach_feeder,-623.554,-683.683,1308.397,0.556,-18.071,-88.96,-133.337,-13.641,-131.853,31.774,-25.16,-72.292,-1.709,-1.444,0.871,1.225,0.949,-2.787,0.03,-0.5,-2.39,-0.4,-0.53,0.03,3.247,2.744,-1.655,-2.327,-1.803,5.296,,
2026-01-27 20:44:26.858,home_to_approach_feeder,-625.311,-683.17,1307.799,0.505,-18.094,-88.965,-133.438,-13.726,-131.802,31.846,-25.104,-72.456,-1.534,-1.296,0.782,1.099,0.851,-2.501,-0.03,-0.39,-2.48,-0.31,-0.49,-0.02,3.067,2.591,-1.563,-2.198,-1.703,5.002,,
2026-01-27 20:44:26.959,home_to_approach_feeder,-626.904,-682.701,1307.256,0.458,-18.114,-88.969,-133.529,-13.803,-131.755,31.912,-25.053,-72.605,-1.379,-1.165,0.703,0.988,0.765,-2.248,0.01,-0.42,-2.47,-0.29,-0.52,0.12,2.854,2.412,-1.455,-2.046,-1.585,4.655,,
2026-01-27 20:44:27.060,home_to_approach_feeder,-628.3,-682.287,1306.778,0.417,-18.132,-88.973,-133.609,-13.871,-131.714,31.969,-25.009,-72.736,-1.234,-1.043,0.629,0.885,0.685,-2.012,0.01,-0.34,-2.43,-0.34,-0.5,-0.04,2.682,2.266,-1.367,-1.922,-1.489,4.374,,
2026-01-27 20:44:27.164,home_to_approach_feeder,-629.612,-681.895,1306.329,0.379,-18.149,-88.977,-133.684,-13.935,-131.676,32.023,-24.967,-72.859,-1.114,-0.941,0.568,0.799,0.618,-1.816,-0.02,-0.58,-2.48,-0.4,-0.51,-0.02,2.461,2.08,-1.255,-1.764,-1.366,4.014,,
2026-01-27 20:44:27.266,home_to_approach_feeder,-630.841,-681.526,1305.907,0.342,-18.165,-88.98,-133.755,-13.994,-131.64,32.074,-24.928,-72.974,-1.012,-0.855,0.516,0.725,0.562,-1.65,-0.0,-0.43,-2.51,-0.31,-0.51,0.03,2.263,1.912,-1.154,-1.622,-1.256,3.691,,
2026-01-27 20:44:27.368,home_to_approach_feeder,-631.916,-681.201,1305.538,0.311,-18.178,-88.983,-133.817,-14.046,-131.609,32.118,-24.893,-73.074,-0.913,-0.772,0.465,0.654,0.507,-1.489,0.01,-0.42,-2.46,-0.33,-0.56,-0.08,2.125,1.796,-1.083,-1.523,-1.18,3.466,,
2026-01-27 20:44:27.470,home_to_approach_feeder,-632.954,-680.885,1305.18,0.28,-18.191,-88.986,-133.876,-14.097,-131.578,32.161,-24.86,-73.171,-0.834,-0.705,0.425,0.598,0.463,-1.359,-0.01,-0.4,-2.45,-0.32,-0.57,-0.0,1.934,1.634,-0.986,-1.386,-1.074,3.154,waypoint,
2026-01-27 20:44:27.574,approach_feeder_to_pick,-634.859,-687.096,1291.315,0.466,-18.557,-88.914,-133.723,-15.323,-131.354,34.325,-24.078,-75.294,-0.244,-3.595,0.88,5.858,2.304,-6.327,0.07,0.0,-2.28,-0.31,-0.43,0.06,3.863,-10.291,1.053,19.964,6.532,-17.422,,
2026-01-27 20:44:27.674,approach_feeder_to_pick,-636.72,-694.591,1273.952,0.647,-18.943,-88.842,-133.517,-16.833,-131.084,37.001,-23.114,-77.912,0.334,-6.47,1.335,11.085,4.137,-11.289,0.1,0.37,-2.05,-0.38,-0.36,0.03,4.018,-12.094,1.406,23.097,7.686,-20.623,,
2026-01-27 20:44:27.774,approach_feeder_to_pick,-638.246,-701.281,1257.464,0.762,-19.237,-88.799,-133.323,-18.246,-130.831,39.507,-22.212,-80.362,0.735,-8.386,1.634,14.579,5.358,-14.593,0.04,0.68,-1.87,-0.36,-0.39,0.0,3.484,-9.92,1.093,19.078,6.302,-16.889,,
2026-01-27 20:44:27.876,approach_feeder_to_pick,-639.367,-706.687,1243.344,0.822,-19.431,-88.779,-133.159,-19.442,-130.617,41.627,-21.449,-82.435,0.961,-9.278,1.76,16.234,5.927,-16.127,0.22,0.95,-1.83,-0.46,-0.22,0.11,2.838,-6.751,0.594,13.31,4.282,-11.425,,
2026-01-27 20:44:27.977,approach_feeder_to_pick,-640.278,-711.552,1229.925,0.848,-19.567,-88.771,-133.005,-20.566,-130.415,43.621,-20.731,-84.384,1.106,-9.77,1.824,17.159,6.239,-16.968,0.18,1.19,-1.72,-0.39,-0.19,-0.02,2.456,-5.364,0.407,10.716,3.4,-9.048,,
2026-01-27 20:44:28.079,approach_feeder_to_pick,-641.001,-715.911,1217.242,0.848,-19.651,-88.772,-132.861,-21.618,-130.227,45.487,-20.059,-86.209,1.19,-9.959,1.839,17.535,6.359,-17.288,0.02,1.29,-1.64,-0.46,-0.18,-0.05,2.112,-4.11,0.238,8.372,2.601,-6.898,,
2026-01-27 20:44:28.180,approach_feeder_to_pick,-641.527,-719.565,1206.055,0.829,-19.69,-88.779,-132.735,-22.539,-130.062,47.119,-19.471,-87.805,1.208,-9.771,1.791,17.232,6.238,-16.957,0.1,1.58,-1.49,-0.44,-0.19,0.03,1.72,-2.38,-0.022,5.196,1.499,-3.922,,
2026-01-27 20:44:28.282,approach_feeder_to_pick,-641.93,-722.849,1195.504,0.797,-19.697,-88.79,-132.617,-23.401,-129.908,48.647,-18.921,-89.3,1.201,-9.483,1.729,16.745,6.054,-16.453,0.08,1.73,-1.44,-0.46,-0.13,0.05,1.468,-1.554,-0.125,3.634,0.974,-2.51,,
2026-01-27 20:44:28.383,approach_feeder_to_pick,-642.209,-725.611,1186.216,0.759,-19.679,-88.803,-132.513,-24.155,-129.773,49.984,-18.44,-90.607,1.159,-8.997,1.634,15.9,5.744,-15.607,0.1,1.84,-1.46,-0.3,-0.09,-0.03,1.173,-0.319,-0.306,1.356,0.188,-0.387,,
2026-01-27 20:44:28.485,approach_feeder_to_pick,-642.396,-727.947,1178.029,0.717,-19.645,-88.816,-132.423,-24.816,-129.655,51.156,-18.018,-91.752,1.096,-8.4,1.521,14.855,5.362,-14.57,0.07,1.97,-1.46,-0.33,0.01,-0.02,0.928,0.643,-0.442,-0.428,-0.425,1.265,,
2026-01-27 20:44:28.589,approach_feeder_to_pick,-642.524,-730.071,1170.293,0.672,-19.597,-88.831,-132.338,-25.437,-129.543,52.258,-17.622,-92.83,1.035,-7.854,1.419,13.896,5.014,-13.621,0.0,2.19,-1.37,-0.24,-0.03,0.05,0.782,0.972,-0.468,-1.084,-0.634,1.821,,
2026-01-27 20:44:28.692,approach_feeder_to_pick,-642.594,-731.812,1163.714,0.629,-19.543,-88.844,-132.266,-25.964,-129.449,53.191,-17.286,-93.742,0.956,-7.206,1.3,12.755,4.6,-12.497,0.03,2.23,-1.38,-0.43,0.05,0.0,0.573,1.828,-0.592,-2.664,-1.178,3.29,,
2026-01-27 20:44:28.794,approach_feeder_to_pick,-642.628,-733.409,1157.475,0.585,-19.483,-88.857,-132.198,-26.461,-129.36,54.073,-16.968,-94.604,0.887,-6.648,1.197,11.771,4.243,-11.527,0.04,2.29,-1.44,-0.41,0.03,-0.09,0.476,1.935,-0.584,-2.913,-1.246,3.465,,
2026-01-27 20:44:28.895,approach_feeder_to_pick,-642.632,-734.821,1151.782,0.542,-19.419,-88.87,-132.136,-26.913,-129.279,54.875,-16.68,-95.388,0.82,-6.116,1.1,10.833,3.904,-10.605,0.07,2.33,-1.39,-0.4,-0.07,-0.02,0.367,2.192,-0.607,-3.419,-1.408,3.898,,
2026-01-27 20:44:28.998,approach_feeder_to_pick,-642.61,-736.154,1146.235,0.498,-19.349,-88.883,-132.075,-27.352,-129.201,55.654,-16.399,-96.15,0.766,-5.685,1.022,10.072,3.629,-9.858,0.05,2.49,-1.43,-0.35,0.01,0.02,0.312,2.103,-0.569,-3.308,-1.351,3.734,,
2026-01-27 20:44:29.099,approach_feeder_to_pick,-642.574,-737.217,1141.691,0.461,-19.285,-88.894,-132.026,-27.711,-129.136,56.29,-16.17,-96.772,0.697,-5.161,0.927,9.145,3.295,-8.949,0.09,2.55,-1.39,-0.31,0.06,-0.04,0.171,2.696,-0.656,-4.401,-1.728,4.753,,
2026-01-27 20:44:29.202,approach_feeder_to_pick,-642.525,-738.197,1137.388,0.424,-19.221,-88.904,-131.98,-28.05,-129.076,56.891,-15.954,-97.359,0.639,-4.719,0.847,8.362,3.012,-8.181,0.11,2.54,-1.27,-0.4,0.08,0.14,0.127,2.624,-0.626,-4.312,-1.682,4.621,,
2026-01-27 20:44:29.304,approach_feeder_to_pick,-642.469,-739.04,1133.599,0.39,-19.16,-88.914,-131.939,-28.348,-129.022,57.42,-15.763,-97.876,0.581,-4.284,0.769,7.592,2.734,-7.427,0.05,2.57,-1.32,-0.38,0.14,0.07,0.058,2.774,-0.637,-4.612,-1.777,4.874,,
2026-01-27 20:44:29.405,approach_feeder_to_pick,-642.408,-739.794,1130.135,0.359,-19.101,-88.922,-131.902,-28.62,-128.974,57.902,-15.59,-98.347,0.529,-3.893,0.698,6.899,2.485,-6.748,0.02,2.58,-1.29,-0.36,0.19,-0.06,0.016,2.757,-0.62,-4.612,-1.765,4.838,,
2026-01-27 20:44:29.507,approach_feeder_to_pick,-642.342,-740.493,1126.857,0.329,-19.043,-88.931,-131.867,-28.877,-128.928,58.357,-15.426,-98.792,0.485,-3.562,0.639,6.313,2.273,-6.174,-0.01,2.82,-1.33,-0.19,0.13,0.11,-0.006,2.631,-0.585,-4.417,-1.684,4.614,,
2026-01-27 20:44:29.610,approach_feeder_to_pick,-642.273,-741.118,1123.871,0.301,-18.987,-88.939,-131.835,-29.111,-128.886,58.771,-15.277,-99.197,0.444,-3.255,0.583,5.77,2.078,-5.643,0.04,2.82,-1.29,-0.36,0.28,0.12,-0.037,2.6,-0.568,-4.387,-1.664,4.555,,
2026-01-27 20:44:29.710,approach_feeder_to_pick,-642.205,-741.677,1121.152,0.275,-18.935,-88.946,-131.805,-29.323,-128.848,59.148,-15.141,-99.566,0.405,-2.973,0.533,5.27,1.897,-5.153,-0.09,2.86,-1.31,-0.32,0.27,-0.02,-0.063,2.552,-0.549,-4.323,-1.633,4.466,,
2026-01-27 20:44:29.814,approach_feeder_to_pick,-642.133,-742.211,1118.507,0.25,-18.882,-88.953,-131.777,-29.53,-128.811,59.514,-15.009,-99.923,0.375,-2.745,0.492,4.867,1.752,-4.759,-0.03,2.85,-1.36,-0.26,0.19,0.03,-0.065,2.358,-0.505,-3.999,-1.509,4.126,,
2026-01-27 20:44:29.916,approach_feeder_to_pick,-642.067,-742.656,1116.267,0.228,-18.836,-88.959,-131.753,-29.704,-128.78,59.824,-14.898,-100.226,0.341,-2.496,0.447,4.424,1.593,-4.326,-0.02,2.89,-1.34,-0.24,0.18,0.01,-0.102,2.44,-0.511,-4.163,-1.561,4.264,,
2026-01-27 20:44:30.016,approach_feeder_to_pick,-642.004,-743.056,1114.228,0.208,-18.793,-88.964,-131.732,-29.863,-128.751,60.105,-14.797,-100.501,0.31,-2.269,0.406,4.022,1.448,-3.932,-0.02,2.89,-1.32,-0.34,0.16,0.01,-0.113,2.354,-0.489,-4.027,-1.505,4.112,,
2026-01-27 20:44:30.117,approach_feeder_to_pick,-641.944,-743.415,1112.372,0.189,-18.753,-88.969,-131.712,-30.007,-128.725,60.361,-14.705,-100.751,0.282,-2.063,0.369,3.657,1.317,-3.575,0.01,2.87,-1.31,-0.16,0.2,-0.01,-0.122,2.262,-0.465,-3.879,-1.447,3.95,,
2026-01-27 20:44:30.217,approach_feeder_to_pick,-641.886,-743.738,1110.682,0.172,-18.716,-88.973,-131.694,-30.139,-128.702,60.594,-14.621,-100.979,0.256,-1.875,0.336,3.325,1.197,-3.25,0.02,2.92,-1.28,-0.27,0.19,-0.02,-0.127,2.167,-0.442,-3.723,-1.385,3.781,,
2026-01-27 20:44:30.318,approach_feeder_to_pick,-641.832,-744.029,1109.144,0.157,-18.682,-88.977,-131.677,-30.258,-128.681,60.806,-14.544,-101.186,0.233,-1.705,0.305,3.023,1.088,-2.955,0.06,2.95,-1.36,-0.29,0.23,-0.04,-0.131,2.069,-0.419,-3.561,-1.323,3.609,,
2026-01-27 20:44:30.421,approach_feeder_to_pick,-641.778,-744.308,1107.649,0.142,-18.648,-88.982,-131.661,-30.374,-128.66,61.012,-14.47,-101.387,0.215,-1.569,0.281,2.782,1.001,-2.719,0.04,2.99,-1.31,-0.24,0.25,0.04,-0.122,1.896,-0.384,-3.266,-1.212,3.308,,
2026-01-27 20:44:30.524,approach_feeder_to_pick,-641.727,-744.559,1106.298,0.128,-18.617,-88.985,-131.647,-30.479,-128.641,61.197,-14.403,-101.569,0.197,-1.439,0.258,2.551,0.918,-2.493,-0.01,2.91,-1.28,-0.31,0.28,-0.06,-0.126,1.819,-0.365,-3.138,-1.163,3.171,,
2026-01-27 20:44:30.628,approach_feeder_to_pick,-641.68,-744.783,1105.077,0.115,-18.588,-88.988,-131.634,-30.574,-128.624,61.365,-14.343,-101.733,0.18,-1.316,0.236,2.333,0.84,-2.28,0.01,3.01,-1.35,-0.26,0.33,0.03,-0.127,1.738,-0.347,-3.004,-1.111,3.03,,
2026-01-27 20:44:30.731,approach_feeder_to_pick,-641.637,-744.978,1104.008,0.104,-18.563,-88.991,-131.623,-30.657,-128.609,61.512,-14.29,-101.876,0.163,-1.194,0.214,2.117,0.762,-2.069,0.04,3.08,-1.31,-0.26,0.21,0.04,-0.13,1.683,-0.333,-2.914,-1.076,2.932,,
2026-01-27 20:44:30.832,approach_feeder_to_pick,-641.6,-745.147,1103.07,0.095,-18.54,-88.994,-131.613,-30.729,-128.596,61.641,-14.244,-102.002,0.147,-1.077,0.193,1.909,0.687,-1.866,0.08,2.99,-1.22,-0.31,0.3,0.02,-0.131,1.617,-0.318,-2.804,-1.033,2.816,,
2026-01-27 20:44:30.934,approach_feeder_to_pick,-641.564,-745.3,1102.217,0.086,-18.52,-88.996,-131.604,-30.795,-128.584,61.758,-14.202,-102.117,0.133,-0.973,0.174,1.725,0.621,-1.686,-0.05,3.0,-1.26,-0.33,0.34,-0.09,-0.127,1.521,-0.298,-2.64,-0.972,2.648,,
2026-01-27 20:44:31.037,approach_feeder_to_pick,-641.531,-745.444,1101.415,0.078,-18.5,-88.998,-131.595,-30.857,-128.573,61.868,-14.162,-102.224,0.121,-0.885,0.158,1.569,0.565,-1.533,-0.04,3.08,-1.27,-0.29,0.27,0.04,-0.12,1.408,-0.275,-2.446,-0.9,2.452,,
2026-01-27 20:44:31.138,approach_feeder_to_pick,-641.502,-745.564,1100.735,0.07,-18.483,-89.0,-131.588,-30.91,-128.564,61.961,-14.128,-102.315,0.109,-0.795,0.142,1.41,0.508,-1.378,0.01,3.02,-1.33,-0.24,0.38,0.03,-0.121,1.363,-0.265,-2.37,-0.871,2.372,,
2026-01-27 20:44:31.241,approach_feeder_to_pick,-641.475,-745.678,1100.093,0.064,-18.468,-89.002,-131.581,-30.96,-128.555,62.05,-14.097,-102.401,0.099,-0.721,0.129,1.278,0.46,-1.249,0.02,3.07,-1.24,-0.24,0.32,-0.01,-0.113,1.255,-0.244,-2.184,-0.802,2.185,waypoint,
2026-01-27 20:44:31.342,pick_on_feeder,-641.451,-745.774,1099.549,0.058,-18.454,-89.003,-131.576,-31.002,-128.547,62.124,-14.07,-102.474,0.088,-0.646,0.116,1.145,0.412,-1.119,-0.04,3.08,-1.32,-0.24,0.35,0.01,-0.112,1.206,-0.233,-2.1,-0.77,2.098,,
2026-01-27 20:44:31.447,pick_on_feeder,-641.427,-745.871,1098.995,0.052,-18.44,-89.005,-131.57,-31.045,-128.54,62.2,-14.043,-102.548,0.081,-0.591,0.106,1.048,0.377,-1.024,0.06,3.19,-1.33,-0.25,0.3,-0.02,-0.1,1.078,-0.208,-1.878,-0.689,1.876,,
2026-01-27 20:44:31.548,pick_on_feeder,-641.405,-745.955,1098.51,0.047,-18.428,-89.006,-131.565,-31.082,-128.533,62.267,-14.019,-102.613,0.074,-0.537,0.096,0.952,0.343,-0.931,0.01,3.02,-1.25,-0.25,0.3,0.1,-0.097,1.023,-0.197,-1.784,-0.654,1.78,,
2026-01-27 20:44:31.652,pick_on_feeder,-641.385,-746.035,1098.054,0.042,-18.417,-89.008,-131.56,-31.117,-128.527,62.329,-13.996,-102.675,0.067,-0.491,0.088,0.871,0.313,-0.851,-0.03,3.13,-1.3,-0.21,0.36,-0.03,-0.09,0.943,-0.181,-1.645,-0.603,1.641,,
2026-01-27 20:44:31.754,pick_on_feeder,-641.367,-746.107,1097.64,0.038,-18.406,-89.009,-131.555,-31.149,-128.521,62.386,-13.976,-102.73,0.061,-0.448,0.08,0.795,0.286,-0.777,0.04,3.11,-1.25,-0.24,0.32,0.06,-0.086,0.882,-0.169,-1.539,-0.563,1.534,,
2026-01-27 20:44:31.858,pick_on_feeder,-641.35,-746.172,1097.265,0.034,-18.397,-89.01,-131.551,-31.178,-128.516,62.437,-13.957,-102.78,0.056,-0.409,0.073,0.725,0.261,-0.708,0.06,3.02,-1.24,-0.27,0.3,0.03,-0.081,0.824,-0.158,-1.438,-0.526,1.432,,
2026-01-27 20:44:31.960,pick_on_feeder,-641.334,-746.23,1096.925,0.031,-18.388,-89.011,-131.548,-31.205,-128.511,62.484,-13.94,-102.826,0.051,-0.372,0.067,0.66,0.238,-0.645,0.06,3.05,-1.16,-0.3,0.2,0.04,-0.077,0.768,-0.147,-1.343,-0.491,1.336,,
2026-01-27 20:44:32.063,pick_on_feeder,-641.32,-746.283,1096.616,0.027,-18.38,-89.011,-131.544,-31.228,-128.507,62.526,-13.925,-102.867,0.046,-0.339,0.061,0.6,0.216,-0.587,-0.05,3.14,-1.19,-0.23,0.26,0.0,-0.073,0.716,-0.136,-1.252,-0.457,1.245,,
2026-01-27 20:44:32.163,pick_on_feeder,-641.307,-746.331,1096.337,0.024,-18.373,-89.012,-131.542,-31.25,-128.503,62.564,-13.911,-102.904,0.042,-0.308,0.055,0.546,0.197,-0.534,-0.1,3.02,-1.19,-0.25,0.28,-0.07,-0.068,0.667,-0.127,-1.166,-0.426,1.159,,
2026-01-27 20:44:32.265,pick_on_feeder,-641.295,-746.375,1096.083,0.022,-18.367,-89.013,-131.539,-31.27,-128.499,62.599,-13.899,-102.938,0.038,-0.28,0.05,0.496,0.179,-0.485,-0.06,3.15,-1.24,-0.15,0.29,0.05,-0.064,0.62,-0.118,-1.085,-0.396,1.078,,
2026-01-27 20:44:32.367,pick_on_feeder,-641.285,-746.414,1095.854,0.019,-18.361,-89.014,-131.536,-31.287,-128.496,62.63,-13.888,-102.969,0.035,-0.254,0.046,0.451,0.162,-0.44,0.1,3.16,-1.2,-0.24,0.25,0.03,-0.06,0.577,-0.109,-1.009,-0.368,1.002,,
2026-01-27 20:44:32.469,pick_on_feeder,-641.275,-746.451,1095.638,0.017,-18.355,-89.014,-131.534,-31.304,-128.493,62.66,-13.877,-102.998,0.032,-0.232,0.042,0.412,0.148,-0.402,0.04,3.13,-1.27,-0.24,0.32,-0.01,-0.056,0.53,-0.1,-0.928,-0.339,0.921,,
2026-01-27 20:44:32.570,pick_on_feeder,-641.266,-746.484,1095.444,0.015,-18.35,-89.015,-131.532,-31.319,-128.491,62.686,-13.867,-103.024,0.029,-0.212,0.038,0.375,0.135,-0.367,-0.01,3.16,-1.27,-0.25,0.27,0.12,-0.053,0.493,-0.093,-0.864,-0.315,0.857,,
2026-01-27 20:44:32.670,pick_on_feeder,-641.258,-746.513,1095.274,0.013,-18.346,-89.015,-131.53,-31.332,-128.488,62.71,-13.859,-103.046,0.026,-0.192,0.034,0.34,0.122,-0.332,-0.04,3.16,-1.22,-0.18,0.25,0.05,-0.05,0.463,-0.087,-0.811,-0.296,0.804,,
2026-01-27 20:44:32.773,pick_on_feeder,-641.25,-746.539,1095.12,0.012,-18.342,-89.016,-131.529,-31.344,-128.486,62.731,-13.851,-103.067,0.024,-0.173,0.031,0.307,0.111,-0.3,0.04,3.08,-1.32,-0.35,0.36,0.04,-0.047,0.429,-0.081,-0.752,-0.274,0.745,,
2026-01-27 20:44:32.874,pick_on_feeder,-641.244,-746.563,1094.98,0.01,-18.338,-89.016,-131.527,-31.355,-128.484,62.75,-13.845,-103.086,0.021,-0.157,0.028,0.278,0.1,-0.272,0.05,3.14,-1.28,-0.18,0.24,0.01,-0.043,0.397,-0.075,-0.696,-0.254,0.69,,
2026-01-27 20:44:32.977,pick_on_feeder,-641.238,-746.584,1094.854,0.009,-18.335,-89.016,-131.526,-31.364,-128.483,62.767,-13.838,-103.103,0.019,-0.142,0.025,0.252,0.091,-0.246,-0.01,3.06,-1.22,-0.18,0.13,0.14,-0.04,0.367,-0.069,-0.644,-0.235,0.638,,
2026-01-27 20:44:33.077,pick_on_feeder,-641.233,-746.603,1094.743,0.008,-18.332,-89.017,-131.525,-31.373,-128.481,62.782,-13.833,-103.117,0.018,-0.128,0.023,0.227,0.082,-0.222,0.03,3.19,-1.27,-0.3,0.32,0.01,-0.038,0.343,-0.064,-0.601,-0.219,0.595,,
2026-01-27 20:44:33.180,pick_on_feeder,-641.228,-746.621,1094.638,0.007,-18.329,-89.017,-131.524,-31.381,-128.48,62.797,-13.828,-103.131,0.016,-0.116,0.021,0.206,0.074,-0.201,-0.01,3.14,-1.22,-0.28,0.23,0.02,-0.035,0.314,-0.059,-0.55,-0.2,0.545,,
2026-01-27 20:44:33.281,pick_on_feeder,-641.223,-746.637,1094.541,0.006,-18.327,-89.017,-131.523,-31.389,-128.478,62.81,-13.823,-103.144,0.015,-0.106,0.019,0.188,0.068,-0.184,-0.01,3.16,-1.21,-0.29,0.37,-0.02,-0.032,0.287,-0.054,-0.504,-0.183,0.499,,
2026-01-27 20:44:33.384,pick_on_feeder,-641.219,-746.652,1094.455,0.005,-18.324,-89.017,-131.522,-31.395,-128.477,62.822,-13.819,-103.156,0.013,-0.096,0.017,0.17,0.061,-0.166,-0.1,3.15,-1.16,-0.26,0.36,-0.05,-0.03,0.268,-0.05,-0.471,-0.171,0.465,,
2026-01-27 20:44:33.485,pick_on_feeder,-641.215,-746.665,1094.378,0.004,-18.322,-89.018,-131.521,-31.401,-128.476,62.832,-13.815,-103.166,0.012,-0.087,0.016,0.154,0.055,-0.151,0.03,3.14,-1.17,-0.31,0.3,0.01,-0.028,0.247,-0.046,-0.435,-0.158,0.43,,
2026-01-27 20:44:33.588,pick_on_feeder,-641.212,-746.677,1094.305,0.003,-18.32,-89.018,-131.52,-31.407,-128.475,62.842,-13.811,-103.176,0.011,-0.079,0.014,0.14,0.051,-0.137,0.04,3.19,-1.22,-0.25,0.25,0.04,-0.026,0.226,-0.042,-0.398,-0.145,0.393,,
2026-01-27 20:44:33.891,pick_on_feeder,-641.203,-746.707,1094.13,0.001,-18.316,-89.018,-131.518,-31.42,-128.473,62.866,-13.803,-103.199,0.008,-0.059,0.011,0.104,0.038,-0.102,-0.06,3.18,-1.17,-0.34,0.39,0.03,-0.021,0.179,-0.033,-0.315,-0.115,0.311,,
2026-01-27 20:44:34.199,pick_on_feeder,-641.197,-746.729,1093.999,-0.0,-18.312,-89.019,-131.517,-31.43,-128.471,62.884,-13.796,-103.217,0.006,-0.044,0.008,0.078,0.028,-0.076,-0.1,3.08,-1.3,-0.24,0.34,-0.0,-0.016,0.139,-0.026,-0.245,-0.089,0.242,,
2026-01-27 20:44:34.505,pick_on_feeder,-641.193,-746.745,1093.903,-0.001,-18.31,-89.019,-131.516,-31.438,-128.469,62.897,-13.792,-103.23,0.004,-0.033,0.006,0.058,0.021,-0.056,-0.02,3.12,-1.19,-0.21,0.25,-0.07,-0.013,0.109,-0.02,-0.192,-0.07,0.19,,
2026-01-27 20:44:34.807,pick_on_feeder,-641.189,-746.756,1093.835,-0.002,-18.308,-89.019,-131.515,-31.443,-128.468,62.907,-13.788,-103.239,0.003,-0.024,0.004,0.042,0.015,-0.041,-0.11,3.18,-1.22,-0.23,0.43,-0.01,-0.01,0.085,-0.016,-0.15,-0.054,0.147,,
2026-01-27 20:44:35.215,pick_on_feeder,-641.186,-746.768,1093.767,-0.003,-18.306,-89.019,-131.514,-31.448,-128.467,62.916,-13.785,-103.248,0.002,-0.016,0.003,0.029,0.01,-0.028,0.01,3.09,-1.25,-0.2,0.33,-0.04,-0.007,0.06,-0.011,-0.106,-0.038,0.104,,
2026-01-27 20:44:35.522,pick_on_feeder,-641.184,-746.773,1093.735,-0.003,-18.305,-89.019,-131.514,-31.451,-128.467,62.92,-13.783,-103.252,0.002,-0.011,0.002,0.02,0.007,-0.019,0.02,3.06,-1.22,-0.23,0.32,-0.02,-0.006,0.05,-0.009,-0.087,-0.032,0.086,,
2026-01-27 20:44:35.826,pick_on_feeder,-641.183,-746.777,1093.71,-0.003,-18.305,-89.02,-131.514,-31.453,-128.467,62.924,-13.782,-103.255,0.001,-0.009,0.002,0.015,0.005,-0.015,0.08,3.05,-1.13,-0.27,0.36,0.06,-0.004,0.035,-0.006,-0.062,-0.022,0.061,,
2026-01-27 20:44:36.132,pick_on_feeder,-641.182,-746.781,1093.689,-0.003,-18.304,-89.02,-131.514,-31.454,-128.466,62.927,-13.781,-103.258,0.001,-0.007,0.001,0.012,0.004,-0.012,0.03,3.06,-1.21,-0.21,0.35,0.02,-0.003,0.027,-0.005,-0.047,-0.017,0.047,,
2026-01-27 20:44:36.536,pick_on_feeder,-641.181,-746.784,1093.669,-0.004,-18.304,-89.02,-131.513,-31.456,-128.466,62.929,-13.78,-103.261,0.001,-0.005,0.001,0.008,0.003,-0.008,0.02,3.16,-1.23,-0.21,0.22,0.07,-0.002,0.019,-0.003,-0.033,-0.012,0.033,,
2026-01-27 20:44:36.639,pick_to_retreat_feeder,-641.529,-746.022,1097.651,0.031,-18.406,-89.003,-131.566,-31.15,-128.518,62.379,-13.974,-102.738,-0.13,0.761,-0.128,-1.369,-0.483,1.301,0.18,3.24,-1.25,-0.27,0.27,0.02,-0.525,3.077,-0.519,-5.535,-1.956,5.262,,
2026-01-27 20:44:36.740,pick_to_retreat_feeder,-643.095,-741.866,1117.622,0.205,-18.861,-88.955,-131.83,-29.609,-128.778,59.601,-14.955,-100.066,-0.759,4.423,-0.747,-7.973,-2.814,7.657,0.03,2.74,-1.44,-0.29,0.4,0.08,-2.595,15.122,-2.556,-27.267,-9.621,26.235,,
2026-01-27 20:44:36.843,pick_to_retreat_feeder,-644.198,-737.827,1134.987,0.341,-19.176,-88.914,-132.062,-28.258,-129.006,57.165,-15.814,-97.723,-1.149,6.694,-1.131,-12.069,-4.259,11.6,0.03,2.43,-1.56,-0.31,0.29,0.02,-2.009,11.71,-1.979,-21.114,-7.45,20.316,,
2026-01-27 20:44:36.943,pick_to_retreat_feeder,-644.986,-733.839,1150.657,0.448,-19.396,-88.88,-132.273,-27.03,-129.214,54.95,-16.596,-95.592,-1.389,8.093,-1.367,-14.59,-5.148,14.027,0.11,2.16,-1.68,-0.34,0.34,0.0,-1.599,9.316,-1.575,-16.799,-5.928,16.163,,
2026-01-27 20:44:37.045,pick_to_retreat_feeder,-645.527,-729.956,1164.8,0.528,-19.541,-88.852,-132.465,-25.912,-129.403,52.935,-17.307,-93.654,-1.521,8.863,-1.498,-15.98,-5.639,15.366,0.05,1.88,-1.82,-0.31,0.28,0.04,-1.248,7.273,-1.229,-13.114,-4.627,12.618,,
2026-01-27 20:44:37.146,pick_to_retreat_feeder,-645.878,-726.218,1177.569,0.585,-19.628,-88.831,-132.639,-24.896,-129.575,51.102,-17.954,-91.891,-1.577,9.188,-1.553,-16.567,-5.846,15.931,0.09,1.62,-1.91,-0.33,0.33,0.02,-0.95,5.535,-0.935,-9.979,-3.521,9.603,,
2026-01-27 20:44:37.250,pick_to_retreat_feeder,-646.081,-722.649,1189.102,0.623,-19.671,-88.815,-132.798,-23.971,-129.731,49.435,-18.542,-90.288,-1.579,9.202,-1.555,-16.592,-5.855,15.956,0.08,1.43,-2.01,-0.43,0.26,0.04,-0.697,4.061,-0.687,-7.323,-2.584,7.047,,
2026-01-27 20:44:37.351,pick_to_retreat_feeder,-646.172,-719.148,1199.875,0.645,-19.68,-88.804,-132.947,-23.102,-129.878,47.868,-19.095,-88.78,-1.558,9.075,-1.534,-16.363,-5.774,15.736,0.03,1.22,-2.06,-0.37,0.16,0.15,-0.532,3.105,-0.525,-5.598,-1.975,5.387,,
2026-01-27 20:44:37.452,pick_to_retreat_feeder,-646.174,-715.967,1209.259,0.652,-19.663,-88.797,-133.078,-22.34,-130.007,46.494,-19.58,-87.459,-1.495,8.712,-1.472,-15.707,-5.543,15.106,0.13,1.06,-2.09,-0.41,0.12,0.05,-0.295,1.722,-0.291,-3.104,-1.095,2.988,,
2026-01-27 20:44:37.553,pick_to_retreat_feeder,-646.11,-712.88,1218.033,0.649,-19.626,-88.795,-133.201,-21.623,-130.128,45.202,-20.036,-86.216,-1.429,8.326,-1.407,-15.011,-5.297,14.437,-0.05,0.88,-2.17,-0.39,0.09,0.11,-0.188,1.096,-0.185,-1.975,-0.697,1.902,,
2026-01-27 20:44:37.654,pick_to_retreat_feeder,-646.003,-710.099,1225.682,0.638,-19.578,-88.796,-133.309,-20.995,-130.234,44.069,-20.435,-85.126,-1.341,7.815,-1.321,-14.091,-4.972,13.551,-0.01,0.75,-2.32,-0.45,0.11,0.03,-0.017,0.102,-0.017,-0.184,-0.065,0.178,,
2026-01-27 20:44:37.755,pick_to_retreat_feeder,-645.858,-707.421,1232.839,0.619,-19.519,-88.799,-133.41,-20.404,-130.334,43.003,-20.811,-84.102,-1.259,7.338,-1.24,-13.231,-4.669,12.725,0.05,0.72,-2.23,-0.34,0.07,0.01,0.049,-0.283,0.048,0.509,0.18,-0.489,,
2026-01-27 20:44:37.858,pick_to_retreat_feeder,-645.696,-705.024,1239.084,0.597,-19.456,-88.805,-133.499,-19.886,-130.421,42.069,-21.141,-83.204,-1.167,6.799,-1.149,-12.258,-4.326,11.789,0.12,0.53,-2.28,-0.27,-0.05,-0.03,0.169,-0.983,0.166,1.773,0.625,-1.704,,
2026-01-27 20:44:37.961,pick_to_retreat_feeder,-645.515,-702.728,1244.932,0.57,-19.388,-88.812,-133.582,-19.399,-130.504,41.191,-21.451,-82.359,-1.084,6.317,-1.067,-11.39,-4.019,10.953,0.04,0.52,-2.34,-0.38,-0.08,0.1,0.205,-1.193,0.202,2.152,0.759,-2.069,,
2026-01-27 20:44:38.063,pick_to_retreat_feeder,-645.334,-700.682,1250.037,0.542,-19.321,-88.82,-133.656,-18.972,-130.576,40.421,-21.722,-81.618,-0.996,5.805,-0.981,-10.467,-3.693,10.066,-0.02,0.33,-2.32,-0.28,-0.18,-0.01,0.288,-1.675,0.283,3.02,1.066,-2.904,,
2026-01-27 20:44:38.163,pick_to_retreat_feeder,-645.15,-698.795,1254.664,0.513,-19.255,-88.829,-133.722,-18.583,-130.641,39.721,-21.97,-80.945,-0.914,5.325,-0.9,-9.601,-3.388,9.233,0.02,0.32,-2.31,-0.39,-0.16,0.08,0.325,-1.894,0.32,3.415,1.205,-3.284,,
2026-01-27 20:44:38.267,pick_to_retreat_feeder,-644.961,-696.998,1259.001,0.482,-19.187,-88.839,-133.785,-18.218,-130.703,39.062,-22.202,-80.312,-0.842,4.907,-0.829,-8.847,-3.122,8.508,0.09,0.3,-2.37,-0.36,-0.26,0.03,0.332,-1.936,0.327,3.49,1.232,-3.357,,
2026-01-27 20:44:38.369,pick_to_retreat_feeder,-644.776,-695.35,1262.919,0.451,-19.122,-88.849,-133.842,-17.887,-130.759,38.465,-22.413,-79.738,-0.774,4.508,-0.762,-8.128,-2.868,7.816,0.02,0.25,-2.4,-0.44,-0.23,0.01,0.358,-2.084,0.352,3.758,1.326,-3.614,,
2026-01-27 20:44:38.471,pick_to_retreat_feeder,-644.604,-693.89,1266.345,0.422,-19.062,-88.859,-133.892,-17.597,-130.808,37.942,-22.597,-79.234,-0.705,4.107,-0.694,-7.404,-2.613,7.12,0.0,0.07,-2.38,-0.41,-0.29,0.01,0.392,-2.284,0.386,4.118,1.453,-3.96,,
2026-01-27 20:44:38.572,pick_to_retreat_feeder,-644.433,-692.505,1269.558,0.392,-19.002,-88.869,-133.939,-17.324,-130.854,37.45,-22.771,-78.761,-0.646,3.762,-0.636,-6.784,-2.394,6.523,0.0,0.03,-2.39,-0.32,-0.24,0.04,0.383,-2.229,0.377,4.018,1.418,-3.864,,
2026-01-27 20:44:38.673,pick_to_retreat_feeder,-644.282,-691.323,1272.272,0.366,-18.95,-88.878,-133.978,-17.093,-130.893,37.033,-22.918,-78.361,-0.583,3.4,-0.574,-6.129,-2.163,5.894,-0.04,0.05,-2.47,-0.39,-0.44,-0.03,0.416,-2.424,0.41,4.371,1.542,-4.203,,
2026-01-27 20:44:38.773,pick_to_retreat_feeder,-644.133,-690.199,1274.831,0.34,-18.899,-88.887,-134.016,-16.874,-130.93,36.639,-23.057,-77.982,-0.531,3.096,-0.523,-5.581,-1.969,5.367,0.02,0.01,-2.51,-0.42,-0.39,0.06,0.396,-2.309,0.39,4.163,1.469,-4.004,,
2026-01-27 20:44:38.876,pick_to_retreat_feeder,-643.993,-689.169,1277.154,0.314,-18.851,-88.896,-134.05,-16.676,-130.964,36.281,-23.183,-77.638,-0.484,2.818,-0.476,-5.081,-1.793,4.886,-0.04,-0.03,-2.52,-0.39,-0.36,0.0,0.391,-2.276,0.385,4.103,1.448,-3.946,,
2026-01-27 20:44:38.977,pick_to_retreat_feeder,-643.858,-688.195,1279.335,0.29,-18.805,-88.905,-134.082,-16.489,-130.995,35.944,-23.302,-77.314,-0.443,2.581,-0.436,-4.653,-1.642,4.474,0.02,-0.0,-2.35,-0.45,-0.35,-0.03,0.372,-2.167,0.366,3.906,1.378,-3.757,,
2026-01-27 20:44:39.079,pick_to_retreat_feeder,-643.736,-687.337,1281.243,0.268,-18.764,-88.913,-134.11,-16.325,-131.023,35.649,-23.406,-77.03,-0.402,2.345,-0.396,-4.228,-1.492,4.065,0.01,-0.03,-2.39,-0.36,-0.29,0.17,0.374,-2.18,0.368,3.931,1.387,-3.781,,
2026-01-27 20:44:39.179,pick_to_retreat_feeder,-643.619,-686.526,1283.036,0.246,-18.724,-88.921,-134.136,-16.171,-131.049,35.372,-23.504,-76.763,-0.368,2.144,-0.362,-3.865,-1.364,3.716,0.01,-0.12,-2.38,-0.28,-0.44,0.0,0.354,-2.06,0.348,3.714,1.31,-3.572,,
2026-01-27 20:44:39.280,pick_to_retreat_feeder,-643.51,-685.788,1284.658,0.226,-18.687,-88.928,-134.16,-16.032,-131.073,35.12,-23.593,-76.521,-0.336,1.957,-0.331,-3.528,-1.245,3.392,-0.01,-0.13,-2.52,-0.34,-0.48,0.03,0.343,-1.998,0.338,3.602,1.271,-3.464,,
2026-01-27 20:44:39.381,pick_to_retreat_feeder,-643.409,-685.116,1286.126,0.207,-18.654,-88.935,-134.182,-15.905,-131.094,34.892,-23.674,-76.302,-0.306,1.784,-0.301,-3.216,-1.135,3.092,0.01,-0.18,-2.47,-0.3,-0.46,0.03,0.331,-1.929,0.326,3.478,1.227,-3.344,,
2026-01-27 20:44:39.482,pick_to_retreat_feeder,-643.317,-684.505,1287.456,0.19,-18.622,-88.942,-134.202,-15.79,-131.113,34.685,-23.747,-76.103,-0.279,1.625,-0.275,-2.929,-1.034,2.816,-0.08,-0.18,-2.41,-0.34,-0.43,0.01,0.318,-1.854,0.313,3.343,1.18,-3.215,,
2026-01-27 20:44:39.584,pick_to_retreat_feeder,-643.231,-683.949,1288.66,0.174,-18.594,-88.948,-134.22,-15.686,-131.131,34.498,-23.813,-75.923,-0.254,1.478,-0.25,-2.665,-0.941,2.563,0.0,-0.14,-2.43,-0.35,-0.54,0.05,0.305,-1.776,0.3,3.202,1.13,-3.08,,
2026-01-27 20:44:39.686,pick_to_retreat_feeder,-643.153,-683.444,1289.75,0.159,-18.568,-88.953,-134.236,-15.592,-131.147,34.328,-23.873,-75.759,-0.231,1.344,-0.227,-2.424,-0.855,2.33,-0.13,-0.19,-2.44,-0.43,-0.64,-0.06,0.291,-1.696,0.287,3.057,1.079,-2.94,,
2026-01-27 20:44:39.787,pick_to_retreat_feeder,-643.081,-682.985,1290.738,0.146,-18.544,-88.959,-134.25,-15.507,-131.161,34.174,-23.927,-75.611,-0.21,1.222,-0.206,-2.203,-0.777,2.118,0.0,-0.15,-2.4,-0.35,-0.44,0.01,0.277,-1.614,0.273,2.911,1.027,-2.799,,
2026-01-27 20:44:39.887,pick_to_retreat_feeder,-643.018,-682.582,1291.603,0.134,-18.523,-88.963,-134.263,-15.432,-131.174,34.039,-23.975,-75.482,-0.189,1.104,-0.186,-1.99,-0.702,1.913,-0.01,-0.27,-2.46,-0.31,-0.42,0.05,0.267,-1.558,0.263,2.81,0.991,-2.702,,
2026-01-27 20:44:39.988,pick_to_retreat_feeder,-642.957,-682.202,1292.415,0.122,-18.502,-88.968,-134.275,-15.362,-131.186,33.912,-24.019,-75.36,-0.172,1.004,-0.17,-1.81,-0.639,1.74,0.01,-0.26,-2.47,-0.31,-0.48,-0.06,0.248,-1.447,0.245,2.609,0.921,-2.509,,
2026-01-27 20:44:40.091,pick_to_retreat_feeder,-642.904,-681.868,1293.127,0.112,-18.485,-88.971,-134.286,-15.3,-131.196,33.8,-24.059,-75.253,-0.156,0.907,-0.153,-1.635,-0.577,1.572,0.04,-0.25,-2.5,-0.35,-0.51,-0.0,0.238,-1.389,0.235,2.505,0.884,-2.409,,
2026-01-27 20:44:40.193,pick_to_retreat_feeder,-642.852,-681.543,1293.819,0.102,-18.467,-88.975,-134.296,-15.24,-131.206,33.692,-24.097,-75.149,-0.142,0.83,-0.14,-1.497,-0.528,1.439,0.0,-0.25,-2.42,-0.34,-0.39,-0.03,0.218,-1.268,0.214,2.286,0.807,-2.199,,
2026-01-27 20:44:40.295,pick_to_retreat_feeder,-642.806,-681.258,1294.423,0.093,-18.452,-88.979,-134.305,-15.187,-131.215,33.598,-24.13,-75.058,-0.129,0.754,-0.127,-1.359,-0.48,1.307,0.02,-0.18,-2.5,-0.29,-0.47,0.05,0.209,-1.216,0.206,2.193,0.774,-2.109,waypoint,
2026-01-27 20:44:40.398,pick_to_retreat_feeder,-621.116,-689.779,1306.5,0.831,-18.316,-88.826,-132.993,-13.94,-131.658,32.595,-25.197,-72.861,3.184,3.684,-1.204,-3.527,-3.027,6.472,0.06,-1.02,-2.69,-0.28,-0.4,0.01,13.403,10.855,-4.158,-7.111,-9.64,19.161,,
2026-01-27 20:44:40.500,pick_to_retreat_feeder,-552.608,-711.718,1341.492,3.01,-17.582,-88.4,-128.877,-10.146,-133.026,29.646,-28.466,-66.131,12.678,12.247,-4.321,-10.017,-10.443,21.679,0.13,-1.53,-2.99,-0.32,-0.17,-0.01,40.097,35.234,-12.985,-25.858,-30.697,62.575,,
2026-01-27 20:44:40.600,pick_to_retreat_feeder,-487.697,-725.204,1372.203,4.77,-16.469,-88.001,-125.006,-6.578,-134.312,26.873,-31.541,-59.802,19.186,18.105,-6.456,-14.446,-15.518,32.081,0.12,-2.2,-3.17,-0.31,-0.05,0.14,33.636,29.45,-10.872,-21.516,-25.68,52.308,,
2026-01-27 20:44:40.700,pick_to_retreat_feeder,-431.08,-731.453,1397.328,6.027,-15.205,-87.653,-121.613,-3.451,-135.439,24.441,-34.236,-54.254,22.873,21.398,-7.66,-16.912,-18.377,37.931,0.13,-2.73,-3.36,-0.32,-0.0,0.17,25.498,22.104,-8.198,-15.943,-19.32,39.269,,
2026-01-27 20:44:40.801,pick_to_retreat_feeder,-380.287,-732.767,1418.696,6.907,-13.864,-87.349,-118.526,-0.606,-136.464,22.23,-36.687,-49.208,24.87,23.16,-8.308,-18.212,-19.911,41.063,0.13,-3.16,-3.55,-0.27,-0.0,-0.01,19.877,17.064,-6.358,-12.149,-14.949,30.321,,
2026-01-27 20:44:40.902,pick_to_retreat_feeder,-334.996,-730.493,1436.891,7.472,-12.518,-87.093,-115.719,1.981,-137.397,20.219,-38.917,-44.619,25.67,23.839,-8.563,-18.687,-20.507,42.271,0.11,-3.59,-3.55,-0.2,0.04,0.18,15.097,12.783,-4.795,-8.933,-11.236,22.723,,
2026-01-27 20:44:41.003,pick_to_retreat_feeder,-294.781,-725.687,1452.405,7.782,-11.218,-86.89,-113.166,4.335,-138.245,18.39,-40.944,-40.445,25.635,23.762,-8.542,-18.588,-20.449,42.138,0.03,-4.06,-3.66,-0.2,0.05,0.14,11.048,9.164,-3.471,-6.22,-8.095,16.297,,
2026-01-27 20:44:41.105,pick_to_retreat_feeder,-259.175,-719.162,1465.658,7.89,-9.994,-86.74,-110.844,6.475,-139.016,16.727,-42.789,-36.649,25.032,23.172,-8.335,-18.1,-19.948,41.094,-0.02,-4.44,-3.78,-0.11,0.13,0.06,7.633,6.118,-2.357,-3.943,-5.451,10.89,,
2026-01-27 20:44:41.208,pick_to_retreat_feeder,-226.648,-711.252,1477.376,7.838,-8.823,-86.638,-108.66,8.488,-139.742,15.162,-44.523,-33.079,24.233,22.411,-8.065,-17.486,-19.297,39.746,-0.09,-4.53,-3.75,-0.09,-0.03,0.11,5.486,4.232,-1.662,-2.558,-3.807,7.539,,
2026-01-27 20:44:41.311,pick_to_retreat_feeder,-198.051,-702.678,1487.372,7.661,-7.76,-86.584,-106.681,10.312,-140.4,13.744,-46.095,-29.843,23.123,21.37,-7.693,-16.66,-18.403,37.899,-0.21,-4.85,-3.79,-0.1,-0.0,0.1,2.895,1.925,-0.817,-0.839,-1.804,3.444,,
2026-01-27 20:44:41.413,pick_to_retreat_feeder,-174.546,-694.43,1495.374,7.415,-6.868,-86.572,-105.005,11.857,-140.956,12.543,-47.426,-27.103,21.533,19.889,-7.162,-15.497,-17.13,35.274,-0.28,-5.21,-3.76,0.08,-0.08,0.04,-0.428,-1.063,0.273,1.419,0.786,-1.86,,
2026-01-27 20:44:41.513,pick_to_retreat_feeder,-152.971,-685.85,1502.545,7.102,-6.039,-86.593,-103.421,13.317,-141.482,11.409,-48.684,-24.514,20.108,18.566,-6.686,-14.459,-15.992,32.928,-0.21,-5.43,-3.75,0.02,-0.05,0.07,-1.31,-1.809,0.553,1.939,1.442,-3.186,,
2026-01-27 20:44:41.613,pick_to_retreat_feeder,-133.906,-677.416,1508.739,6.75,-5.302,-86.642,-101.981,14.644,-141.961,10.377,-49.828,-22.159,18.682,17.244,-6.211,-13.424,-14.854,30.582,-0.25,-5.59,-3.8,0.11,-0.09,0.06,-2.612,-2.949,0.973,2.772,2.436,-5.21,,
2026-01-27 20:44:41.715,pick_to_retreat_feeder,-117.046,-669.252,1514.104,6.376,-4.65,-86.711,-100.671,15.852,-142.396,9.438,-50.869,-20.018,17.287,15.951,-5.746,-12.414,-13.741,28.29,-0.31,-5.82,-3.88,0.16,-0.17,0.08,-3.654,-3.855,1.309,3.428,3.227,-6.82,,
2026-01-27 20:44:41.818,pick_to_retreat_feeder,-102.119,-661.44,1518.761,5.99,-4.076,-86.798,-99.48,16.95,-142.792,8.585,-51.815,-18.07,15.944,14.709,-5.299,-11.445,-12.672,26.087,-0.28,-5.98,-3.83,0.18,-0.22,0.03,-4.474,-4.562,1.572,3.935,3.846,-8.076,,
2026-01-27 20:44:41.920,pick_to_retreat_feeder,-88.443,-653.772,1522.949,5.589,-3.554,-86.899,-98.359,17.983,-143.164,7.782,-52.705,-16.239,14.759,13.614,-4.905,-10.59,-11.729,24.144,-0.39,-6.14,-3.77,0.07,-0.19,0.11,-4.736,-4.76,1.65,4.05,4.025,-8.429,,
2026-01-27 20:44:42.022,pick_to_retreat_feeder,-76.358,-646.567,1526.584,5.195,-3.099,-87.009,-97.344,18.919,-143.502,7.054,-53.511,-14.579,13.608,12.551,-4.522,-9.762,-10.813,22.258,-0.35,-6.29,-3.66,0.29,-0.35,-0.01,-5.311,-5.251,1.834,4.396,4.455,-9.3,,
2026-01-27 20:44:42.125,pick_to_retreat_feeder,-65.661,-639.836,1529.749,4.812,-2.702,-87.124,-96.423,19.767,-143.807,6.395,-54.243,-13.074,12.508,11.534,-4.156,-8.97,-9.938,20.456,-0.34,-6.31,-3.69,0.23,-0.19,0.07,-5.73,-5.601,1.966,4.637,4.764,-9.923,,
2026-01-27 20:44:42.228,pick_to_retreat_feeder,-56.181,-633.579,1532.51,4.445,-2.357,-87.241,-95.588,20.537,-144.085,5.797,-54.905,-11.71,11.467,10.574,-3.81,-8.223,-9.11,18.752,-0.43,-6.44,-3.78,0.36,-0.27,-0.02,-6.018,-5.835,2.056,4.79,4.972,-10.339,,
2026-01-27 20:44:42.329,pick_to_retreat_feeder,-48.04,-627.976,1534.847,4.108,-2.066,-87.353,-94.857,21.211,-144.328,5.273,-55.486,-10.514,10.429,9.616,-3.465,-7.477,-8.285,17.053,-0.25,-6.61,-3.73,0.32,-0.26,-0.01,-6.446,-6.2,2.192,5.049,5.292,-10.988,,
2026-01-27 20:44:42.429,pick_to_retreat_feeder,-40.531,-622.61,1536.973,3.778,-1.803,-87.467,-94.169,21.845,-144.556,4.78,-56.033,-9.39,9.542,8.797,-3.17,-6.84,-7.58,15.601,-0.37,-6.64,-3.75,0.39,-0.24,0.04,-6.237,-5.982,2.118,4.856,5.109,-10.602,,
2026-01-27 20:44:42.530,pick_to_retreat_feeder,-34.066,-617.834,1538.781,3.479,-1.581,-87.574,-93.566,22.401,-144.757,4.348,-56.512,-8.404,8.664,7.988,-2.879,-6.21,-6.883,14.165,-0.34,-6.68,-3.62,0.42,-0.29,0.07,-6.462,-6.166,2.188,4.978,5.272,-10.929,,
2026-01-27 20:44:42.631,pick_to_retreat_feeder,-28.281,-613.431,1540.38,3.199,-1.387,-87.677,-93.017,22.907,-144.939,3.955,-56.947,-7.507,7.869,7.255,-2.615,-5.64,-6.251,12.865,-0.26,-6.83,-3.58,0.37,-0.35,0.02,-6.362,-6.052,2.15,4.872,5.179,-10.728,,
2026-01-27 20:44:42.734,pick_to_retreat_feeder,-23.1,-609.381,1541.796,2.937,-1.217,-87.775,-92.518,23.366,-145.105,3.597,-57.344,-6.692,7.149,6.591,-2.375,-5.124,-5.679,11.688,-0.27,-6.96,-3.61,0.44,-0.4,0.03,-6.222,-5.905,2.1,4.74,5.055,-10.467,,
2026-01-27 20:44:42.835,pick_to_retreat_feeder,-18.611,-605.788,1543.011,2.703,-1.073,-87.865,-92.08,23.77,-145.25,3.283,-57.692,-5.975,6.458,5.953,-2.145,-4.628,-5.129,10.556,-0.27,-6.96,-3.56,0.47,-0.29,0.04,-6.206,-5.873,2.091,4.7,5.031,-10.411,,
2026-01-27 20:44:42.937,pick_to_retreat_feeder,-14.424,-602.364,1544.134,2.477,-0.941,-87.953,-91.666,24.152,-145.388,2.986,-58.021,-5.299,5.879,5.419,-1.953,-4.213,-4.669,9.609,-0.2,-6.87,-3.66,0.47,-0.36,0.01,-5.827,-5.509,1.963,4.404,4.72,-9.765,,
2026-01-27 20:44:43.040,pick_to_retreat_feeder,-10.535,-599.119,1545.167,2.261,-0.822,-88.039,-91.276,24.511,-145.517,2.707,-58.33,-4.662,5.383,4.962,-1.788,-3.857,-4.275,8.798,-0.2,-7.06,-3.56,0.43,-0.35,0.11,-5.491,-5.185,1.848,4.14,4.444,-9.192,,
2026-01-27 20:44:43.143,pick_to_retreat_feeder,-7.164,-596.255,1546.056,2.069,-0.721,-88.116,-90.935,24.826,-145.631,2.463,-58.601,-4.104,4.89,4.508,-1.625,-3.504,-3.884,7.993,-0.32,-7.06,-3.49,0.53,-0.34,-0.12,-5.422,-5.109,1.823,4.07,4.381,-9.058,,
2026-01-27 20:44:43.246,pick_to_retreat_feeder,-4.027,-593.544,1546.876,1.886,-0.628,-88.191,-90.614,25.122,-145.737,2.233,-58.856,-3.58,4.47,4.121,-1.485,-3.203,-3.551,7.307,-0.22,-7.09,-3.58,0.45,-0.31,-0.09,-5.083,-4.786,1.708,3.809,4.104,-8.485,,
2026-01-27 20:44:43.348,pick_to_retreat_feeder,-1.211,-591.075,1547.607,1.718,-0.547,-88.26,-90.323,25.39,-145.834,2.024,-59.087,-3.104,4.08,3.761,-1.356,-2.924,-3.241,6.669,-0.26,-7.14,-3.51,0.55,-0.25,0.01,-4.875,-4.584,1.637,3.643,3.933,-8.127,,
2026-01-27 20:44:43.448,pick_to_retreat_feeder,1.319,-588.825,1548.259,1.564,-0.476,-88.324,-90.059,25.633,-145.921,1.835,-59.297,-2.673,3.72,3.429,-1.236,-2.665,-2.954,6.08,-0.12,-7.05,-3.49,0.54,-0.27,0.13,-4.66,-4.377,1.564,3.474,3.756,-7.759,,
2026-01-27 20:44:43.549,pick_to_retreat_feeder,3.519,-586.845,1548.822,1.428,-0.415,-88.381,-89.828,25.846,-145.998,1.67,-59.481,-2.295,3.368,3.104,-1.119,-2.413,-2.675,5.504,-0.16,-7.16,-3.49,0.46,-0.26,0.08,-4.52,-4.239,1.516,3.36,3.638,-7.515,,
2026-01-27 20:44:43.649,pick_to_retreat_feeder,5.506,-585.037,1549.328,1.303,-0.36,-88.434,-89.618,26.04,-146.068,1.519,-59.648,-1.951,3.052,2.813,-1.014,-2.187,-2.424,4.988,-0.17,-7.16,-3.49,0.73,-0.29,-0.06,-4.277,-4.008,1.434,3.174,3.441,-7.106,,
2026-01-27 20:44:43.752,pick_to_retreat_feeder,7.301,-583.388,1549.783,1.189,-0.312,-88.483,-89.426,26.216,-146.132,1.382,-59.8,-1.639,2.767,2.551,-0.919,-1.983,-2.198,4.522,-0.17,-7.1,-3.53,0.57,-0.15,0.04,-4.04,-3.783,1.354,2.993,3.248,-6.706,,
2026-01-27 20:44:43.855,pick_to_retreat_feeder,8.978,-581.832,1550.206,1.081,-0.268,-88.529,-89.246,26.382,-146.191,1.253,-59.942,-1.345,2.525,2.327,-0.839,-1.809,-2.006,4.127,-0.1,-7.21,-3.46,0.65,-0.28,-0.04,-3.75,-3.509,1.256,2.775,3.014,-6.222,,
2026-01-27 20:44:43.956,pick_to_retreat_feeder,10.44,-580.465,1550.573,0.986,-0.23,-88.571,-89.089,26.528,-146.244,1.14,-60.068,-1.087,2.288,2.109,-0.76,-1.639,-1.817,3.739,-0.21,-7.23,-3.39,0.43,-0.3,0.06,-3.596,-3.363,1.204,2.656,2.888,-5.962,,
2026-01-27 20:44:44.058,pick_to_retreat_feeder,11.808,-579.176,1550.915,0.896,-0.195,-88.61,-88.94,26.664,-146.293,1.034,-60.185,-0.845,2.087,1.924,-0.693,-1.495,-1.657,3.41,-0.13,-7.32,-3.43,0.53,-0.33,-0.07,-3.331,-3.113,1.115,2.458,2.674,-5.52,,
2026-01-27 20:44:44.162,pick_to_retreat_feeder,13.002,-578.043,1551.212,0.816,-0.165,-88.644,-88.81,26.784,-146.336,0.94,-60.289,-0.632,1.89,1.742,-0.628,-1.354,-1.501,3.089,-0.14,-7.22,-3.5,0.58,-0.29,-0.04,-3.181,-2.971,1.064,2.343,2.552,-5.267,,
2026-01-27 20:44:44.264,pick_to_retreat_feeder,14.083,-577.012,1551.481,0.744,-0.138,-88.676,-88.692,26.893,-146.376,0.856,-60.383,-0.439,1.713,1.579,-0.569,-1.228,-1.361,2.8,-0.01,-7.19,-3.45,0.54,-0.3,0.02,-2.98,-2.782,0.997,2.193,2.39,-4.932,,
2026-01-27 20:44:44.366,pick_to_retreat_feeder,15.063,-576.072,1551.723,0.678,-0.114,-88.705,-88.585,26.992,-146.411,0.779,-60.468,-0.263,1.554,1.432,-0.516,-1.113,-1.234,2.539,-0.11,-7.24,-3.41,0.57,-0.25,0.02,-2.789,-2.602,0.933,2.051,2.236,-4.614,,
2026-01-27 20:44:44.467,pick_to_retreat_feeder,15.98,-575.186,1551.949,0.615,-0.092,-88.733,-88.483,27.085,-146.445,0.706,-60.548,-0.098,1.418,1.307,-0.471,-1.016,-1.126,2.318,-0.06,-7.19,-3.39,0.63,-0.29,0.01,-2.574,-2.401,0.861,1.892,2.064,-4.257,,
2026-01-27 20:44:44.568,pick_to_retreat_feeder,16.81,-574.383,1552.153,0.559,-0.072,-88.758,-88.392,27.17,-146.475,0.641,-60.621,0.052,1.293,1.192,-0.43,-0.926,-1.027,2.113,-0.09,-7.28,-3.48,0.53,-0.31,-0.02,-2.412,-2.248,0.806,1.77,1.932,-3.986,,
2026-01-27 20:44:44.668,pick_to_retreat_feeder,17.559,-573.653,1552.337,0.507,-0.054,-88.781,-88.309,27.247,-146.503,0.581,-60.687,0.188,1.177,1.085,-0.391,-0.844,-0.935,1.924,-0.04,-7.17,-3.45,0.6,-0.27,-0.02,-2.256,-2.103,0.754,1.655,1.807,-3.728,,
2026-01-27 20:44:44.771,pick_to_retreat_feeder,18.214,-573.013,1552.498,0.462,-0.038,-88.801,-88.236,27.314,-146.527,0.529,-60.745,0.307,1.065,0.982,-0.354,-0.763,-0.846,1.741,-0.11,-7.28,-3.45,0.52,-0.3,-0.04,-2.133,-1.987,0.713,1.563,1.708,-3.523,,
2026-01-27 20:44:44.873,pick_to_retreat_feeder,18.768,-572.47,1552.633,0.423,-0.025,-88.818,-88.174,27.371,-146.548,0.485,-60.794,0.408,0.953,0.879,-0.317,-0.683,-0.757,1.558,-0.03,-7.23,-3.46,0.58,-0.24,-0.02,-2.031,-1.891,0.678,1.486,1.625,-3.352,,
2026-01-27 20:44:44.975,pick_to_retreat_feeder,19.311,-571.936,1552.766,0.385,-0.013,-88.835,-88.113,27.427,-146.568,0.441,-60.842,0.507,0.867,0.799,-0.288,-0.621,-0.688,1.416,-0.01,-7.3,-3.36,0.58,-0.18,-0.05,-1.838,-1.711,0.614,1.345,1.471,-3.034,,
2026-01-27 20:44:45.077,pick_to_retreat_feeder,19.753,-571.5,1552.874,0.354,-0.002,-88.849,-88.064,27.472,-146.584,0.406,-60.882,0.588,0.774,0.713,-0.257,-0.554,-0.615,1.264,-0.06,-7.22,-3.44,0.48,-0.29,0.11,-1.766,-1.643,0.59,1.29,1.413,-2.913,waypoint,
2026-01-27 20:44:45.181,retreat_feeder_to_approach_machine,44.516,-569.674,1552.98,0.322,0.008,-86.421,-85.571,27.519,-146.601,0.369,-60.922,0.67,6.812,0.651,-0.235,-0.507,-0.561,1.155,-0.84,-8.06,-3.71,0.83,0.08,0.06,22.84,-1.47,0.525,1.151,1.264,-2.603,,
2026-01-27 20:44:45.284,retreat_feeder_to_approach_machine,122.579,-557.694,1553.072,0.292,0.019,-78.55,-77.64,27.562,-146.618,0.334,-60.959,0.748,24.938,0.597,-0.217,-0.467,-0.514,1.061,-1.48,-8.65,-3.93,1.01,0.23,-0.01,74.949,-1.354,0.479,1.054,1.165,-2.392,,
2026-01-27 20:44:45.384,retreat_feeder_to_approach_machine,189.045,-538.429,1553.152,0.265,0.027,-71.65,-70.686,27.6,-146.632,0.304,-60.992,0.817,36.087,0.543,-0.199,-0.427,-0.467,0.966,-1.67,-8.89,-4.08,1.1,0.27,-0.1,57.67,-1.273,0.451,0.991,1.095,-2.249,,
2026-01-27 20:44:45.487,retreat_feeder_to_approach_machine,248.96,-513.111,1553.227,0.24,0.036,-65.161,-64.147,27.636,-146.646,0.275,-61.023,0.881,43.413,0.496,-0.183,-0.392,-0.427,0.885,-2.0,-9.05,-3.99,1.15,0.34,0.01,47.761,-1.168,0.415,0.91,1.005,-2.064,,
2026-01-27 20:44:45.590,retreat_feeder_to_approach_machine,300.434,-484.417,1553.295,0.217,0.043,-59.279,-58.22,27.668,-146.658,0.249,-61.05,0.939,47.378,0.453,-0.168,-0.359,-0.39,0.81,-2.2,-9.07,-4.01,1.21,0.41,0.03,36.867,-1.085,0.386,0.846,0.933,-1.918,,
2026-01-27 20:44:45.693,retreat_feeder_to_approach_machine,345.674,-452.888,1553.358,0.196,0.05,-53.773,-52.671,27.699,-146.669,0.225,-61.077,0.993,49.406,0.416,-0.155,-0.33,-0.358,0.743,-2.26,-9.05,-4.06,1.12,0.38,0.01,29.395,-0.997,0.355,0.778,0.858,-1.763,,
2026-01-27 20:44:45.797,retreat_feeder_to_approach_machine,382.571,-421.848,1553.413,0.177,0.056,-48.957,-47.817,27.725,-146.679,0.204,-61.099,1.041,49.188,0.378,-0.141,-0.3,-0.326,0.677,-2.24,-8.99,-4.04,1.15,0.38,-0.03,19.504,-0.935,0.334,0.731,0.805,-1.655,,
2026-01-27 20:44:45.899,retreat_feeder_to_approach_machine,413.627,-391.118,1553.463,0.16,0.062,-44.591,-43.418,27.749,-146.688,0.184,-61.12,1.084,47.89,0.344,-0.128,-0.274,-0.296,0.615,-2.2,-8.86,-4.06,1.17,0.33,-0.04,13.012,-0.866,0.31,0.677,0.745,-1.534,,
2026-01-27 20:44:46.002,retreat_feeder_to_approach_machine,439.658,-361.29,1553.509,0.145,0.067,-40.634,-39.43,27.771,-146.697,0.167,-61.139,1.123,45.888,0.312,-0.117,-0.249,-0.269,0.559,-2.11,-8.69,-3.92,1.2,0.3,-0.07,7.595,-0.802,0.287,0.628,0.69,-1.421,,
2026-01-27 20:44:46.102,retreat_feeder_to_approach_machine,461.403,-332.757,1553.55,0.131,0.071,-37.047,-35.815,27.791,-146.704,0.151,-61.156,1.159,43.453,0.284,-0.106,-0.226,-0.244,0.508,-2.02,-8.68,-3.96,1.15,0.18,-0.06,3.104,-0.743,0.266,0.581,0.639,-1.316,,
2026-01-27 20:44:46.205,retreat_feeder_to_approach_machine,479.52,-305.764,1553.587,0.118,0.076,-33.795,-32.538,27.809,-146.711,0.137,-61.171,1.191,40.781,0.258,-0.097,-0.206,-0.222,0.462,-1.97,-8.56,-3.77,1.14,0.21,-0.11,-0.588,-0.687,0.247,0.538,0.591,-1.217,,
2026-01-27 20:44:46.306,retreat_feeder_to_approach_machine,494.58,-280.445,1553.62,0.107,0.079,-30.848,-29.568,27.825,-146.717,0.124,-61.185,1.22,38.011,0.234,-0.088,-0.187,-0.201,0.419,-1.82,-8.33,-3.8,1.14,0.11,-0.07,-3.595,-0.635,0.228,0.498,0.546,-1.126,,
2026-01-27 20:44:46.409,retreat_feeder_to_approach_machine,506.686,-257.638,1553.65,0.097,0.082,-28.264,-26.964,27.839,-146.722,0.112,-61.197,1.246,35.018,0.211,-0.079,-0.169,-0.181,0.378,-1.71,-8.31,-3.76,1.04,0.04,-0.03,-6.899,-0.591,0.213,0.464,0.509,-1.049,,
2026-01-27 20:44:46.512,retreat_feeder_to_approach_machine,517.112,-235.714,1553.677,0.087,0.085,-25.835,-24.516,27.853,-146.728,0.102,-61.209,1.27,32.385,0.192,-0.072,-0.153,-0.165,0.344,-1.59,-8.26,-3.73,1.01,-0.03,-0.06,-7.76,-0.541,0.195,0.424,0.465,-0.96,,
2026-01-27 20:44:46.613,retreat_feeder_to_approach_machine,525.473,-216.148,1553.701,0.079,0.088,-23.704,-22.369,27.864,-146.732,0.092,-61.219,1.291,29.655,0.173,-0.065,-0.138,-0.149,0.31,-1.47,-7.98,-3.62,0.93,-0.07,-0.08,-10.005,-0.503,0.182,0.395,0.433,-0.893,,
2026-01-27 20:44:46.715,retreat_feeder_to_approach_machine,532.661,-197.477,1553.724,0.071,0.091,-21.701,-20.351,27.875,-146.736,0.083,-61.229,1.311,27.288,0.157,-0.059,-0.126,-0.135,0.282,-1.32,-7.89,-3.59,0.96,-0.01,-0.07,-10.283,-0.46,0.166,0.361,0.396,-0.816,,
2026-01-27 20:44:46.818,retreat_feeder_to_approach_machine,537.076,-184.923,1553.739,0.066,0.092,-20.369,-19.008,27.883,-146.739,0.077,-61.235,1.324,23.823,0.136,-0.051,-0.109,-0.117,0.245,-1.4,-7.96,-3.57,0.88,-0.05,-0.01,-16.013,-0.451,0.164,0.355,0.388,-0.801,,
2026-01-27 20:44:46.918,retreat_feeder_to_approach_machine,540.922,-173.142,1553.753,0.061,0.094,-19.128,-17.757,27.89,-146.741,0.072,-61.241,1.336,20.994,0.119,-0.045,-0.096,-0.103,0.214,-1.25,-7.79,-3.55,0.95,-0.14,0.04,-15.334,-0.411,0.149,0.323,0.353,-0.73,,
2026-01-27 20:44:47.019,retreat_feeder_to_approach_machine,545.147,-159.074,1553.77,0.055,0.095,-17.657,-16.274,27.898,-146.745,0.065,-61.248,1.351,19.452,0.11,-0.041,-0.088,-0.094,0.197,-1.09,-7.84,-3.54,0.91,-0.05,-0.05,-11.48,-0.357,0.129,0.281,0.307,-0.634,,
2026-01-27 20:44:47.122,retreat_feeder_to_approach_machine,548.921,-145.231,1553.786,0.05,0.097,-16.219,-14.826,27.906,-146.748,0.059,-61.255,1.365,18.21,0.102,-0.039,-0.082,-0.088,0.183,-1.07,-7.71,-3.5,0.84,-0.12,-0.03,-10.674,-0.323,0.117,0.254,0.278,-0.574,,
2026-01-27 20:44:47.224,retreat_feeder_to_approach_machine,551.94,-133.021,1553.8,0.045,0.099,-14.959,-13.556,27.913,-146.75,0.054,-61.26,1.377,16.832,0.094,-0.035,-0.075,-0.081,0.169,-0.86,-7.71,-3.56,0.72,-0.05,-0.05,-11.393,-0.301,0.109,0.237,0.259,-0.534,,
2026-01-27 20:44:47.327,retreat_feeder_to_approach_machine,554.613,-121.103,1553.814,0.04,0.1,-13.735,-12.323,27.919,-146.753,0.048,-61.266,1.389,15.707,0.087,-0.033,-0.07,-0.075,0.157,-0.8,-7.58,-3.5,0.74,-0.14,-0.04,-10.619,-0.273,0.099,0.215,0.234,-0.485,,
2026-01-27 20:44:47.427,retreat_feeder_to_approach_machine,556.739,-110.634,1553.826,0.036,0.102,-12.665,-11.244,27.925,-146.755,0.043,-61.271,1.4,14.477,0.08,-0.03,-0.064,-0.069,0.144,-0.69,-7.57,-3.49,0.71,-0.16,0.03,-11.102,-0.254,0.092,0.2,0.218,-0.451,,
2026-01-27 20:44:47.528,retreat_feeder_to_approach_machine,558.497,-101.113,1553.837,0.032,0.103,-11.695,-10.266,27.931,-146.757,0.039,-61.276,1.41,13.303,0.074,-0.028,-0.059,-0.063,0.132,-0.76,-7.52,-3.51,0.71,-0.21,-0.02,-11.001,-0.234,0.085,0.184,0.201,-0.416,,
2026-01-27 20:44:47.631,retreat_feeder_to_approach_machine,559.949,-92.458,1553.847,0.028,0.104,-10.815,-9.38,27.935,-146.759,0.035,-61.28,1.418,12.193,0.067,-0.025,-0.054,-0.058,0.121,-0.68,-7.5,-3.52,0.72,-0.14,-0.03,-10.816,-0.216,0.079,0.17,0.185,-0.383,,
2026-01-27 20:44:47.733,retreat_feeder_to_approach_machine,561.187,-84.337,1553.857,0.025,0.105,-9.992,-8.55,27.94,-146.761,0.032,-61.284,1.426,11.219,0.062,-0.023,-0.05,-0.053,0.111,-0.63,-7.5,-3.5,0.76,-0.22,0.02,-10.301,-0.197,0.072,0.155,0.17,-0.351,,
2026-01-27 20:44:47.835,retreat_feeder_to_approach_machine,562.173,-77.22,1553.865,0.022,0.106,-9.272,-7.824,27.944,-146.762,0.028,-61.287,1.434,10.229,0.056,-0.021,-0.045,-0.048,0.101,-0.58,-7.46,-3.42,0.73,-0.16,0.03,-10.31,-0.183,0.067,0.144,0.157,-0.326,,
2026-01-27 20:44:47.935,retreat_feeder_to_approach_machine,562.989,-70.759,1553.872,0.02,0.107,-8.619,-7.166,27.947,-146.763,0.026,-61.291,1.44,9.316,0.051,-0.019,-0.041,-0.044,0.092,-0.46,-7.43,-3.42,0.77,-0.17,0.06,-9.958,-0.168,0.062,0.133,0.145,-0.3,,
2026-01-27 20:44:48.038,retreat_feeder_to_approach_machine,563.664,-64.894,1553.879,0.017,0.107,-8.027,-6.57,27.951,-146.765,0.023,-61.293,1.446,8.478,0.047,-0.018,-0.037,-0.04,0.084,-0.39,-7.48,-3.45,0.74,-0.28,0.01,-9.578,-0.155,0.057,0.122,0.133,-0.276,,
2026-01-27 20:44:48.141,retreat_feeder_to_approach_machine,564.224,-59.573,1553.885,0.015,0.108,-7.491,-6.029,27.954,-146.766,0.021,-61.296,1.451,7.71,0.042,-0.016,-0.034,-0.036,0.076,-0.44,-7.36,-3.43,0.73,-0.24,0.0,-9.178,-0.143,0.052,0.113,0.123,-0.254,,
2026-01-27 20:44:48.243,retreat_feeder_to_approach_machine,564.688,-54.746,1553.89,0.013,0.109,-7.004,-5.539,27.956,-146.767,0.018,-61.298,1.456,7.007,0.038,-0.015,-0.031,-0.033,0.069,-0.35,-7.42,-3.41,0.68,-0.17,-0.01,-8.766,-0.131,0.048,0.103,0.113,-0.233,,
2026-01-27 20:44:48.345,retreat_feeder_to_approach_machine,565.072,-50.367,1553.895,0.012,0.109,-6.564,-5.095,27.959,-146.768,0.017,-61.3,1.46,6.366,0.035,-0.013,-0.028,-0.03,0.063,-0.33,-7.34,-3.38,0.67,-0.16,-0.01,-8.348,-0.12,0.044,0.095,0.104,-0.215,,
2026-01-27 20:44:48.447,retreat_feeder_to_approach_machine,565.402,-46.266,1553.9,0.01,0.11,-6.151,-4.68,27.961,-146.769,0.015,-61.302,1.464,5.814,0.032,-0.012,-0.026,-0.027,0.057,-0.27,-7.41,-3.34,0.58,-0.26,-0.02,-7.797,-0.11,0.04,0.087,0.095,-0.196,,
2026-01-27 20:44:48.549,retreat_feeder_to_approach_machine,565.665,-42.676,1553.904,0.009,0.11,-5.79,-4.316,27.963,-146.769,0.013,-61.304,1.468,5.27,0.029,-0.011,-0.023,-0.025,0.052,-0.26,-7.3,-3.44,0.65,-0.13,0.01,-7.538,-0.102,0.037,0.08,0.088,-0.181,,
2026-01-27 20:44:48.649,retreat_feeder_to_approach_machine,565.878,-39.528,1553.907,0.007,0.11,-5.474,-3.997,27.965,-146.77,0.012,-61.305,1.471,4.749,0.026,-0.01,-0.021,-0.022,0.047,-0.33,-7.39,-3.38,0.73,-0.33,-0.05,-7.233,-0.094,0.035,0.074,0.081,-0.168,,
2026-01-27 20:44:48.751,retreat_feeder_to_approach_machine,566.062,-36.567,1553.911,0.006,0.111,-5.176,-3.697,27.966,-146.771,0.01,-61.307,1.474,4.312,0.024,-0.009,-0.019,-0.02,0.042,-0.21,-7.33,-3.32,0.69,-0.18,0.06,-6.699,-0.086,0.031,0.068,0.074,-0.153,,
2026-01-27 20:44:48.853,retreat_feeder_to_approach_machine,566.215,-33.882,1553.914,0.005,0.111,-4.907,-3.425,27.968,-146.771,0.009,-61.308,1.477,3.913,0.021,-0.008,-0.017,-0.018,0.038,-0.22,-7.31,-3.49,0.63,-0.23,-0.1,-6.31,-0.079,0.029,0.062,0.068,-0.14,,
2026-01-27 20:44:48.956,retreat_feeder_to_approach_machine,566.343,-31.447,1553.917,0.004,0.111,-4.662,-3.179,27.969,-146.772,0.008,-61.309,1.479,3.551,0.019,-0.007,-0.016,-0.017,0.035,-0.19,-7.34,-3.42,0.62,-0.34,-0.04,-5.933,-0.072,0.027,0.057,0.062,-0.129,,
2026-01-27 20:44:49.056,retreat_feeder_to_approach_machine,566.446,-29.313,1553.919,0.003,0.112,-4.448,-2.963,27.97,-146.772,0.007,-61.31,1.481,3.203,0.018,-0.007,-0.014,-0.015,0.031,-0.04,-7.38,-3.25,0.66,-0.22,0.1,-5.644,-0.067,0.025,0.053,0.057,-0.119,,
2026-01-27 20:44:49.157,retreat_feeder_to_approach_machine,566.536,-27.305,1553.921,0.003,0.112,-4.246,-2.76,27.972,-146.772,0.006,-61.311,1.483,2.91,0.016,-0.006,-0.013,-0.014,0.029,-0.15,-7.35,-3.31,0.73,-0.31,-0.01,-5.208,-0.061,0.022,0.048,0.052,-0.108,,
2026-01-27 20:44:49.259,retreat_feeder_to_approach_machine,566.612,-25.485,1553.923,0.002,0.112,-4.064,-2.576,27.973,-146.773,0.005,-61.312,1.485,2.643,0.014,-0.005,-0.012,-0.012,0.026,-0.05,-7.33,-3.39,0.62,-0.16,0.02,-4.877,-0.056,0.02,0.044,0.048,-0.099,,
2026-01-27 20:44:49.360,retreat_feeder_to_approach_machine,566.675,-23.835,1553.925,0.001,0.112,-3.898,-2.409,27.974,-146.773,0.005,-61.313,1.487,2.399,0.013,-0.005,-0.011,-0.011,0.024,-0.01,-7.32,-3.3,0.62,-0.22,0.07,-4.562,-0.051,0.019,0.04,0.044,-0.091,,
2026-01-27 20:44:49.460,retreat_feeder_to_approach_machine,566.726,-22.389,1553.927,0.001,0.112,-3.753,-2.263,27.974,-146.774,0.004,-61.314,1.488,2.165,0.012,-0.004,-0.009,-0.01,0.021,-0.07,-7.29,-3.42,0.64,-0.27,-0.02,-4.311,-0.047,0.017,0.037,0.04,-0.084,,
2026-01-27 20:44:49.562,retreat_feeder_to_approach_machine,566.772,-21.028,1553.928,0.0,0.113,-3.616,-2.125,27.975,-146.774,0.003,-61.314,1.49,1.968,0.011,-0.004,-0.009,-0.009,0.019,-0.21,-7.41,-3.38,0.57,-0.34,-0.01,-3.967,-0.043,0.016,0.034,0.037,-0.076,,
2026-01-27 20:44:49.663,retreat_feeder_to_approach_machine,566.81,-19.795,1553.93,-0.0,0.113,-3.493,-2.0,27.976,-146.774,0.003,-61.315,1.491,1.788,0.01,-0.004,-0.008,-0.008,0.018,-0.08,-7.26,-3.32,0.58,-0.22,-0.08,-3.699,-0.039,0.014,0.031,0.034,-0.07,,
2026-01-27 20:44:49.766,retreat_feeder_to_approach_machine,566.843,-18.641,1553.931,-0.001,0.113,-3.377,-1.884,27.976,-146.774,0.002,-61.315,1.492,1.633,0.009,-0.003,-0.007,-0.008,0.016,-0.11,-7.41,-3.31,0.66,-0.2,0.07,-3.409,-0.036,0.013,0.028,0.031,-0.064,,
2026-01-27 20:44:49.868,retreat_feeder_to_approach_machine,566.87,-17.631,1553.932,-0.001,0.113,-3.275,-1.782,27.977,-146.775,0.002,-61.316,1.493,1.48,0.008,-0.003,-0.006,-0.007,0.015,-0.06,-7.34,-3.44,0.67,-0.19,-0.02,-3.214,-0.033,0.012,0.026,0.028,-0.059,,
2026-01-27 20:44:49.969,retreat_feeder_to_approach_machine,566.894,-16.685,1553.933,-0.002,0.113,-3.181,-1.686,27.977,-146.775,0.002,-61.316,1.494,1.349,0.007,-0.003,-0.006,-0.006,0.013,-0.07,-7.39,-3.42,0.61,-0.2,-0.04,-2.958,-0.03,0.011,0.024,0.026,-0.054,waypoint,
2026-01-27 20:44:50.072,retreat_feeder_to_approach_machine,564.998,-32.838,1550.45,-8.75,-2.359,-8.462,-2.223,28.143,-147.187,-10.356,-59.979,11.534,-0.331,0.42,-1.034,-25.899,3.338,25.111,-0.27,-6.93,-4.29,2.06,1.34,-0.1,-8.991,1.625,-4.114,-103.552,13.399,100.349,,
2026-01-27 20:44:50.173,retreat_feeder_to_approach_machine,563.273,-59.966,1548.268,-21.84,-11.322,-15.318,-3.23,28.432,-147.907,-28.411,-57.647,29.104,-2.765,1.036,-2.573,-64.561,8.334,62.757,-0.52,-7.17,-4.73,3.25,2.34,-0.04,-12.784,2.692,-6.769,-170.167,22.009,165.603,,
2026-01-27 20:44:50.274,retreat_feeder_to_approach_machine,563.292,-80.897,1549.742,-30.805,-22.432,-17.954,-4.112,28.685,-148.537,-44.239,-55.603,44.506,-4.28,1.41,-3.506,-87.99,11.362,85.573,-0.6,-7.61,-4.98,4.05,2.96,-0.14,-10.264,2.066,-5.205,-130.879,16.932,127.367,,
2026-01-27 20:44:50.374,retreat_feeder_to_approach_machine,564.338,-96.901,1553.042,-37.38,-33.813,-17.435,-4.915,28.915,-149.111,-58.634,-53.743,58.514,-5.216,1.633,-4.063,-101.981,13.17,99.2,-0.58,-8.33,-5.14,4.89,3.54,-0.09,-8.44,1.631,-4.114,-103.47,13.389,100.692,,
2026-01-27 20:44:50.477,retreat_feeder_to_approach_machine,565.981,-108.953,1557.122,-42.882,-44.739,-14.291,-5.669,29.131,-149.65,-72.172,-51.994,71.688,-5.799,1.766,-4.396,-110.331,14.249,107.334,-0.7,-9.1,-5.46,5.29,3.91,-0.13,-7.118,1.331,-3.361,-84.548,10.942,82.277,,
2026-01-27 20:44:50.578,retreat_feeder_to_approach_machine,567.803,-117.244,1561.054,-48.05,-54.255,-8.888,-6.353,29.328,-150.139,-84.444,-50.409,83.629,-6.059,1.815,-4.519,-113.427,14.65,110.353,-0.7,-9.86,-5.78,5.4,4.24,-0.07,-5.7,0.995,-2.52,-63.428,8.212,61.722,,
2026-01-27 20:44:50.681,retreat_feeder_to_approach_machine,569.083,-121.38,1563.536,-52.071,-60.15,-3.628,-6.809,29.458,-150.464,-92.607,-49.355,91.572,-5.682,1.687,-4.202,-105.478,13.623,102.622,-0.76,-10.63,-5.98,5.57,4.41,-0.04,-2.84,0.239,-0.632,-16.002,2.084,15.573,,
2026-01-27 20:44:50.784,retreat_feeder_to_approach_machine,570.467,-124.709,1565.95,-57.62,-66.053,4.173,-7.31,29.602,-150.822,-101.597,-48.193,100.32,-5.515,1.625,-4.047,-101.585,13.121,98.837,-0.74,-11.16,-6.19,5.52,4.54,-0.01,-3.017,0.347,-0.898,-22.675,2.944,22.065,,
2026-01-27 20:44:50.886,retreat_feeder_to_approach_machine,571.766,-126.866,1567.905,-65.328,-71.266,15.041,-7.823,29.749,-151.189,-110.803,-47.004,109.277,-5.419,1.587,-3.952,-99.203,12.813,96.521,-0.75,-11.68,-6.42,5.32,4.62,-0.0,-2.835,0.347,-0.894,-22.559,2.927,21.95,,
2026-01-27 20:44:50.988,retreat_feeder_to_approach_machine,572.828,-127.858,1569.15,-75.723,-75.319,29.226,-8.321,29.892,-151.545,-119.744,-45.85,117.976,-5.31,1.547,-3.854,-96.755,12.497,94.139,-0.84,-12.11,-6.62,5.08,4.67,-0.04,-2.404,0.27,-0.699,-17.656,2.293,17.177,,
2026-01-27 20:44:51.089,retreat_feeder_to_approach_machine,573.512,-127.945,1569.605,-87.148,-77.837,44.329,-8.743,30.013,-151.846,-127.308,-44.873,125.336,-5.037,1.463,-3.644,-91.475,11.815,89.003,-0.87,-12.29,-6.79,4.75,4.79,-0.02,-1.396,0.023,-0.081,-2.118,0.284,2.058,,
2026-01-27 20:44:51.189,retreat_feeder_to_approach_machine,573.932,-127.483,1569.476,-99.54,-79.411,60.508,-9.14,30.127,-152.13,-134.421,-43.954,132.257,-4.769,1.381,-3.442,-86.389,11.158,84.054,-0.87,-12.45,-6.96,-2.68,4.9,0.02,-1.005,-0.052,0.107,2.599,-0.326,-2.533,,
2026-01-27 20:44:51.291,retreat_feeder_to_approach_machine,574.095,-126.678,1568.857,-110.921,-80.261,75.541,-9.499,30.23,-152.386,-140.869,-43.121,138.53,-4.475,1.294,-3.223,-80.911,10.451,78.723,-0.86,-12.59,-7.13,-14.3,4.89,0.01,-0.534,-0.153,0.361,8.994,-1.153,-8.756,,
2026-01-27 20:44:51.392,retreat_feeder_to_approach_machine,574.044,-125.686,1567.866,-120.273,-80.707,88.338,-9.825,30.323,-152.619,-146.713,-42.366,144.216,-4.171,1.204,-3.0,-75.295,9.725,73.258,-0.99,-12.61,-7.19,-28.53,4.87,0.1,-0.144,-0.234,0.566,14.127,-1.817,-13.75,,
2026-01-27 20:44:51.494,retreat_feeder_to_approach_machine,573.82,-124.613,1566.605,-127.441,-80.985,98.706,-10.12,30.408,-152.83,-152.011,-41.682,149.37,-3.867,1.115,-2.777,-69.715,9.005,67.829,-0.72,-12.61,-7.26,-44.49,4.82,0.2,0.175,-0.298,0.727,18.182,-2.342,-17.696,,
2026-01-27 20:44:51.595,retreat_feeder_to_approach_machine,573.462,-123.531,1565.16,-132.756,-81.23,106.96,-10.388,30.485,-153.022,-156.813,-41.062,154.042,-3.569,1.028,-2.561,-64.291,8.304,62.551,-0.85,-12.6,-7.41,-61.28,4.8,0.09,0.434,-0.347,0.852,21.321,-2.748,-20.75,,
2026-01-27 20:44:51.696,retreat_feeder_to_approach_machine,573.004,-122.484,1563.604,-136.655,-81.503,113.534,-10.631,30.554,-153.195,-161.166,-40.5,158.276,-3.284,0.945,-2.354,-59.1,7.633,57.5,-0.61,-12.41,-7.38,-78.44,4.9,0.06,0.641,-0.384,0.945,23.681,-3.053,-23.046,,
2026-01-27 20:44:51.798,retreat_feeder_to_approach_machine,572.475,-121.498,1561.991,-139.515,-81.826,118.814,-10.851,30.617,-153.352,-165.111,-39.99,162.115,-3.013,0.866,-2.159,-54.189,6.999,52.721,-0.7,-12.43,-7.44,-95.68,4.85,0.13,0.804,-0.411,1.013,25.386,-3.274,-24.704,,
2026-01-27 20:44:51.899,retreat_feeder_to_approach_machine,571.901,-120.588,1560.364,-141.619,-82.197,123.096,-11.05,30.674,-153.495,-168.687,-39.528,165.594,-2.758,0.793,-1.975,-49.583,6.404,48.238,-0.68,-12.34,-7.48,-112.31,4.9,0.05,0.929,-0.429,1.059,26.538,-3.423,-25.826,,
2026-01-27 20:44:51.999,retreat_feeder_to_approach_machine,571.3,-119.758,1558.757,-143.17,-82.609,126.601,-11.231,30.726,-153.624,-171.929,-39.109,168.747,-2.52,0.724,-1.804,-45.291,5.85,44.063,-0.61,-12.29,-7.54,-128.47,4.93,0.08,1.023,-0.44,1.086,27.231,-3.513,-26.499,,
2026-01-27 20:44:52.101,retreat_feeder_to_approach_machine,570.689,-119.01,1557.194,-144.309,-83.048,129.49,-11.394,30.773,-153.741,-174.868,-38.73,171.606,-2.3,0.661,-1.646,-41.315,5.336,40.193,-0.54,-12.17,-7.51,-143.99,4.93,0.11,1.09,-0.444,1.098,27.54,-3.554,-26.8,,
2026-01-27 20:44:52.203,retreat_feeder_to_approach_machine,570.059,-118.318,1555.64,-145.161,-83.519,131.956,-11.548,30.817,-153.85,-177.618,-38.375,174.282,-2.108,0.605,-1.508,-37.863,4.89,36.834,-0.54,-12.14,-7.54,-158.6,4.91,0.16,1.085,-0.43,1.063,26.663,-3.441,-25.946,,
2026-01-27 20:44:52.304,retreat_feeder_to_approach_machine,569.462,-117.724,1554.21,-145.738,-83.979,133.923,-11.682,30.856,-153.946,-180.025,-38.064,176.622,-1.916,0.55,-1.371,-34.413,4.445,33.477,-0.47,-12.1,-7.49,-172.45,4.84,0.06,1.169,-0.442,1.094,27.443,-3.542,-26.705,,
2026-01-27 20:44:52.407,retreat_feeder_to_approach_machine,568.863,-117.179,1552.814,-146.131,-84.45,135.598,-11.807,30.892,-154.036,-182.277,-37.773,178.813,-1.751,0.503,-1.253,-31.441,4.061,30.585,-0.4,-11.99,-7.46,-185.32,4.79,0.07,1.138,-0.422,1.046,26.235,-3.386,-25.529,,
2026-01-27 20:44:52.508,retreat_feeder_to_approach_machine,568.309,-116.714,1551.548,-146.349,-84.896,136.919,-11.917,30.923,-154.114,-184.247,-37.518,180.73,-1.588,0.456,-1.136,-28.506,3.682,27.73,-0.38,-11.98,-7.58,-197.44,4.87,0.11,1.181,-0.425,1.054,26.434,-3.412,-25.722,,
2026-01-27 20:44:52.608,retreat_feeder_to_approach_machine,567.781,-116.303,1550.364,-146.428,-85.326,137.983,-12.017,30.952,-154.186,-186.033,-37.288,182.467,-1.44,0.413,-1.03,-25.845,3.338,25.141,-0.46,-11.92,-7.54,-208.55,4.83,0.06,1.166,-0.412,1.022,25.634,-3.309,-24.943,,
2026-01-27 20:44:52.708,retreat_feeder_to_approach_machine,567.265,-115.929,1549.227,-146.38,-85.751,138.842,-12.11,30.978,-154.252,-187.705,-37.072,184.093,-1.313,0.377,-0.939,-23.563,3.043,22.921,-0.32,-12.01,-7.54,-219.05,4.78,0.16,1.113,-0.389,0.965,24.211,-3.125,-23.559,,
2026-01-27 20:44:52.808,retreat_feeder_to_approach_machine,566.797,-115.611,1548.208,-146.214,-86.141,139.458,-12.192,31.002,-154.31,-189.168,-36.883,185.515,-1.189,0.341,-0.85,-21.329,2.755,20.747,-0.33,-11.9,-7.53,-228.57,4.85,0.1,1.118,-0.384,0.952,23.885,-3.083,-23.24,,
2026-01-27 20:44:52.911,retreat_feeder_to_approach_machine,566.359,-115.33,1547.267,-145.933,-86.508,139.877,-12.266,31.023,-154.363,-190.493,-36.712,186.805,-1.076,0.309,-0.769,-19.311,2.494,18.783,-0.3,-11.85,-7.45,-237.2,4.75,0.03,1.083,-0.367,0.911,22.864,-2.952,-22.247,,
2026-01-27 20:44:53.014,retreat_feeder_to_approach_machine,565.964,-115.091,1546.427,-145.551,-86.84,140.099,-12.33,31.042,-154.41,-191.655,-36.562,187.935,-0.969,0.278,-0.693,-17.388,2.246,16.913,-0.14,-11.87,-7.53,-245.27,4.9,0.06,1.066,-0.357,0.885,22.213,-2.868,-21.613,,
2026-01-27 20:44:53.116,retreat_feeder_to_approach_machine,565.583,-114.871,1545.626,-145.033,-87.161,140.143,-12.391,31.059,-154.453,-192.748,-36.42,188.998,-0.879,0.252,-0.628,-15.773,2.037,15.342,-0.28,-11.82,-7.5,-252.51,4.74,0.62,0.998,-0.332,0.824,20.684,-2.67,-20.125,,
2026-01-27 20:44:53.218,retreat_feeder_to_approach_machine,565.219,-114.671,1544.866,-144.353,-87.47,139.982,-12.448,31.075,-154.494,-193.771,-36.288,189.993,-0.802,0.23,-0.573,-14.388,1.858,13.994,-0.13,-11.84,-7.51,-259.27,4.84,1.48,0.937,-0.31,0.77,19.314,-2.493,-18.792,,
2026-01-27 20:44:53.321,retreat_feeder_to_approach_machine,564.883,-114.495,1544.17,-143.507,-87.754,139.6,-12.5,31.09,-154.531,-194.696,-36.169,190.892,-0.73,0.209,-0.522,-13.101,1.692,12.742,-0.18,-11.9,-7.51,-265.43,4.75,2.45,0.898,-0.295,0.732,18.371,-2.372,-17.874,,
2026-01-27 20:44:53.424,retreat_feeder_to_approach_machine,564.584,-114.344,1543.556,-142.505,-88.008,139.001,-12.545,31.103,-154.563,-195.504,-36.064,191.678,-0.66,0.189,-0.472,-11.847,1.53,11.522,-0.16,-11.86,-7.45,-271.07,4.78,3.57,0.873,-0.284,0.705,17.692,-2.284,-17.213,,
2026-01-27 20:44:53.525,retreat_feeder_to_approach_machine,564.318,-114.216,1543.012,-141.336,-88.233,138.18,-12.584,31.114,-154.591,-196.213,-35.973,192.367,-0.594,0.17,-0.425,-10.657,1.376,10.365,-0.14,-11.8,-7.44,-276.19,4.78,4.5,0.841,-0.271,0.674,16.92,-2.184,-16.462,,
2026-01-27 20:44:53.626,retreat_feeder_to_approach_machine,564.065,-114.097,1542.497,-139.871,-88.447,137.041,-12.622,31.125,-154.618,-196.879,-35.887,193.015,-0.538,0.154,-0.385,-9.659,1.248,9.394,-0.15,-11.66,-7.57,-280.81,4.81,5.82,0.781,-0.251,0.624,15.65,-2.021,-15.226,,
2026-01-27 20:44:53.728,retreat_feeder_to_approach_machine,563.84,-113.995,1542.042,-138.158,-88.636,135.611,-12.654,31.134,-154.641,-197.464,-35.811,193.583,-0.485,0.139,-0.347,-8.705,1.124,8.466,-0.11,-11.83,-7.42,-285.03,4.69,6.92,0.748,-0.239,0.594,14.907,-1.925,-14.503,,
2026-01-27 20:44:53.830,retreat_feeder_to_approach_machine,563.626,-113.901,1541.611,-135.996,-88.814,133.713,-12.685,31.143,-154.663,-198.013,-35.74,194.118,-0.441,0.126,-0.315,-7.902,1.021,7.685,-0.05,-11.82,-7.44,-288.89,4.72,8.05,0.693,-0.221,0.549,13.764,-1.777,-13.392,,
2026-01-27 20:44:53.932,retreat_feeder_to_approach_machine,563.437,-113.82,1541.232,-133.437,-88.97,131.383,-12.712,31.151,-154.682,-198.495,-35.678,194.586,-0.398,0.114,-0.284,-7.131,0.921,6.935,-0.1,-11.74,-7.47,-292.3,4.8,9.01,0.662,-0.209,0.521,13.066,-1.687,-12.712,,
2026-01-27 20:44:54.036,retreat_feeder_to_approach_machine,563.258,-113.745,1540.873,-130.157,-89.115,128.318,-12.737,31.158,-154.7,-198.948,-35.62,195.026,-0.361,0.104,-0.258,-6.481,0.837,6.302,-0.09,-11.75,-7.42,-295.47,4.72,10.18,0.611,-0.193,0.48,12.046,-1.555,-11.72,,
2026-01-27 20:44:54.139,retreat_feeder_to_approach_machine,563.094,-113.678,1540.546,-126.047,-89.244,124.402,-12.76,31.165,-154.716,-199.358,-35.567,195.426,-0.328,0.094,-0.235,-5.887,0.76,5.725,-0.06,-11.89,-7.42,-298.31,4.63,11.03,0.574,-0.181,0.449,11.265,-1.455,-10.96,,
2026-01-27 20:44:54.240,retreat_feeder_to_approach_machine,562.944,-113.618,1540.249,-120.855,-89.357,119.384,-12.78,31.171,-154.731,-199.73,-35.519,195.788,-0.298,0.085,-0.213,-5.346,0.69,5.198,-0.08,-11.75,-7.42,-300.0,4.61,11.86,0.538,-0.169,0.419,10.523,-1.359,-10.237,,
2026-01-27 20:44:54.340,retreat_feeder_to_approach_machine,562.812,-113.566,1539.987,-114.523,-89.451,113.204,-12.799,31.176,-154.744,-200.057,-35.476,196.105,-0.269,0.077,-0.192,-4.825,0.623,4.692,-0.04,-11.79,-7.46,-300.0,4.73,12.68,0.51,-0.159,0.396,9.93,-1.282,-9.66,,
2026-01-27 20:44:54.442,retreat_feeder_to_approach_machine,562.691,-113.52,1539.748,-106.6,-89.529,105.419,-12.815,31.181,-154.756,-200.354,-35.438,196.393,-0.243,0.07,-0.174,-4.361,0.563,4.24,-0.0,-11.76,-7.45,-300.0,4.74,13.42,0.475,-0.148,0.368,9.232,-1.192,-8.981,,
2026-01-27 20:44:54.545,retreat_feeder_to_approach_machine,562.577,-113.477,1539.523,-96.519,-89.591,95.467,-12.831,31.185,-154.767,-200.633,-35.402,196.665,-0.221,0.063,-0.158,-3.968,0.513,3.859,-0.09,-11.78,-7.5,-300.0,4.73,14.22,0.438,-0.136,0.338,8.486,-1.096,-8.255,,
2026-01-27 20:44:54.648,retreat_feeder_to_approach_machine,562.473,-113.438,1539.318,-84.702,-89.633,83.766,-12.845,31.189,-154.777,-200.886,-35.369,196.911,-0.201,0.058,-0.144,-3.609,0.466,3.509,-0.08,-11.74,-7.47,-300.0,4.72,14.84,0.408,-0.127,0.315,7.898,-1.02,-7.684,,
2026-01-27 20:44:54.750,retreat_feeder_to_approach_machine,562.378,-113.403,1539.132,-71.936,-89.654,71.106,-12.858,31.193,-154.786,-201.115,-35.34,197.134,-0.183,0.052,-0.131,-3.28,0.424,3.189,-0.03,-11.84,-7.47,-300.0,4.65,15.44,0.381,-0.118,0.293,7.345,-0.948,-7.145,,
2026-01-27 20:44:54.851,retreat_feeder_to_approach_machine,562.292,-113.372,1538.963,-59.468,-89.658,58.733,-12.869,31.196,-154.795,-201.323,-35.313,197.336,-0.166,0.048,-0.119,-2.979,0.385,2.897,-0.02,-11.9,-7.46,-300.0,4.57,16.02,0.355,-0.109,0.272,6.825,-0.881,-6.639,,
2026-01-27 20:44:54.953,retreat_feeder_to_approach_machine,562.214,-113.344,1538.81,-48.388,-89.647,47.739,-12.88,31.199,-154.802,-201.511,-35.289,197.519,-0.151,0.043,-0.108,-2.706,0.349,2.631,0.02,-11.77,-7.39,-300.0,4.57,16.57,0.33,-0.102,0.253,6.337,-0.818,-6.165,,
2026-01-27 20:44:55.055,retreat_feeder_to_approach_machine,562.143,-113.319,1538.67,-39.184,-89.626,38.612,-12.889,31.202,-154.809,-201.682,-35.267,197.685,-0.137,0.039,-0.098,-2.456,0.317,2.388,-0.04,-11.74,-7.51,-300.0,4.73,16.96,0.307,-0.094,0.234,5.88,-0.759,-5.72,,
2026-01-27 20:44:55.158,retreat_feeder_to_approach_machine,562.078,-113.296,1538.544,-31.811,-89.6,31.309,-12.898,31.204,-154.815,-201.837,-35.247,197.835,-0.124,0.036,-0.089,-2.229,0.288,2.167,-0.12,-11.77,-7.38,-300.0,4.7,17.33,0.285,-0.087,0.217,5.451,-0.704,-5.303,,
2026-01-27 20:44:55.260,retreat_feeder_to_approach_machine,562.019,-113.276,1538.429,-25.979,-89.571,25.541,-12.906,31.207,-154.821,-201.977,-35.228,197.972,-0.113,0.032,-0.081,-2.023,0.261,1.966,0.06,-11.76,-7.45,-300.0,4.58,17.71,0.265,-0.081,0.201,5.051,-0.652,-4.913,,
2026-01-27 20:44:55.362,retreat_feeder_to_approach_machine,561.968,-113.258,1538.328,-21.504,-89.542,21.122,-12.913,31.209,-154.826,-202.1,-35.213,198.091,-0.102,0.029,-0.073,-1.824,0.236,1.774,0.0,-11.71,-7.45,-300.0,4.7,18.15,0.248,-0.076,0.188,4.719,-0.609,-4.59,,
2026-01-27 20:44:55.463,retreat_feeder_to_approach_machine,561.92,-113.242,1538.237,-17.906,-89.514,17.574,-12.919,31.21,-154.83,-202.212,-35.198,198.2,-0.092,0.026,-0.066,-1.648,0.213,1.602,-0.03,-11.8,-7.38,-300.0,4.73,18.5,0.229,-0.07,0.174,4.358,-0.563,-4.24,,
2026-01-27 20:44:55.564,retreat_feeder_to_approach_machine,561.876,-113.227,1538.15,-14.891,-89.486,14.606,-12.925,31.212,-154.834,-202.317,-35.184,198.302,-0.084,0.024,-0.06,-1.499,0.194,1.457,-0.05,-11.7,-7.45,-300.0,4.57,18.76,0.21,-0.064,0.159,3.989,-0.515,-3.88,,
2026-01-27 20:44:55.667,retreat_feeder_to_approach_machine,561.836,-113.213,1538.072,-12.432,-89.459,12.19,-12.93,31.214,-154.838,-202.412,-35.172,198.395,-0.076,0.022,-0.054,-1.363,0.176,1.325,-0.07,-11.75,-7.47,-300.0,4.58,19.01,0.194,-0.059,0.147,3.689,-0.476,-3.588,waypoint,
2026-01-27 20:44:55.770,retreat_feeder_to_approach_machine,568.86,-112.728,1534.803,4.453,-89.453,-4.439,-12.735,30.24,-154.632,-202.115,-35.886,198.142,0.43,-2.419,0.475,-0.279,-1.653,0.362,-0.32,-11.76,-7.34,-300.0,4.58,18.65,2.177,-9.808,2.232,7.245,-7.691,-6.682,,
2026-01-27 20:44:55.871,retreat_feeder_to_approach_machine,602.95,-109.834,1517.296,54.615,-89.142,-53.648,-11.767,25.49,-153.613,-200.321,-39.407,196.555,2.744,-13.688,2.902,4.276,-10.042,-3.697,-0.53,-10.57,-6.78,-300.0,4.6,17.9,9.694,-46.583,10.132,21.49,-34.994,-19.362,,
2026-01-27 20:44:55.973,retreat_feeder_to_approach_machine,634.396,-106.211,1497.979,70.693,-88.681,-69.034,-10.856,21.023,-152.656,-198.634,-42.719,195.062,4.334,-21.433,4.572,7.425,-15.811,-6.505,-0.83,-9.56,-6.32,-300.0,4.65,16.65,8.148,-39.097,8.513,18.273,-29.399,-16.481,,
2026-01-27 20:44:56.074,retreat_feeder_to_approach_machine,660.359,-102.443,1479.46,76.862,-88.316,-74.768,-10.085,17.241,-151.844,-197.205,-45.523,193.798,5.179,-25.53,5.456,9.141,-18.868,-8.039,-0.82,-8.64,-5.99,-300.0,4.65,15.19,5.938,-28.342,6.194,13.86,-21.384,-12.545,,
2026-01-27 20:44:56.175,retreat_feeder_to_approach_machine,684.179,-98.286,1460.155,80.177,-88.023,-77.792,-9.356,13.668,-151.078,-195.855,-48.172,192.604,5.706,-28.081,6.008,10.23,-20.774,-9.015,-0.72,-7.86,-5.63,-300.0,4.73,13.65,4.919,-23.421,5.127,11.686,-17.698,-10.593,,
2026-01-27 20:44:56.279,retreat_feeder_to_approach_machine,705.825,-93.85,1440.416,82.05,-87.804,-79.495,-8.671,10.307,-150.357,-194.586,-50.664,191.481,5.992,-29.463,6.308,10.846,-21.809,-9.569,-0.8,-7.2,-5.47,-300.0,4.88,11.92,3.993,-18.95,4.158,9.713,-14.35,-8.822,,
2026-01-27 20:44:56.381,retreat_feeder_to_approach_machine,724.107,-89.546,1421.868,83.006,-87.666,-80.38,-8.07,7.361,-149.726,-193.473,-52.848,190.496,5.996,-29.462,6.31,10.917,-21.818,-9.638,-0.73,-6.68,-5.31,-296.34,4.8,10.24,2.748,-12.91,2.853,7.176,-9.842,-6.554,,
2026-01-27 20:44:56.484,retreat_feeder_to_approach_machine,740.637,-85.149,1403.387,83.43,-87.585,-80.801,-7.506,4.59,-149.131,-192.427,-54.902,189.57,5.909,-29.023,6.218,10.804,-21.498,-9.544,-0.52,-6.13,-5.29,-291.95,4.87,8.53,2.116,-9.864,2.191,5.795,-7.557,-5.312,,
2026-01-27 20:44:56.585,retreat_feeder_to_approach_machine,754.55,-81.024,1386.373,83.451,-87.557,-80.867,-7.01,2.161,-148.611,-191.509,-56.702,188.758,5.67,-27.84,5.966,10.397,-20.625,-9.187,-0.55,-5.81,-5.16,-287.66,4.88,6.94,1.207,-5.46,1.239,3.925,-4.267,-3.638,,
2026-01-27 20:44:56.688,retreat_feeder_to_approach_machine,767.503,-76.781,1369.14,83.15,-87.569,-80.651,-6.529,-0.198,-148.105,-190.618,-58.451,187.97,5.455,-26.777,5.739,10.025,-19.841,-8.861,-0.45,-5.48,-5.12,-283.32,4.87,5.57,0.944,-4.215,0.965,3.268,-3.323,-3.041,,
2026-01-27 20:44:56.791,retreat_feeder_to_approach_machine,778.351,-72.885,1353.507,82.6,-87.612,-80.207,-6.109,-2.261,-147.662,-189.839,-59.981,187.28,5.143,-25.242,5.411,9.468,-18.705,-8.37,-0.41,-5.11,-5.03,-279.43,4.94,4.44,0.247,-0.838,0.235,1.825,-0.799,-1.749,,
2026-01-27 20:44:56.894,retreat_feeder_to_approach_machine,787.774,-69.209,1338.896,81.833,-87.679,-79.559,-5.727,-4.132,-147.261,-189.132,-61.368,186.655,4.811,-23.607,5.061,8.867,-17.496,-7.84,-0.28,-4.71,-5.04,-275.57,4.88,3.6,-0.171,1.176,-0.202,0.913,0.712,-0.929,,
2026-01-27 20:44:56.995,retreat_feeder_to_approach_machine,795.962,-65.763,1325.299,80.868,-87.763,-78.722,-5.382,-5.827,-146.897,-188.492,-62.625,186.089,4.472,-21.944,4.705,8.251,-16.264,-7.296,-0.34,-4.46,-4.94,-271.88,4.9,2.84,-0.511,2.808,-0.557,0.161,1.938,-0.251,,
2026-01-27 20:44:57.095,retreat_feeder_to_approach_machine,803.082,-62.549,1312.691,79.721,-87.858,-77.704,-5.068,-7.364,-146.568,-187.911,-63.764,185.575,4.137,-20.3,4.352,7.64,-15.046,-6.756,-0.25,-4.11,-4.97,-268.64,5.09,2.26,-0.783,4.114,-0.842,-0.454,2.92,0.304,,
2026-01-27 20:44:57.195,retreat_feeder_to_approach_machine,809.279,-59.564,1301.036,78.398,-87.959,-76.511,-4.784,-8.757,-146.269,-187.385,-64.797,185.11,3.813,-18.708,4.011,7.045,-13.867,-6.231,-0.18,-3.91,-4.91,-265.44,4.93,1.86,-0.998,5.14,-1.066,-0.952,3.694,0.754,,
2026-01-27 20:44:57.296,retreat_feeder_to_approach_machine,814.853,-56.71,1289.934,76.848,-88.067,-75.092,-4.518,-10.061,-145.989,-186.892,-65.764,184.674,3.525,-17.291,3.707,6.515,-12.817,-5.762,-0.22,-3.69,-4.83,-262.56,4.98,1.49,-1.08,5.516,-1.15,-1.193,3.984,0.976,,
2026-01-27 20:44:57.400,retreat_feeder_to_approach_machine,819.543,-54.168,1280.075,75.178,-88.172,-73.542,-4.286,-11.202,-145.745,-186.461,-66.609,184.293,3.225,-15.82,3.392,5.964,-11.727,-5.275,-0.2,-3.48,-4.89,-259.71,4.96,1.23,-1.305,6.598,-1.386,-1.691,4.797,1.425,,
2026-01-27 20:44:57.502,retreat_feeder_to_approach_machine,823.642,-51.828,1271.021,73.339,-88.274,-71.819,-4.075,-12.236,-145.523,-186.071,-67.376,183.948,2.946,-14.45,3.098,5.449,-10.712,-4.82,-0.05,-3.29,-4.87,-257.3,4.95,1.0,-1.392,7.005,-1.476,-1.925,5.108,1.639,,
2026-01-27 20:44:57.603,retreat_feeder_to_approach_machine,827.23,-49.678,1262.72,71.333,-88.373,-69.922,-3.884,-13.173,-145.322,-185.717,-68.071,183.634,2.687,-13.18,2.826,4.972,-9.771,-4.398,-0.12,-3.17,-4.93,-254.99,5.01,0.85,-1.45,7.272,-1.536,-2.098,5.315,1.798,,
2026-01-27 20:44:57.705,retreat_feeder_to_approach_machine,830.476,-47.643,1254.87,69.086,-88.469,-67.78,-3.705,-14.05,-145.134,-185.385,-68.721,183.341,2.462,-12.079,2.59,4.558,-8.954,-4.031,-0.07,-3.03,-4.92,-252.92,4.93,0.51,-1.427,7.144,-1.511,-2.114,5.227,1.818,,
2026-01-27 20:44:57.808,retreat_feeder_to_approach_machine,833.137,-45.904,1248.169,66.835,-88.554,-65.621,-3.554,-14.792,-144.975,-185.105,-69.271,183.093,2.225,-10.915,2.341,4.119,-8.091,-3.643,-0.2,-2.88,-4.81,-250.83,4.88,0.53,-1.56,7.781,-1.649,-2.413,5.706,2.088,,
2026-01-27 20:44:57.910,retreat_feeder_to_approach_machine,835.566,-44.255,1241.82,64.357,-88.635,-63.232,-3.411,-15.49,-144.825,-184.841,-69.789,182.86,2.025,-9.931,2.13,3.748,-7.362,-3.315,-0.03,-2.73,-4.78,-249.09,4.92,0.27,-1.494,7.445,-1.579,-2.339,5.463,2.027,,
2026-01-27 20:44:58.011,retreat_feeder_to_approach_machine,837.498,-42.898,1236.599,62.018,-88.701,-60.967,-3.295,-16.061,-144.703,-184.626,-70.212,182.67,1.809,-8.874,1.903,3.35,-6.578,-2.963,-0.18,-2.64,-4.9,-247.53,4.98,0.45,-1.605,7.979,-1.696,-2.588,5.865,2.252,,
2026-01-27 20:44:58.112,retreat_feeder_to_approach_machine,839.161,-41.694,1231.969,59.677,-88.76,-58.691,-3.193,-16.563,-144.595,-184.436,-70.584,182.502,1.613,-7.912,1.697,2.987,-5.866,-2.642,-0.1,-2.63,-4.83,-246.13,4.93,0.18,-1.582,7.854,-1.67,-2.583,5.778,2.251,,
2026-01-27 20:44:58.215,retreat_feeder_to_approach_machine,840.937,-40.37,1226.881,56.765,-88.824,-55.853,-3.081,-17.113,-144.477,-184.228,-70.992,182.318,1.49,-7.309,1.567,2.759,-5.418,-2.441,-0.02,-2.54,-4.83,-244.74,4.99,0.21,-1.328,6.599,-1.403,-2.148,4.852,1.869,,
2026-01-27 20:44:58.316,retreat_feeder_to_approach_machine,842.453,-39.206,1222.407,53.868,-88.879,-53.022,-2.983,-17.594,-144.374,-184.047,-71.348,182.157,1.363,-6.684,1.433,2.524,-4.955,-2.232,-0.06,-2.36,-4.78,-243.51,4.91,0.15,-1.336,6.628,-1.41,-2.193,4.877,1.913,,
2026-01-27 20:44:58.420,retreat_feeder_to_approach_machine,843.797,-38.146,1218.333,50.919,-88.927,-50.133,-2.894,-18.03,-144.281,-183.882,-71.672,182.012,1.244,-6.103,1.309,2.304,-4.524,-2.038,-0.09,-2.32,-4.76,-242.44,4.99,0.1,-1.294,6.415,-1.366,-2.144,4.723,1.872,,
2026-01-27 20:44:58.523,retreat_feeder_to_approach_machine,844.99,-37.181,1214.626,47.948,-88.969,-47.216,-2.813,-18.425,-144.196,-183.733,-71.965,181.88,1.135,-5.565,1.193,2.101,-4.125,-1.859,-0.04,-2.21,-4.87,-241.44,4.87,0.11,-1.248,6.182,-1.316,-2.083,4.553,1.821,,
2026-01-27 20:44:58.623,retreat_feeder_to_approach_machine,846.016,-36.333,1211.365,45.086,-89.004,-44.403,-2.742,-18.771,-144.122,-183.602,-72.221,181.764,1.027,-5.039,1.081,1.903,-3.736,-1.683,-0.09,-2.19,-4.84,-240.5,5.01,0.14,-1.222,6.051,-1.289,-2.059,4.459,1.802,,
2026-01-27 20:44:58.726,retreat_feeder_to_approach_machine,846.964,-35.532,1208.289,42.16,-89.036,-41.523,-2.676,-19.097,-144.052,-183.479,-72.463,181.655,0.937,-4.594,0.985,1.735,-3.406,-1.534,-0.04,-2.13,-4.88,-239.69,4.91,0.08,-1.142,5.652,-1.205,-1.931,4.166,1.69,,
2026-01-27 20:44:58.830,retreat_feeder_to_approach_machine,847.81,-34.804,1205.492,39.299,-89.062,-38.704,-2.616,-19.392,-143.988,-183.367,-72.682,181.557,0.853,-4.184,0.897,1.58,-3.102,-1.397,-0.04,-2.09,-4.86,-238.84,4.91,0.13,-1.09,5.392,-1.15,-1.853,3.976,1.623,,
2026-01-27 20:44:58.932,retreat_feeder_to_approach_machine,848.589,-34.121,1202.867,36.435,-89.085,-35.88,-2.559,-19.669,-143.929,-183.263,-72.887,181.464,0.781,-3.829,0.821,1.446,-2.839,-1.279,0.08,-2.04,-4.7,-238.21,4.99,0.2,-1.019,5.041,-1.075,-1.739,3.718,1.524,,
2026-01-27 20:44:59.033,retreat_feeder_to_approach_machine,849.261,-33.522,1200.566,33.781,-89.104,-33.26,-2.51,-19.911,-143.877,-183.172,-73.066,181.384,0.709,-3.476,0.745,1.313,-2.577,-1.161,-0.03,-1.92,-4.78,-237.49,4.95,0.1,-0.988,4.883,-1.042,-1.696,3.603,1.487,,
2026-01-27 20:44:59.134,retreat_feeder_to_approach_machine,849.862,-32.978,1198.476,31.254,-89.119,-30.765,-2.465,-20.13,-143.83,-183.089,-73.228,181.31,0.643,-3.155,0.677,1.192,-2.339,-1.054,0.04,-1.91,-4.71,-236.87,4.92,0.06,-0.935,4.621,-0.986,-1.612,3.41,1.414,,
2026-01-27 20:44:59.234,retreat_feeder_to_approach_machine,850.383,-32.5,1196.64,28.947,-89.131,-28.486,-2.426,-20.322,-143.789,-183.016,-73.371,181.246,0.58,-2.847,0.61,1.075,-2.11,-0.951,0.07,-1.92,-4.8,-236.38,4.95,0.1,-0.897,4.429,-0.945,-1.553,3.27,1.363,,
2026-01-27 20:44:59.337,retreat_feeder_to_approach_machine,850.883,-32.036,1194.854,26.627,-89.141,-26.193,-2.388,-20.509,-143.749,-182.946,-73.509,181.184,0.53,-2.601,0.558,0.983,-1.929,-0.869,-0.04,-1.91,-4.77,-235.93,4.92,-0.03,-0.819,4.042,-0.863,-1.418,2.984,1.245,,
2026-01-27 20:44:59.439,retreat_feeder_to_approach_machine,851.316,-31.629,1193.29,24.535,-89.149,-24.125,-2.355,-20.672,-143.714,-182.884,-73.63,181.129,0.481,-2.359,0.506,0.891,-1.749,-0.788,0.01,-1.82,-4.77,-235.52,4.91,0.1,-0.784,3.871,-0.827,-1.365,2.859,1.199,,
2026-01-27 20:44:59.542,retreat_feeder_to_approach_machine,851.705,-31.259,1191.87,22.593,-89.156,-22.205,-2.325,-20.82,-143.682,-182.828,-73.74,181.08,0.436,-2.139,0.459,0.808,-1.586,-0.714,0.05,-1.76,-4.78,-235.14,4.86,-0.0,-0.737,3.637,-0.777,-1.286,2.686,1.13,,
2026-01-27 20:44:59.643,retreat_feeder_to_approach_machine,852.043,-30.935,1190.623,20.856,-89.16,-20.487,-2.298,-20.949,-143.654,-182.779,-73.836,181.037,0.393,-1.929,0.414,0.728,-1.43,-0.644,0.01,-1.83,-4.86,-234.69,4.9,0.03,-0.701,3.456,-0.738,-1.226,2.553,1.078,,
2026-01-27 20:44:59.745,retreat_feeder_to_approach_machine,852.358,-30.63,1189.45,19.196,-89.164,-18.845,-2.274,-21.071,-143.628,-182.733,-73.926,180.996,0.357,-1.751,0.376,0.662,-1.298,-0.585,-0.03,-1.77,-4.8,-234.41,4.9,-0.04,-0.646,3.187,-0.681,-1.133,2.355,0.996,,
2026-01-27 20:44:59.845,retreat_feeder_to_approach_machine,852.633,-30.362,1188.42,17.722,-89.167,-17.386,-2.252,-21.178,-143.605,-182.693,-74.006,180.96,0.322,-1.581,0.339,0.597,-1.172,-0.528,-0.03,-1.76,-4.73,-234.05,4.9,0.04,-0.612,3.019,-0.645,-1.076,2.231,0.947,,
2026-01-27 20:44:59.948,retreat_feeder_to_approach_machine,852.889,-30.11,1187.451,16.32,-89.169,-15.999,-2.231,-21.279,-143.584,-182.655,-74.08,180.927,0.293,-1.437,0.308,0.543,-1.065,-0.48,0.01,-1.79,-4.77,-233.93,4.81,0.04,-0.564,2.781,-0.594,-0.993,2.055,0.873,,
2026-01-27 20:45:00.052,retreat_feeder_to_approach_machine,853.12,-29.881,1186.572,15.037,-89.171,-14.731,-2.213,-21.37,-143.564,-182.62,-74.148,180.896,0.266,-1.306,0.28,0.493,-0.968,-0.436,-0.02,-1.72,-4.77,-233.59,4.8,0.05,-0.527,2.597,-0.555,-0.929,1.919,0.817,waypoint,
2026-01-27 20:45:00.154,retreat_feeder_to_approach_machine,872.649,-29.893,1185.539,13.27,-89.173,-12.977,-2.159,-22.311,-142.016,-182.557,-73.537,180.881,0.335,-3.331,4.079,0.527,0.801,-0.366,0.02,-1.69,-4.89,-233.34,4.93,0.08,-0.119,-6.159,14.782,-0.551,8.513,0.884,,
2026-01-27 20:45:00.257,retreat_feeder_to_approach_machine,899.216,-29.947,1184.343,11.512,-89.175,-11.233,-2.092,-23.566,-139.896,-182.485,-72.668,180.872,0.418,-5.636,8.36,0.576,2.773,-0.296,0.0,-1.64,-4.91,-233.08,4.87,0.08,0.017,-8.686,19.027,-0.406,10.241,0.866,,
2026-01-27 20:45:00.357,retreat_feeder_to_approach_machine,923.099,-29.935,1183.109,10.047,-89.175,-9.779,-2.032,-24.704,-137.975,-182.42,-71.88,180.864,0.464,-7.071,11.074,0.595,4.049,-0.241,0.0,-1.59,-4.87,-232.71,4.92,0.07,-0.047,-6.643,15.141,-0.432,8.404,0.788,,
2026-01-27 20:45:00.458,retreat_feeder_to_approach_machine,944.58,-29.875,1181.869,8.827,-89.175,-8.57,-1.977,-25.735,-136.233,-182.361,-71.166,180.857,0.485,-7.881,12.66,0.594,4.822,-0.198,-0.03,-1.55,-4.96,-232.38,4.84,0.02,-0.099,-4.914,11.829,-0.45,6.826,0.716,,
2026-01-27 20:45:00.559,retreat_feeder_to_approach_machine,963.907,-29.781,1180.646,7.812,-89.175,-7.565,-1.927,-26.669,-134.654,-182.307,-70.519,180.851,0.487,-8.248,13.443,0.579,5.234,-0.165,0.01,-1.47,-5.1,-232.23,4.78,-0.01,-0.14,-3.458,9.016,-0.46,5.476,0.651,,
2026-01-27 20:45:00.660,retreat_feeder_to_approach_machine,980.735,-29.666,1179.497,6.994,-89.174,-6.755,-1.884,-27.489,-133.27,-182.26,-69.952,180.845,0.474,-8.234,13.542,0.552,5.344,-0.137,0.01,-1.44,-5.18,-231.91,4.87,0.04,-0.187,-1.959,6.167,-0.481,4.13,0.594,,
2026-01-27 20:45:00.763,retreat_feeder_to_approach_machine,996.973,-29.527,1178.314,6.263,-89.173,-6.033,-1.842,-28.285,-131.925,-182.215,-69.401,180.84,0.461,-8.165,13.518,0.528,5.385,-0.117,-0.06,-1.42,-5.05,-231.77,4.85,0.0,-0.181,-1.528,5.152,-0.446,3.554,0.536,,
2026-01-27 20:45:00.865,retreat_feeder_to_approach_machine,1011.089,-29.383,1177.225,5.677,-89.172,-5.453,-1.805,-28.981,-130.749,-182.175,-68.919,180.835,0.438,-7.864,13.078,0.496,5.244,-0.099,-0.04,-1.23,-5.2,-231.53,4.86,0.02,-0.216,-0.378,2.953,-0.459,2.508,0.489,,
2026-01-27 20:45:00.967,retreat_feeder_to_approach_machine,1023.812,-29.234,1176.195,5.186,-89.171,-4.969,-1.772,-29.612,-129.683,-182.139,-68.482,180.831,0.412,-7.476,12.473,0.462,5.025,-0.085,0.07,-1.34,-5.23,-231.28,4.91,0.04,-0.229,0.311,1.557,-0.45,1.806,0.445,,
2026-01-27 20:45:01.068,retreat_feeder_to_approach_machine,1034.908,-29.09,1175.258,4.789,-89.17,-4.577,-1.742,-30.165,-128.749,-182.107,-68.099,180.827,0.382,-6.99,11.691,0.426,4.726,-0.073,0.03,-1.17,-5.29,-231.08,4.89,0.09,-0.247,1.058,0.087,-0.45,1.087,0.406,,
2026-01-27 20:45:01.170,retreat_feeder_to_approach_machine,1045.294,-28.942,1174.348,4.444,-89.169,-4.237,-1.715,-30.685,-127.87,-182.077,-67.739,180.824,0.356,-6.543,10.965,0.394,4.445,-0.064,0.02,-1.24,-5.21,-231.01,4.96,0.09,-0.24,1.282,-0.479,-0.424,0.75,0.367,,
2026-01-27 20:45:01.271,retreat_feeder_to_approach_machine,1054.358,-28.803,1173.528,4.163,-89.168,-3.96,-1.69,-31.141,-127.1,-182.051,-67.423,180.821,0.327,-6.047,10.15,0.361,4.123,-0.056,-0.0,-1.25,-5.25,-230.79,4.97,0.16,-0.25,1.796,-1.515,-0.418,0.231,0.335,,
2026-01-27 20:45:01.371,retreat_feeder_to_approach_machine,1062.569,-28.669,1172.763,3.925,-89.167,-3.726,-1.669,-31.556,-126.399,-182.027,-67.136,180.818,0.3,-5.572,9.364,0.33,3.81,-0.049,-0.07,-1.05,-5.31,-230.65,4.95,0.09,-0.247,2.029,-2.06,-0.4,-0.078,0.304,,
2026-01-27 20:45:01.474,retreat_feeder_to_approach_machine,1070.01,-28.541,1172.053,3.724,-89.166,-3.528,-1.649,-31.933,-125.762,-182.006,-66.875,180.815,0.275,-5.122,8.616,0.302,3.511,-0.043,-0.05,-1.09,-5.43,-230.53,4.99,0.07,-0.242,2.201,-2.488,-0.382,-0.33,0.276,,
2026-01-27 20:45:01.576,retreat_feeder_to_approach_machine,1076.983,-28.415,1171.373,3.547,-89.166,-3.355,-1.63,-32.288,-125.163,-181.985,-66.629,180.813,0.253,-4.729,7.96,0.277,3.247,-0.038,0.03,-1.04,-5.39,-230.42,4.87,0.0,-0.23,2.206,-2.619,-0.356,-0.453,0.25,,
2026-01-27 20:45:01.678,retreat_feeder_to_approach_machine,1083.076,-28.3,1170.766,3.402,-89.165,-3.213,-1.613,-32.599,-124.637,-181.967,-66.414,180.811,0.231,-4.324,7.284,0.253,2.974,-0.034,0.01,-0.89,-5.32,-230.16,4.83,-0.07,-0.23,2.423,-3.096,-0.346,-0.71,0.228,,
2026-01-27 20:45:01.778,retreat_feeder_to_approach_machine,1088.79,-28.188,1170.187,3.275,-89.164,-3.088,-1.598,-32.891,-124.143,-181.951,-66.212,180.809,0.212,-3.974,6.698,0.231,2.736,-0.03,0.08,-0.91,-5.43,-230.16,4.82,0.03,-0.217,2.366,-3.1,-0.322,-0.768,0.207,,
2026-01-27 20:45:01.879,retreat_feeder_to_approach_machine,1093.615,-28.091,1169.689,3.173,-89.164,-2.988,-1.585,-33.139,-123.725,-181.936,-66.04,180.807,0.192,-3.6,6.069,0.209,2.481,-0.027,-0.05,-0.92,-5.51,-230.03,4.9,0.01,-0.219,2.577,-3.547,-0.315,-1.001,0.189,,
2026-01-27 20:45:01.982,retreat_feeder_to_approach_machine,1098.318,-27.993,1169.198,3.08,-89.163,-2.897,-1.572,-33.381,-123.316,-181.922,-65.873,180.805,0.176,-3.305,5.574,0.191,2.28,-0.024,0.09,-0.85,-5.46,-229.95,4.87,0.1,-0.2,2.377,-3.289,-0.287,-0.941,0.17,,
2026-01-27 20:45:02.084,retreat_feeder_to_approach_machine,1102.432,-27.906,1168.762,3.002,-89.163,-2.822,-1.561,-33.593,-122.958,-181.91,-65.726,180.804,0.16,-3.009,5.076,0.174,2.077,-0.022,0.0,-0.88,-5.52,-229.82,4.81,0.05,-0.196,2.438,-3.464,-0.275,-1.053,0.155,,
2026-01-27 20:45:02.186,retreat_feeder_to_approach_machine,1106.292,-27.822,1168.348,2.934,-89.162,-2.755,-1.55,-33.793,-122.621,-181.899,-65.588,180.803,0.147,-2.755,4.65,0.159,1.903,-0.02,0.11,-0.83,-5.48,-229.84,4.91,0.01,-0.183,2.32,-3.331,-0.255,-1.035,0.141,,
2026-01-27 20:45:02.287,retreat_feeder_to_approach_machine,1109.67,-27.747,1167.983,2.876,-89.162,-2.699,-1.541,-33.968,-122.325,-181.889,-65.467,180.801,0.133,-2.504,4.226,0.144,1.73,-0.018,-0.07,-0.89,-5.38,-229.76,4.91,0.09,-0.178,2.334,-3.414,-0.244,-1.102,0.128,,
2026-01-27 20:45:02.387,retreat_feeder_to_approach_machine,1112.736,-27.677,1167.647,2.827,-89.161,-2.651,-1.532,-34.127,-122.057,-181.88,-65.357,180.8,0.121,-2.275,3.841,0.131,1.573,-0.016,-0.03,-0.76,-5.48,-229.6,4.84,0.07,-0.168,2.259,-3.34,-0.228,-1.101,0.117,,
2026-01-27 20:45:02.489,retreat_feeder_to_approach_machine,1115.616,-27.611,1167.33,2.783,-89.161,-2.608,-1.524,-34.276,-121.804,-181.871,-65.253,180.799,0.11,-2.08,3.512,0.12,1.438,-0.015,-0.02,-0.79,-5.54,-229.59,4.88,-0.08,-0.156,2.128,-3.166,-0.211,-1.057,0.106,,
2026-01-27 20:45:02.591,retreat_feeder_to_approach_machine,1118.223,-27.55,1167.04,2.744,-89.161,-2.571,-1.517,-34.412,-121.575,-181.863,-65.159,180.798,0.101,-1.899,3.207,0.109,1.313,-0.013,0.04,-0.82,-5.46,-229.62,4.85,0.04,-0.148,2.055,-3.085,-0.198,-1.048,0.096,,
2026-01-27 20:45:02.695,retreat_feeder_to_approach_machine,1120.504,-27.496,1166.785,2.712,-89.16,-2.54,-1.511,-34.531,-121.374,-181.857,-65.077,180.798,0.091,-1.722,2.907,0.099,1.191,-0.012,0.03,-0.75,-5.56,-229.44,4.93,0.04,-0.142,2.017,-3.059,-0.188,-1.059,0.087,,
2026-01-27 20:45:02.798,retreat_feeder_to_approach_machine,1122.648,-27.445,1166.543,2.683,-89.16,-2.512,-1.505,-34.642,-121.186,-181.85,-64.999,180.797,0.083,-1.571,2.652,0.09,1.087,-0.011,-0.03,-0.89,-5.54,-229.5,4.93,0.15,-0.132,1.886,-2.873,-0.173,-1.002,0.079,,
2026-01-27 20:45:02.899,retreat_feeder_to_approach_machine,1124.525,-27.4,1166.331,2.659,-89.16,-2.488,-1.5,-34.74,-121.02,-181.844,-64.932,180.796,0.075,-1.423,2.403,0.082,0.984,-0.01,-0.09,-0.72,-5.51,-229.4,4.87,0.16,-0.126,1.835,-2.819,-0.164,-0.997,0.072,,
2026-01-27 20:45:03.028,retreat_feeder_to_approach_machine,1126.23,-27.358,1166.137,2.637,-89.16,-2.467,-1.495,-34.829,-120.869,-181.839,-64.87,180.796,0.068,-1.29,2.179,0.074,0.893,-0.009,0.06,-0.79,-5.56,-229.44,4.91,0.02,-0.118,1.74,-2.687,-0.152,-0.959,0.066,,
2026-01-27 20:45:03.101,retreat_feeder_to_approach_machine,1127.568,-27.325,1165.984,2.621,-89.159,-2.452,-1.491,-34.899,-120.751,-181.835,-64.821,180.795,0.061,-1.142,1.929,0.066,0.791,-0.008,0.0,-0.74,-5.52,-229.28,4.88,-0.0,-0.116,1.758,-2.742,-0.148,-0.996,0.06,,
2026-01-27 20:45:03.203,retreat_feeder_to_approach_machine,1129.044,-27.289,1165.814,2.604,-89.159,-2.435,-1.487,-34.977,-120.621,-181.831,-64.768,180.795,0.056,-1.05,1.773,0.06,0.727,-0.007,0.05,-0.73,-5.51,-229.36,4.88,0.07,-0.101,1.509,-2.344,-0.129,-0.846,0.054,,
2026-01-27 20:45:03.303,retreat_feeder_to_approach_machine,1130.337,-27.257,1165.665,2.589,-89.159,-2.421,-1.484,-35.044,-120.506,-181.827,-64.721,180.794,0.051,-0.957,1.616,0.055,0.662,-0.007,0.07,-0.6,-5.55,-229.32,4.9,0.1,-0.096,1.453,-2.271,-0.122,-0.827,0.049,,
2026-01-27 20:45:03.404,retreat_feeder_to_approach_machine,1131.473,-27.228,1165.534,2.576,-89.159,-2.408,-1.48,-35.104,-120.406,-181.824,-64.68,180.794,0.046,-0.866,1.463,0.05,0.6,-0.006,-0.03,-0.76,-5.64,-229.27,4.81,0.03,-0.091,1.39,-2.183,-0.114,-0.801,0.045,,
2026-01-27 20:45:03.506,retreat_feeder_to_approach_machine,1132.545,-27.201,1165.409,2.565,-89.159,-2.397,-1.477,-35.16,-120.311,-181.82,-64.641,180.793,0.042,-0.79,1.335,0.045,0.547,-0.005,0.06,-0.65,-5.58,-229.22,4.88,0.01,-0.083,1.284,-2.02,-0.105,-0.744,0.04,,
2026-01-27 20:45:03.608,retreat_feeder_to_approach_machine,1133.552,-27.176,1165.292,2.554,-89.159,-2.387,-1.475,-35.213,-120.222,-181.817,-64.604,180.793,0.038,-0.725,1.224,0.042,0.502,-0.005,0.0,-0.64,-5.47,-229.27,4.88,0.03,-0.077,1.189,-1.874,-0.096,-0.693,0.037,waypoint,
2026-01-27 20:45:03.709,approach_machine_to_place,1134.514,-27.14,1160.566,2.586,-89.159,-2.418,-1.472,-35.565,-120.117,-181.811,-64.852,180.784,0.037,-1.425,1.18,0.047,-0.244,-0.027,0.02,-0.68,-5.52,-229.18,4.89,0.02,-0.065,-1.925,-1.535,-0.054,-3.47,-0.056,,
2026-01-27 20:45:03.810,approach_machine_to_place,1135.372,-27.106,1155.612,2.616,-89.159,-2.448,-1.469,-35.929,-120.018,-181.805,-65.117,180.774,0.035,-1.976,1.131,0.051,-0.844,-0.044,0.08,-0.54,-5.46,-229.18,4.83,0.11,-0.061,-1.84,-1.44,-0.049,-3.288,-0.055,,
2026-01-27 20:45:03.911,approach_machine_to_place,1136.154,-27.073,1150.944,2.643,-89.159,-2.473,-1.466,-36.27,-119.926,-181.799,-65.366,180.765,0.033,-2.336,1.081,0.053,-1.255,-0.056,-0.02,-0.5,-5.43,-229.2,5.03,-0.0,-0.056,-1.44,-1.354,-0.048,-2.802,-0.044,,
2026-01-27 20:45:04.012,approach_machine_to_place,1136.842,-27.043,1146.705,2.665,-89.159,-2.495,-1.463,-36.58,-119.841,-181.794,-65.591,180.757,0.031,-2.526,1.021,0.053,-1.505,-0.063,0.05,-0.42,-5.43,-229.2,4.88,0.11,-0.053,-0.976,-1.306,-0.049,-2.289,-0.031,,
2026-01-27 20:45:04.114,approach_machine_to_place,1137.428,-27.015,1142.983,2.683,-89.16,-2.513,-1.461,-36.851,-119.768,-181.789,-65.789,180.749,0.029,-2.573,0.95,0.051,-1.623,-0.065,0.04,-0.41,-5.45,-229.08,4.92,0.05,-0.051,-0.497,-1.279,-0.05,-1.782,-0.017,,
2026-01-27 20:45:04.215,approach_machine_to_place,1137.964,-26.99,1139.477,2.699,-89.16,-2.528,-1.459,-37.106,-119.698,-181.785,-65.975,180.743,0.027,-2.568,0.886,0.049,-1.682,-0.066,-0.01,-0.37,-5.35,-229.1,4.99,0.03,-0.047,-0.285,-1.195,-0.048,-1.486,-0.011,,
2026-01-27 20:45:04.315,approach_machine_to_place,1138.424,-26.967,1136.399,2.712,-89.16,-2.54,-1.457,-37.33,-119.637,-181.781,-66.138,180.737,0.025,-2.485,0.816,0.046,-1.669,-0.064,-0.07,-0.31,-5.32,-229.07,4.95,-0.08,-0.045,0.058,-1.161,-0.049,-1.108,-0.002,,
2026-01-27 20:45:04.415,approach_machine_to_place,1138.832,-26.945,1133.596,2.722,-89.16,-2.551,-1.455,-37.534,-119.582,-181.778,-66.286,180.731,0.023,-2.373,0.751,0.043,-1.622,-0.062,0.01,-0.27,-5.48,-229.06,4.99,-0.04,-0.042,0.255,-1.1,-0.047,-0.85,0.004,,
2026-01-27 20:45:04.516,approach_machine_to_place,1139.196,-26.926,1131.045,2.731,-89.16,-2.559,-1.454,-37.719,-119.532,-181.774,-66.421,180.726,0.021,-2.242,0.689,0.04,-1.554,-0.059,-0.08,-0.25,-5.36,-229.06,4.94,-0.01,-0.04,0.413,-1.04,-0.046,-0.63,0.008,,
2026-01-27 20:45:04.617,approach_machine_to_place,1139.52,-26.908,1128.722,2.739,-89.16,-2.567,-1.452,-37.887,-119.486,-181.772,-66.544,180.722,0.019,-2.102,0.631,0.038,-1.472,-0.055,0.02,-0.22,-5.38,-229.02,4.93,0.05,-0.037,0.539,-0.982,-0.044,-0.445,0.012,,
2026-01-27 20:45:04.717,approach_machine_to_place,1139.81,-26.892,1126.607,2.746,-89.16,-2.573,-1.451,-38.04,-119.445,-181.769,-66.655,180.718,0.017,-1.96,0.577,0.035,-1.383,-0.052,-0.04,-0.22,-5.35,-228.92,4.99,0.04,-0.035,0.638,-0.925,-0.042,-0.29,0.015,,
2026-01-27 20:45:04.819,approach_machine_to_place,1140.069,-26.877,1124.682,2.751,-89.161,-2.578,-1.45,-38.179,-119.407,-181.767,-66.757,180.714,0.016,-1.818,0.528,0.032,-1.291,-0.048,0.03,-0.14,-5.36,-228.91,4.88,0.06,-0.032,0.713,-0.87,-0.04,-0.16,0.017,,
2026-01-27 20:45:04.921,approach_machine_to_place,1140.309,-26.863,1122.871,2.756,-89.161,-2.583,-1.449,-38.31,-119.371,-181.764,-66.852,180.71,0.015,-1.691,0.485,0.03,-1.207,-0.045,0.02,-0.12,-5.34,-229.01,4.89,-0.04,-0.03,0.724,-0.806,-0.038,-0.084,0.018,,
2026-01-27 20:45:05.022,approach_machine_to_place,1140.516,-26.85,1121.281,2.76,-89.161,-2.587,-1.448,-38.425,-119.34,-181.762,-66.936,180.707,0.013,-1.555,0.441,0.027,-1.114,-0.041,-0.04,-0.15,-5.44,-228.98,4.88,0.07,-0.028,0.813,-0.769,-0.037,0.042,0.02,,
2026-01-27 20:45:05.122,approach_machine_to_place,1140.702,-26.839,1119.835,2.763,-89.161,-2.59,-1.447,-38.529,-119.311,-181.761,-67.012,180.705,0.012,-1.427,0.402,0.025,-1.026,-0.038,-0.02,-0.19,-5.33,-228.91,4.91,0.01,-0.026,0.836,-0.72,-0.035,0.114,0.021,,
2026-01-27 20:45:05.226,approach_machine_to_place,1140.875,-26.828,1118.475,2.766,-89.161,-2.593,-1.446,-38.628,-119.285,-181.759,-67.083,180.702,0.011,-1.316,0.368,0.023,-0.948,-0.035,0.03,-0.05,-5.26,-228.88,4.84,0.05,-0.024,0.815,-0.665,-0.032,0.148,0.02,,
2026-01-27 20:45:05.329,approach_machine_to_place,1141.03,-26.818,1117.241,2.769,-89.161,-2.595,-1.446,-38.717,-119.261,-181.757,-67.148,180.699,0.01,-1.21,0.337,0.021,-0.873,-0.032,0.02,-0.09,-5.32,-228.91,4.91,0.05,-0.022,0.825,-0.624,-0.031,0.2,0.021,waypoint,
2026-01-27 20:45:05.431,place_on_machine,1141.169,-26.809,1116.122,2.771,-89.161,-2.597,-1.445,-38.797,-119.239,-181.756,-67.207,180.697,0.009,-1.109,0.307,0.019,-0.802,-0.03,-0.02,-0.03,-5.38,-228.91,4.84,0.17,-0.021,0.826,-0.584,-0.029,0.241,0.021,,
2026-01-27 20:45:05.533,place_on_machine,1141.289,-26.801,1115.14,2.773,-89.161,-2.599,-1.444,-38.868,-119.219,-181.755,-67.258,180.695,0.008,-1.008,0.279,0.017,-0.73,-0.027,-0.01,-0.09,-5.27,-228.96,4.89,0.05,-0.02,0.843,-0.552,-0.028,0.289,0.022,,
2026-01-27 20:45:05.633,place_on_machine,1141.364,-26.796,1114.525,2.774,-89.161,-2.6,-1.444,-38.912,-119.207,-181.754,-67.291,180.694,0.007,-0.867,0.239,0.015,-0.628,-0.023,0.01,-0.01,-5.29,-228.76,4.85,-0.0,-0.02,1.023,-0.569,-0.03,0.453,0.026,,
2026-01-27 20:45:05.735,place_on_machine,1141.452,-26.79,1113.803,2.775,-89.161,-2.601,-1.444,-38.964,-119.193,-181.753,-67.329,180.693,0.006,-0.78,0.215,0.013,-0.566,-0.021,-0.02,-0.06,-5.33,-228.91,4.97,0.04,-0.017,0.843,-0.491,-0.025,0.351,0.022,,
2026-01-27 20:45:05.836,place_on_machine,1141.545,-26.784,1113.03,2.776,-89.161,-2.602,-1.443,-39.02,-119.178,-181.752,-67.369,180.691,0.006,-0.724,0.199,0.012,-0.526,-0.019,0.07,0.01,-5.3,-228.91,4.89,0.0,-0.015,0.723,-0.432,-0.022,0.29,0.019,,
2026-01-27 20:45:05.938,place_on_machine,1141.629,-26.778,1112.328,2.777,-89.161,-2.603,-1.443,-39.071,-119.164,-181.751,-67.406,180.69,0.006,-0.67,0.183,0.011,-0.486,-0.018,0.01,-0.08,-5.28,-228.81,4.89,0.03,-0.014,0.701,-0.403,-0.021,0.298,0.018,,
2026-01-27 20:45:06.041,place_on_machine,1141.707,-26.773,1111.667,2.778,-89.161,-2.604,-1.442,-39.118,-119.151,-181.751,-67.441,180.689,0.005,-0.621,0.17,0.011,-0.451,-0.017,-0.07,-0.09,-5.31,-228.79,4.84,-0.01,-0.013,0.661,-0.371,-0.019,0.29,0.017,,
2026-01-27 20:45:06.143,place_on_machine,1141.776,-26.768,1111.088,2.779,-89.161,-2.605,-1.442,-39.16,-119.14,-181.75,-67.471,180.688,0.005,-0.57,0.156,0.01,-0.415,-0.015,-0.02,0.05,-5.24,-228.84,4.92,0.01,-0.012,0.654,-0.35,-0.018,0.304,0.017,,
2026-01-27 20:45:06.245,place_on_machine,1141.84,-26.764,1110.543,2.78,-89.161,-2.606,-1.442,-39.199,-119.13,-181.749,-67.5,180.687,0.004,-0.526,0.143,0.009,-0.382,-0.014,-0.03,-0.04,-5.34,-228.81,4.82,0.08,-0.011,0.613,-0.321,-0.017,0.291,0.016,,
2026-01-27 20:45:06.346,place_on_machine,1141.895,-26.76,1110.065,2.78,-89.161,-2.606,-1.441,-39.233,-119.12,-181.749,-67.525,180.686,0.004,-0.48,0.131,0.008,-0.349,-0.013,0.04,-0.0,-5.28,-228.87,4.85,0.04,-0.01,0.6,-0.302,-0.016,0.297,0.016,,
2026-01-27 20:45:06.449,place_on_machine,1141.947,-26.756,1109.615,2.781,-89.161,-2.607,-1.441,-39.266,-119.111,-181.748,-67.548,180.685,0.004,-0.441,0.12,0.008,-0.321,-0.012,-0.03,0.03,-5.27,-228.78,4.9,0.05,-0.009,0.561,-0.278,-0.015,0.283,0.015,,
2026-01-27 20:45:06.549,place_on_machine,1141.99,-26.753,1109.248,2.781,-89.161,-2.607,-1.441,-39.292,-119.104,-181.748,-67.567,180.684,0.003,-0.397,0.108,0.007,-0.289,-0.011,-0.0,-0.12,-5.29,-228.77,4.82,0.08,-0.009,0.564,-0.266,-0.014,0.297,0.015,,
2026-01-27 20:45:06.650,place_on_machine,1142.032,-26.75,1108.887,2.782,-89.161,-2.608,-1.441,-39.318,-119.097,-181.747,-67.586,180.683,0.003,-0.362,0.099,0.006,-0.264,-0.01,-0.09,0.07,-5.35,-228.89,4.87,0.13,-0.008,0.512,-0.241,-0.013,0.271,0.013,,
2026-01-27 20:45:06.752,place_on_machine,1142.071,-26.748,1108.547,2.782,-89.161,-2.608,-1.441,-39.343,-119.091,-181.747,-67.604,180.683,0.003,-0.333,0.091,0.006,-0.242,-0.009,0.02,0.06,-5.27,-228.77,4.98,0.03,-0.007,0.476,-0.221,-0.012,0.255,0.012,,
2026-01-27 20:45:06.854,place_on_machine,1142.105,-26.745,1108.25,2.783,-89.161,-2.608,-1.44,-39.364,-119.085,-181.746,-67.62,180.682,0.002,-0.303,0.082,0.005,-0.221,-0.008,0.0,0.04,-5.25,-228.77,4.97,0.07,-0.007,0.459,-0.207,-0.011,0.252,0.012,,
2026-01-27 20:45:06.957,place_on_machine,1142.137,-26.743,1107.97,2.783,-89.161,-2.609,-1.44,-39.384,-119.079,-181.746,-67.634,180.682,0.002,-0.278,0.076,0.005,-0.202,-0.007,0.0,-0.01,-5.15,-228.93,4.8,0.16,-0.006,0.426,-0.19,-0.01,0.236,0.011,,
2026-01-27 20:45:07.057,place_on_machine,1142.165,-26.741,1107.724,2.783,-89.161,-2.609,-1.44,-39.402,-119.074,-181.746,-67.647,180.681,0.002,-0.252,0.069,0.004,-0.184,-0.007,0.01,0.03,-5.3,-228.8,4.91,0.03,-0.006,0.408,-0.177,-0.01,0.23,0.011,,
2026-01-27 20:45:07.158,place_on_machine,1142.19,-26.739,1107.501,2.783,-89.161,-2.609,-1.44,-39.418,-119.07,-181.745,-67.659,180.681,0.002,-0.229,0.062,0.004,-0.167,-0.006,-0.01,0.01,-5.21,-228.82,4.86,0.04,-0.005,0.383,-0.164,-0.009,0.219,0.01,,
2026-01-27 20:45:07.259,place_on_machine,1142.213,-26.737,1107.298,2.784,-89.161,-2.609,-1.44,-39.432,-119.066,-181.745,-67.669,180.68,0.002,-0.208,0.057,0.004,-0.152,-0.006,-0.09,0.04,-5.31,-228.91,4.82,0.17,-0.005,0.359,-0.152,-0.008,0.208,0.009,,
2026-01-27 20:45:07.360,place_on_machine,1142.234,-26.736,1107.113,2.784,-89.161,-2.609,-1.44,-39.446,-119.063,-181.745,-67.679,180.68,0.002,-0.19,0.052,0.003,-0.138,-0.005,0.04,0.05,-5.26,-228.9,4.88,-0.02,-0.005,0.337,-0.14,-0.008,0.196,0.009,,
2026-01-27 20:45:07.462,place_on_machine,1142.253,-26.734,1106.945,2.784,-89.161,-2.61,-1.44,-39.458,-119.059,-181.745,-67.688,180.68,0.001,-0.172,0.047,0.003,-0.126,-0.005,0.03,0.0,-5.31,-228.81,4.76,0.13,-0.004,0.315,-0.129,-0.007,0.186,0.008,,
2026-01-27 20:45:07.562,place_on_machine,1142.27,-26.733,1106.793,2.784,-89.161,-2.61,-1.44,-39.469,-119.056,-181.745,-67.696,180.679,0.001,-0.157,0.043,0.003,-0.114,-0.004,0.04,0.11,-5.36,-228.81,4.88,0.04,-0.004,0.294,-0.119,-0.007,0.175,0.008,,
2026-01-27 20:45:07.663,place_on_machine,1142.286,-26.732,1106.649,2.784,-89.161,-2.61,-1.439,-39.479,-119.053,-181.744,-67.703,180.679,0.001,-0.143,0.039,0.002,-0.104,-0.004,-0.05,-0.01,-5.27,-228.81,4.89,0.12,-0.004,0.271,-0.109,-0.006,0.162,0.007,,
2026-01-27 20:45:07.766,place_on_machine,1142.301,-26.731,1106.514,2.784,-89.161,-2.61,-1.439,-39.489,-119.051,-181.744,-67.71,180.679,0.001,-0.132,0.036,0.002,-0.096,-0.004,0.07,0.04,-5.28,-228.86,4.83,0.03,-0.003,0.251,-0.1,-0.006,0.151,0.007,,
2026-01-27 20:45:08.070,place_on_machine,1142.338,-26.728,1106.19,2.785,-89.161,-2.61,-1.439,-39.512,-119.044,-181.744,-67.727,180.678,0.001,-0.1,0.027,0.002,-0.073,-0.003,-0.0,0.03,-5.31,-228.82,4.88,-0.01,-0.003,0.207,-0.08,-0.005,0.128,0.005,,
2026-01-27 20:45:08.376,place_on_machine,1142.364,-26.726,1105.949,2.785,-89.162,-2.61,-1.439,-39.529,-119.04,-181.744,-67.74,180.678,0.001,-0.075,0.02,0.001,-0.054,-0.002,0.01,0.01,-5.32,-228.75,4.8,0.03,-0.002,0.165,-0.062,-0.004,0.103,0.004,,
2026-01-27 20:45:08.680,place_on_machine,1142.384,-26.725,1105.772,2.785,-89.162,-2.611,-1.439,-39.542,-119.036,-181.743,-67.749,180.677,0.0,-0.056,0.015,0.001,-0.04,-0.001,-0.03,0.14,-5.27,-228.86,4.81,-0.05,-0.002,0.134,-0.049,-0.003,0.085,0.004,,
2026-01-27 20:45:08.982,place_on_machine,1142.398,-26.724,1105.645,2.785,-89.162,-2.611,-1.439,-39.551,-119.034,-181.743,-67.756,180.677,0.0,-0.041,0.011,0.001,-0.03,-0.001,0.06,-0.02,-5.36,-228.79,4.86,-0.01,-0.001,0.107,-0.038,-0.002,0.069,0.003,,
2026-01-27 20:45:09.388,place_on_machine,1142.412,-26.723,1105.522,2.785,-89.162,-2.611,-1.439,-39.56,-119.031,-181.743,-67.762,180.677,0.0,-0.028,0.007,0.0,-0.02,-0.001,-0.01,-0.03,-5.29,-228.84,4.91,0.07,-0.001,0.077,-0.027,-0.002,0.05,0.002,,
2026-01-27 20:45:09.691,place_on_machine,1142.419,-26.722,1105.455,2.785,-89.162,-2.611,-1.439,-39.565,-119.03,-181.743,-67.766,180.677,0.0,-0.021,0.006,0.0,-0.015,-0.001,-0.01,0.02,-5.33,-228.77,4.89,0.05,-0.001,0.061,-0.021,-0.001,0.04,0.002,,
2026-01-27 20:45:09.995,place_on_machine,1142.425,-26.722,1105.407,2.785,-89.162,-2.611,-1.439,-39.568,-119.029,-181.743,-67.768,180.677,0.0,-0.015,0.004,0.0,-0.011,-0.0,0.04,0.07,-5.28,-228.85,4.71,0.01,-0.001,0.047,-0.016,-0.001,0.031,0.001,,
2026-01-27 20:45:10.301,place_on_machine,1142.429,-26.721,1105.369,2.785,-89.162,-2.611,-1.439,-39.571,-119.028,-181.743,-67.77,180.677,0.0,-0.012,0.003,0.0,-0.008,-0.0,0.07,0.06,-5.3,-228.84,4.84,0.13,-0.0,0.037,-0.012,-0.001,0.025,0.001,,
2026-01-27 20:45:10.704,place_on_machine,1142.433,-26.721,1105.333,2.785,-89.162,-2.611,-1.439,-39.574,-119.028,-181.743,-67.772,180.677,0.0,-0.008,0.002,0.0,-0.006,-0.0,0.01,-0.02,-5.31,-228.83,4.81,-0.04,-0.0,0.026,-0.009,-0.001,0.018,0.001,,
2026-01-27 20:45:10.808,place_to_retreat_machine,1132.085,-26.833,1105.315,2.599,-89.162,-2.425,-1.459,-39.153,-119.94,-181.759,-68.265,180.666,-0.05,1.045,-2.28,-0.039,-1.235,-0.028,-0.01,0.14,-5.21,-228.8,4.81,0.11,-0.201,4.233,-9.134,-0.158,-4.903,-0.11,,
2026-01-27 20:45:10.909,place_to_retreat_machine,1115.047,-26.997,1105.332,2.336,-89.162,-2.161,-1.492,-38.466,-121.432,-181.784,-69.069,180.647,-0.12,2.502,-5.439,-0.094,-2.937,-0.066,0.03,0.08,-5.17,-228.83,4.82,0.04,-0.308,6.481,-14.012,-0.242,-7.533,-0.17,,
2026-01-27 20:45:11.012,place_to_retreat_machine,1098.962,-27.13,1105.395,2.139,-89.163,-1.964,-1.522,-37.822,-122.828,-181.808,-69.822,180.63,-0.166,3.486,-7.57,-0.131,-4.085,-0.092,-0.03,0.13,-5.3,-228.9,4.94,-0.06,-0.256,5.394,-11.659,-0.202,-6.266,-0.141,,
2026-01-27 20:45:11.114,place_to_retreat_machine,1085.256,-27.226,1105.484,2.009,-89.163,-1.834,-1.548,-37.278,-124.01,-181.829,-70.459,180.616,-0.19,3.975,-8.631,-0.149,-4.657,-0.105,0.05,0.16,-5.1,-228.94,4.91,0.09,-0.183,3.863,-8.342,-0.144,-4.48,-0.101,,
2026-01-27 20:45:11.217,place_to_retreat_machine,1072.283,-27.303,1105.598,1.919,-89.163,-1.744,-1.573,-36.766,-125.12,-181.848,-71.058,180.603,-0.203,4.262,-9.25,-0.16,-4.99,-0.112,-0.1,0.15,-5.09,-229.07,4.82,-0.06,-0.15,3.153,-6.804,-0.118,-3.652,-0.082,,
2026-01-27 20:45:11.319,place_to_retreat_machine,1060.846,-27.36,1105.721,1.865,-89.163,-1.69,-1.594,-36.317,-126.094,-181.865,-71.583,180.591,-0.206,4.318,-9.373,-0.162,-5.055,-0.114,0.01,0.11,-4.83,-229.1,4.89,-0.06,-0.105,2.206,-4.753,-0.082,-2.548,-0.057,,
2026-01-27 20:45:11.421,place_to_retreat_machine,1049.681,-27.405,1105.863,1.834,-89.164,-1.659,-1.615,-35.881,-127.04,-181.881,-72.093,180.579,-0.207,4.329,-9.394,-0.162,-5.067,-0.114,-0.05,0.15,-4.91,-229.14,4.9,0.08,-0.088,1.856,-3.998,-0.069,-2.142,-0.048,,
2026-01-27 20:45:11.523,place_to_retreat_machine,1040.193,-27.436,1105.999,1.826,-89.164,-1.651,-1.632,-35.512,-127.84,-181.895,-72.525,180.569,-0.199,4.169,-9.046,-0.156,-4.879,-0.11,-0.0,0.06,-4.92,-229.17,4.93,0.06,-0.047,0.999,-2.141,-0.037,-1.142,-0.026,,
2026-01-27 20:45:11.624,place_to_retreat_machine,1031.234,-27.459,1106.141,1.832,-89.164,-1.658,-1.649,-35.165,-128.593,-181.908,-72.931,180.56,-0.191,3.993,-8.666,-0.15,-4.674,-0.105,-0.04,0.05,-4.93,-229.28,4.86,0.03,-0.032,0.679,-1.45,-0.025,-0.771,-0.017,,
2026-01-27 20:45:11.727,place_to_retreat_machine,1023.084,-27.474,1106.281,1.85,-89.164,-1.676,-1.664,-34.851,-129.275,-181.92,-73.298,180.552,-0.18,3.781,-8.205,-0.142,-4.425,-0.1,0.08,0.07,-4.8,-229.34,4.83,-0.03,-0.013,0.287,-0.601,-0.011,-0.314,-0.007,,
2026-01-27 20:45:11.832,place_to_retreat_machine,1016.162,-27.483,1106.409,1.874,-89.164,-1.7,-1.677,-34.585,-129.853,-181.93,-73.61,180.545,-0.167,3.501,-7.597,-0.131,-4.097,-0.092,-0.05,0.11,-4.85,-229.48,4.82,0.08,0.011,-0.224,0.504,0.009,0.281,0.006,,
2026-01-27 20:45:11.933,place_to_retreat_machine,1009.603,-27.488,1106.536,1.905,-89.164,-1.73,-1.689,-34.333,-130.398,-181.939,-73.904,180.538,-0.155,3.255,-7.062,-0.122,-3.809,-0.086,0.01,0.06,-4.78,-229.41,4.87,-0.05,0.017,-0.348,0.773,0.013,0.425,0.01,,
2026-01-27 20:45:12.036,place_to_retreat_machine,1003.622,-27.49,1106.659,1.939,-89.164,-1.765,-1.7,-34.104,-130.895,-181.948,-74.172,180.532,-0.144,3.013,-6.538,-0.113,-3.526,-0.079,-0.03,0.03,-4.76,-229.46,4.94,0.08,0.026,-0.541,1.189,0.02,0.648,0.015,,
2026-01-27 20:45:12.138,place_to_retreat_machine,997.985,-27.489,1106.779,1.976,-89.165,-1.802,-1.71,-33.889,-131.361,-181.956,-74.423,180.527,-0.133,2.798,-6.07,-0.105,-3.273,-0.074,-0.01,0.05,-4.77,-229.56,4.89,0.02,0.03,-0.623,1.366,0.023,0.743,0.017,,
2026-01-27 20:45:12.239,place_to_retreat_machine,992.864,-27.487,1106.893,2.015,-89.165,-1.841,-1.719,-33.694,-131.785,-181.963,-74.652,180.522,-0.123,2.586,-5.61,-0.097,-3.025,-0.068,0.04,-0.09,-4.75,-229.55,4.9,0.08,0.037,-0.762,1.666,0.029,0.904,0.02,,
2026-01-27 20:45:12.341,place_to_retreat_machine,988.214,-27.482,1107.0,2.054,-89.165,-1.88,-1.728,-33.517,-132.168,-181.97,-74.858,180.517,-0.114,2.381,-5.167,-0.089,-2.786,-0.063,-0.0,-0.15,-4.73,-229.62,4.91,-0.02,0.042,-0.868,1.895,0.033,1.027,0.023,,
2026-01-27 20:45:12.442,place_to_retreat_machine,983.853,-27.477,1107.103,2.093,-89.165,-1.92,-1.735,-33.352,-132.527,-181.976,-75.052,180.513,-0.105,2.2,-4.772,-0.082,-2.574,-0.058,-0.02,0.02,-4.76,-229.6,4.88,0.1,0.043,-0.894,1.951,0.034,1.057,0.024,,
2026-01-27 20:45:12.545,place_to_retreat_machine,979.907,-27.471,1107.199,2.132,-89.165,-1.958,-1.743,-33.202,-132.851,-181.981,-75.227,180.509,-0.097,2.023,-4.39,-0.076,-2.367,-0.053,-0.0,0.1,-4.67,-229.67,4.95,0.14,0.046,-0.965,2.102,0.036,1.138,0.026,,
2026-01-27 20:45:12.646,place_to_retreat_machine,976.45,-27.465,1107.285,2.168,-89.165,-1.994,-1.749,-33.072,-133.135,-181.986,-75.38,180.505,-0.088,1.844,-4.002,-0.069,-2.158,-0.049,-0.03,-0.09,-4.76,-229.7,4.91,0.01,0.051,-1.056,2.299,0.04,1.243,0.028,,
2026-01-27 20:45:12.748,place_to_retreat_machine,973.313,-27.459,1107.364,2.202,-89.165,-2.029,-1.755,-32.953,-133.392,-181.991,-75.519,180.502,-0.08,1.68,-3.644,-0.063,-1.965,-0.044,0.08,-0.03,-4.8,-229.67,4.91,0.05,0.051,-1.072,2.334,0.04,1.262,0.028,,
2026-01-27 20:45:12.850,place_to_retreat_machine,970.467,-27.452,1107.438,2.234,-89.165,-2.061,-1.76,-32.846,-133.625,-181.995,-75.644,180.499,-0.073,1.528,-3.316,-0.057,-1.788,-0.04,-0.02,0.0,-4.6,-229.66,4.87,0.01,0.051,-1.076,2.341,0.04,1.266,0.029,,
2026-01-27 20:45:12.953,place_to_retreat_machine,967.799,-27.446,1107.508,2.266,-89.165,-2.093,-1.764,-32.745,-133.844,-181.999,-75.762,180.497,-0.067,1.398,-3.032,-0.052,-1.635,-0.037,0.02,-0.11,-4.71,-229.79,4.83,0.11,0.05,-1.037,2.256,0.039,1.219,0.028,,
2026-01-27 20:45:13.057,place_to_retreat_machine,965.463,-27.439,1107.57,2.294,-89.165,-2.122,-1.769,-32.657,-134.034,-182.002,-75.865,180.494,-0.06,1.268,-2.752,-0.048,-1.484,-0.033,0.02,-0.06,-4.69,-229.81,4.85,0.02,0.051,-1.059,2.304,0.04,1.245,0.028,,
2026-01-27 20:45:13.160,place_to_retreat_machine,963.345,-27.433,1107.627,2.321,-89.165,-2.148,-1.772,-32.577,-134.207,-182.005,-75.958,180.492,-0.055,1.15,-2.496,-0.043,-1.346,-0.03,0.03,-0.13,-4.61,-229.9,4.92,0.06,0.05,-1.036,2.252,0.039,1.217,0.027,,
2026-01-27 20:45:13.261,place_to_retreat_machine,961.423,-27.428,1107.679,2.346,-89.165,-2.173,-1.776,-32.505,-134.364,-182.008,-76.043,180.49,-0.05,1.044,-2.264,-0.039,-1.221,-0.028,0.07,-0.1,-4.65,-229.85,4.74,0.11,0.048,-1.007,2.189,0.038,1.182,0.027,,
2026-01-27 20:45:13.361,place_to_retreat_machine,959.737,-27.423,1107.726,2.368,-89.165,-2.196,-1.779,-32.442,-134.502,-182.01,-76.117,180.489,-0.045,0.941,-2.042,-0.035,-1.101,-0.025,0.06,-0.1,-4.71,-229.78,4.95,0.04,0.048,-0.995,2.163,0.037,1.168,0.026,,
2026-01-27 20:45:13.461,place_to_retreat_machine,958.202,-27.418,1107.768,2.389,-89.165,-2.216,-1.782,-32.384,-134.627,-182.012,-76.184,180.487,-0.041,0.85,-1.844,-0.032,-0.994,-0.022,-0.02,-0.15,-4.71,-229.83,4.9,0.12,0.046,-0.953,2.071,0.036,1.119,0.025,,
2026-01-27 20:45:13.564,place_to_retreat_machine,956.806,-27.413,1107.808,2.408,-89.165,-2.236,-1.784,-32.332,-134.741,-182.014,-76.246,180.486,-0.037,0.768,-1.667,-0.029,-0.899,-0.02,-0.0,-0.12,-4.69,-229.79,4.87,0.03,0.043,-0.91,1.977,0.034,1.068,0.024,,
2026-01-27 20:45:13.667,place_to_retreat_machine,955.492,-27.409,1107.845,2.426,-89.165,-2.254,-1.787,-32.282,-134.847,-182.016,-76.303,180.484,-0.033,0.7,-1.518,-0.026,-0.819,-0.018,-0.0,-0.12,-4.64,-229.86,4.89,0.04,0.041,-0.85,1.847,0.032,0.997,0.023,,
2026-01-27 20:45:13.768,place_to_retreat_machine,954.34,-27.405,1107.877,2.442,-89.165,-2.27,-1.789,-32.239,-134.941,-182.018,-76.354,180.483,-0.03,0.633,-1.373,-0.024,-0.74,-0.017,0.01,-0.2,-4.7,-229.9,4.92,0.07,0.039,-0.826,1.795,0.031,0.969,0.022,,
2026-01-27 20:45:13.868,place_to_retreat_machine,953.292,-27.401,1107.907,2.457,-89.165,-2.285,-1.79,-32.2,-135.027,-182.019,-76.4,180.482,-0.027,0.573,-1.243,-0.021,-0.67,-0.015,-0.02,-0.12,-4.73,-229.88,4.86,0.06,0.037,-0.782,1.7,0.029,0.918,0.021,waypoint,
2026-01-27 20:45:13.968,place_to_retreat_machine,943.407,-28.801,1179.381,34.724,-89.011,-33.919,-1.953,-25.887,-136.322,-182.914,-71.417,181.454,-0.428,16.211,-4.17,-2.255,11.955,2.418,-0.07,-1.4,-5.07,-231.27,4.6,0.01,-1.577,62.03,-10.568,-8.913,51.115,9.744,,
2026-01-27 20:45:14.069,place_to_retreat_machine,925.959,-30.008,1250.075,50.178,-88.748,-48.792,-2.121,-19.377,-137.653,-183.838,-66.274,182.458,-0.741,28.434,-6.456,-4.0,21.823,4.325,-0.07,-2.47,-5.41,-233.04,4.41,0.06,-1.47,57.801,-9.874,-8.305,47.603,9.102,,
2026-01-27 20:45:14.172,place_to_retreat_machine,904.251,-30.874,1310.678,56.26,-88.558,-54.431,-2.273,-13.496,-138.856,-184.673,-61.628,183.366,-0.935,36.028,-7.849,-5.086,27.982,5.513,0.01,-3.74,-5.79,-235.25,4.16,0.05,-1.161,45.73,-7.6,-6.582,37.874,7.221,,
2026-01-27 20:45:14.272,place_to_retreat_machine,881.816,-31.433,1359.15,58.494,-88.454,-56.36,-2.402,-8.521,-139.873,-185.378,-57.698,184.134,-1.022,39.459,-8.43,-5.579,30.813,6.054,-0.05,-4.68,-6.07,-237.62,4.07,0.06,-0.811,32.098,-4.988,-4.638,26.93,5.101,,
2026-01-27 20:45:14.373,place_to_retreat_machine,858.431,-31.801,1400.772,59.047,-88.408,-56.699,-2.518,-3.996,-140.799,-186.02,-54.123,184.832,-1.059,40.907,-8.636,-5.79,32.046,6.287,-0.05,-5.58,-6.38,-240.02,4.17,0.08,-0.614,24.387,-3.568,-3.536,20.681,3.896,,
2026-01-27 20:45:14.477,place_to_retreat_machine,834.063,-32.026,1437.607,58.567,-88.403,-56.078,-2.628,0.26,-141.669,-186.624,-50.761,185.489,-1.069,41.319,-8.653,-5.852,32.439,6.357,-0.01,-6.49,-6.67,-242.59,4.21,0.06,-0.483,19.253,-2.66,-2.8,16.483,3.09,,
2026-01-27 20:45:14.578,place_to_retreat_machine,810.157,-32.127,1468.95,57.387,-88.428,-54.824,-2.728,4.117,-142.458,-187.172,-47.714,186.084,-1.05,40.632,-8.462,-5.757,31.947,6.256,-0.0,-7.19,-6.95,-245.08,4.23,0.06,-0.332,13.346,-1.58,-1.955,11.69,2.166,,
2026-01-27 20:45:14.679,place_to_retreat_machine,787.906,-32.139,1494.757,55.782,-88.47,-53.2,-2.815,7.498,-143.149,-187.651,-45.043,186.606,-1.006,38.928,-8.075,-5.517,30.639,5.997,-0.06,-7.86,-7.12,-247.51,4.09,0.0,-0.176,7.253,-0.449,-1.084,6.762,1.215,,
2026-01-27 20:45:14.780,place_to_retreat_machine,766.711,-32.089,1516.829,53.847,-88.521,-51.284,-2.894,10.574,-143.778,-188.088,-42.613,187.081,-0.953,36.885,-7.629,-5.229,29.053,5.684,0.05,-8.52,-7.22,-249.79,4.23,0.03,-0.079,3.468,0.222,-0.542,3.669,0.622,,
2026-01-27 20:45:14.884,place_to_retreat_machine,746.024,-31.99,1536.34,51.588,-88.579,-49.077,-2.969,13.466,-144.37,-188.498,-40.328,187.527,-0.901,34.894,-7.2,-4.948,27.502,5.379,0.04,-9.09,-7.44,-251.95,4.23,0.15,-0.024,1.289,0.574,-0.227,1.854,0.277,,
2026-01-27 20:45:14.987,place_to_retreat_machine,726.699,-31.859,1552.961,49.145,-88.637,-46.71,-3.037,16.088,-144.906,-188.87,-38.257,187.932,-0.845,32.725,-6.741,-4.641,25.805,5.046,-0.02,-9.78,-7.67,-254.01,4.37,0.05,0.048,-1.546,1.07,0.179,-0.469,-0.169,,
2026-01-27 20:45:15.090,place_to_retreat_machine,708.756,-31.708,1567.14,46.581,-88.694,-44.24,-3.098,18.464,-145.392,-189.207,-36.379,188.299,-0.787,30.485,-6.271,-4.324,24.047,4.701,-0.09,-10.25,-7.68,-256.03,4.4,0.22,0.107,-3.844,1.465,0.509,-2.36,-0.53,,
2026-01-27 20:45:15.191,place_to_retreat_machine,692.724,-31.551,1578.868,44.042,-88.745,-41.802,-3.152,20.548,-145.818,-189.503,-34.734,188.62,-0.725,28.072,-5.768,-3.982,22.15,4.329,0.07,-10.58,-7.91,-257.88,4.46,0.44,0.172,-6.391,1.918,0.874,-4.44,-0.93,,
2026-01-27 20:45:15.293,place_to_retreat_machine,677.414,-31.383,1589.296,41.391,-88.794,-39.263,-3.202,22.507,-146.219,-189.781,-33.186,188.922,-0.67,25.952,-5.328,-3.681,20.482,4.003,-0.03,-10.98,-8.07,-259.46,4.49,0.79,0.187,-6.993,1.98,0.963,-4.976,-1.028,,
2026-01-27 20:45:15.393,place_to_retreat_machine,662.898,-31.209,1598.525,38.667,-88.84,-36.66,-3.25,24.341,-146.594,-190.041,-31.737,189.205,-0.621,24.049,-4.934,-3.411,18.983,3.71,0.12,-11.35,-8.14,-261.12,4.51,1.01,0.2,-7.545,2.038,1.044,-5.467,-1.119,,
2026-01-27 20:45:15.496,place_to_retreat_machine,650.068,-31.044,1606.174,36.088,-88.879,-34.197,-3.291,25.945,-146.922,-190.269,-30.47,189.453,-0.569,22.048,-4.52,-3.128,17.406,3.401,-0.0,-11.71,-8.18,-262.58,4.52,1.55,0.24,-9.088,2.304,1.266,-6.735,-1.361,,
2026-01-27 20:45:15.597,place_to_retreat_machine,639.117,-30.895,1612.34,33.758,-88.912,-31.975,-3.326,27.304,-147.2,-190.462,-29.396,189.662,-0.515,19.932,-4.085,-2.828,15.737,3.075,0.05,-11.94,-8.18,-263.87,4.58,1.87,0.279,-10.638,2.576,1.488,-8.004,-1.605,,
2026-01-27 20:45:15.701,place_to_retreat_machine,628.348,-30.743,1618.09,31.352,-88.943,-29.682,-3.36,28.631,-147.471,-190.65,-28.348,189.867,-0.472,18.267,-3.742,-2.591,14.424,2.818,0.08,-12.18,-8.22,-265.09,4.53,2.21,0.259,-9.887,2.383,1.384,-7.451,-1.493,,
2026-01-27 20:45:15.803,place_to_retreat_machine,618.533,-30.598,1623.067,29.062,-88.971,-27.501,-3.392,29.834,-147.717,-190.82,-27.398,190.053,-0.431,16.707,-3.422,-2.37,13.194,2.578,0.04,-12.3,-8.36,-266.16,4.66,2.52,0.265,-10.14,2.398,1.422,-7.687,-1.535,,
2026-01-27 20:45:15.905,place_to_retreat_machine,609.304,-30.457,1627.523,26.826,-88.996,-25.373,-3.421,30.96,-147.947,-190.98,-26.508,190.227,-0.396,15.346,-3.142,-2.177,12.12,2.368,0.02,-12.46,-8.28,-267.18,4.64,2.95,0.259,-9.894,2.316,1.388,-7.525,-1.5,,
2026-01-27 20:45:16.006,place_to_retreat_machine,601.467,-30.335,1631.14,24.867,-89.016,-23.51,-3.445,31.913,-148.142,-191.115,-25.756,190.374,-0.359,13.891,-2.844,-1.971,10.971,2.143,0.1,-12.67,-8.32,-268.18,4.67,3.24,0.278,-10.64,2.439,1.496,-8.143,-1.618,,
2026-01-27 20:45:16.108,place_to_retreat_machine,594.808,-30.228,1634.095,23.161,-89.033,-21.888,-3.466,32.72,-148.307,-191.23,-25.118,190.498,-0.321,12.436,-2.545,-1.764,9.823,1.919,0.04,-12.92,-8.35,-268.98,4.63,3.57,0.287,-11.03,2.492,1.552,-8.477,-1.68,,
2026-01-27 20:45:16.209,place_to_retreat_machine,588.248,-30.122,1636.902,21.444,-89.049,-20.256,-3.486,33.513,-148.47,-191.343,-24.491,190.621,-0.292,11.311,-2.315,-1.605,8.934,1.745,-0.03,-12.99,-8.39,-269.74,4.68,3.89,0.262,-10.065,2.271,1.417,-7.739,-1.534,,
2026-01-27 20:45:16.310,place_to_retreat_machine,582.269,-30.023,1639.37,19.851,-89.063,-18.743,-3.505,34.235,-148.617,-191.445,-23.921,190.732,-0.266,10.287,-2.105,-1.46,8.126,1.587,-0.0,-12.99,-8.4,-270.48,4.76,4.16,0.254,-9.776,2.191,1.377,-7.532,-1.491,,
2026-01-27 20:45:16.414,place_to_retreat_machine,576.638,-29.928,1641.618,18.326,-89.075,-17.295,-3.523,34.914,-148.756,-191.541,-23.385,190.837,-0.243,9.412,-1.926,-1.335,7.435,1.452,-0.03,-13.16,-8.35,-271.16,4.69,4.34,0.24,-9.229,2.06,1.3,-7.119,-1.408,,
2026-01-27 20:45:16.517,place_to_retreat_machine,571.527,-29.841,1643.595,16.923,-89.086,-15.964,-3.538,35.529,-148.882,-191.629,-22.899,190.931,-0.222,8.597,-1.759,-1.22,6.791,1.326,-0.01,-13.16,-8.3,-271.68,4.77,4.65,0.232,-8.941,1.984,1.26,-6.908,-1.365,,
2026-01-27 20:45:16.619,place_to_retreat_machine,566.888,-29.761,1645.337,15.635,-89.096,-14.743,-3.553,36.086,-148.996,-191.708,-22.458,191.017,-0.202,7.842,-1.604,-1.113,6.194,1.21,0.06,-13.35,-8.44,-272.26,4.67,4.85,0.224,-8.622,1.903,1.216,-6.672,-1.318,,
2026-01-27 20:45:16.722,place_to_retreat_machine,562.68,-29.688,1646.874,14.455,-89.105,-13.625,-3.566,36.592,-149.099,-191.779,-22.059,191.095,-0.184,7.145,-1.462,-1.014,5.644,1.102,0.01,-13.37,-8.3,-272.78,4.76,5.11,0.215,-8.282,1.819,1.168,-6.417,-1.266,,
2026-01-27 20:45:16.825,place_to_retreat_machine,558.862,-29.621,1648.234,13.377,-89.113,-12.603,-3.578,37.05,-149.193,-191.844,-21.697,191.166,-0.168,6.504,-1.33,-0.923,5.138,1.003,0.07,-13.5,-8.37,-273.13,4.75,5.18,0.206,-7.926,1.734,1.119,-6.149,-1.213,,
2026-01-27 20:45:16.925,place_to_retreat_machine,555.4,-29.559,1649.438,12.392,-89.119,-11.671,-3.588,37.465,-149.278,-191.903,-21.369,191.23,-0.153,5.916,-1.21,-0.839,4.674,0.913,0.03,-13.45,-8.39,-273.59,4.73,5.49,0.196,-7.562,1.648,1.068,-5.873,-1.158,,
2026-01-27 20:45:17.027,place_to_retreat_machine,552.26,-29.503,1650.508,11.494,-89.126,-10.821,-3.598,37.842,-149.355,-191.957,-21.072,191.288,-0.139,5.378,-1.1,-0.763,4.249,0.83,0.09,-13.55,-8.47,-273.99,4.8,5.58,0.187,-7.195,1.563,1.016,-5.592,-1.102,,
2026-01-27 20:45:17.130,place_to_retreat_machine,549.413,-29.452,1651.458,10.675,-89.131,-10.047,-3.607,38.183,-149.425,-192.005,-20.802,191.341,-0.126,4.887,-0.999,-0.693,3.86,0.754,0.02,-13.59,-8.34,-274.19,4.75,5.65,0.177,-6.827,1.479,0.964,-5.311,-1.046,,
2026-01-27 20:45:17.232,place_to_retreat_machine,546.746,-29.404,1652.332,9.906,-89.136,-9.319,-3.615,38.502,-149.49,-192.05,-20.55,191.39,-0.115,4.464,-0.913,-0.633,3.526,0.689,-0.01,-13.59,-8.45,-274.46,4.8,5.92,0.165,-6.363,1.375,0.899,-4.952,-0.975,,
2026-01-27 20:45:17.334,place_to_retreat_machine,544.337,-29.361,1653.108,9.209,-89.14,-8.66,-3.623,38.791,-149.549,-192.091,-20.322,191.435,-0.105,4.069,-0.832,-0.577,3.214,0.628,0.03,-13.61,-8.39,-274.76,4.8,6.06,0.157,-6.035,1.301,0.853,-4.701,-0.925,,
2026-01-27 20:45:17.435,place_to_retreat_machine,542.16,-29.321,1653.798,8.577,-89.144,-8.063,-3.629,39.051,-149.602,-192.128,-20.116,191.475,-0.096,3.703,-0.757,-0.525,2.926,0.571,-0.0,-13.62,-8.39,-275.11,4.74,6.2,0.148,-5.71,1.228,0.807,-4.451,-0.876,,
2026-01-27 20:45:17.538,place_to_retreat_machine,540.193,-29.285,1654.412,8.004,-89.148,-7.522,-3.635,39.287,-149.65,-192.162,-19.93,191.511,-0.087,3.366,-0.688,-0.478,2.659,0.519,0.02,-13.71,-8.36,-275.35,4.78,6.28,0.14,-5.391,1.157,0.762,-4.205,-0.827,,
2026-01-27 20:45:17.642,place_to_retreat_machine,538.415,-29.252,1654.96,7.486,-89.151,-7.033,-3.641,39.5,-149.694,-192.192,-19.762,191.544,-0.079,3.057,-0.625,-0.434,2.415,0.471,0.03,-13.7,-8.32,-275.58,4.78,6.37,0.132,-5.08,1.088,0.718,-3.964,-0.779,,
2026-01-27 20:45:17.742,place_to_retreat_machine,536.86,-29.224,1655.433,7.032,-89.153,-6.604,-3.646,39.686,-149.732,-192.218,-19.615,191.573,-0.071,2.758,-0.564,-0.391,2.179,0.425,0.06,-13.65,-8.48,-275.78,4.8,6.44,0.125,-4.838,1.033,0.684,-3.778,-0.742,,
2026-01-27 20:45:17.843,place_to_retreat_machine,535.451,-29.198,1655.858,6.62,-89.156,-6.215,-3.65,39.854,-149.766,-192.242,-19.482,191.599,-0.064,2.49,-0.509,-0.353,1.967,0.384,0.03,-13.78,-8.36,-275.82,4.71,6.57,0.117,-4.528,0.966,0.64,-3.538,-0.695,,
2026-01-27 20:45:17.943,place_to_retreat_machine,534.09,-29.173,1656.264,6.221,-89.158,-5.839,-3.654,40.017,-149.8,-192.265,-19.353,191.624,-0.059,2.275,-0.465,-0.323,1.797,0.351,-0.01,-13.78,-8.43,-276.08,4.69,6.52,0.107,-4.133,0.881,0.585,-3.23,-0.635,,
2026-01-27 20:45:18.047,place_to_retreat_machine,532.902,-29.151,1656.615,5.873,-89.16,-5.51,-3.658,40.16,-149.829,-192.286,-19.241,191.646,-0.053,2.061,-0.422,-0.292,1.628,0.318,-0.01,-13.73,-8.44,-276.2,4.75,6.68,0.102,-3.927,0.835,0.556,-3.071,-0.603,,
2026-01-27 20:45:18.147,place_to_retreat_machine,531.862,-29.131,1656.92,5.568,-89.162,-5.222,-3.661,40.284,-149.854,-192.303,-19.142,191.665,-0.048,1.857,-0.38,-0.263,1.467,0.286,0.03,-13.9,-8.42,-276.36,4.73,6.68,0.096,-3.713,0.788,0.525,-2.904,-0.57,,
2026-01-27 20:45:18.247,place_to_retreat_machine,530.889,-29.113,1657.203,5.282,-89.163,-4.953,-3.664,40.4,-149.878,-192.32,-19.05,191.683,-0.043,1.684,-0.344,-0.239,1.33,0.26,0.02,-13.74,-8.36,-276.36,4.81,6.78,0.089,-3.421,0.725,0.484,-2.677,-0.525,,
2026-01-27 20:45:18.350,place_to_retreat_machine,530.01,-29.097,1657.457,5.024,-89.165,-4.709,-3.667,40.505,-149.9,-192.335,-18.967,191.699,-0.039,1.526,-0.312,-0.216,1.205,0.235,0.04,-13.85,-8.33,-276.62,4.78,6.85,0.083,-3.191,0.676,0.452,-2.498,-0.49,,
2026-01-27 20:45:18.453,place_to_retreat_machine,529.216,-29.082,1657.685,4.79,-89.166,-4.489,-3.669,40.6,-149.919,-192.348,-18.892,191.714,-0.036,1.382,-0.283,-0.196,1.092,0.213,-0.0,-13.87,-8.34,-276.62,4.7,6.8,0.077,-2.974,0.629,0.421,-2.328,-0.457,waypoint,
2026-01-27 20:45:18.555,place_to_retreat_machine,537.166,-23.893,1665.177,149.6,-88.938,-145.004,-3.611,39.777,-149.223,-202.492,-21.895,201.686,0.119,-1.024,1.528,-25.508,-6.689,25.09,0.31,-14.61,-8.63,-295.34,5.95,14.65,0.678,-11.866,7.722,-100.929,-32.876,99.162,,
2026-01-27 20:45:18.658,place_to_retreat_machine,548.955,-14.36,1674.082,137.703,-87.68,-125.131,-3.519,38.453,-148.135,-218.192,-26.581,217.184,0.318,-4.075,3.866,-58.38,-16.73,57.563,0.1,-15.14,-8.64,-300.0,6.62,26.57,0.941,-15.67,10.865,-146.39,-46.413,144.508,,
2026-01-27 20:45:18.759,place_to_retreat_machine,557.838,-5.682,1678.777,95.441,-87.061,-75.457,-3.442,37.335,-147.216,-231.459,-30.54,230.28,0.432,-5.852,5.197,-76.952,-22.446,75.912,-0.12,-15.07,-8.5,-300.0,7.05,40.8,0.705,-12.053,8.093,-107.422,-34.511,106.036,,
2026-01-27 20:45:18.860,place_to_retreat_machine,564.93,1.918,1680.678,60.048,-84.408,-33.363,-3.372,36.322,-146.383,-243.484,-34.129,242.15,0.499,-6.922,5.981,-87.778,-25.807,86.61,-0.34,-14.72,-8.31,-300.0,7.02,56.64,0.562,-9.802,6.424,-84.267,-27.356,83.175,,
2026-01-27 20:45:18.961,place_to_retreat_machine,570.723,8.197,1680.511,45.994,-79.712,-13.485,-3.306,35.373,-145.603,-254.742,-37.489,253.262,0.538,-7.564,6.435,-93.977,-27.755,92.737,-0.61,-14.21,-7.89,-300.0,6.83,73.32,0.461,-8.174,5.249,-68.16,-22.328,67.273,,
2026-01-27 20:45:19.062,place_to_retreat_machine,575.151,12.615,1678.987,40.412,-74.168,-3.459,-3.249,34.543,-144.921,-264.589,-40.428,262.981,0.547,-7.747,6.532,-95.1,-28.163,93.851,-0.74,-13.41,-7.64,-300.0,6.37,90.09,0.333,-6.168,3.747,-47.24,-15.886,46.621,,
2026-01-27 20:45:19.163,place_to_retreat_machine,578.702,15.482,1676.683,37.516,-68.158,2.741,-3.197,33.791,-144.302,-273.514,-43.092,271.791,0.541,-7.691,6.445,-93.639,-27.782,92.413,-0.79,-12.8,-7.37,-300.0,5.92,106.8,0.246,-4.775,2.734,-33.303,-11.548,32.864,,
2026-01-27 20:45:19.263,place_to_retreat_machine,581.599,16.98,1674.014,35.64,-62.023,6.876,-3.15,33.109,-143.742,-281.605,-45.506,279.777,0.523,-7.473,6.235,-90.456,-26.873,89.273,-0.8,-12.12,-7.06,-300.0,5.32,123.03,0.173,-3.594,1.882,-21.622,-7.901,21.333,,
2026-01-27 20:45:19.367,place_to_retreat_machine,584.091,17.333,1671.176,34.101,-55.79,9.788,-3.106,32.471,-143.217,-289.179,-47.767,287.252,0.503,-7.2,5.988,-86.777,-25.806,85.643,-0.84,-11.49,-6.74,-300.0,4.75,138.75,0.125,-2.799,1.336,-14.293,-5.569,14.098,,
2026-01-27 20:45:19.469,place_to_retreat_machine,586.145,16.757,1668.551,32.731,-50.028,11.689,-3.067,31.913,-142.758,-295.804,-49.744,293.791,0.474,-6.796,5.639,-81.646,-24.298,80.579,-0.64,-11.02,-6.41,-300.0,4.13,153.6,0.057,-1.72,0.545,-3.375,-2.18,3.322,,
2026-01-27 20:45:19.570,place_to_retreat_machine,588.002,15.447,1666.078,31.32,-44.443,12.963,-3.031,31.39,-142.328,-302.006,-51.595,299.912,0.446,-6.404,5.303,-76.739,-22.851,75.737,-0.69,-10.36,-6.11,-300.0,3.61,167.95,0.027,-1.191,0.198,1.194,-0.699,-1.187,,
2026-01-27 20:45:19.671,place_to_retreat_machine,589.606,13.686,1663.977,29.92,-39.459,13.689,-2.999,30.933,-141.953,-307.431,-53.214,305.266,0.413,-5.946,4.917,-71.117,-21.186,70.187,-0.65,-10.07,-5.81,-300.0,3.1,181.25,-0.021,-0.417,-0.361,8.844,1.69,-8.738,,
2026-01-27 20:45:19.772,place_to_retreat_machine,591.067,11.596,1662.177,28.476,-34.905,14.033,-2.971,30.518,-141.612,-312.349,-54.682,310.119,0.382,-5.495,4.539,-65.631,-19.558,64.773,-0.54,-9.62,-5.75,-300.0,2.54,193.65,-0.048,0.052,-0.676,13.035,3.036,-12.874,,
2026-01-27 20:45:19.874,place_to_retreat_machine,592.414,9.306,1660.673,26.994,-30.782,14.082,-2.945,30.143,-141.303,-316.806,-56.012,314.517,0.351,-5.061,4.177,-60.367,-17.994,59.577,-0.4,-9.28,-5.52,-300.0,2.16,205.16,-0.07,0.435,-0.927,16.332,4.105,-16.128,,
2026-01-27 20:45:19.975,place_to_retreat_machine,593.668,6.914,1659.442,25.488,-27.078,13.904,-2.921,29.802,-141.023,-320.846,-57.218,318.505,0.322,-4.647,3.832,-55.376,-16.51,54.651,-0.34,-9.03,-5.41,-300.0,1.74,215.8,-0.088,0.743,-1.123,18.869,4.939,-18.632,,
2026-01-27 20:45:20.078,place_to_retreat_machine,594.841,4.495,1658.458,23.975,-23.771,13.555,-2.9,29.494,-140.769,-324.509,-58.311,322.119,0.295,-4.257,3.509,-50.688,-15.115,50.023,-0.42,-8.78,-5.21,-300.0,1.31,225.54,-0.101,0.987,-1.273,20.763,5.574,-20.499,,
2026-01-27 20:45:20.179,place_to_retreat_machine,595.942,2.104,1657.687,22.471,-20.833,13.079,-2.88,29.214,-140.539,-327.828,-59.301,325.395,0.27,-3.892,3.206,-46.315,-13.813,45.707,-0.31,-8.84,-5.01,-300.0,1.11,234.64,-0.111,1.177,-1.383,22.113,6.039,-21.831,,
2026-01-27 20:45:20.279,place_to_retreat_machine,597.01,-0.296,1657.083,20.94,-18.149,12.493,-2.862,28.952,-140.324,-330.936,-60.229,328.461,0.248,-3.574,2.943,-42.506,-12.679,41.947,-0.35,-8.46,-4.89,-300.0,0.9,243.08,-0.112,1.238,-1.392,22.021,6.068,-21.741,,
2026-01-27 20:45:20.382,place_to_retreat_machine,597.978,-2.518,1656.654,19.498,-15.868,11.866,-2.846,28.723,-140.136,-333.654,-61.04,331.144,0.225,-3.253,2.678,-38.675,-11.537,38.166,-0.23,-8.43,-4.73,-300.0,0.65,250.69,-0.124,1.442,-1.522,23.713,6.623,-23.409,,
2026-01-27 20:45:20.483,place_to_retreat_machine,598.916,-4.697,1656.344,18.058,-13.797,11.18,-2.832,28.508,-139.959,-336.199,-61.8,333.655,0.206,-2.976,2.449,-35.368,-10.552,34.903,-0.31,-8.29,-4.57,-300.0,0.49,257.74,-0.121,1.444,-1.49,23.077,6.479,-22.782,,
2026-01-27 20:45:20.583,place_to_retreat_machine,599.736,-6.611,1656.154,16.769,-12.102,10.525,-2.819,28.327,-139.81,-338.352,-62.442,335.779,0.186,-2.686,2.21,-31.908,-9.52,31.488,-0.29,-8.11,-4.56,-300.0,0.38,264.14,-0.132,1.63,-1.613,24.689,7.001,-24.372,,
2026-01-27 20:45:20.685,place_to_retreat_machine,600.503,-8.405,1656.041,15.538,-10.61,9.869,-2.808,28.162,-139.675,-340.31,-63.026,337.711,0.168,-2.427,1.997,-28.826,-8.601,28.446,-0.33,-8.11,-4.47,-300.0,0.25,269.96,-0.13,1.632,-1.587,24.168,6.882,-23.857,,
2026-01-27 20:45:20.786,place_to_retreat_machine,601.245,-10.137,1655.989,14.33,-9.254,9.199,-2.797,28.007,-139.547,-342.151,-63.576,339.528,0.153,-2.208,1.816,-26.223,-7.824,25.876,-0.26,-8.01,-4.39,-300.0,0.04,275.29,-0.124,1.567,-1.509,22.918,6.542,-22.623,,
2026-01-27 20:45:20.891,place_to_retreat_machine,601.679,-11.148,1655.983,13.615,-8.499,8.792,-2.791,27.918,-139.474,-343.207,-63.891,340.569,0.13,-1.878,1.545,-22.305,-6.656,22.01,-0.31,-7.9,-4.26,-300.0,0.0,279.92,-0.157,2.073,-1.902,28.488,8.234,-28.118,,
2026-01-27 20:45:20.993,place_to_retreat_machine,602.205,-12.37,1656.0,12.741,-7.622,8.285,-2.783,27.812,-139.387,-344.465,-64.266,341.81,0.116,-1.674,1.377,-19.874,-5.93,19.611,-0.15,-7.87,-4.25,-300.0,-0.06,284.11,-0.13,1.694,-1.572,23.611,6.805,-23.305,,
2026-01-27 20:45:21.093,place_to_retreat_machine,602.784,-13.707,1656.047,11.771,-6.704,7.711,-2.776,27.697,-139.293,-345.822,-64.671,343.149,0.107,-1.541,1.268,-18.298,-5.46,18.055,-0.21,-7.92,-4.23,-300.0,-0.07,287.87,-0.111,1.442,-1.346,20.26,5.829,-19.998,,
2026-01-27 20:45:21.195,place_to_retreat_machine,603.343,-14.989,1656.12,10.83,-5.866,7.144,-2.768,27.589,-139.204,-347.104,-65.054,344.414,0.099,-1.426,1.173,-16.929,-5.052,16.704,-0.2,-7.79,-4.1,-300.0,-0.19,291.37,-0.104,1.36,-1.263,18.983,5.47,-18.737,,
2026-01-27 20:45:21.297,place_to_retreat_machine,603.86,-16.17,1656.21,9.952,-5.129,6.607,-2.761,27.491,-139.123,-348.27,-65.402,345.565,0.091,-1.315,1.082,-15.612,-4.659,15.404,-0.22,-7.74,-4.05,-300.0,-0.18,294.6,-0.101,1.322,-1.217,18.244,5.269,-18.008,,
2026-01-27 20:45:21.400,place_to_retreat_machine,604.355,-17.292,1656.317,9.108,-4.459,6.084,-2.755,27.399,-139.047,-349.367,-65.729,346.647,0.084,-1.218,1.001,-14.451,-4.312,14.258,-0.08,-7.69,-3.98,-300.0,-0.15,297.58,-0.095,1.249,-1.144,17.115,4.949,-16.893,,
2026-01-27 20:45:21.500,place_to_retreat_machine,604.781,-18.251,1656.424,8.38,-3.91,5.627,-2.749,27.32,-138.983,-350.295,-66.006,347.563,0.077,-1.109,0.912,-13.159,-3.927,12.984,-0.22,-7.61,-3.94,-300.0,-0.21,300.0,-0.095,1.265,-1.146,17.084,4.956,-16.862,,
2026-01-27 20:45:21.601,place_to_retreat_machine,605.188,-19.165,1656.539,7.68,-3.407,5.185,-2.744,27.246,-138.922,-351.173,-66.268,348.429,0.07,-1.016,0.836,-12.063,-3.6,11.902,-0.09,-7.63,-3.94,-300.0,-0.22,300.0,-0.088,1.182,-1.067,15.888,4.613,-15.681,,
2026-01-27 20:45:21.704,place_to_retreat_machine,605.59,-20.058,1656.663,6.989,-2.933,4.745,-2.739,27.175,-138.863,-352.025,-66.523,349.269,0.065,-0.942,0.774,-11.178,-3.336,11.028,-0.12,-7.64,-3.83,-300.0,-0.33,300.0,-0.081,1.085,-0.977,14.551,4.227,-14.362,,
2026-01-27 20:45:21.804,place_to_retreat_machine,605.934,-20.818,1656.779,6.397,-2.544,4.365,-2.735,27.114,-138.813,-352.746,-66.738,349.98,0.059,-0.858,0.706,-10.185,-3.04,10.049,-0.25,-7.61,-3.96,-300.0,-0.33,300.0,-0.081,1.087,-0.971,14.409,4.196,-14.221,,
2026-01-27 20:45:21.906,place_to_retreat_machine,606.239,-21.49,1656.888,5.87,-2.212,4.025,-2.732,27.06,-138.769,-353.379,-66.927,350.605,0.054,-0.777,0.639,-9.222,-2.752,9.099,-0.11,-7.6,-3.87,-300.0,-0.25,300.0,-0.078,1.052,-0.934,13.844,4.038,-13.663,,
2026-01-27 20:45:22.008,place_to_retreat_machine,606.52,-22.105,1656.995,5.384,-1.916,3.711,-2.728,27.012,-138.729,-353.957,-67.099,351.175,0.049,-0.705,0.579,-8.362,-2.495,8.249,-0.14,-7.56,-3.77,-300.0,-0.28,300.0,-0.073,0.994,-0.879,13.013,3.799,-12.843,,
2026-01-27 20:45:22.110,place_to_retreat_machine,606.778,-22.669,1657.097,4.937,-1.653,3.42,-2.725,26.967,-138.693,-354.484,-67.257,351.696,0.044,-0.64,0.526,-7.59,-2.265,7.488,-0.11,-7.53,-3.9,-300.0,-0.27,300.0,-0.069,0.937,-0.826,12.217,3.57,-12.057,,
2026-01-27 20:45:22.211,place_to_retreat_machine,607.016,-23.185,1657.195,4.526,-1.418,3.151,-2.722,26.927,-138.659,-354.966,-67.4,352.17,0.04,-0.581,0.478,-6.896,-2.058,6.803,-0.09,-7.55,-3.83,-300.0,-0.28,300.0,-0.065,0.882,-0.776,11.456,3.351,-11.306,,
2026-01-27 20:45:22.313,place_to_retreat_machine,607.235,-23.658,1657.288,4.147,-1.208,2.903,-2.72,26.89,-138.629,-355.405,-67.531,352.604,0.037,-0.528,0.434,-6.27,-1.871,6.185,0.03,-7.53,-3.76,-300.0,-0.3,300.0,-0.061,0.829,-0.727,10.731,3.141,-10.591,,
2026-01-27 20:45:22.415,place_to_retreat_machine,607.436,-24.09,1657.376,3.8,-1.021,2.675,-2.717,26.856,-138.601,-355.806,-67.651,352.999,0.033,-0.481,0.395,-5.705,-1.702,5.628,0.01,-7.47,-3.75,-300.0,-0.15,300.0,-0.057,0.779,-0.681,10.042,2.942,-9.91,,
2026-01-27 20:45:22.515,place_to_retreat_machine,607.613,-24.471,1657.456,3.492,-0.859,2.472,-2.715,26.826,-138.577,-356.159,-67.756,353.347,0.03,-0.435,0.358,-5.161,-1.54,5.091,-0.14,-7.47,-3.74,-300.0,-0.23,300.0,-0.054,0.741,-0.646,9.518,2.791,-9.393,,
2026-01-27 20:45:22.619,place_to_retreat_machine,607.783,-24.834,1657.533,3.198,-0.707,2.278,-2.713,26.798,-138.553,-356.494,-67.856,353.678,0.027,-0.397,0.326,-4.708,-1.405,4.644,-0.03,-7.44,-3.8,-300.0,-0.23,300.0,-0.05,0.682,-0.594,8.745,2.565,-8.63,,
2026-01-27 20:45:22.721,place_to_retreat_machine,607.928,-25.143,1657.601,2.948,-0.582,2.113,-2.712,26.774,-138.534,-356.778,-67.941,353.958,0.025,-0.357,0.294,-4.241,-1.266,4.184,-0.08,-7.53,-3.7,-300.0,-0.29,300.0,-0.048,0.657,-0.57,8.38,2.461,-8.27,,
2026-01-27 20:45:22.825,place_to_retreat_machine,608.071,-25.448,1657.67,2.699,-0.459,1.948,-2.71,26.75,-138.514,-357.059,-68.025,354.235,0.023,-0.327,0.269,-3.883,-1.159,3.83,-0.07,-7.49,-3.79,-300.0,-0.25,300.0,-0.043,0.594,-0.515,7.573,2.224,-7.474,,
2026-01-27 20:45:22.927,place_to_retreat_machine,608.189,-25.697,1657.727,2.496,-0.36,1.814,-2.709,26.731,-138.498,-357.288,-68.093,354.461,0.02,-0.294,0.241,-3.485,-1.04,3.437,-0.14,-7.46,-3.72,-300.0,-0.21,300.0,-0.042,0.578,-0.5,7.335,2.156,-7.238,,
2026-01-27 20:45:23.030,place_to_retreat_machine,608.31,-25.955,1657.787,2.285,-0.26,1.674,-2.707,26.711,-138.482,-357.524,-68.164,354.694,0.019,-0.27,0.222,-3.204,-0.956,3.161,-0.09,-7.52,-3.69,-300.0,-0.11,300.0,-0.037,0.514,-0.444,6.528,1.919,-6.442,,
2026-01-27 20:45:23.130,place_to_retreat_machine,608.418,-26.182,1657.84,2.099,-0.172,1.55,-2.706,26.694,-138.468,-357.732,-68.226,354.899,0.017,-0.246,0.203,-2.923,-0.872,2.884,-0.02,-7.51,-3.61,-300.0,-0.28,300.0,-0.035,0.487,-0.42,6.158,1.811,-6.077,,
2026-01-27 20:45:23.231,place_to_retreat_machine,608.52,-26.398,1657.892,1.922,-0.091,1.432,-2.705,26.677,-138.454,-357.929,-68.285,355.094,0.016,-0.226,0.186,-2.686,-0.802,2.65,-0.07,-7.44,-3.82,-300.0,-0.24,300.0,-0.032,0.447,-0.385,5.648,1.662,-5.573,,
2026-01-27 20:45:23.332,place_to_retreat_machine,608.61,-26.588,1657.938,1.766,-0.019,1.328,-2.704,26.662,-138.442,-358.103,-68.337,355.265,0.014,-0.206,0.17,-2.449,-0.731,2.416,-0.02,-7.38,-3.65,-300.0,-0.28,300.0,-0.03,0.422,-0.363,5.319,1.566,-5.249,,
2026-01-27 20:45:23.435,place_to_retreat_machine,608.696,-26.769,1657.982,1.617,0.048,1.229,-2.703,26.648,-138.43,-358.268,-68.386,355.428,0.013,-0.19,0.156,-2.25,-0.671,2.219,-0.01,-7.41,-3.67,-300.0,-0.18,300.0,-0.028,0.387,-0.333,4.876,1.436,-4.811,,
2026-01-27 20:45:23.535,place_to_retreat_machine,608.772,-26.928,1658.021,1.486,0.106,1.142,-2.702,26.636,-138.42,-358.414,-68.429,355.571,0.012,-0.173,0.142,-2.05,-0.612,2.022,0.02,-7.52,-3.76,-300.0,-0.28,300.0,-0.026,0.365,-0.313,4.586,1.351,-4.525,,
2026-01-27 20:45:23.636,place_to_retreat_machine,608.842,-27.074,1658.057,1.365,0.159,1.062,-2.701,26.625,-138.411,-358.547,-68.469,355.703,0.011,-0.158,0.13,-1.87,-0.558,1.845,0.02,-7.37,-3.71,-300.0,-0.21,300.0,-0.024,0.339,-0.29,4.25,1.253,-4.193,,
2026-01-27 20:45:23.737,place_to_retreat_machine,608.906,-27.207,1658.091,1.255,0.207,0.988,-2.701,26.615,-138.403,-358.668,-68.505,355.823,0.01,-0.144,0.118,-1.707,-0.51,1.684,-0.03,-7.46,-3.69,-300.0,-0.34,300.0,-0.022,0.315,-0.269,3.937,1.161,-3.885,,
2026-01-27 20:45:23.841,place_to_retreat_machine,608.967,-27.334,1658.123,1.15,0.253,0.918,-2.7,26.605,-138.395,-358.784,-68.54,355.937,0.009,-0.132,0.109,-1.57,-0.468,1.548,-0.09,-7.39,-3.6,-300.0,-0.26,300.0,-0.021,0.288,-0.246,3.605,1.063,-3.557,,
2026-01-27 20:45:23.941,place_to_retreat_machine,609.022,-27.45,1658.153,1.054,0.294,0.854,-2.699,26.596,-138.387,-358.89,-68.571,356.041,0.008,-0.121,0.1,-1.441,-0.43,1.421,-0.09,-7.37,-3.7,-300.0,-0.21,300.0,-0.019,0.268,-0.229,3.345,0.987,-3.301,,
2026-01-27 20:45:24.042,place_to_retreat_machine,609.069,-27.548,1658.178,0.972,0.328,0.799,-2.699,26.588,-138.381,-358.979,-68.598,356.129,0.008,-0.11,0.09,-1.305,-0.389,1.287,0.04,-7.39,-3.72,-300.0,-0.23,300.0,-0.018,0.255,-0.217,3.171,0.936,-3.129,,
2026-01-27 20:45:24.143,place_to_retreat_machine,609.114,-27.642,1658.202,0.894,0.361,0.747,-2.698,26.581,-138.375,-359.065,-68.623,356.213,0.007,-0.1,0.083,-1.192,-0.356,1.175,-0.02,-7.39,-3.71,-300.0,-0.21,300.0,-0.017,0.233,-0.198,2.896,0.855,-2.857,,
2026-01-27 20:45:24.245,wait_for_machining,609.157,-27.731,1658.225,0.82,0.392,0.698,-2.698,26.574,-138.37,-359.146,-68.648,356.293,0.006,-0.092,0.076,-1.096,-0.327,1.081,-0.05,-7.45,-3.63,-300.0,-0.18,300.0,-0.015,0.213,-0.181,2.649,0.782,-2.614,,
2026-01-27 20:45:24.347,wait_for_machining,609.195,-27.81,1658.246,0.755,0.42,0.654,-2.697,26.568,-138.365,-359.217,-68.669,356.364,0.006,-0.084,0.069,-1.001,-0.299,0.987,0.03,-7.47,-3.62,-300.0,-0.18,300.0,-0.014,0.2,-0.17,2.481,0.733,-2.448,,
2026-01-27 20:45:24.448,wait_for_machining,609.231,-27.884,1658.265,0.693,0.445,0.613,-2.697,26.563,-138.36,-359.285,-68.689,356.43,0.005,-0.078,0.064,-0.92,-0.274,0.907,-0.06,-7.46,-3.64,-300.0,-0.18,300.0,-0.013,0.183,-0.155,2.269,0.671,-2.239,,
2026-01-27 20:45:24.549,wait_for_machining,609.265,-27.955,1658.284,0.635,0.469,0.573,-2.697,26.557,-138.356,-359.349,-68.708,356.493,0.005,-0.072,0.059,-0.85,-0.254,0.838,-0.04,-7.35,-3.7,-300.0,-0.22,300.0,-0.012,0.168,-0.142,2.08,0.615,-2.052,,
2026-01-27 20:45:24.650,wait_for_machining,609.296,-28.019,1658.301,0.581,0.491,0.538,-2.696,26.552,-138.352,-359.407,-68.726,356.551,0.005,-0.066,0.054,-0.783,-0.234,0.772,-0.1,-7.47,-3.61,-300.0,-0.2,300.0,-0.011,0.156,-0.132,1.93,0.57,-1.904,,
2026-01-27 20:45:24.753,wait_for_machining,609.324,-28.077,1658.316,0.533,0.511,0.505,-2.696,26.548,-138.348,-359.46,-68.741,356.603,0.004,-0.061,0.05,-0.719,-0.215,0.709,-0.04,-7.38,-3.65,-300.0,-0.21,300.0,-0.01,0.145,-0.123,1.789,0.529,-1.765,,
2026-01-27 20:45:24.853,wait_for_machining,609.348,-28.128,1658.33,0.49,0.528,0.477,-2.696,26.544,-138.345,-359.506,-68.755,356.649,0.004,-0.055,0.045,-0.656,-0.196,0.647,0.05,-7.39,-3.66,-300.0,-0.09,300.0,-0.01,0.136,-0.115,1.675,0.495,-1.652,,
2026-01-27 20:45:24.956,wait_for_machining,609.372,-28.177,1658.342,0.45,0.545,0.449,-2.696,26.54,-138.342,-359.55,-68.768,356.692,0.004,-0.051,0.042,-0.602,-0.18,0.593,-0.03,-7.35,-3.6,-300.0,-0.17,300.0,-0.009,0.124,-0.105,1.533,0.454,-1.512,,
2026-01-27 20:45:25.056,wait_for_machining,609.393,-28.221,1658.354,0.413,0.56,0.425,-2.695,26.537,-138.339,-359.59,-68.78,356.732,0.003,-0.046,0.038,-0.551,-0.164,0.543,-0.03,-7.36,-3.68,-300.0,-0.2,300.0,-0.008,0.115,-0.097,1.419,0.42,-1.4,,
2026-01-27 20:45:25.157,wait_for_machining,609.412,-28.26,1658.365,0.381,0.573,0.403,-2.695,26.534,-138.336,-359.625,-68.791,356.766,0.003,-0.042,0.035,-0.501,-0.15,0.494,0.07,-7.36,-3.6,-300.0,-0.17,300.0,-0.008,0.108,-0.091,1.326,0.393,-1.308,,
2026-01-27 20:45:25.258,wait_for_machining,609.429,-28.296,1658.374,0.35,0.585,0.383,-2.695,26.531,-138.334,-359.658,-68.801,356.799,0.003,-0.039,0.032,-0.459,-0.137,0.452,-0.06,-7.44,-3.7,-300.0,-0.22,300.0,-0.007,0.099,-0.083,1.213,0.359,-1.197,,
2026-01-27 20:45:25.360,wait_for_machining,609.446,-28.329,1658.383,0.323,0.596,0.364,-2.695,26.529,-138.332,-359.689,-68.81,356.829,0.002,-0.035,0.029,-0.419,-0.125,0.414,0.05,-7.34,-3.67,-300.0,-0.15,300.0,-0.006,0.091,-0.077,1.121,0.332,-1.106,,
2026-01-27 20:45:25.464,wait_for_machining,609.46,-28.36,1658.391,0.297,0.606,0.347,-2.695,26.526,-138.33,-359.716,-68.818,356.856,0.002,-0.032,0.027,-0.383,-0.114,0.378,-0.03,-7.34,-3.67,-300.0,-0.13,300.0,-0.006,0.084,-0.071,1.037,0.307,-1.023,,
2026-01-27 20:45:25.566,wait_for_machining,609.473,-28.385,1658.398,0.276,0.615,0.333,-2.694,26.524,-138.329,-359.739,-68.825,356.879,0.002,-0.029,0.024,-0.346,-0.103,0.341,-0.04,-7.4,-3.67,-300.0,-0.18,300.0,-0.006,0.08,-0.067,0.975,0.289,-0.962,,
2026-01-27 20:45:25.668,wait_for_machining,609.484,-28.41,1658.405,0.256,0.623,0.319,-2.694,26.523,-138.327,-359.761,-68.831,356.9,0.002,-0.026,0.022,-0.314,-0.094,0.31,-0.04,-7.35,-3.61,-300.0,-0.08,300.0,-0.005,0.073,-0.061,0.889,0.263,-0.877,,
2026-01-27 20:45:25.768,wait_for_machining,609.495,-28.433,1658.411,0.236,0.63,0.306,-2.694,26.521,-138.326,-359.782,-68.838,356.921,0.002,-0.024,0.02,-0.288,-0.086,0.284,0.05,-7.38,-3.66,-300.0,-0.21,300.0,-0.005,0.066,-0.056,0.812,0.241,-0.801,,
2026-01-27 20:45:25.871,wait_for_machining,609.505,-28.453,1658.417,0.22,0.637,0.295,-2.694,26.519,-138.324,-359.8,-68.843,356.939,0.002,-0.022,0.018,-0.262,-0.078,0.258,-0.02,-7.44,-3.61,-300.0,-0.23,300.0,-0.004,0.062,-0.052,0.757,0.224,-0.746,,
2026-01-27 20:45:25.972,wait_for_machining,609.514,-28.472,1658.422,0.204,0.643,0.284,-2.694,26.518,-138.323,-359.818,-68.848,356.956,0.001,-0.02,0.017,-0.24,-0.071,0.236,-0.01,-7.47,-3.69,-300.0,-0.14,300.0,-0.004,0.057,-0.048,0.691,0.205,-0.682,,
2026-01-27 20:45:26.072,wait_for_machining,609.522,-28.487,1658.426,0.191,0.648,0.276,-2.694,26.517,-138.322,-359.832,-68.852,356.97,0.001,-0.018,0.015,-0.215,-0.064,0.212,-0.01,-7.31,-3.6,-300.0,-0.18,300.0,-0.004,0.054,-0.045,0.654,0.194,-0.645,,
2026-01-27 20:45:26.176,wait_for_machining,609.529,-28.503,1658.43,0.178,0.654,0.267,-2.694,26.515,-138.321,-359.846,-68.857,356.984,0.001,-0.017,0.014,-0.196,-0.059,0.193,-0.1,-7.42,-3.59,-300.0,-0.2,300.0,-0.003,0.048,-0.041,0.59,0.175,-0.582,,
2026-01-27 20:45:26.277,wait_for_machining,609.536,-28.517,1658.434,0.166,0.658,0.259,-2.694,26.514,-138.32,-359.859,-68.86,356.996,0.001,-0.015,0.012,-0.179,-0.053,0.176,-0.04,-7.42,-3.65,-300.0,-0.2,300.0,-0.003,0.045,-0.037,0.543,0.161,-0.536,,
2026-01-27 20:45:26.379,wait_for_machining,609.543,-28.53,1658.437,0.155,0.662,0.252,-2.694,26.513,-138.32,-359.87,-68.864,357.008,0.001,-0.014,0.011,-0.163,-0.049,0.161,0.01,-7.37,-3.74,-300.0,-0.19,300.0,-0.003,0.041,-0.034,0.5,0.148,-0.493,,
2026-01-27 20:45:26.482,wait_for_machining,609.548,-28.542,1658.441,0.145,0.666,0.245,-2.694,26.512,-138.319,-359.881,-68.867,357.019,0.001,-0.013,0.01,-0.15,-0.045,0.148,-0.1,-7.33,-3.54,-300.0,-0.19,300.0,-0.003,0.037,-0.031,0.456,0.135,-0.45,,
2026-01-27 20:45:26.584,wait_for_machining,609.554,-28.553,1658.444,0.136,0.67,0.239,-2.694,26.512,-138.318,-359.891,-68.87,357.028,0.001,-0.012,0.009,-0.137,-0.041,0.135,-0.01,-7.36,-3.56,-300.0,-0.13,300.0,-0.002,0.035,-0.029,0.424,0.126,-0.418,,
2026-01-27 20:45:32.379,wait_for_machining,609.607,-28.663,1658.474,0.044,0.706,0.177,-2.693,26.503,-138.311,-359.991,-68.9,357.127,0.0,-0.0,0.0,-0.001,-0.0,0.001,-0.03,-7.42,-3.63,-300.0,-0.2,300.0,-0.0,0.0,-0.0,0.003,0.001,-0.003,,
2026-01-27 20:45:38.177,wait_for_machining,609.608,-28.664,1658.474,0.043,0.706,0.177,-2.693,26.503,-138.311,-359.992,-68.9,357.127,0.0,-0.0,0.0,-0.0,-0.0,0.0,0.04,-7.45,-3.64,-300.0,-0.14,300.0,-0.0,0.0,-0.0,0.0,0.0,-0.0,,
2026-01-27 20:45:43.988,wait_for_machining,609.608,-28.664,1658.474,0.043,0.706,0.177,-2.693,26.503,-138.311,-359.992,-68.9,357.127,0.0,-0.0,0.0,-0.0,-0.0,0.0,-0.08,-7.41,-3.65,-300.0,-0.22,300.0,-0.0,0.0,-0.0,0.0,0.0,-0.0,,
2026-01-27 20:45:49.775,wait_for_machining,609.608,-28.664,1658.474,0.043,0.706,0.177,-2.693,26.503,-138.311,-359.992,-68.9,357.127,0.0,-0.0,0.0,-0.0,-0.0,0.0,-0.07,-7.37,-3.61,-300.0,-0.17,300.0,-0.0,0.0,-0.0,0.0,0.0,-0.0,,
2026-01-27 20:45:55.584,wait_for_machining,609.608,-28.664,1658.474,0.043,0.706,0.177,-2.693,26.503,-138.311,-359.992,-68.9,357.127,0.0,-0.0,0.0,-0.0,-0.0,0.0,0.01,-7.31,-3.63,-300.0,-0.2,300.0,-0.0,0.0,-0.0,0.0,0.0,-0.0,,
2026-01-27 20:46:01.405,wait_for_machining,609.608,-28.664,1658.474,0.043,0.706,0.177,-2.693,26.503,-138.311,-359.992,-68.9,357.127,0.0,-0.0,0.0,-0.0,-0.0,0.0,-0.12,-7.3,-3.63,-300.0,-0.26,300.0,-0.0,0.0,-0.0,0.0,0.0,-0.0,,
2026-01-27 20:46:07.211,wait_for_machining,609.608,-28.664,1658.474,0.043,0.706,0.177,-2.693,26.503,-138.311,-359.992,-68.9,357.127,0.0,-0.0,0.0,-0.0,-0.0,0.0,-0.06,-7.45,-3.66,-300.0,-0.18,300.0,-0.0,0.0,-0.0,0.0,0.0,-0.0,,
2026-01-27 20:46:13.013,wait_for_machining,609.608,-28.664,1658.474,0.043,0.706,0.177,-2.693,26.503,-138.311,-359.992,-68.9,357.127,0.0,-0.0,0.0,-0.0,-0.0,0.0,0.01,-7.45,-3.65,-300.0,-0.16,300.0,-0.0,0.0,-0.0,0.0,0.0,-0.0,,
2026-01-27 20:46:18.812,wait_for_machining,609.608,-28.664,1658.474,0.043,0.706,0.177,-2.693,26.503,-138.311,-359.992,-68.9,357.127,0.0,-0.0,0.0,-0.0,-0.0,0.0,-0.0,-7.41,-3.67,-300.0,-0.12,300.0,-0.0,0.0,-0.0,0.0,0.0,-0.0,waypoint,
2026-01-27 20:46:18.913,machining_end_to_approach_machine,606.107,-21.753,1657.096,5.656,-2.133,3.859,-2.731,27.072,-138.759,-353.627,-66.974,350.879,-0.095,1.423,-1.119,15.911,4.816,-15.622,1.05,-7.48,-4.68,-300.0,0.62,300.0,-0.38,5.692,-4.477,63.644,19.264,-62.488,,
2026-01-27 20:46:19.016,machining_end_to_approach_machine,599.174,-7.251,1656.628,16.293,-11.723,10.254,-2.818,28.376,-139.785,-339.046,-62.559,336.487,-0.289,4.328,-3.404,48.387,14.648,-47.697,1.58,-7.57,-5.13,-300.0,1.15,300.0,-0.834,12.473,-9.813,139.452,42.216,-137.672,,
2026-01-27 20:46:19.117,machining_end_to_approach_machine,593.729,3.88,1659.095,23.509,-23.272,13.391,-2.9,29.603,-140.75,-325.333,-58.408,322.952,-0.422,6.312,-4.966,70.573,21.364,-69.609,1.84,-8.12,-5.5,-300.0,1.52,298.85,-0.699,10.449,-8.22,116.821,35.366,-115.329,,
2026-01-27 20:46:19.220,machining_end_to_approach_machine,589.336,11.253,1663.093,28.134,-34.682,13.989,-2.975,30.715,-141.624,-312.902,-54.645,310.684,-0.502,7.513,-5.911,84.005,25.431,-82.877,1.81,-8.72,-5.58,-300.0,1.58,283.81,-0.552,8.256,-6.495,92.31,27.945,-91.132,,
2026-01-27 20:46:19.321,machining_end_to_approach_machine,585.513,15.42,1667.558,31.18,-45.106,12.844,-3.042,31.723,-142.417,-301.635,-51.234,299.564,-0.545,8.154,-6.415,91.172,27.6,-89.958,1.78,-9.32,-5.65,-300.0,1.77,267.69,-0.427,6.391,-5.027,71.449,21.63,-70.539,,
2026-01-27 20:46:19.423,machining_end_to_approach_machine,581.965,17.057,1671.809,33.353,-54.211,10.458,-3.103,32.636,-143.136,-291.422,-48.142,289.484,-0.562,8.4,-6.608,93.912,28.43,-92.667,1.61,-9.96,-5.84,-300.0,1.81,251.24,-0.322,4.809,-3.783,53.763,16.276,-53.08,,
2026-01-27 20:46:19.525,machining_end_to_approach_machine,578.536,16.822,1675.469,35.169,-61.928,7.108,-3.158,33.464,-143.787,-282.165,-45.34,280.348,-0.56,8.37,-6.584,93.578,28.329,-92.341,1.38,-10.71,-6.03,-300.0,1.74,234.75,-0.232,3.473,-2.732,38.832,11.756,-38.34,,
2026-01-27 20:46:19.625,machining_end_to_approach_machine,575.387,15.426,1678.196,36.9,-67.92,3.225,-3.205,34.165,-144.339,-274.326,-42.967,272.612,-0.537,8.03,-6.317,89.78,27.179,-88.596,1.15,-11.24,-6.36,-300.0,1.8,218.67,-0.124,1.857,-1.461,20.761,6.285,-20.503,,
2026-01-27 20:46:19.728,machining_end_to_approach_machine,572.036,13.102,1680.364,39.166,-73.187,-1.788,-3.251,34.85,-144.878,-266.668,-40.648,265.054,-0.517,7.735,-6.085,86.481,26.18,-85.341,0.98,-11.82,-6.59,-300.0,1.86,203.02,-0.101,1.51,-1.188,16.878,5.109,-16.668,,
2026-01-27 20:46:19.828,machining_end_to_approach_machine,568.841,10.376,1681.753,42.127,-77.258,-7.6,-3.291,35.451,-145.35,-259.954,-38.616,258.429,-0.488,7.302,-5.745,81.644,24.716,-80.569,0.89,-12.29,-6.73,-300.0,1.94,188.06,-0.034,0.514,-0.404,5.743,1.739,-5.677,,
2026-01-27 20:46:19.929,machining_end_to_approach_machine,565.595,7.313,1682.552,46.477,-80.566,-14.943,-3.329,36.015,-145.794,-253.641,-36.705,252.199,-0.461,6.888,-5.419,77.017,23.315,-76.003,0.82,-12.67,-6.92,-300.0,2.01,173.85,-0.007,0.105,-0.082,1.17,0.354,-1.162,,
2026-01-27 20:46:20.030,machining_end_to_approach_machine,562.547,4.298,1682.805,52.499,-83.006,-23.787,-3.362,36.51,-146.184,-248.106,-35.029,246.737,-0.428,6.404,-5.038,71.6,21.675,-70.657,0.73,-13.11,-7.19,-300.0,2.18,160.39,0.04,-0.602,0.474,-6.735,-2.039,6.641,,
2026-01-27 20:46:20.134,machining_end_to_approach_machine,559.504,1.238,1682.634,61.345,-84.866,-35.416,-3.393,36.976,-146.55,-242.901,-33.454,241.6,-0.399,5.967,-4.694,66.712,20.196,-65.834,0.69,-13.23,-7.32,-300.0,2.28,148.01,0.056,-0.837,0.658,-9.358,-2.833,9.231,,
2026-01-27 20:46:20.235,machining_end_to_approach_machine,556.595,-1.678,1682.124,73.41,-86.142,-50.079,-3.421,37.398,-146.882,-238.183,-32.025,236.945,-0.37,5.53,-4.35,61.83,18.717,-61.015,0.69,-13.39,-7.49,-300.0,2.39,136.19,0.079,-1.189,0.935,-13.292,-4.024,13.114,,
2026-01-27 20:46:20.335,machining_end_to_approach_machine,553.836,-4.404,1681.361,88.282,-86.929,-67.343,-3.447,37.78,-147.183,-233.906,-30.731,232.725,-0.341,5.104,-4.015,57.064,17.275,-56.311,0.66,-13.5,-7.63,-300.0,2.61,125.3,0.098,-1.465,1.152,-16.377,-4.958,16.159,,
2026-01-27 20:46:20.439,machining_end_to_approach_machine,551.235,-6.916,1680.42,103.89,-87.345,-85.132,-3.47,38.127,-147.456,-230.029,-29.557,228.899,-0.314,4.695,-3.693,52.489,15.89,-51.796,0.57,-13.58,-7.77,-300.0,2.75,115.08,0.112,-1.676,1.319,-18.741,-5.673,18.492,,
2026-01-27 20:46:20.541,machining_end_to_approach_machine,548.798,-9.207,1679.362,117.632,-87.529,-100.846,-3.491,38.441,-147.703,-226.516,-28.493,225.432,-0.288,4.307,-3.388,48.152,14.577,-47.515,0.47,-13.69,-7.88,-300.0,2.83,105.8,0.123,-1.833,1.442,-20.493,-6.204,20.223,,
2026-01-27 20:46:20.641,machining_end_to_approach_machine,546.6,-11.214,1678.275,127.963,-87.605,-112.893,-3.51,38.717,-147.92,-223.435,-27.561,222.393,-0.262,3.919,-3.083,43.815,13.264,-43.235,0.45,-13.71,-7.9,-300.0,3.12,97.3,0.136,-2.037,1.603,-22.779,-6.896,22.478,,
2026-01-27 20:46:20.743,machining_end_to_approach_machine,544.483,-13.09,1677.118,135.798,-87.654,-122.323,-3.527,38.976,-148.123,-220.538,-26.684,219.534,-0.24,3.587,-2.822,40.103,12.14,-39.572,0.45,-13.8,-7.96,-300.0,3.19,89.31,0.134,-1.998,1.572,-22.336,-6.762,22.041,,
2026-01-27 20:46:20.846,machining_end_to_approach_machine,542.653,-14.662,1676.038,141.062,-87.708,-128.919,-3.542,39.195,-148.296,-218.085,-25.941,217.114,-0.217,3.239,-2.548,36.21,10.961,-35.73,0.46,-13.76,-8.06,-300.0,3.34,82.13,0.147,-2.195,1.727,-24.542,-7.43,24.218,,
2026-01-27 20:46:20.948,machining_end_to_approach_machine,540.893,-16.129,1674.934,145.021,-87.783,-134.117,-3.556,39.403,-148.459,-215.768,-25.24,214.827,-0.197,2.947,-2.319,32.952,9.975,-32.514,0.35,-13.74,-8.06,-300.0,3.51,75.49,0.14,-2.097,1.649,-23.441,-7.096,23.132,,
2026-01-27 20:46:21.050,machining_end_to_approach_machine,539.268,-17.444,1673.861,147.878,-87.879,-138.081,-3.568,39.591,-148.607,-213.66,-24.602,212.747,-0.179,2.682,-2.11,29.983,9.077,-29.585,0.35,-13.79,-8.05,-300.0,3.64,69.48,0.139,-2.074,1.632,-23.194,-7.022,22.889,,
2026-01-27 20:46:21.152,machining_end_to_approach_machine,537.719,-18.66,1672.792,149.989,-87.997,-141.214,-3.58,39.768,-148.747,-211.677,-24.002,210.792,-0.164,2.455,-1.931,27.443,8.308,-27.078,0.34,-13.79,-8.15,-300.0,3.64,63.84,0.132,-1.979,1.557,-22.13,-6.7,21.839,,
2026-01-27 20:46:21.253,machining_end_to_approach_machine,536.345,-19.709,1671.81,151.41,-88.126,-143.515,-3.59,39.924,-148.869,-209.939,-23.476,209.077,-0.149,2.229,-1.754,24.927,7.546,-24.595,0.3,-13.86,-8.09,-300.0,3.81,58.87,0.134,-2.0,1.573,-22.363,-6.77,22.068,,
2026-01-27 20:46:21.357,machining_end_to_approach_machine,535.039,-20.679,1670.847,152.379,-88.269,-145.296,-3.6,40.07,-148.984,-208.305,-22.981,207.465,-0.136,2.038,-1.603,22.781,6.896,-22.477,0.3,-13.72,-8.26,-300.0,3.94,54.24,0.127,-1.893,1.489,-21.162,-6.406,20.883,,
2026-01-27 20:46:21.456,machining_end_to_approach_machine,533.924,-21.486,1670.004,152.9,-88.407,-146.492,-3.608,40.194,-149.081,-206.921,-22.562,206.1,-0.123,1.838,-1.446,20.545,6.219,-20.271,0.22,-13.84,-8.21,-300.0,3.94,49.9,0.129,-1.927,1.516,-21.55,-6.524,21.266,,
2026-01-27 20:46:21.558,machining_end_to_approach_machine,532.863,-22.237,1669.183,153.096,-88.551,-147.315,-3.616,40.311,-149.173,-205.614,-22.166,204.81,-0.112,1.671,-1.314,18.678,5.654,-18.428,0.21,-13.88,-8.24,-300.0,4.1,46.28,0.121,-1.803,1.418,-20.159,-6.103,19.893,,
2026-01-27 20:46:21.658,machining_end_to_approach_machine,531.924,-22.885,1668.444,152.972,-88.69,-147.733,-3.623,40.413,-149.254,-204.465,-21.818,203.677,-0.101,1.51,-1.188,16.88,5.11,-16.654,0.18,-13.75,-8.27,-300.0,4.1,42.63,0.118,-1.765,1.388,-19.731,-5.973,19.471,,
2026-01-27 20:46:21.761,machining_end_to_approach_machine,531.032,-23.489,1667.729,152.517,-88.83,-147.781,-3.63,40.511,-149.331,-203.38,-21.49,202.606,-0.092,1.375,-1.082,15.373,4.654,-15.167,0.13,-13.91,-8.27,-300.0,4.17,39.54,0.11,-1.645,1.294,-18.392,-5.568,18.149,,
2026-01-27 20:46:21.861,machining_end_to_approach_machine,530.244,-24.011,1667.089,151.737,-88.96,-147.437,-3.635,40.596,-149.398,-202.427,-21.201,201.666,-0.083,1.244,-0.979,13.913,4.212,-13.726,0.22,-13.91,-8.31,-300.0,4.25,36.62,0.107,-1.598,1.257,-17.871,-5.41,17.635,,
2026-01-27 20:46:21.967,machining_end_to_approach_machine,529.756,-24.33,1666.689,151.007,-89.044,-146.973,-3.639,40.648,-149.439,-201.838,-21.023,201.085,-0.071,1.065,-0.838,11.907,3.604,-11.747,0.17,-13.83,-8.31,-300.0,4.31,34.12,0.118,-1.765,1.388,-19.73,-5.973,19.468,,
2026-01-27 20:46:22.068,machining_end_to_approach_machine,529.196,-24.691,1666.225,149.851,-89.143,-146.117,-3.643,40.709,-149.487,-201.165,-20.82,200.421,-0.063,0.949,-0.747,10.612,3.212,-10.469,0.1,-13.93,-8.34,-300.0,4.39,31.9,0.101,-1.513,1.19,-16.919,-5.122,16.695,,
2026-01-27 20:46:22.170,machining_end_to_approach_machine,528.539,-25.107,1665.677,147.869,-89.262,-144.483,-3.648,40.779,-149.542,-200.379,-20.581,199.645,-0.059,0.888,-0.698,9.925,3.005,-9.791,0.09,-13.88,-8.27,-300.0,4.39,29.78,0.084,-1.26,0.991,-14.087,-4.264,13.901,,
2026-01-27 20:46:22.273,machining_end_to_approach_machine,527.94,-25.482,1665.171,145.146,-89.373,-142.072,-3.652,40.843,-149.592,-199.663,-20.365,198.94,-0.055,0.826,-0.65,9.233,2.795,-9.108,0.17,-13.79,-8.3,-300.0,4.43,27.9,0.08,-1.198,0.942,-13.39,-4.053,13.213,,
2026-01-27 20:46:22.373,machining_end_to_approach_machine,527.393,-25.818,1664.706,141.4,-89.474,-138.606,-3.656,40.901,-149.638,-199.012,-20.168,198.298,-0.051,0.765,-0.602,8.551,2.589,-8.435,0.06,-13.82,-8.24,-300.0,4.5,26.02,0.076,-1.136,0.893,-12.698,-3.844,12.53,,
2026-01-27 20:46:22.475,machining_end_to_approach_machine,526.911,-26.11,1664.294,136.404,-89.563,-133.853,-3.659,40.952,-149.678,-198.441,-19.995,197.734,-0.047,0.701,-0.552,7.843,2.374,-7.736,0.05,-13.85,-8.28,-300.0,4.48,24.55,0.073,-1.093,0.86,-12.219,-3.699,12.057,,
2026-01-27 20:46:22.576,machining_end_to_approach_machine,526.455,-26.383,1663.9,129.128,-89.644,-126.805,-3.662,41.001,-149.716,-197.901,-19.831,197.201,-0.043,0.647,-0.509,7.232,2.189,-7.134,0.13,-13.83,-8.33,-300.0,4.51,23.06,0.068,-1.012,0.796,-11.313,-3.425,11.163,,
2026-01-27 20:46:22.677,machining_end_to_approach_machine,526.054,-26.621,1663.552,119.208,-89.708,-117.083,-3.665,41.043,-149.75,-197.426,-19.688,196.733,-0.04,0.591,-0.465,6.61,2.001,-6.52,0.11,-13.69,-8.38,-300.0,4.54,21.69,0.065,-0.969,0.763,-10.838,-3.281,10.694,,
2026-01-27 20:46:22.779,machining_end_to_approach_machine,525.66,-26.851,1663.209,104.416,-89.759,-102.482,-3.668,41.085,-149.782,-196.963,-19.547,196.276,-0.037,0.547,-0.43,6.117,1.852,-6.033,0.12,-13.85,-8.31,-300.0,4.5,20.38,0.059,-0.882,0.694,-9.863,-2.986,9.733,,
2026-01-27 20:46:22.880,machining_end_to_approach_machine,525.327,-27.045,1662.917,87.077,-89.784,-85.304,-3.67,41.12,-149.81,-196.57,-19.429,195.889,-0.033,0.498,-0.392,5.569,1.686,-5.493,0.05,-13.97,-8.32,-300.0,4.51,19.19,0.057,-0.857,0.675,-9.587,-2.902,9.46,,
2026-01-27 20:46:22.981,machining_end_to_approach_machine,525.011,-27.226,1662.64,68.295,-89.786,-66.673,-3.673,41.153,-149.836,-196.199,-19.316,195.523,-0.031,0.456,-0.359,5.104,1.545,-5.034,0.09,-13.91,-8.4,-300.0,4.58,18.22,0.053,-0.791,0.622,-8.845,-2.678,8.728,,
2026-01-27 20:46:23.084,machining_end_to_approach_machine,524.754,-27.373,1662.412,53.815,-89.77,-52.315,-3.674,41.18,-149.857,-195.897,-19.225,195.225,-0.027,0.41,-0.323,4.584,1.388,-4.522,0.04,-13.87,-8.35,-300.0,4.53,17.28,0.052,-0.773,0.608,-8.643,-2.616,8.528,,
2026-01-27 20:46:23.185,machining_end_to_approach_machine,524.48,-27.527,1662.17,41.108,-89.739,-39.737,-3.676,41.209,-149.88,-195.576,-19.128,194.909,-0.025,0.379,-0.298,4.239,1.283,-4.181,-0.02,-13.9,-8.28,-298.94,4.53,16.46,0.045,-0.68,0.535,-7.601,-2.301,7.5,,
2026-01-27 20:46:23.286,machining_end_to_approach_machine,524.24,-27.662,1661.957,32.426,-89.704,-31.167,-3.678,41.234,-149.9,-195.295,-19.043,194.632,-0.023,0.347,-0.273,3.882,1.175,-3.828,0.0,-13.91,-8.3,-297.11,4.62,15.58,0.043,-0.647,0.509,-7.236,-2.19,7.139,,
2026-01-27 20:46:23.387,machining_end_to_approach_machine,524.014,-27.788,1661.756,26.048,-89.665,-24.894,-3.68,41.257,-149.918,-195.031,-18.963,194.371,-0.021,0.319,-0.251,3.572,1.081,-3.523,0.01,-14.02,-8.36,-295.35,4.77,14.87,0.04,-0.597,0.47,-6.68,-2.022,6.591,,
2026-01-27 20:46:23.488,machining_end_to_approach_machine,523.816,-27.897,1661.579,21.582,-89.627,-20.519,-3.681,41.278,-149.934,-194.8,-18.893,194.143,-0.019,0.291,-0.229,3.258,0.986,-3.213,0.04,-13.92,-8.36,-293.7,4.69,14.06,0.038,-0.567,0.446,-6.337,-1.918,6.253,,
2026-01-27 20:46:23.590,machining_end_to_approach_machine,523.63,-28.0,1661.412,18.132,-89.59,-17.155,-3.682,41.297,-149.95,-194.582,-18.827,193.928,-0.018,0.267,-0.21,2.988,0.904,-2.947,0.03,-13.87,-8.35,-292.3,4.63,13.57,0.035,-0.522,0.411,-5.842,-1.768,5.764,,
2026-01-27 20:46:23.691,machining_end_to_approach_machine,523.472,-28.087,1661.27,15.665,-89.557,-14.76,-3.683,41.314,-149.963,-194.397,-18.771,193.746,-0.016,0.242,-0.19,2.702,0.818,-2.664,0.04,-13.97,-8.25,-290.83,4.7,12.97,0.033,-0.5,0.393,-5.591,-1.693,5.517,,
2026-01-27 20:46:23.794,machining_end_to_approach_machine,523.322,-28.168,1661.136,13.646,-89.526,-12.808,-3.684,41.33,-149.975,-194.223,-18.718,193.575,-0.015,0.22,-0.173,2.462,0.745,-2.428,-0.06,-13.95,-8.31,-289.8,4.68,12.46,0.031,-0.459,0.361,-5.134,-1.554,5.065,,
2026-01-27 20:46:23.894,machining_end_to_approach_machine,523.191,-28.239,1661.017,12.082,-89.497,-11.304,-3.685,41.343,-149.986,-194.07,-18.672,193.424,-0.013,0.199,-0.157,2.229,0.675,-2.198,0.12,-13.95,-8.36,-288.59,4.77,12.06,0.029,-0.432,0.34,-4.832,-1.463,4.768,,
2026-01-27 20:46:23.995,machining_end_to_approach_machine,523.062,-28.309,1660.902,10.716,-89.469,-9.995,-3.686,41.357,-149.996,-193.92,-18.626,193.276,-0.012,0.183,-0.144,2.046,0.619,-2.017,0.08,-13.89,-8.32,-287.65,4.7,11.51,0.026,-0.392,0.308,-4.384,-1.327,4.326,,
2026-01-27 20:46:24.098,machining_end_to_approach_machine,522.946,-28.371,1660.796,9.597,-89.443,-8.929,-3.687,41.369,-150.006,-193.785,-18.585,193.143,-0.011,0.168,-0.132,1.873,0.567,-1.847,0.05,-13.92,-8.32,-286.7,4.65,11.17,0.024,-0.365,0.287,-4.086,-1.237,4.031,,
2026-01-27 20:46:24.202,machining_end_to_approach_machine,522.837,-28.43,1660.698,8.641,-89.418,-8.021,-3.688,41.38,-150.015,-193.658,-18.547,193.017,-0.01,0.154,-0.121,1.722,0.521,-1.698,0.03,-13.89,-8.4,-285.93,4.74,10.86,0.023,-0.337,0.265,-3.764,-1.139,3.713,,
2026-01-27 20:46:24.305,machining_end_to_approach_machine,522.741,-28.481,1660.612,7.868,-89.396,-7.291,-3.688,41.39,-150.023,-193.547,-18.513,192.908,-0.009,0.14,-0.11,1.569,0.475,-1.547,0.02,-13.92,-8.27,-285.15,4.73,10.5,0.021,-0.317,0.25,-3.546,-1.074,3.499,,
2026-01-27 20:46:24.408,machining_end_to_approach_machine,522.655,-28.527,1660.533,7.214,-89.376,-6.676,-3.689,41.399,-150.03,-193.446,-18.483,192.809,-0.009,0.128,-0.101,1.428,0.432,-1.408,0.0,-13.82,-8.33,-284.5,4.72,10.27,0.02,-0.295,0.232,-3.296,-0.998,3.251,,
2026-01-27 20:46:24.509,machining_end_to_approach_machine,522.579,-28.568,1660.464,6.675,-89.358,-6.17,-3.69,41.407,-150.036,-193.358,-18.456,192.722,-0.008,0.116,-0.091,1.292,0.391,-1.274,-0.04,-13.92,-8.33,-283.86,4.81,9.91,0.018,-0.276,0.217,-3.09,-0.935,3.049,waypoint,
2026-01-27 20:46:24.612,machining_end_to_approach_machine,557.945,-29.259,1653.465,18.856,-89.268,-17.826,-3.579,37.27,-148.922,-192.706,-21.435,192.034,0.271,-10.255,2.716,2.599,-7.153,-2.675,-0.27,-12.1,-7.28,-282.01,4.52,9.24,1.129,-41.693,11.396,2.859,-30.893,-3.268,,
2026-01-27 20:46:24.715,machining_end_to_approach_machine,614.271,-30.249,1636.875,34.232,-89.101,-32.498,-3.404,30.726,-147.157,-191.728,-26.159,190.994,0.641,-24.051,6.449,4.395,-17.176,-4.606,-0.33,-10.68,-6.52,-279.76,4.5,8.27,1.662,-61.598,16.767,5.831,-45.265,-6.456,,
2026-01-27 20:46:24.816,machining_end_to_approach_machine,665.285,-31.027,1615.72,44.414,-88.928,-42.193,-3.244,24.775,-145.552,-190.839,-30.456,190.049,0.88,-32.918,8.85,5.52,-23.625,-5.818,-0.39,-9.42,-5.87,-277.11,4.45,7.25,1.337,-49.517,13.493,4.363,-36.464,-4.87,,
2026-01-27 20:46:24.916,machining_end_to_approach_machine,709.404,-31.584,1592.305,50.965,-88.774,-48.437,-3.104,19.546,-144.142,-190.057,-34.231,189.218,1.01,-37.76,10.163,6.093,-27.156,-6.44,-0.45,-8.34,-5.5,-274.37,4.45,5.92,1.01,-37.334,10.193,2.846,-27.596,-3.234,,
2026-01-27 20:46:25.019,machining_end_to_approach_machine,751.428,-31.993,1565.062,55.682,-88.635,-52.96,-2.967,14.438,-142.764,-189.294,-37.919,188.407,1.1,-41.09,11.066,6.478,-29.587,-6.859,-0.43,-7.63,-5.38,-271.72,4.45,4.73,0.877,-32.395,8.849,2.381,-23.966,-2.718,,
2026-01-27 20:46:25.121,machining_end_to_approach_machine,787.058,-32.228,1537.657,58.71,-88.531,-55.902,-2.847,9.96,-141.557,-188.624,-41.152,187.695,1.125,-42.013,11.319,6.532,-30.273,-6.922,-0.39,-6.86,-5.09,-269.04,4.58,3.74,0.62,-22.854,6.265,1.201,-17.02,-1.446,,
2026-01-27 20:46:25.223,machining_end_to_approach_machine,819.268,-32.335,1508.928,60.753,-88.454,-57.932,-2.734,5.749,-140.421,-187.995,-44.193,187.026,1.125,-42.038,11.328,6.472,-30.305,-6.864,-0.43,-6.29,-5.01,-266.15,4.62,3.03,0.487,-17.901,4.919,0.682,-13.392,-0.877,,
2026-01-27 20:46:25.325,machining_end_to_approach_machine,846.281,-32.332,1481.434,61.957,-88.407,-59.178,-2.636,2.057,-139.425,-187.443,-46.858,186.44,1.091,-40.758,10.985,6.234,-29.392,-6.614,-0.32,-5.71,-5.02,-263.61,4.7,2.44,0.299,-10.916,3.026,-0.162,-8.303,0.036,,
2026-01-27 20:46:25.428,machining_end_to_approach_machine,871.268,-32.239,1452.718,62.617,-88.384,-59.922,-2.539,-1.529,-138.458,-186.908,-49.447,185.87,1.059,-39.532,10.657,6.015,-28.516,-6.384,-0.33,-5.23,-4.97,-261.01,4.68,1.92,0.24,-8.763,2.437,-0.305,-6.706,0.201,,
2026-01-27 20:46:25.531,machining_end_to_approach_machine,891.338,-32.09,1426.92,62.768,-88.383,-60.179,-2.458,-4.562,-137.64,-186.454,-51.637,185.389,0.997,-37.232,10.038,5.644,-26.862,-5.993,-0.3,-4.76,-4.95,-258.46,4.83,1.61,0.068,-2.364,0.704,-1.1,-2.048,1.058,,
2026-01-27 20:46:25.632,machining_end_to_approach_machine,908.668,-31.898,1402.295,62.555,-88.398,-60.087,-2.384,-7.321,-136.896,-186.042,-53.628,184.95,0.933,-34.821,9.388,5.264,-25.126,-5.59,-0.21,-4.32,-5.11,-256.18,4.87,1.38,-0.012,0.617,-0.107,-1.4,0.138,1.389,,
2026-01-27 20:46:25.732,machining_end_to_approach_machine,923.116,-31.683,1379.777,62.058,-88.425,-59.715,-2.319,-9.745,-136.243,-185.68,-55.378,184.565,0.862,-32.175,8.675,4.854,-23.219,-5.155,-0.2,-3.99,-4.93,-254.2,4.87,1.1,-0.101,3.908,-1.0,-1.761,2.545,1.782,,
2026-01-27 20:46:25.833,machining_end_to_approach_machine,936.06,-31.442,1357.765,61.281,-88.462,-59.071,-2.258,-12.035,-135.625,-185.338,-57.031,184.202,0.8,-29.856,8.05,4.496,-21.547,-4.775,-0.2,-3.63,-5.01,-252.08,4.96,0.84,-0.126,4.854,-1.261,-1.785,3.256,1.816,,
2026-01-27 20:46:25.935,machining_end_to_approach_machine,947.208,-31.19,1337.142,60.268,-88.505,-58.192,-2.202,-14.117,-135.063,-185.026,-58.535,183.871,0.739,-27.599,7.442,4.15,-19.92,-4.408,-0.21,-3.19,-4.99,-250.18,4.97,0.68,-0.169,6.441,-1.693,-1.916,4.426,1.964,,
2026-01-27 20:46:26.038,machining_end_to_approach_machine,957.125,-30.925,1317.242,58.997,-88.555,-57.058,-2.15,-16.076,-134.535,-184.734,-59.949,183.56,0.686,-25.596,6.902,3.844,-18.475,-4.084,-0.1,-3.04,-4.98,-248.43,4.91,0.59,-0.185,7.037,-1.859,-1.91,4.879,1.965,,
2026-01-27 20:46:26.139,machining_end_to_approach_machine,965.351,-30.671,1299.406,57.578,-88.605,-55.767,-2.104,-17.793,-134.072,-184.477,-61.189,183.287,0.629,-23.489,6.334,3.525,-16.955,-3.745,-0.22,-2.8,-5.02,-246.87,4.88,0.51,-0.232,8.75,-2.324,-2.08,6.136,2.152,,
2026-01-27 20:46:26.241,machining_end_to_approach_machine,972.909,-30.404,1281.745,55.87,-88.659,-54.19,-2.059,-19.461,-133.622,-184.228,-62.393,183.022,0.584,-21.786,5.875,3.267,-15.727,-3.471,-0.14,-2.52,-5.08,-245.43,4.95,0.27,-0.222,8.368,-2.225,-1.946,5.878,2.015,,
2026-01-27 20:46:26.341,machining_end_to_approach_machine,978.961,-30.163,1266.552,54.12,-88.71,-52.556,-2.021,-20.871,-133.242,-184.017,-63.411,182.798,0.532,-19.867,5.357,2.977,-14.341,-3.163,-0.06,-2.3,-5.02,-244.01,5.01,0.37,-0.268,10.1,-2.695,-2.135,7.145,2.222,,
2026-01-27 20:46:26.444,machining_end_to_approach_machine,984.534,-29.916,1251.582,52.098,-88.761,-50.652,-1.985,-22.242,-132.872,-183.812,-64.401,182.581,0.491,-18.326,4.942,2.745,-13.229,-2.916,-0.18,-2.11,-5.02,-242.68,5.06,0.28,-0.252,9.496,-2.535,-1.982,6.724,2.064,,
2026-01-27 20:46:26.547,machining_end_to_approach_machine,989.155,-29.69,1238.319,50.022,-88.809,-48.681,-1.952,-23.44,-132.549,-183.633,-65.266,182.39,0.448,-16.741,4.515,2.506,-12.085,-2.663,-0.0,-1.93,-5.02,-241.6,5.12,0.2,-0.273,10.263,-2.745,-2.04,7.291,2.13,,
2026-01-27 20:46:26.649,machining_end_to_approach_machine,993.264,-29.47,1225.765,47.771,-88.855,-46.532,-1.922,-24.562,-132.246,-183.465,-66.076,182.212,0.411,-15.36,4.142,2.299,-11.089,-2.443,-0.05,-1.78,-5.06,-240.47,5.08,0.13,-0.266,10.002,-2.677,-1.951,7.114,2.039,,
2026-01-27 20:46:26.752,machining_end_to_approach_machine,996.684,-29.27,1214.677,45.52,-88.895,-44.371,-1.896,-25.544,-131.982,-183.319,-66.785,182.056,0.374,-13.974,3.768,2.091,-10.088,-2.222,-0.07,-1.55,-5.06,-239.48,4.97,0.2,-0.277,10.408,-2.788,-1.966,7.418,2.058,,
2026-01-27 20:46:26.855,machining_end_to_approach_machine,999.64,-29.084,1204.543,43.219,-88.932,-42.155,-1.872,-26.433,-131.742,-183.186,-67.427,181.915,0.34,-12.704,3.426,1.901,-9.172,-2.019,-0.02,-1.39,-4.99,-238.54,5.07,0.07,-0.274,10.285,-2.757,-1.906,7.339,1.998,,
2026-01-27 20:46:26.956,machining_end_to_approach_machine,1002.118,-28.916,1195.594,40.973,-88.965,-39.984,-1.851,-27.213,-131.531,-183.069,-67.99,181.791,0.307,-11.478,3.095,1.717,-8.287,-1.824,-0.03,-1.24,-5.04,-237.76,5.07,0.18,-0.276,10.354,-2.777,-1.88,7.397,1.973,,
2026-01-27 20:46:27.058,machining_end_to_approach_machine,1004.351,-28.756,1187.126,38.645,-88.994,-37.727,-1.832,-27.947,-131.334,-182.96,-68.519,181.675,0.28,-10.442,2.816,1.562,-7.539,-1.659,-0.06,-1.17,-5.01,-237.05,4.87,0.09,-0.261,9.783,-2.625,-1.761,6.993,1.849,,
2026-01-27 20:46:27.159,machining_end_to_approach_machine,1006.105,-28.622,1180.172,36.575,-89.018,-35.716,-1.816,-28.546,-131.172,-182.87,-68.952,181.58,0.25,-9.329,2.516,1.395,-6.735,-1.482,-0.04,-1.1,-4.97,-236.37,5.02,0.02,-0.271,10.149,-2.725,-1.786,7.264,1.878,,
2026-01-27 20:46:27.261,machining_end_to_approach_machine,1007.821,-28.483,1173.071,34.304,-89.042,-33.506,-1.799,-29.154,-131.008,-182.779,-69.391,181.483,0.228,-8.519,2.297,1.274,-6.15,-1.353,-0.01,-0.92,-5.0,-235.73,4.95,0.08,-0.241,9.037,-2.426,-1.593,6.467,1.674,,
2026-01-27 20:46:27.362,machining_end_to_approach_machine,1009.27,-28.36,1166.818,32.167,-89.061,-31.423,-1.785,-29.688,-130.864,-182.699,-69.777,181.398,0.207,-7.723,2.083,1.155,-5.576,-1.227,-0.04,-0.89,-4.98,-235.22,4.99,0.05,-0.237,8.884,-2.386,-1.546,6.363,1.626,,
2026-01-27 20:46:27.465,machining_end_to_approach_machine,1010.586,-28.243,1160.914,30.026,-89.079,-29.333,-1.772,-30.19,-130.729,-182.624,-70.139,181.319,0.189,-7.047,1.901,1.053,-5.088,-1.119,-0.0,-0.89,-4.93,-234.66,4.95,0.05,-0.222,8.313,-2.233,-1.439,5.956,1.514,,
2026-01-27 20:46:27.566,machining_end_to_approach_machine,1011.665,-28.142,1155.898,28.111,-89.093,-27.461,-1.76,-30.615,-130.614,-182.561,-70.446,181.251,0.17,-6.348,1.712,0.949,-4.583,-1.008,-0.01,-0.77,-4.95,-234.2,5.04,0.05,-0.22,8.251,-2.217,-1.41,5.916,1.485,,
2026-01-27 20:46:27.666,machining_end_to_approach_machine,1012.653,-28.046,1151.144,26.214,-89.106,-25.605,-1.75,-31.016,-130.506,-182.501,-70.736,181.187,0.154,-5.765,1.555,0.862,-4.162,-0.915,-0.04,-0.55,-4.93,-233.77,4.91,0.11,-0.205,7.661,-2.059,-1.304,5.493,1.374,,
2026-01-27 20:46:27.768,machining_end_to_approach_machine,1013.527,-27.958,1146.809,24.413,-89.117,-23.842,-1.74,-31.382,-130.407,-182.446,-70.999,181.129,0.14,-5.236,1.412,0.783,-3.781,-0.832,0.04,-0.63,-4.96,-233.27,5.0,0.03,-0.194,7.258,-1.951,-1.228,5.206,1.294,,
2026-01-27 20:46:27.870,machining_end_to_approach_machine,1014.3,-27.877,1142.856,22.713,-89.126,-22.177,-1.731,-31.714,-130.318,-182.397,-71.239,181.077,0.127,-4.758,1.283,0.711,-3.435,-0.755,0.01,-0.51,-5.02,-232.95,4.84,0.13,-0.183,6.862,-1.845,-1.154,4.924,1.217,,
2026-01-27 20:46:27.973,machining_end_to_approach_machine,1014.985,-27.803,1139.253,21.115,-89.134,-20.611,-1.723,-32.016,-130.236,-182.351,-71.457,181.029,0.116,-4.323,1.166,0.646,-3.121,-0.687,-0.01,-0.5,-4.92,-232.73,4.94,0.09,-0.173,6.477,-1.741,-1.084,4.649,1.143,,
2026-01-27 20:46:28.074,machining_end_to_approach_machine,1015.594,-27.736,1135.969,19.62,-89.14,-19.145,-1.715,-32.291,-130.162,-182.31,-71.656,180.985,0.105,-3.93,1.06,0.587,-2.837,-0.624,-0.02,-0.49,-4.93,-232.37,4.9,0.01,-0.163,6.102,-1.641,-1.016,4.381,1.072,,
2026-01-27 20:46:28.177,machining_end_to_approach_machine,1016.135,-27.673,1132.977,18.227,-89.146,-17.777,-1.709,-32.54,-130.095,-182.273,-71.836,180.946,0.096,-3.572,0.963,0.534,-2.579,-0.567,-0.03,-0.45,-4.88,-232.13,4.87,0.09,-0.153,5.741,-1.544,-0.952,4.123,1.004,,
2026-01-27 20:46:28.279,machining_end_to_approach_machine,1016.633,-27.615,1130.159,16.887,-89.151,-16.462,-1.702,-32.775,-130.031,-182.238,-72.006,180.908,0.088,-3.266,0.881,0.488,-2.358,-0.519,-0.1,-0.38,-4.93,-231.86,4.98,0.12,-0.142,5.316,-1.43,-0.879,3.818,0.928,,
2026-01-27 20:46:28.382,machining_end_to_approach_machine,1017.033,-27.567,1127.854,15.772,-89.154,-15.368,-1.697,-32.967,-129.98,-182.209,-72.144,180.878,0.078,-2.93,0.79,0.438,-2.115,-0.465,0.03,-0.37,-4.89,-231.64,4.95,0.03,-0.139,5.215,-1.403,-0.855,3.747,0.903,,
2026-01-27 20:46:28.482,machining_end_to_approach_machine,1017.419,-27.519,1125.585,14.66,-89.157,-14.276,-1.692,-33.156,-129.929,-182.181,-72.281,180.848,0.071,-2.669,0.72,0.399,-1.927,-0.424,-0.04,-0.29,-4.86,-231.42,4.85,0.07,-0.126,4.726,-1.271,-0.775,3.396,0.818,,
2026-01-27 20:46:28.585,machining_end_to_approach_machine,1017.764,-27.476,1123.519,13.633,-89.16,-13.268,-1.688,-33.328,-129.882,-182.155,-72.405,180.821,0.065,-2.431,0.656,0.363,-1.755,-0.386,0.0,-0.32,-4.9,-231.28,4.81,0.1,-0.118,4.424,-1.19,-0.723,3.18,0.763,,
2026-01-27 20:46:28.686,machining_end_to_approach_machine,1018.073,-27.436,1121.639,12.688,-89.162,-12.339,-1.683,-33.484,-129.84,-182.132,-72.517,180.796,0.059,-2.213,0.597,0.331,-1.598,-0.351,0.03,-0.3,-4.86,-231.15,4.94,0.02,-0.111,4.137,-1.113,-0.674,2.974,0.712,,
2026-01-27 20:46:28.790,machining_end_to_approach_machine,1018.35,-27.4,1119.926,11.82,-89.164,-11.486,-1.68,-33.626,-129.802,-182.111,-72.62,180.773,0.054,-2.015,0.543,0.301,-1.455,-0.32,-0.09,-0.18,-4.96,-230.92,4.87,0.09,-0.103,3.865,-1.04,-0.627,2.778,0.663,,
2026-01-27 20:46:28.892,machining_end_to_approach_machine,1018.599,-27.367,1118.368,11.022,-89.166,-10.702,-1.676,-33.755,-129.767,-182.092,-72.713,180.753,0.049,-1.834,0.495,0.274,-1.324,-0.291,0.01,-0.24,-4.93,-230.92,4.96,0.06,-0.096,3.607,-0.971,-0.584,2.593,0.617,,
2026-01-27 20:46:28.992,machining_end_to_approach_machine,1018.814,-27.338,1116.997,10.316,-89.167,-10.008,-1.673,-33.868,-129.737,-182.075,-72.795,180.735,0.044,-1.659,0.447,0.248,-1.198,-0.263,-0.02,-0.24,-4.83,-230.69,4.77,-0.0,-0.091,3.403,-0.916,-0.549,2.447,0.58,,
2026-01-27 20:46:29.096,machining_end_to_approach_machine,1019.016,-27.31,1115.702,9.644,-89.168,-9.348,-1.67,-33.975,-129.708,-182.059,-72.872,180.718,0.041,-1.512,0.408,0.226,-1.092,-0.24,0.03,-0.23,-4.88,-230.49,4.87,0.07,-0.084,3.125,-0.841,-0.503,2.248,0.532,,
2026-01-27 20:46:29.197,machining_end_to_approach_machine,1019.192,-27.286,1114.563,9.051,-89.169,-8.765,-1.668,-34.069,-129.682,-182.045,-72.94,180.703,0.037,-1.369,0.369,0.205,-0.989,-0.217,-0.04,-0.11,-4.86,-230.41,4.84,0.04,-0.079,2.943,-0.792,-0.472,2.117,0.5,,
2026-01-27 20:46:29.298,machining_end_to_approach_machine,1019.356,-27.263,1113.486,8.487,-89.169,-8.21,-1.665,-34.158,-129.658,-182.031,-73.004,180.689,0.033,-1.249,0.337,0.187,-0.902,-0.198,-0.01,-0.21,-4.94,-230.31,4.86,0.0,-0.072,2.7,-0.727,-0.433,1.943,0.458,waypoint,
2026-01-27 20:46:29.399,approach_machine_to_pick,1025.177,-27.26,1112.472,7.911,-89.17,-7.644,-1.654,-34.456,-129.163,-182.012,-72.806,180.682,0.053,-1.68,1.491,0.187,-0.18,-0.166,0.01,-0.14,-4.89,-230.28,4.89,-0.02,0.021,0.346,4.059,-0.334,4.376,0.484,,
2026-01-27 20:46:29.501,approach_machine_to_pick,1036.308,-27.268,1111.443,7.311,-89.17,-7.052,-1.635,-34.956,-128.221,-181.987,-72.363,180.681,0.088,-2.51,3.473,0.203,0.971,-0.127,0.02,-0.13,-5.0,-230.24,4.9,0.06,0.102,-1.714,8.117,-0.239,6.377,0.494,,
2026-01-27 20:46:29.603,approach_machine_to_pick,1046.384,-27.267,1110.503,6.788,-89.171,-6.538,-1.618,-35.41,-127.365,-181.965,-71.961,180.68,0.109,-3.019,4.746,0.209,1.734,-0.098,-0.09,-0.17,-5.0,-229.99,4.93,-0.03,0.074,-1.091,6.454,-0.238,5.339,0.446,,
2026-01-27 20:46:29.704,approach_machine_to_pick,1055.508,-27.26,1109.644,6.332,-89.171,-6.09,-1.602,-35.824,-126.586,-181.944,-71.595,180.679,0.122,-3.299,5.507,0.208,2.215,-0.076,0.02,-0.26,-5.01,-229.95,4.91,0.02,0.051,-0.57,5.033,-0.235,4.441,0.402,,
2026-01-27 20:46:29.805,approach_machine_to_pick,1063.774,-27.248,1108.86,5.934,-89.171,-5.699,-1.587,-36.2,-125.877,-181.925,-71.262,180.678,0.128,-3.414,5.902,0.203,2.494,-0.059,0.07,-0.15,-4.93,-229.93,4.91,0.04,0.031,-0.139,3.825,-0.23,3.666,0.363,,
2026-01-27 20:46:29.907,approach_machine_to_pick,1071.517,-27.233,1108.121,5.574,-89.171,-5.345,-1.574,-36.554,-125.211,-181.907,-70.949,180.677,0.13,-3.445,6.092,0.197,2.653,-0.046,0.03,-0.15,-4.97,-229.78,4.9,-0.03,0.02,0.099,3.02,-0.218,3.101,0.327,,
2026-01-27 20:46:30.008,approach_machine_to_pick,1078.281,-27.215,1107.471,5.269,-89.172,-5.046,-1.562,-36.864,-124.627,-181.892,-70.675,180.677,0.127,-3.359,6.029,0.186,2.676,-0.036,0.04,-0.06,-5.11,-229.7,4.87,0.06,0.001,0.526,1.896,-0.218,2.405,0.295,,
2026-01-27 20:46:30.108,approach_machine_to_pick,1084.622,-27.196,1106.858,4.992,-89.172,-4.774,-1.55,-37.156,-124.077,-181.877,-70.417,180.676,0.123,-3.248,5.895,0.176,2.652,-0.029,0.04,-0.12,-5.09,-229.65,4.83,0.02,-0.006,0.658,1.359,-0.206,2.001,0.266,,
2026-01-27 20:46:30.208,approach_machine_to_pick,1090.165,-27.176,1106.319,4.757,-89.172,-4.544,-1.541,-37.411,-123.596,-181.865,-70.19,180.676,0.117,-3.075,5.625,0.164,2.554,-0.023,-0.0,-0.08,-5.11,-229.63,4.83,0.04,-0.02,0.952,0.545,-0.203,1.482,0.24,,
2026-01-27 20:46:30.309,approach_machine_to_pick,1095.363,-27.155,1105.812,4.543,-89.172,-4.334,-1.531,-37.652,-123.143,-181.853,-69.978,180.675,0.111,-2.908,5.351,0.153,2.448,-0.018,0.04,-0.12,-5.13,-229.56,4.79,0.01,-0.024,1.009,0.204,-0.19,1.199,0.216,,
2026-01-27 20:46:30.411,approach_machine_to_pick,1100.063,-27.135,1105.351,4.354,-89.172,-4.149,-1.523,-37.87,-122.732,-181.842,-69.785,180.675,0.104,-2.726,5.04,0.142,2.318,-0.015,-0.09,-0.06,-5.15,-229.38,4.91,0.04,-0.03,1.133,-0.24,-0.183,0.88,0.195,,
2026-01-27 20:46:30.515,approach_machine_to_pick,1104.314,-27.115,1104.933,4.188,-89.172,-3.986,-1.515,-38.067,-122.36,-181.832,-69.61,180.674,0.097,-2.538,4.71,0.131,2.175,-0.012,-0.1,0.01,-5.16,-229.4,4.92,0.04,-0.035,1.223,-0.6,-0.174,0.612,0.176,,
2026-01-27 20:46:30.618,approach_machine_to_pick,1108.159,-27.095,1104.553,4.041,-89.172,-3.842,-1.508,-38.246,-122.023,-181.823,-69.452,180.674,0.09,-2.351,4.376,0.121,2.028,-0.01,0.05,-0.0,-5.19,-229.39,4.96,-0.02,-0.038,1.286,-0.888,-0.166,0.387,0.159,,
2026-01-27 20:46:30.720,approach_machine_to_pick,1111.637,-27.077,1104.208,3.91,-89.171,-3.715,-1.502,-38.409,-121.717,-181.815,-69.308,180.673,0.083,-2.169,4.046,0.111,1.88,-0.008,-0.01,-0.06,-5.2,-229.25,4.87,0.02,-0.041,1.325,-1.115,-0.158,0.2,0.143,,
2026-01-27 20:46:30.820,approach_machine_to_pick,1114.681,-27.06,1103.905,3.798,-89.171,-3.606,-1.497,-38.551,-121.449,-181.808,-69.182,180.673,0.076,-1.983,3.705,0.101,1.725,-0.007,-0.02,0.09,-5.11,-229.29,4.85,0.04,-0.045,1.393,-1.381,-0.152,0.003,0.13,,
2026-01-27 20:46:30.923,approach_machine_to_pick,1117.54,-27.043,1103.621,3.695,-89.171,-3.505,-1.492,-38.685,-121.197,-181.801,-69.064,180.673,0.07,-1.821,3.409,0.092,1.589,-0.006,0.02,0.01,-5.26,-229.13,4.89,-0.03,-0.043,1.338,-1.402,-0.141,-0.072,0.117,,
2026-01-27 20:46:31.023,approach_machine_to_pick,1120.042,-27.028,1103.371,3.606,-89.171,-3.418,-1.487,-38.802,-120.976,-181.795,-68.96,180.673,0.064,-1.659,3.109,0.084,1.452,-0.005,0.11,0.08,-5.15,-229.2,4.86,0.07,-0.045,1.369,-1.573,-0.135,-0.211,0.105,,
2026-01-27 20:46:31.125,approach_machine_to_pick,1122.392,-27.014,1103.135,3.524,-89.171,-3.338,-1.483,-38.912,-120.768,-181.79,-68.862,180.672,0.058,-1.52,2.851,0.077,1.333,-0.004,0.1,0.02,-5.26,-229.07,4.91,0.08,-0.044,1.302,-1.547,-0.125,-0.252,0.095,,
2026-01-27 20:46:31.228,approach_machine_to_pick,1124.519,-27.0,1102.922,3.451,-89.171,-3.267,-1.479,-39.012,-120.58,-181.785,-68.774,180.672,0.053,-1.39,2.609,0.07,1.221,-0.004,-0.0,0.0,-5.18,-229.14,4.85,0.09,-0.043,1.275,-1.587,-0.118,-0.318,0.086,,
2026-01-27 20:46:31.332,approach_machine_to_pick,1126.509,-26.987,1102.722,3.383,-89.171,-3.201,-1.475,-39.106,-120.404,-181.78,-68.691,180.672,0.049,-1.277,2.398,0.064,1.123,-0.003,-0.01,0.05,-5.24,-229.09,4.87,0.09,-0.041,1.212,-1.549,-0.109,-0.343,0.077,,
2026-01-27 20:46:31.433,approach_machine_to_pick,1128.247,-26.975,1102.547,3.325,-89.171,-3.144,-1.472,-39.188,-120.25,-181.776,-68.618,180.672,0.045,-1.162,2.184,0.058,1.023,-0.003,0.03,0.04,-5.18,-229.04,4.89,0.05,-0.042,1.208,-1.615,-0.104,-0.412,0.07,,
2026-01-27 20:46:31.536,approach_machine_to_pick,1129.77,-26.965,1102.394,3.275,-89.171,-3.095,-1.469,-39.26,-120.114,-181.772,-68.555,180.672,0.04,-1.051,1.976,0.053,0.926,-0.003,-0.01,0.08,-5.29,-228.96,4.89,-0.04,-0.041,1.188,-1.643,-0.099,-0.46,0.063,,
2026-01-27 20:46:31.636,approach_machine_to_pick,1131.107,-26.955,1102.259,3.231,-89.171,-3.052,-1.467,-39.323,-119.996,-181.769,-68.499,180.671,0.036,-0.946,1.779,0.047,0.834,-0.002,0.0,0.05,-5.2,-229.0,4.78,0.11,-0.041,1.156,-1.643,-0.093,-0.492,0.057,,
2026-01-27 20:46:31.736,approach_machine_to_pick,1132.369,-26.947,1102.131,3.19,-89.171,-3.012,-1.465,-39.382,-119.883,-181.766,-68.446,180.671,0.033,-0.858,1.615,0.043,0.757,-0.002,-0.03,0.06,-5.17,-228.96,4.78,0.01,-0.038,1.076,-1.545,-0.086,-0.473,0.051,,
2026-01-27 20:46:31.838,approach_machine_to_pick,1133.516,-26.938,1102.015,3.153,-89.171,-2.976,-1.463,-39.436,-119.781,-181.763,-68.398,180.671,0.03,-0.779,1.466,0.039,0.688,-0.002,0.03,0.0,-5.18,-228.98,4.86,0.07,-0.036,1.022,-1.492,-0.08,-0.474,0.046,,
2026-01-27 20:46:31.939,approach_machine_to_pick,1134.559,-26.931,1101.91,3.119,-89.171,-2.943,-1.461,-39.486,-119.688,-181.761,-68.355,180.671,0.027,-0.708,1.332,0.035,0.625,-0.002,0.05,0.09,-5.26,-228.94,4.88,-0.03,-0.034,0.969,-1.435,-0.074,-0.47,0.042,waypoint,
2026-01-27 20:46:32.042,pick_on_machine,1135.506,-26.924,1101.814,3.089,-89.171,-2.914,-1.459,-39.531,-119.604,-181.759,-68.315,180.671,0.025,-0.643,1.21,0.032,0.568,-0.001,0.13,0.01,-5.24,-228.94,4.79,0.05,-0.033,0.916,-1.375,-0.069,-0.462,0.038,,
2026-01-27 20:46:32.143,pick_on_machine,1136.368,-26.917,1101.726,3.062,-89.171,-2.888,-1.457,-39.571,-119.527,-181.757,-68.279,180.671,0.022,-0.584,1.099,0.029,0.516,-0.001,0.06,0.21,-5.34,-228.95,4.91,-0.01,-0.031,0.865,-1.314,-0.064,-0.452,0.034,,
2026-01-27 20:46:32.244,pick_on_machine,1137.151,-26.911,1101.647,3.037,-89.171,-2.864,-1.456,-39.608,-119.457,-181.755,-68.246,180.671,0.02,-0.531,0.999,0.027,0.469,-0.001,0.03,0.08,-5.26,-228.88,4.86,0.09,-0.029,0.816,-1.252,-0.06,-0.439,0.031,,
2026-01-27 20:46:32.344,pick_on_machine,1137.863,-26.906,1101.574,3.015,-89.171,-2.842,-1.455,-39.642,-119.394,-181.753,-68.216,180.671,0.019,-0.482,0.908,0.024,0.426,-0.001,-0.03,0.01,-5.25,-228.92,4.84,0.04,-0.028,0.768,-1.19,-0.055,-0.425,0.028,,
2026-01-27 20:46:32.446,pick_on_machine,1138.511,-26.901,1101.509,2.995,-89.171,-2.823,-1.453,-39.673,-119.336,-181.752,-68.189,180.671,0.017,-0.438,0.826,0.022,0.388,-0.001,0.02,0.15,-5.23,-228.87,4.83,-0.02,-0.026,0.721,-1.129,-0.051,-0.409,0.025,,
2026-01-27 20:46:32.548,pick_on_machine,1139.139,-26.896,1101.445,2.976,-89.171,-2.804,-1.452,-39.703,-119.28,-181.75,-68.163,180.671,0.016,-0.403,0.76,0.02,0.357,-0.001,0.02,0.04,-5.29,-228.95,4.85,0.03,-0.024,0.658,-1.033,-0.047,-0.376,0.022,,
2026-01-27 20:46:32.649,pick_on_machine,1139.634,-26.893,1101.394,2.96,-89.171,-2.789,-1.451,-39.726,-119.236,-181.749,-68.142,180.671,0.014,-0.361,0.68,0.018,0.319,-0.001,-0.01,0.06,-5.2,-228.77,4.89,-0.03,-0.024,0.655,-1.048,-0.045,-0.395,0.02,,
2026-01-27 20:46:32.749,pick_on_machine,1140.121,-26.889,1101.345,2.945,-89.171,-2.774,-1.451,-39.749,-119.192,-181.748,-68.122,180.671,0.013,-0.329,0.619,0.016,0.291,-0.001,0.0,0.11,-5.33,-228.78,4.8,0.01,-0.022,0.594,-0.951,-0.041,-0.359,0.018,,
2026-01-27 20:46:32.850,pick_on_machine,1140.533,-26.886,1101.303,2.933,-89.171,-2.762,-1.45,-39.769,-119.155,-181.747,-68.104,180.671,0.011,-0.295,0.556,0.015,0.261,-0.001,0.0,0.12,-5.31,-228.88,4.85,0.04,-0.021,0.57,-0.922,-0.039,-0.354,0.017,,
2026-01-27 20:46:32.953,pick_on_machine,1140.938,-26.882,1101.262,2.92,-89.171,-2.75,-1.449,-39.788,-119.119,-181.746,-68.087,180.671,0.01,-0.27,0.508,0.013,0.238,-0.001,-0.04,0.17,-5.31,-228.77,4.95,0.07,-0.019,0.516,-0.836,-0.035,-0.322,0.015,,
2026-01-27 20:46:33.057,pick_on_machine,1141.294,-26.88,1101.225,2.91,-89.171,-2.74,-1.448,-39.805,-119.087,-181.745,-68.072,180.67,0.009,-0.244,0.46,0.012,0.216,-0.001,0.03,0.06,-5.27,-228.75,4.85,0.1,-0.018,0.488,-0.797,-0.033,-0.31,0.013,,
2026-01-27 20:46:33.159,pick_on_machine,1141.619,-26.877,1101.192,2.9,-89.171,-2.73,-1.448,-39.82,-119.058,-181.744,-68.059,180.67,0.009,-0.222,0.418,0.011,0.196,-0.0,0.05,0.1,-5.3,-228.87,4.87,-0.02,-0.017,0.454,-0.745,-0.03,-0.292,0.012,,
2026-01-27 20:46:33.262,pick_on_machine,1141.926,-26.875,1101.161,2.891,-89.171,-2.721,-1.447,-39.835,-119.031,-181.743,-68.046,180.67,0.008,-0.203,0.382,0.01,0.179,-0.0,0.1,-0.0,-5.3,-228.84,4.82,-0.01,-0.015,0.417,-0.686,-0.027,-0.27,0.011,,
2026-01-27 20:46:33.365,pick_on_machine,1142.195,-26.872,1101.133,2.882,-89.171,-2.713,-1.447,-39.848,-119.007,-181.743,-68.035,180.67,0.007,-0.184,0.347,0.009,0.163,-0.0,-0.02,0.1,-5.18,-228.77,4.91,-0.03,-0.014,0.393,-0.651,-0.026,-0.259,0.01,,
2026-01-27 20:46:33.467,pick_on_machine,1142.441,-26.871,1101.108,2.875,-89.171,-2.706,-1.446,-39.859,-118.985,-181.742,-68.024,180.67,0.006,-0.167,0.315,0.008,0.148,-0.0,-0.01,0.14,-5.31,-228.77,4.95,0.0,-0.013,0.365,-0.607,-0.024,-0.243,0.009,,
2026-01-27 20:46:33.570,pick_on_machine,1142.681,-26.869,1101.084,2.868,-89.171,-2.699,-1.446,-39.871,-118.963,-181.742,-68.014,180.67,0.006,-0.154,0.29,0.008,0.136,-0.0,-0.12,0.09,-5.25,-228.75,4.89,-0.04,-0.012,0.331,-0.551,-0.021,-0.221,0.008,,
2026-01-27 20:46:33.671,pick_on_machine,1142.891,-26.867,1101.062,2.862,-89.171,-2.693,-1.445,-39.881,-118.944,-181.741,-68.005,180.67,0.005,-0.14,0.265,0.007,0.124,-0.0,0.05,0.16,-5.28,-228.78,4.83,0.16,-0.012,0.312,-0.523,-0.02,-0.211,0.007,,
2026-01-27 20:46:33.772,pick_on_machine,1143.083,-26.865,1101.043,2.856,-89.171,-2.687,-1.445,-39.89,-118.927,-181.741,-67.997,180.67,0.005,-0.128,0.241,0.006,0.113,-0.0,0.04,0.14,-5.28,-228.82,4.89,0.14,-0.011,0.29,-0.487,-0.018,-0.198,0.007,,
2026-01-27 20:46:33.873,pick_on_machine,1143.251,-26.864,1101.026,2.851,-89.171,-2.682,-1.445,-39.898,-118.912,-181.74,-67.99,180.67,0.004,-0.116,0.219,0.006,0.103,-0.0,-0.03,0.09,-5.3,-228.81,4.75,0.04,-0.01,0.272,-0.46,-0.017,-0.188,0.006,,
2026-01-27 20:46:33.973,pick_on_machine,1143.41,-26.863,1101.01,2.846,-89.171,-2.678,-1.445,-39.905,-118.898,-181.74,-67.984,180.67,0.004,-0.106,0.199,0.005,0.094,-0.0,-0.07,0.1,-5.27,-228.77,4.88,0.02,-0.009,0.249,-0.422,-0.016,-0.173,0.005,,
2026-01-27 20:46:34.077,pick_on_machine,1143.559,-26.862,1100.994,2.842,-89.171,-2.673,-1.444,-39.912,-118.885,-181.74,-67.977,180.67,0.004,-0.097,0.183,0.005,0.086,-0.0,-0.1,0.05,-5.26,-228.86,4.77,0.07,-0.008,0.229,-0.388,-0.014,-0.16,0.005,,
2026-01-27 20:46:34.178,pick_on_machine,1143.694,-26.86,1100.98,2.838,-89.171,-2.669,-1.444,-39.919,-118.873,-181.739,-67.972,180.67,0.003,-0.089,0.168,0.004,0.079,-0.0,0.05,0.05,-5.23,-228.8,4.83,0.08,-0.008,0.212,-0.362,-0.013,-0.15,0.004,,
2026-01-27 20:46:34.280,pick_on_machine,1143.817,-26.859,1100.968,2.834,-89.171,-2.666,-1.444,-39.925,-118.862,-181.739,-67.966,180.67,0.003,-0.081,0.153,0.004,0.072,-0.0,-0.01,0.09,-5.35,-228.83,4.88,0.04,-0.007,0.197,-0.337,-0.012,-0.14,0.004,,
2026-01-27 20:46:34.380,pick_on_machine,1143.928,-26.859,1100.957,2.831,-89.171,-2.663,-1.444,-39.93,-118.852,-181.739,-67.962,180.67,0.003,-0.074,0.14,0.004,0.066,-0.0,0.02,0.06,-5.25,-228.8,4.85,0.05,-0.007,0.183,-0.314,-0.011,-0.131,0.004,,
2026-01-27 20:46:34.684,pick_on_machine,1144.195,-26.856,1100.929,2.823,-89.171,-2.655,-1.443,-39.943,-118.828,-181.738,-67.951,180.67,0.002,-0.055,0.104,0.003,0.049,-0.0,-0.01,0.09,-5.28,-228.82,4.9,0.11,-0.005,0.146,-0.253,-0.009,-0.107,0.003,,
2026-01-27 20:46:34.989,pick_on_machine,1144.394,-26.855,1100.909,2.817,-89.171,-2.649,-1.443,-39.952,-118.81,-181.738,-67.942,180.67,0.002,-0.041,0.078,0.002,0.036,-0.0,0.0,0.14,-5.26,-228.76,4.8,0.11,-0.004,0.115,-0.2,-0.007,-0.085,0.002,,
2026-01-27 20:46:35.395,pick_on_machine,1144.585,-26.853,1100.889,2.811,-89.171,-2.644,-1.442,-39.961,-118.793,-181.737,-67.934,180.67,0.001,-0.028,0.053,0.001,0.025,-0.0,0.01,0.16,-5.28,-228.72,4.86,0.01,-0.003,0.083,-0.146,-0.005,-0.063,0.001,,
2026-01-27 20:46:35.701,pick_on_machine,1144.69,-26.852,1100.879,2.808,-89.171,-2.641,-1.442,-39.966,-118.783,-181.737,-67.93,180.67,0.001,-0.021,0.04,0.001,0.019,-0.0,-0.01,0.22,-5.3,-228.73,4.94,-0.0,-0.002,0.065,-0.115,-0.004,-0.05,0.001,,
2026-01-27 20:46:36.011,pick_on_machine,1144.77,-26.852,1100.871,2.806,-89.171,-2.639,-1.442,-39.97,-118.776,-181.737,-67.926,180.67,0.001,-0.016,0.03,0.001,0.014,-0.0,0.01,0.15,-5.25,-228.87,4.87,0.05,-0.002,0.051,-0.09,-0.003,-0.039,0.001,,
2026-01-27 20:46:36.419,pick_on_machine,1144.845,-26.851,1100.863,2.803,-89.171,-2.636,-1.442,-39.973,-118.77,-181.736,-67.923,180.67,0.0,-0.011,0.021,0.001,0.01,-0.0,0.05,0.16,-5.28,-228.69,4.86,-0.01,-0.001,0.036,-0.064,-0.002,-0.028,0.0,,
2026-01-27 20:46:36.724,pick_on_machine,1144.885,-26.851,1100.859,2.802,-89.171,-2.635,-1.442,-39.975,-118.766,-181.736,-67.922,180.67,0.0,-0.008,0.015,0.0,0.007,-0.0,-0.13,0.07,-5.34,-228.83,4.82,0.08,-0.001,0.028,-0.05,-0.002,-0.022,0.0,,
2026-01-27 20:46:37.029,pick_on_machine,1144.915,-26.851,1100.856,2.801,-89.171,-2.634,-1.442,-39.977,-118.763,-181.736,-67.92,180.67,0.0,-0.006,0.012,0.0,0.005,-0.0,-0.05,0.09,-5.23,-228.79,4.75,0.07,-0.001,0.022,-0.039,-0.001,-0.017,0.0,,
2026-01-27 20:46:37.434,pick_on_machine,1144.944,-26.85,1100.853,2.801,-89.171,-2.634,-1.442,-39.978,-118.761,-181.736,-67.919,180.67,0.0,-0.004,0.008,0.0,0.004,-0.0,-0.02,0.16,-5.26,-228.8,4.92,-0.08,-0.001,0.015,-0.028,-0.001,-0.012,0.0,,
2026-01-27 20:46:37.534,pick_to_retreat_machine,1144.992,-26.851,1101.977,2.798,-89.171,-2.63,-1.442,-39.905,-118.768,-181.737,-67.853,180.672,0.0,0.181,-0.012,-0.002,0.168,0.005,-0.06,0.11,-5.3,-228.84,4.86,-0.06,-0.001,0.753,-0.101,-0.01,0.649,0.022,,
2026-01-27 20:46:37.634,pick_to_retreat_machine,1145.124,-26.854,1105.421,2.792,-89.172,-2.624,-1.442,-39.679,-118.79,-181.74,-67.65,180.679,0.0,0.7,-0.064,-0.009,0.633,0.021,-0.05,0.04,-5.4,-228.8,4.81,0.09,-0.001,2.199,-0.243,-0.029,1.946,0.065,,
2026-01-27 20:46:37.736,pick_to_retreat_machine,1145.251,-26.857,1109.1,2.784,-89.173,-2.616,-1.442,-39.438,-118.814,-181.743,-67.434,180.686,0.0,1.128,-0.108,-0.014,1.015,0.033,-0.0,0.03,-5.35,-228.77,4.77,0.05,-0.001,2.134,-0.234,-0.028,1.89,0.063,,
2026-01-27 20:46:37.839,pick_to_retreat_machine,1145.356,-26.86,1112.56,2.777,-89.174,-2.608,-1.442,-39.211,-118.836,-181.746,-67.231,180.693,0.0,1.413,-0.137,-0.018,1.27,0.042,0.03,-0.07,-5.33,-228.87,4.9,0.05,-0.001,1.777,-0.197,-0.023,1.572,0.052,,
2026-01-27 20:46:37.942,pick_to_retreat_machine,1145.44,-26.861,1115.695,2.769,-89.175,-2.601,-1.442,-39.005,-118.856,-181.749,-67.046,180.699,0.0,1.574,-0.153,-0.02,1.414,0.047,-0.08,-0.06,-5.29,-228.83,4.91,-0.06,-0.0,1.387,-0.156,-0.018,1.225,0.041,,
2026-01-27 20:46:38.043,pick_to_retreat_machine,1145.503,-26.863,1118.349,2.762,-89.175,-2.593,-1.442,-38.831,-118.874,-181.751,-66.89,180.704,-0.0,1.616,-0.158,-0.021,1.451,0.048,-0.03,-0.1,-5.45,-228.82,4.85,0.15,-0.0,0.933,-0.109,-0.012,0.82,0.027,,
2026-01-27 20:46:38.147,pick_to_retreat_machine,1145.555,-26.864,1120.857,2.755,-89.176,-2.586,-1.442,-38.666,-118.89,-181.753,-66.742,180.709,-0.0,1.623,-0.159,-0.021,1.457,0.048,-0.0,-0.18,-5.33,-228.9,4.88,0.06,-0.0,0.744,-0.089,-0.01,0.651,0.022,,
2026-01-27 20:46:38.247,pick_to_retreat_machine,1145.597,-26.865,1123.137,2.748,-89.177,-2.579,-1.442,-38.517,-118.905,-181.755,-66.608,180.713,-0.0,1.591,-0.156,-0.021,1.428,0.047,0.02,-0.21,-5.42,-228.82,4.89,0.09,-0.0,0.52,-0.065,-0.007,0.453,0.015,,
2026-01-27 20:46:38.350,pick_to_retreat_machine,1145.63,-26.866,1125.211,2.742,-89.177,-2.573,-1.442,-38.381,-118.918,-181.757,-66.486,180.717,-0.0,1.534,-0.151,-0.02,1.376,0.045,0.07,-0.31,-5.45,-228.82,4.84,0.04,-0.0,0.333,-0.045,-0.005,0.286,0.01,,
2026-01-27 20:46:38.452,pick_to_retreat_machine,1145.656,-26.866,1127.097,2.736,-89.178,-2.567,-1.442,-38.257,-118.93,-181.758,-66.375,180.721,-0.0,1.46,-0.144,-0.019,1.31,0.043,0.04,-0.3,-5.38,-228.88,4.85,0.06,-0.0,0.177,-0.029,-0.003,0.147,0.005,,
2026-01-27 20:46:38.552,pick_to_retreat_machine,1145.675,-26.867,1128.753,2.73,-89.178,-2.561,-1.442,-38.148,-118.941,-181.76,-66.278,180.724,-0.0,1.367,-0.135,-0.018,1.226,0.04,0.02,-0.27,-5.4,-228.88,4.89,0.11,-0.0,0.009,-0.011,-0.0,-0.003,0.0,,
2026-01-27 20:46:38.655,pick_to_retreat_machine,1145.691,-26.867,1130.318,2.725,-89.179,-2.555,-1.442,-38.046,-118.951,-181.761,-66.185,180.727,-0.0,1.282,-0.126,-0.017,1.15,0.038,-0.02,-0.28,-5.42,-228.86,4.82,0.02,-0.0,-0.052,-0.004,0.0,-0.056,-0.002,,
2026-01-27 20:46:38.758,pick_to_retreat_machine,1145.703,-26.867,1131.741,2.72,-89.179,-2.55,-1.442,-37.952,-118.96,-181.762,-66.102,180.73,-0.0,1.195,-0.118,-0.015,1.072,0.035,0.04,-0.29,-5.44,-228.91,4.78,0.0,-0.0,-0.14,0.006,0.002,-0.134,-0.004,,
2026-01-27 20:46:38.861,pick_to_retreat_machine,1145.712,-26.868,1133.036,2.715,-89.179,-2.546,-1.442,-37.867,-118.969,-181.763,-66.025,180.733,-0.0,1.109,-0.109,-0.014,0.994,0.033,-0.01,-0.27,-5.41,-228.85,4.96,-0.0,-0.0,-0.211,0.013,0.003,-0.196,-0.006,waypoint,
2026-01-27 20:46:38.964,pick_to_retreat_machine,1110.398,-27.71,1134.995,1.092,-89.179,-0.923,-1.537,-36.235,-122.085,-181.847,-67.509,180.698,-0.238,4.912,-7.873,-0.219,-2.962,-0.062,-0.01,-0.22,-5.3,-229.07,4.84,0.03,-0.953,15.285,-31.07,-0.819,-15.771,-0.378,,
2026-01-27 20:46:39.066,pick_to_retreat_machine,1076.995,-28.371,1136.759,-0.137,-89.178,0.307,-1.626,-34.719,-124.981,-181.924,-68.888,180.666,-0.4,7.473,-13.145,-0.357,-5.671,-0.127,-0.07,-0.26,-5.13,-229.17,4.85,-0.02,-0.79,12.586,-25.756,-0.678,-13.159,-0.316,,
2026-01-27 20:46:39.170,pick_to_retreat_machine,1046.142,-28.867,1138.333,-1.018,-89.177,1.188,-1.706,-33.341,-127.615,-181.994,-70.143,180.636,-0.501,9.05,-16.443,-0.444,-7.39,-0.169,-0.05,-0.27,-5.06,-229.39,4.8,0.01,-0.631,9.956,-20.56,-0.54,-10.594,-0.256,,
2026-01-27 20:46:39.273,pick_to_retreat_machine,1017.704,-29.232,1139.737,-1.622,-89.176,1.793,-1.779,-32.088,-130.011,-182.058,-71.285,180.609,-0.559,9.922,-18.321,-0.493,-8.396,-0.194,0.01,-0.21,-4.86,-229.58,4.78,0.09,-0.495,7.714,-16.121,-0.423,-8.4,-0.203,,
2026-01-27 20:46:39.376,pick_to_retreat_machine,991.539,-29.491,1140.991,-2.009,-89.175,2.18,-1.846,-30.947,-132.189,-182.117,-72.323,180.585,-0.586,10.292,-19.188,-0.515,-8.892,-0.206,0.01,-0.35,-4.92,-229.79,4.84,-0.04,-0.379,5.808,-12.341,-0.323,-6.527,-0.159,,
2026-01-27 20:46:39.477,pick_to_retreat_machine,967.502,-29.666,1142.112,-2.227,-89.174,2.398,-1.906,-29.91,-134.171,-182.169,-73.267,180.563,-0.591,10.311,-19.345,-0.519,-9.029,-0.21,-0.0,-0.41,-4.88,-229.94,4.9,-0.03,-0.281,4.196,-9.136,-0.238,-4.935,-0.121,,
2026-01-27 20:46:39.578,pick_to_retreat_machine,945.447,-29.774,1143.114,-2.314,-89.174,2.486,-1.962,-28.967,-135.973,-182.218,-74.125,180.543,-0.581,10.091,-19.015,-0.509,-8.919,-0.208,-0.0,-0.44,-4.78,-230.13,4.8,0.03,-0.198,2.838,-6.429,-0.166,-3.587,-0.089,,
2026-01-27 20:46:39.679,pick_to_retreat_machine,925.233,-29.83,1144.011,-2.302,-89.173,2.474,-2.012,-28.109,-137.613,-182.261,-74.906,180.524,-0.561,9.713,-18.359,-0.491,-8.642,-0.202,0.04,-0.53,-4.76,-230.27,4.81,-0.0,-0.128,1.701,-4.155,-0.106,-2.451,-0.062,,
2026-01-27 20:46:39.780,pick_to_retreat_machine,906.725,-29.846,1144.814,-2.215,-89.173,2.387,-2.057,-27.329,-139.104,-182.301,-75.617,180.508,-0.535,9.235,-17.497,-0.468,-8.257,-0.193,0.05,-0.58,-4.79,-230.6,4.82,-0.1,-0.07,0.754,-2.257,-0.056,-1.5,-0.039,,
2026-01-27 20:46:39.882,pick_to_retreat_machine,889.792,-29.832,1145.533,-2.073,-89.173,2.246,-2.099,-26.62,-140.46,-182.337,-76.263,180.493,-0.505,8.7,-16.513,-0.442,-7.808,-0.182,-0.05,-0.66,-4.61,-230.78,4.82,0.06,-0.022,-0.027,-0.682,-0.014,-0.707,-0.02,,
2026-01-27 20:46:39.984,pick_to_retreat_machine,874.31,-29.794,1146.179,-1.893,-89.173,2.065,-2.136,-25.974,-141.693,-182.37,-76.85,180.479,-0.473,8.139,-15.468,-0.414,-7.325,-0.171,0.13,-0.65,-4.57,-230.89,4.82,0.0,0.018,-0.666,0.613,0.02,-0.052,-0.004,,
2026-01-27 20:46:40.086,pick_to_retreat_machine,860.164,-29.74,1146.759,-1.686,-89.173,1.858,-2.171,-25.387,-142.815,-182.4,-77.385,180.466,-0.44,7.572,-14.405,-0.385,-6.83,-0.16,0.04,-0.76,-4.58,-231.14,4.73,-0.01,0.05,-1.184,1.668,0.048,0.485,0.009,,
2026-01-27 20:46:40.190,pick_to_retreat_machine,847.246,-29.675,1147.28,-1.462,-89.173,1.634,-2.202,-24.853,-143.835,-182.428,-77.871,180.455,-0.408,7.013,-13.355,-0.357,-6.338,-0.148,0.07,-0.72,-4.53,-231.26,4.76,0.0,0.076,-1.596,2.516,0.07,0.92,0.019,,
2026-01-27 20:46:40.293,pick_to_retreat_machine,835.052,-29.598,1147.764,-1.221,-89.173,1.393,-2.231,-24.351,-144.795,-182.453,-78.328,180.444,-0.379,6.515,-12.415,-0.332,-5.896,-0.138,-0.07,-0.81,-4.47,-231.39,4.84,0.07,0.087,-1.755,2.872,0.079,1.118,0.024,,
2026-01-27 20:46:40.393,pick_to_retreat_machine,824.328,-29.52,1148.185,-0.985,-89.173,1.157,-2.257,-23.911,-145.636,-182.476,-78.729,180.435,-0.349,5.987,-11.414,-0.305,-5.424,-0.127,-0.03,-0.75,-4.43,-231.52,4.9,0.08,0.114,-2.199,3.769,0.103,1.57,0.035,,
2026-01-27 20:46:40.496,pick_to_retreat_machine,814.213,-29.436,1148.576,-0.742,-89.173,0.913,-2.281,-23.497,-146.427,-182.497,-79.106,180.426,-0.322,5.525,-10.538,-0.282,-5.01,-0.117,0.02,-0.85,-4.51,-231.67,4.88,0.05,0.118,-2.241,3.893,0.106,1.652,0.037,,
2026-01-27 20:46:40.597,pick_to_retreat_machine,805.323,-29.355,1148.916,-0.513,-89.173,0.684,-2.302,-23.134,-147.12,-182.515,-79.436,180.418,-0.295,5.051,-9.637,-0.257,-4.583,-0.107,-0.02,-0.97,-4.34,-231.73,4.78,0.18,0.136,-2.528,4.479,0.122,1.951,0.044,,
2026-01-27 20:46:40.699,pick_to_retreat_machine,796.944,-29.272,1149.233,-0.283,-89.173,0.453,-2.322,-22.793,-147.772,-182.533,-79.747,180.411,-0.271,4.641,-8.858,-0.237,-4.214,-0.099,-0.01,-0.94,-4.31,-231.84,4.89,0.03,0.135,-2.491,4.444,0.12,1.953,0.044,,
2026-01-27 20:46:40.801,pick_to_retreat_machine,789.583,-29.193,1149.509,-0.07,-89.173,0.24,-2.34,-22.494,-148.344,-182.548,-80.019,180.405,-0.247,4.229,-8.073,-0.216,-3.842,-0.09,0.15,-0.98,-4.26,-232.02,4.88,-0.0,0.146,-2.663,4.804,0.13,2.141,0.049,,
2026-01-27 20:46:40.901,pick_to_retreat_machine,782.876,-29.118,1149.758,0.133,-89.173,0.037,-2.356,-22.222,-148.864,-182.562,-80.267,180.399,-0.225,3.852,-7.354,-0.196,-3.501,-0.082,0.06,-0.97,-4.4,-232.13,4.85,0.06,0.148,-2.667,4.841,0.131,2.173,0.05,,
2026-01-27 20:46:41.005,pick_to_retreat_machine,776.766,-29.045,1149.983,0.325,-89.173,-0.155,-2.37,-21.974,-149.337,-182.575,-80.492,180.394,-0.205,3.508,-6.698,-0.179,-3.189,-0.075,0.05,-1.12,-4.26,-232.08,4.79,0.12,0.147,-2.647,4.828,0.13,2.18,0.05,,
2026-01-27 20:46:41.105,pick_to_retreat_machine,771.2,-28.977,1150.186,0.506,-89.173,-0.337,-2.383,-21.749,-149.767,-182.586,-80.697,180.389,-0.186,3.193,-6.099,-0.163,-2.904,-0.068,0.09,-1.05,-4.29,-232.08,4.85,-0.05,0.146,-2.606,4.773,0.129,2.166,0.05,,
2026-01-27 20:46:41.208,pick_to_retreat_machine,766.132,-28.912,1150.37,0.675,-89.173,-0.507,-2.395,-21.545,-150.158,-182.596,-80.883,180.384,-0.17,2.907,-5.552,-0.148,-2.644,-0.062,-0.03,-1.16,-4.27,-232.27,4.77,0.04,0.143,-2.549,4.685,0.126,2.135,0.049,,
2026-01-27 20:46:41.308,pick_to_retreat_machine,761.517,-28.85,1150.537,0.834,-89.173,-0.666,-2.406,-21.358,-150.514,-182.606,-81.053,180.38,-0.154,2.646,-5.054,-0.135,-2.407,-0.056,-0.02,-1.09,-4.28,-232.3,4.71,-0.03,0.139,-2.479,4.57,0.123,2.09,0.048,,
2026-01-27 20:46:41.409,pick_to_retreat_machine,758.623,-28.811,1150.641,0.935,-89.173,-0.767,-2.413,-21.242,-150.737,-182.612,-81.159,180.378,-0.133,2.276,-4.348,-0.116,-2.07,-0.049,0.05,-1.16,-4.23,-232.4,4.85,0.06,0.166,-2.927,5.442,0.146,2.514,0.058,,
2026-01-27 20:46:41.512,pick_to_retreat_machine,755.907,-28.774,1150.738,1.032,-89.173,-0.864,-2.419,-21.132,-150.946,-182.617,-81.259,180.376,-0.116,1.98,-3.783,-0.101,-1.802,-0.042,0.03,-1.15,-4.26,-232.39,4.91,-0.04,0.154,-2.707,5.037,0.135,2.329,0.054,,
2026-01-27 20:46:41.615,pick_to_retreat_machine,752.082,-28.719,1150.874,1.17,-89.173,-1.003,-2.428,-20.979,-151.24,-182.625,-81.399,180.372,-0.109,1.87,-3.573,-0.095,-1.702,-0.04,0.05,-1.28,-4.24,-232.44,4.96,0.04,0.112,-1.99,3.681,0.099,1.69,0.039,,
2026-01-27 20:46:41.716,pick_to_retreat_machine,748.726,-28.671,1150.993,1.294,-89.172,-1.126,-2.436,-20.844,-151.498,-182.632,-81.522,180.369,-0.102,1.74,-3.324,-0.089,-1.584,-0.037,-0.03,-1.19,-4.3,-232.44,4.89,0.13,0.112,-1.981,3.676,0.099,1.694,0.039,,
2026-01-27 20:46:41.819,pick_to_retreat_machine,745.568,-28.624,1151.105,1.412,-89.172,-1.245,-2.444,-20.717,-151.741,-182.639,-81.637,180.367,-0.095,1.622,-3.1,-0.083,-1.477,-0.035,0.02,-1.26,-4.28,-232.42,4.8,-0.06,0.106,-1.864,3.462,0.093,1.598,0.037,,
2026-01-27 20:46:41.919,pick_to_retreat_machine,742.703,-28.582,1151.206,1.521,-89.172,-1.354,-2.45,-20.602,-151.96,-182.645,-81.742,180.364,-0.088,1.504,-2.874,-0.077,-1.369,-0.032,0.05,-1.16,-4.25,-232.55,4.84,0.06,0.102,-1.796,3.343,0.09,1.546,0.036,,
2026-01-27 20:46:42.021,pick_to_retreat_machine,740.19,-28.543,1151.294,1.617,-89.172,-1.45,-2.456,-20.501,-152.153,-182.65,-81.834,180.362,-0.081,1.38,-2.638,-0.07,-1.257,-0.029,-0.08,-1.27,-4.23,-232.57,4.82,0.01,0.1,-1.758,3.28,0.088,1.521,0.035,,
2026-01-27 20:46:42.123,pick_to_retreat_machine,737.825,-28.507,1151.376,1.709,-89.172,-1.543,-2.462,-20.406,-152.334,-182.655,-81.92,180.36,-0.074,1.272,-2.431,-0.065,-1.158,-0.027,0.03,-1.32,-4.23,-232.52,4.86,0.09,0.094,-1.642,3.067,0.082,1.423,0.033,,
2026-01-27 20:46:42.226,pick_to_retreat_machine,735.681,-28.473,1151.451,1.793,-89.172,-1.627,-2.467,-20.32,-152.499,-182.659,-81.999,180.358,-0.068,1.169,-2.234,-0.06,-1.064,-0.025,-0.02,-1.19,-4.26,-232.64,4.77,0.02,0.089,-1.567,2.929,0.079,1.362,0.032,,
2026-01-27 20:46:42.328,pick_to_retreat_machine,733.672,-28.441,1151.521,1.873,-89.172,-1.707,-2.471,-20.239,-152.652,-182.663,-82.072,180.357,-0.063,1.078,-2.06,-0.055,-0.981,-0.023,-0.07,-1.36,-4.18,-232.72,4.8,0.1,0.084,-1.465,2.741,0.074,1.276,0.03,,
2026-01-27 20:46:42.430,pick_to_retreat_machine,731.914,-28.413,1151.582,1.943,-89.172,-1.777,-2.475,-20.169,-152.787,-182.667,-82.136,180.355,-0.058,0.985,-1.881,-0.05,-0.896,-0.021,0.03,-1.21,-4.2,-232.77,4.8,-0.02,0.081,-1.419,2.66,0.071,1.24,0.029,,
2026-01-27 20:46:42.533,pick_to_retreat_machine,730.321,-28.388,1151.637,2.007,-89.172,-1.841,-2.479,-20.105,-152.909,-182.67,-82.194,180.354,-0.052,0.898,-1.716,-0.046,-0.818,-0.019,0.05,-1.29,-4.17,-232.67,4.83,0.08,0.077,-1.343,2.52,0.068,1.176,0.027,,
2026-01-27 20:46:42.636,pick_to_retreat_machine,728.875,-28.364,1151.687,2.066,-89.172,-1.9,-2.483,-20.047,-153.019,-182.673,-82.247,180.352,-0.048,0.818,-1.563,-0.042,-0.745,-0.017,-0.08,-1.34,-4.23,-232.79,4.88,-0.02,0.073,-1.269,2.382,0.064,1.113,0.026,,
2026-01-27 20:46:42.737,pick_to_retreat_machine,727.565,-28.343,1151.732,2.119,-89.172,-1.954,-2.486,-19.995,-153.12,-182.676,-82.294,180.351,-0.043,0.745,-1.423,-0.038,-0.678,-0.016,-0.02,-1.21,-4.29,-232.82,4.89,0.03,0.069,-1.196,2.247,0.06,1.051,0.024,,
2026-01-27 20:46:42.840,pick_to_retreat_machine,726.377,-28.323,1151.773,2.168,-89.172,-2.003,-2.488,-19.947,-153.21,-182.678,-82.338,180.35,-0.04,0.677,-1.294,-0.035,-0.617,-0.014,0.06,-1.32,-4.18,-232.78,4.82,0.03,0.065,-1.125,2.116,0.057,0.99,0.023,waypoint,
2026-01-27 20:46:42.941,pick_to_retreat_machine,730.739,-28.843,1188.837,31.067,-89.054,-30.363,-2.574,-15.77,-153.073,-183.354,-78.051,181.137,-0.244,10.951,-0.628,-1.716,10.254,1.956,0.05,-2.76,-4.91,-233.85,4.77,-0.02,-0.772,40.285,4.184,-6.686,44.188,7.897,,
2026-01-27 20:46:43.043,pick_to_retreat_machine,732.702,-29.395,1234.545,48.99,-88.783,-47.683,-2.678,-10.692,-152.875,-184.178,-72.809,182.1,-0.443,20.91,0.024,-3.347,20.796,3.874,-0.05,-4.1,-5.48,-235.46,4.68,0.04,-0.875,45.269,4.374,-7.495,49.328,8.869,,
2026-01-27 20:46:43.146,pick_to_retreat_machine,730.583,-29.837,1279.408,56.568,-88.552,-54.747,-2.779,-5.73,-152.682,-184.983,-67.688,183.04,-0.585,28.086,0.502,-4.523,28.4,5.257,-0.09,-5.24,-5.88,-237.42,4.72,0.16,-0.763,39.571,3.891,-6.556,43.186,7.76,,
2026-01-27 20:46:43.248,pick_to_retreat_machine,725.429,-30.146,1318.622,59.438,-88.415,-57.24,-2.868,-1.381,-152.512,-185.689,-63.198,183.865,-0.661,31.938,0.8,-5.156,32.524,6.004,-0.09,-5.97,-6.24,-239.62,4.49,0.03,-0.562,29.493,3.263,-4.907,32.55,5.823,,
2026-01-27 20:46:43.350,pick_to_retreat_machine,718.072,-30.361,1353.983,60.249,-88.349,-57.778,-2.949,2.575,-152.358,-186.33,-59.115,184.615,-0.698,33.843,0.986,-5.471,34.602,6.377,-0.05,-7.04,-6.65,-241.97,4.49,-0.01,-0.425,22.609,2.784,-3.778,25.233,4.495,,
2026-01-27 20:46:43.452,pick_to_retreat_machine,709.19,-30.503,1385.734,59.888,-88.335,-57.234,-3.023,6.173,-152.218,-186.914,-55.401,185.297,-0.707,34.377,1.09,-5.563,35.236,6.488,-0.08,-7.75,-6.86,-244.38,4.52,0.1,-0.31,16.768,2.366,-2.82,19.015,3.367,,
2026-01-27 20:46:43.552,pick_to_retreat_machine,700.772,-30.577,1410.288,58.971,-88.35,-56.22,-3.08,8.997,-152.108,-187.372,-52.486,185.832,-0.675,32.842,1.093,-5.317,33.714,6.204,-0.16,-8.38,-7.16,-246.61,4.51,0.09,-0.12,7.349,1.827,-1.282,9.121,1.562,,
2026-01-27 20:46:43.654,pick_to_retreat_machine,690.393,-30.621,1436.088,57.402,-88.39,-54.595,-3.142,12.014,-151.99,-187.862,-49.372,186.404,-0.66,32.174,1.113,-5.212,33.071,6.083,-0.07,-9.07,-7.38,-248.84,4.56,0.14,-0.148,8.546,1.72,-1.467,10.203,1.772,,
2026-01-27 20:46:43.756,pick_to_retreat_machine,679.344,-30.628,1459.874,55.363,-88.446,-52.551,-3.2,14.851,-151.88,-188.322,-46.443,186.941,-0.64,31.223,1.112,-5.059,32.125,5.907,-0.1,-9.57,-7.54,-251.14,4.46,0.05,-0.096,5.895,1.478,-1.029,7.328,1.254,,
2026-01-27 20:46:43.857,pick_to_retreat_machine,669.411,-30.609,1478.914,53.271,-88.502,-50.492,-3.247,17.168,-151.789,-188.698,-44.051,187.381,-0.598,29.211,1.059,-4.734,30.073,5.528,-0.08,-10.15,-7.65,-253.19,4.51,0.12,0.02,0.106,1.127,-0.082,1.228,0.143,,
2026-01-27 20:46:43.958,pick_to_retreat_machine,658.865,-30.569,1497.251,50.818,-88.564,-48.102,-3.294,19.446,-151.701,-189.067,-41.7,187.812,-0.565,27.602,1.017,-4.475,28.432,5.225,0.0,-10.54,-7.75,-255.3,4.57,-0.01,0.026,-0.302,0.999,-0.01,0.695,0.053,,
2026-01-27 20:46:44.060,pick_to_retreat_machine,648.611,-30.513,1513.579,48.222,-88.626,-45.592,-3.336,21.517,-151.62,-189.403,-39.562,188.205,-0.53,25.88,0.964,-4.196,26.67,4.9,-0.0,-10.95,-7.84,-257.13,4.58,0.15,0.065,-2.333,0.819,0.326,-1.501,-0.343,,
2026-01-27 20:46:44.163,pick_to_retreat_machine,638.404,-30.445,1528.608,45.444,-88.686,-42.921,-3.376,23.465,-151.544,-189.719,-37.551,188.574,-0.497,24.28,0.913,-3.937,25.03,4.598,-0.12,-11.22,-7.94,-258.91,4.5,0.48,0.084,-3.333,0.689,0.493,-2.625,-0.542,,
2026-01-27 20:46:44.266,pick_to_retreat_machine,629.014,-30.372,1541.508,42.727,-88.74,-40.318,-3.411,25.173,-151.477,-189.996,-35.788,188.898,-0.46,22.479,0.851,-3.646,23.179,4.258,-0.13,-11.68,-8.13,-260.57,4.52,0.78,0.125,-5.403,0.526,0.834,-4.843,-0.944,,
2026-01-27 20:46:44.366,pick_to_retreat_machine,620.122,-30.295,1553.005,40.021,-88.789,-37.732,-3.443,26.726,-151.417,-190.248,-34.185,189.192,-0.424,20.743,0.79,-3.364,21.393,3.929,0.07,-11.85,-8.08,-262.16,4.62,1.11,0.144,-6.408,0.413,1.001,-5.954,-1.142,,
2026-01-27 20:46:44.468,pick_to_retreat_machine,611.748,-30.216,1563.26,37.361,-88.833,-35.195,-3.472,28.139,-151.362,-190.478,-32.727,189.46,-0.39,19.089,0.73,-3.096,19.69,3.616,-0.01,-12.1,-8.16,-263.63,4.57,1.5,0.158,-7.172,0.317,1.129,-6.809,-1.294,,
2026-01-27 20:46:44.569,pick_to_retreat_machine,603.9,-30.137,1572.414,34.778,-88.872,-32.737,-3.498,29.424,-151.312,-190.686,-31.4,189.703,-0.358,17.529,0.673,-2.843,18.083,3.321,0.17,-12.26,-8.13,-264.84,4.73,1.79,0.168,-7.733,0.236,1.224,-7.448,-1.407,,
2026-01-27 20:46:44.671,pick_to_retreat_machine,596.573,-30.059,1580.591,32.297,-88.906,-30.377,-3.522,30.592,-151.266,-190.876,-30.194,189.925,-0.328,16.068,0.618,-2.606,16.578,3.044,-0.09,-12.51,-8.2,-266.23,4.62,2.2,0.175,-8.123,0.167,1.29,-7.903,-1.487,,
2026-01-27 20:46:44.774,pick_to_retreat_machine,589.52,-29.981,1588.149,29.852,-88.938,-28.056,-3.544,31.691,-151.223,-191.054,-29.06,190.133,-0.303,14.798,0.571,-2.4,15.27,2.804,-0.02,-12.67,-8.24,-267.2,4.68,2.66,0.172,-8.007,0.123,1.274,-7.831,-1.47,,
2026-01-27 20:46:44.875,pick_to_retreat_machine,583.427,-29.91,1594.446,27.701,-88.964,-26.016,-3.563,32.622,-151.187,-191.205,-28.099,190.31,-0.274,13.425,0.519,-2.178,13.854,2.544,0.03,-12.79,-8.44,-268.23,4.63,3.02,0.189,-8.89,0.045,1.42,-8.787,-1.642,,
2026-01-27 20:46:44.978,pick_to_retreat_machine,577.37,-29.838,1600.505,25.534,-88.988,-23.963,-3.582,33.531,-151.151,-191.352,-27.161,190.482,-0.252,12.342,0.478,-2.002,12.736,2.339,-0.07,-12.95,-8.33,-269.18,4.59,3.35,0.175,-8.216,0.032,1.312,-8.129,-1.519,,
2026-01-27 20:46:45.081,pick_to_retreat_machine,571.975,-29.771,1605.74,23.584,-89.009,-22.117,-3.598,34.328,-151.12,-191.482,-26.338,190.633,-0.23,11.249,0.436,-1.825,11.609,2.132,0.14,-13.12,-8.33,-270.09,4.59,3.72,0.18,-8.516,-0.015,1.363,-8.474,-1.579,,
2026-01-27 20:46:45.183,pick_to_retreat_machine,566.829,-29.706,1610.596,21.711,-89.028,-20.347,-3.613,35.077,-151.091,-191.603,-25.564,190.775,-0.211,10.31,0.4,-1.673,10.641,1.954,0.01,-13.18,-8.31,-270.87,4.71,4.18,0.172,-8.139,-0.032,1.304,-8.117,-1.511,,
2026-01-27 20:46:45.284,pick_to_retreat_machine,562.263,-29.648,1614.8,20.041,-89.044,-18.771,-3.627,35.734,-151.066,-191.71,-24.886,190.899,-0.192,9.375,0.364,-1.521,9.676,1.777,0.04,-13.39,-8.31,-271.56,4.75,4.45,0.174,-8.249,-0.065,1.323,-8.259,-1.536,,
2026-01-27 20:46:45.386,pick_to_retreat_machine,557.921,-29.59,1618.707,18.45,-89.059,-17.27,-3.639,36.352,-151.041,-191.81,-24.248,191.016,-0.175,8.576,0.333,-1.391,8.852,1.625,0.09,-13.37,-8.35,-272.19,4.64,4.7,0.164,-7.816,-0.073,1.255,-7.837,-1.456,,
2026-01-27 20:46:45.491,pick_to_retreat_machine,554.077,-29.539,1622.094,17.041,-89.071,-15.942,-3.65,36.894,-151.02,-191.898,-23.689,191.119,-0.159,7.786,0.303,-1.263,8.037,1.475,0.06,-13.47,-8.3,-272.8,4.68,4.95,0.163,-7.796,-0.096,1.253,-7.84,-1.455,,
2026-01-27 20:46:45.591,pick_to_retreat_machine,550.551,-29.491,1625.144,15.749,-89.082,-14.725,-3.661,37.387,-151.001,-191.978,-23.181,191.212,-0.145,7.071,0.275,-1.147,7.299,1.34,0.01,-13.5,-8.36,-273.41,4.81,5.26,0.157,-7.507,-0.105,1.207,-7.562,-1.402,,
2026-01-27 20:46:45.694,pick_to_retreat_machine,547.32,-29.447,1627.893,14.567,-89.092,-13.613,-3.67,37.835,-150.984,-192.051,-22.718,191.297,-0.131,6.424,0.25,-1.042,6.63,1.217,0.11,-13.65,-8.38,-273.97,4.71,5.4,0.15,-7.202,-0.112,1.159,-7.266,-1.347,,
2026-01-27 20:46:45.795,pick_to_retreat_machine,544.259,-29.404,1630.455,13.449,-89.101,-12.563,-3.678,38.256,-150.967,-192.119,-22.283,191.377,-0.12,5.871,0.229,-0.953,6.06,1.112,0.05,-13.55,-8.37,-274.39,4.74,5.62,0.141,-6.749,-0.111,1.086,-6.815,-1.263,,
2026-01-27 20:46:45.897,pick_to_retreat_machine,541.468,-29.365,1632.759,12.433,-89.109,-11.608,-3.686,38.638,-150.952,-192.181,-21.889,191.45,-0.109,5.358,0.209,-0.869,5.531,1.015,-0.03,-13.63,-8.4,-274.75,4.61,5.78,0.135,-6.468,-0.116,1.041,-6.541,-1.211,,
2026-01-27 20:46:46.013,pick_to_retreat_machine,538.923,-29.329,1634.831,11.509,-89.116,-10.742,-3.693,38.984,-150.939,-192.237,-21.531,191.515,-0.1,4.884,0.19,-0.792,5.042,0.925,-0.05,-13.67,-8.42,-275.19,4.65,5.94,0.129,-6.179,-0.118,0.995,-6.255,-1.158,,
2026-01-27 20:46:46.100,pick_to_retreat_machine,536.681,-29.297,1636.636,10.698,-89.123,-9.981,-3.699,39.288,-150.927,-192.286,-21.218,191.573,-0.09,4.422,0.172,-0.717,4.565,0.838,-0.02,-13.72,-8.37,-275.38,4.71,6.07,0.124,-5.988,-0.123,0.965,-6.071,-1.123,,
2026-01-27 20:46:46.200,pick_to_retreat_machine,534.563,-29.267,1638.322,9.935,-89.128,-9.266,-3.705,39.573,-150.916,-192.333,-20.924,191.627,-0.082,4.03,0.157,-0.654,4.16,0.764,0.06,-13.83,-8.41,-275.85,4.78,6.4,0.116,-5.57,-0.118,0.898,-5.65,-1.045,,
2026-01-27 20:46:46.301,pick_to_retreat_machine,532.698,-29.24,1639.792,9.265,-89.133,-8.639,-3.71,39.823,-150.906,-192.373,-20.665,191.674,-0.075,3.648,0.142,-0.592,3.766,0.691,0.06,-13.81,-8.45,-276.13,4.75,6.41,0.111,-5.365,-0.12,0.865,-5.449,-1.007,,
2026-01-27 20:46:46.403,pick_to_retreat_machine,530.939,-29.214,1641.167,8.635,-89.138,-8.049,-3.715,40.059,-150.897,-192.411,-20.422,191.719,-0.068,3.325,0.13,-0.539,3.432,0.63,-0.04,-13.86,-8.37,-276.36,4.69,6.56,0.103,-4.978,-0.113,0.803,-5.058,-0.935,,
2026-01-27 20:46:46.505,pick_to_retreat_machine,529.338,-29.191,1642.408,8.064,-89.142,-7.515,-3.719,40.272,-150.889,-192.446,-20.202,191.759,-0.062,3.027,0.118,-0.491,3.124,0.573,0.02,-13.77,-8.3,-276.61,4.81,6.72,0.097,-4.7,-0.111,0.758,-4.779,-0.883,,
2026-01-27 20:46:46.608,pick_to_retreat_machine,527.883,-29.169,1643.527,7.546,-89.146,-7.032,-3.723,40.465,-150.881,-192.477,-20.003,191.796,-0.056,2.753,0.107,-0.447,2.842,0.522,0.02,-13.93,-8.34,-276.8,4.73,6.79,0.092,-4.43,-0.107,0.715,-4.507,-0.832,,
2026-01-27 20:46:46.711,pick_to_retreat_machine,526.561,-29.15,1644.537,7.077,-89.149,-6.594,-3.727,40.641,-150.874,-192.506,-19.822,191.829,-0.051,2.503,0.098,-0.406,2.584,0.474,0.09,-13.81,-8.43,-277.05,4.77,6.94,0.086,-4.168,-0.104,0.673,-4.243,-0.783,,
2026-01-27 20:46:46.812,pick_to_retreat_machine,525.399,-29.132,1645.42,6.666,-89.152,-6.21,-3.73,40.794,-150.868,-192.531,-19.663,191.858,-0.046,2.262,0.088,-0.367,2.334,0.428,0.04,-13.86,-8.28,-277.15,4.71,6.96,0.082,-3.967,-0.102,0.641,-4.042,-0.746,,
2026-01-27 20:46:46.912,pick_to_retreat_machine,524.376,-29.117,1646.193,6.306,-89.155,-5.873,-3.733,40.929,-150.863,-192.553,-19.524,191.884,-0.042,2.034,0.079,-0.33,2.099,0.385,-0.03,-13.87,-8.34,-277.36,4.74,7.13,0.078,-3.757,-0.099,0.607,-3.831,-0.707,,
2026-01-27 20:46:47.016,pick_to_retreat_machine,523.407,-29.103,1646.921,5.965,-89.157,-5.556,-3.736,41.057,-150.858,-192.573,-19.392,191.908,-0.038,1.844,0.072,-0.299,1.903,0.349,0.03,-13.86,-8.36,-277.56,4.74,7.09,0.071,-3.456,-0.092,0.558,-3.524,-0.65,,
2026-01-27 20:46:47.118,pick_to_retreat_machine,522.525,-29.089,1647.581,5.655,-89.16,-5.267,-3.738,41.173,-150.854,-192.592,-19.272,191.93,-0.034,1.673,0.065,-0.271,1.727,0.317,0.01,-13.94,-8.35,-277.64,4.73,7.16,0.067,-3.226,-0.087,0.521,-3.291,-0.607,,
2026-01-27 20:46:47.221,pick_to_retreat_machine,521.694,-29.077,1648.201,5.364,-89.162,-4.996,-3.74,41.282,-150.849,-192.61,-19.16,191.95,-0.031,1.527,0.06,-0.248,1.577,0.289,0.02,-13.89,-8.38,-277.69,4.69,7.26,0.061,-2.972,-0.081,0.48,-3.033,-0.559,,
2026-01-27 20:46:47.321,pick_to_retreat_machine,520.964,-29.066,1648.742,5.109,-89.163,-4.758,-3.742,41.378,-150.846,-192.625,-19.061,191.969,-0.028,1.385,0.054,-0.225,1.429,0.262,0.02,-13.92,-8.43,-277.88,4.81,7.5,0.058,-2.809,-0.078,0.454,-2.869,-0.529,,
2026-01-27 20:46:47.425,pick_to_retreat_machine,520.277,-29.056,1649.251,4.869,-89.165,-4.535,-3.744,41.467,-150.842,-192.64,-18.968,191.986,-0.026,1.263,0.049,-0.205,1.304,0.239,0.05,-13.88,-8.38,-277.91,4.72,7.37,0.053,-2.585,-0.073,0.418,-2.641,-0.487,waypoint,
2026-01-27 20:46:47.528,pick_to_retreat_machine,523.36,-32.483,1652.686,-167.009,-88.465,164.739,-3.75,41.112,-150.67,-184.124,-21.104,183.542,-0.034,0.058,0.468,21.135,-4.361,-20.929,-1.5,-15.09,-8.76,-259.31,6.39,5.95,0.009,-6.785,1.624,85.677,-24.66,-85.041,,
2026-01-27 20:46:47.629,pick_to_retreat_machine,529.148,-41.242,1657.279,-165.305,-85.045,156.176,-3.759,40.333,-150.339,-167.542,-25.343,167.003,-0.048,-1.904,1.178,57.309,-13.869,-57.045,-1.96,-16.3,-9.3,-230.43,7.48,4.67,-0.026,-10.338,3.047,157.784,-43.231,-157.5,,
2026-01-27 20:46:47.732,pick_to_retreat_machine,533.159,-50.93,1658.93,-159.116,-83.799,142.132,-3.767,39.624,-150.038,-152.459,-29.199,151.96,-0.057,-3.199,1.636,80.687,-20.041,-80.39,-1.96,-17.23,-9.6,-194.68,8.17,3.7,-0.015,-8.599,2.443,126.999,-35.073,-126.778,,
2026-01-27 20:46:47.835,pick_to_retreat_machine,535.472,-59.692,1658.024,-144.773,-84.121,120.456,-3.774,39.024,-149.783,-139.679,-32.466,139.214,-0.061,-3.901,1.865,92.466,-23.199,-92.157,-1.59,-17.62,-9.81,-155.25,8.55,3.04,-0.001,-6.658,1.739,91.279,-25.681,-91.137,,
2026-01-27 20:46:47.936,pick_to_retreat_machine,536.515,-66.126,1655.872,-121.588,-84.494,91.719,-3.78,38.576,-149.592,-130.147,-34.903,129.709,-0.059,-4.045,1.874,93.179,-23.491,-92.883,-1.09,-17.79,-9.74,-123.74,8.7,2.36,0.017,-4.466,0.917,49.664,-14.808,-49.621,,
2026-01-27 20:46:48.039,pick_to_retreat_machine,536.996,-72.717,1652.051,-86.701,-83.297,50.926,-3.785,38.083,-149.383,-119.65,-37.586,119.24,-0.059,-4.266,1.929,96.128,-24.327,-95.834,-0.46,-17.5,-9.65,-98.59,8.45,1.87,0.01,-4.473,1.018,54.357,-15.797,-54.291,,
2026-01-27 20:46:48.139,pick_to_retreat_machine,536.808,-78.532,1646.662,-62.471,-79.335,21.164,-3.791,37.578,-149.168,-108.901,-40.334,108.52,-0.059,-4.462,1.983,98.967,-25.115,-98.674,-0.11,-16.92,-9.37,-78.21,7.99,1.43,0.007,-4.144,0.966,51.433,-14.859,-51.363,,
2026-01-27 20:46:48.242,pick_to_retreat_machine,536.106,-82.67,1640.625,-51.459,-73.889,5.812,-3.797,37.119,-148.973,-99.125,-42.833,98.771,-0.058,-4.495,1.975,98.666,-25.085,-98.378,0.27,-16.1,-8.94,-62.11,7.49,1.05,0.012,-3.272,0.675,36.563,-10.887,-36.525,,
2026-01-27 20:46:48.342,pick_to_retreat_machine,535.145,-85.188,1634.597,-45.997,-68.057,-2.757,-3.802,36.715,-148.802,-90.537,-45.029,90.207,-0.055,-4.38,1.91,95.47,-24.302,-95.194,0.54,-15.33,-8.63,-49.01,6.82,0.78,0.017,-2.387,0.371,21.029,-6.762,-21.026,,
2026-01-27 20:46:48.443,pick_to_retreat_machine,533.967,-86.495,1628.226,-42.429,-61.624,-8.595,-3.806,36.321,-148.634,-82.147,-47.174,81.841,-0.053,-4.27,1.851,92.578,-23.589,-92.312,0.76,-14.49,-8.22,-38.8,6.16,0.5,0.017,-2.055,0.294,16.945,-5.579,-16.946,,
2026-01-27 20:46:48.546,pick_to_retreat_machine,532.762,-86.606,1622.192,-39.894,-55.296,-12.436,-3.81,35.964,-148.483,-74.542,-49.118,74.257,-0.05,-4.096,1.768,88.446,-22.553,-88.193,0.86,-13.72,-7.87,-30.51,5.4,0.42,0.019,-1.481,0.108,7.401,-3.014,-7.422,,
2026-01-27 20:46:48.647,pick_to_retreat_machine,531.613,-85.782,1616.64,-37.813,-49.248,-15.001,-3.814,35.64,-148.345,-67.648,-50.881,67.383,-0.047,-3.881,1.67,83.569,-21.32,-83.33,0.97,-12.86,-7.46,-23.85,4.88,0.23,0.021,-0.999,-0.045,-0.455,-0.894,0.417,,
2026-01-27 20:46:48.749,pick_to_retreat_machine,530.809,-84.678,1612.793,-36.372,-44.913,-16.344,-3.817,35.415,-148.249,-62.852,-52.107,62.601,-0.042,-3.474,1.492,74.667,-19.056,-74.453,1.01,-12.24,-7.12,-18.47,4.25,0.19,0.031,0.086,-0.459,-21.385,4.558,21.292,,
2026-01-27 20:46:48.852,pick_to_retreat_machine,529.892,-82.833,1608.372,-34.616,-39.756,-17.492,-3.82,35.151,-148.137,-57.243,-53.541,57.008,-0.039,-3.265,1.399,70.023,-17.877,-69.823,1.01,-11.59,-6.72,-14.32,3.61,0.14,0.023,-0.304,-0.251,-11.114,2.023,11.055,,
2026-01-27 20:46:48.955,pick_to_retreat_machine,529.102,-80.642,1604.475,-32.896,-35.026,-18.156,-3.823,34.911,-148.035,-52.141,-54.845,51.921,-0.037,-3.048,1.304,65.272,-16.668,-65.084,0.91,-11.2,-6.42,-10.95,3.2,0.11,0.024,-0.035,-0.327,-15.078,3.119,15.011,,
2026-01-27 20:46:49.056,pick_to_retreat_machine,528.438,-78.233,1601.075,-31.189,-30.73,-18.451,-3.825,34.693,-147.943,-47.501,-56.031,47.294,-0.034,-2.831,1.209,60.554,-15.467,-60.379,1.02,-10.67,-6.11,-8.34,2.71,-0.01,0.024,0.185,-0.386,-18.187,3.987,18.114,,
2026-01-27 20:46:49.160,pick_to_retreat_machine,527.877,-75.617,1598.034,-29.432,-26.726,-18.459,-3.828,34.488,-147.856,-43.137,-57.147,42.943,-0.032,-2.636,1.125,56.325,-14.389,-56.162,0.86,-10.34,-5.95,-6.17,2.26,0.08,0.023,0.296,-0.403,-19.132,4.295,19.059,,
2026-01-27 20:46:49.264,pick_to_retreat_machine,527.418,-72.872,1595.352,-27.63,-23.039,-18.227,-3.83,34.296,-147.774,-39.052,-58.191,38.87,-0.029,-2.456,1.047,52.456,-13.403,-52.304,0.79,-9.89,-5.67,-4.47,1.9,-0.05,0.022,0.398,-0.418,-20.006,4.578,19.933,,
2026-01-27 20:46:49.364,pick_to_retreat_machine,527.088,-70.337,1593.223,-25.972,-19.988,-17.846,-3.832,34.134,-147.705,-35.596,-59.075,35.425,-0.027,-2.248,0.958,47.982,-12.261,-47.841,0.77,-9.71,-5.46,-3.09,1.56,0.02,0.024,0.653,-0.502,-24.297,5.729,24.214,,
2026-01-27 20:46:49.465,pick_to_retreat_machine,526.833,-67.782,1591.351,-24.293,-17.193,-17.33,-3.834,33.981,-147.64,-32.346,-59.906,32.185,-0.025,-2.068,0.881,44.111,-11.273,-43.981,0.73,-9.4,-5.25,-2.23,1.29,-0.07,0.022,0.685,-0.493,-23.926,5.682,23.845,,
2026-01-27 20:46:49.565,pick_to_retreat_machine,526.656,-65.413,1589.823,-22.716,-14.814,-16.75,-3.835,33.848,-147.584,-29.497,-60.634,29.344,-0.022,-1.885,0.803,40.206,-10.275,-40.087,0.69,-9.19,-4.99,-1.31,1.0,0.09,0.022,0.805,-0.524,-25.543,6.139,25.458,,
2026-01-27 20:46:49.667,pick_to_retreat_machine,526.534,-63.082,1588.487,-21.14,-12.65,-16.094,-3.837,33.722,-147.53,-26.818,-61.319,26.673,-0.021,-1.729,0.736,36.853,-9.419,-36.743,0.5,-9.04,-4.76,-0.8,0.9,-0.14,0.021,0.804,-0.505,-24.685,5.959,24.605,,
2026-01-27 20:46:49.770,pick_to_retreat_machine,526.461,-60.886,1587.365,-19.631,-10.758,-15.406,-3.838,33.608,-147.482,-24.389,-61.94,24.252,-0.019,-1.582,0.673,33.711,-8.616,-33.61,0.46,-8.81,-4.64,-0.26,0.63,-0.09,0.02,0.841,-0.505,-24.724,6.004,24.644,,
2026-01-27 20:46:49.870,pick_to_retreat_machine,526.429,-58.9,1586.456,-18.242,-9.161,-14.729,-3.84,33.508,-147.439,-22.26,-62.484,22.129,-0.017,-1.436,0.611,30.606,-7.823,-30.514,0.54,-8.67,-4.58,0.06,0.51,-0.12,0.02,0.898,-0.514,-25.247,6.169,25.167,,
2026-01-27 20:46:49.973,pick_to_retreat_machine,526.426,-57.047,1585.689,-16.924,-7.762,-14.054,-3.841,33.417,-147.4,-20.323,-62.979,20.199,-0.015,-1.305,0.555,27.796,-7.105,-27.712,0.35,-8.63,-4.3,0.42,0.4,-0.1,0.019,0.899,-0.501,-24.649,6.045,24.571,,
2026-01-27 20:46:50.076,pick_to_retreat_machine,526.447,-55.325,1585.045,-15.68,-6.538,-13.392,-3.842,33.334,-147.365,-18.562,-63.429,18.443,-0.014,-1.185,0.504,25.25,-6.454,-25.173,0.4,-8.53,-4.28,0.77,0.41,-0.03,0.018,0.891,-0.486,-23.936,5.888,23.861,,
2026-01-27 20:46:50.177,pick_to_retreat_machine,526.483,-53.785,1584.521,-14.552,-5.503,-12.771,-3.842,33.261,-147.334,-17.015,-63.825,16.901,-0.013,-1.071,0.455,22.805,-5.829,-22.736,0.42,-8.45,-4.23,0.74,0.29,-0.06,0.018,0.903,-0.48,-23.682,5.847,23.608,,
2026-01-27 20:46:50.279,pick_to_retreat_machine,526.536,-52.257,1584.048,-13.416,-4.532,-12.13,-3.843,33.19,-147.304,-15.503,-64.211,15.394,-0.012,-0.981,0.417,20.883,-5.338,-20.819,0.38,-8.39,-3.98,0.85,0.07,-0.05,0.016,0.829,-0.439,-21.671,5.353,21.603,,
2026-01-27 20:46:50.383,pick_to_retreat_machine,526.598,-50.853,1583.653,-12.359,-3.687,-11.521,-3.844,33.126,-147.277,-14.133,-64.561,14.028,-0.011,-0.896,0.381,19.088,-4.879,-19.028,0.26,-8.33,-4.0,0.94,0.13,-0.07,0.015,0.813,-0.423,-20.918,5.179,20.853,,
2026-01-27 20:46:50.484,pick_to_retreat_machine,526.664,-49.609,1583.334,-11.41,-2.975,-10.964,-3.845,33.069,-147.253,-12.932,-64.869,12.831,-0.01,-0.813,0.346,17.319,-4.427,-17.265,0.27,-8.21,-3.91,1.0,0.15,-0.0,0.015,0.811,-0.415,-20.516,5.093,20.453,,
2026-01-27 20:46:50.586,pick_to_retreat_machine,526.735,-48.466,1583.065,-10.53,-2.351,-10.44,-3.845,33.018,-147.231,-11.84,-65.148,11.742,-0.009,-0.738,0.314,15.72,-4.018,-15.671,0.22,-8.24,-3.86,1.08,0.05,-0.1,0.014,0.781,-0.395,-19.552,4.862,19.491,,
2026-01-27 20:46:50.686,pick_to_retreat_machine,526.807,-47.418,1582.839,-9.715,-1.805,-9.949,-3.846,32.971,-147.211,-10.846,-65.402,10.752,-0.008,-0.67,0.285,14.274,-3.649,-14.229,0.18,-8.17,-3.87,0.99,0.02,-0.07,0.013,0.749,-0.375,-18.585,4.628,18.527,,
2026-01-27 20:46:50.787,pick_to_retreat_machine,526.876,-46.491,1582.656,-8.988,-1.342,-9.507,-3.846,32.93,-147.194,-9.973,-65.625,9.882,-0.007,-0.605,0.257,12.888,-3.294,-12.847,0.14,-8.21,-3.7,1.02,-0.06,0.03,0.012,0.731,-0.362,-17.934,4.474,17.878,,
2026-01-27 20:46:50.888,pick_to_retreat_machine,526.948,-45.61,1582.495,-8.292,-0.919,-9.079,-3.847,32.892,-147.177,-9.149,-65.836,9.06,-0.007,-0.551,0.234,11.728,-2.998,-11.69,0.13,-8.19,-3.68,1.07,0.02,-0.03,0.011,0.68,-0.335,-16.622,4.15,16.57,,
2026-01-27 20:46:50.990,pick_to_retreat_machine,527.017,-44.804,1582.359,-7.651,-0.548,-8.683,-3.847,32.856,-147.162,-8.398,-66.027,8.312,-0.006,-0.501,0.213,10.671,-2.728,-10.637,0.19,-8.16,-3.66,0.97,0.03,-0.03,0.011,0.647,-0.317,-15.706,3.926,15.657,,
2026-01-27 20:46:51.092,pick_to_retreat_machine,527.085,-44.068,1582.245,-7.061,-0.221,-8.316,-3.848,32.824,-147.149,-7.716,-66.202,7.632,-0.005,-0.456,0.194,9.709,-2.482,-9.677,0.22,-8.06,-3.63,0.99,0.03,-0.1,0.01,0.615,-0.299,-14.814,3.707,14.768,,
2026-01-27 20:46:51.194,pick_to_retreat_machine,527.15,-43.396,1582.148,-6.52,0.068,-7.977,-3.848,32.795,-147.136,-7.096,-66.361,7.014,-0.005,-0.415,0.176,8.833,-2.258,-8.804,0.15,-8.09,-3.55,0.98,-0.01,-0.06,0.009,0.582,-0.281,-13.95,3.494,13.907,,
2026-01-27 20:46:51.297,pick_to_retreat_machine,527.215,-42.74,1582.061,-5.989,0.339,-7.644,-3.848,32.767,-147.124,-6.493,-66.515,6.413,-0.005,-0.382,0.162,8.131,-2.079,-8.105,0.12,-7.98,-3.66,0.99,-0.07,-0.01,0.008,0.532,-0.256,-12.733,3.19,12.694,,
2026-01-27 20:46:51.399,pick_to_retreat_machine,527.275,-42.166,1581.991,-5.521,0.57,-7.349,-3.849,32.742,-147.114,-5.966,-66.649,5.888,-0.004,-0.348,0.148,7.416,-1.896,-7.392,0.12,-8.06,-3.53,0.96,-0.03,-0.01,0.008,0.515,-0.246,-12.215,3.064,12.177,,
2026-01-27 20:46:51.501,pick_to_retreat_machine,527.332,-41.643,1581.931,-5.094,0.774,-7.078,-3.849,32.72,-147.104,-5.488,-66.771,5.412,-0.004,-0.317,0.135,6.757,-1.727,-6.734,0.13,-8.08,-3.6,1.09,0.02,-0.03,0.007,0.486,-0.231,-11.487,2.884,11.451,,
2026-01-27 20:46:51.602,pick_to_retreat_machine,527.383,-41.184,1581.882,-4.717,0.948,-6.839,-3.849,32.7,-147.096,-5.069,-66.879,4.994,-0.003,-0.287,0.122,6.115,-1.563,-6.094,0.09,-8.04,-3.41,0.99,-0.15,-0.07,0.007,0.465,-0.22,-10.927,2.746,10.893,,
2026-01-27 20:46:51.704,pick_to_retreat_machine,527.434,-40.737,1581.838,-4.349,1.113,-6.604,-3.849,32.681,-147.088,-4.662,-66.983,4.589,-0.003,-0.263,0.112,5.603,-1.432,-5.584,0.09,-7.99,-3.54,0.92,-0.06,0.02,0.006,0.424,-0.2,-9.955,2.502,9.924,,
2026-01-27 20:46:51.804,pick_to_retreat_machine,527.478,-40.358,1581.804,-4.036,1.249,-6.405,-3.85,32.665,-147.081,-4.318,-67.071,4.246,-0.003,-0.238,0.101,5.063,-1.294,-5.046,0.05,-8.05,-3.4,0.95,-0.02,0.07,0.006,0.411,-0.193,-9.586,2.412,9.556,,
2026-01-27 20:46:51.905,pick_to_retreat_machine,527.52,-40.001,1581.773,-3.741,1.375,-6.215,-3.85,32.649,-147.074,-3.995,-67.153,3.923,-0.003,-0.216,0.092,4.606,-1.178,-4.591,-0.01,-8.01,-3.4,0.93,-0.07,-0.02,0.006,0.38,-0.178,-8.833,2.223,8.805,,
2026-01-27 20:46:52.006,pick_to_retreat_machine,527.558,-39.688,1581.748,-3.481,1.482,-6.049,-3.85,32.636,-147.069,-3.711,-67.226,3.64,-0.002,-0.196,0.083,4.164,-1.064,-4.15,-0.06,-7.94,-3.54,0.98,-0.03,-0.07,0.005,0.361,-0.168,-8.349,2.103,8.323,,
2026-01-27 20:46:52.107,pick_to_retreat_machine,527.595,-39.393,1581.725,-3.235,1.582,-5.891,-3.85,32.624,-147.063,-3.444,-67.294,3.374,-0.002,-0.178,0.076,3.79,-0.969,-3.777,0.08,-7.98,-3.5,0.84,-0.02,0.01,0.005,0.333,-0.154,-7.683,1.936,7.659,,
2026-01-27 20:46:52.209,pick_to_retreat_machine,527.628,-39.125,1581.706,-3.012,1.671,-5.748,-3.85,32.612,-147.059,-3.202,-67.356,3.133,-0.002,-0.162,0.069,3.447,-0.881,-3.435,0.12,-7.95,-3.38,0.94,-0.12,-0.04,0.005,0.311,-0.144,-7.164,1.806,7.142,,
2026-01-27 20:46:52.310,pick_to_retreat_machine,527.659,-38.883,1581.69,-2.809,1.75,-5.617,-3.85,32.602,-147.054,-2.983,-67.412,2.915,-0.002,-0.147,0.063,3.134,-0.801,-3.123,0.12,-7.99,-3.48,0.78,-0.06,0.02,0.004,0.291,-0.134,-6.674,1.683,6.653,,
2026-01-27 20:46:52.413,pick_to_retreat_machine,527.687,-38.662,1581.676,-2.625,1.821,-5.499,-3.85,32.593,-147.05,-2.784,-67.463,2.717,-0.002,-0.134,0.057,2.847,-0.728,-2.837,0.1,-7.88,-3.4,0.8,-0.06,0.02,0.004,0.271,-0.125,-6.212,1.568,6.192,,
2026-01-27 20:46:52.514,pick_to_retreat_machine,527.713,-38.462,1581.663,-2.457,1.885,-5.391,-3.85,32.584,-147.047,-2.604,-67.509,2.537,-0.001,-0.121,0.052,2.586,-0.661,-2.577,0.1,-7.91,-3.44,0.76,0.01,0.02,0.004,0.253,-0.116,-5.777,1.458,5.758,,
2026-01-27 20:46:52.616,pick_to_retreat_machine,527.737,-38.281,1581.653,-2.305,1.941,-5.292,-3.851,32.576,-147.043,-2.441,-67.551,2.375,-0.001,-0.11,0.047,2.347,-0.6,-2.339,0.08,-7.96,-3.45,0.73,0.01,-0.02,0.003,0.235,-0.108,-5.367,1.356,5.35,,
2026-01-27 20:46:52.717,pick_to_retreat_machine,527.758,-38.117,1581.644,-2.167,1.992,-5.203,-3.851,32.57,-147.04,-2.293,-67.588,2.227,-0.001,-0.1,0.043,2.131,-0.545,-2.123,-0.02,-8.03,-3.45,0.78,-0.01,-0.11,0.003,0.219,-0.1,-4.983,1.259,4.968,,
2026-01-27 20:46:52.822,pick_to_retreat_machine,527.773,-38.007,1581.638,-2.075,2.026,-5.144,-3.851,32.565,-147.039,-2.194,-67.614,2.129,-0.001,-0.087,0.037,1.844,-0.471,-1.838,0.09,-7.93,-3.39,0.7,-0.1,-0.13,0.003,0.22,-0.1,-4.981,1.26,4.965,,
2026-01-27 20:46:52.923,pick_to_retreat_machine,527.789,-37.887,1581.632,-1.973,2.062,-5.078,-3.851,32.56,-147.036,-2.086,-67.641,2.021,-0.001,-0.078,0.033,1.654,-0.423,-1.648,0.02,-7.92,-3.4,0.79,-0.06,0.01,0.003,0.194,-0.088,-4.383,1.108,4.369,,
2026-01-27 20:46:53.026,pick_to_retreat_machine,527.806,-37.759,1581.626,-1.866,2.101,-5.009,-3.851,32.554,-147.034,-1.971,-67.671,1.907,-0.001,-0.072,0.03,1.528,-0.391,-1.522,-0.02,-7.93,-3.43,0.74,0.02,-0.01,0.002,0.171,-0.078,-3.881,0.981,3.868,,
2026-01-27 20:46:53.129,pick_to_retreat_machine,527.822,-37.643,1581.62,-1.768,2.135,-4.945,-3.851,32.55,-147.032,-1.867,-67.697,1.803,-0.001,-0.066,0.028,1.406,-0.359,-1.401,0.03,-7.87,-3.35,0.76,-0.11,0.03,0.002,0.159,-0.072,-3.6,0.911,3.589,,
2026-01-27 20:46:53.231,pick_to_retreat_machine,527.836,-37.542,1581.616,-1.683,2.165,-4.89,-3.851,32.545,-147.03,-1.776,-67.72,1.712,-0.001,-0.06,0.026,1.283,-0.328,-1.278,0.09,-7.87,-3.36,0.77,-0.01,0.03,0.002,0.149,-0.068,-3.369,0.852,3.358,waypoint,
2026-01-27 20:46:53.333,retreat_machine_to_approach_unloader,525.374,-57.209,1581.66,-1.602,2.193,-6.996,-6.007,32.616,-147.06,-1.689,-67.785,1.627,-5.392,0.132,-0.056,1.177,-0.408,-1.172,0.8,-8.53,-3.59,0.59,0.35,-0.09,-21.563,0.886,-0.381,-3.083,0.352,3.076,,
2026-01-27 20:46:53.434,retreat_machine_to_approach_unloader,510.048,-128.298,1581.823,-1.53,2.218,-14.866,-13.921,32.887,-147.176,-1.611,-67.963,1.549,-23.827,0.777,-0.331,1.08,-0.75,-1.073,1.48,-8.91,-3.68,0.53,0.54,0.02,-76.973,2.801,-1.197,-2.847,-0.809,2.847,,
2026-01-27 20:46:53.537,retreat_machine_to_approach_unloader,487.917,-190.078,1581.96,-1.464,2.241,-21.999,-21.093,33.133,-147.281,-1.539,-68.124,1.479,-35.802,1.197,-0.51,0.989,-0.964,-0.981,1.92,-9.11,-3.69,0.38,0.68,0.08,-61.873,2.267,-0.969,-2.636,-0.562,2.635,,
2026-01-27 20:46:53.638,retreat_machine_to_approach_unloader,461.442,-243.075,1582.075,-1.404,2.261,-28.465,-27.595,33.356,-147.376,-1.474,-68.269,1.415,-43.106,1.455,-0.62,0.904,-1.088,-0.895,2.31,-9.22,-3.7,0.32,0.8,-0.04,-48.975,1.81,-0.774,-2.439,-0.356,2.437,,
2026-01-27 20:46:53.739,retreat_machine_to_approach_unloader,431.483,-289.496,1582.175,-1.348,2.28,-34.517,-33.682,33.565,-147.465,-1.414,-68.406,1.355,-47.546,1.613,-0.687,0.829,-1.157,-0.82,2.38,-9.26,-3.69,0.2,0.79,0.04,-39.925,1.487,-0.636,-2.237,-0.227,2.234,,
2026-01-27 20:46:53.841,retreat_machine_to_approach_unloader,402.514,-325.974,1582.254,-1.3,2.296,-39.637,-38.831,33.741,-147.54,-1.362,-68.521,1.305,-48.532,1.651,-0.703,0.75,-1.157,-0.741,2.44,-9.2,-3.81,0.26,0.81,-0.06,-26.557,1.017,-0.435,-2.106,0.006,2.103,,
2026-01-27 20:46:53.944,retreat_machine_to_approach_unloader,372.479,-357.681,1582.323,-1.255,2.311,-44.452,-43.673,33.907,-147.61,-1.314,-68.63,1.257,-48.505,1.653,-0.704,0.684,-1.139,-0.675,2.42,-9.23,-3.77,0.26,0.73,0.02,-20.834,0.81,-0.347,-1.926,0.074,1.923,,
2026-01-27 20:46:54.044,retreat_machine_to_approach_unloader,345.105,-382.399,1582.378,-1.217,2.324,-48.529,-47.773,34.048,-147.67,-1.273,-68.722,1.217,-46.629,1.591,-0.678,0.615,-1.084,-0.607,2.52,-9.14,-3.81,0.22,0.7,0.06,-11.33,0.475,-0.204,-1.808,0.233,1.803,,
2026-01-27 20:46:54.146,retreat_machine_to_approach_unloader,316.794,-404.54,1582.428,-1.18,2.336,-52.512,-51.779,34.185,-147.729,-1.233,-68.812,1.178,-44.986,1.537,-0.655,0.561,-1.038,-0.553,2.49,-9.01,-3.65,0.27,0.54,-0.06,-9.251,0.395,-0.17,-1.636,0.231,1.632,,
2026-01-27 20:46:54.246,retreat_machine_to_approach_unloader,289.915,-422.815,1582.47,-1.146,2.347,-56.122,-55.41,34.309,-147.782,-1.197,-68.893,1.142,-42.817,1.464,-0.624,0.511,-0.982,-0.504,2.44,-8.92,-3.7,0.19,0.56,-0.02,-4.579,0.227,-0.098,-1.51,0.292,1.506,,
2026-01-27 20:46:54.347,retreat_machine_to_approach_unloader,264.65,-437.847,1582.507,-1.115,2.357,-59.394,-58.701,34.422,-147.83,-1.164,-68.967,1.11,-40.341,1.38,-0.588,0.465,-0.921,-0.459,2.24,-8.86,-3.68,0.21,0.5,-0.02,-0.724,0.088,-0.039,-1.393,0.339,1.388,,
2026-01-27 20:46:54.450,retreat_machine_to_approach_unloader,240.301,-450.558,1582.538,-1.086,2.366,-62.457,-61.782,34.528,-147.875,-1.133,-69.036,1.08,-37.958,1.299,-0.553,0.426,-0.863,-0.419,2.11,-8.82,-3.6,0.38,0.42,0.04,1.45,0.007,-0.004,-1.275,0.352,1.27,,
2026-01-27 20:46:54.554,retreat_machine_to_approach_unloader,217.786,-460.882,1582.566,-1.06,2.375,-65.224,-64.565,34.623,-147.916,-1.106,-69.099,1.053,-35.427,1.213,-0.517,0.389,-0.804,-0.383,1.95,-8.77,-3.45,0.3,0.36,0.02,4.282,-0.096,0.04,-1.177,0.384,1.172,,
2026-01-27 20:46:54.657,retreat_machine_to_approach_unloader,197.734,-468.994,1582.588,-1.037,2.382,-67.644,-67.0,34.707,-147.951,-1.081,-69.153,1.029,-32.657,1.118,-0.476,0.352,-0.739,-0.347,1.8,-8.62,-3.59,0.43,0.34,0.07,7.341,-0.206,0.087,-1.094,0.424,1.089,,
2026-01-27 20:46:54.760,retreat_machine_to_approach_unloader,180.523,-475.184,1582.606,-1.018,2.389,-69.694,-69.062,34.777,-147.981,-1.061,-69.199,1.008,-29.646,1.015,-0.433,0.316,-0.67,-0.311,1.72,-8.61,-3.54,0.38,0.28,0.02,10.338,-0.313,0.133,-1.022,0.465,1.017,,
2026-01-27 20:46:54.862,retreat_machine_to_approach_unloader,164.087,-480.452,1582.623,-1.0,2.394,-71.63,-71.009,34.844,-148.01,-1.041,-69.243,0.989,-27.104,0.928,-0.396,0.285,-0.612,-0.281,1.6,-8.6,-3.64,0.36,0.12,0.08,10.442,-0.321,0.136,-0.931,0.444,0.926,,
2026-01-27 20:46:54.964,retreat_machine_to_approach_unloader,148.494,-484.89,1582.637,-0.983,2.4,-73.451,-72.841,34.907,-148.036,-1.023,-69.284,0.971,-24.907,0.853,-0.364,0.26,-0.561,-0.255,1.47,-8.5,-3.56,0.48,0.19,-0.02,10.558,-0.328,0.139,-0.849,0.426,0.845,,
2026-01-27 20:46:55.065,retreat_machine_to_approach_unloader,134.729,-488.365,1582.65,-0.967,2.405,-75.047,-74.447,34.962,-148.06,-1.007,-69.32,0.956,-22.695,0.777,-0.331,0.235,-0.511,-0.231,1.41,-8.47,-3.41,0.48,0.19,-0.12,11.762,-0.373,0.158,-0.787,0.434,0.783,,
2026-01-27 20:46:55.166,retreat_machine_to_approach_unloader,122.141,-491.187,1582.66,-0.954,2.409,-76.499,-75.907,35.012,-148.081,-0.993,-69.353,0.941,-20.673,0.708,-0.302,0.212,-0.465,-0.209,1.33,-8.35,-3.48,0.32,0.14,0.01,12.038,-0.385,0.164,-0.723,0.423,0.719,,
2026-01-27 20:46:55.268,retreat_machine_to_approach_unloader,110.643,-493.472,1582.67,-0.941,2.413,-77.82,-77.236,35.057,-148.101,-0.979,-69.383,0.928,-18.825,0.645,-0.275,0.192,-0.423,-0.189,1.08,-8.36,-3.49,0.43,0.1,0.03,12.156,-0.392,0.167,-0.664,0.41,0.66,,
2026-01-27 20:46:55.370,retreat_machine_to_approach_unloader,99.793,-495.376,1582.678,-0.929,2.417,-79.061,-78.485,35.1,-148.119,-0.967,-69.411,0.916,-17.242,0.591,-0.252,0.175,-0.388,-0.173,1.15,-8.38,-3.4,0.45,0.07,0.08,11.732,-0.38,0.162,-0.605,0.387,0.602,,
2026-01-27 20:46:55.473,retreat_machine_to_approach_unloader,89.931,-496.895,1582.686,-0.919,2.42,-80.187,-79.617,35.139,-148.135,-0.956,-69.436,0.905,-15.762,0.54,-0.23,0.16,-0.354,-0.157,1.1,-8.4,-3.53,0.42,-0.01,-0.06,11.727,-0.382,0.162,-0.556,0.374,0.553,,
2026-01-27 20:46:55.575,retreat_machine_to_approach_unloader,80.975,-498.104,1582.692,-0.909,2.423,-81.207,-80.644,35.174,-148.15,-0.945,-69.459,0.895,-14.388,0.493,-0.21,0.145,-0.323,-0.143,0.9,-8.39,-3.41,0.53,0.08,0.02,11.614,-0.38,0.162,-0.511,0.361,0.508,,
2026-01-27 20:46:55.677,retreat_machine_to_approach_unloader,72.843,-499.06,1582.698,-0.9,2.426,-82.132,-81.574,35.206,-148.164,-0.936,-69.48,0.886,-13.117,0.449,-0.192,0.132,-0.295,-0.13,0.95,-8.35,-3.47,0.55,0.02,-0.06,11.413,-0.375,0.16,-0.47,0.346,0.467,,
2026-01-27 20:46:55.780,retreat_machine_to_approach_unloader,65.464,-499.812,1582.703,-0.892,2.429,-82.97,-82.417,35.235,-148.176,-0.928,-69.499,0.878,-11.946,0.409,-0.174,0.12,-0.268,-0.118,0.82,-8.35,-3.52,0.53,0.04,-0.01,11.142,-0.367,0.156,-0.431,0.331,0.428,,
2026-01-27 20:46:55.882,retreat_machine_to_approach_unloader,58.77,-500.399,1582.708,-0.885,2.431,-83.73,-83.182,35.261,-148.187,-0.92,-69.516,0.87,-10.87,0.373,-0.159,0.109,-0.244,-0.107,0.73,-8.28,-3.42,0.56,0.0,0.05,10.817,-0.358,0.152,-0.396,0.316,0.393,,
2026-01-27 20:46:55.985,retreat_machine_to_approach_unloader,52.698,-500.854,1582.711,-0.879,2.433,-84.419,-83.875,35.285,-148.198,-0.913,-69.532,0.863,-9.885,0.339,-0.144,0.099,-0.222,-0.098,0.68,-8.27,-3.41,0.54,0.0,0.01,10.45,-0.347,0.147,-0.364,0.3,0.361,,
2026-01-27 20:46:56.085,retreat_machine_to_approach_unloader,47.374,-501.192,1582.715,-0.873,2.435,-85.023,-84.482,35.306,-148.206,-0.907,-69.545,0.857,-8.932,0.306,-0.13,0.09,-0.2,-0.088,0.54,-8.32,-3.38,0.55,0.11,0.02,10.26,-0.341,0.145,-0.336,0.289,0.333,,
2026-01-27 20:46:56.188,retreat_machine_to_approach_unloader,42.201,-501.467,1582.718,-0.867,2.437,-85.609,-85.072,35.326,-148.215,-0.901,-69.558,0.852,-8.174,0.28,-0.119,0.082,-0.183,-0.08,0.58,-8.25,-3.41,0.51,0.05,0.04,9.409,-0.313,0.133,-0.304,0.264,0.302,,
2026-01-27 20:46:56.290,retreat_machine_to_approach_unloader,37.676,-501.663,1582.721,-0.862,2.438,-86.122,-85.588,35.344,-148.223,-0.896,-69.57,0.846,-7.421,0.254,-0.108,0.074,-0.166,-0.073,0.48,-8.2,-3.51,0.52,0.04,0.03,9.207,-0.307,0.131,-0.281,0.254,0.279,,
2026-01-27 20:46:56.394,retreat_machine_to_approach_unloader,33.574,-501.806,1582.723,-0.858,2.44,-86.587,-86.056,35.36,-148.229,-0.891,-69.581,0.842,-6.735,0.231,-0.098,0.067,-0.151,-0.066,0.4,-8.26,-3.48,0.59,-0.02,0.04,8.769,-0.293,0.125,-0.258,0.24,0.256,,
2026-01-27 20:46:56.495,retreat_machine_to_approach_unloader,29.979,-501.904,1582.725,-0.854,2.441,-86.995,-86.466,35.374,-148.235,-0.887,-69.59,0.838,-6.076,0.208,-0.089,0.061,-0.136,-0.06,0.4,-8.31,-3.4,0.67,-0.06,0.0,8.469,-0.283,0.121,-0.238,0.229,0.236,,
2026-01-27 20:46:56.596,retreat_machine_to_approach_unloader,26.597,-501.972,1582.727,-0.851,2.442,-87.378,-86.852,35.387,-148.241,-0.883,-69.598,0.834,-5.521,0.189,-0.081,0.055,-0.124,-0.054,0.33,-8.28,-3.43,0.57,-0.02,-0.03,7.867,-0.263,0.112,-0.216,0.211,0.215,,
2026-01-27 20:46:56.698,retreat_machine_to_approach_unloader,23.533,-502.014,1582.729,-0.847,2.443,-87.726,-87.201,35.399,-148.246,-0.88,-69.606,0.831,-5.015,0.172,-0.073,0.05,-0.112,-0.049,0.34,-8.31,-3.4,0.61,0.06,0.02,7.441,-0.249,0.106,-0.198,0.198,0.197,,
2026-01-27 20:46:56.800,retreat_machine_to_approach_unloader,20.665,-502.037,1582.731,-0.844,2.444,-88.051,-87.528,35.41,-148.251,-0.877,-69.614,0.827,-4.579,0.157,-0.067,0.046,-0.103,-0.045,0.36,-8.31,-3.41,0.54,-0.06,-0.11,6.92,-0.232,0.099,-0.181,0.184,0.179,,
2026-01-27 20:46:56.902,retreat_machine_to_approach_unloader,18.156,-502.043,1582.732,-0.841,2.445,-88.335,-87.815,35.42,-148.255,-0.874,-69.62,0.825,-4.15,0.142,-0.061,0.041,-0.093,-0.041,0.28,-8.28,-3.5,0.54,-0.03,-0.17,6.638,-0.223,0.095,-0.167,0.174,0.165,,
2026-01-27 20:46:57.003,retreat_machine_to_approach_unloader,15.882,-502.038,1582.733,-0.839,2.446,-88.593,-88.074,35.429,-148.259,-0.871,-69.626,0.822,-3.761,0.129,-0.055,0.038,-0.084,-0.037,0.24,-8.23,-3.4,0.68,-0.02,-0.04,6.242,-0.21,0.089,-0.153,0.163,0.151,,
2026-01-27 20:46:57.107,retreat_machine_to_approach_unloader,13.822,-502.024,1582.734,-0.837,2.446,-88.827,-88.309,35.437,-148.262,-0.869,-69.631,0.82,-3.409,0.117,-0.05,0.034,-0.076,-0.033,0.29,-8.33,-3.43,0.7,-0.07,0.07,5.86,-0.197,0.084,-0.14,0.152,0.139,,
2026-01-27 20:46:57.209,retreat_machine_to_approach_unloader,11.955,-502.005,1582.735,-0.835,2.447,-89.039,-88.523,35.444,-148.265,-0.867,-69.636,0.818,-3.09,0.106,-0.045,0.031,-0.069,-0.03,0.22,-8.36,-3.47,0.53,-0.01,-0.04,5.494,-0.185,0.079,-0.128,0.142,0.127,,
2026-01-27 20:46:57.309,retreat_machine_to_approach_unloader,10.318,-501.982,1582.736,-0.833,2.448,-89.225,-88.709,35.451,-148.268,-0.865,-69.64,0.816,-2.784,0.095,-0.041,0.028,-0.062,-0.027,0.16,-8.37,-3.43,0.69,-0.07,0.01,5.208,-0.176,0.075,-0.118,0.134,0.117,,
2026-01-27 20:46:57.410,retreat_machine_to_approach_unloader,8.779,-501.956,1582.737,-0.831,2.448,-89.4,-88.885,35.457,-148.271,-0.863,-69.644,0.814,-2.528,0.087,-0.037,0.025,-0.057,-0.025,0.17,-8.39,-3.44,0.66,-0.02,0.08,4.798,-0.162,0.069,-0.107,0.123,0.106,,
2026-01-27 20:46:57.510,retreat_machine_to_approach_unloader,7.384,-501.928,1582.738,-0.83,2.449,-89.558,-89.045,35.462,-148.273,-0.862,-69.648,0.813,-2.294,0.079,-0.034,0.023,-0.051,-0.022,0.09,-8.2,-3.39,0.55,0.03,-0.02,4.483,-0.151,0.064,-0.098,0.114,0.097,,
2026-01-27 20:46:57.613,retreat_machine_to_approach_unloader,6.079,-501.898,1582.738,-0.828,2.449,-89.706,-89.194,35.467,-148.275,-0.86,-69.651,0.811,-2.093,0.072,-0.031,0.021,-0.047,-0.021,0.14,-8.35,-3.4,0.63,0.01,0.05,4.137,-0.14,0.059,-0.089,0.105,0.088,,
2026-01-27 20:46:57.713,retreat_machine_to_approach_unloader,4.974,-501.87,1582.739,-0.827,2.449,-89.832,-89.32,35.472,-148.277,-0.859,-69.654,0.81,-1.885,0.065,-0.028,0.019,-0.042,-0.018,0.11,-8.32,-3.45,0.66,-0.01,0.08,3.953,-0.134,0.057,-0.083,0.1,0.082,,
2026-01-27 20:46:57.814,retreat_machine_to_approach_unloader,3.936,-501.842,1582.74,-0.826,2.45,-89.949,-89.438,35.476,-148.279,-0.858,-69.656,0.809,-1.711,0.059,-0.025,0.017,-0.038,-0.017,0.12,-8.37,-3.47,0.58,0.0,0.01,3.632,-0.123,0.052,-0.075,0.091,0.074,,
2026-01-27 20:46:57.917,retreat_machine_to_approach_unloader,2.995,-501.814,1582.74,-0.825,2.45,-90.056,-89.546,35.479,-148.28,-0.857,-69.659,0.808,-1.552,0.053,-0.023,0.015,-0.035,-0.015,0.14,-8.37,-3.37,0.7,-0.08,0.02,3.38,-0.114,0.049,-0.069,0.085,0.068,,
2026-01-27 20:46:58.018,retreat_machine_to_approach_unloader,2.142,-501.788,1582.74,-0.824,2.45,-90.153,-89.643,35.483,-148.282,-0.856,-69.661,0.807,-1.408,0.048,-0.021,0.014,-0.032,-0.014,0.02,-8.33,-3.44,0.58,-0.08,0.05,3.143,-0.106,0.045,-0.063,0.078,0.062,,
2026-01-27 20:46:58.119,retreat_machine_to_approach_unloader,1.394,-501.763,1582.741,-0.823,2.451,-90.238,-89.729,35.486,-148.283,-0.855,-69.663,0.806,-1.269,0.044,-0.019,0.013,-0.028,-0.012,0.09,-8.38,-3.38,0.63,-0.1,-0.01,2.949,-0.1,0.042,-0.058,0.073,0.057,waypoint,
2026-01-27 20:46:58.219,retreat_machine_to_approach_unloader,-31.544,-542.983,1571.96,2.725,1.022,-88.439,-93.662,30.835,-146.91,2.886,-65.218,-6.438,-10.784,-11.594,3.418,9.362,11.09,-18.119,1.25,-6.91,-2.63,0.14,0.5,-0.04,-35.821,-46.627,13.777,37.35,44.529,-72.379,,
2026-01-27 20:46:58.323,retreat_machine_to_approach_unloader,-68.805,-580.516,1558.43,5.575,-0.99,-87.229,-97.436,26.366,-145.591,6.48,-60.948,-13.413,-17.524,-19.868,5.861,16.006,18.993,-31.027,1.9,-5.76,-2.16,-0.29,0.79,0.0,-30.654,-40.144,11.864,32.142,38.335,-62.455,,
2026-01-27 20:46:58.425,retreat_machine_to_approach_unloader,-105.94,-611.063,1543.936,7.549,-3.132,-86.592,-100.745,22.449,-144.435,9.631,-57.205,-19.528,-21.415,-24.695,7.287,19.881,23.603,-38.557,2.26,-4.89,-1.75,-0.49,0.85,0.01,-22.932,-30.617,9.05,24.495,29.234,-47.604,,
2026-01-27 20:46:58.527,retreat_machine_to_approach_unloader,-143.202,-636.419,1528.568,8.885,-5.283,-86.326,-103.755,18.885,-143.383,12.496,-53.8,-25.089,-23.585,-27.429,8.094,22.074,26.215,-42.821,2.47,-4.27,-1.41,-0.84,0.99,-0.05,-17.645,-24.011,7.099,19.195,22.923,-37.31,,
2026-01-27 20:46:58.631,retreat_machine_to_approach_unloader,-181.106,-657.754,1512.187,9.727,-7.401,-86.312,-106.585,15.535,-142.394,15.191,-50.598,-30.319,-24.764,-28.949,8.543,23.293,27.666,-45.191,2.47,-3.68,-1.37,-0.99,0.91,0.01,-14.088,-19.487,5.762,15.569,18.603,-30.265,,
2026-01-27 20:46:58.733,retreat_machine_to_approach_unloader,-216.456,-674.168,1496.273,10.131,-9.277,-86.458,-109.066,12.597,-141.527,17.553,-47.791,-34.904,-24.776,-29.055,8.575,23.375,27.767,-45.355,2.42,-3.26,-1.28,-0.99,0.79,-0.06,-9.188,-13.405,3.966,10.688,12.793,-20.786,,
2026-01-27 20:46:58.836,retreat_machine_to_approach_unloader,-251.358,-687.438,1479.976,10.227,-11.014,-86.704,-111.399,9.835,-140.712,19.775,-45.151,-39.215,-24.415,-28.698,8.47,23.086,27.425,-44.795,2.26,-3.0,-1.19,-1.06,0.7,-0.08,-6.791,-10.315,3.053,8.212,9.841,-15.976,,
2026-01-27 20:46:58.938,retreat_machine_to_approach_unloader,-283.148,-697.197,1464.625,10.088,-12.485,-86.986,-113.445,7.413,-139.997,21.722,-42.837,-42.995,-23.425,-27.578,8.139,22.183,26.354,-43.045,2.02,-2.63,-1.27,-1.05,0.58,0.07,-3.234,-5.876,1.742,4.65,5.601,-9.059,,
2026-01-27 20:46:59.039,retreat_machine_to_approach_unloader,-311.897,-704.231,1450.32,9.796,-13.719,-87.274,-115.241,5.285,-139.369,23.433,-40.804,-46.315,-22.061,-26.002,7.675,20.915,24.848,-40.585,1.88,-2.38,-1.35,-1.14,0.4,0.02,-0.425,-2.346,0.699,1.819,2.229,-3.56,,
2026-01-27 20:46:59.140,retreat_machine_to_approach_unloader,-338.726,-709.327,1436.6,9.396,-14.783,-87.559,-116.881,3.344,-138.796,24.995,-38.949,-49.346,-20.645,-24.355,7.189,19.59,23.274,-38.014,1.67,-2.28,-1.38,-1.18,0.33,-0.02,1.188,-0.252,0.08,0.142,0.229,-0.302,,
2026-01-27 20:46:59.243,retreat_machine_to_approach_unloader,-366.292,-713.135,1422.115,8.865,-15.785,-87.862,-118.536,1.385,-138.218,26.57,-37.077,-52.403,-19.62,-23.164,6.837,18.631,22.135,-36.153,1.5,-2.07,-1.56,-1.0,0.23,-0.09,0.922,-0.4,0.124,0.267,0.372,-0.542,,
2026-01-27 20:46:59.343,retreat_machine_to_approach_unloader,-389.134,-715.219,1409.805,8.342,-16.542,-88.117,-119.888,-0.216,-137.745,27.857,-35.547,-54.901,-18.095,-21.374,6.309,17.191,20.425,-33.36,1.36,-1.85,-1.46,-1.01,0.12,0.07,3.856,3.222,-0.946,-2.641,-3.088,5.104,,
2026-01-27 20:46:59.445,retreat_machine_to_approach_unloader,-411.677,-716.337,1397.37,7.755,-17.222,-88.369,-121.209,-1.779,-137.284,29.115,-34.053,-57.341,-16.873,-19.94,5.886,16.037,19.055,-31.121,1.23,-1.76,-1.63,-0.92,0.06,0.01,3.782,3.269,-0.961,-2.673,-3.132,5.17,,
2026-01-27 20:46:59.548,retreat_machine_to_approach_unloader,-431.591,-716.554,1386.139,7.181,-17.766,-88.591,-122.366,-3.15,-136.879,30.218,-32.743,-59.48,-15.55,-18.382,5.426,14.784,17.566,-28.689,1.0,-1.57,-1.7,-0.88,-0.04,0.03,5.033,4.871,-1.434,-3.957,-4.662,7.663,,
2026-01-27 20:46:59.650,retreat_machine_to_approach_unloader,-450.419,-716.096,1375.299,6.595,-18.229,-88.8,-123.455,-4.44,-136.498,31.254,-31.511,-61.492,-14.384,-17.01,5.021,13.68,16.254,-26.546,0.93,-1.49,-1.72,-0.87,-0.06,0.11,5.219,5.201,-1.532,-4.218,-4.976,8.172,,
2026-01-27 20:46:59.752,retreat_machine_to_approach_unloader,-466.984,-715.159,1365.576,6.045,-18.595,-88.982,-124.41,-5.57,-136.165,32.163,-30.431,-63.256,-13.175,-15.583,4.599,12.532,14.891,-24.319,0.77,-1.3,-1.73,-0.76,-0.08,0.02,6.041,6.271,-1.848,-5.075,-5.998,9.837,,
2026-01-27 20:46:59.855,retreat_machine_to_approach_unloader,-482.596,-713.816,1356.246,5.499,-18.903,-89.152,-125.308,-6.633,-135.851,33.018,-29.416,-64.914,-12.125,-14.344,4.234,11.536,13.707,-22.385,0.73,-1.22,-1.82,-0.77,-0.14,0.0,6.005,6.317,-1.862,-5.109,-6.042,9.904,,
2026-01-27 20:46:59.956,retreat_machine_to_approach_unloader,-496.296,-712.266,1347.92,4.998,-19.143,-89.3,-126.095,-7.564,-135.576,33.767,-28.525,-66.368,-11.061,-13.087,3.863,10.525,12.506,-20.424,0.51,-1.16,-1.92,-0.81,-0.22,-0.02,6.512,6.996,-2.063,-5.653,-6.69,10.96,,
2026-01-27 20:47:00.059,retreat_machine_to_approach_unloader,-509.184,-710.491,1339.966,4.51,-19.342,-89.438,-126.835,-8.44,-135.317,34.472,-27.688,-67.735,-10.146,-12.006,3.544,9.656,11.473,-18.736,0.59,-1.02,-2.0,-0.77,-0.25,0.07,6.33,6.852,-2.02,-5.534,-6.552,10.73,,
2026-01-27 20:47:00.161,retreat_machine_to_approach_unloader,-520.092,-708.743,1333.138,4.084,-19.49,-89.555,-127.461,-9.182,-135.098,35.069,-26.979,-68.893,-9.176,-10.859,3.205,8.734,10.377,-16.946,0.48,-0.86,-1.96,-0.64,-0.25,-0.09,6.831,7.509,-2.214,-6.06,-7.18,11.753,,
2026-01-27 20:47:00.262,retreat_machine_to_approach_unloader,-530.739,-706.82,1326.386,3.658,-19.616,-89.669,-128.074,-9.907,-134.885,35.652,-26.286,-70.024,-8.413,-9.957,2.939,8.008,9.514,-15.537,0.42,-0.8,-2.03,-0.68,-0.4,0.04,6.292,6.93,-2.044,-5.592,-6.625,10.844,,
2026-01-27 20:47:00.362,retreat_machine_to_approach_unloader,-540.061,-704.958,1320.401,3.276,-19.711,-89.768,-128.61,-10.543,-134.697,36.163,-25.679,-71.016,-7.651,-9.056,2.673,7.283,8.654,-14.132,0.29,-0.74,-2.07,-0.53,-0.3,0.07,6.418,7.131,-2.103,-5.752,-6.817,11.155,,
2026-01-27 20:47:00.465,retreat_machine_to_approach_unloader,-548.814,-703.056,1314.716,2.911,-19.787,-89.861,-129.115,-11.14,-134.521,36.643,-25.108,-71.948,-7.0,-8.286,2.446,6.664,7.918,-12.93,0.22,-0.61,-2.05,-0.61,-0.33,0.06,6.096,6.796,-2.005,-5.481,-6.497,10.631,,
2026-01-27 20:47:00.567,retreat_machine_to_approach_unloader,-556.995,-701.142,1309.345,2.563,-19.846,-89.948,-129.587,-11.7,-134.355,37.093,-24.574,-72.821,-6.431,-7.613,2.247,6.123,7.275,-11.879,0.32,-0.62,-2.1,-0.54,-0.37,-0.03,5.809,6.498,-1.917,-5.24,-6.212,10.163,,
2026-01-27 20:47:00.668,retreat_machine_to_approach_unloader,-564.137,-699.362,1304.61,2.256,-19.889,-90.024,-130.001,-12.189,-134.211,37.487,-24.106,-73.584,-5.857,-6.933,2.046,5.576,6.625,-10.818,0.19,-0.46,-2.09,-0.57,-0.42,0.06,5.82,6.549,-1.932,-5.279,-6.261,10.24,,
2026-01-27 20:47:00.770,retreat_machine_to_approach_unloader,-570.811,-697.607,1300.144,1.964,-19.92,-90.095,-130.388,-12.647,-134.076,37.855,-23.668,-74.299,-5.36,-6.345,1.873,5.103,6.063,-9.9,0.28,-0.48,-2.2,-0.55,-0.41,-0.02,5.502,6.207,-1.831,-5.003,-5.933,9.704,,
2026-01-27 20:47:00.872,retreat_machine_to_approach_unloader,-576.447,-696.055,1296.342,1.716,-19.94,-90.155,-130.715,-13.035,-133.961,38.167,-23.298,-74.904,-4.838,-5.728,1.691,4.606,5.473,-8.937,0.18,-0.47,-2.17,-0.59,-0.43,0.05,5.548,6.292,-1.856,-5.07,-6.014,9.835,,
2026-01-27 20:47:00.974,retreat_machine_to_approach_unloader,-581.563,-694.59,1292.865,1.488,-19.954,-90.209,-131.013,-13.387,-133.857,38.45,-22.961,-75.453,-4.373,-5.177,1.528,4.163,4.947,-8.077,0.11,-0.33,-2.2,-0.46,-0.38,0.07,5.289,6.013,-1.774,-4.845,-5.748,9.398,,
2026-01-27 20:47:01.075,retreat_machine_to_approach_unloader,-586.366,-693.165,1289.579,1.272,-19.962,-90.261,-131.293,-13.719,-133.76,38.717,-22.644,-75.971,-3.98,-4.711,1.391,3.789,4.502,-7.351,0.07,-0.27,-2.13,-0.42,-0.35,0.06,4.937,5.622,-1.659,-4.529,-5.374,8.786,,
2026-01-27 20:47:01.176,retreat_machine_to_approach_unloader,-590.57,-691.878,1286.684,1.082,-19.966,-90.306,-131.538,-14.009,-133.674,38.95,-22.367,-76.424,-3.598,-4.26,1.257,3.426,4.071,-6.646,0.08,-0.26,-2.24,-0.44,-0.43,-0.01,4.789,5.469,-1.613,-4.405,-5.227,8.546,,
2026-01-27 20:47:01.278,retreat_machine_to_approach_unloader,-594.517,-690.636,1283.951,0.903,-19.966,-90.349,-131.769,-14.282,-133.593,39.17,-22.106,-76.85,-3.276,-3.878,1.145,3.119,3.706,-6.051,0.12,-0.22,-2.18,-0.44,-0.4,0.02,4.456,5.095,-1.503,-4.104,-4.87,7.961,,
2026-01-27 20:47:01.378,retreat_machine_to_approach_unloader,-597.971,-689.523,1281.547,0.745,-19.964,-90.386,-131.971,-14.522,-133.522,39.363,-21.877,-77.224,-2.963,-3.507,1.035,2.821,3.352,-5.472,0.14,-0.23,-2.25,-0.45,-0.42,0.02,4.295,4.922,-1.452,-3.965,-4.705,7.691,,
2026-01-27 20:47:01.482,retreat_machine_to_approach_unloader,-601.216,-688.454,1279.278,0.595,-19.96,-90.421,-132.161,-14.747,-133.456,39.544,-21.661,-77.575,-2.698,-3.194,0.943,2.569,3.052,-4.983,-0.11,-0.17,-2.27,-0.47,-0.39,-0.03,3.986,4.573,-1.349,-3.683,-4.371,7.145,,
2026-01-27 20:47:01.584,retreat_machine_to_approach_unloader,-604.152,-687.466,1277.215,0.46,-19.955,-90.453,-132.334,-14.951,-133.396,39.708,-21.466,-77.894,-2.454,-2.906,0.858,2.337,2.777,-4.533,0.14,-0.11,-2.23,-0.43,-0.47,0.05,3.766,4.326,-1.277,-3.484,-4.135,6.759,,
2026-01-27 20:47:01.687,retreat_machine_to_approach_unloader,-606.811,-686.557,1275.34,0.337,-19.948,-90.482,-132.49,-15.137,-133.341,39.857,-21.289,-78.183,-2.232,-2.642,0.78,2.125,2.525,-4.122,0.11,-0.14,-2.13,-0.4,-0.41,-0.03,3.551,4.085,-1.205,-3.289,-3.904,6.381,,
2026-01-27 20:47:01.788,retreat_machine_to_approach_unloader,-609.138,-685.748,1273.692,0.228,-19.942,-90.507,-132.627,-15.299,-133.293,39.988,-21.134,-78.436,-2.016,-2.387,0.705,1.92,2.281,-3.724,0.05,-0.17,-2.26,-0.45,-0.49,-0.01,3.388,3.905,-1.152,-3.144,-3.732,6.099,,
2026-01-27 20:47:01.888,retreat_machine_to_approach_unloader,-611.253,-685.003,1272.19,0.13,-19.935,-90.53,-132.752,-15.446,-133.25,40.106,-20.993,-78.666,-1.824,-2.159,0.637,1.737,2.063,-3.369,0.04,-0.07,-2.22,-0.41,-0.41,0.0,3.174,3.661,-1.08,-2.948,-3.499,5.718,,
2026-01-27 20:47:01.989,retreat_machine_to_approach_unloader,-613.175,-684.317,1270.822,0.04,-19.928,-90.552,-132.865,-15.581,-133.21,40.214,-20.865,-78.875,-1.651,-1.955,0.577,1.572,1.868,-3.05,0.06,0.01,-2.31,-0.32,-0.46,0.03,2.969,3.428,-1.012,-2.76,-3.277,5.355,,
2026-01-27 20:47:02.090,retreat_machine_to_approach_unloader,-614.921,-683.687,1269.575,-0.042,-19.921,-90.571,-132.969,-15.703,-133.174,40.313,-20.748,-79.066,-1.496,-1.772,0.523,1.425,1.693,-2.764,0.0,-0.02,-2.29,-0.34,-0.47,-0.01,2.775,3.207,-0.946,-2.582,-3.065,5.009,,
2026-01-27 20:47:02.190,retreat_machine_to_approach_unloader,-616.561,-683.089,1268.4,-0.12,-19.914,-90.589,-133.065,-15.817,-133.14,40.405,-20.639,-79.245,-1.365,-1.616,0.477,1.299,1.544,-2.52,-0.05,0.03,-2.18,-0.33,-0.41,-0.01,2.559,2.959,-0.873,-2.382,-2.828,4.622,,
2026-01-27 20:47:02.292,retreat_machine_to_approach_unloader,-618.047,-682.542,1267.334,-0.19,-19.907,-90.605,-133.153,-15.922,-133.109,40.489,-20.539,-79.407,-1.243,-1.472,0.434,1.184,1.407,-2.296,0.01,-0.08,-2.27,-0.32,-0.37,-0.06,2.394,2.771,-0.818,-2.23,-2.648,4.327,,
2026-01-27 20:47:02.395,retreat_machine_to_approach_unloader,-619.437,-682.026,1266.334,-0.255,-19.9,-90.621,-133.236,-16.019,-133.081,40.567,-20.446,-79.559,-1.138,-1.348,0.398,1.084,1.288,-2.102,0.09,0.06,-2.29,-0.29,-0.48,0.05,2.21,2.56,-0.755,-2.061,-2.447,3.998,,
2026-01-27 20:47:02.498,retreat_machine_to_approach_unloader,-620.652,-681.572,1265.459,-0.313,-19.893,-90.634,-133.308,-16.104,-133.055,40.635,-20.365,-79.692,-1.034,-1.224,0.361,0.984,1.169,-1.909,0.0,0.06,-2.35,-0.29,-0.41,0.08,2.092,2.426,-0.716,-1.953,-2.319,3.789,,
2026-01-27 20:47:02.598,retreat_machine_to_approach_unloader,-621.752,-681.157,1264.664,-0.365,-19.887,-90.646,-133.373,-16.181,-133.033,40.698,-20.291,-79.813,-0.938,-1.111,0.328,0.893,1.062,-1.733,-0.01,0.02,-2.34,-0.31,-0.45,-0.0,1.95,2.263,-0.668,-1.822,-2.163,3.534,,
2026-01-27 20:47:02.700,retreat_machine_to_approach_unloader,-622.749,-680.779,1263.943,-0.412,-19.882,-90.657,-133.432,-16.251,-133.012,40.754,-20.224,-79.922,-0.852,-1.008,0.298,0.811,0.963,-1.573,-0.03,0.03,-2.39,-0.24,-0.44,-0.01,1.816,2.109,-0.622,-1.698,-2.016,3.293,,
2026-01-27 20:47:02.802,retreat_machine_to_approach_unloader,-623.652,-680.435,1263.289,-0.455,-19.877,-90.667,-133.486,-16.315,-132.993,40.805,-20.163,-80.021,-0.773,-0.915,0.27,0.736,0.874,-1.427,0.06,0.1,-2.28,-0.36,-0.48,0.05,1.69,1.964,-0.579,-1.581,-1.877,3.066,,
2026-01-27 20:47:02.903,retreat_machine_to_approach_unloader,-624.471,-680.122,1262.696,-0.494,-19.872,-90.677,-133.534,-16.372,-132.976,40.851,-20.108,-80.111,-0.701,-0.83,0.245,0.667,0.793,-1.295,-0.12,0.15,-2.37,-0.36,-0.43,0.05,1.571,1.827,-0.539,-1.47,-1.746,2.852,waypoint,
2026-01-27 20:47:03.003,approach_unloader_to_place,-626.336,-685.755,1250.218,-0.328,-20.169,-90.634,-133.4,-17.528,-132.705,43.42,-19.541,-82.639,-0.19,-3.51,0.862,6.922,2.013,-7.293,0.04,0.43,-2.03,-0.44,-0.35,-0.02,3.243,-9.331,2.057,23.899,3.552,-21.824,,
2026-01-27 20:47:03.106,approach_unloader_to_place,-628.139,-691.969,1236.01,-0.184,-20.454,-90.594,-133.238,-18.824,-132.401,46.32,-18.909,-85.492,0.263,-5.874,1.406,12.442,3.089,-12.602,0.03,0.86,-1.92,-0.36,-0.26,0.02,3.199,-9.812,2.178,24.825,3.839,-22.884,,
2026-01-27 20:47:03.207,approach_unloader_to_place,-629.64,-697.381,1222.954,-0.094,-20.661,-90.572,-133.091,-19.999,-132.126,48.949,-18.337,-88.079,0.565,-7.343,1.743,15.903,3.748,-15.917,0.11,0.97,-1.75,-0.36,-0.11,-0.02,2.727,-7.618,1.676,19.629,2.865,-17.926,,
2026-01-27 20:47:03.310,approach_unloader_to_place,-630.926,-702.25,1210.579,-0.043,-20.809,-90.562,-132.953,-21.099,-131.868,51.41,-17.801,-90.499,0.768,-8.258,1.952,18.08,4.151,-17.99,0.11,1.26,-1.71,-0.34,-0.09,0.01,2.36,-6.106,1.332,15.988,2.213,-14.481,,
2026-01-27 20:47:03.412,approach_unloader_to_place,-631.983,-706.48,1199.277,-0.023,-20.904,-90.56,-132.828,-22.093,-131.635,53.633,-17.317,-92.686,0.887,-8.678,2.046,19.118,4.323,-18.96,-0.0,1.52,-1.64,-0.34,-0.12,0.02,1.991,-4.432,0.95,12.011,1.473,-10.693,,
2026-01-27 20:47:03.514,approach_unloader_to_place,-632.825,-710.048,1189.295,-0.024,-20.955,-90.564,-132.72,-22.963,-131.431,55.577,-16.893,-94.599,0.937,-8.682,2.044,19.2,4.301,-19.002,0.15,1.62,-1.61,-0.35,-0.0,0.04,1.636,-2.744,0.563,8.025,0.72,-6.884,,
2026-01-27 20:47:03.615,approach_unloader_to_place,-633.498,-713.071,1180.473,-0.038,-20.974,-90.571,-132.624,-23.725,-131.253,57.282,-16.522,-96.276,0.941,-8.417,1.979,18.662,4.154,-18.444,-0.01,1.83,-1.63,-0.39,0.05,-0.01,1.338,-1.397,0.255,4.824,0.125,-3.836,,
2026-01-27 20:47:03.719,approach_unloader_to_place,-634.073,-715.823,1172.116,-0.062,-20.971,-90.58,-132.535,-24.441,-131.085,58.885,-16.173,-97.853,0.93,-8.104,1.904,18.004,3.988,-17.775,-0.06,1.93,-1.53,-0.33,0.11,0.01,1.148,-0.804,0.123,3.326,-0.108,-2.453,,
2026-01-27 20:47:03.822,approach_unloader_to_place,-634.545,-718.242,1164.491,-0.091,-20.95,-90.591,-132.453,-25.091,-130.933,60.338,-15.857,-99.283,0.901,-7.702,1.809,17.136,3.782,-16.905,0.01,2.01,-1.39,-0.33,0.1,-0.04,0.949,-0.053,-0.046,1.493,-0.424,-0.732,,
2026-01-27 20:47:03.922,approach_unloader_to_place,-634.919,-720.301,1157.769,-0.123,-20.918,-90.601,-132.382,-25.661,-130.799,61.612,-15.579,-100.536,0.854,-7.201,1.69,16.037,3.53,-15.811,-0.01,2.18,-1.43,-0.38,0.16,0.04,0.754,0.754,-0.229,-0.449,-0.772,1.105,,
2026-01-27 20:47:04.024,approach_unloader_to_place,-635.228,-722.125,1151.624,-0.157,-20.876,-90.612,-132.317,-26.179,-130.678,62.771,-15.327,-101.675,0.803,-6.695,1.571,14.924,3.279,-14.708,0.01,2.31,-1.41,-0.29,0.25,-0.0,0.614,1.194,-0.327,-1.557,-0.946,2.128,,
2026-01-27 20:47:04.125,approach_unloader_to_place,-635.481,-723.741,1146.011,-0.19,-20.828,-90.623,-132.258,-26.65,-130.567,63.825,-15.097,-102.712,0.749,-6.199,1.454,13.828,3.033,-13.622,0.07,2.39,-1.4,-0.36,0.17,-0.08,0.494,1.543,-0.404,-2.449,-1.08,2.947,,
2026-01-27 20:47:04.225,approach_unloader_to_place,-635.689,-725.177,1140.885,-0.224,-20.777,-90.633,-132.205,-27.078,-130.467,64.783,-14.889,-103.655,0.696,-5.721,1.342,12.767,2.796,-12.573,-0.05,2.43,-1.33,-0.35,0.22,0.04,0.391,1.815,-0.464,-3.158,-1.179,3.59,,
2026-01-27 20:47:04.328,approach_unloader_to_place,-635.864,-726.497,1136.046,-0.257,-20.721,-90.643,-132.154,-27.481,-130.373,65.685,-14.692,-104.541,0.648,-5.298,1.242,11.829,2.588,-11.646,0.02,2.43,-1.41,-0.39,0.28,0.04,0.32,1.889,-0.477,-3.413,-1.186,3.793,,
2026-01-27 20:47:04.432,approach_unloader_to_place,-636.006,-727.668,1131.646,-0.29,-20.665,-90.653,-132.108,-27.846,-130.287,66.502,-14.514,-105.345,0.6,-4.887,1.146,10.914,2.386,-10.744,0.04,2.6,-1.42,-0.31,0.18,-0.04,0.241,2.077,-0.518,-3.915,-1.251,4.243,,
2026-01-27 20:47:04.533,approach_unloader_to_place,-636.117,-728.675,1127.778,-0.319,-20.61,-90.662,-132.068,-28.167,-130.212,67.218,-14.359,-106.049,0.55,-4.465,1.047,9.976,2.179,-9.819,0.03,2.64,-1.37,-0.34,0.37,0.04,0.16,2.32,-0.572,-4.531,-1.345,4.81,,
2026-01-27 20:47:04.636,approach_unloader_to_place,-636.207,-729.574,1124.251,-0.347,-20.557,-90.67,-132.032,-28.458,-130.144,67.869,-14.217,-106.69,0.504,-4.077,0.956,9.111,1.989,-8.966,0.04,2.61,-1.27,-0.24,0.35,-0.0,0.108,2.378,-0.582,-4.726,-1.352,4.967,,
2026-01-27 20:47:04.738,approach_unloader_to_place,-636.282,-730.405,1120.926,-0.374,-20.504,-90.678,-131.998,-28.732,-130.079,68.482,-14.083,-107.292,0.464,-3.743,0.877,8.365,1.825,-8.231,0.03,2.61,-1.25,-0.23,0.35,-0.0,0.076,2.313,-0.565,-4.642,-1.301,4.852,,
2026-01-27 20:47:04.839,approach_unloader_to_place,-636.341,-731.122,1118.005,-0.398,-20.455,-90.685,-131.968,-28.972,-130.023,69.019,-13.966,-107.82,0.423,-3.407,0.799,7.616,1.661,-7.493,-0.02,2.74,-1.28,-0.31,0.4,-0.05,0.026,2.42,-0.587,-4.933,-1.336,5.11,,
2026-01-27 20:47:04.941,approach_unloader_to_place,-636.387,-731.765,1115.343,-0.42,-20.408,-90.691,-131.94,-29.19,-129.972,69.507,-13.86,-108.301,0.385,-3.101,0.727,6.933,1.512,-6.821,-0.01,2.72,-1.34,-0.31,0.39,0.02,-0.004,2.395,-0.58,-4.926,-1.308,5.077,,
2026-01-27 20:47:05.043,approach_unloader_to_place,-636.424,-732.342,1112.919,-0.441,-20.363,-90.697,-131.915,-29.389,-129.926,69.952,-13.763,-108.738,0.351,-2.823,0.662,6.311,1.376,-6.208,0.05,2.78,-1.27,-0.34,0.43,0.03,-0.028,2.353,-0.568,-4.875,-1.273,5.004,,
2026-01-27 20:47:05.144,approach_unloader_to_place,-636.454,-732.861,1110.71,-0.46,-20.321,-90.703,-131.893,-29.569,-129.883,70.356,-13.675,-109.135,0.32,-2.568,0.602,5.743,1.252,-5.649,0.0,2.75,-1.32,-0.38,0.49,-0.05,-0.048,2.298,-0.553,-4.79,-1.234,4.899,,
2026-01-27 20:47:05.247,approach_unloader_to_place,-636.477,-733.327,1108.698,-0.478,-20.282,-90.708,-131.872,-29.734,-129.845,70.723,-13.595,-109.496,0.291,-2.337,0.548,5.226,1.139,-5.141,0.01,2.8,-1.33,-0.32,0.53,-0.0,-0.064,2.231,-0.536,-4.676,-1.19,4.769,,
2026-01-27 20:47:05.348,approach_unloader_to_place,-636.495,-733.746,1106.867,-0.494,-20.245,-90.712,-131.854,-29.883,-129.81,71.058,-13.522,-109.825,0.265,-2.126,0.498,4.755,1.036,-4.677,0.01,2.97,-1.28,-0.36,0.46,-0.05,-0.076,2.157,-0.517,-4.541,-1.143,4.619,,
2026-01-27 20:47:05.448,approach_unloader_to_place,-636.508,-734.112,1105.256,-0.508,-20.212,-90.717,-131.837,-30.014,-129.779,71.351,-13.458,-110.114,0.24,-1.923,0.451,4.3,0.937,-4.23,-0.06,2.8,-1.38,-0.31,0.51,0.03,-0.091,2.123,-0.508,-4.493,-1.117,4.557,,
2026-01-27 20:47:05.549,approach_unloader_to_place,-636.519,-734.454,1103.732,-0.522,-20.18,-90.721,-131.822,-30.138,-129.75,71.629,-13.398,-110.387,0.219,-1.752,0.411,3.919,0.854,-3.854,-0.08,2.89,-1.3,-0.37,0.52,-0.04,-0.091,1.983,-0.474,-4.206,-1.041,4.26,,
2026-01-27 20:47:05.650,approach_unloader_to_place,-636.527,-734.762,1102.345,-0.534,-20.15,-90.724,-131.807,-30.251,-129.723,71.881,-13.343,-110.635,0.199,-1.596,0.374,3.57,0.778,-3.511,-0.03,3.02,-1.31,-0.31,0.49,0.06,-0.096,1.897,-0.453,-4.036,-0.991,4.081,,
2026-01-27 20:47:05.750,approach_unloader_to_place,-636.533,-735.041,1101.083,-0.546,-20.122,-90.727,-131.795,-30.354,-129.699,72.11,-13.293,-110.86,0.182,-1.454,0.341,3.251,0.708,-3.197,0.06,2.98,-1.24,-0.31,0.44,0.03,-0.099,1.809,-0.432,-3.861,-0.942,3.898,,
2026-01-27 20:47:05.850,approach_unloader_to_place,-636.537,-735.284,1099.973,-0.556,-20.098,-90.73,-131.783,-30.444,-129.678,72.312,-13.249,-111.059,0.164,-1.316,0.308,2.942,0.641,-2.894,0.02,2.97,-1.35,-0.22,0.48,0.03,-0.105,1.753,-0.418,-3.754,-0.909,3.782,,
2026-01-27 20:47:05.953,approach_unloader_to_place,-636.54,-735.512,1098.923,-0.565,-20.074,-90.733,-131.773,-30.529,-129.658,72.503,-13.208,-111.246,0.15,-1.2,0.281,2.683,0.584,-2.638,-0.04,2.97,-1.21,-0.31,0.54,0.1,-0.101,1.627,-0.388,-3.49,-0.842,3.513,,
2026-01-27 20:47:06.053,approach_unloader_to_place,-636.541,-735.711,1098.001,-0.574,-20.053,-90.735,-131.763,-30.604,-129.641,72.67,-13.171,-111.411,0.136,-1.087,0.255,2.431,0.529,-2.39,-0.03,2.94,-1.25,-0.41,0.49,-0.11,-0.103,1.568,-0.373,-3.372,-0.808,3.39,,
2026-01-27 20:47:06.154,approach_unloader_to_place,-636.542,-735.898,1097.129,-0.582,-20.033,-90.738,-131.754,-30.675,-129.624,72.828,-13.137,-111.566,0.124,-0.992,0.232,2.218,0.483,-2.181,0.02,3.02,-1.27,-0.31,0.6,-0.03,-0.098,1.453,-0.346,-3.127,-0.747,3.141,,
2026-01-27 20:47:06.256,approach_unloader_to_place,-636.543,-736.074,1096.309,-0.589,-20.014,-90.74,-131.746,-30.741,-129.609,72.977,-13.104,-111.712,0.114,-0.91,0.213,2.035,0.443,-2.001,0.0,3.05,-1.24,-0.24,0.58,-0.01,-0.094,1.349,-0.321,-2.909,-0.693,2.92,,
2026-01-27 20:47:06.357,approach_unloader_to_place,-636.542,-736.227,1095.589,-0.596,-19.998,-90.742,-131.739,-30.799,-129.595,73.107,-13.076,-111.84,0.104,-0.828,0.194,1.852,0.403,-1.821,0.11,3.0,-1.32,-0.27,0.47,-0.0,-0.095,1.296,-0.308,-2.801,-0.664,2.808,,
2026-01-27 20:47:06.458,approach_unloader_to_place,-636.542,-736.361,1094.957,-0.602,-19.983,-90.744,-131.732,-30.851,-129.583,73.222,-13.051,-111.953,0.094,-0.749,0.176,1.676,0.365,-1.648,0.09,3.04,-1.26,-0.28,0.54,0.12,-0.094,1.238,-0.294,-2.68,-0.632,2.683,,
2026-01-27 20:47:06.559,approach_unloader_to_place,-636.541,-736.474,1094.42,-0.607,-19.97,-90.745,-131.727,-30.894,-129.573,73.319,-13.03,-112.048,0.084,-0.67,0.157,1.499,0.327,-1.474,0.04,3.05,-1.29,-0.27,0.55,-0.01,-0.094,1.192,-0.283,-2.586,-0.607,2.586,,
2026-01-27 20:47:06.659,approach_unloader_to_place,-636.54,-736.585,1093.89,-0.612,-19.957,-90.746,-131.722,-30.937,-129.563,73.415,-13.009,-112.143,0.076,-0.61,0.143,1.365,0.297,-1.342,-0.03,3.03,-1.29,-0.32,0.6,0.01,-0.086,1.077,-0.256,-2.338,-0.548,2.338,,
2026-01-27 20:47:06.761,approach_unloader_to_place,-636.539,-736.69,1093.388,-0.617,-19.945,-90.748,-131.717,-30.977,-129.553,73.505,-12.989,-112.232,0.07,-0.559,0.131,1.25,0.272,-1.229,-0.03,3.1,-1.27,-0.4,0.54,0.08,-0.08,0.993,-0.236,-2.157,-0.505,2.156,waypoint,
2026-01-27 20:47:06.862,place_on_unloader,-636.538,-736.782,1092.947,-0.621,-19.935,-90.749,-131.712,-31.013,-129.545,73.585,-12.972,-112.31,0.064,-0.508,0.119,1.137,0.248,-1.118,0.01,3.14,-1.2,-0.37,0.55,-0.03,-0.078,0.943,-0.224,-2.052,-0.479,2.049,,
2026-01-27 20:47:06.967,place_on_unloader,-636.536,-736.857,1092.588,-0.624,-19.926,-90.75,-131.708,-31.042,-129.538,73.65,-12.958,-112.374,0.057,-0.454,0.106,1.015,0.221,-0.998,0.0,3.1,-1.34,-0.18,0.61,0.03,-0.079,0.915,-0.217,-1.994,-0.463,1.989,,
2026-01-27 20:47:07.070,place_on_unloader,-636.535,-736.923,1092.27,-0.627,-19.918,-90.751,-131.705,-31.068,-129.532,73.708,-12.945,-112.431,0.051,-0.405,0.095,0.905,0.197,-0.89,-0.0,3.17,-1.19,-0.31,0.54,0.03,-0.075,0.857,-0.203,-1.869,-0.433,1.864,,
2026-01-27 20:47:07.173,place_on_unloader,-636.534,-736.979,1092.0,-0.63,-19.912,-90.751,-131.703,-31.09,-129.527,73.756,-12.935,-112.479,0.045,-0.358,0.084,0.801,0.174,-0.787,-0.07,3.04,-1.25,-0.26,0.62,0.04,-0.072,0.81,-0.192,-1.77,-0.409,1.763,,
2026-01-27 20:47:07.274,place_on_unloader,-636.533,-737.033,1091.738,-0.632,-19.905,-90.752,-131.7,-31.111,-129.522,73.804,-12.924,-112.525,0.04,-0.322,0.075,0.719,0.157,-0.707,-0.04,3.07,-1.3,-0.39,0.57,0.04,-0.066,0.735,-0.174,-1.606,-0.37,1.6,,
2026-01-27 20:47:07.376,place_on_unloader,-636.532,-737.095,1091.441,-0.635,-19.898,-90.753,-131.697,-31.135,-129.516,73.857,-12.913,-112.578,0.038,-0.301,0.071,0.673,0.147,-0.662,-0.03,3.04,-1.28,-0.22,0.55,-0.02,-0.056,0.634,-0.15,-1.383,-0.32,1.379,,
2026-01-27 20:47:07.479,place_on_unloader,-636.531,-737.145,1091.199,-0.637,-19.892,-90.754,-131.694,-31.154,-129.512,73.901,-12.903,-112.621,0.034,-0.275,0.064,0.614,0.134,-0.604,-0.06,3.09,-1.27,-0.33,0.66,0.08,-0.056,0.615,-0.145,-1.344,-0.31,1.339,,
2026-01-27 20:47:07.579,place_on_unloader,-636.53,-737.198,1090.94,-0.639,-19.886,-90.754,-131.692,-31.175,-129.507,73.948,-12.893,-112.667,0.032,-0.258,0.061,0.578,0.126,-0.568,-0.09,3.08,-1.34,-0.25,0.59,0.02,-0.048,0.54,-0.128,-1.18,-0.272,1.175,,
2026-01-27 20:47:07.680,place_on_unloader,-636.529,-737.246,1090.705,-0.642,-19.88,-90.755,-131.689,-31.194,-129.502,73.99,-12.884,-112.709,0.03,-0.241,0.057,0.539,0.117,-0.53,-0.05,3.19,-1.31,-0.3,0.57,0.06,-0.046,0.505,-0.119,-1.104,-0.254,1.099,,
2026-01-27 20:47:07.781,place_on_unloader,-636.528,-737.289,1090.498,-0.644,-19.875,-90.756,-131.687,-31.211,-129.499,74.028,-12.876,-112.745,0.028,-0.223,0.052,0.498,0.108,-0.489,0.06,3.02,-1.31,-0.2,0.58,-0.08,-0.044,0.477,-0.113,-1.045,-0.24,1.04,,
2026-01-27 20:47:07.884,place_on_unloader,-636.527,-737.33,1090.296,-0.645,-19.87,-90.756,-131.685,-31.227,-129.495,74.064,-12.868,-112.781,0.026,-0.208,0.049,0.464,0.101,-0.457,-0.11,3.13,-1.33,-0.24,0.55,0.05,-0.04,0.434,-0.102,-0.949,-0.218,0.945,,
2026-01-27 20:47:07.987,place_on_unloader,-636.526,-737.366,1090.119,-0.647,-19.865,-90.757,-131.684,-31.242,-129.491,74.096,-12.861,-112.812,0.024,-0.191,0.045,0.428,0.093,-0.421,0.01,3.1,-1.13,-0.26,0.47,0.04,-0.039,0.41,-0.097,-0.899,-0.206,0.894,,
2026-01-27 20:47:08.088,place_on_unloader,-636.525,-737.398,1089.964,-0.649,-19.862,-90.757,-131.682,-31.254,-129.488,74.124,-12.855,-112.84,0.022,-0.175,0.041,0.391,0.085,-0.385,-0.02,3.09,-1.38,-0.16,0.6,0.07,-0.037,0.387,-0.091,-0.848,-0.194,0.843,,
2026-01-27 20:47:08.191,place_on_unloader,-636.524,-737.428,1089.817,-0.65,-19.858,-90.757,-131.68,-31.266,-129.486,74.151,-12.849,-112.866,0.02,-0.161,0.038,0.36,0.078,-0.354,-0.04,3.09,-1.31,-0.24,0.56,0.06,-0.034,0.355,-0.084,-0.779,-0.178,0.774,,
2026-01-27 20:47:08.291,place_on_unloader,-636.524,-737.453,1089.697,-0.651,-19.855,-90.758,-131.679,-31.276,-129.483,74.172,-12.844,-112.887,0.018,-0.145,0.034,0.324,0.071,-0.318,-0.04,3.14,-1.25,-0.28,0.55,0.07,-0.034,0.341,-0.081,-0.75,-0.171,0.745,,
2026-01-27 20:47:08.395,place_on_unloader,-636.523,-737.477,1089.578,-0.652,-19.852,-90.758,-131.678,-31.285,-129.481,74.194,-12.839,-112.908,0.017,-0.133,0.031,0.297,0.065,-0.291,-0.04,3.12,-1.28,-0.21,0.54,-0.01,-0.03,0.308,-0.073,-0.677,-0.154,0.672,,
2026-01-27 20:47:08.498,place_on_unloader,-636.522,-737.5,1089.466,-0.653,-19.849,-90.758,-131.677,-31.294,-129.479,74.214,-12.835,-112.928,0.015,-0.122,0.029,0.273,0.059,-0.268,-0.02,3.1,-1.22,-0.27,0.45,0.08,-0.028,0.283,-0.067,-0.621,-0.141,0.617,,
2026-01-27 20:47:08.599,place_on_unloader,-636.522,-737.519,1089.371,-0.654,-19.847,-90.759,-131.676,-31.302,-129.477,74.231,-12.831,-112.945,0.014,-0.111,0.026,0.248,0.054,-0.243,0.0,3.18,-1.27,-0.25,0.67,0.04,-0.027,0.268,-0.063,-0.59,-0.134,0.585,,
2026-01-27 20:47:08.701,place_on_unloader,-636.521,-737.538,1089.278,-0.655,-19.844,-90.759,-131.675,-31.309,-129.475,74.248,-12.828,-112.962,0.013,-0.102,0.024,0.228,0.05,-0.224,0.01,3.17,-1.31,-0.33,0.62,0.07,-0.024,0.243,-0.057,-0.534,-0.121,0.53,,
2026-01-27 20:47:08.804,place_on_unloader,-636.521,-737.555,1089.193,-0.656,-19.842,-90.759,-131.674,-31.316,-129.474,74.263,-12.824,-112.977,0.012,-0.094,0.022,0.209,0.046,-0.206,-0.04,3.06,-1.2,-0.3,0.52,0.12,-0.023,0.225,-0.053,-0.496,-0.112,0.492,,
2026-01-27 20:47:08.904,place_on_unloader,-636.52,-737.569,1089.123,-0.656,-19.84,-90.759,-131.674,-31.322,-129.473,74.276,-12.822,-112.989,0.011,-0.084,0.02,0.188,0.041,-0.185,0.04,3.09,-1.22,-0.36,0.55,-0.05,-0.022,0.215,-0.051,-0.474,-0.107,0.47,,
2026-01-27 20:47:09.004,place_on_unloader,-636.52,-737.584,1089.052,-0.657,-19.839,-90.76,-131.673,-31.328,-129.471,74.288,-12.819,-113.002,0.01,-0.077,0.018,0.173,0.038,-0.17,0.03,3.18,-1.18,-0.35,0.63,-0.01,-0.02,0.192,-0.045,-0.424,-0.096,0.42,,
2026-01-27 20:47:09.108,place_on_unloader,-636.519,-737.592,1089.01,-0.658,-19.838,-90.76,-131.672,-31.331,-129.47,74.296,-12.817,-113.009,0.008,-0.067,0.016,0.149,0.032,-0.146,0.06,3.14,-1.22,-0.32,0.66,0.02,-0.021,0.196,-0.046,-0.434,-0.098,0.429,,
2026-01-27 20:47:09.209,place_on_unloader,-636.519,-737.602,1088.964,-0.658,-19.836,-90.76,-131.672,-31.335,-129.47,74.304,-12.815,-113.017,0.007,-0.059,0.014,0.132,0.029,-0.13,0.03,3.19,-1.22,-0.35,0.67,-0.07,-0.018,0.174,-0.041,-0.383,-0.086,0.38,,
2026-01-27 20:47:09.309,place_on_unloader,-636.519,-737.613,1088.908,-0.658,-19.835,-90.76,-131.671,-31.339,-129.468,74.315,-12.813,-113.027,0.007,-0.056,0.013,0.125,0.027,-0.123,-0.02,3.09,-1.26,-0.25,0.59,-0.05,-0.015,0.148,-0.035,-0.326,-0.074,0.323,,
2026-01-27 20:47:09.412,place_on_unloader,-636.518,-737.624,1088.856,-0.659,-19.834,-90.76,-131.671,-31.343,-129.467,74.324,-12.811,-113.036,0.007,-0.052,0.012,0.117,0.025,-0.115,-0.09,3.12,-1.3,-0.26,0.6,0.06,-0.014,0.137,-0.032,-0.303,-0.068,0.3,,
2026-01-27 20:47:09.715,place_on_unloader,-636.518,-737.649,1088.729,-0.66,-19.83,-90.76,-131.67,-31.354,-129.465,74.347,-12.806,-113.059,0.005,-0.042,0.01,0.093,0.02,-0.091,-0.1,3.1,-1.18,-0.32,0.52,0.03,-0.011,0.108,-0.025,-0.238,-0.053,0.235,,
2026-01-27 20:47:10.018,place_on_unloader,-636.517,-737.669,1088.634,-0.661,-19.828,-90.761,-131.669,-31.361,-129.463,74.364,-12.802,-113.076,0.004,-0.032,0.008,0.072,0.016,-0.07,0.03,3.1,-1.21,-0.36,0.58,-0.02,-0.009,0.087,-0.021,-0.193,-0.043,0.191,,
2026-01-27 20:47:10.430,place_on_unloader,-636.516,-737.687,1088.541,-0.662,-19.826,-90.761,-131.668,-31.369,-129.462,74.381,-12.799,-113.092,0.003,-0.023,0.005,0.05,0.011,-0.049,-0.08,3.11,-1.23,-0.27,0.62,0.01,-0.007,0.063,-0.015,-0.139,-0.031,0.137,,
2026-01-27 20:47:10.736,place_on_unloader,-636.516,-737.697,1088.492,-0.662,-19.824,-90.761,-131.667,-31.373,-129.461,74.39,-12.797,-113.101,0.002,-0.017,0.004,0.038,0.008,-0.037,-0.0,2.98,-1.17,-0.32,0.62,-0.09,-0.005,0.049,-0.012,-0.109,-0.024,0.108,,
2026-01-27 20:47:11.043,place_on_unloader,-636.516,-737.705,1088.455,-0.663,-19.824,-90.761,-131.667,-31.376,-129.46,74.396,-12.795,-113.107,0.002,-0.013,0.003,0.029,0.006,-0.028,0.01,3.11,-1.25,-0.33,0.5,0.06,-0.004,0.038,-0.009,-0.085,-0.019,0.084,,
2026-01-27 20:47:11.450,place_on_unloader,-636.516,-737.712,1088.418,-0.663,-19.823,-90.761,-131.666,-31.379,-129.459,74.403,-12.794,-113.114,0.001,-0.009,0.002,0.02,0.004,-0.02,-0.1,3.21,-1.27,-0.3,0.63,0.09,-0.003,0.028,-0.007,-0.062,-0.014,0.061,,
2026-01-27 20:47:11.756,place_on_unloader,-636.515,-737.716,1088.398,-0.663,-19.822,-90.761,-131.666,-31.38,-129.459,74.407,-12.793,-113.118,0.001,-0.007,0.002,0.015,0.003,-0.015,-0.05,3.07,-1.27,-0.27,0.57,-0.02,-0.002,0.022,-0.005,-0.048,-0.011,0.047,,
2026-01-27 20:47:12.061,place_on_unloader,-636.515,-737.719,1088.383,-0.663,-19.822,-90.761,-131.666,-31.382,-129.459,74.409,-12.793,-113.12,0.001,-0.005,0.001,0.011,0.003,-0.011,-0.01,3.1,-1.19,-0.26,0.58,0.11,-0.002,0.017,-0.004,-0.038,-0.008,0.037,,
2026-01-27 20:47:12.471,place_on_unloader,-636.515,-737.722,1088.369,-0.664,-19.821,-90.762,-131.666,-31.383,-129.458,74.412,-12.792,-113.123,0.0,-0.003,0.001,0.008,0.002,-0.008,-0.02,3.12,-1.32,-0.23,0.63,0.04,-0.001,0.012,-0.003,-0.027,-0.006,0.026,,
2026-01-27 20:47:12.572,place_to_retreat_unloader,-637.419,-735.208,1100.58,-0.545,-20.192,-90.719,-131.831,-30.421,-129.642,72.41,-13.33,-111.196,-0.412,2.401,-0.459,-4.998,-1.345,4.811,0.05,2.65,-1.41,-0.32,0.61,0.07,-1.652,9.626,-1.84,-20.044,-5.39,19.297,,
2026-01-27 20:47:12.672,place_to_retreat_unloader,-638.577,-730.877,1119.618,-0.36,-20.69,-90.668,-132.091,-28.911,-129.931,69.263,-14.177,-108.152,-0.959,5.576,-1.066,-11.617,-3.124,11.219,0.11,2.25,-1.67,-0.39,0.64,-0.05,-2.434,14.153,-2.706,-29.502,-7.931,28.542,,
2026-01-27 20:47:12.772,place_to_retreat_unloader,-639.383,-726.349,1137.514,-0.198,-21.069,-90.621,-132.337,-27.477,-130.205,66.274,-14.98,-105.262,-1.336,7.766,-1.484,-16.183,-4.352,15.639,0.13,1.87,-1.76,-0.34,0.75,-0.03,-2.059,11.973,-2.289,-24.956,-6.709,24.144,,
2026-01-27 20:47:12.874,place_to_retreat_unloader,-639.888,-721.706,1154.254,-0.062,-21.341,-90.58,-132.57,-26.123,-130.464,63.451,-15.739,-102.531,-1.584,9.211,-1.761,-19.196,-5.162,18.555,0.09,1.71,-1.88,-0.4,0.68,0.09,-1.717,9.985,-1.909,-20.812,-5.595,20.135,,
2026-01-27 20:47:12.974,place_to_retreat_unloader,-640.132,-717.341,1168.817,0.039,-21.513,-90.548,-132.775,-24.933,-130.691,60.971,-16.406,-100.133,-1.7,9.884,-1.889,-20.597,-5.539,19.913,0.07,1.43,-2.04,-0.34,0.62,0.13,-1.262,7.34,-1.404,-15.3,-4.113,14.803,,
2026-01-27 20:47:13.077,place_to_retreat_unloader,-640.195,-712.822,1182.91,0.119,-21.621,-90.521,-132.975,-23.77,-130.913,58.548,-17.058,-97.79,-1.775,10.319,-1.973,-21.505,-5.783,20.793,0.03,1.18,-2.24,-0.43,0.5,0.06,-1.089,6.332,-1.211,-13.198,-3.548,12.769,,
2026-01-27 20:47:13.178,place_to_retreat_unloader,-640.11,-708.66,1195.151,0.171,-21.666,-90.502,-133.15,-22.751,-131.108,56.424,-17.629,-95.736,-1.769,10.288,-1.967,-21.439,-5.765,20.73,0.04,0.93,-2.16,-0.4,0.44,0.04,-0.733,4.264,-0.816,-8.889,-2.389,8.601,,
2026-01-27 20:47:13.281,place_to_retreat_unloader,-639.905,-704.44,1206.936,0.203,-21.668,-90.489,-133.321,-21.761,-131.298,54.361,-18.183,-93.741,-1.753,10.19,-1.948,-21.237,-5.71,20.535,0.04,0.8,-2.38,-0.35,0.42,0.07,-0.609,3.545,-0.678,-7.389,-1.986,7.15,,
2026-01-27 20:47:13.382,place_to_retreat_unloader,-639.63,-700.608,1217.158,0.215,-21.635,-90.482,-133.469,-20.895,-131.463,52.556,-18.669,-91.996,-1.687,9.807,-1.875,-20.439,-5.496,19.763,0.12,0.6,-2.3,-0.32,0.29,-0.01,-0.335,1.95,-0.373,-4.066,-1.093,3.935,,
2026-01-27 20:47:13.482,place_to_retreat_unloader,-639.304,-697.023,1226.353,0.213,-21.579,-90.48,-133.604,-20.11,-131.613,50.921,-19.109,-90.414,-1.603,9.318,-1.781,-19.419,-5.221,18.777,0.07,0.48,-2.35,-0.43,0.32,0.02,-0.162,0.945,-0.181,-1.971,-0.529,1.908,,
2026-01-27 20:47:13.584,place_to_retreat_unloader,-638.947,-693.684,1234.628,0.198,-21.506,-90.482,-133.727,-19.399,-131.749,49.438,-19.507,-88.98,-1.508,8.767,-1.676,-18.271,-4.913,17.667,0.05,0.49,-2.31,-0.43,0.27,0.05,-0.02,0.116,-0.022,-0.243,-0.065,0.237,,
2026-01-27 20:47:13.684,place_to_retreat_unloader,-638.587,-690.688,1241.836,0.175,-21.426,-90.487,-133.834,-18.775,-131.868,48.138,-19.857,-87.724,-1.399,8.134,-1.555,-16.952,-4.558,16.392,0.0,0.32,-2.43,-0.35,0.11,0.08,0.133,-0.773,0.148,1.61,0.433,-1.555,,
2026-01-27 20:47:13.787,place_to_retreat_unloader,-638.208,-687.813,1248.574,0.145,-21.336,-90.494,-133.935,-18.189,-131.98,46.916,-20.185,-86.542,-1.301,7.567,-1.447,-15.77,-4.24,15.249,-0.04,0.22,-2.41,-0.37,-0.04,0.15,0.184,-1.067,0.204,2.223,0.598,-2.149,,
2026-01-27 20:47:13.891,place_to_retreat_unloader,-637.833,-685.158,1254.647,0.11,-21.243,-90.504,-134.026,-17.657,-132.082,45.808,-20.483,-85.47,-1.205,7.004,-1.339,-14.598,-3.925,14.115,0.07,0.09,-2.41,-0.45,-0.02,-0.05,0.26,-1.509,0.288,3.144,0.846,-3.04,,
2026-01-27 20:47:13.992,place_to_retreat_unloader,-637.465,-682.713,1260.124,0.072,-21.149,-90.516,-134.109,-17.175,-132.174,44.804,-20.753,-84.499,-1.111,6.458,-1.235,-13.459,-3.619,13.014,-0.02,0.03,-2.55,-0.33,-0.0,0.01,0.319,-1.856,0.355,3.867,1.04,-3.738,,
2026-01-27 20:47:14.093,place_to_retreat_unloader,-637.135,-680.614,1264.74,0.035,-21.063,-90.527,-134.179,-16.767,-132.252,43.953,-20.982,-83.677,-1.008,5.864,-1.121,-12.22,-3.286,11.816,0.03,-0.17,-2.53,-0.28,-0.18,-0.01,0.414,-2.409,0.46,5.019,1.35,-4.853,,
2026-01-27 20:47:14.196,place_to_retreat_unloader,-636.795,-678.538,1269.231,-0.006,-20.974,-90.54,-134.248,-16.368,-132.328,43.122,-21.205,-82.874,-0.928,5.394,-1.031,-11.242,-3.023,10.87,-0.01,-0.15,-2.52,-0.47,-0.16,0.1,0.389,-2.262,0.432,4.713,1.268,-4.557,,
2026-01-27 20:47:14.296,place_to_retreat_unloader,-636.472,-676.636,1273.285,-0.047,-20.887,-90.554,-134.31,-16.007,-132.397,42.369,-21.408,-82.146,-0.851,4.949,-0.946,-10.314,-2.773,9.973,-0.04,-0.33,-2.5,-0.33,-0.2,0.13,0.414,-2.409,0.46,5.019,1.35,-4.853,,
2026-01-27 20:47:14.396,place_to_retreat_unloader,-636.178,-674.951,1276.827,-0.086,-20.807,-90.567,-134.365,-15.69,-132.458,41.709,-21.585,-81.508,-0.775,4.504,-0.861,-9.386,-2.524,9.075,-0.04,-0.26,-2.59,-0.46,-0.21,0.05,0.45,-2.614,0.5,5.446,1.465,-5.266,,
2026-01-27 20:47:14.496,place_to_retreat_unloader,-635.892,-673.353,1280.147,-0.126,-20.729,-90.58,-134.416,-15.392,-132.515,41.088,-21.752,-80.907,-0.709,4.123,-0.788,-8.592,-2.31,8.307,0.08,-0.35,-2.63,-0.32,-0.23,0.08,0.437,-2.541,0.486,5.295,1.424,-5.12,,
2026-01-27 20:47:14.599,place_to_retreat_unloader,-635.616,-671.845,1283.245,-0.165,-20.653,-90.593,-134.464,-15.113,-132.568,40.507,-21.909,-80.345,-0.652,3.789,-0.724,-7.897,-2.123,7.635,-0.05,-0.38,-2.59,-0.35,-0.27,-0.02,0.426,-2.477,0.473,5.162,1.388,-4.991,,
2026-01-27 20:47:14.700,place_to_retreat_unloader,-635.368,-670.517,1285.948,-0.201,-20.585,-90.606,-134.506,-14.869,-132.615,39.999,-22.045,-79.854,-0.594,3.452,-0.66,-7.193,-1.934,6.955,0.0,-0.42,-2.62,-0.4,-0.3,0.01,0.444,-2.579,0.493,5.374,1.445,-5.196,,
2026-01-27 20:47:14.803,place_to_retreat_unloader,-635.138,-669.305,1288.391,-0.236,-20.521,-90.618,-134.544,-14.648,-132.657,39.538,-22.169,-79.408,-0.54,3.142,-0.601,-6.547,-1.76,6.33,-0.03,-0.5,-2.55,-0.34,-0.29,0.11,0.438,-2.549,0.487,5.312,1.429,-5.136,,
2026-01-27 20:47:14.907,place_to_retreat_unloader,-634.925,-668.2,1290.601,-0.269,-20.461,-90.63,-134.578,-14.448,-132.695,39.12,-22.281,-79.005,-0.491,2.857,-0.546,-5.955,-1.601,5.757,0.02,-0.45,-2.55,-0.41,-0.41,0.07,0.43,-2.501,0.478,5.212,1.402,-5.04,,
2026-01-27 20:47:15.010,place_to_retreat_unloader,-634.735,-667.227,1292.534,-0.298,-20.408,-90.64,-134.608,-14.272,-132.729,38.754,-22.38,-78.651,-0.444,2.582,-0.494,-5.381,-1.447,5.203,0.06,-0.56,-2.51,-0.41,-0.45,0.03,0.43,-2.498,0.478,5.206,1.4,-5.034,,
2026-01-27 20:47:15.114,place_to_retreat_unloader,-634.554,-666.308,1294.349,-0.327,-20.357,-90.651,-134.637,-14.107,-132.761,38.41,-22.473,-78.318,-0.404,2.35,-0.449,-4.897,-1.317,4.734,0.05,-0.5,-2.64,-0.29,-0.43,0.04,0.405,-2.353,0.45,4.904,1.319,-4.741,,
2026-01-27 20:47:15.214,place_to_retreat_unloader,-634.393,-665.498,1295.937,-0.353,-20.312,-90.66,-134.662,-13.962,-132.788,38.108,-22.554,-78.026,-0.365,2.124,-0.406,-4.427,-1.19,4.28,-0.08,-0.48,-2.66,-0.36,-0.36,0.04,0.399,-2.322,0.444,4.838,1.301,-4.678,,
2026-01-27 20:47:15.317,place_to_retreat_unloader,-634.239,-664.735,1297.428,-0.378,-20.268,-90.669,-134.685,-13.826,-132.814,37.824,-22.63,-77.752,-0.333,1.934,-0.37,-4.03,-1.084,3.896,0.04,-0.63,-2.57,-0.29,-0.48,0.04,0.374,-2.176,0.416,4.534,1.219,-4.384,,
2026-01-27 20:47:15.418,place_to_retreat_unloader,-634.098,-664.04,1298.778,-0.401,-20.229,-90.678,-134.706,-13.702,-132.838,37.567,-22.699,-77.503,-0.303,1.759,-0.336,-3.666,-0.986,3.544,-0.05,-0.71,-2.68,-0.4,-0.38,-0.0,0.359,-2.086,0.399,4.346,1.169,-4.202,,
2026-01-27 20:47:15.520,place_to_retreat_unloader,-633.974,-663.429,1299.96,-0.422,-20.193,-90.685,-134.725,-13.594,-132.859,37.341,-22.76,-77.285,-0.273,1.59,-0.304,-3.314,-0.891,3.203,0.0,-0.71,-2.57,-0.37,-0.5,0.02,0.349,-2.029,0.388,4.229,1.137,-4.089,,
2026-01-27 20:47:15.623,place_to_retreat_unloader,-633.859,-662.872,1301.034,-0.441,-20.161,-90.692,-134.742,-13.496,-132.877,37.136,-22.815,-77.086,-0.247,1.439,-0.275,-2.998,-0.806,2.898,-0.02,-0.66,-2.6,-0.36,-0.48,0.05,0.331,-1.924,0.368,4.01,1.078,-3.877,,
2026-01-27 20:47:15.726,place_to_retreat_unloader,-633.747,-662.33,1302.075,-0.46,-20.129,-90.699,-134.758,-13.4,-132.896,36.937,-22.869,-76.894,-0.227,1.318,-0.252,-2.747,-0.739,2.655,-0.09,-0.63,-2.65,-0.37,-0.51,0.01,0.303,-1.76,0.336,3.668,0.986,-3.547,,
2026-01-27 20:47:15.827,place_to_retreat_unloader,-633.649,-661.855,1302.985,-0.477,-20.101,-90.705,-134.773,-13.316,-132.912,36.762,-22.915,-76.725,-0.206,1.198,-0.229,-2.496,-0.671,2.413,-0.0,-0.63,-2.55,-0.41,-0.49,-0.04,0.293,-1.704,0.326,3.551,0.955,-3.433,,
2026-01-27 20:47:15.929,place_to_retreat_unloader,-633.559,-661.423,1303.81,-0.493,-20.076,-90.711,-134.786,-13.241,-132.926,36.604,-22.958,-76.573,-0.187,1.088,-0.208,-2.267,-0.61,2.191,0.03,-0.72,-2.63,-0.39,-0.43,0.1,0.277,-1.612,0.308,3.359,0.903,-3.248,,
2026-01-27 20:47:16.029,place_to_retreat_unloader,-633.479,-661.044,1304.532,-0.506,-20.053,-90.716,-134.797,-13.174,-132.939,36.466,-22.995,-76.439,-0.169,0.982,-0.188,-2.046,-0.55,1.978,0.09,-0.74,-2.69,-0.42,-0.61,-0.08,0.266,-1.544,0.295,3.218,0.865,-3.111,,
2026-01-27 20:47:16.130,place_to_retreat_unloader,-633.404,-660.687,1305.21,-0.519,-20.032,-90.721,-134.808,-13.112,-132.951,36.335,-23.03,-76.313,-0.154,0.893,-0.171,-1.861,-0.5,1.798,0.07,-0.79,-2.54,-0.38,-0.54,0.04,0.246,-1.429,0.273,2.979,0.801,-2.88,,
2026-01-27 20:47:16.234,place_to_retreat_unloader,-633.343,-660.394,1305.764,-0.53,-20.014,-90.725,-134.817,-13.061,-132.961,36.229,-23.059,-76.21,-0.137,0.797,-0.152,-1.661,-0.447,1.606,0.04,-0.77,-2.7,-0.28,-0.45,0.03,0.241,-1.401,0.268,2.92,0.785,-2.823,,
2026-01-27 20:47:16.334,place_to_retreat_unloader,-633.282,-660.107,1306.308,-0.541,-19.997,-90.729,-134.825,-13.01,-132.97,36.125,-23.087,-76.109,-0.124,0.723,-0.138,-1.507,-0.405,1.457,0.05,-0.72,-2.58,-0.47,-0.52,-0.02,0.218,-1.27,0.243,2.646,0.711,-2.558,,
2026-01-27 20:47:16.435,place_to_retreat_unloader,-633.224,-659.836,1306.82,-0.551,-19.98,-90.733,-134.834,-12.963,-132.979,36.026,-23.113,-76.014,-0.114,0.66,-0.126,-1.376,-0.37,1.33,-0.04,-0.76,-2.64,-0.34,-0.62,0.05,0.202,-1.173,0.224,2.444,0.657,-2.363,,
2026-01-27 20:47:16.539,place_to_retreat_unloader,-633.172,-659.591,1307.283,-0.56,-19.965,-90.736,-134.841,-12.92,-132.987,35.937,-23.137,-75.928,-0.104,0.602,-0.115,-1.255,-0.337,1.213,0.11,-0.76,-2.57,-0.4,-0.56,0.11,0.189,-1.099,0.21,2.291,0.616,-2.215,waypoint,
2026-01-27 20:47:16.639,retreat_unloader_to_end,-576.492,-668.956,1351.359,1.671,-19.926,-90.021,-131.885,-8.239,-134.459,33.024,-27.194,-70.413,7.311,12.156,-3.765,-8.223,-10.395,14.697,0.15,-1.97,-3.09,-0.42,-0.48,0.07,29.8,45.4,-14.446,-26.172,-39.772,52.293,,
2026-01-27 20:47:16.739,retreat_unloader_to_end,-514.42,-671.799,1395.157,3.833,-19.299,-89.283,-128.68,-3.167,-136.054,29.877,-31.59,-64.429,13.498,21.796,-6.812,-14.035,-18.787,25.982,0.28,-2.99,-3.47,-0.49,-0.26,0.05,29.322,44.758,-14.235,-25.901,-39.193,51.754,,
2026-01-27 20:47:16.842,retreat_unloader_to_end,-460.33,-668.222,1430.041,5.426,-18.3,-88.659,-125.869,1.279,-137.452,27.118,-35.445,-59.184,17.149,27.461,-8.605,-17.423,-23.726,32.601,0.28,-3.71,-3.77,-0.54,-0.16,-0.08,22.435,34.026,-10.844,-19.428,-29.85,39.196,,
2026-01-27 20:47:16.943,retreat_unloader_to_end,-410.396,-659.944,1459.767,6.616,-17.029,-88.105,-123.226,5.46,-138.768,24.524,-39.069,-54.251,19.469,31.049,-9.741,-19.554,-26.855,36.783,0.31,-4.58,-3.95,-0.51,-0.08,0.12,18.518,27.975,-8.927,-15.842,-24.569,32.151,,
2026-01-27 20:47:17.045,retreat_unloader_to_end,-366.372,-648.578,1484.087,7.407,-15.644,-87.65,-120.831,9.25,-139.96,22.172,-42.354,-49.779,20.591,32.761,-10.286,-20.545,-28.355,38.766,0.38,-5.22,-4.2,-0.45,-0.12,0.07,14.193,21.266,-6.804,-11.83,-18.721,24.32,,
2026-01-27 20:47:17.147,retreat_unloader_to_end,-326.56,-634.847,1504.573,7.883,-14.185,-87.285,-118.588,12.797,-141.075,19.97,-45.43,-45.593,21.05,33.441,-10.504,-20.913,-28.955,39.539,0.25,-5.84,-4.29,-0.42,-0.11,0.08,11.244,16.719,-5.362,-9.145,-14.751,19.031,,
2026-01-27 20:47:17.250,retreat_unloader_to_end,-291.983,-620.077,1521.178,8.084,-12.762,-87.026,-116.562,16.002,-142.083,17.982,-48.208,-41.812,20.853,33.093,-10.398,-20.657,-28.663,39.107,0.04,-6.28,-4.4,-0.36,-0.17,0.07,7.953,11.619,-3.748,-6.104,-10.304,13.083,,
2026-01-27 20:47:17.350,retreat_unloader_to_end,-262.96,-605.469,1534.226,8.077,-11.458,-86.869,-114.79,18.806,-142.965,16.242,-50.639,-38.505,20.07,31.829,-10.003,-19.842,-27.573,37.599,0.19,-6.81,-4.53,-0.37,-0.16,0.09,4.619,6.442,-2.11,-3.002,-5.793,7.037,,
2026-01-27 20:47:17.452,retreat_unloader_to_end,-236.921,-590.492,1545.198,7.914,-10.207,-86.792,-113.131,21.43,-143.791,14.613,-52.914,-35.408,19.2,30.433,-9.566,-18.953,-26.367,35.94,0.05,-7.26,-4.55,-0.36,-0.21,0.07,3.025,4.007,-1.336,-1.59,-3.662,4.22,,
2026-01-27 20:47:17.556,retreat_unloader_to_end,-215.097,-576.45,1553.817,7.646,-9.101,-86.788,-111.68,23.726,-144.513,13.189,-54.904,-32.7,18.028,28.564,-8.979,-17.776,-24.751,33.726,-0.06,-7.55,-4.56,-0.16,-0.22,0.13,0.645,0.318,-0.168,0.609,-0.445,-0.081,,
2026-01-27 20:47:17.657,retreat_unloader_to_end,-196.733,-563.482,1560.629,7.316,-8.131,-86.839,-110.407,25.739,-145.146,11.94,-56.649,-30.326,16.701,26.454,-8.317,-16.454,-22.925,31.23,-0.18,-7.94,-4.58,-0.13,-0.26,0.13,-1.21,-2.545,0.739,2.305,2.054,-3.414,,
2026-01-27 20:47:17.758,retreat_unloader_to_end,-180.141,-550.777,1566.407,6.925,-7.227,-86.938,-109.211,27.631,-145.741,10.765,-58.289,-28.093,15.517,24.572,-7.726,-15.277,-21.295,29.004,-0.24,-8.15,-4.6,-0.07,-0.39,0.07,-1.847,-3.49,1.042,2.819,2.888,-4.487,,
2026-01-27 20:47:17.859,retreat_unloader_to_end,-166.619,-539.667,1570.828,6.532,-6.472,-87.063,-108.198,29.234,-146.245,9.771,-59.679,-26.203,14.17,22.435,-7.054,-13.944,-19.444,26.479,-0.22,-8.42,-4.67,0.03,-0.28,0.1,-3.496,-6.041,1.85,4.337,5.114,-7.461,,
2026-01-27 20:47:17.963,retreat_unloader_to_end,-153.884,-528.529,1574.733,6.096,-5.749,-87.223,-107.208,30.799,-146.737,8.799,-61.036,-24.356,13.102,20.741,-6.522,-12.887,-17.976,24.476,-0.28,-8.71,-4.57,-0.01,-0.24,0.07,-3.38,-5.806,1.782,4.132,4.923,-7.151,,
2026-01-27 20:47:18.063,retreat_unloader_to_end,-142.753,-518.212,1577.923,5.655,-5.108,-87.402,-106.311,32.218,-147.184,7.919,-62.266,-22.682,12.069,19.103,-6.007,-11.867,-16.558,22.542,-0.25,-8.87,-4.68,0.03,-0.31,0.03,-3.968,-6.691,2.064,4.628,5.7,-8.164,,
2026-01-27 20:47:18.163,retreat_unloader_to_end,-133.006,-508.695,1580.53,5.22,-4.541,-87.593,-105.498,33.505,-147.588,7.12,-63.381,-21.165,11.085,17.543,-5.517,-10.896,-15.206,20.7,-0.26,-8.98,-4.59,0.13,-0.34,0.03,-4.41,-7.349,2.275,4.989,6.281,-8.914,,
2026-01-27 20:47:18.266,retreat_unloader_to_end,-124.455,-499.946,1582.662,4.796,-4.042,-87.791,-104.761,34.671,-147.955,6.397,-64.392,-19.789,10.156,16.073,-5.054,-9.981,-13.932,18.964,-0.33,-9.23,-4.56,0.24,-0.38,0.05,-4.73,-7.818,2.426,5.237,6.696,-9.443,,
2026-01-27 20:47:18.369,retreat_unloader_to_end,-116.697,-491.659,1584.46,4.374,-3.588,-87.998,-104.071,35.762,-148.298,5.719,-65.338,-18.502,9.342,14.783,-4.649,-9.179,-12.814,17.442,-0.3,-9.31,-4.55,0.28,-0.53,-0.03,-4.728,-7.781,2.418,5.176,6.672,-9.377,,
2026-01-27 20:47:18.470,retreat_unloader_to_end,-110.106,-484.341,1585.877,3.986,-3.202,-88.196,-103.468,36.717,-148.599,5.127,-66.166,-17.375,8.515,13.474,-4.238,-8.366,-11.68,15.897,-0.29,-9.29,-4.42,0.43,-0.39,0.14,-5.119,-8.37,2.606,5.507,7.19,-10.052,,
2026-01-27 20:47:18.571,retreat_unloader_to_end,-104.479,-477.877,1587.001,3.632,-2.874,-88.384,-102.938,37.554,-148.862,4.607,-66.891,-16.388,7.709,12.198,-3.836,-7.573,-10.574,14.391,-0.3,-9.43,-4.36,0.22,-0.34,-0.02,-5.352,-8.711,2.716,5.687,7.492,-10.437,,
2026-01-27 20:47:18.674,retreat_unloader_to_end,-99.317,-471.761,1587.958,3.286,-2.574,-88.572,-102.441,38.341,-149.109,4.119,-67.574,-15.46,7.026,11.117,-3.496,-6.901,-9.636,13.114,-0.31,-9.53,-4.51,0.34,-0.39,-0.01,-5.132,-8.338,2.601,5.428,7.175,-9.981,,
2026-01-27 20:47:18.776,retreat_unloader_to_end,-94.745,-466.188,1588.742,2.963,-2.31,-88.752,-101.99,39.055,-149.334,3.676,-68.192,-14.618,6.397,10.121,-3.183,-6.283,-8.774,11.94,-0.27,-9.55,-4.37,0.35,-0.43,0.06,-5.084,-8.241,2.573,5.342,7.096,-9.852,,
2026-01-27 20:47:18.877,retreat_unloader_to_end,-90.821,-461.281,1589.365,2.671,-2.085,-88.918,-101.594,39.68,-149.531,3.288,-68.735,-13.88,5.786,9.155,-2.879,-5.682,-7.936,10.799,-0.36,-9.62,-4.36,0.34,-0.4,0.02,-5.132,-8.297,2.592,5.354,7.15,-9.905,,
2026-01-27 20:47:18.979,retreat_unloader_to_end,-87.321,-456.804,1589.88,2.401,-1.886,-89.075,-101.235,40.249,-149.709,2.935,-69.228,-13.209,5.239,8.288,-2.607,-5.144,-7.185,9.777,-0.37,-9.78,-4.35,0.51,-0.25,-0.0,-4.977,-8.033,2.511,5.17,6.925,-9.582,,
2026-01-27 20:47:19.082,retreat_unloader_to_end,-84.089,-452.58,1590.319,2.141,-1.703,-89.228,-100.897,40.784,-149.878,2.603,-69.692,-12.578,4.775,7.554,-2.376,-4.688,-6.548,8.91,-0.32,-9.79,-4.3,0.45,-0.33,0.04,-4.693,-7.569,2.367,4.863,6.527,-9.024,,
2026-01-27 20:47:19.183,retreat_unloader_to_end,-81.304,-448.869,1590.667,1.909,-1.547,-89.366,-100.6,41.253,-150.025,2.312,-70.098,-12.025,4.322,6.838,-2.151,-4.244,-5.928,8.065,-0.33,-9.81,-4.29,0.45,-0.31,0.01,-4.641,-7.472,2.337,4.786,6.446,-8.9,,
2026-01-27 20:47:19.286,retreat_unloader_to_end,-78.64,-445.257,1590.974,1.68,-1.399,-89.505,-100.312,41.709,-150.168,2.029,-70.493,-11.488,3.961,6.267,-1.971,-3.89,-5.433,7.392,-0.24,-9.78,-4.22,0.47,-0.36,0.03,-4.262,-6.86,2.146,4.391,5.918,-8.169,,
2026-01-27 20:47:19.387,retreat_unloader_to_end,-76.27,-441.989,1591.225,1.47,-1.269,-89.633,-100.052,42.12,-150.298,1.774,-70.85,-11.003,3.621,5.729,-1.802,-3.556,-4.966,6.757,-0.34,-9.85,-4.25,0.54,-0.34,0.05,-4.114,-6.614,2.07,4.225,5.708,-7.871,,
2026-01-27 20:47:19.490,retreat_unloader_to_end,-74.766,-439.888,1591.373,1.334,-1.186,-89.717,-99.885,42.385,-150.381,1.61,-71.079,-10.691,3.134,4.957,-1.559,-3.077,-4.297,5.847,-0.23,-9.84,-4.29,0.54,-0.4,-0.05,-4.634,-7.426,2.326,4.717,6.415,-8.822,,
2026-01-27 20:47:19.593,retreat_unloader_to_end,-72.878,-437.219,1591.545,1.16,-1.084,-89.826,-99.673,42.72,-150.486,1.402,-71.369,-10.296,2.88,4.556,-1.433,-2.828,-3.95,5.373,-0.31,-9.92,-4.2,0.49,-0.39,-0.02,-3.722,-5.973,1.87,3.804,5.157,-7.102,,
2026-01-27 20:47:19.697,retreat_unloader_to_end,-71.409,-435.117,1591.668,1.022,-1.005,-89.913,-99.506,42.983,-150.569,1.238,-71.598,-9.985,2.577,4.076,-1.282,-2.53,-3.534,4.808,-0.18,-10.0,-4.11,0.46,-0.39,0.02,-3.802,-6.091,1.908,3.868,5.261,-7.235,,
2026-01-27 20:47:19.798,retreat_unloader_to_end,-70.071,-433.185,1591.773,0.893,-0.933,-89.994,-99.353,43.226,-150.646,1.088,-71.808,-9.699,2.315,3.663,-1.152,-2.273,-3.175,4.32,-0.17,-9.89,-4.12,0.48,-0.33,0.02,-3.557,-5.696,1.785,3.614,4.921,-6.764,,
2026-01-27 20:47:19.898,retreat_unloader_to_end,-68.713,-431.205,1591.871,0.761,-0.861,-90.078,-99.196,43.474,-150.724,0.934,-72.023,-9.407,2.129,3.368,-1.059,-2.09,-2.919,3.971,-0.21,-9.91,-4.14,0.62,-0.33,0.01,-3.164,-5.068,1.588,3.217,4.378,-6.019,,
2026-01-27 20:47:19.999,retreat_unloader_to_end,-67.489,-429.403,1591.952,0.64,-0.797,-90.156,-99.054,43.7,-150.795,0.794,-72.219,-9.14,1.953,3.09,-0.972,-1.918,-2.678,3.644,-0.14,-9.93,-4.18,0.54,-0.35,0.09,-2.99,-4.786,1.5,3.034,4.135,-5.682,,
2026-01-27 20:47:20.099,retreat_unloader_to_end,-66.385,-427.763,1592.02,0.529,-0.739,-90.227,-98.924,43.905,-150.859,0.666,-72.397,-8.898,1.789,2.83,-0.89,-1.757,-2.454,3.338,-0.12,-9.97,-4.21,0.52,-0.25,-0.06,-2.82,-4.511,1.414,2.857,3.899,-5.355,,
2026-01-27 20:47:20.199,retreat_unloader_to_end,-65.421,-426.322,1592.074,0.432,-0.689,-90.29,-98.81,44.085,-150.916,0.554,-72.553,-8.686,1.627,2.574,-0.809,-1.597,-2.231,3.035,-0.13,-9.89,-4.21,0.56,-0.31,0.01,-2.696,-4.31,1.351,2.726,3.725,-5.113,,
2026-01-27 20:47:20.299,retreat_unloader_to_end,-64.486,-424.914,1592.122,0.336,-0.641,-90.353,-98.699,44.261,-150.971,0.445,-72.706,-8.478,1.498,2.371,-0.746,-1.471,-2.055,2.795,-0.2,-9.97,-4.07,0.6,-0.35,0.06,-2.452,-3.92,1.229,2.48,3.389,-4.651,,
2026-01-27 20:47:20.401,retreat_unloader_to_end,-63.616,-423.595,1592.164,0.245,-0.596,-90.412,-98.595,44.426,-151.023,0.343,-72.849,-8.284,1.384,2.19,-0.689,-1.359,-1.899,2.583,-0.13,-9.96,-4.08,0.58,-0.33,-0.03,-2.278,-3.641,1.141,2.301,3.147,-4.319,,
2026-01-27 20:47:20.502,retreat_unloader_to_end,-62.86,-422.441,1592.196,0.166,-0.558,-90.464,-98.503,44.57,-151.068,0.253,-72.974,-8.114,1.266,2.003,-0.63,-1.243,-1.737,2.362,-0.14,-9.91,-4.1,0.61,-0.32,0.01,-2.181,-3.483,1.092,2.2,3.012,-4.13,,
2026-01-27 20:47:20.605,retreat_unloader_to_end,-62.156,-421.36,1592.224,0.091,-0.522,-90.513,-98.418,44.705,-151.111,0.17,-73.091,-7.954,1.163,1.84,-0.579,-1.142,-1.595,2.17,0.06,-9.89,-4.11,0.59,-0.26,0.09,-2.021,-3.227,1.012,2.037,2.79,-3.826,,
2026-01-27 20:47:20.707,retreat_unloader_to_end,-61.523,-420.384,1592.247,0.024,-0.49,-90.557,-98.341,44.827,-151.149,0.094,-73.196,-7.811,1.065,1.685,-0.53,-1.046,-1.461,1.987,-0.09,-9.9,-4.01,0.61,-0.38,0.07,-1.901,-3.035,0.952,1.914,2.624,-3.597,,
2026-01-27 20:47:20.807,retreat_unloader_to_end,-60.971,-419.529,1592.265,-0.036,-0.462,-90.596,-98.273,44.934,-151.183,0.028,-73.289,-7.685,0.967,1.53,-0.481,-0.95,-1.327,1.805,-0.05,-9.98,-4.03,0.63,-0.26,-0.07,-1.808,-2.884,0.905,1.817,2.494,-3.418,,
2026-01-27 20:47:20.907,retreat_unloader_to_end,-60.49,-418.78,1592.28,-0.088,-0.438,-90.631,-98.214,45.028,-151.212,-0.03,-73.37,-7.575,0.873,1.382,-0.435,-0.857,-1.198,1.629,-0.06,-9.96,-3.99,0.64,-0.22,0.01,-1.71,-2.727,0.856,1.717,2.359,-3.231,,
2026-01-27 20:47:21.007,retreat_unloader_to_end,-60.053,-418.099,1592.292,-0.135,-0.416,-90.662,-98.161,45.113,-151.239,-0.083,-73.444,-7.474,0.789,1.249,-0.393,-0.775,-1.083,1.473,-0.1,-9.96,-4.05,0.59,-0.26,0.03,-1.593,-2.539,0.797,1.598,2.196,-3.008,,
2026-01-27 20:47:21.110,retreat_unloader_to_end,-59.644,-417.458,1592.303,-0.18,-0.396,-90.692,-98.11,45.193,-151.264,-0.133,-73.513,-7.38,0.719,1.137,-0.358,-0.705,-0.985,1.34,-0.1,-10.01,-4.02,0.59,-0.3,0.01,-1.466,-2.336,0.733,1.47,2.021,-2.767,waypoint,
2026-01-27 20:47:21.213,home_end,-59.262,-416.858,1592.312,-0.222,-0.377,-90.72,-98.063,45.268,-151.288,-0.179,-73.578,-7.292,0.657,1.04,-0.327,-0.645,-0.901,1.226,-0.09,-9.97,-3.96,0.7,-0.28,0.1,-1.351,-2.153,0.676,1.355,1.863,-2.55,,
2026-01-27 20:47:21.313,home_end,-58.929,-416.333,1592.319,-0.259,-0.361,-90.745,-98.021,45.333,-151.308,-0.22,-73.635,-7.214,0.596,0.944,-0.297,-0.586,-0.818,1.113,-0.14,-10.0,-4.04,0.61,-0.34,0.03,-1.275,-2.032,0.638,1.277,1.758,-2.406,,
2026-01-27 20:47:21.416,home_end,-58.628,-415.858,1592.325,-0.292,-0.346,-90.767,-97.984,45.392,-151.327,-0.257,-73.686,-7.144,0.541,0.856,-0.269,-0.531,-0.742,1.009,-0.08,-9.97,-4.03,0.6,-0.24,0.01,-1.187,-1.89,0.593,1.188,1.635,-2.238,,
2026-01-27 20:47:21.518,home_end,-58.356,-415.426,1592.33,-0.323,-0.332,-90.787,-97.95,45.446,-151.344,-0.29,-73.733,-7.081,0.491,0.777,-0.244,-0.482,-0.673,0.916,-0.08,-10.0,-3.95,0.59,-0.39,-0.0,-1.103,-1.757,0.551,1.103,1.52,-2.079,,
2026-01-27 20:47:21.620,home_end,-58.109,-415.036,1592.334,-0.35,-0.32,-90.806,-97.919,45.495,-151.359,-0.321,-73.775,-7.023,0.445,0.704,-0.222,-0.437,-0.611,0.831,-0.07,-9.84,-3.97,0.59,-0.31,-0.01,-1.025,-1.631,0.512,1.024,1.412,-1.931,,
2026-01-27 20:47:21.723,home_end,-57.886,-414.681,1592.338,-0.375,-0.309,-90.823,-97.891,45.539,-151.373,-0.348,-73.814,-6.971,0.404,0.639,-0.201,-0.397,-0.554,0.753,-0.02,-10.01,-4.0,0.58,-0.26,0.03,-0.951,-1.514,0.475,0.95,1.31,-1.792,,
2026-01-27 20:47:21.823,home_end,-57.691,-414.37,1592.341,-0.397,-0.3,-90.837,-97.866,45.578,-151.385,-0.372,-73.847,-6.926,0.364,0.576,-0.181,-0.358,-0.499,0.679,-0.06,-10.0,-3.95,0.57,-0.25,-0.08,-0.89,-1.417,0.445,0.889,1.226,-1.677,,
2026-01-27 20:47:21.926,home_end,-57.508,-414.078,1592.343,-0.418,-0.291,-90.851,-97.843,45.615,-151.397,-0.395,-73.879,-6.883,0.331,0.523,-0.165,-0.325,-0.454,0.617,-0.13,-9.98,-4.07,0.64,-0.24,-0.03,-0.816,-1.298,0.408,0.814,1.124,-1.536,,
2026-01-27 20:47:22.028,home_end,-57.342,-413.813,1592.345,-0.436,-0.283,-90.864,-97.822,45.648,-151.407,-0.415,-73.907,-6.844,0.3,0.475,-0.149,-0.295,-0.412,0.56,0.01,-9.96,-4.02,0.57,-0.27,-0.05,-0.756,-1.203,0.378,0.754,1.041,-1.423,,
2026-01-27 20:47:22.132,home_end,-57.187,-413.565,1592.347,-0.454,-0.275,-90.876,-97.803,45.679,-151.417,-0.434,-73.934,-6.807,0.274,0.434,-0.136,-0.269,-0.376,0.511,-0.12,-10.05,-4.06,0.71,-0.33,-0.05,-0.694,-1.103,0.346,0.692,0.955,-1.305,,
2026-01-27 20:47:22.234,home_end,-57.051,-413.349,1592.349,-0.469,-0.269,-90.886,-97.786,45.706,-151.426,-0.451,-73.958,-6.775,0.248,0.393,-0.124,-0.244,-0.341,0.463,-0.07,-9.98,-4.01,0.59,-0.28,-0.04,-0.649,-1.032,0.324,0.647,0.893,-1.221,,
2026-01-27 20:47:22.335,home_end,-56.925,-413.146,1592.35,-0.484,-0.263,-90.896,-97.77,45.731,-151.433,-0.467,-73.98,-6.745,0.226,0.358,-0.113,-0.222,-0.31,0.422,0.02,-9.96,-3.93,0.66,-0.22,-0.07,-0.595,-0.946,0.297,0.593,0.819,-1.119,,
2026-01-27 20:47:22.438,home_end,-56.81,-412.962,1592.351,-0.497,-0.257,-90.904,-97.755,45.754,-151.441,-0.481,-73.999,-6.718,0.206,0.326,-0.102,-0.202,-0.282,0.384,0.04,-10.03,-3.98,0.65,-0.24,-0.03,-0.551,-0.876,0.275,0.549,0.758,-1.036,,
2026-01-27 20:47:22.541,home_end,-56.707,-412.796,1592.352,-0.508,-0.252,-90.912,-97.742,45.774,-151.447,-0.494,-74.017,-6.694,0.187,0.296,-0.093,-0.184,-0.257,0.349,0.01,-9.99,-3.96,0.72,-0.4,-0.03,-0.51,-0.81,0.254,0.508,0.702,-0.958,,
2026-01-27 20:47:22.642,home_end,-56.614,-412.647,1592.353,-0.519,-0.248,-90.919,-97.73,45.793,-151.453,-0.506,-74.034,-6.672,0.17,0.269,-0.085,-0.167,-0.233,0.317,0.03,-10.07,-4.02,0.68,-0.25,-0.02,-0.471,-0.749,0.235,0.469,0.649,-0.886,,
2026-01-27 20:47:22.743,home_end,-56.533,-412.516,1592.353,-0.528,-0.244,-90.926,-97.72,45.809,-151.458,-0.516,-74.048,-6.653,0.153,0.242,-0.076,-0.15,-0.21,0.286,-0.05,-9.97,-3.96,0.7,-0.33,0.0,-0.439,-0.698,0.219,0.437,0.604,-0.825,,
2026-01-27 20:47:22.844,home_end,-56.459,-412.397,1592.354,-0.537,-0.24,-90.931,-97.711,45.824,-151.463,-0.525,-74.061,-6.635,0.138,0.219,-0.069,-0.136,-0.19,0.258,0.01,-10.05,-3.93,0.67,-0.25,-0.04,-0.405,-0.643,0.202,0.403,0.557,-0.761,,
2026-01-27 20:47:22.946,home_end,-56.39,-412.286,1592.354,-0.545,-0.237,-90.937,-97.702,45.838,-151.467,-0.533,-74.073,-6.619,0.126,0.199,-0.063,-0.123,-0.172,0.234,-0.0,-9.96,-3.96,0.72,-0.3,0.02,-0.37,-0.588,0.185,0.368,0.509,-0.696,,
2026-01-27 20:47:23.049,home_end,-56.331,-412.192,1592.355,-0.551,-0.234,-90.941,-97.694,45.85,-151.471,-0.541,-74.083,-6.605,0.113,0.178,-0.056,-0.111,-0.155,0.21,-0.03,-10.04,-3.98,0.62,-0.28,-0.06,-0.347,-0.551,0.173,0.345,0.477,-0.651,,
2026-01-27 20:47:23.152,home_end,-56.276,-412.104,1592.355,-0.558,-0.231,-90.945,-97.688,45.861,-151.474,-0.548,-74.092,-6.592,0.102,0.161,-0.051,-0.1,-0.14,0.19,-0.01,-10.1,-3.84,0.62,-0.29,0.01,-0.317,-0.503,0.158,0.315,0.435,-0.594,,
2026-01-27 20:47:23.253,home_end,-56.228,-412.026,1592.355,-0.563,-0.229,-90.949,-97.681,45.871,-151.477,-0.554,-74.101,-6.581,0.092,0.145,-0.046,-0.09,-0.126,0.171,-0.05,-10.01,-3.93,0.58,-0.27,-0.02,-0.293,-0.466,0.146,0.291,0.404,-0.551,,
2026-01-27 20:47:23.355,home_end,-56.183,-411.953,1592.355,-0.568,-0.227,-90.953,-97.676,45.88,-151.48,-0.559,-74.109,-6.57,0.083,0.132,-0.041,-0.082,-0.114,0.155,-0.04,-10.04,-4.02,0.63,-0.25,-0.05,-0.268,-0.425,0.134,0.266,0.368,-0.503,,
2026-01-27 20:47:23.458,home_end,-56.142,-411.887,1592.356,-0.573,-0.225,-90.956,-97.67,45.888,-151.483,-0.564,-74.116,-6.56,0.075,0.119,-0.038,-0.074,-0.103,0.141,0.02,-10.02,-3.98,0.76,-0.17,-0.02,-0.246,-0.391,0.123,0.245,0.339,-0.462,,
2026-01-27 20:47:23.662,home_end,-56.071,-411.773,1592.356,-0.581,-0.222,-90.961,-97.661,45.902,-151.487,-0.573,-74.128,-6.544,0.062,0.098,-0.031,-0.061,-0.085,0.116,0.05,-10.05,-4.02,0.61,-0.2,0.03,-0.208,-0.331,0.104,0.207,0.287,-0.391,,
2026-01-27 20:47:23.864,home_end,-56.012,-411.678,1592.356,-0.588,-0.219,-90.966,-97.654,45.914,-151.491,-0.581,-74.138,-6.53,0.051,0.081,-0.025,-0.05,-0.07,0.095,0.0,-10.05,-3.97,0.74,-0.28,-0.02,-0.176,-0.28,0.088,0.175,0.242,-0.331,,
2026-01-27 20:47:24.171,home_end,-55.942,-411.564,1592.357,-0.596,-0.215,-90.971,-97.645,45.928,-151.496,-0.589,-74.151,-6.513,0.038,0.061,-0.019,-0.038,-0.053,0.072,0.09,-9.98,-3.9,0.69,-0.24,0.05,-0.136,-0.216,0.068,0.135,0.187,-0.255,,
2026-01-27 20:47:24.376,home_end,-55.908,-411.509,1592.357,-0.6,-0.214,-90.974,-97.641,45.935,-151.498,-0.594,-74.157,-6.505,0.031,0.049,-0.015,-0.031,-0.043,0.058,0.03,-10.0,-4.01,0.65,-0.35,0.07,-0.117,-0.186,0.058,0.116,0.161,-0.219,,
2026-01-27 20:47:24.577,home_end,-55.879,-411.462,1592.357,-0.603,-0.212,-90.976,-97.637,45.941,-151.5,-0.597,-74.162,-6.498,0.025,0.04,-0.013,-0.025,-0.035,0.048,-0.04,-10.12,-3.9,0.77,-0.3,-0.0,-0.097,-0.154,0.048,0.096,0.133,-0.182,,
2026-01-27 20:47:24.884,home_end,-55.852,-411.419,1592.357,-0.606,-0.211,-90.978,-97.634,45.946,-151.501,-0.601,-74.166,-6.492,0.018,0.028,-0.009,-0.017,-0.024,0.033,-0.05,-9.92,-3.93,0.69,-0.21,-0.0,-0.073,-0.115,0.036,0.072,0.1,-0.136,,
2026-01-27 20:47:25.088,home_end,-55.833,-411.387,1592.357,-0.609,-0.21,-90.98,-97.631,45.95,-151.502,-0.603,-74.17,-6.487,0.015,0.024,-0.008,-0.015,-0.021,0.028,0.05,-10.03,-3.88,0.5,-0.2,0.07,-0.061,-0.097,0.03,0.06,0.084,-0.114,,
2026-01-27 20:47:25.292,home_end,-55.817,-411.362,1592.357,-0.61,-0.209,-90.981,-97.629,45.953,-151.503,-0.605,-74.172,-6.483,0.013,0.02,-0.006,-0.013,-0.018,0.024,-0.01,-9.97,-4.01,0.55,-0.28,-0.03,-0.052,-0.083,0.026,0.052,0.072,-0.098,,
2026-01-27 20:47:25.596,home_end,-55.799,-411.333,1592.357,-0.612,-0.209,-90.983,-97.627,45.957,-151.505,-0.607,-74.176,-6.479,0.01,0.015,-0.005,-0.01,-0.013,0.018,-0.06,-10.06,-3.94,0.76,-0.18,0.01,-0.04,-0.064,0.02,0.04,0.055,-0.075,,
