timestamp,current_task,EE_x,EE_y,EE_z,EE_rx,EE_ry,EE_rz,joint1_angle,joint2_angle,joint3_angle,joint4_angle,joint5_angle,joint6_angle,joint1_velocity,joint2_velocity,joint3_velocity,joint4_velocity,joint5_velocity,joint6_velocity,joint1_torque,joint2_torque,joint3_torque,joint4_torque,joint5_torque,joint6_torque,joint1_acceleration,joint2_acceleration,joint3_acceleration,joint4_acceleration,joint5_acceleration,joint6_acceleration,waypoint,description
2026-01-29 02:41:25.122,home_start,-362.977,9.922,1620.074,-179.982,-0.971,-179.988,0.013,24.695,-128.17,-0.005,-75.554,0.003,0.0,0.0,0.0,0.0,0.0,0.0,-0.02,-0.49,1.99,-0.13,0.02,-0.04,0.0,0.0,0.0,0.0,0.0,0.0,waypoint,
2026-01-29 02:41:25.216,home_start,-362.977,9.922,1620.074,-179.982,-0.971,-179.988,0.013,24.695,-128.17,-0.005,-75.554,0.003,0.0,0.0,0.0,0.0,0.0,0.0,-0.02,-0.8,3.61,-0.32,-0.04,-0.03,0.0,0.0,0.0,0.0,0.0,0.0,,
2026-01-29 02:41:25.420,home_start,-362.977,9.922,1620.074,-179.982,-0.971,-179.988,0.013,24.695,-128.17,-0.005,-75.554,0.003,0.0,0.0,0.0,0.0,0.0,0.0,0.08,-1.34,5.97,-0.58,-0.0,-0.01,0.0,0.0,0.0,0.0,0.0,0.0,,
2026-01-29 02:41:25.626,home_start,-362.977,9.922,1620.074,-179.982,-0.971,-179.988,0.013,24.695,-128.17,-0.005,-75.554,0.003,0.0,0.0,0.0,0.0,0.0,0.0,0.01,-1.71,7.44,-0.66,-0.08,-0.11,0.0,0.0,0.0,0.0,0.0,0.0,,
2026-01-29 02:41:25.828,home_start,-362.977,9.922,1620.074,-179.982,-0.971,-179.988,0.013,24.695,-128.17,-0.005,-75.554,0.003,0.0,0.0,0.0,0.0,0.0,0.0,0.02,-1.96,8.38,-0.87,0.03,-0.09,0.0,0.0,0.0,0.0,0.0,0.0,,
2026-01-29 02:41:26.032,home_start,-362.977,9.922,1620.074,-179.982,-0.971,-179.988,0.013,24.695,-128.17,-0.005,-75.554,0.003,0.0,0.0,0.0,0.0,0.0,0.0,-0.03,-2.16,9.01,-0.78,-0.01,-0.01,0.0,0.0,0.0,0.0,0.0,0.0,,
2026-01-29 02:41:26.238,home_start,-362.977,9.922,1620.074,-179.982,-0.971,-179.988,0.013,24.695,-128.17,-0.005,-75.554,0.003,0.0,0.0,0.0,0.0,0.0,0.0,0.02,-2.13,9.41,-0.82,-0.02,-0.03,0.0,0.0,0.0,0.0,0.0,0.0,,
2026-01-29 02:41:26.445,home_start,-362.977,9.922,1620.074,-179.982,-0.971,-179.988,0.013,24.695,-128.17,-0.005,-75.554,0.003,0.0,0.0,0.0,0.0,0.0,0.0,0.01,-2.26,9.59,-0.87,-0.04,0.1,0.0,0.0,0.0,0.0,0.0,0.0,,
2026-01-29 02:41:26.652,home_start,-362.977,9.922,1620.074,-179.982,-0.971,-179.988,0.013,24.695,-128.17,-0.005,-75.554,0.003,0.0,0.0,0.0,0.0,0.0,0.0,-0.02,-2.22,9.69,-0.85,-0.08,0.01,0.0,0.0,0.0,0.0,0.0,0.0,,
2026-01-29 02:41:26.856,home_start,-362.977,9.922,1620.074,-179.982,-0.971,-179.988,0.013,24.695,-128.17,-0.005,-75.554,0.003,0.0,0.0,0.0,0.0,0.0,0.0,-0.04,-2.38,9.97,-0.9,0.02,-0.05,0.0,0.0,0.0,0.0,0.0,0.0,,
2026-01-29 02:41:27.159,home_start,-362.977,9.922,1620.074,-179.982,-0.971,-179.988,0.013,24.695,-128.17,-0.005,-75.554,0.003,0.0,0.0,0.0,0.0,0.0,0.0,-0.02,-2.24,9.94,-0.93,0.03,0.02,0.0,0.0,0.0,0.0,0.0,0.0,,
2026-01-29 02:41:27.262,home_to_approach_feeder,-363.972,9.583,1617.837,179.896,-0.739,-179.881,0.107,24.526,-128.263,-0.132,-75.524,0.021,0.235,-0.421,-0.234,-0.316,0.076,0.045,22.03,-75.54,-7.97,-0.34,0.43,0.06,0.94,-1.684,-0.938,-1.263,0.303,0.181,,
2026-01-29 02:41:27.364,home_to_approach_feeder,-383.517,3.981,1575.908,177.035,1.673,-178.797,1.835,21.451,-130.053,-3.104,-73.128,1.534,4.494,-8.003,-4.65,-7.667,6.047,3.816,17.55,-59.89,-4.73,-1.2,5.27,1.23,17.177,-30.579,-17.802,-29.594,23.932,15.109,,
2026-01-29 02:41:27.466,home_to_approach_feeder,-406.092,-3.602,1530.291,174.012,0.981,-179.065,3.69,18.163,-132.0,-6.448,-67.56,5.239,8.008,-14.223,-8.356,-14.11,18.454,12.126,14.05,-47.18,-2.22,-1.84,10.87,2.65,16.738,-29.658,-17.6,-30.354,53.25,35.526,,
2026-01-29 02:41:27.568,home_to_approach_feeder,-423.294,-11.144,1494.436,172.076,-1.207,-179.708,5.144,15.589,-133.537,-9.108,-61.827,9.227,9.643,-17.104,-10.109,-17.233,28.173,19.064,11.29,-36.87,-0.12,-2.17,15.79,4.05,11.063,-19.553,-11.736,-20.481,49.582,34.798,,
2026-01-29 02:41:27.668,home_to_approach_feeder,-438.444,-19.912,1460.072,170.821,-4.164,179.606,6.549,13.104,-135.028,-11.703,-55.624,13.693,10.743,-19.039,-11.308,-19.413,36.639,25.464,9.07,-28.59,1.53,-2.4,19.35,5.09,9.452,-16.697,-10.096,-17.785,49.33,36.1,,
2026-01-29 02:41:27.769,home_to_approach_feeder,-449.236,-28.186,1432.353,170.342,-6.899,179.088,7.695,11.075,-136.249,-13.839,-50.29,17.637,10.924,-19.353,-11.533,-19.899,40.814,28.956,7.23,-21.95,2.81,-2.48,21.72,5.8,5.929,-10.476,-6.39,-11.409,35.701,27.264,,
2026-01-29 02:41:27.869,home_to_approach_feeder,-457.676,-36.736,1406.976,170.364,-9.504,178.663,8.76,9.19,-137.384,-15.831,-45.245,21.439,10.854,-19.227,-11.488,-19.905,43.222,31.222,5.87,-16.53,3.73,-2.51,22.95,6.27,4.515,-7.987,-4.898,-8.835,29.235,23.121,,
2026-01-29 02:41:27.972,home_to_approach_feeder,-463.713,-44.968,1384.785,170.758,-11.751,178.336,9.705,7.515,-138.393,-17.604,-40.764,24.863,10.502,-18.606,-11.138,-19.36,43.62,31.978,4.59,-12.0,4.42,-2.55,23.16,6.45,2.865,-5.077,-3.14,-5.753,20.68,17.035,,
2026-01-29 02:41:28.074,home_to_approach_feeder,-467.822,-52.722,1365.372,171.385,-13.62,178.086,10.543,6.029,-139.288,-19.178,-36.824,27.9,9.973,-17.671,-10.591,-18.455,42.564,31.576,3.69,-8.57,5.02,-2.41,22.95,6.4,1.517,-2.695,-1.693,-3.191,13.195,11.458,,
2026-01-29 02:41:28.175,home_to_approach_feeder,-470.343,-59.613,1349.041,172.106,-15.081,177.906,11.258,4.761,-140.051,-20.518,-33.516,30.462,9.267,-16.423,-9.851,-17.192,40.192,30.086,2.94,-5.57,5.28,-2.45,22.03,6.21,0.131,-0.241,-0.202,-0.539,5.557,5.558,,
2026-01-29 02:41:28.279,home_to_approach_feeder,-471.659,-65.144,1336.427,172.775,-16.118,177.789,11.817,3.769,-140.647,-21.563,-30.976,32.432,8.348,-14.796,-8.878,-15.508,36.495,27.489,2.41,-3.27,5.69,-2.28,21.01,5.92,-1.444,2.552,1.49,2.467,-2.674,-0.92,,
2026-01-29 02:41:28.380,home_to_approach_feeder,-472.383,-70.723,1324.057,173.517,-17.044,177.7,12.371,2.787,-141.237,-22.597,-28.505,34.345,7.646,-13.554,-8.134,-14.214,33.548,25.4,1.92,-1.29,5.9,-2.23,19.74,5.64,-1.347,2.382,1.399,2.34,-3.1,-1.388,,
2026-01-29 02:41:28.481,home_to_approach_feeder,-472.528,-76.003,1312.613,174.269,-17.809,177.645,12.889,1.868,-141.788,-23.56,-26.244,36.09,7.031,-12.463,-7.479,-13.068,30.815,23.413,1.56,0.3,6.05,-2.16,18.37,5.25,-1.57,2.78,1.648,2.81,-4.885,-2.931,,
2026-01-29 02:41:28.583,home_to_approach_feeder,-472.258,-80.353,1303.336,174.918,-18.358,177.626,13.314,1.115,-142.239,-24.345,-24.433,37.481,6.334,-11.229,-6.736,-11.765,27.639,21.037,1.24,1.62,6.17,-1.97,17.0,4.86,-2.351,4.168,2.489,4.305,-8.899,-6.184,,
2026-01-29 02:41:28.687,home_to_approach_feeder,-471.585,-84.981,1293.57,175.629,-18.861,177.636,13.765,0.315,-142.717,-25.176,-22.553,38.915,5.879,-10.42,-6.247,-10.901,25.429,19.361,0.97,2.67,6.12,-1.81,15.64,4.41,-1.849,3.281,1.965,3.42,-7.323,-5.137,,
2026-01-29 02:41:28.789,home_to_approach_feeder,-470.737,-88.754,1285.665,176.219,-19.207,177.672,14.134,-0.338,-143.107,-25.852,-21.055,40.047,5.331,-9.448,-5.661,-9.864,22.816,17.352,0.7,3.57,6.27,-1.79,14.12,4.09,-2.489,4.418,2.65,4.632,-10.412,-7.634,,
2026-01-29 02:41:28.890,home_to_approach_feeder,-469.886,-91.69,1279.531,176.682,-19.437,177.721,14.422,-0.848,-143.412,-26.377,-19.911,40.905,4.719,-8.362,-5.007,-8.712,19.973,15.16,0.56,4.35,6.21,-1.57,12.74,3.73,-3.044,5.403,3.241,5.666,-12.901,-9.615,,
2026-01-29 02:41:28.996,home_to_approach_feeder,-469.251,-93.57,1275.606,176.979,-19.566,177.763,14.608,-1.176,-143.607,-26.714,-19.187,41.444,4.003,-7.092,-4.244,-7.377,16.788,12.715,0.59,4.9,6.19,-1.54,11.69,3.3,-3.767,6.683,4.005,6.986,-15.824,-11.851,,
2026-01-29 02:41:29.096,home_to_approach_feeder,-468.691,-95.074,1272.464,177.216,-19.657,177.803,14.757,-1.44,-143.764,-26.984,-18.614,41.868,3.376,-5.979,-3.576,-6.208,14.025,10.597,0.39,5.43,6.13,-1.43,10.67,3.01,-3.754,6.659,3.99,6.956,-15.74,-11.807,,
2026-01-29 02:41:29.201,home_to_approach_feeder,-468.074,-96.599,1269.275,177.455,-19.74,177.851,14.909,-1.709,-143.924,-27.259,-18.038,42.292,2.912,-5.156,-3.082,-5.342,11.959,9.008,0.27,5.82,6.05,-1.34,9.62,2.77,-3.351,5.945,3.563,6.218,-14.137,-10.629,,
2026-01-29 02:41:29.304,home_to_approach_feeder,-467.358,-98.231,1265.853,177.71,-19.817,177.91,15.073,-1.998,-144.096,-27.553,-17.426,42.739,2.593,-4.59,-2.741,-4.743,10.498,7.873,0.22,6.25,6.14,-1.26,8.96,2.48,-2.899,5.145,3.086,5.395,-12.372,-9.338,,
2026-01-29 02:41:29.404,home_to_approach_feeder,-466.362,-100.305,1261.49,178.031,-19.897,177.999,15.283,-2.369,-144.316,-27.929,-16.657,43.295,2.469,-4.369,-2.606,-4.497,9.795,7.296,0.22,6.38,6.1,-1.18,8.0,2.32,-2.148,3.818,2.296,4.041,-9.563,-7.305,,
2026-01-29 02:41:29.509,home_to_approach_feeder,-465.205,-102.484,1256.877,178.362,-19.958,178.111,15.506,-2.762,-144.55,-28.327,-15.86,43.866,2.41,-4.261,-2.538,-4.367,9.34,6.899,0.22,6.75,6.05,-1.14,7.25,2.07,-1.801,3.205,1.932,3.42,-8.32,-6.434,,
2026-01-29 02:41:29.613,home_to_approach_feeder,-464.14,-104.315,1252.972,178.634,-19.991,178.222,15.695,-3.097,-144.748,-28.664,-15.199,44.333,2.282,-4.032,-2.4,-4.117,8.657,6.341,0.1,6.85,6.11,-1.13,6.54,1.8,-1.954,3.474,2.091,3.69,-8.853,-6.829,,
2026-01-29 02:41:29.715,home_to_approach_feeder,-463.172,-105.858,1249.655,178.857,-20.003,178.33,15.857,-3.382,-144.917,-28.949,-14.649,44.716,2.116,-3.738,-2.222,-3.802,7.868,5.715,0.05,7.09,5.93,-0.95,5.8,1.48,-2.036,3.619,2.176,3.828,-9.076,-6.978,,
2026-01-29 02:41:29.816,home_to_approach_feeder,-462.3,-107.162,1246.825,179.041,-20.003,178.433,15.996,-3.626,-145.062,-29.193,-14.19,45.033,1.934,-3.414,-2.027,-3.46,7.05,5.078,0.11,7.2,5.92,-0.92,5.24,1.4,-2.065,3.67,2.204,3.869,-9.072,-6.95,,
2026-01-29 02:41:29.919,home_to_approach_feeder,-461.447,-108.367,1244.187,179.205,-19.993,178.538,16.126,-3.855,-145.197,-29.42,-13.77,45.319,1.775,-3.131,-1.858,-3.162,6.338,4.523,0.0,7.34,5.77,-0.89,4.58,1.19,-1.948,3.461,2.078,3.649,-8.562,-6.565,,
2026-01-29 02:41:30.023,home_to_approach_feeder,-460.654,-109.428,1241.838,179.345,-19.975,178.641,16.242,-4.059,-145.317,-29.621,-13.404,45.564,1.621,-2.858,-1.694,-2.875,5.668,4.006,0.02,7.48,5.81,-0.87,4.18,1.14,-1.892,3.361,2.017,3.536,-8.246,-6.309,,
2026-01-29 02:41:30.127,home_to_approach_feeder,-459.89,-110.402,1239.661,179.469,-19.951,178.744,16.35,-4.248,-145.428,-29.807,-13.072,45.784,1.485,-2.616,-1.549,-2.622,5.08,3.554,0.05,7.54,5.79,-0.77,3.65,1.02,-1.785,3.17,1.902,3.334,-7.764,-5.938,,
2026-01-29 02:41:30.229,home_to_approach_feeder,-459.218,-111.222,1237.808,179.569,-19.924,178.838,16.441,-4.409,-145.523,-29.966,-12.796,45.964,1.343,-2.366,-1.4,-2.363,4.501,3.116,0.01,7.69,5.75,-0.88,3.24,0.83,-1.764,3.131,1.877,3.281,-7.543,-5.737,,
2026-01-29 02:41:30.332,home_to_approach_feeder,-458.576,-111.973,1236.089,179.656,-19.894,178.932,16.527,-4.559,-145.612,-30.112,-12.545,46.126,1.221,-2.149,-1.27,-2.138,4.001,2.74,0.09,7.77,5.8,-0.65,2.91,0.84,-1.652,2.933,1.758,3.071,-7.047,-5.354,,
2026-01-29 02:41:30.434,home_to_approach_feeder,-458.037,-112.581,1234.685,179.724,-19.866,179.013,16.597,-4.682,-145.684,-30.232,-12.345,46.253,1.091,-1.918,-1.133,-1.902,3.501,2.373,0.03,7.8,5.66,-0.63,2.66,0.71,-1.642,2.913,1.743,3.035,-6.846,-5.161,,
2026-01-29 02:41:30.535,home_to_approach_feeder,-457.5,-113.165,1233.32,179.785,-19.834,179.096,16.665,-4.801,-145.754,-30.347,-12.155,46.372,0.988,-1.737,-1.025,-1.716,3.101,2.078,-0.04,7.91,5.65,-0.67,2.26,0.64,-1.496,2.654,1.589,2.768,-6.26,-4.724,,
2026-01-29 02:41:30.637,home_to_approach_feeder,-457.053,-113.637,1232.204,179.832,-19.806,179.167,16.721,-4.899,-145.811,-30.442,-12.004,46.466,0.881,-1.547,-0.912,-1.523,2.705,1.793,-0.01,7.84,5.65,-0.61,1.98,0.48,-1.47,2.606,1.558,2.705,-6.017,-4.505,,
2026-01-29 02:41:30.741,home_to_approach_feeder,-456.591,-114.109,1231.076,179.877,-19.774,179.243,16.777,-4.997,-145.869,-30.537,-11.854,46.557,0.802,-1.407,-0.829,-1.38,2.404,1.573,-0.04,7.98,5.63,-0.62,1.79,0.39,-1.316,2.334,1.396,2.427,-5.434,-4.079,,
2026-01-29 02:41:30.842,home_to_approach_feeder,-456.207,-114.489,1230.155,179.91,-19.745,179.308,16.823,-5.078,-145.916,-30.614,-11.734,46.629,0.716,-1.257,-0.739,-1.228,2.101,1.359,0.04,8.07,5.53,-0.59,1.57,0.36,-1.288,2.282,1.363,2.361,-5.195,-3.867,,
2026-01-29 02:41:30.945,home_to_approach_feeder,-455.859,-114.825,1229.333,179.938,-19.718,179.367,16.864,-5.15,-145.958,-30.683,-11.63,46.69,0.64,-1.123,-0.66,-1.093,1.836,1.173,-0.02,8.03,5.52,-0.55,1.39,0.25,-1.209,2.14,1.278,2.211,-4.829,-3.582,waypoint,
2026-01-29 02:41:31.046,approach_feeder_to_pick,-455.959,-115.121,1227.986,179.729,-19.683,179.868,16.906,-5.306,-145.983,-31.195,-11.538,46.779,0.585,-1.231,-0.556,-2.101,1.608,1.101,9.24,-20.94,11.9,-4.47,1.17,0.42,-1.082,1.089,1.325,-2.445,-4.465,-2.956,,
2026-01-29 02:41:31.148,approach_feeder_to_pick,-463.128,-112.748,1214.564,175.192,-19.41,-172.082,16.831,-7.16,-145.911,-42.746,-11.43,50.651,0.252,-5.559,-0.239,-30.453,1.476,10.505,7.33,-14.79,10.25,-6.11,1.11,3.16,-2.139,-16.003,2.153,-112.588,-3.862,35.173,,
2026-01-29 02:41:31.254,approach_feeder_to_pick,-469.466,-111.039,1202.244,172.877,-19.35,-168.994,16.736,-8.84,-145.882,-53.671,-11.208,58.61,-0.051,-8.369,-0.106,-50.151,1.661,27.777,5.69,-9.79,9.01,-7.22,1.22,6.43,-2.135,-12.664,1.516,-95.062,-2.337,72.534,,
2026-01-29 02:41:31.356,approach_feeder_to_pick,-474.697,-110.234,1191.61,172.069,-19.658,-168.785,16.648,-10.274,-145.864,-63.098,-10.944,67.856,-0.257,-9.862,-0.035,-61.181,1.907,43.949,4.42,-5.7,8.03,-7.84,1.31,9.56,-1.841,-8.938,1.249,-70.584,-1.678,78.149,,
2026-01-29 02:41:31.456,approach_feeder_to_pick,-479.116,-110.033,1181.976,172.101,-20.156,-169.938,16.566,-11.554,-145.851,-71.567,-10.667,77.46,-0.398,-10.598,0.007,-67.058,2.123,56.97,3.5,-2.28,7.35,-8.15,1.37,12.02,-1.6,-6.506,1.08,-53.944,-1.381,73.902,,
2026-01-29 02:41:31.560,approach_feeder_to_pick,-482.928,-110.256,1172.874,172.659,-20.696,-171.784,16.487,-12.744,-145.839,-79.463,-10.387,87.145,-0.495,-10.922,0.035,-70.035,2.291,66.942,2.66,0.59,6.58,-7.97,1.51,13.7,-1.404,-4.949,0.958,-42.824,-1.221,67.337,,
2026-01-29 02:41:31.663,approach_feeder_to_pick,-486.025,-110.755,1164.655,173.495,-21.145,-173.816,16.417,-13.801,-145.828,-86.487,-10.13,96.114,-0.547,-10.833,0.054,-70.086,2.361,72.628,1.92,2.73,6.07,-7.88,1.41,14.72,-1.184,-3.122,0.854,-29.816,-1.322,53.433,,
2026-01-29 02:41:31.765,approach_feeder_to_pick,-488.514,-111.405,1157.242,174.432,-21.461,-175.77,16.354,-14.739,-145.817,-92.726,-9.9,104.205,-0.567,-10.47,0.067,-68.162,2.346,74.699,1.51,4.74,5.66,-7.57,1.46,15.03,-0.987,-1.626,0.763,-18.987,-1.458,39.315,,
2026-01-29 02:41:31.870,approach_feeder_to_pick,-490.501,-112.123,1150.568,175.363,-21.644,-177.517,16.299,-15.572,-145.807,-98.263,-9.697,111.384,-0.563,-9.935,0.075,-64.964,2.267,73.972,1.01,6.36,5.32,-7.24,1.29,15.07,-0.815,-0.412,0.681,-10.068,-1.584,26.263,,
2026-01-29 02:41:31.970,approach_feeder_to_pick,-492.018,-112.826,1144.807,176.192,-21.713,-178.948,16.252,-16.282,-145.798,-102.982,-9.526,117.439,-0.539,-9.227,0.079,-60.518,2.127,70.615,0.79,7.53,5.1,-6.65,1.33,14.54,-0.647,0.855,0.603,-0.871,-1.75,12.389,,
2026-01-29 02:41:32.071,approach_feeder_to_pick,-493.275,-113.542,1139.401,176.962,-21.7,179.822,16.21,-16.942,-145.79,-107.358,-9.371,122.959,-0.511,-8.57,0.081,-56.329,1.984,66.761,0.49,8.55,4.81,-6.2,1.24,13.99,-0.543,1.275,0.54,2.635,-1.727,5.806,,
2026-01-29 02:41:32.173,approach_feeder_to_pick,-494.227,-114.193,1134.749,177.6,-21.629,178.882,16.174,-17.505,-145.782,-111.084,-9.241,127.558,-0.473,-7.834,0.08,-51.563,1.812,61.568,0.34,9.49,4.67,-5.67,1.06,13.14,-0.42,2.119,0.475,8.867,-1.813,-3.988,,
2026-01-29 02:41:32.276,approach_feeder_to_pick,-494.952,-114.776,1130.74,178.121,-21.526,178.178,16.144,-17.986,-145.775,-114.267,-9.133,131.392,-0.43,-7.079,0.076,-46.63,1.63,55.761,0.22,10.24,4.39,-5.24,1.06,12.16,-0.321,2.72,0.417,13.417,-1.844,-11.235,,
2026-01-29 02:41:32.380,approach_feeder_to_pick,-495.531,-115.314,1127.123,178.56,-21.401,177.642,16.117,-18.418,-145.77,-117.117,-9.038,134.736,-0.389,-6.389,0.072,-42.096,1.46,50.183,0.15,10.92,4.23,-4.96,0.81,11.19,-0.254,2.946,0.369,15.412,-1.794,-15.003,,
2026-01-29 02:41:32.482,approach_feeder_to_pick,-495.991,-115.807,1123.862,178.926,-21.264,177.248,16.094,-18.805,-145.764,-119.667,-8.955,137.65,-0.35,-5.759,0.067,-37.948,1.302,44.921,0.04,11.35,4.16,-4.42,0.81,10.33,-0.197,3.098,0.326,16.86,-1.734,-17.818,,
2026-01-29 02:41:32.584,approach_feeder_to_pick,-496.357,-116.256,1120.925,179.228,-21.122,176.974,16.073,-19.152,-145.76,-121.95,-8.883,140.185,-0.315,-5.187,0.062,-34.168,1.158,40.027,0.02,11.76,4.03,-4.09,0.81,9.37,-0.15,3.188,0.287,17.849,-1.665,-19.823,,
2026-01-29 02:41:32.687,approach_feeder_to_pick,-496.634,-116.645,1118.396,179.465,-20.988,176.805,16.056,-19.45,-145.756,-123.905,-8.822,142.294,-0.28,-4.634,0.057,-30.514,1.02,35.295,-0.0,12.12,4.01,-3.69,0.63,8.52,-0.102,3.362,0.251,19.34,-1.618,-22.091,,
2026-01-29 02:41:32.790,approach_feeder_to_pick,-496.874,-117.03,1115.903,179.676,-20.845,176.705,16.039,-19.742,-145.752,-125.822,-8.764,144.302,-0.252,-4.207,0.052,-27.678,0.91,31.49,-0.1,12.39,3.81,-3.29,0.56,7.62,-0.086,3.079,0.224,17.788,-1.483,-20.903,,
2026-01-29 02:41:32.891,approach_feeder_to_pick,-497.054,-117.361,1113.764,179.836,-20.715,176.675,16.024,-19.992,-145.749,-127.459,-8.716,145.964,-0.225,-3.78,0.047,-24.852,0.803,27.772,-0.09,12.51,3.82,-2.92,0.55,6.78,-0.051,3.194,0.195,18.808,-1.433,-22.27,,
2026-01-29 02:41:32.991,approach_feeder_to_pick,-497.195,-117.659,1111.841,179.963,-20.593,176.697,16.012,-20.216,-145.746,-128.925,-8.674,147.406,-0.2,-3.396,0.042,-22.302,0.707,24.435,-0.05,12.82,3.69,-2.65,0.46,6.14,-0.029,3.133,0.172,18.645,-1.352,-22.237,,
2026-01-29 02:41:33.094,approach_feeder_to_pick,-497.301,-117.914,1110.187,-179.941,-20.484,176.755,16.001,-20.409,-145.744,-130.18,-8.639,148.605,-0.177,-3.028,0.037,-19.865,0.617,21.322,-0.09,13.12,3.55,-2.45,0.43,5.49,-0.007,3.138,0.15,18.882,-1.286,-22.453,,
2026-01-29 02:41:33.195,approach_feeder_to_pick,-497.391,-118.164,1108.56,-179.86,-20.374,176.851,15.991,-20.598,-145.742,-131.411,-8.606,149.743,-0.158,-2.743,0.033,-17.976,0.546,18.839,-0.16,13.12,3.56,-2.16,0.32,4.81,-0.003,2.859,0.133,17.238,-1.175,-20.803,,
2026-01-29 02:41:33.296,approach_feeder_to_pick,-497.461,-118.387,1107.106,-179.799,-20.273,176.971,15.982,-20.766,-145.74,-132.507,-8.577,150.725,-0.141,-2.479,0.029,-16.223,0.481,16.583,-0.18,13.32,3.46,-1.86,0.31,4.28,0.01,2.777,0.117,16.86,-1.103,-20.297,,
2026-01-29 02:41:33.399,approach_feeder_to_pick,-497.513,-118.586,1105.807,-179.756,-20.181,177.109,15.974,-20.917,-145.738,-133.484,-8.553,151.571,-0.126,-2.235,0.026,-14.608,0.423,14.552,-0.12,13.36,3.32,-1.73,0.22,3.73,0.02,2.681,0.102,16.372,-1.032,-19.625,,
2026-01-29 02:41:33.503,approach_feeder_to_pick,-497.554,-118.77,1104.599,-179.724,-20.094,177.264,15.966,-21.056,-145.737,-134.389,-8.53,152.329,-0.113,-2.026,0.023,-13.22,0.372,12.809,-0.14,13.44,3.31,-1.45,0.22,3.32,0.024,2.52,0.09,15.445,-0.955,-18.54,,
2026-01-29 02:41:33.604,approach_feeder_to_pick,-497.583,-118.927,1103.567,-179.705,-20.019,177.419,15.96,-21.175,-145.736,-135.16,-8.512,152.952,-0.1,-1.817,0.02,-11.842,0.325,11.166,-0.1,13.51,3.26,-1.41,0.23,2.9,0.033,2.473,0.079,15.245,-0.898,-18.029,,
2026-01-29 02:41:33.794,approach_feeder_to_pick,-497.594,-118.995,1103.114,-179.699,-19.986,177.494,15.958,-21.228,-145.735,-135.499,-8.504,153.219,-0.082,-1.494,0.016,-9.728,0.263,9.042,-0.08,13.49,3.24,-1.23,0.27,2.63,0.065,2.894,0.065,18.047,-0.913,-19.793,,
2026-01-29 02:41:33.893,approach_feeder_to_pick,-497.613,-119.127,1102.241,-179.692,-19.922,177.652,15.953,-21.329,-145.735,-136.148,-8.49,153.72,-0.074,-1.372,0.014,-8.92,0.234,8.032,-0.1,13.75,3.19,-1.03,0.17,2.28,0.034,2.121,0.062,13.127,-0.754,-15.481,,
2026-01-29 02:41:33.996,approach_feeder_to_pick,-497.626,-119.244,1101.462,-179.691,-19.864,177.808,15.948,-21.418,-145.734,-136.727,-8.477,154.151,-0.067,-1.254,0.012,-8.138,0.206,7.101,0.02,13.71,3.17,-0.98,0.16,2.03,0.037,2.018,0.054,12.524,-0.699,-14.627,,
2026-01-29 02:41:34.098,approach_feeder_to_pick,-497.635,-119.339,1100.824,-179.694,-19.817,177.948,15.944,-21.492,-145.733,-137.201,-8.468,154.492,-0.059,-1.124,0.01,-7.286,0.179,6.178,-0.03,13.62,3.04,-0.87,0.1,1.76,0.042,1.979,0.047,12.328,-0.655,-14.063,,
2026-01-29 02:41:34.198,approach_feeder_to_pick,-497.641,-119.425,1100.248,-179.699,-19.774,178.083,15.941,-21.558,-145.733,-137.627,-8.459,154.789,-0.053,-1.009,0.009,-6.53,0.156,5.378,-0.1,13.74,3.12,-0.69,0.17,1.51,0.041,1.854,0.042,11.569,-0.603,-13.092,,
2026-01-29 02:41:34.302,approach_feeder_to_pick,-497.644,-119.502,1099.729,-179.707,-19.735,178.214,15.938,-21.618,-145.733,-138.01,-8.452,155.049,-0.047,-0.906,0.007,-5.855,0.136,4.682,-0.2,13.87,3.0,-0.69,0.12,1.4,0.041,1.734,0.037,10.838,-0.554,-12.162,,
2026-01-29 02:41:34.408,approach_feeder_to_pick,-497.647,-119.574,1099.24,-179.717,-19.699,178.345,15.936,-21.674,-145.732,-138.37,-8.445,155.285,-0.042,-0.82,0.006,-5.293,0.118,4.103,-0.06,13.78,3.1,-0.53,-0.03,1.19,0.039,1.595,0.032,9.982,-0.505,-11.177,,
2026-01-29 02:41:34.511,approach_feeder_to_pick,-497.648,-119.636,1098.821,-179.728,-19.667,178.464,15.933,-21.722,-145.732,-138.679,-8.439,155.481,-0.037,-0.735,0.005,-4.742,0.103,3.568,-0.02,13.84,3.03,-0.62,0.08,1.1,0.039,1.516,0.029,9.5,-0.467,-10.461,,
2026-01-29 02:41:34.612,approach_feeder_to_pick,-497.648,-119.689,1098.46,-179.739,-19.64,178.571,15.931,-21.764,-145.732,-138.945,-8.435,155.645,-0.033,-0.655,0.004,-4.22,0.089,3.085,-0.08,13.84,2.91,-0.42,0.05,0.95,0.038,1.431,0.025,8.985,-0.429,-9.742,,
2026-01-29 02:41:34.714,approach_feeder_to_pick,-497.648,-119.734,1098.148,-179.75,-19.617,178.668,15.93,-21.8,-145.732,-139.173,-8.431,155.782,-0.029,-0.581,0.004,-3.737,0.076,2.656,-0.04,13.86,3.0,-0.33,0.1,0.74,0.037,1.345,0.022,8.454,-0.394,-9.035,,
2026-01-29 02:41:34.821,approach_feeder_to_pick,-497.647,-119.778,1097.851,-179.762,-19.595,178.765,15.928,-21.834,-145.732,-139.392,-8.427,155.909,-0.025,-0.521,0.003,-3.348,0.066,2.309,-0.1,13.9,2.91,-0.31,0.03,0.76,0.035,1.227,0.02,7.712,-0.358,-8.231,,
2026-01-29 02:41:34.922,approach_feeder_to_pick,-497.645,-119.822,1097.543,-179.776,-19.572,178.869,15.926,-21.869,-145.732,-139.617,-8.424,156.035,-0.023,-0.479,0.002,-3.075,0.058,2.049,0.0,13.87,2.95,-0.36,0.05,0.61,0.031,1.092,0.018,6.87,-0.322,-7.408,,
2026-01-29 02:41:35.025,approach_feeder_to_pick,-497.644,-119.864,1097.257,-179.79,-19.55,178.97,15.925,-21.902,-145.732,-139.826,-8.421,156.149,-0.021,-0.442,0.002,-2.829,0.051,1.821,-0.06,13.91,2.91,-0.13,-0.04,0.53,0.029,1.008,0.016,6.346,-0.294,-6.8,,
2026-01-29 02:41:35.128,approach_feeder_to_pick,-497.642,-119.9,1097.003,-179.804,-19.531,179.063,15.924,-21.931,-145.732,-140.012,-8.418,156.246,-0.019,-0.404,0.002,-2.585,0.045,1.608,0.04,13.91,2.9,-0.24,0.02,0.49,0.028,0.944,0.014,5.948,-0.269,-6.284,,
2026-01-29 02:41:35.231,approach_feeder_to_pick,-497.64,-119.929,1096.804,-179.815,-19.516,179.138,15.923,-21.954,-145.731,-140.157,-8.416,156.32,-0.017,-0.36,0.001,-2.301,0.039,1.39,-0.02,13.89,2.82,-0.13,0.11,0.44,0.028,0.913,0.012,5.758,-0.249,-5.893,,
2026-01-29 02:41:35.334,approach_feeder_to_pick,-497.638,-119.954,1096.633,-179.826,-19.504,179.205,15.922,-21.974,-145.731,-140.281,-8.415,156.381,-0.015,-0.319,0.001,-2.037,0.033,1.195,0.05,13.94,2.88,-0.13,-0.06,0.35,0.027,0.854,0.011,5.386,-0.228,-5.427,,
2026-01-29 02:41:35.437,approach_feeder_to_pick,-497.636,-119.978,1096.463,-179.837,-19.491,179.273,15.921,-21.993,-145.731,-140.404,-8.413,156.44,-0.013,-0.288,0.001,-1.836,0.029,1.043,-0.01,13.9,2.82,-0.08,0.01,0.31,0.024,0.77,0.01,4.86,-0.206,-4.909,,
2026-01-29 02:41:35.539,approach_feeder_to_pick,-497.635,-120.0,1096.305,-179.848,-19.479,179.339,15.92,-22.011,-145.731,-140.52,-8.412,156.492,-0.012,-0.262,0.001,-1.665,0.025,0.915,0.01,13.98,2.92,-0.12,-0.11,0.25,0.022,0.706,0.009,4.455,-0.187,-4.475,waypoint,
2026-01-29 02:41:35.640,pick_on_feeder,-497.633,-120.021,1096.163,-179.858,-19.469,179.4,15.919,-22.028,-145.731,-140.622,-8.41,156.538,-0.011,-0.237,0.0,-1.506,0.022,0.8,0.04,13.92,2.82,-0.09,-0.01,0.21,0.021,0.655,0.008,4.135,-0.17,-4.101,,
2026-01-29 02:41:35.743,pick_on_feeder,-497.631,-120.036,1096.053,-179.867,-19.46,179.448,15.919,-22.04,-145.732,-140.703,-8.41,156.573,-0.009,-0.209,0.0,-1.33,0.018,0.686,-0.07,13.95,2.88,0.0,-0.02,0.22,0.021,0.625,0.007,3.946,-0.156,-3.803,,
2026-01-29 02:41:35.846,pick_on_feeder,-497.63,-120.051,1095.948,-179.876,-19.453,179.495,15.918,-22.052,-145.732,-140.778,-8.409,156.604,-0.008,-0.187,0.0,-1.187,0.016,0.594,-0.01,13.99,2.78,-0.01,-0.03,0.18,0.019,0.569,0.006,3.594,-0.141,-3.45,,
2026-01-29 02:41:35.948,pick_on_feeder,-497.628,-120.064,1095.858,-179.883,-19.446,179.536,15.918,-22.063,-145.732,-140.844,-8.408,156.63,-0.007,-0.166,0.0,-1.054,0.013,0.511,0.07,13.82,2.81,0.03,-0.03,0.16,0.018,0.529,0.006,3.341,-0.129,-3.158,,
2026-01-29 02:41:36.049,pick_on_feeder,-497.627,-120.077,1095.764,-179.891,-19.439,179.579,15.917,-22.073,-145.732,-140.911,-8.407,156.657,-0.007,-0.151,-0.0,-0.959,0.012,0.449,-0.01,13.98,2.86,0.04,0.11,0.09,0.016,0.472,0.005,2.985,-0.116,-2.843,,
2026-01-29 02:41:36.152,pick_on_feeder,-497.626,-120.089,1095.681,-179.899,-19.433,179.619,15.917,-22.083,-145.732,-140.971,-8.407,156.679,-0.006,-0.137,-0.0,-0.87,0.01,0.393,0.02,13.99,2.85,0.08,0.1,0.14,0.015,0.437,0.004,2.76,-0.105,-2.595,,
2026-01-29 02:41:36.252,pick_on_feeder,-497.624,-120.099,1095.607,-179.906,-19.427,179.655,15.917,-22.091,-145.732,-141.025,-8.406,156.699,-0.005,-0.124,-0.0,-0.786,0.009,0.344,-0.13,13.92,2.83,0.06,-0.0,0.27,0.014,0.403,0.004,2.549,-0.096,-2.367,,
2026-01-29 02:41:36.358,pick_on_feeder,-497.623,-120.109,1095.538,-179.913,-19.422,179.689,15.916,-22.099,-145.732,-141.075,-8.406,156.716,-0.005,-0.113,-0.0,-0.714,0.008,0.301,-0.04,13.94,2.78,0.06,0.03,0.1,0.013,0.369,0.004,2.333,-0.087,-2.151,,
2026-01-29 02:41:36.459,pick_on_feeder,-497.622,-120.118,1095.474,-179.919,-19.418,179.721,15.916,-22.107,-145.732,-141.121,-8.406,156.732,-0.004,-0.103,-0.0,-0.65,0.007,0.265,0.03,13.94,2.78,0.2,-0.08,0.02,0.012,0.338,0.003,2.139,-0.078,-1.956,,
2026-01-29 02:41:36.559,pick_on_feeder,-497.621,-120.125,1095.42,-179.925,-19.414,179.749,15.916,-22.113,-145.732,-141.159,-8.405,156.744,-0.004,-0.093,-0.0,-0.585,0.006,0.23,-0.02,13.94,2.76,0.13,-0.0,0.07,0.011,0.315,0.003,1.994,-0.071,-1.788,,
2026-01-29 02:41:36.664,pick_on_feeder,-497.621,-120.128,1095.403,-179.926,-19.412,179.758,15.916,-22.115,-145.732,-141.171,-8.405,156.748,-0.003,-0.074,-0.0,-0.469,0.004,0.182,-0.02,14.03,2.83,0.09,0.05,0.04,0.012,0.327,0.003,2.064,-0.066,-1.698,,
2026-01-29 02:41:36.770,pick_on_feeder,-497.62,-120.13,1095.387,-179.928,-19.411,179.766,15.916,-22.117,-145.732,-141.183,-8.405,156.752,-0.003,-0.06,-0.0,-0.38,0.003,0.146,0.05,13.99,2.76,0.08,-0.08,0.07,0.01,0.295,0.003,1.862,-0.06,-1.53,,
2026-01-29 02:41:36.874,pick_on_feeder,-497.62,-120.133,1095.362,-179.931,-19.41,179.779,15.916,-22.119,-145.732,-141.201,-8.405,156.757,-0.002,-0.052,-0.0,-0.33,0.003,0.123,-0.04,14.02,2.86,0.04,0.06,-0.0,0.009,0.255,0.002,1.614,-0.053,-1.359,,
2026-01-29 02:41:36.975,pick_on_feeder,-497.619,-120.139,1095.322,-179.935,-19.407,179.8,15.915,-22.124,-145.732,-141.229,-8.405,156.766,-0.002,-0.051,-0.0,-0.319,0.003,0.114,-0.01,14.01,2.72,0.16,-0.0,-0.04,0.007,0.212,0.002,1.343,-0.047,-1.191,,
2026-01-29 02:41:37.078,pick_on_feeder,-497.618,-120.144,1095.287,-179.939,-19.404,179.82,15.915,-22.128,-145.732,-141.255,-8.405,156.773,-0.002,-0.048,-0.0,-0.303,0.002,0.104,0.02,13.94,2.73,0.09,-0.13,0.02,0.007,0.196,0.002,1.24,-0.043,-1.084,,
2026-01-29 02:41:37.183,pick_on_feeder,-497.618,-120.148,1095.256,-179.943,-19.402,179.836,15.915,-22.132,-145.732,-141.277,-8.405,156.779,-0.002,-0.045,-0.0,-0.282,0.002,0.093,-0.04,14.03,2.77,0.17,-0.09,0.05,0.006,0.182,0.002,1.153,-0.039,-0.989,,
2026-01-29 02:41:37.287,pick_on_feeder,-497.617,-120.152,1095.229,-179.946,-19.4,179.851,15.915,-22.135,-145.732,-141.296,-8.405,156.785,-0.002,-0.042,-0.0,-0.261,0.002,0.083,0.0,14.08,2.75,0.18,0.02,0.01,0.006,0.168,0.001,1.06,-0.035,-0.898,,
2026-01-29 02:41:37.391,pick_on_feeder,-497.617,-120.155,1095.205,-179.949,-19.398,179.865,15.915,-22.137,-145.732,-141.313,-8.405,156.789,-0.001,-0.038,-0.0,-0.237,0.002,0.073,-0.0,14.02,2.74,0.18,-0.04,0.04,0.006,0.155,0.001,0.982,-0.032,-0.817,,
2026-01-29 02:41:37.493,pick_on_feeder,-497.616,-120.158,1095.182,-179.952,-19.396,179.878,15.915,-22.14,-145.732,-141.33,-8.404,156.793,-0.001,-0.035,-0.0,-0.219,0.001,0.065,0.01,14.03,2.73,0.13,-0.03,-0.0,0.005,0.14,0.001,0.887,-0.029,-0.738,,
2026-01-29 02:41:37.597,pick_on_feeder,-497.616,-120.161,1095.162,-179.954,-19.395,179.889,15.915,-22.142,-145.732,-141.344,-8.404,156.797,-0.001,-0.032,-0.0,-0.2,0.001,0.057,-0.01,13.92,2.84,0.15,-0.04,0.07,0.005,0.13,0.001,0.822,-0.026,-0.671,,
2026-01-29 02:41:37.698,pick_on_feeder,-497.615,-120.163,1095.144,-179.956,-19.394,179.9,15.915,-22.145,-145.732,-141.357,-8.404,156.8,-0.001,-0.029,-0.0,-0.183,0.001,0.051,-0.05,14.02,2.77,0.2,-0.03,-0.01,0.004,0.119,0.001,0.749,-0.023,-0.608,,
2026-01-29 02:41:37.801,pick_on_feeder,-497.615,-120.165,1095.128,-179.958,-19.392,179.909,15.915,-22.146,-145.732,-141.368,-8.404,156.802,-0.001,-0.026,-0.0,-0.165,0.001,0.044,-0.05,13.98,2.84,0.13,-0.02,-0.04,0.004,0.11,0.001,0.694,-0.021,-0.552,,
2026-01-29 02:41:37.903,pick_on_feeder,-497.615,-120.167,1095.113,-179.96,-19.391,179.918,15.914,-22.148,-145.732,-141.379,-8.404,156.804,-0.001,-0.024,-0.0,-0.15,0.001,0.039,-0.05,14.02,2.82,0.14,-0.02,-0.02,0.004,0.1,0.001,0.632,-0.019,-0.5,,
2026-01-29 02:41:38.007,pick_on_feeder,-497.614,-120.169,1095.099,-179.962,-19.39,179.926,15.914,-22.15,-145.732,-141.389,-8.404,156.807,-0.001,-0.022,-0.0,-0.137,0.001,0.034,0.04,13.93,2.8,0.19,-0.01,0.04,0.003,0.091,0.001,0.576,-0.017,-0.452,,
2026-01-29 02:41:38.211,pick_on_feeder,-497.614,-120.172,1095.077,-179.965,-19.389,179.939,15.914,-22.152,-145.732,-141.404,-8.404,156.81,-0.001,-0.018,-0.0,-0.111,0.0,0.026,0.04,13.99,2.72,0.16,0.01,-0.02,0.003,0.077,0.001,0.489,-0.014,-0.372,,
2026-01-29 02:41:38.413,pick_on_feeder,-497.613,-120.175,1095.06,-179.968,-19.388,179.95,15.914,-22.154,-145.732,-141.417,-8.404,156.812,-0.001,-0.014,-0.0,-0.09,0.0,0.02,0.06,13.96,2.75,0.09,-0.02,0.05,0.002,0.065,0.001,0.41,-0.012,-0.305,,
2026-01-29 02:41:38.724,pick_on_feeder,-497.613,-120.177,1095.039,-179.971,-19.386,179.963,15.914,-22.156,-145.732,-141.431,-8.404,156.814,-0.0,-0.01,-0.0,-0.065,0.0,0.013,-0.06,14.07,2.76,0.2,-0.04,-0.02,0.002,0.05,0.0,0.313,-0.008,-0.225,,
2026-01-29 02:41:38.928,pick_on_feeder,-497.612,-120.179,1095.03,-179.972,-19.385,179.969,15.914,-22.158,-145.732,-141.438,-8.404,156.815,-0.0,-0.008,-0.0,-0.052,0.0,0.009,-0.02,14.01,2.84,0.15,-0.04,-0.04,0.002,0.042,0.0,0.263,-0.007,-0.184,,
2026-01-29 02:41:39.235,pick_on_feeder,-497.612,-120.18,1095.018,-179.974,-19.385,179.976,15.914,-22.159,-145.732,-141.446,-8.404,156.816,-0.0,-0.006,-0.0,-0.037,0.0,0.006,-0.01,13.9,2.71,0.02,-0.04,-0.03,0.001,0.032,0.0,0.201,-0.005,-0.136,,
2026-01-29 02:41:39.437,pick_on_feeder,-497.612,-120.181,1095.012,-179.975,-19.384,179.98,15.914,-22.16,-145.732,-141.45,-8.404,156.817,-0.0,-0.005,-0.0,-0.029,0.0,0.004,-0.04,14.01,2.72,0.14,-0.04,-0.05,0.001,0.027,0.0,0.167,-0.004,-0.111,,
2026-01-29 02:41:39.746,pick_on_feeder,-497.612,-120.182,1095.006,-179.976,-19.384,179.984,15.914,-22.16,-145.732,-141.455,-8.404,156.817,-0.0,-0.003,-0.0,-0.021,0.0,0.003,-0.0,14.03,2.78,0.12,0.04,0.03,0.001,0.02,0.0,0.127,-0.003,-0.082,,
2026-01-29 02:41:39.954,pick_on_feeder,-497.612,-120.182,1095.003,-179.976,-19.384,179.986,15.914,-22.161,-145.732,-141.457,-8.404,156.818,-0.0,-0.003,-0.0,-0.017,-0.0,0.002,0.02,14.06,2.78,0.12,-0.04,0.03,0.001,0.017,0.0,0.105,-0.002,-0.067,,
2026-01-29 02:41:40.268,pick_on_feeder,-497.612,-120.183,1094.999,-179.977,-19.383,179.989,15.914,-22.161,-145.732,-141.459,-8.404,156.818,-0.0,-0.002,-0.0,-0.012,-0.0,0.001,0.04,14.01,2.74,0.1,-0.06,0.04,0.0,0.013,0.0,0.08,-0.002,-0.049,,
2026-01-29 02:41:40.369,pick_to_retreat_feeder,-498.898,-119.87,1108.728,-178.442,-20.552,174.201,16.039,-20.631,-145.652,-134.628,-8.541,155.444,0.314,3.823,0.199,17.069,-0.343,-3.433,0.11,13.85,2.45,3.04,-0.58,-1.89,1.255,15.312,0.798,68.392,-1.374,-13.781,,
2026-01-29 02:41:40.472,pick_to_retreat_feeder,-499.083,-118.559,1132.341,-177.05,-22.501,167.909,16.317,-17.978,-145.588,-121.798,-9.272,148.468,0.928,9.5,0.311,44.877,-2.085,-20.015,0.14,13.54,2.25,5.01,-1.44,-5.49,2.646,25.012,0.564,121.542,-7.173,-68.427,,
2026-01-29 02:41:40.575,pick_to_retreat_feeder,-497.623,-116.6,1153.092,-177.371,-24.182,166.182,16.572,-15.621,-145.544,-110.226,-10.304,138.434,1.335,13.019,0.343,62.589,-4.142,-40.097,0.38,13.17,2.27,6.44,-2.5,-9.08,2.167,19.554,0.305,96.808,-9.461,-92.167,,
2026-01-29 02:41:40.677,pick_to_retreat_feeder,-494.895,-114.56,1170.423,-178.68,-25.338,166.864,16.797,-13.609,-145.51,-100.266,-11.365,127.825,1.562,14.794,0.342,71.841,-5.76,-56.595,0.51,12.61,2.45,7.2,-3.25,-12.15,1.637,14.144,0.172,71.001,-8.813,-88.696,,
2026-01-29 02:41:40.779,pick_to_retreat_feeder,-490.856,-112.546,1186.686,179.413,-25.98,168.858,17.017,-11.666,-145.478,-90.603,-12.482,116.361,1.723,15.952,0.338,78.039,-7.112,-71.105,0.54,12.21,2.83,7.73,-3.88,-14.33,1.437,12.038,0.141,60.938,-8.49,-88.373,,
2026-01-29 02:41:40.883,pick_to_retreat_feeder,-486.334,-111.014,1200.082,177.569,-26.048,171.206,17.207,-10.014,-145.449,-82.364,-13.468,106.019,1.766,16.095,0.325,79.126,-7.799,-79.184,0.69,11.68,3.03,7.76,-4.21,-15.86,0.982,7.928,0.088,40.6,-6.33,-68.322,,
2026-01-29 02:41:40.987,pick_to_retreat_feeder,-481.523,-109.943,1211.619,175.98,-25.723,173.536,17.376,-8.547,-145.422,-75.041,-14.352,96.599,1.747,15.739,0.31,77.652,-8.06,-82.938,0.69,11.09,3.43,7.76,-4.3,-16.6,0.677,5.285,0.06,27.38,-4.681,-52.267,,
2026-01-29 02:41:41.089,pick_to_retreat_feeder,-476.877,-109.331,1221.193,174.801,-25.186,175.556,17.52,-7.295,-145.399,-68.795,-15.104,88.519,1.67,14.933,0.292,73.854,-7.924,-82.403,0.61,10.66,3.79,7.45,-4.3,-16.75,0.359,2.599,0.024,13.873,-2.886,-33.641,,
2026-01-29 02:41:41.192,pick_to_retreat_feeder,-472.16,-109.066,1229.873,173.939,-24.517,177.362,17.653,-6.133,-145.376,-62.998,-15.795,81.067,1.585,14.105,0.275,69.883,-7.669,-80.433,0.77,10.25,4.2,7.16,-4.07,-16.49,0.214,1.448,0.011,7.998,-1.985,-23.997,,
2026-01-29 02:41:41.297,pick_to_retreat_feeder,-467.865,-109.101,1237.127,173.427,-23.852,178.793,17.765,-5.142,-145.356,-58.059,-16.375,74.809,1.47,13.057,0.256,64.759,-7.202,-75.969,0.62,9.74,4.34,6.71,-4.01,-15.77,-0.01,-0.406,-0.02,-1.387,-0.682,-9.658,,
2026-01-29 02:41:41.397,pick_to_retreat_feeder,-463.849,-109.353,1243.494,173.17,-23.217,179.952,17.865,-4.257,-145.339,-53.659,-16.883,69.341,1.352,12.004,0.236,59.57,-6.673,-70.647,0.72,9.47,4.75,6.29,-3.67,-14.96,-0.139,-1.434,-0.038,-6.634,0.102,-0.793,,
2026-01-29 02:41:41.497,pick_to_retreat_feeder,-460.139,-109.763,1249.101,173.112,-22.638,-179.131,17.953,-3.468,-145.323,-49.74,-17.328,64.582,1.235,10.976,0.216,54.476,-6.117,-64.883,0.6,8.96,4.97,5.66,-3.5,-14.01,-0.24,-2.245,-0.053,-10.778,0.727,6.378,,
2026-01-29 02:41:41.599,pick_to_retreat_feeder,-456.742,-110.28,1254.052,173.203,-22.126,-178.421,18.031,-2.764,-145.309,-46.249,-17.717,60.452,1.121,9.992,0.197,49.584,-5.559,-58.987,0.47,8.58,5.25,5.22,-3.28,-12.92,-0.318,-2.871,-0.066,-13.987,1.216,12.029,,
2026-01-29 02:41:41.699,pick_to_retreat_feeder,-453.652,-110.866,1258.434,173.402,-21.684,-177.887,18.1,-2.136,-145.297,-43.14,-18.056,56.875,1.013,9.064,0.178,44.96,-5.017,-53.183,0.48,8.35,5.41,4.93,-2.98,-11.96,-0.376,-3.343,-0.077,-16.408,1.59,16.357,,
2026-01-29 02:41:41.801,pick_to_retreat_feeder,-450.857,-111.487,1262.321,173.676,-21.307,-177.499,18.161,-1.576,-145.286,-40.372,-18.351,53.782,0.913,8.199,0.16,40.641,-4.502,-47.621,0.45,8.01,5.58,4.36,-2.78,-10.79,-0.418,-3.686,-0.085,-18.171,1.866,19.556,,
2026-01-29 02:41:41.904,pick_to_retreat_feeder,-448.442,-112.094,1265.632,173.984,-21.003,-177.24,18.213,-1.096,-145.278,-38.008,-18.598,51.217,0.814,7.348,0.142,36.39,-3.994,-42.127,0.52,7.74,5.79,3.93,-2.46,-9.81,-0.469,-4.127,-0.094,-20.399,2.166,22.893,,
2026-01-29 02:41:42.004,pick_to_retreat_feeder,-446.167,-112.723,1268.72,174.333,-20.735,-177.066,18.261,-0.648,-145.27,-35.802,-18.824,48.896,0.731,6.632,0.126,32.808,-3.559,-37.399,0.39,7.41,5.91,3.58,-2.28,-8.81,-0.459,-4.025,-0.093,-19.934,2.166,23.029,,
2026-01-29 02:41:42.108,pick_to_retreat_feeder,-444.212,-113.309,1271.357,174.682,-20.522,-176.975,18.302,-0.264,-145.263,-33.918,-19.011,46.974,0.65,5.933,0.111,29.316,-3.139,-32.855,0.39,7.2,5.95,3.13,-1.97,-7.96,-0.486,-4.271,-0.098,-21.164,2.324,24.723,,
2026-01-29 02:41:42.210,pick_to_retreat_feeder,-442.53,-113.846,1273.616,175.017,-20.35,-176.943,18.337,0.065,-145.258,-32.304,-19.169,45.376,0.575,5.272,0.097,26.021,-2.747,-28.634,0.28,7.02,5.99,2.78,-1.81,-7.09,-0.497,-4.388,-0.099,-21.752,2.398,25.497,,
2026-01-29 02:41:42.315,pick_to_retreat_feeder,-440.943,-114.38,1275.743,175.365,-20.199,-176.955,18.369,0.374,-145.253,-30.787,-19.313,43.919,0.512,4.729,0.085,23.308,-2.421,-25.118,0.34,6.85,6.04,2.47,-1.58,-6.31,-0.47,-4.141,-0.095,-20.544,2.287,24.353,,
2026-01-29 02:41:42.416,pick_to_retreat_feeder,-439.458,-114.905,1277.731,175.719,-20.068,-177.008,18.4,0.664,-145.248,-29.371,-19.444,42.602,0.46,4.271,0.075,21.021,-2.144,-22.131,0.3,6.68,6.19,2.14,-1.4,-5.56,-0.446,-3.928,-0.09,-19.499,2.188,23.315,,
2026-01-29 02:41:42.518,pick_to_retreat_feeder,-438.187,-115.373,1279.432,176.044,-19.964,-177.087,18.425,0.912,-145.245,-28.162,-19.554,41.513,0.409,3.823,0.065,18.789,-1.882,-19.321,0.25,6.5,6.26,1.85,-1.23,-4.9,-0.447,-3.954,-0.089,-19.616,2.19,23.264,,
2026-01-29 02:41:42.620,pick_to_retreat_feeder,-437.0,-115.827,1281.024,176.368,-19.872,-177.193,18.449,1.144,-145.241,-27.033,-19.653,40.529,0.367,3.447,0.057,16.913,-1.66,-16.951,0.2,6.33,6.24,1.74,-1.11,-4.41,-0.42,-3.719,-0.085,-18.459,2.07,21.986,,
2026-01-29 02:41:42.724,pick_to_retreat_feeder,-435.942,-116.244,1282.445,176.674,-19.796,-177.315,18.471,1.351,-145.239,-26.028,-19.739,39.681,0.328,3.102,0.049,15.198,-1.46,-14.833,0.2,6.23,6.39,1.46,-0.98,-3.86,-0.405,-3.597,-0.081,-17.847,1.996,21.15,,
2026-01-29 02:41:42.825,pick_to_retreat_feeder,-435.0,-116.626,1283.714,176.961,-19.733,-177.449,18.489,1.536,-145.237,-25.133,-19.814,38.95,0.294,2.788,0.043,13.638,-1.282,-12.951,0.2,6.07,6.28,1.3,-0.81,-3.39,-0.388,-3.46,-0.077,-17.161,1.911,20.211,,
2026-01-29 02:41:42.930,pick_to_retreat_feeder,-434.16,-116.974,1284.847,177.228,-19.68,-177.589,18.506,1.7,-145.235,-24.335,-19.878,38.321,0.262,2.503,0.037,12.222,-1.123,-11.286,0.13,5.96,6.44,1.0,-0.74,-2.99,-0.37,-3.313,-0.073,-16.423,1.82,19.202,,
2026-01-29 02:41:43.034,pick_to_retreat_feeder,-433.382,-117.305,1285.9,177.487,-19.634,-177.738,18.522,1.853,-145.233,-23.595,-19.937,37.758,0.235,2.26,0.032,11.016,-0.987,-9.874,0.03,5.79,6.44,0.92,-0.68,-2.69,-0.346,-3.099,-0.068,-15.361,1.702,17.937,,
2026-01-29 02:41:43.141,pick_to_retreat_feeder,-433.056,-117.445,1286.343,177.598,-19.615,-177.807,18.528,1.917,-145.232,-23.285,-19.961,37.527,0.193,1.855,0.025,9.038,-0.8,-7.981,0.11,5.82,6.41,0.78,-0.51,-2.19,-0.402,-3.676,-0.071,-18.119,1.875,19.476,,
2026-01-29 02:41:43.253,pick_to_retreat_feeder,-432.858,-117.531,1286.613,177.667,-19.604,-177.851,18.532,1.957,-145.232,-23.096,-19.975,37.389,0.154,1.489,0.02,7.25,-0.636,-6.332,0.15,5.67,6.44,0.65,-0.52,-2.07,-0.387,-3.56,-0.067,-17.522,1.783,18.449,,
2026-01-29 02:41:43.354,pick_to_retreat_feeder,-432.613,-117.638,1286.946,177.753,-19.591,-177.907,18.537,2.005,-145.231,-22.863,-19.992,37.22,0.128,1.238,0.016,6.02,-0.521,-5.171,0.1,5.67,6.36,0.48,-0.44,-1.9,-0.339,-3.112,-0.059,-15.327,1.573,16.299,,
2026-01-29 02:41:43.454,pick_to_retreat_feeder,-432.18,-117.829,1287.536,177.909,-19.568,-178.012,18.546,2.09,-145.231,-22.451,-20.023,36.927,0.118,1.142,0.014,5.546,-0.467,-4.611,0.1,5.62,6.53,0.45,-0.44,-1.65,-0.268,-2.428,-0.05,-12.0,1.285,13.427,,
2026-01-29 02:41:43.557,pick_to_retreat_feeder,-431.628,-118.076,1288.29,178.112,-19.54,-178.156,18.557,2.2,-145.23,-21.925,-20.061,36.565,0.116,1.13,0.013,5.474,-0.445,-4.364,0.1,5.56,6.5,0.38,-0.43,-1.42,-0.217,-1.949,-0.044,-9.669,1.083,11.392,,
2026-01-29 02:41:43.661,pick_to_retreat_feeder,-431.159,-118.288,1288.933,178.29,-19.517,-178.29,18.566,2.293,-145.229,-21.478,-20.092,36.267,0.11,1.08,0.012,5.224,-0.412,-4.018,0.14,5.49,6.51,0.35,-0.3,-1.33,-0.212,-1.915,-0.041,-9.482,1.04,10.896,,
2026-01-29 02:41:43.763,pick_to_retreat_feeder,-430.758,-118.472,1289.484,178.447,-19.499,-178.413,18.574,2.373,-145.228,-21.095,-20.118,36.021,0.102,1.009,0.01,4.874,-0.374,-3.629,-0.0,5.54,6.48,0.21,-0.19,-1.22,-0.205,-1.858,-0.039,-9.186,0.99,10.324,,
2026-01-29 02:41:43.867,pick_to_retreat_feeder,-430.384,-118.645,1289.999,178.597,-19.482,-178.536,18.581,2.447,-145.228,-20.738,-20.142,35.798,0.095,0.943,0.009,4.548,-0.34,-3.277,0.16,5.45,6.58,0.17,-0.17,-1.03,-0.19,-1.724,-0.036,-8.52,0.915,9.53,,
2026-01-29 02:41:43.971,pick_to_retreat_feeder,-430.065,-118.794,1290.44,178.728,-19.469,-178.647,18.588,2.511,-145.228,-20.433,-20.162,35.615,0.087,0.867,0.008,4.174,-0.304,-2.917,0.04,5.33,6.46,0.05,-0.26,-0.84,-0.181,-1.659,-0.033,-8.188,0.864,8.964,,
2026-01-29 02:41:44.076,pick_to_retreat_feeder,-429.755,-118.94,1290.87,178.858,-19.456,-178.762,18.594,2.573,-145.227,-20.136,-20.18,35.442,0.081,0.805,0.007,3.872,-0.274,-2.619,0.01,5.38,6.59,-0.05,-0.15,-0.83,-0.165,-1.51,-0.031,-7.454,0.788,8.179,,
2026-01-29 02:41:44.178,pick_to_retreat_feeder,-429.492,-119.066,1291.237,178.971,-19.446,-178.864,18.599,2.626,-145.227,-19.884,-20.195,35.3,0.074,0.736,0.006,3.535,-0.244,-2.319,0.13,5.39,6.55,-0.04,-0.14,-0.73,-0.158,-1.45,-0.028,-7.149,0.742,7.668,,
2026-01-29 02:41:44.280,pick_to_retreat_feeder,-429.257,-119.178,1291.565,179.074,-19.437,-178.96,18.604,2.673,-145.227,-19.659,-20.208,35.178,0.067,0.67,0.005,3.214,-0.216,-2.045,0.06,5.35,6.54,-0.06,-0.14,-0.49,-0.148,-1.362,-0.026,-6.709,0.688,7.098,,
2026-01-29 02:41:44.383,pick_to_retreat_feeder,-429.057,-119.275,1291.845,179.163,-19.43,-179.046,18.608,2.713,-145.227,-19.466,-20.219,35.077,0.06,0.604,0.004,2.892,-0.189,-1.786,0.08,5.32,6.48,-0.07,-0.09,-0.49,-0.14,-1.294,-0.024,-6.366,0.642,6.601,,
2026-01-29 02:41:44.488,pick_to_retreat_feeder,-428.87,-119.366,1292.107,179.248,-19.423,-179.129,18.611,2.751,-145.227,-19.287,-20.229,34.986,0.054,0.547,0.003,2.618,-0.167,-1.567,0.07,5.22,6.62,-0.2,-0.14,-0.5,-0.129,-1.191,-0.022,-5.856,0.588,6.039,,
2026-01-29 02:41:44.590,pick_to_retreat_feeder,-428.703,-119.447,1292.341,179.325,-19.417,-179.206,18.615,2.785,-145.226,-19.127,-20.238,34.908,0.049,0.495,0.003,2.364,-0.146,-1.371,0.12,5.19,6.66,-0.24,0.03,-0.45,-0.12,-1.113,-0.02,-5.466,0.543,5.562,,
2026-01-29 02:41:44.691,pick_to_retreat_feeder,-428.555,-119.52,1292.55,179.395,-19.412,-179.277,18.617,2.815,-145.226,-18.984,-20.245,34.84,0.044,0.446,0.002,2.129,-0.128,-1.197,0.02,5.19,6.57,-0.31,-0.13,-0.36,-0.111,-1.038,-0.018,-5.093,0.5,5.115,,
2026-01-29 02:41:44.793,pick_to_retreat_feeder,-428.428,-119.583,1292.729,179.455,-19.408,-179.34,18.62,2.841,-145.226,-18.862,-20.251,34.785,0.039,0.399,0.002,1.902,-0.112,-1.037,-0.0,5.24,6.51,-0.27,-0.05,-0.24,-0.105,-0.977,-0.017,-4.792,0.463,4.721,,
2026-01-29 02:41:44.895,pick_to_retreat_feeder,-428.305,-119.644,1292.903,179.515,-19.405,-179.403,18.622,2.866,-145.226,-18.744,-20.257,34.732,0.036,0.362,0.001,1.723,-0.098,-0.909,-0.06,5.2,6.71,-0.35,-0.13,-0.25,-0.095,-0.886,-0.015,-4.346,0.42,4.283,waypoint,
2026-01-29 02:41:44.995,pick_to_retreat_feeder,-430.559,-120.749,1299.696,179.953,-19.962,-179.874,18.638,3.371,-144.87,-18.267,-20.461,34.652,0.067,1.534,0.892,2.484,-0.583,-0.883,-0.2,6.84,7.19,0.08,-1.43,-0.23,0.05,4.001,3.55,-0.329,-1.602,3.573,,
2026-01-29 02:41:45.097,pick_to_retreat_feeder,-435.763,-123.035,1323.615,-179.36,-20.613,178.744,18.711,5.132,-143.554,-16.541,-22.752,34.069,0.231,5.553,3.959,6.178,-6.164,-2.119,-0.02,6.27,7.29,0.35,-5.12,-0.7,0.611,16.16,12.792,12.196,-22.311,-1.806,,
2026-01-29 02:41:45.198,pick_to_retreat_feeder,-436.726,-123.434,1344.946,-179.601,-19.807,177.967,18.785,6.715,-142.351,-14.9,-26.396,33.069,0.358,8.124,5.976,8.736,-13.733,-4.089,0.1,5.68,7.4,0.52,-9.1,-0.99,0.561,12.772,10.379,10.127,-33.615,-5.8,,
2026-01-29 02:41:45.299,pick_to_retreat_feeder,-435.033,-123.047,1365.023,179.779,-18.231,177.578,18.857,8.198,-141.215,-13.318,-30.679,31.813,0.45,9.799,7.323,10.507,-21.007,-6.208,0.15,5.22,7.52,0.62,-12.46,-1.5,0.494,10.481,8.677,8.524,-36.64,-7.785,,
2026-01-29 02:41:45.400,pick_to_retreat_feeder,-432.087,-122.479,1381.705,179.169,-16.531,177.455,18.918,9.412,-140.279,-12.001,-34.575,30.609,0.489,10.384,7.831,11.172,-25.496,-7.665,0.13,4.61,7.69,0.68,-15.1,-1.7,0.326,6.75,5.801,5.017,-29.111,-6.475,,
2026-01-29 02:41:45.503,pick_to_retreat_feeder,-427.847,-121.835,1399.083,178.569,-14.541,177.475,18.98,10.653,-139.32,-10.644,-38.763,29.264,0.523,10.891,8.271,11.772,-29.592,-9.112,0.34,4.15,7.84,0.71,-16.74,-1.99,0.31,6.348,5.457,4.92,-29.115,-7.245,,
2026-01-29 02:41:45.605,pick_to_retreat_feeder,-423.59,-121.331,1413.574,178.153,-12.796,177.582,19.031,11.668,-138.535,-9.531,-42.258,28.109,0.52,10.706,8.166,11.612,-30.933,-9.722,0.18,3.83,7.97,0.73,-17.63,-2.16,0.165,3.452,3.173,1.991,-19.28,-4.623,,
2026-01-29 02:41:45.706,pick_to_retreat_feeder,-419.054,-120.912,1427.362,177.855,-11.114,177.743,19.079,12.618,-137.801,-8.489,-45.535,27.006,0.508,10.403,7.96,11.312,-31.391,-10.049,0.28,3.38,8.12,0.54,-17.92,-2.24,0.113,2.449,2.347,1.07,-15.161,-3.637,,
2026-01-29 02:41:45.810,pick_to_retreat_feeder,-414.611,-120.59,1439.856,177.677,-9.605,177.929,19.121,13.465,-137.146,-7.562,-48.435,26.018,0.487,9.92,7.608,10.802,-30.793,-10.005,0.29,2.99,8.23,0.52,-17.66,-2.09,0.049,1.181,1.317,-0.176,-9.882,-2.115,,
2026-01-29 02:41:45.913,pick_to_retreat_feeder,-410.19,-120.339,1451.617,177.593,-8.216,178.134,19.16,14.251,-136.538,-6.704,-51.089,25.11,0.462,9.407,7.225,10.248,-29.731,-9.774,0.3,2.57,8.47,0.47,-16.93,-2.2,0.012,0.46,0.714,-0.844,-6.437,-1.113,,
2026-01-29 02:41:46.017,pick_to_retreat_feeder,-406.22,-120.161,1461.76,177.587,-7.055,178.329,19.193,14.923,-136.02,-5.974,-53.312,24.35,0.429,8.733,6.713,9.511,-27.854,-9.232,0.33,2.27,8.52,0.24,-16.15,-1.9,-0.048,-0.743,-0.257,-2.048,-1.473,0.476,,
2026-01-29 02:41:46.118,pick_to_retreat_feeder,-402.694,-120.034,1470.514,177.63,-6.088,178.509,19.221,15.497,-135.578,-5.352,-55.176,23.714,0.393,7.985,6.141,8.689,-25.55,-8.513,0.27,2.0,8.77,0.22,-15.14,-1.95,-0.092,-1.638,-0.984,-2.92,2.26,1.676,,
2026-01-29 02:41:46.223,pick_to_retreat_feeder,-399.442,-119.938,1478.419,177.707,-5.247,178.678,19.246,16.012,-135.182,-4.796,-56.813,23.159,0.357,7.276,5.597,7.906,-23.255,-7.773,0.2,1.75,8.71,0.16,-13.98,-1.83,-0.112,-2.067,-1.347,-3.29,4.303,2.314,,
2026-01-29 02:41:46.325,pick_to_retreat_feeder,-396.331,-119.863,1485.856,177.812,-4.488,178.841,19.27,16.493,-134.811,-4.277,-58.31,22.655,0.327,6.661,5.123,7.225,-21.185,-7.089,0.17,1.47,8.93,0.1,-12.91,-1.65,-0.118,-2.194,-1.473,-3.34,5.268,2.593,,
2026-01-29 02:41:46.429,pick_to_retreat_feeder,-393.507,-119.808,1492.524,177.933,-3.836,178.991,19.291,16.923,-134.481,-3.817,-59.616,22.219,0.298,6.07,4.667,6.57,-19.153,-6.406,0.19,1.19,8.92,0.0,-11.77,-1.48,-0.132,-2.493,-1.728,-3.58,6.659,3.019,,
2026-01-29 02:41:46.531,pick_to_retreat_feeder,-390.953,-119.768,1498.497,178.063,-3.278,179.125,19.31,17.306,-134.187,-3.407,-60.754,21.843,0.27,5.511,4.236,5.952,-17.21,-5.744,0.26,0.96,9.01,-0.08,-10.7,-1.3,-0.141,-2.706,-1.914,-3.732,7.669,3.313,,
2026-01-29 02:41:46.635,pick_to_retreat_feeder,-388.652,-119.74,1503.844,178.195,-2.802,179.246,19.326,17.648,-133.925,-3.043,-61.746,21.519,0.244,4.989,3.832,5.375,-15.387,-5.119,0.16,0.82,9.18,-0.26,-9.73,-1.21,-0.148,-2.848,-2.042,-3.812,8.364,3.499,,
2026-01-29 02:41:46.735,pick_to_retreat_feeder,-386.585,-119.721,1508.627,178.327,-2.395,179.352,19.341,17.954,-133.691,-2.719,-62.61,21.24,0.22,4.505,3.459,4.841,-13.701,-4.538,0.15,0.67,9.09,-0.21,-8.8,-1.1,-0.151,-2.932,-2.123,-3.833,8.803,3.597,,
2026-01-29 02:41:46.837,pick_to_retreat_feeder,-384.734,-119.709,1512.904,178.456,-2.049,179.447,19.354,18.226,-133.483,-2.43,-63.363,20.999,0.198,4.06,3.115,4.352,-12.159,-4.005,0.12,0.54,9.2,-0.28,-7.87,-0.93,-0.152,-2.967,-2.164,-3.808,9.034,3.623,,
2026-01-29 02:41:46.941,pick_to_retreat_feeder,-383.01,-119.702,1516.883,178.586,-1.744,179.533,19.367,18.479,-133.289,-2.163,-64.046,20.783,0.18,3.678,2.82,3.931,-10.826,-3.543,0.14,0.54,9.23,-0.33,-6.95,-0.81,-0.146,-2.864,-2.098,-3.64,8.835,3.511,,
2026-01-29 02:41:47.043,pick_to_retreat_feeder,-381.54,-119.701,1520.282,178.704,-1.496,179.604,19.377,18.695,-133.125,-1.936,-64.614,20.606,0.161,3.298,2.527,3.516,-9.541,-3.102,0.16,0.28,9.37,-0.46,-6.35,-0.79,-0.15,-2.95,-2.174,-3.675,9.095,3.542,,
2026-01-29 02:41:47.147,pick_to_retreat_feeder,-380.23,-119.703,1523.317,178.815,-1.286,179.666,19.387,18.888,-132.978,-1.734,-65.11,20.453,0.144,2.955,2.262,3.143,-8.394,-2.709,0.05,0.24,9.37,-0.48,-5.59,-0.77,-0.146,-2.887,-2.135,-3.558,8.917,3.434,,
2026-01-29 02:41:47.248,pick_to_retreat_feeder,-379.113,-119.708,1525.916,178.914,-1.116,179.718,19.395,19.053,-132.852,-1.562,-65.524,20.326,0.128,2.629,2.011,2.788,-7.33,-2.348,0.06,0.12,9.48,-0.56,-4.87,-0.52,-0.145,-2.876,-2.135,-3.498,8.838,3.355,,
2026-01-29 02:41:47.349,pick_to_retreat_feeder,-378.029,-119.716,1528.447,179.016,-0.959,179.766,19.403,19.213,-132.73,-1.394,-65.917,20.207,0.116,2.373,1.813,2.51,-6.482,-2.058,0.14,-0.05,9.4,-0.54,-4.37,-0.61,-0.132,-2.632,-1.955,-3.198,8.158,3.096,,
2026-01-29 02:41:47.450,pick_to_retreat_feeder,-377.072,-119.725,1530.696,179.109,-0.828,179.807,19.41,19.356,-132.622,-1.246,-66.258,20.105,0.104,2.136,1.631,2.253,-5.713,-1.798,0.12,-0.07,9.45,-0.61,-3.86,-0.47,-0.128,-2.549,-1.898,-3.07,7.869,2.957,,
2026-01-29 02:41:47.553,pick_to_retreat_feeder,-376.228,-119.737,1532.694,179.195,-0.719,179.842,19.416,19.482,-132.525,-1.114,-66.553,20.018,0.094,1.918,1.464,2.018,-5.023,-1.566,0.0,-0.18,9.55,-0.53,-3.47,-0.32,-0.123,-2.454,-1.83,-2.932,7.539,2.808,,
2026-01-29 02:41:47.653,pick_to_retreat_feeder,-375.513,-119.749,1534.398,179.271,-0.631,179.871,19.421,19.59,-132.444,-1.003,-66.799,19.946,0.083,1.709,1.303,1.793,-4.382,-1.354,-0.06,-0.22,9.5,-0.66,-3.06,-0.41,-0.12,-2.394,-1.789,-2.835,7.279,2.681,,
2026-01-29 02:41:47.754,pick_to_retreat_feeder,-374.879,-119.761,1535.918,179.341,-0.558,179.895,19.426,19.687,-132.37,-0.903,-67.013,19.885,0.074,1.522,1.16,1.594,-3.822,-1.17,0.0,-0.35,9.54,-0.61,-2.61,-0.36,-0.113,-2.271,-1.699,-2.674,6.868,2.512,,
2026-01-29 02:41:47.857,pick_to_retreat_feeder,-374.296,-119.775,1537.331,179.407,-0.495,179.916,19.43,19.776,-132.303,-0.811,-67.208,19.829,0.067,1.365,1.039,1.426,-3.352,-1.016,0.12,-0.34,9.49,-0.7,-2.27,-0.28,-0.105,-2.112,-1.582,-2.479,6.381,2.325,,
2026-01-29 02:41:47.962,pick_to_retreat_feeder,-373.782,-119.789,1538.585,179.468,-0.442,179.933,19.434,19.856,-132.242,-0.729,-67.376,19.782,0.06,1.223,0.93,1.274,-2.934,-0.881,0.01,-0.32,9.44,-0.76,-2.08,-0.28,-0.1,-2.001,-1.5,-2.337,6.003,2.172,,
2026-01-29 02:41:48.067,pick_to_retreat_feeder,-373.331,-119.802,1539.699,179.523,-0.399,179.948,19.437,19.926,-132.189,-0.657,-67.522,19.741,0.053,1.094,0.831,1.137,-2.565,-0.762,0.04,-0.48,9.54,-0.77,-1.81,-0.17,-0.094,-1.89,-1.418,-2.196,5.627,2.023,,
2026-01-29 02:41:48.169,pick_to_retreat_feeder,-372.949,-119.815,1540.648,179.571,-0.366,179.959,19.44,19.986,-132.143,-0.595,-67.643,19.708,0.047,0.971,0.737,1.007,-2.227,-0.655,0.07,-0.45,9.6,-0.76,-1.52,-0.17,-0.09,-1.805,-1.355,-2.084,5.309,1.893,,
2026-01-29 02:41:48.270,pick_to_retreat_feeder,-372.612,-119.828,1541.496,179.614,-0.338,179.969,19.443,20.04,-132.103,-0.54,-67.749,19.679,0.042,0.862,0.654,0.892,-1.935,-0.564,0.04,-0.54,9.64,-0.73,-1.31,-0.14,-0.084,-1.689,-1.269,-1.943,4.934,1.75,,
2026-01-29 02:41:48.373,pick_to_retreat_feeder,-372.302,-119.841,1542.283,179.655,-0.314,179.977,19.445,20.09,-132.065,-0.489,-67.844,19.653,0.038,0.771,0.585,0.797,-1.69,-0.487,-0.01,-0.45,9.61,-0.83,-1.19,-0.16,-0.077,-1.559,-1.171,-1.789,4.539,1.605,waypoint,
2026-01-29 02:41:48.476,retreat_feeder_to_approach_machine,-398.872,-48.518,1545.4,179.642,-0.207,169.54,8.488,19.277,-131.33,-0.463,-67.869,19.122,-27.366,-1.454,2.278,0.663,-1.329,-1.692,-1.23,-1.39,9.22,-0.77,-0.96,-0.56,-109.67,-10.031,5.925,-1.857,4.799,-3.604,,
2026-01-29 02:41:48.578,retreat_feeder_to_approach_machine,-411.453,24.634,1548.174,179.655,-0.158,160.276,-1.921,18.501,-130.632,-0.433,-67.825,17.967,-46.546,-3.031,3.453,0.573,-0.887,-4.158,-2.3,-1.89,9.03,-0.78,-0.7,-1.13,-93.215,-8.661,4.957,-1.632,5.004,-9.491,,
2026-01-29 02:41:48.681,retreat_feeder_to_approach_machine,-411.293,92.483,1550.53,179.681,-0.144,152.398,-11.21,17.808,-130.008,-0.4,-67.752,16.544,-58.131,-4.005,4.148,0.512,-0.484,-6.676,-2.85,-1.95,8.84,-0.6,-0.48,-1.5,-72.691,-6.96,3.713,-1.443,4.787,-11.218,,
2026-01-29 02:41:48.783,retreat_feeder_to_approach_machine,-401.637,153.565,1552.536,179.711,-0.146,145.586,-19.498,17.19,-129.452,-0.367,-67.672,15.056,-64.32,-4.549,4.502,0.465,-0.161,-8.727,-3.25,-1.94,8.69,-0.79,-0.26,-1.85,-55.424,-5.518,2.673,-1.3,4.391,-10.749,,
2026-01-29 02:41:48.883,retreat_feeder_to_approach_machine,-386.118,205.173,1554.18,179.74,-0.155,139.865,-26.59,16.661,-128.976,-0.338,-67.596,13.673,-65.97,-4.734,4.567,0.423,0.069,-10.002,-3.38,-1.71,8.82,-0.74,-0.2,-2.06,-37.914,-4.074,1.604,-1.2,3.907,-8.616,,
2026-01-29 02:41:48.988,retreat_feeder_to_approach_machine,-367.478,248.281,1555.535,179.766,-0.167,135.006,-32.676,16.207,-128.567,-0.311,-67.527,12.437,-64.692,-4.685,4.446,0.383,0.222,-10.59,-3.52,-1.34,8.87,-0.75,-0.01,-2.24,-24.059,-2.916,0.768,-1.114,3.436,-6.286,,
2026-01-29 02:41:49.093,retreat_feeder_to_approach_machine,-344.461,289.004,1556.818,179.79,-0.18,130.254,-38.653,15.762,-128.166,-0.285,-67.46,11.202,-63.463,-4.628,4.338,0.352,0.337,-11.032,-3.46,-1.22,8.88,-0.81,0.06,-2.39,-20.573,-2.544,0.619,-1.004,3.091,-5.658,,
2026-01-29 02:41:49.194,retreat_feeder_to_approach_machine,-320.094,323.563,1557.922,179.812,-0.193,126.017,-43.987,15.364,-127.808,-0.262,-67.399,10.096,-60.932,-4.466,4.149,0.322,0.404,-11.038,-3.4,-0.84,8.97,-0.79,0.08,-2.43,-12.079,-1.809,0.125,-0.931,2.709,-3.791,,
2026-01-29 02:41:49.298,retreat_feeder_to_approach_machine,-295.415,352.677,1558.873,179.831,-0.205,122.228,-48.747,15.009,-127.488,-0.241,-67.345,9.118,-57.598,-4.237,3.911,0.294,0.437,-10.724,-3.15,-0.56,9.02,-0.74,0.11,-2.29,-5.128,-1.2,-0.273,-0.864,2.368,-2.139,,
2026-01-29 02:41:49.399,retreat_feeder_to_approach_machine,-271.158,377.074,1559.696,179.847,-0.215,118.833,-52.994,14.692,-127.203,-0.223,-67.298,8.259,-53.816,-3.969,3.646,0.266,0.446,-10.191,-3.01,-0.24,9.11,-0.77,0.2,-2.16,0.51,-0.698,-0.59,-0.802,2.067,-0.734,,
2026-01-29 02:41:49.504,retreat_feeder_to_approach_machine,-247.817,397.438,1560.408,179.86,-0.224,115.788,-56.784,14.41,-126.949,-0.207,-67.256,7.508,-49.837,-3.683,3.37,0.239,0.438,-9.52,-2.87,0.01,9.21,-0.86,0.13,-2.07,5.032,-0.287,-0.839,-0.744,1.802,0.423,,
2026-01-29 02:41:49.604,retreat_feeder_to_approach_machine,-225.709,414.39,1561.028,179.872,-0.232,113.055,-60.166,14.157,-126.722,-0.193,-67.22,6.854,-45.832,-3.393,3.095,0.215,0.419,-8.775,-2.63,0.37,9.22,-0.86,0.19,-2.04,8.61,0.046,-1.029,-0.69,1.57,1.35,,
2026-01-29 02:41:49.708,retreat_feeder_to_approach_machine,-205.014,428.478,1561.566,179.882,-0.239,110.601,-63.183,13.932,-126.519,-0.181,-67.188,6.286,-41.918,-3.107,2.828,0.192,0.394,-8.001,-2.46,0.63,9.35,-0.89,0.15,-1.77,11.39,0.313,-1.171,-0.638,1.368,2.074,,
2026-01-29 02:41:49.809,retreat_feeder_to_approach_machine,-185.819,440.176,1562.036,179.891,-0.245,108.396,-65.876,13.732,-126.339,-0.17,-67.161,5.793,-38.17,-2.832,2.573,0.171,0.365,-7.232,-2.28,0.92,9.33,-0.78,0.2,-1.6,13.5,0.524,-1.272,-0.59,1.191,2.62,,
2026-01-29 02:41:49.916,retreat_feeder_to_approach_machine,-168.141,449.888,1562.447,179.898,-0.249,106.417,-68.279,13.553,-126.177,-0.161,-67.136,5.367,-34.634,-2.572,2.333,0.151,0.334,-6.491,-2.08,1.07,9.37,-0.94,0.17,-1.44,15.05,0.688,-1.339,-0.545,1.037,3.017,,
2026-01-29 02:41:50.018,retreat_feeder_to_approach_machine,-151.953,457.955,1562.807,179.904,-0.253,104.639,-70.423,13.393,-126.033,-0.152,-67.115,4.997,-31.336,-2.329,2.109,0.134,0.304,-5.792,-1.89,1.33,9.46,-0.87,0.13,-1.34,16.132,0.812,-1.379,-0.502,0.903,3.289,,
2026-01-29 02:41:50.121,retreat_feeder_to_approach_machine,-137.196,464.66,1563.122,179.91,-0.257,103.043,-72.336,13.25,-125.905,-0.145,-67.097,4.678,-28.285,-2.103,1.903,0.118,0.274,-5.142,-1.79,1.43,9.44,-0.94,0.15,-1.15,16.828,0.903,-1.396,-0.462,0.786,3.459,,
2026-01-29 02:41:50.223,retreat_feeder_to_approach_machine,-123.791,470.241,1563.399,179.915,-0.259,101.609,-74.043,13.123,-125.791,-0.139,-67.08,4.402,-25.481,-1.895,1.713,0.104,0.246,-4.547,-1.53,1.74,9.49,-0.79,0.05,-1.15,17.205,0.966,-1.395,-0.425,0.684,3.546,,
2026-01-29 02:41:50.324,retreat_feeder_to_approach_machine,-111.651,474.894,1563.643,179.919,-0.261,100.323,-75.566,13.009,-125.688,-0.134,-67.066,4.163,-22.919,-1.705,1.54,0.092,0.22,-4.007,-1.48,1.88,9.51,-0.92,0.1,-0.97,17.323,1.007,-1.379,-0.391,0.595,3.566,,
2026-01-29 02:41:50.427,retreat_feeder_to_approach_machine,-100.683,478.781,1563.857,179.922,-0.263,99.168,-76.925,12.908,-125.597,-0.129,-67.054,3.957,-20.588,-1.532,1.383,0.081,0.196,-3.521,-1.35,2.08,9.59,-0.8,0.14,-0.82,17.231,1.029,-1.351,-0.359,0.518,3.533,,
2026-01-29 02:41:50.530,retreat_feeder_to_approach_machine,-90.792,482.036,1564.047,179.925,-0.264,98.132,-78.138,12.817,-125.516,-0.125,-67.043,3.778,-18.473,-1.375,1.241,0.071,0.174,-3.087,-1.19,2.27,9.56,-0.75,0.14,-0.77,16.971,1.035,-1.314,-0.329,0.45,3.46,,
2026-01-29 02:41:50.631,retreat_feeder_to_approach_machine,-81.888,484.767,1564.214,179.928,-0.265,97.202,-79.221,12.737,-125.443,-0.121,-67.034,3.624,-16.56,-1.233,1.112,0.062,0.154,-2.7,-1.05,2.28,9.54,-0.93,0.11,-0.6,16.58,1.029,-1.271,-0.301,0.392,3.357,,
2026-01-29 02:41:50.733,retreat_feeder_to_approach_machine,-73.882,487.064,1564.361,179.93,-0.266,96.368,-80.186,12.665,-125.379,-0.118,-67.025,3.491,-14.835,-1.105,0.996,0.054,0.136,-2.358,-0.94,2.25,9.47,-0.99,0.13,-0.66,16.087,1.013,-1.222,-0.276,0.341,3.231,,
2026-01-29 02:41:50.835,retreat_feeder_to_approach_machine,-66.397,489.08,1564.497,179.932,-0.266,95.59,-81.084,12.598,-125.318,-0.115,-67.018,3.372,-13.369,-0.996,0.897,0.048,0.121,-2.067,-0.82,2.42,9.58,-0.83,0.08,-0.55,15.166,0.963,-1.146,-0.251,0.299,3.043,,
2026-01-29 02:41:50.937,retreat_feeder_to_approach_machine,-59.977,490.708,1564.612,179.934,-0.266,94.922,-81.849,12.541,-125.267,-0.113,-67.011,3.273,-11.94,-0.889,0.801,0.042,0.106,-1.797,-0.75,2.57,9.54,-0.86,0.08,-0.41,14.968,0.965,-1.12,-0.231,0.257,2.948,,
2026-01-29 02:41:51.038,retreat_feeder_to_approach_machine,-53.985,492.145,1564.718,179.936,-0.267,94.299,-82.559,12.488,-125.22,-0.111,-67.006,3.184,-10.731,-0.8,0.72,0.037,0.094,-1.57,-0.64,2.66,9.46,-0.89,0.12,-0.46,14.016,0.909,-1.044,-0.21,0.225,2.753,,
2026-01-29 02:41:51.141,retreat_feeder_to_approach_machine,-48.642,493.359,1564.812,179.937,-0.267,93.744,-83.191,12.441,-125.177,-0.109,-67.001,3.108,-9.626,-0.717,0.646,0.032,0.083,-1.367,-0.61,2.61,9.55,-0.84,0.08,-0.35,13.411,0.877,-0.993,-0.192,0.195,2.603,,
2026-01-29 02:41:51.244,retreat_feeder_to_approach_machine,-43.881,494.388,1564.895,179.938,-0.267,93.248,-83.751,12.399,-125.14,-0.107,-66.997,3.043,-8.621,-0.642,0.578,0.028,0.073,-1.189,-0.52,2.75,9.69,-0.97,0.09,-0.29,12.777,0.842,-0.941,-0.175,0.169,2.451,,
2026-01-29 02:41:51.346,retreat_feeder_to_approach_machine,-39.641,495.263,1564.967,179.939,-0.266,92.806,-84.248,12.362,-125.106,-0.106,-66.993,2.987,-7.709,-0.574,0.517,0.025,0.064,-1.032,-0.55,2.78,9.63,-0.77,0.07,-0.21,12.127,0.805,-0.889,-0.16,0.147,2.298,,
2026-01-29 02:41:51.449,retreat_feeder_to_approach_machine,-35.866,496.009,1565.032,179.94,-0.266,92.412,-84.69,12.329,-125.077,-0.105,-66.99,2.939,-6.886,-0.513,0.462,0.022,0.056,-0.894,-0.45,2.8,9.61,-0.81,0.02,-0.3,11.472,0.766,-0.838,-0.145,0.127,2.148,,
2026-01-29 02:41:51.550,retreat_feeder_to_approach_machine,-32.506,496.648,1565.089,179.941,-0.266,92.061,-85.082,12.3,-125.051,-0.104,-66.987,2.897,-6.145,-0.458,0.412,0.019,0.049,-0.774,-0.37,2.88,9.51,-0.9,0.09,-0.19,10.82,0.726,-0.787,-0.133,0.11,2.001,,
2026-01-29 02:41:51.656,retreat_feeder_to_approach_machine,-29.517,497.196,1565.139,179.942,-0.266,91.747,-85.431,12.274,-125.027,-0.103,-66.984,2.862,-5.48,-0.408,0.367,0.016,0.043,-0.669,-0.4,3.01,9.57,-0.8,0.08,-0.21,10.178,0.686,-0.738,-0.121,0.095,1.86,,
2026-01-29 02:41:51.759,retreat_feeder_to_approach_machine,-26.963,497.649,1565.182,179.942,-0.266,91.479,-85.728,12.252,-125.007,-0.102,-66.982,2.833,-4.853,-0.362,0.325,0.014,0.037,-0.575,-0.34,3.04,9.64,-0.83,0.02,-0.19,9.672,0.656,-0.698,-0.11,0.082,1.736,,
2026-01-29 02:41:51.860,retreat_feeder_to_approach_machine,-24.681,498.042,1565.22,179.943,-0.265,91.239,-85.993,12.232,-124.99,-0.101,-66.98,2.807,-4.302,-0.321,0.288,0.012,0.033,-0.494,-0.24,3.06,9.5,-0.75,-0.1,-0.16,9.025,0.614,-0.65,-0.1,0.071,1.602,,
2026-01-29 02:41:51.961,retreat_feeder_to_approach_machine,-22.641,498.384,1565.254,179.943,-0.265,91.024,-86.229,12.214,-124.974,-0.101,-66.979,2.786,-3.818,-0.285,0.256,0.011,0.028,-0.425,-0.21,3.05,9.44,-0.92,0.02,-0.07,8.408,0.574,-0.604,-0.091,0.062,1.476,,
2026-01-29 02:41:52.064,retreat_feeder_to_approach_machine,-20.82,498.682,1565.284,179.944,-0.265,90.832,-86.441,12.199,-124.96,-0.1,-66.977,2.767,-3.391,-0.253,0.227,0.009,0.025,-0.366,-0.2,3.09,9.55,-0.87,-0.04,-0.06,7.822,0.536,-0.561,-0.083,0.054,1.358,,
2026-01-29 02:41:52.164,retreat_feeder_to_approach_machine,-19.193,498.942,1565.311,179.944,-0.264,90.66,-86.629,12.185,-124.947,-0.1,-66.976,2.751,-3.014,-0.225,0.202,0.008,0.021,-0.315,-0.18,3.15,9.52,-0.89,0.06,-0.07,7.267,0.499,-0.52,-0.075,0.046,1.248,,
2026-01-29 02:41:52.265,retreat_feeder_to_approach_machine,-17.739,499.169,1565.335,179.944,-0.264,90.505,-86.797,12.172,-124.936,-0.099,-66.975,2.737,-2.681,-0.2,0.18,0.007,0.019,-0.272,-0.15,3.2,9.53,-0.88,-0.01,-0.13,6.743,0.464,-0.482,-0.068,0.04,1.146,,
2026-01-29 02:41:52.366,retreat_feeder_to_approach_machine,-16.442,499.369,1565.356,179.944,-0.264,90.367,-86.947,12.161,-124.926,-0.099,-66.974,2.724,-2.386,-0.178,0.16,0.006,0.016,-0.234,-0.17,3.16,9.69,-0.94,0.08,-0.06,6.25,0.431,-0.446,-0.062,0.035,1.05,,
2026-01-29 02:41:52.470,retreat_feeder_to_approach_machine,-15.235,499.551,1565.376,179.945,-0.264,90.239,-87.086,12.151,-124.916,-0.099,-66.973,2.713,-2.137,-0.159,0.143,0.005,0.014,-0.203,-0.09,3.32,9.57,-0.97,-0.04,-0.03,5.731,0.396,-0.408,-0.056,0.031,0.957,,
2026-01-29 02:41:52.580,retreat_feeder_to_approach_machine,-14.728,499.627,1565.384,179.945,-0.264,90.185,-87.145,12.146,-124.912,-0.099,-66.973,2.709,-1.749,-0.13,0.117,0.004,0.012,-0.163,-0.14,3.18,9.57,-0.84,0.02,0.01,5.966,0.417,-0.421,-0.052,0.023,0.926,,
2026-01-29 02:41:52.680,retreat_feeder_to_approach_machine,-14.376,499.679,1565.39,179.945,-0.264,90.147,-87.185,12.143,-124.91,-0.099,-66.973,2.706,-1.414,-0.105,0.095,0.003,0.009,-0.13,-0.07,3.21,9.61,-0.89,-0.09,-0.04,5.549,0.388,-0.391,-0.047,0.019,0.848,,
2026-01-29 02:41:52.783,retreat_feeder_to_approach_machine,-13.673,499.782,1565.402,179.945,-0.263,90.072,-87.267,12.137,-124.904,-0.098,-66.972,2.7,-1.263,-0.094,0.085,0.003,0.008,-0.113,-0.09,3.31,9.54,-1.0,0.07,0.09,4.589,0.319,-0.325,-0.042,0.02,0.733,waypoint,
2026-01-29 02:41:52.886,retreat_feeder_to_approach_machine,5.051,527.481,1562.849,171.953,-0.025,91.546,-87.618,9.929,-123.543,-8.791,-66.727,4.341,-1.825,-5.591,3.467,-21.728,0.62,4.018,0.02,3.2,9.31,-5.28,1.04,2.59,1.428,-21.734,13.267,-86.961,2.469,17.131,,
2026-01-29 02:41:52.987,retreat_feeder_to_approach_machine,43.687,589.091,1560.46,154.697,-2.894,90.238,-88.229,5.392,-120.882,-28.189,-65.209,14.36,-2.896,-15.535,9.252,-64.793,4.259,28.062,0.15,3.89,8.97,-8.22,3.08,7.67,-1.311,-42.844,24.934,-185.329,14.943,99.2,,
2026-01-29 02:41:53.088,retreat_feeder_to_approach_machine,74.009,651.514,1561.692,140.636,-11.992,87.794,-88.787,1.208,-118.445,-46.223,-62.944,29.758,-3.568,-22.111,13.031,-93.679,8.858,59.542,-0.09,4.97,8.69,-10.27,5.1,13.19,-0.652,-35.035,20.2,-153.149,20.928,143.067,,
2026-01-29 02:41:53.191,retreat_feeder_to_approach_machine,94.281,709.95,1563.297,130.678,-24.561,88.106,-89.282,-2.488,-116.301,-62.227,-60.516,46.777,-3.913,-25.825,15.135,-110.268,12.712,87.202,-0.37,6.23,8.63,-11.35,6.88,17.71,0.046,-26.657,15.259,-117.531,20.452,144.965,,
2026-01-29 02:41:53.296,retreat_feeder_to_approach_machine,105.863,761.057,1563.296,123.807,-37.1,91.346,-89.705,-5.632,-114.48,-75.869,-58.275,62.912,-3.993,-27.227,15.904,-116.808,15.138,105.741,-0.68,7.54,8.64,-11.92,8.02,21.02,0.757,-18.458,10.499,-82.17,16.549,121.64,,
2026-01-29 02:41:53.397,retreat_feeder_to_approach_machine,111.493,804.959,1561.187,118.513,-48.095,96.664,-90.067,-8.313,-112.925,-87.522,-56.302,77.416,-3.901,-27.124,15.813,-116.737,16.286,115.563,-0.77,9.04,8.75,-11.98,8.6,23.16,1.289,-11.993,6.778,-54.05,12.209,93.151,,
2026-01-29 02:41:53.499,retreat_feeder_to_approach_machine,113.35,845.438,1556.749,113.369,-57.878,104.065,-90.404,-10.804,-111.48,-98.35,-54.457,91.195,-3.768,-26.569,15.473,-114.624,16.826,121.121,-0.94,10.5,8.84,-11.76,8.86,24.25,1.415,-8.887,5.01,-40.406,9.704,76.599,,
2026-01-29 02:41:53.600,retreat_feeder_to_approach_machine,112.576,879.367,1550.649,108.092,-65.51,112.71,-90.692,-12.928,-110.246,-107.586,-52.894,103.0,-3.544,-25.238,14.69,-109.057,16.527,120.352,-1.14,11.88,9.11,-11.38,8.94,24.51,1.772,-4.336,2.401,-20.434,5.919,49.191,,
2026-01-29 02:41:53.700,retreat_feeder_to_approach_machine,110.259,908.929,1543.164,101.874,-71.535,122.861,-90.947,-14.824,-109.143,-115.822,-51.517,113.454,-3.297,-23.668,13.774,-102.384,15.837,116.401,-1.14,13.02,9.24,-10.74,8.72,24.11,1.911,-1.615,0.845,-8.402,3.463,30.774,,
2026-01-29 02:41:53.802,retreat_feeder_to_approach_machine,106.921,935.607,1534.345,93.785,-76.315,135.239,-91.184,-16.585,-108.118,-123.467,-50.26,123.015,-3.064,-22.153,12.894,-95.899,15.022,111.202,-1.17,14.2,9.47,-10.15,8.31,23.16,1.911,-0.104,-0.013,-1.64,1.927,18.752,,
2026-01-29 02:41:53.905,retreat_feeder_to_approach_machine,103.152,958.545,1524.933,83.499,-79.79,149.731,-91.393,-18.148,-107.207,-130.247,-49.164,131.322,-2.821,-20.523,11.948,-88.875,14.007,104.169,-1.19,15.18,9.4,-9.39,7.8,21.95,1.994,1.881,-1.154,7.164,0.117,4.344,,
2026-01-29 02:41:54.006,retreat_feeder_to_approach_machine,99.608,976.713,1516.098,71.882,-82.022,164.996,-91.563,-19.427,-106.462,-135.787,-48.284,137.952,-2.541,-18.589,10.825,-80.505,12.704,94.702,-1.11,16.19,9.45,-8.65,7.34,20.55,2.182,4.54,-2.695,18.859,-2.059,-12.862,,
2026-01-29 02:41:54.110,retreat_feeder_to_approach_machine,95.993,993.177,1506.899,57.827,-83.563,-177.42,-91.722,-20.622,-105.764,-140.961,-47.477,143.991,-2.302,-16.931,9.862,-73.314,11.545,86.124,-1.11,16.99,9.36,-7.83,6.72,18.97,2.081,4.915,-2.907,20.623,-2.579,-17.483,,
2026-01-29 02:41:54.213,retreat_feeder_to_approach_machine,92.577,1007.408,1497.926,43.002,-84.484,-159.385,-91.862,-21.689,-105.142,-145.572,-46.772,149.227,-2.079,-15.365,8.952,-66.513,10.423,77.684,-1.01,17.75,9.51,-7.22,6.21,17.37,2.049,5.711,-3.367,24.194,-3.335,-23.766,,
2026-01-29 02:41:54.314,retreat_feeder_to_approach_machine,89.286,1020.218,1488.949,28.444,-84.998,-141.819,-91.993,-22.68,-104.564,-149.849,-46.13,153.944,-1.885,-14.002,8.158,-60.577,9.421,70.054,-0.89,18.55,9.44,-6.48,5.66,15.83,1.95,5.9,-3.475,25.115,-3.642,-26.586,,
2026-01-29 02:41:54.415,retreat_feeder_to_approach_machine,86.298,1031.248,1480.466,16.033,-85.251,-126.737,-92.108,-23.56,-104.051,-153.641,-45.573,157.998,-1.702,-12.701,7.401,-54.913,8.458,62.676,-0.75,18.98,9.42,-5.79,5.01,14.27,1.905,6.421,-3.777,27.453,-4.125,-30.55,,
2026-01-29 02:41:54.518,retreat_feeder_to_approach_machine,83.617,1040.762,1472.536,6.04,-85.385,-114.382,-92.21,-24.341,-103.596,-157.002,-45.09,161.48,-1.532,-11.479,6.688,-49.589,7.551,55.713,-0.77,19.67,9.28,-5.21,4.59,12.82,1.847,6.765,-3.977,29.009,-4.451,-33.213,,
2026-01-29 02:41:54.620,retreat_feeder_to_approach_machine,81.227,1048.985,1465.188,-1.837,-85.48,-104.423,-92.301,-25.035,-103.193,-159.983,-44.672,164.47,-1.375,-10.343,6.026,-44.643,6.71,49.258,-0.69,19.97,9.32,-4.65,4.11,11.49,1.78,6.964,-4.092,29.922,-4.65,-34.82,,
2026-01-29 02:41:54.721,retreat_feeder_to_approach_machine,79.193,1055.827,1458.696,-7.811,-85.568,-96.689,-92.378,-25.627,-102.849,-162.521,-44.323,166.936,-1.224,-9.237,5.38,-39.828,5.903,43.109,-0.55,20.38,9.23,-4.12,3.61,10.28,1.737,7.288,-4.279,31.35,-4.887,-36.572,,
2026-01-29 02:41:54.825,retreat_feeder_to_approach_machine,77.312,1062.039,1452.486,-12.776,-85.674,-90.105,-92.449,-26.176,-102.529,-164.876,-44.008,169.151,-1.096,-8.301,4.833,-35.757,5.217,37.869,-0.47,20.74,9.09,-3.6,3.24,9.07,1.619,6.98,-4.099,30.056,-4.726,-35.428,,
2026-01-29 02:41:54.927,retreat_feeder_to_approach_machine,75.72,1067.228,1447.055,-16.59,-85.792,-84.925,-92.51,-26.645,-102.257,-166.881,-43.745,170.977,-0.973,-7.398,4.305,-31.831,4.568,32.967,-0.48,20.99,9.03,-3.19,2.89,8.04,1.563,7.09,-4.161,30.542,-4.786,-35.773,,
2026-01-29 02:41:55.030,retreat_feeder_to_approach_machine,74.253,1071.956,1441.901,-19.79,-85.93,-80.468,-92.566,-27.08,-102.004,-168.74,-43.508,172.616,-0.871,-6.637,3.86,-28.522,4.02,28.823,-0.22,21.08,9.0,-2.77,2.58,7.12,1.451,6.714,-3.941,28.942,-4.557,-34.064,,
2026-01-29 02:41:55.134,retreat_feeder_to_approach_machine,73.014,1075.919,1437.426,-22.252,-86.074,-76.944,-92.614,-27.452,-101.789,-170.324,-43.31,173.967,-0.773,-5.906,3.433,-25.352,3.508,24.995,-0.32,21.45,8.88,-2.32,2.27,6.32,1.39,6.683,-3.92,28.805,-4.503,-33.54,,
2026-01-29 02:41:55.235,retreat_feeder_to_approach_machine,71.874,1079.541,1433.203,-24.296,-86.233,-73.922,-92.658,-27.797,-101.59,-171.794,-43.132,175.179,-0.691,-5.292,3.074,-22.687,3.077,21.777,-0.26,21.67,8.79,-2.01,2.03,5.49,1.285,6.279,-3.683,27.073,-4.242,-31.571,,
2026-01-29 02:41:55.339,retreat_feeder_to_approach_machine,70.871,1082.71,1429.404,-25.885,-86.396,-71.471,-92.697,-28.103,-101.412,-173.096,-42.978,176.219,-0.616,-4.735,2.748,-20.271,2.692,18.931,-0.16,21.71,8.7,-1.78,1.76,4.78,1.207,6.038,-3.541,26.032,-4.061,-30.147,,
2026-01-29 02:41:55.441,retreat_feeder_to_approach_machine,69.99,1085.485,1425.991,-27.081,-86.56,-69.517,-92.732,-28.375,-101.255,-174.251,-42.845,177.109,-0.55,-4.231,2.454,-18.091,2.352,16.425,-0.28,21.93,8.56,-1.55,1.5,4.19,1.131,5.777,-3.387,24.905,-3.866,-28.618,,
2026-01-29 02:41:55.544,retreat_feeder_to_approach_machine,69.215,1087.92,1422.931,-27.929,-86.723,-67.999,-92.763,-28.617,-101.116,-175.275,-42.731,177.872,-0.49,-3.777,2.189,-16.128,2.05,14.226,-0.16,22.12,8.67,-1.38,1.4,3.71,1.057,5.504,-3.226,23.724,-3.661,-27.03,,
2026-01-29 02:41:55.644,retreat_feeder_to_approach_machine,68.533,1090.059,1420.19,-28.469,-86.882,-66.869,-92.791,-28.831,-100.992,-176.183,-42.632,178.526,-0.436,-3.369,1.951,-14.366,1.785,12.305,-0.12,22.3,8.51,-1.02,1.16,3.25,0.987,5.225,-3.061,22.512,-3.452,-25.42,,
2026-01-29 02:41:55.748,retreat_feeder_to_approach_machine,67.932,1091.939,1417.74,-28.729,-87.035,-66.087,-92.815,-29.022,-100.883,-176.988,-42.546,179.087,-0.388,-3.003,1.737,-12.787,1.552,10.629,-0.12,22.32,8.56,-0.92,1.03,2.81,0.919,4.942,-2.894,21.29,-3.243,-23.814,,
2026-01-29 02:41:55.850,retreat_feeder_to_approach_machine,67.403,1093.593,1415.55,-28.737,-87.18,-65.618,-92.837,-29.191,-100.785,-177.702,-42.473,179.567,-0.345,-2.675,1.546,-11.375,1.348,9.172,-0.18,22.36,8.39,-0.68,0.79,2.36,0.855,4.662,-2.729,20.073,-3.036,-22.235,,
2026-01-29 02:41:55.953,retreat_feeder_to_approach_machine,66.937,1095.05,1413.596,-28.517,-87.318,-65.432,-92.856,-29.341,-100.699,-178.335,-42.409,179.978,-0.307,-2.381,1.375,-10.113,1.17,7.907,-0.14,22.56,8.33,-0.56,0.77,2.13,0.793,4.385,-2.566,18.874,-2.834,-20.7,,
2026-01-29 02:41:56.057,retreat_feeder_to_approach_machine,66.526,1096.335,1411.853,-28.089,-87.447,-65.5,-92.873,-29.474,-100.623,-178.896,-42.354,180.33,-0.273,-2.119,1.223,-8.988,1.014,6.811,-0.15,22.58,8.26,-0.32,0.69,1.72,0.736,4.115,-2.407,17.703,-2.638,-19.219,,
2026-01-29 02:41:56.157,retreat_feeder_to_approach_machine,66.163,1097.468,1410.3,-27.476,-87.567,-65.794,-92.888,-29.592,-100.555,-179.394,-42.307,180.632,-0.242,-1.885,1.087,-7.986,0.879,5.863,-0.05,22.67,8.32,-0.28,0.56,1.62,0.681,3.853,-2.252,16.569,-2.45,-17.803,,
2026-01-29 02:41:56.262,retreat_feeder_to_approach_machine,65.843,1098.468,1408.916,-26.699,-87.678,-66.29,-92.902,-29.698,-100.495,-179.835,-42.266,180.89,-0.215,-1.677,0.966,-7.093,0.761,5.043,-0.09,22.68,8.25,-0.16,0.4,1.38,0.63,3.6,-2.104,15.475,-2.27,-16.455,,
2026-01-29 02:41:56.365,retreat_feeder_to_approach_machine,65.56,1099.352,1407.684,-25.778,-87.78,-66.961,-92.914,-29.791,-100.441,-180.227,-42.231,181.112,-0.191,-1.491,0.858,-6.298,0.658,4.336,-0.06,22.65,8.13,-0.12,0.44,1.17,0.582,3.358,-1.961,14.427,-2.099,-15.181,,
2026-01-29 02:41:56.469,retreat_feeder_to_approach_machine,65.33,1100.071,1406.674,-24.827,-87.865,-67.709,-92.923,-29.867,-100.397,-180.546,-42.203,181.287,-0.168,-1.309,0.752,-5.523,0.564,3.689,-0.12,22.75,8.07,0.1,0.46,1.05,0.546,3.192,-1.863,13.701,-1.961,-14.127,,
2026-01-29 02:41:56.568,retreat_feeder_to_approach_machine,65.124,1100.714,1405.767,-23.79,-87.943,-68.563,-92.932,-29.936,-100.358,-180.833,-42.179,181.438,-0.148,-1.153,0.662,-4.858,0.484,3.146,-0.05,22.85,8.13,0.04,0.29,0.86,0.501,2.952,-1.722,12.664,-1.8,-12.946,,
2026-01-29 02:41:56.670,retreat_feeder_to_approach_machine,64.932,1101.312,1404.917,-22.633,-88.017,-69.551,-92.94,-30.0,-100.322,-181.1,-42.157,181.576,-0.131,-1.025,0.588,-4.313,0.418,2.703,0.01,22.8,8.2,0.25,0.15,0.93,0.457,2.701,-1.575,11.586,-1.642,-11.797,,
2026-01-29 02:41:56.773,retreat_feeder_to_approach_machine,64.762,1101.845,1404.158,-21.419,-88.084,-70.613,-92.947,-30.057,-100.289,-181.339,-42.138,181.694,-0.117,-0.911,0.522,-3.831,0.361,2.323,-0.05,22.74,8.06,0.25,0.13,0.62,0.42,2.5,-1.458,10.718,-1.508,-10.807,,
2026-01-29 02:41:56.874,retreat_feeder_to_approach_machine,64.611,1102.318,1403.48,-20.167,-88.143,-71.731,-92.954,-30.108,-100.26,-181.552,-42.121,181.796,-0.104,-0.811,0.464,-3.405,0.313,1.997,0.03,22.82,8.18,0.23,0.21,0.61,0.386,2.311,-1.347,9.906,-1.382,-9.89,,
2026-01-29 02:41:56.977,retreat_feeder_to_approach_machine,64.476,1102.74,1402.874,-18.894,-88.197,-72.884,-92.96,-30.153,-100.234,-181.741,-42.107,181.884,-0.092,-0.722,0.413,-3.027,0.271,1.717,-0.09,22.91,8.05,0.32,0.1,0.61,0.354,2.135,-1.244,9.146,-1.266,-9.042,,
2026-01-29 02:41:57.081,retreat_feeder_to_approach_machine,64.357,1103.115,1402.333,-17.615,-88.244,-74.056,-92.965,-30.194,-100.211,-181.91,-42.094,181.959,-0.082,-0.643,0.368,-2.693,0.234,1.477,0.0,22.93,8.07,0.38,0.13,0.39,0.325,1.97,-1.148,8.437,-1.159,-8.259,,
2026-01-29 02:41:57.184,retreat_feeder_to_approach_machine,64.25,1103.449,1401.85,-16.345,-88.287,-75.231,-92.97,-30.23,-100.191,-182.061,-42.083,182.024,-0.073,-0.573,0.327,-2.396,0.203,1.271,-0.1,22.92,8.03,0.38,0.11,0.31,0.298,1.817,-1.058,7.777,-1.06,-7.538,,
2026-01-29 02:41:57.286,retreat_feeder_to_approach_machine,64.159,1103.734,1401.437,-15.15,-88.322,-76.345,-92.973,-30.261,-100.173,-182.189,-42.074,182.078,-0.065,-0.507,0.289,-2.119,0.175,1.088,0.0,22.82,7.91,0.46,0.07,0.39,0.275,1.688,-0.982,7.218,-0.972,-6.897,,
2026-01-29 02:41:57.389,retreat_feeder_to_approach_machine,64.074,1104.0,1401.05,-13.932,-88.355,-77.487,-92.977,-30.29,-100.157,-182.31,-42.066,182.127,-0.058,-0.453,0.258,-1.89,0.152,0.938,-0.05,22.91,8.04,0.5,0.02,0.27,0.25,1.539,-0.895,6.581,-0.883,-6.259,,
2026-01-29 02:41:57.493,retreat_feeder_to_approach_machine,63.996,1104.247,1400.691,-12.705,-88.386,-78.643,-92.981,-30.317,-100.141,-182.421,-42.059,182.171,-0.052,-0.407,0.232,-1.696,0.132,0.812,0.02,22.86,7.94,0.57,0.05,0.32,0.228,1.406,-0.818,6.009,-0.803,-5.684,waypoint,
2026-01-29 02:41:57.595,retreat_feeder_to_approach_machine,52.801,1139.179,1401.95,-23.028,-87.244,-68.48,-92.229,-32.159,-96.945,-181.039,-41.645,181.859,1.84,-4.911,8.164,2.183,1.133,-0.17,-0.04,23.43,8.47,0.88,0.95,-0.15,7.756,-16.889,31.07,20.345,3.338,-8.67,,
2026-01-29 02:41:57.699,retreat_feeder_to_approach_machine,39.339,1176.858,1401.588,-25.174,-86.693,-66.553,-91.393,-34.198,-93.4,-179.423,-40.593,180.924,3.469,-8.78,14.986,5.677,3.48,-2.465,-0.02,23.91,8.84,1.22,2.2,-0.58,7.817,-17.165,31.456,20.651,9.393,-14.036,,
2026-01-29 02:41:57.799,retreat_feeder_to_approach_machine,26.852,1208.195,1400.116,-24.272,-86.671,-67.61,-90.679,-35.942,-90.365,-178.039,-39.359,179.761,4.389,-10.945,18.828,7.719,5.695,-4.757,-0.04,24.41,9.1,1.38,3.43,-1.12,5.831,-12.499,23.213,16.27,10.271,-14.912,,
2026-01-29 02:41:57.900,retreat_feeder_to_approach_machine,14.894,1235.543,1398.086,-21.894,-86.881,-70.087,-90.037,-37.506,-87.642,-176.795,-38.088,178.515,4.894,-12.118,20.928,8.898,7.45,-6.682,-0.16,25.04,9.46,1.51,4.37,-1.54,4.51,-9.446,17.767,13.23,9.616,-14.246,,
2026-01-29 02:41:58.003,retreat_feeder_to_approach_machine,3.069,1260.441,1395.7,-18.216,-87.19,-73.814,-89.438,-38.968,-85.095,-175.631,-36.815,177.232,5.17,-12.744,22.064,9.583,8.768,-8.22,-0.23,25.64,9.59,1.66,5.03,-1.67,3.644,-7.488,14.232,11.114,8.664,-13.199,,
2026-01-29 02:41:58.105,retreat_feeder_to_approach_machine,-7.53,1281.2,1393.354,-13.744,-87.492,-78.291,-88.925,-40.219,-82.915,-174.635,-35.694,176.076,5.16,-12.686,21.997,9.679,9.379,-9.053,-0.24,26.39,9.78,1.64,5.23,-1.96,2.414,-4.628,9.133,8.33,6.287,-10.601,,
2026-01-29 02:41:58.209,retreat_feeder_to_approach_machine,-17.834,1300.145,1390.946,-8.289,-87.773,-83.72,-88.445,-41.389,-80.877,-173.702,-34.637,174.97,5.07,-12.439,21.594,9.591,9.677,-9.555,-0.27,26.85,9.95,1.65,5.44,-1.96,1.84,-3.355,6.809,6.856,5.017,-9.045,,
2026-01-29 02:41:58.309,retreat_feeder_to_approach_machine,-26.942,1315.984,1388.745,-2.604,-87.993,-89.357,-88.034,-42.39,-79.133,-172.904,-33.737,174.019,4.829,-11.833,20.555,9.188,9.509,-9.545,-0.36,27.35,9.97,1.77,5.38,-2.03,0.963,-1.33,3.184,4.825,2.95,-6.598,,
2026-01-29 02:41:58.409,retreat_feeder_to_approach_machine,-35.331,1329.892,1386.676,3.191,-88.165,-95.091,-87.666,-43.288,-77.569,-172.189,-32.938,173.17,4.542,-11.119,19.327,8.68,9.127,-9.28,-0.44,27.93,10.21,1.66,5.32,-1.97,0.443,-0.164,1.065,3.518,1.633,-4.907,,
2026-01-29 02:41:58.514,retreat_feeder_to_approach_machine,-43.362,1342.641,1384.669,8.985,-88.299,-100.813,-87.322,-44.128,-76.106,-171.52,-32.204,172.387,4.267,-10.438,18.151,8.182,8.682,-8.917,-0.46,28.38,10.05,1.52,5.08,-1.89,0.16,0.434,-0.055,2.7,0.832,-3.759,,
2026-01-29 02:41:58.616,retreat_feeder_to_approach_machine,-50.371,1353.347,1382.904,13.971,-88.393,-105.725,-87.027,-44.846,-74.855,-170.947,-31.587,171.73,3.937,-9.625,16.742,7.567,8.053,-8.331,-0.4,28.8,10.06,1.6,4.69,-1.86,-0.353,1.603,-2.162,1.462,-0.43,-2.126,,
2026-01-29 02:41:58.717,retreat_feeder_to_approach_machine,-56.761,1362.788,1381.287,18.222,-88.461,-109.901,-86.763,-45.491,-73.733,-170.435,-31.045,171.154,3.613,-8.83,15.362,6.957,7.394,-7.689,-0.45,29.1,10.25,1.56,4.41,-1.74,-0.622,2.184,-3.238,0.722,-1.135,-1.104,,
2026-01-29 02:41:58.818,retreat_feeder_to_approach_machine,-62.574,1371.124,1379.812,21.66,-88.512,-113.265,-86.526,-46.068,-72.726,-169.975,-30.57,170.65,3.302,-8.067,14.037,6.367,6.735,-7.026,-0.5,29.54,10.18,1.46,4.15,-1.59,-0.832,2.631,-4.074,0.117,-1.683,-0.271,,
2026-01-29 02:41:58.919,retreat_feeder_to_approach_machine,-68.078,1378.808,1378.415,24.394,-88.552,-115.925,-86.305,-46.609,-71.785,-169.546,-30.135,170.191,3.031,-7.401,12.88,5.849,6.139,-6.416,-0.37,29.89,10.11,1.46,3.72,-1.5,-0.902,2.742,-4.318,-0.195,-1.921,0.21,,
2026-01-29 02:41:59.021,retreat_feeder_to_approach_machine,-72.838,1385.296,1377.208,26.249,-88.583,-117.713,-86.115,-47.071,-70.98,-169.179,-29.771,169.81,2.747,-6.707,11.673,5.304,5.513,-5.765,-0.4,30.19,10.19,1.39,3.43,-1.43,-1.132,3.248,-5.246,-0.799,-2.441,0.963,,
2026-01-29 02:41:59.123,retreat_feeder_to_approach_machine,-77.332,1391.29,1376.072,27.488,-88.609,-118.886,-85.938,-47.504,-70.227,-168.835,-29.439,169.464,2.503,-6.111,10.637,4.836,4.966,-5.189,-0.41,30.37,10.1,1.37,3.18,-1.24,-1.142,3.222,-5.243,-0.959,-2.51,1.219,,
2026-01-29 02:41:59.225,retreat_feeder_to_approach_machine,-81.208,1396.363,1375.094,28.099,-88.631,-119.439,-85.786,-47.874,-69.583,-168.542,-29.161,169.177,2.257,-5.508,9.588,4.36,4.42,-4.609,-0.39,30.67,10.1,1.34,2.8,-1.17,-1.283,3.524,-5.806,-1.361,-2.805,1.686,,
2026-01-29 02:41:59.327,retreat_feeder_to_approach_machine,-84.857,1401.059,1374.176,28.239,-88.65,-119.523,-85.644,-48.22,-68.981,-168.268,-28.907,168.917,2.047,-4.996,8.697,3.956,3.95,-4.107,-0.4,30.94,10.06,1.23,2.63,-1.0,-1.253,3.412,-5.643,-1.417,-2.764,1.786,,
2026-01-29 02:41:59.427,retreat_feeder_to_approach_machine,-87.863,1404.87,1373.424,28.001,-88.665,-119.239,-85.528,-48.503,-68.487,-168.044,-28.703,168.711,1.826,-4.456,7.756,3.527,3.47,-3.597,-0.37,31.07,10.04,1.25,2.25,-0.92,-1.385,3.698,-6.171,-1.774,-2.995,2.144,,
2026-01-29 02:41:59.529,retreat_feeder_to_approach_machine,-90.83,1408.582,1372.684,27.421,-88.679,-118.612,-85.414,-48.781,-68.003,-167.824,-28.508,168.514,1.655,-4.037,7.028,3.196,3.091,-3.189,-0.26,31.19,10.03,1.21,1.99,-0.77,-1.267,3.378,-5.642,-1.638,-2.777,2.028,,
2026-01-29 02:41:59.633,retreat_feeder_to_approach_machine,-93.491,1411.87,1372.025,26.581,-88.691,-117.73,-85.312,-49.03,-67.571,-167.628,-28.338,168.344,1.496,-3.649,6.352,2.887,2.743,-2.817,-0.27,31.33,9.9,1.17,1.77,-0.69,-1.263,3.34,-5.599,-1.713,-2.75,2.094,,
2026-01-29 02:41:59.734,retreat_feeder_to_approach_machine,-95.775,1414.663,1371.462,25.596,-88.7,-116.708,-85.225,-49.242,-67.201,-167.46,-28.196,168.203,1.339,-3.268,5.688,2.585,2.413,-2.464,-0.26,31.51,9.89,1.16,1.62,-0.66,-1.284,3.365,-5.664,-1.826,-2.754,2.176,,
2026-01-29 02:41:59.834,retreat_feeder_to_approach_machine,-97.831,1417.154,1370.958,24.485,-88.707,-115.564,-85.147,-49.433,-66.869,-167.309,-28.072,168.081,1.2,-2.927,5.095,2.314,2.121,-2.154,-0.21,31.65,9.89,1.11,1.44,-0.67,-1.246,3.247,-5.479,-1.818,-2.654,2.143,,
2026-01-29 02:41:59.939,retreat_feeder_to_approach_machine,-99.76,1419.469,1370.488,23.235,-88.712,-114.283,-85.074,-49.611,-66.559,-167.169,-27.958,167.97,1.083,-2.641,4.597,2.087,1.875,-1.892,-0.17,31.77,9.9,1.09,1.21,-0.57,-1.172,3.046,-5.146,-1.735,-2.496,2.044,,
2026-01-29 02:42:00.041,retreat_feeder_to_approach_machine,-101.414,1421.441,1370.088,21.992,-88.715,-113.013,-85.011,-49.763,-66.294,-167.049,-27.863,167.879,0.968,-2.362,4.111,1.866,1.644,-1.648,-0.16,31.87,9.8,1.03,1.15,-0.43,-1.16,2.999,-5.08,-1.765,-2.434,2.03,,
2026-01-29 02:42:00.141,retreat_feeder_to_approach_machine,-102.9,1423.201,1369.73,20.732,-88.717,-111.729,-84.955,-49.9,-66.056,-166.941,-27.779,167.799,0.866,-2.113,3.678,1.668,1.441,-1.435,-0.21,32.0,9.78,1.02,1.01,-0.35,-1.108,2.856,-4.846,-1.713,-2.308,1.947,,
2026-01-29 02:42:00.244,retreat_feeder_to_approach_machine,-104.293,1424.841,1369.398,19.422,-88.717,-110.397,-84.903,-50.028,-65.833,-166.841,-27.703,167.727,0.781,-1.905,3.315,1.503,1.272,-1.256,-0.04,32.08,9.76,0.99,0.88,-0.41,-1.034,2.659,-4.515,-1.612,-2.149,1.828,,
2026-01-29 02:42:00.345,retreat_feeder_to_approach_machine,-105.487,1426.238,1369.114,18.196,-88.716,-109.152,-84.858,-50.137,-65.643,-166.755,-27.639,167.668,0.698,-1.702,2.962,1.342,1.113,-1.091,-0.12,32.17,9.73,1.08,0.7,-0.3,-1.006,2.578,-4.385,-1.597,-2.059,1.769,,
2026-01-29 02:42:00.451,retreat_feeder_to_approach_machine,-106.605,1427.541,1368.851,16.957,-88.714,-107.895,-84.816,-50.24,-65.465,-166.674,-27.581,167.614,0.628,-1.532,2.667,1.207,0.98,-0.954,-0.23,32.08,9.66,1.0,0.66,-0.24,-0.935,2.391,-4.07,-1.493,-1.908,1.649,,
2026-01-29 02:42:00.555,retreat_feeder_to_approach_machine,-107.604,1428.7,1368.617,15.772,-88.71,-106.695,-84.779,-50.331,-65.306,-166.603,-27.531,167.567,0.565,-1.378,2.397,1.085,0.862,-0.832,-0.16,32.21,9.71,0.94,0.64,-0.22,-0.886,2.262,-3.855,-1.431,-1.792,1.558,,
2026-01-29 02:42:00.655,retreat_feeder_to_approach_machine,-108.459,1429.688,1368.419,14.697,-88.706,-105.607,-84.747,-50.409,-65.17,-166.541,-27.488,167.528,0.504,-1.229,2.138,0.967,0.752,-0.72,-0.16,32.26,9.62,0.9,0.48,-0.26,-0.852,2.168,-3.699,-1.392,-1.696,1.482,,
2026-01-29 02:42:00.756,retreat_feeder_to_approach_machine,-109.227,1430.573,1368.242,13.683,-88.702,-104.581,-84.718,-50.479,-65.048,-166.486,-27.451,167.495,0.45,-1.097,1.908,0.862,0.657,-0.624,-0.19,32.32,9.72,0.95,0.37,-0.16,-0.8,2.032,-3.469,-1.316,-1.579,1.385,,
2026-01-29 02:42:00.858,retreat_feeder_to_approach_machine,-109.916,1431.365,1368.084,12.732,-88.697,-103.619,-84.692,-50.542,-64.939,-166.437,-27.419,167.466,0.402,-0.979,1.704,0.77,0.574,-0.541,-0.15,32.36,9.7,0.87,0.36,-0.08,-0.749,1.901,-3.248,-1.242,-1.467,1.291,waypoint,
2026-01-29 02:42:00.960,approach_machine_to_place,-110.509,1432.175,1365.795,14.142,-88.77,-105.011,-84.671,-50.668,-64.873,-166.423,-27.401,167.446,0.353,-1.05,1.444,0.614,0.475,-0.456,0.13,24.92,7.15,0.69,0.35,-0.11,-0.724,1.079,-3.351,-1.463,-1.466,1.252,,
2026-01-29 02:42:01.062,approach_machine_to_place,-111.217,1433.909,1350.33,32.033,-89.137,-122.842,-84.653,-51.26,-64.949,-166.6,-27.591,167.519,0.31,-2.267,0.892,0.017,-0.12,-0.16,0.16,26.79,7.79,0.75,-0.32,0.06,-0.678,-3.689,-4.448,-3.237,-3.405,2.055,,
2026-01-29 02:42:01.165,approach_machine_to_place,-111.765,1435.314,1336.724,45.642,-89.292,-136.434,-84.637,-51.794,-65.02,-166.761,-27.949,167.677,0.274,-3.036,0.491,-0.389,-0.985,0.276,0.11,28.23,8.31,0.75,-0.7,0.08,-0.628,-2.741,-3.949,-2.747,-4.739,2.703,,
2026-01-29 02:42:01.269,approach_machine_to_place,-112.227,1436.5,1324.193,52.744,-89.38,-143.539,-84.621,-52.294,-65.088,-166.91,-28.388,167.882,0.244,-3.526,0.199,-0.665,-1.836,0.719,0.06,29.46,8.49,0.7,-1.1,0.21,-0.575,-2.121,-3.517,-2.357,-5.073,2.902,,
2026-01-29 02:42:01.372,approach_machine_to_place,-112.597,1437.421,1313.564,54.526,-89.446,-145.333,-84.608,-52.721,-65.146,-167.037,-28.813,168.088,0.216,-3.713,0.004,-0.816,-2.441,1.055,-0.08,30.36,8.79,0.7,-1.35,0.19,-0.539,-1.188,-3.072,-1.902,-4.432,2.623,,
2026-01-29 02:42:01.474,approach_machine_to_place,-112.917,1438.173,1304.073,53.324,-89.505,-144.144,-84.596,-53.105,-65.199,-167.151,-29.218,168.289,0.192,-3.743,-0.128,-0.897,-2.841,1.293,-0.05,31.09,8.91,0.71,-1.66,0.16,-0.499,-0.628,-2.707,-1.579,-3.777,2.308,,
2026-01-29 02:42:01.578,approach_machine_to_place,-113.198,1438.79,1295.578,50.395,-89.559,-141.228,-84.585,-53.448,-65.246,-167.253,-29.589,168.477,0.17,-3.667,-0.214,-0.928,-3.06,1.44,-0.1,31.71,9.0,0.81,-1.79,0.3,-0.461,-0.17,-2.383,-1.303,-3.073,1.95,,
2026-01-29 02:42:01.680,approach_machine_to_place,-113.459,1439.318,1287.636,46.357,-89.609,-137.2,-84.576,-53.77,-65.29,-167.349,-29.939,168.656,0.153,-3.554,-0.271,-0.935,-3.169,1.529,0.01,32.19,9.18,0.81,-1.91,0.32,-0.422,0.07,-2.114,-1.107,-2.546,1.667,,
2026-01-29 02:42:01.783,approach_machine_to_place,-113.681,1439.732,1280.837,42.102,-89.651,-132.953,-84.567,-54.045,-65.328,-167.43,-30.237,168.81,0.136,-3.353,-0.297,-0.906,-3.121,1.531,0.0,32.6,9.22,0.67,-1.87,0.35,-0.394,0.527,-1.839,-0.859,-1.77,1.246,,
2026-01-29 02:42:01.887,approach_machine_to_place,-113.88,1440.074,1274.733,37.813,-89.688,-128.669,-84.559,-54.292,-65.361,-167.504,-30.5,168.947,0.121,-3.131,-0.307,-0.863,-2.999,1.491,-0.07,32.74,9.23,0.69,-1.79,0.29,-0.364,0.758,-1.616,-0.689,-1.253,0.952,,
2026-01-29 02:42:01.990,approach_machine_to_place,-114.06,1440.357,1269.251,33.708,-89.722,-124.568,-84.553,-54.513,-65.392,-167.57,-30.733,169.068,0.108,-2.902,-0.306,-0.812,-2.831,1.421,-0.02,33.06,9.31,0.75,-1.79,0.26,-0.335,0.937,-1.419,-0.544,-0.818,0.698,,
2026-01-29 02:42:02.091,approach_machine_to_place,-114.221,1440.593,1264.328,29.92,-89.754,-120.782,-84.546,-54.711,-65.419,-167.629,-30.937,169.175,0.096,-2.672,-0.297,-0.757,-2.635,1.333,-0.03,33.23,9.35,0.78,-1.64,0.32,-0.309,1.072,-1.246,-0.422,-0.457,0.483,,
2026-01-29 02:42:02.192,approach_machine_to_place,-114.367,1440.789,1259.905,26.519,-89.783,-117.381,-84.541,-54.889,-65.443,-167.682,-31.117,169.269,0.086,-2.449,-0.284,-0.7,-2.425,1.233,-0.02,33.33,9.27,0.72,-1.48,0.27,-0.284,1.169,-1.093,-0.319,-0.163,0.303,,
2026-01-29 02:42:02.294,approach_machine_to_place,-114.504,1440.959,1255.762,23.418,-89.812,-114.28,-84.536,-55.056,-65.466,-167.731,-31.282,169.354,0.077,-2.253,-0.269,-0.649,-2.23,1.138,-0.07,33.47,9.27,0.75,-1.51,0.4,-0.259,1.168,-0.968,-0.253,0.006,0.191,,
2026-01-29 02:42:02.398,approach_machine_to_place,-114.622,1441.095,1252.211,20.91,-89.838,-111.771,-84.531,-55.198,-65.485,-167.774,-31.419,169.425,0.069,-2.045,-0.251,-0.593,-2.017,1.031,-0.05,33.46,9.14,0.72,-1.35,0.24,-0.241,1.291,-0.838,-0.156,0.275,0.029,,
2026-01-29 02:42:02.497,approach_machine_to_place,-114.729,1441.209,1249.021,18.877,-89.863,-109.737,-84.527,-55.326,-65.502,-167.812,-31.54,169.487,0.062,-1.853,-0.231,-0.54,-1.814,0.928,0.03,33.57,9.29,0.73,-1.19,0.16,-0.221,1.309,-0.734,-0.097,0.417,-0.064,,
2026-01-29 02:42:02.598,approach_machine_to_place,-114.825,1441.305,1246.156,17.38,-89.887,-108.238,-84.524,-55.44,-65.518,-167.846,-31.646,169.541,0.055,-1.676,-0.212,-0.49,-1.625,0.831,-0.05,33.62,9.18,0.68,-1.05,0.19,-0.203,1.31,-0.642,-0.048,0.524,-0.138,,
2026-01-29 02:42:02.699,approach_machine_to_place,-114.912,1441.386,1243.582,16.556,-89.911,-107.412,-84.521,-55.543,-65.532,-167.876,-31.738,169.588,0.049,-1.514,-0.194,-0.444,-1.451,0.741,-0.06,33.7,9.18,0.75,-1.09,0.17,-0.187,1.297,-0.562,-0.008,0.602,-0.193,waypoint,
2026-01-29 02:42:02.803,place_on_machine,-114.987,1441.452,1241.37,16.707,-89.932,-107.56,-84.518,-55.631,-65.544,-167.903,-31.816,169.627,0.044,-1.356,-0.175,-0.399,-1.283,0.654,-0.07,33.72,9.21,0.81,-0.93,0.15,-0.172,1.313,-0.486,0.036,0.691,-0.252,,
2026-01-29 02:42:02.906,place_on_machine,-115.058,1441.511,1239.284,18.744,-89.953,-109.595,-84.515,-55.714,-65.555,-167.927,-31.888,169.663,0.039,-1.224,-0.16,-0.361,-1.141,0.58,-0.04,33.72,9.2,0.82,-0.81,0.18,-0.157,1.233,-0.43,0.048,0.683,-0.26,,
2026-01-29 02:42:03.013,place_on_machine,-115.116,1441.557,1237.572,24.996,-89.971,-115.844,-84.513,-55.782,-65.564,-167.948,-31.945,169.691,0.035,-1.088,-0.143,-0.321,-0.999,0.506,-0.04,33.76,9.25,0.68,-0.81,0.03,-0.146,1.26,-0.367,0.088,0.757,-0.308,,
2026-01-29 02:42:03.119,place_on_machine,-115.152,1441.583,1236.546,36.462,-89.982,-127.309,-84.512,-55.822,-65.57,-167.96,-31.979,169.708,0.029,-0.918,-0.121,-0.271,-0.834,0.422,0.03,33.73,9.07,0.73,-0.67,0.11,-0.14,1.406,-0.293,0.16,0.918,-0.395,,
2026-01-29 02:42:03.224,place_on_machine,-115.185,1441.608,1235.583,70.22,-89.989,-161.065,-84.511,-55.861,-65.575,-167.971,-32.01,169.724,0.025,-0.784,-0.103,-0.232,-0.704,0.355,-0.07,33.73,9.09,0.73,-0.66,0.05,-0.126,1.291,-0.26,0.152,0.851,-0.369,,
2026-01-29 02:42:03.328,place_on_machine,-115.22,1441.633,1234.545,134.229,-89.987,134.928,-84.51,-55.902,-65.58,-167.983,-32.043,169.74,0.022,-0.69,-0.091,-0.204,-0.611,0.307,-0.04,33.74,9.03,0.71,-0.64,0.05,-0.113,1.133,-0.238,0.128,0.747,-0.323,,
2026-01-29 02:42:03.428,place_on_machine,-115.267,1441.664,1233.214,161.241,-89.973,107.918,-84.508,-55.954,-65.587,-167.999,-32.085,169.76,0.02,-0.649,-0.086,-0.193,-0.562,0.281,-0.02,33.75,9.09,0.83,-0.5,0.04,-0.098,0.904,-0.23,0.081,0.587,-0.25,,
2026-01-29 02:42:03.529,place_on_machine,-115.312,1441.694,1231.905,168.356,-89.956,100.806,-84.506,-56.006,-65.594,-168.014,-32.125,169.78,0.019,-0.616,-0.082,-0.183,-0.522,0.259,-0.06,33.75,9.08,0.89,-0.46,0.04,-0.089,0.823,-0.206,0.076,0.545,-0.235,,
2026-01-29 02:42:03.632,place_on_machine,-115.353,1441.72,1230.735,170.875,-89.94,98.289,-84.505,-56.052,-65.601,-168.028,-32.16,169.796,0.018,-0.578,-0.077,-0.172,-0.478,0.236,-0.01,33.72,9.02,0.72,-0.43,0.0,-0.081,0.796,-0.178,0.085,0.542,-0.238,,
2026-01-29 02:42:03.734,place_on_machine,-115.388,1441.741,1229.733,171.897,-89.925,97.27,-84.504,-56.092,-65.606,-168.04,-32.189,169.81,0.017,-0.532,-0.071,-0.158,-0.432,0.212,-0.02,33.77,9.07,0.76,-0.45,0.1,-0.075,0.783,-0.151,0.096,0.545,-0.242,,
2026-01-29 02:42:03.837,place_on_machine,-115.421,1441.76,1228.795,172.348,-89.91,96.821,-84.503,-56.128,-65.611,-168.051,-32.216,169.823,0.015,-0.491,-0.066,-0.146,-0.39,0.19,0.04,33.73,9.05,0.69,-0.44,0.08,-0.069,0.731,-0.132,0.094,0.516,-0.231,,
2026-01-29 02:42:03.939,place_on_machine,-115.45,1441.776,1227.991,172.488,-89.898,96.683,-84.502,-56.16,-65.615,-168.06,-32.238,169.833,0.014,-0.447,-0.06,-0.133,-0.348,0.169,0.06,33.71,9.03,0.74,-0.36,0.06,-0.063,0.711,-0.112,0.1,0.508,-0.23,,
2026-01-29 02:42:04.040,place_on_machine,-115.476,1441.789,1227.269,172.477,-89.885,96.695,-84.501,-56.188,-65.619,-168.069,-32.257,169.842,0.013,-0.406,-0.054,-0.121,-0.31,0.149,-0.02,33.8,9.01,0.75,-0.28,0.08,-0.058,0.672,-0.096,0.1,0.485,-0.22,,
2026-01-29 02:42:04.140,place_on_machine,-115.499,1441.801,1226.62,172.383,-89.874,96.792,-84.5,-56.214,-65.622,-168.076,-32.275,169.85,0.011,-0.368,-0.049,-0.11,-0.275,0.132,0.0,33.76,8.96,0.74,-0.23,0.01,-0.053,0.634,-0.083,0.099,0.46,-0.21,,
2026-01-29 02:42:04.243,place_on_machine,-115.521,1441.813,1226.013,172.235,-89.863,96.94,-84.499,-56.238,-65.625,-168.083,-32.29,169.857,0.01,-0.336,-0.045,-0.1,-0.245,0.117,0.12,33.73,9.09,0.81,-0.32,0.09,-0.048,0.587,-0.072,0.094,0.429,-0.196,,
2026-01-29 02:42:04.346,place_on_machine,-115.539,1441.822,1225.494,172.071,-89.854,97.107,-84.499,-56.258,-65.628,-168.089,-32.303,169.863,0.009,-0.302,-0.04,-0.09,-0.217,0.102,0.07,33.79,8.98,0.77,-0.21,-0.03,-0.045,0.563,-0.06,0.095,0.412,-0.189,,
2026-01-29 02:42:04.447,place_on_machine,-115.557,1441.83,1225.007,171.888,-89.844,97.291,-84.498,-56.277,-65.631,-168.095,-32.315,169.869,0.008,-0.274,-0.037,-0.082,-0.192,0.09,0.03,33.73,9.03,0.83,-0.12,0.02,-0.041,0.52,-0.053,0.089,0.382,-0.176,,
2026-01-29 02:42:04.548,place_on_machine,-115.572,1441.838,1224.59,171.711,-89.836,97.469,-84.498,-56.293,-65.633,-168.1,-32.325,169.873,0.008,-0.246,-0.033,-0.073,-0.169,0.079,-0.05,33.71,8.95,0.77,-0.13,0.14,-0.037,0.495,-0.044,0.088,0.363,-0.167,,
2026-01-29 02:42:04.651,place_on_machine,-115.586,1441.844,1224.199,171.529,-89.828,97.652,-84.497,-56.308,-65.635,-168.105,-32.334,169.877,0.007,-0.223,-0.03,-0.066,-0.149,0.069,-0.05,33.7,9.01,0.75,-0.25,-0.06,-0.034,0.456,-0.038,0.083,0.336,-0.155,,
2026-01-29 02:42:04.755,place_on_machine,-115.599,1441.85,1223.851,171.354,-89.821,97.829,-84.497,-56.322,-65.637,-168.109,-32.342,169.881,0.006,-0.201,-0.027,-0.06,-0.132,0.061,0.02,33.69,9.0,0.79,-0.22,-0.0,-0.031,0.427,-0.032,0.079,0.314,-0.145,,
2026-01-29 02:42:04.860,place_on_machine,-115.611,1441.855,1223.539,171.187,-89.814,97.996,-84.496,-56.334,-65.638,-168.112,-32.349,169.884,0.006,-0.181,-0.024,-0.054,-0.116,0.053,-0.04,33.77,8.97,0.7,-0.1,-0.0,-0.028,0.399,-0.027,0.076,0.293,-0.135,,
2026-01-29 02:42:04.964,place_on_machine,-115.621,1441.86,1223.261,171.03,-89.808,98.155,-84.496,-56.345,-65.64,-168.115,-32.355,169.886,0.005,-0.163,-0.022,-0.049,-0.102,0.046,-0.07,33.73,8.95,0.75,-0.13,0.01,-0.026,0.372,-0.022,0.072,0.272,-0.126,,
2026-01-29 02:42:05.064,place_on_machine,-115.63,1441.864,1223.012,170.883,-89.803,98.303,-84.496,-56.354,-65.641,-168.118,-32.36,169.888,0.005,-0.146,-0.019,-0.044,-0.09,0.04,0.02,33.61,8.97,0.78,-0.19,-0.03,-0.024,0.346,-0.018,0.068,0.253,-0.117,,
2026-01-29 02:42:05.266,place_on_machine,-115.645,1441.87,1222.608,170.63,-89.793,98.558,-84.495,-56.37,-65.643,-168.123,-32.368,169.892,0.004,-0.116,-0.015,-0.035,-0.068,0.03,-0.02,33.75,8.95,0.85,-0.16,0.04,-0.02,0.302,-0.012,0.062,0.218,-0.1,,
2026-01-29 02:42:05.571,place_on_machine,-115.663,1441.877,1222.139,170.31,-89.782,98.879,-84.495,-56.388,-65.646,-168.128,-32.377,169.896,0.003,-0.083,-0.011,-0.025,-0.046,0.02,-0.04,33.67,8.9,0.85,-0.18,0.05,-0.015,0.239,-0.006,0.051,0.17,-0.078,,
2026-01-29 02:42:05.778,place_on_machine,-115.672,1441.881,1221.895,170.131,-89.776,99.059,-84.494,-56.398,-65.647,-168.131,-32.382,169.897,0.002,-0.067,-0.009,-0.02,-0.035,0.015,0.02,33.63,8.88,0.81,-0.14,0.0,-0.012,0.202,-0.004,0.043,0.143,-0.066,,
2026-01-29 02:42:06.087,place_on_machine,-115.682,1441.885,1221.625,169.921,-89.768,99.27,-84.494,-56.408,-65.648,-168.134,-32.386,169.899,0.001,-0.048,-0.006,-0.014,-0.023,0.01,-0.01,33.75,8.95,0.84,-0.06,-0.12,-0.009,0.16,-0.001,0.035,0.111,-0.051,,
2026-01-29 02:42:06.288,place_on_machine,-115.687,1441.887,1221.494,169.812,-89.765,99.38,-84.494,-56.413,-65.649,-168.136,-32.388,169.9,0.001,-0.038,-0.005,-0.011,-0.018,0.007,0.01,33.71,9.0,0.77,-0.04,-0.01,-0.008,0.135,-0.0,0.03,0.093,-0.042,,
2026-01-29 02:42:06.592,place_on_machine,-115.693,1441.89,1221.335,169.675,-89.76,99.518,-84.494,-56.419,-65.65,-168.138,-32.391,169.901,0.001,-0.027,-0.004,-0.008,-0.012,0.005,0.07,33.64,8.98,0.79,-0.03,-0.04,-0.006,0.105,0.001,0.024,0.071,-0.032,,
2026-01-29 02:42:06.796,place_on_machine,-115.697,1441.891,1221.256,169.603,-89.758,99.59,-84.494,-56.422,-65.65,-168.138,-32.392,169.902,0.001,-0.022,-0.003,-0.007,-0.009,0.004,-0.03,33.69,8.92,0.77,-0.06,0.08,-0.005,0.088,0.001,0.02,0.059,-0.027,,
2026-01-29 02:42:07.101,place_on_machine,-115.7,1441.892,1221.167,169.519,-89.755,99.675,-84.493,-56.426,-65.65,-168.139,-32.393,169.902,0.0,-0.016,-0.002,-0.005,-0.006,0.002,-0.05,33.64,8.95,0.77,-0.04,0.03,-0.004,0.068,0.001,0.016,0.044,-0.02,,
2026-01-29 02:42:07.409,place_on_machine,-115.703,1441.893,1221.104,169.457,-89.753,99.737,-84.493,-56.428,-65.651,-168.14,-32.394,169.902,0.0,-0.011,-0.001,-0.003,-0.004,0.002,0.01,33.66,8.95,0.77,-0.09,0.02,-0.003,0.052,0.001,0.012,0.033,-0.015,,
2026-01-29 02:42:07.513,place_to_retreat_machine,-115.932,1438.448,1220.699,168.179,-89.543,101.048,-84.472,-56.212,-66.108,-168.174,-32.427,169.909,0.053,0.531,-1.145,-0.087,-0.085,0.018,0.25,35.08,8.03,0.72,-0.35,0.06,0.209,2.212,-4.574,-0.326,-0.296,0.052,,
2026-01-29 02:42:07.616,place_to_retreat_machine,-116.763,1422.486,1219.56,167.32,-88.942,101.991,-84.376,-55.23,-68.194,-168.315,-32.933,170.01,0.28,2.853,-6.072,-0.417,-1.331,0.266,0.24,34.64,7.81,0.68,-1.12,0.07,0.936,9.652,-20.394,-1.36,-5.006,0.991,,
2026-01-29 02:42:07.717,place_to_retreat_machine,-117.251,1409.052,1219.285,167.086,-88.786,102.235,-84.297,-54.425,-69.908,-168.422,-33.686,170.162,0.407,4.153,-8.84,-0.58,-2.88,0.58,0.06,34.36,7.62,0.65,-1.96,0.12,0.673,6.922,-14.644,-0.889,-6.966,1.402,,
2026-01-29 02:42:07.818,place_to_retreat_machine,-117.605,1395.571,1219.396,166.922,-88.825,102.378,-84.219,-53.634,-71.594,-168.523,-34.617,170.353,0.5,5.092,-10.844,-0.687,-4.488,0.912,0.02,33.92,7.52,0.68,-2.77,0.24,0.593,6.085,-12.893,-0.737,-8.053,1.65,,
2026-01-29 02:42:07.934,place_to_retreat_machine,-117.718,1390.094,1219.513,166.87,-88.877,102.415,-84.188,-53.317,-72.269,-168.562,-35.026,170.438,0.453,4.611,-9.822,-0.614,-4.389,0.896,0.08,33.65,7.51,0.55,-3.44,0.31,0.068,0.734,-1.502,-0.051,-2.026,0.423,,
2026-01-29 02:42:08.033,place_to_retreat_machine,-117.812,1384.841,1219.652,166.83,-88.941,102.44,-84.159,-53.016,-72.912,-168.599,-35.429,170.521,0.414,4.212,-8.973,-0.554,-4.299,0.881,-0.03,33.43,7.48,0.67,-3.83,0.33,0.046,0.508,-1.026,-0.024,-1.761,0.372,,
2026-01-29 02:42:08.134,place_to_retreat_machine,-117.92,1377.849,1219.867,166.794,-89.039,102.455,-84.12,-52.618,-73.76,-168.648,-35.976,170.636,0.408,4.153,-8.851,-0.538,-4.59,0.947,0.02,33.01,7.31,0.69,-4.16,0.27,0.136,1.419,-2.978,-0.137,-3.022,0.641,,
2026-01-29 02:42:08.234,place_to_retreat_machine,-118.044,1367.676,1220.219,166.787,-89.201,102.43,-84.063,-52.046,-74.98,-168.718,-36.78,170.805,0.447,4.544,-9.688,-0.578,-5.454,1.134,-0.1,32.83,7.36,0.64,-4.24,0.36,0.294,3.018,-6.396,-0.334,-5.302,1.129,,
2026-01-29 02:42:08.335,place_to_retreat_machine,-118.128,1358.433,1220.554,166.85,-89.354,102.341,-84.013,-51.534,-76.074,-168.781,-37.51,170.96,0.461,4.69,-10.001,-0.59,-5.914,1.238,-0.1,32.45,7.33,0.74,-4.23,0.31,0.207,2.126,-4.497,-0.227,-4.019,0.868,,
2026-01-29 02:42:08.439,place_to_retreat_machine,-118.186,1349.687,1220.869,167.005,-89.497,102.163,-83.966,-51.054,-77.097,-168.84,-38.19,171.106,0.464,4.716,-10.058,-0.589,-6.137,1.292,0.01,32.32,7.38,0.69,-4.25,0.4,0.153,1.581,-3.339,-0.165,-3.127,0.685,,
2026-01-29 02:42:08.542,place_to_retreat_machine,-118.223,1341.801,1221.14,167.28,-89.617,101.871,-83.923,-50.626,-78.01,-168.892,-38.791,171.234,0.453,4.607,-9.826,-0.573,-6.104,1.29,-0.02,32.06,7.46,0.71,-4.14,0.34,0.087,0.907,-1.903,-0.087,-2.016,0.45,,
2026-01-29 02:42:08.644,place_to_retreat_machine,-118.245,1334.7,1221.369,167.719,-89.716,101.42,-83.886,-50.244,-78.825,-168.939,-39.318,171.347,0.434,4.41,-9.406,-0.548,-5.896,1.25,-0.1,31.82,7.42,0.62,-3.84,0.22,0.033,0.356,-0.728,-0.024,-1.082,0.25,,
2026-01-29 02:42:08.746,place_to_retreat_machine,-118.256,1328.577,1221.55,168.367,-89.793,100.763,-83.854,-49.918,-79.522,-168.98,-39.761,171.442,0.406,4.124,-8.796,-0.512,-5.529,1.175,-0.03,31.65,7.48,0.71,-3.69,0.26,-0.025,-0.231,0.521,0.045,-0.128,0.044,,
2026-01-29 02:42:08.849,place_to_retreat_machine,-118.261,1322.81,1221.705,169.426,-89.856,99.698,-83.824,-49.612,-80.173,-169.018,-40.167,171.529,0.38,3.857,-8.226,-0.479,-5.161,1.099,-0.08,31.43,7.47,0.74,-3.32,0.27,-0.043,-0.42,0.921,0.064,0.257,-0.041,,
2026-01-29 02:42:08.953,place_to_retreat_machine,-118.26,1317.633,1221.829,171.163,-89.904,97.959,-83.797,-49.339,-80.755,-169.052,-40.52,171.605,0.352,3.574,-7.623,-0.445,-4.755,1.013,0.01,31.27,7.59,0.73,-3.12,0.27,-0.071,-0.706,1.531,0.097,0.748,-0.149,,
2026-01-29 02:42:09.054,place_to_retreat_machine,-118.256,1312.988,1221.926,174.202,-89.94,94.918,-83.773,-49.096,-81.273,-169.082,-40.829,171.671,0.324,3.289,-7.014,-0.41,-4.338,0.925,-0.06,31.15,7.47,0.7,-2.92,0.27,-0.093,-0.929,2.005,0.122,1.126,-0.233,,
2026-01-29 02:42:09.159,place_to_retreat_machine,-118.25,1308.823,1222.002,-179.95,-89.965,89.071,-83.752,-48.879,-81.736,-169.11,-41.098,171.728,0.296,3.01,-6.418,-0.376,-3.926,0.836,-0.09,30.97,7.5,0.68,-2.61,0.15,-0.11,-1.098,2.364,0.142,1.41,-0.296,,
2026-01-29 02:42:09.261,place_to_retreat_machine,-118.243,1305.245,1222.057,-168.167,-89.981,77.289,-83.733,-48.693,-82.132,-169.134,-41.323,171.776,0.268,2.722,-5.803,-0.341,-3.506,0.747,-0.06,30.85,7.53,0.71,-2.42,0.17,-0.129,-1.302,2.796,0.166,1.71,-0.361,,
2026-01-29 02:42:09.365,place_to_retreat_machine,-118.235,1301.887,1222.1,-142.511,-89.99,51.635,-83.716,-48.519,-82.502,-169.156,-41.528,171.819,0.243,2.476,-5.278,-0.311,-3.143,0.668,-0.04,30.71,7.7,0.69,-2.06,0.11,-0.128,-1.292,2.773,0.164,1.734,-0.368,,
2026-01-29 02:42:09.467,place_to_retreat_machine,-118.227,1299.004,1222.128,-114.097,-89.992,23.224,-83.702,-48.371,-82.819,-169.175,-41.7,171.855,0.219,2.228,-4.75,-0.281,-2.786,0.592,-0.09,30.54,7.52,0.66,-2.01,0.14,-0.14,-1.414,3.031,0.179,1.898,-0.404,,
2026-01-29 02:42:09.569,place_to_retreat_machine,-118.219,1296.3,1222.148,-107.8,-89.993,16.931,-83.688,-48.232,-83.115,-169.193,-41.857,171.888,0.198,2.019,-4.303,-0.256,-2.482,0.526,0.02,30.47,7.58,0.75,-1.6,0.15,-0.136,-1.368,2.933,0.172,1.857,-0.396,,
2026-01-29 02:42:09.671,place_to_retreat_machine,-118.211,1293.98,1222.16,-126.298,-89.992,35.431,-83.676,-48.113,-83.369,-169.208,-41.988,171.915,0.178,1.812,-3.861,-0.23,-2.189,0.463,0.04,30.38,7.69,0.74,-1.63,0.19,-0.142,-1.432,3.068,0.18,1.929,-0.412,,
2026-01-29 02:42:09.772,place_to_retreat_machine,-118.204,1291.896,1222.165,-153.02,-89.99,62.157,-83.666,-48.006,-83.596,-169.222,-42.102,171.939,0.16,1.625,-3.464,-0.207,-1.928,0.407,-0.03,30.23,7.64,0.72,-1.35,0.13,-0.14,-1.412,3.023,0.177,1.898,-0.405,,
2026-01-29 02:42:09.873,place_to_retreat_machine,-118.198,1290.023,1222.165,-170.111,-89.984,79.252,-83.656,-47.91,-83.8,-169.235,-42.203,171.96,0.143,1.458,-3.107,-0.187,-1.698,0.357,0.02,30.3,7.71,0.67,-1.21,0.11,-0.137,-1.381,2.955,0.174,1.85,-0.395,,
2026-01-29 02:42:09.976,place_to_retreat_machine,-118.192,1288.34,1222.161,-178.894,-89.976,88.039,-83.648,-47.825,-83.982,-169.246,-42.291,171.978,0.129,1.308,-2.787,-0.168,-1.494,0.313,0.05,30.24,7.74,0.74,-1.15,0.06,-0.133,-1.342,2.87,0.169,1.79,-0.382,,
2026-01-29 02:42:10.077,place_to_retreat_machine,-118.187,1286.829,1222.154,176.361,-89.968,92.788,-83.64,-47.748,-84.146,-169.256,-42.368,171.994,0.115,1.174,-2.5,-0.151,-1.313,0.275,-0.01,30.15,7.7,0.71,-1.0,0.01,-0.128,-1.296,2.772,0.163,1.72,-0.367,,
2026-01-29 02:42:10.179,place_to_retreat_machine,-118.182,1285.472,1222.145,173.562,-89.958,95.589,-83.634,-47.679,-84.293,-169.265,-42.436,172.008,0.103,1.053,-2.242,-0.136,-1.154,0.241,-0.05,30.12,7.73,0.69,-0.86,0.09,-0.123,-1.246,2.664,0.157,1.644,-0.351,,
2026-01-29 02:42:10.283,place_to_retreat_machine,-118.178,1284.149,1222.133,171.656,-89.947,97.5,-83.627,-47.611,-84.436,-169.274,-42.5,172.021,0.094,0.957,-2.039,-0.125,-1.026,0.213,0.0,29.97,7.86,0.73,-0.78,0.06,-0.113,-1.139,2.437,0.143,1.513,-0.323,,
2026-01-29 02:42:10.384,place_to_retreat_machine,-118.174,1283.019,1222.12,170.454,-89.936,98.705,-83.621,-47.554,-84.558,-169.282,-42.553,172.032,0.085,0.861,-1.834,-0.113,-0.903,0.187,0.03,30.0,7.71,0.7,-0.67,0.07,-0.111,-1.124,2.403,0.142,1.469,-0.313,,
2026-01-29 02:42:10.485,place_to_retreat_machine,-118.17,1282.01,1222.107,169.615,-89.925,99.546,-83.616,-47.503,-84.667,-169.288,-42.6,172.041,0.076,0.774,-1.648,-0.101,-0.794,0.164,0.05,29.92,7.69,0.78,-0.6,0.02,-0.106,-1.073,2.294,0.135,1.392,-0.296,waypoint,
2026-01-29 02:42:10.589,place_to_retreat_machine,-106.921,1282.37,1235.544,38.428,-89.417,-129.288,-84.165,-46.906,-84.65,-170.048,-42.451,172.18,-1.315,2.073,-1.195,-1.975,-0.223,0.469,0.22,29.53,7.8,0.44,0.01,0.22,-5.635,4.494,3.318,-7.406,3.21,1.023,,
2026-01-29 02:42:10.693,place_to_retreat_machine,-91.491,1283.019,1253.452,37.03,-88.988,-127.829,-84.93,-46.101,-84.568,-171.177,-41.822,172.682,-2.897,3.566,-0.69,-4.304,1.404,1.608,0.49,29.28,7.51,0.26,0.82,0.48,-7.225,6.117,3.646,-10.36,7.682,4.561,,
2026-01-29 02:42:10.794,place_to_retreat_machine,-78.359,1283.239,1268.222,36.385,-88.942,-127.107,-85.582,-45.415,-84.495,-172.155,-41.034,173.335,-3.803,4.391,-0.334,-5.672,3.025,2.838,0.6,29.05,7.53,-0.02,1.68,0.7,-5.381,4.326,3.188,-7.81,8.516,5.608,,
2026-01-29 02:42:10.899,place_to_retreat_machine,-66.156,1283.156,1281.674,35.21,-89.072,-125.858,-86.188,-44.777,-84.425,-173.071,-40.171,174.074,-4.367,4.887,-0.077,-6.545,4.424,3.975,0.63,28.73,7.54,-0.0,2.26,0.87,-4.381,3.407,2.833,-6.414,8.399,5.909,,
2026-01-29 02:42:11.001,place_to_retreat_machine,-55.73,1282.862,1293.021,33.159,-89.265,-123.753,-86.705,-44.233,-84.365,-173.856,-39.378,174.774,-4.568,5.026,0.092,-6.872,5.302,4.731,0.72,28.62,7.57,0.04,2.83,1.09,-3.052,2.129,2.455,-4.465,6.872,4.928,,
2026-01-29 02:42:11.105,place_to_retreat_machine,-46.027,1282.401,1303.5,29.224,-89.481,-119.778,-87.185,-43.728,-84.309,-174.588,-38.617,175.46,-4.626,5.033,0.209,-6.982,5.879,5.264,0.75,28.53,7.7,-0.01,3.05,1.12,-2.38,1.53,2.17,-3.477,5.863,4.298,,
2026-01-29 02:42:11.209,place_to_retreat_machine,-37.394,1281.838,1312.781,21.019,-89.679,-111.549,-87.611,-43.279,-84.259,-175.238,-37.935,176.084,-4.535,4.897,0.282,-6.861,6.115,5.509,0.68,28.3,7.73,0.1,3.14,1.07,-1.603,0.81,1.891,-2.315,4.484,3.251,,
2026-01-29 02:42:11.313,place_to_retreat_machine,-29.714,1281.215,1321.017,-1.697,-89.838,-88.823,-87.99,-42.88,-84.215,-175.814,-37.332,176.641,-4.348,4.669,0.322,-6.588,6.092,5.525,0.78,28.39,7.73,0.1,3.23,1.1,-0.965,0.226,1.646,-1.353,3.241,2.254,,
2026-01-29 02:42:11.414,place_to_retreat_machine,-23.153,1280.593,1328.047,-63.596,-89.889,-26.923,-88.312,-42.54,-84.177,-176.306,-36.825,177.113,-4.068,4.351,0.336,-6.17,5.838,5.323,0.75,28.17,7.88,0.16,3.12,1.09,-0.312,-0.382,1.415,-0.365,1.965,1.173,,
2026-01-29 02:42:11.518,place_to_retreat_machine,-17.05,1279.939,1334.587,-105.63,-89.816,15.105,-88.612,-42.225,-84.142,-176.762,-36.362,177.544,-3.801,4.053,0.339,-5.767,5.536,5.07,0.58,27.98,7.99,0.01,2.99,0.99,-0.051,-0.586,1.246,0.028,1.325,0.65,,
2026-01-29 02:42:11.620,place_to_retreat_machine,-11.626,1279.298,1340.404,-119.021,-89.731,28.486,-88.879,-41.944,-84.112,-177.166,-35.959,177.918,-3.516,3.741,0.331,-5.335,5.158,4.738,0.58,28.07,8.02,0.13,2.87,1.02,0.29,-0.881,1.081,0.543,0.588,0.016,,
2026-01-29 02:42:11.721,place_to_retreat_machine,-6.995,1278.706,1345.376,-125.096,-89.665,34.547,-89.106,-41.705,-84.085,-177.51,-35.624,178.229,-3.205,3.403,0.314,-4.861,4.708,4.331,0.54,28.06,8.01,0.17,2.58,0.92,0.653,-1.205,0.926,1.09,-0.139,-0.618,,
2026-01-29 02:42:11.825,place_to_retreat_machine,-2.69,1278.118,1350.005,-129.046,-89.611,38.481,-89.317,-41.483,-84.061,-177.829,-35.319,178.51,-2.931,3.108,0.296,-4.443,4.292,3.949,0.4,27.9,8.1,0.2,2.46,0.87,0.749,-1.255,0.814,1.232,-0.437,-0.861,,
2026-01-29 02:42:11.931,place_to_retreat_machine,1.284,1277.543,1354.286,-132.044,-89.572,41.461,-89.511,-41.278,-84.039,-178.122,-35.045,178.76,-2.685,2.843,0.278,-4.066,3.904,3.588,0.44,27.82,8.11,0.35,2.18,0.74,0.837,-1.301,0.713,1.362,-0.699,-1.075,,
2026-01-29 02:42:12.032,place_to_retreat_machine,4.532,1277.051,1357.792,-134.307,-89.548,43.707,-89.67,-41.111,-84.021,-178.361,-34.827,178.958,-2.411,2.551,0.253,-3.648,3.473,3.186,0.35,27.94,8.22,0.27,2.06,0.75,1.11,-1.547,0.6,1.769,-1.187,-1.494,,
2026-01-29 02:42:12.135,place_to_retreat_machine,7.55,1276.576,1361.055,-136.398,-89.533,45.782,-89.818,-40.955,-84.004,-178.583,-34.63,179.136,-2.178,2.302,0.232,-3.29,3.099,2.834,0.37,27.82,8.38,0.32,1.76,0.58,1.112,-1.511,0.526,1.767,-1.274,-1.546,,
2026-01-29 02:42:12.239,place_to_retreat_machine,10.23,1276.139,1363.96,-138.338,-89.526,47.705,-89.949,-40.817,-83.989,-178.78,-34.458,179.288,-1.961,2.071,0.211,-2.959,2.752,2.506,0.28,27.88,8.29,0.46,1.58,0.64,1.167,-1.534,0.454,1.843,-1.413,-1.646,,
2026-01-29 02:42:12.339,place_to_retreat_machine,12.517,1275.755,1366.444,-140.12,-89.525,49.472,-90.061,-40.7,-83.977,-178.947,-34.316,179.414,-1.75,1.848,0.19,-2.637,2.419,2.193,0.28,27.86,8.37,0.48,1.44,0.46,1.243,-1.584,0.386,1.951,-1.559,-1.75,,
2026-01-29 02:42:12.441,place_to_retreat_machine,14.558,1275.403,1368.665,-141.866,-89.528,51.204,-90.161,-40.595,-83.966,-179.096,-34.193,179.522,-1.562,1.649,0.17,-2.35,2.124,1.915,0.24,27.87,8.44,0.44,1.35,0.38,1.239,-1.552,0.334,1.939,-1.588,-1.749,,
2026-01-29 02:42:12.543,place_to_retreat_machine,16.454,1275.07,1370.733,-143.672,-89.535,52.996,-90.254,-40.497,-83.955,-179.234,-34.08,179.618,-1.404,1.48,0.153,-2.108,1.873,1.678,0.19,27.85,8.36,0.47,1.17,0.33,1.186,-1.472,0.292,1.854,-1.546,-1.686,,
2026-01-29 02:42:12.644,place_to_retreat_machine,18.072,1274.779,1372.501,-145.405,-89.545,54.716,-90.333,-40.414,-83.946,-179.351,-33.987,179.698,-1.25,1.318,0.137,-1.874,1.638,1.457,0.26,27.74,8.42,0.65,1.1,0.38,1.204,-1.468,0.247,1.874,-1.58,-1.689,,
2026-01-29 02:42:12.748,place_to_retreat_machine,19.575,1274.505,1374.147,-147.222,-89.556,56.522,-90.406,-40.336,-83.938,-179.46,-33.903,179.769,-1.121,1.182,0.123,-1.678,1.439,1.271,0.17,27.8,8.37,0.5,0.94,0.33,1.14,-1.38,0.216,1.772,-1.51,-1.604,waypoint,
2026-01-29 02:42:12.852,place_to_retreat_machine,21.052,1205.598,1392.703,-174.901,-88.258,84.201,-90.51,-35.681,-90.587,-179.655,-34.534,179.852,-1.101,12.526,-16.531,-1.747,-0.498,1.159,0.35,26.24,6.59,0.5,-0.82,0.32,0.722,44.541,-66.377,0.732,-8.511,-1.333,,
2026-01-29 02:42:12.953,place_to_retreat_machine,22.166,1136.419,1408.123,-176.766,-87.792,86.043,-90.605,-31.265,-96.915,-179.79,-35.976,179.934,-1.062,20.433,-28.217,-1.648,-3.978,1.076,0.34,24.65,5.52,0.45,-2.57,0.28,0.741,37.683,-56.524,1.259,-15.773,-1.198,,
2026-01-29 02:42:13.055,place_to_retreat_machine,22.971,1069.242,1420.002,-177.124,-87.829,86.376,-90.693,-27.165,-102.797,-179.9,-37.794,180.006,-1.017,25.576,-35.868,-1.511,-7.528,0.987,0.39,23.42,4.81,0.61,-4.12,0.3,0.734,30.768,-46.419,1.386,-17.951,-1.181,,
2026-01-29 02:42:13.158,place_to_retreat_machine,23.485,1007.473,1428.177,-177.086,-88.095,86.314,-90.771,-23.524,-108.023,-179.99,-39.645,180.063,-0.958,28.283,-39.964,-1.358,-10.274,0.882,0.43,21.98,4.41,0.49,-5.49,0.22,0.759,23.092,-35.208,1.448,-16.491,-1.22,,
2026-01-29 02:42:13.259,place_to_retreat_machine,23.775,951.124,1433.335,-176.906,-88.436,86.115,-90.84,-20.292,-112.663,-180.067,-41.394,180.106,-0.892,29.294,-41.575,-1.21,-12.078,0.769,0.47,20.75,4.31,0.63,-6.49,0.23,0.771,16.7,-25.84,1.437,-13.818,-1.231,,
2026-01-29 02:42:13.361,place_to_retreat_machine,23.897,900.028,1436.132,-176.658,-88.776,85.852,-90.902,-17.422,-116.784,-180.134,-42.984,180.139,-0.823,29.145,-41.483,-1.074,-13.035,0.66,0.52,19.43,4.33,0.71,-6.85,0.13,0.771,11.406,-18.058,1.391,-10.857,-1.207,,
2026-01-29 02:42:13.464,place_to_retreat_machine,23.895,853.91,1437.135,-176.361,-89.083,85.544,-90.956,-14.874,-120.443,-180.193,-44.402,180.166,-0.754,28.23,-40.26,-0.953,-13.321,0.561,0.46,18.22,4.25,0.6,-7.01,0.08,0.763,7.048,-11.634,1.327,-8.039,-1.157,,
2026-01-29 02:42:13.565,place_to_retreat_machine,23.807,812.436,1436.817,-176.004,-89.346,85.179,-91.005,-12.611,-123.692,-180.246,-45.65,180.187,-0.687,26.829,-38.317,-0.848,-13.111,0.474,0.4,17.03,4.46,0.6,-7.01,0.12,0.748,3.488,-6.369,1.256,-5.542,-1.09,,
2026-01-29 02:42:13.671,place_to_retreat_machine,23.652,773.778,1435.487,-175.518,-89.57,84.688,-91.05,-10.523,-126.689,-180.295,-46.784,180.205,-0.627,25.341,-36.231,-0.76,-12.668,0.402,0.42,15.88,4.61,0.7,-6.79,0.06,0.711,1.39,-3.218,1.165,-3.845,-1.01,,
2026-01-29 02:42:13.771,place_to_retreat_machine,23.473,741.956,1433.648,-174.843,-89.736,84.009,-91.086,-8.818,-129.137,-180.336,-47.693,180.22,-0.562,23.269,-33.294,-0.672,-11.772,0.338,0.37,14.88,4.77,0.63,-6.57,0.16,0.722,-2.574,2.597,1.133,-1.205,-0.947,,
2026-01-29 02:42:13.871,place_to_retreat_machine,23.273,713.393,1431.427,-173.476,-89.868,82.64,-91.119,-7.296,-131.322,-180.374,-48.487,180.233,-0.503,21.256,-30.431,-0.597,-10.814,0.285,0.42,13.78,4.91,0.64,-6.05,0.18,0.689,-4.152,4.975,1.058,0.062,-0.87,,
2026-01-29 02:42:13.975,place_to_retreat_machine,23.045,685.691,1428.757,-162.83,-89.977,71.994,-91.151,-5.827,-133.43,-180.41,-49.235,180.245,-0.456,19.614,-28.094,-0.539,-9.982,0.245,0.3,13.0,5.03,0.73,-5.71,0.06,0.631,-4.266,5.239,0.959,0.508,-0.788,,
2026-01-29 02:42:14.076,place_to_retreat_machine,22.823,662.047,1426.076,-0.278,-89.945,-90.558,-91.178,-4.578,-135.222,-180.442,-49.856,180.256,-0.409,17.833,-25.551,-0.484,-9.039,0.21,0.36,12.03,5.22,0.63,-5.16,-0.0,0.616,-6.038,7.873,0.913,1.734,-0.727,,
2026-01-29 02:42:14.177,place_to_retreat_machine,22.605,640.992,1423.376,2.801,-89.889,-93.637,-91.201,-3.469,-136.814,-180.47,-50.394,180.265,-0.367,16.148,-23.142,-0.434,-8.124,0.182,0.25,11.22,5.32,0.77,-4.75,0.0,0.584,-6.834,9.096,0.853,2.391,-0.665,,
2026-01-29 02:42:14.280,place_to_retreat_machine,22.386,621.519,1420.615,3.996,-89.85,-94.83,-91.223,-2.446,-138.282,-180.497,-50.878,180.274,-0.33,14.669,-21.027,-0.392,-7.302,0.159,0.25,10.48,5.43,0.72,-4.34,0.09,0.544,-7.008,9.418,0.785,2.694,-0.604,,
2026-01-29 02:42:14.384,place_to_retreat_machine,22.178,604.282,1417.958,4.865,-89.827,-95.698,-91.243,-1.542,-139.579,-180.521,-51.294,180.282,-0.296,13.262,-19.013,-0.354,-6.517,0.139,0.33,9.76,5.61,0.63,-3.94,0.02,0.515,-7.498,10.188,0.734,3.099,-0.553,,
2026-01-29 02:42:14.487,place_to_retreat_machine,21.983,589.031,1415.439,5.695,-89.815,-96.527,-91.26,-0.743,-140.725,-180.542,-51.652,180.29,-0.265,11.944,-17.124,-0.319,-5.783,0.122,0.23,9.12,5.63,0.66,-3.49,0.01,0.486,-7.801,10.68,0.686,3.37,-0.506,,
2026-01-29 02:42:14.587,place_to_retreat_machine,21.803,575.541,1413.077,6.597,-89.814,-97.427,-91.275,-0.037,-141.737,-180.562,-51.96,180.296,-0.237,10.723,-15.374,-0.287,-5.108,0.108,0.23,8.59,5.82,0.66,-3.16,0.02,0.458,-7.951,10.948,0.64,3.533,-0.463,,
2026-01-29 02:42:14.690,place_to_retreat_machine,21.637,563.612,1410.884,7.643,-89.819,-98.471,-91.288,0.587,-142.632,-180.579,-52.226,180.302,-0.211,9.601,-13.767,-0.259,-4.494,0.095,0.15,8.04,5.9,0.67,-2.82,-0.03,0.43,-7.978,11.033,0.596,3.61,-0.424,,
2026-01-29 02:42:14.797,place_to_retreat_machine,21.485,553.065,1408.861,8.911,-89.829,-99.738,-91.3,1.138,-143.422,-180.594,-52.454,180.307,-0.188,8.579,-12.3,-0.232,-3.941,0.084,0.1,7.54,5.89,0.61,-2.47,0.09,0.402,-7.906,10.972,0.554,3.619,-0.387,,
2026-01-29 02:42:14.897,place_to_retreat_machine,21.357,544.447,1407.149,10.358,-89.843,-101.183,-91.31,1.588,-144.067,-180.607,-52.635,180.311,-0.165,7.559,-10.839,-0.206,-3.409,0.074,0.17,7.17,5.94,0.62,-2.23,-0.07,0.384,-8.125,11.323,0.526,3.722,-0.358,,
2026-01-29 02:42:14.998,place_to_retreat_machine,21.23,536.124,1405.445,12.37,-89.859,-103.194,-91.319,2.023,-144.69,-180.619,-52.806,180.315,-0.147,6.756,-9.686,-0.186,-2.984,0.066,0.05,6.67,5.87,0.64,-1.98,0.08,0.349,-7.469,10.415,0.476,3.457,-0.323,,
2026-01-29 02:42:15.099,place_to_retreat_machine,21.12,529.046,1403.955,14.934,-89.877,-105.756,-91.327,2.392,-145.22,-180.63,-52.948,180.319,-0.13,5.99,-8.589,-0.166,-2.592,0.058,0.15,6.41,5.87,0.71,-1.76,0.05,0.328,-7.373,10.307,0.446,3.405,-0.297,,
2026-01-29 02:42:15.203,place_to_retreat_machine,21.021,522.76,1402.6,18.45,-89.896,-109.27,-91.334,2.72,-145.69,-180.64,-53.07,180.322,-0.115,5.313,-7.617,-0.148,-2.25,0.051,0.1,5.99,6.04,0.59,-1.54,-0.01,0.304,-7.049,9.87,0.412,3.255,-0.271,,
2026-01-29 02:42:15.304,place_to_retreat_machine,20.931,517.178,1401.372,23.494,-89.914,-114.313,-91.34,3.011,-146.107,-180.648,-53.176,180.325,-0.102,4.713,-6.756,-0.133,-1.953,0.045,0.01,5.75,6.05,0.59,-1.31,0.0,0.282,-6.712,9.41,0.381,3.094,-0.247,,
2026-01-29 02:42:15.404,place_to_retreat_machine,20.85,512.22,1400.26,31.136,-89.932,-121.954,-91.346,3.27,-146.478,-180.656,-53.268,180.327,-0.09,4.181,-5.994,-0.119,-1.694,0.04,0.04,5.52,6.09,0.66,-1.21,0.02,0.26,-6.367,8.937,0.352,2.927,-0.226,,
2026-01-29 02:42:15.505,place_to_retreat_machine,20.78,507.991,1399.297,42.711,-89.946,-133.528,-91.351,3.491,-146.794,-180.663,-53.344,180.329,-0.079,3.688,-5.286,-0.106,-1.461,0.035,-0.0,5.38,6.01,0.59,-1.1,0.07,0.243,-6.111,8.589,0.327,2.789,-0.207,,
2026-01-29 02:42:15.605,place_to_retreat_machine,20.717,504.217,1398.424,61.017,-89.957,-151.833,-91.355,3.688,-147.076,-180.668,-53.411,180.331,-0.07,3.258,-4.67,-0.094,-1.262,0.031,0.16,5.15,6.09,0.65,-0.88,-0.0,0.223,-5.737,8.07,0.301,2.609,-0.188,,
2026-01-29 02:42:15.706,place_to_retreat_machine,20.657,500.712,1397.603,87.443,-89.962,-178.258,-91.359,3.87,-147.338,-180.674,-53.471,180.333,-0.062,2.901,-4.157,-0.085,-1.097,0.028,0.06,4.87,5.96,0.64,-0.81,-0.01,0.204,-5.303,7.464,0.275,2.41,-0.171,,
2026-01-29 02:42:15.808,place_to_retreat_machine,20.604,497.599,1396.865,112.936,-89.958,156.25,-91.362,4.033,-147.571,-180.679,-53.523,180.334,-0.055,2.581,-3.699,-0.076,-0.953,0.025,0.08,4.71,6.03,0.63,-0.82,-0.05,0.188,-4.978,7.011,0.253,2.25,-0.156,,
2026-01-29 02:42:15.909,place_to_retreat_machine,20.557,494.835,1396.203,130.435,-89.948,138.752,-91.365,4.177,-147.777,-180.684,-53.568,180.336,-0.049,2.297,-3.291,-0.068,-0.828,0.022,0.08,4.53,6.08,0.57,-0.67,-0.01,0.173,-4.662,6.571,0.233,2.095,-0.142,,
2026-01-29 02:42:16.011,place_to_retreat_machine,20.514,492.38,1395.609,141.224,-89.936,127.964,-91.368,4.305,-147.961,-180.688,-53.607,180.337,-0.044,2.043,-2.927,-0.061,-0.718,0.019,-0.05,4.35,6.12,0.56,-0.66,-0.01,0.159,-4.357,6.146,0.215,1.947,-0.129,,
2026-01-29 02:42:16.114,place_to_retreat_machine,20.476,490.201,1395.076,148.054,-89.923,121.134,-91.37,4.419,-148.123,-180.691,-53.641,180.338,-0.039,1.816,-2.602,-0.055,-0.623,0.017,0.08,4.31,6.1,0.62,-0.43,-0.04,0.146,-4.065,5.737,0.197,1.804,-0.118,,
2026-01-29 02:42:16.216,place_to_retreat_machine,20.442,488.266,1394.6,152.625,-89.91,116.564,-91.373,4.52,-148.268,-180.694,-53.67,180.339,-0.035,1.615,-2.313,-0.049,-0.541,0.015,0.05,4.13,6.05,0.58,-0.44,-0.03,0.135,-3.786,5.346,0.181,1.669,-0.107,,
2026-01-29 02:42:16.320,place_to_retreat_machine,20.412,486.548,1394.173,155.846,-89.898,113.344,-91.375,4.609,-148.396,-180.697,-53.696,180.34,-0.031,1.435,-2.056,-0.044,-0.469,0.013,0.04,4.02,6.08,0.63,-0.43,-0.06,0.123,-3.521,4.973,0.167,1.542,-0.098,,
2026-01-29 02:42:16.421,place_to_retreat_machine,20.385,485.023,1393.792,158.212,-89.886,110.978,-91.376,4.689,-148.51,-180.7,-53.718,180.34,-0.027,1.275,-1.827,-0.039,-0.406,0.012,-0.02,4.06,6.18,0.57,-0.4,0.02,0.113,-3.269,4.62,0.153,1.422,-0.089,waypoint,
2026-01-29 02:42:16.522,place_to_retreat_machine,21.089,499.798,1414.228,-2.181,-89.43,-88.791,-91.377,5.46,-146.713,-180.512,-51.823,180.312,-0.022,2.884,3.124,0.44,4.431,-0.062,0.16,4.23,6.5,0.6,6.39,0.0,0.113,3.972,23.273,2.043,20.439,-0.37,,
2026-01-29 02:42:16.626,place_to_retreat_machine,22.004,524.993,1442.381,-179.752,-86.162,88.595,-91.364,6.818,-143.368,-180.295,-42.712,180.192,0.016,5.559,10.705,0.873,26.101,-0.347,0.22,4.21,6.83,0.68,17.53,-0.05,0.237,9.448,36.416,2.13,90.567,-1.252,,
2026-01-29 02:42:16.728,place_to_retreat_machine,22.436,542.109,1461.068,179.68,-78.473,89.101,-91.346,7.987,-140.486,-180.21,-30.973,180.067,0.056,7.09,15.233,0.868,48.925,-0.573,0.29,4.16,7.21,0.56,28.43,-0.17,0.26,6.604,28.146,0.597,107.793,-1.175,,
2026-01-29 02:42:16.831,place_to_retreat_machine,22.597,552.138,1476.349,179.555,-69.787,89.226,-91.328,9.029,-137.907,-180.191,-18.665,179.971,0.087,7.924,17.873,0.697,67.462,-0.67,0.25,4.05,7.59,0.64,36.88,-0.1,0.237,4.687,22.307,-0.127,102.691,-0.768,,
2026-01-29 02:42:16.932,place_to_retreat_machine,22.609,556.202,1490.572,179.537,-61.227,89.264,-91.312,9.957,-135.606,-180.206,-6.877,179.914,0.106,8.262,19.157,0.486,80.067,-0.644,0.32,3.9,7.91,0.64,42.68,-0.08,0.199,3.065,17.293,-0.449,87.233,-0.3,,
2026-01-29 02:42:17.036,place_to_retreat_machine,22.545,555.799,1505.313,179.556,-52.979,89.261,-91.297,10.813,-133.478,-180.234,4.354,179.891,0.118,8.336,19.688,0.293,88.128,-0.542,0.22,3.83,8.18,0.61,46.08,-0.09,0.166,2.042,13.833,-0.543,72.936,0.067,,
2026-01-29 02:42:17.137,place_to_retreat_machine,22.442,552.311,1520.22,179.584,-45.618,89.233,-91.283,11.568,-131.597,-180.263,14.352,179.891,0.121,8.141,19.469,0.147,91.091,-0.405,0.24,3.63,8.49,0.55,47.33,-0.1,0.13,0.835,9.981,-0.492,53.312,0.298,,
2026-01-29 02:42:17.238,place_to_retreat_machine,22.324,547.273,1534.543,179.61,-39.414,89.198,-91.272,12.21,-129.999,-180.286,22.796,179.902,0.119,7.71,18.598,0.055,89.428,-0.277,0.27,3.38,8.82,0.6,47.07,-0.04,0.096,-0.385,6.157,-0.375,32.443,0.37,,
2026-01-29 02:42:17.339,place_to_retreat_machine,22.193,541.408,1548.63,179.63,-34.011,89.161,-91.263,12.779,-128.581,-180.3,30.186,179.914,0.113,7.206,17.492,0.004,85.546,-0.178,0.22,3.14,8.98,0.68,45.69,-0.02,0.072,-1.07,3.732,-0.262,18.655,0.345,,
2026-01-29 02:42:17.444,place_to_retreat_machine,22.052,535.261,1562.239,179.647,-29.337,89.128,-91.254,13.285,-127.324,-180.307,36.623,179.922,0.106,6.668,16.261,-0.015,80.252,-0.113,0.29,3.06,9.21,0.65,43.55,-0.02,0.053,-1.605,1.751,-0.161,7.262,0.271,,
2026-01-29 02:42:17.549,place_to_retreat_machine,21.899,528.93,1575.703,179.661,-25.153,89.101,-91.246,13.751,-126.167,-180.308,42.43,179.924,0.099,6.166,15.09,-0.013,74.708,-0.08,0.11,2.83,9.3,0.74,40.92,-0.09,0.041,-1.837,0.584,-0.08,0.242,0.183,,
2026-01-29 02:42:17.651,place_to_retreat_machine,21.743,522.9,1588.299,179.673,-21.579,89.083,-91.239,14.162,-125.146,-180.303,47.437,179.919,0.092,5.654,13.87,0.003,68.548,-0.073,0.16,2.66,9.43,0.69,37.85,-0.14,0.027,-2.197,-0.84,-0.017,-7.793,0.097,,
2026-01-29 02:42:17.752,place_to_retreat_machine,21.596,517.509,1599.502,179.685,-18.644,89.072,-91.234,14.512,-124.279,-180.295,51.588,179.909,0.083,5.115,12.569,0.023,61.789,-0.08,0.18,2.63,9.47,0.76,34.78,-0.07,0.014,-2.594,-2.3,0.021,-15.566,0.035,,
2026-01-29 02:42:17.854,place_to_retreat_machine,21.452,512.56,1609.807,179.698,-16.128,89.067,-91.228,14.823,-123.511,-180.284,55.183,179.895,0.075,4.613,11.347,0.045,55.329,-0.095,0.13,2.47,9.64,0.79,31.71,-0.06,0.006,-2.727,-3.053,0.044,-19.574,-0.008,,
2026-01-29 02:42:17.957,place_to_retreat_machine,21.309,507.891,1619.597,179.712,-13.89,89.067,-91.224,15.11,-122.803,-180.271,58.416,179.877,0.068,4.177,10.28,0.066,49.578,-0.115,0.14,2.36,9.71,0.81,28.73,-0.12,0.001,-2.694,-3.352,0.062,-21.241,-0.041,,
2026-01-29 02:42:18.057,place_to_retreat_machine,21.18,503.864,1628.119,179.725,-12.057,89.07,-91.22,15.354,-122.202,-180.257,61.094,179.859,0.061,3.742,9.213,0.084,43.879,-0.131,0.1,2.26,9.75,0.74,25.9,-0.08,-0.006,-2.854,-4.085,0.06,-24.661,-0.044,,
2026-01-29 02:42:18.160,place_to_retreat_machine,21.06,500.262,1635.829,179.739,-10.488,89.076,-91.216,15.57,-121.669,-180.243,63.412,179.841,0.055,3.348,8.242,0.098,38.705,-0.145,0.08,2.17,9.87,0.77,23.25,-0.01,-0.01,-2.841,-4.357,0.057,-25.792,-0.044,,
2026-01-29 02:42:18.264,place_to_retreat_machine,20.94,496.806,1643.326,179.755,-9.044,89.084,-91.213,15.778,-121.159,-180.228,65.574,179.821,0.05,3.029,7.456,0.111,34.432,-0.158,0.14,2.04,9.9,0.83,20.75,-0.05,-0.011,-2.649,-4.155,0.063,-24.782,-0.052,,
2026-01-29 02:42:18.367,place_to_retreat_machine,20.834,493.881,1649.763,179.77,-7.868,89.093,-91.21,15.953,-120.728,-180.214,67.357,179.803,0.044,2.711,6.67,0.118,30.282,-0.164,0.08,2.03,9.9,0.93,18.41,-0.07,-0.015,-2.7,-4.522,0.048,-26.088,-0.03,,
2026-01-29 02:42:18.469,place_to_retreat_machine,20.738,491.311,1655.509,179.784,-6.87,89.102,-91.207,16.109,-120.347,-180.201,68.891,179.786,0.04,2.422,5.955,0.123,26.547,-0.166,0.14,1.89,10.01,0.87,16.4,-0.04,-0.017,-2.635,-4.576,0.037,-25.965,-0.016,,
2026-01-29 02:42:18.572,place_to_retreat_machine,20.654,489.142,1660.434,179.798,-6.054,89.111,-91.205,16.241,-120.024,-180.188,70.163,179.77,0.035,2.147,5.274,0.123,23.089,-0.162,0.14,1.87,10.02,0.87,14.43,0.01,-0.019,-2.603,-4.692,0.022,-25.998,0.005,,
2026-01-29 02:42:18.672,place_to_retreat_machine,20.579,487.234,1664.836,179.81,-5.357,89.119,-91.203,16.358,-119.737,-180.176,71.263,179.757,0.031,1.903,4.673,0.122,20.069,-0.156,0.01,1.76,10.17,0.88,12.77,-0.11,-0.019,-2.491,-4.588,0.012,-25.104,0.018,,
2026-01-29 02:42:18.774,place_to_retreat_machine,20.51,485.56,1668.766,179.822,-4.763,89.127,-91.201,16.462,-119.482,-180.165,72.217,179.744,0.028,1.688,4.141,0.119,17.435,-0.148,0.04,1.72,10.13,0.92,11.24,0.09,-0.019,-2.373,-4.453,0.004,-24.069,0.029,,
2026-01-29 02:42:18.875,place_to_retreat_machine,20.446,484.035,1672.408,179.834,-4.236,89.135,-91.2,16.559,-119.247,-180.155,73.074,179.733,0.025,1.506,3.693,0.116,15.22,-0.14,0.06,1.67,10.15,0.91,9.94,-0.09,-0.019,-2.216,-4.206,0.0,-22.622,0.035,,
2026-01-29 02:42:18.975,place_to_retreat_machine,20.391,482.758,1675.516,179.844,-3.807,89.142,-91.199,16.64,-119.048,-180.145,73.785,179.723,0.022,1.334,3.268,0.11,13.191,-0.13,0.07,1.62,10.19,0.92,8.6,0.07,-0.019,-2.138,-4.138,-0.012,-21.827,0.048,,
2026-01-29 02:42:19.081,place_to_retreat_machine,20.34,481.598,1678.393,179.854,-3.427,89.148,-91.197,16.716,-118.864,-180.136,74.424,179.714,0.02,1.19,2.91,0.105,11.491,-0.12,-0.07,1.54,10.16,0.99,7.6,-0.07,-0.018,-1.987,-3.88,-0.014,-20.359,0.051,,
2026-01-29 02:42:19.181,place_to_retreat_machine,20.296,480.629,1680.844,179.863,-3.118,89.154,-91.196,16.78,-118.708,-180.128,74.954,179.706,0.017,1.053,2.573,0.099,9.943,-0.109,-0.01,1.56,10.09,0.95,6.68,0.02,-0.018,-1.901,-3.768,-0.024,-19.417,0.06,,
2026-01-29 02:42:19.286,place_to_retreat_machine,20.254,479.718,1683.195,179.872,-2.834,89.159,-91.195,16.842,-118.559,-180.12,75.448,179.699,0.016,0.943,2.304,0.094,8.693,-0.1,0.02,1.51,10.22,0.86,5.71,-0.02,-0.017,-1.739,-3.459,-0.022,-17.832,0.058,,
2026-01-29 02:42:19.387,place_to_retreat_machine,20.218,478.961,1685.191,179.879,-2.605,89.163,-91.194,16.894,-118.432,-180.113,75.856,179.692,0.014,0.838,2.044,0.088,7.539,-0.091,0.08,1.46,10.09,0.89,5.13,-0.02,-0.017,-1.658,-3.342,-0.03,-16.912,0.064,,
2026-01-29 02:42:19.490,place_to_retreat_machine,20.185,478.281,1687.023,179.887,-2.405,89.168,-91.193,16.941,-118.316,-180.107,76.22,179.687,0.012,0.748,1.823,0.082,6.564,-0.082,-0.01,1.53,10.11,0.85,4.42,-0.02,-0.016,-1.536,-3.114,-0.031,-15.658,0.063,,
2026-01-29 02:42:19.592,place_to_retreat_machine,20.156,477.717,1688.577,179.893,-2.243,89.171,-91.193,16.982,-118.218,-180.101,76.52,179.682,0.011,0.662,1.612,0.076,5.674,-0.073,0.03,1.55,10.2,1.01,3.81,0.06,-0.015,-1.455,-2.98,-0.036,-14.729,0.066,,
2026-01-29 02:42:19.697,place_to_retreat_machine,20.13,477.211,1690.003,179.899,-2.102,89.174,-91.192,17.019,-118.128,-180.096,76.788,179.678,0.01,0.589,1.434,0.07,4.926,-0.065,0.05,1.5,10.23,1.03,3.32,-0.02,-0.014,-1.343,-2.765,-0.036,-13.578,0.064,,
2026-01-29 02:42:19.800,place_to_retreat_machine,20.108,476.792,1691.211,179.904,-1.988,89.177,-91.192,17.051,-118.052,-180.091,77.01,179.674,0.009,0.521,1.266,0.064,4.248,-0.058,0.09,1.5,10.13,0.84,2.88,-0.01,-0.014,-1.265,-2.626,-0.039,-12.689,0.065,,
2026-01-29 02:42:19.903,place_to_retreat_machine,20.088,476.43,1692.28,179.908,-1.893,89.179,-91.191,17.078,-117.985,-180.087,77.2,179.671,0.008,0.46,1.118,0.059,3.662,-0.051,0.05,1.46,10.15,1.01,2.47,0.05,-0.013,-1.176,-2.452,-0.04,-11.728,0.063,,
2026-01-29 02:42:20.005,place_to_retreat_machine,20.072,476.129,1693.189,179.912,-1.816,89.181,-91.191,17.102,-117.928,-180.083,77.358,179.669,0.007,0.404,0.981,0.053,3.142,-0.045,0.0,1.37,10.16,0.92,2.26,-0.06,-0.013,-1.1,-2.308,-0.041,-10.881,0.062,,
2026-01-29 02:42:20.106,place_to_retreat_machine,20.057,475.867,1693.997,179.916,-1.751,89.183,-91.19,17.123,-117.877,-180.08,77.495,179.667,0.006,0.356,0.863,0.048,2.698,-0.039,-0.0,1.38,10.18,0.97,1.92,0.09,-0.012,-1.016,-2.142,-0.041,-10.004,0.059,,
2026-01-29 02:42:20.210,place_to_retreat_machine,20.043,475.632,1694.742,179.919,-1.694,89.184,-91.19,17.143,-117.83,-180.077,77.618,179.665,0.005,0.315,0.764,0.044,2.332,-0.034,0.07,1.45,10.27,0.95,1.7,0.05,-0.011,-0.931,-1.967,-0.039,-9.141,0.055,,
2026-01-29 02:42:20.311,place_to_retreat_machine,20.032,475.444,1695.35,179.922,-1.65,89.186,-91.19,17.158,-117.792,-180.074,77.716,179.663,0.005,0.276,0.668,0.039,1.994,-0.03,-0.02,1.41,10.29,1.01,1.43,-0.01,-0.01,-0.873,-1.856,-0.04,-8.477,0.054,,
2026-01-29 02:42:20.414,wait_for_machining,20.022,475.287,1695.871,179.924,-1.614,89.187,-91.19,17.172,-117.759,-180.072,77.798,179.662,0.004,0.241,0.583,0.035,1.7,-0.026,-0.02,1.42,10.28,1.08,1.34,0.15,-0.01,-0.809,-1.726,-0.039,-7.79,0.051,,
2026-01-29 02:42:20.516,wait_for_machining,20.013,475.137,1696.378,179.926,-1.581,89.187,-91.189,17.185,-117.727,-180.07,77.876,179.66,0.004,0.214,0.517,0.032,1.47,-0.022,-0.03,1.33,10.17,1.0,1.01,-0.02,-0.009,-0.731,-1.562,-0.036,-7.052,0.046,,
2026-01-29 02:42:20.620,wait_for_machining,20.005,475.012,1696.811,179.928,-1.555,89.188,-91.189,17.196,-117.7,-180.068,77.941,179.659,0.003,0.189,0.455,0.029,1.265,-0.019,-0.0,1.33,10.21,0.94,0.94,-0.02,-0.008,-0.678,-1.453,-0.035,-6.477,0.044,,
2026-01-29 02:42:20.722,wait_for_machining,19.997,474.899,1697.213,179.93,-1.532,89.189,-91.189,17.207,-117.675,-180.066,78.0,179.658,0.003,0.168,0.404,0.026,1.096,-0.017,-0.02,1.37,10.15,0.89,0.78,-0.09,-0.008,-0.618,-1.327,-0.033,-5.89,0.04,,
2026-01-29 02:42:20.826,wait_for_machining,19.991,474.801,1697.57,179.932,-1.512,89.19,-91.189,17.216,-117.653,-180.064,78.051,179.658,0.003,0.149,0.359,0.024,0.949,-0.015,0.09,1.37,10.18,0.97,0.63,0.02,-0.007,-0.568,-1.222,-0.031,-5.38,0.038,,
2026-01-29 02:42:20.932,wait_for_machining,19.985,474.712,1697.899,179.933,-1.496,89.19,-91.189,17.225,-117.632,-180.063,78.097,179.657,0.002,0.133,0.321,0.022,0.826,-0.013,-0.01,1.43,10.16,0.94,0.54,0.05,-0.006,-0.518,-1.117,-0.029,-4.893,0.035,,
2026-01-29 02:42:21.034,wait_for_machining,19.979,474.639,1698.179,179.935,-1.482,89.191,-91.189,17.232,-117.615,-180.062,78.135,179.656,0.002,0.118,0.284,0.019,0.715,-0.011,-0.02,1.38,10.27,0.97,0.47,-0.02,-0.006,-0.479,-1.037,-0.028,-4.482,0.032,,
2026-01-29 02:42:21.137,wait_for_machining,19.975,474.576,1698.428,179.936,-1.472,89.191,-91.188,17.239,-117.599,-180.06,78.167,179.656,0.002,0.105,0.252,0.018,0.618,-0.01,-0.03,1.38,10.2,0.95,0.45,-0.02,-0.006,-0.439,-0.953,-0.027,-4.085,0.03,,
2026-01-29 02:42:21.238,wait_for_machining,19.971,474.523,1698.64,179.937,-1.463,89.191,-91.188,17.244,-117.586,-180.059,78.195,179.655,0.002,0.092,0.222,0.016,0.532,-0.009,0.01,1.27,10.16,0.97,0.41,0.03,-0.005,-0.405,-0.88,-0.026,-3.731,0.028,,
2026-01-29 02:42:21.341,wait_for_machining,19.967,474.473,1698.844,179.938,-1.455,89.192,-91.188,17.249,-117.573,-180.058,78.221,179.655,0.001,0.083,0.199,0.014,0.464,-0.008,-0.01,1.38,10.22,0.95,0.38,-0.07,-0.005,-0.366,-0.797,-0.023,-3.374,0.025,,
2026-01-29 02:42:21.443,wait_for_machining,19.964,474.432,1699.018,179.939,-1.449,89.192,-91.188,17.254,-117.562,-180.058,78.242,179.654,0.001,0.073,0.176,0.013,0.401,-0.007,0.03,1.31,10.19,0.89,0.32,-0.0,-0.004,-0.338,-0.736,-0.023,-3.081,0.024,,
2026-01-29 02:42:21.544,wait_for_machining,19.961,474.396,1699.173,179.94,-1.444,89.192,-91.188,17.258,-117.553,-180.057,78.261,179.654,0.001,0.065,0.156,0.012,0.347,-0.006,-0.04,1.36,10.17,0.86,0.24,-0.09,-0.004,-0.309,-0.675,-0.021,-2.801,0.022,,
2026-01-29 02:42:21.649,wait_for_machining,19.958,474.364,1699.316,179.94,-1.44,89.192,-91.188,17.262,-117.544,-180.056,78.277,179.654,0.001,0.058,0.139,0.01,0.302,-0.005,-0.02,1.42,10.22,0.96,0.27,-0.09,-0.004,-0.281,-0.615,-0.02,-2.54,0.02,,
2026-01-29 02:42:21.752,wait_for_machining,19.956,474.338,1699.437,179.941,-1.437,89.192,-91.188,17.265,-117.536,-180.055,78.291,179.654,0.001,0.052,0.123,0.009,0.261,-0.004,-0.03,1.42,10.12,1.01,0.22,-0.02,-0.003,-0.259,-0.567,-0.019,-2.314,0.018,,
2026-01-29 02:42:21.854,wait_for_machining,19.954,474.315,1699.544,179.941,-1.435,89.193,-91.188,17.268,-117.53,-180.055,78.303,179.653,0.001,0.046,0.109,0.008,0.226,-0.004,-0.12,1.34,10.25,0.94,0.03,0.09,-0.003,-0.236,-0.519,-0.017,-2.101,0.017,,
2026-01-29 02:42:21.959,wait_for_machining,19.952,474.294,1699.644,179.942,-1.433,89.193,-91.188,17.27,-117.523,-180.054,78.314,179.653,0.001,0.041,0.098,0.008,0.196,-0.003,0.02,1.29,10.17,0.94,0.16,-0.03,-0.003,-0.215,-0.472,-0.016,-1.903,0.015,,
2026-01-29 02:42:22.060,wait_for_machining,19.951,474.277,1699.728,179.942,-1.431,89.193,-91.188,17.273,-117.518,-180.054,78.323,179.653,0.001,0.036,0.086,0.007,0.169,-0.003,0.04,1.38,10.12,0.9,0.11,-0.08,-0.003,-0.197,-0.434,-0.015,-1.731,0.014,,
2026-01-29 02:42:29.019,wait_for_machining,19.938,474.168,1700.396,179.946,-1.433,89.193,-91.187,17.29,-117.476,-180.05,78.38,179.652,0.0,0.0,0.0,0.0,0.0,-0.0,-0.08,1.3,10.23,0.99,0.02,0.04,-0.0,-0.0,-0.001,-0.0,-0.002,0.0,,
2026-01-29 02:42:36.083,wait_for_machining,19.938,474.168,1700.397,179.946,-1.433,89.193,-91.187,17.29,-117.476,-180.05,78.38,179.652,0.0,0.0,0.0,0.0,0.0,-0.0,0.06,1.38,10.19,0.93,0.08,-0.08,-0.0,-0.0,-0.0,-0.0,-0.0,0.0,,
2026-01-29 02:42:43.020,wait_for_machining,19.938,474.168,1700.397,179.946,-1.433,89.193,-91.187,17.29,-117.476,-180.05,78.38,179.652,0.0,0.0,0.0,0.0,0.0,-0.0,0.01,1.42,10.23,1.02,-0.1,-0.0,-0.0,-0.0,-0.0,-0.0,-0.0,0.0,,
2026-01-29 02:42:50.104,wait_for_machining,19.938,474.168,1700.397,179.946,-1.433,89.193,-91.187,17.29,-117.476,-180.05,78.38,179.652,0.0,0.0,0.0,0.0,0.0,-0.0,0.07,1.32,10.19,1.01,0.01,0.01,-0.0,-0.0,-0.0,-0.0,-0.0,0.0,,
2026-01-29 02:42:57.072,wait_for_machining,19.938,474.168,1700.397,179.946,-1.433,89.193,-91.187,17.29,-117.476,-180.05,78.38,179.652,0.0,0.0,0.0,0.0,0.0,-0.0,0.03,1.5,10.19,1.01,-0.02,0.0,-0.0,-0.0,-0.0,-0.0,-0.0,0.0,,
2026-01-29 02:43:04.132,wait_for_machining,19.938,474.168,1700.397,179.946,-1.433,89.193,-91.187,17.29,-117.476,-180.05,78.38,179.652,0.0,0.0,0.0,0.0,0.0,-0.0,0.02,1.36,10.23,0.99,0.09,0.01,-0.0,-0.0,-0.0,-0.0,-0.0,0.0,,
2026-01-29 02:43:11.100,wait_for_machining,19.938,474.168,1700.397,179.946,-1.433,89.193,-91.187,17.29,-117.476,-180.05,78.38,179.652,0.0,0.0,0.0,0.0,0.0,-0.0,-0.0,1.36,10.18,0.92,-0.07,0.13,-0.0,-0.0,-0.0,-0.0,-0.0,0.0,,
2026-01-29 02:43:18.173,wait_for_machining,19.938,474.168,1700.397,179.946,-1.433,89.193,-91.187,17.29,-117.476,-180.05,78.38,179.652,0.0,0.0,0.0,0.0,0.0,-0.0,0.0,1.33,10.23,0.96,0.02,-0.03,-0.0,-0.0,-0.0,-0.0,-0.0,0.0,,
2026-01-29 02:43:25.230,wait_for_machining,19.938,474.168,1700.397,179.946,-1.433,89.193,-91.187,17.29,-117.476,-180.05,78.38,179.652,0.0,0.0,0.0,0.0,0.0,-0.0,0.01,1.36,10.14,0.99,0.06,0.04,-0.0,-0.0,-0.0,-0.0,-0.0,0.0,waypoint,
2026-01-29 02:43:25.333,machining_end_to_approach_machine,20.335,475.767,1674.981,179.825,-0.666,89.201,-91.2,16.663,-119.085,-180.181,76.911,179.663,-0.031,-1.567,-4.022,-0.326,-3.673,0.027,0.06,2.24,9.75,0.91,-5.98,-0.03,-0.123,-6.267,-16.089,-1.305,-14.692,0.108,,
2026-01-29 02:43:25.436,machining_end_to_approach_machine,21.116,487.194,1621.174,179.631,-4.628,89.21,-91.224,15.333,-122.569,-180.37,68.133,179.726,-0.084,-4.501,-11.725,-0.717,-24.699,0.178,-0.03,2.95,9.66,0.95,-17.16,0.07,-0.231,-12.679,-33.226,-1.759,-86.309,0.62,,
2026-01-29 02:43:25.537,machining_end_to_approach_machine,21.635,501.008,1579.604,179.536,-11.848,89.228,-91.243,14.252,-125.442,-180.453,56.959,179.803,-0.109,-6.078,-15.977,-0.746,-46.46,0.327,-0.1,3.34,9.45,1.01,-27.9,0.15,-0.151,-8.912,-23.801,-0.528,-101.642,0.701,,
2026-01-29 02:43:25.637,machining_end_to_approach_machine,21.981,514.423,1544.742,179.497,-20.512,89.25,-91.26,13.251,-128.128,-180.485,44.609,179.881,-0.125,-7.062,-18.697,-0.64,-65.722,0.438,-0.05,3.63,9.18,0.99,-36.64,0.07,-0.119,-7.23,-19.546,0.038,-103.243,0.628,,
2026-01-29 02:43:25.740,machining_end_to_approach_machine,22.173,524.912,1517.634,179.491,-29.123,89.269,-91.275,12.362,-130.523,-180.485,32.714,179.94,-0.131,-7.519,-20.01,-0.48,-79.028,0.478,-0.13,3.71,9.03,0.98,-42.72,0.09,-0.089,-5.381,-14.683,0.355,-88.357,0.39,,
2026-01-29 02:43:25.844,machining_end_to_approach_machine,22.263,531.962,1496.754,179.496,-37.133,89.289,-91.289,11.572,-132.654,-180.47,21.782,179.978,-0.133,-7.614,-20.337,-0.322,-86.6,0.452,-0.17,3.86,8.83,1.05,-46.34,0.06,-0.065,-3.851,-10.582,0.471,-69.895,0.131,,
2026-01-29 02:43:25.945,machining_end_to_approach_machine,22.288,535.718,1481.197,179.495,-44.054,89.315,-91.3,10.898,-134.474,-180.452,12.367,179.995,-0.129,-7.396,-19.802,-0.195,-88.488,0.383,-0.18,3.87,8.68,0.95,-47.95,0.12,-0.041,-2.31,-6.407,0.459,-47.738,-0.08,,
2026-01-29 02:43:26.047,machining_end_to_approach_machine,22.274,537.049,1468.407,179.477,-50.447,89.355,-91.312,10.271,-136.165,-180.434,3.657,180.001,-0.125,-7.114,-19.078,-0.103,-88.14,0.301,-0.09,3.94,8.52,1.09,-47.83,0.04,-0.03,-1.605,-4.471,0.402,-35.909,-0.195,,
2026-01-29 02:43:26.153,machining_end_to_approach_machine,22.229,536.359,1458.205,179.44,-56.027,89.411,-91.322,9.714,-137.665,-180.421,-3.98,180.0,-0.119,-6.727,-18.058,-0.045,-85.198,0.223,-0.1,3.94,8.25,0.91,-46.62,0.04,-0.015,-0.745,-2.118,0.313,-21.592,-0.243,,
2026-01-29 02:43:26.255,machining_end_to_approach_machine,22.166,534.341,1450.218,179.386,-60.676,89.479,-91.33,9.239,-138.943,-180.415,-10.382,179.997,-0.11,-6.234,-16.738,-0.018,-79.904,0.161,-0.18,3.9,8.05,0.85,-44.54,0.06,0.001,0.146,0.313,0.22,-7.086,-0.23,,
2026-01-29 02:43:26.357,machining_end_to_approach_machine,22.082,531.288,1443.28,179.314,-64.876,89.565,-91.338,8.797,-140.128,-180.414,-16.209,179.997,-0.103,-5.779,-15.517,-0.011,-74.495,0.12,-0.16,3.92,7.99,0.91,-42.08,0.01,0.007,0.469,1.208,0.144,-0.622,-0.185,,
2026-01-29 02:43:26.460,machining_end_to_approach_machine,21.986,527.644,1437.428,179.229,-68.49,89.661,-91.345,8.405,-141.179,-180.418,-21.266,180.001,-0.095,-5.314,-14.265,-0.018,-68.514,0.1,-0.18,3.86,7.85,0.91,-39.09,0.03,0.015,0.917,2.432,0.079,7.14,-0.126,,
2026-01-29 02:43:26.560,machining_end_to_approach_machine,21.886,523.862,1432.609,179.14,-71.474,89.763,-91.351,8.071,-142.074,-180.425,-25.479,180.009,-0.086,-4.821,-12.936,-0.033,-61.917,0.095,-0.15,3.68,7.73,0.82,-35.98,0.08,0.024,1.402,3.748,0.035,14.866,-0.071,,
2026-01-29 02:43:26.661,machining_end_to_approach_machine,21.782,519.984,1428.407,179.045,-74.049,89.87,-91.356,7.773,-142.871,-180.436,-29.149,180.021,-0.078,-4.361,-11.695,-0.051,-55.615,0.102,-0.11,3.73,7.56,0.78,-33.1,0.12,0.029,1.623,4.349,0.002,18.801,-0.024,,
2026-01-29 02:43:26.764,machining_end_to_approach_machine,21.671,515.973,1424.556,178.942,-76.358,89.986,-91.361,7.496,-143.611,-180.449,-32.476,180.037,-0.071,-3.963,-10.62,-0.071,-50.027,0.116,-0.13,3.67,7.38,0.77,-30.06,0.09,0.03,1.674,4.492,-0.024,20.366,0.018,,
2026-01-29 02:43:26.866,machining_end_to_approach_machine,21.556,511.939,1421.024,178.833,-78.412,90.111,-91.366,7.241,-144.292,-180.464,-35.465,180.057,-0.064,-3.61,-9.668,-0.091,-44.995,0.136,-0.1,3.64,7.29,0.77,-27.18,0.03,0.031,1.722,4.625,-0.043,21.692,0.051,,
2026-01-29 02:43:26.969,machining_end_to_approach_machine,21.448,508.271,1418.018,178.726,-80.092,90.232,-91.37,7.024,-144.87,-180.48,-37.942,180.077,-0.057,-3.25,-8.697,-0.107,-39.936,0.153,-0.17,3.63,7.12,0.79,-24.42,0.1,0.035,1.934,5.192,-0.041,24.66,0.054,,
2026-01-29 02:43:27.070,machining_end_to_approach_machine,21.348,504.976,1415.439,178.622,-81.474,90.35,-91.373,6.839,-145.363,-180.495,-40.001,180.097,-0.051,-2.9,-7.755,-0.118,-35.101,0.165,-0.05,3.58,7.12,0.75,-21.9,0.01,0.038,2.06,5.529,-0.034,26.362,0.048,,
2026-01-29 02:43:27.172,machining_end_to_approach_machine,21.25,501.786,1413.021,178.512,-82.71,90.476,-91.376,6.668,-145.82,-180.511,-41.866,180.118,-0.045,-2.604,-6.959,-0.128,-30.988,0.177,-0.06,3.6,7.0,0.73,-19.57,0.1,0.037,1.987,5.333,-0.036,25.669,0.052,,
2026-01-29 02:43:27.274,machining_end_to_approach_machine,21.157,498.853,1410.847,178.399,-83.766,90.603,-91.378,6.515,-146.225,-180.526,-43.48,180.139,-0.04,-2.334,-6.232,-0.135,-27.276,0.185,-0.04,3.65,6.98,0.72,-17.4,0.06,0.037,1.982,5.317,-0.029,25.614,0.043,,
2026-01-29 02:43:27.377,machining_end_to_approach_machine,21.07,496.175,1408.889,178.283,-84.668,90.734,-91.38,6.38,-146.585,-180.541,-44.876,180.159,-0.036,-2.088,-5.573,-0.138,-23.948,0.188,-0.09,3.48,6.92,0.66,-15.48,0.02,0.036,1.955,5.244,-0.021,25.227,0.03,,
2026-01-29 02:43:27.480,machining_end_to_approach_machine,20.989,493.741,1407.121,178.162,-85.438,90.868,-91.382,6.26,-146.904,-180.555,-46.085,180.178,-0.031,-1.866,-4.977,-0.14,-20.982,0.188,-0.07,3.42,6.8,0.6,-13.7,0.08,0.036,1.912,5.126,-0.012,24.585,0.016,,
2026-01-29 02:43:27.582,machining_end_to_approach_machine,20.915,491.538,1405.525,178.035,-86.094,91.009,-91.384,6.154,-147.187,-180.569,-47.13,180.195,-0.028,-1.665,-4.44,-0.138,-18.351,0.185,-0.05,3.36,6.74,0.65,-12.15,0.08,0.034,1.856,4.974,-0.004,23.754,0.002,,
2026-01-29 02:43:27.686,machining_end_to_approach_machine,20.844,489.472,1404.024,177.893,-86.675,91.164,-91.385,6.056,-147.447,-180.582,-48.07,180.212,-0.024,-1.494,-3.981,-0.137,-16.112,0.181,-0.07,3.46,6.69,0.62,-10.67,0.06,0.033,1.753,4.698,-0.0,22.437,-0.005,,
2026-01-29 02:43:27.789,machining_end_to_approach_machine,20.782,487.691,1402.723,177.747,-87.149,91.322,-91.386,5.973,-147.669,-180.594,-48.849,180.227,-0.021,-1.329,-3.54,-0.132,-14.03,0.173,-0.04,3.56,6.54,0.6,-9.48,0.07,0.032,1.725,4.62,0.013,21.807,-0.025,,
2026-01-29 02:43:27.889,machining_end_to_approach_machine,20.727,486.156,1401.593,177.596,-87.537,91.483,-91.387,5.902,-147.857,-180.605,-49.496,180.24,-0.019,-1.174,-3.126,-0.126,-12.141,0.162,-0.05,3.39,6.53,0.61,-8.3,0.09,0.031,1.676,4.486,0.025,20.936,-0.041,,
2026-01-29 02:43:27.991,machining_end_to_approach_machine,20.675,484.717,1400.524,177.424,-87.882,91.665,-91.388,5.836,-148.032,-180.615,-50.083,180.252,-0.016,-1.045,-2.783,-0.12,-10.572,0.152,-0.04,3.4,6.5,0.68,-7.23,0.03,0.029,1.559,4.173,0.026,19.452,-0.044,,
2026-01-29 02:43:28.091,machining_end_to_approach_machine,20.628,483.429,1399.556,177.236,-88.176,91.863,-91.389,5.777,-148.188,-180.624,-50.59,180.263,-0.014,-0.93,-2.475,-0.114,-9.198,0.141,-0.05,3.53,6.53,0.57,-6.36,0.03,0.027,1.478,3.953,0.031,18.295,-0.052,,
2026-01-29 02:43:28.192,machining_end_to_approach_machine,20.585,482.278,1398.68,177.029,-88.426,92.078,-91.39,5.725,-148.326,-180.633,-51.03,180.273,-0.012,-0.827,-2.201,-0.107,-7.997,0.131,-0.01,3.38,6.35,0.61,-5.54,0.04,0.025,1.396,3.733,0.035,17.149,-0.058,,
2026-01-29 02:43:28.295,machining_end_to_approach_machine,20.55,481.332,1397.95,176.822,-88.621,92.292,-91.39,5.683,-148.438,-180.64,-51.38,180.281,-0.011,-0.727,-1.932,-0.099,-6.874,0.119,-0.04,3.36,6.47,0.72,-4.91,0.01,0.024,1.351,3.612,0.045,16.321,-0.07,,
2026-01-29 02:43:28.396,machining_end_to_approach_machine,20.515,480.407,1397.227,176.576,-88.803,92.546,-91.391,5.642,-148.548,-180.648,-51.713,180.289,-0.009,-0.648,-1.723,-0.092,-5.989,0.109,0.03,3.44,6.37,0.57,-4.28,-0.01,0.022,1.227,3.281,0.041,14.864,-0.065,,
2026-01-29 02:43:28.501,machining_end_to_approach_machine,20.483,479.582,1396.574,176.306,-88.958,92.822,-91.391,5.605,-148.645,-180.655,-52.002,180.296,-0.008,-0.578,-1.535,-0.086,-5.212,0.099,-0.05,3.46,6.25,0.54,-3.62,0.06,0.021,1.151,3.077,0.043,13.826,-0.067,,
2026-01-29 02:43:28.605,machining_end_to_approach_machine,20.453,478.819,1395.96,175.999,-89.094,93.135,-91.392,5.571,-148.735,-180.661,-52.261,180.303,-0.007,-0.518,-1.376,-0.081,-4.557,0.091,0.06,3.48,6.36,0.66,-3.39,-0.07,0.019,1.065,2.845,0.042,12.734,-0.066,,
2026-01-29 02:43:28.706,machining_end_to_approach_machine,20.428,478.168,1395.428,175.681,-89.203,93.459,-91.392,5.543,-148.811,-180.667,-52.476,180.308,-0.006,-0.46,-1.222,-0.074,-3.955,0.082,0.02,3.47,6.29,0.48,-2.85,-0.0,0.018,1.009,2.695,0.046,11.906,-0.069,,
2026-01-29 02:43:28.809,machining_end_to_approach_machine,20.405,477.589,1394.948,175.34,-89.296,93.805,-91.392,5.517,-148.878,-180.672,-52.661,180.313,-0.005,-0.409,-1.086,-0.069,-3.431,0.074,-0.02,3.29,6.31,0.58,-2.47,0.0,0.017,0.94,2.511,0.046,11.004,-0.068,,
2026-01-29 02:43:28.912,machining_end_to_approach_machine,20.384,477.074,1394.515,174.978,-89.374,94.171,-91.393,5.494,-148.938,-180.676,-52.822,180.318,-0.005,-0.363,-0.964,-0.063,-2.975,0.066,0.1,3.33,6.34,0.62,-2.2,-0.01,0.015,0.875,2.336,0.046,10.153,-0.067,,
2026-01-29 02:43:29.014,machining_end_to_approach_machine,20.366,476.616,1394.124,174.599,-89.44,94.554,-91.393,5.474,-148.991,-180.68,-52.961,180.322,-0.004,-0.322,-0.856,-0.058,-2.579,0.059,0.06,3.37,6.28,0.66,-1.86,0.07,0.014,0.813,2.17,0.046,9.354,-0.066,,
2026-01-29 02:43:29.117,machining_end_to_approach_machine,20.349,476.208,1393.772,174.208,-89.496,94.949,-91.393,5.457,-149.039,-180.684,-53.082,180.325,-0.003,-0.286,-0.76,-0.053,-2.236,0.053,0.04,3.46,6.2,0.56,-1.72,0.05,0.013,0.754,2.013,0.045,8.606,-0.064,,
2026-01-29 02:43:29.220,machining_end_to_approach_machine,20.335,475.86,1393.466,173.826,-89.54,95.334,-91.393,5.441,-149.079,-180.688,-53.182,180.328,-0.003,-0.253,-0.671,-0.048,-1.928,0.047,0.03,3.36,6.26,0.52,-1.47,-0.03,0.012,0.705,1.882,0.046,7.948,-0.062,waypoint,
2026-01-29 02:43:29.324,machining_end_to_approach_machine,20.931,502.815,1400.236,31.925,-89.939,-122.783,-91.379,3.966,-147.091,-180.649,-53.178,180.327,0.034,-3.878,4.467,0.061,-1.436,0.032,0.01,2.39,7.26,0.67,-0.7,-0.02,0.156,-13.968,21.974,0.463,8.196,-0.096,,
2026-01-29 02:43:29.428,machining_end_to_approach_machine,22.586,584.279,1417.013,1.83,-89.125,-92.701,-91.337,-0.418,-141.042,-180.587,-52.335,180.308,0.129,-13.868,18.474,0.201,1.031,-0.024,-0.21,3.46,7.46,0.48,0.68,-0.05,0.413,-41.654,60.393,0.647,15.768,-0.266,,
2026-01-29 02:43:29.530,machining_end_to_approach_machine,23.864,653.301,1426.707,1.968,-88.959,-92.84,-91.301,-4.144,-135.891,-180.548,-51.077,180.287,0.188,-19.718,26.732,0.247,3.919,-0.07,-0.2,4.57,7.55,0.39,2.06,-0.03,0.318,-30.919,45.365,0.348,18.341,-0.257,,
2026-01-29 02:43:29.632,machining_end_to_approach_machine,24.863,711.78,1431.951,2.727,-89.058,-93.595,-91.27,-7.322,-131.495,-180.522,-49.759,180.269,0.219,-22.733,31.038,0.251,6.233,-0.096,-0.27,5.91,7.64,0.34,3.4,-0.04,0.236,-22.341,33.28,0.194,17.101,-0.197,,
2026-01-29 02:43:29.732,machining_end_to_approach_machine,25.717,765.623,1434.498,4.124,-89.269,-94.987,-91.241,-10.274,-127.411,-180.5,-48.416,180.255,0.237,-24.429,33.489,0.242,8.034,-0.107,-0.31,7.35,7.88,0.53,4.13,-0.0,0.191,-17.843,26.836,0.124,15.653,-0.146,,
2026-01-29 02:43:29.835,machining_end_to_approach_machine,26.416,812.942,1434.986,6.726,-89.506,-97.583,-91.215,-12.895,-123.784,-180.483,-47.171,180.244,0.243,-24.874,34.184,0.226,9.137,-0.107,-0.3,8.68,8.04,0.44,4.63,-0.08,0.14,-12.749,19.58,0.074,13.095,-0.096,,
2026-01-29 02:43:29.938,machining_end_to_approach_machine,26.99,854.5,1434.083,12.974,-89.729,-103.825,-91.192,-15.222,-120.564,-180.467,-46.051,180.236,0.239,-24.473,33.689,0.208,9.653,-0.1,-0.33,10.18,8.09,0.47,4.92,-0.03,0.097,-8.537,13.558,0.042,10.541,-0.059,,
2026-01-29 02:43:30.040,machining_end_to_approach_machine,27.463,890.989,1432.265,43.384,-89.909,-134.23,-91.171,-17.288,-117.704,-180.454,-45.059,180.23,0.231,-23.521,32.416,0.19,9.72,-0.09,-0.33,11.51,8.37,0.46,5.0,-0.01,0.061,-5.075,8.593,0.022,8.207,-0.034,,
2026-01-29 02:43:30.140,machining_end_to_approach_machine,27.839,921.778,1429.982,146.532,-89.887,122.627,-91.154,-19.051,-115.265,-180.442,-44.222,180.226,0.217,-22.047,30.41,0.172,9.381,-0.079,-0.33,12.75,8.24,0.52,5.02,0.02,0.025,-1.531,3.529,0.002,5.832,-0.016,,
2026-01-29 02:43:30.243,machining_end_to_approach_machine,28.165,950.076,1427.273,165.025,-89.762,104.138,-91.138,-20.688,-112.999,-180.43,-43.458,180.222,0.203,-20.628,28.471,0.158,8.947,-0.07,-0.26,14.02,8.41,0.47,4.81,0.04,0.01,-0.124,1.44,-0.002,4.524,-0.008,,
2026-01-29 02:43:30.346,machining_end_to_approach_machine,28.436,974.944,1424.404,169.854,-89.657,99.313,-91.123,-22.142,-110.988,-180.419,-42.793,180.218,0.188,-19.106,26.382,0.145,8.372,-0.061,-0.29,14.99,8.4,0.58,4.54,0.09,-0.009,1.722,-1.245,-0.01,3.078,-0.003,,
2026-01-29 02:43:30.447,machining_end_to_approach_machine,28.663,996.81,1421.5,172.005,-89.576,97.166,-91.111,-23.433,-109.202,-180.41,-42.216,180.215,0.173,-17.556,24.251,0.134,7.722,-0.054,-0.25,15.94,8.5,0.59,4.3,0.07,-0.024,3.179,-3.376,-0.017,1.894,0.001,,
2026-01-29 02:43:30.547,machining_end_to_approach_machine,28.846,1015.295,1418.763,173.151,-89.518,96.022,-91.1,-24.534,-107.679,-180.401,-41.735,180.212,0.157,-15.92,21.996,0.122,6.994,-0.048,-0.2,16.99,8.66,0.68,3.97,-0.04,-0.041,4.759,-5.665,-0.026,0.743,0.004,,
2026-01-29 02:43:30.650,machining_end_to_approach_machine,29.007,1032.322,1416.011,173.891,-89.474,95.284,-91.09,-25.557,-106.264,-180.392,-41.299,180.209,0.143,-14.497,20.034,0.113,6.336,-0.043,-0.17,17.81,8.52,0.65,3.59,-0.07,-0.044,5.066,-6.183,-0.026,0.221,0.003,,
2026-01-29 02:43:30.754,machining_end_to_approach_machine,29.143,1047.321,1413.401,174.369,-89.445,94.809,-91.081,-26.465,-105.008,-180.384,-40.921,180.206,0.13,-13.144,18.166,0.105,5.697,-0.039,-0.27,18.46,8.51,0.71,3.25,0.0,-0.051,5.705,-7.151,-0.03,-0.385,0.004,,
2026-01-29 02:43:30.856,machining_end_to_approach_machine,29.253,1060.024,1411.054,174.673,-89.427,94.506,-91.073,-27.24,-103.937,-180.377,-40.606,180.204,0.116,-11.795,16.303,0.096,5.059,-0.036,-0.25,19.22,8.67,0.61,3.02,0.02,-0.059,6.47,-8.283,-0.036,-0.981,0.006,,
2026-01-29 02:43:30.958,machining_end_to_approach_machine,29.348,1071.287,1408.868,174.875,-89.418,94.305,-91.066,-27.931,-102.981,-180.371,-40.333,180.201,0.104,-10.574,14.617,0.089,4.479,-0.033,-0.17,19.73,8.55,0.7,2.57,0.0,-0.062,6.657,-8.609,-0.037,-1.289,0.006,,
2026-01-29 02:43:31.060,machining_end_to_approach_machine,29.429,1081.278,1406.846,175.004,-89.416,94.178,-91.06,-28.548,-102.128,-180.365,-40.094,180.199,0.093,-9.473,13.095,0.082,3.955,-0.031,-0.18,20.26,8.54,0.76,2.4,0.1,-0.063,6.735,-8.778,-0.038,-1.514,0.006,,
2026-01-29 02:43:31.162,machining_end_to_approach_machine,29.499,1090.146,1404.985,175.077,-89.419,94.105,-91.055,-29.098,-101.367,-180.359,-39.887,180.196,0.084,-8.481,11.724,0.075,3.486,-0.029,-0.14,20.75,8.43,0.7,2.19,0.02,-0.063,6.726,-8.819,-0.039,-1.67,0.007,,
2026-01-29 02:43:31.262,machining_end_to_approach_machine,29.557,1097.697,1403.352,175.107,-89.425,94.076,-91.05,-29.57,-100.716,-180.354,-39.713,180.194,0.074,-7.538,10.421,0.069,3.048,-0.027,-0.11,21.25,8.57,0.63,1.85,-0.01,-0.065,6.848,-9.037,-0.042,-1.845,0.008,,
2026-01-29 02:43:31.364,machining_end_to_approach_machine,29.61,1104.728,1401.792,175.104,-89.435,94.079,-91.046,-30.01,-100.107,-180.349,-39.555,180.192,0.067,-6.755,9.338,0.063,2.682,-0.025,-0.15,21.6,8.58,0.7,1.72,-0.06,-0.061,6.468,-8.555,-0.039,-1.812,0.008,,
2026-01-29 02:43:31.465,machining_end_to_approach_machine,29.656,1110.977,1400.374,175.073,-89.448,94.111,-91.042,-30.403,-99.563,-180.345,-39.417,180.19,0.06,-6.049,8.362,0.058,2.356,-0.024,-0.21,21.94,8.47,0.81,1.51,0.04,-0.06,6.296,-8.356,-0.039,-1.835,0.008,,
2026-01-29 02:43:31.566,machining_end_to_approach_machine,29.695,1116.533,1399.087,175.019,-89.462,94.166,-91.038,-30.754,-99.079,-180.341,-39.297,180.189,0.053,-5.414,7.483,0.054,2.067,-0.023,-0.13,22.17,8.54,0.7,1.4,0.03,-0.058,6.089,-8.105,-0.039,-1.83,0.008,,
2026-01-29 02:43:31.667,machining_end_to_approach_machine,29.73,1121.474,1397.924,174.944,-89.477,94.241,-91.035,-31.067,-98.646,-180.337,-39.192,180.187,0.048,-4.843,6.694,0.05,1.812,-0.021,-0.13,22.53,8.34,0.72,1.15,-0.05,-0.056,5.858,-7.817,-0.038,-1.802,0.009,,
2026-01-29 02:43:31.771,machining_end_to_approach_machine,29.762,1126.05,1396.83,174.848,-89.493,94.337,-91.032,-31.358,-98.244,-180.334,-39.098,180.185,0.043,-4.359,6.025,0.046,1.595,-0.02,-0.03,22.79,8.41,0.71,1.03,0.03,-0.052,5.495,-7.343,-0.036,-1.721,0.009,,
2026-01-29 02:43:31.874,machining_end_to_approach_machine,29.789,1130.101,1395.849,174.736,-89.51,94.449,-91.03,-31.616,-97.888,-180.33,-39.016,180.184,0.039,-3.915,5.41,0.042,1.401,-0.019,-0.05,22.84,8.47,0.67,0.8,0.01,-0.05,5.271,-7.06,-0.036,-1.676,0.009,,
2026-01-29 02:43:31.976,machining_end_to_approach_machine,29.813,1133.689,1394.97,174.612,-89.526,94.573,-91.028,-31.845,-97.571,-180.328,-38.945,180.182,0.035,-3.509,4.85,0.039,1.228,-0.018,-0.07,23.13,8.49,0.75,0.76,0.01,-0.048,5.033,-6.754,-0.035,-1.619,0.009,,
2026-01-29 02:43:32.081,machining_end_to_approach_machine,29.835,1136.868,1394.185,174.476,-89.542,94.709,-91.026,-32.049,-97.29,-180.325,-38.883,180.181,0.031,-3.141,4.34,0.036,1.075,-0.017,-0.08,23.29,8.28,0.73,0.61,0.04,-0.046,4.787,-6.433,-0.034,-1.552,0.01,,
2026-01-29 02:43:32.185,machining_end_to_approach_machine,29.852,1139.574,1393.51,174.338,-89.558,94.847,-91.024,-32.222,-97.05,-180.323,-38.832,180.18,0.027,-2.79,3.855,0.033,0.934,-0.015,0.01,23.55,8.34,0.68,0.64,0.05,-0.044,4.607,-6.204,-0.034,-1.5,0.01,,
2026-01-29 02:43:32.286,machining_end_to_approach_machine,29.868,1141.985,1392.906,174.193,-89.572,94.992,-91.022,-32.377,-96.836,-180.321,-38.788,180.179,0.024,-2.48,3.426,0.03,0.811,-0.014,0.01,23.55,8.34,0.72,0.56,0.04,-0.042,4.334,-5.842,-0.033,-1.416,0.01,,
2026-01-29 02:43:32.389,machining_end_to_approach_machine,29.882,1144.133,1392.364,174.043,-89.586,95.143,-91.021,-32.516,-96.645,-180.319,-38.749,180.178,0.022,-2.205,3.047,0.027,0.705,-0.013,-0.02,23.81,8.34,0.72,0.42,0.02,-0.039,4.067,-5.488,-0.031,-1.332,0.01,,
2026-01-29 02:43:32.493,machining_end_to_approach_machine,29.895,1146.125,1391.86,173.882,-89.6,95.303,-91.02,-32.644,-96.467,-180.317,-38.714,180.177,0.019,-1.975,2.729,0.025,0.616,-0.012,-0.06,23.86,8.32,0.71,0.44,-0.01,-0.036,3.759,-5.075,-0.029,-1.235,0.009,,
2026-01-29 02:43:32.595,machining_end_to_approach_machine,29.905,1147.822,1391.428,173.725,-89.613,95.46,-91.019,-32.754,-96.316,-180.315,-38.685,180.176,0.017,-1.755,2.425,0.023,0.535,-0.011,-0.06,23.87,8.29,0.62,0.39,0.05,-0.034,3.572,-4.828,-0.029,-1.171,0.01,,
2026-01-29 02:43:32.697,machining_end_to_approach_machine,29.915,1149.272,1391.058,173.574,-89.624,95.611,-91.018,-32.847,-96.187,-180.314,-38.661,180.175,0.015,-1.551,2.142,0.02,0.462,-0.01,-0.04,24.06,8.17,0.74,0.17,0.01,-0.033,3.373,-4.564,-0.028,-1.102,0.01,,
2026-01-29 02:43:32.801,machining_end_to_approach_machine,29.923,1150.682,1390.697,173.409,-89.636,95.776,-91.017,-32.939,-96.061,-180.312,-38.638,180.175,0.014,-1.391,1.922,0.019,0.404,-0.009,0.02,24.07,8.32,0.75,0.26,-0.04,-0.03,3.06,-4.142,-0.025,-1.004,0.009,,
2026-01-29 02:43:32.901,machining_end_to_approach_machine,29.931,1151.835,1390.402,173.259,-89.645,95.926,-91.016,-33.013,-95.958,-180.311,-38.619,180.174,0.012,-1.23,1.699,0.017,0.349,-0.008,-0.05,24.18,8.3,0.72,0.19,-0.03,-0.028,2.92,-3.957,-0.025,-0.95,0.009,waypoint,
2026-01-29 02:43:33.004,machining_end_to_approach_machine,19.577,1171.688,1378.898,-120.992,-89.448,30.2,-90.435,-34.551,-94.324,-179.419,-38.592,179.995,1.461,-4.766,5.359,2.244,0.331,-0.455,-0.08,24.59,8.56,1.02,0.13,-0.18,5.775,-11.999,11.747,8.892,-0.764,-1.783,,
2026-01-29 02:43:33.105,machining_end_to_approach_machine,6.967,1194.126,1364.751,-106.3,-89.177,15.503,-89.753,-36.338,-92.433,-178.316,-38.553,179.451,2.802,-8.043,8.745,4.44,0.346,-1.701,-0.18,25.15,8.77,1.16,0.2,-0.49,6.216,-13.299,13.138,10.104,-0.573,-5.246,,
2026-01-29 02:43:33.207,machining_end_to_approach_machine,-4.722,1213.6,1351.53,-103.156,-89.128,12.352,-89.143,-37.933,-90.747,-177.324,-38.512,178.735,3.625,-10.019,10.775,5.81,0.36,-3.066,-0.27,25.6,8.89,1.25,0.21,-0.72,4.86,-10.044,9.782,7.985,-0.502,-6.444,,
2026-01-29 02:43:33.314,machining_end_to_approach_machine,-15.938,1231.208,1338.763,-103.03,-89.208,12.218,-88.578,-39.414,-89.181,-176.398,-38.473,177.931,4.133,-11.218,11.996,6.672,0.369,-4.309,-0.34,26.2,8.98,1.37,0.09,-0.98,3.941,-7.905,7.6,6.528,-0.46,-6.677,,
2026-01-29 02:43:33.415,machining_end_to_approach_machine,-25.772,1245.85,1327.513,-104.776,-89.342,13.957,-88.095,-40.678,-87.845,-175.606,-38.438,177.174,4.307,-11.573,12.336,6.984,0.362,-5.125,-0.26,26.69,9.13,1.46,0.14,-1.08,2.715,-4.937,4.536,4.537,-0.469,-5.543,,
2026-01-29 02:43:33.517,machining_end_to_approach_machine,-35.119,1259.13,1316.773,-108.845,-89.497,18.02,-87.646,-41.852,-86.605,-174.869,-38.407,176.434,4.351,-11.614,12.353,7.08,0.35,-5.693,-0.35,27.15,9.13,1.4,0.17,-1.09,2.101,-3.545,3.132,3.53,-0.45,-4.814,,
2026-01-29 02:43:33.618,machining_end_to_approach_machine,-42.573,1269.303,1308.178,-115.437,-89.625,24.608,-87.295,-42.77,-85.634,-174.292,-38.383,175.842,4.141,-11.007,11.692,6.753,0.323,-5.748,-0.44,27.66,9.12,1.37,0.14,-1.25,0.916,-0.639,0.122,1.578,-0.477,-2.851,,
2026-01-29 02:43:33.720,machining_end_to_approach_machine,-50.012,1279.104,1299.575,-128.777,-89.742,37.943,-86.951,-43.673,-84.681,-173.726,-38.36,175.259,3.967,-10.511,11.152,6.481,0.3,-5.77,-0.42,28.05,9.22,1.49,0.12,-1.28,0.762,-0.412,-0.063,1.317,-0.438,-2.485,,
2026-01-29 02:43:33.820,machining_end_to_approach_machine,-56.466,1287.336,1292.091,-151.882,-89.814,61.046,-86.656,-44.445,-83.865,-173.241,-38.341,174.763,3.713,-9.813,10.404,6.072,0.273,-5.567,-0.47,28.49,9.15,1.4,0.0,-1.2,0.188,0.932,-1.433,0.364,-0.432,-1.361,,
2026-01-29 02:43:33.924,machining_end_to_approach_machine,-62.576,1294.906,1284.99,175.998,-89.831,93.164,-86.38,-45.167,-83.102,-172.788,-38.323,174.306,3.474,-9.165,9.711,5.686,0.25,-5.318,-0.5,28.7,9.15,1.31,-0.0,-1.06,-0.022,1.339,-1.818,0.01,-0.405,-0.836,,
2026-01-29 02:43:34.025,machining_end_to_approach_machine,-67.858,1301.282,1278.837,152.604,-89.806,116.557,-86.144,-45.784,-82.449,-172.401,-38.308,173.923,3.196,-8.418,8.915,5.232,0.225,-4.947,-0.39,28.98,9.09,1.34,0.17,-1.05,-0.418,2.248,-2.737,-0.649,-0.393,-0.015,,
2026-01-29 02:43:34.126,machining_end_to_approach_machine,-72.637,1306.92,1273.26,139.505,-89.767,129.656,-85.932,-46.338,-81.863,-172.055,-38.295,173.587,2.926,-7.699,8.15,4.79,0.201,-4.549,-0.4,29.4,9.1,1.31,0.08,-1.04,-0.62,2.661,-3.137,-0.987,-0.371,0.461,,
2026-01-29 02:43:34.228,machining_end_to_approach_machine,-76.956,1311.911,1268.212,132.403,-89.731,136.758,-85.743,-46.835,-81.338,-171.744,-38.283,173.294,2.669,-7.016,7.426,4.369,0.18,-4.146,-0.42,29.57,9.05,1.19,0.06,-0.89,-0.776,2.966,-3.428,-1.25,-0.35,0.839,,
2026-01-29 02:43:34.331,machining_end_to_approach_machine,-80.856,1316.334,1263.647,128.447,-89.7,140.714,-85.572,-47.281,-80.867,-171.466,-38.273,173.038,2.427,-6.376,6.746,3.972,0.161,-3.749,-0.37,29.74,8.95,1.16,0.07,-0.92,-0.895,3.183,-3.627,-1.449,-0.328,1.13,,
2026-01-29 02:43:34.433,machining_end_to_approach_machine,-84.374,1320.258,1259.523,126.252,-89.677,142.91,-85.42,-47.68,-80.445,-171.217,-38.264,172.815,2.202,-5.781,6.116,3.601,0.143,-3.369,-0.45,29.96,8.92,1.19,0.02,-0.76,-0.981,3.324,-3.75,-1.594,-0.307,1.347,,
2026-01-29 02:43:34.535,machining_end_to_approach_machine,-87.546,1323.743,1255.801,125.13,-89.66,144.032,-85.283,-48.039,-80.066,-170.994,-38.256,172.621,1.994,-5.231,5.534,3.259,0.128,-3.012,-0.26,30.07,8.97,1.08,0.05,-0.72,-1.04,3.404,-3.811,-1.695,-0.287,1.502,,
2026-01-29 02:43:34.638,machining_end_to_approach_machine,-90.526,1326.972,1252.3,124.71,-89.649,144.453,-85.155,-48.374,-79.712,-170.786,-38.248,172.445,1.815,-4.761,5.036,2.965,0.114,-2.698,-0.26,30.31,8.81,1.08,0.08,-0.68,-1.025,3.296,-3.675,-1.673,-0.265,1.534,,
2026-01-29 02:43:34.739,machining_end_to_approach_machine,-93.087,1329.712,1249.288,124.813,-89.643,144.352,-85.045,-48.66,-79.409,-170.608,-38.242,172.299,1.635,-4.288,4.535,2.669,0.101,-2.388,-0.26,30.46,8.89,1.06,0.09,-0.63,-1.107,3.45,-3.819,-1.808,-0.25,1.682,,
2026-01-29 02:43:34.842,machining_end_to_approach_machine,-95.491,1332.256,1246.459,125.307,-89.64,143.858,-84.943,-48.929,-79.125,-170.442,-38.236,172.167,1.482,-3.886,4.11,2.417,0.09,-2.12,-0.3,30.53,8.9,1.09,0.03,-0.56,-1.068,3.291,-3.633,-1.745,-0.23,1.651,,
2026-01-29 02:43:34.945,machining_end_to_approach_machine,-97.643,1334.51,1243.925,126.107,-89.641,143.06,-84.851,-49.168,-78.872,-170.294,-38.231,172.054,1.34,-3.513,3.715,2.183,0.081,-1.875,-0.29,30.68,8.67,0.98,0.01,-0.36,-1.071,3.25,-3.575,-1.751,-0.214,1.667,,
2026-01-29 02:43:35.047,machining_end_to_approach_machine,-99.57,1336.509,1241.655,127.148,-89.645,142.02,-84.77,-49.381,-78.647,-170.161,-38.227,171.955,1.209,-3.168,3.351,1.968,0.072,-1.652,-0.21,30.81,8.65,0.98,-0.09,-0.41,-1.062,3.183,-3.49,-1.738,-0.198,1.656,,
2026-01-29 02:43:35.148,machining_end_to_approach_machine,-101.151,1338.137,1239.791,128.271,-89.649,140.899,-84.703,-49.556,-78.462,-170.053,-38.223,171.878,1.074,-2.813,2.975,1.746,0.063,-1.433,-0.16,30.86,8.6,0.92,0.07,-0.33,-1.104,3.252,-3.55,-1.804,-0.187,1.694,,
2026-01-29 02:43:35.248,machining_end_to_approach_machine,-102.578,1339.597,1238.107,129.529,-89.655,139.642,-84.643,-49.714,-78.295,-169.956,-38.22,171.81,0.956,-2.504,2.648,1.552,0.055,-1.245,-0.23,30.8,8.61,0.93,-0.03,-0.3,-1.06,3.099,-3.377,-1.732,-0.172,1.623,,
2026-01-29 02:43:35.354,machining_end_to_approach_machine,-103.868,1340.908,1236.585,130.899,-89.661,138.272,-84.589,-49.856,-78.145,-169.869,-38.217,171.75,0.852,-2.233,2.361,1.383,0.048,-1.082,-0.18,30.97,8.67,0.93,-0.01,-0.34,-1.013,2.945,-3.204,-1.656,-0.159,1.547,,
2026-01-29 02:43:35.455,machining_end_to_approach_machine,-104.979,1342.031,1235.273,132.292,-89.668,136.88,-84.542,-49.978,-78.016,-169.794,-38.214,171.701,0.756,-1.98,2.094,1.225,0.042,-0.935,-0.09,30.94,8.59,0.89,-0.06,-0.24,-0.987,2.849,-3.093,-1.613,-0.147,1.49,,
2026-01-29 02:43:35.560,machining_end_to_approach_machine,-106.129,1343.188,1233.915,133.977,-89.675,135.196,-84.494,-50.104,-77.882,-169.716,-38.212,171.651,0.688,-1.801,1.904,1.113,0.038,-0.826,-0.2,31.07,8.7,0.86,-0.02,-0.24,-0.873,2.522,-2.74,-1.427,-0.132,1.341,,
2026-01-29 02:43:35.661,machining_end_to_approach_machine,-107.115,1344.175,1232.75,135.654,-89.682,133.52,-84.453,-50.212,-77.768,-169.649,-38.21,171.61,0.619,-1.621,1.714,1.001,0.034,-0.722,-0.12,31.11,8.56,0.9,-0.11,-0.22,-0.855,2.452,-2.659,-1.397,-0.123,1.292,,
2026-01-29 02:43:35.767,machining_end_to_approach_machine,-108.039,1345.096,1231.659,137.454,-89.689,131.721,-84.414,-50.313,-77.661,-169.587,-38.208,171.573,0.561,-1.468,1.553,0.906,0.03,-0.634,-0.14,31.21,8.59,0.9,-0.19,-0.21,-0.796,2.277,-2.467,-1.301,-0.112,1.202,waypoint,
2026-01-29 02:43:35.873,approach_machine_to_pick,-108.64,1354.555,1231.455,39.116,-89.832,-130.012,-84.422,-50.877,-76.559,-169.447,-38.043,171.506,0.4,-2.509,3.919,1.032,0.435,-0.643,-0.08,31.32,8.62,0.93,0.34,-0.16,-1.184,-2.572,7.728,-0.382,1.53,0.785,,
2026-01-29 02:43:35.973,approach_machine_to_pick,-109.209,1364.393,1230.945,9.949,-89.706,-100.883,-84.436,-51.462,-75.399,-169.31,-37.639,171.389,0.264,-3.344,5.84,1.114,1.337,-0.776,-0.06,31.43,8.86,1.0,0.88,-0.32,-1.127,-2.533,7.541,-0.393,3.769,0.201,,
2026-01-29 02:43:36.076,approach_machine_to_pick,-109.754,1373.117,1230.213,6.741,-89.698,-97.685,-84.449,-51.986,-74.357,-169.191,-37.14,171.251,0.166,-3.82,6.984,1.133,2.249,-0.926,-0.12,31.54,9.05,0.83,1.44,-0.25,-1.001,-1.674,5.601,-0.524,4.335,-0.021,,
2026-01-29 02:43:36.179,approach_machine_to_pick,-110.28,1381.19,1229.378,9.649,-89.759,-100.588,-84.461,-52.476,-73.382,-169.082,-36.6,171.104,0.094,-4.091,7.675,1.124,3.037,-1.062,-0.02,31.69,8.92,0.82,1.76,-0.29,-0.893,-1.166,4.373,-0.564,4.317,-0.115,,
2026-01-29 02:43:36.281,approach_machine_to_pick,-110.717,1387.733,1228.627,18.849,-89.836,-109.777,-84.471,-52.878,-72.584,-168.993,-36.126,170.975,0.046,-4.072,7.753,1.066,3.462,-1.119,-0.14,31.81,9.12,0.79,2.06,-0.31,-0.782,-0.16,2.171,-0.714,3.224,0.078,,
2026-01-29 02:43:36.382,approach_machine_to_pick,-111.128,1393.841,1227.889,46.665,-89.905,-137.578,-84.481,-53.256,-71.832,-168.909,-35.666,170.849,0.011,-3.999,7.695,1.008,3.747,-1.153,-0.14,32.06,9.14,0.87,2.03,-0.3,-0.698,0.089,1.491,-0.697,2.764,0.105,,
2026-01-29 02:43:36.487,approach_machine_to_pick,-111.511,1399.504,1227.187,105.462,-89.912,163.64,-84.489,-53.61,-71.128,-168.831,-35.231,170.731,-0.014,-3.884,7.53,0.952,3.897,-1.162,0.0,32.11,9.17,0.86,2.13,-0.27,-0.622,0.325,0.855,-0.682,2.232,0.162,,
2026-01-29 02:43:36.587,approach_machine_to_pick,-111.835,1404.311,1226.586,134.879,-89.861,134.238,-84.497,-53.912,-70.526,-168.764,-34.861,170.629,-0.029,-3.669,7.152,0.881,3.85,-1.125,0.0,32.32,9.15,0.85,2.22,-0.3,-0.547,0.803,-0.246,-0.727,1.37,0.319,,
2026-01-29 02:43:36.689,approach_machine_to_pick,-112.134,1408.774,1226.03,146.183,-89.802,122.947,-84.504,-54.195,-69.964,-168.701,-34.518,170.535,-0.039,-3.459,6.771,0.817,3.744,-1.079,-0.02,32.39,9.13,0.83,2.07,-0.29,-0.488,0.919,-0.612,-0.697,0.955,0.363,,
2026-01-29 02:43:36.791,approach_machine_to_pick,-112.398,1412.73,1225.541,151.484,-89.752,117.657,-84.51,-54.448,-69.461,-168.645,-34.217,170.453,-0.045,-3.226,6.334,0.753,3.561,-1.015,-0.01,32.51,9.26,0.92,2.01,-0.22,-0.431,1.132,-1.157,-0.694,0.44,0.442,,
2026-01-29 02:43:36.893,approach_machine_to_pick,-112.629,1416.239,1225.113,154.526,-89.711,114.626,-84.516,-54.673,-69.013,-168.595,-33.953,170.381,-0.048,-2.983,5.871,0.69,3.329,-0.941,0.05,32.64,9.25,0.82,1.86,-0.2,-0.381,1.29,-1.583,-0.684,0.021,0.502,,
2026-01-29 02:43:36.996,approach_machine_to_pick,-112.833,1419.353,1224.74,156.513,-89.679,112.647,-84.521,-54.874,-68.613,-168.551,-33.723,170.318,-0.048,-2.74,5.403,0.629,3.072,-0.863,0.03,32.74,9.11,0.92,1.76,-0.21,-0.337,1.404,-1.907,-0.668,-0.314,0.544,,
2026-01-29 02:43:37.099,approach_machine_to_pick,-113.012,1422.118,1224.415,157.935,-89.654,111.233,-84.525,-55.054,-68.257,-168.511,-33.522,170.263,-0.047,-2.503,4.944,0.572,2.806,-0.783,-0.03,32.92,9.15,0.85,1.63,-0.18,-0.298,1.48,-2.148,-0.649,-0.576,0.571,,
2026-01-29 02:43:37.202,approach_machine_to_pick,-113.169,1424.575,1224.132,159.023,-89.637,110.151,-84.529,-55.214,-67.938,-168.475,-33.347,170.216,-0.045,-2.278,4.503,0.518,2.542,-0.706,-0.04,32.94,9.25,0.83,1.47,-0.2,-0.263,1.525,-2.317,-0.626,-0.776,0.586,,
2026-01-29 02:43:37.303,approach_machine_to_pick,-113.308,1426.758,1223.887,159.898,-89.625,109.28,-84.533,-55.357,-67.655,-168.443,-33.195,170.175,-0.043,-2.066,4.088,0.469,2.288,-0.632,0.07,33.1,9.2,0.78,1.41,-0.14,-0.233,1.545,-2.429,-0.601,-0.923,0.59,,
2026-01-29 02:43:37.405,approach_machine_to_pick,-113.435,1428.779,1223.665,160.662,-89.617,108.521,-84.536,-55.489,-67.391,-168.413,-33.056,170.138,-0.04,-1.881,3.725,0.426,2.062,-0.567,-0.05,33.03,9.08,0.79,1.28,-0.13,-0.207,1.492,-2.388,-0.563,-0.974,0.571,,
2026-01-29 02:43:37.506,approach_machine_to_pick,-113.541,1430.497,1223.48,161.293,-89.614,107.893,-84.539,-55.603,-67.166,-168.388,-32.941,170.107,-0.037,-1.694,3.356,0.383,1.834,-0.502,-0.01,33.21,9.06,0.86,1.16,-0.08,-0.182,1.538,-2.537,-0.55,-1.108,0.578,,
2026-01-29 02:43:37.607,approach_machine_to_pick,-113.631,1431.963,1223.327,161.829,-89.613,107.358,-84.541,-55.7,-66.973,-168.366,-32.845,170.081,-0.034,-1.513,2.998,0.342,1.616,-0.441,0.01,33.3,9.18,0.87,1.05,-0.13,-0.159,1.548,-2.608,-0.532,-1.187,0.572,,
2026-01-29 02:43:37.709,approach_machine_to_pick,-113.714,1433.33,1223.187,162.338,-89.615,106.852,-84.543,-55.79,-66.793,-168.345,-32.757,170.058,-0.031,-1.361,2.698,0.308,1.432,-0.388,-0.02,33.28,9.09,0.85,0.89,0.01,-0.142,1.456,-2.472,-0.492,-1.151,0.538,,
2026-01-29 02:43:37.815,approach_machine_to_pick,-113.788,1434.547,1223.066,162.804,-89.618,106.388,-84.545,-55.871,-66.633,-168.327,-32.681,170.038,-0.028,-1.223,2.425,0.276,1.265,-0.342,-0.02,33.36,9.06,0.84,0.76,-0.06,-0.125,1.408,-2.419,-0.465,-1.15,0.515,,
2026-01-29 02:43:37.915,approach_machine_to_pick,-113.85,1435.587,1222.965,163.218,-89.622,105.974,-84.547,-55.94,-66.496,-168.311,-32.617,170.021,-0.025,-1.09,2.162,0.246,1.109,-0.298,-0.02,33.39,9.07,0.74,0.67,-0.04,-0.11,1.384,-2.409,-0.444,-1.16,0.498,,
2026-01-29 02:43:38.021,approach_machine_to_pick,-113.907,1436.557,1222.874,163.623,-89.628,105.569,-84.549,-56.005,-66.367,-168.297,-32.558,170.006,-0.023,-0.979,1.943,0.221,0.978,-0.262,0.02,33.46,9.1,0.81,0.63,-0.08,-0.098,1.29,-2.257,-0.41,-1.1,0.463,,
2026-01-29 02:43:38.125,approach_machine_to_pick,-113.955,1437.386,1222.797,163.989,-89.634,105.204,-84.55,-56.06,-66.257,-168.284,-32.51,169.994,-0.021,-0.873,1.732,0.198,0.855,-0.228,0.06,33.45,9.15,0.8,0.44,-0.14,-0.086,1.254,-2.217,-0.39,-1.086,0.442,waypoint,
2026-01-29 02:43:38.228,pick_on_machine,-113.998,1438.128,1222.731,164.336,-89.64,104.857,-84.551,-56.11,-66.159,-168.273,-32.467,169.982,-0.019,-0.779,1.545,0.176,0.748,-0.198,-0.03,33.53,9.05,0.74,0.44,-0.0,-0.076,1.186,-2.109,-0.364,-1.038,0.414,,
2026-01-29 02:43:38.328,pick_on_machine,-114.035,1438.764,1222.675,164.651,-89.646,104.542,-84.552,-56.152,-66.074,-168.263,-32.431,169.973,-0.017,-0.69,1.37,0.157,0.651,-0.172,0.07,33.51,9.06,0.79,0.38,-0.02,-0.066,1.138,-2.038,-0.343,-1.003,0.391,,
2026-01-29 02:43:38.429,pick_on_machine,-114.069,1439.362,1222.624,164.967,-89.653,104.227,-84.553,-56.192,-65.995,-168.254,-32.398,169.965,-0.015,-0.618,1.227,0.14,0.571,-0.15,0.03,33.56,9.04,0.82,0.42,-0.08,-0.059,1.049,-1.884,-0.314,-0.931,0.36,,
2026-01-29 02:43:38.534,pick_on_machine,-114.1,1439.921,1222.578,165.281,-89.66,103.912,-84.554,-56.23,-65.92,-168.245,-32.368,169.957,-0.013,-0.557,1.106,0.127,0.503,-0.132,-0.05,33.56,9.01,0.76,0.23,-0.01,-0.053,0.97,-1.747,-0.289,-0.867,0.331,,
2026-01-29 02:43:38.637,pick_on_machine,-114.127,1440.399,1222.54,165.567,-89.666,103.626,-84.555,-56.262,-65.856,-168.238,-32.343,169.951,-0.012,-0.498,0.989,0.113,0.44,-0.115,-0.1,33.5,9.09,0.75,0.22,-0.04,-0.046,0.927,-1.68,-0.272,-0.83,0.311,,
2026-01-29 02:43:38.739,pick_on_machine,-114.151,1440.827,1222.506,165.84,-89.673,103.352,-84.556,-56.291,-65.799,-168.231,-32.321,169.945,-0.011,-0.446,0.884,0.102,0.386,-0.1,-0.03,33.61,8.95,0.83,0.24,-0.04,-0.041,0.868,-1.578,-0.252,-0.778,0.288,,
2026-01-29 02:43:38.841,pick_on_machine,-114.172,1441.211,1222.477,166.1,-89.679,103.092,-84.556,-56.317,-65.748,-168.225,-32.301,169.94,-0.01,-0.399,0.791,0.091,0.337,-0.087,-0.03,33.65,9.03,0.75,0.13,-0.09,-0.036,0.811,-1.479,-0.234,-0.727,0.267,,
2026-01-29 02:43:38.943,pick_on_machine,-114.191,1441.569,1222.451,166.359,-89.685,102.832,-84.557,-56.341,-65.7,-168.22,-32.284,169.936,-0.009,-0.359,0.713,0.082,0.297,-0.076,-0.05,33.57,9.06,0.76,0.22,-0.08,-0.032,0.746,-1.364,-0.214,-0.671,0.244,,
2026-01-29 02:43:39.047,pick_on_machine,-114.209,1441.889,1222.428,166.605,-89.691,102.586,-84.557,-56.362,-65.657,-168.215,-32.268,169.932,-0.008,-0.323,0.642,0.074,0.261,-0.067,0.01,33.64,9.09,0.76,0.17,-0.08,-0.028,0.698,-1.279,-0.199,-0.627,0.226,,
2026-01-29 02:43:39.147,pick_on_machine,-114.223,1442.162,1222.409,166.827,-89.696,102.363,-84.558,-56.381,-65.621,-168.211,-32.255,169.929,-0.007,-0.289,0.573,0.066,0.228,-0.058,-0.05,33.68,9.13,0.84,0.01,-0.06,-0.024,0.659,-1.213,-0.186,-0.59,0.21,,
2026-01-29 02:43:39.250,pick_on_machine,-114.236,1442.407,1222.392,167.038,-89.701,102.152,-84.558,-56.397,-65.588,-168.207,-32.244,169.926,-0.006,-0.258,0.512,0.059,0.199,-0.05,-0.02,33.67,9.01,0.8,0.12,-0.03,-0.022,0.612,-1.13,-0.172,-0.547,0.193,,
2026-01-29 02:43:39.351,pick_on_machine,-114.248,1442.627,1222.378,167.237,-89.706,101.952,-84.559,-56.412,-65.559,-168.203,-32.234,169.924,-0.006,-0.23,0.457,0.053,0.174,-0.044,0.09,33.7,8.97,0.73,0.1,0.06,-0.019,0.568,-1.051,-0.158,-0.506,0.177,,
2026-01-29 02:43:39.453,pick_on_machine,-114.258,1442.824,1222.365,167.425,-89.711,101.764,-84.559,-56.425,-65.532,-168.2,-32.226,169.922,-0.005,-0.206,0.409,0.047,0.152,-0.038,-0.06,33.69,8.99,0.8,0.09,-0.05,-0.017,0.526,-0.976,-0.146,-0.468,0.162,,
2026-01-29 02:43:39.557,pick_on_machine,-114.268,1443.008,1222.354,167.61,-89.715,101.579,-84.559,-56.438,-65.508,-168.198,-32.218,169.92,-0.005,-0.186,0.368,0.043,0.134,-0.033,0.1,33.74,9.01,0.84,0.01,-0.02,-0.015,0.482,-0.895,-0.133,-0.428,0.148,,
2026-01-29 02:43:39.660,pick_on_machine,-114.276,1443.165,1222.345,167.775,-89.719,101.413,-84.559,-56.449,-65.487,-168.195,-32.211,169.918,-0.004,-0.166,0.329,0.038,0.117,-0.029,0.03,33.63,9.03,0.79,-0.01,-0.01,-0.013,0.452,-0.841,-0.124,-0.398,0.136,,
2026-01-29 02:43:39.762,pick_on_machine,-114.283,1443.306,1222.337,167.93,-89.723,101.257,-84.56,-56.458,-65.468,-168.193,-32.205,169.917,-0.004,-0.148,0.294,0.034,0.102,-0.025,0.07,33.69,8.91,0.79,-0.06,0.04,-0.011,0.418,-0.779,-0.114,-0.367,0.125,,
2026-01-29 02:43:39.864,pick_on_machine,-114.289,1443.433,1222.329,168.075,-89.726,101.112,-84.56,-56.467,-65.451,-168.191,-32.2,169.916,-0.003,-0.133,0.263,0.031,0.089,-0.022,-0.02,33.74,8.98,0.74,0.01,-0.01,-0.01,0.386,-0.721,-0.105,-0.337,0.114,,
2026-01-29 02:43:39.966,pick_on_machine,-114.295,1443.546,1222.323,168.211,-89.729,100.976,-84.56,-56.474,-65.435,-168.189,-32.196,169.915,-0.003,-0.119,0.235,0.027,0.078,-0.019,-0.05,33.65,9.02,0.87,-0.04,0.02,-0.009,0.356,-0.666,-0.097,-0.31,0.104,,
2026-01-29 02:43:40.071,pick_on_machine,-114.297,1443.584,1222.321,168.258,-89.73,100.93,-84.56,-56.477,-65.43,-168.188,-32.194,169.914,-0.002,-0.095,0.189,0.022,0.062,-0.015,0.07,33.7,8.88,0.83,-0.01,-0.02,-0.007,0.371,-0.7,-0.099,-0.308,0.101,,
2026-01-29 02:43:40.171,pick_on_machine,-114.299,1443.616,1222.32,168.298,-89.731,100.889,-84.56,-56.479,-65.426,-168.188,-32.193,169.914,-0.002,-0.077,0.153,0.018,0.05,-0.012,0.02,33.81,8.97,0.77,0.08,-0.02,-0.006,0.338,-0.638,-0.09,-0.28,0.091,,
2026-01-29 02:43:40.274,pick_on_machine,-114.301,1443.661,1222.317,168.353,-89.733,100.834,-84.56,-56.482,-65.42,-168.187,-32.191,169.914,-0.002,-0.065,0.129,0.015,0.041,-0.01,0.05,33.74,9.0,0.74,0.01,0.05,-0.005,0.296,-0.558,-0.079,-0.248,0.081,,
2026-01-29 02:43:40.375,pick_on_machine,-114.305,1443.746,1222.313,168.464,-89.735,100.723,-84.56,-56.488,-65.409,-168.186,-32.188,169.913,-0.002,-0.063,0.126,0.015,0.039,-0.009,0.08,33.74,8.96,0.8,-0.15,-0.02,-0.006,0.239,-0.447,-0.065,-0.208,0.069,,
2026-01-29 02:43:40.479,pick_on_machine,-114.309,1443.831,1222.309,168.576,-89.738,100.61,-84.561,-56.494,-65.397,-168.185,-32.185,169.912,-0.002,-0.062,0.123,0.014,0.037,-0.009,0.03,33.66,9.05,0.75,0.06,-0.03,-0.005,0.216,-0.404,-0.058,-0.188,0.063,,
2026-01-29 02:43:40.579,pick_on_machine,-114.313,1443.903,1222.305,168.675,-89.74,100.511,-84.561,-56.499,-65.388,-168.183,-32.183,169.912,-0.001,-0.059,0.116,0.014,0.034,-0.008,0.05,33.76,9.02,0.71,0.01,-0.03,-0.004,0.202,-0.38,-0.054,-0.174,0.058,,
2026-01-29 02:43:40.782,pick_on_machine,-114.319,1444.023,1222.3,168.848,-89.744,100.338,-84.561,-56.507,-65.371,-168.182,-32.178,169.911,-0.001,-0.051,0.101,0.012,0.028,-0.007,-0.02,33.61,8.94,0.76,-0.07,0.14,-0.003,0.171,-0.321,-0.046,-0.146,0.048,,
2026-01-29 02:43:41.091,pick_on_machine,-114.325,1444.164,1222.294,169.063,-89.749,100.122,-84.561,-56.516,-65.352,-168.179,-32.174,169.91,-0.001,-0.04,0.078,0.009,0.021,-0.005,0.0,33.75,8.94,0.79,-0.02,-0.08,-0.002,0.136,-0.257,-0.036,-0.113,0.036,,
2026-01-29 02:43:41.296,pick_on_machine,-114.329,1444.236,1222.291,169.179,-89.751,100.006,-84.561,-56.521,-65.343,-168.178,-32.172,169.909,-0.001,-0.033,0.065,0.008,0.016,-0.004,-0.06,33.77,8.98,0.83,0.02,-0.05,-0.002,0.115,-0.218,-0.03,-0.094,0.03,,
2026-01-29 02:43:41.600,pick_on_machine,-114.333,1444.319,1222.288,169.319,-89.755,99.865,-84.561,-56.527,-65.332,-168.177,-32.169,169.909,-0.001,-0.024,0.048,0.006,0.011,-0.003,0.04,33.72,8.93,0.69,0.03,-0.01,-0.001,0.089,-0.169,-0.023,-0.071,0.023,,
2026-01-29 02:43:41.805,pick_on_machine,-114.335,1444.361,1222.287,169.393,-89.756,99.791,-84.561,-56.53,-65.326,-168.176,-32.168,169.908,-0.0,-0.02,0.04,0.005,0.009,-0.002,-0.0,33.8,8.97,0.74,-0.05,0.1,-0.001,0.075,-0.143,-0.02,-0.059,0.019,,
2026-01-29 02:43:42.113,pick_on_machine,-114.337,1444.409,1222.286,169.481,-89.758,99.703,-84.561,-56.533,-65.32,-168.175,-32.167,169.908,-0.0,-0.015,0.029,0.003,0.006,-0.001,0.0,33.82,8.92,0.77,-0.06,-0.02,-0.0,0.059,-0.112,-0.015,-0.045,0.014,,
2026-01-29 02:43:42.315,pick_on_machine,-114.338,1444.433,1222.285,169.525,-89.759,99.658,-84.562,-56.534,-65.316,-168.175,-32.166,169.908,-0.0,-0.012,0.023,0.003,0.005,-0.001,-0.07,33.78,8.89,0.88,-0.04,0.0,-0.0,0.05,-0.095,-0.013,-0.037,0.012,,
2026-01-29 02:43:42.621,pick_on_machine,-114.339,1444.46,1222.285,169.578,-89.761,99.606,-84.562,-56.536,-65.313,-168.175,-32.166,169.908,-0.0,-0.008,0.017,0.002,0.003,-0.001,0.07,33.84,8.95,0.85,-0.02,0.06,-0.0,0.038,-0.072,-0.01,-0.028,0.009,,
2026-01-29 02:43:42.931,pick_on_machine,-114.34,1444.479,1222.284,169.616,-89.761,99.567,-84.562,-56.538,-65.31,-168.174,-32.165,169.908,-0.0,-0.006,0.012,0.001,0.002,-0.0,-0.09,33.7,8.92,0.85,-0.04,-0.03,-0.0,0.029,-0.056,-0.007,-0.021,0.006,,
2026-01-29 02:43:43.033,pick_to_retreat_machine,-114.308,1444.628,1225.067,-176.795,-89.876,85.955,-84.562,-56.447,-65.269,-168.125,-32.149,169.902,0.0,0.222,0.111,0.124,0.042,-0.015,-0.19,37.57,10.3,1.01,0.04,0.05,0.001,0.938,0.351,0.485,0.141,-0.055,,
2026-01-29 02:43:43.136,pick_to_retreat_machine,-114.173,1445.286,1239.149,-40.037,-89.673,-50.905,-84.561,-55.972,-65.061,-167.831,-31.867,169.78,0.002,1.353,0.605,0.827,0.736,-0.315,-0.07,36.52,9.9,0.94,0.62,-0.2,0.009,4.682,1.995,2.881,2.784,-1.202,,
2026-01-29 02:43:43.239,pick_to_retreat_machine,-114.131,1445.814,1252.559,-37.888,-89.529,-53.105,-84.56,-55.504,-64.853,-167.542,-31.337,169.538,0.004,2.185,0.974,1.344,1.879,-0.843,-0.12,35.68,9.63,0.99,1.15,-0.18,0.007,4.149,1.786,2.549,4.995,-2.293,,
2026-01-29 02:43:43.342,pick_to_retreat_machine,-114.148,1446.182,1264.275,-39.561,-89.55,-51.445,-84.559,-55.086,-64.666,-167.285,-30.725,169.247,0.004,2.683,1.197,1.649,2.938,-1.358,0.01,35.02,9.45,1.06,1.76,-0.27,0.004,3.231,1.396,1.966,5.304,-2.542,,
2026-01-29 02:43:43.442,pick_to_retreat_machine,-114.193,1446.426,1274.611,-43.266,-89.643,-47.736,-84.559,-54.714,-64.499,-167.057,-30.112,168.948,0.005,2.944,1.316,1.808,3.736,-1.767,-0.07,34.45,9.38,1.07,2.06,-0.4,0.003,2.458,1.061,1.487,4.789,-2.38,,
2026-01-29 02:43:43.543,pick_to_retreat_machine,-114.244,1446.568,1283.409,-50.207,-89.753,-40.781,-84.558,-54.395,-64.355,-166.862,-29.559,168.672,0.004,3.006,1.345,1.843,4.185,-2.015,-0.02,34.12,9.24,1.07,2.33,-0.48,0.002,1.674,0.716,1.006,3.711,-1.907,,
2026-01-29 02:43:43.646,pick_to_retreat_machine,-114.299,1446.644,1291.624,-68.052,-89.861,-22.916,-84.558,-54.096,-64.221,-166.68,-29.03,168.404,0.004,3.0,1.344,1.839,4.46,-2.181,0.07,33.73,9.33,1.03,2.44,-0.46,0.001,1.3,0.553,0.779,3.093,-1.635,,
2026-01-29 02:43:43.747,pick_to_retreat_machine,-114.349,1446.666,1298.655,-118.198,-89.916,27.249,-84.558,-53.841,-64.107,-166.524,-28.577,168.171,0.004,2.888,1.295,1.769,4.48,-2.217,0.02,33.59,9.16,1.03,2.51,-0.45,0.001,0.739,0.304,0.438,2.036,-1.118,,
2026-01-29 02:43:43.849,pick_to_retreat_machine,-114.397,1446.648,1305.512,-170.157,-89.872,79.229,-84.557,-53.593,-63.995,-166.372,-28.138,167.945,0.004,2.787,1.251,1.707,4.456,-2.229,-0.0,33.31,9.13,1.06,2.51,-0.4,0.0,0.598,0.243,0.353,1.68,-0.944,,
2026-01-29 02:43:43.954,pick_to_retreat_machine,-114.435,1446.604,1311.133,174.352,-89.808,94.738,-84.557,-53.389,-63.903,-166.247,-27.784,167.762,0.004,2.599,1.166,1.591,4.226,-2.129,-0.01,33.25,9.22,0.94,2.38,-0.46,-0.0,0.086,0.015,0.041,0.664,-0.418,,
2026-01-29 02:43:44.054,pick_to_retreat_machine,-114.469,1446.539,1316.404,167.661,-89.748,101.446,-84.557,-53.199,-63.818,-166.131,-27.459,167.593,0.003,2.424,1.088,1.484,3.982,-2.018,-0.04,33.11,9.16,1.01,2.27,-0.45,-0.0,-0.055,-0.046,-0.043,0.311,-0.23,,
2026-01-29 02:43:44.155,pick_to_retreat_machine,-114.496,1446.466,1320.926,164.368,-89.7,104.753,-84.556,-53.037,-63.745,-166.031,-27.186,167.452,0.003,2.225,0.999,1.362,3.669,-1.867,0.07,32.95,9.1,0.9,2.17,-0.38,-0.001,-0.324,-0.165,-0.206,-0.244,0.066,,
2026-01-29 02:43:44.258,pick_to_retreat_machine,-114.519,1446.386,1324.993,162.433,-89.663,106.701,-84.556,-52.891,-63.68,-165.942,-26.947,167.329,0.003,2.033,0.913,1.245,3.35,-1.709,0.03,32.96,9.2,1.04,1.98,-0.44,-0.001,-0.459,-0.225,-0.289,-0.551,0.235,,
2026-01-29 02:43:44.360,pick_to_retreat_machine,-114.537,1446.302,1328.65,161.229,-89.635,107.916,-84.556,-52.76,-63.621,-165.862,-26.737,167.22,0.003,1.852,0.831,1.134,3.038,-1.552,-0.01,32.93,9.22,0.98,1.94,-0.39,-0.001,-0.564,-0.27,-0.352,-0.789,0.367,,
2026-01-29 02:43:44.460,pick_to_retreat_machine,-114.552,1446.219,1331.938,160.467,-89.614,108.687,-84.556,-52.643,-63.568,-165.79,-26.552,167.126,0.002,1.682,0.755,1.03,2.74,-1.4,-0.03,32.99,9.33,0.93,1.61,-0.34,-0.001,-0.642,-0.304,-0.399,-0.969,0.468,,
2026-01-29 02:43:44.561,pick_to_retreat_machine,-114.564,1446.14,1334.767,160.011,-89.6,109.151,-84.556,-52.542,-63.523,-165.729,-26.398,167.047,0.002,1.513,0.679,0.926,2.442,-1.247,0.01,32.85,9.25,0.88,1.47,-0.27,-0.001,-0.745,-0.348,-0.461,-1.168,0.577,,
2026-01-29 02:43:44.664,pick_to_retreat_machine,-114.573,1446.056,1337.554,159.724,-89.59,109.445,-84.556,-52.443,-63.479,-165.668,-26.249,166.972,0.002,1.382,0.62,0.846,2.203,-1.124,0.05,32.75,9.25,0.89,1.36,-0.25,-0.001,-0.688,-0.322,-0.426,-1.113,0.555,,
2026-01-29 02:43:44.764,pick_to_retreat_machine,-114.581,1445.979,1339.944,159.6,-89.585,109.574,-84.556,-52.359,-63.441,-165.616,-26.125,166.909,0.002,1.248,0.559,0.764,1.963,-0.999,0.09,32.85,9.29,0.94,1.27,-0.21,-0.001,-0.762,-0.354,-0.471,-1.245,0.627,,
2026-01-29 02:43:44.868,pick_to_retreat_machine,-114.586,1445.903,1342.184,159.589,-89.583,109.59,-84.555,-52.28,-63.406,-165.568,-26.011,166.853,0.002,1.134,0.508,0.694,1.756,-0.891,0.04,32.88,9.34,0.9,1.14,-0.19,-0.001,-0.741,-0.343,-0.457,-1.228,0.622,,
2026-01-29 02:43:44.971,pick_to_retreat_machine,-114.59,1445.835,1344.106,159.666,-89.584,109.517,-84.555,-52.212,-63.376,-165.526,-25.916,166.806,0.001,1.02,0.456,0.624,1.554,-0.786,0.08,32.83,9.37,0.83,1.03,-0.2,-0.001,-0.781,-0.36,-0.482,-1.292,0.657,waypoint,
2026-01-29 02:43:45.074,pick_to_retreat_machine,-114.912,1440.719,1345.585,160.048,-89.306,109.192,-84.526,-51.799,-64.028,-165.571,-25.887,166.78,0.076,1.796,-1.288,0.355,1.239,-0.654,0.04,32.98,8.87,0.81,0.61,-0.17,0.296,2.746,-7.146,-1.298,-1.818,0.803,,
2026-01-29 02:43:45.175,pick_to_retreat_machine,-115.552,1427.58,1346.686,159.755,-88.874,109.56,-84.45,-50.859,-65.741,-165.754,-26.242,166.875,0.246,3.698,-5.248,-0.189,0.042,-0.253,-0.06,32.72,8.56,0.76,-0.11,-0.05,0.726,7.751,-17.04,-2.541,-5.475,1.928,,
2026-01-29 02:43:45.278,pick_to_retreat_machine,-115.988,1414.371,1348.246,159.4,-88.749,109.925,-84.375,-49.935,-67.427,-165.928,-26.883,167.064,0.371,5.084,-8.151,-0.576,-1.571,0.283,0.01,32.49,8.38,0.79,-1.0,0.08,0.643,6.812,-15.068,-2.201,-7.791,2.679,,
2026-01-29 02:43:45.379,pick_to_retreat_machine,-116.252,1402.842,1349.806,159.13,-88.797,110.173,-84.311,-49.144,-68.871,-166.073,-27.581,167.279,0.439,5.789,-9.723,-0.797,-2.924,0.75,-0.02,32.32,8.31,0.72,-1.74,0.25,0.472,4.796,-11.142,-1.703,-7.589,2.673,,
2026-01-29 02:43:45.483,pick_to_retreat_machine,-116.429,1391.874,1351.361,158.954,-88.924,110.315,-84.251,-48.405,-70.222,-166.209,-28.312,167.511,0.479,6.191,-10.671,-0.936,-4.02,1.142,-0.07,32.07,8.13,0.75,-2.29,0.21,0.384,3.804,-9.1,-1.425,-7.151,2.569,,
2026-01-29 02:43:45.584,pick_to_retreat_machine,-116.541,1382.347,1352.715,158.911,-89.069,110.324,-84.2,-47.772,-71.378,-166.324,-28.971,167.724,0.487,6.224,-10.894,-0.99,-4.663,1.39,0.01,31.82,8.22,0.76,-2.7,0.37,0.259,2.356,-6.242,-1.083,-5.72,2.129,,
2026-01-29 02:43:45.686,pick_to_retreat_machine,-116.618,1373.32,1353.973,159.018,-89.22,110.186,-84.152,-47.18,-72.46,-166.431,-29.601,167.931,0.486,6.147,-10.875,-1.011,-5.071,1.559,0.03,31.56,8.12,0.74,-2.86,0.32,0.2,1.71,-4.87,-0.898,-4.853,1.851,,
2026-01-29 02:43:45.789,pick_to_retreat_machine,-116.667,1365.507,1355.027,159.291,-89.352,109.888,-84.111,-46.674,-73.386,-166.524,-30.141,168.11,0.467,5.876,-10.47,-0.989,-5.155,1.618,-0.0,31.43,8.27,0.69,-2.93,0.32,0.111,0.685,-2.821,-0.653,-3.477,1.392,,
2026-01-29 02:43:45.890,pick_to_retreat_machine,-116.7,1358.127,1355.983,159.788,-89.472,109.37,-84.072,-46.201,-74.251,-166.61,-30.643,168.278,0.446,5.591,-10.016,-0.957,-5.121,1.633,-0.08,31.16,8.31,0.82,-2.97,0.41,0.073,0.289,-1.939,-0.53,-2.743,1.136,,
2026-01-29 02:43:45.995,pick_to_retreat_machine,-116.721,1351.757,1356.772,160.503,-89.57,108.64,-84.039,-45.796,-74.992,-166.684,-31.067,168.42,0.417,5.206,-9.363,-0.903,-4.9,1.58,-0.05,30.94,8.28,0.74,-2.87,0.28,0.01,-0.424,-0.495,-0.353,-1.686,0.767,,
2026-01-29 02:43:46.096,pick_to_retreat_machine,-116.734,1345.506,1357.511,161.605,-89.657,107.526,-84.007,-45.401,-75.712,-166.756,-31.472,168.556,0.393,4.89,-8.825,-0.857,-4.688,1.526,0.01,30.78,8.29,0.67,-2.65,0.39,0.0,-0.488,-0.248,-0.3,-1.333,0.63,,
2026-01-29 02:43:46.197,pick_to_retreat_machine,-116.741,1340.136,1358.116,163.036,-89.725,106.088,-83.98,-45.065,-76.327,-166.817,-31.811,168.67,0.363,4.508,-8.155,-0.797,-4.362,1.428,-0.1,30.62,8.43,0.77,-2.47,0.34,-0.047,-1.019,0.837,-0.165,-0.533,0.343,,
2026-01-29 02:43:46.300,pick_to_retreat_machine,-116.744,1335.315,1358.633,164.885,-89.778,104.234,-83.956,-44.765,-76.876,-166.872,-32.106,168.769,0.333,4.132,-7.488,-0.735,-4.011,1.319,-0.05,30.46,8.4,0.7,-2.39,0.35,-0.071,-1.28,1.416,-0.083,-0.049,0.162,,
2026-01-29 02:43:46.402,pick_to_retreat_machine,-116.744,1331.168,1359.058,167.066,-89.818,102.05,-83.935,-44.508,-77.345,-166.92,-32.354,168.852,0.302,3.741,-6.789,-0.67,-3.626,1.196,-0.17,30.34,8.36,0.79,-2.21,0.28,-0.099,-1.585,2.067,0.004,0.438,-0.018,,
2026-01-29 02:43:46.503,pick_to_retreat_machine,-116.743,1327.433,1359.424,169.615,-89.848,99.502,-83.916,-44.278,-77.766,-166.962,-32.571,168.924,0.273,3.381,-6.144,-0.608,-3.262,1.078,-0.01,30.22,8.35,0.72,-2.03,0.32,-0.111,-1.692,2.345,0.051,0.699,-0.121,,
2026-01-29 02:43:46.603,pick_to_retreat_machine,-116.741,1324.07,1359.739,172.408,-89.87,96.709,-83.9,-44.071,-78.143,-167.0,-32.761,168.987,0.247,3.052,-5.551,-0.551,-2.922,0.966,-0.02,30.01,8.5,0.76,-1.83,0.25,-0.119,-1.76,2.545,0.089,0.896,-0.2,,
2026-01-29 02:43:46.706,pick_to_retreat_machine,-116.738,1320.913,1360.022,175.353,-89.887,93.765,-83.884,-43.878,-78.496,-167.036,-32.934,169.045,0.224,2.772,-5.045,-0.503,-2.625,0.868,0.01,29.93,8.54,0.8,-1.61,0.34,-0.118,-1.718,2.535,0.104,0.971,-0.237,,
2026-01-29 02:43:46.809,pick_to_retreat_machine,-116.735,1318.087,1360.264,178.01,-89.898,91.111,-83.87,-43.706,-78.811,-167.068,-33.086,169.094,0.203,2.51,-4.571,-0.457,-2.347,0.775,-0.07,29.79,8.55,0.76,-1.52,0.15,-0.123,-1.754,2.662,0.132,1.098,-0.29,,
2026-01-29 02:43:46.910,pick_to_retreat_machine,-116.732,1315.557,1360.471,-179.915,-89.904,89.039,-83.857,-43.552,-79.092,-167.096,-33.217,169.138,0.183,2.267,-4.13,-0.414,-2.09,0.689,-0.03,29.71,8.49,0.79,-1.45,0.15,-0.126,-1.764,2.735,0.152,1.183,-0.328,,
2026-01-29 02:43:47.010,pick_to_retreat_machine,-116.729,1313.388,1360.642,-178.63,-89.907,87.757,-83.847,-43.42,-79.332,-167.121,-33.328,169.173,0.164,2.029,-3.698,-0.372,-1.843,0.606,0.11,29.64,8.59,0.8,-1.24,0.08,-0.131,-1.81,2.867,0.178,1.281,-0.368,,
2026-01-29 02:43:47.110,pick_to_retreat_machine,-116.726,1311.438,1360.788,-178.04,-89.907,87.17,-83.837,-43.302,-79.547,-167.143,-33.424,169.205,0.147,1.817,-3.313,-0.334,-1.623,0.533,-0.02,29.52,8.54,0.72,-1.2,0.19,-0.129,-1.765,2.829,0.185,1.29,-0.377,,
2026-01-29 02:43:47.212,pick_to_retreat_machine,-116.724,1309.611,1360.92,-178.06,-89.905,87.193,-83.828,-43.192,-79.749,-167.163,-33.512,169.233,0.133,1.639,-2.988,-0.302,-1.438,0.47,0.05,29.49,8.64,0.68,-0.94,0.01,-0.123,-1.665,2.686,0.181,1.244,-0.368,,
2026-01-29 02:43:47.316,pick_to_retreat_machine,-116.722,1308.045,1361.029,-178.53,-89.902,87.667,-83.821,-43.097,-79.921,-167.181,-33.586,169.256,0.119,1.465,-2.672,-0.27,-1.262,0.412,-0.07,29.41,8.69,0.76,-0.96,0.11,-0.123,-1.658,2.708,0.192,1.265,-0.379,,
2026-01-29 02:43:47.419,pick_to_retreat_machine,-116.72,1306.577,1361.126,-179.324,-89.898,88.465,-83.814,-43.009,-80.082,-167.197,-33.653,169.278,0.107,1.32,-2.407,-0.244,-1.115,0.362,-0.01,29.28,8.59,0.75,-0.83,0.24,-0.116,-1.553,2.549,0.184,1.202,-0.363,,
2026-01-29 02:43:47.519,pick_to_retreat_machine,-116.719,1305.32,1361.206,179.759,-89.893,89.385,-83.807,-42.934,-80.22,-167.212,-33.709,169.296,0.095,1.179,-2.15,-0.218,-0.977,0.316,0.05,29.21,8.61,0.88,-0.82,0.08,-0.115,-1.525,2.527,0.189,1.192,-0.363,,
2026-01-29 02:43:47.625,pick_to_retreat_machine,-116.717,1304.095,1361.281,178.697,-89.886,90.451,-83.801,-42.86,-80.355,-167.225,-33.763,169.312,0.086,1.068,-1.948,-0.198,-0.866,0.279,0.01,29.29,8.69,0.86,-0.66,0.1,-0.105,-1.393,2.311,0.174,1.101,-0.336,,
2026-01-29 02:43:47.727,pick_to_retreat_machine,-116.716,1303.049,1361.343,177.687,-89.88,91.464,-83.796,-42.797,-80.469,-167.237,-33.807,169.326,0.077,0.958,-1.747,-0.178,-0.761,0.244,0.05,29.2,8.66,0.69,-0.65,0.12,-0.103,-1.362,2.277,0.176,1.081,-0.332,waypoint,
2026-01-29 02:43:47.828,pick_to_retreat_machine,-112.397,1300.275,1361.262,131.234,-89.692,137.879,-83.986,-42.611,-80.82,-167.529,-33.859,169.361,-0.415,1.183,-2.187,-0.864,-0.7,0.271,-5.34,31.48,7.52,0.24,-0.58,0.23,-2.036,0.005,-0.312,-2.646,0.9,-0.085,,
2026-01-29 02:43:47.932,pick_to_retreat_machine,-88.307,1288.45,1361.166,108.546,-88.653,160.453,-85.085,-41.808,-82.335,-169.403,-34.171,169.944,-3.061,2.895,-5.429,-5.333,-1.306,1.659,-3.82,30.85,7.5,0.04,-1.05,0.44,-10.937,6.179,-11.926,-18.198,-1.797,5.396,,
2026-01-29 02:43:48.034,pick_to_retreat_machine,-67.153,1277.294,1361.432,104.619,-88.256,164.282,-86.07,-41.089,-83.691,-171.11,-34.663,170.995,-4.758,3.969,-7.461,-8.267,-2.209,3.872,-2.73,30.3,7.56,-0.26,-1.49,0.88,-8.697,4.718,-9.14,-14.71,-3.414,9.543,,
2026-01-29 02:43:48.134,pick_to_retreat_machine,-48.65,1266.89,1361.81,101.805,-88.224,167.024,-86.949,-40.448,-84.901,-172.641,-35.209,172.24,-5.766,4.58,-8.621,-10.028,-3.021,6.016,-1.96,29.82,7.44,-0.37,-1.83,1.34,-6.767,3.471,-6.768,-11.478,-3.609,10.525,,
2026-01-29 02:43:48.236,pick_to_retreat_machine,-33.784,1258.063,1362.157,99.408,-88.359,169.378,-87.669,-39.923,-85.892,-173.899,-35.701,173.411,-6.124,4.748,-8.942,-10.664,-3.496,7.441,-1.27,29.43,7.55,-0.47,-2.17,1.68,-4.497,1.96,-3.897,-7.593,-2.712,8.741,,
2026-01-29 02:43:48.339,pick_to_retreat_machine,-19.441,1249.127,1362.494,96.695,-88.588,172.067,-88.376,-39.407,-86.865,-175.136,-36.206,174.652,-6.36,4.85,-9.139,-11.091,-3.885,8.682,-0.79,28.88,7.59,-0.45,-2.35,1.85,-3.92,1.671,-3.331,-6.633,-2.573,8.557,,
2026-01-29 02:43:48.444,pick_to_retreat_machine,-7.379,1241.276,1362.758,93.823,-88.831,174.934,-88.981,-38.966,-87.697,-176.195,-36.646,175.757,-6.282,4.741,-8.936,-10.967,-4.014,9.274,-0.45,28.42,7.56,-0.4,-2.34,2.02,-2.507,0.759,-1.593,-4.192,-1.662,6.342,,
2026-01-29 02:43:48.545,pick_to_retreat_machine,3.271,1234.077,1362.964,90.455,-89.068,178.309,-89.523,-38.57,-88.444,-177.146,-37.041,176.763,-6.068,4.545,-8.568,-10.601,-3.998,9.472,-0.11,28.17,7.65,-0.36,-2.46,2.03,-1.632,0.228,-0.574,-2.681,-1.046,4.728,,
2026-01-29 02:43:48.649,pick_to_retreat_machine,13.086,1227.21,1363.123,86.04,-89.293,-177.258,-90.031,-38.2,-89.142,-178.034,-37.407,177.706,-5.819,4.334,-8.172,-10.172,-3.914,9.461,-0.09,27.86,7.72,-0.33,-2.39,2.09,-1.118,-0.051,-0.033,-1.795,-0.654,3.615,,
2026-01-29 02:43:48.751,pick_to_retreat_machine,21.372,1221.234,1363.229,80.342,-89.479,-171.538,-90.465,-37.883,-89.739,-178.794,-37.716,178.505,-5.45,4.042,-7.622,-9.528,-3.708,9.094,0.18,27.48,7.76,-0.28,-2.3,2.07,-0.273,-0.581,0.978,-0.329,-0.016,1.82,,
2026-01-29 02:43:48.853,pick_to_retreat_machine,28.715,1215.797,1363.297,72.009,-89.634,-163.18,-90.854,-37.599,-90.275,-179.475,-37.989,179.211,-5.06,3.741,-7.056,-8.848,-3.462,8.584,0.19,27.25,7.6,-0.2,-2.13,1.95,0.202,-0.849,1.497,0.494,0.351,0.701,,
2026-01-29 02:43:48.956,pick_to_retreat_machine,35.228,1210.858,1363.334,58.535,-89.754,-149.679,-91.203,-37.345,-90.755,-180.085,-38.228,179.831,-4.668,3.443,-6.493,-8.161,-3.195,7.988,0.24,27.02,7.81,-0.2,-2.0,1.84,0.584,-1.057,1.9,1.153,0.644,-0.226,,
2026-01-29 02:43:49.059,pick_to_retreat_machine,41.259,1206.186,1363.348,33.884,-89.837,-125.001,-91.53,-37.107,-91.205,-180.655,-38.448,180.397,-4.317,3.177,-5.993,-7.546,-2.945,7.406,0.21,26.86,7.77,-0.14,-1.93,1.58,0.752,-1.117,2.021,1.439,0.781,-0.745,,
2026-01-29 02:43:49.160,pick_to_retreat_machine,46.372,1202.149,1363.342,-0.351,-89.866,-90.739,-91.809,-36.903,-91.589,-181.142,-38.632,180.868,-3.936,2.892,-5.456,-6.877,-2.669,6.732,0.36,26.6,7.72,-0.03,-1.79,1.5,1.148,-1.349,2.468,2.123,1.06,-1.616,,
2026-01-29 02:43:49.263,pick_to_retreat_machine,50.921,1198.497,1363.322,-29.617,-89.852,-61.448,-92.059,-36.72,-91.934,-181.578,-38.793,181.279,-3.578,2.626,-4.954,-6.248,-2.405,6.077,0.25,26.48,7.79,0.06,-1.59,1.49,1.321,-1.424,2.618,2.418,1.178,-2.057,,
2026-01-29 02:43:49.365,pick_to_retreat_machine,54.797,1195.341,1363.293,-46.693,-89.826,-44.348,-92.274,-36.563,-92.23,-181.952,-38.929,181.622,-3.221,2.362,-4.455,-5.621,-2.142,5.414,0.2,26.39,7.78,0.09,-1.41,1.27,1.545,-1.541,2.845,2.8,1.319,-2.534,,
2026-01-29 02:43:49.469,pick_to_retreat_machine,58.424,1192.348,1363.256,-57.686,-89.799,-33.333,-92.477,-36.416,-92.509,-182.304,-39.054,181.935,-2.922,2.141,-4.038,-5.095,-1.919,4.844,0.39,26.24,7.83,0.15,-1.3,1.18,1.515,-1.478,2.733,2.741,1.293,-2.574,,
2026-01-29 02:43:49.572,pick_to_retreat_machine,61.657,1189.648,1363.214,-65.159,-89.779,-25.839,-92.658,-36.283,-92.759,-182.619,-39.163,182.208,-2.645,1.937,-3.653,-4.609,-1.713,4.315,0.32,26.14,7.7,0.21,-1.19,1.07,1.573,-1.483,2.747,2.834,1.317,-2.725,,
2026-01-29 02:43:49.675,pick_to_retreat_machine,64.665,1187.109,1363.166,-71.08,-89.765,-19.898,-92.828,-36.159,-92.992,-182.913,-39.263,182.455,-2.408,1.762,-3.324,-4.193,-1.536,3.853,0.24,26.08,7.86,0.25,-1.2,0.99,1.533,-1.42,2.634,2.758,1.279,-2.709,,
2026-01-29 02:43:49.777,pick_to_retreat_machine,67.226,1184.926,1363.119,-75.798,-89.757,-15.163,-92.973,-36.053,-93.192,-183.165,-39.347,182.659,-2.169,1.587,-2.993,-3.774,-1.361,3.401,0.3,25.96,7.9,0.26,-0.93,0.91,1.625,-1.457,2.708,2.91,1.315,-2.861,,
2026-01-29 02:43:49.880,pick_to_retreat_machine,69.512,1182.96,1363.071,-80.035,-89.755,-10.91,-93.104,-35.958,-93.372,-183.39,-39.421,182.837,-1.953,1.428,-2.693,-3.394,-1.205,2.995,0.17,25.77,7.83,0.37,-0.92,0.95,1.612,-1.421,2.644,2.881,1.286,-2.844,,
2026-01-29 02:43:49.984,pick_to_retreat_machine,71.555,1181.191,1363.024,-84.046,-89.756,-6.885,-93.22,-35.873,-93.533,-183.592,-39.485,182.991,-1.757,1.284,-2.422,-3.05,-1.065,2.632,0.21,25.64,7.87,0.37,-0.9,0.72,1.586,-1.377,2.564,2.828,1.248,-2.793,,
2026-01-29 02:43:50.085,pick_to_retreat_machine,73.303,1179.668,1362.979,-87.812,-89.759,-3.107,-93.321,-35.8,-93.671,-183.765,-39.539,183.12,-1.568,1.146,-2.162,-2.72,-0.934,2.295,0.09,25.71,7.9,0.43,-0.67,0.52,1.593,-1.36,2.536,2.833,1.227,-2.774,,
2026-01-29 02:43:50.186,pick_to_retreat_machine,74.943,1178.229,1362.934,-91.794,-89.765,0.888,-93.415,-35.731,-93.801,-183.928,-39.589,183.237,-1.412,1.032,-1.946,-2.447,-0.825,2.014,0.26,25.6,7.94,0.4,-0.62,0.5,1.492,-1.267,2.363,2.652,1.146,-2.608,,
2026-01-29 02:43:50.288,pick_to_retreat_machine,76.41,1176.935,1362.891,-95.888,-89.772,4.992,-93.5,-35.669,-93.917,-184.074,-39.633,183.338,-1.271,0.928,-1.751,-2.2,-0.728,1.765,0.22,25.55,7.91,0.39,-0.53,0.42,1.44,-1.211,2.261,2.557,1.093,-2.502,,
2026-01-29 02:43:50.389,pick_to_retreat_machine,77.723,1175.773,1362.85,-100.143,-89.78,9.256,-93.576,-35.614,-94.022,-184.205,-39.672,183.427,-1.143,0.835,-1.575,-1.977,-0.642,1.544,0.23,25.5,7.78,0.55,-0.58,0.39,1.384,-1.154,2.155,2.453,1.037,-2.386,,
2026-01-29 02:43:50.493,pick_to_retreat_machine,78.948,1174.683,1362.809,-104.79,-89.788,13.912,-93.647,-35.562,-94.12,-184.327,-39.707,183.507,-1.035,0.756,-1.426,-1.788,-0.57,1.358,0.13,25.48,7.93,0.55,-0.43,0.32,1.294,-1.074,2.007,2.293,0.967,-2.231,,
2026-01-29 02:43:50.595,pick_to_retreat_machine,79.994,1173.748,1362.772,-109.431,-89.796,18.561,-93.707,-35.518,-94.203,-184.431,-39.736,183.573,-0.928,0.677,-1.278,-1.602,-0.501,1.184,0.15,25.41,7.81,0.47,-0.47,0.33,1.267,-1.042,1.948,2.241,0.927,-2.146,waypoint,
2026-01-29 02:43:50.698,pick_to_retreat_machine,84.619,1138.936,1367.191,-179.074,-89.081,88.113,-94.082,-33.458,-97.387,-184.846,-40.025,183.652,-1.632,5.657,-8.919,-2.238,-1.099,1.087,0.56,24.6,6.68,0.5,-1.33,0.32,-1.996,19.217,-29.253,-1.085,-1.764,-1.795,,
2026-01-29 02:43:50.798,pick_to_retreat_machine,90.17,1082.449,1374.014,173.763,-88.374,95.173,-94.636,-30.212,-102.407,-185.419,-41.126,183.783,-2.608,12.358,-19.24,-3.113,-3.575,1.142,0.7,23.62,5.83,0.38,-2.76,0.31,-3.59,29.157,-44.685,-2.567,-9.698,-1.107,,
2026-01-29 02:43:50.900,pick_to_retreat_machine,94.275,1025.632,1379.948,170.714,-88.224,98.166,-95.175,-27.053,-107.3,-185.962,-42.748,183.947,-3.305,17.167,-26.661,-3.691,-6.738,1.266,0.93,22.63,5.2,0.31,-4.19,0.28,-3.087,25.374,-38.941,-1.998,-13.951,-0.663,,
2026-01-29 02:43:51.003,pick_to_retreat_machine,96.745,975.873,1384.108,168.118,-88.362,100.744,-95.635,-24.358,-111.476,-186.417,-44.404,184.102,-3.629,19.611,-30.435,-3.905,-9.193,1.338,0.91,21.55,4.9,0.27,-5.39,0.3,-1.987,18.187,-27.88,-0.921,-12.891,-0.683,,
2026-01-29 02:43:51.104,pick_to_retreat_machine,98.138,930.551,1386.926,165.142,-88.607,103.723,-96.046,-21.954,-115.203,-186.819,-46.007,184.246,-3.749,20.718,-32.144,-3.934,-10.902,1.364,0.87,20.64,4.8,0.3,-6.23,0.33,-1.294,13.465,-20.607,-0.304,-11.069,-0.727,,
2026-01-29 02:43:51.207,pick_to_retreat_machine,98.719,891.138,1388.567,161.579,-88.863,107.3,-96.398,-19.898,-118.392,-187.162,-47.428,184.371,-3.691,20.68,-32.082,-3.807,-11.729,1.334,0.84,19.52,4.73,0.28,-6.7,0.38,-0.572,8.646,-13.169,0.322,-8.144,-0.851,,
2026-01-29 02:43:51.311,pick_to_retreat_machine,98.751,853.792,1389.399,156.682,-89.114,112.219,-96.726,-17.974,-121.376,-187.482,-48.772,184.486,-3.59,20.319,-31.519,-3.656,-12.158,1.289,0.8,18.64,4.59,0.36,-6.87,0.25,-0.288,6.449,-9.788,0.516,-6.564,-0.854,,
2026-01-29 02:43:51.415,pick_to_retreat_machine,98.361,820.102,1389.531,149.962,-89.329,118.964,-97.02,-16.258,-124.037,-187.767,-49.969,184.588,-3.426,19.53,-30.294,-3.456,-12.11,1.221,0.74,17.68,4.76,0.32,-6.9,0.32,0.095,3.733,-5.597,0.808,-4.431,-0.908,,
2026-01-29 02:43:51.517,pick_to_retreat_machine,97.646,788.526,1389.115,139.997,-89.508,128.955,-97.292,-14.664,-126.51,-188.033,-51.068,184.681,-3.251,18.633,-28.902,-3.256,-11.83,1.148,0.63,16.78,4.82,0.31,-6.66,0.25,0.294,2.139,-3.143,0.927,-3.011,-0.907,,
2026-01-29 02:43:51.621,pick_to_retreat_machine,96.767,761.395,1388.334,126.445,-89.633,142.533,-97.525,-13.304,-128.619,-188.26,-51.99,184.758,-3.02,17.375,-26.948,-3.01,-11.178,1.054,0.61,15.83,4.8,0.4,-6.51,0.29,0.665,-0.418,0.808,1.221,-0.939,-0.969,,
2026-01-29 02:43:51.723,pick_to_retreat_machine,95.773,737.044,1387.299,108.62,-89.711,160.382,-97.732,-12.09,-130.5,-188.463,-52.797,184.826,-2.783,16.065,-24.915,-2.765,-10.4,0.96,0.44,15.05,4.83,0.34,-6.14,0.25,0.849,-1.84,2.999,1.339,0.306,-0.97,,
2026-01-29 02:43:51.827,pick_to_retreat_machine,94.721,715.211,1386.098,88.868,-89.747,-179.843,-97.918,-11.007,-132.179,-188.645,-53.502,184.885,-2.55,14.756,-22.884,-2.528,-9.562,0.867,0.36,14.34,4.99,0.47,-5.67,0.24,0.988,-2.962,4.726,1.42,1.297,-0.959,,
2026-01-29 02:43:51.931,pick_to_retreat_machine,93.651,695.653,1384.803,71.411,-89.755,-162.366,-98.083,-10.041,-133.677,-188.807,-54.117,184.936,-2.326,13.483,-20.908,-2.302,-8.709,0.779,0.39,13.55,5.07,0.43,-5.26,0.16,1.089,-3.832,6.063,1.47,2.066,-0.939,,
2026-01-29 02:43:52.034,pick_to_retreat_machine,92.591,678.144,1383.465,58.371,-89.751,-149.307,-98.23,-9.178,-135.014,-188.952,-54.653,184.981,-2.113,12.268,-19.022,-2.089,-7.872,0.696,0.33,12.93,5.01,0.4,-4.91,0.19,1.158,-4.489,7.07,1.495,2.647,-0.911,,
2026-01-29 02:43:52.137,pick_to_retreat_machine,91.563,662.479,1382.124,49.293,-89.744,-140.213,-98.362,-8.409,-136.206,-189.082,-55.12,185.02,-1.913,11.125,-17.248,-1.891,-7.072,0.62,0.28,12.29,5.11,0.37,-4.43,0.08,1.201,-4.968,7.803,1.499,3.072,-0.877,,
2026-01-29 02:43:52.239,pick_to_retreat_machine,90.538,647.895,1380.751,42.831,-89.741,-133.736,-98.484,-7.694,-137.314,-189.203,-55.543,185.056,-1.74,10.131,-15.705,-1.721,-6.362,0.554,0.16,11.75,5.23,0.37,-4.06,0.07,1.174,-5.018,7.872,1.439,3.202,-0.826,,
2026-01-29 02:43:52.340,pick_to_retreat_machine,89.61,635.432,1379.483,38.599,-89.743,-129.491,-98.588,-7.084,-138.259,-189.306,-55.896,185.085,-1.566,9.123,-14.141,-1.549,-5.653,0.489,0.13,11.37,5.14,0.39,-3.63,0.12,1.237,-5.567,8.714,1.471,3.592,-0.802,,
2026-01-29 02:43:52.441,pick_to_retreat_machine,88.741,624.294,1378.273,35.706,-89.749,-126.586,-98.681,-6.54,-139.102,-189.398,-56.203,185.111,-1.407,8.202,-12.713,-1.392,-5.007,0.431,0.2,10.8,5.16,0.44,-3.24,0.06,1.225,-5.667,8.861,1.433,3.688,-0.76,,
2026-01-29 02:43:52.545,pick_to_retreat_machine,87.9,613.935,1377.082,33.742,-89.761,-124.612,-98.767,-6.035,-139.885,-189.484,-56.481,185.134,-1.271,7.415,-11.492,-1.259,-4.45,0.382,0.2,10.29,5.23,0.48,-3.0,0.14,1.169,-5.487,8.575,1.354,3.607,-0.708,,
2026-01-29 02:43:52.648,pick_to_retreat_machine,87.126,604.727,1375.97,32.637,-89.776,-123.498,-98.844,-5.586,-140.58,-189.561,-56.721,185.154,-1.145,6.684,-10.357,-1.135,-3.94,0.337,0.16,10.11,5.21,0.5,-2.61,0.1,1.149,-5.504,8.595,1.313,3.62,-0.669,,
2026-01-29 02:43:52.752,pick_to_retreat_machine,86.416,596.543,1374.938,32.283,-89.793,-123.136,-98.912,-5.187,-141.197,-189.629,-56.93,185.172,-1.029,6.009,-9.311,-1.021,-3.476,0.296,0.16,9.64,5.27,0.49,-2.4,0.02,1.12,-5.457,8.515,1.266,3.581,-0.629,,
2026-01-29 02:43:52.853,pick_to_retreat_machine,85.794,589.557,1374.024,32.627,-89.812,-123.473,-98.97,-4.847,-141.723,-189.687,-57.103,185.186,-0.916,5.357,-8.299,-0.911,-3.04,0.259,0.11,9.32,5.36,0.52,-2.15,0.07,1.108,-5.497,8.571,1.239,3.573,-0.595,,
2026-01-29 02:43:52.956,pick_to_retreat_machine,85.204,583.064,1373.146,33.753,-89.833,-124.594,-99.024,-4.531,-142.212,-189.741,-57.26,185.2,-0.822,4.807,-7.447,-0.818,-2.673,0.227,0.09,9.01,5.27,0.51,-1.88,-0.05,1.039,-5.189,8.089,1.155,3.379,-0.55,,
2026-01-29 02:43:53.057,pick_to_retreat_machine,84.712,577.75,1372.407,35.596,-89.852,-126.432,-99.068,-4.273,-142.612,-189.785,-57.386,185.21,-0.727,4.251,-6.585,-0.724,-2.318,0.197,0.09,8.73,5.29,0.44,-1.74,-0.04,1.033,-5.245,8.171,1.138,3.358,-0.521,,
2026-01-29 02:43:53.158,pick_to_retreat_machine,84.244,572.778,1371.699,38.579,-89.872,-129.411,-99.109,-4.032,-142.986,-189.826,-57.5,185.22,-0.648,3.792,-5.873,-0.647,-2.025,0.172,0.03,8.53,5.41,0.53,-1.4,0.06,0.958,-4.888,7.613,1.052,3.131,-0.478,,
2026-01-29 02:43:53.260,pick_to_retreat_machine,83.82,568.34,1371.052,43.018,-89.891,-133.847,-99.146,-3.816,-143.32,-189.864,-57.6,185.228,-0.578,3.383,-5.239,-0.578,-1.768,0.15,0.08,8.27,5.28,0.54,-1.3,0.05,0.907,-4.659,7.255,0.991,2.966,-0.443,,
2026-01-29 02:43:53.363,pick_to_retreat_machine,83.437,564.378,1370.462,49.511,-89.908,-140.337,-99.179,-3.624,-143.617,-189.897,-57.687,185.236,-0.515,3.018,-4.674,-0.516,-1.543,0.13,0.06,8.1,5.39,0.5,-1.08,-0.01,0.856,-4.425,6.888,0.931,2.798,-0.409,,
2026-01-29 02:43:53.465,pick_to_retreat_machine,83.091,560.842,1369.926,58.899,-89.924,-149.722,-99.208,-3.452,-143.883,-189.926,-57.762,185.242,-0.46,2.693,-4.169,-0.461,-1.346,0.114,0.0,7.89,5.35,0.49,-1.05,0.0,0.806,-4.19,6.52,0.873,2.63,-0.378,,
2026-01-29 02:43:53.568,pick_to_retreat_machine,82.767,557.557,1369.42,72.685,-89.936,-163.505,-99.235,-3.292,-144.13,-189.954,-57.831,185.248,-0.413,2.418,-3.744,-0.414,-1.181,0.1,0.01,7.74,5.4,0.44,-0.88,-0.02,0.746,-3.893,6.057,0.807,2.438,-0.346,,
2026-01-29 02:43:53.671,pick_to_retreat_machine,82.488,554.754,1368.981,89.512,-89.942,179.669,-99.258,-3.156,-144.34,-189.977,-57.888,185.252,-0.367,2.154,-3.334,-0.37,-1.028,0.087,-0.11,7.67,5.41,0.4,-0.8,-0.03,0.711,-3.738,5.815,0.766,2.31,-0.321,,
2026-01-29 02:43:53.774,pick_to_retreat_machine,82.237,552.252,1368.583,107.373,-89.942,161.809,-99.279,-3.035,-144.528,-189.998,-57.938,185.257,-0.327,1.919,-2.97,-0.33,-0.895,0.075,0.03,7.51,5.43,0.54,-0.67,0.02,0.665,-3.51,5.46,0.715,2.152,-0.295,,
2026-01-29 02:43:53.875,pick_to_retreat_machine,82.012,550.02,1368.224,122.905,-89.937,146.28,-99.297,-2.927,-144.696,-190.017,-57.981,185.26,-0.292,1.71,-2.646,-0.294,-0.78,0.066,0.01,7.38,5.37,0.4,-0.57,0.01,0.621,-3.29,5.116,0.665,2.001,-0.271,,
2026-01-29 02:43:53.976,pick_to_retreat_machine,81.809,548.027,1367.9,134.675,-89.928,134.51,-99.314,-2.83,-144.845,-190.034,-58.018,185.263,-0.26,1.524,-2.359,-0.262,-0.679,0.057,-0.01,7.26,5.45,0.57,-0.49,0.0,0.579,-3.078,4.785,0.619,1.857,-0.249,,
2026-01-29 02:43:54.079,pick_to_retreat_machine,81.628,546.249,1367.607,143.122,-89.918,126.065,-99.328,-2.744,-144.979,-190.049,-58.051,185.266,-0.232,1.359,-2.102,-0.234,-0.591,0.05,0.07,7.12,5.42,0.45,-0.52,0.03,0.539,-2.874,4.468,0.575,1.72,-0.228,,
2026-01-29 02:43:54.185,pick_to_retreat_machine,81.465,544.662,1367.344,149.163,-89.907,120.024,-99.341,-2.667,-145.098,-190.062,-58.08,185.268,-0.206,1.212,-1.874,-0.209,-0.515,0.043,0.02,7.12,5.4,0.44,-0.47,-0.09,0.501,-2.679,4.164,0.533,1.59,-0.209,,
2026-01-29 02:43:54.288,pick_to_retreat_machine,81.314,543.188,1367.096,153.725,-89.896,115.463,-99.354,-2.595,-145.208,-190.074,-58.106,185.271,-0.185,1.087,-1.682,-0.188,-0.451,0.038,0.02,7.11,5.32,0.48,-0.4,-0.04,0.46,-2.466,3.833,0.489,1.458,-0.19,waypoint,
2026-01-29 02:43:54.389,pick_to_retreat_machine,113.946,556.732,1386.577,-65.844,-85.226,-39.657,-99.215,-2.275,-143.4,-172.486,-57.864,180.095,0.208,1.617,3.259,43.83,0.265,-12.91,-0.22,7.22,5.21,4.79,0.2,-4.27,1.924,0.271,22.637,176.447,3.985,-51.944,,
2026-01-29 02:43:54.490,pick_to_retreat_machine,144.624,561.08,1399.707,-71.836,-87.184,-48.83,-99.054,-1.957,-141.665,-154.05,-57.397,167.602,0.559,2.008,6.783,78.961,1.367,-40.915,-0.34,7.38,5.23,7.95,0.7,-10.13,1.954,0.217,19.645,167.276,5.843,-119.928,,
2026-01-29 02:43:54.592,pick_to_retreat_machine,166.174,559.445,1406.186,130.069,-86.04,97.096,-98.91,-1.683,-140.187,-138.176,-56.894,152.601,0.778,2.19,8.781,98.908,2.283,-68.19,-0.29,7.58,5.19,9.93,1.21,-15.61,1.584,-0.248,15.102,124.939,5.619,-133.022,,
2026-01-29 02:43:54.692,pick_to_retreat_machine,180.913,554.987,1408.675,124.563,-76.366,92.808,-98.771,-1.426,-138.807,-123.272,-56.375,136.021,0.932,2.285,10.036,111.439,3.01,-92.592,-0.16,7.56,5.16,11.11,1.58,-19.99,1.381,-0.386,12.616,102.733,5.218,-135.499,,
2026-01-29 02:43:54.795,pick_to_retreat_machine,188.897,549.865,1408.556,124.665,-65.494,85.971,-98.644,-1.196,-137.575,-109.945,-55.891,119.821,1.016,2.29,10.607,116.899,3.467,-109.945,0.04,7.67,5.6,11.8,1.84,-23.29,1.122,-0.616,9.876,76.702,4.34,-118.157,,
2026-01-29 02:43:54.897,pick_to_retreat_machine,191.617,545.287,1407.164,125.963,-54.587,80.743,-98.529,-0.99,-136.474,-98.04,-55.454,104.679,1.048,2.232,10.708,117.436,3.692,-120.313,0.05,7.8,5.78,11.94,2.06,-25.2,0.883,-0.8,7.577,54.802,3.439,-95.755,,
2026-01-29 02:43:55.002,pick_to_retreat_machine,190.497,541.798,1405.386,127.97,-44.363,77.21,-98.427,-0.806,-135.49,-87.415,-55.067,90.899,1.041,2.133,10.491,114.641,3.739,-124.686,0.32,7.84,6.15,11.76,2.03,-26.17,0.671,-0.941,5.65,36.53,2.604,-72.566,,
2026-01-29 02:43:55.103,pick_to_retreat_machine,186.951,539.613,1403.82,130.385,-35.592,75.179,-98.341,-0.649,-134.647,-78.326,-54.74,79.074,0.998,1.993,9.976,108.703,3.621,-123.077,0.35,7.89,6.37,11.42,2.01,-26.26,0.45,-1.114,3.676,17.512,1.736,-45.755,,
2026-01-29 02:43:55.204,pick_to_retreat_machine,181.328,538.439,1402.552,133.431,-27.333,74.159,-98.257,-0.496,-133.825,-69.483,-54.428,67.656,0.957,1.876,9.536,103.635,3.496,-120.853,0.4,8.0,6.7,10.86,1.96,-25.58,0.373,-1.047,3.094,13.301,1.414,-37.111,,
2026-01-29 02:43:55.304,pick_to_retreat_machine,174.96,538.32,1401.878,136.626,-20.729,74.066,-98.187,-0.366,-133.124,-61.946,-54.167,58.072,0.893,1.732,8.906,96.567,3.274,-114.599,0.5,7.85,7.07,10.26,1.86,-24.73,0.202,-1.169,1.582,-1.095,0.756,-15.058,,
2026-01-29 02:43:55.410,pick_to_retreat_machine,168.164,538.978,1401.737,139.967,-15.342,74.589,-98.126,-0.251,-132.498,-55.228,-53.939,49.698,0.824,1.588,8.245,89.22,3.024,-106.885,0.56,8.01,7.26,9.49,1.7,-23.34,0.097,-1.194,0.671,-9.17,0.352,-1.454,,
2026-01-29 02:43:55.512,pick_to_retreat_machine,161.299,540.214,1402.074,143.345,-11.049,75.518,-98.071,-0.148,-131.939,-49.241,-53.74,42.407,0.753,1.449,7.58,81.884,2.766,-98.391,0.52,7.96,7.56,8.79,1.56,-21.72,0.012,-1.201,-0.071,-15.556,0.032,9.524,,
2026-01-29 02:43:55.615,pick_to_retreat_machine,154.605,541.854,1402.808,146.662,-7.704,76.681,-98.024,-0.056,-131.44,-43.904,-53.566,36.075,0.684,1.316,6.931,74.754,2.511,-89.622,0.44,8.07,7.63,8.1,1.45,-20.09,-0.055,-1.194,-0.667,-20.514,-0.217,18.162,,
2026-01-29 02:43:55.717,pick_to_retreat_machine,147.963,543.839,1403.902,149.981,-5.058,78.004,-97.98,0.029,-130.978,-38.954,-53.406,30.365,0.621,1.2,6.355,68.441,2.282,-81.492,0.45,8.04,7.9,7.37,1.37,-18.41,-0.089,-1.141,-0.957,-22.325,-0.346,22.561,,
2026-01-29 02:43:55.818,pick_to_retreat_machine,142.016,545.887,1405.178,152.969,-3.18,79.275,-97.944,0.102,-130.583,-34.738,-53.272,25.642,0.558,1.081,5.752,61.872,2.047,-72.926,0.39,8.05,8.01,6.77,1.22,-16.69,-0.149,-1.153,-1.544,-27.427,-0.566,30.181,,
2026-01-29 02:43:55.918,pick_to_retreat_machine,136.52,547.989,1406.601,155.739,-1.814,80.486,-97.912,0.166,-130.232,-30.98,-53.154,21.557,0.499,0.972,5.193,55.798,1.83,-64.907,0.34,8.2,8.09,6.03,1.11,-15.05,-0.178,-1.117,-1.818,-29.275,-0.67,33.538,,
2026-01-29 02:43:56.021,pick_to_retreat_machine,131.277,550.171,1408.176,158.38,-0.812,81.644,-97.882,0.226,-129.906,-27.495,-53.046,17.883,0.448,0.879,4.711,50.562,1.643,-57.864,0.29,8.14,8.16,5.35,1.01,-13.63,-0.186,-1.052,-1.889,-29.069,-0.701,34.301,,
2026-01-29 02:43:56.123,pick_to_retreat_machine,126.716,552.204,1409.72,160.673,-0.161,82.632,-97.857,0.277,-129.628,-24.526,-52.955,14.852,0.399,0.787,4.228,45.344,1.461,-50.978,0.33,8.08,8.37,4.78,0.96,-12.13,-0.213,-1.035,-2.183,-31.327,-0.801,37.287,,
2026-01-29 02:43:56.226,pick_to_retreat_machine,122.587,554.149,1411.259,162.74,0.262,83.495,-97.835,0.323,-129.38,-21.88,-52.874,12.233,0.355,0.704,3.79,40.622,1.297,-44.78,0.26,8.0,8.28,4.28,0.83,-10.82,-0.221,-0.987,-2.267,-31.426,-0.828,37.69,,
2026-01-29 02:43:56.328,pick_to_retreat_machine,118.865,555.988,1412.763,164.594,0.516,84.235,-97.815,0.364,-129.159,-19.522,-52.803,9.972,0.315,0.63,3.395,36.361,1.15,-39.238,0.27,8.06,8.35,3.79,0.73,-9.56,-0.224,-0.938,-2.31,-31.163,-0.84,37.495,,
2026-01-29 02:43:56.428,pick_to_retreat_machine,115.657,557.635,1414.149,166.185,0.644,84.836,-97.798,0.398,-128.97,-17.507,-52.743,8.098,0.278,0.559,3.018,32.308,1.013,-34.112,0.21,7.96,8.39,3.3,0.71,-8.56,-0.231,-0.903,-2.4,-31.477,-0.865,37.625,,
2026-01-29 02:43:56.540,pick_to_retreat_machine,114.305,558.347,1414.759,166.853,0.674,85.078,-97.791,0.413,-128.891,-16.662,-52.718,7.33,0.226,0.456,2.461,26.343,0.822,-27.505,0.16,7.99,8.44,2.88,0.68,-7.63,-0.305,-1.014,-3.256,-40.028,-1.129,44.914,,
2026-01-29 02:43:56.654,pick_to_retreat_machine,113.142,558.968,1415.296,167.426,0.689,85.279,-97.785,0.425,-128.823,-15.937,-52.696,6.679,0.185,0.373,2.016,21.57,0.67,-22.255,0.2,8.06,8.36,2.63,0.47,-6.75,-0.285,-0.933,-3.042,-37.223,-1.053,41.598,,
2026-01-29 02:43:56.753,pick_to_retreat_machine,110.846,560.216,1416.389,168.555,0.688,85.656,-97.773,0.45,-128.689,-14.51,-52.654,5.423,0.168,0.342,1.846,19.746,0.608,-19.832,0.18,7.96,8.32,2.36,0.47,-6.11,-0.198,-0.719,-2.08,-26.477,-0.742,31.38,,
2026-01-29 02:43:56.859,pick_to_retreat_machine,108.334,561.615,1417.636,169.784,0.645,86.037,-97.76,0.477,-128.544,-12.954,-52.609,4.093,0.158,0.323,1.749,18.699,0.569,-18.199,0.13,8.03,8.37,2.05,0.51,-5.35,-0.168,-0.624,-1.751,-22.546,-0.634,27.506,,
2026-01-29 02:43:56.959,pick_to_retreat_machine,106.088,562.895,1418.797,170.878,0.57,86.345,-97.749,0.501,-128.414,-11.567,-52.569,2.945,0.147,0.303,1.637,17.491,0.527,-16.519,0.09,8.0,8.47,1.73,0.42,-4.89,-0.165,-0.591,-1.735,-21.983,-0.624,26.577,,
2026-01-29 02:43:57.066,pick_to_retreat_machine,104.083,564.062,1419.872,171.852,0.476,86.59,-97.739,0.522,-128.298,-10.332,-52.534,1.954,0.136,0.28,1.517,16.208,0.483,-14.866,0.01,7.93,8.41,1.57,0.47,-4.29,-0.161,-0.558,-1.703,-21.293,-0.609,25.492,,
2026-01-29 02:43:57.166,pick_to_retreat_machine,102.367,565.079,1420.82,172.683,0.376,86.776,-97.73,0.541,-128.199,-9.275,-52.504,1.134,0.124,0.256,1.385,14.796,0.437,-13.2,0.14,8.15,8.45,1.26,0.34,-3.75,-0.16,-0.533,-1.701,-20.96,-0.602,24.646,,
2026-01-29 02:43:57.269,pick_to_retreat_machine,100.762,566.045,1421.731,173.458,0.266,86.927,-97.722,0.558,-128.106,-8.289,-52.476,0.392,0.113,0.235,1.27,13.564,0.397,-11.756,0.05,8.01,8.45,1.23,0.18,-3.36,-0.15,-0.491,-1.596,-19.559,-0.564,22.96,,
2026-01-29 02:43:57.371,pick_to_retreat_machine,99.272,566.954,1422.598,174.176,0.152,87.045,-97.714,0.574,-128.02,-7.373,-52.451,-0.275,0.104,0.216,1.167,12.462,0.361,-10.483,-0.06,7.99,8.37,0.94,0.33,-3.06,-0.141,-0.454,-1.503,-18.315,-0.531,21.424,,
2026-01-29 02:43:57.473,pick_to_retreat_machine,98.002,567.739,1423.353,174.787,0.046,87.127,-97.708,0.587,-127.947,-6.593,-52.43,-0.824,0.094,0.196,1.058,11.296,0.324,-9.236,-0.0,7.97,8.37,0.69,0.2,-2.63,-0.138,-0.432,-1.479,-17.838,-0.517,20.453,,
2026-01-29 02:43:57.573,pick_to_retreat_machine,96.87,568.446,1424.04,175.331,-0.056,87.185,-97.702,0.599,-127.882,-5.898,-52.411,-1.298,0.085,0.177,0.957,10.21,0.29,-8.112,0.02,7.99,8.38,0.62,0.21,-2.26,-0.131,-0.404,-1.411,-16.902,-0.491,19.161,,
2026-01-29 02:43:57.677,pick_to_retreat_machine,95.819,569.108,1424.688,175.835,-0.155,87.225,-97.697,0.611,-127.822,-5.253,-52.394,-1.723,0.077,0.161,0.869,9.271,0.261,-7.147,-0.05,7.99,8.34,0.48,0.24,-2.03,-0.122,-0.372,-1.317,-15.713,-0.457,17.731,,
2026-01-29 02:43:57.779,pick_to_retreat_machine,94.888,569.701,1425.271,176.282,-0.248,87.247,-97.692,0.621,-127.768,-4.681,-52.378,-2.088,0.069,0.146,0.786,8.383,0.233,-6.272,-0.03,8.0,8.32,0.36,0.11,-1.8,-0.116,-0.347,-1.253,-14.871,-0.433,16.565,,
2026-01-29 02:43:57.883,pick_to_retreat_machine,94.061,570.23,1425.796,176.679,-0.333,87.256,-97.688,0.63,-127.72,-4.173,-52.365,-2.401,0.063,0.131,0.708,7.556,0.208,-5.486,0.13,7.93,8.37,0.21,0.19,-1.46,-0.109,-0.324,-1.189,-14.031,-0.408,15.429,,
2026-01-29 02:43:57.987,pick_to_retreat_machine,93.3,570.721,1426.285,177.044,-0.413,87.254,-97.684,0.638,-127.677,-3.705,-52.353,-2.679,0.057,0.119,0.641,6.837,0.186,-4.81,0.06,8.08,8.31,0.16,0.2,-1.25,-0.102,-0.298,-1.107,-13.025,-0.379,14.229,,
2026-01-29 02:43:58.087,pick_to_retreat_machine,92.678,571.124,1426.689,177.342,-0.481,87.244,-97.681,0.644,-127.641,-3.324,-52.343,-2.898,0.05,0.106,0.57,6.082,0.164,-4.156,0.0,7.95,8.36,0.04,0.08,-1.16,-0.099,-0.283,-1.077,-12.583,-0.365,13.395,,
2026-01-29 02:43:58.188,pick_to_retreat_machine,92.124,571.485,1427.052,177.607,-0.542,87.23,-97.678,0.65,-127.609,-2.983,-52.335,-3.088,0.045,0.094,0.507,5.412,0.145,-3.59,0.1,7.98,8.4,-0.11,0.21,-0.99,-0.092,-0.262,-1.008,-11.739,-0.34,12.357,,
2026-01-29 02:43:58.290,pick_to_retreat_machine,91.631,571.808,1427.378,177.844,-0.597,87.211,-97.676,0.656,-127.58,-2.68,-52.327,-3.251,0.04,0.084,0.452,4.817,0.127,-3.101,-0.04,7.91,8.38,-0.11,0.08,-0.88,-0.086,-0.243,-0.942,-10.935,-0.316,11.381,,
2026-01-29 02:43:58.392,pick_to_retreat_machine,91.191,572.097,1427.67,178.055,-0.647,87.189,-97.673,0.66,-127.555,-2.41,-52.32,-3.392,0.036,0.075,0.402,4.289,0.112,-2.678,0.05,7.99,8.38,-0.22,0.08,-0.68,-0.08,-0.224,-0.879,-10.17,-0.294,10.467,,
2026-01-29 02:43:58.494,pick_to_retreat_machine,90.847,572.324,1427.9,178.22,-0.686,87.169,-97.672,0.664,-127.535,-2.198,-52.315,-3.499,0.031,0.066,0.351,3.745,0.097,-2.275,0.04,8.08,8.37,-0.26,0.13,-0.66,-0.077,-0.212,-0.846,-9.746,-0.279,9.763,,
2026-01-29 02:43:58.595,pick_to_retreat_machine,90.703,572.419,1427.997,178.288,-0.703,87.16,-97.671,0.666,-127.527,-2.11,-52.313,-3.542,0.025,0.053,0.284,3.03,0.078,-1.816,0.05,7.94,8.25,-0.34,0.0,-0.59,-0.079,-0.212,-0.877,-9.999,-0.282,9.416,,
2026-01-29 02:43:58.700,pick_to_retreat_machine,90.551,572.519,1428.1,178.362,-0.72,87.149,-97.67,0.667,-127.518,-2.016,-52.311,-3.588,0.021,0.044,0.235,2.506,0.064,-1.476,-0.13,7.9,8.36,-0.39,0.02,-0.5,-0.071,-0.19,-0.784,-8.947,-0.252,8.455,,
2026-01-29 02:43:58.803,pick_to_retreat_machine,90.378,572.634,1428.216,178.445,-0.74,87.136,-97.669,0.669,-127.508,-1.91,-52.308,-3.639,0.018,0.038,0.201,2.146,0.054,-1.235,-0.02,8.03,8.34,-0.38,0.02,-0.47,-0.063,-0.169,-0.694,-7.925,-0.224,7.555,,
2026-01-29 02:43:58.905,pick_to_retreat_machine,90.049,572.851,1428.439,178.602,-0.779,87.11,-97.668,0.673,-127.489,-1.708,-52.304,-3.734,0.018,0.037,0.198,2.115,0.053,-1.162,-0.07,7.93,8.32,-0.45,0.0,-0.36,-0.049,-0.135,-0.535,-6.174,-0.179,6.365,,
2026-01-29 02:43:59.007,pick_to_retreat_machine,89.77,573.037,1428.629,178.737,-0.811,87.084,-97.666,0.676,-127.473,-1.536,-52.3,-3.811,0.017,0.035,0.189,2.015,0.05,-1.066,0.02,7.96,8.34,-0.51,0.01,-0.26,-0.046,-0.127,-0.51,-5.861,-0.169,5.898,,
2026-01-29 02:43:59.109,pick_to_retreat_machine,89.532,573.195,1428.792,178.851,-0.839,87.06,-97.665,0.678,-127.459,-1.39,-52.296,-3.875,0.016,0.033,0.176,1.877,0.046,-0.959,0.01,7.94,8.38,-0.52,-0.02,-0.25,-0.044,-0.119,-0.483,-5.529,-0.159,5.445,,
2026-01-29 02:43:59.211,pick_to_retreat_machine,89.32,573.336,1428.937,178.953,-0.864,87.036,-97.664,0.681,-127.447,-1.259,-52.293,-3.93,0.014,0.031,0.163,1.734,0.042,-0.857,0.02,7.82,8.34,-0.56,0.06,-0.22,-0.041,-0.11,-0.449,-5.135,-0.147,4.989,,
2026-01-29 02:43:59.315,pick_to_retreat_machine,89.123,573.468,1429.073,179.048,-0.887,87.013,-97.663,0.683,-127.436,-1.138,-52.291,-3.98,0.013,0.028,0.15,1.604,0.038,-0.766,-0.05,7.96,8.23,-0.48,-0.02,-0.23,-0.037,-0.1,-0.413,-4.715,-0.135,4.546,waypoint,
2026-01-29 02:43:59.416,retreat_machine_to_approach_unloader,83.228,573.18,1429.378,179.124,-0.925,87.546,-97.105,0.782,-127.504,-1.038,-52.29,-4.016,1.404,0.27,-0.057,1.452,0.029,-0.665,72.25,8.36,5.32,-1.14,0.03,-0.34,5.534,0.882,-1.163,-4.456,-0.146,4.227,,
2026-01-29 02:43:59.517,retreat_machine_to_approach_unloader,-18.907,555.782,1432.603,179.193,-1.182,97.476,-86.865,2.584,-128.918,-0.931,-52.431,-3.773,26.654,4.708,-3.578,1.356,-0.329,0.108,58.41,9.37,4.64,-0.92,-0.35,-0.04,101.804,17.822,-14.513,-3.941,-1.536,6.591,,
2026-01-29 02:43:59.620,retreat_machine_to_approach_unloader,-111.614,521.016,1434.997,179.277,-1.286,107.0,-76.687,4.376,-130.324,-0.832,-52.726,-3.183,45.434,8.009,-6.198,1.266,-0.984,1.555,47.35,9.49,4.22,-0.82,-0.69,0.21,90.997,15.932,-12.976,-3.619,-2.932,9.4,,
2026-01-29 02:43:59.723,retreat_machine_to_approach_unloader,-184.281,477.726,1436.447,179.36,-1.296,115.248,-67.65,5.967,-131.572,-0.747,-53.071,-2.449,56.668,9.984,-7.769,1.162,-1.601,3.002,38.65,9.42,4.21,-0.7,-0.95,0.57,70.493,12.331,-10.1,-3.405,-3.136,9.906,,
2026-01-29 02:43:59.827,retreat_machine_to_approach_unloader,-239.905,431.292,1437.204,179.436,-1.266,122.458,-59.626,7.379,-132.68,-0.674,-53.416,-1.683,62.562,11.019,-8.596,1.054,-2.063,4.168,31.51,8.97,4.37,-0.71,-1.24,0.82,53.316,9.315,-7.69,-3.181,-2.823,9.24,,
2026-01-29 02:43:59.929,retreat_machine_to_approach_unloader,-278.608,388.889,1437.453,179.498,-1.226,128.304,-53.063,8.534,-133.586,-0.615,-53.713,-1.003,63.329,11.152,-8.713,0.938,-2.29,4.826,26.03,8.45,4.73,-0.68,-1.27,0.89,33.372,5.812,-4.903,-3.007,-2.061,7.449,,
2026-01-29 02:44:00.029,retreat_machine_to_approach_unloader,-307.867,348.272,1437.394,179.554,-1.183,133.522,-47.178,9.57,-134.399,-0.563,-53.984,-0.369,62.21,10.954,-8.566,0.834,-2.396,5.204,21.41,7.71,5.1,-0.63,-1.31,1.05,23.259,4.038,-3.477,-2.772,-1.599,6.245,,
2026-01-29 02:44:00.132,retreat_machine_to_approach_unloader,-329.626,310.323,1437.115,179.603,-1.144,138.193,-41.9,10.499,-135.127,-0.516,-54.228,0.209,59.852,10.538,-8.247,0.742,-2.407,5.348,17.77,7.01,5.44,-0.67,-1.5,1.05,14.857,2.565,-2.291,-2.551,-1.164,5.06,,
2026-01-29 02:44:00.236,retreat_machine_to_approach_unloader,-346.116,273.955,1436.661,179.648,-1.108,142.56,-36.964,11.368,-135.809,-0.473,-54.454,0.751,57.23,10.075,-7.889,0.665,-2.371,5.364,14.77,6.32,5.89,-0.65,-1.4,1.16,9.954,1.707,-1.59,-2.327,-0.873,4.188,,
2026-01-29 02:44:00.337,retreat_machine_to_approach_unloader,-357.694,241.098,1436.098,179.688,-1.079,146.462,-32.559,12.143,-136.417,-0.434,-54.653,1.229,53.934,9.495,-7.437,0.596,-2.276,5.22,12.4,5.84,6.11,-0.66,-1.3,1.19,3.644,0.6,-0.697,-2.141,-0.513,3.143,,
2026-01-29 02:44:00.442,retreat_machine_to_approach_unloader,-365.558,211.678,1435.472,179.723,-1.055,149.951,-28.629,12.835,-136.96,-0.399,-54.828,1.65,50.276,8.85,-6.935,0.534,-2.144,4.966,10.29,5.15,6.43,-0.7,-1.24,1.07,-1.463,-0.294,0.027,-1.968,-0.216,2.244,,
2026-01-29 02:44:00.548,retreat_machine_to_approach_unloader,-370.643,185.495,1434.814,179.754,-1.036,153.072,-25.122,13.452,-137.444,-0.368,-54.981,2.017,46.475,8.181,-6.412,0.478,-1.99,4.642,8.76,4.62,6.7,-0.67,-1.19,1.02,-5.549,-1.01,0.609,-1.807,0.024,1.488,,
2026-01-29 02:44:00.649,retreat_machine_to_approach_unloader,-373.578,163.241,1434.177,179.781,-1.022,155.751,-22.121,13.98,-137.859,-0.341,-55.109,2.323,42.358,7.456,-5.845,0.425,-1.812,4.248,7.38,4.08,6.95,-0.76,-1.08,0.98,-10.058,-1.8,1.247,-1.67,0.269,0.734,,
2026-01-29 02:44:00.751,retreat_machine_to_approach_unloader,-375.167,142.622,1433.52,179.806,-1.012,158.263,-19.314,14.474,-138.246,-0.316,-55.226,2.603,38.785,6.827,-5.352,0.382,-1.652,3.884,6.3,3.6,7.21,-0.64,-1.0,0.85,-10.996,-1.962,1.391,-1.519,0.351,0.388,,
2026-01-29 02:44:00.851,retreat_machine_to_approach_unloader,-375.664,124.429,1432.883,179.828,-1.004,160.511,-16.81,14.915,-138.592,-0.294,-55.328,2.845,35.349,6.222,-4.879,0.342,-1.494,3.519,5.32,3.17,7.4,-0.81,-0.86,0.82,-12.918,-2.298,1.669,-1.393,0.465,-0.022,,
2026-01-29 02:44:00.955,retreat_machine_to_approach_unloader,-375.391,108.393,1432.275,179.848,-1.0,162.524,-14.576,15.308,-138.901,-0.274,-55.417,3.055,32.098,5.65,-4.431,0.307,-1.344,3.163,4.52,2.78,7.59,-0.68,-0.77,0.79,-14.323,-2.543,1.874,-1.277,0.549,-0.345,,
2026-01-29 02:44:01.057,retreat_machine_to_approach_unloader,-374.634,94.843,1431.725,179.866,-0.997,164.252,-12.664,15.645,-139.165,-0.256,-55.492,3.229,28.853,5.079,-3.983,0.274,-1.194,2.808,3.86,2.4,7.71,-0.84,-0.79,0.72,-16.117,-2.856,2.133,-1.178,0.64,-0.666,,
2026-01-29 02:44:01.157,retreat_machine_to_approach_unloader,-373.555,82.839,1431.209,179.881,-0.997,165.806,-10.949,15.946,-139.401,-0.241,-55.557,3.38,25.926,4.563,-3.579,0.244,-1.059,2.485,3.34,2.0,7.83,-0.73,-0.69,0.6,-16.479,-2.918,2.192,-1.077,0.668,-0.826,,
2026-01-29 02:44:01.260,retreat_machine_to_approach_unloader,-372.21,71.749,1430.706,179.896,-0.997,167.263,-9.346,16.229,-139.623,-0.226,-55.617,3.518,23.453,4.128,-3.238,0.22,-0.944,2.207,2.88,1.79,7.88,-0.68,-0.56,0.55,-15.942,-2.822,2.126,-0.979,0.657,-0.884,,
2026-01-29 02:44:01.362,retreat_machine_to_approach_unloader,-370.676,61.574,1430.222,179.909,-0.999,168.621,-7.856,16.491,-139.829,-0.212,-55.671,3.641,21.313,3.751,-2.943,0.199,-0.843,1.964,2.47,1.55,8.04,-0.8,-0.57,0.51,-15.488,-2.74,2.071,-0.891,0.647,-0.935,,
2026-01-29 02:44:01.463,retreat_machine_to_approach_unloader,-369.155,52.998,1429.796,179.921,-1.001,169.783,-6.586,16.714,-140.004,-0.201,-55.716,3.743,19.161,3.373,-2.646,0.179,-0.745,1.728,2.16,1.3,8.14,-0.76,-0.54,0.44,-16.129,-2.852,2.166,-0.821,0.673,-1.057,,
2026-01-29 02:44:01.565,retreat_machine_to_approach_unloader,-367.637,45.428,1429.405,179.931,-1.004,170.823,-5.452,16.914,-140.161,-0.19,-55.756,3.831,17.205,3.028,-2.376,0.16,-0.657,1.516,1.86,1.16,8.25,-0.81,-0.46,0.39,-15.884,-2.807,2.138,-0.752,0.664,-1.09,,
2026-01-29 02:44:01.670,retreat_machine_to_approach_unloader,-366.093,38.468,1429.034,179.941,-1.008,171.791,-4.399,17.099,-140.306,-0.18,-55.791,3.91,15.536,2.734,-2.145,0.145,-0.582,1.335,1.69,0.99,8.28,-0.79,-0.39,0.44,-15.102,-2.669,2.036,-0.683,0.634,-1.071,,
2026-01-29 02:44:01.772,retreat_machine_to_approach_unloader,-364.676,32.59,1428.711,179.95,-1.012,172.619,-3.501,17.257,-140.43,-0.172,-55.821,3.975,13.898,2.446,-1.919,0.13,-0.511,1.164,1.45,0.77,8.31,-0.7,-0.35,0.31,-15.14,-2.674,2.046,-0.629,0.63,-1.102,,
2026-01-29 02:44:01.873,retreat_machine_to_approach_unloader,-363.278,27.177,1428.405,179.957,-1.016,173.39,-2.667,17.404,-140.545,-0.164,-55.848,4.034,12.509,2.202,-1.727,0.117,-0.451,1.02,1.23,0.62,8.4,-0.76,-0.33,0.26,-14.265,-2.519,1.93,-0.572,0.595,-1.058,,
2026-01-29 02:44:01.974,retreat_machine_to_approach_unloader,-362.025,22.598,1428.14,179.964,-1.02,174.05,-1.955,17.529,-140.644,-0.157,-55.87,4.082,11.161,1.964,-1.541,0.104,-0.394,0.886,1.11,0.35,8.39,-0.7,-0.3,0.2,-14.065,-2.483,1.906,-0.526,0.58,-1.055,,
2026-01-29 02:44:02.078,retreat_machine_to_approach_unloader,-360.812,18.376,1427.891,179.97,-1.025,174.664,-1.294,17.646,-140.735,-0.151,-55.891,4.126,10.023,1.764,-1.384,0.094,-0.347,0.773,0.99,0.28,8.46,-0.79,-0.23,0.21,-13.165,-2.324,1.785,-0.478,0.543,-0.999,,
2026-01-29 02:44:02.180,retreat_machine_to_approach_unloader,-359.739,14.8,1427.676,179.976,-1.029,175.189,-0.73,17.745,-140.813,-0.146,-55.908,4.162,8.927,1.571,-1.233,0.084,-0.302,0.669,0.8,0.13,8.49,-0.77,-0.16,0.16,-12.82,-2.263,1.741,-0.439,0.523,-0.975,,
2026-01-29 02:44:02.282,retreat_machine_to_approach_unloader,-358.754,11.628,1427.482,179.981,-1.033,175.658,-0.227,17.833,-140.882,-0.141,-55.923,4.193,7.953,1.4,-1.098,0.075,-0.264,0.579,0.73,0.05,8.43,-0.8,-0.17,0.22,-12.145,-2.143,1.651,-0.401,0.492,-0.926,,
2026-01-29 02:44:02.385,retreat_machine_to_approach_unloader,-357.853,8.813,1427.307,179.985,-1.037,176.078,0.222,17.912,-140.944,-0.137,-55.935,4.219,7.087,1.247,-0.979,0.067,-0.23,0.501,0.64,-0.05,8.54,-0.79,-0.14,0.14,-11.472,-2.024,1.561,-0.366,0.462,-0.876,,
2026-01-29 02:44:02.488,retreat_machine_to_approach_unloader,-357.03,6.313,1427.15,179.989,-1.04,176.453,0.622,17.983,-141.0,-0.133,-55.947,4.242,6.317,1.112,-0.872,0.06,-0.201,0.434,0.55,-0.13,8.61,-0.75,-0.02,0.11,-10.809,-1.907,1.471,-0.334,0.432,-0.825,,
2026-01-29 02:44:02.589,retreat_machine_to_approach_unloader,-356.283,4.093,1427.009,179.992,-1.044,176.789,0.98,18.046,-141.049,-0.129,-55.956,4.262,5.631,0.991,-0.778,0.053,-0.175,0.375,0.54,-0.09,8.64,-0.83,-0.13,0.2,-10.159,-1.792,1.384,-0.304,0.404,-0.774,,
2026-01-29 02:44:02.692,retreat_machine_to_approach_unloader,-355.549,1.959,1426.871,179.996,-1.047,177.114,1.325,18.107,-141.097,-0.126,-55.966,4.281,5.086,0.895,-0.703,0.048,-0.154,0.328,0.39,-0.23,8.57,-0.83,-0.24,0.09,-9.268,-1.635,1.263,-0.275,0.369,-0.71,,
2026-01-29 02:44:02.792,retreat_machine_to_approach_unloader,-354.94,0.223,1426.759,179.998,-1.051,177.379,1.607,18.156,-141.136,-0.123,-55.973,4.295,4.519,0.795,-0.624,0.043,-0.134,0.282,0.47,-0.34,8.56,-0.74,-0.06,0.09,-8.973,-1.583,1.224,-0.254,0.351,-0.678,,
2026-01-29 02:44:02.893,retreat_machine_to_approach_unloader,-354.391,-1.322,1426.658,-179.999,-1.054,177.617,1.858,18.2,-141.17,-0.121,-55.979,4.308,4.018,0.707,-0.555,0.038,-0.117,0.243,0.41,-0.39,8.56,-0.83,-0.09,0.09,-8.379,-1.478,1.143,-0.231,0.325,-0.63,,
2026-01-29 02:44:02.996,retreat_machine_to_approach_unloader,-353.895,-2.696,1426.567,-179.997,-1.056,177.829,2.082,18.24,-141.201,-0.119,-55.985,4.319,3.574,0.629,-0.494,0.034,-0.101,0.21,0.26,-0.36,8.52,-0.8,-0.05,0.05,-7.812,-1.378,1.066,-0.211,0.301,-0.584,,
2026-01-29 02:44:03.097,retreat_machine_to_approach_unloader,-353.449,-3.919,1426.486,-179.995,-1.059,178.019,2.283,18.275,-141.229,-0.117,-55.99,4.328,3.181,0.56,-0.439,0.03,-0.088,0.181,0.27,-0.43,8.6,-0.77,-0.1,0.07,-7.272,-1.282,0.993,-0.192,0.278,-0.541,,
2026-01-29 02:44:03.201,retreat_machine_to_approach_unloader,-353.031,-5.052,1426.41,-179.993,-1.061,178.195,2.469,18.308,-141.255,-0.115,-55.994,4.337,2.851,0.502,-0.394,0.027,-0.077,0.157,0.27,-0.44,8.66,-0.79,-0.12,0.01,-6.688,-1.179,0.913,-0.174,0.255,-0.496,,
2026-01-29 02:44:03.303,retreat_machine_to_approach_unloader,-352.657,-6.056,1426.343,-179.991,-1.064,178.352,2.634,18.337,-141.277,-0.113,-55.998,4.344,2.551,0.449,-0.352,0.025,-0.068,0.136,0.2,-0.48,8.64,-0.8,-0.02,-0.07,-6.227,-1.098,0.851,-0.159,0.235,-0.459,,
2026-01-29 02:44:03.404,retreat_machine_to_approach_unloader,-352.322,-6.945,1426.283,-179.99,-1.066,178.492,2.78,18.363,-141.298,-0.112,-56.002,4.35,2.28,0.401,-0.315,0.022,-0.059,0.117,0.16,-0.49,8.69,-0.78,-0.01,0.19,-5.79,-1.021,0.791,-0.144,0.217,-0.423,,
2026-01-29 02:44:03.509,retreat_machine_to_approach_unloader,-352.035,-7.703,1426.231,-179.989,-1.068,178.611,2.905,18.385,-141.315,-0.111,-56.004,4.356,2.023,0.356,-0.279,0.02,-0.051,0.101,0.18,-0.55,8.65,-0.88,-0.04,0.06,-5.426,-0.957,0.742,-0.132,0.201,-0.392,,
2026-01-29 02:44:03.611,retreat_machine_to_approach_unloader,-351.768,-8.405,1426.184,-179.987,-1.07,178.722,3.022,18.405,-141.331,-0.11,-56.007,4.36,1.807,0.318,-0.25,0.017,-0.045,0.087,0.06,-0.64,8.62,-0.84,-0.09,0.08,-4.973,-0.877,0.68,-0.12,0.183,-0.358,waypoint,
2026-01-29 02:44:03.714,retreat_machine_to_approach_unloader,-357.64,-10.766,1414.568,178.374,-0.071,-179.868,3.877,16.963,-141.589,-2.005,-55.426,4.885,3.494,-3.366,-0.832,-4.724,1.418,1.377,0.21,-0.29,8.49,-1.64,2.07,0.77,2.915,-15.412,-1.806,-19.067,5.995,4.876,,
2026-01-29 02:44:03.815,retreat_machine_to_approach_unloader,-371.668,-15.099,1392.252,175.339,-0.164,-178.708,5.383,14.238,-142.103,-5.912,-52.453,7.715,6.384,-9.339,-1.91,-13.312,8.498,8.108,0.09,0.21,8.17,-2.24,5.99,2.3,9.127,-26.709,-4.191,-37.288,29.328,27.448,,
2026-01-29 02:44:03.915,retreat_machine_to_approach_unloader,-385.995,-20.507,1372.151,173.119,-1.933,-178.734,6.721,11.818,-142.577,-9.46,-48.364,11.811,8.135,-13.053,-2.617,-18.855,16.594,16.321,0.19,0.87,8.04,-2.74,9.86,3.68,6.547,-20.977,-3.368,-29.966,37.539,37.356,,
2026-01-29 02:44:04.019,retreat_machine_to_approach_unloader,-399.164,-26.82,1354.192,171.744,-4.397,-179.191,7.91,9.67,-143.007,-12.655,-44.03,16.334,9.073,-15.161,-3.038,-22.128,23.282,23.548,0.11,1.43,7.8,-2.94,12.95,5.03,4.392,-16.167,-2.591,-23.436,36.251,37.894,,
2026-01-29 02:44:04.122,retreat_machine_to_approach_unloader,-410.171,-33.418,1338.848,171.12,-6.882,-179.742,8.923,7.837,-143.379,-15.404,-40.026,20.643,9.338,-15.952,-3.207,-23.469,27.471,28.435,0.13,2.05,7.59,-2.99,14.98,5.88,2.199,-11.394,-1.745,-16.634,29.315,31.97,,
2026-01-29 02:44:04.222,retreat_machine_to_approach_unloader,-419.126,-39.956,1325.716,171.019,-9.122,179.733,9.79,6.269,-143.698,-17.768,-36.484,24.544,9.17,-15.885,-3.204,-23.511,29.457,31.077,0.17,2.81,7.37,-3.13,16.34,6.52,0.509,-7.61,-1.053,-11.117,21.764,24.679,,
2026-01-29 02:44:04.324,retreat_machine_to_approach_unloader,-427.234,-47.085,1312.926,171.302,-11.283,179.204,10.633,4.742,-144.01,-20.075,-33.001,28.445,8.985,-15.731,-3.183,-23.4,30.801,33.062,0.16,3.15,7.25,-3.06,16.86,6.77,0.224,-6.435,-0.871,-9.436,19.005,22.227,,
2026-01-29 02:44:04.426,retreat_machine_to_approach_unloader,-433.31,-53.44,1302.456,171.797,-12.969,178.778,11.322,3.493,-144.265,-21.963,-30.162,31.663,8.461,-14.92,-3.025,-22.269,30.199,32.841,0.09,3.68,7.03,-3.0,16.94,6.76,-1.337,-3.012,-0.215,-4.302,10.663,13.166,,
2026-01-29 02:44:04.526,retreat_machine_to_approach_unloader,-438.269,-59.505,1293.052,172.424,-14.378,178.412,11.94,2.373,-144.493,-23.654,-27.644,34.537,7.891,-13.99,-2.839,-20.931,28.944,31.814,0.13,4.3,6.97,-2.84,16.55,6.81,-1.916,-1.422,0.073,-1.91,6.382,8.404,,
2026-01-29 02:44:04.631,retreat_machine_to_approach_unloader,-442.448,-65.46,1284.241,173.148,-15.582,178.097,12.518,1.325,-144.706,-25.233,-25.327,37.19,7.363,-13.112,-2.662,-19.646,27.5,30.494,0.11,4.73,6.79,-2.69,15.94,6.62,-2.125,-0.555,0.22,-0.595,3.733,5.361,,
2026-01-29 02:44:04.735,retreat_machine_to_approach_unloader,-445.778,-70.976,1276.362,173.887,-16.549,177.849,13.033,0.391,-144.896,-26.639,-23.3,39.512,6.811,-12.17,-2.47,-18.249,25.692,28.676,0.05,5.04,6.61,-2.62,14.98,6.29,-2.533,0.629,0.434,1.2,0.462,1.515,,
2026-01-29 02:44:04.839,retreat_machine_to_approach_unloader,-448.415,-76.037,1269.314,174.606,-17.317,177.663,13.494,-0.443,-145.064,-27.89,-21.53,41.535,6.259,-11.213,-2.273,-16.813,23.694,26.565,0.05,5.4,6.48,-2.51,14.01,5.88,-2.834,1.573,0.601,2.631,-2.154,-1.626,,
2026-01-29 02:44:04.944,retreat_machine_to_approach_unloader,-450.492,-80.647,1263.01,175.284,-17.922,177.534,13.905,-1.188,-145.214,-29.002,-19.986,43.292,5.722,-10.27,-2.079,-15.39,21.63,24.316,0.09,5.84,6.53,-2.23,12.99,5.44,-3.044,2.314,0.728,3.751,-4.2,-4.125,,
2026-01-29 02:44:05.045,retreat_machine_to_approach_unloader,-452.057,-84.649,1257.604,175.881,-18.376,177.458,14.257,-1.824,-145.341,-29.95,-18.695,44.753,5.171,-9.294,-1.878,-13.914,19.45,21.888,0.02,6.05,6.26,-2.11,11.84,5.05,-3.331,3.157,0.876,5.014,-6.309,-6.679,,
2026-01-29 02:44:05.148,retreat_machine_to_approach_unloader,-453.339,-88.43,1252.538,176.448,-18.747,177.42,14.586,-2.42,-145.46,-30.834,-17.516,46.077,4.701,-8.459,-1.705,-12.645,17.536,19.728,0.04,6.4,6.2,-2.0,10.84,4.58,-3.224,3.254,0.876,5.158,-6.792,-7.368,,
2026-01-29 02:44:05.250,retreat_machine_to_approach_unloader,-454.333,-91.826,1248.007,176.954,-19.032,177.417,14.88,-2.951,-145.565,-31.62,-16.488,47.222,4.261,-7.673,-1.543,-11.448,15.721,17.656,-0.01,6.73,6.06,-1.78,9.82,4.06,-3.254,3.57,0.921,5.623,-7.633,-8.437,,
2026-01-29 02:44:05.351,retreat_machine_to_approach_unloader,-455.099,-94.868,1243.956,177.402,-19.251,177.445,15.142,-3.425,-145.659,-32.318,-15.593,48.209,3.852,-6.94,-1.391,-10.332,14.029,15.71,-0.03,6.9,6.03,-1.64,8.88,3.77,-3.243,3.786,0.946,5.933,-8.194,-9.162,,
2026-01-29 02:44:05.453,retreat_machine_to_approach_unloader,-455.684,-97.588,1240.334,177.794,-19.416,177.495,15.377,-3.848,-145.742,-32.939,-14.813,49.06,3.475,-6.262,-1.252,-9.302,12.471,13.911,0.07,7.11,5.88,-1.48,7.98,3.46,-3.2,3.918,0.956,6.114,-8.529,-9.606,,
2026-01-29 02:44:05.556,retreat_machine_to_approach_unloader,-456.126,-100.013,1237.096,178.136,-19.54,177.564,15.586,-4.225,-145.816,-33.492,-14.134,49.794,3.13,-5.64,-1.124,-8.357,11.051,12.267,0.05,7.38,5.78,-1.45,7.25,3.01,-3.131,3.982,0.953,6.192,-8.681,-9.823,,
2026-01-29 02:44:05.659,retreat_machine_to_approach_unloader,-456.456,-102.174,1234.202,178.432,-19.631,177.646,15.773,-4.562,-145.882,-33.983,-13.543,50.425,2.815,-5.072,-1.008,-7.495,9.767,10.78,0.01,7.4,5.74,-1.35,6.36,2.73,-3.042,3.99,0.94,6.185,-8.688,-9.857,,
2026-01-29 02:44:05.763,retreat_machine_to_approach_unloader,-456.708,-104.175,1231.509,178.698,-19.699,177.742,15.947,-4.875,-145.943,-34.437,-13.006,50.991,2.546,-4.586,-0.908,-6.757,8.666,9.5,-0.01,7.59,5.7,-1.23,5.74,2.35,-2.869,3.831,0.895,5.932,-8.373,-9.531,,
2026-01-29 02:44:05.864,retreat_machine_to_approach_unloader,-456.881,-105.875,1229.209,178.915,-19.745,177.839,16.095,-5.142,-145.995,-34.823,-12.56,51.457,2.28,-4.106,-0.811,-6.034,7.616,8.288,0.05,7.83,5.77,-1.18,5.12,2.18,-2.836,3.908,0.897,6.02,-8.435,-9.584,,
2026-01-29 02:44:05.965,retreat_machine_to_approach_unloader,-457.001,-107.385,1227.153,179.102,-19.775,177.94,16.228,-5.38,-146.041,-35.167,-12.171,51.857,2.041,-3.675,-0.723,-5.384,6.684,7.217,0.02,7.91,5.69,-1.02,4.53,1.87,-2.712,3.805,0.864,5.846,-8.166,-9.273,,
2026-01-29 02:44:06.069,retreat_machine_to_approach_unloader,-457.084,-108.78,1225.24,179.267,-19.794,178.047,16.351,-5.601,-146.084,-35.485,-11.819,52.216,1.839,-3.309,-0.649,-4.833,5.894,6.309,0.01,8.06,5.64,-0.95,3.93,1.58,-2.534,3.594,0.812,5.516,-7.713,-8.766,,
2026-01-29 02:44:06.169,retreat_machine_to_approach_unloader,-457.13,-109.915,1223.673,179.395,-19.804,178.145,16.452,-5.781,-146.119,-35.744,-11.537,52.498,1.631,-2.933,-0.574,-4.273,5.125,5.439,-0.04,7.97,5.5,-0.99,3.51,1.41,-2.504,3.637,0.81,5.552,-7.651,-8.647,,
2026-01-29 02:44:06.270,retreat_machine_to_approach_unloader,-457.156,-111.013,1222.146,179.514,-19.807,178.249,16.55,-5.957,-146.152,-35.996,-11.269,52.764,1.469,-2.64,-0.515,-3.834,4.513,4.743,-0.06,8.21,5.45,-0.84,3.06,1.27,-2.279,3.321,0.739,5.073,-7.025,-7.956,,
2026-01-29 02:44:06.374,retreat_machine_to_approach_unloader,-457.164,-111.981,1220.788,179.613,-19.804,178.35,16.637,-6.114,-146.182,-36.218,-11.037,52.991,1.32,-2.371,-0.461,-3.432,3.964,4.124,0.08,8.29,5.57,-0.79,2.69,1.06,-2.161,3.187,0.704,4.855,-6.681,-7.546,,
2026-01-29 02:44:06.475,retreat_machine_to_approach_unloader,-457.158,-112.801,1219.629,179.693,-19.798,178.443,16.712,-6.247,-146.208,-36.408,-10.844,53.177,1.176,-2.111,-0.409,-3.047,3.456,3.559,0.07,8.35,5.52,-0.74,2.36,0.95,-2.073,3.098,0.678,4.703,-6.401,-7.196,,
2026-01-29 02:44:06.575,retreat_machine_to_approach_unloader,-457.143,-113.529,1218.593,179.759,-19.79,178.531,16.778,-6.366,-146.23,-36.576,-10.676,53.337,1.048,-1.881,-0.363,-2.707,3.013,3.07,-0.07,8.45,5.38,-0.63,2.1,0.84,-1.945,2.932,0.638,4.441,-6.009,-6.737,,
2026-01-29 02:44:06.679,retreat_machine_to_approach_unloader,-457.121,-114.199,1217.629,179.817,-19.779,178.619,16.84,-6.476,-146.251,-36.732,-10.523,53.481,0.941,-1.687,-0.325,-2.42,2.641,2.661,0.05,8.48,5.44,-0.67,1.85,0.71,-1.797,2.723,0.591,4.122,-5.565,-6.232,,
2026-01-29 02:44:06.780,retreat_machine_to_approach_unloader,-457.095,-114.767,1216.806,179.863,-19.767,178.698,16.893,-6.57,-146.269,-36.865,-10.396,53.598,0.838,-1.5,-0.288,-2.147,2.298,2.29,0.06,8.57,5.35,-0.64,1.64,0.61,-1.708,2.613,0.563,3.943,-5.264,-5.865,,
2026-01-29 02:44:06.885,retreat_machine_to_approach_unloader,-457.064,-115.311,1216.011,179.904,-19.754,178.779,16.944,-6.661,-146.286,-36.993,-10.277,53.708,0.756,-1.353,-0.259,-1.93,2.023,1.991,-0.04,8.54,5.23,-0.59,1.49,0.58,-1.555,2.385,0.514,3.598,-4.811,-5.362,,
2026-01-29 02:44:06.985,retreat_machine_to_approach_unloader,-457.034,-115.753,1215.361,179.935,-19.742,178.848,16.986,-6.736,-146.3,-37.097,-10.181,53.794,0.671,-1.2,-0.229,-1.707,1.756,1.709,0.08,8.58,5.29,-0.59,1.33,0.41,-1.493,2.313,0.494,3.475,-4.573,-5.06,waypoint,
2026-01-29 02:44:07.086,approach_unloader_to_place,-460.71,-115.084,1208.501,177.51,-19.643,-176.292,16.97,-7.695,-146.236,-42.903,-10.128,55.018,0.463,-3.298,-0.011,-15.797,1.449,4.342,-0.07,8.79,4.99,-2.98,1.05,2.09,-1.92,-6.768,1.228,-53.895,-4.541,6.83,,
2026-01-29 02:44:07.186,approach_unloader_to_place,-466.511,-113.311,1197.182,174.626,-19.431,-171.289,16.858,-9.248,-146.176,-53.305,-10.059,60.63,0.068,-6.357,0.141,-37.851,1.261,17.287,-0.28,9.06,4.68,-4.68,0.95,4.86,-2.685,-12.034,1.058,-94.457,-3.918,50.023,,
2026-01-29 02:44:07.290,approach_unloader_to_place,-471.765,-112.16,1186.556,173.32,-19.494,-169.849,16.747,-10.692,-146.13,-63.113,-9.943,69.047,-0.227,-8.378,0.22,-52.909,1.234,34.007,-0.3,9.49,4.53,-5.81,1.0,7.91,-2.414,-9.737,0.811,-79.079,-3.069,73.069,,
2026-01-29 02:44:07.389,approach_unloader_to_place,-476.071,-111.606,1177.374,173.045,-19.793,-170.376,16.647,-11.925,-146.095,-71.554,-9.812,77.988,-0.42,-9.365,0.253,-60.785,1.253,47.859,-0.37,9.86,4.39,-6.42,0.88,10.33,-2.056,-6.648,0.627,-57.503,-2.606,71.006,,
2026-01-29 02:44:07.490,approach_unloader_to_place,-479.719,-111.45,1169.068,173.332,-20.185,-171.8,16.555,-13.025,-146.065,-79.125,-9.677,86.914,-0.544,-9.775,0.266,-64.515,1.278,58.208,-0.53,10.3,4.37,-6.74,0.92,12.32,-1.77,-4.661,0.517,-43.045,-2.304,63.751,,
2026-01-29 02:44:07.592,approach_unloader_to_place,-482.899,-111.581,1161.242,173.96,-20.575,-173.653,16.469,-14.048,-146.036,-86.176,-9.542,95.719,-0.624,-9.887,0.271,-66.014,1.297,65.669,-0.46,10.64,4.35,-6.78,0.84,13.62,-1.541,-3.415,0.445,-33.545,-2.073,56.169,,
2026-01-29 02:44:07.693,approach_unloader_to_place,-485.423,-111.887,1154.477,174.706,-20.873,-175.465,16.395,-14.92,-146.011,-92.197,-9.423,103.444,-0.654,-9.596,0.265,-64.563,1.27,68.564,-0.53,10.89,4.24,-6.73,0.88,14.23,-1.263,-1.571,0.364,-19.888,-2.028,39.748,,
2026-01-29 02:44:07.795,approach_unloader_to_place,-487.593,-112.32,1148.114,175.52,-21.085,-177.217,16.326,-15.73,-145.988,-97.789,-9.312,110.674,-0.662,-9.222,0.258,-62.403,1.23,69.497,-0.49,11.24,4.17,-6.62,0.92,14.4,-1.082,-0.794,0.316,-13.615,-1.904,30.825,,
2026-01-29 02:44:07.896,approach_unloader_to_place,-489.432,-112.834,1142.175,176.333,-21.207,-178.804,16.263,-16.477,-145.965,-102.945,-9.21,117.304,-0.654,-8.785,0.249,-59.692,1.177,68.698,-0.54,11.64,4.11,-6.25,0.67,14.08,-0.916,-0.087,0.271,-7.889,-1.809,21.742,,
2026-01-29 02:44:07.996,approach_unloader_to_place,-490.81,-113.327,1137.274,177.013,-21.245,179.977,16.212,-17.088,-145.947,-107.151,-9.129,122.636,-0.617,-8.115,0.234,-55.285,1.086,64.855,-0.46,11.93,4.13,-5.85,0.69,13.49,-0.704,1.291,0.207,2.399,-1.829,6.597,,
2026-01-29 02:44:08.098,approach_unloader_to_place,-492.028,-113.86,1132.503,177.661,-21.225,178.908,16.164,-17.677,-145.928,-111.205,-9.052,127.673,-0.584,-7.559,0.221,-51.597,1.007,61.234,-0.54,12.11,4.08,-5.44,0.54,12.71,-0.61,1.375,0.182,3.686,-1.692,2.979,,
2026-01-29 02:44:08.200,approach_unloader_to_place,-492.938,-114.332,1128.576,178.171,-21.167,178.14,16.124,-18.158,-145.914,-114.51,-8.99,131.682,-0.536,-6.872,0.203,-46.96,0.908,55.946,-0.41,12.27,3.99,-5.05,0.47,11.96,-0.455,2.318,0.131,10.802,-1.68,-7.605,,
2026-01-29 02:44:08.303,approach_unloader_to_place,-493.77,-114.834,1124.616,178.653,-21.073,177.489,16.086,-18.64,-145.899,-117.813,-8.931,135.578,-0.498,-6.358,0.19,-43.478,0.83,51.701,-0.44,12.48,3.93,-4.69,0.5,10.93,-0.405,2.08,0.118,9.739,-1.529,-7.961,,
2026-01-29 02:44:08.404,approach_unloader_to_place,-494.387,-115.262,1121.368,179.018,-20.97,177.061,16.055,-19.032,-145.886,-120.501,-8.884,138.654,-0.451,-5.75,0.173,-39.329,0.74,46.465,-0.45,12.8,3.95,-4.21,0.49,10.11,-0.288,2.762,0.079,14.916,-1.502,-15.376,,
2026-01-29 02:44:08.506,approach_unloader_to_place,-494.889,-115.656,1118.47,179.315,-20.86,176.77,16.028,-19.381,-145.876,-122.883,-8.844,141.297,-0.406,-5.184,0.156,-35.452,0.655,41.455,-0.35,12.8,3.75,-3.86,0.4,9.19,-0.221,2.926,0.056,16.485,-1.418,-18.168,,
2026-01-29 02:44:08.607,approach_unloader_to_place,-495.297,-116.015,1115.886,179.555,-20.749,176.59,16.004,-19.69,-145.866,-124.994,-8.809,143.565,-0.364,-4.662,0.141,-31.866,0.578,36.762,-0.33,12.86,3.67,-3.4,0.25,8.22,-0.165,3.025,0.038,17.549,-1.334,-20.096,,
2026-01-29 02:44:08.709,approach_unloader_to_place,-495.63,-116.339,1113.583,179.747,-20.64,176.501,15.983,-19.965,-145.858,-126.865,-8.78,145.51,-0.325,-4.184,0.126,-28.576,0.507,32.434,-0.28,13.08,3.67,-3.09,0.15,7.31,-0.119,3.07,0.022,18.198,-1.25,-21.315,,
2026-01-29 02:44:08.810,approach_unloader_to_place,-495.891,-116.62,1111.613,179.892,-20.54,176.481,15.965,-20.2,-145.851,-128.457,-8.756,147.113,-0.288,-3.723,0.112,-25.413,0.441,28.333,-0.19,13.15,3.6,-2.8,0.29,6.64,-0.075,3.167,0.007,19.159,-1.178,-22.607,,
2026-01-29 02:44:08.913,approach_unloader_to_place,-496.123,-116.894,1109.706,-179.985,-20.438,176.516,15.949,-20.426,-145.844,-129.991,-8.733,148.606,-0.258,-3.358,0.101,-22.894,0.387,24.983,-0.26,13.21,3.42,-2.41,0.22,5.84,-0.059,2.932,0.003,17.827,-1.079,-21.445,,
2026-01-29 02:44:09.014,approach_unloader_to_place,-496.304,-117.129,1108.08,-179.896,-20.347,176.592,15.935,-20.618,-145.839,-131.293,-8.715,149.83,-0.229,-2.999,0.089,-20.425,0.336,21.796,-0.25,13.33,3.33,-2.25,0.11,5.22,-0.026,2.978,-0.009,18.367,-1.013,-21.994,,
2026-01-29 02:44:09.116,approach_unloader_to_place,-496.453,-117.339,1106.634,-179.829,-20.264,176.699,15.922,-20.789,-145.834,-132.446,-8.699,150.878,-0.202,-2.676,0.079,-18.203,0.29,18.967,-0.17,13.42,3.47,-2.0,0.21,4.45,-0.006,2.896,-0.015,18.012,-0.939,-21.553,,
2026-01-29 02:44:09.216,approach_unloader_to_place,-496.567,-117.511,1105.45,-179.784,-20.194,176.815,15.912,-20.928,-145.83,-133.388,-8.687,151.705,-0.177,-2.356,0.069,-16.007,0.248,16.294,-0.1,13.56,3.31,-1.85,0.15,4.06,0.018,2.918,-0.023,18.328,-0.879,-21.6,,
2026-01-29 02:44:09.319,approach_unloader_to_place,-496.673,-117.686,1104.25,-179.748,-20.121,176.962,15.902,-21.069,-145.826,-134.339,-8.676,152.513,-0.158,-2.12,0.061,-14.383,0.215,14.24,-0.13,13.52,3.23,-1.51,0.22,3.46,0.016,2.61,-0.021,16.403,-0.796,-19.637,,
2026-01-29 02:44:09.421,approach_unloader_to_place,-496.758,-117.835,1103.228,-179.725,-20.058,177.112,15.894,-21.189,-145.823,-135.146,-8.666,153.175,-0.139,-1.89,0.054,-12.805,0.185,12.335,-0.11,13.61,3.3,-1.42,0.09,3.09,0.03,2.56,-0.025,16.201,-0.739,-19.136,,
2026-01-29 02:44:09.524,approach_unloader_to_place,-496.831,-117.973,1102.284,-179.712,-20.0,177.273,15.886,-21.3,-145.82,-135.89,-8.658,153.763,-0.124,-1.694,0.047,-11.462,0.159,10.721,-0.12,13.66,3.23,-1.2,0.14,2.73,0.034,2.397,-0.026,15.219,-0.677,-17.958,,
2026-01-29 02:44:09.626,approach_unloader_to_place,-496.886,-118.085,1101.512,-179.706,-19.951,177.422,15.88,-21.391,-145.818,-136.496,-8.652,154.226,-0.108,-1.497,0.041,-10.112,0.135,9.198,-0.09,13.65,3.12,-1.1,0.06,2.34,0.046,2.36,-0.029,15.069,-0.628,-17.414,,
2026-01-29 02:44:09.727,approach_unloader_to_place,-496.937,-118.194,1100.767,-179.706,-19.904,177.582,15.874,-21.478,-145.816,-137.08,-8.646,154.656,-0.096,-1.341,0.036,-9.044,0.116,7.975,-0.18,13.77,3.14,-1.0,0.16,2.16,0.044,2.156,-0.028,13.783,-0.571,-15.995,,
2026-01-29 02:44:09.832,approach_unloader_to_place,-496.977,-118.286,1100.132,-179.711,-19.863,177.731,15.869,-21.552,-145.814,-137.576,-8.641,155.009,-0.085,-1.191,0.031,-8.023,0.098,6.863,0.01,13.69,3.05,-0.89,0.09,1.8,0.049,2.071,-0.029,13.288,-0.525,-15.176,,
2026-01-29 02:44:09.933,approach_unloader_to_place,-497.011,-118.368,1099.569,-179.718,-19.827,177.875,15.864,-21.618,-145.813,-138.015,-8.638,155.311,-0.075,-1.058,0.027,-7.116,0.083,5.901,-0.06,13.75,2.98,-0.8,0.05,1.57,0.05,1.947,-0.028,12.522,-0.48,-14.168,,
2026-01-29 02:44:10.036,approach_unloader_to_place,-497.038,-118.438,1099.088,-179.728,-19.796,178.007,15.861,-21.674,-145.812,-138.39,-8.635,155.559,-0.065,-0.934,0.024,-6.273,0.07,5.046,-0.18,13.79,3.04,-0.67,0.14,1.39,0.052,1.849,-0.028,11.921,-0.44,-13.286,,
2026-01-29 02:44:10.138,approach_unloader_to_place,-497.06,-118.498,1098.676,-179.738,-19.769,178.127,15.858,-21.722,-145.811,-138.709,-8.632,155.764,-0.057,-0.821,0.02,-5.504,0.059,4.297,0.02,13.87,2.88,-0.56,0.04,1.19,0.052,1.746,-0.027,11.274,-0.402,-12.389,,
2026-01-29 02:44:10.242,approach_unloader_to_place,-497.08,-118.553,1098.291,-179.75,-19.744,178.246,15.855,-21.767,-145.81,-139.008,-8.63,155.949,-0.05,-0.728,0.018,-4.875,0.049,3.686,-0.21,13.76,2.95,-0.53,0.1,1.07,0.049,1.602,-0.025,10.358,-0.365,-11.348,,
2026-01-29 02:44:10.344,approach_unloader_to_place,-497.099,-118.609,1097.905,-179.764,-19.719,178.372,15.852,-21.812,-145.809,-139.307,-8.628,156.128,-0.045,-0.658,0.016,-4.403,0.042,3.211,-0.1,13.75,3.0,-0.39,0.15,0.87,0.045,1.441,-0.023,9.323,-0.33,-10.28,,
2026-01-29 02:44:10.445,approach_unloader_to_place,-497.113,-118.653,1097.603,-179.777,-19.699,178.475,15.849,-21.847,-145.808,-139.54,-8.626,156.262,-0.039,-0.582,0.013,-3.886,0.035,2.745,-0.08,13.87,2.94,-0.34,0.05,0.77,0.047,1.395,-0.023,9.041,-0.302,-9.691,,
2026-01-29 02:44:10.546,approach_unloader_to_place,-497.126,-118.693,1097.322,-179.79,-19.681,178.576,15.847,-21.88,-145.807,-139.757,-8.625,156.383,-0.035,-0.518,0.012,-3.456,0.029,2.36,-0.03,13.9,2.93,-0.3,0.03,0.69,0.044,1.28,-0.021,8.306,-0.274,-8.863,,
2026-01-29 02:44:10.650,approach_unloader_to_place,-497.136,-118.728,1097.082,-179.803,-19.665,178.666,15.846,-21.908,-145.807,-139.942,-8.624,156.482,-0.03,-0.459,0.01,-3.054,0.025,2.018,-0.04,13.92,2.9,-0.28,-0.04,0.51,0.043,1.201,-0.02,7.796,-0.249,-8.191,,
2026-01-29 02:44:10.753,approach_unloader_to_place,-497.145,-118.758,1096.868,-179.815,-19.651,178.749,15.844,-21.933,-145.806,-140.106,-8.623,156.567,-0.027,-0.406,0.009,-2.702,0.02,1.727,-0.01,13.91,2.79,-0.21,-0.03,0.58,0.04,1.111,-0.019,7.218,-0.226,-7.51,,
2026-01-29 02:44:10.853,approach_unloader_to_place,-497.152,-118.784,1096.685,-179.827,-19.639,178.823,15.843,-21.954,-145.806,-140.247,-8.623,156.638,-0.023,-0.358,0.007,-2.378,0.017,1.471,0.06,13.98,2.93,-0.23,-0.01,0.39,0.039,1.036,-0.018,6.735,-0.205,-6.907,,
2026-01-29 02:44:10.957,approach_unloader_to_place,-497.16,-118.812,1096.493,-179.84,-19.626,178.902,15.841,-21.977,-145.806,-140.394,-8.622,156.709,-0.021,-0.324,0.007,-2.152,0.014,1.282,-0.0,13.91,2.81,-0.11,0.01,0.43,0.034,0.921,-0.016,5.994,-0.185,-6.209,,
2026-01-29 02:44:11.060,approach_unloader_to_place,-497.166,-118.834,1096.336,-179.851,-19.616,178.97,15.84,-21.995,-145.805,-140.514,-8.622,156.765,-0.019,-0.289,0.006,-1.914,0.012,1.101,-0.05,13.9,2.82,-0.02,0.03,0.34,0.033,0.871,-0.015,5.668,-0.168,-5.742,waypoint,
2026-01-29 02:44:11.162,place_on_unloader,-497.17,-118.852,1096.208,-179.861,-19.608,179.027,15.839,-22.01,-145.805,-140.612,-8.622,156.809,-0.016,-0.254,0.005,-1.68,0.01,0.936,-0.03,13.89,2.84,-0.02,-0.04,0.26,0.032,0.817,-0.014,5.321,-0.153,-5.286,,
2026-01-29 02:44:11.264,place_on_unloader,-497.174,-118.869,1096.088,-179.87,-19.6,179.081,15.838,-22.024,-145.805,-140.704,-8.621,156.849,-0.014,-0.225,0.004,-1.489,0.008,0.801,0.04,13.89,2.75,-0.05,-0.03,0.27,0.03,0.745,-0.013,4.853,-0.138,-4.8,,
2026-01-29 02:44:11.365,place_on_unloader,-497.178,-118.886,1095.972,-179.88,-19.592,179.135,15.838,-22.037,-145.805,-140.792,-8.621,156.886,-0.013,-0.203,0.004,-1.338,0.006,0.693,0.04,13.96,2.81,-0.09,0.03,0.22,0.027,0.675,-0.012,4.401,-0.124,-4.348,,
2026-01-29 02:44:11.468,place_on_unloader,-497.182,-118.9,1095.87,-179.889,-19.585,179.184,15.837,-22.049,-145.804,-140.87,-8.621,156.917,-0.011,-0.182,0.003,-1.198,0.005,0.599,-0.04,13.91,2.81,-0.02,-0.03,0.27,0.025,0.623,-0.011,4.065,-0.113,-3.969,,
2026-01-29 02:44:11.568,place_on_unloader,-497.185,-118.913,1095.779,-179.897,-19.58,179.228,15.836,-22.06,-145.804,-140.939,-8.621,156.944,-0.01,-0.163,0.003,-1.07,0.004,0.516,-0.04,13.91,2.76,0.03,-0.14,0.19,0.024,0.575,-0.01,3.75,-0.102,-3.619,,
2026-01-29 02:44:11.668,place_on_unloader,-497.187,-118.924,1095.702,-179.905,-19.575,179.267,15.836,-22.069,-145.804,-140.997,-8.621,156.966,-0.009,-0.144,0.002,-0.949,0.003,0.441,0.03,14.04,2.8,0.07,-0.02,0.09,0.022,0.533,-0.009,3.478,-0.092,-3.306,,
2026-01-29 02:44:11.770,place_on_unloader,-497.189,-118.934,1095.631,-179.912,-19.57,179.303,15.835,-22.077,-145.804,-141.051,-8.621,156.985,-0.008,-0.129,0.002,-0.846,0.003,0.379,-0.04,13.95,2.81,0.11,0.04,0.1,0.02,0.487,-0.009,3.176,-0.083,-3.0,,
2026-01-29 02:44:11.875,place_on_unloader,-497.19,-118.938,1095.603,-179.915,-19.568,179.318,15.835,-22.08,-145.804,-141.073,-8.621,156.992,-0.006,-0.105,0.002,-0.689,0.002,0.303,-0.01,13.97,2.82,0.11,0.09,0.06,0.021,0.487,-0.008,3.181,-0.075,-2.818,,
2026-01-29 02:44:11.978,place_on_unloader,-497.19,-118.941,1095.583,-179.917,-19.567,179.328,15.835,-22.083,-145.804,-141.088,-8.621,156.998,-0.005,-0.084,0.001,-0.554,0.002,0.24,-0.01,13.91,2.9,0.06,-0.02,0.12,0.02,0.449,-0.008,2.929,-0.068,-2.56,,
2026-01-29 02:44:12.079,place_on_unloader,-497.191,-118.946,1095.548,-179.92,-19.564,179.347,15.835,-22.087,-145.804,-141.114,-8.621,157.007,-0.004,-0.074,0.001,-0.482,0.001,0.203,-0.03,13.99,2.78,0.13,-0.05,0.1,0.017,0.386,-0.007,2.52,-0.061,-2.266,,
2026-01-29 02:44:12.180,place_on_unloader,-497.193,-118.953,1095.495,-179.926,-19.561,179.375,15.834,-22.093,-145.804,-141.154,-8.621,157.02,-0.004,-0.071,0.001,-0.462,0.001,0.185,-0.07,13.88,2.68,0.09,0.05,0.03,0.014,0.327,-0.006,2.133,-0.055,-1.998,,
2026-01-29 02:44:12.283,place_on_unloader,-497.194,-118.96,1095.448,-179.931,-19.558,179.4,15.834,-22.098,-145.804,-141.19,-8.621,157.031,-0.004,-0.066,0.001,-0.435,0.001,0.167,0.02,13.99,2.82,0.08,0.0,0.02,0.013,0.301,-0.005,1.967,-0.049,-1.818,,
2026-01-29 02:44:12.386,place_on_unloader,-497.195,-118.965,1095.407,-179.936,-19.555,179.423,15.834,-22.103,-145.804,-141.221,-8.621,157.04,-0.004,-0.062,0.001,-0.404,0.001,0.149,-0.02,13.97,2.7,0.22,0.02,-0.04,0.012,0.277,-0.005,1.812,-0.045,-1.653,,
2026-01-29 02:44:12.488,place_on_unloader,-497.196,-118.97,1095.372,-179.94,-19.553,179.443,15.833,-22.107,-145.804,-141.247,-8.621,157.048,-0.003,-0.057,0.001,-0.369,0.0,0.131,0.0,13.95,2.78,0.14,0.0,-0.02,0.011,0.257,-0.005,1.678,-0.04,-1.505,,
2026-01-29 02:44:12.588,place_on_unloader,-497.197,-118.975,1095.341,-179.944,-19.551,179.461,15.833,-22.111,-145.804,-141.271,-8.621,157.055,-0.003,-0.052,0.001,-0.336,0.0,0.115,0.01,13.92,2.77,0.09,0.0,0.0,0.01,0.236,-0.004,1.54,-0.036,-1.366,,
2026-01-29 02:44:12.693,place_on_unloader,-497.198,-118.979,1095.312,-179.947,-19.549,179.478,15.833,-22.114,-145.804,-141.293,-8.621,157.061,-0.003,-0.047,0.001,-0.306,0.0,0.101,0.09,13.95,2.71,0.1,-0.06,0.04,0.01,0.215,-0.004,1.404,-0.033,-1.237,,
2026-01-29 02:44:12.795,place_on_unloader,-497.198,-118.982,1095.285,-179.951,-19.547,179.493,15.833,-22.117,-145.804,-141.312,-8.621,157.066,-0.002,-0.043,0.0,-0.279,0.0,0.088,-0.04,13.92,2.79,0.15,-0.02,0.06,0.009,0.196,-0.003,1.282,-0.029,-1.12,,
2026-01-29 02:44:12.897,place_on_unloader,-497.199,-118.985,1095.264,-179.953,-19.546,179.506,15.833,-22.12,-145.804,-141.329,-8.621,157.07,-0.002,-0.038,0.0,-0.25,-0.0,0.076,0.02,13.93,2.71,0.19,-0.05,-0.06,0.008,0.182,-0.003,1.191,-0.026,-1.019,,
2026-01-29 02:44:12.999,place_on_unloader,-497.199,-118.988,1095.244,-179.956,-19.545,179.518,15.833,-22.122,-145.804,-141.343,-8.621,157.073,-0.002,-0.035,0.0,-0.225,-0.0,0.066,-0.0,13.98,2.84,0.2,-0.01,-0.02,0.008,0.166,-0.003,1.084,-0.024,-0.922,,
2026-01-29 02:44:13.101,place_on_unloader,-497.2,-118.99,1095.228,-179.958,-19.543,179.528,15.833,-22.124,-145.804,-141.356,-8.621,157.076,-0.002,-0.031,0.0,-0.199,-0.0,0.057,-0.03,13.95,2.87,0.13,0.02,-0.01,0.007,0.154,-0.003,1.003,-0.021,-0.837,,
2026-01-29 02:44:13.204,place_on_unloader,-497.2,-118.992,1095.213,-179.96,-19.542,179.537,15.832,-22.126,-145.804,-141.367,-8.621,157.079,-0.002,-0.027,0.0,-0.177,-0.0,0.049,0.05,13.92,2.73,0.17,-0.01,-0.03,0.006,0.14,-0.002,0.912,-0.019,-0.757,,
2026-01-29 02:44:13.306,place_on_unloader,-497.2,-118.994,1095.2,-179.962,-19.542,179.545,15.832,-22.127,-145.803,-141.377,-8.621,157.081,-0.001,-0.024,0.0,-0.157,-0.0,0.042,-0.03,13.99,2.79,0.1,-0.02,-0.02,0.006,0.128,-0.002,0.837,-0.017,-0.685,,
2026-01-29 02:44:13.507,place_on_unloader,-497.201,-118.997,1095.177,-179.965,-19.54,179.559,15.832,-22.13,-145.803,-141.394,-8.621,157.084,-0.001,-0.019,0.0,-0.126,-0.0,0.031,-0.06,13.96,2.74,0.16,-0.0,-0.02,0.005,0.107,-0.002,0.695,-0.014,-0.56,,
2026-01-29 02:44:13.712,place_on_unloader,-497.201,-119.0,1095.159,-179.968,-19.539,179.571,15.832,-22.132,-145.803,-141.407,-8.621,157.087,-0.001,-0.015,0.0,-0.099,-0.0,0.023,0.03,13.98,2.74,0.13,-0.01,0.01,0.004,0.089,-0.001,0.581,-0.011,-0.458,,
2026-01-29 02:44:14.016,place_on_unloader,-497.201,-119.002,1095.139,-179.971,-19.538,179.584,15.832,-22.134,-145.803,-141.422,-8.621,157.089,-0.001,-0.011,0.0,-0.07,-0.0,0.014,-0.01,13.98,2.73,0.18,-0.07,0.01,0.003,0.067,-0.001,0.439,-0.008,-0.338,,
2026-01-29 02:44:14.219,place_on_unloader,-497.201,-119.004,1095.13,-179.972,-19.537,179.59,15.832,-22.135,-145.803,-141.429,-8.621,157.09,-0.0,-0.009,0.0,-0.055,-0.0,0.01,0.04,13.92,2.79,0.19,0.02,0.02,0.003,0.056,-0.001,0.364,-0.007,-0.275,,
2026-01-29 02:44:14.425,place_on_unloader,-497.202,-119.005,1095.122,-179.973,-19.537,179.596,15.832,-22.136,-145.803,-141.435,-8.621,157.091,-0.0,-0.007,0.0,-0.044,-0.0,0.008,0.04,14.05,2.78,0.08,0.04,0.07,0.002,0.046,-0.001,0.301,-0.005,-0.224,,
2026-01-29 02:44:14.729,place_on_unloader,-497.202,-119.006,1095.113,-179.975,-19.536,179.601,15.832,-22.137,-145.803,-141.441,-8.621,157.092,-0.0,-0.005,0.0,-0.03,-0.0,0.005,0.08,14.0,2.73,0.18,-0.09,-0.06,0.002,0.035,-0.001,0.228,-0.004,-0.165,,
2026-01-29 02:44:14.930,place_on_unloader,-497.202,-119.007,1095.109,-179.975,-19.536,179.604,15.832,-22.138,-145.803,-141.444,-8.621,157.092,-0.0,-0.004,0.0,-0.024,-0.0,0.003,0.02,13.98,2.7,0.2,0.02,-0.06,0.001,0.029,-0.0,0.188,-0.003,-0.134,,
2026-01-29 02:44:15.132,place_on_unloader,-497.202,-119.007,1095.106,-179.976,-19.536,179.606,15.832,-22.138,-145.803,-141.447,-8.621,157.093,-0.0,-0.003,0.0,-0.018,-0.0,0.002,-0.03,14.02,2.8,0.11,-0.11,-0.06,0.001,0.024,-0.0,0.156,-0.003,-0.109,,
2026-01-29 02:44:15.437,place_on_unloader,-497.202,-119.008,1095.102,-179.977,-19.535,179.609,15.832,-22.138,-145.803,-141.449,-8.621,157.093,-0.0,-0.002,0.0,-0.013,-0.0,0.002,-0.03,14.04,2.75,0.11,0.02,0.02,0.001,0.018,-0.0,0.116,-0.002,-0.08,,
2026-01-29 02:44:15.540,place_to_retreat_unloader,-497.433,-118.895,1096.73,-179.761,-19.671,178.78,15.836,-21.957,-145.79,-140.602,-8.621,157.022,0.011,0.452,0.035,2.108,-0.001,-0.176,-5.21,33.09,6.47,3.73,-0.04,-0.32,0.043,1.83,0.138,8.582,-0.005,-0.782,,
2026-01-29 02:44:15.641,place_to_retreat_unloader,-496.963,-117.566,1113.643,-177.895,-20.771,170.866,16.015,-20.006,-145.788,-129.43,-8.768,153.339,0.455,5.216,0.031,29.512,-0.368,-9.34,-4.07,29.08,5.55,5.52,-0.47,-3.02,1.783,19.345,0.006,110.979,-1.469,-36.824,,
2026-01-29 02:44:15.745,place_to_retreat_unloader,-495.215,-116.092,1129.41,-177.463,-21.709,167.44,16.206,-18.156,-145.815,-118.445,-9.123,145.584,0.819,8.538,-0.045,49.596,-1.164,-26.391,-3.11,25.63,4.82,6.73,-0.76,-6.51,1.73,16.401,-0.289,98.003,-3.407,-73.859,,
2026-01-29 02:44:15.846,place_to_retreat_unloader,-492.467,-114.58,1144.344,-178.128,-22.495,167.107,16.398,-16.369,-145.848,-107.716,-9.607,135.192,1.093,10.871,-0.118,64.019,-2.082,-45.775,-2.29,22.96,4.44,7.52,-1.21,-9.75,1.562,14.131,-0.32,85.645,-4.349,-92.853,,
2026-01-29 02:44:15.951,place_to_retreat_unloader,-489.135,-113.32,1157.238,-179.361,-22.95,168.549,16.572,-14.789,-145.88,-98.168,-10.108,124.347,1.255,12.103,-0.167,71.884,-2.814,-61.444,-1.66,20.57,4.17,7.86,-1.52,-12.22,1.23,10.645,-0.268,65.271,-4.088,-88.089,,
2026-01-29 02:44:16.053,place_to_retreat_unloader,-485.642,-112.422,1167.946,179.326,-23.072,170.622,16.722,-13.445,-145.906,-90.019,-10.565,114.325,1.318,12.437,-0.191,74.286,-3.253,-71.136,-1.2,18.63,4.15,8.08,-1.7,-14.11,0.87,7.219,-0.191,44.758,-3.241,-71.045,,
2026-01-29 02:44:16.156,place_to_retreat_unloader,-482.06,-111.839,1177.247,178.12,-22.951,172.836,16.857,-12.252,-145.929,-82.771,-10.982,105.07,1.325,12.311,-0.2,73.836,-3.483,-76.491,-0.88,17.12,4.24,7.81,-1.9,-15.18,0.624,4.993,-0.134,31.273,-2.519,-56.285,,
2026-01-29 02:44:16.256,place_to_retreat_unloader,-478.532,-111.541,1185.343,177.132,-22.672,174.922,16.976,-11.192,-145.948,-76.332,-11.355,96.732,1.292,11.882,-0.198,71.474,-3.545,-78.211,-0.5,15.64,4.09,7.49,-1.92,-15.5,0.413,3.157,-0.086,20.048,-1.823,-41.47,,
2026-01-29 02:44:16.360,place_to_retreat_unloader,-475.152,-111.48,1192.407,176.391,-22.313,176.755,17.082,-10.252,-145.964,-70.618,-11.685,89.342,1.234,11.263,-0.189,67.891,-3.482,-77.133,-0.25,14.62,4.34,7.13,-1.8,-15.47,0.234,1.653,-0.049,10.801,-1.204,-27.852,,
2026-01-29 02:44:16.460,place_to_retreat_unloader,-472.107,-111.597,1198.347,175.9,-21.946,178.239,17.172,-9.449,-145.978,-65.748,-11.962,83.114,1.15,10.453,-0.176,63.092,-3.305,-73.421,-0.08,13.53,4.39,6.8,-1.78,-15.06,0.05,0.104,-0.016,1.27,-0.565,-13.45,,
2026-01-29 02:44:16.563,place_to_retreat_unloader,-469.16,-111.854,1203.798,175.586,-21.576,179.504,17.255,-8.704,-145.99,-61.232,-12.215,77.438,1.069,9.703,-0.163,58.61,-3.112,-69.257,0.03,12.69,4.62,6.27,-1.71,-14.29,-0.026,-0.479,-0.003,-2.385,-0.269,-6.585,,
2026-01-29 02:44:16.666,place_to_retreat_unloader,-466.46,-112.207,1208.591,175.435,-21.239,-179.495,17.327,-8.043,-146.001,-57.228,-12.436,72.519,0.984,8.931,-0.149,53.966,-2.886,-64.239,0.09,12.04,4.73,5.83,-1.63,-13.46,-0.123,-1.267,0.012,-7.277,0.086,1.651,,
2026-01-29 02:44:16.770,place_to_retreat_unloader,-464.008,-112.622,1212.812,175.412,-20.943,-178.725,17.391,-7.455,-146.011,-53.68,-12.628,68.272,0.898,8.167,-0.136,49.345,-2.644,-58.797,0.21,11.43,4.95,5.19,-1.53,-12.56,-0.198,-1.883,0.023,-11.104,0.368,8.202,,
2026-01-29 02:44:16.872,place_to_retreat_unloader,-461.792,-113.071,1216.537,175.483,-20.691,-178.151,17.448,-6.934,-146.02,-50.536,-12.794,64.614,0.814,7.428,-0.124,44.869,-2.398,-53.242,0.22,10.94,5.02,4.79,-1.43,-11.51,-0.256,-2.354,0.03,-14.033,0.586,13.273,,
2026-01-29 02:44:16.975,place_to_retreat_unloader,-459.879,-113.515,1219.699,175.616,-20.488,-177.756,17.495,-6.489,-146.027,-47.86,-12.932,61.591,0.729,6.683,-0.112,40.343,-2.144,-47.49,0.25,10.46,5.0,4.38,-1.25,-10.49,-0.318,-2.886,0.038,-17.306,0.807,18.292,,
2026-01-29 02:44:17.077,place_to_retreat_unloader,-458.086,-113.978,1222.625,175.801,-20.313,-177.476,17.539,-6.076,-146.034,-45.379,-13.057,58.873,0.656,6.045,-0.102,36.459,-1.92,-42.412,0.18,10.05,5.24,3.91,-1.12,-9.56,-0.324,-2.914,0.038,-17.53,0.859,19.518,,
2026-01-29 02:44:17.180,place_to_retreat_unloader,-456.547,-114.41,1225.114,176.009,-20.175,-177.311,17.576,-5.724,-146.041,-43.267,-13.16,56.632,0.584,5.414,-0.092,32.624,-1.699,-37.412,0.19,9.72,5.21,3.55,-1.15,-8.55,-0.36,-3.23,0.043,-19.468,0.987,22.33,,
2026-01-29 02:44:17.283,place_to_retreat_unloader,-455.111,-114.843,1227.421,176.244,-20.057,-177.225,17.61,-5.397,-146.047,-41.309,-13.254,54.62,0.523,4.878,-0.085,29.362,-1.507,-33.088,0.24,9.38,5.26,3.21,-1.0,-7.59,-0.353,-3.158,0.041,-19.064,0.99,22.393,,
2026-01-29 02:44:17.386,place_to_retreat_unloader,-453.882,-115.236,1229.385,176.478,-19.965,-177.208,17.638,-5.118,-146.052,-39.643,-13.331,52.963,0.464,4.356,-0.077,26.188,-1.323,-28.959,0.23,9.21,5.32,2.66,-0.77,-6.82,-0.37,-3.324,0.044,-20.07,1.053,23.699,,
2026-01-29 02:44:17.487,place_to_retreat_unloader,-452.739,-115.62,1231.208,176.724,-19.887,-177.244,17.665,-4.859,-146.057,-38.098,-13.4,51.477,0.414,3.915,-0.071,23.503,-1.166,-25.435,0.12,8.97,5.25,2.52,-0.67,-6.11,-0.356,-3.19,0.042,-19.279,1.025,23.039,,
2026-01-29 02:44:17.591,place_to_retreat_unloader,-451.723,-115.975,1232.825,176.967,-19.825,-177.32,17.688,-4.629,-146.062,-36.729,-13.46,50.204,0.369,3.511,-0.065,21.049,-1.023,-22.258,0.16,8.7,5.44,2.23,-0.61,-5.28,-0.352,-3.162,0.042,-19.11,1.021,22.87,,
2026-01-29 02:44:17.691,place_to_retreat_unloader,-450.821,-116.303,1234.26,177.203,-19.774,-177.428,17.709,-4.425,-146.067,-35.516,-13.511,49.114,0.328,3.144,-0.06,18.819,-0.895,-19.418,0.16,8.53,5.44,1.82,-0.61,-4.89,-0.344,-3.104,0.041,-18.758,1.004,22.414,,
2026-01-29 02:44:17.792,place_to_retreat_unloader,-450.02,-116.603,1235.533,177.43,-19.733,-177.556,17.727,-4.243,-146.071,-34.441,-13.554,48.182,0.291,2.811,-0.055,16.802,-0.781,-16.895,0.15,8.27,5.49,1.59,-0.44,-4.16,-0.334,-3.022,0.041,-18.263,0.977,21.742,,
2026-01-29 02:44:17.896,place_to_retreat_unloader,-449.281,-116.888,1236.708,177.654,-19.698,-177.706,17.743,-4.076,-146.075,-33.451,-13.593,47.353,0.26,2.527,-0.051,15.076,-0.683,-14.744,0.19,8.31,5.57,1.45,-0.35,-3.67,-0.316,-2.861,0.038,-17.287,0.928,20.605,,
2026-01-29 02:44:17.999,place_to_retreat_unloader,-448.654,-117.135,1237.706,177.857,-19.671,-177.858,17.757,-3.934,-146.078,-32.611,-13.625,46.674,0.23,2.25,-0.047,13.407,-0.591,-12.755,0.15,8.08,5.6,1.19,-0.42,-3.22,-0.31,-2.825,0.039,-17.057,0.906,20.047,,
2026-01-29 02:44:18.102,place_to_retreat_unloader,-448.098,-117.359,1238.593,178.047,-19.649,-178.015,17.769,-3.808,-146.081,-31.867,-13.652,46.093,0.203,2.003,-0.043,11.917,-0.511,-11.018,0.08,7.93,5.52,1.11,-0.28,-2.76,-0.296,-2.702,0.038,-16.306,0.861,19.021,,
2026-01-29 02:44:18.207,place_to_retreat_unloader,-447.604,-117.561,1239.38,178.223,-19.631,-178.172,17.78,-3.695,-146.084,-31.207,-13.675,45.596,0.179,1.783,-0.039,10.587,-0.442,-9.506,0.12,7.94,5.56,0.91,-0.4,-2.45,-0.281,-2.574,0.037,-15.522,0.815,17.958,,
2026-01-29 02:44:18.307,place_to_retreat_unloader,-447.167,-117.743,1240.079,178.387,-19.616,-178.328,17.79,-3.596,-146.087,-30.622,-13.695,45.171,0.159,1.586,-0.036,9.403,-0.381,-8.192,0.05,7.86,5.53,0.85,-0.33,-2.05,-0.265,-2.442,0.036,-14.719,0.767,16.88,,
2026-01-29 02:44:18.409,place_to_retreat_unloader,-446.794,-117.901,1240.675,178.532,-19.604,-178.473,17.798,-3.511,-146.089,-30.124,-13.711,44.821,0.139,1.402,-0.033,8.297,-0.326,-7.019,0.06,7.82,5.65,0.62,-0.16,-1.88,-0.253,-2.344,0.035,-14.116,0.726,15.947,,
2026-01-29 02:44:18.513,place_to_retreat_unloader,-446.435,-118.054,1241.251,178.677,-19.593,-178.625,17.806,-3.429,-146.091,-29.644,-13.726,44.496,0.124,1.256,-0.03,7.423,-0.282,-6.077,0.01,7.74,5.61,0.53,-0.16,-1.62,-0.231,-2.139,0.032,-12.885,0.665,14.597,,
2026-01-29 02:44:18.616,place_to_retreat_unloader,-446.142,-118.18,1241.721,178.8,-19.584,-178.759,17.812,-3.362,-146.093,-29.253,-13.738,44.24,0.109,1.109,-0.028,6.546,-0.241,-5.198,0.05,7.69,5.6,0.4,-0.17,-1.4,-0.223,-2.075,0.033,-12.483,0.631,13.83,,
2026-01-29 02:44:18.720,place_to_retreat_unloader,-445.86,-118.303,1242.175,178.922,-19.577,-178.897,17.818,-3.298,-146.095,-28.875,-13.749,44.002,0.097,0.993,-0.025,5.852,-0.208,-4.493,0.07,7.64,5.65,0.37,-0.12,-1.2,-0.203,-1.891,0.029,-11.376,0.577,12.627,,
2026-01-29 02:44:18.823,place_to_retreat_unloader,-445.629,-118.404,1242.545,179.024,-19.571,-179.017,17.823,-3.245,-146.097,-28.568,-13.758,43.815,0.085,0.877,-0.023,5.158,-0.177,-3.838,0.1,7.54,5.69,0.23,-0.14,-1.03,-0.194,-1.82,0.03,-10.935,0.543,11.871,,
2026-01-29 02:44:18.924,place_to_retreat_unloader,-445.416,-118.498,1242.889,179.122,-19.566,-179.134,17.828,-3.196,-146.098,-28.283,-13.765,43.647,0.075,0.78,-0.021,4.582,-0.152,-3.297,0.01,7.48,5.72,0.15,-0.11,-0.91,-0.179,-1.676,0.027,-10.064,0.498,10.88,,
2026-01-29 02:44:19.027,place_to_retreat_unloader,-445.234,-118.579,1243.183,179.207,-19.562,-179.239,17.832,-3.154,-146.1,-28.04,-13.772,43.509,0.066,0.69,-0.019,4.044,-0.13,-2.818,0.06,7.47,5.66,0.11,-0.1,-0.79,-0.168,-1.58,0.027,-9.481,0.462,10.09,,
2026-01-29 02:44:19.127,place_to_retreat_unloader,-445.072,-118.652,1243.445,179.285,-19.558,-179.338,17.835,-3.117,-146.101,-27.823,-13.777,43.391,0.058,0.61,-0.017,3.574,-0.111,-2.41,0.21,7.46,5.71,-0.02,-0.1,-0.63,-0.155,-1.467,0.025,-8.797,0.425,9.273,,
2026-01-29 02:44:19.230,place_to_retreat_unloader,-444.927,-118.717,1243.679,179.356,-19.555,-179.429,17.838,-3.084,-146.102,-27.63,-13.781,43.289,0.051,0.541,-0.016,3.163,-0.094,-2.063,-0.06,7.42,5.68,0.01,0.05,-0.49,-0.144,-1.361,0.024,-8.153,0.39,8.511,,
2026-01-29 02:44:19.334,place_to_retreat_unloader,-444.793,-118.777,1243.896,179.423,-19.552,-179.517,17.841,-3.053,-146.103,-27.451,-13.786,43.197,0.046,0.483,-0.014,2.82,-0.081,-1.776,0.05,7.26,5.7,-0.07,0.09,-0.62,-0.131,-1.248,0.022,-7.478,0.356,7.767,,
2026-01-29 02:44:19.439,place_to_retreat_unloader,-444.674,-118.831,1244.089,179.484,-19.55,-179.598,17.844,-3.025,-146.104,-27.292,-13.789,43.119,0.04,0.431,-0.013,2.512,-0.069,-1.527,-0.04,7.36,5.65,-0.13,-0.06,-0.34,-0.122,-1.158,0.021,-6.933,0.327,7.123,,
2026-01-29 02:44:19.539,place_to_retreat_unloader,-444.568,-118.879,1244.26,179.538,-19.548,-179.673,17.846,-3.001,-146.105,-27.152,-13.792,43.052,0.036,0.384,-0.012,2.236,-0.059,-1.312,0.09,7.27,5.58,-0.13,-0.05,-0.37,-0.112,-1.073,0.02,-6.419,0.299,6.524,,
2026-01-29 02:44:19.639,place_to_retreat_unloader,-444.482,-118.918,1244.4,179.584,-19.546,-179.736,17.848,-2.981,-146.105,-27.037,-13.794,43.0,0.031,0.338,-0.011,1.964,-0.05,-1.116,0.01,7.37,5.81,-0.19,-0.04,-0.33,-0.105,-1.01,0.019,-6.035,0.276,6.013,,
2026-01-29 02:44:19.741,place_to_retreat_unloader,-444.398,-118.956,1244.536,179.629,-19.545,-179.799,17.849,-2.961,-146.106,-26.925,-13.796,42.95,0.028,0.302,-0.01,1.753,-0.043,-0.961,0.1,7.31,5.67,-0.07,0.04,-0.25,-0.095,-0.914,0.017,-5.463,0.25,5.444,waypoint,
2026-01-29 02:44:19.842,retreat_unloader_to_end,-449.656,-107.0,1265.874,-179.537,-21.088,177.32,16.259,-0.84,-145.431,-25.191,-14.91,42.177,-3.955,5.53,1.681,5.648,-2.817,-2.654,-0.1,6.97,5.64,0.34,-3.22,-1.18,-16.006,20.199,6.775,11.298,-10.895,-2.341,,
2026-01-29 02:44:19.945,retreat_unloader_to_end,-451.358,-87.595,1294.908,179.828,-21.4,174.904,14.077,2.1,-144.454,-22.538,-18.728,39.396,-8.42,11.498,3.703,10.871,-11.657,-8.942,-0.19,6.3,5.82,0.72,-7.78,-2.24,-20.32,26.364,9.114,19.375,-36.841,-22.176,,
2026-01-29 02:44:20.046,retreat_unloader_to_end,-448.291,-70.711,1318.315,178.373,-20.409,174.084,12.303,4.508,-143.636,-20.261,-23.187,35.942,-10.752,14.642,4.823,13.844,-19.89,-15.341,-0.19,5.77,6.05,0.92,-12.14,-3.67,-14.218,18.402,6.615,13.661,-39.567,-26.692,,
2026-01-29 02:44:20.147,retreat_unloader_to_end,-442.21,-55.066,1340.117,176.783,-18.674,173.985,10.647,6.761,-142.86,-18.076,-28.032,32.003,-12.203,16.614,5.555,15.847,-27.029,-21.355,-0.29,5.13,6.26,1.1,-15.62,-4.73,-11.605,15.014,5.526,11.388,-39.473,-28.881,,
2026-01-29 02:44:20.251,retreat_unloader_to_end,-434.128,-41.195,1360.411,175.441,-16.523,174.291,9.11,8.853,-142.135,-16.015,-32.875,27.91,-12.993,17.693,5.981,17.036,-32.38,-26.248,-0.25,4.62,6.58,1.13,-17.92,-5.5,-9.252,11.914,4.476,8.994,-35.509,-27.526,,
2026-01-29 02:44:20.352,retreat_unloader_to_end,-425.257,-29.683,1378.518,174.534,-14.312,174.783,7.746,10.712,-141.488,-14.174,-37.314,24.051,-13.155,17.915,6.102,17.38,-35.382,-29.333,-0.38,3.85,6.94,1.29,-19.24,-6.04,-6.604,8.377,3.237,5.905,-27.913,-22.429,,
2026-01-29 02:44:20.454,retreat_unloader_to_end,-416.604,-20.578,1394.045,174.046,-12.299,175.321,6.582,12.297,-140.936,-12.602,-41.13,20.671,-12.776,17.399,5.956,16.967,-36.077,-30.449,-0.21,3.3,7.2,1.23,-19.67,-6.28,-3.942,4.806,1.967,2.63,-18.897,-15.4,,
2026-01-29 02:44:20.557,retreat_unloader_to_end,-407.792,-12.762,1408.534,173.858,-10.393,175.892,5.501,13.769,-140.424,-11.143,-44.656,17.512,-12.286,16.73,5.747,16.371,-35.874,-30.734,-0.27,2.81,7.47,1.02,-19.62,-6.27,-2.724,3.197,1.374,1.226,-14.107,-11.65,,
2026-01-29 02:44:20.658,retreat_unloader_to_end,-399.764,-6.6,1420.937,173.906,-8.788,176.419,4.578,15.025,-139.988,-9.903,-47.625,14.837,-11.522,15.686,5.401,15.379,-34.328,-29.739,-0.21,2.18,7.6,0.96,-19.14,-6.21,-0.866,0.712,0.476,-1.08,-7.125,-5.651,,
2026-01-29 02:44:20.758,retreat_unloader_to_end,-391.939,-1.298,1432.487,174.12,-7.347,176.932,3.72,16.191,-139.584,-8.755,-50.335,12.392,-10.785,14.681,5.062,14.403,-32.52,-28.418,-0.2,1.8,7.88,0.79,-18.21,-5.93,-0.125,-0.253,0.11,-1.9,-3.818,-2.784,,
2026-01-29 02:44:20.861,retreat_unloader_to_end,-385.018,2.904,1442.352,174.425,-6.177,177.38,2.989,17.186,-139.24,-7.781,-52.599,10.352,-9.918,13.497,4.657,13.239,-30.051,-26.413,-0.2,1.21,8.07,0.79,-17.18,-5.67,1.146,-1.942,-0.503,-3.44,1.017,1.548,,
2026-01-29 02:44:20.962,retreat_unloader_to_end,-378.411,6.545,1451.522,174.805,-5.153,177.797,2.309,18.11,-138.921,-6.88,-54.656,8.506,-9.138,12.433,4.29,12.182,-27.68,-24.424,-0.1,0.82,8.24,0.54,-15.99,-5.18,1.55,-2.456,-0.705,-3.829,2.99,3.337,,
2026-01-29 02:44:21.063,retreat_unloader_to_end,-372.42,9.571,1459.663,175.214,-4.306,178.164,1.705,18.93,-138.638,-6.083,-56.439,6.916,-8.363,11.376,3.923,11.128,-25.219,-22.294,-0.23,0.38,8.46,0.51,-14.75,-4.87,2.156,-3.246,-0.999,-4.492,5.427,5.554,,
2026-01-29 02:44:21.165,retreat_unloader_to_end,-367.015,12.097,1466.887,175.629,-3.61,178.481,1.169,19.659,-138.388,-5.379,-57.984,5.548,-7.612,10.353,3.568,10.106,-22.776,-20.14,-0.22,0.07,8.61,0.41,-13.47,-4.38,2.617,-3.841,-1.221,-4.966,7.267,7.223,,
2026-01-29 02:44:21.269,retreat_unloader_to_end,-362.159,14.216,1473.294,176.035,-3.04,178.753,0.693,20.305,-138.166,-4.756,-59.322,4.373,-6.899,9.382,3.23,9.137,-20.427,-18.043,-0.09,-0.22,8.69,0.27,-12.12,-4.03,2.956,-4.273,-1.385,-5.284,8.61,8.43,,
2026-01-29 02:44:21.371,retreat_unloader_to_end,-357.638,16.069,1479.197,176.437,-2.56,178.991,0.254,20.902,-137.962,-4.184,-60.526,3.325,-6.273,8.529,2.933,8.283,-18.329,-16.151,-0.14,-0.61,8.93,0.13,-11.05,-3.65,3.028,-4.346,-1.422,-5.26,9.097,8.864,,
2026-01-29 02:44:21.472,retreat_unloader_to_end,-353.771,17.57,1484.209,176.799,-2.188,179.181,-0.12,21.41,-137.789,-3.699,-61.523,2.465,-5.638,7.665,2.633,7.424,-16.239,-14.263,-0.06,-0.81,8.9,0.05,-9.91,-3.3,3.383,-4.805,-1.589,-5.61,10.25,9.854,,
2026-01-29 02:44:21.575,retreat_unloader_to_end,-350.189,18.894,1488.825,177.147,-1.877,179.343,-0.464,21.878,-137.629,-3.253,-62.419,1.7,-5.09,6.919,2.373,6.683,-14.42,-12.611,-0.06,-0.98,9.0,-0.1,-8.87,-2.83,3.334,-4.717,-1.567,-5.439,10.231,9.81,,
2026-01-29 02:44:21.677,retreat_unloader_to_end,-347.137,19.976,1492.743,177.451,-1.64,179.47,-0.757,22.276,-137.494,-2.875,-63.162,1.072,-4.55,6.185,2.118,5.956,-12.672,-11.029,-0.08,-1.24,9.13,-0.16,-7.85,-2.48,3.516,-4.946,-1.652,-5.575,10.745,10.204,,
2026-01-29 02:44:21.778,retreat_unloader_to_end,-344.426,20.904,1496.216,177.728,-1.45,179.571,-1.017,22.63,-137.374,-2.541,-63.805,0.533,-4.063,5.523,1.889,5.303,-11.111,-9.618,-0.1,-1.63,9.18,-0.19,-6.96,-2.22,3.493,-4.898,-1.64,-5.452,10.668,10.079,,
2026-01-29 02:44:21.883,retreat_unloader_to_end,-341.926,21.732,1499.414,177.989,-1.295,179.654,-1.257,22.956,-137.263,-2.234,-64.383,0.054,-3.647,4.957,1.693,4.746,-9.779,-8.412,-0.04,-1.67,9.26,-0.33,-6.13,-1.96,3.345,-4.681,-1.571,-5.174,10.25,9.662,,
2026-01-29 02:44:21.985,retreat_unloader_to_end,-339.804,22.417,1502.13,178.213,-1.179,179.716,-1.461,23.233,-137.17,-1.973,-64.862,-0.34,-3.245,4.412,1.504,4.212,-8.531,-7.292,0.0,-1.81,9.23,-0.3,-5.48,-1.68,3.37,-4.701,-1.581,-5.125,10.216,9.558,,
2026-01-29 02:44:22.087,retreat_unloader_to_end,-337.925,23.01,1504.537,178.414,-1.088,179.762,-1.643,23.48,-137.086,-1.742,-65.276,-0.677,-2.887,3.924,1.336,3.736,-7.435,-6.312,-0.09,-1.95,9.3,-0.34,-4.81,-1.59,3.262,-4.542,-1.529,-4.911,9.837,9.163,,
2026-01-29 02:44:22.189,retreat_unloader_to_end,-336.197,23.545,1506.754,178.601,-1.017,179.798,-1.81,23.707,-137.01,-1.529,-65.649,-0.977,-2.583,3.511,1.194,3.333,-6.508,-5.485,-0.01,-2.15,9.47,-0.39,-4.24,-1.36,3.076,-4.278,-1.442,-4.604,9.272,8.616,,
2026-01-29 02:44:22.292,retreat_unloader_to_end,-334.677,24.008,1508.71,178.767,-0.964,179.822,-1.957,23.908,-136.942,-1.342,-65.97,-1.233,-2.306,3.136,1.064,2.968,-5.684,-4.753,-0.12,-2.2,9.34,-0.54,-3.76,-1.22,2.963,-4.115,-1.388,-4.396,8.864,8.199,,
2026-01-29 02:44:22.395,retreat_unloader_to_end,-333.34,24.41,1510.436,178.914,-0.925,179.837,-2.088,24.085,-136.883,-1.177,-66.246,-1.451,-2.056,2.795,0.947,2.639,-4.953,-4.11,-0.08,-2.23,9.42,-0.49,-3.14,-0.96,2.839,-3.937,-1.329,-4.178,8.425,7.758,,
2026-01-29 02:44:22.497,retreat_unloader_to_end,-332.209,24.746,1511.902,179.04,-0.899,179.845,-2.199,24.236,-136.832,-1.037,-66.475,-1.63,-1.819,2.474,0.837,2.329,-4.287,-3.529,0.08,-2.37,9.45,-0.5,-2.83,-0.85,2.75,-3.809,-1.286,-4.011,8.056,7.373,,
2026-01-29 02:44:22.598,retreat_unloader_to_end,-331.211,25.042,1513.202,179.151,-0.881,179.847,-2.297,24.37,-136.787,-0.913,-66.673,-1.783,-1.611,2.19,0.74,2.057,-3.71,-3.03,-0.08,-2.5,9.53,-0.64,-2.52,-0.8,2.6,-3.597,-1.215,-3.77,7.557,6.891,,
2026-01-29 02:44:22.700,retreat_unloader_to_end,-330.329,25.301,1514.355,179.25,-0.871,179.845,-2.385,24.489,-136.747,-0.803,-66.845,-1.914,-1.427,1.94,0.655,1.817,-3.212,-2.601,0.06,-2.48,9.51,-0.6,-2.26,-0.72,2.45,-3.388,-1.144,-3.534,7.067,6.42,,
2026-01-29 02:44:22.801,retreat_unloader_to_end,-329.521,25.538,1515.418,179.342,-0.865,179.84,-2.465,24.599,-136.71,-0.702,-66.999,-2.031,-1.272,1.729,0.583,1.616,-2.794,-2.244,-0.01,-2.6,9.55,-0.71,-1.91,-0.55,2.273,-3.141,-1.061,-3.268,6.533,5.922,,
2026-01-29 02:44:22.904,retreat_unloader_to_end,-328.838,25.738,1516.321,179.42,-0.864,179.833,-2.534,24.692,-136.679,-0.616,-67.127,-2.127,-1.125,1.53,0.515,1.427,-2.415,-1.923,-0.02,-2.72,9.56,-0.63,-1.69,-0.56,2.166,-2.991,-1.01,-3.094,6.144,5.54,,
2026-01-29 02:44:23.007,retreat_unloader_to_end,-328.212,25.921,1517.153,179.491,-0.866,179.824,-2.597,24.778,-136.65,-0.537,-67.242,-2.213,-1.002,1.363,0.458,1.268,-2.099,-1.656,0.06,-2.72,9.64,-0.81,-1.49,-0.44,2.003,-2.764,-0.933,-2.853,5.659,5.091,,
2026-01-29 02:44:23.108,retreat_unloader_to_end,-327.683,26.076,1517.86,179.552,-0.87,179.813,-2.651,24.851,-136.626,-0.47,-67.337,-2.283,-0.886,1.205,0.405,1.118,-1.812,-1.418,0.08,-2.64,9.54,-0.72,-1.26,-0.39,1.897,-2.617,-0.883,-2.687,5.29,4.735,waypoint,
2026-01-29 02:44:23.212,home_end,-327.217,26.212,1518.487,179.606,-0.876,179.802,-2.699,24.916,-136.604,-0.41,-67.42,-2.343,-0.784,1.067,0.358,0.987,-1.566,-1.214,-0.15,-2.82,9.64,-0.7,-1.08,-0.29,1.768,-2.437,-0.823,-2.495,4.888,4.362,,
2026-01-29 02:44:23.312,home_end,-326.789,26.338,1519.066,179.655,-0.884,179.791,-2.743,24.976,-136.584,-0.356,-67.494,-2.397,-0.698,0.95,0.318,0.877,-1.36,-1.044,-0.05,-2.89,9.72,-0.82,-0.92,-0.35,1.628,-2.244,-0.757,-2.292,4.483,3.992,,
2026-01-29 02:44:23.413,home_end,-326.415,26.449,1519.577,179.699,-0.893,179.779,-2.782,25.029,-136.567,-0.307,-67.558,-2.443,-0.621,0.845,0.283,0.779,-1.179,-0.898,-0.11,-2.85,9.61,-0.9,-0.76,-0.32,1.517,-2.089,-0.705,-2.128,4.138,3.672,,
2026-01-29 02:44:23.514,home_end,-326.098,26.543,1520.011,179.736,-0.901,179.767,-2.815,25.074,-136.552,-0.266,-67.611,-2.48,-0.548,0.746,0.249,0.687,-1.017,-0.767,0.03,-2.87,9.55,-0.79,-0.74,-0.24,1.423,-1.959,-0.661,-1.988,3.833,3.387,,
2026-01-29 02:44:23.615,home_end,-325.83,26.623,1520.381,179.768,-0.91,179.756,-2.843,25.113,-136.539,-0.232,-67.655,-2.511,-0.482,0.656,0.219,0.602,-0.873,-0.652,0.05,-2.79,9.63,-0.81,-0.61,-0.21,1.33,-1.83,-0.617,-1.85,3.539,3.114,,
2026-01-29 02:44:23.716,home_end,-325.592,26.694,1520.711,179.796,-0.918,179.746,-2.868,25.147,-136.528,-0.2,-67.693,-2.538,-0.424,0.578,0.193,0.529,-0.75,-0.556,-0.05,-2.94,9.56,-0.8,-0.51,-0.09,1.227,-1.688,-0.569,-1.703,3.242,2.845,,
2026-01-29 02:44:23.819,home_end,-325.373,26.76,1521.017,179.822,-0.927,179.735,-2.892,25.179,-136.517,-0.172,-67.728,-2.562,-0.377,0.513,0.171,0.469,-0.65,-0.477,-0.01,-3.01,9.59,-0.8,-0.49,-0.23,1.122,-1.544,-0.52,-1.555,2.953,2.587,,
2026-01-29 02:44:23.921,home_end,-325.187,26.817,1521.278,179.844,-0.935,179.726,-2.912,25.206,-136.508,-0.147,-67.757,-2.582,-0.333,0.453,0.151,0.413,-0.56,-0.407,-0.01,-2.96,9.59,-0.9,-0.38,-0.18,1.044,-1.436,-0.484,-1.443,2.716,2.371,,
2026-01-29 02:44:24.022,home_end,-325.016,26.869,1521.521,179.865,-0.943,179.716,-2.93,25.231,-136.5,-0.124,-67.783,-2.599,-0.296,0.403,0.134,0.367,-0.485,-0.35,-0.04,-2.97,9.54,-0.91,-0.35,-0.09,0.954,-1.312,-0.442,-1.316,2.472,2.154,,
2026-01-29 02:44:24.123,home_end,-324.876,26.912,1521.719,179.881,-0.951,179.708,-2.945,25.252,-136.493,-0.106,-67.804,-2.613,-0.26,0.354,0.117,0.322,-0.416,-0.297,-0.02,-2.97,9.61,-0.84,-0.3,-0.07,0.893,-1.227,-0.413,-1.226,2.278,1.976,,
2026-01-29 02:44:24.225,home_end,-324.742,26.954,1521.912,179.898,-0.958,179.7,-2.96,25.272,-136.486,-0.088,-67.824,-2.627,-0.232,0.315,0.105,0.286,-0.362,-0.256,-0.04,-3.03,9.59,-0.89,-0.21,-0.1,0.807,-1.109,-0.374,-1.109,2.06,1.786,,
2026-01-29 02:44:24.327,home_end,-324.618,26.992,1522.09,179.913,-0.966,179.692,-2.974,25.291,-136.48,-0.071,-67.842,-2.638,-0.208,0.283,0.094,0.257,-0.316,-0.221,-0.01,-3.02,9.64,-0.79,-0.29,-0.08,0.738,-1.014,-0.341,-1.012,1.874,1.622,,
2026-01-29 02:44:24.427,home_end,-324.514,27.025,1522.241,179.925,-0.972,179.684,-2.985,25.306,-136.475,-0.057,-67.856,-2.648,-0.185,0.252,0.083,0.228,-0.274,-0.19,-0.01,-3.1,9.68,-0.86,-0.14,-0.1,0.685,-0.94,-0.316,-0.936,1.717,1.481,,
2026-01-29 02:44:24.530,home_end,-324.422,27.054,1522.376,179.937,-0.979,179.678,-2.996,25.32,-136.471,-0.044,-67.869,-2.656,-0.164,0.224,0.074,0.202,-0.238,-0.163,0.03,-3.02,9.61,-0.75,-0.16,-0.04,0.629,-0.864,-0.291,-0.859,1.566,1.347,,
2026-01-29 02:44:24.632,home_end,-324.341,27.08,1522.495,179.947,-0.985,179.671,-3.005,25.333,-136.466,-0.033,-67.88,-2.663,-0.146,0.199,0.066,0.179,-0.206,-0.14,-0.05,-3.0,9.63,-0.86,-0.13,-0.01,0.578,-0.793,-0.267,-0.787,1.426,1.224,,
2026-01-29 02:44:24.736,home_end,-324.269,27.103,1522.601,179.956,-0.99,179.666,-3.013,25.344,-136.463,-0.023,-67.89,-2.669,-0.13,0.177,0.058,0.159,-0.179,-0.12,-0.02,-3.12,9.71,-0.83,-0.12,0.02,0.53,-0.728,-0.245,-0.721,1.299,1.111,,
2026-01-29 02:44:24.837,home_end,-324.206,27.124,1522.695,179.963,-0.995,179.66,-3.02,25.354,-136.46,-0.014,-67.898,-2.675,-0.115,0.157,0.052,0.141,-0.155,-0.103,0.03,-3.04,9.71,-0.85,-0.14,0.05,0.486,-0.668,-0.224,-0.66,1.182,1.009,,
2026-01-29 02:44:25.243,home_end,-324.02,27.185,1522.976,179.987,-1.012,179.643,-3.042,25.383,-136.45,0.012,-67.922,-2.689,-0.072,0.098,0.032,0.088,-0.087,-0.056,0.0,-3.1,9.66,-0.91,-0.02,-0.02,0.342,-0.469,-0.158,-0.461,0.806,0.682,,
2026-01-29 02:44:25.651,home_end,-323.909,27.223,1523.147,-179.999,-1.023,179.632,-3.055,25.401,-136.444,0.027,-67.935,-2.697,-0.044,0.06,0.02,0.054,-0.049,-0.03,0.01,-3.12,9.59,-0.95,-0.05,0.04,0.239,-0.328,-0.11,-0.321,0.547,0.459,,
2026-01-29 02:44:26.063,home_end,-323.839,27.247,1523.257,-179.99,-1.031,179.624,-3.063,25.413,-136.44,0.038,-67.943,-2.701,-0.028,0.038,0.012,0.034,-0.028,-0.016,-0.02,-3.08,9.68,-0.83,0.03,0.09,0.166,-0.228,-0.076,-0.221,0.368,0.307,,
2026-01-29 02:44:26.469,home_end,-323.797,27.262,1523.326,-179.985,-1.037,179.619,-3.068,25.42,-136.438,0.044,-67.947,-2.703,-0.017,0.024,0.008,0.021,-0.016,-0.009,-0.05,-2.97,9.67,-0.88,-0.05,0.04,0.114,-0.156,-0.052,-0.151,0.247,0.204,,
2026-01-29 02:44:26.880,home_end,-323.771,27.272,1523.368,-179.981,-1.04,179.615,-3.072,25.424,-136.437,0.048,-67.949,-2.705,-0.011,0.015,0.005,0.013,-0.009,-0.005,-0.02,-3.1,9.63,-0.88,0.06,0.02,0.078,-0.107,-0.036,-0.103,0.165,0.136,,
2026-01-29 02:44:27.291,home_end,-323.755,27.278,1523.394,-179.979,-1.043,179.613,-3.074,25.427,-136.436,0.05,-67.951,-2.705,-0.007,0.009,0.003,0.008,-0.005,-0.003,0.0,-3.07,9.62,-0.85,0.07,-0.0,0.054,-0.073,-0.024,-0.07,0.11,0.09,,
2026-01-29 02:44:27.702,home_end,-323.745,27.281,1523.411,-179.978,-1.044,179.612,-3.075,25.429,-136.435,0.052,-67.951,-2.706,-0.004,0.006,0.002,0.005,-0.003,-0.001,-0.02,-3.09,9.69,-0.85,-0.02,0.01,0.036,-0.05,-0.017,-0.048,0.073,0.06,,
2026-01-29 02:44:28.109,home_end,-323.739,27.284,1523.421,-179.977,-1.045,179.611,-3.076,25.43,-136.435,0.053,-67.952,-2.706,-0.003,0.004,0.001,0.003,-0.002,-0.001,-0.03,-3.14,9.71,-0.86,0.02,0.03,0.025,-0.034,-0.011,-0.032,0.049,0.039,,
2026-01-29 02:44:28.520,home_end,-323.737,27.285,1523.426,-179.977,-1.046,179.61,-3.076,25.43,-136.435,0.053,-67.952,-2.706,-0.001,0.002,0.001,0.002,-0.001,-0.0,0.07,-3.1,9.66,-0.84,0.02,0.09,0.017,-0.023,-0.008,-0.022,0.032,0.026,,
