timestamp,current_task,EE_x,EE_y,EE_z,EE_rx,EE_ry,EE_rz,joint1_angle,joint2_angle,joint3_angle,joint4_angle,joint5_angle,joint6_angle,joint1_velocity,joint2_velocity,joint3_velocity,joint4_velocity,joint5_velocity,joint6_velocity,joint1_torque,joint2_torque,joint3_torque,joint4_torque,joint5_torque,joint6_torque,joint1_acceleration,joint2_acceleration,joint3_acceleration,joint4_acceleration,joint5_acceleration,joint6_acceleration,waypoint
2026-01-26 05:41:45.540,home_start,736.24,-15.069,1868.568,-179.972,-1.007,-0.396,-180.392,-0.002,-89.979,0.005,-89.012,0.004,0.0,0.0,0.0,0.0,0.0,0.0,-0.02,2.0,2.04,-0.17,0.05,-0.01,0.0,0.0,0.0,0.0,0.0,0.0,waypoint
2026-01-26 05:41:45.633,home_start,736.24,-15.069,1868.568,-179.972,-1.007,-0.396,-180.392,-0.002,-89.979,0.005,-89.012,0.004,0.0,0.0,0.0,0.0,0.0,0.0,0.02,3.79,3.78,-0.32,-0.04,-0.04,0.0,0.0,0.0,0.0,0.0,0.0,
2026-01-26 05:41:45.835,home_start,736.24,-15.069,1868.568,-179.972,-1.007,-0.396,-180.392,-0.002,-89.979,0.005,-89.012,0.004,0.0,0.0,0.0,0.0,0.0,0.0,0.08,6.19,6.12,-0.61,0.05,-0.04,0.0,0.0,0.0,0.0,0.0,0.0,
2026-01-26 05:41:46.037,home_start,736.24,-15.069,1868.568,-179.972,-1.007,-0.396,-180.392,-0.002,-89.979,0.005,-89.012,0.004,0.0,0.0,0.0,0.0,0.0,0.0,0.0,7.62,7.57,-0.75,-0.03,0.06,0.0,0.0,0.0,0.0,0.0,0.0,
2026-01-26 05:41:46.239,home_start,736.24,-15.069,1868.568,-179.972,-1.007,-0.396,-180.392,-0.002,-89.979,0.005,-89.012,0.004,0.0,0.0,0.0,0.0,0.0,0.0,0.04,8.6,8.63,-0.77,-0.03,-0.03,0.0,0.0,0.0,0.0,0.0,0.0,
2026-01-26 05:41:46.446,home_start,736.24,-15.069,1868.568,-179.972,-1.007,-0.396,-180.392,-0.002,-89.979,0.005,-89.012,0.004,0.0,0.0,0.0,0.0,0.0,0.0,0.02,9.26,9.23,-0.86,-0.01,-0.03,0.0,0.0,0.0,0.0,0.0,0.0,
2026-01-26 05:41:46.649,home_start,736.24,-15.069,1868.568,-179.972,-1.007,-0.396,-180.392,-0.002,-89.979,0.005,-89.012,0.004,0.0,0.0,0.0,0.0,0.0,0.0,0.01,9.65,9.67,-0.87,0.04,0.01,0.0,0.0,0.0,0.0,0.0,0.0,
2026-01-26 05:41:46.853,home_start,736.24,-15.069,1868.568,-179.972,-1.007,-0.396,-180.392,-0.002,-89.979,0.005,-89.012,0.004,0.0,0.0,0.0,0.0,0.0,0.0,-0.02,9.99,9.85,-0.88,-0.12,-0.04,0.0,0.0,0.0,0.0,0.0,0.0,
2026-01-26 05:41:47.055,home_start,736.24,-15.069,1868.568,-179.972,-1.007,-0.396,-180.392,-0.002,-89.979,0.005,-89.012,0.004,0.0,0.0,0.0,0.0,0.0,0.0,0.01,9.97,10.06,-0.94,-0.07,-0.05,0.0,0.0,0.0,0.0,0.0,0.0,
2026-01-26 05:41:47.263,home_start,736.24,-15.069,1868.568,-179.972,-1.007,-0.396,-180.392,-0.002,-89.979,0.005,-89.012,0.004,0.0,0.0,0.0,0.0,0.0,0.0,0.02,10.15,10.27,-0.95,-0.08,-0.04,0.0,0.0,0.0,0.0,0.0,0.0,
2026-01-26 05:41:47.571,home_start,736.24,-15.069,1868.568,-179.972,-1.007,-0.396,-180.392,-0.002,-89.979,0.005,-89.012,0.004,0.0,0.0,0.0,0.0,0.0,0.0,-0.01,10.26,10.28,-0.96,-0.02,0.01,0.0,0.0,0.0,0.0,0.0,0.0,
2026-01-26 05:41:47.673,home_to_approach_feeder,736.403,-29.116,1862.954,176.227,-0.712,-0.638,-180.861,-0.073,-90.366,-3.794,-88.838,-0.146,-1.173,-0.178,-0.967,-9.498,0.436,-0.375,0.15,10.25,9.98,-4.16,1.16,-0.4,-4.691,-0.711,-3.87,-37.991,1.743,-1.5,
2026-01-26 05:41:47.773,home_to_approach_feeder,738.118,-83.002,1846.101,161.023,-0.259,0.43,-182.606,-0.334,-91.913,-18.992,-86.647,-2.057,-5.243,-0.785,-4.593,-45.119,5.803,-5.06,0.23,10.22,9.74,-6.49,3.83,-1.31,-16.985,-2.535,-15.084,-148.184,21.732,-18.963,
2026-01-26 05:41:47.878,home_to_approach_feeder,739.616,-130.883,1837.514,146.904,1.255,3.196,-184.237,-0.575,-93.363,-33.195,-83.701,-4.759,-8.009,-1.192,-7.071,-69.345,11.72,-10.548,0.21,10.22,9.36,-8.09,6.28,-2.21,-14.137,-2.089,-12.61,-123.405,27.12,-24.968,
2026-01-26 05:41:47.979,home_to_approach_feeder,740.513,-170.347,1834.87,134.478,4.392,6.07,-185.703,-0.791,-94.668,-45.963,-80.855,-7.442,-9.672,-1.435,-8.566,-83.929,15.904,-14.621,0.09,10.11,9.28,-9.23,8.17,-2.97,-11.082,-1.632,-9.892,-96.722,23.397,-22.294,
2026-01-26 05:41:48.079,home_to_approach_feeder,741.233,-200.841,1835.59,124.069,8.517,8.261,-186.969,-0.978,-95.795,-56.987,-78.361,-9.824,-10.42,-1.544,-9.241,-90.508,18.163,-16.919,0.11,10.1,9.02,-9.86,9.48,-3.35,-7.975,-1.173,-7.121,-69.617,17.543,-17.04,
2026-01-26 05:41:48.180,home_to_approach_feeder,742.304,-228.972,1838.39,113.353,14.171,9.877,-188.312,-1.177,-96.988,-68.669,-75.713,-12.364,-11.171,-1.653,-9.915,-97.086,20.243,-19.04,-0.15,10.22,9.02,-10.16,10.36,-3.69,-7.935,-1.168,-7.079,-69.229,17.326,-16.929,
2026-01-26 05:41:48.282,home_to_approach_feeder,743.866,-251.082,1841.93,103.493,20.427,10.434,-189.565,-1.362,-98.103,-79.576,-73.245,-14.736,-11.511,-1.703,-10.221,-100.082,21.351,-20.209,-0.3,10.24,8.89,-10.36,10.83,-3.83,-6.253,-0.92,-5.576,-54.552,13.791,-13.546,
2026-01-26 05:41:48.382,home_to_approach_feeder,745.878,-267.479,1845.079,94.517,26.647,9.91,-190.692,-1.528,-99.104,-89.38,-71.033,-16.862,-11.45,-1.693,-10.169,-99.571,21.543,-20.472,-0.32,10.33,8.94,-10.29,11.0,-3.94,-4.361,-0.641,-3.89,-38.071,9.854,-9.737,
2026-01-26 05:41:48.487,home_to_approach_feeder,748.329,-279.921,1847.383,85.722,32.787,8.3,-191.746,-1.684,-100.041,-98.558,-68.969,-18.845,-11.224,-1.659,-9.97,-97.623,21.318,-20.313,-0.46,10.55,8.94,-10.09,11.09,-3.94,-3.205,-0.471,-2.86,-28.0,7.393,-7.338,
2026-01-26 05:41:48.592,home_to_approach_feeder,751.1,-289.162,1848.507,76.8,38.622,5.532,-192.734,-1.83,-100.918,-107.149,-67.042,-20.695,-10.887,-1.609,-9.671,-94.696,20.805,-19.86,-0.63,10.64,9.05,-9.83,10.97,-3.92,-2.211,-0.324,-1.974,-19.338,5.276,-5.269,
2026-01-26 05:41:48.696,home_to_approach_feeder,754.053,-295.875,1848.305,67.455,43.957,1.512,-193.658,-1.966,-101.739,-115.192,-65.244,-22.421,-10.476,-1.548,-9.306,-91.129,20.099,-19.209,-0.71,10.74,9.01,-9.33,10.65,-3.81,-1.359,-0.199,-1.215,-11.917,3.462,-3.496,
2026-01-26 05:41:48.799,home_to_approach_feeder,757.17,-300.791,1846.68,57.014,48.784,-4.096,-194.557,-2.099,-102.538,-123.012,-63.501,-24.092,-10.103,-1.493,-8.975,-87.897,19.431,-18.585,-0.71,10.87,9.11,-8.83,10.31,-3.67,-0.967,-0.141,-0.866,-8.498,2.563,-2.605,
2026-01-26 05:41:48.902,home_to_approach_feeder,760.315,-304.232,1843.563,45.21,52.822,-11.49,-195.427,-2.228,-103.311,-130.584,-61.819,-25.704,-9.753,-1.441,-8.664,-84.853,18.778,-17.968,-0.66,10.93,9.41,-8.38,10.04,-3.56,-0.585,-0.085,-0.526,-5.17,1.7,-1.75,
2026-01-26 05:41:49.003,home_to_approach_feeder,762.937,-306.251,1839.707,33.94,55.435,-19.262,-196.15,-2.334,-103.953,-136.877,-60.426,-27.038,-9.122,-1.348,-8.103,-79.371,17.567,-16.812,-0.74,11.13,9.38,-7.93,9.55,-3.45,0.945,0.141,0.833,8.145,-1.357,1.2,
2026-01-26 05:41:49.103,home_to_approach_feeder,765.426,-307.61,1834.768,21.733,57.097,-28.166,-196.856,-2.439,-104.58,-143.021,-59.07,-28.336,-8.606,-1.272,-7.645,-74.888,16.567,-15.854,-0.78,11.2,9.37,-7.38,9.1,-3.24,1.021,0.152,0.901,8.813,-1.59,1.442,
2026-01-26 05:41:49.204,home_to_approach_feeder,767.622,-308.439,1829.059,9.597,57.68,-37.292,-197.516,-2.536,-105.167,-148.773,-57.804,-29.547,-8.107,-1.198,-7.202,-70.546,15.59,-14.917,-0.78,11.32,9.46,-6.97,8.65,-3.06,1.37,0.203,1.211,11.856,-2.336,2.172,
2026-01-26 05:41:49.305,home_to_approach_feeder,769.293,-308.872,1823.531,-0.542,57.385,-44.982,-198.063,-2.617,-105.653,-153.53,-56.76,-30.545,-7.446,-1.1,-6.615,-64.801,14.302,-13.683,-0.74,11.27,9.66,-6.42,8.27,-3.01,2.376,0.352,2.106,20.619,-4.322,4.084,
2026-01-26 05:41:49.406,home_to_approach_feeder,770.828,-309.137,1817.095,-10.636,56.348,-52.588,-198.624,-2.7,-106.151,-158.413,-55.691,-31.566,-6.987,-1.033,-6.208,-60.81,13.399,-12.814,-0.77,11.49,9.58,-6.02,7.76,-2.79,1.993,0.295,1.765,17.289,-3.642,3.444,
2026-01-26 05:41:49.509,home_to_approach_feeder,772.11,-309.276,1810.072,-19.876,54.666,-59.411,-199.172,-2.781,-106.638,-163.182,-54.65,-32.559,-6.61,-0.977,-5.873,-57.529,12.65,-12.094,-0.68,11.41,9.56,-5.65,7.29,-2.71,1.926,0.285,1.706,16.711,-3.561,3.376,
2026-01-26 05:41:49.609,home_to_approach_feeder,773.048,-309.344,1803.14,-27.518,52.655,-64.877,-199.665,-2.854,-107.077,-167.473,-53.717,-33.45,-6.19,-0.915,-5.5,-53.875,11.821,-11.297,-0.58,11.47,9.58,-5.25,6.91,-2.57,2.282,0.337,2.022,19.815,-4.275,4.065,
2026-01-26 05:41:49.709,home_to_approach_feeder,773.741,-309.394,1795.823,-34.317,50.3,-69.543,-200.146,-2.925,-107.504,-171.663,-52.808,-34.316,-5.845,-0.864,-5.195,-50.881,11.138,-10.639,-0.64,11.44,9.57,-4.81,6.44,-2.36,2.17,0.321,1.923,18.845,-4.095,3.9,
2026-01-26 05:41:49.811,home_to_approach_feeder,774.166,-309.455,1788.5,-40.102,47.803,-73.314,-200.596,-2.992,-107.905,-175.585,-51.96,-35.124,-5.51,-0.815,-4.898,-47.967,10.474,-10.0,-0.56,11.41,9.51,-4.6,6.14,-2.03,2.261,0.334,2.003,19.637,-4.292,4.093,
2026-01-26 05:41:49.919,home_to_approach_feeder,774.341,-309.535,1782.108,-44.491,45.557,-76.019,-200.969,-3.047,-108.237,-178.829,-51.261,-35.791,-5.064,-0.749,-4.502,-44.085,9.604,-9.165,-0.43,11.42,9.55,-4.14,5.75,-2.02,2.814,0.416,2.495,24.458,-5.35,5.104,
2026-01-26 05:41:50.021,home_to_approach_feeder,774.349,-309.648,1775.809,-48.334,43.31,-78.254,-201.321,-3.099,-108.549,-181.89,-50.602,-36.417,-4.677,-0.692,-4.158,-40.715,8.848,-8.44,-0.52,11.52,9.59,-3.78,5.41,-1.96,2.743,0.405,2.432,23.843,-5.227,4.989,
2026-01-26 05:41:50.125,home_to_approach_feeder,774.198,-309.806,1769.359,-51.863,40.995,-80.176,-201.667,-3.15,-108.857,-184.905,-49.956,-37.033,-4.374,-0.647,-3.889,-38.075,8.252,-7.869,-0.41,11.52,9.53,-3.54,5.03,-1.77,2.521,0.373,2.235,21.912,-4.82,4.603,
2026-01-26 05:41:50.227,home_to_approach_feeder,773.859,-310.035,1762.271,-55.355,38.446,-81.935,-202.034,-3.204,-109.184,-188.101,-49.273,-37.682,-4.198,-0.621,-3.733,-36.545,7.897,-7.526,-0.37,11.57,9.55,-3.31,4.75,-1.77,2.062,0.305,1.827,17.922,-3.973,3.798,
2026-01-26 05:41:50.331,home_to_approach_feeder,773.347,-310.328,1755.171,-58.52,35.899,-83.39,-202.389,-3.257,-109.5,-191.195,-48.614,-38.309,-4.037,-0.597,-3.591,-35.143,7.571,-7.211,-0.39,11.42,9.49,-3.04,4.48,-1.61,1.972,0.291,1.747,17.143,-3.814,3.648,
2026-01-26 05:41:50.433,home_to_approach_feeder,772.727,-310.658,1748.61,-61.203,33.557,-84.505,-202.709,-3.304,-109.784,-193.973,-48.024,-38.87,-3.826,-0.566,-3.403,-33.303,7.153,-6.81,-0.33,11.41,9.5,-2.78,4.11,-1.48,2.138,0.316,1.895,18.588,-4.125,3.945,
2026-01-26 05:41:50.534,home_to_approach_feeder,772.18,-310.941,1743.755,-63.062,31.834,-85.208,-202.94,-3.338,-109.99,-195.984,-47.598,-39.274,-3.447,-0.51,-3.067,-30.004,6.429,-6.119,-0.24,11.33,9.35,-2.48,3.9,-1.41,2.805,0.415,2.489,24.401,-5.354,5.112,
2026-01-26 05:41:50.636,home_to_approach_feeder,771.523,-311.276,1738.614,-64.929,30.019,-85.851,-203.18,-3.374,-110.204,-198.076,-47.156,-39.694,-3.186,-0.471,-2.835,-27.735,5.927,-5.639,-0.26,11.4,9.4,-2.26,3.69,-1.27,2.43,0.359,2.156,21.143,-4.657,4.448,
2026-01-26 05:41:50.737,home_to_approach_feeder,770.718,-311.684,1733.028,-66.854,28.059,-86.445,-203.437,-3.412,-110.433,-200.311,-46.685,-40.141,-3.032,-0.449,-2.698,-26.389,5.622,-5.346,-0.24,11.38,9.45,-2.12,3.47,-1.35,2.024,0.299,1.795,17.604,-3.904,3.733,
2026-01-26 05:41:50.837,home_to_approach_feeder,769.798,-312.149,1727.301,-68.732,26.063,-86.951,-203.696,-3.45,-110.664,-202.565,-46.212,-40.59,-2.921,-0.432,-2.6,-25.426,5.4,-5.132,-0.25,11.38,9.39,-1.88,3.31,-1.13,1.8,0.266,1.596,15.657,-3.489,3.338,
2026-01-26 05:41:50.941,home_to_approach_feeder,768.842,-312.633,1721.888,-70.428,24.191,-87.343,-203.937,-3.486,-110.878,-204.664,-45.773,-41.006,-2.794,-0.413,-2.487,-24.317,5.147,-4.89,-0.2,11.32,9.39,-1.8,2.98,-1.13,1.798,0.266,1.594,15.642,-3.481,3.329,
2026-01-26 05:41:51.042,home_to_approach_feeder,767.9,-313.112,1716.967,-71.914,22.5,-87.632,-204.153,-3.518,-111.071,-206.548,-45.38,-41.379,-2.637,-0.39,-2.348,-22.949,4.843,-4.599,-0.17,11.26,9.32,-1.65,2.82,-1.05,1.864,0.275,1.654,16.221,-3.594,3.435,
2026-01-26 05:41:51.143,home_to_approach_feeder,766.985,-313.579,1712.496,-73.221,20.973,-87.844,-204.348,-3.547,-111.245,-208.242,-45.028,-41.713,-2.464,-0.365,-2.194,-21.446,4.513,-4.284,-0.17,11.32,9.28,-1.52,2.55,-0.98,1.896,0.28,1.683,16.504,-3.643,3.48,
2026-01-26 05:41:51.247,home_to_approach_feeder,766.033,-314.066,1708.109,-74.47,19.484,-88.006,-204.537,-3.575,-111.413,-209.889,-44.686,-42.036,-2.321,-0.344,-2.067,-20.202,4.238,-4.021,-0.15,11.19,9.19,-1.37,2.43,-0.89,1.761,0.26,1.563,15.322,-3.387,3.236,
2026-01-26 05:41:51.350,home_to_approach_feeder,765.089,-314.552,1703.98,-75.618,18.09,-88.121,-204.714,-3.601,-111.571,-211.427,-44.369,-42.337,-2.183,-0.323,-1.944,-18.996,3.973,-3.768,-0.22,11.22,9.24,-1.28,2.17,-0.92,1.71,0.253,1.518,14.883,-3.285,3.138,
2026-01-26 05:41:51.452,home_to_approach_feeder,764.194,-315.014,1700.243,-76.637,16.835,-88.194,-204.873,-3.625,-111.713,-212.81,-44.084,-42.606,-2.034,-0.301,-1.812,-17.703,3.691,-3.499,-0.12,11.19,9.18,-1.23,2.13,-0.74,1.717,0.254,1.525,14.949,-3.286,3.138,
2026-01-26 05:41:51.554,home_to_approach_feeder,763.316,-315.47,1696.724,-77.58,15.659,-88.237,-205.022,-3.647,-111.845,-214.104,-43.818,-42.857,-1.898,-0.281,-1.691,-16.512,3.432,-3.253,-0.17,11.1,9.14,-1.03,2.03,-0.63,1.647,0.243,1.463,14.337,-3.148,3.005,
2026-01-26 05:41:51.655,home_to_approach_feeder,762.46,-315.915,1693.412,-78.455,14.557,-88.256,-205.161,-3.667,-111.969,-215.315,-43.57,-43.092,-1.771,-0.262,-1.578,-15.413,3.194,-3.026,-0.2,11.11,9.27,-0.89,1.83,-0.67,1.577,0.233,1.401,13.73,-3.01,2.873,
2026-01-26 05:41:51.758,home_to_approach_feeder,761.594,-316.368,1690.178,-79.298,13.486,-88.254,-205.297,-3.687,-112.09,-216.493,-43.33,-43.319,-1.667,-0.247,-1.486,-14.504,2.996,-2.837,-0.08,11.17,9.18,-0.72,1.64,-0.69,1.458,0.216,1.295,12.692,-2.786,2.659,
2026-01-26 05:41:51.862,home_to_approach_feeder,760.757,-316.806,1687.145,-80.08,12.486,-88.235,-205.423,-3.706,-112.203,-217.593,-43.106,-43.53,-1.567,-0.232,-1.396,-13.627,2.806,-2.656,-0.13,11.16,9.18,-0.6,1.65,-0.57,1.402,0.207,1.245,12.204,-2.674,2.551,
2026-01-26 05:41:51.965,home_to_approach_feeder,759.95,-317.23,1684.304,-80.806,11.553,-88.202,-205.541,-3.724,-112.308,-218.619,-42.898,-43.727,-1.47,-0.218,-1.31,-12.787,2.625,-2.484,-0.04,11.1,9.2,-0.66,1.46,-0.52,1.345,0.199,1.196,11.713,-2.561,2.443,
2026-01-26 05:41:52.069,home_to_approach_feeder,759.175,-317.639,1681.643,-81.48,10.682,-88.158,-205.651,-3.74,-112.406,-219.578,-42.705,-43.91,-1.378,-0.204,-1.228,-11.987,2.453,-2.32,-0.0,11.16,9.1,-0.51,1.4,-0.54,1.289,0.191,1.146,11.223,-2.449,2.336,
2026-01-26 05:41:52.170,home_to_approach_feeder,758.459,-318.016,1679.245,-82.084,9.9,-88.108,-205.75,-3.755,-112.495,-220.44,-42.531,-44.074,-1.281,-0.19,-1.142,-11.145,2.274,-2.15,-0.09,11.04,9.18,-0.49,1.22,-0.49,1.272,0.188,1.13,11.07,-2.406,2.293,
2026-01-26 05:41:52.270,home_to_approach_feeder,757.774,-318.379,1676.994,-82.647,9.168,-88.051,-205.843,-3.768,-112.577,-221.246,-42.369,-44.227,-1.193,-0.177,-1.064,-10.375,2.11,-1.994,-0.04,11.06,9.12,-0.38,1.17,-0.43,1.208,0.179,1.074,10.513,-2.281,2.174,
2026-01-26 05:41:52.372,home_to_approach_feeder,757.093,-318.74,1674.802,-83.193,8.458,-87.988,-205.934,-3.782,-112.658,-222.031,-42.212,-44.375,-1.12,-0.166,-0.999,-9.742,1.975,-1.866,-0.09,11.08,8.99,-0.38,1.16,-0.38,1.112,0.165,0.989,9.685,-2.103,2.004,
2026-01-26 05:41:52.475,home_to_approach_feeder,756.444,-319.084,1672.751,-83.701,7.795,-87.921,-206.018,-3.794,-112.733,-222.763,-42.066,-44.512,-1.051,-0.156,-0.937,-9.138,1.847,-1.744,0.01,11.18,9.11,-0.23,1.07,-0.39,1.061,0.157,0.943,9.237,-2.001,1.907,
2026-01-26 05:41:52.579,home_to_approach_feeder,755.804,-319.424,1670.762,-84.193,7.154,-87.85,-206.099,-3.806,-112.806,-223.472,-41.925,-44.645,-0.992,-0.147,-0.885,-8.626,1.738,-1.64,-0.11,11.07,9.06,-0.26,0.89,-0.4,0.982,0.145,0.873,8.545,-1.852,1.765,
2026-01-26 05:41:52.681,home_to_approach_feeder,755.198,-319.747,1668.908,-84.649,6.559,-87.777,-206.175,-3.818,-112.874,-224.133,-41.794,-44.769,-0.934,-0.138,-0.833,-8.12,1.631,-1.538,-0.02,11.08,8.96,-0.16,0.93,-0.33,0.939,0.139,0.835,8.179,-1.768,1.684,
2026-01-26 05:41:52.784,home_to_approach_feeder,754.624,-320.053,1667.179,-85.074,6.005,-87.704,-206.246,-3.828,-112.937,-224.747,-41.672,-44.883,-0.878,-0.13,-0.783,-7.628,1.527,-1.44,-0.04,11.09,9.0,-0.18,0.92,-0.29,0.898,0.133,0.798,7.815,-1.685,1.605,
2026-01-26 05:41:52.887,home_to_approach_feeder,754.081,-320.342,1665.567,-85.469,5.489,-87.631,-206.312,-3.838,-112.996,-225.32,-41.559,-44.989,-0.823,-0.122,-0.734,-7.152,1.427,-1.345,0.0,11.04,9.02,-0.11,0.78,-0.29,0.857,0.127,0.762,7.457,-1.604,1.527,
2026-01-26 05:41:52.989,home_to_approach_feeder,753.569,-320.615,1664.064,-85.836,5.01,-87.559,-206.373,-3.847,-113.05,-225.853,-41.455,-45.088,-0.771,-0.114,-0.687,-6.697,1.332,-1.255,-0.04,11.05,8.95,-0.1,0.66,-0.21,0.816,0.121,0.726,7.105,-1.525,1.451,
2026-01-26 05:41:53.090,home_to_approach_feeder,753.087,-320.873,1662.664,-86.178,4.565,-87.488,-206.431,-3.855,-113.101,-226.35,-41.358,-45.179,-0.721,-0.107,-0.643,-6.264,1.242,-1.17,-0.07,11.08,8.96,0.01,0.65,-0.2,0.777,0.115,0.691,6.761,-1.448,1.377,
2026-01-26 05:41:53.193,home_to_approach_feeder,752.632,-321.116,1661.36,-86.496,4.151,-87.42,-206.484,-3.863,-113.149,-226.812,-41.267,-45.264,-0.674,-0.1,-0.601,-5.854,1.157,-1.089,-0.01,11.0,9.01,-0.07,0.64,-0.23,0.738,0.109,0.657,6.427,-1.373,1.305,
2026-01-26 05:41:53.293,home_to_approach_feeder,752.235,-321.328,1660.232,-86.771,3.793,-87.358,-206.53,-3.87,-113.19,-227.212,-41.19,-45.337,-0.62,-0.092,-0.553,-5.39,1.062,-0.999,-0.03,10.98,8.97,0.18,0.56,-0.22,0.737,0.109,0.656,6.411,-1.36,1.292,
2026-01-26 05:41:53.394,home_to_approach_feeder,751.845,-321.536,1659.134,-87.038,3.446,-87.296,-206.575,-3.877,-113.23,-227.601,-41.114,-45.407,-0.577,-0.086,-0.515,-5.014,0.985,-0.926,-0.04,10.97,9.0,0.15,0.52,-0.29,0.676,0.1,0.601,5.88,-1.248,1.186,
2026-01-26 05:41:53.498,home_to_approach_feeder,751.465,-321.739,1658.071,-87.296,3.111,-87.234,-206.618,-3.883,-113.269,-227.977,-41.042,-45.476,-0.541,-0.08,-0.483,-4.701,0.92,-0.865,-0.06,10.99,8.93,0.09,0.5,-0.21,0.622,0.092,0.554,5.415,-1.149,1.092,
2026-01-26 05:41:53.602,home_to_approach_feeder,751.107,-321.93,1657.08,-87.537,2.799,-87.174,-206.658,-3.889,-113.305,-228.327,-40.974,-45.539,-0.507,-0.075,-0.452,-4.402,0.859,-0.807,-0.03,10.95,8.99,0.05,0.49,-0.23,0.59,0.087,0.525,5.133,-1.087,1.032,
2026-01-26 05:41:53.703,home_to_approach_feeder,750.784,-322.103,1656.191,-87.753,2.519,-87.119,-206.695,-3.895,-113.337,-228.642,-40.914,-45.596,-0.471,-0.07,-0.42,-4.088,0.795,-0.747,-0.03,10.93,8.96,0.26,0.42,-0.18,0.572,0.085,0.509,4.977,-1.049,0.996,
2026-01-26 05:41:53.807,home_to_approach_feeder,750.469,-322.271,1655.329,-87.962,2.248,-87.064,-206.73,-3.9,-113.368,-228.947,-40.856,-45.65,-0.441,-0.065,-0.393,-3.828,0.742,-0.697,-0.09,10.94,8.93,0.2,0.36,-0.19,0.526,0.078,0.469,4.579,-0.965,0.916,
2026-01-26 05:41:53.908,home_to_approach_feeder,750.184,-322.423,1654.556,-88.15,2.006,-87.014,-206.761,-3.905,-113.396,-229.22,-40.803,-45.699,-0.41,-0.061,-0.365,-3.555,0.687,-0.645,-0.03,11.1,8.9,0.28,0.45,-0.01,0.509,0.075,0.454,4.433,-0.93,0.882,
2026-01-26 05:41:54.008,home_to_approach_feeder,749.916,-322.566,1653.833,-88.325,1.78,-86.966,-206.791,-3.909,-113.423,-229.476,-40.755,-45.745,-0.381,-0.056,-0.34,-3.305,0.637,-0.597,-0.07,10.97,8.92,0.31,0.25,-0.13,0.479,0.071,0.427,4.171,-0.873,0.828,
2026-01-26 05:41:54.110,home_to_approach_feeder,749.665,-322.7,1653.159,-88.489,1.569,-86.92,-206.818,-3.913,-113.447,-229.714,-40.71,-45.787,-0.354,-0.053,-0.316,-3.075,0.59,-0.554,-0.03,11.01,8.86,0.22,0.25,-0.24,0.451,0.067,0.402,3.923,-0.819,0.777,
2026-01-26 05:41:54.211,home_to_approach_feeder,749.429,-322.825,1652.529,-88.642,1.372,-86.877,-206.844,-3.917,-113.47,-229.937,-40.668,-45.826,-0.33,-0.049,-0.294,-2.863,0.548,-0.514,-0.08,10.98,8.97,0.32,0.29,-0.07,0.424,0.063,0.378,3.689,-0.769,0.729,
2026-01-26 05:41:54.311,home_to_approach_feeder,749.216,-322.939,1651.963,-88.779,1.195,-86.838,-206.867,-3.92,-113.491,-230.137,-40.63,-45.861,-0.305,-0.045,-0.272,-2.647,0.505,-0.473,0.02,10.99,8.95,0.34,0.33,-0.14,0.408,0.06,0.363,3.545,-0.735,0.697,waypoint
2026-01-26 05:41:54.416,home_to_approach_feeder,751.588,-324.886,1636.942,-89.389,1.717,-86.904,-206.913,-4.589,-113.971,-229.734,-40.911,-46.22,-0.344,-1.705,-1.406,-0.977,-0.325,-1.252,-0.08,11.02,8.7,0.52,-0.7,-0.38,0.139,-6.597,-4.274,9.226,-3.853,-2.609,
2026-01-26 05:41:54.519,home_to_approach_feeder,754.84,-326.958,1614.679,-89.78,1.963,-86.686,-206.977,-5.638,-114.72,-228.913,-41.983,-47.49,-0.418,-3.902,-2.926,1.319,-2.922,-4.114,0.03,11.16,8.74,0.76,-1.85,-0.93,-0.057,-9.746,-6.525,12.475,-11.366,-11.46,
2026-01-26 05:41:54.623,home_to_approach_feeder,757.31,-328.439,1594.347,-89.951,1.863,-86.378,-207.039,-6.619,-115.421,-228.131,-43.206,-49.019,-0.468,-5.378,-3.947,2.945,-5.25,-6.906,-0.06,11.4,8.46,0.79,-2.84,-1.43,-0.028,-8.083,-5.397,10.844,-11.752,-12.896,
2026-01-26 05:41:54.724,home_to_approach_feeder,759.091,-329.575,1576.257,-90.048,1.676,-86.106,-207.095,-7.5,-116.051,-227.423,-44.353,-50.491,-0.491,-6.238,-4.537,3.977,-6.804,-8.861,-0.15,11.5,8.36,0.96,-3.55,-1.7,0.033,-6.286,-4.155,9.011,-9.809,-11.049,
2026-01-26 05:41:54.827,home_to_approach_feeder,760.435,-330.545,1558.797,-90.117,1.465,-85.868,-207.149,-8.358,-116.665,-226.735,-45.477,-51.951,-0.504,-6.822,-4.936,4.705,-7.913,-10.297,-0.1,11.77,8.31,1.0,-3.95,-1.95,0.044,-5.414,-3.566,7.924,-8.6,-9.823,
2026-01-26 05:41:54.931,home_to_approach_feeder,761.35,-331.342,1542.603,-90.169,1.259,-85.675,-207.2,-9.158,-117.238,-226.091,-46.526,-53.32,-0.505,-7.118,-5.134,5.136,-8.557,-11.145,-0.16,12.01,8.09,1.08,-4.36,-2.1,0.076,-4.304,-2.803,6.676,-6.991,-7.926,
2026-01-26 05:41:55.033,home_to_approach_feeder,761.913,-331.993,1527.581,-90.208,1.066,-85.522,-207.247,-9.906,-117.772,-225.491,-47.503,-54.597,-0.497,-7.207,-5.187,5.353,-8.86,-11.549,-0.08,12.25,7.99,1.08,-4.51,-2.13,0.103,-3.343,-2.143,5.58,-5.571,-6.207,
2026-01-26 05:41:55.136,home_to_approach_feeder,762.188,-332.523,1513.643,-90.238,0.885,-85.403,-207.292,-10.604,-118.272,-224.931,-48.412,-55.785,-0.484,-7.15,-5.139,5.416,-8.919,-11.632,-0.14,12.46,7.95,1.06,-4.54,-2.2,0.124,-2.514,-1.574,4.622,-4.338,-4.701,
2026-01-26 05:41:55.236,home_to_approach_feeder,762.23,-332.934,1501.188,-90.261,0.723,-85.315,-207.331,-11.231,-118.721,-224.427,-49.227,-56.848,-0.462,-6.931,-4.976,5.321,-8.726,-11.383,-0.09,12.69,7.73,1.08,-4.62,-2.11,0.157,-1.557,-0.912,3.591,-2.96,-2.99,
2026-01-26 05:41:55.337,home_to_approach_feeder,762.098,-333.265,1489.595,-90.28,0.572,-85.25,-207.368,-11.819,-119.141,-223.956,-49.988,-57.84,-0.44,-6.667,-4.783,5.168,-8.446,-11.017,-0.1,12.7,7.59,1.03,-4.46,-2.11,0.167,-1.001,-0.534,2.909,-2.12,-1.973,
2026-01-26 05:41:55.438,home_to_approach_feeder,761.809,-333.536,1478.386,-90.296,0.426,-85.203,-207.405,-12.39,-119.549,-223.498,-50.725,-58.801,-0.42,-6.428,-4.608,5.021,-8.178,-10.664,-0.16,13.03,7.56,1.06,-4.37,-2.08,0.16,-0.739,-0.364,2.485,-1.675,-1.462,
2026-01-26 05:41:55.539,home_to_approach_feeder,761.401,-333.744,1467.979,-90.309,0.29,-85.173,-207.438,-12.923,-119.931,-223.071,-51.411,-59.694,-0.399,-6.154,-4.41,4.834,-7.849,-10.231,-0.08,13.14,7.49,1.15,-4.16,-1.98,0.169,-0.286,-0.057,1.931,-0.996,-0.642,
2026-01-26 05:41:55.639,home_to_approach_feeder,760.94,-333.89,1459.032,-90.321,0.172,-85.158,-207.467,-13.384,-120.26,-222.702,-52.002,-60.463,-0.372,-5.768,-4.131,4.549,-7.364,-9.595,-0.03,13.38,7.23,1.05,-4.01,-1.9,0.198,0.467,0.467,1.156,0.054,0.666,
2026-01-26 05:41:55.743,home_to_approach_feeder,760.394,-334.002,1450.337,-90.331,0.058,-85.153,-207.496,-13.834,-120.582,-222.341,-52.578,-61.21,-0.35,-5.451,-3.903,4.312,-6.962,-9.065,-0.11,13.49,7.22,1.06,-3.79,-1.88,0.185,0.529,0.498,0.952,0.205,0.81,
2026-01-26 05:41:55.844,home_to_approach_feeder,759.799,-334.08,1442.236,-90.342,-0.048,-85.157,-207.523,-14.255,-120.883,-222.004,-53.115,-61.907,-0.329,-5.141,-3.681,4.077,-6.564,-8.542,-0.08,13.75,7.17,0.93,-3.71,-1.64,0.185,0.763,0.654,0.626,0.568,1.234,
2026-01-26 05:41:55.945,home_to_approach_feeder,759.168,-334.129,1434.686,-90.351,-0.148,-85.169,-207.547,-14.65,-121.165,-221.688,-53.616,-62.557,-0.309,-4.842,-3.466,3.847,-6.176,-8.032,-0.12,13.88,7.02,0.94,-3.58,-1.66,0.183,0.956,0.781,0.347,0.869,1.582,
2026-01-26 05:41:56.046,home_to_approach_feeder,758.513,-334.154,1427.649,-90.361,-0.241,-85.186,-207.571,-15.019,-121.43,-221.393,-54.084,-63.164,-0.29,-4.555,-3.259,3.623,-5.802,-7.539,-0.07,13.95,6.97,0.93,-3.37,-1.57,0.181,1.112,0.883,0.109,1.117,1.863,
2026-01-26 05:41:56.148,home_to_approach_feeder,757.844,-334.16,1421.087,-90.371,-0.327,-85.208,-207.592,-15.364,-121.677,-221.117,-54.52,-63.729,-0.272,-4.28,-3.062,3.408,-5.443,-7.067,-0.09,14.01,6.9,0.86,-3.14,-1.48,0.178,1.236,0.963,-0.091,1.317,2.086,
2026-01-26 05:41:56.251,home_to_approach_feeder,757.143,-334.149,1414.732,-90.381,-0.411,-85.235,-207.614,-15.701,-121.917,-220.848,-54.944,-64.276,-0.257,-4.05,-2.898,3.228,-5.14,-6.669,-0.11,14.09,6.78,0.8,-2.94,-1.48,0.166,1.208,0.935,-0.159,1.319,2.056,
2026-01-26 05:41:56.353,home_to_approach_feeder,756.469,-334.126,1409.041,-90.391,-0.485,-85.264,-207.633,-16.003,-122.133,-220.607,-55.323,-64.766,-0.24,-3.793,-2.713,3.024,-4.803,-6.227,-0.04,14.27,6.65,0.78,-2.72,-1.4,0.171,1.427,1.085,-0.416,1.627,2.423,
2026-01-26 05:41:56.457,home_to_approach_feeder,755.776,-334.091,1403.526,-90.401,-0.557,-85.296,-207.651,-16.297,-122.343,-220.372,-55.691,-65.241,-0.227,-3.579,-2.56,2.855,-4.522,-5.857,-0.11,14.42,6.6,0.76,-2.61,-1.35,0.159,1.368,1.036,-0.442,1.58,2.336,
2026-01-26 05:41:56.558,home_to_approach_feeder,755.12,-334.048,1398.585,-90.412,-0.622,-85.328,-207.668,-16.561,-122.532,-220.162,-56.02,-65.666,-0.211,-3.345,-2.392,2.668,-4.215,-5.455,-0.0,14.45,6.55,0.84,-2.47,-1.22,0.162,1.528,1.145,-0.635,1.804,2.599,
2026-01-26 05:41:56.661,home_to_approach_feeder,754.428,-333.996,1393.618,-90.423,-0.686,-85.364,-207.685,-16.827,-122.722,-219.949,-56.351,-66.092,-0.2,-3.175,-2.27,2.532,-3.989,-5.158,-0.01,14.6,6.41,0.73,-2.27,-1.13,0.145,1.353,1.014,-0.555,1.606,2.321,
2026-01-26 05:41:56.764,home_to_approach_feeder,753.78,-333.94,1389.172,-90.434,-0.743,-85.399,-207.7,-17.066,-122.893,-219.758,-56.648,-66.474,-0.188,-2.979,-2.13,2.376,-3.733,-4.822,-0.05,14.5,6.41,0.73,-2.06,-1.06,0.147,1.489,1.107,-0.717,1.793,2.54,
2026-01-26 05:41:56.868,home_to_approach_feeder,753.153,-333.881,1385.032,-90.445,-0.796,-85.434,-207.714,-17.289,-123.053,-219.58,-56.924,-66.829,-0.176,-2.792,-1.997,2.227,-3.49,-4.504,-0.09,14.72,6.26,0.8,-2.06,-0.94,0.143,1.499,1.11,-0.772,1.819,2.554,
2026-01-26 05:41:56.970,home_to_approach_feeder,752.617,-333.827,1381.607,-90.455,-0.839,-85.465,-207.725,-17.475,-123.185,-219.433,-57.152,-67.122,-0.161,-2.557,-1.828,2.039,-3.188,-4.111,-0.09,14.86,6.29,0.65,-1.9,-0.91,0.152,1.73,1.272,-1.0,2.115,2.916,
2026-01-26 05:41:57.072,home_to_approach_feeder,752.033,-333.764,1377.987,-90.466,-0.885,-85.499,-207.738,-17.671,-123.326,-219.276,-57.393,-67.431,-0.152,-2.409,-1.722,1.92,-2.994,-3.856,-0.07,14.89,6.2,0.75,-1.82,-0.85,0.13,1.447,1.066,-0.812,1.774,2.461,
2026-01-26 05:41:57.173,home_to_approach_feeder,751.494,-333.704,1374.74,-90.476,-0.925,-85.532,-207.749,-17.847,-123.452,-219.136,-57.609,-67.708,-0.141,-2.247,-1.607,1.792,-2.785,-3.585,-0.05,14.93,6.16,0.71,-1.74,-0.69,0.13,1.5,1.101,-0.889,1.847,2.539,
2026-01-26 05:41:57.276,home_to_approach_feeder,750.958,-333.64,1371.589,-90.487,-0.964,-85.564,-207.759,-18.019,-123.574,-218.999,-57.819,-67.977,-0.133,-2.114,-1.512,1.685,-2.613,-3.359,-0.07,14.99,6.11,0.71,-1.6,-0.66,0.12,1.399,1.026,-0.84,1.729,2.372,
2026-01-26 05:41:57.376,home_to_approach_feeder,750.464,-333.58,1368.762,-90.498,-0.998,-85.595,-207.769,-18.173,-123.685,-218.876,-58.006,-68.217,-0.124,-1.971,-1.409,1.571,-2.429,-3.12,-0.15,15.06,6.0,0.61,-1.6,-0.62,0.119,1.432,1.047,-0.894,1.773,2.416,
2026-01-26 05:41:57.478,home_to_approach_feeder,749.975,-333.519,1366.018,-90.508,-1.031,-85.626,-207.779,-18.323,-123.792,-218.757,-58.188,-68.449,-0.116,-1.853,-1.325,1.476,-2.276,-2.921,-0.11,15.05,6.06,0.74,-1.42,-0.61,0.11,1.332,0.973,-0.839,1.653,2.25,
2026-01-26 05:41:57.579,home_to_approach_feeder,749.528,-333.461,1363.555,-90.518,-1.06,-85.655,-207.787,-18.458,-123.888,-218.65,-58.351,-68.658,-0.109,-1.727,-1.234,1.375,-2.115,-2.712,-0.03,15.18,5.92,0.68,-1.23,-0.63,0.108,1.35,0.984,-0.876,1.677,2.268,waypoint
2026-01-26 05:41:57.683,approach_feeder_to_pick,749.736,-333.994,1353.897,-90.753,-0.87,-85.709,-207.809,-19.073,-124.078,-218.411,-58.751,-69.02,-0.136,-2.833,-1.401,1.63,-2.586,-2.939,-0.07,15.14,5.95,0.67,-1.67,-0.68,-0.038,-3.587,-0.051,0.532,-0.857,0.505,
2026-01-26 05:41:57.783,approach_feeder_to_pick,749.858,-334.348,1344.952,-90.795,-0.835,-85.699,-207.831,-19.671,-124.259,-218.173,-59.335,-69.521,-0.157,-3.619,-1.504,1.815,-3.399,-3.458,-0.03,15.29,5.78,0.65,-1.94,-0.78,-0.033,-3.056,0.04,0.458,-2.613,-0.942,
2026-01-26 05:41:57.885,approach_feeder_to_pick,749.877,-334.622,1336.374,-90.787,-0.857,-85.68,-207.852,-20.252,-124.436,-217.941,-59.954,-70.066,-0.172,-4.168,-1.57,1.944,-4.097,-3.955,-0.04,15.45,5.78,0.71,-2.32,-0.83,-0.026,-2.587,0.082,0.369,-2.704,-1.276,
2026-01-26 05:41:57.988,approach_feeder_to_pick,749.816,-334.833,1328.703,-90.77,-0.895,-85.665,-207.872,-20.775,-124.595,-217.731,-60.521,-70.571,-0.177,-4.433,-1.575,1.982,-4.489,-4.23,-0.16,15.54,5.74,0.64,-2.45,-0.79,-0.002,-1.741,0.252,0.102,-1.909,-0.759,
2026-01-26 05:41:58.090,approach_feeder_to_pick,749.686,-335.012,1321.266,-90.751,-0.937,-85.657,-207.891,-21.283,-124.75,-217.527,-61.073,-71.066,-0.18,-4.595,-1.568,1.997,-4.747,-4.411,-0.04,15.62,5.64,0.62,-2.54,-0.92,0.003,-1.423,0.27,0.035,-1.572,-0.582,
2026-01-26 05:41:58.193,approach_feeder_to_pick,749.502,-335.157,1314.339,-90.734,-0.978,-85.654,-207.908,-21.758,-124.894,-217.336,-61.587,-71.529,-0.179,-4.633,-1.537,1.974,-4.846,-4.464,0.03,15.73,5.54,0.67,-2.64,-0.97,0.016,-0.943,0.346,-0.105,-1.039,-0.195,
2026-01-26 05:41:58.296,approach_feeder_to_pick,749.277,-335.273,1307.886,-90.719,-1.016,-85.656,-207.925,-22.201,-125.029,-217.158,-62.066,-71.96,-0.175,-4.582,-1.489,1.925,-4.832,-4.425,0.02,15.88,5.42,0.64,-2.57,-0.91,0.026,-0.535,0.407,-0.221,-0.581,0.143,
2026-01-26 05:41:58.401,approach_feeder_to_pick,749.019,-335.365,1301.872,-90.705,-1.051,-85.663,-207.94,-22.614,-125.155,-216.992,-62.512,-72.36,-0.17,-4.471,-1.432,1.859,-4.739,-4.32,-0.08,16.03,5.38,0.65,-2.52,-0.85,0.034,-0.187,0.456,-0.318,-0.192,0.429,
2026-01-26 05:41:58.503,approach_feeder_to_pick,748.739,-335.436,1296.268,-90.694,-1.084,-85.672,-207.954,-23.001,-125.272,-216.837,-62.927,-72.733,-0.163,-4.319,-1.368,1.782,-4.592,-4.172,-0.08,16.14,5.34,0.65,-2.43,-0.84,0.041,0.106,0.494,-0.397,0.136,0.666,
2026-01-26 05:41:58.606,approach_feeder_to_pick,748.441,-335.491,1291.046,-90.685,-1.113,-85.684,-207.968,-23.361,-125.382,-216.693,-63.314,-73.079,-0.156,-4.141,-1.3,1.698,-4.41,-3.995,-0.11,16.28,5.21,0.59,-2.39,-0.82,0.046,0.351,0.522,-0.46,0.409,0.861,
2026-01-26 05:41:58.706,approach_feeder_to_pick,748.133,-335.53,1286.177,-90.677,-1.141,-85.698,-207.98,-23.698,-125.484,-216.558,-63.673,-73.401,-0.148,-3.948,-1.231,1.611,-4.207,-3.802,-0.1,16.4,5.16,0.6,-2.28,-0.74,0.051,0.555,0.543,-0.511,0.636,1.018,
2026-01-26 05:41:58.807,approach_feeder_to_pick,747.831,-335.557,1281.808,-90.67,-1.165,-85.713,-207.991,-24.001,-125.576,-216.437,-63.996,-73.69,-0.139,-3.718,-1.153,1.511,-3.961,-3.572,-0.12,16.39,5.13,0.6,-2.19,-0.77,0.058,0.84,0.592,-0.596,0.945,1.253,
2026-01-26 05:41:58.909,approach_feeder_to_pick,747.515,-335.575,1277.566,-90.665,-1.188,-85.729,-208.002,-24.296,-125.666,-216.319,-64.308,-73.969,-0.131,-3.525,-1.089,1.428,-3.752,-3.378,-0.01,16.54,5.0,0.56,-2.12,-0.7,0.056,0.84,0.558,-0.571,0.949,1.219,
2026-01-26 05:41:59.013,approach_feeder_to_pick,747.199,-335.585,1273.61,-90.661,-1.209,-85.746,-208.012,-24.57,-125.749,-216.209,-64.599,-74.229,-0.124,-3.331,-1.025,1.346,-3.541,-3.183,-0.02,16.67,4.93,0.59,-1.97,-0.71,0.057,0.951,0.562,-0.592,1.071,1.293,
2026-01-26 05:41:59.116,approach_feeder_to_pick,746.887,-335.588,1269.922,-90.658,-1.228,-85.763,-208.022,-24.827,-125.827,-216.106,-64.87,-74.471,-0.117,-3.14,-0.964,1.266,-3.333,-2.991,-0.07,16.68,4.85,0.5,-1.97,-0.59,0.058,1.038,0.561,-0.606,1.165,1.346,
2026-01-26 05:41:59.217,approach_feeder_to_pick,746.592,-335.585,1266.61,-90.656,-1.245,-85.78,-208.03,-25.058,-125.898,-216.014,-65.112,-74.687,-0.109,-2.932,-0.898,1.18,-3.106,-2.784,-0.07,16.89,4.83,0.55,-1.84,-0.61,0.062,1.193,0.584,-0.65,1.329,1.464,
2026-01-26 05:41:59.318,approach_feeder_to_pick,746.293,-335.578,1263.394,-90.655,-1.261,-85.798,-208.039,-25.282,-125.966,-215.924,-65.348,-74.896,-0.102,-2.76,-0.844,1.109,-2.918,-2.612,-0.05,16.86,4.65,0.62,-1.67,-0.55,0.058,1.138,0.545,-0.611,1.27,1.386,
2026-01-26 05:41:59.423,approach_feeder_to_pick,746.068,-335.57,1261.067,-90.654,-1.272,-85.812,-208.045,-25.445,-126.015,-215.859,-65.517,-75.048,-0.092,-2.476,-0.757,0.994,-2.613,-2.336,-0.04,17.06,4.67,0.53,-1.54,-0.57,0.075,1.644,0.679,-0.797,1.797,1.831,waypoint
2026-01-26 05:41:59.526,pick_on_feeder,745.805,-335.558,1258.435,-90.655,-1.285,-85.828,-208.051,-25.629,-126.071,-215.786,-65.709,-75.218,-0.086,-2.317,-0.707,0.929,-2.439,-2.179,0.01,16.99,4.65,0.58,-1.57,-0.51,0.06,1.264,0.546,-0.632,1.398,1.454,
2026-01-26 05:41:59.627,pick_on_feeder,745.53,-335.542,1255.768,-90.655,-1.297,-85.845,-208.058,-25.815,-126.128,-215.711,-65.903,-75.39,-0.082,-2.204,-0.672,0.883,-2.314,-2.065,0.05,17.07,4.56,0.41,-1.46,-0.5,0.053,1.112,0.483,-0.559,1.237,1.291,
2026-01-26 05:41:59.729,pick_on_feeder,745.265,-335.525,1253.28,-90.656,-1.308,-85.861,-208.065,-25.989,-126.181,-215.642,-66.084,-75.55,-0.077,-2.088,-0.636,0.836,-2.187,-1.949,-0.04,17.14,4.5,0.48,-1.36,-0.46,0.052,1.124,0.472,-0.552,1.247,1.282,
2026-01-26 05:41:59.829,pick_on_feeder,745.02,-335.508,1251.044,-90.658,-1.318,-85.877,-208.07,-26.146,-126.228,-215.579,-66.245,-75.694,-0.072,-1.958,-0.596,0.783,-2.045,-1.82,-0.12,17.19,4.52,0.45,-1.19,-0.39,0.053,1.188,0.479,-0.568,1.31,1.322,
2026-01-26 05:41:59.931,pick_on_feeder,744.767,-335.488,1248.792,-90.66,-1.327,-85.893,-208.076,-26.304,-126.276,-215.516,-66.408,-75.838,-0.069,-1.863,-0.567,0.745,-1.94,-1.725,0.01,17.23,4.53,0.45,-1.19,-0.44,0.048,1.056,0.427,-0.506,1.17,1.183,
2026-01-26 05:42:00.035,pick_on_feeder,744.526,-335.467,1246.695,-90.662,-1.335,-85.909,-208.082,-26.451,-126.321,-215.458,-66.559,-75.971,-0.065,-1.765,-0.537,0.705,-1.833,-1.628,-0.07,17.28,4.33,0.37,-1.14,-0.34,0.047,1.059,0.417,-0.499,1.17,1.17,
2026-01-26 05:42:00.137,pick_on_feeder,744.297,-335.446,1244.744,-90.665,-1.342,-85.924,-208.087,-26.588,-126.362,-215.403,-66.699,-76.095,-0.061,-1.666,-0.507,0.665,-1.725,-1.531,0.04,17.32,4.4,0.41,-0.95,-0.4,0.046,1.054,0.406,-0.489,1.161,1.15,
2026-01-26 05:42:00.239,pick_on_feeder,744.087,-335.426,1242.993,-90.668,-1.348,-85.938,-208.091,-26.711,-126.4,-215.354,-66.825,-76.206,-0.057,-1.557,-0.473,0.621,-1.607,-1.425,-0.04,17.33,4.32,0.54,-1.02,-0.26,0.047,1.088,0.408,-0.496,1.192,1.166,
2026-01-26 05:42:00.339,pick_on_feeder,743.888,-335.406,1241.359,-90.671,-1.354,-85.951,-208.096,-26.826,-126.435,-215.308,-66.942,-76.309,-0.054,-1.455,-0.442,0.58,-1.498,-1.326,0.06,17.44,4.41,0.42,-0.8,-0.21,0.045,1.061,0.392,-0.479,1.16,1.127,
2026-01-26 05:42:00.440,pick_on_feeder,743.699,-335.386,1239.833,-90.674,-1.359,-85.964,-208.099,-26.933,-126.467,-215.266,-67.05,-76.405,-0.05,-1.359,-0.413,0.542,-1.395,-1.234,-0.09,17.43,4.31,0.47,-0.87,-0.27,0.043,1.031,0.376,-0.462,1.124,1.086,
2026-01-26 05:42:00.543,pick_on_feeder,743.519,-335.367,1238.41,-90.677,-1.363,-85.976,-208.103,-27.033,-126.498,-215.226,-67.152,-76.494,-0.047,-1.27,-0.386,0.506,-1.299,-1.148,-0.05,17.48,4.22,0.4,-0.87,-0.16,0.042,0.999,0.36,-0.444,1.087,1.045,
2026-01-26 05:42:00.643,pick_on_feeder,743.363,-335.35,1237.18,-90.68,-1.367,-85.987,-208.106,-27.119,-126.524,-215.191,-67.239,-76.571,-0.043,-1.168,-0.355,0.466,-1.192,-1.053,-0.03,17.62,4.25,0.45,-0.76,-0.2,0.042,1.035,0.365,-0.454,1.118,1.064,
2026-01-26 05:42:00.745,pick_on_feeder,743.196,-335.331,1235.886,-90.684,-1.37,-85.998,-208.11,-27.21,-126.551,-215.155,-67.33,-76.651,-0.041,-1.104,-0.335,0.44,-1.123,-0.99,-0.06,17.55,4.2,0.57,-0.67,-0.25,0.036,0.887,0.315,-0.391,0.964,0.921,
2026-01-26 05:42:00.846,pick_on_feeder,743.044,-335.313,1234.725,-90.687,-1.373,-86.009,-208.113,-27.292,-126.576,-215.123,-67.412,-76.723,-0.038,-1.032,-0.313,0.411,-1.047,-0.922,0.06,17.57,4.21,0.37,-0.68,-0.19,0.036,0.891,0.312,-0.389,0.964,0.914,
2026-01-26 05:42:00.947,pick_on_feeder,742.896,-335.296,1233.601,-90.691,-1.375,-86.019,-208.116,-27.371,-126.6,-215.091,-67.491,-76.792,-0.036,-0.972,-0.295,0.387,-0.983,-0.865,-0.01,17.6,4.18,0.37,-0.68,-0.19,0.034,0.828,0.289,-0.36,0.896,0.848,
2026-01-26 05:42:01.051,pick_on_feeder,742.756,-335.279,1232.554,-90.695,-1.377,-86.029,-208.118,-27.445,-126.623,-215.062,-67.564,-76.856,-0.034,-0.913,-0.277,0.363,-0.92,-0.809,-0.01,17.68,4.14,0.31,-0.6,-0.22,0.032,0.799,0.276,-0.346,0.863,0.814,
2026-01-26 05:42:01.152,pick_on_feeder,742.625,-335.263,1231.579,-90.698,-1.379,-86.038,-208.121,-27.514,-126.643,-215.035,-67.633,-76.916,-0.031,-0.856,-0.26,0.341,-0.861,-0.756,-0.04,17.72,4.2,0.37,-0.69,-0.08,0.031,0.77,0.264,-0.332,0.829,0.779,
2026-01-26 05:42:01.253,pick_on_feeder,742.506,-335.248,1230.703,-90.702,-1.381,-86.046,-208.123,-27.575,-126.662,-215.01,-67.694,-76.969,-0.029,-0.796,-0.242,0.317,-0.798,-0.7,-0.03,17.75,4.07,0.47,-0.43,-0.14,0.03,0.763,0.259,-0.326,0.818,0.764,
2026-01-26 05:42:01.356,pick_on_feeder,742.39,-335.234,1229.856,-90.705,-1.382,-86.054,-208.125,-27.635,-126.68,-214.987,-67.752,-77.02,-0.027,-0.746,-0.227,0.297,-0.745,-0.653,0.04,17.71,4.1,0.42,-0.47,-0.22,0.028,0.706,0.239,-0.302,0.757,0.707,
2026-01-26 05:42:01.460,pick_on_feeder,742.286,-335.22,1229.095,-90.708,-1.383,-86.062,-208.127,-27.688,-126.696,-214.965,-67.805,-77.066,-0.025,-0.694,-0.211,0.276,-0.691,-0.605,0.01,17.84,4.03,0.39,-0.42,-0.09,0.027,0.696,0.233,-0.296,0.743,0.691,
2026-01-26 05:42:01.562,pick_on_feeder,742.191,-335.208,1228.411,-90.711,-1.383,-86.068,-208.129,-27.737,-126.711,-214.946,-67.852,-77.107,-0.024,-0.641,-0.194,0.254,-0.636,-0.556,0.06,17.81,4.08,0.38,-0.49,-0.17,0.027,0.681,0.227,-0.288,0.723,0.669,
2026-01-26 05:42:01.662,pick_on_feeder,742.101,-335.197,1227.77,-90.714,-1.384,-86.075,-208.131,-27.782,-126.725,-214.928,-67.896,-77.146,-0.022,-0.593,-0.18,0.235,-0.587,-0.513,0.03,17.89,4.04,0.42,-0.47,-0.14,0.025,0.644,0.213,-0.271,0.682,0.63,
2026-01-26 05:42:01.763,pick_on_feeder,742.014,-335.185,1227.147,-90.718,-1.384,-86.081,-208.132,-27.825,-126.738,-214.911,-67.939,-77.183,-0.02,-0.555,-0.168,0.22,-0.547,-0.478,0.03,17.73,4.11,0.44,-0.36,-0.03,0.023,0.592,0.196,-0.249,0.628,0.579,
2026-01-26 05:42:01.863,pick_on_feeder,741.935,-335.175,1226.587,-90.72,-1.384,-86.087,-208.134,-27.865,-126.75,-214.895,-67.977,-77.216,-0.019,-0.514,-0.156,0.204,-0.506,-0.441,0.03,17.85,3.96,0.39,-0.41,-0.07,0.022,0.577,0.19,-0.242,0.609,0.56,
2026-01-26 05:42:01.965,pick_on_feeder,741.858,-335.165,1226.042,-90.723,-1.385,-86.092,-208.135,-27.903,-126.762,-214.88,-68.014,-77.248,-0.018,-0.482,-0.146,0.191,-0.472,-0.412,-0.03,17.75,4.0,0.32,-0.33,-0.07,0.021,0.53,0.174,-0.222,0.56,0.515,
2026-01-26 05:42:02.065,pick_on_feeder,741.786,-335.155,1225.534,-90.726,-1.384,-86.098,-208.136,-27.939,-126.773,-214.866,-68.049,-77.278,-0.017,-0.451,-0.137,0.179,-0.441,-0.384,-0.08,17.86,3.98,0.43,-0.3,-0.06,0.019,0.502,0.164,-0.21,0.53,0.486,
2026-01-26 05:42:02.169,pick_on_feeder,741.716,-335.146,1225.041,-90.729,-1.384,-86.103,-208.138,-27.974,-126.783,-214.852,-68.082,-77.307,-0.016,-0.425,-0.129,0.168,-0.414,-0.36,0.03,17.86,3.95,0.35,-0.25,0.06,0.018,0.463,0.151,-0.193,0.489,0.448,
2026-01-26 05:42:02.272,pick_on_feeder,741.655,-335.138,1224.615,-90.732,-1.384,-86.107,-208.139,-28.004,-126.792,-214.841,-68.111,-77.332,-0.014,-0.393,-0.119,0.156,-0.382,-0.332,-0.02,17.89,4.01,0.44,-0.28,-0.09,0.018,0.464,0.15,-0.193,0.486,0.443,
2026-01-26 05:42:02.374,pick_on_feeder,741.595,-335.13,1224.201,-90.734,-1.384,-86.111,-208.14,-28.033,-126.801,-214.829,-68.139,-77.356,-0.013,-0.368,-0.112,0.146,-0.356,-0.309,-0.02,17.93,4.04,0.43,-0.29,-0.1,0.016,0.426,0.138,-0.177,0.446,0.407,
2026-01-26 05:42:02.474,pick_on_feeder,741.542,-335.123,1223.829,-90.736,-1.383,-86.115,-208.141,-28.059,-126.809,-214.819,-68.164,-77.378,-0.013,-0.341,-0.104,0.135,-0.33,-0.286,-0.1,17.9,4.02,0.38,-0.38,-0.02,0.016,0.413,0.133,-0.171,0.43,0.391,
2026-01-26 05:42:02.574,pick_on_feeder,741.491,-335.116,1223.48,-90.739,-1.383,-86.119,-208.142,-28.083,-126.816,-214.809,-68.187,-77.398,-0.012,-0.317,-0.096,0.126,-0.306,-0.265,-0.05,17.83,3.95,0.23,-0.3,-0.15,0.015,0.388,0.125,-0.16,0.404,0.367,
2026-01-26 05:42:02.676,pick_on_feeder,741.444,-335.11,1223.153,-90.741,-1.383,-86.123,-208.143,-28.106,-126.823,-214.8,-68.209,-77.417,-0.011,-0.295,-0.09,0.117,-0.284,-0.245,-0.03,17.9,3.89,0.49,-0.15,-0.08,0.014,0.365,0.117,-0.15,0.379,0.344,
2026-01-26 05:42:02.777,pick_on_feeder,741.4,-335.104,1222.848,-90.743,-1.382,-86.126,-208.143,-28.128,-126.83,-214.791,-68.229,-77.434,-0.01,-0.275,-0.083,0.109,-0.263,-0.228,0.02,17.87,3.98,0.36,-0.2,-0.07,0.013,0.343,0.11,-0.141,0.356,0.322,
2026-01-26 05:42:02.878,pick_on_feeder,741.358,-335.098,1222.561,-90.745,-1.382,-86.129,-208.144,-28.148,-126.836,-214.784,-68.248,-77.45,-0.009,-0.257,-0.078,0.101,-0.245,-0.212,-0.03,17.98,4.06,0.35,-0.18,-0.09,0.012,0.323,0.103,-0.133,0.334,0.302,
2026-01-26 05:42:02.979,pick_on_feeder,741.318,-335.093,1222.283,-90.747,-1.381,-86.132,-208.145,-28.168,-126.842,-214.776,-68.267,-77.466,-0.009,-0.241,-0.073,0.095,-0.23,-0.198,-0.03,17.96,3.95,0.32,-0.25,-0.01,0.011,0.296,0.094,-0.121,0.306,0.276,
2026-01-26 05:42:03.083,pick_on_feeder,741.28,-335.088,1222.023,-90.749,-1.381,-86.135,-208.145,-28.186,-126.847,-214.769,-68.284,-77.481,-0.008,-0.227,-0.069,0.09,-0.215,-0.185,-0.01,17.95,3.87,0.28,-0.17,-0.03,0.011,0.279,0.089,-0.114,0.288,0.26,
2026-01-26 05:42:03.187,pick_on_feeder,741.244,-335.083,1221.78,-90.751,-1.38,-86.138,-208.146,-28.203,-126.852,-214.762,-68.3,-77.495,-0.008,-0.213,-0.064,0.084,-0.201,-0.173,0.01,17.92,3.94,0.42,-0.28,-0.03,0.01,0.263,0.084,-0.108,0.271,0.244,
2026-01-26 05:42:03.290,pick_on_feeder,741.211,-335.078,1221.553,-90.753,-1.379,-86.14,-208.147,-28.219,-126.857,-214.756,-68.315,-77.507,-0.007,-0.199,-0.06,0.079,-0.188,-0.162,0.04,17.98,3.94,0.39,-0.15,-0.05,0.009,0.248,0.079,-0.102,0.255,0.229,
2026-01-26 05:42:03.394,pick_on_feeder,741.18,-335.074,1221.341,-90.755,-1.379,-86.142,-208.147,-28.234,-126.862,-214.75,-68.328,-77.519,-0.007,-0.187,-0.057,0.074,-0.175,-0.151,-0.04,17.91,3.97,0.37,-0.19,0.02,0.009,0.234,0.074,-0.096,0.24,0.215,
2026-01-26 05:42:03.497,pick_on_feeder,741.151,-335.07,1221.143,-90.756,-1.378,-86.145,-208.148,-28.248,-126.866,-214.744,-68.341,-77.53,-0.006,-0.175,-0.053,0.069,-0.164,-0.141,0.02,18.03,3.91,0.27,-0.27,0.02,0.008,0.221,0.07,-0.09,0.225,0.202,
2026-01-26 05:42:03.601,pick_on_feeder,741.124,-335.067,1220.958,-90.758,-1.378,-86.147,-208.148,-28.26,-126.87,-214.739,-68.353,-77.54,-0.006,-0.163,-0.05,0.064,-0.153,-0.131,0.01,18.06,3.91,0.33,-0.12,-0.07,0.008,0.208,0.065,-0.085,0.212,0.19,
2026-01-26 05:42:03.702,pick_on_feeder,741.099,-335.063,1220.792,-90.759,-1.377,-86.149,-208.149,-28.272,-126.873,-214.735,-68.364,-77.549,-0.006,-0.152,-0.046,0.06,-0.141,-0.121,0.04,18.06,4.01,0.31,-0.16,-0.13,0.008,0.2,0.063,-0.081,0.203,0.181,
2026-01-26 05:42:03.803,pick_on_feeder,741.075,-335.06,1220.63,-90.761,-1.376,-86.15,-208.149,-28.283,-126.877,-214.73,-68.374,-77.558,-0.005,-0.142,-0.043,0.056,-0.132,-0.113,-0.11,17.96,3.95,0.41,-0.09,-0.07,0.007,0.183,0.058,-0.074,0.186,0.166,
2026-01-26 05:42:03.906,pick_on_feeder,741.053,-335.057,1220.479,-90.762,-1.376,-86.152,-208.149,-28.294,-126.88,-214.726,-68.384,-77.567,-0.005,-0.133,-0.04,0.052,-0.123,-0.105,-0.03,17.93,3.94,0.35,-0.14,-0.05,0.006,0.172,0.054,-0.07,0.175,0.156,
2026-01-26 05:42:04.008,pick_on_feeder,741.032,-335.054,1220.338,-90.763,-1.375,-86.154,-208.15,-28.304,-126.883,-214.722,-68.393,-77.574,-0.005,-0.124,-0.038,0.049,-0.115,-0.098,-0.08,18.01,3.86,0.35,-0.14,-0.03,0.006,0.162,0.051,-0.066,0.164,0.146,
2026-01-26 05:42:04.108,pick_on_feeder,741.014,-335.052,1220.211,-90.765,-1.375,-86.155,-208.15,-28.313,-126.886,-214.719,-68.401,-77.581,-0.004,-0.116,-0.035,0.046,-0.106,-0.091,-0.01,18.05,3.87,0.36,-0.03,-0.08,0.006,0.156,0.049,-0.063,0.157,0.139,
2026-01-26 05:42:04.309,pick_on_feeder,740.98,-335.047,1219.981,-90.767,-1.374,-86.158,-208.151,-28.329,-126.891,-214.712,-68.416,-77.593,-0.004,-0.1,-0.03,0.039,-0.092,-0.078,-0.07,18.01,3.95,0.39,-0.1,-0.05,0.005,0.137,0.043,-0.055,0.137,0.121,
2026-01-26 05:42:04.411,pick_on_feeder,740.964,-335.045,1219.873,-90.768,-1.373,-86.159,-208.151,-28.336,-126.893,-214.709,-68.422,-77.599,-0.003,-0.094,-0.028,0.037,-0.086,-0.073,0.11,17.99,4.0,0.32,-0.16,-0.07,0.005,0.125,0.039,-0.051,0.125,0.111,
2026-01-26 05:42:04.613,pick_on_feeder,740.935,-335.042,1219.681,-90.77,-1.372,-86.161,-208.151,-28.35,-126.897,-214.704,-68.434,-77.609,-0.003,-0.082,-0.025,0.032,-0.074,-0.063,-0.04,17.95,3.83,0.26,-0.13,0.06,0.004,0.11,0.034,-0.044,0.11,0.097,
2026-01-26 05:42:04.714,pick_on_feeder,740.923,-335.04,1219.596,-90.771,-1.372,-86.162,-208.152,-28.356,-126.899,-214.702,-68.44,-77.614,-0.003,-0.076,-0.023,0.03,-0.069,-0.059,0.03,17.99,3.88,0.35,-0.06,-0.05,0.004,0.106,0.033,-0.043,0.105,0.093,
2026-01-26 05:42:04.922,pick_on_feeder,740.899,-335.037,1219.436,-90.773,-1.371,-86.164,-208.152,-28.367,-126.902,-214.697,-68.45,-77.622,-0.002,-0.067,-0.02,0.026,-0.061,-0.051,0.04,18.0,3.88,0.26,-0.08,-0.01,0.003,0.091,0.028,-0.037,0.09,0.079,
2026-01-26 05:42:05.022,pick_on_feeder,740.889,-335.035,1219.366,-90.773,-1.37,-86.165,-208.152,-28.372,-126.904,-214.695,-68.454,-77.626,-0.002,-0.063,-0.019,0.025,-0.056,-0.047,0.03,17.99,3.92,0.26,-0.12,-0.03,0.003,0.087,0.027,-0.035,0.086,0.076,
2026-01-26 05:42:05.223,pick_on_feeder,740.87,-335.033,1219.24,-90.775,-1.37,-86.166,-208.153,-28.381,-126.906,-214.692,-68.462,-77.632,-0.002,-0.054,-0.016,0.021,-0.048,-0.041,0.08,18.07,3.84,0.42,-0.03,-0.08,0.003,0.076,0.024,-0.031,0.075,0.066,
2026-01-26 05:42:05.425,pick_on_feeder,740.853,-335.031,1219.127,-90.776,-1.369,-86.168,-208.153,-28.389,-126.909,-214.689,-68.469,-77.638,-0.002,-0.048,-0.014,0.019,-0.042,-0.036,0.01,18.03,3.92,0.31,-0.12,0.1,0.002,0.065,0.02,-0.026,0.064,0.056,
2026-01-26 05:42:05.526,pick_to_retreat_feeder,742.563,-335.103,1232.791,-90.338,-1.763,-85.958,-208.125,-27.478,-126.642,-215.041,-67.973,-77.278,0.069,2.241,0.656,-0.866,1.206,0.873,0.08,18.03,3.92,0.22,0.71,0.16,0.286,9.205,2.698,-3.559,5.042,3.679,
2026-01-26 05:42:05.628,pick_to_retreat_feeder,744.09,-335.263,1245.552,-90.299,-1.814,-85.835,-208.096,-26.579,-126.376,-215.406,-67.083,-76.569,0.125,3.928,1.158,-1.563,3.131,2.429,0.09,17.88,4.02,0.28,1.56,0.52,0.265,8.167,2.423,-3.337,8.493,6.806,
2026-01-26 05:42:05.729,pick_to_retreat_feeder,745.3,-335.383,1256.924,-90.35,-1.76,-85.756,-208.069,-25.77,-126.135,-215.738,-66.195,-75.823,0.159,4.967,1.469,-2.002,4.568,3.685,0.07,17.84,4.09,0.14,2.24,0.68,0.212,6.445,1.919,-2.667,7.617,6.484,
2026-01-26 05:42:05.832,pick_to_retreat_feeder,746.322,-335.451,1268.008,-90.417,-1.68,-85.697,-208.043,-24.984,-125.902,-216.061,-65.314,-75.066,0.184,5.691,1.686,-2.31,5.63,4.658,0.02,17.71,4.22,0.17,2.68,0.85,0.184,5.578,1.662,-2.317,6.791,5.957,
2026-01-26 05:42:05.932,pick_to_retreat_feeder,747.107,-335.464,1278.019,-90.479,-1.605,-85.656,-208.02,-24.277,-125.692,-216.352,-64.519,-74.377,0.196,6.035,1.789,-2.46,6.209,5.216,0.09,17.59,4.43,0.17,2.99,1.02,0.14,4.226,1.26,-1.761,5.244,4.677,
2026-01-26 05:42:06.035,pick_to_retreat_feeder,747.747,-335.433,1287.8,-90.538,-1.535,-85.626,-207.998,-23.59,-125.487,-216.635,-63.747,-73.706,0.203,6.245,1.853,-2.552,6.585,5.589,0.11,17.49,4.49,0.17,3.13,1.05,0.12,3.608,1.076,-1.504,4.487,4.028,
2026-01-26 05:42:06.138,pick_to_retreat_feeder,748.234,-335.363,1296.974,-90.592,-1.474,-85.608,-207.977,-22.948,-125.297,-216.9,-63.029,-73.081,0.205,6.288,1.866,-2.575,6.735,5.754,0.03,17.27,4.59,0.17,3.3,1.02,0.093,2.792,0.833,-1.166,3.508,3.166,
2026-01-26 05:42:06.240,pick_to_retreat_feeder,748.593,-335.261,1305.576,-90.639,-1.421,-85.599,-207.957,-22.349,-125.119,-217.146,-62.36,-72.499,0.202,6.214,1.845,-2.547,6.723,5.77,0.05,17.07,4.67,0.04,3.23,1.16,0.069,2.087,0.623,-0.873,2.661,2.415,
2026-01-26 05:42:06.340,pick_to_retreat_feeder,748.835,-335.14,1313.338,-90.679,-1.378,-85.597,-207.94,-21.811,-124.959,-217.368,-61.761,-71.978,0.196,6.007,1.784,-2.464,6.541,5.63,0.08,17.01,4.79,0.17,3.19,1.03,0.043,1.273,0.381,-0.536,1.702,1.566,
2026-01-26 05:42:06.443,pick_to_retreat_feeder,748.996,-334.995,1320.911,-90.716,-1.34,-85.601,-207.923,-21.287,-124.803,-217.583,-61.18,-71.474,0.19,5.815,1.727,-2.387,6.359,5.483,0.07,16.78,4.96,0.07,3.25,1.12,0.034,0.997,0.298,-0.421,1.348,1.246,
2026-01-26 05:42:06.545,pick_to_retreat_feeder,749.077,-334.848,1327.476,-90.746,-1.31,-85.609,-207.908,-20.834,-124.669,-217.769,-60.679,-71.039,0.179,5.492,1.631,-2.255,6.021,5.198,0.01,16.63,5.02,0.25,3.13,1.01,0.007,0.186,0.057,-0.085,0.409,0.419,
2026-01-26 05:42:06.646,pick_to_retreat_feeder,749.104,-334.684,1333.903,-90.773,-1.284,-85.621,-207.893,-20.392,-124.537,-217.951,-60.191,-70.617,0.17,5.224,1.552,-2.145,5.734,4.955,0.04,16.61,5.12,0.15,2.99,1.04,0.003,0.061,0.02,-0.032,0.237,0.259,
2026-01-26 05:42:06.747,pick_to_retreat_feeder,749.081,-334.514,1339.936,-90.797,-1.262,-85.636,-207.88,-19.978,-124.414,-218.121,-59.736,-70.223,0.162,4.953,1.471,-2.034,5.439,4.701,0.03,16.4,5.24,0.16,2.87,0.89,-0.007,-0.227,-0.066,0.087,-0.112,-0.052,
2026-01-26 05:42:06.848,pick_to_retreat_feeder,749.018,-334.338,1345.598,-90.817,-1.243,-85.653,-207.867,-19.591,-124.299,-218.28,-59.311,-69.856,0.153,4.683,1.391,-1.923,5.141,4.444,0.13,16.29,5.4,0.15,2.69,0.98,-0.015,-0.469,-0.138,0.188,-0.403,-0.313,
2026-01-26 05:42:06.949,pick_to_retreat_feeder,748.923,-334.159,1350.91,-90.835,-1.228,-85.671,-207.855,-19.228,-124.192,-218.429,-58.915,-69.513,0.144,4.419,1.312,-1.815,4.847,4.189,0.08,16.17,5.53,0.21,2.67,0.85,-0.021,-0.669,-0.198,0.271,-0.646,-0.529,
2026-01-26 05:42:07.052,pick_to_retreat_feeder,748.801,-333.98,1355.892,-90.85,-1.216,-85.691,-207.844,-18.889,-124.091,-218.568,-58.545,-69.194,0.136,4.163,1.236,-1.709,4.56,3.941,0.05,15.94,5.55,0.23,2.51,0.85,-0.027,-0.833,-0.247,0.339,-0.845,-0.707,
2026-01-26 05:42:07.155,pick_to_retreat_feeder,748.652,-333.794,1360.747,-90.863,-1.206,-85.712,-207.834,-18.559,-123.993,-218.703,-58.186,-68.884,0.129,3.947,1.172,-1.62,4.317,3.729,0.04,15.86,5.57,0.24,2.44,0.84,-0.027,-0.844,-0.25,0.344,-0.874,-0.737,
2026-01-26 05:42:07.257,pick_to_retreat_feeder,748.486,-333.61,1365.288,-90.874,-1.198,-85.734,-207.824,-18.251,-123.901,-218.83,-57.852,-68.597,0.122,3.731,1.108,-1.531,4.073,3.516,0.03,15.77,5.71,0.29,2.15,0.75,-0.032,-0.978,-0.29,0.4,-1.035,-0.881,
2026-01-26 05:42:07.358,pick_to_retreat_feeder,748.315,-333.437,1369.377,-90.883,-1.192,-85.755,-207.814,-17.974,-123.819,-218.943,-57.553,-68.339,0.114,3.491,1.037,-1.432,3.803,3.281,0.06,15.73,5.75,0.26,2.1,0.69,-0.039,-1.192,-0.354,0.488,-1.278,-1.093,
2026-01-26 05:42:07.462,pick_to_retreat_feeder,748.129,-333.26,1373.359,-90.89,-1.188,-85.777,-207.806,-17.704,-123.739,-219.054,-57.263,-68.09,0.107,3.292,0.977,-1.35,3.578,3.084,0.12,15.58,5.89,0.35,1.87,0.62,-0.037,-1.149,-0.341,0.471,-1.241,-1.065,
2026-01-26 05:42:07.562,pick_to_retreat_feeder,747.951,-333.1,1376.805,-90.895,-1.185,-85.797,-207.798,-17.471,-123.67,-219.149,-57.013,-67.875,0.099,3.051,0.906,-1.251,3.308,2.85,-0.01,15.48,5.82,0.44,1.84,0.6,-0.046,-1.4,-0.416,0.574,-1.519,-1.306,
2026-01-26 05:42:07.665,pick_to_retreat_feeder,747.756,-332.933,1380.304,-90.9,-1.184,-85.818,-207.79,-17.235,-123.6,-219.246,-56.76,-67.658,0.094,2.879,0.855,-1.18,3.113,2.68,0.07,15.34,5.93,0.32,1.74,0.6,-0.04,-1.227,-0.364,0.504,-1.339,-1.154,
2026-01-26 05:42:07.767,pick_to_retreat_feeder,747.567,-332.777,1383.454,-90.903,-1.183,-85.837,-207.784,-17.023,-123.537,-219.333,-56.533,-67.464,0.088,2.69,0.799,-1.102,2.902,2.496,-0.01,15.23,5.89,0.4,1.57,0.5,-0.044,-1.343,-0.399,0.551,-1.467,-1.265,
2026-01-26 05:42:07.871,pick_to_retreat_feeder,747.372,-332.621,1386.521,-90.905,-1.184,-85.857,-207.777,-16.816,-123.476,-219.417,-56.313,-67.276,0.082,2.533,0.752,-1.038,2.725,2.342,0.12,15.2,6.0,0.36,1.52,0.56,-0.041,-1.267,-0.376,0.521,-1.39,-1.2,waypoint
2026-01-26 05:42:07.974,pick_to_retreat_feeder,766.67,-351.171,1421.781,-85.678,2.601,-91.152,-207.557,-16.422,-121.186,-211.759,-56.789,-66.574,0.611,2.886,6.287,18.366,0.855,3.511,-0.1,15.68,6.8,3.31,-0.85,1.15,2.094,0.74,21.94,77.892,-8.203,4.057,
2026-01-26 05:42:08.076,pick_to_retreat_feeder,793.251,-383.408,1486.905,-74.922,12.21,-98.435,-207.182,-15.885,-117.142,-197.447,-59.473,-64.301,1.397,3.508,14.825,49.556,-6.069,8.315,-0.31,16.02,7.29,5.5,-3.99,1.92,3.438,2.093,37.295,136.649,-29.47,19.36,
2026-01-26 05:42:08.178,pick_to_retreat_feeder,808.502,-411.572,1548.249,-64.106,22.702,-102.264,-206.833,-15.385,-113.369,-184.085,-62.621,-61.614,1.919,3.88,20.551,70.572,-12.422,12.955,-0.38,16.38,8.01,7.11,-6.58,2.6,2.831,1.509,30.855,113.477,-31.16,21.572,
2026-01-26 05:42:08.279,pick_to_retreat_feeder,815.065,-435.63,1603.447,-52.927,32.944,-103.048,-206.507,-14.919,-109.847,-171.61,-65.694,-58.941,2.254,4.076,24.22,84.115,-16.999,16.399,-0.29,16.6,8.45,8.32,-8.49,3.22,2.317,1.024,25.264,93.257,-27.297,19.27,
2026-01-26 05:42:08.381,pick_to_retreat_feeder,815.507,-455.476,1651.797,-40.66,42.311,-100.791,-206.203,-14.483,-106.558,-159.964,-68.586,-56.401,2.451,4.145,26.387,92.203,-19.98,18.647,-0.4,16.72,8.76,8.9,-9.81,3.47,1.871,0.612,20.404,75.652,-22.756,16.005,
2026-01-26 05:42:08.482,pick_to_retreat_feeder,812.213,-470.665,1691.943,-27.03,50.045,-95.45,-205.929,-14.092,-103.601,-149.494,-71.185,-54.111,2.523,4.087,27.183,95.325,-21.481,19.71,-0.36,16.75,9.26,9.49,-10.7,3.78,1.378,0.111,15.043,56.313,-17.545,11.912,
2026-01-26 05:42:08.583,pick_to_retreat_feeder,806.846,-482.256,1726.383,-10.885,56.086,-86.626,-205.673,-13.726,-100.832,-139.694,-73.612,-51.97,2.533,3.982,27.309,95.995,-22.178,20.135,-0.47,16.83,9.51,9.71,-11.14,3.77,1.066,-0.149,11.655,43.993,-14.073,9.233,
2026-01-26 05:42:08.688,pick_to_retreat_feeder,800.303,-490.828,1756.903,8.653,60.093,-73.924,-205.424,-13.369,-98.14,-130.165,-75.965,-49.894,2.523,3.877,27.213,95.818,-22.516,20.292,-0.33,16.82,9.75,9.66,-11.26,3.89,0.889,-0.235,9.727,36.878,-11.926,7.66,
2026-01-26 05:42:08.792,pick_to_retreat_feeder,793.665,-496.248,1782.878,29.512,61.5,-59.289,-205.191,-13.036,-95.626,-121.268,-78.155,-47.962,2.474,3.74,26.695,94.105,-22.362,20.049,-0.03,16.67,10.02,9.46,-11.42,3.84,0.636,-0.448,6.972,26.868,-9.106,5.453,
2026-01-26 05:42:08.893,pick_to_retreat_feeder,787.719,-498.881,1804.352,48.349,60.628,-45.977,-204.981,-12.737,-93.365,-113.271,-80.118,-46.231,2.379,3.553,25.672,90.572,-21.679,19.364,-0.03,16.59,10.18,9.26,-11.24,3.74,0.337,-0.739,3.737,15.188,-5.923,2.894,
2026-01-26 05:42:08.994,pick_to_retreat_feeder,782.487,-499.358,1823.077,64.349,58.204,-35.133,-204.785,-12.457,-91.249,-105.785,-81.95,-44.617,2.274,3.365,24.545,86.645,-20.839,18.559,-0.0,16.45,10.4,9.0,-10.98,3.71,0.169,-0.856,1.923,8.561,-4.023,1.443,
2026-01-26 05:42:09.094,pick_to_retreat_feeder,778.089,-498.03,1839.634,77.317,54.894,-27.006,-204.602,-12.195,-89.267,-98.777,-83.66,-43.11,2.164,3.179,23.362,82.504,-19.905,17.685,0.03,16.38,10.53,8.66,-10.67,3.54,0.027,-0.949,0.382,2.923,-2.4,0.214,
2026-01-26 05:42:09.196,pick_to_retreat_feeder,774.538,-495.217,1854.502,87.792,51.187,-21.099,-204.43,-11.949,-87.412,-92.216,-85.256,-41.706,2.052,2.998,22.16,78.28,-18.919,16.776,0.23,16.22,10.76,8.24,-10.33,3.45,-0.093,-1.021,-0.92,-1.846,-1.022,-0.819,
2026-01-26 05:42:09.300,pick_to_retreat_feeder,771.685,-491.025,1868.585,96.716,47.234,-16.663,-204.264,-11.711,-85.608,-85.837,-86.803,-40.345,1.956,2.845,21.13,74.657,-18.058,15.984,0.07,16.14,10.71,7.72,-9.84,3.28,-0.132,-0.987,-1.339,-3.478,-0.431,-1.176,
2026-01-26 05:42:09.405,pick_to_retreat_feeder,769.585,-485.826,1881.586,104.183,43.364,-13.441,-204.108,-11.488,-83.924,-79.881,-88.244,-39.079,1.857,2.691,20.059,70.882,-17.144,15.153,0.2,15.93,10.92,7.45,-9.34,3.22,-0.229,-1.046,-2.4,-7.362,0.682,-2.009,
2026-01-26 05:42:09.507,pick_to_retreat_feeder,768.116,-479.865,1893.752,110.582,39.677,-11.057,-203.962,-11.28,-82.351,-74.321,-89.585,-37.901,1.756,2.539,18.976,67.063,-16.21,14.309,0.17,15.74,10.93,6.95,-8.87,3.04,-0.31,-1.089,-3.276,-10.576,1.61,-2.693,
2026-01-26 05:42:09.609,pick_to_retreat_feeder,767.182,-473.612,1904.828,115.975,36.346,-9.32,-203.832,-11.093,-80.937,-69.322,-90.786,-36.846,1.644,2.372,17.768,62.794,-15.162,13.368,0.29,15.81,10.95,6.38,-8.39,2.86,-0.426,-1.191,-4.536,-15.139,2.84,-3.653,
2026-01-26 05:42:09.711,pick_to_retreat_feeder,766.595,-466.738,1915.822,120.968,33.123,-7.926,-203.705,-10.911,-79.562,-64.462,-91.951,-35.825,1.55,2.234,16.763,59.246,-14.284,12.58,0.33,15.76,11.01,5.99,-7.86,2.64,-0.42,-1.123,-4.473,-15.009,2.923,-3.618,
2026-01-26 05:42:09.815,pick_to_retreat_feeder,766.296,-459.634,1926.362,125.458,30.146,-6.834,-203.586,-10.741,-78.278,-59.924,-93.036,-34.875,1.459,2.1,15.783,55.779,-13.424,11.811,0.28,15.65,11.02,5.57,-7.43,2.32,-0.463,-1.132,-4.937,-16.732,3.437,-3.97,
2026-01-26 05:42:09.918,pick_to_retreat_feeder,766.199,-452.421,1936.504,129.531,27.407,-5.965,-203.475,-10.582,-77.079,-55.687,-94.045,-33.991,1.371,1.972,14.834,52.427,-12.591,11.067,0.29,15.6,10.93,5.11,-7.0,2.29,-0.495,-1.131,-5.294,-18.069,3.843,-4.237,
2026-01-26 05:42:10.020,pick_to_retreat_feeder,766.228,-445.474,1945.911,133.117,24.986,-5.285,-203.376,-10.439,-76.001,-51.878,-94.949,-33.199,1.277,1.835,13.82,48.841,-11.705,10.279,0.22,15.51,10.95,4.81,-6.52,2.23,-0.558,-1.178,-5.975,-20.545,4.506,-4.736,
2026-01-26 05:42:10.122,pick_to_retreat_feeder,766.331,-438.314,1955.353,136.547,22.673,-4.699,-203.279,-10.301,-74.953,-48.175,-95.826,-32.433,1.199,1.723,12.985,45.889,-10.971,9.626,0.29,15.37,10.92,4.41,-6.18,2.1,-0.53,-1.1,-5.676,-19.545,4.332,-4.51,
2026-01-26 05:42:10.223,pick_to_retreat_feeder,766.458,-431.55,1964.113,139.593,20.633,-4.225,-203.192,-10.176,-74.011,-44.846,-96.612,-31.746,1.117,1.604,12.094,42.739,-10.193,8.936,0.24,15.35,11.05,4.01,-5.84,1.87,-0.575,-1.13,-6.167,-21.333,4.809,-4.86,
2026-01-26 05:42:10.326,pick_to_retreat_feeder,766.589,-424.687,1972.895,142.525,18.687,-3.802,-203.108,-10.055,-73.094,-41.61,-97.374,-31.081,1.049,1.506,11.361,40.146,-9.549,8.365,0.32,15.22,10.91,3.77,-5.53,1.8,-0.542,-1.051,-5.81,-20.122,4.569,-4.589,
2026-01-26 05:42:10.426,pick_to_retreat_feeder,766.693,-418.286,1981.023,145.141,16.969,-3.45,-203.032,-9.946,-72.271,-38.7,-98.057,-30.485,0.976,1.402,10.58,37.383,-8.869,7.763,0.23,15.19,10.88,3.42,-5.04,1.69,-0.573,-1.068,-6.155,-21.381,4.903,-4.825,
2026-01-26 05:42:10.528,pick_to_retreat_feeder,766.762,-411.861,1989.149,147.669,15.329,-3.126,-202.958,-9.84,-71.47,-35.871,-98.719,-29.908,0.917,1.316,9.937,35.109,-8.307,7.264,0.25,15.15,10.72,3.15,-4.75,1.43,-0.537,-0.992,-5.767,-20.049,4.622,-4.53,
2026-01-26 05:42:10.633,pick_to_retreat_feeder,766.783,-405.69,1996.94,150.017,13.825,-2.837,-202.889,-9.741,-70.722,-33.23,-99.335,-29.372,0.86,1.235,9.322,32.935,-7.77,6.79,0.21,15.0,10.79,2.77,-4.48,1.52,-0.532,-0.963,-5.721,-19.921,4.618,-4.48,
2026-01-26 05:42:10.734,pick_to_retreat_feeder,766.754,-400.008,2004.115,152.119,12.494,-2.586,-202.827,-9.652,-70.05,-30.856,-99.887,-28.891,0.8,1.148,8.672,30.637,-7.208,6.293,0.32,15.05,10.74,2.58,-4.11,1.4,-0.549,-0.966,-5.904,-20.599,4.795,-4.593,
2026-01-26 05:42:10.835,pick_to_retreat_feeder,766.675,-394.578,2010.983,154.079,11.268,-2.356,-202.769,-9.569,-69.421,-28.633,-100.402,-28.443,0.745,1.07,8.077,28.534,-6.694,5.84,0.13,14.98,10.69,2.4,-3.84,1.29,-0.534,-0.926,-5.743,-20.055,4.684,-4.457,
2026-01-26 05:42:10.936,pick_to_retreat_feeder,766.549,-389.401,2017.546,155.909,10.137,-2.143,-202.715,-9.491,-68.832,-26.553,-100.883,-28.025,0.694,0.997,7.531,26.602,-6.223,5.425,0.17,14.97,10.67,2.09,-3.68,1.28,-0.517,-0.887,-5.57,-19.47,4.559,-4.313,
2026-01-26 05:42:11.037,pick_to_retreat_feeder,766.377,-384.476,2023.807,157.616,9.092,-1.946,-202.664,-9.418,-68.28,-24.605,-101.332,-27.636,0.647,0.93,7.027,24.821,-5.79,5.043,0.12,14.86,10.65,1.93,-3.34,1.15,-0.5,-0.848,-5.389,-18.852,4.424,-4.164,
2026-01-26 05:42:11.140,pick_to_retreat_feeder,766.154,-379.619,2030.005,159.272,8.089,-1.753,-202.615,-9.347,-67.744,-22.711,-101.767,-27.258,0.609,0.875,6.611,23.35,-5.43,4.726,0.09,14.8,10.53,1.7,-3.13,1.03,-0.464,-0.783,-5.003,-17.506,4.119,-3.87,
2026-01-26 05:42:11.243,pick_to_retreat_feeder,765.903,-375.197,2035.669,160.756,7.198,-1.58,-202.571,-9.283,-67.262,-21.009,-102.157,-26.92,0.568,0.816,6.163,21.768,-5.047,4.39,0.18,14.71,10.54,1.58,-3.02,1.01,-0.468,-0.777,-5.045,-17.67,4.159,-3.878,
2026-01-26 05:42:11.346,pick_to_retreat_feeder,765.608,-370.849,2041.26,162.196,6.341,-1.409,-202.527,-9.221,-66.793,-19.354,-102.535,-26.593,0.534,0.767,5.794,20.464,-4.731,4.111,0.04,14.75,10.53,1.48,-2.72,0.89,-0.433,-0.717,-4.673,-16.374,3.862,-3.596,
2026-01-26 05:42:11.448,pick_to_retreat_feeder,765.285,-366.748,2046.555,163.537,5.549,-1.248,-202.487,-9.163,-66.355,-17.808,-102.887,-26.288,0.501,0.72,5.44,19.211,-4.428,3.845,0.08,14.7,10.39,1.2,-2.6,0.79,-0.419,-0.686,-4.517,-15.835,3.738,-3.466,
2026-01-26 05:42:11.549,pick_to_retreat_feeder,764.938,-362.885,2051.564,164.786,4.817,-1.096,-202.45,-9.109,-65.947,-16.366,-103.215,-26.005,0.47,0.675,5.102,18.016,-4.139,3.591,0.18,14.68,10.36,1.09,-2.41,0.7,-0.404,-0.656,-4.355,-15.277,3.608,-3.332,
2026-01-26 05:42:11.651,pick_to_retreat_feeder,764.573,-359.249,2056.297,165.95,4.139,-0.951,-202.415,-9.058,-65.565,-15.019,-103.519,-25.741,0.44,0.633,4.78,16.879,-3.866,3.352,0.15,14.6,10.43,0.96,-2.29,0.67,-0.388,-0.626,-4.191,-14.707,3.474,-3.197,
2026-01-26 05:42:11.754,pick_to_retreat_feeder,764.195,-355.831,2060.765,167.034,3.511,-0.814,-202.382,-9.011,-65.209,-13.761,-103.803,-25.497,0.412,0.593,4.476,15.804,-3.609,3.126,0.08,14.47,10.31,0.74,-2.01,0.69,-0.373,-0.597,-4.025,-14.13,3.338,-3.062,
2026-01-26 05:42:11.855,pick_to_retreat_feeder,763.808,-352.62,2064.979,168.044,2.929,-0.683,-202.351,-8.967,-64.876,-12.587,-104.067,-25.269,0.385,0.555,4.188,14.788,-3.367,2.914,0.06,14.51,10.29,0.67,-1.98,0.63,-0.357,-0.569,-3.859,-13.551,3.2,-2.927,
2026-01-26 05:42:11.958,pick_to_retreat_feeder,763.401,-349.493,2069.097,169.02,2.369,-0.555,-202.322,-8.924,-64.554,-11.45,-104.322,-25.049,0.363,0.523,3.947,13.934,-3.162,2.735,-0.07,14.56,10.23,0.53,-1.79,0.53,-0.331,-0.526,-3.578,-12.569,2.972,-2.716,
2026-01-26 05:42:12.061,pick_to_retreat_feeder,763.022,-346.776,2072.689,169.862,1.888,-0.442,-202.296,-8.887,-64.276,-10.467,-104.542,-24.86,0.336,0.484,3.656,12.908,-2.921,2.524,0.18,14.47,10.16,0.45,-1.71,0.63,-0.338,-0.531,-3.657,-12.853,3.027,-2.749,
2026-01-26 05:42:12.165,pick_to_retreat_feeder,762.629,-344.123,2076.207,170.679,1.422,-0.33,-202.271,-8.852,-64.005,-9.511,-104.754,-24.677,0.315,0.453,3.419,12.07,-2.723,2.351,0.09,14.42,10.17,0.43,-1.42,0.44,-0.311,-0.488,-3.368,-11.84,2.792,-2.534,
2026-01-26 05:42:12.267,pick_to_retreat_feeder,762.254,-341.729,2079.392,171.412,1.005,-0.227,-202.249,-8.819,-63.761,-8.652,-104.945,-24.513,0.292,0.42,3.173,11.2,-2.519,2.173,0.05,14.43,10.05,0.23,-1.41,0.53,-0.305,-0.475,-3.305,-11.622,2.734,-2.472,
2026-01-26 05:42:12.370,pick_to_retreat_feeder,761.885,-339.481,2082.393,172.097,0.617,-0.13,-202.228,-8.789,-63.534,-7.848,-105.123,-24.36,0.271,0.391,2.949,10.41,-2.334,2.012,0.05,14.31,10.1,0.18,-1.38,0.47,-0.289,-0.448,-3.13,-11.009,2.588,-2.336,
2026-01-26 05:42:12.471,pick_to_retreat_feeder,761.523,-337.369,2085.219,172.737,0.254,-0.037,-202.208,-8.761,-63.32,-7.095,-105.289,-24.217,0.252,0.364,2.745,9.69,-2.166,1.866,0.06,14.36,10.12,0.2,-1.27,0.42,-0.274,-0.423,-2.962,-10.421,2.448,-2.205,
2026-01-26 05:42:12.571,pick_to_retreat_feeder,761.17,-335.388,2087.879,173.335,-0.084,0.051,-202.19,-8.734,-63.121,-6.39,-105.445,-24.084,0.235,0.339,2.558,9.029,-2.012,1.732,0.12,14.3,10.1,0.05,-1.11,0.36,-0.259,-0.399,-2.802,-9.86,2.314,-2.081,
2026-01-26 05:42:12.673,pick_to_retreat_feeder,760.826,-333.528,2090.381,173.894,-0.4,0.134,-202.173,-8.71,-62.934,-5.731,-105.589,-23.96,0.219,0.316,2.386,8.421,-1.871,1.609,0.13,14.32,10.04,-0.03,-1.14,0.36,-0.245,-0.376,-2.649,-9.324,2.186,-1.963,
2026-01-26 05:42:12.778,pick_to_retreat_feeder,760.479,-331.715,2092.826,174.437,-0.706,0.217,-202.156,-8.686,-62.752,-5.089,-105.73,-23.84,0.206,0.297,2.244,7.919,-1.754,1.507,0.07,14.35,10.04,-0.12,-0.96,0.38,-0.225,-0.345,-2.436,-8.575,2.012,-1.806,
2026-01-26 05:42:12.879,pick_to_retreat_feeder,760.157,-330.083,2095.034,174.924,-0.981,0.292,-202.141,-8.664,-62.589,-4.513,-105.855,-23.733,0.192,0.277,2.091,7.381,-1.63,1.399,0.02,14.39,9.94,-0.16,-0.94,0.19,-0.219,-0.335,-2.376,-8.366,1.956,-1.751,
2026-01-26 05:42:12.979,pick_to_retreat_feeder,759.846,-328.552,2097.108,175.379,-1.237,0.363,-202.127,-8.644,-62.436,-3.973,-105.973,-23.632,0.179,0.259,1.951,6.885,-1.516,1.3,-0.04,14.24,9.93,-0.14,-0.88,0.31,-0.207,-0.315,-2.243,-7.897,1.844,-1.648,
2026-01-26 05:42:13.080,pick_to_retreat_feeder,759.559,-327.172,2098.982,175.788,-1.468,0.428,-202.114,-8.625,-62.298,-3.487,-106.078,-23.542,0.166,0.24,1.807,6.378,-1.4,1.2,-0.02,14.14,9.94,-0.16,-0.83,0.29,-0.2,-0.304,-2.172,-7.648,1.781,-1.587,
2026-01-26 05:42:13.181,pick_to_retreat_feeder,759.249,-325.719,2100.96,176.218,-1.71,0.498,-202.101,-8.606,-62.153,-2.977,-106.188,-23.448,0.158,0.228,1.717,6.06,-1.326,1.135,0.02,14.27,9.87,-0.16,-0.77,0.27,-0.174,-0.264,-1.883,-6.632,1.551,-1.386,
2026-01-26 05:42:13.285,pick_to_retreat_feeder,758.964,-324.412,2102.741,176.603,-1.927,0.561,-202.089,-8.589,-62.023,-2.518,-106.287,-23.364,0.148,0.214,1.613,5.692,-1.242,1.062,0.05,14.23,9.87,-0.37,-0.74,0.21,-0.17,-0.257,-1.843,-6.491,1.512,-1.347,
2026-01-26 05:42:13.388,pick_to_retreat_feeder,758.692,-323.191,2104.41,176.962,-2.129,0.62,-202.078,-8.573,-61.902,-2.09,-106.379,-23.286,0.139,0.201,1.513,5.339,-1.161,0.992,-0.08,14.23,9.89,-0.38,-0.65,0.18,-0.161,-0.243,-1.745,-6.146,1.429,-1.271,
2026-01-26 05:42:13.490,pick_to_retreat_feeder,758.433,-322.049,2105.972,177.297,-2.318,0.676,-202.067,-8.558,-61.788,-1.69,-106.465,-23.213,0.13,0.188,1.418,5.004,-1.085,0.926,-0.03,14.2,9.93,-0.41,-0.65,0.14,-0.152,-0.229,-1.651,-5.815,1.35,-1.199,
2026-01-26 05:42:13.590,pick_to_retreat_feeder,758.186,-320.982,2107.435,177.609,-2.495,0.729,-202.057,-8.544,-61.683,-1.317,-106.544,-23.145,0.122,0.176,1.328,4.686,-1.013,0.864,-0.03,14.12,9.88,-0.39,-0.65,0.24,-0.144,-0.216,-1.561,-5.499,1.274,-1.13,
2026-01-26 05:42:13.694,pick_to_retreat_feeder,757.944,-319.948,2108.854,177.911,-2.665,0.781,-202.048,-8.53,-61.58,-0.955,-106.621,-23.08,0.115,0.166,1.252,4.418,-0.952,0.811,0.01,14.1,9.81,-0.42,-0.61,0.21,-0.133,-0.199,-1.438,-5.068,1.175,-1.041,
2026-01-26 05:42:13.796,pick_to_retreat_feeder,757.722,-319.018,2110.132,178.182,-2.819,0.828,-202.04,-8.518,-61.488,-0.631,-106.69,-23.021,0.108,0.155,1.169,4.125,-0.886,0.754,-0.04,14.16,9.78,-0.43,-0.53,0.23,-0.129,-0.193,-1.399,-4.93,1.138,-1.006,
2026-01-26 05:42:13.899,pick_to_retreat_feeder,757.592,-318.477,2110.877,178.339,-2.908,0.856,-202.035,-8.511,-61.435,-0.442,-106.73,-22.988,0.093,0.134,1.011,3.566,-0.764,0.651,0.08,14.13,9.92,-0.37,-0.55,0.09,-0.151,-0.225,-1.644,-5.793,1.313,-1.151,
2026-01-26 05:42:13.989,pick_to_retreat_feeder,757.442,-317.863,2111.723,178.518,-3.009,0.887,-202.029,-8.503,-61.374,-0.228,-106.775,-22.949,0.084,0.121,0.91,3.21,-0.686,0.584,-0.03,14.11,9.91,-0.5,-0.39,0.07,-0.13,-0.193,-1.408,-4.961,1.129,-0.991,
2026-01-26 05:42:14.103,pick_to_retreat_feeder,757.255,-317.1,2112.775,178.739,-3.134,0.926,-202.022,-8.493,-61.298,0.038,-106.831,-22.902,0.08,0.116,0.871,3.072,-0.655,0.556,0.05,14.07,9.81,-0.56,-0.5,0.19,-0.103,-0.154,-1.12,-3.947,0.908,-0.801,
2026-01-26 05:42:14.205,pick_to_retreat_feeder,757.078,-316.385,2113.761,178.946,-3.252,0.963,-202.016,-8.483,-61.228,0.287,-106.883,-22.858,0.076,0.11,0.83,2.927,-0.622,0.528,-0.04,14.08,9.81,-0.6,-0.42,0.15,-0.097,-0.145,-1.056,-3.722,0.855,-0.753,
2026-01-26 05:42:14.307,pick_to_retreat_feeder,756.91,-315.716,2114.686,179.139,-3.362,0.998,-202.01,-8.475,-61.162,0.52,-106.932,-22.816,0.072,0.105,0.788,2.778,-0.588,0.499,-0.1,14.12,9.82,-0.55,-0.5,0.18,-0.092,-0.136,-0.996,-3.509,0.804,-0.708,
2026-01-26 05:42:14.410,pick_to_retreat_feeder,756.745,-315.065,2115.587,179.328,-3.469,1.033,-202.004,-8.466,-61.097,0.747,-106.98,-22.776,0.069,0.1,0.751,2.65,-0.559,0.474,0.03,14.1,9.75,-0.66,-0.41,0.15,-0.084,-0.125,-0.914,-3.223,0.739,-0.65,
2026-01-26 05:42:14.511,pick_to_retreat_feeder,756.596,-314.48,2116.398,179.496,-3.565,1.064,-201.998,-8.458,-61.04,0.951,-107.022,-22.741,0.065,0.094,0.708,2.496,-0.525,0.445,0.03,14.02,9.8,-0.68,-0.29,0.11,-0.082,-0.121,-0.888,-3.13,0.714,-0.627,waypoint
2026-01-26 05:42:14.612,retreat_feeder_to_approach_machine,740.559,-331.805,2117.431,179.695,-3.59,-0.61,-203.585,-7.926,-61.58,1.147,-107.067,-22.596,-3.918,1.402,-0.819,2.364,-0.506,0.695,-0.04,14.5,9.44,-0.67,-0.41,0.37,-15.995,5.139,-6.775,-2.887,0.618,0.526,
2026-01-26 05:42:14.716,retreat_feeder_to_approach_machine,692.729,-378.819,2118.527,-179.982,-3.466,-6.108,-208.137,-6.415,-63.23,1.353,-107.144,-21.594,-14.319,4.829,-4.74,2.288,-0.572,3.025,-0.09,14.5,9.2,-0.61,-0.3,0.67,-44.049,14.413,-17.205,-2.506,0.234,9.041,
2026-01-26 05:42:14.820,retreat_feeder_to_approach_machine,649.162,-415.022,2119.01,-179.677,-3.341,-11.225,-212.071,-5.109,-64.656,1.536,-107.221,-20.362,-20.573,6.887,-7.12,2.173,-0.623,5.349,-0.3,14.48,9.06,-0.6,-0.41,1.19,-33.458,10.919,-13.237,-2.486,0.203,10.441,
2026-01-26 05:42:14.920,retreat_feeder_to_approach_machine,605.01,-446.345,2119.063,-179.376,-3.205,-16.334,-215.912,-3.833,-66.048,1.716,-107.3,-19.045,-25.033,8.353,-8.82,2.08,-0.664,7.305,-0.35,14.05,8.89,-0.7,-0.34,1.48,-29.188,9.52,-11.577,-2.265,0.175,10.252,
2026-01-26 05:42:15.024,retreat_feeder_to_approach_machine,557.578,-474.767,2118.674,-179.065,-3.049,-21.708,-219.924,-2.501,-67.502,1.904,-107.383,-17.63,-28.804,9.595,-10.25,2.031,-0.705,9.017,-0.44,13.69,8.89,-0.68,-0.39,1.68,-27.976,9.135,-11.038,-1.954,0.117,10.204,
2026-01-26 05:42:15.125,retreat_feeder_to_approach_machine,515.778,-495.793,2117.972,-178.802,-2.903,-26.363,-223.393,-1.35,-68.759,2.068,-107.454,-16.399,-30.276,10.076,-10.831,1.931,-0.707,9.841,-0.51,13.18,8.74,-0.73,-0.41,1.8,-19.751,6.419,-7.967,-2.012,0.217,7.345,
2026-01-26 05:42:15.228,retreat_feeder_to_approach_machine,474.854,-513.026,2116.967,-178.553,-2.754,-30.868,-226.752,-0.234,-69.977,2.226,-107.523,-15.207,-31.105,10.345,-11.167,1.843,-0.703,10.359,-0.66,12.63,8.69,-0.69,-0.29,1.87,-16.679,5.413,-6.773,-1.863,0.22,6.21,
2026-01-26 05:42:15.332,retreat_feeder_to_approach_machine,436.549,-526.328,2115.745,-178.326,-2.606,-35.059,-229.881,0.804,-71.111,2.373,-107.587,-14.101,-31.15,10.356,-11.21,1.75,-0.687,10.534,-0.77,11.94,8.7,-0.73,-0.35,1.93,-12.702,4.105,-5.258,-1.786,0.247,4.736,
2026-01-26 05:42:15.435,retreat_feeder_to_approach_machine,400.866,-536.364,2114.358,-178.12,-2.463,-38.958,-232.794,1.772,-72.167,2.509,-107.646,-13.075,-30.646,10.185,-11.047,1.655,-0.664,10.465,-0.81,11.4,8.77,-0.79,-0.33,2.06,-9.282,2.981,-3.953,-1.709,0.269,3.462,
2026-01-26 05:42:15.536,retreat_feeder_to_approach_machine,368.934,-543.472,2112.908,-177.939,-2.329,-42.454,-235.411,2.64,-73.115,2.632,-107.7,-12.158,-29.525,9.81,-10.656,1.548,-0.631,10.143,-0.9,10.9,8.76,-0.69,-0.34,1.94,-5.38,1.696,-2.48,-1.678,0.304,2.033,
2026-01-26 05:42:15.640,retreat_feeder_to_approach_machine,338.207,-548.67,2111.319,-177.767,-2.194,-45.836,-237.944,3.481,-74.033,2.751,-107.751,-11.273,-28.478,9.46,-10.288,1.459,-0.602,9.82,-0.86,10.33,8.74,-0.77,-0.25,1.85,-4.015,1.251,-1.933,-1.55,0.292,1.503,
2026-01-26 05:42:15.740,retreat_feeder_to_approach_machine,311.863,-551.854,2109.8,-177.622,-2.075,-48.756,-240.134,4.209,-74.827,2.854,-107.795,-10.511,-26.834,8.913,-9.7,1.351,-0.562,9.27,-1.09,9.81,8.79,-0.83,-0.27,1.76,-0.182,-0.013,-0.495,-1.556,0.334,0.124,
2026-01-26 05:42:15.840,retreat_feeder_to_approach_machine,286.499,-553.808,2108.193,-177.483,-1.956,-51.593,-242.264,4.916,-75.599,2.954,-107.838,-9.773,-25.45,8.453,-9.205,1.263,-0.529,8.798,-0.99,9.26,8.79,-0.82,-0.28,1.8,0.442,-0.213,-0.227,-1.429,0.314,-0.128,
2026-01-26 05:42:15.944,retreat_feeder_to_approach_machine,263.082,-554.638,2106.577,-177.357,-1.842,-54.238,-244.253,5.576,-76.32,3.047,-107.878,-9.086,-24.059,7.99,-8.706,1.18,-0.496,8.314,-0.96,8.68,8.84,-0.77,-0.29,1.64,1.809,-0.66,0.308,-1.353,0.312,-0.632,
2026-01-26 05:42:16.045,retreat_feeder_to_approach_machine,241.484,-554.566,2104.967,-177.241,-1.733,-56.706,-246.109,6.192,-76.993,3.134,-107.915,-8.448,-22.686,7.534,-8.212,1.103,-0.465,7.832,-1.05,8.32,8.89,-0.75,-0.17,1.6,2.946,-1.032,0.754,-1.28,0.309,-1.049,
2026-01-26 05:42:16.149,retreat_feeder_to_approach_machine,221.577,-553.777,2103.377,-177.134,-1.63,-59.007,-247.843,6.768,-77.621,3.215,-107.95,-7.854,-21.349,7.089,-7.73,1.03,-0.435,7.358,-0.95,7.83,8.99,-0.79,-0.21,1.49,3.882,-1.337,1.125,-1.21,0.304,-1.391,
2026-01-26 05:42:16.249,retreat_feeder_to_approach_machine,203.236,-552.426,2101.816,-177.037,-1.532,-61.153,-249.462,7.306,-78.208,3.291,-107.982,-7.302,-20.059,6.661,-7.264,0.962,-0.407,6.899,-0.97,7.37,9.01,-0.86,-0.21,1.32,4.643,-1.585,1.429,-1.143,0.297,-1.668,
2026-01-26 05:42:16.352,retreat_feeder_to_approach_machine,186.344,-550.64,2100.292,-176.947,-1.439,-63.155,-250.974,7.807,-78.756,3.362,-108.012,-6.789,-18.823,6.25,-6.818,0.898,-0.38,6.458,-1.01,7.14,9.15,-0.76,-0.16,1.34,5.251,-1.782,1.675,-1.079,0.29,-1.887,
2026-01-26 05:42:16.452,retreat_feeder_to_approach_machine,170.787,-548.527,2098.811,-176.865,-1.351,-65.022,-252.385,8.276,-79.267,3.428,-108.04,-6.311,-17.646,5.859,-6.392,0.839,-0.355,6.037,-0.96,6.74,9.17,-0.87,-0.18,1.25,5.728,-1.937,1.87,-1.019,0.282,-2.058,
2026-01-26 05:42:16.555,retreat_feeder_to_approach_machine,156.99,-546.268,2097.432,-176.792,-1.271,-66.698,-253.654,8.697,-79.727,3.487,-108.065,-5.883,-16.407,5.448,-5.944,0.777,-0.329,5.597,-0.89,6.49,9.13,-0.77,-0.21,1.25,6.581,-2.216,2.2,-0.984,0.282,-2.352,
2026-01-26 05:42:16.656,retreat_feeder_to_approach_machine,143.752,-543.752,2096.049,-176.722,-1.193,-68.327,-254.888,9.107,-80.174,3.545,-108.089,-5.469,-15.389,5.11,-5.576,0.727,-0.307,5.233,-0.89,6.11,9.22,-0.79,-0.21,1.03,6.273,-2.111,2.107,-0.902,0.262,-2.251,
2026-01-26 05:42:16.757,retreat_feeder_to_approach_machine,133.369,-541.535,2094.919,-176.667,-1.13,-69.619,-255.868,9.432,-80.529,3.591,-108.108,-5.141,-13.992,4.646,-5.07,0.66,-0.278,4.744,-0.77,5.87,9.21,-0.77,-0.13,1.0,8.185,-2.743,2.817,-0.931,0.286,-2.89,
2026-01-26 05:42:16.858,retreat_feeder_to_approach_machine,121.99,-538.852,2093.635,-176.607,-1.06,-71.051,-256.955,9.793,-80.923,3.642,-108.13,-4.779,-13.212,4.387,-4.787,0.622,-0.262,4.464,-0.8,5.72,9.3,-0.8,-0.11,0.99,6.294,-2.113,2.146,-0.788,0.237,-2.256,
2026-01-26 05:42:16.959,retreat_feeder_to_approach_machine,111.889,-536.244,2092.452,-176.554,-0.996,-72.337,-257.932,10.118,-81.278,3.687,-108.149,-4.455,-12.352,4.101,-4.476,0.58,-0.244,4.159,-0.71,5.39,9.27,-0.82,-0.14,0.94,6.763,-2.266,2.33,-0.76,0.235,-2.409,
2026-01-26 05:42:17.061,retreat_feeder_to_approach_machine,102.187,-533.534,2091.277,-176.503,-0.934,-73.586,-258.882,10.433,-81.622,3.732,-108.167,-4.141,-11.64,3.865,-4.218,0.546,-0.229,3.905,-0.66,5.24,9.38,-0.91,-0.23,0.79,6.357,-2.129,2.195,-0.697,0.218,-2.27,
2026-01-26 05:42:17.165,retreat_feeder_to_approach_machine,93.238,-530.851,2090.156,-176.455,-0.876,-74.752,-259.769,10.728,-81.944,3.773,-108.184,-3.848,-10.948,3.635,-3.968,0.513,-0.215,3.659,-0.66,4.92,9.3,-0.85,-0.13,0.72,6.351,-2.125,2.203,-0.657,0.209,-2.263,
2026-01-26 05:42:17.265,retreat_feeder_to_approach_machine,84.98,-528.216,2089.091,-176.412,-0.821,-75.838,-260.598,11.003,-82.244,3.812,-108.2,-3.577,-10.282,3.414,-3.726,0.481,-0.201,3.424,-0.64,4.79,9.42,-0.83,-0.12,0.66,6.304,-2.108,2.196,-0.619,0.2,-2.241,
2026-01-26 05:42:17.366,retreat_feeder_to_approach_machine,77.356,-525.644,2088.078,-176.371,-0.769,-76.852,-261.372,11.26,-82.524,3.848,-108.215,-3.324,-9.646,3.202,-3.496,0.451,-0.188,3.199,-0.61,4.66,9.44,-0.84,-0.1,0.74,6.222,-2.08,2.176,-0.583,0.191,-2.207,
2026-01-26 05:42:17.467,retreat_feeder_to_approach_machine,70.314,-523.147,2087.118,-176.334,-0.721,-77.798,-262.094,11.499,-82.786,3.881,-108.229,-3.089,-9.04,3.001,-3.276,0.423,-0.175,2.987,-0.58,4.42,9.42,-0.86,-0.18,0.68,6.113,-2.042,2.144,-0.549,0.182,-2.164,
2026-01-26 05:42:17.567,retreat_feeder_to_approach_machine,64.049,-520.825,2086.242,-176.301,-0.678,-78.647,-262.743,11.715,-83.022,3.911,-108.241,-2.879,-8.403,2.79,-3.046,0.392,-0.163,2.766,-0.61,4.28,9.48,-0.94,-0.11,0.62,6.231,-2.08,2.194,-0.528,0.178,-2.193,
2026-01-26 05:42:17.668,retreat_feeder_to_approach_machine,57.793,-518.41,2085.347,-176.268,-0.634,-79.503,-263.398,11.932,-83.259,3.942,-108.254,-2.667,-7.94,2.636,-2.878,0.371,-0.153,2.603,-0.55,4.2,9.47,-0.82,-0.02,0.56,5.553,-1.854,1.955,-0.473,0.16,-1.964,
2026-01-26 05:42:17.770,retreat_feeder_to_approach_machine,52.024,-516.096,2084.503,-176.237,-0.592,-80.299,-264.008,12.135,-83.48,3.97,-108.265,-2.471,-7.479,2.483,-2.711,0.349,-0.144,2.443,-0.51,4.15,9.57,-0.91,-0.05,0.52,5.448,-1.818,1.922,-0.446,0.153,-1.921,
2026-01-26 05:42:17.870,retreat_feeder_to_approach_machine,46.702,-513.887,2083.708,-176.209,-0.554,-81.039,-264.576,12.323,-83.686,3.997,-108.276,-2.289,-7.029,2.334,-2.548,0.328,-0.135,2.286,-0.41,3.96,9.47,-0.85,-0.08,0.53,5.322,-1.775,1.882,-0.421,0.146,-1.871,
2026-01-26 05:42:17.971,retreat_feeder_to_approach_machine,41.79,-511.781,2082.959,-176.183,-0.518,-81.728,-265.105,12.499,-83.878,4.021,-108.286,-2.121,-6.594,2.189,-2.39,0.307,-0.126,2.136,-0.49,3.71,9.48,-0.86,-0.03,0.4,5.18,-1.727,1.835,-0.398,0.139,-1.816,
2026-01-26 05:42:18.072,retreat_feeder_to_approach_machine,37.255,-509.78,2082.255,-176.158,-0.485,-82.369,-265.597,12.663,-84.056,4.044,-108.295,-1.964,-6.177,2.051,-2.239,0.288,-0.118,1.993,-0.35,3.67,9.64,-0.85,-0.05,0.39,5.026,-1.675,1.783,-0.375,0.132,-1.757,
2026-01-26 05:42:18.174,retreat_feeder_to_approach_machine,33.214,-507.951,2081.617,-176.137,-0.455,-82.944,-266.04,12.809,-84.216,4.065,-108.304,-1.824,-5.738,1.905,-2.08,0.267,-0.109,1.845,-0.41,3.52,9.67,-0.83,-0.12,0.41,5.026,-1.675,1.787,-0.361,0.129,-1.747,
2026-01-26 05:42:18.275,retreat_feeder_to_approach_machine,29.33,-506.15,2080.994,-176.116,-0.426,-83.5,-266.468,12.952,-84.372,4.085,-108.312,-1.69,-5.375,1.784,-1.948,0.25,-0.102,1.721,-0.35,3.49,9.68,-0.92,-0.04,0.32,4.663,-1.553,1.659,-0.331,0.119,-1.622,
2026-01-26 05:42:18.379,retreat_feeder_to_approach_machine,25.739,-504.447,2080.409,-176.097,-0.399,-84.017,-266.867,13.084,-84.516,4.103,-108.319,-1.564,-5.028,1.669,-1.822,0.234,-0.095,1.603,-0.31,3.36,9.62,-0.83,-0.03,0.38,4.491,-1.496,1.6,-0.312,0.113,-1.557,
2026-01-26 05:42:18.480,retreat_feeder_to_approach_machine,22.417,-502.84,2079.861,-176.079,-0.373,-84.499,-267.238,13.207,-84.651,4.12,-108.326,-1.448,-4.7,1.56,-1.703,0.218,-0.088,1.492,-0.34,3.28,9.64,-0.88,-0.14,0.31,4.316,-1.437,1.539,-0.293,0.107,-1.493,
2026-01-26 05:42:18.584,retreat_feeder_to_approach_machine,19.344,-501.324,2079.347,-176.062,-0.35,-84.946,-267.584,13.322,-84.776,4.136,-108.332,-1.341,-4.39,1.457,-1.591,0.204,-0.082,1.388,-0.27,3.21,9.71,-0.89,-0.03,0.3,4.14,-1.378,1.478,-0.276,0.101,-1.427,
2026-01-26 05:42:18.689,retreat_feeder_to_approach_machine,16.397,-499.845,2078.848,-176.047,-0.327,-85.378,-267.918,13.433,-84.897,4.152,-108.338,-1.238,-4.126,1.37,-1.496,0.192,-0.077,1.299,-0.25,3.18,9.7,-0.83,0.01,0.24,3.849,-1.281,1.375,-0.254,0.093,-1.327,
2026-01-26 05:42:18.790,retreat_feeder_to_approach_machine,13.864,-498.552,2078.414,-176.033,-0.307,-85.751,-268.206,13.529,-85.002,4.165,-108.344,-1.149,-3.816,1.267,-1.383,0.177,-0.071,1.197,-0.26,3.19,9.64,-0.77,-0.07,0.25,3.915,-1.303,1.401,-0.25,0.092,-1.338,
2026-01-26 05:42:18.891,retreat_feeder_to_approach_machine,11.511,-497.335,2078.006,-176.02,-0.289,-86.098,-268.476,13.618,-85.099,4.178,-108.349,-1.066,-3.535,1.174,-1.281,0.164,-0.066,1.105,-0.22,3.1,9.76,-0.92,0.01,0.2,3.715,-1.236,1.33,-0.234,0.087,-1.267,
2026-01-26 05:42:18.994,retreat_feeder_to_approach_machine,9.324,-496.188,2077.624,-176.009,-0.272,-86.423,-268.727,13.702,-85.191,4.189,-108.353,-0.989,-3.28,1.089,-1.189,0.152,-0.061,1.021,-0.22,2.99,9.73,-0.9,-0.03,0.24,3.522,-1.172,1.262,-0.219,0.082,-1.198,
2026-01-26 05:42:19.095,retreat_feeder_to_approach_machine,7.291,-495.109,2077.266,-175.998,-0.256,-86.725,-268.962,13.78,-85.276,4.2,-108.357,-0.917,-3.047,1.012,-1.105,0.141,-0.056,0.945,-0.2,2.93,9.68,-0.98,-0.07,0.24,3.336,-1.11,1.196,-0.205,0.077,-1.132,
2026-01-26 05:42:19.198,retreat_feeder_to_approach_machine,5.401,-494.095,2076.93,-175.987,-0.241,-87.007,-269.181,13.852,-85.355,4.21,-108.361,-0.851,-2.834,0.941,-1.027,0.131,-0.052,0.875,-0.23,2.84,9.7,-0.89,0.01,0.22,3.158,-1.051,1.133,-0.191,0.072,-1.069,
2026-01-26 05:42:19.300,retreat_feeder_to_approach_machine,3.644,-493.142,2076.615,-175.978,-0.227,-87.271,-269.386,13.92,-85.429,4.22,-108.365,-0.789,-2.637,0.876,-0.956,0.122,-0.048,0.811,-0.36,2.87,9.78,-0.83,-0.02,0.17,2.988,-0.994,1.072,-0.179,0.067,-1.009,waypoint
2026-01-26 05:42:19.403,retreat_feeder_to_approach_machine,3.988,-496.57,2053.175,-175.848,0.592,-85.168,-269.368,14.046,-87.439,4.271,-107.455,-2.928,-1.933,0.97,-5.742,0.221,2.239,-4.739,-0.19,3.05,9.5,-0.92,1.79,-1.43,4.916,-0.319,-18.394,0.261,9.198,-22.913,
2026-01-26 05:42:19.507,retreat_feeder_to_approach_machine,4.571,-501.582,2026.707,-175.737,0.383,-80.313,-269.321,14.179,-89.68,4.283,-105.504,-7.885,-1.332,1.06,-9.907,0.195,6.558,-15.947,-0.1,3.17,9.27,-0.9,3.59,-3.29,4.715,-0.213,-18.854,-0.164,18.693,-48.81,
2026-01-26 05:42:19.609,retreat_feeder_to_approach_machine,5.069,-505.76,2002.692,-175.71,-0.106,-75.155,-269.28,14.299,-91.693,4.282,-103.514,-13.16,-0.895,1.095,-12.464,0.143,9.891,-25.148,-0.08,3.34,9.18,-0.96,4.92,-4.72,4.19,-0.323,-14.703,-0.28,17.2,-47.106,
2026-01-26 05:42:19.710,retreat_feeder_to_approach_machine,5.532,-509.167,1979.26,-175.759,-0.643,-69.932,-269.239,14.415,-93.643,4.278,-101.538,-18.504,-0.571,1.111,-14.223,0.097,12.36,-32.22,-0.09,3.37,9.08,-0.93,5.97,-5.81,3.756,-0.328,-12.6,-0.279,15.356,-43.079,
2026-01-26 05:42:19.812,retreat_feeder_to_approach_machine,5.934,-511.612,1958.095,-175.864,-1.125,-65.187,-269.203,14.519,-95.394,4.274,-99.756,-23.356,-0.338,1.094,-15.046,0.063,13.724,-36.295,-0.05,3.5,9.14,-0.96,6.56,-6.61,3.339,-0.413,-9.35,-0.249,11.869,-33.855,
2026-01-26 05:42:19.915,retreat_feeder_to_approach_machine,6.297,-513.349,1938.243,-176.009,-1.559,-60.752,-269.17,14.617,-97.03,4.27,-98.095,-27.889,-0.17,1.064,-15.372,0.038,14.445,-38.555,0.05,3.32,9.08,-0.97,7.01,-7.06,2.981,-0.441,-7.254,-0.218,9.473,-27.285,
2026-01-26 05:42:20.019,retreat_feeder_to_approach_machine,6.636,-514.522,1918.951,-176.189,-1.957,-56.466,-269.137,14.711,-98.613,4.267,-96.492,-32.268,-0.046,1.034,-15.488,0.022,14.842,-39.863,-0.08,3.42,9.16,-0.93,7.18,-7.3,2.672,-0.428,-6.011,-0.192,7.951,-23.011,
2026-01-26 05:42:20.119,retreat_feeder_to_approach_machine,6.941,-515.161,1900.936,-176.389,-2.305,-52.487,-269.107,14.799,-100.088,4.265,-95.004,-36.331,0.041,0.995,-15.302,0.01,14.851,-40.055,-0.02,3.41,9.27,-0.96,7.21,-7.41,2.383,-0.45,-4.321,-0.167,6.003,-17.551,
2026-01-26 05:42:20.220,retreat_feeder_to_approach_machine,7.204,-515.361,1884.727,-176.591,-2.595,-48.926,-269.08,14.877,-101.412,4.263,-93.673,-39.965,0.099,0.943,-14.786,0.003,14.467,-39.126,-0.03,3.23,9.22,-1.02,7.18,-7.29,2.114,-0.495,-2.384,-0.145,3.839,-11.506,
2026-01-26 05:42:20.323,retreat_feeder_to_approach_machine,7.45,-515.216,1869.011,-176.806,-2.856,-45.49,-269.053,14.954,-102.694,4.262,-92.388,-43.47,0.14,0.898,-14.295,-0.001,14.063,-38.107,-0.01,3.23,9.26,-0.98,7.0,-7.07,1.894,-0.47,-1.727,-0.127,2.99,-9.065,
2026-01-26 05:42:20.425,retreat_feeder_to_approach_machine,7.67,-514.78,1854.361,-177.02,-3.079,-42.302,-269.029,15.025,-103.888,4.261,-91.195,-46.72,0.167,0.851,-13.706,-0.004,13.529,-36.707,-0.06,3.14,9.28,-0.93,6.88,-6.95,1.686,-0.476,-0.672,-0.112,1.766,-5.614,
2026-01-26 05:42:20.524,retreat_feeder_to_approach_machine,7.866,-514.114,1840.713,-177.231,-3.269,-39.343,-269.006,15.091,-104.999,4.26,-90.088,-49.735,0.182,0.804,-13.059,-0.005,12.913,-35.067,-0.01,3.16,9.32,-1.02,6.5,-6.72,1.501,-0.477,0.216,-0.098,0.732,-2.694,
2026-01-26 05:42:20.625,retreat_feeder_to_approach_machine,8.036,-513.3,1828.456,-177.427,-3.424,-36.696,-268.985,15.15,-105.998,4.259,-89.098,-52.431,0.188,0.751,-12.29,-0.006,12.161,-33.04,0.07,3.11,9.39,-0.99,6.3,-6.29,1.328,-0.497,1.329,-0.086,-0.504,0.762,
2026-01-26 05:42:20.727,retreat_feeder_to_approach_machine,8.189,-512.357,1817.014,-177.615,-3.556,-34.234,-268.966,15.206,-106.93,4.258,-88.176,-54.938,0.189,0.702,-11.548,-0.006,11.426,-31.048,0.06,3.08,9.51,-0.9,5.92,-6.03,1.181,-0.487,1.858,-0.076,-1.14,2.573,
2026-01-26 05:42:20.828,retreat_feeder_to_approach_machine,8.327,-511.315,1806.334,-177.795,-3.668,-31.943,-268.948,15.258,-107.8,4.258,-87.318,-57.27,0.187,0.656,-10.837,-0.005,10.714,-29.116,-0.02,3.02,9.47,-0.89,5.76,-5.71,1.05,-0.475,2.29,-0.067,-1.665,4.07,
2026-01-26 05:42:20.932,retreat_feeder_to_approach_machine,8.454,-510.159,1795.997,-177.971,-3.766,-29.733,-268.931,15.308,-108.643,4.258,-86.49,-59.519,0.183,0.617,-10.235,-0.005,10.106,-27.459,0.01,3.02,9.61,-0.98,5.42,-5.41,0.94,-0.444,2.337,-0.059,-1.797,4.492,
2026-01-26 05:42:21.032,retreat_feeder_to_approach_machine,8.561,-509.041,1787.067,-178.124,-3.842,-27.829,-268.916,15.351,-109.372,4.257,-85.776,-61.456,0.175,0.571,-9.498,-0.004,9.364,-25.436,0.03,2.92,9.64,-1.02,5.19,-5.17,0.822,-0.467,3.245,-0.052,-2.762,7.167,
2026-01-26 05:42:21.133,retreat_feeder_to_approach_machine,8.657,-507.896,1778.713,-178.268,-3.906,-26.054,-268.902,15.392,-110.054,4.257,-85.11,-63.262,0.167,0.53,-8.829,-0.004,8.688,-23.592,0.04,2.92,9.72,-1.03,4.78,-4.84,0.731,-0.448,3.385,-0.047,-2.961,7.755,
2026-01-26 05:42:21.238,retreat_feeder_to_approach_machine,8.747,-506.69,1770.596,-178.409,-3.961,-24.334,-268.888,15.431,-110.717,4.257,-84.464,-65.011,0.159,0.496,-8.28,-0.003,8.13,-22.067,0.07,2.8,9.59,-0.89,4.43,-4.51,0.654,-0.415,3.235,-0.041,-2.869,7.547,
2026-01-26 05:42:21.338,retreat_feeder_to_approach_machine,8.828,-505.482,1763.025,-178.539,-4.008,-22.734,-268.875,15.468,-111.336,4.257,-83.863,-66.638,0.151,0.464,-7.758,-0.003,7.6,-20.618,-0.01,2.71,9.7,-0.99,4.19,-4.28,0.579,-0.399,3.352,-0.037,-3.029,8.017,
2026-01-26 05:42:21.443,retreat_feeder_to_approach_machine,8.901,-504.283,1755.961,-178.66,-4.046,-21.246,-268.863,15.502,-111.915,4.257,-83.304,-68.151,0.143,0.434,-7.264,-0.002,7.099,-19.246,0.05,2.51,9.76,-1.1,3.93,-4.07,0.513,-0.384,3.427,-0.033,-3.142,8.354,
2026-01-26 05:42:21.545,retreat_feeder_to_approach_machine,8.967,-503.1,1749.373,-178.773,-4.078,-19.862,-268.852,15.534,-112.455,4.257,-82.783,-69.558,0.135,0.406,-6.798,-0.002,6.626,-17.952,0.07,2.68,9.83,-0.92,3.73,-3.81,0.454,-0.368,3.468,-0.029,-3.215,8.577,
2026-01-26 05:42:21.648,retreat_feeder_to_approach_machine,9.025,-501.985,1743.455,-178.873,-4.103,-18.622,-268.842,15.563,-112.94,4.257,-82.316,-70.818,0.127,0.376,-6.312,-0.001,6.136,-16.614,-0.01,2.55,9.83,-1.03,3.51,-3.51,0.397,-0.364,3.666,-0.026,-3.434,9.19,
2026-01-26 05:42:21.751,retreat_feeder_to_approach_machine,9.077,-500.897,1737.921,-178.965,-4.123,-17.467,-268.833,15.59,-113.394,4.257,-81.881,-71.993,0.118,0.35,-5.87,-0.001,5.691,-15.399,0.01,2.54,9.91,-0.99,3.27,-3.27,0.351,-0.346,3.609,-0.024,-3.401,9.12,
2026-01-26 05:42:21.854,retreat_feeder_to_approach_machine,9.124,-499.839,1732.744,-179.051,-4.14,-16.389,-268.824,15.615,-113.82,4.257,-81.474,-73.089,0.111,0.326,-5.466,-0.001,5.285,-14.289,0.07,2.51,9.85,-0.98,3.03,-3.06,0.31,-0.329,3.539,-0.021,-3.351,9.0,
2026-01-26 05:42:21.955,retreat_feeder_to_approach_machine,9.166,-498.814,1727.903,-179.13,-4.153,-15.383,-268.816,15.639,-114.218,4.257,-81.095,-74.111,0.104,0.303,-5.095,-0.001,4.913,-13.272,-0.05,2.55,9.82,-0.96,2.9,-2.94,0.273,-0.312,3.456,-0.019,-3.287,8.839,
2026-01-26 05:42:22.059,retreat_feeder_to_approach_machine,9.205,-497.824,1723.374,-179.203,-4.164,-14.446,-268.808,15.661,-114.591,4.257,-80.74,-75.065,0.097,0.283,-4.753,-0.0,4.57,-12.337,0.07,2.39,9.78,-0.94,2.64,-2.72,0.241,-0.296,3.365,-0.017,-3.211,8.643,
2026-01-26 05:42:22.162,retreat_feeder_to_approach_machine,9.24,-496.871,1719.138,-179.27,-4.172,-13.571,-268.801,15.682,-114.94,4.257,-80.41,-75.954,0.091,0.264,-4.438,-0.0,4.254,-11.475,0.0,2.48,9.88,-1.0,2.6,-2.48,0.212,-0.28,3.266,-0.015,-3.125,8.421,
2026-01-26 05:42:22.262,retreat_feeder_to_approach_machine,9.273,-495.956,1715.176,-179.332,-4.179,-12.756,-268.794,15.701,-115.267,4.257,-80.101,-76.783,0.085,0.247,-4.145,-0.0,3.963,-10.679,0.01,2.35,9.86,-0.89,2.34,-2.42,0.186,-0.266,3.162,-0.014,-3.033,8.178,
2026-01-26 05:42:22.364,retreat_feeder_to_approach_machine,9.303,-495.043,1711.326,-179.391,-4.184,-11.966,-268.787,15.72,-115.584,4.257,-79.802,-77.586,0.08,0.232,-3.903,-0.0,3.72,-10.017,-0.06,2.33,9.96,-0.95,2.13,-2.13,0.166,-0.244,2.936,-0.012,-2.824,7.621,
2026-01-26 05:42:22.466,retreat_feeder_to_approach_machine,9.329,-494.205,1707.869,-179.444,-4.188,-11.258,-268.781,15.737,-115.87,4.257,-79.533,-78.305,0.075,0.217,-3.641,-0.0,3.461,-9.31,-0.05,2.3,9.9,-0.88,2.01,-2.07,0.142,-0.239,2.964,-0.011,-2.852,7.698,
2026-01-26 05:42:22.569,retreat_feeder_to_approach_machine,9.354,-493.404,1704.634,-179.492,-4.19,-10.599,-268.776,15.753,-116.137,4.257,-79.283,-78.975,0.07,0.202,-3.4,-0.0,3.222,-8.659,-0.06,2.27,10.02,-0.96,1.9,-2.0,0.124,-0.226,2.85,-0.01,-2.745,7.413,
2026-01-26 05:42:22.672,retreat_feeder_to_approach_machine,9.376,-492.64,1701.608,-179.536,-4.192,-9.984,-268.771,15.768,-116.388,4.257,-79.049,-79.601,0.066,0.189,-3.176,-0.0,3.001,-8.058,-0.12,2.24,9.99,-0.93,1.77,-1.76,0.108,-0.214,2.735,-0.009,-2.637,7.124,
2026-01-26 05:42:22.773,retreat_feeder_to_approach_machine,9.396,-491.913,1698.777,-179.576,-4.193,-9.41,-268.766,15.782,-116.622,4.257,-78.831,-80.184,0.061,0.176,-2.968,-0.0,2.796,-7.502,0.09,2.21,9.97,-1.0,1.69,-1.76,0.094,-0.202,2.622,-0.008,-2.529,6.833,
2026-01-26 05:42:22.875,retreat_feeder_to_approach_machine,9.414,-491.221,1696.129,-179.613,-4.194,-8.875,-268.761,15.795,-116.841,4.257,-78.627,-80.728,0.057,0.165,-2.774,-0.0,2.606,-6.986,-0.09,2.18,9.88,-0.93,1.49,-1.49,0.082,-0.19,2.509,-0.007,-2.421,6.543,
2026-01-26 05:42:22.976,retreat_feeder_to_approach_machine,9.431,-490.563,1693.651,-179.648,-4.194,-8.376,-268.757,15.807,-117.047,4.257,-78.437,-81.235,0.054,0.154,-2.594,-0.0,2.43,-6.508,-0.02,2.18,9.96,-0.89,1.42,-1.37,0.071,-0.18,2.398,-0.007,-2.315,6.255,
2026-01-26 05:42:23.077,retreat_feeder_to_approach_machine,9.446,-489.964,1691.423,-179.678,-4.193,-7.929,-268.753,15.818,-117.232,4.257,-78.267,-81.69,0.05,0.143,-2.408,-0.0,2.249,-6.018,-0.01,2.16,9.92,-0.86,1.33,-1.31,0.059,-0.174,2.364,-0.006,-2.278,6.154,
2026-01-26 05:42:23.177,retreat_feeder_to_approach_machine,9.46,-489.371,1689.248,-179.706,-4.192,-7.494,-268.749,15.829,-117.412,4.257,-78.101,-82.133,0.047,0.134,-2.257,-0.0,2.102,-5.62,-0.01,2.07,10.03,-0.93,1.26,-1.16,0.053,-0.159,2.171,-0.005,-2.095,5.662,
2026-01-26 05:42:23.278,retreat_feeder_to_approach_machine,9.473,-488.831,1687.292,-179.732,-4.192,-7.104,-268.746,15.839,-117.575,4.257,-77.951,-82.53,0.044,0.125,-2.099,-0.0,1.949,-5.207,0.0,2.13,10.02,-0.92,1.09,-1.16,0.044,-0.154,2.135,-0.005,-2.056,5.554,
2026-01-26 05:42:23.381,retreat_feeder_to_approach_machine,9.486,-488.277,1685.309,-179.757,-4.19,-6.71,-268.743,15.848,-117.739,4.257,-77.801,-82.93,0.041,0.118,-1.986,-0.0,1.839,-4.907,0.04,2.15,10.08,-0.9,0.99,-1.14,0.04,-0.137,1.898,-0.004,-1.834,4.957,
2026-01-26 05:42:23.484,retreat_feeder_to_approach_machine,9.497,-487.774,1683.527,-179.779,-4.189,-6.357,-268.739,15.857,-117.887,4.256,-77.666,-83.289,0.039,0.11,-1.86,-0.0,1.717,-4.578,0.09,2.09,9.98,-0.94,1.0,-1.01,0.032,-0.133,1.875,-0.004,-1.807,4.881,
2026-01-26 05:42:23.585,retreat_feeder_to_approach_machine,9.507,-487.299,1681.86,-179.799,-4.188,-6.028,-268.737,15.865,-118.026,4.256,-77.539,-83.624,0.036,0.103,-1.741,-0.0,1.603,-4.27,0.04,2.06,10.01,-0.96,0.89,-1.01,0.027,-0.126,1.782,-0.004,-1.716,4.634,
2026-01-26 05:42:23.686,retreat_feeder_to_approach_machine,9.516,-486.85,1680.3,-179.818,-4.186,-5.721,-268.734,15.873,-118.156,4.256,-77.422,-83.936,0.034,0.097,-1.631,-0.0,1.497,-3.983,-0.01,2.04,10.01,-0.96,0.85,-0.86,0.023,-0.118,1.692,-0.003,-1.628,4.397,
2026-01-26 05:42:23.788,retreat_feeder_to_approach_machine,9.525,-486.425,1678.841,-179.834,-4.185,-5.435,-268.731,15.88,-118.277,4.256,-77.312,-84.227,0.032,0.091,-1.527,-0.0,1.397,-3.715,-0.05,1.93,9.89,-0.9,0.86,-0.87,0.019,-0.111,1.606,-0.003,-1.544,4.167,
2026-01-26 05:42:23.889,retreat_feeder_to_approach_machine,9.533,-486.025,1677.474,-179.85,-4.183,-5.168,-268.729,15.887,-118.391,4.256,-77.209,-84.499,0.03,0.085,-1.429,-0.0,1.304,-3.465,0.06,2.04,9.94,-0.97,0.76,-0.73,0.015,-0.105,1.523,-0.003,-1.463,3.947,
2026-01-26 05:42:23.990,retreat_feeder_to_approach_machine,9.54,-485.662,1676.246,-179.863,-4.182,-4.929,-268.727,15.893,-118.494,4.256,-77.117,-84.742,0.028,0.079,-1.328,-0.0,1.208,-3.207,0.03,1.96,10.01,-0.97,0.76,-0.77,0.011,-0.101,1.484,-0.002,-1.422,3.833,
2026-01-26 05:42:24.092,retreat_feeder_to_approach_machine,9.546,-485.305,1675.046,-179.876,-4.181,-4.696,-268.725,15.899,-118.593,4.256,-77.028,-84.979,0.026,0.074,-1.246,-0.0,1.13,-2.998,0.04,2.01,10.07,-0.89,0.72,-0.66,0.01,-0.092,1.36,-0.002,-1.304,3.516,
2026-01-26 05:42:24.195,retreat_feeder_to_approach_machine,9.553,-484.956,1673.88,-179.888,-4.179,-4.47,-268.723,15.905,-118.691,4.256,-76.941,-85.209,0.025,0.07,-1.177,-0.0,1.065,-2.822,0.06,1.96,10.01,-0.94,0.6,-0.62,0.008,-0.085,1.251,-0.002,-1.201,3.239,waypoint
2026-01-26 05:42:24.299,retreat_feeder_to_approach_machine,9.667,-488.221,1672.796,-179.815,-4.17,-4.272,-268.718,15.626,-118.588,4.257,-76.853,-85.415,0.031,-0.644,-0.627,0.002,1.019,-2.631,9.56,-52.76,15.78,-1.4,0.88,-0.63,0.037,-2.92,3.124,0.006,-1.07,3.148,
2026-01-26 05:42:24.402,retreat_feeder_to_approach_machine,11.385,-542.61,1669.16,-179.267,-4.161,-4.082,-268.674,11.442,-115.855,4.317,-75.963,-85.681,0.131,-10.945,6.362,0.152,2.989,-2.639,7.49,-41.66,14.75,-1.19,2.03,-0.59,0.415,-41.689,29.113,0.601,7.056,2.232,
2026-01-26 05:42:24.502,retreat_feeder_to_approach_machine,13.002,-592.884,1662.181,-179.241,-4.181,-3.864,-268.635,7.678,-113.4,4.365,-74.695,-85.966,0.197,-17.619,10.91,0.233,5.411,-2.693,5.93,-32.48,14.0,-1.14,3.11,-0.58,0.335,-33.314,23.429,0.412,10.128,1.815,
2026-01-26 05:42:24.604,retreat_feeder_to_approach_machine,14.638,-642.095,1652.021,-179.32,-4.204,-3.641,-268.597,4.018,-111.013,4.409,-73.36,-86.257,0.244,-22.364,14.149,0.285,7.397,-2.746,4.63,-24.69,13.4,-0.98,3.9,-0.57,0.292,-28.941,20.399,0.339,9.795,1.582,
2026-01-26 05:42:24.706,retreat_feeder_to_approach_machine,16.217,-687.992,1639.523,-179.414,-4.223,-3.43,-268.561,0.6,-108.785,4.45,-72.092,-86.532,0.272,-25.316,16.183,0.316,8.716,-2.746,3.61,-18.04,12.83,-1.1,4.33,-0.58,0.238,-23.621,16.776,0.272,8.132,1.585,
2026-01-26 05:42:24.806,retreat_feeder_to_approach_machine,17.732,-730.61,1625.229,-179.503,-4.238,-3.234,-268.527,-2.591,-106.704,4.488,-70.907,-86.788,0.288,-26.964,17.339,0.332,9.499,-2.701,2.8,-12.4,12.52,-0.88,4.78,-0.49,0.19,-18.994,13.621,0.217,6.495,1.607,
2026-01-26 05:42:24.907,retreat_feeder_to_approach_machine,19.179,-770.058,1609.601,-179.585,-4.249,-3.052,-268.496,-5.57,-104.761,4.524,-69.803,-87.027,0.294,-27.672,17.861,0.338,9.885,-2.623,2.12,-7.57,12.12,-0.98,4.94,-0.5,0.149,-14.98,10.88,0.17,5.038,1.622,
2026-01-26 05:42:25.007,retreat_feeder_to_approach_machine,20.607,-807.827,1592.38,-179.661,-4.257,-2.877,-268.466,-8.455,-102.88,4.558,-68.737,-87.258,0.296,-27.967,18.099,0.34,10.079,-2.544,1.54,-3.33,11.95,-0.83,5.08,-0.55,0.124,-12.54,9.178,0.142,4.155,1.544,
2026-01-26 05:42:25.109,retreat_feeder_to_approach_machine,21.956,-842.522,1574.51,-179.728,-4.263,-2.716,-268.438,-11.142,-101.128,4.59,-67.747,-87.471,0.293,-27.692,17.955,0.336,10.034,-2.443,1.21,0.23,11.59,-0.93,4.95,-0.4,0.091,-9.303,6.967,0.104,2.976,1.556,
2026-01-26 05:42:25.212,retreat_feeder_to_approach_machine,23.227,-874.342,1556.295,-179.789,-4.266,-2.567,-268.411,-13.644,-99.496,4.62,-66.828,-87.67,0.285,-27.025,17.545,0.327,9.823,-2.328,0.89,3.43,11.45,-0.84,4.93,-0.49,0.062,-6.526,5.066,0.072,1.97,1.556,
2026-01-26 05:42:25.315,retreat_feeder_to_approach_machine,24.42,-903.488,1537.984,-179.842,-4.268,-2.43,-268.387,-15.975,-97.977,4.648,-65.975,-87.854,0.275,-26.094,16.958,0.315,9.5,-2.206,0.58,6.14,11.22,-0.84,4.8,-0.44,0.038,-4.154,3.439,0.045,1.114,1.544,
2026-01-26 05:42:25.418,retreat_feeder_to_approach_machine,25.539,-930.159,1519.776,-179.89,-4.268,-2.302,-268.364,-18.145,-96.561,4.674,-65.183,-88.024,0.263,-24.996,16.256,0.301,9.105,-2.081,0.43,8.62,11.08,-0.88,4.62,-0.44,0.017,-2.137,2.05,0.021,0.392,1.523,
2026-01-26 05:42:25.520,retreat_feeder_to_approach_machine,26.548,-953.684,1502.49,-179.93,-4.267,-2.189,-268.344,-20.093,-95.291,4.698,-64.474,-88.177,0.249,-23.619,15.369,0.285,8.601,-1.942,0.29,10.86,10.88,-0.86,4.39,-0.48,-0.008,0.291,0.401,-0.007,-0.478,1.551,
2026-01-26 05:42:25.624,retreat_feeder_to_approach_machine,27.492,-975.259,1485.56,-179.966,-4.265,-2.084,-268.325,-21.913,-94.104,4.72,-63.814,-88.319,0.234,-22.263,14.493,0.268,8.101,-1.812,0.1,12.69,10.75,-0.84,4.34,-0.36,-0.02,1.554,-0.481,-0.022,-0.92,1.503,
2026-01-26 05:42:25.727,retreat_feeder_to_approach_machine,28.375,-995.041,1469.074,-179.997,-4.262,-1.987,-268.307,-23.612,-92.996,4.74,-63.199,-88.451,0.22,-20.944,13.64,0.252,7.612,-1.689,0.07,14.35,10.72,-0.82,3.98,-0.42,-0.031,2.604,-1.219,-0.034,-1.284,1.452,
2026-01-26 05:42:25.828,retreat_feeder_to_approach_machine,29.168,-1012.508,1453.702,179.976,-4.259,-1.9,-268.291,-25.139,-92.0,4.759,-62.649,-88.569,0.205,-19.527,12.72,0.235,7.086,-1.562,0.02,15.94,10.6,-0.87,3.87,-0.32,-0.046,4.06,-2.216,-0.051,-1.792,1.444,
2026-01-26 05:42:25.931,retreat_feeder_to_approach_machine,29.968,-1029.803,1437.679,179.951,-4.255,-1.813,-268.275,-26.679,-90.996,4.777,-62.095,-88.688,0.194,-18.496,12.051,0.223,6.699,-1.468,-0.07,17.2,10.45,-0.74,3.55,-0.32,-0.04,3.525,-1.91,-0.044,-1.583,1.295,
2026-01-26 05:42:26.033,retreat_feeder_to_approach_machine,30.711,-1045.609,1422.293,179.93,-4.251,-1.733,-268.259,-28.114,-90.06,4.795,-61.581,-88.798,0.183,-17.458,11.377,0.211,6.309,-1.377,-0.1,18.38,10.43,-0.79,3.41,-0.28,-0.047,4.231,-2.409,-0.052,-1.822,1.251,
2026-01-26 05:42:26.136,retreat_feeder_to_approach_machine,31.402,-1060.057,1407.568,179.911,-4.247,-1.658,-268.245,-29.449,-89.189,4.811,-61.104,-88.9,0.173,-16.433,10.71,0.198,5.925,-1.288,-0.13,19.49,10.3,-0.81,3.14,-0.24,-0.053,4.793,-2.811,-0.059,-2.008,1.206,
2026-01-26 05:42:26.237,retreat_feeder_to_approach_machine,32.021,-1072.799,1394.025,179.895,-4.243,-1.592,-268.233,-30.649,-88.407,4.825,-60.677,-88.992,0.161,-15.323,9.988,0.185,5.511,-1.194,-0.12,20.38,10.16,-0.8,3.12,-0.15,-0.062,5.677,-3.419,-0.069,-2.307,1.193,
2026-01-26 05:42:26.339,retreat_feeder_to_approach_machine,32.597,-1084.494,1381.108,179.882,-4.238,-1.53,-268.221,-31.769,-87.677,4.839,-60.279,-89.077,0.15,-14.292,9.317,0.173,5.128,-1.108,-0.1,21.22,9.98,-0.9,2.89,-0.22,-0.064,5.904,-3.595,-0.072,-2.372,1.138,
2026-01-26 05:42:26.439,retreat_feeder_to_approach_machine,33.133,-1095.23,1368.815,179.871,-4.234,-1.473,-268.21,-32.815,-86.995,4.852,-59.909,-89.156,0.14,-13.334,8.693,0.161,4.771,-1.029,-0.09,22.01,9.95,-0.85,2.63,-0.28,-0.065,6.056,-3.72,-0.074,-2.409,1.083,
2026-01-26 05:42:26.541,retreat_feeder_to_approach_machine,33.614,-1104.729,1357.574,179.862,-4.23,-1.422,-268.2,-33.755,-86.381,4.863,-59.577,-89.227,0.13,-12.351,8.053,0.15,4.408,-0.949,-0.1,22.71,9.97,-0.82,2.47,-0.21,-0.07,6.507,-4.037,-0.079,-2.552,1.058,
2026-01-26 05:42:26.643,retreat_feeder_to_approach_machine,34.079,-1113.821,1346.474,179.854,-4.226,-1.372,-268.191,-34.669,-85.785,4.874,-59.255,-89.295,0.121,-11.548,7.53,0.14,4.11,-0.883,-0.04,23.33,9.8,-0.78,2.38,-0.21,-0.066,6.116,-3.802,-0.074,-2.398,0.974,
2026-01-26 05:42:26.745,retreat_feeder_to_approach_machine,34.496,-1121.873,1336.353,179.848,-4.222,-1.328,-268.182,-35.491,-85.249,4.884,-58.967,-89.356,0.112,-10.716,6.987,0.13,3.803,-0.816,-0.11,23.91,9.77,-0.81,2.11,-0.22,-0.069,6.428,-4.024,-0.078,-2.492,0.948,
2026-01-26 05:42:26.846,retreat_feeder_to_approach_machine,34.899,-1129.588,1326.386,179.843,-4.218,-1.286,-268.174,-36.29,-84.728,4.894,-58.688,-89.416,0.105,-10.035,6.544,0.122,3.551,-0.76,-0.12,24.36,9.76,-0.79,2.03,-0.06,-0.064,6.012,-3.77,-0.073,-2.331,0.873,
2026-01-26 05:42:26.947,retreat_feeder_to_approach_machine,35.275,-1136.689,1316.968,179.839,-4.214,-1.246,-268.166,-37.036,-84.241,4.903,-58.427,-89.471,0.099,-9.391,6.124,0.114,3.314,-0.709,-0.16,24.96,9.59,-0.83,1.81,-0.17,-0.063,5.94,-3.738,-0.072,-2.291,0.827,
2026-01-26 05:42:27.050,retreat_feeder_to_approach_machine,35.625,-1143.229,1308.077,179.836,-4.21,-1.209,-268.159,-37.733,-83.787,4.912,-58.185,-89.523,0.092,-8.785,5.729,0.107,3.091,-0.66,-0.15,25.38,9.6,-0.86,1.76,-0.14,-0.062,5.841,-3.687,-0.071,-2.242,0.783,
2026-01-26 05:42:27.152,retreat_feeder_to_approach_machine,35.937,-1149.031,1300.006,179.834,-4.207,-1.177,-268.152,-38.359,-83.378,4.919,-57.968,-89.569,0.086,-8.155,5.318,0.099,2.861,-0.61,-0.19,25.73,9.51,-0.78,1.62,-0.26,-0.063,5.96,-3.777,-0.072,-2.269,0.758,
2026-01-26 05:42:27.254,retreat_feeder_to_approach_machine,36.241,-1154.604,1292.088,179.832,-4.203,-1.145,-268.146,-38.968,-82.981,4.927,-57.758,-89.614,0.08,-7.639,4.982,0.093,2.672,-0.569,-0.16,26.13,9.46,-0.83,1.5,-0.13,-0.059,5.537,-3.512,-0.067,-2.108,0.697,
2026-01-26 05:42:27.354,retreat_feeder_to_approach_machine,36.512,-1159.554,1284.91,179.832,-4.2,-1.117,-268.14,-39.516,-82.624,4.933,-57.569,-89.653,0.074,-7.098,4.629,0.087,2.476,-0.527,-0.17,26.45,9.32,-0.86,1.43,-0.15,-0.059,5.599,-3.562,-0.068,-2.115,0.674,
2026-01-26 05:42:27.455,retreat_feeder_to_approach_machine,36.776,-1164.312,1277.878,179.832,-4.197,-1.089,-268.134,-40.048,-82.277,4.94,-57.386,-89.692,0.07,-6.654,4.34,0.081,2.314,-0.492,-0.15,26.66,9.29,-0.93,1.32,-0.16,-0.055,5.19,-3.305,-0.063,-1.961,0.619,
2026-01-26 05:42:27.557,retreat_feeder_to_approach_machine,37.011,-1168.543,1271.512,179.832,-4.194,-1.065,-268.129,-40.527,-81.965,4.946,-57.222,-89.727,0.065,-6.187,4.035,0.076,2.145,-0.456,-0.07,27.05,9.26,-0.8,1.27,-0.09,-0.055,5.209,-3.325,-0.063,-1.955,0.598,
2026-01-26 05:42:27.659,retreat_feeder_to_approach_machine,37.24,-1172.615,1265.282,179.833,-4.191,-1.041,-268.124,-40.992,-81.661,4.952,-57.063,-89.761,0.061,-5.804,3.785,0.071,2.006,-0.426,-0.05,27.23,9.2,-0.88,1.19,-0.05,-0.051,4.82,-3.079,-0.058,-1.81,0.549,
2026-01-26 05:42:27.762,retreat_feeder_to_approach_machine,37.453,-1176.378,1259.43,179.834,-4.189,-1.019,-268.12,-41.427,-81.378,4.957,-56.915,-89.792,0.057,-5.439,3.548,0.067,1.875,-0.398,-0.09,27.4,9.06,-0.78,1.08,-0.14,-0.049,4.647,-2.972,-0.056,-1.738,0.517,
2026-01-26 05:42:27.863,retreat_feeder_to_approach_machine,37.644,-1179.729,1254.141,179.836,-4.186,-0.999,-268.116,-41.817,-81.123,4.962,-56.783,-89.82,0.053,-5.056,3.298,0.062,1.737,-0.368,-0.06,27.69,9.05,-0.8,1.02,-0.13,-0.049,4.621,-2.961,-0.056,-1.718,0.498,
2026-01-26 05:42:27.967,retreat_feeder_to_approach_machine,37.829,-1182.959,1248.971,179.838,-4.184,-0.98,-268.112,-42.197,-80.875,4.966,-56.654,-89.847,0.05,-4.742,3.093,0.058,1.624,-0.344,-0.06,27.99,9.09,-0.84,0.97,-0.13,-0.045,4.267,-2.735,-0.052,-1.587,0.457,
2026-01-26 05:42:28.069,retreat_feeder_to_approach_machine,38.001,-1185.948,1244.122,179.84,-4.182,-0.963,-268.108,-42.552,-80.644,4.971,-56.534,-89.872,0.047,-4.443,2.898,0.055,1.518,-0.321,-0.06,28.12,9.06,-0.83,0.9,0.03,-0.043,4.092,-2.626,-0.049,-1.517,0.43,
2026-01-26 05:42:28.172,retreat_feeder_to_approach_machine,38.161,-1188.716,1239.573,179.842,-4.18,-0.946,-268.105,-42.883,-80.428,4.975,-56.423,-89.896,0.044,-4.16,2.714,0.051,1.417,-0.299,-0.06,28.23,9.04,-0.76,0.77,0.01,-0.041,3.918,-2.517,-0.047,-1.448,0.405,
2026-01-26 05:42:28.274,retreat_feeder_to_approach_machine,38.311,-1191.28,1235.309,179.845,-4.178,-0.931,-268.101,-43.192,-80.226,4.979,-56.319,-89.917,0.041,-3.893,2.539,0.048,1.322,-0.279,-0.12,28.37,8.97,-0.88,0.74,-0.07,-0.04,3.745,-2.408,-0.045,-1.38,0.381,
2026-01-26 05:42:28.375,retreat_feeder_to_approach_machine,38.445,-1193.569,1231.462,179.847,-4.176,-0.917,-268.098,-43.47,-80.045,4.982,-56.226,-89.937,0.038,-3.615,2.358,0.045,1.224,-0.258,-0.12,28.46,8.94,-0.72,0.67,-0.0,-0.039,3.683,-2.371,-0.045,-1.35,0.366,
2026-01-26 05:42:28.478,retreat_feeder_to_approach_machine,38.575,-1195.779,1227.708,179.85,-4.174,-0.904,-268.096,-43.741,-79.868,4.986,-56.136,-89.956,0.036,-3.387,2.209,0.042,1.143,-0.241,0.01,28.63,8.93,-0.82,0.68,-0.14,-0.036,3.392,-2.184,-0.041,-1.243,0.335,
2026-01-26 05:42:28.580,retreat_feeder_to_approach_machine,38.691,-1197.753,1224.323,179.853,-4.172,-0.893,-268.093,-43.984,-79.71,4.989,-56.055,-89.973,0.033,-3.148,2.053,0.039,1.059,-0.223,-0.07,28.83,8.88,-0.84,0.57,-0.06,-0.035,3.326,-2.144,-0.04,-1.212,0.321,
2026-01-26 05:42:28.684,retreat_feeder_to_approach_machine,38.804,-1199.66,1221.022,179.856,-4.171,-0.881,-268.091,-44.22,-79.556,4.991,-55.977,-89.989,0.031,-2.952,1.925,0.037,0.99,-0.208,0.03,28.86,8.83,-0.75,0.58,-0.01,-0.032,3.06,-1.973,-0.037,-1.116,0.295,
2026-01-26 05:42:28.787,retreat_feeder_to_approach_machine,38.906,-1201.365,1218.046,179.859,-4.169,-0.871,-268.088,-44.432,-79.417,4.994,-55.907,-90.004,0.029,-2.745,1.79,0.034,0.918,-0.193,-0.04,28.94,8.8,-0.81,0.55,0.01,-0.032,2.993,-1.931,-0.036,-1.085,0.282,
2026-01-26 05:42:28.888,retreat_feeder_to_approach_machine,39.005,-1203.013,1215.145,179.862,-4.168,-0.861,-268.086,-44.639,-79.282,4.997,-55.839,-90.018,0.027,-2.575,1.68,0.032,0.859,-0.18,-0.13,29.13,8.78,-0.77,0.43,-0.1,-0.029,2.752,-1.777,-0.033,-0.998,0.259,waypoint
2026-01-26 05:42:28.989,approach_machine_to_place,39.067,-1207.914,1212.647,179.757,-4.164,-0.843,-268.09,-45.004,-78.796,4.985,-55.857,-90.026,0.01,-2.843,2.476,-0.004,0.597,-0.154,0.03,29.15,8.82,-0.86,0.25,-0.06,-0.088,0.895,1.919,-0.169,-1.765,0.301,
2026-01-26 05:42:29.092,approach_machine_to_place,39.123,-1213.836,1210.253,179.73,-4.163,-0.83,-268.097,-45.433,-78.169,4.972,-56.028,-90.023,-0.008,-3.206,3.425,-0.036,0.022,-0.108,-0.05,29.26,8.92,-0.68,-0.04,-0.02,-0.103,0.157,3.132,-0.169,-3.108,0.373,
2026-01-26 05:42:29.192,approach_machine_to_place,39.173,-1219.052,1208.08,179.741,-4.163,-0.822,-268.102,-45.82,-77.605,4.962,-56.218,-90.018,-0.021,-3.371,3.979,-0.054,-0.458,-0.069,-0.13,29.31,8.99,-0.81,-0.26,-0.04,-0.087,0.575,2.19,-0.13,-2.987,0.358,
2026-01-26 05:42:29.294,approach_machine_to_place,39.22,-1224.076,1205.945,179.76,-4.162,-0.815,-268.108,-46.195,-77.056,4.951,-56.41,-90.012,-0.03,-3.467,4.356,-0.066,-0.824,-0.038,-0.05,29.45,8.98,-0.73,-0.33,0.01,-0.077,0.624,1.816,-0.112,-2.715,0.327,
2026-01-26 05:42:29.395,approach_machine_to_place,39.259,-1228.39,1204.083,179.778,-4.162,-0.809,-268.113,-46.52,-76.582,4.942,-56.577,-90.007,-0.035,-3.412,4.452,-0.072,-1.036,-0.016,-0.0,29.69,9.07,-0.77,-0.51,-0.01,-0.061,1.072,0.889,-0.087,-2.195,0.288,
2026-01-26 05:42:29.498,approach_machine_to_place,39.297,-1232.741,1202.178,179.796,-4.162,-0.803,-268.118,-46.849,-76.101,4.933,-56.747,-90.003,-0.038,-3.382,4.541,-0.076,-1.202,0.0,-0.12,29.71,8.9,-0.77,-0.48,0.07,-0.056,0.918,0.868,-0.079,-1.999,0.26,
2026-01-26 05:42:29.599,approach_machine_to_place,39.321,-1235.57,1200.925,179.807,-4.161,-0.799,-268.121,-47.064,-75.787,4.927,-56.858,-89.999,-0.037,-3.074,4.191,-0.072,-1.178,0.008,-0.06,29.96,8.98,-0.77,-0.71,-0.05,-0.033,1.968,-0.887,-0.04,-1.208,0.217,
2026-01-26 05:42:29.703,approach_machine_to_place,39.348,-1238.838,1199.463,179.82,-4.161,-0.795,-268.125,-47.314,-75.423,4.921,-56.986,-89.996,-0.037,-2.929,4.054,-0.071,-1.203,0.016,-0.07,29.99,9.02,-0.77,-0.63,-0.04,-0.035,1.428,-0.297,-0.046,-1.261,0.2,
2026-01-26 05:42:29.804,approach_machine_to_place,39.375,-1242.179,1197.953,179.833,-4.16,-0.79,-268.129,-47.57,-75.049,4.914,-57.117,-89.992,-0.037,-2.837,3.975,-0.071,-1.23,0.021,-0.03,30.09,9.07,-0.92,-0.61,-0.04,-0.032,1.219,-0.17,-0.043,-1.166,0.181,
2026-01-26 05:42:29.906,approach_machine_to_place,39.399,-1245.428,1196.469,179.845,-4.16,-0.786,-268.133,-47.82,-74.683,4.907,-57.244,-89.988,-0.037,-2.753,3.894,-0.071,-1.242,0.025,-0.08,30.17,9.1,-0.76,-0.8,0.07,-0.028,1.157,-0.241,-0.037,-1.015,0.162,
2026-01-26 05:42:30.007,approach_machine_to_place,39.421,-1248.34,1195.125,179.856,-4.159,-0.782,-268.136,-48.045,-74.355,4.9,-57.359,-89.985,-0.037,-2.627,3.742,-0.068,-1.218,0.027,-0.08,30.34,9.05,-0.85,-0.62,-0.11,-0.022,1.292,-0.582,-0.027,-0.782,0.142,
2026-01-26 05:42:30.109,approach_machine_to_place,39.441,-1251.172,1193.806,179.866,-4.159,-0.778,-268.139,-48.264,-74.034,4.894,-57.47,-89.981,-0.036,-2.519,3.609,-0.067,-1.192,0.029,0.03,30.4,9.03,-0.78,-0.7,0.03,-0.019,1.215,-0.601,-0.023,-0.674,0.127,
2026-01-26 05:42:30.212,approach_machine_to_place,39.459,-1253.815,1192.564,179.875,-4.158,-0.774,-268.142,-48.47,-73.734,4.889,-57.574,-89.978,-0.035,-2.404,3.458,-0.064,-1.154,0.029,-0.11,30.5,9.08,-0.78,-0.63,-0.01,-0.015,1.234,-0.746,-0.017,-0.532,0.112,
2026-01-26 05:42:30.314,approach_machine_to_place,39.476,-1256.281,1191.397,179.884,-4.158,-0.771,-268.145,-48.663,-73.452,4.883,-57.672,-89.975,-0.033,-2.284,3.296,-0.061,-1.108,0.029,-0.06,30.66,8.96,-0.84,-0.6,0.05,-0.011,1.242,-0.863,-0.011,-0.41,0.099,
2026-01-26 05:42:30.417,approach_machine_to_place,39.491,-1258.581,1190.298,179.891,-4.158,-0.767,-268.148,-48.843,-73.189,4.878,-57.762,-89.973,-0.032,-2.164,3.131,-0.059,-1.058,0.029,0.0,30.72,9.0,-0.77,-0.5,0.06,-0.008,1.241,-0.956,-0.007,-0.304,0.087,
2026-01-26 05:42:30.519,approach_machine_to_place,39.504,-1260.729,1189.266,179.898,-4.157,-0.764,-268.15,-49.012,-72.943,4.874,-57.847,-89.97,-0.03,-2.045,2.964,-0.056,-1.005,0.028,0.02,30.83,9.0,-0.77,-0.52,0.05,-0.006,1.231,-1.029,-0.003,-0.213,0.077,
2026-01-26 05:42:30.620,approach_machine_to_place,39.516,-1262.657,1188.333,179.904,-4.157,-0.762,-268.153,-49.163,-72.721,4.869,-57.923,-89.968,-0.028,-1.913,2.778,-0.052,-0.944,0.026,0.07,30.93,8.92,-0.87,-0.55,0.07,-0.003,1.277,-1.173,0.002,-0.105,0.067,
2026-01-26 05:42:30.724,approach_machine_to_place,39.527,-1264.534,1187.419,179.909,-4.156,-0.759,-268.155,-49.312,-72.504,4.865,-57.997,-89.966,-0.027,-1.806,2.625,-0.05,-0.893,0.025,-0.06,31.06,8.94,-0.81,-0.5,0.02,-0.002,1.185,-1.107,0.003,-0.074,0.059,
2026-01-26 05:42:30.826,approach_machine_to_place,39.536,-1266.22,1186.594,179.914,-4.156,-0.756,-268.157,-49.445,-72.309,4.861,-58.063,-89.964,-0.025,-1.688,2.456,-0.047,-0.835,0.024,0.03,31.16,9.02,-0.75,-0.49,-0.01,0.001,1.215,-1.213,0.006,0.009,0.051,waypoint
2026-01-26 05:42:30.928,place_on_machine,39.546,-1267.862,1185.786,179.919,-4.155,-0.754,-268.159,-49.576,-72.119,4.858,-58.128,-89.962,-0.024,-1.592,2.318,-0.044,-0.788,0.023,0.01,31.05,8.96,-0.94,-0.45,-0.05,0.001,1.125,-1.138,0.007,0.026,0.046,
2026-01-26 05:42:31.028,place_on_machine,39.554,-1269.337,1185.057,179.923,-4.155,-0.752,-268.161,-49.693,-71.948,4.855,-58.186,-89.96,-0.022,-1.487,2.166,-0.041,-0.736,0.021,-0.06,31.2,8.98,-0.88,-0.51,-0.04,0.003,1.143,-1.215,0.01,0.089,0.039,
2026-01-26 05:42:31.130,place_on_machine,39.561,-1270.774,1184.342,179.926,-4.155,-0.75,-268.162,-49.807,-71.78,4.851,-58.242,-89.958,-0.021,-1.402,2.043,-0.039,-0.693,0.02,-0.07,31.26,9.0,-0.79,-0.45,0.01,0.003,1.056,-1.133,0.009,0.096,0.035,
2026-01-26 05:42:31.234,place_on_machine,39.568,-1272.117,1183.672,179.929,-4.154,-0.748,-268.164,-49.915,-71.624,4.848,-58.295,-89.957,-0.02,-1.319,1.924,-0.037,-0.652,0.019,-0.01,31.35,8.88,-0.75,-0.41,0.03,0.004,1.024,-1.127,0.01,0.124,0.03,
2026-01-26 05:42:31.337,place_on_machine,39.574,-1273.373,1183.043,179.932,-4.154,-0.746,-268.166,-50.015,-71.477,4.845,-58.344,-89.955,-0.019,-1.24,1.809,-0.035,-0.612,0.018,-0.01,31.35,9.01,-0.83,-0.34,0.06,0.004,0.99,-1.114,0.011,0.146,0.026,
2026-01-26 05:42:31.438,place_on_machine,39.58,-1274.5,1182.476,179.935,-4.153,-0.744,-268.167,-50.105,-71.345,4.843,-58.388,-89.954,-0.017,-1.156,1.687,-0.032,-0.569,0.017,-0.04,31.41,8.91,-0.75,-0.35,0.02,0.006,0.991,-1.149,0.013,0.182,0.022,
2026-01-26 05:42:31.538,place_on_machine,39.585,-1275.557,1181.942,179.937,-4.153,-0.743,-268.168,-50.19,-71.221,4.84,-58.429,-89.953,-0.016,-1.079,1.575,-0.03,-0.53,0.016,0.05,31.45,8.93,-0.89,-0.34,0.07,0.006,0.947,-1.115,0.013,0.192,0.019,
2026-01-26 05:42:31.639,place_on_machine,39.59,-1276.548,1181.44,179.939,-4.153,-0.741,-268.169,-50.27,-71.105,4.838,-58.468,-89.952,-0.015,-1.008,1.472,-0.028,-0.494,0.015,0.02,31.51,8.96,-0.86,-0.25,0.02,0.006,0.905,-1.08,0.013,0.199,0.016,
2026-01-26 05:42:31.741,place_on_machine,39.594,-1277.515,1180.949,179.941,-4.153,-0.74,-268.171,-50.347,-70.992,4.836,-58.506,-89.95,-0.014,-0.95,1.387,-0.027,-0.465,0.014,-0.03,31.56,8.89,-0.82,-0.3,-0.06,0.006,0.833,-0.999,0.012,0.19,0.014,
2026-01-26 05:42:31.841,place_on_machine,39.598,-1278.348,1180.525,179.942,-4.152,-0.739,-268.172,-50.414,-70.894,4.834,-58.538,-89.949,-0.013,-0.881,1.286,-0.025,-0.43,0.013,-0.05,31.53,8.96,-0.79,-0.29,-0.08,0.007,0.856,-1.054,0.014,0.223,0.011,
2026-01-26 05:42:31.946,place_on_machine,39.601,-1279.198,1180.091,179.944,-4.152,-0.737,-268.173,-50.483,-70.794,4.832,-58.571,-89.948,-0.013,-0.832,1.214,-0.024,-0.405,0.012,0.05,31.62,9.01,-0.79,-0.19,0.09,0.006,0.757,-0.929,0.012,0.195,0.01,
2026-01-26 05:42:32.050,place_on_machine,39.605,-1279.992,1179.684,179.945,-4.152,-0.736,-268.174,-50.547,-70.7,4.83,-58.602,-89.948,-0.012,-0.784,1.145,-0.022,-0.38,0.011,0.02,31.53,8.9,-0.8,-0.19,0.01,0.006,0.725,-0.9,0.012,0.198,0.009,
2026-01-26 05:42:32.154,place_on_machine,39.608,-1280.736,1179.303,179.946,-4.151,-0.735,-268.175,-50.607,-70.612,4.829,-58.631,-89.947,-0.011,-0.738,1.078,-0.021,-0.357,0.011,0.04,31.65,8.87,-0.86,-0.27,0.02,0.006,0.693,-0.87,0.012,0.198,0.007,
2026-01-26 05:42:32.257,place_on_machine,39.611,-1281.431,1178.946,179.947,-4.151,-0.734,-268.175,-50.663,-70.53,4.827,-58.657,-89.946,-0.01,-0.694,1.013,-0.02,-0.335,0.01,0.02,31.66,9.01,-0.75,-0.17,0.03,0.006,0.662,-0.839,0.012,0.198,0.006,
2026-01-26 05:42:32.361,place_on_machine,39.614,-1282.081,1178.61,179.948,-4.151,-0.733,-268.176,-50.716,-70.454,4.826,-58.683,-89.945,-0.01,-0.652,0.952,-0.019,-0.314,0.009,0.01,31.7,8.85,-0.81,-0.22,-0.01,0.006,0.632,-0.807,0.012,0.196,0.005,
2026-01-26 05:42:32.463,place_on_machine,39.616,-1282.689,1178.296,179.948,-4.151,-0.732,-268.177,-50.765,-70.382,4.824,-58.706,-89.944,-0.009,-0.612,0.894,-0.017,-0.294,0.009,0.01,31.7,8.89,-0.74,-0.18,0.02,0.006,0.602,-0.775,0.012,0.193,0.004,
2026-01-26 05:42:32.566,place_on_machine,39.618,-1283.258,1178.002,179.949,-4.151,-0.731,-268.178,-50.811,-70.314,4.823,-58.728,-89.944,-0.009,-0.574,0.839,-0.016,-0.275,0.008,-0.02,31.71,8.87,-0.78,-0.16,0.0,0.006,0.573,-0.744,0.011,0.189,0.003,
2026-01-26 05:42:32.670,place_on_machine,39.62,-1283.791,1177.726,179.949,-4.15,-0.731,-268.178,-50.854,-70.251,4.822,-58.748,-89.943,-0.008,-0.539,0.787,-0.015,-0.257,0.008,-0.01,31.79,8.97,-0.86,-0.14,-0.14,0.006,0.545,-0.712,0.011,0.185,0.002,
2026-01-26 05:42:32.770,place_on_machine,39.622,-1284.269,1177.478,179.95,-4.15,-0.73,-268.179,-50.893,-70.195,4.82,-58.766,-89.943,-0.008,-0.501,0.732,-0.014,-0.238,0.007,0.08,31.79,8.86,-0.79,-0.26,-0.01,0.006,0.534,-0.704,0.011,0.187,0.001,
2026-01-26 05:42:32.871,place_on_machine,39.624,-1284.719,1177.245,179.95,-4.15,-0.729,-268.179,-50.93,-70.141,4.819,-58.783,-89.942,-0.007,-0.467,0.682,-0.013,-0.222,0.007,0.03,31.84,8.99,-0.89,-0.06,-0.12,0.005,0.504,-0.669,0.011,0.18,0.001,
2026-01-26 05:42:32.972,place_on_machine,39.626,-1285.157,1177.016,179.95,-4.15,-0.728,-268.18,-50.965,-70.089,4.818,-58.8,-89.942,-0.007,-0.439,0.641,-0.013,-0.208,0.006,0.12,31.88,8.91,-0.84,-0.08,0.03,0.005,0.463,-0.614,0.01,0.167,0.001,
2026-01-26 05:42:33.074,place_on_machine,39.627,-1285.583,1176.794,179.95,-4.15,-0.728,-268.18,-51.0,-70.039,4.817,-58.816,-89.941,-0.006,-0.416,0.607,-0.012,-0.196,0.006,0.03,31.86,8.78,-0.85,-0.16,0.01,0.005,0.426,-0.567,0.009,0.155,0.0,
2026-01-26 05:42:33.176,place_on_machine,39.629,-1285.966,1176.595,179.951,-4.15,-0.727,-268.181,-51.031,-69.993,4.816,-58.831,-89.941,-0.006,-0.39,0.569,-0.011,-0.183,0.006,-0.08,31.93,8.86,-0.87,-0.16,-0.02,0.005,0.419,-0.561,0.009,0.156,-0.0,
2026-01-26 05:42:33.276,place_on_machine,39.63,-1286.325,1176.408,179.951,-4.149,-0.727,-268.181,-51.06,-69.951,4.816,-58.844,-89.94,-0.005,-0.365,0.533,-0.011,-0.171,0.005,0.07,31.86,8.85,-0.89,-0.06,0.09,0.005,0.397,-0.534,0.009,0.15,-0.0,
2026-01-26 05:42:33.379,place_on_machine,39.631,-1286.66,1176.232,179.951,-4.149,-0.726,-268.182,-51.087,-69.911,4.815,-58.857,-89.94,-0.005,-0.342,0.499,-0.01,-0.16,0.005,0.06,31.9,8.92,-0.85,-0.14,0.07,0.004,0.375,-0.508,0.009,0.144,-0.001,
2026-01-26 05:42:33.480,place_on_machine,39.632,-1286.962,1176.075,179.951,-4.149,-0.726,-268.182,-51.112,-69.875,4.814,-58.868,-89.939,-0.005,-0.318,0.464,-0.009,-0.148,0.005,-0.05,31.93,8.84,-0.72,-0.08,0.07,0.004,0.365,-0.497,0.008,0.143,-0.001,
2026-01-26 05:42:33.583,place_on_machine,39.633,-1287.256,1175.921,179.951,-4.149,-0.725,-268.182,-51.136,-69.84,4.813,-58.879,-89.939,-0.004,-0.298,0.436,-0.009,-0.139,0.004,-0.05,31.94,8.95,-0.78,-0.07,0.06,0.004,0.334,-0.456,0.008,0.131,-0.001,
2026-01-26 05:42:33.684,place_on_machine,39.634,-1287.521,1175.782,179.951,-4.149,-0.725,-268.183,-51.158,-69.809,4.813,-58.889,-89.939,-0.004,-0.278,0.405,-0.008,-0.129,0.004,-0.1,31.94,8.86,-0.86,-0.06,-0.02,0.004,0.325,-0.445,0.008,0.13,-0.001,
2026-01-26 05:42:33.786,place_on_machine,39.635,-1287.78,1175.646,179.95,-4.149,-0.724,-268.183,-51.179,-69.778,4.812,-58.899,-89.939,-0.004,-0.261,0.381,-0.008,-0.121,0.004,0.08,31.9,8.78,-0.81,-0.09,-0.04,0.004,0.298,-0.408,0.007,0.119,-0.001,
2026-01-26 05:42:33.887,place_on_machine,39.636,-1288.013,1175.524,179.95,-4.149,-0.724,-268.183,-51.198,-69.75,4.812,-58.907,-89.938,-0.004,-0.243,0.355,-0.007,-0.112,0.003,-0.0,31.99,8.81,-0.83,-0.07,0.02,0.004,0.289,-0.398,0.007,0.117,-0.001,
2026-01-26 05:42:33.990,place_on_machine,39.637,-1288.258,1175.396,179.95,-4.149,-0.724,-268.184,-51.218,-69.721,4.811,-58.916,-89.938,-0.003,-0.232,0.339,-0.007,-0.107,0.003,-0.06,31.96,8.86,-0.84,-0.05,0.07,0.003,0.25,-0.344,0.006,0.101,-0.001,
2026-01-26 05:42:34.093,place_on_machine,39.637,-1288.478,1175.28,179.95,-4.148,-0.723,-268.184,-51.235,-69.695,4.81,-58.924,-89.938,-0.003,-0.219,0.32,-0.006,-0.1,0.003,-0.08,32.07,8.91,-0.73,-0.05,-0.02,0.003,0.246,-0.339,0.006,0.101,-0.001,
2026-01-26 05:42:34.194,place_on_machine,39.638,-1288.683,1175.172,179.95,-4.148,-0.723,-268.184,-51.252,-69.671,4.81,-58.932,-89.938,-0.003,-0.206,0.301,-0.006,-0.094,0.003,-0.08,31.93,8.9,-0.8,-0.04,0.06,0.003,0.233,-0.323,0.006,0.096,-0.001,
2026-01-26 05:42:34.297,place_on_machine,39.639,-1288.875,1175.072,179.95,-4.148,-0.723,-268.184,-51.268,-69.648,4.81,-58.939,-89.937,-0.003,-0.193,0.282,-0.006,-0.088,0.003,-0.02,32.01,8.79,-0.78,-0.12,0.08,0.003,0.221,-0.307,0.005,0.092,-0.001,
2026-01-26 05:42:34.398,place_on_machine,39.639,-1289.053,1174.978,179.95,-4.148,-0.722,-268.185,-51.282,-69.627,4.809,-58.945,-89.937,-0.003,-0.182,0.265,-0.005,-0.082,0.003,0.07,32.02,8.86,-0.9,-0.1,-0.04,0.003,0.209,-0.291,0.005,0.087,-0.001,
2026-01-26 05:42:34.499,place_on_machine,39.64,-1289.214,1174.893,179.949,-4.148,-0.722,-268.185,-51.295,-69.607,4.809,-58.951,-89.937,-0.003,-0.169,0.247,-0.005,-0.076,0.002,-0.0,31.95,8.83,-0.79,0.0,-0.05,0.003,0.203,-0.283,0.005,0.085,-0.001,
2026-01-26 05:42:34.601,place_on_machine,39.64,-1289.371,1174.811,179.949,-4.148,-0.722,-268.185,-51.308,-69.589,4.808,-58.957,-89.937,-0.002,-0.159,0.231,-0.005,-0.072,0.002,-0.05,32.04,8.85,-0.75,-0.03,0.01,0.002,0.186,-0.26,0.005,0.079,-0.001,
2026-01-26 05:42:34.703,place_on_machine,39.641,-1289.511,1174.737,179.949,-4.148,-0.722,-268.185,-51.32,-69.572,4.808,-58.962,-89.937,-0.002,-0.148,0.215,-0.004,-0.066,0.002,0.15,32.02,8.89,-0.76,-0.03,0.01,0.002,0.18,-0.253,0.005,0.077,-0.001,
2026-01-26 05:42:34.804,place_on_machine,39.641,-1289.648,1174.665,179.949,-4.148,-0.721,-268.185,-51.331,-69.556,4.808,-58.967,-89.936,-0.002,-0.138,0.202,-0.004,-0.062,0.002,-0.08,32.0,8.91,-0.85,-0.0,0.04,0.002,0.165,-0.232,0.004,0.071,-0.001,
2026-01-26 05:42:34.905,place_on_machine,39.642,-1289.771,1174.6,179.949,-4.148,-0.721,-268.186,-51.341,-69.541,4.807,-58.971,-89.936,-0.002,-0.129,0.188,-0.004,-0.058,0.002,0.06,32.07,8.82,-0.81,-0.05,0.02,0.002,0.16,-0.226,0.004,0.069,-0.001,
2026-01-26 05:42:35.006,place_on_machine,39.642,-1289.89,1174.537,179.948,-4.148,-0.721,-268.186,-51.35,-69.527,4.807,-58.976,-89.936,-0.002,-0.121,0.177,-0.004,-0.054,0.002,-0.02,32.05,8.78,-0.78,-0.07,-0.03,0.002,0.147,-0.207,0.004,0.063,-0.001,
2026-01-26 05:42:35.107,place_on_machine,39.642,-1290.002,1174.478,179.948,-4.148,-0.721,-268.186,-51.36,-69.514,4.807,-58.98,-89.936,-0.002,-0.113,0.166,-0.003,-0.05,0.002,-0.05,32.12,8.87,-0.86,-0.09,-0.06,0.002,0.139,-0.196,0.004,0.06,-0.001,
2026-01-26 05:42:35.208,place_on_machine,39.643,-1290.102,1174.425,179.948,-4.148,-0.721,-268.186,-51.368,-69.502,4.807,-58.983,-89.936,-0.002,-0.106,0.154,-0.003,-0.047,0.001,0.14,32.0,8.77,-0.8,-0.06,-0.17,0.002,0.134,-0.19,0.004,0.058,-0.001,
2026-01-26 05:42:35.311,place_on_machine,39.643,-1290.2,1174.374,179.948,-4.148,-0.721,-268.186,-51.376,-69.49,4.806,-58.987,-89.936,-0.001,-0.099,0.145,-0.003,-0.044,0.001,-0.03,32.13,8.88,-0.85,-0.05,-0.0,0.002,0.123,-0.174,0.003,0.053,-0.001,
2026-01-26 05:42:35.412,place_on_machine,39.643,-1290.294,1174.324,179.948,-4.148,-0.72,-268.186,-51.383,-69.479,4.806,-58.99,-89.936,-0.001,-0.094,0.137,-0.003,-0.041,0.001,-0.07,32.04,8.79,-0.88,-0.0,0.03,0.002,0.113,-0.16,0.003,0.049,-0.001,
2026-01-26 05:42:35.516,place_on_machine,39.643,-1290.382,1174.278,179.947,-4.148,-0.72,-268.186,-51.391,-69.469,4.806,-58.993,-89.936,-0.001,-0.088,0.129,-0.003,-0.039,0.001,-0.06,32.07,8.79,-0.81,0.02,-0.07,0.001,0.107,-0.152,0.003,0.047,-0.001,
2026-01-26 05:42:35.619,place_on_machine,39.644,-1290.464,1174.235,179.947,-4.148,-0.72,-268.186,-51.397,-69.459,4.806,-58.996,-89.936,-0.001,-0.083,0.121,-0.002,-0.036,0.001,-0.01,32.09,8.81,-0.89,-0.01,0.05,0.001,0.101,-0.144,0.003,0.044,-0.001,
2026-01-26 05:42:35.720,place_on_machine,39.644,-1290.538,1174.196,179.947,-4.148,-0.72,-268.186,-51.403,-69.45,4.806,-58.999,-89.935,-0.001,-0.077,0.112,-0.002,-0.034,0.001,-0.1,32.07,8.77,-0.84,-0.02,-0.07,0.001,0.098,-0.139,0.003,0.043,-0.001,
2026-01-26 05:42:35.821,place_on_machine,39.644,-1290.606,1174.16,179.947,-4.148,-0.72,-268.187,-51.409,-69.442,4.805,-59.001,-89.935,-0.001,-0.072,0.105,-0.002,-0.031,0.001,-0.02,32.06,8.88,-0.87,-0.02,0.07,0.001,0.092,-0.131,0.002,0.04,-0.001,
2026-01-26 05:42:36.021,place_on_machine,39.644,-1290.731,1174.094,179.947,-4.147,-0.72,-268.187,-51.419,-69.427,4.805,-59.005,-89.935,-0.001,-0.062,0.091,-0.002,-0.027,0.001,-0.02,32.06,8.79,-0.89,-0.05,-0.14,0.001,0.081,-0.116,0.002,0.036,-0.001,
2026-01-26 05:42:36.122,place_on_machine,39.645,-1290.787,1174.065,179.946,-4.147,-0.72,-268.187,-51.423,-69.421,4.805,-59.007,-89.935,-0.001,-0.058,0.085,-0.002,-0.025,0.001,-0.03,32.0,8.96,-0.86,-0.03,-0.05,0.001,0.077,-0.109,0.002,0.034,-0.001,
2026-01-26 05:42:36.224,place_on_machine,39.645,-1290.841,1174.036,179.946,-4.147,-0.719,-268.187,-51.428,-69.414,4.805,-59.009,-89.935,-0.001,-0.055,0.08,-0.002,-0.023,0.001,-0.05,32.11,8.87,-0.82,-0.06,-0.07,0.001,0.07,-0.101,0.002,0.031,-0.001,
2026-01-26 05:42:36.428,place_on_machine,39.645,-1290.937,1173.986,179.946,-4.147,-0.719,-268.187,-51.436,-69.403,4.805,-59.013,-89.935,-0.001,-0.048,0.07,-0.001,-0.02,0.001,0.03,32.12,8.94,-0.8,-0.02,-0.07,0.001,0.062,-0.089,0.002,0.027,-0.001,
2026-01-26 05:42:36.532,place_on_machine,39.645,-1290.979,1173.963,179.946,-4.147,-0.719,-268.187,-51.439,-69.398,4.804,-59.014,-89.935,-0.001,-0.044,0.065,-0.001,-0.019,0.001,0.02,31.96,8.94,-0.73,-0.01,0.05,0.001,0.06,-0.086,0.002,0.026,-0.001,
2026-01-26 05:42:36.633,place_on_machine,39.645,-1291.018,1173.943,179.946,-4.147,-0.719,-268.187,-51.442,-69.393,4.804,-59.015,-89.935,-0.001,-0.041,0.06,-0.001,-0.018,0.001,-0.07,32.06,8.84,-0.77,0.03,-0.05,0.001,0.056,-0.081,0.002,0.025,-0.001,
2026-01-26 05:42:36.835,place_on_machine,39.645,-1291.09,1173.905,179.945,-4.147,-0.719,-268.187,-51.448,-69.385,4.804,-59.018,-89.935,-0.001,-0.036,0.052,-0.001,-0.015,0.0,-0.0,32.09,8.92,-0.8,0.04,0.02,0.001,0.049,-0.071,0.001,0.022,-0.001,
2026-01-26 05:42:36.935,place_to_retreat_machine,39.691,-1289.475,1173.915,-179.974,-4.151,-0.726,-268.184,-51.358,-69.568,4.813,-59.004,-89.936,0.009,0.198,-0.42,0.022,0.022,-0.002,-0.07,32.44,8.52,-0.78,0.17,0.06,0.037,0.974,-1.942,0.092,0.164,-0.011,
2026-01-26 05:42:37.036,place_to_retreat_machine,39.972,-1278.419,1174.02,-179.736,-4.164,-0.744,-268.157,-50.705,-70.897,4.863,-58.566,-89.966,0.072,1.783,-3.637,0.141,1.112,-0.078,-0.08,32.4,8.41,-0.84,0.69,-0.06,0.258,6.51,-13.197,0.491,4.398,-0.304,
2026-01-26 05:42:37.138,place_to_retreat_machine,40.196,-1268.759,1174.082,-179.729,-4.17,-0.743,-268.134,-50.117,-72.093,4.903,-57.965,-90.008,0.112,2.805,-5.717,0.205,2.337,-0.164,0.0,32.25,8.14,-0.71,1.32,-0.11,0.207,5.198,-10.548,0.341,5.585,-0.391,
2026-01-26 05:42:37.241,place_to_retreat_machine,40.397,-1259.359,1174.125,-179.766,-4.174,-0.739,-268.111,-49.548,-73.251,4.94,-57.34,-90.053,0.141,3.526,-7.184,0.247,3.316,-0.234,-0.03,32.13,8.05,-0.82,1.6,-0.05,0.179,4.493,-9.121,0.283,5.271,-0.374,
2026-01-26 05:42:37.343,place_to_retreat_machine,40.565,-1250.824,1174.153,-179.807,-4.178,-0.735,-268.091,-49.037,-74.291,4.973,-56.771,-90.093,0.157,3.922,-7.989,0.269,3.91,-0.277,0.03,32.03,8.03,-0.81,1.93,-0.05,0.138,3.464,-7.027,0.215,4.181,-0.299,
2026-01-26 05:42:37.443,place_to_retreat_machine,40.701,-1243.367,1174.17,-179.842,-4.18,-0.731,-268.073,-48.596,-75.19,5.002,-56.278,-90.129,0.162,4.045,-8.239,0.274,4.163,-0.295,0.08,31.76,7.94,-0.75,2.07,-0.06,0.096,2.423,-4.911,0.148,2.993,-0.214,
2026-01-26 05:42:37.547,place_to_retreat_machine,40.826,-1236.009,1174.179,-179.875,-4.181,-0.728,-268.056,-48.165,-76.068,5.03,-55.799,-90.163,0.165,4.111,-8.374,0.276,4.321,-0.307,0.01,31.62,7.99,-0.71,2.18,-0.09,0.082,2.077,-4.209,0.127,2.568,-0.184,
2026-01-26 05:42:37.649,place_to_retreat_machine,40.935,-1229.052,1174.182,-179.906,-4.182,-0.725,-268.04,-47.761,-76.89,5.057,-55.351,-90.195,0.164,4.093,-8.335,0.273,4.36,-0.31,-0.02,31.33,7.92,-0.83,2.19,-0.15,0.063,1.594,-3.228,0.096,1.993,-0.143,
2026-01-26 05:42:37.750,place_to_retreat_machine,41.032,-1222.48,1174.179,-179.933,-4.182,-0.722,-268.025,-47.383,-77.659,5.082,-54.933,-90.225,0.161,4.014,-8.175,0.267,4.315,-0.307,-0.03,31.12,7.87,-0.75,2.25,-0.1,0.046,1.177,-2.38,0.07,1.496,-0.107,
2026-01-26 05:42:37.854,place_to_retreat_machine,41.116,-1216.275,1174.171,-179.957,-4.182,-0.72,-268.01,-47.03,-78.38,5.105,-54.543,-90.252,0.156,3.895,-7.932,0.258,4.212,-0.3,-0.02,31.1,7.79,-0.77,2.23,-0.09,0.032,0.819,-1.651,0.048,1.068,-0.077,
2026-01-26 05:42:37.958,place_to_retreat_machine,41.188,-1210.647,1174.161,-179.978,-4.182,-0.719,-267.998,-46.711,-79.028,5.126,-54.193,-90.277,0.149,3.717,-7.569,0.246,4.034,-0.288,0.04,30.85,7.76,-0.88,2.1,-0.03,0.015,0.383,-0.765,0.02,0.561,-0.04,
2026-01-26 05:42:38.060,place_to_retreat_machine,41.253,-1205.113,1174.147,-179.997,-4.182,-0.717,-267.985,-46.401,-79.661,5.146,-53.852,-90.302,0.143,3.565,-7.259,0.235,3.878,-0.276,-0.02,30.69,7.85,-0.82,2.08,-0.01,0.01,0.27,-0.536,0.013,0.412,-0.03,
2026-01-26 05:42:38.161,place_to_retreat_machine,41.311,-1199.897,1174.131,179.986,-4.181,-0.716,-267.974,-46.11,-80.253,5.165,-53.534,-90.324,0.136,3.401,-6.926,0.224,3.704,-0.264,0.03,30.51,7.84,-0.73,2.0,-0.13,0.001,0.044,-0.079,-0.001,0.144,-0.01,
2026-01-26 05:42:38.261,place_to_retreat_machine,41.361,-1194.983,1174.114,179.971,-4.18,-0.715,-267.963,-45.837,-80.808,5.183,-53.237,-90.346,0.129,3.232,-6.581,0.213,3.52,-0.251,-0.03,30.29,7.72,-0.76,1.9,-0.09,-0.006,-0.146,0.307,-0.013,-0.082,0.006,
2026-01-26 05:42:38.361,place_to_retreat_machine,41.404,-1190.535,1174.096,179.958,-4.179,-0.715,-267.953,-45.592,-81.307,5.2,-52.97,-90.365,0.122,3.037,-6.184,0.2,3.307,-0.236,0.08,30.21,7.83,-0.75,1.83,-0.07,-0.017,-0.404,0.832,-0.029,-0.379,0.027,
2026-01-26 05:42:38.465,place_to_retreat_machine,41.444,-1185.999,1174.075,179.946,-4.178,-0.714,-267.943,-45.343,-81.813,5.216,-52.701,-90.384,0.116,2.899,-5.903,0.191,3.154,-0.225,0.0,29.9,7.91,-0.7,1.83,-0.07,-0.014,-0.329,0.678,-0.024,-0.311,0.022,
2026-01-26 05:42:38.565,place_to_retreat_machine,41.478,-1181.9,1174.055,179.935,-4.177,-0.714,-267.934,-45.12,-82.269,5.231,-52.459,-90.401,0.109,2.733,-5.565,0.181,2.969,-0.212,0.02,29.89,7.8,-0.66,1.67,0.03,-0.022,-0.547,1.122,-0.038,-0.559,0.04,
2026-01-26 05:42:38.668,place_to_retreat_machine,41.509,-1177.896,1174.034,179.926,-4.176,-0.713,-267.925,-44.903,-82.711,5.245,-52.225,-90.418,0.104,2.593,-5.28,0.171,2.812,-0.2,0.11,29.81,7.76,-0.72,1.58,-0.1,-0.022,-0.554,1.135,-0.038,-0.577,0.041,
2026-01-26 05:42:38.768,place_to_retreat_machine,41.535,-1174.42,1174.014,179.919,-4.174,-0.713,-267.918,-44.715,-83.094,5.258,-52.023,-90.432,0.097,2.415,-4.916,0.16,2.614,-0.186,0.01,29.57,7.8,-0.79,1.42,-0.03,-0.032,-0.794,1.623,-0.054,-0.844,0.06,
2026-01-26 05:42:38.870,place_to_retreat_machine,41.558,-1170.88,1173.993,179.912,-4.173,-0.713,-267.91,-44.524,-83.481,5.27,-51.819,-90.447,0.092,2.287,-4.657,0.151,2.47,-0.176,-0.02,29.51,7.77,-0.68,1.39,-0.1,-0.028,-0.688,1.406,-0.046,-0.737,0.053,
2026-01-26 05:42:38.972,place_to_retreat_machine,41.578,-1167.809,1173.973,179.906,-4.172,-0.713,-267.903,-44.36,-83.817,5.281,-51.643,-90.459,0.085,2.127,-4.331,0.141,2.292,-0.163,0.07,29.37,7.76,-0.69,1.29,-0.02,-0.035,-0.878,1.793,-0.059,-0.945,0.067,
2026-01-26 05:42:39.073,place_to_retreat_machine,41.595,-1164.799,1173.953,179.901,-4.171,-0.713,-267.897,-44.199,-84.144,5.292,-51.472,-90.471,0.08,1.997,-4.066,0.133,2.147,-0.153,-0.03,29.26,7.81,-0.67,1.23,-0.06,-0.033,-0.829,1.692,-0.055,-0.897,0.064,
2026-01-26 05:42:39.176,place_to_retreat_machine,41.612,-1161.863,1173.933,179.897,-4.17,-0.713,-267.891,-44.043,-84.462,5.302,-51.306,-90.483,0.076,1.889,-3.845,0.125,2.025,-0.144,0.01,29.18,7.84,-0.75,1.12,0.0,-0.032,-0.79,1.613,-0.053,-0.86,0.061,
2026-01-26 05:42:39.277,place_to_retreat_machine,41.626,-1159.112,1173.913,179.894,-4.169,-0.714,-267.885,-43.897,-84.759,5.312,-51.152,-90.494,0.071,1.781,-3.627,0.119,1.905,-0.136,0.08,29.04,7.81,-0.69,1.06,-0.05,-0.033,-0.815,1.663,-0.054,-0.888,0.063,
2026-01-26 05:42:39.379,place_to_retreat_machine,41.638,-1156.632,1173.895,179.891,-4.167,-0.714,-267.88,-43.765,-85.026,5.321,-51.013,-90.504,0.067,1.664,-3.388,0.111,1.775,-0.126,0.05,28.97,7.68,-0.7,1.15,0.04,-0.035,-0.881,1.797,-0.058,-0.96,0.068,
2026-01-26 05:42:39.483,place_to_retreat_machine,41.648,-1154.213,1173.877,179.889,-4.166,-0.714,-267.875,-43.638,-85.286,5.33,-50.879,-90.514,0.063,1.567,-3.19,0.104,1.667,-0.119,-0.05,28.85,7.71,-0.75,0.95,0.03,-0.033,-0.829,1.691,-0.055,-0.906,0.065,
2026-01-26 05:42:39.586,place_to_retreat_machine,41.658,-1151.949,1173.859,179.887,-4.165,-0.714,-267.87,-43.519,-85.529,5.337,-50.754,-90.522,0.059,1.473,-2.999,0.098,1.562,-0.111,0.01,28.81,7.79,-0.77,0.92,-0.02,-0.033,-0.831,1.694,-0.055,-0.908,0.065,
2026-01-26 05:42:39.688,place_to_retreat_machine,41.666,-1149.908,1173.843,179.886,-4.164,-0.715,-267.866,-43.412,-85.747,5.345,-50.642,-90.53,0.055,1.372,-2.794,0.092,1.452,-0.103,0.01,28.68,7.9,-0.73,0.83,-0.03,-0.035,-0.868,1.77,-0.057,-0.947,0.068,
2026-01-26 05:42:39.792,place_to_retreat_machine,41.673,-1147.993,1173.828,179.885,-4.163,-0.715,-267.862,-43.311,-85.951,5.351,-50.538,-90.538,0.051,1.28,-2.606,0.086,1.35,-0.096,-0.07,28.66,7.74,-0.77,0.74,0.0,-0.034,-0.849,1.732,-0.056,-0.927,0.066,waypoint
2026-01-26 05:42:39.896,place_to_retreat_machine,41.284,-1137.432,1192.051,179.485,-4.167,-0.67,-267.859,-41.93,-86.888,5.327,-50.583,-90.533,0.044,4.414,-4.298,0.003,0.898,-0.061,0.04,28.1,6.98,-0.71,0.03,-0.0,-0.049,12.047,-5.773,-0.364,-2.337,0.179,
2026-01-26 05:42:39.999,place_to_retreat_machine,40.128,-1107.377,1242.609,179.097,-4.186,-0.613,-267.861,-38.164,-89.185,5.248,-51.662,-90.436,0.03,12.724,-8.965,-0.195,-2.022,0.198,0.03,27.44,6.43,-0.69,-1.39,-0.01,-0.079,34.684,-18.789,-0.87,-12.428,1.089,
2026-01-26 05:42:40.100,place_to_retreat_machine,38.983,-1076.182,1287.52,179.109,-4.212,-0.605,-267.862,-34.649,-91.324,5.184,-53.044,-90.307,0.019,18.331,-12.073,-0.306,-4.973,0.47,0.04,26.69,6.05,-0.73,-2.57,0.14,-0.072,28.713,-15.343,-0.634,-14.228,1.295,
2026-01-26 05:42:40.200,place_to_retreat_machine,37.928,-1047.344,1324.431,179.191,-4.233,-0.607,-267.863,-31.612,-93.173,5.131,-54.311,-90.188,0.011,21.342,-13.676,-0.363,-6.896,0.652,0.13,25.98,5.92,-0.64,-3.5,0.09,-0.064,21.065,-10.894,-0.466,-11.647,1.074,
2026-01-26 05:42:40.302,place_to_retreat_machine,36.838,-1017.704,1358.699,179.285,-4.25,-0.613,-267.865,-28.645,-94.978,5.079,-55.562,-90.069,0.005,23.422,-14.769,-0.402,-8.3,0.786,0.15,25.22,5.84,-0.77,-4.33,0.1,-0.057,18.244,-9.368,-0.403,-10.325,0.959,
2026-01-26 05:42:40.405,place_to_retreat_machine,35.769,-988.741,1389.132,179.375,-4.263,-0.619,-267.866,-25.868,-96.667,5.03,-56.734,-89.957,0.001,24.509,-15.301,-0.423,-9.155,0.869,0.06,24.17,5.8,-0.71,-4.65,0.17,-0.05,14.527,-7.28,-0.33,-8.502,0.791,
2026-01-26 05:42:40.510,place_to_retreat_machine,34.685,-959.538,1417.149,179.459,-4.273,-0.626,-267.867,-23.168,-98.31,4.983,-57.871,-89.848,-0.002,25.132,-15.583,-0.435,-9.709,0.923,0.1,23.36,5.83,-0.73,-4.84,0.1,-0.045,12.307,-6.085,-0.284,-7.304,0.68,
2026-01-26 05:42:40.611,place_to_retreat_machine,33.677,-932.476,1440.975,179.532,-4.28,-0.631,-267.868,-20.741,-99.787,4.94,-58.89,-89.751,-0.004,24.918,-15.38,-0.433,-9.83,0.935,0.22,22.38,6.07,-0.8,-4.98,0.2,-0.039,8.349,-3.818,-0.208,-5.397,0.5,
2026-01-26 05:42:40.713,place_to_retreat_machine,32.668,-905.486,1462.882,179.6,-4.284,-0.637,-267.869,-18.38,-101.224,4.899,-59.879,-89.657,-0.006,24.59,-15.126,-0.428,-9.844,0.937,0.22,21.52,6.15,-0.73,-5.0,0.27,-0.035,6.844,-3.028,-0.176,-4.546,0.42,
2026-01-26 05:42:40.814,place_to_retreat_machine,31.775,-881.668,1480.792,179.656,-4.286,-0.643,-267.87,-16.34,-102.465,4.863,-60.73,-89.576,-0.006,23.542,-14.447,-0.411,-9.512,0.906,0.2,20.56,6.39,-0.67,-5.08,0.27,-0.03,2.953,-0.774,-0.103,-2.724,0.247,
2026-01-26 05:42:40.918,place_to_retreat_machine,30.851,-857.08,1497.979,179.711,-4.287,-0.648,-267.871,-14.272,-103.724,4.827,-61.592,-89.494,-0.007,22.828,-13.983,-0.399,-9.287,0.885,0.25,19.7,6.6,-0.78,-4.84,0.1,-0.027,2.948,-0.874,-0.098,-2.547,0.231,
2026-01-26 05:42:41.019,place_to_retreat_machine,30.006,-834.638,1512.576,179.757,-4.286,-0.653,-267.871,-12.412,-104.855,4.794,-62.363,-89.42,-0.007,21.771,-13.316,-0.381,-8.895,0.847,0.23,18.81,6.74,-0.8,-4.71,0.21,-0.024,0.563,0.485,-0.052,-1.399,0.123,
2026-01-26 05:42:41.123,place_to_retreat_machine,29.171,-812.535,1525.989,179.8,-4.284,-0.658,-267.872,-10.603,-105.956,4.762,-63.112,-89.349,-0.007,20.849,-12.739,-0.366,-8.542,0.814,0.23,17.95,7.09,-0.72,-4.52,0.07,-0.021,-0.007,0.749,-0.038,-1.024,0.088,
2026-01-26 05:42:41.226,place_to_retreat_machine,28.382,-791.671,1537.811,179.839,-4.282,-0.663,-267.873,-8.915,-106.984,4.732,-63.808,-89.283,-0.007,19.859,-12.123,-0.349,-8.148,0.776,0.24,17.04,7.28,-0.77,-4.3,0.2,-0.019,-1.204,1.403,-0.014,-0.404,0.029,
2026-01-26 05:42:41.327,place_to_retreat_machine,27.637,-772.011,1548.233,179.872,-4.278,-0.667,-267.873,-7.338,-107.943,4.704,-64.457,-89.221,-0.007,18.836,-11.491,-0.332,-7.732,0.736,0.2,16.16,7.47,-0.78,-4.15,0.18,-0.016,-2.203,1.944,0.007,0.118,-0.02,
2026-01-26 05:42:41.428,place_to_retreat_machine,26.935,-753.514,1557.424,179.902,-4.274,-0.672,-267.874,-5.866,-108.839,4.678,-65.06,-89.163,-0.007,17.807,-10.858,-0.314,-7.308,0.696,0.25,15.4,7.57,-0.82,-3.96,0.17,-0.014,-3.028,2.385,0.024,0.554,-0.061,
2026-01-26 05:42:41.528,place_to_retreat_machine,26.274,-736.134,1565.533,179.927,-4.27,-0.676,-267.875,-4.491,-109.676,4.654,-65.622,-89.11,-0.007,16.792,-10.235,-0.296,-6.886,0.655,0.15,14.72,7.76,-0.91,-3.77,0.11,-0.012,-3.701,2.74,0.039,0.916,-0.095,
2026-01-26 05:42:41.629,place_to_retreat_machine,25.653,-719.82,1572.69,179.95,-4.265,-0.68,-267.875,-3.207,-110.457,4.631,-66.145,-89.06,-0.006,15.803,-9.629,-0.279,-6.472,0.616,0.26,13.98,7.9,-0.79,-3.53,0.12,-0.011,-4.241,3.02,0.051,1.213,-0.122,
2026-01-26 05:42:41.730,place_to_retreat_machine,25.07,-704.523,1579.012,179.969,-4.261,-0.683,-267.876,-2.009,-111.186,4.61,-66.632,-89.014,-0.006,14.849,-9.045,-0.263,-6.071,0.577,0.13,13.26,8.09,-0.92,-3.37,0.1,-0.009,-4.668,3.236,0.061,1.453,-0.145,
2026-01-26 05:42:41.830,place_to_retreat_machine,24.544,-690.724,1584.395,179.985,-4.256,-0.686,-267.876,-0.931,-111.842,4.59,-67.069,-88.973,-0.006,13.83,-8.423,-0.245,-5.644,0.536,0.19,12.59,8.15,-0.88,-3.16,0.19,-0.008,-5.412,3.649,0.076,1.812,-0.178,
2026-01-26 05:42:41.931,place_to_retreat_machine,24.03,-677.268,1589.358,180.0,-4.251,-0.69,-267.877,0.116,-112.48,4.572,-67.492,-88.933,-0.005,12.992,-7.912,-0.231,-5.291,0.503,0.2,11.93,8.31,-0.86,-2.94,0.12,-0.007,-5.168,3.465,0.073,1.764,-0.173,
2026-01-26 05:42:42.032,place_to_retreat_machine,23.549,-664.676,1593.75,-179.988,-4.246,-0.692,-267.877,1.094,-113.075,4.554,-67.886,-88.895,-0.005,12.189,-7.422,-0.217,-4.953,0.47,0.16,11.39,8.45,-0.9,-2.77,0.17,-0.006,-5.346,3.541,0.078,1.88,-0.184,
2026-01-26 05:42:42.135,place_to_retreat_machine,23.081,-652.46,1597.78,-179.977,-4.241,-0.695,-267.877,2.042,-113.651,4.537,-68.266,-88.859,-0.005,11.51,-7.008,-0.205,-4.665,0.443,0.25,10.86,8.57,-0.92,-2.68,0.15,-0.005,-5.12,3.375,0.076,1.829,-0.179,
2026-01-26 05:42:42.238,place_to_retreat_machine,22.661,-641.475,1601.212,-179.968,-4.237,-0.698,-267.878,2.892,-114.169,4.522,-68.606,-88.827,-0.004,10.759,-6.55,-0.192,-4.35,0.413,0.15,10.28,8.67,-0.89,-2.4,0.06,-0.004,-5.575,3.626,0.085,2.044,-0.199,
2026-01-26 05:42:42.340,place_to_retreat_machine,22.267,-631.208,1604.256,-179.961,-4.232,-0.7,-267.878,3.687,-114.653,4.508,-68.923,-88.797,-0.004,10.055,-6.121,-0.179,-4.054,0.384,0.19,9.74,8.8,-0.94,-2.29,-0.05,-0.004,-5.581,3.606,0.087,2.075,-0.201,
2026-01-26 05:42:42.440,place_to_retreat_machine,21.926,-622.329,1606.762,-179.956,-4.228,-0.702,-267.878,4.373,-115.07,4.495,-69.196,-88.771,-0.004,9.257,-5.635,-0.165,-3.723,0.353,0.1,9.31,8.9,-0.9,-2.1,0.07,-0.003,-6.102,3.902,0.097,2.306,-0.223,
2026-01-26 05:42:42.544,place_to_retreat_machine,21.568,-612.985,1609.274,-179.951,-4.224,-0.704,-267.879,5.095,-115.51,4.483,-69.482,-88.744,-0.004,8.748,-5.325,-0.156,-3.508,0.332,0.17,8.82,8.93,-0.86,-2.02,-0.0,-0.003,-5.136,3.295,0.081,1.942,-0.188,
2026-01-26 05:42:42.649,place_to_retreat_machine,21.245,-604.592,1611.421,-179.948,-4.22,-0.706,-267.879,5.743,-115.904,4.471,-69.739,-88.72,-0.003,8.182,-4.98,-0.146,-3.272,0.31,0.09,8.46,9.03,-0.94,-1.92,0.13,-0.002,-5.359,3.414,0.086,2.048,-0.198,
2026-01-26 05:42:42.755,place_to_retreat_machine,20.944,-596.754,1613.332,-179.946,-4.216,-0.708,-267.879,6.349,-116.273,4.46,-69.977,-88.698,-0.003,7.65,-4.656,-0.137,-3.05,0.289,0.23,8.09,9.14,-0.94,-1.74,0.07,-0.002,-5.253,3.334,0.085,2.021,-0.195,
2026-01-26 05:42:42.858,place_to_retreat_machine,20.684,-589.982,1614.912,-179.944,-4.212,-0.709,-267.879,6.872,-116.591,4.451,-70.183,-88.678,-0.003,7.045,-4.288,-0.126,-2.802,0.265,0.18,7.66,9.11,-0.97,-1.65,0.01,-0.001,-5.55,3.501,0.091,2.149,-0.207,
2026-01-26 05:42:42.960,place_to_retreat_machine,20.429,-583.369,1616.391,-179.943,-4.209,-0.711,-267.88,7.383,-116.902,4.441,-70.383,-88.659,-0.003,6.561,-3.994,-0.118,-2.602,0.246,0.06,7.37,9.15,-0.89,-1.44,0.11,-0.001,-5.118,3.226,0.084,1.988,-0.191,
2026-01-26 05:42:43.061,place_to_retreat_machine,20.181,-576.94,1617.767,-179.943,-4.205,-0.712,-267.88,7.879,-117.205,4.432,-70.577,-88.641,-0.002,6.162,-3.751,-0.111,-2.436,0.23,0.2,6.97,9.2,-0.82,-1.47,-0.05,-0.001,-4.747,2.989,0.078,1.85,-0.178,
2026-01-26 05:42:43.164,place_to_retreat_machine,19.95,-570.939,1618.998,-179.943,-4.202,-0.713,-267.88,8.343,-117.487,4.424,-70.758,-88.624,-0.002,5.781,-3.519,-0.104,-2.279,0.215,0.03,6.73,9.28,-0.91,-1.3,0.13,-0.001,-4.602,2.891,0.076,1.799,-0.173,
2026-01-26 05:42:43.267,place_to_retreat_machine,19.734,-565.337,1620.1,-179.944,-4.199,-0.714,-267.88,8.776,-117.751,4.416,-70.926,-88.608,-0.002,5.419,-3.298,-0.098,-2.13,0.201,0.08,6.41,9.35,-0.9,-1.21,0.02,-0.0,-4.449,2.789,0.074,1.744,-0.168,
2026-01-26 05:42:43.371,place_to_retreat_machine,19.533,-560.109,1621.088,-179.945,-4.196,-0.715,-267.88,9.181,-117.997,4.409,-71.082,-88.594,-0.002,5.075,-3.089,-0.092,-1.989,0.187,0.13,6.16,9.38,-0.88,-1.15,0.02,-0.0,-4.291,2.684,0.072,1.686,-0.162,
2026-01-26 05:42:43.473,place_to_retreat_machine,19.352,-555.411,1621.942,-179.947,-4.193,-0.716,-267.88,9.544,-118.218,4.402,-71.223,-88.58,-0.002,4.715,-2.87,-0.085,-1.842,0.173,0.06,5.84,9.49,-0.92,-1.03,0.1,-0.0,-4.27,2.665,0.072,1.68,-0.161,
2026-01-26 05:42:43.575,place_to_retreat_machine,19.182,-551.015,1622.712,-179.949,-4.191,-0.717,-267.881,9.884,-118.425,4.396,-71.354,-88.568,-0.002,4.387,-2.67,-0.079,-1.709,0.161,0.12,5.66,9.36,-0.81,-1.01,0.04,0.0,-4.075,2.539,0.069,1.605,-0.154,
2026-01-26 05:42:43.679,place_to_retreat_machine,19.023,-546.902,1623.408,-179.951,-4.188,-0.717,-267.881,10.203,-118.619,4.39,-71.476,-88.557,-0.002,4.087,-2.488,-0.074,-1.588,0.149,0.04,5.44,9.45,-0.89,-0.96,0.06,0.0,-3.885,2.418,0.066,1.532,-0.147,
2026-01-26 05:42:43.781,place_to_retreat_machine,18.874,-543.052,1624.037,-179.953,-4.186,-0.718,-267.881,10.501,-118.801,4.385,-71.59,-88.546,-0.002,3.811,-2.32,-0.069,-1.476,0.139,0.06,5.26,9.53,-0.88,-0.87,-0.01,0.0,-3.7,2.299,0.063,1.46,-0.14,
2026-01-26 05:42:43.883,place_to_retreat_machine,18.735,-539.451,1624.606,-179.955,-4.184,-0.719,-267.881,10.781,-118.971,4.38,-71.697,-88.536,-0.001,3.556,-2.165,-0.064,-1.373,0.129,0.0,5.04,9.65,-0.95,-0.83,0.03,0.0,-3.52,2.185,0.06,1.39,-0.133,
2026-01-26 05:42:43.986,place_to_retreat_machine,18.605,-536.08,1625.122,-179.958,-4.182,-0.719,-267.881,11.042,-119.13,4.375,-71.796,-88.527,-0.001,3.321,-2.021,-0.06,-1.279,0.12,-0.05,4.82,9.52,-0.92,-0.71,0.12,0.0,-3.346,2.075,0.057,1.322,-0.126,
2026-01-26 05:42:44.088,place_to_retreat_machine,18.483,-532.926,1625.59,-179.96,-4.18,-0.72,-267.881,11.287,-119.279,4.371,-71.889,-88.518,-0.001,3.102,-1.889,-0.056,-1.191,0.112,0.0,4.71,9.57,-0.9,-0.72,-0.04,0.0,-3.178,1.969,0.055,1.256,-0.12,
2026-01-26 05:42:44.190,place_to_retreat_machine,18.369,-529.975,1626.015,-179.963,-4.178,-0.72,-267.881,11.516,-119.418,4.366,-71.976,-88.51,-0.001,2.9,-1.765,-0.053,-1.11,0.104,0.05,4.56,9.71,-0.95,-0.64,0.1,0.0,-3.017,1.867,0.052,1.192,-0.114,
2026-01-26 05:42:44.293,place_to_retreat_machine,18.262,-527.214,1626.401,-179.966,-4.177,-0.72,-267.881,11.73,-119.549,4.362,-72.056,-88.502,-0.001,2.711,-1.65,-0.049,-1.035,0.097,0.09,4.37,9.66,-0.9,-0.66,0.02,0.0,-2.861,1.77,0.049,1.13,-0.108,
2026-01-26 05:42:44.393,place_to_retreat_machine,18.158,-524.53,1626.766,-179.969,-4.175,-0.721,-267.881,11.939,-119.676,4.359,-72.135,-88.495,-0.001,2.555,-1.555,-0.047,-0.972,0.091,0.01,4.26,9.69,-0.98,-0.56,0.15,0.0,-2.634,1.629,0.045,1.042,-0.099,
2026-01-26 05:42:44.496,wait_for_machining,18.065,-522.119,1627.085,-179.972,-4.174,-0.721,-267.881,12.127,-119.79,4.355,-72.205,-88.488,-0.001,2.385,-1.452,-0.043,-0.905,0.085,0.06,4.25,9.73,-0.92,-0.59,0.06,0.0,-2.582,1.594,0.045,1.019,-0.097,
2026-01-26 05:42:44.598,wait_for_machining,17.977,-519.862,1627.376,-179.975,-4.172,-0.721,-267.881,12.302,-119.897,4.352,-72.271,-88.482,-0.001,2.228,-1.356,-0.041,-0.843,0.079,-0.02,4.02,9.68,-0.96,-0.5,0.0,0.0,-2.443,1.508,0.042,0.964,-0.092,
2026-01-26 05:42:44.701,wait_for_machining,17.895,-517.751,1627.642,-179.978,-4.171,-0.721,-267.882,12.466,-119.997,4.349,-72.332,-88.477,-0.001,2.082,-1.267,-0.038,-0.785,0.073,0.05,3.9,9.67,-0.92,-0.36,0.02,0.0,-2.311,1.425,0.04,0.911,-0.087,
2026-01-26 05:42:44.804,wait_for_machining,17.819,-515.775,1627.884,-179.98,-4.17,-0.721,-267.882,12.62,-120.091,4.346,-72.389,-88.471,-0.001,1.946,-1.185,-0.036,-0.732,0.068,0.02,3.86,9.68,-0.87,-0.45,-0.01,0.0,-2.185,1.346,0.038,0.861,-0.082,
2026-01-26 05:42:44.910,wait_for_machining,17.775,-514.651,1628.02,-179.982,-4.169,-0.722,-267.882,12.708,-120.144,4.345,-72.422,-88.468,-0.001,1.678,-1.022,-0.031,-0.63,0.059,0.08,3.79,9.71,-0.89,-0.42,-0.11,0.001,-2.629,1.615,0.046,1.022,-0.097,
2026-01-26 05:42:45.010,wait_for_machining,17.717,-513.15,1628.198,-179.985,-4.168,-0.722,-267.882,12.825,-120.215,4.342,-72.465,-88.464,-0.001,1.551,-0.944,-0.028,-0.581,0.054,-0.0,3.65,9.79,-0.9,-0.28,0.07,0.0,-2.073,1.275,0.036,0.812,-0.077,
2026-01-26 05:42:45.112,wait_for_machining,17.652,-511.47,1628.394,-179.987,-4.167,-0.722,-267.882,12.956,-120.295,4.34,-72.513,-88.46,-0.001,1.491,-0.908,-0.027,-0.556,0.052,0.12,3.52,9.81,-0.9,-0.4,0.06,0.0,-1.725,1.062,0.03,0.68,-0.065,
2026-01-26 05:42:45.215,wait_for_machining,17.589,-509.837,1628.58,-179.99,-4.166,-0.722,-267.882,13.083,-120.372,4.338,-72.56,-88.455,-0.001,1.437,-0.875,-0.026,-0.534,0.05,-0.06,3.44,9.73,-0.89,-0.31,-0.07,0.0,-1.588,0.978,0.028,0.627,-0.06,
2026-01-26 05:42:45.316,wait_for_machining,17.532,-508.369,1628.745,-179.993,-4.165,-0.722,-267.882,13.198,-120.442,4.336,-72.602,-88.452,-0.001,1.364,-0.83,-0.025,-0.506,0.047,-0.01,3.47,9.78,-1.0,-0.39,0.05,0.0,-1.558,0.958,0.027,0.612,-0.058,
2026-01-26 05:42:45.418,wait_for_machining,17.476,-506.942,1628.901,-179.996,-4.164,-0.722,-267.882,13.309,-120.51,4.334,-72.643,-88.448,-0.001,1.301,-0.792,-0.024,-0.481,0.045,0.0,3.31,9.84,-0.91,-0.31,-0.08,0.0,-1.434,0.882,0.025,0.564,-0.054,
2026-01-26 05:42:45.520,wait_for_machining,17.427,-505.66,1629.04,-179.998,-4.163,-0.722,-267.882,13.409,-120.571,4.332,-72.679,-88.444,-0.0,1.226,-0.747,-0.023,-0.452,0.042,-0.04,3.18,9.9,-0.89,-0.21,-0.07,0.0,-1.403,0.862,0.025,0.55,-0.052,
2026-01-26 05:42:45.622,wait_for_machining,17.378,-504.414,1629.172,179.999,-4.162,-0.722,-267.882,13.506,-120.63,4.33,-72.715,-88.441,-0.0,1.163,-0.708,-0.021,-0.428,0.04,0.04,3.16,9.82,-0.88,-0.3,-0.01,0.0,-1.29,0.793,0.023,0.506,-0.048,
2026-01-26 05:42:45.725,wait_for_machining,17.331,-503.208,1629.297,179.997,-4.162,-0.722,-267.882,13.601,-120.688,4.328,-72.749,-88.438,-0.0,1.108,-0.675,-0.02,-0.406,0.038,-0.09,3.13,9.78,-0.9,-0.33,0.03,0.0,-1.192,0.732,0.021,0.468,-0.044,
2026-01-26 05:42:45.825,wait_for_machining,17.289,-502.125,1629.409,179.994,-4.161,-0.722,-267.882,13.685,-120.739,4.327,-72.78,-88.435,-0.0,1.043,-0.635,-0.019,-0.381,0.035,0.01,3.16,9.92,-0.91,-0.14,-0.04,0.0,-1.169,0.717,0.021,0.457,-0.043,
2026-01-26 05:42:45.926,wait_for_machining,17.252,-501.152,1629.507,179.992,-4.16,-0.722,-267.882,13.761,-120.785,4.325,-72.807,-88.433,-0.0,0.972,-0.592,-0.018,-0.354,0.033,0.08,3.08,9.84,-0.82,-0.26,-0.02,0.0,-1.138,0.698,0.02,0.443,-0.042,
2026-01-26 05:42:46.029,wait_for_machining,17.213,-500.171,1629.605,179.99,-4.16,-0.722,-267.882,13.838,-120.832,4.324,-72.835,-88.43,-0.0,0.921,-0.561,-0.017,-0.335,0.031,0.09,3.07,9.88,-0.9,-0.32,0.0,0.0,-1.017,0.624,0.018,0.397,-0.038,
2026-01-26 05:42:46.132,wait_for_machining,17.179,-499.291,1629.692,179.987,-4.159,-0.722,-267.882,13.907,-120.874,4.322,-72.859,-88.428,-0.0,0.863,-0.525,-0.016,-0.313,0.029,-0.01,2.93,9.86,-0.95,-0.14,-0.05,0.0,-0.994,0.609,0.018,0.386,-0.036,
2026-01-26 05:42:46.235,wait_for_machining,17.146,-498.438,1629.774,179.985,-4.159,-0.722,-267.882,13.974,-120.915,4.321,-72.883,-88.426,-0.0,0.814,-0.496,-0.015,-0.294,0.027,-0.01,2.93,9.85,-0.86,-0.16,0.01,0.0,-0.916,0.562,0.016,0.356,-0.034,
2026-01-26 05:42:46.336,wait_for_machining,17.117,-497.702,1629.845,179.983,-4.158,-0.722,-267.882,14.032,-120.95,4.32,-72.904,-88.424,-0.0,0.755,-0.46,-0.014,-0.272,0.025,0.09,2.85,9.79,-0.86,-0.15,-0.04,0.0,-0.915,0.561,0.016,0.353,-0.033,
2026-01-26 05:42:46.436,wait_for_machining,17.09,-496.985,1629.913,179.981,-4.158,-0.722,-267.882,14.088,-120.984,4.319,-72.923,-88.422,-0.0,0.706,-0.43,-0.013,-0.254,0.023,0.04,2.86,9.82,-0.9,-0.2,0.09,0.0,-0.84,0.514,0.015,0.324,-0.031,
2026-01-26 05:42:46.537,wait_for_machining,17.066,-496.367,1629.971,179.979,-4.157,-0.722,-267.882,14.136,-121.014,4.318,-72.941,-88.42,-0.0,0.651,-0.396,-0.012,-0.233,0.021,0.02,2.74,9.85,-0.96,-0.14,0.06,0.0,-0.832,0.509,0.015,0.319,-0.03,
2026-01-26 05:42:46.640,wait_for_machining,17.041,-495.739,1630.03,179.977,-4.157,-0.722,-267.882,14.185,-121.044,4.317,-72.958,-88.419,-0.0,0.611,-0.372,-0.011,-0.218,0.02,0.01,2.73,9.87,-0.89,-0.12,0.07,0.0,-0.742,0.454,0.013,0.286,-0.027,
2026-01-26 05:42:46.742,wait_for_machining,17.018,-495.154,1630.084,179.976,-4.157,-0.722,-267.882,14.231,-121.071,4.316,-72.974,-88.417,-0.0,0.573,-0.349,-0.011,-0.204,0.019,0.07,2.77,9.91,-0.91,-0.13,-0.03,0.0,-0.7,0.428,0.013,0.269,-0.025,
2026-01-26 05:42:46.846,wait_for_machining,16.996,-494.587,1630.136,179.974,-4.156,-0.722,-267.882,14.276,-121.099,4.316,-72.99,-88.416,-0.0,0.541,-0.329,-0.01,-0.192,0.018,-0.09,2.68,9.89,-0.91,-0.14,0.01,0.0,-0.645,0.394,0.012,0.248,-0.023,
2026-01-26 05:42:46.946,wait_for_machining,16.977,-494.097,1630.18,179.972,-4.156,-0.722,-267.882,14.314,-121.122,4.315,-73.003,-88.415,-0.0,0.502,-0.306,-0.009,-0.178,0.016,0.05,2.73,9.82,-0.86,-0.14,-0.05,0.0,-0.64,0.392,0.012,0.244,-0.023,
2026-01-26 05:42:47.047,wait_for_machining,16.959,-493.621,1630.223,179.971,-4.156,-0.722,-267.882,14.351,-121.145,4.314,-73.016,-88.413,-0.0,0.47,-0.286,-0.009,-0.166,0.015,-0.0,2.62,9.93,-0.93,-0.09,0.01,0.0,-0.587,0.359,0.011,0.224,-0.021,
2026-01-26 05:42:47.151,wait_for_machining,16.943,-493.226,1630.258,179.969,-4.155,-0.722,-267.882,14.382,-121.164,4.314,-73.027,-88.412,-0.0,0.43,-0.262,-0.008,-0.151,0.014,-0.03,2.63,9.87,-0.96,-0.08,-0.09,0.0,-0.592,0.362,0.011,0.224,-0.021,
2026-01-26 05:42:47.256,wait_for_machining,16.927,-492.808,1630.295,179.968,-4.155,-0.722,-267.882,14.415,-121.184,4.313,-73.038,-88.411,-0.0,0.404,-0.246,-0.008,-0.142,0.013,0.05,2.64,9.82,-0.87,-0.02,-0.07,0.0,-0.514,0.314,0.009,0.196,-0.018,
2026-01-26 05:42:47.359,wait_for_machining,16.912,-492.417,1630.33,179.967,-4.155,-0.722,-267.882,14.446,-121.202,4.312,-73.049,-88.41,-0.0,0.38,-0.231,-0.007,-0.133,0.012,0.05,2.52,9.82,-1.0,-0.1,0.07,0.0,-0.485,0.296,0.009,0.184,-0.017,
2026-01-26 05:42:47.462,wait_for_machining,16.898,-492.066,1630.36,179.965,-4.155,-0.722,-267.882,14.474,-121.219,4.312,-73.058,-88.409,-0.0,0.354,-0.216,-0.007,-0.123,0.011,0.03,2.56,9.82,-0.97,-0.07,-0.01,0.0,-0.467,0.286,0.008,0.177,-0.017,
2026-01-26 05:42:47.566,wait_for_machining,16.885,-491.725,1630.39,179.964,-4.154,-0.721,-267.882,14.5,-121.235,4.311,-73.068,-88.409,-0.0,0.332,-0.202,-0.006,-0.116,0.011,0.01,2.52,9.9,-0.92,-0.11,-0.02,0.0,-0.428,0.262,0.008,0.162,-0.015,
2026-01-26 05:42:47.670,wait_for_machining,16.872,-491.394,1630.419,179.963,-4.154,-0.721,-267.882,14.526,-121.251,4.311,-73.076,-88.408,-0.0,0.314,-0.191,-0.006,-0.109,0.01,0.07,2.44,9.84,-0.83,-0.15,-0.07,0.0,-0.394,0.241,0.007,0.149,-0.014,
2026-01-26 05:42:47.771,wait_for_machining,16.86,-491.098,1630.444,179.962,-4.154,-0.721,-267.882,14.55,-121.265,4.311,-73.084,-88.407,-0.0,0.294,-0.179,-0.005,-0.102,0.009,-0.01,2.56,9.87,-0.97,-0.08,0.01,0.0,-0.381,0.233,0.007,0.143,-0.013,
2026-01-26 05:42:47.872,wait_for_machining,16.849,-490.811,1630.469,179.961,-4.154,-0.721,-267.882,14.572,-121.279,4.31,-73.092,-88.406,-0.0,0.277,-0.169,-0.005,-0.095,0.009,-0.04,2.47,9.85,-0.9,-0.02,0.07,0.0,-0.35,0.214,0.006,0.132,-0.012,
2026-01-26 05:42:47.972,wait_for_machining,16.84,-490.563,1630.49,179.96,-4.154,-0.721,-267.882,14.592,-121.291,4.31,-73.099,-88.406,-0.0,0.256,-0.156,-0.005,-0.088,0.008,0.04,2.33,9.87,-0.95,-0.07,0.06,0.0,-0.346,0.211,0.006,0.129,-0.012,
2026-01-26 05:42:48.075,wait_for_machining,16.83,-490.321,1630.511,179.959,-4.154,-0.721,-267.882,14.611,-121.303,4.309,-73.105,-88.405,-0.0,0.24,-0.146,-0.004,-0.082,0.007,0.0,2.44,9.84,-0.83,-0.01,0.05,0.0,-0.317,0.193,0.006,0.118,-0.011,
2026-01-26 05:42:48.175,wait_for_machining,16.822,-490.104,1630.529,179.958,-4.153,-0.721,-267.882,14.628,-121.313,4.309,-73.111,-88.405,-0.0,0.222,-0.135,-0.004,-0.076,0.007,-0.0,2.48,9.87,-0.88,-0.02,0.01,0.0,-0.304,0.186,0.006,0.113,-0.011,
2026-01-26 05:42:48.276,wait_for_machining,16.814,-489.901,1630.546,179.957,-4.153,-0.721,-267.882,14.644,-121.323,4.309,-73.116,-88.404,-0.0,0.207,-0.126,-0.004,-0.07,0.006,-0.0,2.47,9.97,-0.88,0.05,-0.01,0.0,-0.285,0.174,0.005,0.106,-0.01,
2026-01-26 05:42:48.380,wait_for_machining,16.806,-489.704,1630.563,179.956,-4.153,-0.721,-267.882,14.659,-121.332,4.308,-73.121,-88.404,-0.0,0.194,-0.118,-0.004,-0.066,0.006,0.06,2.42,9.91,-0.83,0.01,-0.05,0.0,-0.26,0.159,0.005,0.097,-0.009,
2026-01-26 05:42:48.481,wait_for_machining,16.799,-489.52,1630.578,179.955,-4.153,-0.721,-267.882,14.674,-121.341,4.308,-73.126,-88.403,-0.0,0.182,-0.111,-0.003,-0.061,0.006,0.01,2.47,9.84,-0.87,0.02,0.04,0.0,-0.245,0.149,0.004,0.091,-0.008,
2026-01-26 05:42:48.586,wait_for_machining,16.793,-489.361,1630.592,179.955,-4.153,-0.721,-267.882,14.686,-121.349,4.308,-73.131,-88.403,-0.0,0.168,-0.102,-0.003,-0.057,0.005,-0.08,2.35,9.91,-0.8,0.0,0.01,0.0,-0.24,0.146,0.004,0.088,-0.008,
2026-01-26 05:42:48.688,wait_for_machining,16.787,-489.205,1630.605,179.954,-4.153,-0.721,-267.882,14.698,-121.356,4.308,-73.135,-88.403,-0.0,0.156,-0.095,-0.003,-0.053,0.005,0.04,2.4,9.97,-0.86,0.01,0.04,0.0,-0.219,0.134,0.004,0.081,-0.007,
2026-01-26 05:42:48.789,wait_for_machining,16.781,-489.054,1630.617,179.953,-4.153,-0.721,-267.882,14.71,-121.363,4.307,-73.139,-88.402,-0.0,0.147,-0.089,-0.003,-0.049,0.004,-0.02,2.47,9.82,-0.93,-0.08,0.05,0.0,-0.2,0.122,0.004,0.074,-0.007,
2026-01-26 05:42:48.889,wait_for_machining,16.775,-488.918,1630.628,179.952,-4.153,-0.721,-267.882,14.721,-121.37,4.307,-73.142,-88.402,-0.0,0.137,-0.083,-0.003,-0.046,0.004,-0.02,2.32,9.88,-0.94,-0.07,0.02,0.0,-0.192,0.117,0.004,0.07,-0.007,
2026-01-26 05:42:48.989,wait_for_machining,16.77,-488.786,1630.639,179.952,-4.153,-0.721,-267.882,14.731,-121.376,4.307,-73.145,-88.402,-0.0,0.129,-0.078,-0.002,-0.043,0.004,-0.06,2.38,9.89,-0.96,-0.11,0.1,0.0,-0.176,0.107,0.003,0.064,-0.006,
2026-01-26 05:42:49.092,wait_for_machining,16.765,-488.663,1630.65,179.951,-4.153,-0.721,-267.882,14.741,-121.382,4.307,-73.149,-88.401,-0.0,0.121,-0.074,-0.002,-0.04,0.004,0.05,2.34,9.92,-0.91,-0.1,0.09,0.0,-0.165,0.101,0.003,0.06,-0.006,
2026-01-26 05:42:55.229,wait_for_machining,16.699,-486.96,1630.788,179.941,-4.151,-0.72,-267.882,14.876,-121.464,4.304,-73.191,-88.398,-0.0,0.002,-0.001,-0.0,-0.001,0.0,-0.01,2.3,9.83,-0.96,-0.01,-0.03,0.0,-0.003,0.002,0.0,0.001,-0.0,
2026-01-26 05:43:01.365,wait_for_machining,16.698,-486.932,1630.791,179.941,-4.151,-0.72,-267.882,14.878,-121.465,4.304,-73.192,-88.397,-0.0,0.0,-0.0,-0.0,-0.0,0.0,-0.08,2.27,9.91,-0.84,0.07,0.04,0.0,-0.0,0.0,0.0,0.0,-0.0,
2026-01-26 05:43:07.592,wait_for_machining,16.698,-486.931,1630.791,179.941,-4.151,-0.72,-267.882,14.878,-121.465,4.304,-73.192,-88.397,-0.0,0.0,-0.0,-0.0,-0.0,0.0,-0.05,2.19,9.88,-0.99,0.11,-0.08,0.0,-0.0,0.0,0.0,0.0,-0.0,
2026-01-26 05:43:13.726,wait_for_machining,16.698,-486.931,1630.791,179.941,-4.151,-0.72,-267.882,14.878,-121.465,4.304,-73.192,-88.397,-0.0,0.0,-0.0,-0.0,-0.0,0.0,-0.05,2.25,9.84,-0.89,0.08,-0.03,0.0,-0.0,0.0,0.0,0.0,-0.0,
2026-01-26 05:43:19.978,wait_for_machining,16.698,-486.931,1630.791,179.941,-4.151,-0.72,-267.882,14.878,-121.465,4.304,-73.192,-88.397,-0.0,0.0,-0.0,-0.0,-0.0,0.0,-0.01,2.33,9.84,-0.95,-0.07,-0.04,0.0,-0.0,0.0,0.0,0.0,-0.0,
2026-01-26 05:43:26.112,wait_for_machining,16.698,-486.931,1630.791,179.941,-4.151,-0.72,-267.882,14.878,-121.465,4.304,-73.192,-88.397,-0.0,0.0,-0.0,-0.0,-0.0,0.0,0.01,2.27,9.94,-0.96,-0.02,0.07,0.0,-0.0,0.0,0.0,0.0,-0.0,
2026-01-26 05:43:32.340,wait_for_machining,16.698,-486.931,1630.791,179.941,-4.151,-0.72,-267.882,14.878,-121.465,4.304,-73.192,-88.397,-0.0,0.0,-0.0,-0.0,-0.0,0.0,0.02,2.22,9.88,-0.93,0.09,0.05,0.0,-0.0,0.0,0.0,0.0,-0.0,
2026-01-26 05:43:38.461,wait_for_machining,16.698,-486.931,1630.791,179.941,-4.151,-0.72,-267.882,14.878,-121.465,4.304,-73.192,-88.397,-0.0,0.0,-0.0,-0.0,-0.0,0.0,-0.1,2.2,9.96,-0.9,0.11,0.04,0.0,-0.0,0.0,0.0,0.0,-0.0,
2026-01-26 05:43:44.719,wait_for_machining,16.698,-486.931,1630.791,179.941,-4.151,-0.72,-267.882,14.878,-121.465,4.304,-73.192,-88.397,-0.0,0.0,-0.0,-0.0,-0.0,0.0,-0.07,2.25,9.94,-0.99,-0.12,0.0,0.0,-0.0,0.0,0.0,0.0,-0.0,waypoint
2026-01-26 05:43:44.822,machining_end_to_approach_machine,17.115,-497.04,1629.491,-179.773,-4.152,-0.744,-267.881,14.035,-120.981,4.322,-73.118,-88.403,0.003,-2.108,1.211,0.044,0.183,-0.014,-0.01,1.91,9.98,-0.85,0.52,0.04,0.013,-8.433,4.844,0.175,0.733,-0.054,
2026-01-26 05:43:44.922,machining_end_to_approach_machine,18.92,-541.474,1622.133,-179.292,-4.183,-0.788,-267.876,10.469,-118.933,4.404,-72.082,-88.49,0.014,-10.496,6.029,0.238,2.729,-0.228,-0.04,2.08,10.16,-0.89,1.93,-0.13,0.045,-34.816,20.0,0.802,10.291,-0.867,
2026-01-26 05:43:45.023,machining_end_to_approach_machine,20.614,-584.059,1612.435,-179.274,-4.212,-0.783,-267.872,7.131,-117.018,4.472,-70.679,-88.616,0.023,-16.216,9.308,0.349,5.553,-0.487,-0.25,2.6,10.18,-0.85,3.17,-0.13,0.043,-29.053,16.659,0.586,12.924,-1.17,
2026-01-26 05:43:45.126,machining_end_to_approach_machine,22.259,-625.604,1600.414,-179.358,-4.237,-0.767,-267.867,3.886,-115.158,4.537,-69.216,-88.752,0.029,-20.276,11.632,0.423,7.823,-0.705,-0.29,3.45,10.13,-0.67,4.03,-0.14,0.039,-25.224,14.456,0.489,12.24,-1.151,
2026-01-26 05:43:45.229,machining_end_to_approach_machine,23.729,-662.81,1587.429,-179.451,-4.257,-0.75,-267.862,0.968,-113.485,4.594,-67.882,-88.878,0.033,-22.501,12.906,0.461,9.203,-0.843,-0.32,4.36,10.32,-0.81,4.71,-0.18,0.03,-19.423,11.129,0.371,9.721,-0.932,
2026-01-26 05:43:45.331,machining_end_to_approach_machine,25.148,-698.72,1572.829,-179.543,-4.272,-0.735,-267.858,-1.869,-111.859,4.65,-66.583,-89.001,0.036,-23.968,13.745,0.486,10.148,-0.939,-0.29,5.45,10.22,-0.78,5.01,-0.2,0.026,-16.674,9.554,0.317,8.393,-0.811,
2026-01-26 05:43:45.434,machining_end_to_approach_machine,26.314,-728.218,1559.252,-179.618,-4.283,-0.723,-267.854,-4.221,-110.51,4.696,-65.509,-89.103,0.036,-23.857,13.68,0.48,10.298,-0.959,-0.39,6.61,10.34,-0.75,5.37,-0.21,0.016,-10.162,5.821,0.19,5.316,-0.52,
2026-01-26 05:43:45.535,machining_end_to_approach_machine,27.491,-757.991,1544.032,-179.691,-4.291,-0.712,-267.851,-6.622,-109.134,4.744,-64.415,-89.206,0.036,-23.893,13.7,0.479,10.457,-0.978,-0.4,7.74,10.26,-0.75,5.49,-0.28,0.015,-9.624,5.513,0.181,4.975,-0.486,
2026-01-26 05:43:45.638,machining_end_to_approach_machine,28.579,-785.513,1528.541,-179.757,-4.297,-0.703,-267.847,-8.869,-107.846,4.788,-63.394,-89.303,0.035,-23.538,13.496,0.47,10.396,-0.975,-0.39,8.77,10.19,-0.79,5.46,-0.16,0.011,-7.13,4.084,0.133,3.751,-0.368,
2026-01-26 05:43:45.742,machining_end_to_approach_machine,29.583,-810.926,1512.958,-179.816,-4.3,-0.696,-267.844,-10.972,-106.64,4.83,-62.441,-89.393,0.034,-22.913,13.137,0.457,10.179,-0.957,-0.41,9.92,10.2,-0.72,5.25,-0.24,0.008,-4.983,2.854,0.092,2.696,-0.266,
2026-01-26 05:43:45.845,machining_end_to_approach_machine,30.51,-834.372,1497.431,-179.868,-4.302,-0.69,-267.841,-12.942,-105.511,4.869,-61.551,-89.477,0.033,-22.108,12.675,0.44,9.859,-0.928,-0.34,11.03,10.14,-0.72,5.29,-0.18,0.005,-3.143,1.799,0.056,1.793,-0.179,
2026-01-26 05:43:45.949,machining_end_to_approach_machine,31.166,-850.96,1485.744,-179.904,-4.302,-0.686,-267.839,-14.354,-104.701,4.897,-60.915,-89.537,0.03,-20.112,11.531,0.4,8.985,-0.846,-0.37,11.95,10.07,-0.8,5.15,-0.16,-0.004,2.743,-1.575,-0.059,-0.92,0.079,
2026-01-26 05:43:46.049,machining_end_to_approach_machine,31.751,-865.755,1474.806,-179.936,-4.301,-0.683,-267.837,-15.629,-103.971,4.922,-60.342,-89.591,0.028,-18.27,10.474,0.363,8.171,-0.77,-0.36,12.94,10.06,-0.76,4.94,-0.19,-0.006,3.849,-2.209,-0.081,-1.462,0.131,
2026-01-26 05:43:46.153,machining_end_to_approach_machine,32.509,-884.909,1459.889,-179.975,-4.3,-0.679,-267.835,-17.301,-103.012,4.955,-59.592,-89.662,0.027,-17.883,10.253,0.355,8.003,-0.754,-0.33,13.98,9.87,-0.74,4.71,-0.28,0.001,-0.517,0.295,0.007,0.455,-0.049,
2026-01-26 05:43:46.253,machining_end_to_approach_machine,33.18,-901.876,1445.927,179.992,-4.297,-0.676,-267.832,-18.806,-102.149,4.985,-58.919,-89.726,0.026,-17.175,9.847,0.341,7.685,-0.724,-0.3,14.8,9.89,-0.73,4.6,-0.17,-0.002,1.208,-0.694,-0.027,-0.36,0.029,
2026-01-26 05:43:46.354,machining_end_to_approach_machine,33.825,-918.182,1431.806,179.961,-4.294,-0.674,-267.83,-20.276,-101.306,5.014,-58.263,-89.787,0.025,-16.556,9.492,0.329,7.402,-0.698,-0.27,15.49,9.71,-0.81,4.41,-0.17,-0.002,1.441,-0.827,-0.031,-0.501,0.044,
2026-01-26 05:43:46.454,machining_end_to_approach_machine,34.419,-933.203,1418.155,179.934,-4.29,-0.673,-267.828,-21.652,-100.518,5.042,-57.652,-89.845,0.024,-15.857,9.091,0.315,7.081,-0.667,-0.38,16.44,9.78,-0.77,4.08,-0.07,-0.003,2.235,-1.282,-0.046,-0.887,0.081,
2026-01-26 05:43:46.555,machining_end_to_approach_machine,34.988,-947.569,1404.486,179.91,-4.285,-0.672,-267.826,-22.99,-99.75,5.068,-57.059,-89.901,0.023,-15.237,8.736,0.303,6.794,-0.64,-0.24,17.16,9.59,-0.73,3.95,-0.18,-0.004,2.391,-1.372,-0.049,-0.985,0.091,
2026-01-26 05:43:46.657,machining_end_to_approach_machine,35.491,-960.276,1391.87,179.89,-4.28,-0.671,-267.824,-24.192,-99.061,5.092,-56.527,-89.951,0.022,-14.435,8.276,0.287,6.424,-0.605,-0.32,17.82,9.42,-0.7,3.76,-0.11,-0.005,3.504,-2.009,-0.071,-1.501,0.14,
2026-01-26 05:43:46.758,machining_end_to_approach_machine,35.937,-971.537,1380.253,179.873,-4.275,-0.671,-267.823,-25.275,-98.44,5.114,-56.05,-89.996,0.02,-13.532,7.758,0.269,6.011,-0.566,-0.28,18.59,9.45,-0.76,3.51,-0.13,-0.007,4.357,-2.498,-0.087,-1.897,0.177,
2026-01-26 05:43:46.860,machining_end_to_approach_machine,36.366,-982.367,1368.671,179.857,-4.27,-0.671,-267.821,-26.332,-97.834,5.135,-55.585,-90.039,0.019,-12.792,7.334,0.255,5.669,-0.533,-0.28,19.17,9.46,-0.69,3.31,-0.15,-0.006,4.176,-2.394,-0.083,-1.833,0.172,
2026-01-26 05:43:46.962,machining_end_to_approach_machine,36.777,-992.737,1357.187,179.844,-4.265,-0.671,-267.819,-27.36,-97.245,5.156,-55.135,-90.082,0.018,-12.163,6.974,0.243,5.378,-0.506,-0.19,19.8,9.3,-0.83,3.15,-0.08,-0.006,4.05,-2.322,-0.081,-1.791,0.168,
2026-01-26 05:43:47.066,machining_end_to_approach_machine,37.154,-1002.273,1346.268,179.833,-4.259,-0.672,-267.818,-28.319,-96.695,5.175,-54.716,-90.121,0.017,-11.522,6.606,0.23,5.081,-0.478,-0.29,20.29,9.26,-0.85,2.89,-0.12,-0.007,4.326,-2.48,-0.086,-1.923,0.181,
2026-01-26 05:43:47.168,machining_end_to_approach_machine,37.502,-1011.045,1335.904,179.823,-4.254,-0.672,-267.817,-29.215,-96.181,5.193,-54.326,-90.157,0.016,-10.881,6.239,0.217,4.787,-0.45,-0.21,20.85,9.14,-0.76,2.82,-0.11,-0.007,4.53,-2.597,-0.09,-2.021,0.19,
2026-01-26 05:43:47.271,machining_end_to_approach_machine,37.822,-1019.119,1326.081,179.816,-4.249,-0.673,-267.815,-30.052,-95.701,5.21,-53.962,-90.192,0.015,-10.253,5.879,0.205,4.498,-0.422,-0.17,21.42,9.17,-0.82,2.59,-0.02,-0.007,4.67,-2.678,-0.093,-2.088,0.197,
2026-01-26 05:43:47.372,machining_end_to_approach_machine,38.106,-1026.278,1317.131,179.81,-4.244,-0.674,-267.814,-30.804,-95.27,5.225,-53.637,-90.222,0.014,-9.57,5.487,0.192,4.188,-0.393,-0.16,21.86,9.07,-0.72,2.36,-0.1,-0.008,5.048,-2.894,-0.1,-2.256,0.212,
2026-01-26 05:43:47.475,machining_end_to_approach_machine,38.378,-1033.149,1308.321,179.805,-4.238,-0.675,-267.813,-31.536,-94.85,5.24,-53.321,-90.252,0.013,-9.006,5.164,0.181,3.93,-0.369,-0.11,22.26,9.06,-0.74,2.27,-0.07,-0.007,4.751,-2.724,-0.094,-2.13,0.201,
2026-01-26 05:43:47.576,machining_end_to_approach_machine,38.62,-1039.247,1300.312,179.801,-4.234,-0.676,-267.812,-32.193,-94.473,5.253,-53.038,-90.278,0.013,-8.398,4.816,0.169,3.655,-0.343,-0.12,22.69,8.94,-0.76,2.04,-0.09,-0.008,5.015,-2.875,-0.099,-2.244,0.211,
2026-01-26 05:43:47.678,machining_end_to_approach_machine,38.852,-1045.105,1292.444,179.799,-4.229,-0.677,-267.811,-32.832,-94.107,5.266,-52.764,-90.304,0.012,-7.897,4.528,0.159,3.427,-0.321,-0.13,22.98,8.84,-0.76,1.97,-0.07,-0.007,4.695,-2.692,-0.093,-2.106,0.198,
2026-01-26 05:43:47.781,machining_end_to_approach_machine,39.059,-1050.31,1285.304,179.797,-4.224,-0.678,-267.81,-33.407,-93.777,5.277,-52.518,-90.327,0.011,-7.36,4.22,0.148,3.185,-0.298,-0.13,23.32,8.78,-0.74,1.9,-0.0,-0.007,4.871,-2.793,-0.097,-2.18,0.205,
2026-01-26 05:43:47.884,machining_end_to_approach_machine,39.25,-1055.129,1278.563,179.797,-4.22,-0.679,-267.81,-33.945,-93.469,5.288,-52.289,-90.348,0.01,-6.865,3.937,0.138,2.962,-0.277,-0.1,23.6,8.8,-0.75,1.63,-0.05,-0.007,4.751,-2.724,-0.094,-2.126,0.2,
2026-01-26 05:43:47.987,machining_end_to_approach_machine,39.428,-1059.593,1272.202,179.796,-4.216,-0.681,-267.809,-34.449,-93.18,5.298,-52.074,-90.368,0.01,-6.408,3.675,0.129,2.757,-0.258,-0.1,23.8,8.62,-0.79,1.6,0.01,-0.007,4.619,-2.648,-0.092,-2.066,0.194,
2026-01-26 05:43:48.089,machining_end_to_approach_machine,39.579,-1063.411,1266.671,179.797,-4.212,-0.682,-267.808,-34.884,-92.93,5.307,-51.89,-90.385,0.009,-5.894,3.38,0.119,2.529,-0.236,-0.13,24.06,8.68,-0.8,1.55,-0.02,-0.007,4.845,-2.778,-0.096,-2.157,0.203,
2026-01-26 05:43:48.192,machining_end_to_approach_machine,39.721,-1066.972,1261.433,179.798,-4.209,-0.683,-267.808,-35.294,-92.695,5.316,-51.717,-90.401,0.008,-5.444,3.122,0.11,2.33,-0.218,-0.08,24.26,8.67,-0.77,1.46,0.07,-0.007,4.616,-2.647,-0.092,-2.054,0.193,
2026-01-26 05:43:48.296,machining_end_to_approach_machine,39.864,-1070.573,1256.057,179.799,-4.205,-0.684,-267.807,-35.711,-92.456,5.324,-51.541,-90.418,0.008,-5.127,2.94,0.104,2.188,-0.204,-0.12,24.59,8.52,-0.76,1.36,-0.05,-0.006,4.071,-2.334,-0.081,-1.819,0.171,
2026-01-26 05:43:48.398,machining_end_to_approach_machine,39.992,-1073.786,1251.192,179.801,-4.202,-0.685,-267.806,-36.087,-92.24,5.332,-51.383,-90.433,0.007,-4.785,2.744,0.097,2.036,-0.19,-0.07,24.75,8.5,-0.78,1.24,-0.06,-0.006,4.082,-2.34,-0.081,-1.818,0.171,
2026-01-26 05:43:48.502,machining_end_to_approach_machine,40.111,-1076.778,1246.601,179.803,-4.199,-0.686,-267.806,-36.44,-92.038,5.339,-51.235,-90.446,0.007,-4.471,2.564,0.091,1.897,-0.177,-0.1,25.02,8.48,-0.73,1.14,-0.03,-0.006,3.905,-2.239,-0.078,-1.737,0.163,
2026-01-26 05:43:48.603,machining_end_to_approach_machine,40.222,-1079.564,1242.272,179.805,-4.196,-0.687,-267.805,-36.771,-91.848,5.346,-51.096,-90.459,0.006,-4.181,2.398,0.085,1.769,-0.165,-0.03,25.14,8.44,-0.69,0.99,0.0,-0.006,3.731,-2.139,-0.074,-1.658,0.156,
2026-01-26 05:43:48.707,machining_end_to_approach_machine,40.329,-1082.264,1238.025,179.808,-4.193,-0.688,-267.805,-37.095,-91.662,5.352,-50.961,-90.472,0.006,-3.945,2.262,0.08,1.664,-0.155,-0.03,25.29,8.3,-0.69,1.03,-0.11,-0.005,3.435,-1.97,-0.068,-1.529,0.144,
2026-01-26 05:43:48.810,machining_end_to_approach_machine,40.433,-1084.87,1233.877,179.811,-4.19,-0.69,-267.804,-37.409,-91.482,5.359,-50.831,-90.484,0.006,-3.745,2.148,0.076,1.575,-0.147,0.0,25.52,8.31,-0.77,0.92,-0.02,-0.005,3.181,-1.824,-0.063,-1.417,0.133,
2026-01-26 05:43:48.912,machining_end_to_approach_machine,40.529,-1087.286,1229.988,179.814,-4.188,-0.691,-267.804,-37.703,-91.313,5.365,-50.709,-90.495,0.005,-3.543,2.032,0.072,1.485,-0.138,-0.09,25.69,8.39,-0.8,0.9,-0.06,-0.005,3.072,-1.761,-0.061,-1.366,0.128,
2026-01-26 05:43:49.014,machining_end_to_approach_machine,40.619,-1089.526,1226.343,179.817,-4.185,-0.692,-267.804,-37.977,-91.156,5.37,-50.596,-90.506,0.005,-3.343,1.917,0.068,1.397,-0.13,0.02,25.77,8.33,-0.72,0.79,-0.1,-0.004,2.959,-1.696,-0.059,-1.313,0.123,
2026-01-26 05:43:49.117,machining_end_to_approach_machine,40.702,-1091.605,1222.928,179.821,-4.183,-0.693,-267.803,-38.233,-91.009,5.376,-50.49,-90.516,0.005,-3.147,1.805,0.064,1.311,-0.122,-0.09,25.81,8.17,-0.68,0.82,-0.01,-0.004,2.845,-1.631,-0.057,-1.26,0.118,
2026-01-26 05:43:49.219,machining_end_to_approach_machine,40.773,-1093.39,1219.967,179.824,-4.181,-0.694,-267.803,-38.455,-90.882,5.38,-50.399,-90.524,0.004,-2.913,1.671,0.06,1.211,-0.113,-0.09,26.01,8.16,-0.86,0.76,-0.06,-0.004,2.908,-1.667,-0.058,-1.28,0.12,
2026-01-26 05:43:49.323,machining_end_to_approach_machine,40.842,-1095.124,1217.068,179.827,-4.178,-0.695,-267.803,-38.671,-90.758,5.385,-50.311,-90.532,0.004,-2.725,1.563,0.056,1.129,-0.105,-0.01,26.22,8.27,-0.74,0.61,-0.07,-0.004,2.669,-1.53,-0.053,-1.176,0.11,
2026-01-26 05:43:49.427,machining_end_to_approach_machine,40.907,-1096.738,1214.346,179.83,-4.177,-0.696,-267.802,-38.873,-90.642,5.389,-50.228,-90.54,0.004,-2.55,1.462,0.052,1.053,-0.098,-0.09,26.17,8.21,-0.74,0.68,-0.08,-0.004,2.54,-1.456,-0.051,-1.117,0.105,waypoint
2026-01-26 05:43:49.527,machining_end_to_approach_machine,40.947,-1101.355,1211.901,179.73,-4.172,-0.687,-267.808,-39.209,-90.238,5.379,-50.197,-90.544,-0.012,-2.752,2.108,0.014,0.868,-0.083,-0.08,26.32,8.25,-0.67,0.48,0.04,-0.067,0.949,1.573,-0.189,-1.518,0.134,
2026-01-26 05:43:49.628,machining_end_to_approach_machine,40.967,-1108.755,1209.909,179.661,-4.169,-0.68,-267.821,-39.675,-89.532,5.358,-50.368,-90.533,-0.042,-3.229,3.345,-0.042,0.224,-0.034,-0.07,26.48,8.41,-0.71,0.03,-0.04,-0.13,-0.447,4.429,-0.277,-3.39,0.268,
2026-01-26 05:43:49.731,machining_end_to_approach_machine,40.988,-1116.109,1207.846,179.666,-4.169,-0.68,-267.835,-40.151,-88.811,5.338,-50.618,-90.516,-0.065,-3.611,4.312,-0.079,-0.457,0.016,-0.09,26.58,8.45,-0.8,-0.24,-0.02,-0.12,-0.498,4.139,-0.233,-3.839,0.298,
2026-01-26 05:43:49.834,machining_end_to_approach_machine,41.004,-1122.914,1205.884,179.688,-4.169,-0.682,-267.847,-40.596,-88.136,5.321,-50.87,-90.499,-0.08,-3.822,4.922,-0.103,-0.974,0.055,-0.08,26.68,8.36,-0.74,-0.56,0.02,-0.099,-0.145,3.267,-0.193,-3.482,0.271,
2026-01-26 05:43:49.937,machining_end_to_approach_machine,41.015,-1129.238,1204.019,179.714,-4.169,-0.684,-267.859,-41.013,-87.504,5.305,-51.11,-90.483,-0.089,-3.909,5.272,-0.118,-1.331,0.082,0.01,26.86,8.45,-0.69,-0.67,-0.01,-0.081,0.154,2.51,-0.161,-3.01,0.236,
2026-01-26 05:43:50.037,machining_end_to_approach_machine,41.021,-1134.897,1202.317,179.736,-4.169,-0.686,-267.869,-41.388,-86.935,5.29,-51.327,-90.468,-0.093,-3.87,5.376,-0.125,-1.539,0.098,-0.0,27.04,8.55,-0.75,-0.72,0.05,-0.062,0.555,1.626,-0.129,-2.472,0.197,
2026-01-26 05:43:50.139,machining_end_to_approach_machine,41.024,-1140.394,1200.634,179.759,-4.169,-0.688,-267.88,-41.755,-86.379,5.276,-51.538,-90.454,-0.095,-3.818,5.421,-0.13,-1.682,0.109,-0.05,27.15,8.42,-0.76,-0.88,0.04,-0.053,0.588,1.33,-0.112,-2.17,0.173,
2026-01-26 05:43:50.241,machining_end_to_approach_machine,41.023,-1145.515,1199.039,179.779,-4.169,-0.69,-267.889,-42.098,-85.859,5.262,-51.735,-90.44,-0.095,-3.721,5.366,-0.131,-1.754,0.115,-0.04,27.3,8.62,-0.69,-0.87,0.03,-0.041,0.763,0.842,-0.092,-1.813,0.147,
2026-01-26 05:43:50.343,machining_end_to_approach_machine,41.02,-1149.917,1197.647,179.796,-4.168,-0.692,-267.897,-42.394,-85.41,5.251,-51.905,-90.429,-0.092,-3.531,5.147,-0.127,-1.74,0.115,-0.06,27.38,8.6,-0.69,-0.85,-0.0,-0.024,1.155,0.048,-0.065,-1.358,0.114,
2026-01-26 05:43:50.445,machining_end_to_approach_machine,41.015,-1154.39,1196.213,179.812,-4.168,-0.693,-267.906,-42.696,-84.952,5.239,-52.077,-90.417,-0.09,-3.404,5.006,-0.125,-1.736,0.116,-0.0,27.64,8.57,-0.74,-0.94,0.02,-0.023,0.979,0.135,-0.061,-1.252,0.104,
2026-01-26 05:43:50.549,machining_end_to_approach_machine,41.008,-1158.721,1194.805,179.828,-4.167,-0.695,-267.914,-42.99,-84.506,5.227,-52.245,-90.406,-0.088,-3.288,4.869,-0.123,-1.721,0.115,-0.09,27.77,8.52,-0.71,-0.95,0.05,-0.019,0.965,-0.005,-0.052,-1.074,0.09,
2026-01-26 05:43:50.653,machining_end_to_approach_machine,40.999,-1162.598,1193.528,179.842,-4.167,-0.696,-267.921,-43.254,-84.106,5.217,-52.395,-90.396,-0.085,-3.126,4.653,-0.118,-1.665,0.112,-0.09,27.91,8.52,-0.73,-0.93,0.1,-0.008,1.165,-0.455,-0.035,-0.793,0.069,
2026-01-26 05:43:50.756,machining_end_to_approach_machine,40.99,-1166.216,1192.323,179.854,-4.166,-0.697,-267.928,-43.501,-83.731,5.207,-52.535,-90.386,-0.081,-2.963,4.427,-0.113,-1.599,0.108,-0.05,28.1,8.56,-0.7,-0.96,0.08,-0.003,1.217,-0.665,-0.025,-0.614,0.056,
2026-01-26 05:43:50.859,machining_end_to_approach_machine,40.98,-1169.59,1191.187,179.866,-4.166,-0.699,-267.935,-43.733,-83.38,5.198,-52.665,-90.377,-0.077,-2.801,4.198,-0.107,-1.526,0.103,-0.11,28.24,8.51,-0.82,-0.84,0.07,0.002,1.253,-0.838,-0.016,-0.459,0.044,
2026-01-26 05:43:50.962,machining_end_to_approach_machine,40.969,-1172.739,1190.115,179.876,-4.165,-0.7,-267.941,-43.95,-83.051,5.189,-52.787,-90.369,-0.073,-2.643,3.97,-0.102,-1.449,0.098,-0.08,28.25,8.39,-0.7,-0.8,-0.0,0.006,1.276,-0.978,-0.009,-0.326,0.034,
2026-01-26 05:43:51.065,machining_end_to_approach_machine,40.958,-1175.679,1189.106,179.885,-4.164,-0.701,-267.947,-44.153,-82.743,5.181,-52.901,-90.361,-0.069,-2.49,3.747,-0.097,-1.372,0.093,-0.08,28.47,8.57,-0.77,-0.74,0.04,0.009,1.287,-1.09,-0.003,-0.213,0.025,
2026-01-26 05:43:51.167,machining_end_to_approach_machine,40.947,-1178.423,1188.156,179.893,-4.164,-0.702,-267.952,-44.343,-82.455,5.174,-53.007,-90.354,-0.065,-2.342,3.53,-0.091,-1.294,0.088,-0.06,28.58,8.53,-0.71,-0.62,-0.02,0.012,1.287,-1.177,0.003,-0.116,0.017,
2026-01-26 05:43:51.271,machining_end_to_approach_machine,40.936,-1180.984,1187.261,179.901,-4.163,-0.702,-267.957,-44.521,-82.185,5.167,-53.107,-90.347,-0.061,-2.201,3.322,-0.086,-1.219,0.082,-0.15,28.59,8.53,-0.71,-0.74,0.04,0.014,1.28,-1.244,0.007,-0.033,0.011,
2026-01-26 05:43:51.373,machining_end_to_approach_machine,40.924,-1183.377,1186.419,179.908,-4.162,-0.703,-267.962,-44.687,-81.933,5.16,-53.199,-90.341,-0.057,-2.067,3.123,-0.081,-1.146,0.078,-0.15,28.73,8.5,-0.73,-0.66,0.04,0.016,1.265,-1.291,0.011,0.036,0.005,
2026-01-26 05:43:51.476,machining_end_to_approach_machine,40.913,-1185.612,1185.627,179.914,-4.162,-0.704,-267.966,-44.843,-81.697,5.154,-53.286,-90.335,-0.054,-1.94,2.933,-0.076,-1.075,0.073,-0.01,28.87,8.6,-0.73,-0.63,0.0,0.017,1.245,-1.323,0.014,0.094,0.0,
2026-01-26 05:43:51.579,machining_end_to_approach_machine,40.902,-1187.699,1184.882,179.919,-4.161,-0.705,-267.97,-44.989,-81.475,5.148,-53.366,-90.33,-0.051,-1.82,2.753,-0.072,-1.008,0.068,0.01,28.9,8.58,-0.81,-0.63,0.02,0.018,1.22,-1.342,0.016,0.142,-0.004,
2026-01-26 05:43:51.680,machining_end_to_approach_machine,40.892,-1189.574,1184.209,179.924,-4.161,-0.705,-267.974,-45.12,-81.276,5.143,-53.439,-90.325,-0.047,-1.693,2.562,-0.067,-0.937,0.064,-0.08,28.95,8.46,-0.83,-0.59,0.07,0.021,1.244,-1.429,0.02,0.211,-0.009,waypoint
2026-01-26 05:43:51.781,approach_machine_to_pick,40.879,-1191.554,1183.551,179.921,-4.16,-0.705,-267.978,-45.256,-81.067,5.137,-53.51,-90.32,-0.045,-1.61,2.446,-0.065,-0.88,0.06,1.34,18.69,12.84,-1.16,-0.45,0.05,0.017,1.075,-1.179,0.011,0.203,-0.009,
2026-01-26 05:43:51.884,approach_machine_to_pick,40.827,-1197.926,1182.997,179.809,-4.158,-0.696,-267.99,-45.619,-80.389,5.114,-53.714,-90.306,-0.065,-2.114,3.529,-0.106,-1.17,0.081,1.1,20.9,12.1,-1.09,-0.59,-0.03,-0.071,-1.302,3.619,-0.159,-1.147,0.087,
2026-01-26 05:43:51.986,approach_machine_to_pick,40.782,-1203.676,1182.479,179.801,-4.158,-0.695,-268.002,-45.959,-79.751,5.096,-54.002,-90.285,-0.078,-2.437,4.24,-0.126,-1.598,0.111,0.82,22.66,11.5,-1.06,-0.91,0.04,-0.057,-0.95,2.853,-0.101,-1.873,0.137,
2026-01-26 05:43:52.088,approach_machine_to_pick,40.737,-1208.982,1181.986,179.815,-4.159,-0.697,-268.013,-46.278,-79.154,5.079,-54.293,-90.265,-0.086,-2.625,4.673,-0.137,-1.927,0.135,0.72,24.05,10.98,-0.97,-0.96,-0.05,-0.044,-0.638,2.163,-0.074,-1.72,0.127,
2026-01-26 05:43:52.191,approach_machine_to_pick,40.692,-1213.91,1181.518,179.832,-4.159,-0.699,-268.023,-46.577,-78.595,5.063,-54.571,-90.245,-0.09,-2.715,4.902,-0.142,-2.139,0.15,0.48,25.2,10.53,-0.93,-1.17,-0.1,-0.033,-0.371,1.567,-0.055,-1.406,0.105,
2026-01-26 05:43:52.294,approach_machine_to_pick,40.647,-1218.497,1181.074,179.849,-4.16,-0.701,-268.033,-46.856,-78.072,5.048,-54.831,-90.227,-0.092,-2.735,4.985,-0.143,-2.254,0.159,0.37,26.21,10.13,-0.88,-1.17,-0.04,-0.023,-0.143,1.053,-0.039,-1.093,0.082,
2026-01-26 05:43:52.396,approach_machine_to_pick,40.603,-1222.769,1180.652,179.864,-4.16,-0.703,-268.042,-47.118,-77.582,5.034,-55.074,-90.209,-0.092,-2.705,4.963,-0.142,-2.298,0.162,0.35,26.92,9.94,-0.9,-1.21,-0.0,-0.014,0.049,0.614,-0.026,-0.813,0.062,
2026-01-26 05:43:52.498,approach_machine_to_pick,40.561,-1226.596,1180.268,179.877,-4.16,-0.705,-268.05,-47.354,-77.141,5.022,-55.292,-90.194,-0.089,-2.618,4.825,-0.138,-2.269,0.16,0.25,27.72,9.76,-0.87,-1.24,0.02,-0.004,0.306,0.062,-0.01,-0.483,0.038,
2026-01-26 05:43:52.599,approach_machine_to_pick,40.518,-1230.316,1179.889,179.889,-4.16,-0.706,-268.058,-47.583,-76.711,5.01,-55.504,-90.179,-0.087,-2.538,4.695,-0.134,-2.233,0.158,0.17,28.15,9.65,-0.87,-1.21,0.06,-0.001,0.331,-0.048,-0.006,-0.377,0.03,
2026-01-26 05:43:52.703,approach_machine_to_pick,40.476,-1233.784,1179.53,179.9,-4.16,-0.708,-268.065,-47.799,-76.308,4.998,-55.703,-90.165,-0.084,-2.442,4.529,-0.129,-2.17,0.153,0.17,28.69,9.43,-0.86,-1.17,-0.04,0.004,0.445,-0.318,0.002,-0.198,0.017,
2026-01-26 05:43:52.805,approach_machine_to_pick,40.435,-1237.018,1179.19,179.91,-4.16,-0.709,-268.072,-48.0,-75.93,4.988,-55.888,-90.152,-0.08,-2.335,4.34,-0.123,-2.09,0.148,0.22,29.06,9.35,-0.89,-1.06,0.07,0.008,0.538,-0.543,0.009,-0.046,0.006,
2026-01-26 05:43:52.907,approach_machine_to_pick,40.395,-1240.034,1178.87,179.918,-4.159,-0.71,-268.079,-48.189,-75.577,4.978,-56.06,-90.14,-0.076,-2.223,4.138,-0.118,-2.0,0.141,0.09,29.28,9.19,-0.95,-0.99,-0.0,0.012,0.612,-0.73,0.015,0.082,-0.003,
2026-01-26 05:43:53.010,approach_machine_to_pick,40.357,-1242.849,1178.567,179.926,-4.159,-0.712,-268.085,-48.366,-75.247,4.968,-56.222,-90.128,-0.073,-2.109,3.93,-0.112,-1.903,0.135,0.07,29.64,9.19,-0.83,-1.06,0.1,0.015,0.672,-0.882,0.02,0.188,-0.011,
2026-01-26 05:43:53.114,approach_machine_to_pick,40.32,-1245.475,1178.281,179.932,-4.159,-0.713,-268.091,-48.531,-74.937,4.959,-56.372,-90.118,-0.069,-1.995,3.721,-0.106,-1.803,0.128,0.03,29.93,9.15,-0.78,-0.99,0.01,0.017,0.717,-1.005,0.024,0.277,-0.017,
2026-01-26 05:43:53.216,approach_machine_to_pick,40.285,-1247.926,1178.012,179.938,-4.158,-0.714,-268.096,-48.686,-74.647,4.951,-56.513,-90.108,-0.065,-1.883,3.516,-0.1,-1.704,0.121,0.01,30.18,9.07,-0.87,-0.99,0.01,0.019,0.751,-1.102,0.027,0.349,-0.023,
2026-01-26 05:43:53.319,approach_machine_to_pick,40.251,-1250.214,1177.758,179.943,-4.158,-0.715,-268.101,-48.831,-74.376,4.943,-56.644,-90.098,-0.061,-1.775,3.315,-0.094,-1.606,0.114,-0.03,30.29,9.01,-0.76,-0.77,-0.02,0.021,0.775,-1.177,0.029,0.408,-0.027,
2026-01-26 05:43:53.421,approach_machine_to_pick,40.217,-1252.433,1177.51,179.947,-4.157,-0.715,-268.106,-48.972,-74.112,4.936,-56.771,-90.089,-0.058,-1.683,3.146,-0.09,-1.522,0.108,0.0,30.36,8.99,-0.78,-0.84,0.01,0.02,0.737,-1.134,0.028,0.407,-0.027,
2026-01-26 05:43:53.524,approach_machine_to_pick,40.185,-1254.499,1177.276,179.951,-4.157,-0.716,-268.111,-49.103,-73.866,4.929,-56.889,-90.081,-0.055,-1.592,2.975,-0.085,-1.437,0.102,0.05,30.51,8.94,-0.88,-0.84,-0.01,0.021,0.757,-1.196,0.03,0.454,-0.031,
2026-01-26 05:43:53.627,approach_machine_to_pick,40.156,-1256.353,1177.065,179.954,-4.156,-0.717,-268.115,-49.221,-73.644,4.922,-56.995,-90.073,-0.051,-1.489,2.785,-0.08,-1.343,0.095,0.09,30.68,9.03,-0.88,-0.76,0.01,0.024,0.814,-1.325,0.034,0.532,-0.036,
2026-01-26 05:43:53.728,approach_machine_to_pick,40.127,-1258.151,1176.859,179.957,-4.156,-0.718,-268.119,-49.336,-73.429,4.916,-57.098,-90.066,-0.049,-1.405,2.627,-0.075,-1.264,0.09,-0.04,30.65,8.92,-0.86,-0.67,0.06,0.022,0.765,-1.254,0.033,0.511,-0.035,waypoint
2026-01-26 05:43:53.829,pick_on_machine,40.101,-1259.765,1176.673,179.959,-4.155,-0.718,-268.122,-49.44,-73.235,4.911,-57.19,-90.06,-0.045,-1.312,2.454,-0.07,-1.179,0.083,-0.06,30.77,8.9,-0.77,-0.65,-0.03,0.024,0.805,-1.346,0.036,0.567,-0.039,
2026-01-26 05:43:53.929,pick_on_machine,40.076,-1261.272,1176.498,179.96,-4.155,-0.719,-268.126,-49.537,-73.054,4.905,-57.276,-90.053,-0.042,-1.226,2.294,-0.066,-1.099,0.078,0.0,30.91,8.83,-0.78,-0.56,0.03,0.024,0.791,-1.335,0.035,0.571,-0.04,
2026-01-26 05:43:54.032,pick_on_machine,40.052,-1262.682,1176.333,179.962,-4.154,-0.719,-268.129,-49.627,-72.885,4.9,-57.357,-90.048,-0.04,-1.146,2.144,-0.062,-1.025,0.073,0.0,30.99,8.81,-0.78,-0.57,-0.0,0.024,0.773,-1.317,0.035,0.571,-0.04,
2026-01-26 05:43:54.135,pick_on_machine,40.029,-1263.999,1176.179,179.963,-4.154,-0.72,-268.132,-49.712,-72.726,4.896,-57.432,-90.042,-0.037,-1.072,2.005,-0.058,-0.956,0.068,0.01,31.07,8.92,-0.84,-0.54,0.04,0.023,0.754,-1.294,0.035,0.568,-0.039,
2026-01-26 05:43:54.236,pick_on_machine,40.008,-1265.23,1176.033,179.964,-4.153,-0.72,-268.134,-49.792,-72.577,4.892,-57.502,-90.038,-0.035,-1.002,1.876,-0.054,-0.892,0.063,0.0,31.17,8.95,-0.84,-0.52,0.01,0.023,0.733,-1.266,0.034,0.561,-0.039,
2026-01-26 05:43:54.339,pick_on_machine,39.988,-1266.381,1175.897,179.964,-4.153,-0.72,-268.137,-49.866,-72.438,4.888,-57.567,-90.033,-0.032,-0.938,1.755,-0.051,-0.832,0.059,0.05,31.14,8.88,-0.81,-0.47,-0.04,0.022,0.71,-1.234,0.033,0.551,-0.038,
2026-01-26 05:43:54.441,pick_on_machine,39.968,-1267.458,1175.769,179.964,-4.153,-0.721,-268.139,-49.936,-72.308,4.884,-57.628,-90.029,-0.03,-0.877,1.642,-0.047,-0.777,0.055,0.04,31.23,8.83,-0.83,-0.42,-0.0,0.022,0.686,-1.199,0.033,0.54,-0.038,
2026-01-26 05:43:54.544,pick_on_machine,39.95,-1268.464,1175.648,179.965,-4.152,-0.721,-268.142,-50.001,-72.186,4.88,-57.685,-90.025,-0.028,-0.821,1.536,-0.044,-0.725,0.051,0.07,31.24,8.79,-0.75,-0.36,-0.01,0.021,0.662,-1.163,0.032,0.526,-0.037,
2026-01-26 05:43:54.645,pick_on_machine,39.933,-1269.405,1175.535,179.965,-4.152,-0.721,-268.144,-50.062,-72.071,4.877,-57.738,-90.021,-0.027,-0.768,1.438,-0.042,-0.676,0.048,0.09,31.39,8.87,-0.88,-0.33,0.07,0.02,0.638,-1.124,0.031,0.512,-0.036,
2026-01-26 05:43:54.747,pick_on_machine,39.917,-1270.286,1175.429,179.964,-4.151,-0.722,-268.146,-50.119,-71.964,4.874,-57.787,-90.017,-0.025,-0.719,1.346,-0.039,-0.631,0.045,0.03,31.37,8.87,-0.87,-0.39,0.03,0.02,0.613,-1.085,0.03,0.496,-0.035,
2026-01-26 05:43:54.849,pick_on_machine,39.901,-1271.173,1175.322,179.964,-4.151,-0.722,-268.148,-50.176,-71.857,4.871,-57.837,-90.014,-0.024,-0.683,1.279,-0.037,-0.598,0.042,0.01,31.42,8.73,-0.78,-0.37,0.04,0.018,0.547,-0.967,0.026,0.444,-0.031,
2026-01-26 05:43:54.950,pick_on_machine,39.886,-1271.969,1175.226,179.964,-4.151,-0.722,-268.149,-50.228,-71.76,4.868,-57.882,-90.011,-0.022,-0.642,1.201,-0.035,-0.56,0.04,0.05,31.4,8.76,-0.78,-0.44,0.02,0.018,0.551,-0.98,0.027,0.451,-0.032,
2026-01-26 05:43:55.050,pick_on_machine,39.872,-1272.711,1175.135,179.963,-4.15,-0.722,-268.151,-50.277,-71.669,4.865,-57.923,-90.008,-0.021,-0.602,1.127,-0.033,-0.524,0.037,0.04,31.54,8.9,-0.81,-0.31,0.04,0.017,0.53,-0.947,0.026,0.437,-0.031,
2026-01-26 05:43:55.151,pick_on_machine,39.859,-1273.404,1175.051,179.963,-4.15,-0.722,-268.153,-50.322,-71.585,4.863,-57.962,-90.005,-0.02,-0.564,1.056,-0.031,-0.489,0.035,0.09,31.53,8.88,-0.87,-0.32,0.06,0.017,0.509,-0.912,0.025,0.422,-0.03,
2026-01-26 05:43:55.255,pick_on_machine,39.847,-1274.05,1174.972,179.962,-4.15,-0.722,-268.154,-50.364,-71.506,4.86,-57.998,-90.002,-0.018,-0.528,0.989,-0.029,-0.457,0.032,-0.0,31.39,8.85,-0.84,-0.32,-0.01,0.016,0.488,-0.877,0.024,0.407,-0.029,
2026-01-26 05:43:55.355,pick_on_machine,39.836,-1274.631,1174.901,179.961,-4.149,-0.723,-268.155,-50.402,-71.435,4.858,-58.03,-90.0,-0.017,-0.491,0.919,-0.027,-0.423,0.03,0.04,31.59,8.78,-0.9,-0.24,0.04,0.016,0.482,-0.869,0.024,0.403,-0.028,
2026-01-26 05:43:55.456,pick_on_machine,39.826,-1275.175,1174.834,179.96,-4.149,-0.723,-268.157,-50.437,-71.369,4.856,-58.06,-89.998,-0.016,-0.457,0.855,-0.025,-0.393,0.028,-0.02,31.55,8.85,-0.76,-0.21,-0.01,0.015,0.458,-0.827,0.023,0.384,-0.027,
2026-01-26 05:43:55.559,pick_on_machine,39.816,-1275.683,1174.771,179.96,-4.149,-0.723,-268.158,-50.47,-71.307,4.855,-58.088,-89.996,-0.015,-0.426,0.796,-0.023,-0.365,0.026,0.03,31.57,8.87,-0.91,-0.15,0.07,0.014,0.435,-0.787,0.022,0.366,-0.026,
2026-01-26 05:43:55.660,pick_on_machine,39.807,-1276.159,1174.713,179.959,-4.149,-0.723,-268.159,-50.501,-71.249,4.853,-58.115,-89.994,-0.014,-0.397,0.743,-0.022,-0.339,0.024,0.05,31.67,8.87,-0.84,-0.3,-0.02,0.014,0.412,-0.748,0.021,0.348,-0.025,
2026-01-26 05:43:55.761,pick_on_machine,39.798,-1276.605,1174.658,179.958,-4.148,-0.723,-268.16,-50.53,-71.194,4.851,-58.139,-89.992,-0.013,-0.37,0.693,-0.02,-0.316,0.022,-0.01,31.66,8.75,-0.79,-0.13,-0.02,0.013,0.391,-0.71,0.02,0.331,-0.023,
2026-01-26 05:43:55.863,pick_on_machine,39.79,-1277.022,1174.606,179.957,-4.148,-0.723,-268.161,-50.558,-71.143,4.85,-58.162,-89.991,-0.012,-0.346,0.647,-0.019,-0.294,0.021,0.05,31.7,8.8,-0.77,-0.1,0.0,0.012,0.37,-0.674,0.019,0.314,-0.022,
2026-01-26 05:43:55.963,pick_on_machine,39.782,-1277.412,1174.558,179.956,-4.148,-0.723,-268.162,-50.583,-71.096,4.848,-58.183,-89.989,-0.011,-0.323,0.605,-0.018,-0.274,0.019,0.04,31.69,8.79,-0.77,-0.22,-0.09,0.012,0.351,-0.639,0.018,0.298,-0.021,
2026-01-26 05:43:56.066,pick_on_machine,39.775,-1277.791,1174.511,179.955,-4.148,-0.723,-268.163,-50.608,-71.049,4.847,-58.204,-89.988,-0.011,-0.304,0.569,-0.017,-0.257,0.018,-0.01,31.73,8.77,-0.7,-0.06,0.09,0.011,0.323,-0.588,0.017,0.275,-0.019,
2026-01-26 05:43:56.166,pick_on_machine,39.768,-1278.132,1174.469,179.954,-4.147,-0.723,-268.163,-50.63,-71.008,4.846,-58.223,-89.987,-0.01,-0.284,0.531,-0.016,-0.239,0.017,-0.06,31.72,8.74,-0.73,-0.02,-0.07,0.011,0.315,-0.576,0.016,0.269,-0.019,
2026-01-26 05:43:56.268,pick_on_machine,39.762,-1278.451,1174.429,179.954,-4.147,-0.723,-268.164,-50.651,-70.969,4.845,-58.24,-89.985,-0.009,-0.265,0.496,-0.015,-0.223,0.016,-0.07,31.71,8.81,-0.85,-0.23,0.01,0.01,0.298,-0.545,0.015,0.254,-0.018,
2026-01-26 05:43:56.370,pick_on_machine,39.756,-1278.762,1174.39,179.953,-4.147,-0.723,-268.165,-50.671,-70.931,4.843,-58.257,-89.984,-0.009,-0.249,0.467,-0.014,-0.209,0.015,-0.08,31.89,8.77,-0.77,-0.08,0.06,0.009,0.274,-0.501,0.014,0.234,-0.016,
2026-01-26 05:43:56.473,pick_on_machine,39.75,-1279.062,1174.353,179.952,-4.147,-0.723,-268.165,-50.691,-70.894,4.842,-58.273,-89.983,-0.008,-0.236,0.442,-0.013,-0.197,0.014,-0.05,31.76,8.85,-0.84,-0.04,0.05,0.009,0.253,-0.463,0.013,0.216,-0.015,
2026-01-26 05:43:56.574,pick_on_machine,39.745,-1279.312,1174.322,179.951,-4.147,-0.723,-268.166,-50.707,-70.863,4.841,-58.286,-89.982,-0.008,-0.218,0.408,-0.012,-0.181,0.013,-0.0,31.77,8.85,-0.78,-0.03,0.02,0.009,0.261,-0.479,0.014,0.222,-0.016,
2026-01-26 05:43:56.674,pick_on_machine,39.74,-1279.556,1174.291,179.95,-4.147,-0.723,-268.167,-50.723,-70.834,4.841,-58.299,-89.981,-0.007,-0.203,0.38,-0.011,-0.169,0.012,0.03,31.59,8.85,-0.82,-0.13,0.03,0.008,0.239,-0.438,0.012,0.204,-0.014,
2026-01-26 05:43:56.776,pick_on_machine,39.735,-1279.784,1174.263,179.949,-4.147,-0.723,-268.167,-50.738,-70.806,4.84,-58.311,-89.98,-0.007,-0.19,0.355,-0.011,-0.157,0.011,-0.02,31.79,8.78,-0.75,-0.06,0.16,0.008,0.225,-0.414,0.012,0.192,-0.014,
2026-01-26 05:43:56.878,pick_on_machine,39.731,-1280.006,1174.235,179.949,-4.146,-0.723,-268.168,-50.753,-70.779,4.839,-58.323,-89.979,-0.006,-0.179,0.334,-0.01,-0.147,0.01,0.0,31.74,8.83,-0.8,-0.08,0.08,0.007,0.207,-0.38,0.011,0.177,-0.012,
2026-01-26 05:43:56.980,pick_on_machine,39.727,-1280.205,1174.21,179.948,-4.146,-0.723,-268.168,-50.766,-70.754,4.838,-58.334,-89.979,-0.006,-0.167,0.312,-0.009,-0.137,0.01,-0.01,31.74,8.8,-0.77,-0.09,-0.01,0.007,0.201,-0.369,0.011,0.171,-0.012,
2026-01-26 05:43:57.082,pick_on_machine,39.723,-1280.399,1174.186,179.947,-4.146,-0.723,-268.168,-50.778,-70.73,4.837,-58.344,-89.978,-0.005,-0.157,0.293,-0.009,-0.128,0.009,0.02,31.73,8.76,-0.86,-0.05,0.07,0.006,0.184,-0.339,0.01,0.157,-0.011,
2026-01-26 05:43:57.183,pick_on_machine,39.719,-1280.574,1174.164,179.946,-4.146,-0.723,-268.169,-50.79,-70.709,4.837,-58.353,-89.977,-0.005,-0.146,0.273,-0.008,-0.119,0.008,-0.04,31.79,8.84,-0.83,-0.1,0.01,0.006,0.179,-0.329,0.009,0.152,-0.011,
2026-01-26 05:43:57.284,pick_on_machine,39.716,-1280.737,1174.144,179.946,-4.146,-0.723,-268.169,-50.8,-70.689,4.836,-58.362,-89.977,-0.005,-0.136,0.255,-0.008,-0.111,0.008,0.06,31.78,8.79,-0.81,-0.05,-0.09,0.006,0.168,-0.31,0.009,0.143,-0.01,
2026-01-26 05:43:57.387,pick_on_machine,39.713,-1280.896,1174.124,179.945,-4.146,-0.723,-268.17,-50.811,-70.67,4.836,-58.37,-89.976,-0.004,-0.128,0.24,-0.007,-0.104,0.007,0.05,31.84,8.74,-0.73,-0.1,0.02,0.005,0.154,-0.284,0.008,0.131,-0.009,
2026-01-26 05:43:57.490,pick_on_machine,39.71,-1281.049,1174.105,179.944,-4.146,-0.723,-268.17,-50.821,-70.651,4.835,-58.378,-89.976,-0.004,-0.121,0.227,-0.007,-0.098,0.007,-0.0,31.8,8.83,-0.8,-0.06,-0.0,0.005,0.142,-0.262,0.008,0.121,-0.009,
2026-01-26 05:43:57.593,pick_on_machine,39.707,-1281.188,1174.087,179.944,-4.146,-0.723,-268.17,-50.83,-70.634,4.835,-58.385,-89.975,-0.004,-0.113,0.212,-0.006,-0.092,0.006,-0.03,31.79,8.74,-0.78,0.01,-0.07,0.005,0.138,-0.255,0.007,0.118,-0.008,
2026-01-26 05:43:57.693,pick_on_machine,39.704,-1281.316,1174.071,179.943,-4.146,-0.723,-268.171,-50.838,-70.618,4.834,-58.392,-89.975,-0.004,-0.106,0.199,-0.006,-0.085,0.006,-0.05,31.7,8.84,-0.83,-0.06,0.0,0.004,0.13,-0.241,0.007,0.111,-0.008,
2026-01-26 05:43:57.795,pick_on_machine,39.702,-1281.437,1174.056,179.942,-4.146,-0.723,-268.171,-50.846,-70.604,4.834,-58.398,-89.974,-0.003,-0.099,0.186,-0.006,-0.08,0.006,-0.02,31.86,8.88,-0.82,-0.03,0.02,0.004,0.123,-0.227,0.007,0.104,-0.007,
2026-01-26 05:43:57.896,pick_on_machine,39.7,-1281.549,1174.042,179.942,-4.145,-0.723,-268.171,-50.853,-70.59,4.833,-58.404,-89.974,-0.003,-0.093,0.174,-0.005,-0.074,0.005,-0.0,31.82,8.73,-0.77,-0.07,-0.05,0.004,0.116,-0.214,0.006,0.098,-0.007,
2026-01-26 05:43:57.999,pick_on_machine,39.698,-1281.651,1174.029,179.941,-4.145,-0.723,-268.171,-50.86,-70.577,4.833,-58.409,-89.973,-0.003,-0.086,0.161,-0.005,-0.069,0.005,0.06,31.87,8.76,-0.89,0.05,-0.04,0.004,0.112,-0.207,0.006,0.094,-0.007,
2026-01-26 05:43:58.100,pick_on_machine,39.696,-1281.749,1174.017,179.941,-4.145,-0.723,-268.171,-50.866,-70.565,4.832,-58.414,-89.973,-0.003,-0.081,0.151,-0.005,-0.064,0.005,0.02,31.89,8.75,-0.74,-0.04,0.02,0.003,0.102,-0.189,0.005,0.087,-0.006,
2026-01-26 05:43:58.202,pick_on_machine,39.694,-1281.841,1174.005,179.94,-4.145,-0.723,-268.172,-50.872,-70.554,4.832,-58.419,-89.973,-0.003,-0.075,0.141,-0.004,-0.06,0.004,-0.1,31.91,8.82,-0.82,-0.09,-0.08,0.003,0.096,-0.178,0.005,0.081,-0.006,
2026-01-26 05:43:58.304,pick_on_machine,39.692,-1281.926,1173.995,179.94,-4.145,-0.723,-268.172,-50.878,-70.544,4.832,-58.424,-89.972,-0.002,-0.071,0.132,-0.004,-0.056,0.004,-0.06,31.84,8.74,-0.87,-0.01,-0.03,0.003,0.091,-0.168,0.005,0.076,-0.005,
2026-01-26 05:43:58.405,pick_on_machine,39.69,-1282.007,1173.985,179.939,-4.145,-0.723,-268.172,-50.883,-70.534,4.831,-58.428,-89.972,-0.002,-0.066,0.124,-0.004,-0.052,0.004,-0.01,31.85,8.79,-0.82,-0.02,0.09,0.003,0.085,-0.158,0.005,0.072,-0.005,
2026-01-26 05:43:58.507,pick_on_machine,39.689,-1282.081,1173.975,179.939,-4.145,-0.723,-268.172,-50.888,-70.525,4.831,-58.431,-89.972,-0.002,-0.062,0.115,-0.004,-0.048,0.003,-0.05,31.78,8.75,-0.86,-0.07,0.05,0.003,0.08,-0.149,0.004,0.067,-0.005,
2026-01-26 05:43:58.610,pick_on_machine,39.687,-1282.149,1173.967,179.938,-4.145,-0.723,-268.172,-50.893,-70.517,4.831,-58.435,-89.972,-0.002,-0.057,0.107,-0.003,-0.045,0.003,0.01,31.88,8.87,-0.83,0.04,-0.01,0.003,0.077,-0.143,0.004,0.065,-0.005,
2026-01-26 05:43:58.813,pick_on_machine,39.685,-1282.268,1173.952,179.937,-4.145,-0.723,-268.173,-50.9,-70.502,4.831,-58.441,-89.971,-0.002,-0.049,0.092,-0.003,-0.038,0.003,-0.01,31.86,8.85,-0.87,0.05,0.05,0.002,0.069,-0.128,0.004,0.058,-0.004,
2026-01-26 05:43:58.915,pick_on_machine,39.684,-1282.324,1173.945,179.937,-4.145,-0.723,-268.173,-50.904,-70.495,4.83,-58.444,-89.971,-0.002,-0.046,0.086,-0.003,-0.036,0.003,0.03,31.84,8.84,-0.88,-0.11,0.06,0.002,0.063,-0.117,0.003,0.053,-0.004,
2026-01-26 05:43:59.119,pick_on_machine,39.682,-1282.424,1173.932,179.936,-4.145,-0.723,-268.173,-50.911,-70.483,4.83,-58.449,-89.971,-0.001,-0.04,0.075,-0.002,-0.031,0.002,-0.03,31.85,8.73,-0.83,-0.05,0.05,0.002,0.055,-0.103,0.003,0.046,-0.003,
2026-01-26 05:43:59.223,pick_on_machine,39.681,-1282.47,1173.926,179.936,-4.145,-0.723,-268.173,-50.913,-70.477,4.83,-58.451,-89.971,-0.001,-0.037,0.07,-0.002,-0.029,0.002,0.09,31.94,8.75,-0.83,0.04,-0.08,0.002,0.052,-0.096,0.003,0.043,-0.003,
2026-01-26 05:43:59.426,pick_on_machine,39.679,-1282.552,1173.916,179.935,-4.145,-0.723,-268.173,-50.919,-70.467,4.829,-58.455,-89.97,-0.001,-0.033,0.061,-0.002,-0.025,0.002,-0.02,31.87,8.86,-0.75,-0.01,0.02,0.002,0.045,-0.085,0.002,0.038,-0.003,
2026-01-26 05:43:59.529,pick_on_machine,39.678,-1282.591,1173.911,179.935,-4.145,-0.723,-268.173,-50.921,-70.463,4.829,-58.457,-89.97,-0.001,-0.031,0.058,-0.002,-0.024,0.002,-0.04,31.85,8.83,-0.82,-0.01,-0.01,0.001,0.042,-0.077,0.002,0.034,-0.002,
2026-01-26 05:43:59.733,pick_on_machine,39.677,-1282.66,1173.903,179.935,-4.145,-0.723,-268.174,-50.926,-70.454,4.829,-58.46,-89.97,-0.001,-0.027,0.051,-0.002,-0.021,0.001,0.0,31.88,8.96,-0.82,-0.01,-0.04,0.001,0.037,-0.068,0.002,0.03,-0.002,
2026-01-26 05:43:59.836,pick_to_retreat_machine,39.68,-1282.554,1173.9,179.942,-4.145,-0.723,-268.173,-50.92,-70.466,4.83,-58.461,-89.97,-0.0,-0.007,0.009,0.001,-0.018,0.001,-1.05,42.28,5.44,-0.56,0.0,0.06,0.004,0.11,-0.217,0.01,0.034,-0.002,
2026-01-26 05:43:59.936,pick_to_retreat_machine,39.771,-1278.381,1173.91,-179.944,-4.149,-0.732,-268.164,-50.679,-70.958,4.848,-58.324,-89.979,0.023,0.598,-1.224,0.045,0.329,-0.023,-0.86,40.17,6.18,-0.5,0.21,0.04,0.094,2.454,-5.005,0.18,1.411,-0.097,
2026-01-26 05:44:00.038,pick_to_retreat_machine,39.849,-1274.633,1173.908,-179.932,-4.15,-0.732,-268.155,-50.453,-71.422,4.862,-58.098,-89.995,0.039,1.015,-2.078,0.069,0.811,-0.056,-0.67,38.44,6.54,-0.66,0.39,-0.06,0.079,2.065,-4.219,0.125,2.156,-0.149,
2026-01-26 05:44:00.140,pick_to_retreat_machine,39.921,-1271.014,1173.903,-179.944,-4.151,-0.731,-268.147,-50.232,-71.873,4.875,-57.856,-90.012,0.05,1.312,-2.686,0.085,1.215,-0.085,-0.45,37.13,6.89,-0.67,0.58,0.05,0.069,1.796,-3.672,0.103,2.108,-0.148,
2026-01-26 05:44:00.242,pick_to_retreat_machine,39.983,-1267.753,1173.896,-179.959,-4.152,-0.728,-268.139,-50.034,-72.279,4.886,-57.633,-90.028,0.057,1.479,-3.029,0.093,1.467,-0.103,-0.31,35.97,7.06,-0.63,0.68,-0.06,0.053,1.394,-2.849,0.079,1.697,-0.12,
2026-01-26 05:44:00.344,pick_to_retreat_machine,40.04,-1264.686,1173.888,-179.974,-4.152,-0.726,-268.132,-49.849,-72.659,4.897,-57.425,-90.042,0.06,1.573,-3.222,0.097,1.622,-0.114,-0.35,35.02,7.45,-0.72,0.89,-0.04,0.043,1.128,-2.305,0.063,1.391,-0.099,
2026-01-26 05:44:00.445,pick_to_retreat_machine,40.091,-1261.914,1173.88,-179.987,-4.152,-0.725,-268.126,-49.682,-73.001,4.907,-57.237,-90.055,0.061,1.597,-3.271,0.097,1.686,-0.118,-0.28,34.28,7.62,-0.77,0.91,-0.08,0.032,0.83,-1.695,0.046,1.04,-0.074,
2026-01-26 05:44:00.546,pick_to_retreat_machine,40.137,-1259.301,1173.872,-179.999,-4.152,-0.723,-268.12,-49.525,-73.322,4.917,-57.061,-90.068,0.061,1.59,-3.255,0.096,1.703,-0.12,-0.13,33.76,7.71,-0.69,0.91,0.03,0.025,0.644,-1.315,0.035,0.816,-0.058,
2026-01-26 05:44:00.649,pick_to_retreat_machine,40.181,-1256.739,1173.864,179.99,-4.152,-0.722,-268.114,-49.372,-73.635,4.926,-56.89,-90.08,0.06,1.575,-3.225,0.095,1.705,-0.12,-0.13,33.27,7.92,-0.78,0.9,-0.03,0.021,0.543,-1.108,0.03,0.689,-0.049,
2026-01-26 05:44:00.752,pick_to_retreat_machine,40.221,-1254.331,1173.855,179.98,-4.153,-0.72,-268.108,-49.229,-73.928,4.934,-56.731,-90.091,0.059,1.539,-3.152,0.092,1.678,-0.118,-0.09,32.84,7.86,-0.76,0.97,-0.03,0.015,0.391,-0.798,0.021,0.506,-0.036,
2026-01-26 05:44:00.857,pick_to_retreat_machine,40.258,-1252.068,1173.846,179.972,-4.153,-0.719,-268.103,-49.095,-74.203,4.942,-56.582,-90.102,0.057,1.49,-3.051,0.089,1.631,-0.115,-0.13,32.5,8.09,-0.71,0.78,-0.06,0.01,0.261,-0.531,0.014,0.349,-0.025,
2026-01-26 05:44:00.958,pick_to_retreat_machine,40.283,-1250.524,1173.84,179.966,-4.153,-0.718,-268.1,-49.003,-74.39,4.948,-56.481,-90.109,0.052,1.345,-2.755,0.081,1.476,-0.104,-0.01,32.1,8.16,-0.76,0.8,-0.07,-0.008,-0.194,0.401,-0.013,-0.165,0.011,
2026-01-26 05:44:01.059,pick_to_retreat_machine,40.312,-1248.729,1173.832,179.96,-4.152,-0.718,-268.096,-48.898,-74.606,4.954,-56.364,-90.117,0.049,1.274,-2.608,0.076,1.399,-0.099,-0.06,32.0,8.16,-0.82,0.78,-0.03,-0.001,-0.029,0.063,-0.003,0.01,-0.001,
2026-01-26 05:44:01.160,pick_to_retreat_machine,40.343,-1246.732,1173.823,179.953,-4.152,-0.717,-268.091,-48.78,-74.847,4.961,-56.234,-90.126,0.048,1.249,-2.556,0.075,1.373,-0.097,-0.07,31.75,8.14,-0.68,0.8,-0.03,0.003,0.089,-0.18,0.004,0.133,-0.01,
2026-01-26 05:44:01.261,pick_to_retreat_machine,40.37,-1244.932,1173.814,179.947,-4.152,-0.716,-268.087,-48.675,-75.063,4.967,-56.118,-90.134,0.046,1.2,-2.457,0.072,1.32,-0.093,0.02,31.6,8.17,-0.7,0.73,-0.01,-0.002,-0.038,0.08,-0.003,-0.014,0.001,
2026-01-26 05:44:01.363,pick_to_retreat_machine,40.394,-1243.307,1173.807,179.943,-4.152,-0.715,-268.083,-48.58,-75.257,4.973,-56.014,-90.142,0.044,1.137,-2.329,0.068,1.25,-0.088,-0.05,31.49,8.26,-0.86,0.79,0.09,-0.005,-0.14,0.289,-0.009,-0.132,0.009,waypoint
2026-01-26 05:44:01.465,pick_to_retreat_machine,40.155,-1228.383,1199.949,179.537,-4.157,-0.664,-268.07,-46.651,-76.707,4.952,-56.09,-90.133,0.067,5.676,-5.37,-0.0,0.749,-0.044,-0.07,30.67,7.01,-0.68,-0.07,0.09,0.096,18.217,-12.291,-0.271,-1.913,0.168,
2026-01-26 05:44:01.567,pick_to_retreat_machine,39.473,-1192.008,1258.339,179.247,-4.17,-0.616,-268.043,-42.308,-79.795,4.898,-57.051,-90.034,0.117,15.113,-11.749,-0.136,-1.84,0.214,0.0,29.75,6.34,-0.7,-1.19,0.09,0.216,40.526,-27.451,-0.582,-10.576,1.056,
2026-01-26 05:44:01.667,pick_to_retreat_machine,38.77,-1157.171,1306.085,179.26,-4.186,-0.611,-268.02,-38.556,-82.461,4.857,-58.144,-89.917,0.145,20.714,-15.476,-0.204,-4.113,0.455,-0.06,28.82,5.71,-0.8,-2.31,0.12,0.157,30.568,-20.478,-0.387,-10.843,1.134,
2026-01-26 05:44:01.769,pick_to_retreat_machine,37.97,-1120.639,1350.112,179.331,-4.2,-0.616,-267.998,-34.893,-85.063,4.819,-59.27,-89.793,0.165,24.694,-18.112,-0.249,-5.901,0.65,-0.09,27.91,5.51,-0.67,-3.1,0.18,0.135,26.629,-17.797,-0.325,-10.091,1.081,
2026-01-26 05:44:01.869,pick_to_retreat_machine,37.157,-1085.86,1387.423,179.406,-4.21,-0.623,-267.978,-31.596,-87.405,4.785,-60.295,-89.68,0.174,26.763,-19.439,-0.272,-6.989,0.771,-0.0,26.95,5.36,-0.71,-3.57,0.11,0.099,20.299,-13.412,-0.251,-8.068,0.871,
2026-01-26 05:44:01.971,pick_to_retreat_machine,36.28,-1050.311,1421.655,179.48,-4.219,-0.63,-267.958,-28.377,-89.691,4.751,-61.297,-89.569,0.179,28.121,-20.296,-0.288,-7.746,0.856,0.07,25.9,5.47,-0.72,-3.97,0.19,0.085,17.495,-11.52,-0.218,-7.026,0.762,
2026-01-26 05:44:02.074,pick_to_retreat_machine,35.386,-1015.729,1451.661,179.548,-4.225,-0.638,-267.94,-25.363,-91.832,4.72,-62.233,-89.465,0.18,28.625,-20.574,-0.294,-8.149,0.902,0.09,24.89,5.4,-0.68,-4.28,0.14,0.064,13.691,-8.91,-0.175,-5.665,0.614,
2026-01-26 05:44:02.178,pick_to_retreat_machine,34.452,-981.002,1478.886,179.611,-4.229,-0.645,-267.922,-22.432,-93.914,4.689,-63.14,-89.364,0.18,28.796,-20.635,-0.297,-8.38,0.928,0.16,23.86,5.6,-0.83,-4.39,0.18,0.052,11.489,-7.427,-0.15,-4.815,0.521,
2026-01-26 05:44:02.278,pick_to_retreat_machine,33.667,-952.716,1499.107,179.659,-4.232,-0.65,-267.908,-20.104,-95.567,4.665,-63.859,-89.284,0.17,27.416,-19.609,-0.284,-8.082,0.896,0.18,22.74,5.81,-0.72,-4.3,0.22,0.01,4.309,-2.401,-0.072,-2.446,0.259,
2026-01-26 05:44:02.380,pick_to_retreat_machine,32.788,-921.88,1519.306,179.708,-4.233,-0.656,-267.893,-17.618,-97.333,4.639,-64.624,-89.199,0.166,26.777,-19.122,-0.278,-7.975,0.884,0.23,21.77,6.04,-0.83,-4.29,0.17,0.019,5.464,-3.287,-0.082,-2.67,0.285,
2026-01-26 05:44:02.482,pick_to_retreat_machine,31.929,-892.483,1536.888,179.752,-4.233,-0.662,-267.878,-15.291,-98.986,4.615,-65.339,-89.12,0.16,25.902,-18.475,-0.269,-7.768,0.862,0.13,20.85,6.34,-0.76,-4.13,0.21,0.007,3.331,-1.832,-0.057,-1.894,0.199,
2026-01-26 05:44:02.584,pick_to_retreat_machine,31.095,-864.548,1552.166,179.792,-4.233,-0.667,-267.865,-13.112,-100.534,4.592,-66.006,-89.046,0.153,24.874,-17.726,-0.259,-7.494,0.831,0.17,19.75,6.56,-0.67,-4.02,0.19,-0.002,1.513,-0.594,-0.037,-1.229,0.126,
2026-01-26 05:44:02.687,pick_to_retreat_machine,30.288,-838.074,1565.424,179.827,-4.232,-0.672,-267.853,-11.072,-101.983,4.57,-66.629,-88.977,0.146,23.755,-16.917,-0.248,-7.177,0.796,0.24,18.81,6.78,-0.81,-3.97,0.16,-0.011,-0.028,0.453,-0.019,-0.662,0.064,
2026-01-26 05:44:02.787,pick_to_retreat_machine,29.512,-813.041,1576.91,179.857,-4.23,-0.676,-267.841,-9.162,-103.34,4.55,-67.21,-88.912,0.139,22.591,-16.079,-0.236,-6.836,0.758,0.22,17.87,6.94,-0.67,-3.79,0.11,-0.018,-1.327,1.332,-0.003,-0.182,0.011,
2026-01-26 05:44:02.889,pick_to_retreat_machine,28.768,-789.414,1586.848,179.885,-4.228,-0.68,-267.83,-7.374,-104.61,4.531,-67.753,-88.852,0.131,21.413,-15.235,-0.224,-6.483,0.718,0.33,16.88,7.07,-0.83,-3.63,0.24,-0.023,-2.413,2.064,0.01,0.223,-0.033,
2026-01-26 05:44:02.990,pick_to_retreat_machine,28.057,-767.153,1595.432,179.909,-4.225,-0.684,-267.82,-5.7,-105.799,4.514,-68.259,-88.796,0.124,20.245,-14.399,-0.212,-6.128,0.679,0.31,15.91,7.28,-0.86,-3.46,0.14,-0.028,-3.313,2.668,0.02,0.562,-0.07,
2026-01-26 05:44:03.092,pick_to_retreat_machine,27.379,-746.204,1602.835,179.93,-4.223,-0.688,-267.81,-4.133,-106.912,4.497,-68.732,-88.744,0.117,19.101,-13.582,-0.201,-5.778,0.64,0.23,15.04,7.52,-0.79,-3.26,0.2,-0.032,-4.049,3.16,0.029,0.843,-0.101,
2026-01-26 05:44:03.196,pick_to_retreat_machine,26.709,-725.753,1609.445,179.949,-4.22,-0.691,-267.801,-2.609,-107.995,4.481,-69.19,-88.693,0.111,18.136,-12.893,-0.191,-5.479,0.606,0.3,14.27,7.79,-0.89,-3.01,0.15,-0.031,-4.077,3.151,0.031,0.903,-0.107,
2026-01-26 05:44:03.299,pick_to_retreat_machine,26.098,-707.312,1614.891,179.965,-4.216,-0.694,-267.793,-1.239,-108.968,4.467,-69.601,-88.648,0.104,17.026,-12.102,-0.179,-5.137,0.568,0.18,13.5,7.79,-0.86,-2.93,0.15,-0.037,-5.209,3.929,0.044,1.288,-0.149,
2026-01-26 05:44:03.401,pick_to_retreat_machine,25.497,-689.341,1619.735,179.98,-4.213,-0.697,-267.785,0.093,-109.914,4.452,-69.999,-88.604,0.098,16.1,-11.442,-0.17,-4.848,0.536,0.13,12.64,8.07,-0.9,-2.68,0.13,-0.036,-5.066,3.805,0.043,1.284,-0.148,
2026-01-26 05:44:03.502,pick_to_retreat_machine,24.951,-673.161,1623.709,179.992,-4.21,-0.699,-267.777,1.29,-110.765,4.44,-70.356,-88.565,0.092,15.069,-10.709,-0.159,-4.529,0.5,0.19,12.06,8.23,-0.82,-2.58,0.17,-0.04,-5.905,4.381,0.053,1.569,-0.179,
2026-01-26 05:44:03.602,pick_to_retreat_machine,24.415,-657.414,1627.228,-179.998,-4.207,-0.702,-267.77,2.455,-111.592,4.427,-70.702,-88.527,0.087,14.213,-10.099,-0.15,-4.262,0.471,0.19,11.24,8.42,-0.81,-2.42,0.14,-0.038,-5.646,4.177,0.051,1.521,-0.174,
2026-01-26 05:44:03.704,pick_to_retreat_machine,23.91,-642.704,1630.206,-179.989,-4.204,-0.704,-267.764,3.542,-112.364,4.416,-71.024,-88.491,0.082,13.378,-9.505,-0.142,-4.002,0.442,0.18,10.56,8.46,-0.91,-2.2,0.06,-0.039,-5.853,4.308,0.054,1.608,-0.183,
2026-01-26 05:44:03.807,pick_to_retreat_machine,23.418,-628.459,1632.808,-179.982,-4.201,-0.706,-267.757,4.595,-113.112,4.405,-71.335,-88.457,0.077,12.665,-8.999,-0.134,-3.779,0.417,0.23,9.98,8.61,-0.91,-2.03,0.1,-0.037,-5.611,4.121,0.052,1.559,-0.177,
2026-01-26 05:44:03.908,pick_to_retreat_machine,23.006,-616.625,1634.759,-179.976,-4.198,-0.707,-267.752,5.47,-113.734,4.395,-71.593,-88.429,0.071,11.686,-8.303,-0.124,-3.478,0.383,0.18,9.48,8.73,-0.89,-1.94,0.14,-0.045,-6.829,4.973,0.066,1.936,-0.218,
2026-01-26 05:44:04.009,pick_to_retreat_machine,22.602,-605.075,1636.478,-179.971,-4.195,-0.709,-267.747,6.324,-114.341,4.386,-71.844,-88.401,0.067,10.901,-7.745,-0.116,-3.236,0.356,0.15,8.87,8.76,-0.95,-1.95,0.04,-0.041,-6.352,4.621,0.061,1.81,-0.204,
2026-01-26 05:44:04.110,pick_to_retreat_machine,22.222,-594.271,1637.923,-179.968,-4.192,-0.71,-267.742,7.124,-114.909,4.378,-72.078,-88.375,0.062,10.175,-7.229,-0.108,-3.013,0.332,0.18,8.29,8.93,-0.96,-1.76,0.1,-0.041,-6.262,4.547,0.061,1.796,-0.202,
2026-01-26 05:44:04.213,pick_to_retreat_machine,21.851,-583.775,1639.174,-179.965,-4.189,-0.712,-267.737,7.902,-115.462,4.369,-72.305,-88.35,0.058,9.576,-6.803,-0.102,-2.827,0.311,0.19,7.73,9.02,-0.9,-1.57,0.17,-0.038,-5.856,4.249,0.057,1.688,-0.19,
2026-01-26 05:44:04.315,pick_to_retreat_machine,21.516,-574.35,1640.17,-179.963,-4.187,-0.713,-267.733,8.601,-115.958,4.362,-72.509,-88.328,0.055,8.93,-6.344,-0.095,-2.629,0.289,0.12,7.33,9.02,-0.88,-1.5,0.09,-0.039,-6.056,4.382,0.06,1.755,-0.197,
2026-01-26 05:44:04.417,pick_to_retreat_machine,21.201,-565.536,1640.992,-179.962,-4.184,-0.714,-267.729,9.256,-116.424,4.355,-72.699,-88.307,0.051,8.334,-5.921,-0.089,-2.447,0.269,0.2,6.86,9.1,-0.92,-1.43,0.12,-0.038,-5.897,4.261,0.058,1.714,-0.192,
2026-01-26 05:44:04.520,pick_to_retreat_machine,20.906,-557.295,1641.665,-179.961,-4.182,-0.714,-267.725,9.869,-116.859,4.348,-72.876,-88.288,0.048,7.783,-5.529,-0.083,-2.279,0.25,0.1,6.44,9.18,-0.97,-1.34,0.08,-0.036,-5.725,4.131,0.057,1.669,-0.187,
2026-01-26 05:44:04.624,pick_to_retreat_machine,20.629,-549.59,1642.211,-179.961,-4.18,-0.715,-267.721,10.442,-117.267,4.342,-73.042,-88.27,0.044,7.271,-5.166,-0.078,-2.123,0.233,0.2,6.09,9.3,-0.93,-1.19,0.12,-0.035,-5.543,3.996,0.055,1.62,-0.181,
2026-01-26 05:44:04.727,pick_to_retreat_machine,20.368,-542.386,1642.648,-179.961,-4.178,-0.716,-267.718,10.98,-117.648,4.336,-73.196,-88.253,0.041,6.796,-4.829,-0.073,-1.979,0.217,0.21,5.72,9.41,-0.99,-1.17,-0.01,-0.034,-5.355,3.857,0.054,1.569,-0.175,
2026-01-26 05:44:04.830,pick_to_retreat_machine,20.124,-535.65,1642.993,-179.962,-4.176,-0.716,-267.715,11.482,-118.005,4.331,-73.341,-88.237,0.039,6.355,-4.515,-0.068,-1.845,0.202,0.1,5.41,9.4,-0.97,-1.02,0.08,-0.033,-5.162,3.714,0.052,1.515,-0.169,
2026-01-26 05:44:04.930,pick_to_retreat_machine,19.896,-529.353,1643.258,-179.963,-4.174,-0.717,-267.712,11.953,-118.34,4.326,-73.475,-88.222,0.036,5.943,-4.222,-0.064,-1.72,0.188,0.14,5.09,9.4,-0.93,-1.04,0.02,-0.031,-4.967,3.571,0.05,1.459,-0.163,
2026-01-26 05:44:05.032,pick_to_retreat_machine,19.681,-523.465,1643.458,-179.964,-4.172,-0.717,-267.709,12.394,-118.653,4.321,-73.601,-88.209,0.034,5.559,-3.949,-0.06,-1.604,0.175,0.12,4.75,9.41,-1.0,-0.97,-0.04,-0.03,-4.771,3.427,0.048,1.403,-0.156,
2026-01-26 05:44:05.135,pick_to_retreat_machine,19.48,-517.96,1643.601,-179.966,-4.171,-0.718,-267.707,12.807,-118.946,4.317,-73.718,-88.196,0.032,5.201,-3.695,-0.056,-1.497,0.163,0.18,4.52,9.53,-0.91,-0.81,-0.0,-0.029,-4.575,3.284,0.047,1.346,-0.15,
2026-01-26 05:44:05.240,pick_to_retreat_machine,19.284,-512.615,1643.7,-179.968,-4.169,-0.718,-267.705,13.208,-119.231,4.312,-73.832,-88.184,0.03,4.904,-3.484,-0.053,-1.407,0.154,0.08,4.25,9.5,-0.91,-0.82,0.02,-0.027,-4.231,3.037,0.043,1.247,-0.139,
2026-01-26 05:44:05.343,pick_to_retreat_machine,19.108,-507.815,1643.755,-179.97,-4.167,-0.718,-267.702,13.569,-119.488,4.308,-73.934,-88.173,0.028,4.58,-3.254,-0.049,-1.31,0.143,0.04,3.92,9.54,-0.92,-0.78,0.13,-0.026,-4.214,3.021,0.043,1.24,-0.138,
2026-01-26 05:44:05.444,pick_to_retreat_machine,18.943,-503.328,1643.778,-179.972,-4.166,-0.719,-267.7,13.906,-119.727,4.305,-74.029,-88.162,0.026,4.279,-3.04,-0.046,-1.221,0.133,0.07,3.81,9.62,-0.9,-0.83,0.03,-0.025,-4.022,2.882,0.041,1.184,-0.132,
2026-01-26 05:44:05.547,pick_to_retreat_machine,18.788,-499.131,1643.774,-179.974,-4.165,-0.719,-267.698,14.222,-119.952,4.301,-74.118,-88.153,0.024,4.0,-2.842,-0.043,-1.138,0.124,0.14,3.51,9.65,-0.87,-0.65,-0.02,-0.024,-3.836,2.747,0.039,1.129,-0.126,
2026-01-26 05:44:05.650,pick_to_retreat_machine,18.643,-495.207,1643.748,-179.977,-4.163,-0.719,-267.697,14.518,-120.162,4.298,-74.201,-88.144,0.023,3.74,-2.657,-0.04,-1.061,0.115,0.15,3.4,9.72,-0.87,-0.59,0.03,-0.023,-3.654,2.616,0.038,1.075,-0.119,
2026-01-26 05:44:05.752,pick_to_retreat_machine,18.507,-491.538,1643.705,-179.979,-4.162,-0.719,-267.695,14.795,-120.359,4.295,-74.279,-88.135,0.021,3.497,-2.485,-0.038,-0.989,0.108,0.13,3.14,9.76,-0.91,-0.56,0.09,-0.022,-3.477,2.488,0.036,1.023,-0.114,
2026-01-26 05:44:05.854,pick_to_retreat_machine,18.38,-488.107,1643.647,-179.982,-4.161,-0.719,-267.693,15.055,-120.543,4.292,-74.351,-88.127,0.02,3.272,-2.324,-0.035,-0.922,0.1,0.12,3.01,9.67,-0.9,-0.55,-0.07,-0.021,-3.306,2.365,0.034,0.972,-0.108,
2026-01-26 05:44:05.958,pick_to_retreat_machine,18.256,-484.773,1643.575,-179.984,-4.16,-0.719,-267.692,15.307,-120.723,4.29,-74.421,-88.12,0.019,3.084,-2.191,-0.033,-0.867,0.094,0.06,2.73,9.62,-0.89,-0.55,-0.04,-0.019,-3.047,2.18,0.032,0.897,-0.1,
2026-01-26 05:44:06.061,pick_to_retreat_machine,18.145,-481.78,1643.497,-179.987,-4.159,-0.719,-267.69,15.534,-120.884,4.287,-74.484,-88.113,0.018,2.88,-2.046,-0.031,-0.807,0.088,-0.07,2.67,9.79,-0.9,-0.52,0.03,-0.019,-2.997,2.143,0.031,0.88,-0.097,
2026-01-26 05:44:06.161,pick_to_retreat_machine,18.041,-478.98,1643.413,-179.99,-4.158,-0.719,-267.689,15.746,-121.035,4.285,-74.542,-88.107,0.016,2.691,-1.912,-0.029,-0.752,0.082,0.02,2.5,9.8,-0.92,-0.51,0.04,-0.018,-2.842,2.031,0.03,0.834,-0.092,
2026-01-26 05:44:06.262,pick_to_retreat_machine,17.943,-476.362,1643.324,-179.992,-4.157,-0.719,-267.688,15.945,-121.176,4.283,-74.597,-88.101,0.015,2.515,-1.787,-0.027,-0.701,0.076,0.09,2.36,9.79,-1.05,-0.48,-0.01,-0.017,-2.694,1.924,0.028,0.789,-0.087,waypoint
2026-01-26 05:44:06.363,retreat_machine_to_approach_unloader,51.786,-470.719,1643.3,-179.889,-4.185,1.822,-263.573,16.187,-121.34,4.31,-74.662,-86.533,10.299,2.491,-1.751,0.049,-0.688,3.975,0.91,2.5,9.66,-0.93,-0.34,1.44,41.122,-1.993,1.5,0.325,0.61,15.535,
2026-01-26 05:44:06.464,retreat_machine_to_approach_unloader,95.27,-460.603,1643.261,-179.561,-4.174,2.714,-258.167,16.432,-121.507,4.32,-74.738,-82.028,21.24,2.482,-1.73,0.059,-0.705,14.246,1.45,2.51,9.66,-0.91,-0.42,3.25,49.924,-1.757,1.327,0.105,0.439,43.367,
2026-01-26 05:44:06.567,retreat_machine_to_approach_unloader,134.564,-447.559,1643.198,-179.187,-4.115,2.571,-253.117,16.662,-121.664,4.316,-74.809,-76.843,28.553,2.436,-1.689,0.036,-0.708,23.647,1.88,2.49,9.68,-0.9,-0.4,4.62,41.362,-1.741,1.294,-0.029,0.436,45.823,
2026-01-26 05:44:06.667,retreat_machine_to_approach_unloader,169.858,-432.383,1643.124,-178.826,-4.022,2.158,-248.402,16.876,-121.81,4.31,-74.876,-71.72,33.203,2.363,-1.634,0.011,-0.697,30.542,2.16,2.4,9.56,-0.94,-0.39,5.8,33.883,-1.719,1.265,-0.057,0.447,40.618,
2026-01-26 05:44:06.771,retreat_machine_to_approach_unloader,201.394,-415.724,1643.044,-178.493,-3.904,1.702,-243.999,17.077,-121.947,4.303,-74.937,-66.865,35.909,2.273,-1.568,-0.009,-0.676,35.045,2.32,2.4,9.54,-0.98,-0.43,6.45,27.371,-1.689,1.235,-0.056,0.451,33.879,
2026-01-26 05:44:06.872,retreat_machine_to_approach_unloader,229.447,-398.114,1642.96,-178.193,-3.769,1.268,-239.888,17.264,-122.075,4.296,-74.994,-62.322,37.209,2.172,-1.496,-0.023,-0.65,37.64,2.39,2.24,9.63,-0.95,-0.35,6.98,21.716,-1.652,1.202,-0.047,0.449,27.367,
2026-01-26 05:44:06.973,retreat_machine_to_approach_unloader,254.305,-379.98,1642.875,-177.923,-3.623,0.873,-236.05,17.438,-122.195,4.291,-75.047,-58.089,37.503,2.065,-1.42,-0.032,-0.62,38.813,2.43,2.13,9.68,-0.86,-0.39,7.3,16.82,-1.611,1.167,-0.037,0.443,21.534,
2026-01-26 05:44:07.075,retreat_machine_to_approach_unloader,275.468,-362.367,1642.792,-177.692,-3.475,0.531,-232.599,17.595,-122.302,4.285,-75.095,-54.296,36.754,1.941,-1.334,-0.037,-0.584,38.592,2.43,1.96,9.62,-0.84,-0.21,7.31,11.261,-1.626,1.171,-0.026,0.454,14.979,
2026-01-26 05:44:07.177,retreat_machine_to_approach_unloader,294.202,-344.823,1642.709,-177.486,-3.325,0.225,-229.369,17.742,-122.403,4.281,-75.139,-50.758,35.642,1.823,-1.252,-0.04,-0.549,37.789,2.52,1.97,9.62,-0.94,-0.26,7.29,7.932,-1.564,1.123,-0.018,0.44,10.932,
2026-01-26 05:44:07.279,retreat_machine_to_approach_unloader,311.366,-326.848,1642.624,-177.296,-3.168,-0.058,-226.227,17.885,-122.5,4.276,-75.183,-47.331,34.585,1.724,-1.183,-0.041,-0.52,36.909,2.37,1.78,9.73,-0.86,-0.31,7.11,6.247,-1.448,1.038,-0.013,0.409,8.729,
2026-01-26 05:44:07.383,retreat_machine_to_approach_unloader,325.875,-309.97,1642.543,-177.134,-3.018,-0.3,-223.403,18.013,-122.588,4.272,-75.221,-44.262,32.998,1.614,-1.107,-0.04,-0.487,35.354,2.3,1.72,9.67,-0.95,-0.32,6.9,2.449,-1.448,1.033,-0.006,0.413,4.274,
2026-01-26 05:44:07.484,retreat_machine_to_approach_unloader,339.118,-292.951,1642.461,-176.984,-2.865,-0.522,-220.657,18.138,-122.674,4.269,-75.259,-41.29,31.614,1.523,-1.044,-0.039,-0.459,33.946,2.19,1.59,9.71,-0.87,-0.36,6.78,1.423,-1.338,0.954,-0.003,0.383,2.882,
2026-01-26 05:44:07.585,retreat_machine_to_approach_unloader,350.274,-277.177,1642.385,-176.858,-2.722,-0.711,-218.189,18.25,-122.75,4.266,-75.293,-38.628,29.882,1.423,-0.975,-0.037,-0.429,32.114,2.19,1.5,9.66,-0.93,-0.25,6.45,-1.493,-1.331,0.945,0.002,0.383,-0.513,
2026-01-26 05:44:07.687,retreat_machine_to_approach_unloader,360.789,-260.85,1642.304,-176.737,-2.573,-0.891,-215.699,18.363,-122.828,4.263,-75.327,-35.955,28.635,1.35,-0.924,-0.035,-0.406,30.769,2.07,1.42,9.71,-0.93,-0.23,6.17,-1.135,-1.188,0.844,0.003,0.343,-0.344,
2026-01-26 05:44:07.788,retreat_machine_to_approach_unloader,369.588,-245.857,1642.23,-176.636,-2.435,-1.042,-213.464,18.465,-122.897,4.26,-75.357,-33.564,27.064,1.267,-0.867,-0.033,-0.381,29.054,1.97,1.27,9.78,-0.84,-0.22,5.83,-3.562,-1.185,0.839,0.007,0.344,-3.136,
2026-01-26 05:44:07.891,retreat_machine_to_approach_unloader,377.521,-231.063,1642.155,-176.543,-2.298,-1.178,-211.299,18.563,-122.965,4.258,-75.386,-31.258,25.71,1.196,-0.818,-0.031,-0.359,27.555,1.83,1.2,9.77,-0.98,-0.23,5.55,-3.913,-1.099,0.777,0.008,0.32,-3.672,
2026-01-26 05:44:07.993,retreat_machine_to_approach_unloader,384.379,-217.064,1642.084,-176.462,-2.169,-1.295,-209.284,18.655,-123.027,4.255,-75.414,-29.12,24.322,1.126,-0.77,-0.028,-0.337,26.012,1.76,1.09,9.78,-0.96,-0.16,5.37,-5.01,-1.056,0.746,0.01,0.309,-4.979,
2026-01-26 05:44:08.093,retreat_machine_to_approach_unloader,390.099,-204.326,1642.018,-176.394,-2.05,-1.393,-207.474,18.737,-123.083,4.254,-75.438,-27.207,22.767,1.05,-0.718,-0.026,-0.314,24.29,1.69,1.06,9.82,-0.88,-0.2,4.96,-6.566,-1.044,0.735,0.012,0.306,-6.742,
2026-01-26 05:44:08.197,retreat_machine_to_approach_unloader,395.238,-191.854,1641.953,-176.331,-1.935,-1.48,-205.721,18.817,-123.138,4.252,-75.462,-25.363,21.457,0.987,-0.675,-0.024,-0.294,22.828,1.51,0.98,9.87,-0.92,-0.19,4.6,-6.482,-0.966,0.68,0.012,0.284,-6.748,
2026-01-26 05:44:08.299,retreat_machine_to_approach_unloader,399.667,-180.128,1641.891,-176.277,-1.825,-1.553,-204.088,18.891,-123.189,4.25,-75.483,-23.653,20.174,0.926,-0.633,-0.021,-0.276,21.397,1.48,0.87,9.88,-1.01,-0.16,4.21,-7.039,-0.924,0.649,0.013,0.273,-7.412,
2026-01-26 05:44:08.399,retreat_machine_to_approach_unloader,403.35,-169.516,1641.834,-176.231,-1.727,-1.613,-202.623,18.958,-123.234,4.249,-75.503,-22.123,18.795,0.861,-0.589,-0.019,-0.256,19.872,1.5,0.73,9.92,-0.91,-0.12,4.06,-8.001,-0.907,0.636,0.014,0.268,-8.479,
2026-01-26 05:44:08.502,retreat_machine_to_approach_unloader,406.648,-159.174,1641.779,-176.189,-1.63,-1.664,-201.203,19.022,-123.278,4.248,-75.522,-20.648,17.645,0.807,-0.552,-0.017,-0.239,18.592,1.34,0.81,9.9,-0.93,-0.19,3.83,-7.664,-0.838,0.587,0.014,0.248,-8.175,
2026-01-26 05:44:08.603,retreat_machine_to_approach_unloader,409.385,-149.836,1641.728,-176.154,-1.543,-1.705,-199.929,19.08,-123.318,4.247,-75.539,-19.328,16.42,0.75,-0.513,-0.015,-0.222,17.242,1.19,0.68,9.92,-1.02,-0.01,3.65,-8.346,-0.82,0.573,0.014,0.243,-8.917,
2026-01-26 05:44:08.703,retreat_machine_to_approach_unloader,411.833,-140.752,1641.678,-176.121,-1.459,-1.739,-198.694,19.136,-123.356,4.246,-75.555,-18.056,15.4,0.703,-0.48,-0.014,-0.207,16.113,1.26,0.71,9.97,-0.91,-0.08,3.42,-7.915,-0.756,0.528,0.013,0.225,-8.494,
2026-01-26 05:44:08.805,retreat_machine_to_approach_unloader,413.859,-132.565,1641.633,-176.094,-1.383,-1.765,-197.586,19.187,-123.39,4.245,-75.57,-16.918,14.321,0.653,-0.446,-0.012,-0.192,14.929,1.13,0.54,9.95,-0.9,-0.16,3.1,-8.383,-0.738,0.515,0.014,0.219,-8.99,
2026-01-26 05:44:08.906,retreat_machine_to_approach_unloader,415.667,-124.613,1641.588,-176.069,-1.309,-1.786,-196.513,19.236,-123.424,4.245,-75.584,-15.821,13.424,0.612,-0.418,-0.011,-0.18,13.94,1.03,0.62,9.94,-0.97,-0.08,2.96,-7.895,-0.68,0.474,0.013,0.202,-8.496,
2026-01-26 05:44:09.008,retreat_machine_to_approach_unloader,417.214,-117.188,1641.546,-176.047,-1.24,-1.801,-195.514,19.281,-123.455,4.244,-75.597,-14.803,12.566,0.572,-0.391,-0.01,-0.168,13.0,0.97,0.59,9.85,-0.84,-0.09,2.71,-7.843,-0.646,0.45,0.013,0.192,-8.443,
2026-01-26 05:44:09.109,retreat_machine_to_approach_unloader,418.535,-110.259,1641.507,-176.028,-1.176,-1.811,-194.583,19.323,-123.484,4.244,-75.61,-13.859,11.752,0.535,-0.365,-0.008,-0.156,12.109,0.85,0.54,9.92,-0.96,-0.03,2.51,-7.746,-0.612,0.426,0.012,0.182,-8.337,
2026-01-26 05:44:09.210,retreat_machine_to_approach_unloader,419.624,-104.026,1641.471,-176.011,-1.119,-1.817,-193.747,19.361,-123.51,4.243,-75.621,-13.015,10.903,0.496,-0.339,-0.007,-0.145,11.192,0.85,0.37,9.92,-0.91,-0.15,2.31,-7.921,-0.594,0.413,0.012,0.177,-8.501,
2026-01-26 05:44:09.312,retreat_machine_to_approach_unloader,420.591,-97.983,1641.436,-175.996,-1.063,-1.819,-192.938,19.398,-123.535,4.243,-75.631,-12.201,10.201,0.464,-0.317,-0.006,-0.135,10.429,0.7,0.5,10.03,-0.87,0.02,2.23,-7.394,-0.547,0.38,0.011,0.163,-7.951,
2026-01-26 05:44:09.415,retreat_machine_to_approach_unloader,421.413,-92.35,1641.403,-175.983,-1.011,-1.818,-192.184,19.432,-123.558,4.243,-75.641,-11.446,9.535,0.434,-0.296,-0.006,-0.126,9.709,0.69,0.42,9.92,-1.01,-0.03,2.04,-7.211,-0.517,0.359,0.011,0.154,-7.747,
2026-01-26 05:44:09.516,retreat_machine_to_approach_unloader,422.111,-87.099,1641.373,-175.971,-0.963,-1.813,-191.482,19.464,-123.58,4.242,-75.65,-10.746,8.906,0.405,-0.277,-0.005,-0.117,9.032,0.67,0.32,9.97,-0.91,-0.09,1.83,-7.008,-0.489,0.339,0.01,0.146,-7.521,
2026-01-26 05:44:09.619,retreat_machine_to_approach_unloader,422.702,-82.206,1641.344,-175.961,-0.918,-1.807,-190.829,19.494,-123.6,4.242,-75.658,-10.097,8.313,0.378,-0.258,-0.004,-0.109,8.398,0.52,0.26,9.94,-0.95,-0.09,1.75,-6.789,-0.462,0.32,0.01,0.138,-7.277,
2026-01-26 05:44:09.722,retreat_machine_to_approach_unloader,423.202,-77.648,1641.317,-175.952,-0.877,-1.798,-190.22,19.522,-123.619,4.242,-75.666,-9.495,7.757,0.353,-0.241,-0.003,-0.101,7.804,0.56,0.24,9.87,-0.88,-0.02,1.61,-6.56,-0.436,0.302,0.009,0.13,-7.02,
2026-01-26 05:44:09.823,retreat_machine_to_approach_unloader,423.609,-73.554,1641.293,-175.944,-0.84,-1.789,-189.673,19.546,-123.636,4.242,-75.673,-8.956,7.184,0.327,-0.223,-0.003,-0.094,7.199,0.58,0.25,10.0,-0.99,-0.15,1.5,-6.525,-0.421,0.291,0.008,0.125,-6.955,
2026-01-26 05:44:09.923,retreat_machine_to_approach_unloader,423.966,-69.588,1641.269,-175.936,-0.804,-1.777,-189.144,19.571,-123.652,4.242,-75.68,-8.437,6.711,0.305,-0.208,-0.002,-0.087,6.698,0.51,0.21,9.98,-0.97,0.02,1.31,-6.045,-0.387,0.268,0.008,0.115,-6.451,
2026-01-26 05:44:10.027,retreat_machine_to_approach_unloader,424.265,-65.895,1641.247,-175.93,-0.77,-1.764,-188.651,19.593,-123.668,4.242,-75.687,-7.955,6.266,0.285,-0.194,-0.002,-0.081,6.227,0.57,0.19,9.98,-0.96,-0.09,1.27,-5.805,-0.365,0.252,0.007,0.108,-6.183,
2026-01-26 05:44:10.128,retreat_machine_to_approach_unloader,424.514,-62.456,1641.226,-175.924,-0.739,-1.75,-188.192,19.614,-123.682,4.242,-75.692,-7.508,5.847,0.266,-0.181,-0.002,-0.076,5.787,0.44,0.12,9.99,-0.94,-0.07,1.18,-5.563,-0.344,0.237,0.007,0.102,-5.914,
2026-01-26 05:44:10.229,retreat_machine_to_approach_unloader,424.714,-59.368,1641.208,-175.919,-0.712,-1.736,-187.78,19.633,-123.695,4.242,-75.698,-7.109,5.416,0.246,-0.168,-0.001,-0.07,5.339,0.35,0.17,10.07,-0.93,0.08,1.12,-5.475,-0.331,0.228,0.006,0.098,-5.795,
2026-01-26 05:44:10.331,retreat_machine_to_approach_unloader,424.881,-56.484,1641.19,-175.914,-0.686,-1.721,-187.395,19.65,-123.707,4.242,-75.703,-6.737,5.024,0.228,-0.156,-0.001,-0.065,4.933,0.33,0.07,9.93,-0.87,-0.04,1.01,-5.201,-0.31,0.214,0.006,0.092,-5.495,
2026-01-26 05:44:10.433,retreat_machine_to_approach_unloader,425.015,-53.893,1641.174,-175.91,-0.663,-1.707,-187.049,19.666,-123.717,4.242,-75.707,-6.405,4.633,0.211,-0.144,-0.001,-0.059,4.532,0.37,0.17,10.05,-0.94,-0.01,0.95,-5.069,-0.297,0.205,0.006,0.088,-5.334,
2026-01-26 05:44:10.535,retreat_machine_to_approach_unloader,425.129,-51.373,1641.159,-175.907,-0.641,-1.692,-186.713,19.681,-123.728,4.242,-75.711,-6.082,4.316,0.196,-0.134,-0.0,-0.055,4.204,0.33,0.19,10.03,-0.9,-0.02,0.89,-4.658,-0.271,0.187,0.005,0.08,-4.905,
2026-01-26 05:44:10.635,retreat_machine_to_approach_unloader,425.22,-49.108,1641.145,-175.903,-0.62,-1.677,-186.41,19.695,-123.737,4.242,-75.715,-5.794,3.993,0.181,-0.124,-0.0,-0.051,3.875,0.34,0.1,10.0,-0.95,-0.06,0.92,-4.532,-0.26,0.179,0.005,0.077,-4.752,
2026-01-26 05:44:10.738,retreat_machine_to_approach_unloader,425.296,-46.907,1641.132,-175.9,-0.601,-1.661,-186.116,19.708,-123.746,4.242,-75.719,-5.514,3.73,0.169,-0.116,-0.0,-0.047,3.605,0.37,0.14,10.0,-0.96,0.07,0.72,-4.163,-0.237,0.164,0.004,0.07,-4.367,
2026-01-26 05:44:10.840,retreat_machine_to_approach_unloader,425.357,-44.851,1641.119,-175.898,-0.583,-1.646,-185.841,19.721,-123.755,4.242,-75.722,-5.255,3.484,0.158,-0.108,0.0,-0.044,3.353,0.28,0.07,9.97,-0.98,-0.02,0.73,-3.941,-0.223,0.153,0.004,0.066,-4.126,
2026-01-26 05:44:10.943,retreat_machine_to_approach_unloader,425.405,-42.933,1641.107,-175.895,-0.566,-1.63,-185.585,19.732,-123.763,4.242,-75.725,-5.013,3.254,0.148,-0.101,0.0,-0.041,3.119,0.37,0.04,9.97,-0.85,-0.1,0.71,-3.729,-0.209,0.144,0.004,0.061,-3.895,
2026-01-26 05:44:11.044,retreat_machine_to_approach_unloader,425.442,-41.142,1641.096,-175.893,-0.551,-1.615,-185.346,19.743,-123.77,4.242,-75.728,-4.788,3.039,0.138,-0.094,0.0,-0.038,2.901,0.26,0.03,10.01,-0.87,-0.0,0.61,-3.526,-0.195,0.135,0.003,0.057,-3.675,
2026-01-26 05:44:11.146,retreat_machine_to_approach_unloader,425.47,-39.47,1641.086,-175.891,-0.536,-1.6,-185.122,19.753,-123.777,4.242,-75.731,-4.579,2.838,0.129,-0.088,0.0,-0.036,2.699,0.21,0.07,9.99,-0.86,0.02,0.58,-3.332,-0.183,0.126,0.003,0.054,-3.465,
2026-01-26 05:44:11.249,retreat_machine_to_approach_unloader,425.49,-37.909,1641.076,-175.889,-0.523,-1.585,-184.913,19.763,-123.783,4.242,-75.734,-4.385,2.65,0.12,-0.082,0.001,-0.033,2.51,0.27,0.1,10.0,-0.94,0.05,0.67,-3.147,-0.172,0.118,0.003,0.05,-3.265,waypoint
2026-01-26 05:44:11.351,retreat_machine_to_approach_unloader,421.04,-53.682,1639.308,175.952,-1.237,-3.806,-184.762,20.146,-124.155,-4.198,-74.727,0.15,2.367,1.049,-0.991,-21.101,2.492,13.219,0.4,0.0,9.95,-3.55,2.83,5.02,-3.401,3.587,-3.549,-84.403,10.139,40.463,
2026-01-26 05:44:11.452,retreat_machine_to_approach_unloader,419.188,-78.746,1641.146,164.557,-8.246,-14.294,-184.634,20.733,-124.773,-17.578,-71.323,15.771,2.093,2.253,-2.289,-49.275,10.378,48.966,0.48,-0.13,9.72,-5.48,6.17,10.9,-3.308,5.256,-5.656,-125.357,33.094,147.278,
2026-01-26 05:44:11.556,retreat_machine_to_approach_unloader,420.406,-100.104,1648.451,158.016,-21.156,-25.271,-184.507,21.3,-125.38,-30.546,-67.352,34.779,1.887,3.108,-3.233,-69.376,17.712,84.246,0.46,-0.26,9.58,-6.91,8.74,15.95,-2.979,4.538,-4.973,-108.7,35.461,166.431,
2026-01-26 05:44:11.656,retreat_machine_to_approach_unloader,422.957,-115.572,1658.839,157.41,-35.428,-34.667,-184.394,21.809,-125.926,-42.195,-63.653,52.859,1.7,3.603,-3.791,-81.155,22.531,108.383,0.42,-0.3,9.4,-7.85,10.76,19.6,-2.812,3.5,-3.876,-84.645,29.192,140.492,
2026-01-26 05:44:11.759,retreat_machine_to_approach_unloader,426.281,-126.423,1671.337,163.279,-49.431,-45.497,-184.284,22.299,-126.454,-53.436,-60.066,70.545,1.548,3.928,-4.161,-88.968,25.865,125.504,0.48,-0.48,9.29,-8.46,12.06,22.04,-2.577,2.969,-3.296,-72.093,25.148,122.519,
2026-01-26 05:44:11.861,retreat_machine_to_approach_unloader,429.716,-132.41,1683.77,177.388,-60.212,-60.827,-184.187,22.739,-126.926,-63.516,-56.857,86.43,1.405,4.046,-4.302,-91.927,27.423,133.84,0.45,-0.73,9.28,-8.74,12.89,23.61,-2.436,2.165,-2.418,-53.283,18.866,92.246,
2026-01-26 05:44:11.962,retreat_machine_to_approach_unloader,433.09,-134.7,1695.691,-158.18,-66.158,-84.113,-184.096,23.149,-127.365,-72.902,-53.878,101.187,1.281,4.058,-4.324,-92.41,28.015,137.272,0.34,-0.86,9.29,-8.77,13.28,24.38,-2.262,1.645,-1.845,-41.011,14.672,71.745,
2026-01-26 05:44:12.065,retreat_machine_to_approach_unloader,436.216,-134.031,1706.542,-130.441,-65.945,-109.09,-184.012,23.53,-127.774,-81.642,-51.112,114.88,1.171,3.997,-4.265,-91.156,27.924,137.188,0.25,-1.0,9.42,-8.63,13.35,24.61,-2.099,1.199,-1.353,-30.442,11.065,53.933,
2026-01-26 05:44:12.166,retreat_machine_to_approach_unloader,438.979,-131.106,1716.009,-110.402,-61.522,-125.282,-183.933,23.885,-128.154,-89.779,-48.545,127.582,1.075,3.886,-4.148,-88.71,27.361,134.644,0.24,-1.13,9.38,-8.5,13.32,24.53,-1.947,0.817,-0.932,-21.376,7.981,38.622,
2026-01-26 05:44:12.266,retreat_machine_to_approach_unloader,441.239,-126.744,1723.699,-98.684,-55.915,-132.644,-183.863,24.204,-128.494,-97.084,-46.246,138.941,0.982,3.712,-3.963,-84.796,26.269,129.382,0.15,-1.26,9.41,-8.21,13.02,23.94,-1.832,0.373,-0.446,-10.923,4.5,21.339,
2026-01-26 05:44:12.369,retreat_machine_to_approach_unloader,443.151,-121.126,1730.2,-91.183,-50.091,-135.248,-183.794,24.513,-128.824,-104.158,-44.025,149.897,0.908,3.556,-3.796,-81.281,25.253,124.426,0.03,-1.47,9.59,-7.91,12.69,23.32,-1.67,0.235,-0.29,-7.51,3.265,15.168,
2026-01-26 05:44:12.470,retreat_machine_to_approach_unloader,444.581,-115.07,1735.107,-86.494,-44.955,-135.087,-183.733,24.791,-129.119,-110.509,-42.037,159.695,0.835,3.361,-3.586,-76.838,23.912,117.813,0.04,-1.49,9.55,-7.45,12.07,22.43,-1.572,-0.104,0.078,0.468,0.621,2.07,
2026-01-26 05:44:12.571,retreat_machine_to_approach_unloader,445.665,-108.445,1738.924,-83.198,-40.247,-133.396,-183.673,25.059,-129.405,-116.658,-40.116,169.144,0.775,3.192,-3.404,-73.002,22.736,111.983,0.02,-1.72,9.67,-6.96,11.63,21.46,-1.433,-0.181,0.167,2.437,-0.121,-1.62,
2026-01-26 05:44:12.671,retreat_machine_to_approach_unloader,446.36,-101.981,1741.512,-81.014,-36.304,-130.959,-183.619,25.3,-129.662,-122.179,-38.396,177.594,0.716,2.997,-3.195,-68.554,21.352,105.113,-0.02,-1.88,9.69,-6.56,10.95,20.49,-1.35,-0.437,0.444,8.475,-2.117,-11.447,
2026-01-26 05:44:12.774,retreat_machine_to_approach_unloader,446.772,-95.129,1743.275,-79.418,-32.635,-127.882,-183.565,25.542,-129.919,-127.715,-36.676,186.034,0.672,2.853,-3.039,-65.257,20.314,99.935,-0.0,-1.97,9.82,-6.13,10.49,19.42,-1.212,-0.386,0.394,7.472,-1.907,-10.405,
2026-01-26 05:44:12.876,retreat_machine_to_approach_unloader,446.884,-88.765,1744.132,-78.421,-29.58,-124.735,-183.517,25.759,-130.149,-132.68,-35.139,193.572,0.625,2.682,-2.855,-61.354,19.079,93.794,-0.07,-2.09,9.91,-5.72,9.97,18.33,-1.145,-0.597,0.622,12.445,-3.54,-18.394,
2026-01-26 05:44:12.979,retreat_machine_to_approach_unloader,446.763,-82.731,1744.311,-77.824,-26.917,-121.576,-183.471,25.962,-130.364,-137.303,-33.711,200.561,0.582,2.517,-2.677,-57.572,17.877,87.82,-0.04,-2.14,9.89,-5.27,9.42,17.28,-1.062,-0.686,0.719,14.619,-4.29,-22.027,
2026-01-26 05:44:13.081,retreat_machine_to_approach_unloader,446.451,-77.078,1743.945,-77.535,-24.575,-118.507,-183.429,26.15,-130.563,-141.607,-32.387,207.044,0.543,2.358,-2.507,-53.94,16.719,82.071,-0.01,-2.38,9.89,-4.92,8.83,16.26,-0.986,-0.756,0.795,16.342,-4.886,-24.901,
2026-01-26 05:44:13.183,retreat_machine_to_approach_unloader,445.985,-71.833,1743.152,-77.481,-22.496,-115.591,-183.389,26.325,-130.749,-145.615,-31.158,213.055,0.506,2.207,-2.345,-50.474,15.612,76.582,-0.0,-2.41,9.94,-4.61,8.25,15.26,-0.915,-0.81,0.853,17.673,-5.351,-27.119,
2026-01-26 05:44:13.287,retreat_machine_to_approach_unloader,445.399,-67.004,1742.029,-77.606,-20.633,-112.865,-183.352,26.488,-130.922,-149.346,-30.017,218.63,0.472,2.063,-2.191,-47.185,14.561,71.374,0.02,-2.54,9.94,-4.08,7.86,14.29,-0.85,-0.849,0.896,18.668,-5.701,-28.774,
2026-01-26 05:44:13.390,retreat_machine_to_approach_unloader,444.696,-62.429,1740.609,-77.878,-18.889,-110.257,-183.317,26.646,-131.089,-152.945,-28.921,223.984,0.443,1.941,-2.061,-44.384,13.661,66.915,0.01,-2.77,10.02,-3.74,7.23,13.39,-0.777,-0.822,0.868,18.134,-5.576,-28.106,
2026-01-26 05:44:13.491,retreat_machine_to_approach_unloader,443.98,-58.559,1739.124,-78.225,-17.414,-108.041,-183.286,26.782,-131.234,-156.055,-27.976,228.594,0.41,1.796,-1.907,-41.065,12.607,61.711,-0.01,-2.88,10.11,-3.44,6.82,12.56,-0.747,-0.953,1.007,21.195,-6.535,-32.734,
2026-01-26 05:44:13.591,retreat_machine_to_approach_unloader,443.192,-54.905,1737.468,-78.654,-16.009,-105.945,-183.255,26.914,-131.373,-159.067,-27.065,233.039,0.383,1.677,-1.78,-38.328,11.734,57.397,0.01,-2.87,10.05,-3.15,6.35,11.68,-0.681,-0.9,0.951,20.067,-6.212,-31.105,
2026-01-26 05:44:13.694,retreat_machine_to_approach_unloader,442.377,-51.598,1735.741,-79.13,-14.717,-104.05,-183.227,27.037,-131.504,-161.871,-26.219,237.162,0.358,1.565,-1.66,-35.755,10.915,53.354,0.02,-2.91,10.08,-2.86,5.79,10.88,-0.633,-0.901,0.952,20.138,-6.248,-31.227,
2026-01-26 05:44:13.795,retreat_machine_to_approach_unloader,441.548,-48.612,1733.983,-79.635,-13.525,-102.345,-183.201,27.151,-131.625,-164.481,-25.434,240.984,0.334,1.46,-1.549,-33.342,10.148,49.571,0.02,-3.01,10.13,-2.66,5.45,10.11,-0.588,-0.895,0.946,20.059,-6.233,-31.102,
2026-01-26 05:44:13.896,retreat_machine_to_approach_unloader,440.717,-45.92,1732.22,-80.155,-12.422,-100.815,-183.176,27.258,-131.738,-166.911,-24.706,244.529,0.312,1.361,-1.444,-31.082,9.432,46.04,-0.03,-3.12,10.04,-2.35,5.15,9.46,-0.547,-0.884,0.934,19.855,-6.175,-30.772,
2026-01-26 05:44:13.998,retreat_machine_to_approach_unloader,439.893,-43.495,1730.477,-80.68,-11.402,-99.447,-183.154,27.357,-131.844,-169.174,-24.03,247.815,0.291,1.269,-1.347,-28.968,8.763,42.746,-0.0,-3.14,10.1,-2.11,4.77,8.78,-0.508,-0.869,0.918,19.547,-6.083,-30.273,
2026-01-26 05:44:14.101,retreat_machine_to_approach_unloader,439.083,-41.314,1728.77,-81.201,-10.458,-98.226,-183.132,27.449,-131.942,-171.28,-23.403,250.863,0.272,1.183,-1.256,-26.992,8.14,39.679,-0.02,-3.28,10.14,-1.87,4.42,8.15,-0.473,-0.85,0.898,19.154,-5.961,-29.638,
2026-01-26 05:44:14.202,retreat_machine_to_approach_unloader,438.294,-39.351,1727.112,-81.712,-9.583,-97.136,-183.112,27.536,-132.033,-173.241,-22.821,253.688,0.254,1.102,-1.17,-25.146,7.56,36.823,0.08,-3.37,10.1,-1.69,4.03,7.62,-0.44,-0.829,0.875,18.693,-5.817,-28.892,
2026-01-26 05:44:14.302,retreat_machine_to_approach_unloader,437.556,-37.648,1725.57,-82.191,-8.801,-96.2,-183.094,27.613,-132.116,-175.001,-22.301,256.215,0.235,1.02,-1.083,-23.259,6.971,33.934,-0.04,-3.41,10.09,-1.43,3.77,7.07,-0.416,-0.834,0.88,18.831,-5.847,-28.995,
2026-01-26 05:44:14.405,retreat_machine_to_approach_unloader,436.817,-36.054,1724.033,-82.671,-8.049,-95.333,-183.077,27.688,-132.195,-176.705,-21.798,258.651,0.22,0.952,-1.012,-21.704,6.485,31.54,-0.0,-3.49,10.07,-1.28,3.54,6.57,-0.38,-0.775,0.817,17.511,-5.445,-26.999,
2026-01-26 05:44:14.508,retreat_machine_to_approach_unloader,436.081,-34.569,1722.511,-83.149,-7.328,-94.534,-183.06,27.76,-132.272,-178.348,-21.315,260.99,0.207,0.895,-0.951,-20.385,6.071,29.503,-0.03,-3.5,10.13,-1.18,3.19,6.12,-0.348,-0.724,0.763,16.37,-5.096,-25.268,
2026-01-26 05:44:14.612,retreat_machine_to_approach_unloader,435.427,-33.328,1721.166,-83.573,-6.708,-93.874,-183.046,27.822,-132.339,-179.767,-20.899,263.004,0.192,0.827,-0.88,-18.839,5.593,27.162,0.0,-3.53,10.06,-0.97,3.07,5.61,-0.336,-0.749,0.79,16.961,-5.255,-25.994,
2026-01-26 05:44:14.713,retreat_machine_to_approach_unloader,434.825,-32.247,1719.935,-83.962,-6.156,-93.305,-183.032,27.878,-132.399,-181.044,-20.527,264.807,0.176,0.761,-0.81,-17.319,5.127,24.879,-0.03,-3.59,10.12,-0.88,2.8,5.34,-0.317,-0.737,0.778,16.704,-5.162,-25.504,
2026-01-26 05:44:14.814,retreat_machine_to_approach_unloader,434.251,-31.264,1718.765,-84.332,-5.642,-92.795,-183.02,27.931,-132.455,-182.238,-20.179,266.488,0.163,0.702,-0.748,-15.975,4.715,22.862,-0.11,-3.64,10.09,-0.8,2.64,4.86,-0.293,-0.699,0.738,15.852,-4.895,-24.173,
2026-01-26 05:44:14.915,retreat_machine_to_approach_unloader,433.682,-30.337,1717.613,-84.697,-5.147,-92.318,-183.008,27.982,-132.509,-183.399,-19.842,268.116,0.152,0.654,-0.697,-14.883,4.379,21.216,-0.04,-3.67,10.14,-0.71,2.4,4.48,-0.267,-0.644,0.679,14.601,-4.513,-22.288,
2026-01-26 05:44:15.016,retreat_machine_to_approach_unloader,433.141,-29.496,1716.524,-85.043,-4.689,-91.891,-182.997,28.03,-132.561,-184.482,-19.528,269.629,0.142,0.61,-0.651,-13.871,4.068,19.696,0.04,-3.72,10.03,-0.62,2.24,4.11,-0.248,-0.613,0.647,13.914,-4.296,-21.202,
2026-01-26 05:44:15.118,retreat_machine_to_approach_unloader,432.629,-28.734,1715.497,-85.369,-4.265,-91.509,-182.987,28.074,-132.608,-185.494,-19.236,271.037,0.133,0.569,-0.607,-12.932,3.781,18.29,-0.03,-3.71,10.09,-0.4,2.11,3.94,-0.231,-0.584,0.616,13.244,-4.084,-20.145,
2026-01-26 05:44:15.219,retreat_machine_to_approach_unloader,432.144,-28.041,1714.53,-85.676,-3.874,-91.166,-182.977,28.116,-132.653,-186.438,-18.965,272.345,0.124,0.53,-0.567,-12.059,3.515,16.988,0.02,-3.85,10.07,-0.34,1.96,3.61,-0.214,-0.555,0.586,12.593,-3.878,-19.119,
2026-01-26 05:44:15.319,retreat_machine_to_approach_unloader,431.703,-27.435,1713.654,-85.954,-3.525,-90.869,-182.968,28.153,-132.693,-187.286,-18.721,273.516,0.115,0.491,-0.526,-11.165,3.244,15.669,-0.05,-3.86,10.06,-0.3,1.83,3.38,-0.203,-0.541,0.572,12.291,-3.773,-18.578,
2026-01-26 05:44:15.424,retreat_machine_to_approach_unloader,431.253,-26.839,1712.765,-86.237,-3.178,-90.581,-182.959,28.191,-132.733,-188.141,-18.477,274.693,0.108,0.463,-0.495,-10.512,3.045,14.693,0.02,-3.85,10.08,-0.19,1.65,3.18,-0.182,-0.484,0.511,10.993,-3.384,-16.671,
2026-01-26 05:44:15.525,retreat_machine_to_approach_unloader,430.845,-26.317,1711.963,-86.492,-2.869,-90.331,-182.951,28.225,-132.77,-188.909,-18.258,275.744,0.101,0.432,-0.463,-9.803,2.831,13.648,0.06,-3.91,10.06,-0.22,1.51,3.0,-0.173,-0.474,0.501,10.769,-3.302,-16.25,
2026-01-26 05:44:15.628,retreat_machine_to_approach_unloader,430.461,-25.841,1711.209,-86.732,-2.585,-90.106,-182.944,28.256,-132.804,-189.625,-18.054,276.722,0.094,0.403,-0.432,-9.143,2.632,12.681,-0.11,-3.96,9.99,-0.15,1.44,2.78,-0.161,-0.449,0.474,10.204,-3.124,-15.364,
2026-01-26 05:44:15.732,retreat_machine_to_approach_unloader,430.099,-25.406,1710.503,-86.956,-2.322,-89.904,-182.937,28.286,-132.836,-190.294,-17.865,277.631,0.088,0.376,-0.403,-8.529,2.448,11.783,0.05,-4.02,10.0,-0.05,1.32,2.5,-0.149,-0.425,0.449,9.661,-2.953,-14.514,
2026-01-26 05:44:15.840,retreat_machine_to_approach_unloader,429.9,-25.173,1710.116,-87.079,-2.18,-89.796,-182.933,28.302,-132.853,-190.659,-17.761,278.126,0.076,0.322,-0.346,-7.31,2.094,10.075,0.07,-4.03,10.11,-0.01,1.24,2.34,-0.166,-0.517,0.548,11.729,-3.52,-17.202,
2026-01-26 05:44:15.943,retreat_machine_to_approach_unloader,429.596,-24.824,1709.527,-87.266,-1.966,-89.635,-182.927,28.327,-132.879,-191.214,-17.605,278.876,0.071,0.303,-0.326,-6.871,1.962,9.432,-0.04,-4.04,9.97,0.04,1.17,2.13,-0.13,-0.381,0.403,8.657,-2.635,-12.932,
2026-01-26 05:44:16.043,retreat_machine_to_approach_unloader,429.285,-24.476,1708.927,-87.457,-1.752,-89.477,-182.922,28.351,-132.906,-191.777,-17.446,279.634,0.068,0.289,-0.311,-6.56,1.867,8.968,0.03,-4.01,10.03,0.19,1.08,2.06,-0.116,-0.339,0.359,7.715,-2.355,-11.563,
2026-01-26 05:44:16.144,retreat_machine_to_approach_unloader,429.004,-24.169,1708.387,-87.628,-1.562,-89.34,-182.916,28.374,-132.93,-192.283,-17.305,280.312,0.064,0.273,-0.294,-6.185,1.755,8.422,0.08,-4.01,9.97,0.24,1.02,1.92,-0.11,-0.331,0.35,7.514,-2.284,-11.2,
2026-01-26 05:44:16.244,retreat_machine_to_approach_unloader,428.73,-23.877,1707.861,-87.795,-1.379,-89.209,-182.911,28.396,-132.954,-192.775,-17.167,280.969,0.061,0.259,-0.279,-5.868,1.66,7.958,0.01,-4.06,10.09,0.32,0.9,1.73,-0.101,-0.304,0.321,6.904,-2.099,-10.295,
2026-01-26 05:44:16.346,retreat_machine_to_approach_unloader,428.482,-23.618,1707.387,-87.945,-1.218,-89.095,-182.907,28.415,-132.975,-193.217,-17.044,281.557,0.057,0.243,-0.262,-5.506,1.553,7.439,0.13,-4.09,10.06,0.35,0.8,1.78,-0.096,-0.295,0.313,6.712,-2.032,-9.954,
2026-01-26 05:44:16.447,retreat_machine_to_approach_unloader,428.24,-23.37,1706.926,-88.092,-1.062,-88.987,-182.902,28.434,-132.996,-193.646,-16.925,282.126,0.054,0.23,-0.248,-5.203,1.463,7.003,0.04,-4.06,9.93,0.33,0.84,1.56,-0.087,-0.271,0.287,6.164,-1.867,-9.145,
2026-01-26 05:44:16.549,retreat_machine_to_approach_unloader,428.029,-23.159,1706.526,-88.218,-0.93,-88.895,-182.898,28.45,-133.013,-194.017,-16.822,282.616,0.05,0.213,-0.231,-4.83,1.354,6.477,0.14,-4.05,10.09,0.26,0.74,1.49,-0.085,-0.27,0.286,6.132,-1.846,-9.024,
2026-01-26 05:44:16.651,retreat_machine_to_approach_unloader,427.815,-22.948,1706.121,-88.346,-0.798,-88.805,-182.894,28.467,-133.032,-194.394,-16.718,283.111,0.047,0.202,-0.218,-4.563,1.275,6.095,0.05,-4.0,9.96,0.39,0.68,1.42,-0.076,-0.241,0.255,5.468,-1.65,-8.072,
2026-01-26 05:44:16.751,retreat_machine_to_approach_unloader,427.615,-22.753,1705.743,-88.466,-0.676,-88.722,-182.891,28.483,-133.048,-194.745,-16.621,283.571,0.045,0.19,-0.206,-4.3,1.198,5.722,-0.0,-4.12,10.03,0.44,0.67,1.3,-0.071,-0.228,0.241,5.171,-1.557,-7.613,
2026-01-26 05:44:16.851,retreat_machine_to_approach_unloader,427.427,-22.574,1705.389,-88.578,-0.564,-88.646,-182.887,28.497,-133.064,-195.073,-16.531,283.999,0.042,0.179,-0.194,-4.044,1.124,5.361,0.05,-4.13,10.02,0.49,0.48,1.2,-0.066,-0.215,0.228,4.888,-1.469,-7.175,
2026-01-26 05:44:16.951,retreat_machine_to_approach_unloader,427.244,-22.403,1705.047,-88.686,-0.457,-88.574,-182.884,28.511,-133.08,-195.39,-16.444,284.412,0.04,0.169,-0.184,-3.827,1.06,5.052,0.0,-4.02,10.03,0.49,0.61,1.11,-0.061,-0.198,0.21,4.504,-1.353,-6.611,
2026-01-26 05:44:17.052,retreat_machine_to_approach_unloader,427.086,-22.256,1704.75,-88.779,-0.367,-88.513,-182.881,28.523,-133.093,-195.664,-16.37,284.767,0.037,0.157,-0.171,-3.555,0.982,4.677,-0.06,-4.1,9.99,0.49,0.5,1.02,-0.059,-0.197,0.21,4.484,-1.338,-6.523,
2026-01-26 05:44:17.152,retreat_machine_to_approach_unloader,426.932,-22.115,1704.462,-88.87,-0.28,-88.455,-182.878,28.535,-133.106,-195.931,-16.297,285.111,0.035,0.148,-0.16,-3.333,0.918,4.367,-0.02,-4.13,10.02,0.51,0.4,0.92,-0.054,-0.181,0.192,4.113,-1.227,-5.984,
2026-01-26 05:44:17.254,retreat_machine_to_approach_unloader,426.782,-21.98,1704.183,-88.958,-0.197,-88.4,-182.876,28.547,-133.118,-196.189,-16.227,285.442,0.033,0.139,-0.151,-3.145,0.863,4.104,0.01,-4.12,10.08,0.54,0.42,0.86,-0.049,-0.167,0.177,3.787,-1.13,-5.509,
2026-01-26 05:44:17.356,retreat_machine_to_approach_unloader,426.642,-21.855,1703.924,-89.039,-0.121,-88.349,-182.873,28.557,-133.13,-196.429,-16.162,285.75,0.031,0.131,-0.143,-2.959,0.81,3.847,-0.02,-4.18,10.09,0.5,0.44,0.77,-0.046,-0.158,0.168,3.586,-1.067,-5.199,
2026-01-26 05:44:17.460,retreat_machine_to_approach_unloader,426.512,-21.74,1703.682,-89.115,-0.051,-88.302,-182.871,28.567,-133.141,-196.652,-16.102,286.035,0.029,0.123,-0.134,-2.778,0.758,3.597,0.04,-4.15,10.08,0.67,0.48,0.8,-0.043,-0.149,0.159,3.393,-1.007,-4.903,
2026-01-26 05:44:17.562,retreat_machine_to_approach_unloader,426.39,-21.634,1703.457,-89.186,0.012,-88.259,-182.869,28.576,-133.151,-196.861,-16.046,286.299,0.027,0.115,-0.126,-2.604,0.708,3.359,0.09,-4.14,10.0,0.67,0.31,0.83,-0.041,-0.141,0.15,3.208,-0.95,-4.621,
2026-01-26 05:44:17.665,retreat_machine_to_approach_unloader,426.276,-21.536,1703.247,-89.252,0.071,-88.22,-182.867,28.585,-133.16,-197.054,-15.994,286.544,0.025,0.108,-0.118,-2.438,0.661,3.131,-0.01,-4.21,10.04,0.63,0.3,0.66,-0.038,-0.134,0.142,3.031,-0.895,-4.351,
2026-01-26 05:44:17.767,retreat_machine_to_approach_unloader,426.17,-21.445,1703.052,-89.313,0.124,-88.183,-182.865,28.593,-133.169,-197.235,-15.946,286.771,0.024,0.101,-0.11,-2.279,0.616,2.916,0.02,-4.2,10.07,0.63,0.32,0.61,-0.036,-0.126,0.134,2.862,-0.843,-4.094,waypoint
2026-01-26 05:44:17.869,retreat_machine_to_approach_unloader,464.334,-13.137,1699.559,-90.173,1.823,-87.186,-181.517,25.21,-131.75,-195.028,-16.912,286.197,3.387,-8.382,3.464,3.808,-1.953,0.753,0.14,-4.17,10.06,1.11,-1.63,0.03,13.427,-34.025,14.398,26.45,-10.901,-11.694,
2026-01-26 05:44:17.969,retreat_machine_to_approach_unloader,507.115,-1.644,1694.663,-90.14,2.779,-85.997,-180.017,21.434,-130.186,-192.409,-19.024,284.501,6.289,-15.727,6.509,9.402,-6.744,-3.677,0.23,-3.9,9.98,1.63,-3.76,-0.7,13.602,-34.554,14.413,27.919,-21.269,-21.754,
2026-01-26 05:44:18.071,retreat_machine_to_approach_unloader,546.962,10.77,1687.829,-89.854,3.28,-85.014,-178.622,17.916,-128.733,-189.946,-21.253,282.551,8.206,-20.589,8.513,13.21,-10.632,-7.632,0.37,-3.13,9.98,1.84,-5.26,-1.42,11.203,-28.509,11.851,23.575,-20.319,-22.108,
2026-01-26 05:44:18.176,retreat_machine_to_approach_unloader,583.882,23.732,1679.124,-89.544,3.599,-84.257,-177.322,14.641,-127.382,-187.646,-23.381,280.627,9.404,-23.631,9.764,15.658,-13.294,-10.535,0.46,-2.31,9.94,2.09,-6.35,-1.94,9.123,-23.242,9.658,19.587,-17.27,-19.643,
2026-01-26 05:44:18.280,retreat_machine_to_approach_unloader,617.937,36.998,1668.881,-89.265,3.823,-83.699,-176.112,11.59,-126.123,-185.503,-25.369,278.807,10.079,-25.35,10.469,17.102,-14.94,-12.45,0.49,-1.3,9.95,2.16,-6.99,-2.12,7.318,-18.666,7.762,16.06,-14.141,-16.633,
2026-01-26 05:44:18.382,retreat_machine_to_approach_unloader,649.23,50.378,1657.455,-89.027,3.984,-83.305,-174.984,8.749,-124.951,-183.507,-27.217,277.109,10.377,-26.114,10.782,17.816,-15.824,-13.582,0.4,-0.37,9.91,2.44,-7.52,-2.33,5.754,-14.703,6.121,12.979,-11.327,-13.75,
2026-01-26 05:44:18.485,retreat_machine_to_approach_unloader,677.897,63.712,1645.161,-88.831,4.095,-83.045,-173.935,6.104,-123.86,-181.649,-28.932,275.532,10.408,-26.2,10.815,18.007,-16.157,-14.129,0.63,0.91,9.94,2.43,-7.67,-2.43,4.405,-11.28,4.704,10.304,-8.873,-11.168,
2026-01-26 05:44:18.587,retreat_machine_to_approach_unloader,703.161,76.387,1632.758,-88.68,4.161,-82.898,-172.992,3.728,-122.879,-179.981,-30.468,274.122,10.163,-25.589,10.562,17.675,-15.957,-14.123,0.58,1.97,9.73,2.33,-7.71,-2.51,2.893,-7.452,3.121,7.372,-6.186,-8.387,
2026-01-26 05:44:18.688,retreat_machine_to_approach_unloader,727.126,89.277,1619.516,-88.56,4.192,-82.83,-172.079,1.427,-121.93,-178.366,-31.95,272.762,9.904,-24.943,10.295,17.293,-15.673,-13.992,0.62,3.18,9.73,2.39,-7.8,-2.51,2.306,-5.955,2.5,6.101,-5.033,-7.043,
2026-01-26 05:44:18.792,retreat_machine_to_approach_unloader,747.395,100.893,1607.093,-88.477,4.193,-82.831,-171.29,-0.561,-121.109,-176.971,-33.227,271.591,9.401,-23.679,9.773,16.458,-14.948,-13.421,0.53,4.27,9.71,2.34,-7.56,-2.48,0.839,-2.243,0.965,3.299,-2.481,-4.444,
2026-01-26 05:44:18.896,retreat_machine_to_approach_unloader,766.662,112.595,1594.148,-88.417,4.167,-82.881,-170.522,-2.495,-120.311,-175.614,-34.465,270.458,8.97,-22.594,9.326,15.735,-14.306,-12.899,0.57,5.35,9.63,2.29,-7.33,-2.45,0.537,-1.47,0.642,2.579,-1.841,-3.627,
2026-01-26 05:44:18.999,retreat_machine_to_approach_unloader,783.58,123.443,1581.786,-88.381,4.122,-82.967,-169.832,-4.234,-119.593,-174.395,-35.575,269.443,8.452,-21.292,8.789,14.848,-13.504,-12.21,0.63,6.42,9.46,2.21,-7.12,-2.43,-0.292,0.631,-0.228,0.947,-0.372,-2.075,
2026-01-26 05:44:19.101,retreat_machine_to_approach_unloader,799.636,134.279,1569.111,-88.363,4.057,-83.087,-169.161,-5.924,-118.895,-173.21,-36.65,268.461,8.017,-20.195,8.336,14.099,-12.817,-11.613,0.45,7.43,9.36,2.15,-6.77,-2.29,-0.453,1.048,-0.403,0.512,0.006,-1.545,
2026-01-26 05:44:19.201,retreat_machine_to_approach_unloader,813.717,144.252,1557.169,-88.362,3.979,-83.224,-168.558,-7.444,-118.268,-172.145,-37.614,267.582,7.52,-18.946,7.821,13.236,-12.022,-10.907,0.46,8.35,9.4,2.17,-6.48,-2.21,-1.086,2.651,-1.067,-0.74,1.122,-0.36,
2026-01-26 05:44:19.303,retreat_machine_to_approach_unloader,826.581,153.778,1545.524,-88.373,3.89,-83.377,-167.993,-8.867,-117.68,-171.149,-38.514,266.763,7.052,-17.766,7.335,12.419,-11.266,-10.229,0.49,9.29,9.17,2.06,-6.25,-1.98,-1.362,3.356,-1.36,-1.348,1.652,0.272,
2026-01-26 05:44:19.403,retreat_machine_to_approach_unloader,838.332,162.855,1534.216,-88.394,3.792,-83.541,-167.465,-10.199,-117.13,-170.216,-39.354,265.999,6.611,-16.655,6.876,11.646,-10.548,-9.582,0.46,10.17,9.21,1.96,-5.84,-1.94,-1.586,3.928,-1.598,-1.852,2.086,0.8,
2026-01-26 05:44:19.504,retreat_machine_to_approach_unloader,848.654,171.15,1523.707,-88.423,3.691,-83.705,-166.989,-11.397,-116.635,-169.377,-40.107,265.314,6.147,-15.488,6.395,10.832,-9.795,-8.898,0.37,10.97,8.94,1.85,-5.51,-1.89,-1.957,4.868,-1.989,-2.603,2.741,1.513,
2026-01-26 05:44:19.605,retreat_machine_to_approach_unloader,858.118,179.039,1513.557,-88.458,3.585,-83.872,-166.542,-12.523,-116.17,-168.59,-40.812,264.674,5.727,-14.429,5.958,10.093,-9.109,-8.274,0.4,11.61,9.03,1.81,-5.29,-1.73,-2.053,5.117,-2.093,-2.86,2.949,1.808,
2026-01-26 05:44:19.708,retreat_machine_to_approach_unloader,867.143,186.834,1503.383,-88.501,3.471,-84.048,-166.106,-13.621,-115.716,-167.821,-41.499,264.052,5.385,-13.568,5.603,9.491,-8.548,-7.761,0.32,12.36,8.87,1.81,-4.92,-1.65,-1.952,4.869,-1.992,-2.761,2.841,1.803,
2026-01-26 05:44:19.810,retreat_machine_to_approach_unloader,875.393,194.211,1493.623,-88.547,3.355,-84.224,-165.698,-14.65,-115.291,-167.101,-42.139,263.471,5.059,-12.748,5.265,8.917,-8.013,-7.272,0.41,12.97,8.79,1.63,-4.7,-1.59,-2.035,5.084,-2.082,-2.978,3.014,2.044,
2026-01-26 05:44:19.912,retreat_machine_to_approach_unloader,882.936,201.182,1484.282,-88.596,3.237,-84.398,-165.316,-15.613,-114.894,-166.428,-42.737,262.93,4.75,-11.968,4.943,8.371,-7.505,-6.806,0.31,13.65,8.78,1.59,-4.48,-1.55,-2.092,5.231,-2.145,-3.141,3.14,2.233,
2026-01-26 05:44:20.014,retreat_machine_to_approach_unloader,889.837,207.763,1475.36,-88.648,3.12,-84.568,-164.958,-16.514,-114.521,-165.798,-43.296,262.426,4.457,-11.23,4.639,7.854,-7.024,-6.366,0.19,14.11,8.6,1.56,-4.18,-1.39,-2.127,5.323,-2.184,-3.258,3.224,2.376,
2026-01-26 05:44:20.118,retreat_machine_to_approach_unloader,896.394,214.21,1466.521,-88.703,2.999,-84.741,-164.61,-17.391,-114.159,-165.185,-43.837,261.937,4.212,-10.614,4.385,7.422,-6.621,-5.995,0.17,14.65,8.65,1.58,-3.88,-1.24,-2.013,5.04,-2.068,-3.108,3.073,2.298,
2026-01-26 05:44:20.220,retreat_machine_to_approach_unloader,902.158,220.044,1458.438,-88.757,2.884,-84.901,-164.298,-18.179,-113.833,-164.635,-44.322,261.5,3.941,-9.931,4.103,6.943,-6.178,-5.589,0.25,15.22,8.51,1.48,-3.71,-1.16,-2.163,5.421,-2.227,-3.418,3.327,2.58,
2026-01-26 05:44:20.323,retreat_machine_to_approach_unloader,907.843,225.962,1450.158,-88.815,2.763,-85.069,-163.982,-18.974,-113.505,-164.08,-44.809,261.061,3.744,-9.435,3.898,6.595,-5.852,-5.289,0.29,15.58,8.5,1.38,-3.41,-1.16,-1.921,4.812,-1.977,-3.031,2.969,2.304,
2026-01-26 05:44:20.426,retreat_machine_to_approach_unloader,912.469,230.905,1443.178,-88.867,2.657,-85.212,-163.72,-19.634,-113.232,-163.619,-45.213,260.698,3.464,-8.727,3.606,6.099,-5.399,-4.875,0.14,16.1,8.42,1.45,-3.18,-1.17,-2.261,5.674,-2.334,-3.667,3.508,2.831,
2026-01-26 05:44:20.527,retreat_machine_to_approach_unloader,916.897,235.753,1436.277,-88.92,2.551,-85.354,-163.464,-20.279,-112.965,-163.168,-45.606,260.345,3.237,-8.158,3.371,5.7,-5.032,-4.54,0.17,16.49,8.32,1.29,-3.01,-0.93,-2.097,5.262,-2.164,-3.41,3.264,2.648,
2026-01-26 05:44:20.629,retreat_machine_to_approach_unloader,920.964,240.309,1429.739,-88.972,2.448,-85.491,-163.224,-20.883,-112.716,-162.747,-45.973,260.015,3.027,-7.628,3.152,5.328,-4.692,-4.228,0.07,16.9,8.23,1.25,-2.8,-0.82,-2.051,5.147,-2.118,-3.357,3.199,2.622,
2026-01-26 05:44:20.730,retreat_machine_to_approach_unloader,924.7,244.59,1423.553,-89.023,2.349,-85.621,-163.0,-21.448,-112.482,-162.353,-46.316,259.708,2.831,-7.134,2.948,4.982,-4.375,-3.939,0.22,17.05,8.14,1.26,-2.64,-0.86,-1.998,5.018,-2.065,-3.292,3.124,2.583,
2026-01-26 05:44:20.833,retreat_machine_to_approach_unloader,928.135,248.61,1417.703,-89.073,2.253,-85.745,-162.79,-21.977,-112.263,-161.984,-46.636,259.422,2.648,-6.673,2.758,4.659,-4.081,-3.67,0.11,17.52,8.05,1.16,-2.47,-0.81,-1.942,4.877,-2.008,-3.215,3.04,2.532,
2026-01-26 05:44:20.933,retreat_machine_to_approach_unloader,931.295,252.383,1412.175,-89.122,2.162,-85.863,-162.594,-22.473,-112.058,-161.638,-46.934,259.155,2.478,-6.244,2.581,4.358,-3.807,-3.42,0.05,17.84,8.1,1.03,-2.36,-0.78,-1.882,4.727,-1.946,-3.13,2.949,2.473,
2026-01-26 05:44:21.036,retreat_machine_to_approach_unloader,934.205,255.924,1406.957,-89.168,2.074,-85.975,-162.41,-22.937,-111.866,-161.315,-47.213,258.906,2.318,-5.842,2.415,4.077,-3.551,-3.187,0.1,18.12,8.08,1.07,-2.07,-0.8,-1.819,4.57,-1.882,-3.038,2.853,2.406,
2026-01-26 05:44:21.137,retreat_machine_to_approach_unloader,936.886,259.247,1402.033,-89.214,1.991,-86.081,-162.237,-23.371,-111.687,-161.012,-47.473,258.674,2.17,-5.467,2.26,3.814,-3.314,-2.97,0.12,18.36,7.95,1.14,-1.97,-0.63,-1.754,4.409,-1.816,-2.942,2.753,2.334,
2026-01-26 05:44:21.239,retreat_machine_to_approach_unloader,939.357,262.363,1397.389,-89.257,1.911,-86.181,-162.076,-23.777,-111.519,-160.729,-47.715,258.458,2.03,-5.117,2.115,3.569,-3.092,-2.769,0.08,18.56,7.82,1.0,-1.84,-0.62,-1.689,4.245,-1.749,-2.841,2.651,2.257,
2026-01-26 05:44:21.339,retreat_machine_to_approach_unloader,941.637,265.286,1393.012,-89.299,1.836,-86.275,-161.925,-24.158,-111.361,-160.464,-47.942,258.256,1.9,-4.789,1.98,3.339,-2.885,-2.581,0.05,18.83,7.94,1.1,-1.83,-0.56,-1.623,4.08,-1.681,-2.738,2.548,2.178,
2026-01-26 05:44:21.440,retreat_machine_to_approach_unloader,943.742,268.026,1388.889,-89.34,1.764,-86.364,-161.784,-24.514,-111.214,-160.216,-48.153,258.068,1.779,-4.482,1.853,3.125,-2.693,-2.406,0.14,19.05,7.85,1.01,-1.66,-0.47,-1.557,3.915,-1.614,-2.634,2.444,2.097,
2026-01-26 05:44:21.544,retreat_machine_to_approach_unloader,945.835,270.794,1384.706,-89.382,1.691,-86.455,-161.641,-24.873,-111.065,-159.966,-48.366,257.879,1.69,-4.26,1.762,2.969,-2.551,-2.277,0.1,19.25,7.88,0.93,-1.5,-0.55,-1.389,3.493,-1.44,-2.351,2.188,1.879,
2026-01-26 05:44:21.646,retreat_machine_to_approach_unloader,947.69,273.282,1380.929,-89.42,1.624,-86.537,-161.513,-25.196,-110.932,-159.741,-48.556,257.71,1.588,-4.002,1.655,2.788,-2.389,-2.13,0.09,19.44,7.76,0.87,-1.52,-0.43,-1.396,3.511,-1.447,-2.371,2.192,1.891,
2026-01-26 05:44:21.749,retreat_machine_to_approach_unloader,949.463,275.694,1377.251,-89.458,1.559,-86.617,-161.389,-25.508,-110.803,-159.524,-48.74,257.547,1.501,-3.782,1.564,2.635,-2.251,-2.004,0.01,19.6,7.67,0.87,-1.38,-0.48,-1.297,3.262,-1.345,-2.206,2.039,1.763,
2026-01-26 05:44:21.851,retreat_machine_to_approach_unloader,951.036,277.863,1373.933,-89.493,1.5,-86.689,-161.278,-25.789,-110.687,-159.329,-48.904,257.402,1.404,-3.538,1.463,2.464,-2.099,-1.867,-0.0,19.7,7.7,0.91,-1.29,-0.32,-1.294,3.254,-1.342,-2.208,2.028,1.759,
2026-01-26 05:44:21.952,retreat_machine_to_approach_unloader,952.488,279.889,1370.821,-89.526,1.445,-86.757,-161.174,-26.051,-110.578,-159.146,-49.057,257.266,1.313,-3.308,1.368,2.303,-1.957,-1.739,0.01,19.97,7.66,0.9,-1.19,-0.33,-1.238,3.115,-1.285,-2.117,1.939,1.685,
2026-01-26 05:44:22.055,retreat_machine_to_approach_unloader,953.83,281.783,1367.903,-89.557,1.393,-86.82,-161.077,-26.295,-110.477,-158.976,-49.2,257.141,1.227,-3.093,1.279,2.153,-1.824,-1.619,0.02,20.09,7.63,0.92,-1.1,-0.36,-1.183,2.977,-1.228,-2.026,1.851,1.612,
2026-01-26 05:44:22.157,retreat_machine_to_approach_unloader,955.07,283.553,1365.167,-89.587,1.344,-86.88,-160.986,-26.524,-110.383,-158.818,-49.332,257.024,1.147,-2.89,1.196,2.011,-1.699,-1.507,0.06,20.11,7.55,0.87,-1.15,-0.34,-1.129,2.841,-1.172,-1.937,1.764,1.539,
2026-01-26 05:44:22.259,retreat_machine_to_approach_unloader,956.216,285.206,1362.604,-89.616,1.299,-86.936,-160.902,-26.737,-110.294,-158.669,-49.456,256.915,1.072,-2.701,1.117,1.879,-1.583,-1.402,-0.13,20.19,7.56,0.84,-0.99,-0.28,-1.076,2.708,-1.118,-1.849,1.68,1.467,waypoint
2026-01-26 05:44:22.360,approach_unloader_to_place,957.358,286.785,1358.734,-89.715,1.221,-86.972,-160.824,-27.01,-110.233,-158.561,-49.585,256.825,0.997,-2.708,0.991,1.679,-1.51,-1.276,0.01,20.43,7.5,0.72,-1.0,-0.29,-1.043,1.842,-1.276,-2.066,1.454,1.508,
2026-01-26 05:44:22.463,approach_unloader_to_place,958.824,288.528,1350.018,-89.867,1.106,-87.001,-160.746,-27.553,-110.236,-158.549,-49.971,256.854,0.944,-3.388,0.736,1.29,-2.098,-0.883,-0.07,20.41,7.47,0.65,-1.42,-0.18,-0.924,-1.043,-1.791,-2.816,-1.26,2.555,
2026-01-26 05:44:22.565,approach_unloader_to_place,960.116,290.074,1342.087,-89.898,1.064,-87.054,-160.672,-28.06,-110.24,-158.536,-50.447,256.947,0.892,-3.809,0.543,1.0,-2.763,-0.43,-0.07,20.68,7.39,0.75,-1.63,-0.08,-0.882,-0.581,-1.618,-2.529,-2.034,2.931,
2026-01-26 05:44:22.668,approach_unloader_to_place,961.26,291.489,1334.717,-89.903,1.043,-87.108,-160.603,-28.533,-110.243,-158.524,-50.915,257.053,0.841,-4.04,0.398,0.78,-3.244,-0.058,-0.08,20.88,7.36,0.71,-1.77,-0.05,-0.843,-0.187,-1.455,-2.283,-1.756,2.767,
2026-01-26 05:44:22.769,approach_unloader_to_place,962.273,292.795,1327.834,-89.904,1.028,-87.159,-160.539,-28.976,-110.247,-158.513,-51.357,257.157,0.791,-4.136,0.29,0.614,-3.537,0.217,0.07,20.98,7.39,0.71,-1.92,0.02,-0.804,0.145,-1.308,-2.063,-1.312,2.475,
2026-01-26 05:44:22.870,approach_unloader_to_place,963.172,294.002,1321.398,-89.904,1.014,-87.205,-160.479,-29.388,-110.25,-158.502,-51.769,257.256,0.743,-4.134,0.21,0.486,-3.684,0.41,0.01,21.07,7.33,0.61,-1.98,0.08,-0.766,0.424,-1.175,-1.865,-0.887,2.173,
2026-01-26 05:44:22.972,approach_unloader_to_place,963.969,295.119,1315.379,-89.904,1.001,-87.247,-160.423,-29.774,-110.253,-158.492,-52.154,257.349,0.697,-4.064,0.15,0.389,-3.723,0.539,0.03,21.29,7.21,0.62,-1.95,0.12,-0.729,0.655,-1.055,-1.686,-0.516,1.892,
2026-01-26 05:44:23.075,approach_unloader_to_place,964.678,296.153,1309.752,-89.906,0.987,-87.286,-160.371,-30.134,-110.255,-158.483,-52.511,257.435,0.654,-3.948,0.106,0.315,-3.686,0.619,0.03,21.34,7.18,0.66,-1.93,0.08,-0.693,0.845,-0.947,-1.524,-0.199,1.64,
2026-01-26 05:44:23.177,approach_unloader_to_place,965.309,297.11,1304.49,-89.907,0.974,-87.321,-160.322,-30.47,-110.258,-158.475,-52.844,257.515,0.612,-3.801,0.073,0.257,-3.597,0.665,-0.03,21.54,7.09,0.51,-1.89,0.18,-0.659,0.999,-0.851,-1.378,0.068,1.416,
2026-01-26 05:44:23.279,approach_unloader_to_place,965.849,297.965,1299.755,-89.91,0.961,-87.352,-160.278,-30.772,-110.26,-158.467,-53.142,257.587,0.569,-3.606,0.049,0.212,-3.444,0.678,-0.03,21.62,7.13,0.54,-1.83,0.16,-0.642,1.239,-0.763,-1.249,0.406,1.191,
2026-01-26 05:44:23.382,approach_unloader_to_place,966.334,298.759,1295.316,-89.912,0.949,-87.381,-160.237,-31.055,-110.262,-158.46,-53.421,257.654,0.529,-3.412,0.032,0.177,-3.279,0.676,0.01,21.75,7.09,0.57,-1.79,0.13,-0.606,1.308,-0.685,-1.129,0.564,1.024,
2026-01-26 05:44:23.483,approach_unloader_to_place,966.767,299.498,1291.157,-89.915,0.937,-87.407,-160.199,-31.32,-110.264,-158.453,-53.681,257.716,0.493,-3.221,0.019,0.149,-3.109,0.663,0.02,21.91,6.96,0.59,-1.84,0.05,-0.571,1.357,-0.615,-1.021,0.693,0.876,
2026-01-26 05:44:23.585,approach_unloader_to_place,967.156,300.185,1287.259,-89.919,0.925,-87.431,-160.163,-31.568,-110.266,-158.447,-53.924,257.775,0.46,-3.036,0.01,0.127,-2.939,0.643,-0.07,21.99,6.94,0.72,-1.66,0.12,-0.539,1.391,-0.553,-0.923,0.797,0.747,
2026-01-26 05:44:23.688,approach_unloader_to_place,967.506,300.825,1283.606,-89.923,0.913,-87.454,-160.129,-31.8,-110.268,-158.441,-54.15,257.829,0.429,-2.857,0.003,0.11,-2.77,0.618,-0.03,22.05,6.89,0.46,-1.69,0.14,-0.508,1.41,-0.496,-0.835,0.879,0.633,
2026-01-26 05:44:23.791,approach_unloader_to_place,967.831,301.443,1280.052,-89.927,0.902,-87.475,-160.097,-32.026,-110.269,-158.436,-54.37,257.882,0.404,-2.707,-0.002,0.097,-2.627,0.595,-0.04,22.12,6.87,0.52,-1.42,0.16,-0.466,1.333,-0.446,-0.753,0.86,0.552,
2026-01-26 05:44:23.894,approach_unloader_to_place,968.112,301.996,1276.853,-89.931,0.891,-87.494,-160.067,-32.228,-110.271,-158.431,-54.566,257.929,0.376,-2.537,-0.005,0.085,-2.462,0.565,-0.08,22.18,6.84,0.55,-1.47,0.14,-0.453,1.428,-0.4,-0.684,1.002,0.442,waypoint
2026-01-26 05:44:23.995,place_on_unloader,968.366,302.511,1273.857,-89.935,0.88,-87.511,-160.04,-32.418,-110.272,-158.426,-54.75,257.973,0.351,-2.378,-0.007,0.076,-2.306,0.533,-0.07,22.36,6.68,0.51,-1.47,0.21,-0.426,1.414,-0.359,-0.618,1.033,0.366,
2026-01-26 05:44:24.096,place_on_unloader,968.594,302.991,1271.05,-89.94,0.87,-87.527,-160.014,-32.596,-110.274,-158.422,-54.922,258.014,0.328,-2.228,-0.009,0.068,-2.158,0.503,-0.05,22.38,6.76,0.58,-1.22,0.1,-0.401,1.394,-0.322,-0.56,1.052,0.3,
2026-01-26 05:44:24.198,place_on_unloader,968.8,303.438,1268.42,-89.944,0.86,-87.541,-159.99,-32.763,-110.275,-158.417,-55.082,258.052,0.306,-2.087,-0.01,0.061,-2.019,0.473,0.14,22.42,6.8,0.56,-1.34,0.11,-0.378,1.368,-0.289,-0.507,1.061,0.242,
2026-01-26 05:44:24.298,place_on_unloader,968.986,303.856,1265.956,-89.949,0.851,-87.555,-159.967,-32.919,-110.276,-158.414,-55.231,258.088,0.286,-1.955,-0.01,0.055,-1.887,0.444,-0.05,22.43,6.63,0.61,-1.07,0.04,-0.355,1.338,-0.259,-0.459,1.061,0.192,
2026-01-26 05:44:24.399,place_on_unloader,969.155,304.245,1263.648,-89.954,0.842,-87.567,-159.946,-33.064,-110.277,-158.41,-55.371,258.121,0.268,-1.831,-0.01,0.051,-1.764,0.416,0.0,22.54,6.7,0.49,-1.11,0.11,-0.334,1.303,-0.232,-0.415,1.055,0.149,
2026-01-26 05:44:24.503,place_on_unloader,969.313,304.622,1261.402,-89.959,0.833,-87.579,-159.925,-33.206,-110.278,-158.407,-55.506,258.154,0.252,-1.728,-0.01,0.047,-1.661,0.393,-0.04,22.57,6.63,0.47,-1.0,0.16,-0.307,1.213,-0.209,-0.375,0.992,0.124,
2026-01-26 05:44:24.606,place_on_unloader,969.456,304.972,1259.304,-89.963,0.824,-87.59,-159.906,-33.339,-110.279,-158.403,-55.632,258.184,0.237,-1.627,-0.01,0.043,-1.561,0.37,-0.04,22.55,6.6,0.5,-1.01,0.08,-0.29,1.186,-0.187,-0.34,0.986,0.089,
2026-01-26 05:44:24.706,place_on_unloader,969.58,305.287,1257.417,-89.968,0.816,-87.6,-159.889,-33.458,-110.28,-158.4,-55.744,258.21,0.221,-1.518,-0.01,0.04,-1.452,0.344,0.02,22.75,6.54,0.55,-0.92,0.03,-0.28,1.201,-0.168,-0.309,1.018,0.049,
2026-01-26 05:44:24.808,place_on_unloader,969.693,305.58,1255.649,-89.973,0.809,-87.609,-159.873,-33.569,-110.281,-158.398,-55.85,258.235,0.206,-1.417,-0.009,0.036,-1.353,0.321,-0.04,22.73,6.56,0.6,-0.85,0.11,-0.263,1.157,-0.15,-0.28,0.991,0.026,
2026-01-26 05:44:24.911,place_on_unloader,969.796,305.854,1253.993,-89.977,0.801,-87.617,-159.857,-33.674,-110.281,-158.395,-55.948,258.259,0.193,-1.324,-0.009,0.034,-1.26,0.299,-0.11,22.76,6.53,0.52,-0.76,0.05,-0.247,1.112,-0.135,-0.254,0.962,0.006,
2026-01-26 05:44:25.012,place_on_unloader,969.89,306.11,1252.442,-89.982,0.795,-87.625,-159.843,-33.771,-110.282,-158.393,-56.04,258.281,0.18,-1.237,-0.008,0.031,-1.174,0.279,-0.02,22.8,6.61,0.62,-0.7,0.07,-0.232,1.068,-0.121,-0.23,0.931,-0.01,
2026-01-26 05:44:25.114,place_on_unloader,969.975,306.348,1250.99,-89.987,0.788,-87.632,-159.83,-33.863,-110.283,-158.391,-56.125,258.301,0.168,-1.157,-0.008,0.029,-1.095,0.26,0.03,22.78,6.39,0.58,-0.69,0.15,-0.218,1.023,-0.108,-0.209,0.899,-0.024,
2026-01-26 05:44:25.218,place_on_unloader,970.056,306.58,1249.576,-89.991,0.782,-87.639,-159.817,-33.952,-110.283,-158.388,-56.208,258.321,0.158,-1.09,-0.007,0.027,-1.029,0.244,-0.01,22.93,6.44,0.47,-0.66,0.06,-0.2,0.946,-0.097,-0.189,0.836,-0.028,
2026-01-26 05:44:25.319,place_on_unloader,970.127,306.788,1248.305,-89.996,0.776,-87.645,-159.805,-34.032,-110.284,-158.387,-56.283,258.338,0.148,-1.017,-0.007,0.025,-0.958,0.227,-0.04,22.96,6.44,0.51,-0.66,-0.01,-0.193,0.942,-0.087,-0.172,0.838,-0.046,
2026-01-26 05:44:25.419,place_on_unloader,970.189,306.975,1247.161,-90.0,0.77,-87.65,-159.795,-34.104,-110.284,-158.385,-56.35,258.354,0.137,-0.943,-0.007,0.023,-0.885,0.21,0.01,22.83,6.46,0.56,-0.61,0.01,-0.185,0.927,-0.078,-0.157,0.831,-0.059,
2026-01-26 05:44:25.521,place_on_unloader,970.249,307.157,1246.043,-90.004,0.765,-87.656,-159.785,-34.174,-110.285,-158.383,-56.415,258.37,0.128,-0.883,-0.006,0.022,-0.826,0.196,-0.08,22.99,6.48,0.44,-0.56,0.03,-0.169,0.852,-0.07,-0.141,0.765,-0.058,
2026-01-26 05:44:25.621,place_on_unloader,970.303,307.327,1244.996,-90.008,0.76,-87.66,-159.775,-34.24,-110.285,-158.382,-56.475,258.384,0.12,-0.827,-0.006,0.02,-0.771,0.183,0.03,23.0,6.47,0.54,-0.49,0.02,-0.159,0.811,-0.062,-0.128,0.732,-0.062,
2026-01-26 05:44:25.722,place_on_unloader,970.351,307.48,1244.053,-90.012,0.755,-87.665,-159.767,-34.299,-110.286,-158.38,-56.53,258.397,0.111,-0.768,-0.005,0.019,-0.715,0.169,-0.01,23.01,6.49,0.49,-0.44,0.1,-0.152,0.796,-0.056,-0.117,0.721,-0.071,
2026-01-26 05:44:25.823,place_on_unloader,970.398,307.629,1243.132,-90.016,0.751,-87.669,-159.758,-34.357,-110.286,-158.379,-56.583,258.409,0.105,-0.721,-0.005,0.017,-0.669,0.158,0.0,23.09,6.49,0.6,-0.46,0.03,-0.139,0.73,-0.05,-0.106,0.663,-0.067,
2026-01-26 05:44:25.924,place_on_unloader,970.438,307.763,1242.303,-90.019,0.746,-87.673,-159.751,-34.409,-110.286,-158.377,-56.63,258.421,0.097,-0.67,-0.005,0.016,-0.62,0.147,0.05,23.13,6.45,0.53,-0.4,0.03,-0.134,0.715,-0.045,-0.097,0.651,-0.073,
2026-01-26 05:44:26.026,place_on_unloader,970.477,307.894,1241.493,-90.023,0.742,-87.676,-159.743,-34.46,-110.287,-158.376,-56.677,258.432,0.091,-0.63,-0.004,0.015,-0.581,0.137,0.08,23.12,6.41,0.52,-0.41,-0.06,-0.122,0.656,-0.04,-0.087,0.599,-0.069,
2026-01-26 05:44:26.129,place_on_unloader,970.513,308.016,1240.734,-90.026,0.738,-87.679,-159.737,-34.507,-110.287,-158.375,-56.72,258.442,0.086,-0.591,-0.004,0.014,-0.544,0.129,0.06,23.07,6.28,0.44,-0.37,0.01,-0.115,0.623,-0.036,-0.079,0.57,-0.07,
2026-01-26 05:44:26.229,place_on_unloader,970.546,308.131,1240.024,-90.03,0.735,-87.682,-159.73,-34.552,-110.287,-158.374,-56.76,258.451,0.08,-0.555,-0.004,0.013,-0.509,0.12,0.01,23.13,6.38,0.48,-0.29,0.02,-0.108,0.591,-0.032,-0.072,0.542,-0.069,
2026-01-26 05:44:26.332,place_on_unloader,970.577,308.238,1239.358,-90.033,0.731,-87.685,-159.724,-34.594,-110.288,-158.373,-56.798,258.46,0.075,-0.52,-0.004,0.012,-0.476,0.112,0.01,23.21,6.39,0.48,-0.36,0.04,-0.101,0.56,-0.029,-0.066,0.514,-0.069,
2026-01-26 05:44:26.435,place_on_unloader,970.606,308.342,1238.711,-90.036,0.728,-87.688,-159.718,-34.634,-110.288,-158.372,-56.834,258.469,0.071,-0.492,-0.003,0.012,-0.448,0.106,0.02,23.16,6.32,0.45,-0.28,0.11,-0.092,0.516,-0.026,-0.059,0.474,-0.065,
2026-01-26 05:44:26.535,place_on_unloader,970.632,308.435,1238.129,-90.039,0.724,-87.69,-159.713,-34.67,-110.288,-158.371,-56.867,258.476,0.067,-0.46,-0.003,0.011,-0.418,0.099,-0.07,23.23,6.34,0.54,-0.4,-0.02,-0.089,0.505,-0.023,-0.054,0.465,-0.067,
2026-01-26 05:44:26.637,place_on_unloader,970.656,308.522,1237.584,-90.042,0.721,-87.692,-159.708,-34.705,-110.289,-158.371,-56.898,258.484,0.062,-0.43,-0.003,0.01,-0.39,0.092,-0.05,23.12,6.35,0.55,-0.24,0.02,-0.084,0.478,-0.02,-0.05,0.44,-0.066,
2026-01-26 05:44:26.740,place_on_unloader,970.679,308.607,1237.054,-90.045,0.718,-87.695,-159.703,-34.738,-110.289,-158.37,-56.927,258.491,0.059,-0.406,-0.003,0.01,-0.366,0.086,0.04,23.22,6.3,0.46,-0.2,0.02,-0.077,0.439,-0.018,-0.045,0.405,-0.061,
2026-01-26 05:44:26.843,place_on_unloader,970.701,308.689,1236.54,-90.048,0.716,-87.697,-159.698,-34.77,-110.289,-158.369,-56.956,258.497,0.056,-0.384,-0.003,0.009,-0.346,0.081,-0.0,23.26,6.32,0.5,-0.36,0.03,-0.07,0.406,-0.016,-0.041,0.375,-0.058,
2026-01-26 05:44:26.943,place_on_unloader,970.72,308.763,1236.078,-90.051,0.713,-87.698,-159.694,-34.799,-110.289,-158.368,-56.981,258.503,0.052,-0.36,-0.002,0.008,-0.324,0.076,-0.02,23.22,6.23,0.48,-0.27,0.06,-0.068,0.398,-0.014,-0.037,0.368,-0.059,
2026-01-26 05:44:27.044,place_on_unloader,970.738,308.832,1235.647,-90.053,0.711,-87.7,-159.69,-34.826,-110.289,-158.368,-57.005,258.509,0.049,-0.338,-0.002,0.008,-0.302,0.071,0.08,23.24,6.29,0.57,-0.26,0.07,-0.064,0.377,-0.013,-0.034,0.349,-0.057,
2026-01-26 05:44:27.145,place_on_unloader,970.755,308.896,1235.245,-90.056,0.708,-87.702,-159.687,-34.851,-110.29,-158.367,-57.027,258.514,0.046,-0.316,-0.002,0.007,-0.282,0.066,-0.03,23.23,6.34,0.51,-0.21,-0.02,-0.06,0.358,-0.011,-0.031,0.33,-0.055,
2026-01-26 05:44:27.248,place_on_unloader,970.771,308.959,1234.855,-90.058,0.706,-87.703,-159.683,-34.875,-110.29,-158.367,-57.049,258.519,0.043,-0.298,-0.002,0.007,-0.265,0.062,-0.01,23.2,6.33,0.54,-0.23,0.07,-0.055,0.33,-0.01,-0.028,0.305,-0.052,
2026-01-26 05:44:27.350,place_on_unloader,970.785,309.014,1234.504,-90.061,0.704,-87.704,-159.68,-34.897,-110.29,-158.366,-57.068,258.524,0.04,-0.278,-0.002,0.006,-0.247,0.058,0.0,23.26,6.32,0.44,-0.17,-0.05,-0.053,0.322,-0.009,-0.026,0.297,-0.052,
2026-01-26 05:44:27.453,place_on_unloader,970.798,309.065,1234.189,-90.063,0.702,-87.706,-159.677,-34.917,-110.29,-158.366,-57.085,258.528,0.037,-0.258,-0.002,0.006,-0.228,0.053,0.09,23.23,6.34,0.42,-0.22,0.01,-0.051,0.312,-0.008,-0.024,0.287,-0.051,
2026-01-26 05:44:27.557,place_on_unloader,970.81,309.113,1233.883,-90.065,0.7,-87.707,-159.674,-34.936,-110.29,-158.365,-57.102,258.531,0.035,-0.241,-0.002,0.006,-0.213,0.05,-0.02,23.28,6.25,0.52,-0.14,-0.01,-0.047,0.286,-0.007,-0.022,0.264,-0.047,
2026-01-26 05:44:27.657,place_on_unloader,970.821,309.159,1233.596,-90.067,0.698,-87.708,-159.672,-34.954,-110.29,-158.365,-57.117,258.535,0.033,-0.225,-0.002,0.005,-0.198,0.046,-0.04,23.27,6.29,0.55,-0.15,-0.03,-0.044,0.27,-0.006,-0.02,0.249,-0.045,
2026-01-26 05:44:27.759,place_on_unloader,970.831,309.2,1233.339,-90.069,0.697,-87.709,-159.669,-34.97,-110.29,-158.364,-57.131,258.538,0.03,-0.209,-0.001,0.005,-0.183,0.043,-0.02,23.28,6.16,0.48,-0.21,-0.01,-0.042,0.261,-0.006,-0.018,0.24,-0.045,
2026-01-26 05:44:27.861,place_on_unloader,970.841,309.24,1233.089,-90.071,0.695,-87.71,-159.667,-34.985,-110.29,-158.364,-57.145,258.541,0.028,-0.196,-0.001,0.005,-0.171,0.04,-0.03,23.3,6.3,0.48,-0.07,-0.05,-0.039,0.239,-0.005,-0.016,0.22,-0.041,
2026-01-26 05:44:27.963,place_on_unloader,970.85,309.277,1232.855,-90.072,0.694,-87.71,-159.665,-35.0,-110.29,-158.364,-57.157,258.544,0.027,-0.183,-0.001,0.004,-0.16,0.037,-0.02,23.31,6.32,0.47,-0.13,0.1,-0.036,0.226,-0.004,-0.015,0.207,-0.039,
2026-01-26 05:44:28.064,place_on_unloader,970.859,309.312,1232.636,-90.074,0.693,-87.711,-159.663,-35.013,-110.291,-158.363,-57.169,258.547,0.025,-0.172,-0.001,0.004,-0.149,0.035,-0.05,23.25,6.28,0.53,-0.14,-0.03,-0.034,0.213,-0.004,-0.014,0.195,-0.037,
2026-01-26 05:44:28.167,place_on_unloader,970.866,309.344,1232.432,-90.076,0.691,-87.712,-159.661,-35.026,-110.291,-158.363,-57.18,258.55,0.023,-0.16,-0.001,0.004,-0.139,0.032,-0.1,23.22,6.31,0.47,-0.1,0.09,-0.032,0.201,-0.003,-0.013,0.184,-0.036,
2026-01-26 05:44:28.267,place_on_unloader,970.874,309.374,1232.241,-90.077,0.69,-87.713,-159.66,-35.038,-110.291,-158.363,-57.19,258.552,0.022,-0.15,-0.001,0.003,-0.129,0.03,0.07,23.28,6.3,0.55,-0.13,0.02,-0.03,0.189,-0.003,-0.012,0.173,-0.034,
2026-01-26 05:44:28.367,place_on_unloader,970.88,309.402,1232.07,-90.079,0.689,-87.713,-159.658,-35.049,-110.291,-158.363,-57.199,258.554,0.02,-0.139,-0.001,0.003,-0.12,0.028,-0.04,23.29,6.29,0.52,-0.1,-0.02,-0.029,0.182,-0.003,-0.011,0.166,-0.033,
2026-01-26 05:44:28.468,place_on_unloader,970.886,309.427,1231.91,-90.08,0.688,-87.714,-159.657,-35.059,-110.291,-158.362,-57.207,258.556,0.019,-0.129,-0.001,0.003,-0.111,0.026,0.03,23.26,6.24,0.51,-0.1,-0.09,-0.027,0.171,-0.002,-0.01,0.156,-0.031,
2026-01-26 05:44:28.570,place_on_unloader,970.892,309.452,1231.753,-90.081,0.687,-87.714,-159.655,-35.068,-110.291,-158.362,-57.216,258.558,0.018,-0.121,-0.001,0.003,-0.104,0.024,0.03,23.29,6.27,0.55,-0.07,-0.07,-0.025,0.156,-0.002,-0.009,0.143,-0.028,
2026-01-26 05:44:28.775,place_on_unloader,970.903,309.497,1231.466,-90.084,0.685,-87.715,-159.653,-35.086,-110.291,-158.362,-57.231,258.561,0.016,-0.107,-0.001,0.002,-0.091,0.021,0.02,23.28,6.22,0.48,-0.09,0.05,-0.022,0.139,-0.002,-0.007,0.126,-0.026,
2026-01-26 05:44:28.878,place_on_unloader,970.908,309.518,1231.339,-90.085,0.684,-87.716,-159.651,-35.094,-110.291,-158.362,-57.237,258.563,0.014,-0.1,-0.001,0.002,-0.085,0.02,-0.08,23.28,6.31,0.46,-0.09,0.0,-0.02,0.131,-0.001,-0.007,0.119,-0.024,
2026-01-26 05:44:29.080,place_on_unloader,970.916,309.553,1231.114,-90.087,0.683,-87.716,-159.649,-35.108,-110.291,-158.361,-57.249,258.566,0.013,-0.087,-0.001,0.002,-0.073,0.017,-0.07,23.28,6.2,0.47,-0.09,0.04,-0.018,0.115,-0.001,-0.006,0.104,-0.021,
2026-01-26 05:44:29.183,place_on_unloader,970.92,309.57,1231.011,-90.088,0.682,-87.717,-159.648,-35.114,-110.291,-158.361,-57.254,258.567,0.012,-0.081,-0.001,0.002,-0.068,0.016,0.04,23.37,6.3,0.52,-0.02,0.04,-0.017,0.108,-0.001,-0.005,0.098,-0.02,
2026-01-26 05:44:29.389,place_on_unloader,970.926,309.599,1230.827,-90.089,0.681,-87.717,-159.647,-35.126,-110.291,-158.361,-57.264,258.569,0.01,-0.07,-0.0,0.002,-0.059,0.014,-0.01,23.28,6.19,0.45,-0.05,0.0,-0.015,0.097,-0.001,-0.005,0.088,-0.018,
2026-01-26 05:44:29.493,place_on_unloader,970.929,309.612,1230.742,-90.09,0.68,-87.717,-159.646,-35.131,-110.291,-158.361,-57.268,258.57,0.01,-0.066,-0.0,0.001,-0.055,0.013,-0.01,23.33,6.19,0.48,-0.13,-0.05,-0.014,0.089,-0.001,-0.004,0.08,-0.017,
2026-01-26 05:44:29.698,place_on_unloader,970.935,309.636,1230.595,-90.092,0.679,-87.718,-159.645,-35.14,-110.291,-158.361,-57.275,258.572,0.008,-0.057,-0.0,0.001,-0.047,0.011,-0.01,23.4,6.34,0.54,-0.18,0.07,-0.012,0.08,-0.0,-0.003,0.072,-0.015,
2026-01-26 05:44:29.901,place_on_unloader,970.939,309.656,1230.465,-90.093,0.678,-87.718,-159.644,-35.148,-110.291,-158.36,-57.282,258.573,0.007,-0.049,-0.0,0.001,-0.041,0.009,0.04,23.34,6.17,0.48,-0.06,0.03,-0.011,0.07,-0.0,-0.003,0.062,-0.013,
2026-01-26 05:44:30.002,place_to_retreat_unloader,971.393,309.634,1234.907,-89.892,0.791,-87.783,-159.646,-34.929,-110.215,-158.265,-57.217,258.543,-0.001,0.512,0.19,0.239,0.132,-0.069,-0.01,23.31,6.22,0.54,0.35,-0.03,-0.043,2.299,0.761,0.948,0.739,-0.322,
2026-01-26 05:44:30.102,place_to_retreat_unloader,972.694,309.678,1248.092,-89.668,0.938,-87.908,-159.656,-34.235,-109.977,-157.956,-56.597,258.23,-0.025,2.118,0.739,0.952,1.65,-0.834,-0.03,23.21,6.25,0.56,1.14,-0.3,-0.105,6.807,2.31,2.992,6.215,-3.118,
2026-01-26 05:44:30.204,place_to_retreat_unloader,973.765,309.783,1260.053,-89.672,0.937,-87.972,-159.665,-33.585,-109.752,-157.669,-55.795,257.794,-0.041,3.213,1.116,1.431,3.24,-1.715,0.06,23.17,6.31,0.65,1.72,-0.38,-0.091,5.689,1.94,2.473,7.404,-4.03,
2026-01-26 05:44:30.306,place_to_retreat_unloader,974.632,309.872,1271.197,-89.723,0.896,-88.014,-159.673,-32.977,-109.541,-157.401,-54.996,257.343,-0.052,3.931,1.364,1.744,4.428,-2.414,-0.0,23.22,6.34,0.64,2.23,-0.37,-0.076,4.707,1.606,2.04,6.643,-3.784,
2026-01-26 05:44:30.408,place_to_retreat_unloader,975.322,309.931,1281.647,-89.78,0.848,-88.043,-159.681,-32.407,-109.344,-157.149,-54.239,256.908,-0.059,4.372,1.516,1.937,5.215,-2.898,0.01,23.04,6.36,0.76,2.63,-0.58,-0.063,3.848,1.311,1.665,5.564,-3.244,
2026-01-26 05:44:30.509,place_to_retreat_unloader,975.861,309.96,1291.459,-89.833,0.803,-88.064,-159.689,-31.874,-109.159,-156.914,-53.529,256.498,-0.063,4.612,1.599,2.041,5.686,-3.199,0.18,22.9,6.49,0.7,2.8,-0.63,-0.052,3.1,1.054,1.339,4.531,-2.671,
2026-01-26 05:44:30.612,place_to_retreat_unloader,976.269,309.965,1300.673,-89.882,0.763,-88.077,-159.696,-31.375,-108.986,-156.694,-52.865,256.114,-0.064,4.708,1.631,2.082,5.923,-3.359,0.02,22.77,6.63,0.71,2.97,-0.68,-0.042,2.449,0.831,1.055,3.611,-2.142,
2026-01-26 05:44:30.713,place_to_retreat_unloader,976.568,309.948,1309.325,-89.925,0.728,-88.085,-159.702,-30.907,-108.825,-156.487,-52.246,255.755,-0.065,4.699,1.628,2.077,5.991,-3.416,-0.01,22.71,6.74,0.7,2.98,-0.65,-0.033,1.886,0.637,0.809,2.81,-1.673,
2026-01-26 05:44:30.816,place_to_retreat_unloader,976.775,309.914,1317.445,-89.964,0.698,-88.088,-159.708,-30.47,-108.673,-156.294,-51.668,255.421,-0.064,4.618,1.6,2.041,5.939,-3.398,0.11,22.54,6.72,0.72,3.13,-0.72,-0.026,1.399,0.47,0.596,2.117,-1.266,
2026-01-26 05:44:30.917,place_to_retreat_unloader,976.903,309.866,1325.066,-89.999,0.673,-88.087,-159.714,-30.06,-108.531,-156.113,-51.128,255.109,-0.062,4.488,1.555,1.983,5.803,-3.329,-0.02,22.42,6.92,0.71,2.96,-0.72,-0.019,0.98,0.326,0.413,1.521,-0.914,
2026-01-26 05:44:31.018,place_to_retreat_unloader,976.965,309.81,1331.94,-90.028,0.652,-88.083,-159.719,-29.691,-108.404,-155.951,-50.644,254.829,-0.059,4.288,1.485,1.894,5.563,-3.196,0.08,22.4,6.9,0.83,2.98,-0.7,-0.012,0.472,0.152,0.191,0.815,-0.5,
2026-01-26 05:44:31.118,place_to_retreat_unloader,976.976,309.742,1338.665,-90.055,0.634,-88.076,-159.724,-29.331,-108.279,-155.792,-50.172,254.557,-0.057,4.116,1.425,1.818,5.351,-3.077,0.06,22.27,7.11,0.74,2.85,-0.56,-0.009,0.338,0.107,0.134,0.606,-0.374,
2026-01-26 05:44:31.221,place_to_retreat_unloader,976.942,309.667,1344.973,-90.079,0.618,-88.068,-159.729,-28.994,-108.162,-155.643,-49.732,254.303,-0.055,3.929,1.361,1.735,5.114,-2.942,-0.0,22.2,7.03,0.68,2.71,-0.58,-0.005,0.075,0.016,0.019,0.232,-0.153,
2026-01-26 05:44:31.322,place_to_retreat_unloader,976.872,309.587,1350.889,-90.1,0.605,-88.058,-159.733,-28.679,-108.053,-155.504,-49.321,254.066,-0.052,3.736,1.294,1.65,4.863,-2.799,0.08,22.04,7.15,0.72,2.53,-0.51,-0.002,-0.148,-0.06,-0.078,-0.085,0.033,
2026-01-26 05:44:31.426,place_to_retreat_unloader,976.798,309.524,1355.138,-90.114,0.597,-88.049,-159.736,-28.452,-107.975,-155.404,-49.027,253.897,-0.047,3.367,1.166,1.487,4.382,-2.522,0.08,21.92,7.23,0.71,2.6,-0.59,0.011,-1.026,-0.363,-0.464,-1.246,0.705,
2026-01-26 05:44:31.528,place_to_retreat_unloader,976.695,309.449,1359.804,-90.128,0.589,-88.039,-159.74,-28.204,-107.889,-155.294,-48.706,253.712,-0.044,3.146,1.089,1.389,4.09,-2.354,-0.02,21.85,7.31,0.72,2.39,-0.6,0.007,-0.704,-0.251,-0.321,-0.844,0.476,
2026-01-26 05:44:31.630,place_to_retreat_unloader,976.558,309.362,1364.795,-90.143,0.582,-88.026,-159.744,-27.939,-107.797,-155.177,-48.363,253.515,-0.042,3.022,1.046,1.334,3.924,-2.258,0.03,21.73,7.34,0.65,2.24,-0.51,0.004,-0.464,-0.167,-0.214,-0.55,0.31,
2026-01-26 05:44:31.731,place_to_retreat_unloader,976.407,309.275,1369.474,-90.155,0.576,-88.013,-159.747,-27.691,-107.711,-155.068,-48.043,253.332,-0.04,2.887,1.0,1.275,3.742,-2.152,0.02,21.64,7.5,0.77,2.15,-0.49,0.006,-0.587,-0.209,-0.267,-0.723,0.411,
2026-01-26 05:44:31.835,place_to_retreat_unloader,976.237,309.184,1374.029,-90.166,0.571,-88.0,-159.75,-27.45,-107.627,-154.961,-47.733,253.154,-0.039,2.769,0.959,1.222,3.582,-2.059,0.0,21.67,7.51,0.65,2.03,-0.45,0.006,-0.597,-0.212,-0.271,-0.749,0.428,
2026-01-26 05:44:31.938,place_to_retreat_unloader,976.058,309.093,1378.288,-90.175,0.568,-87.986,-159.753,-27.224,-107.55,-154.862,-47.445,252.989,-0.037,2.64,0.914,1.165,3.408,-1.958,-0.05,21.54,7.49,0.7,1.9,-0.41,0.008,-0.697,-0.246,-0.315,-0.888,0.51,
2026-01-26 05:44:32.038,place_to_retreat_unloader,975.88,309.007,1382.12,-90.183,0.566,-87.973,-159.756,-27.022,-107.479,-154.772,-47.186,252.84,-0.035,2.486,0.861,1.098,3.202,-1.838,0.06,21.55,7.52,0.71,1.89,-0.41,0.01,-0.855,-0.3,-0.384,-1.098,0.632,
2026-01-26 05:44:32.138,place_to_retreat_unloader,975.7,308.923,1385.712,-90.189,0.564,-87.96,-159.759,-26.832,-107.414,-154.688,-46.945,252.702,-0.033,2.339,0.81,1.032,3.005,-1.724,0.04,21.31,7.53,0.72,1.59,-0.43,0.011,-0.899,-0.315,-0.402,-1.161,0.668,
2026-01-26 05:44:32.240,place_to_retreat_unloader,975.511,308.838,1389.208,-90.194,0.564,-87.947,-159.762,-26.648,-107.35,-154.607,-46.711,252.569,-0.031,2.215,0.767,0.978,2.839,-1.628,0.04,21.31,7.58,0.65,1.67,-0.36,0.011,-0.861,-0.302,-0.385,-1.118,0.645,
2026-01-26 05:44:32.344,place_to_retreat_unloader,975.323,308.755,1392.476,-90.198,0.564,-87.934,-159.764,-26.476,-107.29,-154.531,-46.493,252.444,-0.029,2.092,0.724,0.923,2.674,-1.532,0.1,21.35,7.73,0.7,1.46,-0.38,0.011,-0.897,-0.314,-0.401,-1.168,0.674,waypoint
2026-01-26 05:44:32.445,place_to_retreat_unloader,973.912,289.501,1423.493,-88.429,-0.478,-86.429,-161.08,-24.718,-107.335,-158.347,-45.783,253.587,-3.313,5.964,0.432,-8.848,3.78,1.707,-0.0,21.04,7.43,-0.57,2.68,1.05,-13.131,15.05,-1.321,-39.281,3.868,13.275,
2026-01-26 05:44:32.546,place_to_retreat_unloader,969.516,261.695,1465.217,-86.807,-0.023,-83.886,-163.029,-22.213,-107.405,-164.277,-43.965,257.882,-7.356,10.733,0.149,-21.461,7.381,12.019,0.15,20.58,7.44,-1.5,4.33,2.83,-18.138,21.007,-1.447,-56.492,14.567,43.478,
2026-01-26 05:44:32.646,place_to_retreat_unloader,963.028,236.592,1501.098,-85.884,1.073,-81.627,-164.782,-19.962,-107.463,-169.652,-42.04,262.826,-9.9,13.679,-0.033,-29.532,10.347,21.374,0.1,20.22,7.34,-2.21,5.58,4.41,-14.37,16.38,-1.18,-45.287,14.172,45.615,
2026-01-26 05:44:32.748,place_to_retreat_unloader,954.49,212.019,1534.779,-85.305,2.176,-79.603,-166.487,-17.773,-107.517,-174.891,-40.103,267.974,-11.687,15.732,-0.161,-35.247,12.604,28.902,0.15,19.55,7.39,-2.67,6.54,5.55,-12.452,14.121,-1.03,-39.407,12.881,43.098,
2026-01-26 05:44:32.850,place_to_retreat_unloader,944.614,188.973,1565.191,-85.007,3.072,-77.938,-168.079,-15.728,-107.568,-179.786,-38.282,272.879,-12.745,16.91,-0.247,-38.674,14.004,33.937,0.14,18.91,7.5,-2.79,7.04,6.3,-10.076,11.258,-0.887,-32.03,10.427,36.347,
2026-01-26 05:44:32.950,place_to_retreat_unloader,934.233,168.226,1591.677,-84.924,3.731,-76.665,-169.51,-13.89,-107.613,-184.188,-36.646,277.305,-13.137,17.277,-0.299,-40.01,14.592,36.518,0.14,18.4,7.46,-3.1,7.53,6.89,-7.46,8.067,-0.746,-23.886,7.535,27.93,
2026-01-26 05:44:33.054,place_to_retreat_unloader,922.833,148.074,1616.655,-84.998,4.239,-75.654,-170.901,-12.103,-107.657,-188.467,-35.06,281.603,-13.331,17.426,-0.335,-40.706,14.911,38.133,0.0,17.68,7.79,-3.16,7.57,7.21,-6.317,6.753,-0.66,-20.276,6.291,23.856,
2026-01-26 05:44:33.155,place_to_retreat_unloader,911.073,129.32,1639.292,-85.194,4.601,-74.927,-172.2,-10.435,-107.699,-192.462,-33.583,285.603,-13.246,17.241,-0.355,-40.517,14.876,38.601,-0.05,17.04,7.91,-3.1,7.66,7.23,-4.762,4.893,-0.566,-15.404,4.567,18.495,
2026-01-26 05:44:33.256,place_to_retreat_unloader,899.159,111.897,1659.84,-85.475,4.85,-74.449,-173.413,-8.877,-107.738,-196.192,-32.208,289.324,-12.967,16.826,-0.363,-39.711,14.595,38.253,-0.12,16.32,8.08,-3.03,7.51,7.31,-3.424,3.298,-0.483,-11.207,3.089,13.852,
2026-01-26 05:44:33.357,place_to_retreat_unloader,887.248,95.735,1678.524,-85.81,5.01,-74.181,-174.546,-7.422,-107.774,-199.673,-30.928,292.785,-12.556,16.256,-0.363,-38.486,14.146,37.341,-0.07,15.62,8.29,-3.0,7.32,7.18,-2.277,1.936,-0.41,-7.606,1.829,9.86,
2026-01-26 05:44:33.461,place_to_retreat_unloader,875.464,80.76,1695.543,-86.176,5.1,-74.091,-175.603,-6.063,-107.808,-202.923,-29.736,296.002,-12.061,15.588,-0.358,-36.989,13.588,36.05,-0.15,15.04,8.38,-2.85,7.06,7.0,-1.299,0.778,-0.346,-4.53,0.761,6.448,
2026-01-26 05:44:33.562,place_to_retreat_unloader,863.901,66.898,1711.073,-86.555,5.135,-74.146,-176.59,-4.795,-107.84,-205.956,-28.627,298.994,-11.513,14.862,-0.348,-35.325,12.963,34.518,-0.14,14.31,8.54,-2.6,6.72,6.7,-0.468,-0.2,-0.29,-1.915,-0.14,3.545,
2026-01-26 05:44:33.665,place_to_retreat_unloader,852.627,54.076,1725.269,-86.932,5.126,-74.321,-177.512,-3.611,-107.87,-208.788,-27.595,301.776,-10.94,14.107,-0.336,-33.573,12.303,32.843,-0.14,13.71,8.7,-2.45,6.47,6.42,0.234,-1.021,-0.241,0.294,-0.893,1.091,
2026-01-26 05:44:33.766,place_to_retreat_unloader,841.696,42.225,1738.268,-87.297,5.083,-74.589,-178.373,-2.505,-107.898,-211.431,-26.634,304.363,-10.356,13.345,-0.322,-31.788,11.629,31.099,-0.19,13.19,8.78,-2.41,6.12,6.13,0.821,-1.703,-0.198,2.149,-1.519,-0.971,
2026-01-26 05:44:33.869,place_to_retreat_unloader,831.143,31.275,1750.19,-87.645,5.014,-74.932,-179.176,-1.472,-107.924,-213.899,-25.74,306.768,-9.776,12.59,-0.307,-30.01,10.957,29.337,-0.2,12.62,8.86,-2.27,5.91,5.85,1.31,-2.266,-0.161,3.693,-2.032,-2.69,
2026-01-26 05:44:33.969,place_to_retreat_unloader,820.994,21.163,1761.14,-87.97,4.924,-75.33,-179.927,-0.508,-107.949,-216.202,-24.908,309.004,-9.208,11.853,-0.292,-28.266,10.299,27.593,-0.2,12.12,9.03,-2.05,5.6,5.59,1.712,-2.724,-0.128,4.965,-2.448,-4.11,
2026-01-26 05:44:34.072,place_to_retreat_unloader,811.264,11.827,1771.211,-88.269,4.817,-75.769,-180.627,0.392,-107.972,-218.352,-24.133,311.083,-8.658,11.14,-0.277,-26.575,9.661,25.893,-0.15,11.53,9.14,-1.86,5.24,5.18,2.038,-3.09,-0.1,6.001,-2.78,-5.27,
2026-01-26 05:44:34.174,place_to_retreat_unloader,801.961,3.209,1780.486,-88.542,4.699,-76.237,-181.282,1.232,-107.994,-220.359,-23.412,313.016,-8.129,10.456,-0.262,-24.949,9.048,24.252,-0.23,11.05,9.2,-1.82,4.91,4.85,2.298,-3.378,-0.075,6.831,-3.038,-6.203,
2026-01-26 05:44:34.275,place_to_retreat_unloader,793.087,-4.745,1789.037,-88.789,4.572,-76.722,-181.892,2.017,-108.014,-222.233,-22.741,314.814,-7.624,9.804,-0.247,-23.395,8.463,22.682,-0.2,10.63,9.31,-1.58,4.66,4.68,2.502,-3.597,-0.054,7.483,-3.234,-6.941,
2026-01-26 05:44:34.376,place_to_retreat_unloader,784.957,-11.814,1796.639,-89.002,4.443,-77.198,-182.442,2.723,-108.032,-223.916,-22.14,316.423,-7.091,9.117,-0.231,-21.756,7.851,21.034,-0.27,10.2,9.35,-1.61,4.25,4.28,2.869,-4.03,-0.029,8.632,-3.608,-8.13,
2026-01-26 05:44:34.478,place_to_retreat_unloader,777.216,-18.359,1803.682,-89.192,4.312,-77.677,-182.956,3.383,-108.049,-225.492,-21.579,317.923,-6.603,8.489,-0.216,-20.257,7.291,19.526,-0.34,9.8,9.51,-1.46,4.03,4.12,2.932,-4.077,-0.015,8.847,-3.649,-8.405,
2026-01-26 05:44:34.578,place_to_retreat_unloader,769.856,-24.418,1810.215,-89.361,4.178,-78.154,-183.437,4.002,-108.066,-226.967,-21.055,319.322,-6.156,7.913,-0.202,-18.88,6.777,18.141,-0.28,9.36,9.56,-1.31,3.85,3.85,2.967,-4.091,-0.003,8.972,-3.658,-8.579,
2026-01-26 05:44:34.682,place_to_retreat_unloader,762.869,-30.029,1816.279,-89.51,4.043,-78.624,-183.888,4.581,-108.081,-228.348,-20.567,320.626,-5.743,7.382,-0.19,-17.611,6.305,16.866,-0.26,8.91,9.58,-1.18,3.6,3.59,2.977,-4.077,0.007,9.02,-3.642,-8.668,
2026-01-26 05:44:34.786,place_to_retreat_unloader,755.984,-35.425,1822.128,-89.645,3.904,-79.104,-184.326,5.144,-108.096,-229.69,-20.093,321.888,-5.403,6.944,-0.179,-16.564,5.913,15.806,-0.2,8.72,9.52,-1.14,3.31,3.46,2.804,-3.829,0.01,8.503,-3.428,-8.214,
2026-01-26 05:44:34.888,place_to_retreat_unloader,749.72,-40.223,1827.346,-89.758,3.771,-79.552,-184.72,5.65,-108.109,-230.896,-19.668,323.019,-5.037,6.473,-0.168,-15.438,5.496,14.681,-0.14,8.35,9.78,-1.03,3.06,3.08,2.966,-4.015,0.024,9.011,-3.578,-8.716,
2026-01-26 05:44:34.992,place_to_retreat_unloader,743.562,-44.839,1832.387,-89.86,3.635,-80.005,-185.103,6.142,-108.122,-232.069,-19.257,324.113,-4.736,6.085,-0.158,-14.51,5.15,13.747,-0.19,8.09,9.74,-0.88,2.96,2.91,2.778,-3.753,0.025,8.447,-3.351,-8.203,
2026-01-26 05:44:35.093,place_to_retreat_unloader,737.969,-48.946,1836.889,-89.944,3.508,-80.425,-185.447,6.584,-108.134,-233.122,-18.889,325.093,-4.413,5.67,-0.148,-13.517,4.784,12.76,-0.22,7.72,9.8,-0.81,2.8,2.79,2.887,-3.875,0.035,8.789,-3.443,-8.53,
2026-01-26 05:44:35.194,place_to_retreat_unloader,732.48,-52.899,1841.242,-90.018,3.378,-80.844,-185.782,7.014,-108.145,-234.147,-18.531,326.042,-4.147,5.328,-0.139,-12.699,4.481,11.942,-0.24,7.49,9.91,-0.71,2.51,2.59,2.693,-3.61,0.035,8.204,-3.213,-7.987,
2026-01-26 05:44:35.296,place_to_retreat_unloader,727.502,-56.418,1845.134,-90.079,3.256,-81.231,-186.083,7.401,-108.155,-235.068,-18.211,326.891,-3.863,4.962,-0.13,-11.826,4.161,11.08,-0.16,7.25,9.85,-0.65,2.39,2.37,2.762,-3.683,0.042,8.421,-3.263,-8.183,
2026-01-26 05:44:35.398,place_to_retreat_unloader,722.806,-59.681,1848.761,-90.13,3.139,-81.601,-186.365,7.763,-108.165,-235.929,-17.913,327.683,-3.602,4.627,-0.122,-11.024,3.867,10.29,-0.04,6.99,9.85,-0.65,2.15,2.27,2.678,-3.562,0.044,8.168,-3.15,-7.939,
2026-01-26 05:44:35.503,place_to_retreat_unloader,718.206,-62.825,1852.271,-90.174,3.02,-81.968,-186.639,8.115,-108.174,-236.767,-17.623,328.45,-3.387,4.35,-0.115,-10.362,3.624,9.634,-0.19,6.74,9.99,-0.49,1.99,2.0,2.488,-3.306,0.042,7.592,-2.928,-7.397,
2026-01-26 05:44:35.603,place_to_retreat_unloader,714.043,-65.626,1855.413,-90.209,2.911,-82.304,-186.886,8.431,-108.183,-237.52,-17.364,329.136,-3.156,4.054,-0.107,-9.654,3.367,8.942,-0.18,6.49,9.92,-0.44,1.94,1.93,2.516,-3.331,0.048,7.681,-2.936,-7.46,
2026-01-26 05:44:35.704,place_to_retreat_unloader,710.121,-68.226,1858.343,-90.237,2.805,-82.623,-187.116,8.728,-108.191,-238.224,-17.122,329.776,-2.944,3.781,-0.1,-9.002,3.13,8.306,-0.16,6.34,10.01,-0.43,1.79,1.82,2.421,-3.199,0.048,7.395,-2.816,-7.179,
2026-01-26 05:44:35.808,place_to_retreat_unloader,706.142,-70.826,1861.287,-90.262,2.695,-82.949,-187.349,9.026,-108.199,-238.935,-16.878,330.419,-2.79,3.583,-0.095,-8.527,2.956,7.836,-0.15,6.16,10.0,-0.37,1.77,1.69,2.159,-2.854,0.042,6.598,-2.522,-6.434,
2026-01-26 05:44:35.911,place_to_retreat_unloader,702.416,-73.227,1864.019,-90.281,2.59,-83.258,-187.566,9.305,-108.206,-239.596,-16.653,331.015,-2.634,3.382,-0.09,-8.049,2.781,7.367,-0.11,6.12,10.02,-0.31,1.51,1.58,2.103,-2.774,0.044,6.428,-2.445,-6.259,
2026-01-26 05:44:36.012,place_to_retreat_unloader,699.179,-75.286,1866.374,-90.294,2.496,-83.527,-187.753,9.545,-108.213,-240.168,-16.458,331.527,-2.444,3.138,-0.084,-7.466,2.572,6.807,-0.06,5.87,10.07,-0.22,1.51,1.56,2.186,-2.874,0.049,6.683,-2.513,-6.463,
2026-01-26 05:44:36.114,place_to_retreat_unloader,696.016,-77.274,1868.657,-90.305,2.404,-83.792,-187.935,9.779,-108.219,-240.724,-16.27,332.024,-2.289,2.938,-0.079,-6.989,2.4,6.347,-0.08,5.74,10.04,-0.2,1.34,1.4,2.019,-2.653,0.046,6.174,-2.322,-5.979,
2026-01-26 05:44:36.215,place_to_retreat_unloader,693.051,-79.116,1870.783,-90.312,2.315,-84.041,-188.106,9.997,-108.225,-241.243,-16.094,332.486,-2.142,2.75,-0.074,-6.539,2.239,5.914,-0.2,5.6,10.08,-0.22,1.15,1.31,1.938,-2.543,0.045,5.926,-2.22,-5.73,
2026-01-26 05:44:36.318,place_to_retreat_unloader,690.167,-80.888,1872.836,-90.316,2.227,-84.285,-188.27,10.209,-108.231,-241.745,-15.925,332.931,-2.018,2.591,-0.07,-6.16,2.102,5.549,-0.03,5.44,10.09,-0.09,1.17,1.12,1.798,-2.357,0.043,5.499,-2.06,-5.323,
2026-01-26 05:44:36.418,place_to_retreat_unloader,687.568,-82.468,1874.675,-90.318,2.146,-84.506,-188.418,10.399,-108.236,-242.196,-15.774,333.329,-1.884,2.418,-0.065,-5.747,1.955,5.156,-0.1,5.3,10.07,-0.08,1.13,1.05,1.786,-2.338,0.044,5.463,-2.032,-5.262,
2026-01-26 05:44:36.520,place_to_retreat_unloader,685.133,-83.935,1876.389,-90.318,2.069,-84.713,-188.557,10.576,-108.241,-242.617,-15.633,333.699,-1.758,2.257,-0.061,-5.362,1.819,4.792,-0.14,5.24,10.17,-0.05,0.87,1.0,1.706,-2.23,0.043,5.216,-1.934,-5.016,
2026-01-26 05:44:36.624,place_to_retreat_unloader,682.852,-85.296,1877.986,-90.316,1.996,-84.907,-188.686,10.742,-108.245,-243.009,-15.501,334.043,-1.641,2.106,-0.057,-5.004,1.692,4.454,-0.18,5.08,10.16,0.01,0.93,0.94,1.627,-2.124,0.042,4.974,-1.838,-4.774,
2026-01-26 05:44:36.728,place_to_retreat_unloader,680.715,-86.559,1879.475,-90.314,1.926,-85.09,-188.806,10.896,-108.249,-243.376,-15.379,334.363,-1.532,1.966,-0.053,-4.67,1.574,4.14,-0.11,4.93,10.14,-0.07,0.88,0.82,1.549,-2.022,0.041,4.738,-1.745,-4.538,
2026-01-26 05:44:36.830,place_to_retreat_unloader,678.715,-87.733,1880.862,-90.31,1.859,-85.262,-188.919,11.04,-108.253,-243.719,-15.266,334.66,-1.43,1.836,-0.05,-4.358,1.465,3.849,-0.12,4.9,10.09,-0.0,0.77,0.83,1.474,-1.922,0.039,4.508,-1.656,-4.309,
2026-01-26 05:44:36.932,place_to_retreat_unloader,676.983,-88.742,1882.059,-90.305,1.801,-85.411,-189.016,11.165,-108.257,-244.014,-15.168,334.916,-1.316,1.688,-0.046,-4.008,1.343,3.526,-0.1,4.78,10.11,-0.01,0.79,0.74,1.479,-1.926,0.041,4.523,-1.648,-4.293,
2026-01-26 05:44:37.034,place_to_retreat_unloader,675.156,-89.798,1883.317,-90.3,1.738,-85.568,-189.118,11.296,-108.26,-244.325,-15.065,335.184,-1.243,1.594,-0.043,-3.784,1.264,3.315,-0.01,4.69,10.12,0.05,0.75,0.67,1.281,-1.668,0.035,3.918,-1.436,-3.742,
2026-01-26 05:44:37.136,place_to_retreat_unloader,673.512,-90.742,1884.444,-90.294,1.681,-85.709,-189.21,11.414,-108.263,-244.605,-14.974,335.424,-1.162,1.49,-0.041,-3.536,1.177,3.085,-0.11,4.62,10.23,0.08,0.59,0.67,1.257,-1.636,0.035,3.845,-1.4,-3.652,
2026-01-26 05:44:37.238,place_to_retreat_unloader,671.916,-91.652,1885.535,-90.288,1.625,-85.847,-189.299,11.528,-108.267,-244.875,-14.885,335.655,-1.094,1.403,-0.038,-3.328,1.104,2.891,-0.06,4.6,10.29,0.09,0.53,0.62,1.161,-1.509,0.032,3.549,-1.292,-3.373,
2026-01-26 05:44:37.341,place_to_retreat_unloader,670.428,-92.495,1886.549,-90.281,1.571,-85.975,-189.382,11.635,-108.269,-245.127,-14.803,335.869,-1.027,1.318,-0.036,-3.125,1.034,2.704,0.02,4.49,10.22,0.01,0.61,0.57,1.106,-1.437,0.031,3.381,-1.227,-3.204,
2026-01-26 05:44:37.444,place_to_retreat_unloader,669.089,-93.25,1887.459,-90.275,1.523,-86.091,-189.456,11.73,-108.272,-245.353,-14.729,336.06,-0.956,1.227,-0.034,-2.909,0.959,2.507,0.03,4.44,10.18,0.18,0.44,0.51,1.079,-1.401,0.031,3.3,-1.19,-3.11,
2026-01-26 05:44:37.545,place_to_retreat_unloader,667.883,-93.925,1888.276,-90.268,1.478,-86.195,-189.523,11.816,-108.274,-245.556,-14.663,336.232,-0.885,1.134,-0.031,-2.689,0.884,2.309,-0.08,4.41,10.22,0.12,0.47,0.5,1.047,-1.358,0.031,3.199,-1.148,-3.0,waypoint
2026-01-26 05:44:37.645,retreat_unloader_to_end,672.588,-92.162,1896.366,-88.371,5.305,-86.067,-189.259,11.54,-107.742,-239.398,-15.179,334.165,-0.002,0.163,1.308,13.378,-0.625,-3.436,-0.12,4.61,10.77,3.33,-2.07,-3.28,4.255,-4.832,5.377,66.488,-6.846,-25.085,
2026-01-26 05:44:37.745,retreat_unloader_to_end,683.54,-87.001,1916.315,-82.429,5.309,-84.939,-188.667,10.809,-106.586,-224.433,-18.595,319.974,1.478,-1.707,3.871,47.446,-9.009,-38.054,-0.34,4.75,10.91,5.94,-6.22,-9.95,7.103,-8.913,11.074,147.911,-35.166,-143.813,
2026-01-26 05:44:37.849,retreat_unloader_to_end,692.74,-85.213,1938.742,-75.076,-0.436,-86.758,-188.095,10.066,-105.439,-209.063,-23.25,299.565,2.538,-3.136,5.77,74.01,-18.394,-79.563,-0.4,4.84,11.01,7.69,-9.91,-16.13,6.195,-8.128,9.871,137.171,-44.038,-191.615,
2026-01-26 05:44:37.952,retreat_unloader_to_end,699.48,-88.574,1959.198,-67.905,-6.608,-92.904,-187.566,9.374,-104.38,-194.661,-27.885,278.626,3.225,-4.083,6.975,91.513,-25.385,-112.019,-0.57,4.95,11.09,9.11,-12.48,-20.96,5.14,-6.815,8.009,113.774,-39.445,-177.752,
2026-01-26 05:44:38.054,retreat_unloader_to_end,704.106,-95.764,1975.309,-62.018,-11.143,-101.929,-187.091,8.752,-103.432,-181.707,-32.104,259.322,3.607,-4.616,7.602,101.018,-29.586,-132.275,-0.52,5.12,11.08,9.94,-14.46,-24.41,4.094,-5.427,6.102,87.911,-31.333,-143.63,
2026-01-26 05:44:38.158,retreat_unloader_to_end,707.358,-105.448,1987.133,-57.877,-14.227,-112.53,-186.646,8.172,-102.546,-169.61,-36.048,241.198,3.818,-4.913,7.915,106.006,-32.049,-144.516,-0.52,5.19,10.92,10.49,-15.79,-26.5,3.382,-4.471,4.862,70.554,-25.445,-117.463,
2026-01-26 05:44:38.258,retreat_unloader_to_end,709.63,-116.295,1994.55,-55.892,-16.573,-123.422,-186.23,7.63,-101.719,-158.319,-39.723,224.294,3.905,-5.039,8.005,107.733,-33.225,-150.646,-0.52,5.29,10.82,10.78,-16.37,-27.76,2.759,-3.638,3.796,55.442,-20.219,-93.516,
2026-01-26 05:44:38.359,retreat_unloader_to_end,711.192,-126.78,1997.8,-55.963,-18.939,-133.313,-185.855,7.144,-100.974,-148.173,-43.019,209.148,3.866,-4.997,7.866,106.163,-33.158,-150.851,-0.42,5.56,10.64,10.74,-16.6,-28.29,2.068,-2.726,2.591,38.44,-14.401,-66.593,
2026-01-26 05:44:38.459,retreat_unloader_to_end,712.366,-136.553,1997.731,-57.623,-21.994,-142.095,-185.503,6.688,-100.276,-138.68,-46.096,195.023,3.778,-4.887,7.645,103.355,-32.561,-148.45,-0.34,5.67,10.56,10.67,-16.63,-28.47,1.624,-2.142,1.866,28.071,-10.77,-49.716,
2026-01-26 05:44:38.563,retreat_unloader_to_end,713.314,-145.096,1994.922,-60.444,-26.002,-149.42,-185.174,6.261,-99.621,-129.798,-48.967,181.854,3.656,-4.732,7.371,99.723,-31.599,-144.261,-0.26,5.87,10.57,10.43,-16.37,-28.06,1.238,-1.637,1.243,19.159,-7.638,-35.187,
2026-01-26 05:44:38.665,retreat_unloader_to_end,714.18,-152.343,1989.743,-64.251,-31.176,-155.244,-184.855,5.846,-98.984,-121.165,-51.749,169.103,3.541,-4.586,7.121,96.374,-30.654,-140.073,-0.16,6.09,10.45,10.11,-16.02,-27.52,1.023,-1.356,0.946,14.746,-5.981,-27.487,
2026-01-26 05:44:38.766,retreat_unloader_to_end,714.97,-157.591,1983.183,-68.595,-36.921,-158.945,-184.567,5.473,-98.41,-113.408,-54.24,157.688,3.374,-4.372,6.775,91.674,-29.218,-133.591,-0.11,6.21,10.46,9.8,-15.58,-26.61,0.596,-0.801,0.214,4.515,-2.476,-11.372,
2026-01-26 05:44:38.867,retreat_unloader_to_end,715.759,-161.144,1975.586,-73.672,-43.138,-160.605,-184.299,5.124,-97.873,-106.148,-56.564,147.046,3.202,-4.152,6.425,86.903,-27.722,-126.798,-0.03,6.48,10.48,9.31,-14.95,-25.51,0.351,-0.483,-0.168,-0.915,-0.548,-2.512,
2026-01-26 05:44:38.972,retreat_unloader_to_end,716.6,-163.126,1967.047,-80.053,-49.753,-159.871,-184.037,4.784,-97.349,-99.092,-58.814,136.741,3.054,-3.963,6.127,82.818,-26.416,-120.861,0.02,6.77,10.46,8.82,-14.23,-24.53,0.239,-0.339,-0.296,-2.856,0.239,1.11,
2026-01-26 05:44:39.074,retreat_unloader_to_end,717.469,-163.517,1958.244,-88.193,-56.121,-156.107,-183.794,4.467,-96.861,-92.506,-60.906,127.16,2.9,-3.765,5.817,78.579,-25.043,-114.599,0.08,6.86,10.55,8.32,-13.66,-23.3,0.039,-0.08,-0.61,-7.269,1.791,8.234,
2026-01-26 05:44:39.176,retreat_unloader_to_end,718.326,-162.573,1949.811,-98.584,-61.566,-148.864,-183.575,4.182,-96.421,-86.587,-62.78,118.582,2.721,-3.537,5.462,73.732,-23.467,-107.395,0.09,7.13,10.46,7.82,-12.91,-22.14,-0.213,0.248,-1.04,-13.213,3.797,17.442,
2026-01-26 05:44:39.279,retreat_unloader_to_end,719.232,-160.422,1941.293,-113.059,-65.929,-136.709,-183.363,3.905,-95.993,-80.833,-64.595,110.274,2.572,-3.346,5.165,69.684,-22.139,-101.315,0.16,7.37,10.55,7.24,-12.26,-20.96,-0.254,0.302,-1.056,-13.543,4.001,18.408,
2026-01-26 05:44:39.384,retreat_unloader_to_end,720.144,-157.284,1933.188,-131.179,-68.279,-120.075,-183.165,3.646,-95.594,-75.462,-66.285,102.55,2.424,-3.156,4.873,65.691,-20.828,-95.298,0.13,7.49,10.57,6.88,-11.49,-19.75,-0.372,0.455,-1.233,-16.016,4.863,22.394,
2026-01-26 05:44:39.485,retreat_unloader_to_end,721.083,-153.192,1925.319,-150.87,-68.159,-101.18,-182.973,3.395,-95.207,-70.262,-67.915,95.101,2.298,-2.994,4.622,62.269,-19.697,-90.096,0.29,7.72,10.67,6.39,-10.8,-18.59,-0.399,0.492,-1.235,-16.126,4.967,22.911,
2026-01-26 05:44:39.586,retreat_unloader_to_end,721.938,-148.819,1918.587,-166.249,-66.033,-85.961,-182.807,3.178,-94.873,-65.767,-69.32,88.687,2.137,-2.788,4.303,57.938,-18.285,-83.605,0.17,7.89,10.53,5.9,-10.27,-17.49,-0.62,0.782,-1.635,-21.569,6.724,30.975,
2026-01-26 05:44:39.687,retreat_unloader_to_end,722.803,-143.833,1912.179,-177.952,-62.528,-73.928,-182.647,2.968,-94.547,-61.397,-70.682,82.476,2.005,-2.618,4.04,54.377,-17.118,-78.232,0.26,8.13,10.6,5.54,-9.63,-16.39,-0.605,0.764,-1.564,-20.663,6.481,29.9,
2026-01-26 05:44:39.787,retreat_unloader_to_end,723.606,-138.743,1906.589,174.306,-58.545,-65.463,-182.502,2.778,-94.255,-57.47,-71.903,76.915,1.865,-2.437,3.761,50.601,-15.891,-72.578,0.14,8.31,10.57,5.02,-8.88,-15.38,-0.709,0.9,-1.736,-23.019,7.245,33.408,
2026-01-26 05:44:39.889,retreat_unloader_to_end,724.407,-133.258,1901.354,168.852,-54.183,-58.899,-182.362,2.594,-93.971,-53.652,-73.086,71.529,1.75,-2.288,3.532,47.495,-14.877,-67.898,0.16,8.41,10.6,4.72,-8.44,-14.41,-0.679,0.862,-1.643,-21.811,6.893,31.82,
2026-01-26 05:44:39.989,retreat_unloader_to_end,725.142,-127.888,1896.853,165.318,-50.004,-54.011,-182.236,2.428,-93.715,-50.221,-74.147,66.706,1.628,-2.131,3.288,44.2,-13.81,-62.981,0.3,8.5,10.64,4.34,-7.86,-13.53,-0.754,0.962,-1.766,-23.493,7.43,34.272,
2026-01-26 05:44:40.089,retreat_unloader_to_end,725.866,-122.284,1892.69,162.864,-45.803,-49.899,-182.113,2.267,-93.466,-46.885,-75.176,62.035,1.527,-2.001,3.087,41.49,-12.929,-58.912,0.26,8.66,10.65,3.94,-7.32,-12.61,-0.714,0.912,-1.661,-22.099,7.01,32.364,
2026-01-26 05:44:40.189,retreat_unloader_to_end,726.55,-116.725,1889.018,161.285,-41.818,-46.452,-181.999,2.117,-93.235,-43.771,-76.133,57.692,1.431,-1.877,2.895,38.904,-12.091,-55.043,0.21,8.75,10.64,3.66,-6.86,-11.77,-0.724,0.927,-1.66,-22.106,7.018,32.4,
2026-01-26 05:44:40.293,retreat_unloader_to_end,727.217,-111.054,1885.678,160.304,-37.948,-43.355,-181.888,1.971,-93.01,-40.755,-77.058,53.503,1.35,-1.772,2.733,36.716,-11.38,-51.754,0.1,8.93,10.67,3.34,-6.38,-11.0,-0.689,0.882,-1.568,-20.886,6.647,30.708,
2026-01-26 05:44:40.397,retreat_unloader_to_end,727.819,-105.732,1882.876,159.824,-34.494,-40.703,-181.789,1.84,-92.808,-38.048,-77.886,49.757,1.261,-1.656,2.554,34.304,-10.604,-48.18,0.19,9.03,10.64,2.98,-5.96,-10.23,-0.733,0.943,-1.641,-21.88,6.951,32.067,
2026-01-26 05:44:40.499,retreat_unloader_to_end,728.402,-100.383,1880.351,159.679,-31.191,-38.201,-181.692,1.713,-92.613,-35.428,-78.685,46.144,1.186,-1.558,2.403,32.28,-9.951,-45.166,0.15,9.15,10.66,2.79,-5.67,-9.55,-0.692,0.89,-1.541,-20.553,6.542,30.194,
2026-01-26 05:44:40.601,retreat_unloader_to_end,728.926,-95.424,1878.25,159.796,-28.279,-35.979,-181.606,1.6,-92.438,-33.075,-79.4,42.914,1.105,-1.453,2.241,30.093,-9.251,-41.951,0.16,9.26,10.53,2.48,-5.27,-8.94,-0.721,0.93,-1.586,-21.177,6.726,30.995,
2026-01-26 05:44:40.702,retreat_unloader_to_end,729.415,-90.668,1876.438,160.101,-25.618,-33.904,-181.526,1.494,-92.274,-30.878,-80.066,39.91,1.03,-1.355,2.089,28.061,-8.603,-38.973,0.18,9.3,10.59,2.28,-4.91,-8.26,-0.706,0.912,-1.544,-20.623,6.547,30.158,
2026-01-26 05:44:40.801,retreat_unloader_to_end,729.854,-86.294,1874.936,160.528,-23.285,-32.026,-181.453,1.398,-92.127,-28.904,-80.663,37.22,0.954,-1.255,1.935,25.982,-7.945,-35.955,0.08,9.47,10.5,1.96,-4.52,-7.71,-0.717,0.928,-1.555,-20.783,6.583,30.283,
2026-01-26 05:44:40.904,retreat_unloader_to_end,730.295,-81.796,1873.548,161.098,-20.998,-30.109,-181.38,1.302,-91.979,-26.913,-81.263,34.518,0.898,-1.182,1.822,24.463,-7.458,-33.721,0.06,9.5,10.64,1.88,-4.21,-7.21,-0.64,0.827,-1.388,-18.541,5.893,27.137,
2026-01-26 05:44:41.006,retreat_unloader_to_end,730.689,-77.685,1872.412,161.726,-19.007,-28.362,-181.315,1.215,-91.846,-25.126,-81.8,32.102,0.837,-1.103,1.699,22.815,-6.937,-31.331,0.12,9.58,10.62,1.7,-3.93,-6.72,-0.65,0.843,-1.401,-18.722,5.933,27.28,
2026-01-26 05:44:41.108,retreat_unloader_to_end,731.07,-73.644,1871.414,162.434,-17.142,-26.642,-181.251,1.132,-91.717,-23.395,-82.318,29.772,0.786,-1.036,1.596,21.438,-6.498,-29.324,0.06,9.5,10.51,1.47,-3.63,-6.22,-0.606,0.786,-1.303,-17.418,5.526,25.412,
2026-01-26 05:44:41.210,retreat_unloader_to_end,731.411,-69.968,1870.605,163.152,-15.526,-25.07,-181.194,1.056,-91.601,-21.842,-82.782,27.688,0.732,-0.965,1.486,19.962,-6.034,-27.202,0.12,9.53,10.51,1.26,-3.43,-5.85,-0.61,0.793,-1.305,-17.444,5.518,25.334,
2026-01-26 05:44:41.313,retreat_unloader_to_end,731.739,-66.368,1869.902,163.919,-14.017,-23.522,-181.139,0.984,-91.49,-20.337,-83.23,25.678,0.687,-0.906,1.394,18.732,-5.645,-25.426,0.05,9.68,10.55,1.01,-3.28,-5.3,-0.567,0.737,-1.211,-16.194,5.127,23.542,
2026-01-26 05:44:41.416,retreat_unloader_to_end,732.033,-63.104,1869.339,164.667,-12.713,-22.108,-181.09,0.918,-91.389,-18.987,-83.631,23.881,0.639,-0.843,1.297,17.425,-5.236,-23.563,0.06,9.79,10.57,0.94,-2.89,-5.03,-0.567,0.738,-1.205,-16.112,5.085,23.313,
2026-01-26 05:44:41.520,retreat_unloader_to_end,732.316,-59.917,1868.856,165.442,-11.499,-20.717,-181.042,0.855,-91.292,-17.679,-84.018,22.148,0.599,-0.79,1.216,16.338,-4.894,-22.005,0.11,9.79,10.53,0.84,-2.82,-4.66,-0.526,0.685,-1.116,-14.929,4.716,21.621,
2026-01-26 05:44:41.623,retreat_unloader_to_end,732.57,-57.034,1868.475,166.18,-10.451,-19.449,-180.999,0.798,-91.204,-16.505,-84.364,20.598,0.557,-0.735,1.13,15.188,-4.536,-20.379,0.08,9.73,10.49,0.64,-2.55,-4.41,-0.522,0.681,-1.104,-14.773,4.651,21.291,
2026-01-26 05:44:41.723,retreat_unloader_to_end,732.806,-54.326,1868.164,166.904,-9.511,-18.25,-180.958,0.745,-91.123,-15.409,-84.687,19.156,0.518,-0.684,1.052,14.131,-4.208,-18.888,0.09,9.82,10.5,0.58,-2.38,-3.98,-0.499,0.651,-1.052,-14.075,4.425,20.247,
2026-01-26 05:44:41.823,retreat_unloader_to_end,733.027,-51.783,1867.914,167.61,-8.669,-17.116,-180.921,0.696,-91.047,-14.386,-84.987,17.816,0.483,-0.637,0.979,13.157,-3.906,-17.517,0.04,9.9,10.56,0.46,-2.21,-3.77,-0.476,0.621,-1.001,-13.395,4.206,19.232,
2026-01-26 05:44:41.924,retreat_unloader_to_end,733.232,-49.398,1867.716,168.294,-7.913,-16.046,-180.886,0.649,-90.976,-13.431,-85.266,16.569,0.449,-0.593,0.912,12.256,-3.627,-16.255,-0.0,9.97,10.5,0.45,-1.97,-3.49,-0.453,0.591,-0.951,-12.735,3.994,18.247,
2026-01-26 05:44:42.027,retreat_unloader_to_end,733.423,-47.162,1867.561,168.954,-7.236,-15.037,-180.853,0.606,-90.91,-12.539,-85.526,15.409,0.419,-0.553,0.85,11.421,-3.37,-15.09,0.02,9.9,10.44,0.23,-1.91,-3.23,-0.431,0.563,-0.903,-12.096,3.788,17.295,
2026-01-26 05:44:42.128,retreat_unloader_to_end,733.601,-45.067,1867.443,169.588,-6.629,-14.086,-180.823,0.566,-90.848,-11.706,-85.767,14.331,0.391,-0.515,0.792,10.648,-3.132,-14.013,0.01,10.02,10.44,0.28,-1.73,-2.92,-0.409,0.535,-0.857,-11.479,3.589,16.377,
2026-01-26 05:44:42.229,retreat_unloader_to_end,733.768,-43.105,1867.357,170.196,-6.084,-13.191,-180.794,0.528,-90.79,-10.929,-85.992,13.328,0.364,-0.481,0.738,9.929,-2.912,-13.017,-0.01,10.06,10.37,0.15,-1.63,-2.81,-0.389,0.509,-0.813,-10.884,3.398,15.494,
2026-01-26 05:44:42.330,retreat_unloader_to_end,733.923,-41.268,1867.297,170.776,-5.596,-12.35,-180.767,0.493,-90.736,-10.203,-86.202,12.396,0.34,-0.448,0.689,9.261,-2.707,-12.094,-0.05,10.02,10.46,0.02,-1.5,-2.52,-0.369,0.483,-0.77,-10.311,3.214,14.647,
2026-01-26 05:44:42.433,retreat_unloader_to_end,734.069,-39.548,1867.259,171.329,-5.159,-11.56,-180.743,0.46,-90.686,-9.526,-86.397,11.528,0.317,-0.418,0.642,8.64,-2.518,-11.239,0.09,10.07,10.4,-0.03,-1.49,-2.3,-0.349,0.458,-0.729,-9.762,3.038,13.835,
2026-01-26 05:44:42.536,retreat_unloader_to_end,734.209,-37.88,1867.238,171.874,-4.751,-10.792,-180.718,0.428,-90.637,-8.87,-86.585,10.692,0.298,-0.393,0.604,8.12,-2.359,-10.52,-0.0,9.98,10.35,-0.08,-1.32,-2.24,-0.322,0.422,-0.672,-9.001,2.802,12.76,
2026-01-26 05:44:42.636,retreat_unloader_to_end,734.336,-36.379,1867.234,172.371,-4.4,-10.098,-180.697,0.4,-90.593,-8.281,-86.753,9.944,0.278,-0.366,0.562,7.563,-2.19,-9.76,0.01,10.11,10.54,-0.21,-1.23,-2.17,-0.315,0.413,-0.655,-8.771,2.719,12.368,
2026-01-26 05:44:42.740,retreat_unloader_to_end,734.458,-34.924,1867.242,172.86,-4.073,-9.424,-180.676,0.372,-90.551,-7.71,-86.916,9.222,0.261,-0.344,0.527,7.098,-2.049,-9.124,0.03,10.09,10.42,-0.19,-1.14,-1.96,-0.29,0.38,-0.603,-8.081,2.506,11.397,
2026-01-26 05:44:42.844,retreat_unloader_to_end,734.573,-33.566,1867.261,173.321,-3.78,-8.795,-180.656,0.347,-90.511,-7.179,-87.066,8.553,0.244,-0.322,0.494,6.651,-1.913,-8.516,-0.05,10.17,10.39,-0.25,-1.14,-1.7,-0.275,0.361,-0.572,-7.665,2.372,10.781,
2026-01-26 05:44:42.947,retreat_unloader_to_end,734.676,-32.346,1867.287,173.74,-3.527,-8.228,-180.639,0.323,-90.476,-6.702,-87.201,7.955,0.227,-0.299,0.459,6.18,-1.772,-7.883,-0.1,10.13,10.39,-0.34,-1.03,-1.64,-0.268,0.351,-0.555,-7.441,2.294,10.411,
2026-01-26 05:44:43.049,retreat_unloader_to_end,734.773,-31.206,1867.319,174.134,-3.299,-7.698,-180.622,0.302,-90.443,-6.257,-87.327,7.398,0.211,-0.278,0.427,5.748,-1.643,-7.303,0.07,10.07,10.43,-0.46,-1.01,-1.56,-0.253,0.332,-0.523,-7.014,2.158,9.788,
2026-01-26 05:44:43.154,retreat_unloader_to_end,734.866,-30.1,1867.357,174.52,-3.086,-7.184,-180.607,0.281,-90.411,-5.826,-87.448,6.862,0.198,-0.261,0.4,5.389,-1.536,-6.819,0.05,10.15,10.37,-0.37,-0.78,-1.53,-0.233,0.305,-0.481,-6.454,1.986,9.007,
2026-01-26 05:44:43.255,retreat_unloader_to_end,734.951,-29.107,1867.398,174.869,-2.901,-6.722,-180.592,0.262,-90.382,-5.439,-87.557,6.382,0.184,-0.243,0.372,5.009,-1.423,-6.314,0.0,10.2,10.41,-0.42,-0.78,-1.37,-0.225,0.296,-0.466,-6.249,1.915,8.674,
2026-01-26 05:44:43.357,retreat_unloader_to_end,735.03,-28.179,1867.441,175.198,-2.734,-6.291,-180.579,0.245,-90.355,-5.078,-87.658,5.935,0.171,-0.226,0.346,4.66,-1.32,-5.852,0.02,10.22,10.4,-0.47,-0.82,-1.23,-0.212,0.279,-0.438,-5.881,1.798,8.142,
2026-01-26 05:44:43.457,retreat_unloader_to_end,735.101,-27.344,1867.483,175.495,-2.589,-5.903,-180.567,0.229,-90.331,-4.753,-87.748,5.536,0.158,-0.209,0.32,4.307,-1.216,-5.388,0.03,10.2,10.53,-0.42,-0.68,-1.16,-0.204,0.269,-0.422,-5.658,1.723,7.795,
2026-01-26 05:44:43.557,retreat_unloader_to_end,735.168,-26.562,1867.527,175.775,-2.457,-5.54,-180.556,0.214,-90.309,-4.449,-87.833,5.163,0.147,-0.193,0.296,3.99,-1.123,-4.973,-0.09,10.23,10.46,-0.61,-0.62,-1.09,-0.192,0.252,-0.395,-5.3,1.612,7.285,
2026-01-26 05:44:43.660,retreat_unloader_to_end,735.234,-25.801,1867.573,176.048,-2.333,-5.188,-180.545,0.2,-90.287,-4.153,-87.914,4.802,0.137,-0.181,0.277,3.732,-1.047,-4.632,-0.0,10.18,10.37,-0.54,-0.53,-0.99,-0.176,0.231,-0.362,-4.854,1.476,6.673,
2026-01-26 05:44:43.762,retreat_unloader_to_end,735.295,-25.091,1867.619,176.305,-2.22,-4.859,-180.535,0.187,-90.266,-3.878,-87.991,4.466,0.128,-0.169,0.259,3.489,-0.975,-4.314,0.11,10.28,10.31,-0.54,-0.49,-0.92,-0.165,0.217,-0.34,-4.565,1.385,6.259,
2026-01-26 05:44:43.862,retreat_unloader_to_end,735.353,-24.427,1867.664,176.546,-2.118,-4.552,-180.525,0.174,-90.247,-3.62,-88.061,4.154,0.12,-0.158,0.242,3.261,-0.909,-4.016,-0.08,10.27,10.36,-0.68,-0.55,-0.87,-0.155,0.204,-0.32,-4.291,1.3,5.868,
2026-01-26 05:44:43.963,retreat_unloader_to_end,735.407,-23.808,1867.709,176.771,-2.025,-4.266,-180.517,0.162,-90.229,-3.379,-88.127,3.863,0.112,-0.148,0.226,3.047,-0.846,-3.738,-0.08,10.27,10.41,-0.59,-0.48,-0.85,-0.146,0.192,-0.301,-4.033,1.219,5.5,
2026-01-26 05:44:44.067,retreat_unloader_to_end,735.458,-23.229,1867.753,176.983,-1.941,-3.999,-180.508,0.151,-90.213,-3.155,-88.189,3.593,0.105,-0.138,0.211,2.847,-0.788,-3.479,-0.02,10.18,10.36,-0.66,-0.49,-0.81,-0.137,0.181,-0.282,-3.79,1.143,5.153,
2026-01-26 05:44:44.168,retreat_unloader_to_end,735.507,-22.668,1867.797,177.188,-1.861,-3.741,-180.5,0.141,-90.196,-2.937,-88.248,3.333,0.099,-0.13,0.199,2.679,-0.739,-3.26,0.04,10.3,10.43,-0.65,-0.42,-0.65,-0.126,0.166,-0.259,-3.482,1.05,4.734,
2026-01-26 05:44:44.272,retreat_unloader_to_end,735.552,-22.165,1867.838,177.373,-1.792,-3.51,-180.493,0.131,-90.182,-2.742,-88.301,3.1,0.092,-0.121,0.185,2.497,-0.687,-3.028,-0.02,10.27,10.36,-0.7,-0.45,-0.71,-0.122,0.16,-0.25,-3.356,1.007,4.536,
2026-01-26 05:44:44.374,retreat_unloader_to_end,735.594,-21.695,1867.878,177.546,-1.728,-3.295,-180.486,0.123,-90.168,-2.56,-88.35,2.883,0.086,-0.113,0.173,2.329,-0.639,-2.812,-0.05,10.26,10.29,-0.7,-0.46,-0.58,-0.114,0.151,-0.235,-3.15,0.943,4.245,waypoint
2026-01-26 05:44:44.479,home_end,735.632,-21.272,1867.914,177.703,-1.672,-3.101,-180.48,0.115,-90.156,-2.396,-88.395,2.689,0.079,-0.105,0.16,2.156,-0.589,-2.594,-0.05,10.29,10.37,-0.73,-0.28,-0.51,-0.11,0.144,-0.225,-3.019,0.9,4.047,
2026-01-26 05:44:44.582,home_end,735.669,-20.861,1867.951,177.855,-1.619,-2.914,-180.475,0.107,-90.145,-2.237,-88.437,2.501,0.074,-0.098,0.149,2.015,-0.549,-2.416,-0.05,10.34,10.41,-0.74,-0.43,-0.56,-0.1,0.132,-0.206,-2.763,0.824,3.703,
2026-01-26 05:44:44.683,home_end,735.701,-20.505,1867.984,177.986,-1.575,-2.753,-180.469,0.1,-90.134,-2.099,-88.474,2.339,0.068,-0.09,0.138,1.856,-0.504,-2.216,-0.06,10.27,10.33,-0.8,-0.35,-0.5,-0.098,0.129,-0.201,-2.703,0.801,3.595,
2026-01-26 05:44:44.785,home_end,735.735,-20.132,1868.019,178.125,-1.528,-2.583,-180.464,0.093,-90.124,-1.954,-88.513,2.17,0.065,-0.085,0.13,1.754,-0.475,-2.086,0.04,10.27,10.37,-0.79,-0.26,-0.48,-0.086,0.113,-0.176,-2.361,0.703,3.158,
2026-01-26 05:44:44.885,home_end,735.765,-19.796,1868.051,178.25,-1.488,-2.431,-180.459,0.087,-90.114,-1.824,-88.548,2.018,0.06,-0.08,0.122,1.64,-0.443,-1.943,0.02,10.26,10.37,-0.8,-0.26,-0.38,-0.083,0.109,-0.169,-2.273,0.673,3.021,
2026-01-26 05:44:44.986,home_end,735.794,-19.483,1868.081,178.367,-1.45,-2.29,-180.455,0.081,-90.105,-1.703,-88.58,1.877,0.057,-0.074,0.114,1.534,-0.413,-1.81,-0.04,10.34,10.35,-0.81,-0.27,-0.42,-0.078,0.102,-0.159,-2.132,0.63,2.825,
2026-01-26 05:44:45.089,home_end,735.821,-19.19,1868.11,178.476,-1.416,-2.158,-180.451,0.076,-90.097,-1.589,-88.61,1.746,0.053,-0.07,0.106,1.434,-0.384,-1.685,0.04,10.31,10.33,-0.81,-0.14,-0.34,-0.073,0.096,-0.149,-1.999,0.589,2.641,
2026-01-26 05:44:45.190,home_end,735.847,-18.917,1868.138,178.578,-1.385,-2.036,-180.447,0.07,-90.089,-1.484,-88.638,1.624,0.049,-0.065,0.099,1.34,-0.358,-1.569,-0.08,10.33,10.34,-0.8,-0.15,-0.22,-0.068,0.09,-0.139,-1.875,0.551,2.469,
2026-01-26 05:44:45.292,home_end,735.871,-18.662,1868.164,178.673,-1.356,-1.922,-180.443,0.066,-90.081,-1.385,-88.664,1.511,0.046,-0.061,0.093,1.252,-0.334,-1.46,0.02,10.29,10.44,-0.85,-0.16,-0.28,-0.064,0.084,-0.131,-1.757,0.515,2.307,
2026-01-26 05:44:45.393,home_end,735.893,-18.424,1868.189,178.763,-1.329,-1.816,-180.44,0.061,-90.075,-1.293,-88.688,1.405,0.043,-0.057,0.087,1.169,-0.311,-1.359,-0.14,10.33,10.39,-0.83,-0.2,-0.31,-0.06,0.079,-0.123,-1.647,0.482,2.156,
2026-01-26 05:44:45.496,home_end,735.914,-18.209,1868.211,178.843,-1.306,-1.721,-180.437,0.057,-90.068,-1.21,-88.71,1.311,0.04,-0.053,0.08,1.084,-0.287,-1.255,0.0,10.3,10.36,-0.88,-0.19,-0.26,-0.057,0.076,-0.117,-1.576,0.459,2.051,
2026-01-26 05:44:45.598,home_end,735.933,-18.001,1868.233,178.921,-1.283,-1.629,-180.434,0.053,-90.062,-1.129,-88.731,1.22,0.037,-0.049,0.075,1.015,-0.268,-1.17,0.04,10.32,10.4,-0.91,-0.1,-0.23,-0.053,0.069,-0.107,-1.441,0.42,1.875,
2026-01-26 05:44:45.701,home_end,735.953,-17.8,1868.255,178.997,-1.262,-1.54,-180.431,0.049,-90.057,-1.051,-88.751,1.131,0.035,-0.046,0.071,0.956,-0.252,-1.098,-0.05,10.29,10.35,-0.91,-0.12,-0.3,-0.048,0.064,-0.098,-1.323,0.385,1.72,
2026-01-26 05:44:45.805,home_end,735.971,-17.612,1868.275,179.067,-1.242,-1.457,-180.428,0.046,-90.051,-0.978,-88.77,1.05,0.033,-0.044,0.067,0.899,-0.236,-1.028,-0.04,10.34,10.28,-0.86,-0.19,-0.21,-0.045,0.06,-0.093,-1.244,0.361,1.612,
2026-01-26 05:44:45.905,home_end,735.987,-17.443,1868.293,179.131,-1.225,-1.383,-180.426,0.043,-90.047,-0.913,-88.787,0.976,0.031,-0.041,0.062,0.837,-0.219,-0.954,-0.0,10.32,10.32,-0.86,-0.13,-0.12,-0.044,0.057,-0.089,-1.194,0.345,1.537,
2026-01-26 05:44:46.008,home_end,736.003,-17.28,1868.311,179.192,-1.208,-1.312,-180.423,0.04,-90.042,-0.85,-88.803,0.906,0.029,-0.038,0.058,0.786,-0.205,-0.892,-0.01,10.35,10.29,-0.96,-0.05,-0.2,-0.04,0.053,-0.081,-1.095,0.316,1.41,
2026-01-26 05:44:46.108,home_end,736.018,-17.133,1868.328,179.247,-1.193,-1.248,-180.421,0.037,-90.038,-0.793,-88.817,0.843,0.027,-0.035,0.054,0.731,-0.19,-0.827,-0.01,10.39,10.37,-0.91,-0.1,-0.13,-0.038,0.051,-0.078,-1.05,0.302,1.343,
2026-01-26 05:44:46.211,home_end,736.032,-16.991,1868.344,179.301,-1.179,-1.186,-180.419,0.034,-90.034,-0.738,-88.831,0.782,0.025,-0.033,0.051,0.686,-0.178,-0.772,0.02,10.26,10.37,-0.93,-0.16,-0.24,-0.035,0.046,-0.072,-0.963,0.276,1.231,
2026-01-26 05:44:46.314,home_end,736.045,-16.859,1868.358,179.351,-1.166,-1.129,-180.417,0.032,-90.03,-0.687,-88.844,0.725,0.024,-0.031,0.048,0.642,-0.166,-0.72,0.02,10.37,10.37,-0.89,-0.1,-0.21,-0.033,0.044,-0.067,-0.905,0.259,1.152,
2026-01-26 05:44:46.416,home_end,736.057,-16.74,1868.372,179.396,-1.154,-1.078,-180.416,0.03,-90.026,-0.641,-88.856,0.675,0.022,-0.029,0.044,0.596,-0.153,-0.666,-0.04,10.36,10.36,-0.99,-0.05,-0.15,-0.032,0.042,-0.064,-0.866,0.247,1.097,
2026-01-26 05:44:46.517,home_end,736.068,-16.634,1868.384,179.436,-1.144,-1.032,-180.414,0.028,-90.023,-0.6,-88.866,0.63,0.02,-0.027,0.041,0.551,-0.141,-0.613,0.09,10.3,10.36,-0.89,-0.06,-0.19,-0.03,0.04,-0.061,-0.826,0.234,1.04,
2026-01-26 05:44:46.618,home_end,736.075,-16.565,1868.392,179.462,-1.137,-1.003,-180.413,0.026,-90.021,-0.573,-88.873,0.601,0.018,-0.023,0.035,0.479,-0.123,-0.532,-0.13,10.38,10.34,-0.91,-0.06,-0.08,-0.033,0.043,-0.066,-0.891,0.248,1.098,
2026-01-26 05:44:46.719,home_end,736.083,-16.488,1868.401,179.491,-1.13,-0.97,-180.412,0.025,-90.019,-0.544,-88.881,0.568,0.016,-0.021,0.032,0.434,-0.111,-0.48,-0.03,10.36,10.42,-0.96,-0.02,0.01,-0.028,0.037,-0.057,-0.77,0.215,0.954,
2026-01-26 05:44:46.820,home_end,736.092,-16.398,1868.411,179.525,-1.122,-0.931,-180.411,0.023,-90.017,-0.509,-88.889,0.53,0.015,-0.02,0.031,0.413,-0.105,-0.455,-0.02,10.42,10.44,-0.9,-0.07,-0.07,-0.023,0.031,-0.048,-0.64,0.181,0.803,
2026-01-26 05:44:46.923,home_end,736.101,-16.309,1868.421,179.558,-1.113,-0.894,-180.409,0.021,-90.014,-0.474,-88.898,0.494,0.015,-0.019,0.029,0.395,-0.1,-0.433,0.02,10.4,10.34,-0.95,-0.08,-0.14,-0.021,0.028,-0.043,-0.586,0.165,0.734,
2026-01-26 05:44:47.026,home_end,736.109,-16.227,1868.431,179.589,-1.106,-0.859,-180.408,0.02,-90.012,-0.443,-88.906,0.459,0.014,-0.018,0.028,0.376,-0.095,-0.411,0.02,10.42,10.36,-0.89,-0.01,-0.1,-0.02,0.027,-0.041,-0.55,0.155,0.687,
2026-01-26 05:44:47.129,home_end,736.117,-16.15,1868.44,179.618,-1.099,-0.827,-180.407,0.018,-90.01,-0.413,-88.913,0.427,0.013,-0.017,0.026,0.356,-0.09,-0.388,-0.05,10.34,10.4,-0.89,-0.14,-0.04,-0.019,0.025,-0.038,-0.516,0.145,0.642,
2026-01-26 05:44:47.229,home_end,736.125,-16.079,1868.448,179.646,-1.092,-0.797,-180.406,0.017,-90.007,-0.385,-88.92,0.398,0.012,-0.016,0.025,0.336,-0.084,-0.365,0.1,10.31,10.41,-0.86,-0.03,-0.06,-0.018,0.023,-0.036,-0.484,0.135,0.6,
2026-01-26 05:44:47.333,home_end,736.132,-16.012,1868.456,179.671,-1.086,-0.769,-180.405,0.016,-90.006,-0.359,-88.927,0.37,0.012,-0.015,0.023,0.317,-0.079,-0.342,-0.06,10.41,10.36,-0.84,-0.03,-0.07,-0.017,0.022,-0.034,-0.454,0.127,0.561,
2026-01-26 05:44:47.434,home_end,736.139,-15.949,1868.463,179.695,-1.08,-0.743,-180.404,0.015,-90.004,-0.335,-88.933,0.345,0.011,-0.014,0.022,0.298,-0.074,-0.321,-0.04,10.4,10.47,-0.88,0.02,-0.12,-0.016,0.021,-0.032,-0.426,0.118,0.524,
2026-01-26 05:44:47.537,home_end,736.145,-15.893,1868.47,179.716,-1.075,-0.72,-180.403,0.014,-90.002,-0.313,-88.938,0.322,0.01,-0.013,0.021,0.278,-0.069,-0.298,0.07,10.34,10.37,-0.9,-0.02,-0.11,-0.015,0.02,-0.03,-0.408,0.113,0.498,
2026-01-26 05:44:47.639,home_end,736.15,-15.84,1868.476,179.736,-1.071,-0.698,-180.403,0.013,-90.001,-0.293,-88.943,0.3,0.01,-0.013,0.019,0.259,-0.064,-0.277,-0.01,10.43,10.33,-0.92,-0.05,-0.02,-0.014,0.018,-0.028,-0.381,0.105,0.464,
2026-01-26 05:44:47.740,home_end,736.156,-15.791,1868.482,179.754,-1.066,-0.678,-180.402,0.012,-89.999,-0.274,-88.947,0.28,0.009,-0.012,0.018,0.242,-0.06,-0.258,-0.02,10.38,10.39,-0.92,-0.01,-0.05,-0.013,0.017,-0.026,-0.356,0.098,0.432,
2026-01-26 05:44:47.844,home_end,736.161,-15.743,1868.488,179.773,-1.062,-0.658,-180.401,0.011,-89.998,-0.256,-88.952,0.261,0.008,-0.011,0.017,0.228,-0.056,-0.242,0.06,10.33,10.3,-1.01,-0.02,-0.03,-0.012,0.016,-0.024,-0.325,0.09,0.395,
2026-01-26 05:44:47.946,home_end,736.165,-15.7,1868.493,179.789,-1.058,-0.64,-180.401,0.01,-89.997,-0.239,-88.956,0.244,0.008,-0.01,0.016,0.212,-0.052,-0.224,0.04,10.32,10.41,-0.9,-0.01,-0.12,-0.011,0.015,-0.023,-0.312,0.085,0.376,
2026-01-26 05:44:48.047,home_end,736.17,-15.66,1868.497,179.804,-1.055,-0.624,-180.4,0.009,-89.996,-0.223,-88.96,0.228,0.007,-0.01,0.015,0.198,-0.049,-0.209,-0.03,10.31,10.37,-0.98,-0.1,-0.15,-0.011,0.014,-0.022,-0.291,0.079,0.35,
2026-01-26 05:44:48.150,home_end,736.174,-15.622,1868.502,179.818,-1.052,-0.609,-180.4,0.009,-89.994,-0.209,-88.963,0.213,0.007,-0.009,0.014,0.185,-0.045,-0.194,0.02,10.37,10.32,-0.89,-0.07,-0.06,-0.01,0.013,-0.02,-0.272,0.074,0.326,
2026-01-26 05:44:48.253,home_end,736.178,-15.584,1868.507,179.833,-1.048,-0.593,-180.399,0.008,-89.993,-0.194,-88.967,0.197,0.007,-0.009,0.013,0.176,-0.043,-0.183,0.02,10.36,10.35,-0.91,-0.15,-0.03,-0.009,0.012,-0.018,-0.243,0.066,0.292,
2026-01-26 05:44:48.354,home_end,736.182,-15.55,1868.511,179.846,-1.045,-0.579,-180.399,0.007,-89.992,-0.181,-88.97,0.184,0.006,-0.008,0.012,0.165,-0.04,-0.171,-0.09,10.31,10.31,-0.97,0.04,-0.09,-0.009,0.011,-0.017,-0.234,0.063,0.279,
2026-01-26 05:44:48.454,home_end,736.186,-15.518,1868.514,179.858,-1.043,-0.567,-180.398,0.007,-89.991,-0.169,-88.973,0.171,0.006,-0.007,0.011,0.154,-0.037,-0.16,0.05,10.3,10.39,-0.88,-0.04,-0.03,-0.008,0.011,-0.016,-0.219,0.059,0.261,
2026-01-26 05:44:48.555,home_end,736.189,-15.489,1868.518,179.869,-1.04,-0.555,-180.398,0.006,-89.991,-0.157,-88.976,0.16,0.005,-0.007,0.011,0.143,-0.035,-0.148,0.09,10.34,10.29,-1.01,-0.07,-0.09,-0.008,0.01,-0.016,-0.21,0.056,0.248,
2026-01-26 05:44:48.658,home_end,736.192,-15.462,1868.521,179.879,-1.038,-0.544,-180.397,0.006,-89.99,-0.147,-88.978,0.149,0.005,-0.007,0.01,0.135,-0.032,-0.138,0.04,10.36,10.32,-0.98,-0.09,-0.02,-0.007,0.009,-0.014,-0.192,0.052,0.227,
2026-01-26 05:44:48.759,home_end,736.195,-15.437,1868.524,179.889,-1.036,-0.534,-180.397,0.005,-89.989,-0.137,-88.98,0.14,0.005,-0.006,0.009,0.124,-0.03,-0.127,-0.0,10.32,10.32,-0.95,0.06,-0.05,-0.007,0.009,-0.014,-0.188,0.05,0.219,
2026-01-26 05:44:48.862,home_end,736.197,-15.414,1868.527,179.897,-1.034,-0.525,-180.397,0.005,-89.988,-0.128,-88.982,0.131,0.004,-0.006,0.009,0.116,-0.028,-0.118,-0.05,10.4,10.35,-0.97,-0.04,0.04,-0.006,0.008,-0.013,-0.171,0.046,0.2,
2026-01-26 05:44:48.962,home_end,736.2,-15.393,1868.529,179.905,-1.032,-0.517,-180.396,0.004,-89.988,-0.12,-88.984,0.122,0.004,-0.005,0.008,0.107,-0.026,-0.109,0.06,10.37,10.32,-0.99,-0.06,0.08,-0.006,0.008,-0.012,-0.163,0.043,0.189,
2026-01-26 05:44:49.065,home_end,736.202,-15.372,1868.532,179.913,-1.03,-0.509,-180.396,0.004,-89.987,-0.112,-88.986,0.114,0.004,-0.005,0.007,0.1,-0.024,-0.102,-0.09,10.42,10.4,-0.9,0.09,-0.03,-0.005,0.007,-0.011,-0.149,0.039,0.173,
2026-01-26 05:44:49.167,home_end,736.205,-15.353,1868.534,179.921,-1.029,-0.501,-180.396,0.003,-89.987,-0.105,-88.988,0.107,0.003,-0.005,0.007,0.094,-0.022,-0.095,0.03,10.31,10.31,-0.98,0.02,0.01,-0.005,0.007,-0.01,-0.139,0.037,0.161,
2026-01-26 05:44:49.269,home_end,736.207,-15.335,1868.536,179.928,-1.027,-0.494,-180.395,0.003,-89.986,-0.098,-88.99,0.1,0.003,-0.004,0.006,0.088,-0.021,-0.089,-0.07,10.29,10.43,-1.06,-0.04,-0.11,-0.005,0.006,-0.01,-0.13,0.034,0.15,
2026-01-26 05:44:49.372,home_end,736.208,-15.319,1868.538,179.933,-1.026,-0.488,-180.395,0.003,-89.986,-0.092,-88.991,0.094,0.003,-0.004,0.006,0.081,-0.019,-0.081,-0.04,10.41,10.33,-0.99,-0.05,-0.01,-0.005,0.006,-0.009,-0.126,0.033,0.144,
