timestamp,current_task,EE_x,EE_y,EE_z,EE_rx,EE_ry,EE_rz,joint1_angle,joint2_angle,joint3_angle,joint4_angle,joint5_angle,joint6_angle,joint1_velocity,joint2_velocity,joint3_velocity,joint4_velocity,joint5_velocity,joint6_velocity,joint1_torque,joint2_torque,joint3_torque,joint4_torque,joint5_torque,joint6_torque,joint1_acceleration,joint2_acceleration,joint3_acceleration,joint4_acceleration,joint5_acceleration,joint6_acceleration,waypoint,description
2026-02-06 12:20:04.770,home_start,-731.045,10.082,1885.9,179.986,-1.969,-0.414,-0.003,-0.084,-88.547,0.005,-93.338,180.411,0.0,0.0,0.0,0.0,0.0,0.0,0.08,2.1,2.13,-0.2,0.02,0.1,0.0,0.0,0.0,0.0,0.0,0.0,waypoint,
2026-02-06 12:20:04.872,home_start,-731.045,10.082,1885.9,179.986,-1.969,-0.414,-0.003,-0.084,-88.547,0.005,-93.338,180.411,0.0,0.0,0.0,0.0,0.0,0.0,-0.03,3.68,3.67,-0.38,0.1,0.01,0.0,0.0,0.0,0.0,0.0,0.0,,
2026-02-06 12:20:05.077,home_start,-731.045,10.082,1885.9,179.986,-1.969,-0.414,-0.003,-0.084,-88.547,0.005,-93.338,180.411,0.0,0.0,0.0,0.0,0.0,0.0,0.02,6.08,6.09,-0.5,-0.04,0.04,0.0,0.0,0.0,0.0,0.0,0.0,,
2026-02-06 12:20:05.280,home_start,-731.045,10.082,1885.9,179.986,-1.969,-0.414,-0.003,-0.084,-88.547,0.005,-93.338,180.411,0.0,0.0,0.0,0.0,0.0,0.0,-0.01,7.72,7.71,-0.69,-0.08,0.09,0.0,0.0,0.0,0.0,0.0,0.0,,
2026-02-06 12:20:05.483,home_start,-731.045,10.082,1885.9,179.986,-1.969,-0.414,-0.003,-0.084,-88.547,0.005,-93.338,180.411,0.0,0.0,0.0,0.0,0.0,0.0,-0.01,8.63,8.67,-0.85,-0.1,0.07,0.0,0.0,0.0,0.0,0.0,0.0,,
2026-02-06 12:20:05.684,home_start,-731.045,10.082,1885.9,179.986,-1.969,-0.414,-0.003,-0.084,-88.547,0.005,-93.338,180.411,0.0,0.0,0.0,0.0,0.0,0.0,-0.04,9.31,9.1,-0.91,-0.06,-0.01,0.0,0.0,0.0,0.0,0.0,0.0,,
2026-02-06 12:20:05.901,home_start,-731.045,10.082,1885.9,179.986,-1.969,-0.414,-0.003,-0.084,-88.547,0.005,-93.338,180.411,0.0,0.0,0.0,0.0,0.0,0.0,-0.05,9.75,9.67,-0.91,0.07,-0.0,0.0,0.0,0.0,0.0,0.0,0.0,,
2026-02-06 12:20:06.112,home_start,-731.045,10.082,1885.9,179.986,-1.969,-0.414,-0.003,-0.084,-88.547,0.005,-93.338,180.411,0.0,0.0,0.0,0.0,0.0,0.0,0.02,9.91,9.92,-0.94,-0.06,0.03,0.0,0.0,0.0,0.0,0.0,0.0,,
2026-02-06 12:20:06.316,home_start,-731.045,10.082,1885.9,179.986,-1.969,-0.414,-0.003,-0.084,-88.547,0.005,-93.338,180.411,0.0,0.0,0.0,0.0,0.0,0.0,0.03,10.11,10.08,-0.96,-0.1,-0.03,0.0,0.0,0.0,0.0,0.0,0.0,,
2026-02-06 12:20:06.517,home_start,-731.045,10.082,1885.9,179.986,-1.969,-0.414,-0.003,-0.084,-88.547,0.005,-93.338,180.411,0.0,0.0,0.0,0.0,0.0,0.0,0.07,10.22,10.15,-0.94,-0.01,-0.09,0.0,0.0,0.0,0.0,0.0,0.0,,
2026-02-06 12:20:06.723,home_start,-731.045,10.082,1885.9,179.986,-1.969,-0.414,-0.003,-0.084,-88.547,0.005,-93.338,180.411,0.0,0.0,0.0,0.0,0.0,0.0,-0.01,10.27,10.29,-0.91,0.01,0.0,0.0,0.0,0.0,0.0,0.0,0.0,,
2026-02-06 12:20:06.826,home_to_vision_approach,-760.336,26.057,1889.136,-179.987,-1.807,-1.107,-1.2,-2.08,-86.254,-0.039,-93.473,179.905,-2.991,-4.989,5.733,-0.111,-0.337,-1.265,-0.24,10.53,10.55,-0.96,-0.25,-0.35,-11.963,-19.958,22.932,-0.443,-1.349,-5.06,,
2026-02-06 12:20:06.930,home_to_vision_approach,-790.685,44.358,1891.486,-179.98,-1.781,-1.234,-2.471,-4.2,-83.816,-0.082,-93.764,178.758,-5.422,-9.043,10.395,-0.19,-0.982,-3.816,-0.45,11.04,10.9,-0.84,-0.5,-0.6,-11.52,-19.208,22.09,-0.382,-2.78,-10.965,,
2026-02-06 12:20:07.031,home_to_vision_approach,-813.2,59.099,1892.5,-179.981,-1.8,-1.142,-3.433,-5.804,-81.971,-0.114,-94.022,177.702,-6.472,-10.793,12.408,-0.223,-1.381,-5.503,-0.61,11.51,11.14,-0.96,-0.67,-0.91,-7.273,-12.125,13.945,-0.241,-2.166,-8.961,,
2026-02-06 12:20:07.132,home_to_vision_approach,-833.364,73.18,1892.851,-179.985,-1.826,-0.999,-4.309,-7.265,-80.292,-0.144,-94.266,176.681,-7.044,-11.745,13.505,-0.241,-1.646,-6.679,-0.69,12.11,11.14,-0.99,-0.75,-1.18,-5.683,-9.473,10.896,-0.189,-1.81,-7.708,,
2026-02-06 12:20:07.232,home_to_vision_approach,-850.775,86.039,1892.71,-179.99,-1.852,-0.856,-5.077,-8.545,-78.819,-0.17,-94.482,175.769,-7.203,-12.01,13.81,-0.246,-1.773,-7.291,-0.61,12.65,11.32,-0.99,-0.82,-1.31,-4.036,-6.727,7.738,-0.134,-1.347,-5.858,,
2026-02-06 12:20:07.372,home_to_vision_approach,-853.394,88.032,1892.652,-179.991,-1.856,-0.834,-5.194,-8.739,-78.596,-0.174,-94.514,175.63,-5.693,-9.493,10.916,-0.194,-1.412,-5.816,-0.63,13.16,11.37,-0.96,-0.9,-1.45,2.882,4.806,-5.525,0.099,0.618,2.465,,
2026-02-06 12:20:07.475,home_to_vision_approach,-869.97,101.012,1892.056,-179.997,-1.88,-0.694,-5.938,-9.98,-77.169,-0.199,-94.723,174.743,-6.131,-10.222,11.754,-0.209,-1.58,-6.579,-0.64,13.76,11.41,-1.02,-0.87,-1.43,-3.683,-6.139,7.061,-0.123,-1.201,-5.26,,
2026-02-06 12:20:07.578,home_to_vision_approach,-883.731,112.291,1891.25,179.998,-1.9,-0.579,-6.565,-11.026,-75.966,-0.22,-94.897,173.999,-6.166,-10.281,11.822,-0.21,-1.621,-6.793,-0.65,14.26,11.5,-0.96,-1.01,-1.44,-2.145,-3.575,4.112,-0.072,-0.742,-3.302,,
2026-02-06 12:20:07.679,home_to_vision_approach,-896.128,122.863,1890.271,179.993,-1.917,-0.48,-7.138,-11.981,-74.868,-0.24,-95.056,173.325,-6.057,-10.099,11.613,-0.206,-1.612,-6.78,-0.5,14.71,11.4,-1.16,-0.88,-1.45,-1.388,-2.313,2.661,-0.046,-0.505,-2.277,,
2026-02-06 12:20:07.781,home_to_vision_approach,-907.725,133.123,1889.13,179.989,-1.932,-0.392,-7.682,-12.887,-73.826,-0.258,-95.204,172.691,-5.901,-9.839,11.315,-0.201,-1.581,-6.669,-0.51,15.24,11.44,-0.98,-0.86,-1.41,-0.954,-1.589,1.829,-0.032,-0.361,-1.643,,
2026-02-06 12:20:07.887,home_to_vision_approach,-915.444,140.16,1888.246,179.986,-1.941,-0.336,-8.048,-13.497,-73.124,-0.271,-95.304,172.268,-5.341,-8.905,10.241,-0.182,-1.435,-6.059,-0.45,15.68,11.37,-1.0,-0.9,-1.32,0.916,1.527,-1.756,0.032,0.169,0.626,,
2026-02-06 12:20:07.992,home_to_vision_approach,-923.66,147.839,1887.19,179.982,-1.951,-0.28,-8.441,-14.154,-72.369,-0.284,-95.41,171.817,-4.99,-8.319,9.567,-0.17,-1.342,-5.673,-0.49,16.09,11.29,-0.91,-0.91,-1.31,0.549,0.915,-1.052,0.019,0.084,0.282,,
2026-02-06 12:20:08.102,home_to_vision_approach,-930.841,154.716,1886.168,179.98,-1.959,-0.234,-8.789,-14.733,-71.703,-0.296,-95.504,171.422,-4.611,-7.688,8.841,-0.157,-1.239,-5.242,-0.42,16.53,11.36,-1.01,-0.72,-1.27,0.954,1.591,-1.829,0.033,0.207,0.815,,
2026-02-06 12:20:08.206,home_to_vision_approach,-937.131,160.872,1885.195,179.977,-1.965,-0.196,-9.096,-15.246,-71.114,-0.306,-95.585,171.076,-4.227,-7.047,8.104,-0.144,-1.134,-4.798,-0.47,16.79,11.25,-0.97,-0.72,-1.06,1.261,2.102,-2.417,0.043,0.299,1.219,,
2026-02-06 12:20:08.309,home_to_vision_approach,-942.931,166.66,1884.231,179.975,-1.971,-0.163,-9.382,-15.722,-70.566,-0.316,-95.661,170.756,-3.885,-6.477,7.449,-0.132,-1.04,-4.398,-0.36,17.17,11.2,-0.95,-0.53,-1.07,1.349,2.249,-2.586,0.046,0.331,1.365,,
2026-02-06 12:20:08.409,home_to_vision_approach,-950.553,174.434,1882.864,179.973,-1.977,-0.124,-9.762,-16.355,-69.838,-0.329,-95.761,170.336,-3.863,-6.44,7.406,-0.132,-1.029,-4.349,-0.29,17.5,11.19,-0.97,-0.62,-1.0,0.278,0.464,-0.533,0.01,0.059,0.223,,
2026-02-06 12:20:08.511,home_to_vision_approach,-956.223,180.348,1881.771,179.971,-1.982,-0.098,-10.047,-16.831,-69.291,-0.339,-95.835,170.023,-3.61,-6.02,6.922,-0.123,-0.958,-4.043,-0.17,17.87,11.1,-0.94,-0.64,-0.97,1.192,1.987,-2.285,0.041,0.306,1.278,,
2026-02-06 12:20:08.614,home_to_vision_approach,-960.134,184.492,1880.978,179.97,-1.984,-0.082,-10.245,-17.162,-68.91,-0.345,-95.886,169.808,-3.204,-5.341,6.142,-0.109,-0.846,-3.571,-0.24,18.18,11.01,-0.95,-0.56,-0.94,1.943,3.24,-3.725,0.066,0.506,2.121,,
2026-02-06 12:20:08.719,home_to_vision_approach,-964.933,189.653,1879.96,179.968,-1.987,-0.064,-10.491,-17.571,-68.44,-0.354,-95.949,169.543,-3.016,-5.028,5.782,-0.103,-0.792,-3.338,-0.32,18.31,11.01,-0.9,-0.49,-0.79,1.281,2.135,-2.455,0.044,0.339,1.423,,
2026-02-06 12:20:08.821,home_to_vision_approach,-969.125,194.23,1879.031,179.967,-1.99,-0.051,-10.706,-17.93,-68.027,-0.361,-96.004,169.313,-2.801,-4.671,5.371,-0.095,-0.732,-3.079,-0.16,18.61,11.02,-0.99,-0.52,-0.64,1.446,2.411,-2.773,0.049,0.384,1.619,,
2026-02-06 12:20:08.922,home_to_vision_approach,-974.517,200.215,1877.778,179.966,-1.992,-0.037,-10.986,-18.397,-67.49,-0.371,-96.075,169.018,-2.801,-4.67,5.37,-0.095,-0.725,-3.048,-0.2,18.84,10.96,-1.03,-0.47,-0.69,0.66,1.101,-1.266,0.023,0.189,0.807,,
2026-02-06 12:20:09.025,home_to_vision_approach,-978.163,204.328,1876.893,179.966,-1.993,-0.029,-11.177,-18.715,-67.124,-0.377,-96.123,168.819,-2.578,-4.298,4.942,-0.088,-0.663,-2.783,-0.09,19.15,10.87,-0.98,-0.32,-0.7,1.485,2.475,-2.846,0.051,0.4,1.689,,
2026-02-06 12:20:09.129,home_to_vision_approach,-981.22,207.817,1876.127,179.965,-1.994,-0.025,-11.338,-18.984,-66.815,-0.383,-96.163,168.653,-2.336,-3.895,4.478,-0.08,-0.597,-2.503,-0.07,19.27,10.85,-1.01,-0.34,-0.59,1.635,2.726,-3.135,0.056,0.437,1.848,,
2026-02-06 12:20:09.230,home_to_vision_approach,-983.902,210.907,1875.437,179.965,-1.994,-0.022,-11.48,-19.22,-66.543,-0.388,-96.198,168.508,-2.107,-3.513,4.039,-0.072,-0.535,-2.24,-0.19,19.45,10.76,-0.97,-0.32,-0.53,1.662,2.771,-3.186,0.057,0.444,1.873,,
2026-02-06 12:20:09.332,home_to_vision_approach,-986.579,214.024,1874.731,179.965,-1.994,-0.021,-11.623,-19.458,-66.27,-0.392,-96.232,168.363,-1.936,-3.229,3.713,-0.066,-0.489,-2.041,-0.16,19.62,10.78,-0.96,-0.25,-0.44,1.49,2.484,-2.857,0.051,0.4,1.693,,
2026-02-06 12:20:09.433,home_to_vision_approach,-989.022,216.893,1874.071,179.965,-1.994,-0.021,-11.753,-19.676,-66.019,-0.397,-96.264,168.232,-1.779,-2.966,3.411,-0.061,-0.446,-1.859,-0.09,19.84,10.69,-1.01,-0.29,-0.41,1.459,2.433,-2.798,0.05,0.392,1.657,,
2026-02-06 12:20:09.536,home_to_vision_approach,-991.163,219.429,1873.48,179.965,-1.994,-0.022,-11.868,-19.868,-65.799,-0.401,-96.292,168.118,-1.622,-2.704,3.109,-0.055,-0.403,-1.68,-0.06,19.97,10.72,-0.89,-0.25,-0.41,1.47,2.451,-2.819,0.05,0.393,1.659,,
2026-02-06 12:20:09.637,home_to_vision_approach,-993.125,221.77,1872.929,179.965,-1.993,-0.025,-11.974,-20.044,-65.596,-0.404,-96.317,168.013,-1.481,-2.469,2.839,-0.05,-0.366,-1.521,0.01,20.08,10.76,-0.95,-0.27,-0.42,1.415,2.359,-2.713,0.048,0.378,1.594,,
2026-02-06 12:20:09.739,home_to_vision_approach,-995.221,224.289,1872.329,179.965,-1.993,-0.028,-12.088,-20.234,-65.378,-0.408,-96.344,167.903,-1.395,-2.325,2.674,-0.048,-0.342,-1.417,-0.02,20.24,10.6,-0.97,-0.26,-0.39,1.197,1.995,-2.294,0.041,0.324,1.37,,
2026-02-06 12:20:09.842,home_to_vision_approach,-997.114,226.581,1871.778,179.966,-1.992,-0.032,-12.191,-20.405,-65.181,-0.412,-96.368,167.803,-1.303,-2.173,2.499,-0.044,-0.317,-1.311,-0.06,20.33,10.64,-0.93,-0.2,-0.3,1.182,1.972,-2.267,0.04,0.318,1.347,,
2026-02-06 12:20:09.944,home_to_vision_approach,-999.004,228.886,1871.218,179.966,-1.991,-0.037,-12.294,-20.577,-64.983,-0.415,-96.392,167.705,-1.236,-2.06,2.369,-0.042,-0.297,-1.23,-0.06,20.49,10.66,-0.93,-0.23,-0.33,1.062,1.77,-2.036,0.036,0.288,1.221,,
2026-02-06 12:20:10.047,home_to_vision_approach,-1000.041,230.156,1870.907,179.966,-1.99,-0.041,-12.351,-20.672,-64.874,-0.417,-96.405,167.651,-1.069,-1.782,2.049,-0.036,-0.256,-1.056,0.06,20.55,10.58,-0.94,-0.23,-0.31,1.42,2.368,-2.723,0.048,0.369,1.548,,
2026-02-06 12:20:10.148,home_to_vision_approach,-1000.958,231.285,1870.63,179.967,-1.989,-0.044,-12.401,-20.756,-64.778,-0.419,-96.417,167.604,-0.927,-1.546,1.778,-0.032,-0.221,-0.91,-0.03,20.52,10.52,-1.1,-0.01,-0.27,1.343,2.238,-2.574,0.046,0.347,1.457,,
2026-02-06 12:20:10.253,home_to_vision_approach,-1001.917,232.468,1870.337,179.967,-1.989,-0.048,-12.454,-20.844,-64.677,-0.421,-96.429,167.555,-0.827,-1.379,1.586,-0.028,-0.196,-0.805,-0.11,20.67,10.51,-1.01,-0.13,-0.24,1.184,1.975,-2.271,0.04,0.308,1.293,,
2026-02-06 12:20:10.357,home_to_vision_approach,-1003.255,234.127,1869.925,179.967,-1.987,-0.054,-12.528,-20.967,-64.535,-0.423,-96.445,167.487,-0.805,-1.342,1.543,-0.027,-0.188,-0.774,-0.01,20.67,10.46,-0.87,-0.19,-0.15,0.855,1.426,-1.64,0.029,0.23,0.974,,
2026-02-06 12:20:10.459,home_to_vision_approach,-1004.497,235.674,1869.538,179.968,-1.986,-0.061,-12.596,-21.081,-64.404,-0.426,-96.461,167.424,-0.775,-1.293,1.486,-0.026,-0.18,-0.737,-0.07,20.83,10.5,-1.06,-0.17,-0.15,0.822,1.37,-1.575,0.028,0.22,0.932,,
2026-02-06 12:20:10.562,home_to_vision_approach,-1005.537,236.975,1869.21,179.968,-1.985,-0.067,-12.654,-21.177,-64.293,-0.428,-96.474,167.373,-0.726,-1.21,1.391,-0.025,-0.167,-0.682,0.01,20.82,10.5,-0.94,-0.07,-0.2,0.849,1.415,-1.628,0.029,0.224,0.944,,
2026-02-06 12:20:10.664,home_to_vision_approach,-1006.38,238.033,1868.943,179.969,-1.984,-0.072,-12.701,-21.255,-64.203,-0.429,-96.484,167.331,-0.661,-1.102,1.267,-0.023,-0.151,-0.616,0.02,20.91,10.53,-1.0,-0.03,-0.21,0.873,1.455,-1.673,0.03,0.227,0.952,,
2026-02-06 12:20:10.775,home_to_vision_approach,-1006.94,238.738,1868.764,179.969,-1.983,-0.076,-12.732,-21.307,-64.144,-0.43,-96.491,167.303,-0.574,-0.957,1.1,-0.02,-0.13,-0.531,0.01,20.97,10.44,-1.04,-0.07,-0.04,0.942,1.57,-1.806,0.032,0.239,0.999,,
2026-02-06 12:20:10.877,home_to_vision_approach,-1007.769,239.783,1868.498,179.969,-1.982,-0.082,-12.778,-21.384,-64.055,-0.432,-96.501,167.263,-0.546,-0.91,1.046,-0.019,-0.123,-0.499,0.0,21.09,10.51,-0.97,-0.13,-0.16,0.698,1.164,-1.338,0.024,0.183,0.771,,
2026-02-06 12:20:10.982,home_to_vision_approach,-1008.489,240.695,1868.265,179.97,-1.981,-0.088,-12.818,-21.451,-63.978,-0.433,-96.509,167.228,-0.51,-0.85,0.977,-0.017,-0.114,-0.461,-0.06,21.11,10.55,-0.99,-0.09,-0.03,0.688,1.147,-1.318,0.023,0.179,0.75,,
2026-02-06 12:20:11.085,home_to_vision_approach,-1009.117,241.491,1868.06,179.97,-1.98,-0.093,-12.853,-21.51,-63.911,-0.434,-96.517,167.198,-0.47,-0.783,0.901,-0.016,-0.104,-0.421,-0.02,21.11,10.37,-0.98,-0.07,-0.02,0.67,1.117,-1.284,0.023,0.172,0.722,,
2026-02-06 12:20:11.189,home_to_vision_approach,-1009.686,242.215,1867.874,179.971,-1.979,-0.098,-12.885,-21.563,-63.85,-0.435,-96.524,167.171,-0.432,-0.72,0.828,-0.015,-0.095,-0.383,0.05,21.2,10.45,-0.94,-0.07,0.0,0.636,1.06,-1.218,0.022,0.163,0.681,,
2026-02-06 12:20:11.294,home_to_vision_approach,-1010.165,242.825,1867.717,179.971,-1.978,-0.103,-12.912,-21.607,-63.799,-0.436,-96.529,167.149,-0.391,-0.652,0.749,-0.013,-0.085,-0.343,0.02,21.2,10.52,-0.92,-0.11,-0.05,0.622,1.037,-1.192,0.021,0.157,0.657,,
2026-02-06 12:20:11.393,home_to_vision_approach,-1010.535,243.296,1867.595,179.971,-1.977,-0.106,-12.933,-21.642,-63.759,-0.437,-96.533,167.132,-0.345,-0.575,0.661,-0.012,-0.074,-0.3,0.03,21.21,10.43,-0.98,-0.08,-0.07,0.621,1.035,-1.19,0.021,0.155,0.644,,
2026-02-06 12:20:11.494,home_to_vision_approach,-1010.924,243.794,1867.467,179.972,-1.977,-0.11,-12.954,-21.678,-63.717,-0.438,-96.538,167.114,-0.313,-0.522,0.601,-0.011,-0.067,-0.27,0.01,21.2,10.38,-0.88,-0.02,-0.02,0.547,0.913,-1.05,0.019,0.137,0.572,,
2026-02-06 12:20:11.597,home_to_vision_approach,-1011.238,244.195,1867.363,179.972,-1.976,-0.114,-12.972,-21.708,-63.683,-0.438,-96.542,167.1,-0.279,-0.465,0.535,-0.009,-0.059,-0.238,-0.02,21.24,10.31,-1.03,-0.0,-0.07,0.535,0.892,-1.026,0.018,0.133,0.551,waypoint,
2026-02-06 12:20:11.702,vision_approach_to_detect_and_pose_estimate,-1011.255,244.491,1865.011,179.938,-2.114,-0.116,-12.988,-21.723,-63.847,-0.437,-96.505,167.088,-0.249,-0.386,-0.008,-0.003,0.047,-0.208,-0.01,21.25,10.27,-0.99,0.13,-0.05,0.499,0.947,-2.896,0.038,0.522,0.521,,
2026-02-06 12:20:11.807,vision_approach_to_detect_and_pose_estimate,-1011.218,244.718,1861.013,179.907,-2.25,-0.118,-13.0,-21.724,-64.16,-0.436,-96.331,167.08,-0.218,-0.292,-0.787,-0.002,0.47,-0.177,0.01,21.4,10.23,-0.97,0.45,-0.04,0.481,0.993,-4.096,0.023,1.841,0.505,,
2026-02-06 12:20:11.910,vision_approach_to_detect_and_pose_estimate,-1011.498,245.218,1853.61,179.895,-2.306,-0.123,-13.024,-21.725,-64.738,-0.437,-95.809,167.065,-0.222,-0.222,-2.035,-0.003,1.658,-0.168,0.01,21.55,10.3,-0.96,1.03,-0.07,0.326,0.892,-6.342,0.007,5.142,0.394,,
2026-02-06 12:20:12.011,vision_approach_to_detect_and_pose_estimate,-1011.778,245.575,1848.658,179.902,-2.278,-0.126,-13.039,-21.725,-65.124,-0.439,-95.394,167.056,-0.205,-0.168,-2.492,-0.006,2.282,-0.149,-0.05,21.55,10.2,-0.9,1.18,0.02,0.372,0.808,-3.79,0.004,3.558,0.406,,
2026-02-06 12:20:12.114,vision_approach_to_detect_and_pose_estimate,-1012.099,245.977,1843.09,179.915,-2.225,-0.131,-13.057,-21.726,-65.558,-0.44,-94.904,167.046,-0.198,-0.127,-2.955,-0.008,2.934,-0.136,-0.02,21.56,10.08,-0.99,1.56,-0.02,0.315,0.727,-3.89,0.0,3.941,0.357,,
2026-02-06 12:20:12.216,vision_approach_to_detect_and_pose_estimate,-1012.349,246.312,1838.395,179.928,-2.175,-0.135,-13.071,-21.726,-65.924,-0.441,-94.486,167.038,-0.185,-0.096,-3.131,-0.009,3.246,-0.123,0.01,21.52,10.23,-0.98,1.64,-0.06,0.311,0.655,-2.819,0.002,2.836,0.338,,
2026-02-06 12:20:12.316,vision_approach_to_detect_and_pose_estimate,-1012.56,246.623,1833.94,179.94,-2.128,-0.138,-13.085,-21.726,-66.271,-0.443,-94.09,167.03,-0.174,-0.073,-3.216,-0.01,3.426,-0.111,0.04,21.53,10.13,-0.95,1.75,0.0,0.288,0.59,-2.348,0.003,2.336,0.31,,
2026-02-06 12:20:12.417,vision_approach_to_detect_and_pose_estimate,-1012.746,246.94,1829.295,179.952,-2.081,-0.142,-13.1,-21.727,-66.633,-0.444,-93.679,167.023,-0.167,-0.056,-3.317,-0.011,3.597,-0.103,0.07,21.57,10.28,-0.91,1.7,0.03,0.253,0.531,-2.262,0.002,2.249,0.277,,
2026-02-06 12:20:12.521,vision_approach_to_detect_and_pose_estimate,-1012.846,247.138,1826.33,179.959,-2.052,-0.145,-13.109,-21.727,-66.864,-0.445,-93.418,167.018,-0.148,-0.043,-3.065,-0.01,3.349,-0.09,0.02,21.55,10.18,-1.04,1.73,-0.01,0.28,0.479,-0.726,0.007,0.518,0.278,,
2026-02-06 12:20:12.624,vision_approach_to_detect_and_pose_estimate,-1012.926,247.319,1823.581,179.966,-2.028,-0.147,-13.118,-21.727,-67.078,-0.445,-93.178,167.013,-0.133,-0.033,-2.834,-0.009,3.111,-0.079,0.01,21.54,10.07,-1.0,1.7,-0.03,0.259,0.431,-0.484,0.007,0.26,0.255,,
2026-02-06 12:20:12.726,vision_approach_to_detect_and_pose_estimate,-1012.99,247.491,1820.917,179.971,-2.005,-0.149,-13.126,-21.728,-67.286,-0.446,-92.947,167.009,-0.12,-0.025,-2.644,-0.009,2.911,-0.07,-0.02,21.57,10.1,-0.96,1.67,-0.02,0.236,0.388,-0.37,0.006,0.145,0.231,,
2026-02-06 12:20:12.855,vision_approach_to_detect_and_pose_estimate,-1013.038,247.647,1818.457,179.976,-1.986,-0.152,-13.134,-21.728,-67.477,-0.447,-92.736,167.004,-0.109,-0.019,-2.462,-0.008,2.713,-0.063,0.07,21.58,10.2,-1.0,1.63,-0.02,0.219,0.35,-0.174,0.006,-0.061,0.212,,
2026-02-06 12:20:12.956,vision_approach_to_detect_and_pose_estimate,-1013.07,247.776,1816.384,179.98,-1.971,-0.154,-13.14,-21.728,-67.639,-0.447,-92.558,167.001,-0.098,-0.015,-2.25,-0.007,2.478,-0.056,-0.03,21.53,10.13,-0.89,1.48,-0.05,0.209,0.315,0.145,0.007,-0.401,0.197,,
2026-02-06 12:20:13.057,vision_approach_to_detect_and_pose_estimate,-1013.097,247.929,1813.904,179.984,-1.954,-0.156,-13.148,-21.728,-67.832,-0.448,-92.348,166.997,-0.093,-0.012,-2.17,-0.007,2.384,-0.052,0.08,21.54,10.24,-1.01,1.39,-0.04,0.175,0.283,-0.187,0.005,-0.028,0.171,,
2026-02-06 12:20:13.157,vision_approach_to_detect_and_pose_estimate,-1013.111,248.06,1811.73,179.988,-1.941,-0.158,-13.155,-21.729,-68.001,-0.448,-92.165,166.994,-0.087,-0.01,-2.051,-0.006,2.246,-0.047,0.04,21.43,10.25,-0.91,1.33,-0.05,0.167,0.255,0.07,0.006,-0.3,0.159,,
2026-02-06 12:20:13.258,vision_approach_to_detect_and_pose_estimate,-1013.116,248.174,1809.82,179.991,-1.931,-0.16,-13.161,-21.729,-68.15,-0.449,-92.005,166.991,-0.08,-0.008,-1.91,-0.006,2.083,-0.043,0.08,21.45,10.31,-0.97,1.26,-0.07,0.159,0.23,0.269,0.006,-0.505,0.148,,
2026-02-06 12:20:13.359,vision_approach_to_detect_and_pose_estimate,-1013.114,248.272,1808.138,179.993,-1.923,-0.161,-13.166,-21.729,-68.281,-0.449,-91.866,166.988,-0.073,-0.006,-1.76,-0.005,1.911,-0.039,-0.02,21.46,10.21,-0.94,1.21,-0.01,0.15,0.207,0.42,0.006,-0.656,0.137,,
2026-02-06 12:20:13.462,vision_approach_to_detect_and_pose_estimate,-1013.11,248.331,1807.115,179.994,-1.919,-0.162,-13.169,-21.729,-68.36,-0.449,-91.781,166.986,-0.063,-0.005,-1.519,-0.005,1.644,-0.033,-0.01,21.53,10.17,-0.96,1.11,-0.08,0.156,0.187,0.89,0.007,-1.141,0.134,,
2026-02-06 12:20:13.566,vision_approach_to_detect_and_pose_estimate,-1013.099,248.422,1805.528,179.995,-1.913,-0.164,-13.174,-21.729,-68.484,-0.45,-91.651,166.984,-0.06,-0.004,-1.449,-0.004,1.558,-0.031,-0.02,21.45,10.19,-1.02,0.96,0.0,0.122,0.168,0.362,0.005,-0.571,0.112,,
2026-02-06 12:20:13.667,vision_approach_to_detect_and_pose_estimate,-1013.085,248.504,1804.078,179.997,-1.908,-0.165,-13.179,-21.729,-68.597,-0.45,-91.534,166.982,-0.056,-0.004,-1.369,-0.004,1.463,-0.029,-0.06,21.47,10.3,-0.96,0.87,0.01,0.114,0.151,0.433,0.005,-0.636,0.103,,
2026-02-06 12:20:13.770,vision_approach_to_detect_and_pose_estimate,-1013.067,248.581,1802.703,179.998,-1.905,-0.167,-13.183,-21.73,-68.704,-0.45,-91.423,166.98,-0.053,-0.003,-1.294,-0.004,1.374,-0.027,0.04,21.41,10.27,-0.85,0.78,0.05,0.105,0.136,0.448,0.005,-0.642,0.094,,
2026-02-06 12:20:13.882,vision_approach_to_detect_and_pose_estimate,-1013.048,248.642,1801.59,179.998,-1.903,-0.168,-13.187,-21.73,-68.791,-0.45,-91.334,166.978,-0.048,-0.003,-1.187,-0.003,1.253,-0.024,0.04,21.43,10.33,-1.0,0.74,0.04,0.103,0.123,0.607,0.005,-0.796,0.089,,
2026-02-06 12:20:13.983,vision_approach_to_detect_and_pose_estimate,-1013.036,248.679,1800.913,179.999,-1.902,-0.169,-13.189,-21.73,-68.844,-0.451,-91.28,166.977,-0.042,-0.002,-1.022,-0.003,1.074,-0.021,-0.01,21.38,10.24,-0.97,0.7,0.05,0.106,0.111,0.886,0.005,-1.068,0.086,,
2026-02-06 12:20:14.086,vision_approach_to_detect_and_pose_estimate,-1013.014,248.736,1799.862,179.999,-1.901,-0.17,-13.192,-21.73,-68.925,-0.451,-91.197,166.975,-0.039,-0.002,-0.971,-0.002,1.013,-0.019,-0.1,21.38,10.33,-1.01,0.65,0.02,0.084,0.099,0.507,0.004,-0.67,0.072,,
2026-02-06 12:20:14.205,vision_approach_to_detect_and_pose_estimate,-1012.993,248.785,1798.939,179.999,-1.901,-0.171,-13.195,-21.73,-68.997,-0.451,-91.125,166.974,-0.037,-0.002,-0.908,-0.002,0.94,-0.018,-0.02,21.57,10.29,-0.9,0.6,-0.0,0.08,0.09,0.555,0.004,-0.709,0.067,,
2026-02-06 12:20:14.307,vision_approach_to_detect_and_pose_estimate,-1012.971,248.832,1798.059,179.999,-1.901,-0.172,-13.198,-21.73,-69.066,-0.451,-91.057,166.973,-0.035,-0.002,-0.853,-0.002,0.876,-0.017,-0.02,21.41,10.14,-1.01,0.55,-0.03,0.073,0.081,0.533,0.004,-0.677,0.061,,
2026-02-06 12:20:14.407,vision_approach_to_detect_and_pose_estimate,-1012.941,248.886,1797.013,179.999,-1.902,-0.173,-13.201,-21.73,-69.147,-0.451,-90.976,166.971,-0.034,-0.002,-0.843,-0.002,0.859,-0.016,0.06,21.36,10.34,-0.92,0.46,-0.04,0.06,0.072,0.351,0.003,-0.488,0.053,,
2026-02-06 12:20:14.507,vision_approach_to_detect_and_pose_estimate,-1012.918,248.924,1796.273,179.999,-1.903,-0.174,-13.203,-21.73,-69.205,-0.451,-90.92,166.97,-0.031,-0.001,-0.776,-0.002,0.785,-0.015,0.05,21.44,10.3,-1.0,0.5,-0.1,0.064,0.065,0.553,0.003,-0.68,0.052,,
2026-02-06 12:20:14.607,vision_approach_to_detect_and_pose_estimate,-1012.896,248.959,1795.599,179.998,-1.905,-0.174,-13.205,-21.731,-69.257,-0.451,-90.869,166.969,-0.029,-0.001,-0.714,-0.001,0.716,-0.013,0.01,21.32,10.34,-0.95,0.35,0.03,0.06,0.059,0.55,0.003,-0.667,0.048,,
2026-02-06 12:20:14.709,vision_approach_to_detect_and_pose_estimate,-1012.873,248.991,1794.963,179.998,-1.907,-0.175,-13.207,-21.731,-69.307,-0.451,-90.821,166.968,-0.027,-0.001,-0.659,-0.001,0.656,-0.012,0.0,21.39,10.31,-0.96,0.39,-0.01,0.055,0.053,0.525,0.003,-0.633,0.044,,
2026-02-06 12:20:14.810,vision_approach_to_detect_and_pose_estimate,-1012.853,249.019,1794.407,179.998,-1.909,-0.176,-13.209,-21.731,-69.35,-0.451,-90.78,166.968,-0.024,-0.001,-0.603,-0.001,0.596,-0.011,-0.02,21.39,10.35,-0.93,0.34,-0.0,0.052,0.048,0.534,0.003,-0.633,0.04,,
2026-02-06 12:20:14.910,vision_approach_to_detect_and_pose_estimate,-1012.829,249.048,1793.808,179.997,-1.912,-0.176,-13.211,-21.731,-69.397,-0.452,-90.735,166.967,-0.023,-0.001,-0.569,-0.001,0.557,-0.01,0.05,21.42,10.43,-0.95,0.39,-0.03,0.045,0.043,0.448,0.003,-0.542,0.036,waypoint,
2026-02-06 12:20:15.011,detect_and_pose_estimate_to_approach_feeder,-1016.752,244.818,1785.013,179.843,-2.248,1.191,-12.94,-22.004,-69.695,-0.42,-90.519,165.876,0.66,-0.684,-1.171,0.078,0.958,-2.734,-0.05,21.62,10.28,-0.99,0.85,-1.48,2.77,-2.695,-2.11,0.317,1.232,-10.865,,
2026-02-06 12:20:15.114,detect_and_pose_estimate_to_approach_feeder,-1024.964,236.961,1768.784,179.53,-2.341,7.215,-12.429,-22.518,-70.225,-0.368,-89.62,160.375,1.773,-1.798,-2.205,0.189,2.968,-15.803,0.02,21.84,10.37,-0.95,1.8,-3.7,4.893,-4.83,-4.224,0.493,7.944,-53.882,,
2026-02-06 12:20:15.217,detect_and_pose_estimate_to_approach_feeder,-1032.691,229.816,1753.981,179.27,-2.114,14.809,-11.966,-22.984,-70.709,-0.324,-88.524,153.252,2.487,-2.512,-2.862,0.251,4.964,-29.66,-0.09,22.13,10.38,-0.95,2.63,-5.77,3.921,-3.862,-3.33,0.36,9.108,-64.716,,
2026-02-06 12:20:15.318,detect_and_pose_estimate_to_approach_feeder,-1039.394,223.477,1740.988,179.102,-1.816,22.208,-11.562,-23.391,-71.132,-0.286,-87.486,146.262,2.877,-2.902,-3.205,0.284,6.318,-39.72,-0.16,22.29,10.31,-1.0,3.21,-7.42,2.948,-2.892,-2.398,0.268,7.624,-56.915,,
2026-02-06 12:20:15.420,detect_and_pose_estimate_to_approach_feeder,-1046.424,216.537,1726.981,178.995,-1.463,30.481,-11.126,-23.828,-71.588,-0.244,-86.345,138.425,3.245,-3.271,-3.542,0.318,7.591,-49.384,-0.1,22.56,10.34,-0.99,3.54,-8.45,2.958,-2.911,-2.48,0.277,7.888,-59.697,,
2026-02-06 12:20:15.523,detect_and_pose_estimate_to_approach_feeder,-1051.955,210.807,1715.592,178.964,-1.181,37.262,-10.773,-24.184,-71.957,-0.21,-85.419,131.995,3.317,-3.342,-3.581,0.324,8.01,-53.113,-0.19,22.61,10.31,-0.9,3.77,-9.11,1.843,-1.796,-1.374,0.177,4.958,-39.651,,
2026-02-06 12:20:15.627,detect_and_pose_estimate_to_approach_feeder,-1056.481,205.914,1705.989,178.973,-0.956,42.959,-10.476,-24.483,-72.269,-0.18,-84.643,126.593,3.231,-3.255,-3.464,0.317,7.947,-53.339,0.01,22.74,10.32,-1.01,3.68,-9.27,1.101,-1.055,-0.653,0.108,2.952,-25.403,,
2026-02-06 12:20:15.730,detect_and_pose_estimate_to_approach_feeder,-1060.637,201.242,1696.918,179.006,-0.76,48.297,-10.195,-24.766,-72.562,-0.152,-83.917,121.532,3.125,-3.147,-3.333,0.307,7.776,-52.657,-0.06,22.85,10.36,-0.98,3.72,-9.34,0.823,-0.781,-0.411,0.082,2.163,-19.457,,
2026-02-06 12:20:15.832,detect_and_pose_estimate_to_approach_feeder,-1064.179,197.11,1688.976,179.051,-0.602,52.928,-9.949,-25.013,-72.819,-0.128,-83.287,117.144,2.958,-2.978,-3.142,0.292,7.407,-50.463,-0.18,22.88,10.34,-0.92,3.53,-9.05,0.39,-0.35,-0.002,0.039,0.986,-10.782,,
2026-02-06 12:20:15.935,detect_and_pose_estimate_to_approach_feeder,-1068.111,192.348,1679.906,179.12,-0.441,58.156,-9.669,-25.295,-73.113,-0.1,-82.574,112.192,2.919,-2.939,-3.089,0.289,7.336,-50.226,-0.09,22.97,10.29,-1.01,3.45,-8.71,0.698,-0.664,-0.364,0.07,1.709,-15.341,,
2026-02-06 12:20:16.038,detect_and_pose_estimate_to_approach_feeder,-1070.824,188.946,1673.481,179.176,-0.338,61.816,-9.471,-25.495,-73.32,-0.08,-82.075,108.727,2.686,-2.703,-2.836,0.266,6.751,-46.333,-0.16,23.04,10.3,-0.99,3.23,-8.45,-0.19,0.226,0.529,-0.019,-0.589,1.058,,
2026-02-06 12:20:16.140,detect_and_pose_estimate_to_approach_feeder,-1073.242,185.828,1667.629,179.231,-0.254,65.116,-9.29,-25.676,-73.509,-0.062,-81.623,105.605,2.466,-2.482,-2.599,0.244,6.192,-42.554,-0.1,23.18,10.29,-1.06,3.08,-7.84,-0.349,0.383,0.662,-0.035,-1.015,4.388,,
2026-02-06 12:20:16.243,detect_and_pose_estimate_to_approach_feeder,-1075.242,183.183,1662.693,179.28,-0.19,67.872,-9.138,-25.83,-73.668,-0.047,-81.246,102.999,2.23,-2.245,-2.348,0.221,5.587,-38.431,-0.06,23.29,10.28,-0.9,2.86,-7.36,-0.597,0.629,0.892,-0.061,-1.65,9.106,,
2026-02-06 12:20:16.347,detect_and_pose_estimate_to_approach_feeder,-1076.241,181.838,1660.192,179.306,-0.16,69.258,-9.06,-25.907,-73.749,-0.04,-81.056,101.689,1.866,-1.878,-1.962,0.184,4.666,-32.098,-0.1,23.24,10.32,-0.98,2.69,-6.89,-1.289,1.323,1.589,-0.129,-3.359,21.155,,
2026-02-06 12:20:16.448,detect_and_pose_estimate_to_approach_feeder,-1078.145,179.228,1655.357,179.356,-0.105,71.916,-8.911,-26.058,-73.905,-0.025,-80.69,99.177,1.772,-1.784,-1.862,0.175,4.412,-30.353,-0.03,23.3,10.26,-0.89,2.58,-6.49,-0.441,0.466,0.678,-0.046,-1.272,7.023,,
2026-02-06 12:20:16.548,detect_and_pose_estimate_to_approach_feeder,-1079.782,176.934,1651.126,179.399,-0.062,74.219,-8.781,-26.189,-74.041,-0.012,-80.374,97.003,1.656,-1.666,-1.737,0.163,4.102,-28.201,-0.08,23.43,10.24,-1.0,2.4,-6.06,-0.583,0.607,0.805,-0.06,-1.627,9.696,,
2026-02-06 12:20:16.650,detect_and_pose_estimate_to_approach_feeder,-1081.247,174.837,1647.274,179.439,-0.027,76.294,-8.662,-26.308,-74.165,-0.001,-80.087,95.044,1.539,-1.548,-1.613,0.151,3.792,-26.047,-0.14,23.51,10.23,-1.03,2.15,-5.57,-0.642,0.664,0.847,-0.067,-1.772,10.884,,
2026-02-06 12:20:16.751,detect_and_pose_estimate_to_approach_feeder,-1082.561,172.921,1643.767,179.475,0.003,78.164,-8.554,-26.417,-74.278,0.009,-79.829,93.28,1.424,-1.433,-1.492,0.139,3.49,-23.945,0.0,23.48,10.15,-0.94,1.99,-5.19,-0.684,0.705,0.874,-0.071,-1.872,11.739,,
2026-02-06 12:20:16.851,detect_and_pose_estimate_to_approach_feeder,-1083.783,171.107,1640.457,179.507,0.028,79.911,-8.452,-26.52,-74.385,0.019,-79.587,91.633,1.324,-1.332,-1.386,0.128,3.223,-22.076,-0.01,23.58,10.24,-0.98,1.88,-4.8,-0.677,0.696,0.85,-0.071,-1.849,11.738,,
2026-02-06 12:20:16.953,detect_and_pose_estimate_to_approach_feeder,-1084.952,169.341,1637.243,179.538,0.051,81.589,-8.352,-26.62,-74.489,0.028,-79.354,90.053,1.24,-1.248,-1.298,0.12,3.0,-20.509,-0.1,23.57,10.33,-0.89,1.75,-4.26,-0.639,0.656,0.796,-0.067,-1.755,11.226,,
2026-02-06 12:20:17.057,detect_and_pose_estimate_to_approach_feeder,-1085.54,168.44,1635.609,179.553,0.062,82.435,-8.302,-26.67,-74.541,0.033,-79.236,89.256,1.056,-1.063,-1.105,0.101,2.544,-17.373,-0.1,23.55,10.19,-0.94,1.47,-4.0,-1.062,1.081,1.226,-0.107,-2.733,17.947,,
2026-02-06 12:20:17.159,detect_and_pose_estimate_to_approach_feeder,-1086.222,167.384,1633.695,179.571,0.074,83.419,-8.243,-26.73,-74.603,0.039,-79.099,88.33,0.94,-0.946,-0.983,0.09,2.251,-15.345,-0.09,23.67,10.25,-0.88,1.36,-3.61,-0.869,0.886,1.013,-0.088,-2.265,14.855,,
2026-02-06 12:20:17.264,detect_and_pose_estimate_to_approach_feeder,-1087.03,166.118,1631.404,179.59,0.087,84.586,-8.172,-26.801,-74.677,0.045,-78.936,87.233,0.881,-0.887,-0.922,0.083,2.095,-14.253,-0.12,23.65,10.13,-0.9,1.27,-3.35,-0.666,0.68,0.791,-0.069,-1.781,11.653,,
2026-02-06 12:20:17.365,detect_and_pose_estimate_to_approach_feeder,-1087.758,164.962,1629.319,179.608,0.099,85.638,-8.108,-26.865,-74.744,0.051,-78.789,86.244,0.822,-0.827,-0.859,0.077,1.939,-13.162,-0.04,23.68,10.12,-0.9,1.18,-3.12,-0.663,0.676,0.778,-0.069,-1.76,11.577,,
2026-02-06 12:20:17.466,detect_and_pose_estimate_to_approach_feeder,-1088.532,163.717,1627.075,179.625,0.111,86.757,-8.039,-26.935,-74.816,0.057,-78.632,85.192,0.789,-0.794,-0.825,0.073,1.847,-12.5,-0.09,23.64,10.16,-0.85,1.09,-2.74,-0.548,0.56,0.649,-0.058,-1.486,9.792,,
2026-02-06 12:20:17.567,detect_and_pose_estimate_to_approach_feeder,-1089.132,162.739,1625.316,179.638,0.12,87.625,-7.985,-26.99,-74.872,0.062,-78.51,84.377,0.728,-0.732,-0.76,0.067,1.69,-11.412,0.08,23.65,10.16,-1.02,0.95,-2.54,-0.643,0.654,0.74,-0.066,-1.687,11.179,,
2026-02-06 12:20:17.666,detect_and_pose_estimate_to_approach_feeder,-1089.69,161.819,1623.664,179.649,0.128,88.431,-7.934,-27.041,-74.926,0.066,-78.396,83.621,0.673,-0.677,-0.703,0.061,1.552,-10.451,-0.07,23.66,10.12,-0.84,0.9,-2.23,-0.611,0.622,0.701,-0.063,-1.602,10.643,,
2026-02-06 12:20:17.768,detect_and_pose_estimate_to_approach_feeder,-1090.19,160.986,1622.171,179.659,0.135,89.153,-7.888,-27.087,-74.974,0.07,-78.294,82.945,0.62,-0.624,-0.647,0.056,1.418,-9.528,-0.08,23.64,10.18,-0.95,0.92,-2.03,-0.599,0.609,0.682,-0.062,-1.56,10.385,,
2026-02-06 12:20:17.869,detect_and_pose_estimate_to_approach_feeder,-1090.653,160.207,1620.776,179.667,0.141,89.819,-7.845,-27.13,-75.019,0.074,-78.2,82.32,0.572,-0.576,-0.598,0.051,1.3,-8.707,-0.06,23.69,10.2,-0.98,0.77,-1.93,-0.57,0.578,0.645,-0.059,-1.479,9.863,,
2026-02-06 12:20:17.971,detect_and_pose_estimate_to_approach_feeder,-1091.106,159.436,1619.397,179.674,0.148,90.47,-7.802,-27.173,-75.063,0.078,-78.108,81.711,0.536,-0.539,-0.559,0.047,1.206,-8.055,-0.04,23.75,10.1,-0.9,0.68,-1.66,-0.518,0.525,0.586,-0.054,-1.35,9.025,,
2026-02-06 12:20:18.072,detect_and_pose_estimate_to_approach_feeder,-1091.459,158.83,1618.315,179.679,0.152,90.976,-7.769,-27.207,-75.098,0.08,-78.036,81.238,0.485,-0.488,-0.506,0.042,1.084,-7.223,0.08,23.8,10.22,-0.94,0.56,-1.64,-0.557,0.565,0.623,-0.056,-1.42,9.491,,
2026-02-06 12:20:18.175,detect_and_pose_estimate_to_approach_feeder,-1091.753,158.319,1617.403,179.683,0.156,91.397,-7.741,-27.235,-75.127,0.083,-77.976,80.844,0.434,-0.437,-0.453,0.038,0.963,-6.401,0.02,23.71,10.2,-0.97,0.56,-1.36,-0.554,0.561,0.615,-0.055,-1.397,9.332,,
2026-02-06 12:20:18.277,detect_and_pose_estimate_to_approach_feeder,-1092.03,157.836,1616.543,179.686,0.16,91.791,-7.714,-27.262,-75.155,0.085,-77.919,80.477,0.392,-0.394,-0.409,0.034,0.863,-5.72,-0.01,23.84,10.11,-0.96,0.43,-1.18,-0.515,0.521,0.57,-0.051,-1.295,8.66,,
2026-02-06 12:20:18.380,detect_and_pose_estimate_to_approach_feeder,-1092.296,157.368,1615.708,179.689,0.164,92.169,-7.689,-27.288,-75.182,0.087,-77.865,80.124,0.358,-0.36,-0.374,0.03,0.783,-5.172,0.01,23.74,10.13,-0.99,0.47,-1.19,-0.471,0.477,0.521,-0.047,-1.187,7.942,,
2026-02-06 12:20:18.482,detect_and_pose_estimate_to_approach_feeder,-1092.55,156.918,1614.907,179.691,0.167,92.527,-7.664,-27.312,-75.207,0.089,-77.814,79.789,0.33,-0.332,-0.345,0.028,0.716,-4.715,-0.05,23.72,10.1,-0.86,0.37,-0.99,-0.434,0.44,0.48,-0.044,-1.095,7.333,,
2026-02-06 12:20:18.582,detect_and_pose_estimate_to_approach_feeder,-1092.748,156.564,1614.279,179.693,0.17,92.805,-7.644,-27.332,-75.227,0.09,-77.774,79.53,0.296,-0.298,-0.309,0.024,0.637,-4.184,0.03,23.81,10.12,-0.94,0.35,-0.96,-0.444,0.449,0.488,-0.044,-1.1,7.352,,
2026-02-06 12:20:18.684,detect_and_pose_estimate_to_approach_feeder,-1092.932,156.233,1613.689,179.694,0.173,93.064,-7.626,-27.35,-75.246,0.092,-77.736,79.29,0.268,-0.269,-0.279,0.022,0.571,-3.739,0.07,23.74,10.1,-0.91,0.3,-0.81,-0.412,0.416,0.451,-0.04,-1.017,6.802,,
2026-02-06 12:20:18.784,detect_and_pose_estimate_to_approach_feeder,-1093.098,155.933,1613.156,179.694,0.175,93.295,-7.61,-27.367,-75.264,0.093,-77.703,79.075,0.242,-0.243,-0.252,0.019,0.511,-3.342,-0.06,23.78,10.05,-0.95,0.27,-0.66,-0.388,0.392,0.425,-0.038,-0.954,6.378,,
2026-02-06 12:20:18.886,detect_and_pose_estimate_to_approach_feeder,-1093.247,155.661,1612.674,179.695,0.177,93.501,-7.595,-27.382,-75.279,0.094,-77.673,78.883,0.219,-0.22,-0.228,0.017,0.458,-2.987,0.01,23.83,10.02,-0.92,0.3,-0.71,-0.365,0.369,0.399,-0.035,-0.894,5.969,,
2026-02-06 12:20:18.986,detect_and_pose_estimate_to_approach_feeder,-1093.403,155.375,1612.166,179.695,0.18,93.717,-7.579,-27.397,-75.295,0.095,-77.642,78.682,0.203,-0.204,-0.212,0.016,0.422,-2.741,0.02,23.78,10.14,-0.96,0.2,-0.62,-0.32,0.324,0.35,-0.031,-0.79,5.29,,
2026-02-06 12:20:19.087,detect_and_pose_estimate_to_approach_feeder,-1093.522,155.157,1611.78,179.694,0.181,93.879,-7.567,-27.409,-75.308,0.096,-77.618,78.532,0.182,-0.183,-0.19,0.014,0.375,-2.431,-0.03,23.76,10.1,-0.98,0.13,-0.53,-0.326,0.329,0.354,-0.031,-0.789,5.261,,
2026-02-06 12:20:19.188,detect_and_pose_estimate_to_approach_feeder,-1093.624,154.967,1611.442,179.694,0.183,94.019,-7.557,-27.42,-75.319,0.097,-77.598,78.402,0.163,-0.164,-0.17,0.012,0.333,-2.148,0.09,23.86,10.12,-0.95,0.2,-0.44,-0.308,0.312,0.335,-0.029,-0.741,4.94,,
2026-02-06 12:20:19.291,detect_and_pose_estimate_to_approach_feeder,-1093.717,154.794,1611.136,179.694,0.184,94.145,-7.548,-27.429,-75.328,0.097,-77.579,78.286,0.146,-0.146,-0.152,0.011,0.295,-1.902,-0.01,23.76,10.04,-0.89,0.11,-0.45,-0.287,0.29,0.311,-0.027,-0.688,4.58,,
2026-02-06 12:20:19.392,detect_and_pose_estimate_to_approach_feeder,-1093.809,154.621,1610.83,179.693,0.186,94.269,-7.538,-27.439,-75.338,0.098,-77.561,78.171,0.133,-0.134,-0.138,0.01,0.267,-1.715,-0.04,23.81,10.04,-0.97,0.08,-0.3,-0.258,0.261,0.28,-0.024,-0.62,4.132,,
2026-02-06 12:20:19.494,detect_and_pose_estimate_to_approach_feeder,-1093.895,154.461,1610.546,179.692,0.187,94.383,-7.529,-27.448,-75.347,0.099,-77.544,78.065,0.121,-0.122,-0.127,0.009,0.242,-1.55,-0.02,23.78,10.16,-0.94,0.08,-0.24,-0.239,0.242,0.259,-0.023,-0.573,3.818,,
2026-02-06 12:20:19.594,detect_and_pose_estimate_to_approach_feeder,-1093.961,154.335,1610.323,179.692,0.188,94.472,-7.522,-27.455,-75.355,0.099,-77.531,77.983,0.108,-0.109,-0.113,0.008,0.214,-1.367,0.05,23.81,10.1,-0.97,0.25,-0.23,-0.234,0.237,0.253,-0.022,-0.553,3.673,,
2026-02-06 12:20:19.696,detect_and_pose_estimate_to_approach_feeder,-1094.023,154.217,1610.114,179.691,0.189,94.554,-7.516,-27.461,-75.361,0.099,-77.519,77.908,0.097,-0.098,-0.101,0.007,0.191,-1.215,0.01,23.74,10.06,-0.98,0.01,-0.24,-0.215,0.217,0.232,-0.02,-0.507,3.365,,
2026-02-06 12:20:19.797,detect_and_pose_estimate_to_approach_feeder,-1094.079,154.11,1609.925,179.69,0.19,94.628,-7.51,-27.467,-75.367,0.1,-77.509,77.84,0.088,-0.088,-0.091,0.006,0.17,-1.08,-0.02,23.76,10.11,-0.95,0.05,-0.34,-0.2,0.202,0.215,-0.018,-0.469,3.109,,
2026-02-06 12:20:19.897,detect_and_pose_estimate_to_approach_feeder,-1094.138,153.997,1609.726,179.689,0.191,94.704,-7.504,-27.473,-75.374,0.1,-77.497,77.769,0.081,-0.082,-0.084,0.006,0.156,-0.987,-0.02,23.85,10.08,-0.96,0.15,-0.25,-0.177,0.178,0.19,-0.016,-0.417,2.769,,
2026-02-06 12:20:19.999,detect_and_pose_estimate_to_approach_feeder,-1094.182,153.912,1609.575,179.689,0.192,94.762,-7.499,-27.478,-75.379,0.101,-77.489,77.716,0.072,-0.073,-0.075,0.005,0.139,-0.873,0.04,23.81,10.06,-0.92,0.08,-0.2,-0.174,0.175,0.187,-0.016,-0.403,2.669,,
2026-02-06 12:20:20.100,detect_and_pose_estimate_to_approach_feeder,-1094.221,153.837,1609.442,179.688,0.193,94.812,-7.495,-27.482,-75.383,0.101,-77.481,77.67,0.065,-0.065,-0.067,0.004,0.122,-0.769,-0.05,23.75,10.1,-0.95,0.04,-0.17,-0.162,0.164,0.174,-0.015,-0.374,2.474,,
2026-02-06 12:20:20.201,detect_and_pose_estimate_to_approach_feeder,-1094.257,153.767,1609.318,179.687,0.193,94.858,-7.491,-27.486,-75.387,0.101,-77.474,77.628,0.058,-0.058,-0.06,0.004,0.109,-0.683,-0.02,23.82,10.15,-0.95,0.09,-0.2,-0.149,0.15,0.159,-0.013,-0.342,2.26,,
2026-02-06 12:20:20.305,detect_and_pose_estimate_to_approach_feeder,-1094.29,153.703,1609.206,179.686,0.194,94.899,-7.488,-27.489,-75.391,0.101,-77.468,77.59,0.052,-0.052,-0.054,0.003,0.097,-0.607,0.0,23.91,10.06,-0.96,0.09,-0.12,-0.137,0.139,0.147,-0.012,-0.315,2.079,waypoint,
2026-02-06 12:20:20.406,approach_feeder_to_pick,-1094.192,153.613,1607.298,179.611,0.213,94.942,-7.484,-27.523,-75.491,0.103,-77.411,77.55,0.048,-0.124,-0.293,0.008,0.215,-0.555,-0.1,23.86,10.07,-0.95,0.09,-0.1,-0.121,-0.178,-0.839,0.01,0.225,1.851,,
2026-02-06 12:20:20.509,approach_feeder_to_pick,-1094.196,153.554,1604.819,179.588,0.219,94.975,-7.481,-27.566,-75.624,0.104,-77.26,77.519,0.044,-0.199,-0.552,0.009,0.539,-0.493,0.02,23.85,10.05,-0.94,0.24,-0.13,-0.117,-0.248,-1.076,-0.004,1.144,1.761,,
2026-02-06 12:20:20.612,approach_feeder_to_pick,-1094.255,153.509,1602.578,179.596,0.218,95.005,-7.479,-27.604,-75.745,0.105,-77.093,77.492,0.039,-0.245,-0.715,0.007,0.823,-0.438,0.02,23.81,10.11,-0.88,0.44,-0.02,-0.108,-0.181,-0.844,-0.011,1.191,1.617,,
2026-02-06 12:20:20.714,approach_feeder_to_pick,-1094.32,153.47,1600.552,179.612,0.215,95.031,-7.476,-27.639,-75.854,0.105,-76.934,77.468,0.036,-0.27,-0.808,0.005,1.015,-0.389,-0.13,23.94,10.12,-0.97,0.5,-0.09,-0.1,-0.126,-0.644,-0.012,0.99,1.485,,
2026-02-06 12:20:20.817,approach_feeder_to_pick,-1094.377,153.435,1598.721,179.627,0.211,95.055,-7.474,-27.67,-75.952,0.105,-76.788,77.446,0.032,-0.281,-0.852,0.004,1.124,-0.346,0.02,23.99,10.06,-0.88,0.54,-0.16,-0.092,-0.08,-0.475,-0.011,0.752,1.362,,
2026-02-06 12:20:20.918,approach_feeder_to_pick,-1094.429,153.399,1596.901,179.641,0.208,95.078,-7.472,-27.701,-76.05,0.105,-76.644,77.425,0.03,-0.289,-0.884,0.003,1.203,-0.313,0.01,23.95,10.01,-0.94,0.54,0.04,-0.083,-0.071,-0.423,-0.01,0.666,1.23,,
2026-02-06 12:20:21.019,approach_feeder_to_pick,-1094.469,153.369,1595.373,179.653,0.206,95.098,-7.47,-27.727,-76.132,0.105,-76.524,77.407,0.027,-0.282,-0.869,0.002,1.203,-0.279,0.05,23.89,10.12,-0.92,0.65,-0.06,-0.078,-0.013,-0.223,-0.009,0.359,1.143,,
2026-02-06 12:20:21.123,approach_feeder_to_pick,-1094.497,153.344,1594.134,179.662,0.204,95.113,-7.469,-27.748,-76.199,0.105,-76.427,77.393,0.024,-0.264,-0.818,0.002,1.144,-0.245,-0.05,23.87,10.05,-1.0,0.54,-0.05,-0.074,0.037,-0.046,-0.008,0.089,1.064,,
2026-02-06 12:20:21.224,approach_feeder_to_pick,-1094.52,153.321,1593.047,179.668,0.202,95.127,-7.467,-27.767,-76.257,0.105,-76.343,77.38,0.021,-0.245,-0.76,0.001,1.068,-0.214,-0.02,23.95,10.02,-0.92,0.52,-0.03,-0.068,0.059,0.041,-0.007,-0.045,0.976,,
2026-02-06 12:20:21.326,approach_feeder_to_pick,-1094.538,153.3,1592.017,179.674,0.201,95.139,-7.466,-27.785,-76.313,0.105,-76.264,77.369,0.019,-0.228,-0.709,0.001,0.999,-0.19,-0.02,24.03,9.95,-0.94,0.59,-0.02,-0.062,0.063,0.067,-0.006,-0.09,0.886,,
2026-02-06 12:20:21.430,approach_feeder_to_pick,-1094.556,153.275,1590.875,179.68,0.2,95.153,-7.465,-27.804,-76.374,0.105,-76.177,77.356,0.018,-0.22,-0.685,0.001,0.967,-0.174,0.08,23.94,10.04,-0.98,0.47,0.04,-0.054,0.038,0.0,-0.005,-0.003,0.786,,
2026-02-06 12:20:21.532,approach_feeder_to_pick,-1094.567,153.257,1590.041,179.684,0.199,95.163,-7.464,-27.818,-76.419,0.105,-76.114,77.347,0.016,-0.201,-0.626,0.001,0.883,-0.154,0.04,24.02,9.96,-0.97,0.46,-0.01,-0.053,0.086,0.165,-0.005,-0.242,0.743,,
2026-02-06 12:20:21.632,approach_feeder_to_pick,-1094.575,153.241,1589.309,179.687,0.199,95.172,-7.463,-27.831,-76.459,0.105,-76.059,77.339,0.014,-0.182,-0.568,0.001,0.799,-0.135,0.01,23.95,10.01,-0.91,0.44,-0.15,-0.049,0.095,0.204,-0.004,-0.3,0.681,,
2026-02-06 12:20:21.737,approach_feeder_to_pick,-1094.582,153.225,1588.615,179.689,0.198,95.18,-7.462,-27.843,-76.496,0.105,-76.007,77.331,0.012,-0.166,-0.52,0.001,0.729,-0.12,0.0,23.89,10.01,-0.97,0.32,0.04,-0.044,0.092,0.204,-0.004,-0.302,0.618,,
2026-02-06 12:20:21.840,approach_feeder_to_pick,-1094.586,153.211,1587.983,179.691,0.198,95.188,-7.461,-27.854,-76.53,0.105,-75.961,77.325,0.011,-0.152,-0.475,0.001,0.663,-0.107,0.07,23.98,10.08,-0.93,0.33,-0.01,-0.041,0.094,0.217,-0.004,-0.322,0.563,,
2026-02-06 12:20:21.941,approach_feeder_to_pick,-1094.59,153.195,1587.283,179.693,0.198,95.196,-7.46,-27.866,-76.568,0.105,-75.909,77.317,0.011,-0.144,-0.45,0.001,0.626,-0.099,0.02,24.01,10.08,-0.89,0.39,0.09,-0.036,0.073,0.159,-0.003,-0.244,0.5,,
2026-02-06 12:20:22.044,approach_feeder_to_pick,-1094.592,153.183,1586.771,179.693,0.197,95.202,-7.46,-27.875,-76.595,0.105,-75.872,77.312,0.009,-0.13,-0.407,0.001,0.562,-0.087,-0.04,23.96,9.95,-0.94,0.29,-0.03,-0.034,0.098,0.244,-0.003,-0.36,0.471,,
2026-02-06 12:20:22.146,approach_feeder_to_pick,-1094.592,153.173,1586.323,179.694,0.197,95.207,-7.459,-27.882,-76.62,0.105,-75.84,77.307,0.008,-0.117,-0.366,0.001,0.503,-0.077,0.1,23.97,10.07,-0.92,0.23,-0.04,-0.032,0.099,0.254,-0.003,-0.372,0.431,waypoint,
2026-02-06 12:20:22.249,pick_on_feeder,-1094.592,153.163,1585.897,179.694,0.197,95.212,-7.459,-27.89,-76.643,0.105,-75.809,77.303,0.008,-0.106,-0.331,0.001,0.453,-0.069,-0.03,23.94,10.04,-0.96,0.25,-0.04,-0.029,0.093,0.241,-0.002,-0.354,0.391,,
2026-02-06 12:20:22.352,pick_on_feeder,-1094.592,153.153,1585.496,179.694,0.198,95.216,-7.458,-27.897,-76.664,0.106,-75.781,77.299,0.007,-0.097,-0.303,0.001,0.411,-0.062,-0.01,23.96,10.01,-0.9,0.22,0.04,-0.026,0.088,0.23,-0.002,-0.338,0.354,,
2026-02-06 12:20:22.453,pick_on_feeder,-1094.59,153.143,1585.068,179.694,0.198,95.221,-7.458,-27.904,-76.687,0.106,-75.751,77.295,0.006,-0.091,-0.285,0.001,0.384,-0.057,-0.06,23.96,10.07,-0.95,0.17,0.05,-0.023,0.074,0.193,-0.002,-0.289,0.317,,
2026-02-06 12:20:22.555,pick_on_feeder,-1094.589,153.135,1584.732,179.693,0.198,95.224,-7.457,-27.91,-76.705,0.106,-75.727,77.291,0.006,-0.083,-0.259,0.001,0.346,-0.051,0.02,23.9,9.95,-0.87,0.18,-0.02,-0.022,0.083,0.223,-0.002,-0.327,0.295,,
2026-02-06 12:20:22.658,pick_on_feeder,-1094.587,153.127,1584.429,179.693,0.198,95.228,-7.457,-27.915,-76.722,0.106,-75.707,77.288,0.005,-0.075,-0.235,0.001,0.312,-0.046,0.0,24.01,10.0,-0.92,0.2,0.0,-0.02,0.08,0.218,-0.002,-0.318,0.269,,
2026-02-06 12:20:22.760,pick_on_feeder,-1094.584,153.12,1584.155,179.692,0.198,95.231,-7.457,-27.92,-76.736,0.106,-75.688,77.286,0.005,-0.068,-0.213,0.001,0.281,-0.041,0.04,23.96,10.03,-0.85,0.18,-0.01,-0.019,0.077,0.212,-0.001,-0.308,0.245,,
2026-02-06 12:20:22.860,pick_on_feeder,-1094.582,153.114,1583.915,179.692,0.199,95.233,-7.456,-27.924,-76.749,0.106,-75.671,77.283,0.004,-0.061,-0.192,0.001,0.251,-0.036,0.01,23.84,9.9,-0.9,0.08,0.09,-0.017,0.075,0.21,-0.001,-0.303,0.224,,
2026-02-06 12:20:22.961,pick_on_feeder,-1094.579,153.107,1583.645,179.691,0.199,95.236,-7.456,-27.928,-76.764,0.106,-75.653,77.281,0.004,-0.058,-0.18,0.001,0.234,-0.034,0.02,23.94,9.98,-0.78,0.03,-0.09,-0.015,0.062,0.172,-0.001,-0.253,0.199,,
2026-02-06 12:20:23.063,pick_on_feeder,-1094.577,153.102,1583.447,179.69,0.199,95.238,-7.456,-27.932,-76.775,0.106,-75.64,77.279,0.004,-0.052,-0.162,0.001,0.209,-0.03,-0.03,23.96,9.93,-0.89,0.06,-0.03,-0.014,0.068,0.193,-0.001,-0.277,0.186,,
2026-02-06 12:20:23.167,pick_on_feeder,-1094.574,153.098,1583.267,179.689,0.199,95.24,-7.456,-27.935,-76.784,0.106,-75.628,77.277,0.003,-0.047,-0.146,0.001,0.186,-0.027,0.02,23.97,10.02,-0.95,0.08,0.06,-0.013,0.065,0.184,-0.001,-0.263,0.17,,
2026-02-06 12:20:23.270,pick_on_feeder,-1094.572,153.094,1583.105,179.688,0.2,95.242,-7.455,-27.938,-76.793,0.106,-75.617,77.276,0.003,-0.042,-0.131,0.001,0.166,-0.024,-0.06,23.97,9.99,-0.95,0.13,-0.05,-0.012,0.061,0.175,-0.001,-0.249,0.154,,
2026-02-06 12:20:23.373,pick_on_feeder,-1094.569,153.089,1582.949,179.687,0.2,95.243,-7.455,-27.94,-76.801,0.106,-75.607,77.274,0.003,-0.038,-0.119,0.001,0.15,-0.021,-0.03,23.98,9.93,-0.95,0.12,-0.0,-0.011,0.056,0.161,-0.001,-0.229,0.14,,
2026-02-06 12:20:23.476,pick_on_feeder,-1094.566,153.085,1582.795,179.686,0.2,95.245,-7.455,-27.943,-76.81,0.106,-75.597,77.273,0.002,-0.035,-0.11,0.001,0.137,-0.019,-0.03,23.94,9.99,-0.95,0.09,-0.06,-0.01,0.051,0.146,-0.001,-0.209,0.126,,
2026-02-06 12:20:23.883,pick_on_feeder,-1094.558,153.074,1582.386,179.683,0.201,95.249,-7.455,-27.95,-76.832,0.106,-75.571,77.269,0.002,-0.023,-0.071,0.0,0.086,-0.012,-0.06,24.05,10.02,-1.02,0.02,0.02,-0.007,0.042,0.124,-0.001,-0.172,0.088,,
2026-02-06 12:20:24.291,pick_on_feeder,-1094.55,153.067,1582.109,179.68,0.202,95.251,-7.454,-27.955,-76.847,0.106,-75.555,77.267,0.001,-0.015,-0.047,0.0,0.054,-0.008,0.03,24.02,9.91,-0.97,0.03,-0.09,-0.005,0.033,0.097,-0.001,-0.132,0.06,,
2026-02-06 12:20:24.800,pick_on_feeder,-1094.544,153.061,1581.901,179.678,0.202,95.253,-7.454,-27.958,-76.858,0.107,-75.542,77.265,0.001,-0.009,-0.027,0.0,0.03,-0.004,0.1,23.87,10.09,-0.93,-0.04,0.12,-0.003,0.023,0.068,-0.0,-0.09,0.037,,
2026-02-06 12:20:25.213,pick_on_feeder,-1094.54,153.058,1581.795,179.676,0.203,95.254,-7.454,-27.96,-76.864,0.107,-75.536,77.265,0.0,-0.006,-0.018,0.0,0.019,-0.003,0.02,23.95,9.99,-0.91,0.08,0.01,-0.002,0.016,0.049,-0.0,-0.065,0.025,,
2026-02-06 12:20:25.725,pick_on_feeder,-1094.537,153.055,1581.711,179.675,0.203,95.255,-7.454,-27.962,-76.868,0.107,-75.532,77.264,0.0,-0.003,-0.011,0.0,0.011,-0.001,0.08,23.94,10.04,-1.02,0.01,-0.04,-0.001,0.011,0.033,-0.0,-0.042,0.015,,
2026-02-06 12:20:26.136,pick_on_feeder,-1094.535,153.054,1581.668,179.674,0.203,95.255,-7.454,-27.962,-76.87,0.107,-75.53,77.264,0.0,-0.002,-0.007,0.0,0.007,-0.001,0.02,23.93,10.02,-1.01,-0.02,0.06,-0.001,0.008,0.024,-0.0,-0.03,0.01,,
2026-02-06 12:20:26.644,pick_on_feeder,-1094.534,153.053,1581.635,179.674,0.203,95.255,-7.454,-27.963,-76.872,0.107,-75.528,77.264,0.0,-0.001,-0.004,0.0,0.004,-0.001,0.02,23.89,9.99,-0.95,-0.02,0.04,-0.001,0.005,0.016,-0.0,-0.019,0.006,,
2026-02-06 12:20:27.053,pick_on_feeder,-1094.533,153.053,1581.618,179.673,0.203,95.255,-7.454,-27.963,-76.873,0.107,-75.527,77.263,0.0,-0.001,-0.003,0.0,0.003,-0.0,-0.04,24.01,9.98,-0.94,0.06,-0.06,-0.0,0.004,0.011,-0.0,-0.013,0.004,,
2026-02-06 12:20:27.557,pick_on_feeder,-1094.532,153.052,1581.605,179.673,0.204,95.255,-7.454,-27.964,-76.874,0.107,-75.526,77.263,0.0,-0.001,-0.002,0.0,0.002,-0.0,-0.06,23.98,10.04,-0.94,0.01,0.05,-0.0,0.002,0.007,-0.0,-0.009,0.003,,
2026-02-06 12:20:27.661,pick_to_retreat_feeder,-1096.505,153.34,1587.375,-179.963,0.11,95.259,-7.454,-27.943,-76.44,0.095,-75.605,77.264,-0.001,0.051,1.083,-0.028,-0.195,0.001,-0.03,24.31,10.57,-0.89,-0.61,0.08,-0.003,0.208,4.344,-0.112,-0.793,0.007,,
2026-02-06 12:20:27.764,pick_to_retreat_feeder,-1103.208,154.3,1614.299,-179.171,-0.086,95.258,-7.456,-27.853,-74.422,0.078,-76.898,77.268,-0.006,0.264,5.858,-0.066,-3.38,0.012,0.03,23.98,10.74,-0.98,-2.4,0.01,-0.021,0.886,19.758,-0.168,-12.865,0.046,,
2026-02-06 12:20:27.864,pick_to_retreat_feeder,-1106.955,154.837,1638.128,-179.115,-0.099,95.255,-7.458,-27.775,-72.645,0.077,-78.695,77.271,-0.01,0.392,8.837,-0.052,-7.027,0.017,0.03,23.94,10.69,-0.97,-3.95,-0.11,-0.019,0.669,15.368,0.019,-16.611,0.029,,
2026-02-06 12:20:27.968,pick_to_retreat_feeder,-1109.807,155.256,1665.833,-179.308,-0.05,95.254,-7.461,-27.686,-70.589,0.081,-81.038,77.273,-0.014,0.516,11.766,-0.027,-11.127,0.017,0.0,23.78,10.9,-1.01,-5.18,-0.09,-0.022,0.715,16.613,0.072,-20.408,0.013,,
2026-02-06 12:20:28.069,pick_to_retreat_feeder,-1111.181,155.469,1686.945,-179.508,0.0,95.253,-7.463,-27.619,-69.03,0.086,-82.871,77.274,-0.015,0.555,12.722,-0.009,-12.928,0.014,-0.01,23.68,10.84,-0.91,-5.96,-0.03,-0.013,0.427,9.989,0.064,-13.273,-0.002,,
2026-02-06 12:20:28.170,pick_to_retreat_feeder,-1111.896,155.591,1705.474,-179.689,0.045,95.253,-7.464,-27.56,-67.666,0.09,-84.48,77.274,-0.016,0.563,12.952,0.003,-13.718,0.011,-0.1,23.65,10.95,-0.91,-6.35,0.0,-0.01,0.3,7.041,0.052,-9.7,-0.005,,
2026-02-06 12:20:28.273,pick_to_retreat_feeder,-1112.176,155.657,1723.613,-179.858,0.087,95.254,-7.466,-27.503,-66.334,0.093,-86.044,77.274,-0.016,0.566,13.045,0.012,-14.199,0.009,0.0,23.61,10.98,-0.98,-6.6,-0.14,-0.008,0.257,6.02,0.044,-8.287,-0.005,,
2026-02-06 12:20:28.376,pick_to_retreat_feeder,-1112.083,155.671,1740.03,179.999,0.123,95.254,-7.468,-27.451,-65.13,0.097,-87.448,77.274,-0.016,0.554,12.794,0.016,-14.158,0.007,-0.0,23.53,10.96,-0.92,-6.52,0.07,-0.006,0.176,4.134,0.033,-5.85,-0.004,,
2026-02-06 12:20:28.479,pick_to_retreat_feeder,-1111.613,155.639,1757.872,179.856,0.158,95.254,-7.469,-27.394,-63.823,0.1,-88.958,77.274,-0.016,0.557,12.863,0.02,-14.395,0.006,0.02,23.46,10.82,-0.86,-6.43,0.05,-0.006,0.203,4.752,0.029,-6.334,-0.003,,
2026-02-06 12:20:28.583,pick_to_retreat_feeder,-1111.048,155.586,1770.564,179.764,0.181,95.254,-7.47,-27.354,-62.893,0.101,-90.022,77.275,-0.015,0.518,11.97,0.02,-13.456,0.005,-0.0,23.5,10.85,-0.95,-6.29,0.02,-0.001,0.02,0.499,0.016,-1.238,-0.003,,
2026-02-06 12:20:28.684,pick_to_retreat_feeder,-1110.424,155.522,1781.26,179.693,0.199,95.255,-7.471,-27.32,-62.11,0.103,-90.912,77.275,-0.014,0.473,10.936,0.018,-12.317,0.004,0.1,23.52,10.85,-0.94,-5.95,0.04,0.001,-0.045,-1.013,0.009,0.629,-0.003,,
2026-02-06 12:20:28.785,pick_to_retreat_feeder,-1109.708,155.446,1791.403,179.633,0.214,95.255,-7.472,-27.288,-61.368,0.104,-91.75,77.275,-0.012,0.435,10.058,0.017,-11.331,0.004,0.03,23.44,10.86,-0.95,-5.69,0.08,0.001,-0.058,-1.316,0.006,1.089,-0.002,,
2026-02-06 12:20:28.885,pick_to_retreat_feeder,-1108.894,155.357,1801.308,179.579,0.227,95.255,-7.473,-27.257,-60.642,0.105,-92.561,77.275,-0.012,0.405,9.357,0.015,-10.527,0.003,-0.06,23.44,10.83,-0.78,-5.21,-0.02,0.001,-0.059,-1.357,0.004,1.241,-0.002,,
2026-02-06 12:20:28.987,pick_to_retreat_feeder,-1107.973,155.254,1811.159,179.534,0.238,95.255,-7.474,-27.226,-59.92,0.106,-93.362,77.276,-0.011,0.382,8.823,0.014,-9.897,0.003,0.01,23.5,10.83,-1.03,-4.85,0.0,0.001,-0.054,-1.257,0.002,1.227,-0.002,,
2026-02-06 12:20:29.088,pick_to_retreat_feeder,-1107.173,155.163,1818.88,179.503,0.245,95.255,-7.475,-27.201,-59.354,0.107,-93.984,77.276,-0.01,0.348,8.032,0.012,-8.978,0.003,0.04,23.56,10.84,-0.85,-4.43,-0.0,0.003,-0.116,-2.69,-0.001,2.887,-0.002,,
2026-02-06 12:20:29.188,pick_to_retreat_feeder,-1106.362,155.07,1826.124,179.479,0.251,95.255,-7.475,-27.178,-58.823,0.107,-94.563,77.276,-0.009,0.319,7.353,0.01,-8.182,0.003,-0.07,23.47,10.79,-0.9,-4.14,0.1,0.003,-0.12,-2.767,-0.002,3.026,-0.002,,
2026-02-06 12:20:29.288,pick_to_retreat_feeder,-1105.607,154.982,1832.443,179.462,0.255,95.256,-7.476,-27.158,-58.359,0.108,-95.065,77.276,-0.008,0.289,6.674,0.009,-7.39,0.002,0.08,23.53,10.65,-0.96,-3.73,-0.02,0.004,-0.137,-3.166,-0.003,3.501,-0.002,,
2026-02-06 12:20:29.389,pick_to_retreat_feeder,-1104.806,154.889,1838.774,179.449,0.259,95.256,-7.477,-27.138,-57.894,0.108,-95.563,77.276,-0.008,0.267,6.168,0.007,-6.789,0.002,0.01,23.51,10.67,-0.99,-3.46,-0.03,0.003,-0.122,-2.838,-0.004,3.182,-0.002,,
2026-02-06 12:20:29.490,pick_to_retreat_feeder,-1104.028,154.798,1844.628,179.441,0.261,95.256,-7.477,-27.119,-57.464,0.108,-96.02,77.276,-0.007,0.247,5.702,0.006,-6.235,0.002,0.01,23.58,10.6,-1.02,-3.25,0.0,0.004,-0.125,-2.901,-0.004,3.278,-0.002,,
2026-02-06 12:20:29.590,pick_to_retreat_feeder,-1103.37,154.721,1849.377,179.437,0.261,95.256,-7.477,-27.104,-57.115,0.108,-96.388,77.277,-0.006,0.224,5.149,0.005,-5.596,0.002,0.03,23.46,10.55,-0.91,-2.98,0.01,0.004,-0.148,-3.421,-0.005,3.843,-0.002,,
2026-02-06 12:20:29.693,pick_to_retreat_feeder,-1102.756,154.649,1853.665,179.437,0.261,95.256,-7.478,-27.09,-56.799,0.108,-96.718,77.277,-0.006,0.202,4.651,0.004,-5.021,0.002,-0.0,23.59,10.52,-0.94,-2.64,0.03,0.004,-0.148,-3.416,-0.005,3.841,-0.002,,
2026-02-06 12:20:29.795,pick_to_retreat_feeder,-1102.166,154.579,1857.67,179.439,0.261,95.256,-7.478,-27.077,-56.504,0.108,-97.023,77.277,-0.005,0.184,4.225,0.003,-4.529,0.001,0.02,23.58,10.57,-0.94,-2.3,0.02,0.004,-0.142,-3.282,-0.005,3.7,-0.002,,
2026-02-06 12:20:29.898,pick_to_retreat_feeder,-1101.603,154.513,1861.391,179.444,0.26,95.256,-7.479,-27.065,-56.23,0.108,-97.305,77.277,-0.005,0.168,3.854,0.002,-4.1,0.001,-0.02,23.59,10.49,-0.92,-2.18,0.06,0.004,-0.136,-3.161,-0.005,3.569,-0.002,,
2026-02-06 12:20:30.002,pick_to_retreat_feeder,-1101.072,154.45,1864.833,179.45,0.258,95.257,-7.479,-27.054,-55.976,0.108,-97.563,77.277,-0.004,0.153,3.525,0.001,-3.72,0.001,-0.01,23.61,10.38,-0.99,-1.95,-0.04,0.004,-0.132,-3.049,-0.005,3.446,-0.002,,
2026-02-06 12:20:30.104,pick_to_retreat_feeder,-1100.648,154.4,1867.53,179.457,0.256,95.257,-7.479,-27.045,-55.777,0.108,-97.763,77.277,-0.004,0.137,3.141,0.001,-3.292,0.001,0.02,23.61,10.4,-0.95,-1.84,0.04,0.004,-0.142,-3.292,-0.004,3.676,-0.002,,
2026-02-06 12:20:30.206,pick_to_retreat_feeder,-1100.258,154.354,1869.976,179.465,0.254,95.257,-7.479,-27.037,-55.597,0.108,-97.944,77.277,-0.003,0.122,2.807,0.0,-2.92,0.001,0.02,23.54,10.44,-0.96,-1.61,0.06,0.004,-0.136,-3.148,-0.004,3.509,-0.002,,
2026-02-06 12:20:30.309,pick_to_retreat_feeder,-1099.888,154.31,1872.271,179.473,0.252,95.257,-7.479,-27.03,-55.428,0.108,-98.112,77.277,-0.003,0.11,2.528,-0.0,-2.61,0.001,-0.08,23.59,10.48,-0.95,-1.45,0.02,0.004,-0.127,-2.943,-0.004,3.283,-0.001,,
2026-02-06 12:20:30.411,pick_to_retreat_feeder,-1099.516,154.265,1874.554,179.483,0.25,95.257,-7.48,-27.023,-55.259,0.108,-98.277,77.277,-0.003,0.101,2.318,-0.0,-2.372,0.001,0.1,23.59,10.38,-0.92,-1.19,0.01,0.003,-0.115,-2.657,-0.004,2.977,-0.001,,
2026-02-06 12:20:30.514,pick_to_retreat_feeder,-1099.211,154.229,1876.407,179.492,0.248,95.257,-7.48,-27.017,-55.122,0.108,-98.411,77.277,-0.002,0.091,2.08,-0.001,-2.112,0.001,0.03,23.63,10.31,-0.98,-1.12,0.03,0.003,-0.117,-2.709,-0.003,3.003,-0.001,,
2026-02-06 12:20:30.615,pick_to_retreat_feeder,-1098.962,154.2,1877.909,179.501,0.246,95.257,-7.48,-27.012,-55.011,0.107,-98.518,77.277,-0.002,0.08,1.838,-0.001,-1.853,0.0,-0.04,23.54,10.29,-1.01,-1.07,-0.04,0.003,-0.117,-2.696,-0.003,2.963,-0.001,,
2026-02-06 12:20:30.715,pick_to_retreat_feeder,-1098.725,154.172,1879.333,179.509,0.244,95.257,-7.48,-27.007,-54.906,0.107,-98.619,77.277,-0.002,0.072,1.641,-0.001,-1.642,0.0,0.02,23.63,10.3,-0.84,-0.85,-0.04,0.003,-0.108,-2.484,-0.003,2.73,-0.001,,
2026-02-06 12:20:30.818,pick_to_retreat_feeder,-1098.5,154.145,1880.677,179.518,0.241,95.257,-7.48,-27.003,-54.807,0.107,-98.714,77.277,-0.002,0.065,1.479,-0.001,-1.468,0.0,-0.09,23.66,10.34,-0.92,-0.89,0.02,0.003,-0.099,-2.295,-0.002,2.522,-0.001,,
2026-02-06 12:20:30.919,pick_to_retreat_feeder,-1098.289,154.12,1881.938,179.527,0.239,95.257,-7.48,-26.999,-54.714,0.107,-98.802,77.277,-0.002,0.059,1.342,-0.001,-1.321,0.0,-0.02,23.69,10.27,-0.95,-0.83,-0.05,0.003,-0.092,-2.126,-0.002,2.335,-0.001,,
2026-02-06 12:20:31.020,pick_to_retreat_feeder,-1098.084,154.096,1883.155,179.536,0.237,95.257,-7.48,-26.995,-54.624,0.107,-98.886,77.277,-0.001,0.054,1.232,-0.001,-1.201,0.0,0.02,23.73,10.35,-0.99,-0.68,0.1,0.002,-0.084,-1.946,-0.002,2.139,-0.001,,
2026-02-06 12:20:31.123,pick_to_retreat_feeder,-1097.918,154.076,1884.142,179.545,0.235,95.257,-7.481,-26.991,-54.551,0.107,-98.954,77.277,-0.001,0.049,1.106,-0.001,-1.071,0.0,0.04,23.75,10.25,-1.01,-0.51,-0.05,0.002,-0.083,-1.921,-0.002,2.09,-0.001,,
2026-02-06 12:20:31.223,pick_to_retreat_feeder,-1097.772,154.059,1885.006,179.552,0.233,95.258,-7.481,-26.989,-54.487,0.107,-99.013,77.277,-0.001,0.043,0.989,-0.001,-0.95,0.0,-0.02,23.72,10.33,-0.92,-0.53,-0.01,0.002,-0.079,-1.82,-0.001,1.97,-0.001,,
2026-02-06 12:20:31.325,pick_to_retreat_feeder,-1097.684,154.048,1885.528,179.557,0.232,95.258,-7.481,-26.987,-54.448,0.107,-99.048,77.277,-0.001,0.037,0.839,-0.001,-0.801,0.0,-0.0,23.72,10.2,-0.92,-0.53,0.03,0.002,-0.082,-1.891,-0.001,2.008,-0.001,,
2026-02-06 12:20:31.424,pick_to_retreat_feeder,-1097.56,154.033,1886.267,179.564,0.23,95.258,-7.481,-26.985,-54.394,0.106,-99.098,77.277,-0.001,0.034,0.766,-0.001,-0.725,0.0,0.01,23.64,10.28,-0.93,-0.44,-0.05,0.002,-0.067,-1.541,-0.001,1.664,-0.001,,
2026-02-06 12:20:31.527,pick_to_retreat_feeder,-1097.426,154.018,1887.062,179.572,0.228,95.258,-7.481,-26.982,-54.335,0.106,-99.151,77.277,-0.001,0.032,0.721,-0.001,-0.676,0.0,0.01,23.67,10.3,-1.02,-0.38,0.08,0.002,-0.058,-1.346,-0.001,1.464,-0.001,,
2026-02-06 12:20:31.629,pick_to_retreat_feeder,-1097.317,154.005,1887.707,179.579,0.227,95.258,-7.481,-26.98,-54.287,0.106,-99.193,77.277,-0.001,0.029,0.66,-0.001,-0.614,0.0,0.07,23.64,10.3,-0.89,-0.38,0.02,0.002,-0.057,-1.322,-0.001,1.421,-0.001,,
2026-02-06 12:20:31.733,pick_to_retreat_feeder,-1097.219,153.993,1888.29,179.586,0.225,95.258,-7.481,-26.978,-54.244,0.106,-99.232,77.277,-0.001,0.027,0.603,-0.001,-0.556,0.0,0.06,23.61,10.32,-0.96,-0.3,0.02,0.001,-0.054,-1.236,-0.001,1.324,-0.001,waypoint,
2026-02-06 12:20:31.834,pick_to_retreat_feeder,-1061.1,162.277,1897.656,179.277,0.307,94.852,-8.171,-24.346,-57.464,0.114,-98.963,76.992,-1.726,6.599,-7.597,0.019,0.254,-0.714,0.31,23.06,9.37,-0.93,0.17,-0.17,-6.901,26.247,-33.74,0.08,4.257,-2.855,,
2026-02-06 12:20:31.935,pick_to_retreat_feeder,-1024.839,169.678,1905.273,179.248,0.318,94.765,-8.859,-21.721,-60.683,0.11,-98.401,76.389,-3.014,11.512,-13.747,0.004,1.596,-2.042,0.48,22.35,8.86,-0.89,0.67,-0.43,-6.187,23.562,-30.366,-0.049,6.77,-5.743,,
2026-02-06 12:20:32.036,pick_to_retreat_feeder,-992.812,175.366,1910.548,179.302,0.308,94.808,-9.458,-19.434,-63.488,0.105,-97.83,75.746,-3.758,14.351,-17.322,-0.011,2.625,-3.139,0.44,21.73,8.56,-0.98,1.18,-0.53,-4.68,17.82,-23.182,-0.057,6.183,-5.569,,
2026-02-06 12:20:32.138,pick_to_retreat_feeder,-965.484,179.591,1914.0,179.365,0.295,94.879,-9.963,-17.508,-65.85,0.1,-97.331,75.169,-4.08,15.578,-18.897,-0.02,3.216,-3.798,0.55,21.0,8.34,-0.88,1.53,-0.62,-3.267,12.429,-16.438,-0.047,4.842,-4.357,,
2026-02-06 12:20:32.240,pick_to_retreat_feeder,-940.335,182.979,1916.347,179.424,0.28,94.955,-10.422,-15.755,-68.001,0.095,-96.874,74.633,-4.208,16.067,-19.549,-0.027,3.554,-4.188,0.46,20.14,8.12,-0.85,1.64,-0.82,-2.488,9.458,-12.675,-0.038,3.938,-3.509,,
2026-02-06 12:20:32.341,pick_to_retreat_feeder,-917.233,185.682,1917.819,179.476,0.267,95.025,-10.84,-14.159,-69.958,0.091,-96.459,74.143,-4.202,16.04,-19.555,-0.031,3.703,-4.365,0.49,19.47,8.17,-0.95,1.73,-0.82,-1.827,6.939,-9.478,-0.03,3.121,-2.692,,
2026-02-06 12:20:32.442,pick_to_retreat_feeder,-891.417,188.25,1918.705,179.531,0.252,95.101,-11.303,-12.39,-72.128,0.086,-96.003,73.603,-4.31,16.452,-20.091,-0.034,3.918,-4.623,0.4,18.72,8.23,-0.86,1.76,-0.81,-2.098,7.976,-10.653,-0.03,3.227,-2.925,,
2026-02-06 12:20:32.544,pick_to_retreat_feeder,-872.409,189.844,1918.853,179.568,0.241,95.152,-11.642,-11.096,-73.715,0.083,-95.672,73.212,-4.08,15.574,-19.036,-0.034,3.766,-4.445,0.43,18.07,8.24,-0.98,1.72,-0.78,-0.644,2.429,-3.761,-0.014,1.651,-1.147,,
2026-02-06 12:20:32.647,pick_to_retreat_feeder,-855.025,191.086,1918.619,179.6,0.232,95.196,-11.951,-9.919,-75.16,0.08,-95.373,72.86,-3.831,14.625,-17.888,-0.032,3.572,-4.216,0.46,17.39,8.46,-0.97,1.76,-0.7,-0.275,1.025,-1.961,-0.009,1.166,-0.648,,
2026-02-06 12:20:32.749,pick_to_retreat_feeder,-839.727,192.01,1918.124,179.625,0.224,95.231,-12.222,-8.886,-76.426,0.078,-95.112,72.553,-3.55,13.551,-16.583,-0.03,3.33,-3.927,0.32,16.8,8.49,-0.9,1.74,-0.73,0.133,-0.528,0.015,-0.004,0.661,-0.118,,
2026-02-06 12:20:32.853,pick_to_retreat_feeder,-824.64,192.77,1917.372,179.649,0.216,95.262,-12.488,-7.871,-77.671,0.076,-94.859,72.255,-3.328,12.701,-15.55,-0.028,3.132,-3.69,0.42,16.22,8.65,-0.9,1.5,-0.73,0.165,-0.649,0.227,-0.003,0.531,-0.024,,
2026-02-06 12:20:32.957,pick_to_retreat_feeder,-808.522,193.417,1916.282,179.671,0.209,95.292,-12.771,-6.789,-78.998,0.073,-94.591,71.942,-3.204,12.231,-14.98,-0.027,3.019,-3.552,0.33,15.66,8.78,-1.03,1.46,-0.68,-0.026,0.08,-0.61,-0.003,0.62,-0.179,,
2026-02-06 12:20:33.060,pick_to_retreat_feeder,-795.842,193.808,1915.215,179.687,0.203,95.313,-12.994,-5.94,-80.04,0.071,-94.382,71.698,-2.959,11.296,-13.838,-0.025,2.786,-3.272,0.34,15.06,8.83,-0.97,1.39,-0.58,0.586,-2.254,2.304,0.003,-0.038,0.543,,
2026-02-06 12:20:33.163,pick_to_retreat_feeder,-784.755,194.065,1914.133,179.699,0.199,95.328,-13.188,-5.198,-80.949,0.07,-94.202,71.488,-2.705,10.325,-12.652,-0.023,2.541,-2.979,0.22,14.72,9.01,-0.97,1.27,-0.58,0.81,-3.107,3.396,0.005,-0.314,0.821,,
2026-02-06 12:20:33.264,pick_to_retreat_feeder,-775.043,194.226,1913.071,179.709,0.195,95.34,-13.358,-4.55,-81.744,0.068,-94.045,71.306,-2.454,9.366,-11.477,-0.02,2.297,-2.689,0.24,14.16,9.09,-0.94,1.16,-0.53,0.972,-3.724,4.194,0.007,-0.521,1.022,,
2026-02-06 12:20:33.365,pick_to_retreat_feeder,-766.519,194.317,1912.05,179.716,0.193,95.349,-13.507,-3.981,-82.442,0.067,-93.909,71.149,-2.213,8.446,-10.352,-0.018,2.064,-2.411,0.17,13.84,9.18,-0.94,1.16,-0.52,1.084,-4.15,4.754,0.008,-0.673,1.16,,
2026-02-06 12:20:33.468,pick_to_retreat_feeder,-756.377,194.367,1910.729,179.723,0.19,95.357,-13.684,-3.305,-83.271,0.066,-93.748,70.963,-2.103,8.025,-9.837,-0.017,1.949,-2.272,0.27,13.4,9.28,-1.03,1.05,-0.43,0.694,-2.661,2.961,0.006,-0.362,0.768,,
2026-02-06 12:20:33.570,pick_to_retreat_feeder,-749.191,194.363,1909.722,179.728,0.188,95.361,-13.809,-2.826,-83.858,0.065,-93.635,70.834,-1.891,7.216,-8.845,-0.015,1.744,-2.028,0.18,13.03,9.43,-1.0,0.87,-0.45,1.142,-4.369,5.087,0.009,-0.805,1.248,,
2026-02-06 12:20:33.673,pick_to_retreat_feeder,-742.646,194.331,1908.755,179.731,0.187,95.363,-13.924,-2.39,-84.393,0.065,-93.533,70.717,-1.703,6.501,-7.97,-0.013,1.562,-1.813,0.05,12.77,9.45,-0.88,0.78,-0.32,1.14,-4.362,5.105,0.009,-0.834,1.252,,
2026-02-06 12:20:33.774,pick_to_retreat_feeder,-736.468,194.276,1907.797,179.733,0.186,95.364,-14.031,-1.979,-84.897,0.064,-93.438,70.608,-1.547,5.904,-7.238,-0.011,1.41,-1.633,0.23,12.34,9.55,-0.9,0.77,-0.24,1.091,-4.171,4.896,0.009,-0.815,1.204,,
2026-02-06 12:20:33.876,pick_to_retreat_feeder,-730.863,194.206,1906.89,179.734,0.186,95.364,-14.129,-1.606,-85.354,0.063,-93.352,70.51,-1.404,5.36,-6.572,-0.01,1.272,-1.469,0.18,12.15,9.55,-0.98,0.65,-0.31,1.082,-4.137,4.875,0.009,-0.83,1.196,,
2026-02-06 12:20:33.977,pick_to_retreat_feeder,-724.364,194.1,1905.795,179.735,0.185,95.363,-14.242,-1.174,-85.884,0.063,-93.254,70.398,-1.337,5.101,-6.254,-0.009,1.2,-1.382,0.02,11.85,9.74,-0.99,0.64,-0.25,0.818,-3.129,3.66,0.008,-0.62,0.935,,
2026-02-06 12:20:34.077,pick_to_retreat_feeder,-719.724,194.008,1904.984,179.735,0.185,95.361,-14.323,-0.865,-86.263,0.062,-93.184,70.319,-1.205,4.597,-5.637,-0.008,1.074,-1.234,0.13,11.68,9.74,-0.91,0.56,-0.29,1.061,-4.054,4.812,0.009,-0.846,1.172,,
2026-02-06 12:20:34.177,pick_to_retreat_feeder,-715.53,193.914,1904.229,179.734,0.186,95.358,-14.396,-0.586,-86.605,0.062,-93.122,70.248,-1.086,4.145,-5.082,-0.007,0.961,-1.102,0.08,11.47,9.72,-0.91,0.46,-0.17,1.032,-3.946,4.695,0.009,-0.834,1.139,,
2026-02-06 12:20:34.281,pick_to_retreat_feeder,-711.611,193.816,1903.507,179.733,0.186,95.355,-14.465,-0.326,-86.924,0.061,-93.064,70.183,-0.985,3.76,-4.61,-0.006,0.865,-0.989,0.1,11.3,9.88,-0.99,0.44,-0.27,0.977,-3.734,4.45,0.008,-0.796,1.079,,
2026-02-06 12:20:34.381,pick_to_retreat_feeder,-708.081,193.719,1902.841,179.732,0.187,95.351,-14.526,-0.091,-87.212,0.061,-93.013,70.125,-0.893,3.407,-4.177,-0.005,0.778,-0.887,0.13,11.06,9.94,-0.97,0.44,-0.12,0.947,-3.62,4.323,0.008,-0.779,1.043,,
2026-02-06 12:20:34.482,pick_to_retreat_feeder,-704.49,193.613,1902.149,179.73,0.187,95.347,-14.589,0.148,-87.504,0.061,-92.961,70.067,-0.826,3.152,-3.864,-0.005,0.713,-0.811,-0.02,10.84,9.9,-0.93,0.39,-0.07,0.842,-3.217,3.841,0.007,-0.697,0.936,,
2026-02-06 12:20:34.584,pick_to_retreat_feeder,-701.668,193.524,1901.596,179.728,0.188,95.343,-14.638,0.335,-87.734,0.06,-92.92,70.022,-0.742,2.832,-3.473,-0.004,0.636,-0.721,0.14,10.67,9.96,-1.03,0.32,-0.14,0.892,-3.408,4.084,0.007,-0.742,0.973,,
2026-02-06 12:20:34.687,pick_to_retreat_feeder,-699.127,193.439,1901.089,179.726,0.189,95.339,-14.682,0.504,-87.941,0.06,-92.884,69.982,-0.667,2.546,-3.122,-0.004,0.567,-0.641,0.06,10.57,10.11,-0.99,0.24,-0.14,0.852,-3.253,3.905,0.007,-0.712,0.925,,
2026-02-06 12:20:34.788,pick_to_retreat_feeder,-696.913,193.362,1900.642,179.725,0.189,95.335,-14.72,0.651,-88.122,0.06,-92.853,69.947,-0.597,2.277,-2.792,-0.003,0.503,-0.567,-0.05,10.52,10.03,-0.94,0.34,-0.15,0.824,-3.146,3.781,0.006,-0.69,0.889,,
2026-02-06 12:20:34.888,pick_to_retreat_feeder,-694.844,193.287,1900.22,179.722,0.19,95.331,-14.756,0.788,-88.29,0.06,-92.824,69.915,-0.538,2.052,-2.515,-0.003,0.45,-0.505,0.0,10.33,9.99,-0.96,0.26,-0.11,0.766,-2.928,3.522,0.006,-0.644,0.826,,
2026-02-06 12:20:34.989,pick_to_retreat_feeder,-692.74,193.208,1899.785,179.72,0.191,95.326,-14.793,0.928,-88.461,0.06,-92.795,69.883,-0.495,1.888,-2.315,-0.002,0.41,-0.459,0.06,10.28,10.12,-0.89,0.31,-0.05,0.684,-2.611,3.14,0.005,-0.577,0.742,,
2026-02-06 12:20:35.091,pick_to_retreat_feeder,-691.086,193.145,1899.44,179.718,0.192,95.322,-14.822,1.038,-88.596,0.06,-92.773,69.858,-0.443,1.691,-2.073,-0.002,0.364,-0.407,0.03,10.16,10.1,-0.95,0.23,-0.02,0.694,-2.65,3.194,0.005,-0.584,0.74,,
2026-02-06 12:20:35.193,pick_to_retreat_feeder,-689.744,193.091,1899.157,179.716,0.193,95.319,-14.845,1.127,-88.705,0.06,-92.754,69.838,-0.391,1.491,-1.828,-0.002,0.319,-0.355,-0.0,10.13,10.2,-0.9,0.12,-0.02,0.679,-2.592,3.128,0.005,-0.57,0.715,,
2026-02-06 12:20:35.294,pick_to_retreat_feeder,-688.521,193.042,1898.899,179.715,0.193,95.316,-14.866,1.208,-88.805,0.06,-92.738,69.82,-0.346,1.321,-1.619,-0.001,0.28,-0.311,-0.01,9.98,10.12,-0.93,0.16,-0.02,0.632,-2.413,2.913,0.005,-0.53,0.663,,
2026-02-06 12:20:35.398,pick_to_retreat_feeder,-687.287,192.991,1898.636,179.713,0.194,95.312,-14.888,1.29,-88.905,0.06,-92.721,69.802,-0.313,1.195,-1.466,-0.001,0.251,-0.279,0.02,9.84,10.31,-0.92,0.06,-0.05,0.566,-2.163,2.612,0.004,-0.477,0.597,,
2026-02-06 12:20:35.498,pick_to_retreat_feeder,-686.139,192.943,1898.389,179.711,0.195,95.309,-14.908,1.366,-88.999,0.06,-92.706,69.785,-0.285,1.087,-1.333,-0.001,0.226,-0.25,0.11,9.85,10.21,-0.91,0.08,-0.07,0.525,-2.004,2.421,0.004,-0.442,0.552,,
2026-02-06 12:20:35.598,pick_to_retreat_feeder,-685.24,192.905,1898.196,179.709,0.195,95.306,-14.924,1.426,-89.072,0.06,-92.694,69.773,-0.253,0.964,-1.182,-0.001,0.199,-0.22,-0.01,9.84,10.22,-0.95,0.07,-0.07,0.516,-1.969,2.382,0.004,-0.432,0.534,,
2026-02-06 12:20:35.700,pick_to_retreat_feeder,-684.391,192.868,1898.012,179.708,0.196,95.303,-14.938,1.482,-89.141,0.059,-92.683,69.761,-0.226,0.864,-1.059,-0.001,0.177,-0.195,-0.02,9.83,10.2,-0.93,0.14,-0.06,0.473,-1.806,2.185,0.003,-0.396,0.489,,
2026-02-06 12:20:35.801,pick_to_retreat_feeder,-683.594,192.833,1897.839,179.706,0.197,95.3,-14.952,1.535,-89.206,0.059,-92.673,69.75,-0.204,0.78,-0.957,-0.001,0.158,-0.174,0.11,9.75,10.21,-0.97,0.04,0.04,0.435,-1.66,2.009,0.003,-0.364,0.449,,
2026-02-06 12:20:35.902,pick_to_retreat_feeder,-682.825,192.799,1897.671,179.705,0.197,95.298,-14.966,1.586,-89.268,0.059,-92.663,69.739,-0.187,0.713,-0.874,-0.001,0.143,-0.157,-0.04,9.64,10.19,-0.9,0.12,-0.0,0.396,-1.512,1.83,0.003,-0.332,0.409,,
2026-02-06 12:20:36.005,pick_to_retreat_feeder,-682.114,192.767,1897.515,179.703,0.198,95.295,-14.978,1.633,-89.326,0.059,-92.654,69.729,-0.171,0.652,-0.8,-0.0,0.13,-0.142,-0.07,9.72,10.31,-0.99,0.09,-0.01,0.366,-1.399,1.694,0.003,-0.307,0.377,,
2026-02-06 12:20:36.108,pick_to_retreat_feeder,-681.555,192.742,1897.392,179.702,0.198,95.293,-14.988,1.67,-89.371,0.059,-92.647,69.722,-0.152,0.582,-0.713,-0.0,0.115,-0.125,0.1,9.62,10.24,-1.03,0.03,-0.05,0.356,-1.361,1.65,0.002,-0.297,0.361,waypoint,
2026-02-06 12:20:36.215,retreat_feeder_to_approach_machine,-668.125,213.748,1898.257,179.766,0.166,92.862,-16.929,2.139,-89.755,0.054,-92.661,70.212,-4.967,1.608,-1.493,-0.014,0.052,1.131,-0.33,10.21,9.96,-0.97,-0.06,1.2,-18.993,3.092,-1.894,-0.054,-0.472,5.3,,
2026-02-06 12:20:36.318,retreat_feeder_to_approach_machine,-619.748,279.059,1901.037,179.847,0.101,80.83,-23.4,3.623,-90.936,0.037,-92.86,75.772,-19.903,4.916,-4.072,-0.053,-0.459,14.749,-0.48,9.95,9.77,-0.92,-0.26,3.85,-62.395,12.934,-9.682,-0.161,-2.284,55.471,,
2026-02-06 12:20:36.420,retreat_feeder_to_approach_machine,-570.365,331.375,1903.088,179.835,0.07,66.754,-29.288,4.974,-92.01,0.029,-93.135,83.96,-29.648,7.064,-5.74,-0.06,-1.032,31.531,-0.72,9.69,9.64,-0.89,-0.59,6.59,-50.324,10.312,-7.647,-0.056,-2.813,76.202,,
2026-02-06 12:20:36.521,retreat_feeder_to_approach_machine,-509.143,382.353,1904.862,179.791,0.029,49.066,-36.005,6.516,-93.235,0.024,-93.486,94.93,-39.029,9.153,-7.369,-0.057,-1.651,51.075,-0.83,9.16,9.67,-0.94,-0.73,8.57,-53.584,11.188,-8.395,-0.021,-3.287,96.41,,
2026-02-06 12:20:36.625,retreat_feeder_to_approach_machine,-458.308,415.689,1905.83,179.756,-0.015,34.689,-41.281,7.727,-94.198,0.021,-93.769,104.031,-42.462,9.892,-7.933,-0.049,-1.946,61.057,-0.92,8.51,9.53,-0.87,-0.92,10.12,-33.813,6.763,-4.926,0.006,-2.281,68.063,,
2026-02-06 12:20:36.726,retreat_feeder_to_approach_machine,-411.08,440.587,1906.381,179.733,-0.064,21.647,-46.032,8.817,-95.065,0.019,-94.024,112.322,-43.723,10.146,-8.117,-0.042,-2.097,66.521,-0.99,7.91,9.47,-1.0,-0.92,10.86,-25.179,4.882,-3.475,0.011,-1.773,53.17,,
2026-02-06 12:20:36.828,retreat_feeder_to_approach_machine,-367.793,458.85,1906.618,179.721,-0.113,9.92,-50.31,9.799,-95.845,0.018,-94.252,119.772,-43.487,10.064,-8.039,-0.036,-2.143,68.516,-1.04,7.27,9.58,-0.87,-0.97,11.27,-17.932,3.308,-2.265,0.013,-1.329,39.439,,
2026-02-06 12:20:36.930,retreat_feeder_to_approach_machine,-327.21,472.323,1906.619,179.719,-0.16,-0.931,-54.288,10.713,-96.571,0.016,-94.463,126.645,-42.56,9.831,-7.843,-0.031,-2.134,68.568,-1.16,6.68,9.53,-0.95,-0.93,11.21,-13.139,2.289,-1.491,0.012,-1.02,29.72,,
2026-02-06 12:20:37.035,retreat_feeder_to_approach_machine,-293.062,481.063,1906.455,179.724,-0.201,-9.991,-57.631,11.48,-97.181,0.015,-94.639,132.362,-40.277,9.292,-7.407,-0.027,-2.04,65.719,-1.21,6.18,9.68,-0.97,-0.9,10.98,-5.476,0.602,-0.183,0.012,-0.568,15.195,,
2026-02-06 12:20:37.136,retreat_feeder_to_approach_machine,-263.35,486.796,1906.191,179.733,-0.236,-17.848,-60.549,12.15,-97.713,0.013,-94.791,137.301,-37.504,8.644,-6.887,-0.024,-1.91,61.637,-1.23,5.61,9.73,-0.91,-1.0,10.63,-0.683,-0.433,0.609,0.012,-0.276,5.893,,
2026-02-06 12:20:37.241,retreat_feeder_to_approach_machine,-234.696,490.702,1905.825,179.747,-0.268,-25.423,-63.382,12.8,-98.23,0.012,-94.937,142.043,-35.211,8.109,-6.457,-0.022,-1.799,58.082,-1.21,5.08,9.66,-1.09,-0.79,10.1,0.239,-0.586,0.704,0.01,-0.192,3.332,,
2026-02-06 12:20:37.342,retreat_feeder_to_approach_machine,-209.129,492.849,1905.405,179.762,-0.296,-32.195,-65.933,13.386,-98.696,0.01,-95.068,146.263,-32.786,7.545,-6.006,-0.02,-1.676,54.113,-1.17,4.67,9.69,-1.02,-0.82,9.56,3.034,-1.174,1.148,0.009,-0.016,-2.215,,
2026-02-06 12:20:37.444,retreat_feeder_to_approach_machine,-183.412,493.73,1904.889,179.781,-0.322,-39.032,-68.529,13.982,-99.169,0.008,-95.2,150.504,-31.078,7.149,-5.689,-0.019,-1.587,51.187,-1.11,4.39,9.73,-0.98,-0.77,8.95,2.286,-0.955,0.952,0.006,-0.025,-1.79,,
2026-02-06 12:20:37.545,retreat_feeder_to_approach_machine,-162.814,493.503,1904.404,179.799,-0.341,-44.533,-70.634,14.465,-99.553,0.007,-95.306,153.9,-28.573,6.57,-5.227,-0.018,-1.455,46.881,-1.14,3.95,9.79,-0.92,-0.68,8.23,6.959,-1.985,1.751,0.007,0.237,-10.056,,
2026-02-06 12:20:37.647,retreat_feeder_to_approach_machine,-145.137,492.636,1903.936,179.816,-0.356,-49.279,-72.464,14.885,-99.887,0.006,-95.397,156.816,-26.003,5.977,-4.755,-0.017,-1.32,42.45,-1.06,3.59,9.85,-0.99,-0.61,7.57,9.024,-2.42,2.08,0.007,0.36,-13.855,,
2026-02-06 12:20:37.748,retreat_feeder_to_approach_machine,-129.925,491.385,1903.492,179.832,-0.368,-53.383,-74.057,15.25,-100.178,0.004,-95.476,159.327,-23.486,5.397,-4.293,-0.016,-1.187,38.114,-0.92,3.3,9.9,-0.92,-0.5,6.94,10.482,-2.72,2.302,0.008,0.449,-16.524,,
2026-02-06 12:20:37.849,retreat_feeder_to_approach_machine,-116.335,489.866,1903.062,179.847,-0.377,-57.066,-75.497,15.581,-100.44,0.003,-95.547,161.57,-21.214,4.874,-3.876,-0.015,-1.066,34.193,-1.0,3.05,9.94,-1.03,-0.46,6.37,10.967,-2.8,2.352,0.007,0.486,-17.544,,
2026-02-06 12:20:37.950,retreat_feeder_to_approach_machine,-101.762,487.807,1902.565,179.863,-0.386,-61.035,-77.061,15.94,-100.726,0.001,-95.623,163.975,-19.819,4.553,-3.62,-0.015,-0.99,31.658,-0.85,2.78,10.01,-0.97,-0.5,5.67,8.635,-2.237,1.891,0.004,0.384,-14.169,,
2026-02-06 12:20:38.051,retreat_feeder_to_approach_machine,-90.806,485.959,1902.164,179.877,-0.392,-64.032,-78.25,16.213,-100.943,0.0,-95.68,165.782,-17.839,4.097,-3.258,-0.015,-0.885,28.261,-0.7,2.57,10.08,-0.99,-0.53,5.33,11.508,-2.871,2.384,0.007,0.533,-18.733,,
2026-02-06 12:20:38.151,retreat_feeder_to_approach_machine,-82.003,484.286,1901.826,179.887,-0.395,-66.448,-79.216,16.434,-101.119,-0.001,-95.726,167.232,-15.794,3.627,-2.884,-0.014,-0.779,24.822,-0.77,2.46,9.98,-0.85,-0.36,4.73,12.599,-3.098,2.554,0.008,0.591,-20.427,,
2026-02-06 12:20:38.252,retreat_feeder_to_approach_machine,-74.062,482.628,1901.507,179.897,-0.398,-68.634,-80.095,16.636,-101.279,-0.002,-95.768,168.539,-14.043,3.225,-2.564,-0.013,-0.688,21.883,-0.65,2.27,10.01,-0.97,-0.4,4.28,12.205,-2.987,2.457,0.007,0.577,-19.824,,
2026-02-06 12:20:38.352,retreat_feeder_to_approach_machine,-66.895,481.01,1901.208,179.907,-0.4,-70.611,-80.896,16.82,-101.425,-0.003,-95.805,169.716,-12.533,2.878,-2.288,-0.012,-0.61,19.354,-0.61,2.05,10.15,-0.89,-0.37,3.9,11.773,-2.869,2.355,0.007,0.56,-19.138,,
2026-02-06 12:20:38.457,retreat_feeder_to_approach_machine,-59.02,479.097,1900.867,179.917,-0.402,-72.788,-81.783,17.023,-101.587,-0.004,-95.846,171.005,-11.617,2.667,-2.121,-0.012,-0.561,17.739,-0.62,2.01,10.14,-0.92,-0.37,3.63,9.728,-2.383,1.961,0.005,0.467,-16.099,,
2026-02-06 12:20:38.559,retreat_feeder_to_approach_machine,-53.307,477.618,1900.61,179.924,-0.403,-74.369,-82.432,17.172,-101.706,-0.005,-95.876,171.937,-10.335,2.373,-1.887,-0.011,-0.495,15.634,-0.56,1.78,10.11,-0.92,-0.29,3.13,11.137,-2.691,2.2,0.007,0.533,-18.062,,
2026-02-06 12:20:38.661,retreat_feeder_to_approach_machine,-48.143,476.216,1900.372,179.931,-0.403,-75.799,-83.022,17.308,-101.813,-0.006,-95.903,172.777,-9.228,2.118,-1.684,-0.01,-0.439,13.824,-0.49,1.68,10.18,-0.95,-0.23,2.92,10.605,-2.556,2.086,0.007,0.509,-17.181,,
2026-02-06 12:20:38.761,retreat_feeder_to_approach_machine,-43.472,474.892,1900.152,179.937,-0.403,-77.093,-83.56,17.431,-101.912,-0.007,-95.928,173.533,-8.265,1.897,-1.509,-0.01,-0.39,12.259,-0.42,1.6,10.13,-0.93,-0.18,2.56,10.074,-2.422,1.974,0.006,0.484,-16.296,,
2026-02-06 12:20:38.865,retreat_feeder_to_approach_machine,-39.245,473.648,1899.948,179.943,-0.403,-78.264,-84.049,17.544,-102.001,-0.007,-95.95,174.214,-7.423,1.704,-1.355,-0.009,-0.347,10.897,-0.35,1.53,10.09,-1.11,-0.2,2.36,9.549,-2.29,1.865,0.006,0.46,-15.417,,
2026-02-06 12:20:38.967,retreat_feeder_to_approach_machine,-34.589,472.228,1899.718,179.949,-0.403,-79.553,-84.592,17.668,-102.1,-0.008,-95.974,174.96,-6.923,1.589,-1.264,-0.009,-0.321,10.038,-0.33,1.52,10.2,-0.96,-0.27,2.07,8.063,-1.94,1.581,0.004,0.392,-13.224,,
2026-02-06 12:20:39.069,retreat_feeder_to_approach_machine,-30.71,471.004,1899.522,179.954,-0.402,-80.625,-85.047,17.772,-102.183,-0.009,-95.994,175.578,-6.329,1.453,-1.155,-0.009,-0.291,9.073,-0.38,1.46,10.1,-0.97,-0.15,1.84,8.136,-1.947,1.583,0.005,0.394,-13.189,,
2026-02-06 12:20:39.170,retreat_feeder_to_approach_machine,-27.357,469.915,1899.35,179.959,-0.401,-81.551,-85.442,17.863,-102.255,-0.01,-96.011,176.108,-5.735,1.316,-1.047,-0.008,-0.261,8.13,-0.24,1.39,10.16,-0.99,-0.15,1.69,7.918,-1.889,1.534,0.005,0.383,-12.743,,
2026-02-06 12:20:39.272,retreat_feeder_to_approach_machine,-24.451,468.949,1899.198,179.963,-0.4,-82.351,-85.786,17.942,-102.318,-0.01,-96.026,176.564,-5.161,1.184,-0.942,-0.008,-0.233,7.239,-0.32,1.36,10.13,-0.94,-0.16,1.48,7.636,-1.817,1.473,0.005,0.368,-12.206,,
2026-02-06 12:20:39.373,retreat_feeder_to_approach_machine,-21.835,468.06,1899.059,179.966,-0.399,-83.07,-86.097,18.013,-102.374,-0.011,-96.039,176.972,-4.648,1.067,-0.848,-0.007,-0.208,6.449,-0.24,1.2,10.18,-0.88,-0.1,1.37,7.204,-1.712,1.387,0.005,0.347,-11.472,,
2026-02-06 12:20:39.473,retreat_feeder_to_approach_machine,-18.928,467.053,1898.903,179.97,-0.398,-83.866,-86.444,18.093,-102.438,-0.012,-96.054,177.422,-4.354,0.999,-0.795,-0.007,-0.193,5.96,-0.19,1.27,10.23,-0.87,-0.05,1.07,6.124,-1.458,1.182,0.004,0.298,-9.91,,
2026-02-06 12:20:39.576,retreat_feeder_to_approach_machine,-16.861,466.323,1898.791,179.973,-0.397,-84.431,-86.692,18.15,-102.483,-0.012,-96.064,177.738,-3.884,0.891,-0.709,-0.007,-0.171,5.261,-0.24,1.22,10.25,-0.96,-0.22,0.96,6.504,-1.54,1.245,0.005,0.311,-10.246,,
2026-02-06 12:20:39.677,retreat_feeder_to_approach_machine,-14.999,465.656,1898.689,179.975,-0.396,-84.938,-86.915,18.201,-102.524,-0.013,-96.074,178.021,-3.473,0.797,-0.634,-0.006,-0.151,4.653,-0.19,1.19,10.24,-0.92,-0.06,0.97,6.092,-1.441,1.164,0.005,0.291,-9.559,,
2026-02-06 12:20:39.778,retreat_feeder_to_approach_machine,-13.321,465.047,1898.596,179.978,-0.395,-85.393,-87.118,18.247,-102.561,-0.013,-96.082,178.274,-3.11,0.714,-0.568,-0.006,-0.134,4.122,-0.21,1.06,10.2,-0.93,-0.02,0.8,5.699,-1.346,1.087,0.005,0.272,-8.904,,
2026-02-06 12:20:39.880,retreat_feeder_to_approach_machine,-11.86,464.511,1898.514,179.98,-0.394,-85.788,-87.294,18.288,-102.593,-0.013,-96.089,178.492,-2.774,0.636,-0.506,-0.005,-0.119,3.637,-0.14,1.01,10.24,-0.99,-0.03,0.77,5.386,-1.27,1.025,0.005,0.256,-8.359,,
2026-02-06 12:20:39.983,retreat_feeder_to_approach_machine,-10.125,463.867,1898.417,179.982,-0.392,-86.254,-87.504,18.336,-102.631,-0.014,-96.098,178.749,-2.606,0.598,-0.476,-0.005,-0.11,3.369,-0.14,0.97,10.23,-0.98,-0.09,0.74,4.511,-1.066,0.861,0.003,0.217,-7.141,,
2026-02-06 12:20:40.083,retreat_feeder_to_approach_machine,-8.927,463.418,1898.349,179.983,-0.392,-86.575,-87.65,18.37,-102.658,-0.014,-96.104,178.924,-2.318,0.532,-0.423,-0.005,-0.097,2.965,-0.14,0.99,10.29,-0.96,-0.09,0.6,4.706,-1.108,0.893,0.004,0.222,-7.238,,
2026-02-06 12:20:40.184,retreat_feeder_to_approach_machine,-7.845,463.009,1898.287,179.985,-0.391,-86.863,-87.781,18.4,-102.682,-0.015,-96.109,179.08,-2.068,0.474,-0.377,-0.004,-0.086,2.615,-0.17,0.93,10.27,-1.01,-0.17,0.53,4.376,-1.029,0.829,0.004,0.206,-6.701,,
2026-02-06 12:20:40.286,retreat_feeder_to_approach_machine,-6.87,462.638,1898.231,179.986,-0.39,-87.122,-87.9,18.427,-102.704,-0.015,-96.113,179.22,-1.848,0.424,-0.337,-0.004,-0.076,2.311,-0.11,0.96,10.29,-0.96,-0.06,0.33,4.065,-0.955,0.77,0.004,0.191,-6.198,,
2026-02-06 12:20:40.387,retreat_feeder_to_approach_machine,-6.019,462.312,1898.182,179.987,-0.389,-87.347,-88.004,18.451,-102.723,-0.015,-96.117,179.341,-1.645,0.377,-0.3,-0.004,-0.067,2.036,-0.07,0.99,10.37,-0.91,-0.08,0.39,3.809,-0.894,0.72,0.004,0.178,-5.769,,
2026-02-06 12:20:40.488,retreat_feeder_to_approach_machine,-5.035,461.933,1898.125,179.988,-0.388,-87.606,-88.124,18.478,-102.744,-0.015,-96.122,179.48,-1.535,0.352,-0.28,-0.004,-0.062,1.873,-0.11,0.84,10.25,-1.07,0.0,0.44,3.263,-0.767,0.618,0.003,0.154,-5.017,,
2026-02-06 12:20:40.589,retreat_feeder_to_approach_machine,-4.334,461.661,1898.085,179.989,-0.387,-87.789,-88.21,18.498,-102.76,-0.016,-96.125,179.577,-1.366,0.313,-0.249,-0.003,-0.055,1.648,0.01,0.91,10.26,-0.99,-0.01,0.43,3.281,-0.769,0.619,0.004,0.153,-4.924,,
2026-02-06 12:20:40.689,retreat_feeder_to_approach_machine,-3.7,461.415,1898.048,179.99,-0.387,-87.954,-88.288,18.516,-102.774,-0.016,-96.128,179.664,-1.218,0.279,-0.222,-0.003,-0.048,1.454,-0.15,0.93,10.29,-0.94,-0.02,0.38,3.036,-0.711,0.572,0.003,0.141,-4.536,,
2026-02-06 12:20:40.790,retreat_feeder_to_approach_machine,-3.148,461.199,1898.015,179.991,-0.386,-88.097,-88.356,18.531,-102.787,-0.016,-96.131,179.739,-1.083,0.248,-0.198,-0.003,-0.043,1.278,-0.0,0.84,10.2,-0.92,-0.06,0.34,2.831,-0.663,0.533,0.003,0.131,-4.201,,
2026-02-06 12:20:40.893,retreat_feeder_to_approach_machine,-2.612,460.988,1897.984,179.992,-0.385,-88.235,-88.421,18.547,-102.799,-0.016,-96.133,179.812,-0.977,0.224,-0.178,-0.002,-0.038,1.139,-0.1,0.8,10.21,-1.01,-0.04,0.22,2.567,-0.601,0.483,0.003,0.119,-3.811,,
2026-02-06 12:20:40.993,retreat_feeder_to_approach_machine,-2.068,460.774,1897.952,179.992,-0.385,-88.374,-88.488,18.562,-102.811,-0.016,-96.136,179.884,-0.9,0.206,-0.164,-0.002,-0.035,1.036,0.0,0.85,10.17,-0.91,0.01,0.17,2.299,-0.538,0.433,0.003,0.107,-3.427,,
2026-02-06 12:20:41.095,retreat_feeder_to_approach_machine,-1.641,460.605,1897.927,179.993,-0.384,-88.483,-88.541,18.574,-102.82,-0.017,-96.138,179.94,-0.806,0.185,-0.147,-0.002,-0.031,0.917,0.01,0.86,10.23,-0.93,-0.13,0.32,2.213,-0.518,0.416,0.003,0.101,-3.247,,
2026-02-06 12:20:41.197,retreat_feeder_to_approach_machine,-1.269,460.458,1897.905,179.993,-0.384,-88.577,-88.587,18.584,-102.829,-0.017,-96.139,179.989,-0.719,0.165,-0.131,-0.002,-0.027,0.809,0.01,0.88,10.29,-0.93,0.02,0.18,2.059,-0.481,0.387,0.003,0.094,-3.0,,
2026-02-06 12:20:41.298,retreat_feeder_to_approach_machine,-0.933,460.325,1897.885,179.994,-0.383,-88.662,-88.628,18.594,-102.836,-0.017,-96.141,180.032,-0.643,0.147,-0.117,-0.002,-0.024,0.715,-0.1,0.86,10.25,-1.04,-0.01,0.06,1.897,-0.443,0.356,0.003,0.086,-2.752,,
2026-02-06 12:20:41.400,retreat_feeder_to_approach_machine,-0.639,460.208,1897.867,179.994,-0.383,-88.735,-88.664,18.602,-102.843,-0.017,-96.142,180.069,-0.572,0.131,-0.104,-0.002,-0.021,0.63,-0.06,0.91,10.27,-0.92,0.06,0.09,1.76,-0.411,0.33,0.002,0.08,-2.536,waypoint,
2026-02-06 12:20:41.505,retreat_feeder_to_approach_machine,-0.862,484.076,1885.605,179.929,-1.392,-87.119,-88.711,16.875,-102.687,0.009,-95.582,178.41,-0.545,-4.22,0.312,0.064,1.385,-3.677,-0.1,1.27,10.34,-0.93,1.51,-1.63,1.482,-17.726,1.924,0.266,5.687,-19.253,,
2026-02-06 12:20:41.606,retreat_feeder_to_approach_machine,-1.395,522.681,1865.122,179.703,-1.791,-80.724,-88.751,14.208,-102.446,0.021,-93.577,171.979,-0.509,-9.832,0.836,0.078,6.051,-18.834,-0.2,1.85,10.41,-0.94,3.31,-4.0,1.397,-25.348,2.577,0.095,19.564,-65.037,,
2026-02-06 12:20:41.708,retreat_feeder_to_approach_machine,-1.776,556.608,1845.741,179.503,-1.628,-73.226,-88.787,11.886,-102.24,0.018,-91.348,164.446,-0.474,-13.179,1.143,0.052,10.111,-32.958,-0.33,2.5,10.55,-0.9,4.98,-5.94,1.29,-19.366,1.978,-0.059,19.854,-69.554,,
2026-02-06 12:20:41.811,retreat_feeder_to_approach_machine,-2.065,586.928,1827.047,179.391,-1.337,-65.792,-88.821,9.788,-102.054,0.014,-89.202,156.978,-0.44,-15.13,1.322,0.028,12.947,-43.39,-0.19,3.36,10.56,-0.98,6.0,-7.5,1.19,-15.192,1.574,-0.072,17.028,-61.959,,
2026-02-06 12:20:41.912,retreat_feeder_to_approach_machine,-2.298,615.654,1807.981,179.356,-1.03,-58.399,-88.854,7.763,-101.875,0.01,-87.103,149.55,-0.412,-16.409,1.44,0.011,14.96,-51.112,-0.28,4.05,10.67,-0.91,6.7,-8.54,1.081,-12.935,1.35,-0.058,14.868,-55.355,,
2026-02-06 12:20:42.015,retreat_feeder_to_approach_machine,-2.48,642.464,1788.88,179.38,-0.755,-51.312,-88.886,5.832,-101.704,0.007,-85.105,142.429,-0.388,-17.133,1.507,0.002,16.214,-56.135,-0.31,4.83,10.64,-0.97,6.93,-9.08,0.988,-10.703,1.133,-0.04,12.361,-46.742,,
2026-02-06 12:20:42.118,retreat_feeder_to_approach_machine,-2.593,662.378,1773.808,179.429,-0.571,-45.966,-88.909,4.368,-101.574,0.006,-83.602,137.059,-0.35,-16.51,1.455,-0.002,15.919,-55.528,-0.39,5.71,10.61,-0.85,7.06,-9.1,0.965,-4.966,0.607,-0.024,6.182,-24.574,,
2026-02-06 12:20:42.220,retreat_feeder_to_approach_machine,-2.676,680.111,1759.707,179.489,-0.426,-41.158,-88.931,3.041,-101.456,0.005,-82.249,132.228,-0.316,-15.702,1.385,-0.004,15.319,-53.723,-0.43,6.44,10.66,-0.83,6.93,-9.15,0.891,-3.108,0.426,-0.016,4.052,-16.714,,
2026-02-06 12:20:42.323,retreat_feeder_to_approach_machine,-2.736,695.915,1746.569,179.551,-0.314,-36.839,-88.95,1.836,-101.349,0.005,-81.034,127.889,-0.286,-14.788,1.306,-0.004,14.529,-51.138,-0.33,7.19,10.55,-0.92,6.75,-8.88,0.823,-1.562,0.275,-0.011,2.283,-10.123,,
2026-02-06 12:20:42.424,retreat_feeder_to_approach_machine,-2.78,710.991,1733.502,179.617,-0.223,-32.692,-88.969,0.667,-101.245,0.004,-79.864,123.723,-0.262,-14.014,1.239,-0.004,13.821,-48.769,-0.26,7.77,10.62,-1.0,6.39,-8.57,0.746,-1.054,0.217,-0.009,1.592,-7.387,,
2026-02-06 12:20:42.526,retreat_feeder_to_approach_machine,-2.807,723.903,1721.873,179.674,-0.158,-29.121,-88.986,-0.351,-101.155,0.004,-78.855,120.135,-0.237,-13.056,1.156,-0.004,12.889,-45.547,-0.33,8.33,10.47,-0.95,6.02,-8.1,0.697,0.56,0.061,-0.007,-0.169,-0.864,,
2026-02-06 12:20:42.631,retreat_feeder_to_approach_machine,-2.822,735.003,1711.534,179.723,-0.111,-26.038,-89.0,-1.24,-101.076,0.004,-77.981,117.038,-0.214,-12.014,1.064,-0.004,11.85,-41.904,-0.32,8.99,10.54,-1.0,5.78,-7.63,0.648,1.797,-0.059,-0.006,-1.511,4.123,,
2026-02-06 12:20:42.733,retreat_feeder_to_approach_machine,-2.829,744.582,1702.347,179.763,-0.078,-23.369,-89.012,-2.018,-101.007,0.003,-77.223,114.356,-0.191,-10.955,0.971,-0.003,10.782,-38.132,-0.24,9.54,10.59,-1.01,5.34,-7.12,0.601,2.729,-0.152,-0.006,-2.516,7.872,,
2026-02-06 12:20:42.834,retreat_feeder_to_approach_machine,-2.829,753.189,1693.872,179.796,-0.054,-20.965,-89.024,-2.726,-100.944,0.003,-76.539,111.94,-0.172,-9.987,0.886,-0.003,9.798,-34.638,-0.17,9.98,10.44,-0.88,4.98,-6.62,0.553,3.154,-0.198,-0.005,-3.0,9.746,,
2026-02-06 12:20:42.934,retreat_feeder_to_approach_machine,-2.825,761.772,1685.204,179.826,-0.034,-18.564,-89.035,-3.441,-100.88,0.003,-75.854,109.528,-0.157,-9.278,0.823,-0.004,9.061,-32.01,-0.19,10.48,10.44,-1.01,4.66,-6.08,0.496,2.768,-0.172,-0.006,-2.691,8.801,,
2026-02-06 12:20:43.037,retreat_feeder_to_approach_machine,-2.817,768.906,1677.828,179.848,-0.021,-16.566,-89.045,-4.043,-100.827,0.002,-75.282,107.521,-0.142,-8.462,0.751,-0.004,8.225,-29.025,-0.15,10.8,10.38,-0.96,4.24,-5.62,0.465,3.626,-0.256,-0.006,-3.558,11.977,,
2026-02-06 12:20:43.139,retreat_feeder_to_approach_machine,-2.806,775.305,1671.073,179.863,-0.013,-14.774,-89.053,-4.589,-100.778,0.002,-74.768,105.721,-0.128,-7.711,0.685,-0.004,7.454,-26.27,-0.15,11.34,10.37,-0.97,3.98,-5.13,0.428,3.823,-0.28,-0.006,-3.777,12.844,,
2026-02-06 12:20:43.241,retreat_feeder_to_approach_machine,-2.794,781.251,1664.674,179.875,-0.006,-13.11,-89.061,-5.101,-100.732,0.001,-74.29,104.049,-0.116,-7.064,0.628,-0.005,6.787,-23.882,-0.16,11.5,10.32,-0.93,3.63,-4.67,0.39,3.774,-0.281,-0.006,-3.753,12.847,,
2026-02-06 12:20:43.345,retreat_feeder_to_approach_machine,-2.78,786.572,1658.844,179.882,-0.002,-11.624,-89.069,-5.564,-100.691,0.0,-73.861,102.555,-0.106,-6.456,0.574,-0.005,6.163,-21.646,-0.3,11.84,10.25,-1.02,3.29,-4.28,0.359,3.89,-0.297,-0.006,-3.875,13.342,,
2026-02-06 12:20:43.445,retreat_feeder_to_approach_machine,-2.766,791.336,1653.539,179.885,0.001,-10.296,-89.075,-5.982,-100.654,-0.0,-73.476,101.22,-0.096,-5.888,0.524,-0.006,5.583,-19.571,-0.18,12.05,10.25,-0.94,2.93,-3.97,0.33,3.946,-0.307,-0.006,-3.934,13.598,,
2026-02-06 12:20:43.547,retreat_feeder_to_approach_machine,-2.748,796.461,1647.738,179.885,0.003,-8.871,-89.083,-6.437,-100.613,-0.001,-73.063,99.789,-0.09,-5.552,0.494,-0.006,5.221,-18.256,-0.15,12.42,10.19,-0.96,2.72,-3.48,0.292,3.193,-0.244,-0.007,-3.249,11.274,,
2026-02-06 12:20:43.651,retreat_feeder_to_approach_machine,-2.734,800.073,1643.588,179.882,0.004,-7.871,-89.088,-6.76,-100.585,-0.002,-72.771,98.784,-0.08,-4.972,0.442,-0.007,4.644,-16.205,-0.1,12.62,10.11,-0.94,2.46,-3.28,0.283,4.186,-0.337,-0.005,-4.146,14.408,,
2026-02-06 12:20:43.752,retreat_feeder_to_approach_machine,-2.721,803.211,1639.94,179.878,0.004,-7.005,-89.092,-7.043,-100.559,-0.003,-72.518,97.914,-0.071,-4.435,0.395,-0.007,4.115,-14.328,-0.15,12.83,10.16,-0.96,2.23,-2.83,0.262,4.172,-0.339,-0.004,-4.116,14.318,,
2026-02-06 12:20:43.853,retreat_feeder_to_approach_machine,-2.709,806.05,1636.605,179.872,0.004,-6.226,-89.096,-7.3,-100.537,-0.003,-72.29,97.131,-0.064,-3.97,0.353,-0.007,3.657,-12.705,-0.01,12.95,10.14,-1.0,2.08,-2.59,0.239,4.008,-0.328,-0.004,-3.949,13.75,,
2026-02-06 12:20:43.954,retreat_feeder_to_approach_machine,-2.695,808.991,1633.113,179.864,0.004,-5.422,-89.1,-7.568,-100.513,-0.004,-72.054,96.323,-0.058,-3.648,0.325,-0.007,3.334,-11.549,-0.14,13.23,9.91,-0.91,1.86,-2.41,0.214,3.497,-0.285,-0.004,-3.476,12.131,,
2026-02-06 12:20:44.055,retreat_feeder_to_approach_machine,-2.682,811.448,1630.168,179.856,0.004,-4.754,-89.104,-7.794,-100.492,-0.005,-71.857,95.652,-0.052,-3.3,0.294,-0.007,2.992,-10.339,-0.1,13.34,9.96,-0.93,1.63,-2.06,0.199,3.576,-0.295,-0.003,-3.523,12.287,,
2026-02-06 12:20:44.157,retreat_feeder_to_approach_machine,-2.671,813.506,1627.68,179.847,0.004,-4.198,-89.107,-7.984,-100.476,-0.006,-71.693,95.093,-0.047,-2.95,0.263,-0.007,2.655,-9.152,-0.14,13.49,10.0,-0.91,1.49,-1.94,0.185,3.574,-0.297,-0.002,-3.494,12.179,,
2026-02-06 12:20:44.258,retreat_feeder_to_approach_machine,-2.661,815.37,1625.409,179.838,0.004,-3.697,-89.11,-8.157,-100.46,-0.006,-71.544,94.589,-0.042,-2.645,0.236,-0.007,2.363,-8.123,0.05,13.67,9.97,-0.91,1.33,-1.78,0.169,3.387,-0.282,-0.002,-3.304,11.516,,
2026-02-06 12:20:44.361,retreat_feeder_to_approach_machine,-2.651,817.121,1623.26,179.829,0.004,-3.229,-89.112,-8.32,-100.446,-0.007,-71.405,94.119,-0.038,-2.391,0.213,-0.007,2.12,-7.267,-0.12,13.77,10.05,-0.97,1.13,-1.64,0.154,3.146,-0.263,-0.002,-3.068,10.699,,
2026-02-06 12:20:44.463,retreat_feeder_to_approach_machine,-2.641,818.813,1621.17,179.818,0.004,-2.78,-89.115,-8.478,-100.431,-0.008,-71.271,93.668,-0.035,-2.19,0.195,-0.007,1.924,-6.578,-0.11,13.89,9.94,-0.92,1.08,-1.45,0.139,2.879,-0.241,-0.002,-2.813,9.818,,
2026-02-06 12:20:44.567,retreat_feeder_to_approach_machine,-2.631,820.33,1619.284,179.808,0.005,-2.381,-89.117,-8.621,-100.419,-0.008,-71.152,93.267,-0.031,-1.999,0.178,-0.007,1.742,-5.937,-0.05,13.89,9.93,-0.88,0.97,-1.3,0.128,2.749,-0.231,-0.001,-2.676,9.333,,
2026-02-06 12:20:44.670,retreat_feeder_to_approach_machine,-2.623,821.601,1617.693,179.799,0.005,-2.048,-89.119,-8.741,-100.408,-0.009,-71.052,92.933,-0.028,-1.799,0.16,-0.007,1.556,-5.288,-0.05,14.05,9.87,-0.94,0.89,-1.17,0.119,2.7,-0.228,-0.001,-2.606,9.075,,
2026-02-06 12:20:44.771,retreat_feeder_to_approach_machine,-2.616,822.709,1616.3,179.79,0.005,-1.761,-89.12,-8.846,-100.399,-0.01,-70.966,92.644,-0.025,-1.612,0.144,-0.007,1.383,-4.688,0.01,14.14,9.84,-0.87,0.86,-1.0,0.109,2.58,-0.218,-0.0,-2.477,8.616,,
2026-02-06 12:20:44.872,retreat_feeder_to_approach_machine,-2.609,823.714,1615.029,179.781,0.005,-1.502,-89.122,-8.941,-100.39,-0.01,-70.887,92.383,-0.023,-1.448,0.129,-0.006,1.233,-4.167,0.02,14.14,9.8,-0.99,0.57,-0.89,0.1,2.416,-0.205,0.0,-2.313,8.042,,
2026-02-06 12:20:44.975,retreat_feeder_to_approach_machine,-2.601,824.89,1613.536,179.77,0.005,-1.201,-89.124,-9.054,-100.38,-0.011,-70.797,92.081,-0.021,-1.366,0.122,-0.006,1.152,-3.88,-0.09,14.19,9.84,-0.92,0.72,-0.86,0.087,2.009,-0.17,-0.001,-1.954,6.822,,
2026-02-06 12:20:45.078,retreat_feeder_to_approach_machine,-2.595,825.782,1612.398,179.761,0.005,-0.976,-89.125,-9.139,-100.372,-0.011,-70.728,91.855,-0.019,-1.238,0.111,-0.006,1.035,-3.477,-0.0,14.24,9.88,-0.8,0.59,-0.75,0.083,2.076,-0.177,0.0,-1.982,6.891,,
2026-02-06 12:20:45.182,retreat_feeder_to_approach_machine,-2.589,826.556,1611.406,179.752,0.005,-0.781,-89.126,-9.213,-100.366,-0.012,-70.669,91.659,-0.017,-1.114,0.1,-0.006,0.924,-3.096,0.02,14.29,9.82,-0.95,0.55,-0.67,0.076,1.978,-0.169,0.001,-1.878,6.517,,
2026-02-06 12:20:45.283,retreat_feeder_to_approach_machine,-2.584,827.254,1610.508,179.744,0.005,-0.608,-89.127,-9.28,-100.36,-0.012,-70.616,91.485,-0.016,-1.004,0.09,-0.006,0.826,-2.758,-0.03,14.36,9.86,-0.8,0.55,-0.53,0.07,1.852,-0.158,0.001,-1.751,6.073,,
2026-02-06 12:20:45.386,retreat_feeder_to_approach_machine,-2.58,827.883,1609.696,179.736,0.005,-0.453,-89.128,-9.341,-100.354,-0.013,-70.568,91.329,-0.014,-0.905,0.081,-0.005,0.738,-2.458,-0.07,14.45,9.79,-0.91,0.4,-0.5,0.064,1.732,-0.148,0.001,-1.631,5.652,,
2026-02-06 12:20:45.488,retreat_feeder_to_approach_machine,-2.574,828.564,1608.814,179.727,0.005,-0.286,-89.129,-9.407,-100.348,-0.013,-70.517,91.162,-0.013,-0.843,0.075,-0.005,0.682,-2.261,0.02,14.42,9.82,-0.99,0.35,-0.5,0.056,1.506,-0.129,0.0,-1.432,4.974,,
2026-02-06 12:20:45.591,retreat_feeder_to_approach_machine,-2.571,829.064,1608.164,179.721,0.005,-0.166,-89.13,-9.456,-100.344,-0.014,-70.48,91.04,-0.012,-0.754,0.067,-0.005,0.604,-2.0,-0.04,14.63,9.78,-1.02,0.38,-0.44,0.053,1.53,-0.131,0.002,-1.427,4.933,,
2026-02-06 12:20:45.696,retreat_feeder_to_approach_machine,-2.568,829.374,1607.758,179.716,0.006,-0.091,-89.13,-9.486,-100.341,-0.014,-70.457,90.965,-0.01,-0.641,0.057,-0.004,0.511,-1.687,0.03,14.62,9.71,-0.86,0.23,-0.37,0.051,1.56,-0.135,0.003,-1.427,4.905,,
2026-02-06 12:20:45.798,retreat_feeder_to_approach_machine,-2.565,829.723,1607.303,179.711,0.006,-0.008,-89.131,-9.52,-100.338,-0.014,-70.431,90.882,-0.009,-0.566,0.051,-0.004,0.448,-1.474,-0.04,14.59,9.76,-0.84,0.28,-0.25,0.045,1.367,-0.118,0.002,-1.258,4.33,,
2026-02-06 12:20:45.898,retreat_feeder_to_approach_machine,-2.563,830.069,1606.85,179.706,0.006,0.074,-89.131,-9.554,-100.335,-0.014,-70.405,90.8,-0.008,-0.509,0.045,-0.004,0.399,-1.311,0.02,14.64,9.8,-0.9,0.25,-0.24,0.041,1.231,-0.106,0.002,-1.134,3.908,,
2026-02-06 12:20:45.999,retreat_feeder_to_approach_machine,-2.56,830.469,1606.325,179.699,0.006,0.167,-89.132,-9.593,-100.332,-0.015,-70.376,90.706,-0.007,-0.479,0.043,-0.004,0.372,-1.218,-0.09,14.66,9.7,-0.89,0.11,-0.22,0.036,1.056,-0.091,0.001,-0.984,3.4,,
2026-02-06 12:20:46.103,retreat_feeder_to_approach_machine,-2.557,830.76,1605.942,179.694,0.006,0.235,-89.132,-9.621,-100.329,-0.015,-70.355,90.638,-0.007,-0.431,0.039,-0.003,0.332,-1.084,0.01,14.71,9.73,-0.97,0.21,-0.25,0.034,1.055,-0.091,0.002,-0.966,3.321,,
2026-02-06 12:20:46.204,retreat_feeder_to_approach_machine,-2.555,831.025,1605.592,179.69,0.006,0.296,-89.133,-9.647,-100.327,-0.015,-70.336,90.577,-0.006,-0.388,0.035,-0.003,0.297,-0.966,0.03,14.63,9.83,-0.93,0.15,-0.18,0.031,0.975,-0.084,0.002,-0.89,3.056,,
2026-02-06 12:20:46.306,retreat_feeder_to_approach_machine,-2.553,831.266,1605.274,179.686,0.006,0.351,-89.133,-9.671,-100.325,-0.016,-70.319,90.521,-0.005,-0.35,0.031,-0.003,0.266,-0.862,-0.02,14.72,9.67,-0.98,0.17,-0.21,0.028,0.901,-0.078,0.002,-0.819,2.811,,
2026-02-06 12:20:46.409,retreat_feeder_to_approach_machine,-2.551,831.477,1604.995,179.682,0.006,0.398,-89.133,-9.692,-100.323,-0.016,-70.304,90.474,-0.005,-0.315,0.028,-0.003,0.237,-0.766,-0.08,14.74,9.8,-0.93,0.22,-0.08,0.026,0.84,-0.073,0.002,-0.76,2.603,,
2026-02-06 12:20:46.512,retreat_feeder_to_approach_machine,-2.549,831.72,1604.673,179.677,0.006,0.453,-89.134,-9.716,-100.321,-0.016,-70.287,90.419,-0.005,-0.296,0.026,-0.003,0.221,-0.711,0.02,14.64,9.78,-0.91,0.12,-0.12,0.023,0.724,-0.063,0.001,-0.662,2.275,,
2026-02-06 12:20:46.614,retreat_feeder_to_approach_machine,-2.548,831.904,1604.428,179.673,0.006,0.493,-89.134,-9.734,-100.319,-0.016,-70.274,90.378,-0.004,-0.267,0.024,-0.002,0.198,-0.636,0.01,14.68,9.74,-0.99,0.19,-0.11,0.021,0.709,-0.062,0.002,-0.638,2.184,,
2026-02-06 12:20:46.717,retreat_feeder_to_approach_machine,-2.546,832.07,1604.207,179.67,0.006,0.53,-89.134,-9.75,-100.318,-0.016,-70.262,90.341,-0.004,-0.242,0.022,-0.002,0.177,-0.569,0.04,14.79,9.74,-0.87,0.17,-0.11,0.019,0.655,-0.057,0.002,-0.588,2.008,waypoint,
2026-02-06 12:20:46.819,retreat_feeder_to_approach_machine,-3.098,871.986,1608.138,-179.698,-0.015,0.568,-89.134,-12.153,-97.031,-0.042,-70.515,90.311,-0.003,-6.187,8.233,-0.067,-0.499,-0.501,-0.31,14.73,10.34,-0.86,-0.94,-0.07,0.021,-23.269,32.801,-0.257,-3.174,1.875,,
2026-02-06 12:20:46.921,retreat_feeder_to_approach_machine,-4.279,952.746,1612.326,-179.249,-0.021,0.593,-89.136,-17.216,-90.068,-0.05,-71.966,90.286,-0.005,-17.298,23.582,-0.069,-4.001,-0.438,-0.43,15.35,10.94,-0.89,-2.4,-0.12,0.004,-47.55,66.285,-0.047,-14.836,1.738,,
2026-02-06 12:20:47.022,retreat_feeder_to_approach_machine,-5.378,1027.055,1610.653,-179.32,-0.018,0.616,-89.137,-22.102,-83.345,-0.046,-73.874,90.259,-0.008,-25.189,34.495,-0.042,-7.771,-0.398,-0.63,16.46,11.49,-0.72,-3.78,-0.03,0.001,-41.026,57.257,0.071,-17.922,1.537,,
2026-02-06 12:20:47.122,retreat_feeder_to_approach_machine,-6.205,1082.923,1605.507,-179.487,-0.014,0.636,-89.139,-25.929,-78.078,-0.041,-75.48,90.235,-0.009,-28.459,39.037,-0.019,-9.844,-0.357,-0.73,17.76,11.88,-0.77,-4.66,-0.07,0.004,-26.329,36.962,0.079,-13.114,1.425,,
2026-02-06 12:20:47.226,retreat_feeder_to_approach_machine,-6.93,1131.915,1597.973,-179.661,-0.01,0.655,-89.14,-29.413,-73.284,-0.036,-76.964,90.213,-0.01,-30.053,41.263,-0.001,-11.094,-0.323,-0.71,19.19,12.22,-0.76,-5.26,-0.04,0.005,-20.264,28.544,0.069,-10.585,1.297,,
2026-02-06 12:20:47.328,retreat_feeder_to_approach_machine,-7.54,1173.308,1589.197,-179.814,-0.007,0.672,-89.141,-32.467,-69.081,-0.032,-78.266,90.194,-0.01,-30.176,41.456,0.01,-11.575,-0.291,-0.76,20.65,12.46,-0.82,-5.66,-0.1,0.006,-13.947,19.785,0.055,-7.699,1.193,,
2026-02-06 12:20:47.429,retreat_feeder_to_approach_machine,-8.116,1212.48,1578.652,-179.957,-0.004,0.688,-89.142,-35.47,-64.948,-0.028,-79.539,90.175,-0.01,-30.14,41.424,0.017,-11.864,-0.265,-0.75,22.13,12.74,-0.85,-5.74,-0.09,0.006,-12.038,17.098,0.046,-6.645,1.078,,
2026-02-06 12:20:47.531,retreat_feeder_to_approach_machine,-8.651,1248.968,1566.656,179.912,-0.001,0.704,-89.143,-38.385,-60.936,-0.024,-80.766,90.157,-0.01,-29.893,41.097,0.022,-11.965,-0.244,-0.73,23.53,12.79,-0.9,-5.68,-0.1,0.006,-9.955,14.178,0.038,-5.515,0.979,,
2026-02-06 12:20:47.632,retreat_feeder_to_approach_machine,-9.052,1276.383,1556.11,179.818,0.002,0.717,-89.144,-40.664,-57.8,-0.021,-81.717,90.143,-0.009,-28.117,38.663,0.023,-11.353,-0.218,-0.64,24.88,12.95,-0.86,-5.62,-0.04,0.007,-2.598,4.006,0.024,-2.212,0.923,,
2026-02-06 12:20:47.732,retreat_feeder_to_approach_machine,-9.404,1300.541,1545.61,179.738,0.004,0.728,-89.144,-42.747,-54.935,-0.019,-82.58,90.13,-0.009,-26.293,36.16,0.023,-10.671,-0.195,-0.68,26.03,12.94,-0.89,-5.52,-0.15,0.007,-0.369,0.894,0.017,-1.103,0.844,,
2026-02-06 12:20:47.836,retreat_feeder_to_approach_machine,-9.725,1322.64,1534.91,179.669,0.005,0.739,-89.145,-44.721,-52.218,-0.017,-83.392,90.119,-0.008,-24.657,33.914,0.022,-10.034,-0.176,-0.68,27.25,12.82,-0.86,-5.05,-0.02,0.007,0.742,-0.674,0.013,-0.485,0.768,,
2026-02-06 12:20:47.937,retreat_feeder_to_approach_machine,-10.016,1342.747,1524.172,179.609,0.007,0.748,-89.145,-46.585,-49.654,-0.016,-84.152,90.108,-0.008,-23.151,31.845,0.02,-9.426,-0.159,-0.53,28.29,12.88,-0.86,-4.84,-0.14,0.007,1.781,-2.139,0.009,0.082,0.7,,
2026-02-06 12:20:48.038,retreat_feeder_to_approach_machine,-10.288,1361.552,1513.172,179.558,0.008,0.758,-89.146,-48.393,-47.165,-0.014,-84.884,90.097,-0.007,-21.885,30.106,0.019,-8.898,-0.145,-0.48,29.31,12.84,-0.98,-4.62,-0.03,0.006,2.149,-2.677,0.006,0.359,0.635,,
2026-02-06 12:20:48.140,retreat_feeder_to_approach_machine,-10.493,1375.755,1504.188,179.522,0.009,0.765,-89.147,-49.808,-45.219,-0.013,-85.451,90.089,-0.007,-19.949,27.444,0.017,-8.092,-0.129,-0.48,30.16,12.69,-0.91,-4.17,0.01,0.007,5.881,-7.84,0.001,1.966,0.595,,
2026-02-06 12:20:48.242,retreat_feeder_to_approach_machine,-10.673,1388.339,1495.695,179.493,0.01,0.772,-89.147,-51.099,-43.441,-0.013,-85.966,90.082,-0.006,-18.192,25.027,0.014,-7.355,-0.115,-0.35,30.9,12.62,-0.92,-4.04,-0.03,0.007,6.515,-8.738,-0.001,2.299,0.544,,
2026-02-06 12:20:48.344,retreat_feeder_to_approach_machine,-10.833,1399.506,1487.702,179.471,0.011,0.778,-89.147,-52.28,-41.818,-0.012,-86.432,90.076,-0.005,-16.594,22.83,0.012,-6.682,-0.102,-0.35,31.57,12.56,-0.87,-3.65,0.05,0.006,6.98,-9.401,-0.003,2.549,0.496,,
2026-02-06 12:20:48.447,retreat_feeder_to_approach_machine,-10.991,1410.542,1479.346,179.451,0.011,0.784,-89.148,-53.481,-40.165,-0.011,-86.903,90.069,-0.005,-15.449,21.254,0.011,-6.189,-0.093,-0.36,32.12,12.42,-0.95,-3.34,-0.01,0.006,6.073,-8.173,-0.003,2.25,0.446,,
2026-02-06 12:20:48.548,retreat_feeder_to_approach_machine,-11.138,1420.872,1471.076,179.436,0.012,0.79,-89.148,-54.64,-38.57,-0.011,-87.353,90.063,-0.005,-14.484,19.927,0.009,-5.767,-0.085,-0.4,32.82,12.28,-0.98,-3.15,-0.05,0.005,5.888,-7.938,-0.004,2.23,0.405,,
2026-02-06 12:20:48.650,retreat_feeder_to_approach_machine,-11.254,1429.026,1464.217,179.428,0.012,0.794,-89.148,-55.581,-37.276,-0.011,-87.716,90.058,-0.004,-13.215,18.181,0.008,-5.232,-0.076,-0.27,33.24,12.15,-1.12,-2.81,0.05,0.005,7.48,-10.145,-0.005,2.886,0.377,,
2026-02-06 12:20:48.751,retreat_feeder_to_approach_machine,-11.36,1436.492,1457.66,179.422,0.012,0.798,-89.149,-56.464,-36.061,-0.01,-88.053,90.053,-0.004,-12.12,16.674,0.006,-4.767,-0.069,-0.18,33.69,12.08,-1.05,-2.59,0.01,0.005,7.307,-9.922,-0.005,2.847,0.343,,
2026-02-06 12:20:48.855,retreat_feeder_to_approach_machine,-11.443,1442.412,1452.26,179.42,0.013,0.802,-89.149,-57.181,-35.075,-0.01,-88.325,90.05,-0.003,-10.881,14.97,0.005,-4.254,-0.061,-0.16,34.04,11.91,-0.99,-2.42,-0.05,0.005,8.244,-11.224,-0.006,3.221,0.318,,
2026-02-06 12:20:48.957,retreat_feeder_to_approach_machine,-11.507,1446.903,1448.037,179.419,0.013,0.804,-89.149,-57.734,-34.313,-0.01,-88.533,90.047,-0.003,-9.545,13.132,0.004,-3.712,-0.053,-0.19,34.47,11.82,-0.98,-2.1,0.06,0.005,9.047,-12.341,-0.006,3.531,0.295,,
2026-02-06 12:20:49.061,retreat_feeder_to_approach_machine,-11.582,1452.285,1442.826,179.421,0.013,0.808,-89.149,-58.41,-33.383,-0.01,-88.786,90.043,-0.003,-8.849,12.174,0.003,-3.415,-0.048,-0.19,34.8,11.75,-0.93,-1.93,0.03,0.004,6.921,-9.427,-0.006,2.737,0.259,,
2026-02-06 12:20:49.163,retreat_feeder_to_approach_machine,-11.649,1457.054,1438.065,179.424,0.013,0.81,-89.149,-59.021,-32.543,-0.01,-89.012,90.04,-0.003,-8.164,11.231,0.002,-3.127,-0.044,-0.18,35.0,11.75,-1.01,-1.77,-0.05,0.004,6.88,-9.38,-0.005,2.725,0.237,,
2026-02-06 12:20:49.267,retreat_feeder_to_approach_machine,-11.709,1461.286,1433.719,179.429,0.013,0.813,-89.15,-59.573,-31.783,-0.01,-89.215,90.038,-0.002,-7.503,10.322,0.001,-2.852,-0.039,-0.08,35.29,11.63,-0.97,-1.6,0.0,0.004,6.78,-9.251,-0.005,2.688,0.217,,
2026-02-06 12:20:49.368,retreat_feeder_to_approach_machine,-11.759,1464.921,1429.892,179.434,0.013,0.815,-89.15,-60.055,-31.12,-0.01,-89.39,90.035,-0.002,-6.832,9.399,0.001,-2.578,-0.035,-0.09,35.45,11.45,-1.02,-1.48,0.06,0.004,6.803,-9.291,-0.005,2.691,0.199,,
2026-02-06 12:20:49.468,retreat_feeder_to_approach_machine,-11.811,1468.621,1425.904,179.441,0.013,0.817,-89.15,-60.554,-30.435,-0.011,-89.57,90.033,-0.002,-6.37,8.763,0.0,-2.383,-0.033,-0.03,35.69,11.32,-1.0,-1.39,0.09,0.003,5.959,-8.136,-0.005,2.379,0.178,,
2026-02-06 12:20:49.570,retreat_feeder_to_approach_machine,-11.852,1471.58,1422.644,179.448,0.012,0.819,-89.15,-60.958,-29.879,-0.011,-89.715,90.031,-0.002,-5.789,7.963,-0.0,-2.149,-0.029,-0.02,35.74,11.26,-0.96,-1.21,0.11,0.003,6.301,-8.613,-0.004,2.492,0.165,,
2026-02-06 12:20:49.672,retreat_feeder_to_approach_machine,-11.888,1474.131,1419.78,179.456,0.012,0.821,-89.15,-61.311,-29.393,-0.011,-89.84,90.029,-0.002,-5.224,7.187,-0.0,-1.925,-0.026,0.01,36.05,11.21,-1.01,-1.13,-0.02,0.003,6.185,-8.459,-0.004,2.437,0.151,,
2026-02-06 12:20:49.773,retreat_feeder_to_approach_machine,-11.919,1476.419,1417.17,179.463,0.012,0.822,-89.15,-61.631,-28.952,-0.011,-89.953,90.028,-0.001,-4.719,6.491,-0.001,-1.726,-0.023,-0.06,36.2,11.07,-0.89,-1.0,-0.13,0.003,5.895,-8.065,-0.004,2.32,0.138,,
2026-02-06 12:20:49.876,retreat_feeder_to_approach_machine,-11.948,1478.473,1414.791,179.471,0.012,0.823,-89.15,-61.922,-28.553,-0.011,-90.054,90.026,-0.001,-4.265,5.867,-0.001,-1.548,-0.021,-0.05,36.26,11.08,-1.01,-0.82,0.03,0.003,5.603,-7.668,-0.003,2.201,0.126,,
2026-02-06 12:20:49.977,retreat_feeder_to_approach_machine,-11.977,1480.64,1412.246,179.48,0.012,0.824,-89.15,-62.231,-28.127,-0.011,-90.162,90.025,-0.001,-3.973,5.465,-0.001,-1.429,-0.019,-0.05,36.32,10.98,-0.96,-0.75,-0.06,0.002,4.853,-6.64,-0.003,1.924,0.112,,
2026-02-06 12:20:50.080,retreat_feeder_to_approach_machine,-12.001,1482.325,1410.24,179.488,0.012,0.825,-89.15,-62.474,-27.793,-0.011,-90.245,90.024,-0.001,-3.587,4.934,-0.001,-1.28,-0.017,-0.11,36.5,10.93,-0.96,-0.73,-0.03,0.002,5.033,-6.892,-0.003,1.969,0.104,,
2026-02-06 12:20:50.181,retreat_feeder_to_approach_machine,-12.019,1483.681,1408.607,179.495,0.012,0.826,-89.151,-62.671,-27.522,-0.012,-90.312,90.023,-0.001,-3.183,4.378,-0.001,-1.127,-0.015,0.03,36.52,10.83,-1.0,-0.6,0.04,0.002,4.989,-6.833,-0.002,1.935,0.096,,
2026-02-06 12:20:50.283,retreat_feeder_to_approach_machine,-12.036,1484.913,1407.111,179.502,0.011,0.827,-89.151,-62.852,-27.274,-0.012,-90.373,90.022,-0.001,-2.837,3.902,-0.001,-0.997,-0.013,0.0,36.55,10.88,-0.97,-0.56,0.01,0.002,4.66,-6.384,-0.002,1.804,0.087,,
2026-02-06 12:20:50.386,retreat_feeder_to_approach_machine,-12.052,1486.074,1405.689,179.508,0.011,0.828,-89.151,-63.022,-27.039,-0.012,-90.43,90.022,-0.001,-2.555,3.514,-0.001,-0.891,-0.012,-0.03,36.71,10.84,-0.94,-0.49,-0.01,0.002,4.287,-5.874,-0.002,1.66,0.079,,
2026-02-06 12:20:50.489,retreat_feeder_to_approach_machine,-12.068,1487.278,1404.202,179.516,0.011,0.828,-89.151,-63.2,-26.795,-0.012,-90.489,90.021,-0.001,-2.361,3.248,-0.001,-0.816,-0.011,0.01,36.81,10.82,-1.02,-0.46,0.01,0.002,3.785,-5.186,-0.002,1.474,0.071,,
2026-02-06 12:20:50.590,retreat_feeder_to_approach_machine,-12.082,1488.25,1402.992,179.523,0.011,0.829,-89.151,-63.345,-26.596,-0.012,-90.537,90.02,-0.001,-2.132,2.933,-0.001,-0.731,-0.01,-0.01,36.8,10.69,-0.94,-0.34,-0.03,0.002,3.742,-5.128,-0.001,1.442,0.065,,
2026-02-06 12:20:50.692,retreat_feeder_to_approach_machine,-12.093,1489.096,1401.932,179.529,0.011,0.829,-89.151,-63.471,-26.422,-0.012,-90.578,90.02,-0.001,-1.916,2.634,-0.001,-0.652,-0.008,0.02,36.85,10.68,-0.92,-0.44,-0.07,0.001,3.548,-4.864,-0.001,1.361,0.06,,
2026-02-06 12:20:50.795,retreat_feeder_to_approach_machine,-12.103,1489.836,1401.0,179.535,0.011,0.83,-89.151,-63.582,-26.269,-0.012,-90.614,90.019,-0.001,-1.714,2.357,-0.001,-0.579,-0.008,-0.09,36.74,10.6,-0.98,-0.29,0.02,0.001,3.349,-4.592,-0.001,1.278,0.054,,
2026-02-06 12:20:50.899,retreat_feeder_to_approach_machine,-12.113,1490.535,1400.116,179.54,0.011,0.83,-89.151,-63.687,-26.125,-0.012,-90.648,90.019,-0.0,-1.548,2.129,-0.001,-0.519,-0.007,-0.03,36.86,10.75,-0.97,-0.33,-0.06,0.001,3.072,-4.211,-0.001,1.172,0.049,,
2026-02-06 12:20:51.016,retreat_feeder_to_approach_machine,-12.123,1491.307,1399.133,179.547,0.011,0.831,-89.151,-63.804,-25.964,-0.013,-90.685,90.018,-0.0,-1.453,1.998,-0.001,-0.482,-0.006,-0.04,36.94,10.57,-0.98,-0.21,-0.03,0.001,2.65,-3.633,-0.001,1.021,0.044,,
2026-02-06 12:20:51.104,retreat_feeder_to_approach_machine,-12.131,1491.87,1398.414,179.552,0.01,0.831,-89.151,-63.889,-25.847,-0.013,-90.712,90.018,-0.0,-1.303,1.792,-0.001,-0.429,-0.006,-0.06,37.0,10.55,-0.98,-0.29,-0.01,0.001,2.698,-3.701,-0.001,1.021,0.041,,
2026-02-06 12:20:51.206,retreat_feeder_to_approach_machine,-12.138,1492.362,1397.782,179.556,0.01,0.831,-89.151,-63.964,-25.744,-0.013,-90.735,90.018,-0.0,-1.164,1.601,-0.001,-0.38,-0.005,0.05,37.04,10.59,-0.94,-0.2,0.11,0.001,2.534,-3.475,-0.0,0.954,0.037,,
2026-02-06 12:20:51.307,retreat_feeder_to_approach_machine,-12.144,1492.811,1397.205,179.561,0.01,0.831,-89.151,-64.032,-25.65,-0.013,-90.756,90.017,-0.0,-1.044,1.435,-0.001,-0.338,-0.004,0.05,37.04,10.58,-0.85,-0.22,-0.06,0.001,2.345,-3.216,-0.0,0.881,0.034,,
2026-02-06 12:20:51.406,retreat_feeder_to_approach_machine,-12.149,1493.236,1396.656,179.565,0.01,0.832,-89.151,-64.097,-25.561,-0.013,-90.776,90.017,-0.0,-0.945,1.299,-0.001,-0.304,-0.004,0.04,37.06,10.49,-0.9,-0.12,-0.06,0.001,2.146,-2.943,-0.0,0.805,0.031,,
2026-02-06 12:20:51.510,retreat_feeder_to_approach_machine,-12.155,1493.692,1396.066,179.57,0.01,0.832,-89.151,-64.167,-25.466,-0.013,-90.798,90.017,-0.0,-0.883,1.214,-0.001,-0.281,-0.004,-0.06,37.08,10.55,-0.85,-0.17,-0.07,0.001,1.882,-2.581,-0.0,0.711,0.027,,
2026-02-06 12:20:51.613,retreat_feeder_to_approach_machine,-12.16,1494.024,1395.635,179.573,0.01,0.832,-89.151,-64.218,-25.396,-0.013,-90.813,90.017,-0.0,-0.789,1.085,-0.001,-0.249,-0.003,-0.02,37.04,10.48,-0.99,-0.24,0.03,0.001,1.883,-2.583,-0.0,0.699,0.025,,
2026-02-06 12:20:51.714,retreat_feeder_to_approach_machine,-12.164,1494.327,1395.242,179.577,0.01,0.832,-89.151,-64.264,-25.332,-0.013,-90.827,90.017,-0.0,-0.708,0.973,-0.001,-0.222,-0.003,-0.06,37.15,10.53,-0.86,-0.03,0.0,0.001,1.738,-2.385,-0.0,0.644,0.023,,
2026-02-06 12:20:51.816,retreat_feeder_to_approach_machine,-12.168,1494.624,1394.854,179.58,0.01,0.832,-89.151,-64.31,-25.269,-0.013,-90.841,90.016,-0.0,-0.645,0.887,-0.001,-0.201,-0.003,-0.01,37.12,10.45,-0.94,-0.11,-0.0,0.001,1.572,-2.158,-0.0,0.583,0.021,,
2026-02-06 12:20:51.920,retreat_feeder_to_approach_machine,-12.172,1494.894,1394.503,179.583,0.01,0.833,-89.151,-64.351,-25.212,-0.013,-90.853,90.016,-0.0,-0.587,0.807,-0.001,-0.181,-0.002,0.03,37.13,10.53,-1.0,-0.18,-0.0,0.001,1.458,-2.0,-0.0,0.538,0.019,,
2026-02-06 12:20:52.022,retreat_feeder_to_approach_machine,-12.176,1495.198,1394.106,179.587,0.01,0.833,-89.151,-64.398,-25.148,-0.013,-90.867,90.016,-0.0,-0.557,0.766,-0.001,-0.17,-0.002,0.06,37.19,10.5,-0.93,-0.02,0.02,0.0,1.259,-1.727,-0.0,0.47,0.017,,
2026-02-06 12:20:52.123,retreat_feeder_to_approach_machine,-12.179,1495.414,1393.824,179.59,0.01,0.833,-89.151,-64.431,-25.103,-0.014,-90.876,90.016,-0.0,-0.501,0.688,-0.001,-0.152,-0.002,0.01,37.13,10.48,-0.88,-0.04,-0.0,0.0,1.268,-1.74,0.0,0.464,0.016,waypoint,
2026-02-06 12:20:52.227,approach_machine_to_place,-12.191,1496.798,1393.609,179.722,0.006,0.833,-89.151,-64.609,-24.757,-0.018,-90.912,90.016,0.0,-0.82,1.38,-0.011,-0.203,-0.002,0.0,36.87,10.78,-0.97,-0.2,-0.03,0.001,-0.303,1.433,-0.041,0.156,0.014,,
2026-02-06 12:20:52.328,approach_machine_to_place,-12.258,1501.836,1393.624,-179.989,0.002,0.833,-89.151,-65.347,-23.247,-0.021,-91.395,90.015,0.0,-2.461,4.81,-0.018,-1.36,-0.003,-0.01,37.01,10.95,-0.97,-0.89,0.01,0.0,-5.88,12.935,-0.034,-4.33,0.007,,
2026-02-06 12:20:52.431,approach_machine_to_place,-12.314,1505.66,1393.602,-179.975,0.002,0.834,-89.151,-66.018,-21.874,-0.022,-92.084,90.014,-0.0,-3.522,7.04,-0.013,-2.741,-0.005,-0.08,37.1,10.98,-0.92,-1.35,0.05,0.0,-4.615,10.27,0.008,-5.955,0.004,,
2026-02-06 12:20:52.534,approach_machine_to_place,-12.371,1509.42,1393.524,179.951,0.003,0.835,-89.151,-66.754,-20.367,-0.02,-92.928,90.013,-0.0,-4.481,9.047,-0.007,-4.167,-0.006,0.0,37.16,11.18,-0.97,-1.88,-0.08,-0.0,-4.806,10.583,0.018,-6.916,0.002,,
2026-02-06 12:20:52.634,approach_machine_to_place,-12.41,1511.981,1393.429,179.882,0.004,0.835,-89.151,-67.294,-19.261,-0.02,-93.564,90.012,-0.0,-4.711,9.551,-0.003,-4.714,-0.007,-0.06,37.29,11.13,-0.99,-2.09,0.02,0.0,-2.368,5.517,0.015,-4.138,0.004,,
2026-02-06 12:20:52.737,approach_machine_to_place,-12.443,1514.18,1393.314,179.818,0.005,0.836,-89.151,-67.784,-18.258,-0.019,-94.141,90.012,-0.0,-4.758,9.671,-0.0,-4.978,-0.007,-0.06,37.34,11.16,-1.02,-2.25,-0.05,0.0,-1.629,3.936,0.012,-3.138,0.005,,
2026-02-06 12:20:52.839,approach_machine_to_place,-12.472,1516.081,1393.186,179.763,0.005,0.837,-89.151,-68.228,-17.348,-0.018,-94.661,90.011,-0.0,-4.68,9.528,0.002,-5.035,-0.007,-0.02,37.45,11.17,-0.96,-2.28,0.03,0.0,-1.01,2.609,0.01,-2.261,0.005,,
2026-02-06 12:20:52.940,approach_machine_to_place,-12.499,1517.842,1393.04,179.713,0.006,0.837,-89.151,-68.659,-16.465,-0.017,-95.163,90.01,-0.0,-4.588,9.354,0.003,-5.031,-0.007,-0.01,37.48,11.21,-1.12,-2.34,-0.05,0.0,-0.779,2.081,0.008,-1.845,0.005,,
2026-02-06 12:20:53.042,approach_machine_to_place,-12.524,1519.455,1392.88,179.669,0.007,0.837,-89.151,-69.073,-15.618,-0.017,-95.64,90.01,-0.0,-4.475,9.133,0.003,-4.966,-0.006,-0.02,37.62,11.13,-0.92,-2.28,0.08,0.0,-0.525,1.512,0.006,-1.414,0.005,,
2026-02-06 12:20:53.142,approach_machine_to_place,-12.542,1520.669,1392.74,179.638,0.007,0.838,-89.151,-69.397,-14.953,-0.016,-96.011,90.009,-0.0,-4.167,8.51,0.003,-4.651,-0.006,0.04,37.81,11.09,-0.98,-2.11,-0.09,0.0,0.421,-0.468,0.004,-0.211,0.006,,
2026-02-06 12:20:53.244,approach_machine_to_place,-12.557,1521.658,1392.612,179.615,0.007,0.838,-89.151,-69.671,-14.394,-0.016,-96.321,90.009,-0.0,-3.809,7.782,0.003,-4.264,-0.005,-0.12,37.8,11.14,-0.95,-2.12,0.05,0.0,0.889,-1.466,0.003,0.418,0.006,,
2026-02-06 12:20:53.345,approach_machine_to_place,-12.57,1522.533,1392.488,179.595,0.007,0.838,-89.151,-69.92,-13.882,-0.016,-96.602,90.008,-0.0,-3.481,7.115,0.003,-3.901,-0.005,-0.07,37.86,11.03,-0.97,-1.88,-0.02,0.0,1.036,-1.803,0.002,0.665,0.006,,
2026-02-06 12:20:53.445,approach_machine_to_place,-12.583,1523.427,1392.35,179.577,0.008,0.839,-89.151,-70.183,-13.344,-0.016,-96.896,90.008,-0.0,-3.268,6.681,0.003,-3.659,-0.005,-0.01,37.92,10.88,-0.93,-1.81,0.04,0.0,0.802,-1.356,0.001,0.476,0.005,,
2026-02-06 12:20:53.547,approach_machine_to_place,-12.594,1524.157,1392.227,179.564,0.008,0.839,-89.151,-70.404,-12.892,-0.016,-97.141,90.008,-0.0,-3.003,6.142,0.002,-3.357,-0.004,-0.08,38.04,10.89,-0.94,-1.66,-0.1,0.0,1.139,-2.074,0.001,0.914,0.005,,
2026-02-06 12:20:53.649,approach_machine_to_place,-12.603,1524.78,1392.114,179.554,0.008,0.839,-89.151,-70.598,-12.496,-0.016,-97.353,90.008,-0.0,-2.736,5.597,0.002,-3.049,-0.004,-0.02,38.08,10.81,-0.94,-1.58,-0.11,0.0,1.302,-2.433,0.0,1.146,0.005,,
2026-02-06 12:20:53.750,approach_machine_to_place,-12.611,1525.315,1392.012,179.546,0.008,0.839,-89.151,-70.767,-12.148,-0.016,-97.538,90.007,-0.0,-2.476,5.066,0.002,-2.749,-0.003,-0.09,38.11,10.86,-0.99,-1.51,-0.02,0.0,1.41,-2.678,-0.0,1.308,0.005,,
2026-02-06 12:20:53.854,approach_machine_to_place,-12.618,1525.811,1391.912,179.541,0.008,0.84,-89.151,-70.928,-11.819,-0.016,-97.712,90.007,-0.0,-2.259,4.622,0.001,-2.497,-0.003,-0.03,38.13,10.74,-1.01,-1.38,0.11,0.0,1.356,-2.589,-0.0,1.286,0.004,,
2026-02-06 12:20:53.954,approach_machine_to_place,-12.625,1526.287,1391.812,179.536,0.008,0.84,-89.151,-71.085,-11.498,-0.016,-97.881,90.007,-0.0,-2.087,4.271,0.001,-2.294,-0.003,0.03,38.19,10.69,-0.9,-1.15,-0.03,0.0,1.258,-2.407,-0.001,1.211,0.004,,
2026-02-06 12:20:54.055,approach_machine_to_place,-12.631,1526.709,1391.718,179.534,0.008,0.84,-89.151,-71.227,-11.207,-0.016,-98.032,90.007,-0.0,-1.92,3.93,0.001,-2.099,-0.003,-0.03,38.2,10.76,-1.0,-1.12,0.02,0.0,1.283,-2.476,-0.001,1.265,0.004,,
2026-02-06 12:20:54.156,approach_machine_to_place,-12.636,1527.047,1391.64,179.533,0.008,0.84,-89.151,-71.342,-10.971,-0.016,-98.154,90.007,-0.0,-1.728,3.537,0.0,-1.878,-0.002,-0.12,38.29,10.65,-1.03,-1.12,-0.04,0.0,1.423,-2.777,-0.001,1.434,0.004,,
2026-02-06 12:20:54.257,approach_machine_to_place,-12.641,1527.351,1391.568,179.533,0.008,0.84,-89.151,-71.448,-10.756,-0.016,-98.264,90.006,-0.0,-1.559,3.191,0.0,-1.684,-0.002,0.03,38.31,10.61,-0.92,-1.0,-0.01,0.0,1.38,-2.703,-0.001,1.404,0.003,,
2026-02-06 12:20:54.358,approach_machine_to_place,-12.645,1527.626,1391.501,179.533,0.008,0.84,-89.151,-71.544,-10.559,-0.016,-98.364,90.006,-0.0,-1.41,2.885,0.0,-1.513,-0.002,-0.02,38.42,10.66,-0.91,-0.79,0.03,0.0,1.333,-2.619,-0.001,1.366,0.003,,
2026-02-06 12:20:54.458,approach_machine_to_place,-12.648,1527.893,1391.433,179.535,0.008,0.84,-89.151,-71.638,-10.366,-0.016,-98.461,90.006,-0.0,-1.293,2.647,-0.0,-1.379,-0.002,-0.01,38.44,10.5,-0.88,-0.82,0.02,0.0,1.216,-2.391,-0.001,1.254,0.003,,
2026-02-06 12:20:54.559,approach_machine_to_place,-12.652,1528.142,1391.369,179.537,0.008,0.84,-89.151,-71.727,-10.184,-0.016,-98.552,90.006,-0.0,-1.192,2.44,-0.0,-1.261,-0.002,-0.01,38.43,10.5,-0.98,-0.75,-0.0,0.0,1.152,-2.27,-0.001,1.196,0.003,,
2026-02-06 12:20:54.662,approach_machine_to_place,-12.655,1528.342,1391.317,179.539,0.008,0.84,-89.151,-71.799,-10.037,-0.016,-98.625,90.006,-0.0,-1.074,2.198,-0.0,-1.129,-0.002,-0.07,38.46,10.46,-0.98,-0.51,-0.08,0.0,1.205,-2.386,-0.001,1.254,0.003,,
2026-02-06 12:20:54.763,approach_machine_to_place,-12.657,1528.524,1391.268,179.541,0.008,0.841,-89.151,-71.865,-9.902,-0.016,-98.692,90.006,-0.0,-0.97,1.985,-0.0,-1.012,-0.001,-0.04,38.44,10.35,-0.91,-0.5,0.07,0.0,1.146,-2.275,-0.001,1.196,0.003,,
2026-02-06 12:20:54.866,approach_machine_to_place,-12.66,1528.695,1391.221,179.544,0.008,0.841,-89.151,-71.927,-9.775,-0.016,-98.754,90.006,-0.0,-0.883,1.808,-0.0,-0.915,-0.001,0.07,38.45,10.52,-1.06,-0.59,0.04,0.0,1.066,-2.117,-0.001,1.116,0.002,,
2026-02-06 12:20:54.970,approach_machine_to_place,-12.662,1528.868,1391.173,179.548,0.007,0.841,-89.151,-71.99,-9.646,-0.016,-98.817,90.006,-0.0,-0.82,1.678,-0.0,-0.843,-0.001,-0.02,38.44,10.39,-1.09,-0.43,0.03,0.0,0.953,-1.892,-0.001,1.003,0.002,,
2026-02-06 12:20:55.070,approach_machine_to_place,-12.664,1529.012,1391.133,179.551,0.007,0.841,-89.151,-72.043,-9.537,-0.016,-98.869,90.006,-0.0,-0.747,1.53,-0.001,-0.762,-0.001,-0.03,38.46,10.38,-0.99,-0.41,0.03,0.0,0.958,-1.908,-0.001,1.006,0.002,,
2026-02-06 12:20:55.175,approach_machine_to_place,-12.666,1529.138,1391.097,179.554,0.007,0.841,-89.151,-72.089,-9.442,-0.016,-98.914,90.005,-0.0,-0.676,1.384,-0.001,-0.685,-0.001,-0.04,38.43,10.34,-1.0,-0.35,-0.03,0.0,0.928,-1.853,-0.0,0.975,0.002,,
2026-02-06 12:20:55.278,approach_machine_to_place,-12.667,1529.252,1391.064,179.558,0.007,0.841,-89.151,-72.131,-9.356,-0.016,-98.955,90.005,-0.0,-0.613,1.254,-0.001,-0.616,-0.001,0.07,38.47,10.42,-0.99,-0.45,0.04,0.0,0.877,-1.752,-0.0,0.921,0.002,,
2026-02-06 12:20:55.382,approach_machine_to_place,-12.668,1529.353,1391.035,179.561,0.007,0.841,-89.151,-72.168,-9.28,-0.016,-98.991,90.005,-0.0,-0.552,1.13,-0.001,-0.551,-0.001,-0.02,38.46,10.35,-0.94,-0.35,-0.04,0.0,0.841,-1.684,-0.0,0.882,0.002,,
2026-02-06 12:20:55.483,approach_machine_to_place,-12.67,1529.461,1391.004,179.564,0.007,0.841,-89.151,-72.209,-9.198,-0.016,-99.029,90.005,-0.0,-0.515,1.053,-0.001,-0.509,-0.001,0.1,38.54,10.35,-0.96,-0.32,0.03,0.0,0.725,-1.45,-0.0,0.766,0.001,,
2026-02-06 12:20:55.585,approach_machine_to_place,-12.671,1529.556,1390.976,179.568,0.007,0.841,-89.151,-72.244,-9.127,-0.016,-99.062,90.005,-0.0,-0.473,0.968,-0.001,-0.464,-0.001,-0.05,38.49,10.3,-1.06,-0.29,-0.05,0.0,0.705,-1.413,-0.0,0.743,0.001,,
2026-02-06 12:20:55.689,approach_machine_to_place,-12.672,1529.638,1390.952,179.571,0.007,0.841,-89.151,-72.274,-9.064,-0.016,-99.09,90.005,-0.0,-0.431,0.882,-0.001,-0.42,-0.001,-0.01,38.44,10.35,-0.92,-0.22,0.08,0.0,0.68,-1.364,-0.0,0.713,0.001,,
2026-02-06 12:20:55.793,approach_machine_to_place,-12.673,1529.71,1390.93,179.574,0.007,0.841,-89.151,-72.301,-9.01,-0.016,-99.115,90.005,-0.0,-0.39,0.797,-0.001,-0.376,-0.001,0.11,38.52,10.31,-0.92,-0.18,0.01,0.0,0.65,-1.306,-0.0,0.68,0.001,,
2026-02-06 12:20:55.895,approach_machine_to_place,-12.674,1529.771,1390.912,179.577,0.007,0.841,-89.151,-72.323,-8.964,-0.016,-99.136,90.005,-0.0,-0.348,0.712,-0.001,-0.334,-0.001,-0.02,38.6,10.31,-0.96,-0.07,0.05,0.0,0.627,-1.261,-0.0,0.653,0.001,,
2026-02-06 12:20:55.995,approach_machine_to_place,-12.675,1529.839,1390.892,179.58,0.007,0.841,-89.151,-72.348,-8.913,-0.017,-99.159,90.005,-0.0,-0.324,0.663,-0.001,-0.308,-0.0,-0.05,38.57,10.3,-0.96,-0.12,0.07,0.0,0.537,-1.08,-0.0,0.564,0.001,waypoint,
2026-02-06 12:20:56.096,place_on_machine,-12.675,1529.889,1390.877,179.583,0.007,0.841,-89.151,-72.366,-8.876,-0.017,-99.175,90.005,-0.0,-0.289,0.59,-0.001,-0.272,-0.0,0.05,38.51,10.31,-0.87,-0.23,0.01,0.0,0.552,-1.111,-0.0,0.572,0.001,,
2026-02-06 12:20:56.196,place_on_machine,-12.676,1529.934,1390.864,179.585,0.007,0.841,-89.151,-72.383,-8.841,-0.017,-99.19,90.005,-0.0,-0.258,0.528,-0.0,-0.242,-0.0,-0.06,38.57,10.29,-1.0,-0.23,0.03,0.0,0.512,-1.032,0.0,0.53,0.001,,
2026-02-06 12:20:56.297,place_on_machine,-12.677,1529.976,1390.851,179.588,0.007,0.841,-89.151,-72.398,-8.81,-0.017,-99.204,90.005,-0.0,-0.232,0.474,-0.0,-0.215,-0.0,0.05,38.45,10.27,-0.96,-0.09,0.13,0.0,0.476,-0.959,0.0,0.491,0.001,,
2026-02-06 12:20:56.398,place_on_machine,-12.677,1530.014,1390.84,179.59,0.007,0.841,-89.151,-72.412,-8.782,-0.017,-99.216,90.005,-0.0,-0.209,0.427,-0.0,-0.192,-0.0,0.1,38.55,10.31,-0.97,-0.06,0.02,0.0,0.441,-0.89,0.0,0.455,0.001,,
2026-02-06 12:20:56.502,place_on_machine,-12.678,1530.059,1390.826,179.593,0.007,0.841,-89.151,-72.429,-8.748,-0.017,-99.231,90.005,-0.0,-0.198,0.405,-0.0,-0.181,-0.0,-0.1,38.56,10.31,-0.93,-0.09,0.03,0.0,0.371,-0.747,-0.0,0.387,0.001,,
2026-02-06 12:20:56.604,place_on_machine,-12.678,1530.093,1390.816,179.595,0.007,0.841,-89.151,-72.441,-8.723,-0.017,-99.241,90.005,-0.0,-0.179,0.366,-0.0,-0.162,-0.0,-0.0,38.59,10.22,-0.93,0.02,0.03,0.0,0.378,-0.762,0.0,0.388,0.001,,
2026-02-06 12:20:56.704,place_on_machine,-12.678,1530.124,1390.807,179.597,0.007,0.841,-89.151,-72.452,-8.7,-0.017,-99.251,90.005,-0.0,-0.162,0.331,-0.0,-0.145,-0.0,-0.02,38.58,10.27,-0.89,-0.07,-0.01,0.0,0.351,-0.709,0.0,0.36,0.001,,
2026-02-06 12:20:56.807,place_on_machine,-12.679,1530.152,1390.798,179.599,0.007,0.841,-89.151,-72.462,-8.679,-0.017,-99.26,90.005,-0.0,-0.147,0.301,-0.0,-0.131,-0.0,0.07,38.56,10.28,-0.98,-0.05,-0.04,0.0,0.323,-0.652,0.0,0.33,0.001,,
2026-02-06 12:20:56.911,place_on_machine,-12.679,1530.177,1390.791,179.6,0.007,0.841,-89.151,-72.471,-8.661,-0.017,-99.268,90.005,-0.0,-0.133,0.272,-0.0,-0.118,-0.0,-0.05,38.49,10.24,-0.99,-0.08,-0.04,0.0,0.304,-0.614,0.0,0.309,0.001,,
2026-02-06 12:20:57.011,place_on_machine,-12.679,1530.203,1390.783,179.602,0.007,0.841,-89.151,-72.48,-8.642,-0.017,-99.275,90.005,-0.0,-0.122,0.25,-0.0,-0.107,-0.0,0.03,38.52,10.22,-0.93,-0.04,0.02,0.0,0.273,-0.552,0.0,0.279,0.0,,
2026-02-06 12:20:57.111,place_on_machine,-12.68,1530.224,1390.777,179.604,0.007,0.841,-89.151,-72.488,-8.627,-0.017,-99.281,90.005,-0.0,-0.11,0.225,-0.0,-0.096,-0.0,0.04,38.56,10.27,-1.05,-0.13,0.02,0.0,0.263,-0.532,0.0,0.266,0.0,,
2026-02-06 12:20:57.212,place_on_machine,-12.68,1530.242,1390.772,179.605,0.007,0.841,-89.151,-72.494,-8.613,-0.017,-99.287,90.005,-0.0,-0.099,0.203,-0.0,-0.086,-0.0,-0.06,38.6,10.24,-0.91,-0.04,-0.0,0.0,0.243,-0.493,0.0,0.245,0.0,,
2026-02-06 12:20:57.314,place_on_machine,-12.68,1530.26,1390.766,179.607,0.007,0.841,-89.151,-72.501,-8.601,-0.017,-99.292,90.005,-0.0,-0.09,0.184,-0.0,-0.077,-0.0,-0.02,38.53,10.26,-1.0,-0.04,0.03,0.0,0.223,-0.452,0.0,0.225,0.0,,
2026-02-06 12:20:57.416,place_on_machine,-12.68,1530.275,1390.762,179.608,0.007,0.841,-89.151,-72.506,-8.59,-0.017,-99.296,90.005,-0.0,-0.081,0.165,-0.0,-0.069,-0.0,0.0,38.56,10.32,-0.89,0.04,-0.02,0.0,0.211,-0.427,0.0,0.211,0.0,,
2026-02-06 12:20:57.517,place_on_machine,-12.681,1530.292,1390.757,179.609,0.006,0.841,-89.151,-72.512,-8.578,-0.017,-99.301,90.005,-0.0,-0.076,0.155,-0.0,-0.064,-0.0,-0.04,38.53,10.24,-0.9,-0.01,-0.08,0.0,0.182,-0.369,0.0,0.184,0.0,,
2026-02-06 12:20:57.619,place_on_machine,-12.681,1530.305,1390.753,179.61,0.006,0.841,-89.151,-72.517,-8.568,-0.017,-99.305,90.005,-0.0,-0.068,0.139,-0.0,-0.057,-0.0,-0.09,38.51,10.24,-0.98,-0.04,0.0,0.0,0.178,-0.361,0.0,0.178,0.0,,
2026-02-06 12:20:58.023,place_on_machine,-12.681,1530.348,1390.741,179.614,0.006,0.841,-89.151,-72.531,-8.538,-0.017,-99.316,90.005,-0.0,-0.046,0.095,-0.0,-0.037,-0.0,0.08,38.52,10.27,-0.94,-0.04,0.07,0.0,0.123,-0.25,0.0,0.122,0.0,,
2026-02-06 12:20:58.432,place_on_machine,-12.682,1530.375,1390.733,179.617,0.006,0.841,-89.151,-72.54,-8.52,-0.017,-99.323,90.005,-0.0,-0.03,0.061,-0.0,-0.023,-0.0,-0.05,38.61,10.27,-0.9,-0.04,-0.07,0.0,0.095,-0.192,0.0,0.091,0.0,,
2026-02-06 12:20:58.944,place_on_machine,-12.682,1530.397,1390.727,179.619,0.006,0.841,-89.151,-72.548,-8.504,-0.017,-99.329,90.005,-0.0,-0.018,0.036,-0.0,-0.013,-0.0,-0.02,38.59,10.3,-0.91,0.06,0.06,0.0,0.062,-0.126,0.0,0.059,0.0,,
2026-02-06 12:20:59.351,place_on_machine,-12.682,1530.409,1390.724,179.62,0.006,0.841,-89.151,-72.552,-8.496,-0.017,-99.331,90.005,-0.0,-0.012,0.024,-0.0,-0.009,-0.0,-0.07,38.62,10.19,-1.03,0.06,0.06,0.0,0.044,-0.09,0.0,0.041,0.0,,
2026-02-06 12:20:59.758,place_on_machine,-12.682,1530.417,1390.721,179.621,0.006,0.841,-89.151,-72.554,-8.491,-0.017,-99.333,90.005,0.0,-0.008,0.016,-0.0,-0.005,-0.0,0.03,38.65,10.15,-0.93,-0.05,0.04,0.0,0.032,-0.064,0.0,0.029,0.0,,
2026-02-06 12:21:00.270,place_on_machine,-12.682,1530.423,1390.72,179.622,0.006,0.841,-89.151,-72.556,-8.487,-0.017,-99.334,90.005,0.0,-0.005,0.01,-0.0,-0.003,-0.0,-0.03,38.61,10.29,-0.96,-0.08,0.09,0.0,0.02,-0.041,0.0,0.018,0.0,,
2026-02-06 12:21:00.675,place_on_machine,-12.682,1530.426,1390.719,179.623,0.006,0.841,-89.151,-72.557,-8.485,-0.017,-99.335,90.005,0.0,-0.003,0.007,-0.0,-0.002,-0.0,-0.08,38.66,10.21,-0.96,0.08,-0.05,0.0,0.014,-0.029,0.0,0.013,0.0,,
2026-02-06 12:21:01.088,place_on_machine,-12.682,1530.429,1390.718,179.623,0.006,0.841,-89.151,-72.558,-8.484,-0.017,-99.336,90.005,0.0,-0.002,0.005,-0.0,-0.001,-0.0,0.0,38.61,10.2,-0.94,-0.03,0.07,0.0,0.01,-0.02,0.0,0.009,0.0,,
2026-02-06 12:21:01.598,place_on_machine,-12.682,1530.43,1390.718,179.623,0.006,0.841,-89.151,-72.558,-8.482,-0.017,-99.336,90.005,0.0,-0.001,0.003,-0.0,-0.001,-0.0,-0.04,38.62,10.25,-0.95,0.01,-0.06,0.0,0.006,-0.013,0.0,0.005,0.0,,
2026-02-06 12:21:01.700,place_to_retreat_machine,-12.676,1529.148,1391.116,179.377,0.012,0.842,-89.151,-72.25,-9.103,-0.011,-99.27,90.005,0.0,0.771,-1.549,0.015,0.164,0.001,-0.03,38.61,9.79,-0.97,0.38,0.03,0.0,3.093,-6.216,0.06,0.665,0.002,,
2026-02-06 12:21:01.800,place_to_retreat_machine,-12.635,1525.626,1392.231,179.023,0.015,0.842,-89.151,-71.249,-11.122,-0.009,-98.607,90.006,0.001,3.08,-6.209,0.018,1.782,0.003,-0.02,38.61,9.43,-1.0,1.28,0.03,0.002,9.705,-19.582,0.022,6.573,0.01,,
2026-02-06 12:21:01.901,place_to_retreat_machine,-12.595,1522.636,1393.126,179.003,0.014,0.841,-89.151,-70.334,-12.969,-0.009,-97.694,90.007,0.001,4.598,-9.276,0.012,3.618,0.004,0.11,38.54,9.16,-0.94,2.04,-0.09,0.002,7.879,-15.911,-0.013,8.41,0.006,,
2026-02-06 12:21:02.002,place_to_retreat_machine,-12.546,1519.183,1393.982,179.098,0.013,0.841,-89.151,-69.339,-14.978,-0.011,-96.584,90.007,0.001,5.936,-11.98,0.005,5.487,0.004,0.09,38.6,9.06,-0.99,2.62,0.06,0.002,7.888,-15.932,-0.024,9.534,0.002,,
2026-02-06 12:21:02.104,place_to_retreat_machine,-12.502,1516.093,1394.591,179.202,0.011,0.841,-89.15,-68.531,-16.61,-0.012,-95.657,90.007,0.001,6.471,-13.063,-0.001,6.435,0.003,0.13,38.39,9.01,-0.95,3.04,-0.04,0.001,5.227,-10.561,-0.021,6.764,-0.0,,
2026-02-06 12:21:02.204,place_to_retreat_machine,-12.462,1513.256,1395.048,179.293,0.009,0.841,-89.15,-67.85,-17.984,-0.014,-94.872,90.007,0.002,6.555,-13.234,-0.004,6.787,0.003,0.06,38.25,9.0,-0.95,3.27,0.02,0.001,3.435,-6.941,-0.017,4.653,-0.001,,
2026-02-06 12:21:02.306,place_to_retreat_machine,-12.42,1510.357,1395.432,179.375,0.008,0.841,-89.15,-67.205,-19.288,-0.015,-94.132,90.007,0.002,6.531,-13.185,-0.006,6.942,0.002,-0.05,38.23,8.98,-0.9,3.37,-0.01,0.001,2.74,-5.537,-0.014,3.754,-0.001,,
2026-02-06 12:21:02.407,place_to_retreat_machine,-12.382,1507.752,1395.72,179.441,0.007,0.842,-89.15,-66.66,-20.388,-0.016,-93.511,90.007,0.002,6.259,-12.637,-0.007,6.759,0.002,0.05,38.04,9.12,-1.02,3.45,0.08,0.0,1.454,-2.939,-0.01,2.179,-0.001,,
2026-02-06 12:21:02.508,place_to_retreat_machine,-12.335,1504.417,1396.023,179.515,0.006,0.842,-89.15,-66.004,-21.713,-0.017,-92.768,90.007,0.002,6.335,-12.79,-0.009,6.925,0.001,0.08,37.99,9.08,-0.96,3.35,-0.0,0.001,2.426,-4.901,-0.01,3.177,-0.001,,
2026-02-06 12:21:02.609,place_to_retreat_machine,-12.299,1501.936,1396.207,179.562,0.005,0.842,-89.15,-65.542,-22.646,-0.018,-92.25,90.007,0.001,5.907,-11.927,-0.008,6.491,0.001,0.05,37.8,9.15,-0.89,3.16,-0.02,0.0,0.245,-0.497,-0.005,0.622,-0.001,,
2026-02-06 12:21:02.712,place_to_retreat_machine,-12.264,1499.484,1396.36,179.604,0.004,0.842,-89.15,-65.103,-23.532,-0.019,-91.761,90.008,0.001,5.526,-11.158,-0.008,6.089,0.001,0.03,37.65,9.26,-0.97,3.13,0.05,0.0,-0.018,0.035,-0.004,0.255,-0.001,,
2026-02-06 12:21:02.813,place_to_retreat_machine,-12.231,1497.167,1396.481,179.638,0.004,0.842,-89.15,-64.704,-24.337,-0.02,-91.32,90.008,0.001,5.142,-10.383,-0.008,5.669,0.001,-0.04,37.68,9.3,-0.91,2.85,0.03,-0.0,-0.41,0.826,-0.002,-0.243,-0.001,,
2026-02-06 12:21:02.914,place_to_retreat_machine,-12.201,1495.068,1396.572,179.665,0.003,0.843,-89.149,-64.354,-25.044,-0.02,-90.937,90.008,0.001,4.732,-9.554,-0.007,5.211,0.001,-0.04,37.63,9.32,-0.99,2.8,-0.01,-0.0,-0.861,1.737,-0.001,-0.791,-0.001,,
2026-02-06 12:21:03.015,place_to_retreat_machine,-12.166,1492.641,1396.658,179.692,0.003,0.843,-89.149,-63.962,-25.836,-0.021,-90.51,90.008,0.001,4.529,-9.145,-0.006,4.975,0.001,0.05,37.5,9.45,-0.97,2.64,-0.05,-0.0,-0.352,0.71,-0.001,-0.284,-0.0,,
2026-02-06 12:21:03.118,place_to_retreat_machine,-12.139,1490.752,1396.711,179.71,0.002,0.843,-89.149,-63.666,-26.435,-0.021,-90.19,90.008,0.001,4.139,-8.356,-0.006,4.531,0.001,-0.12,37.36,9.45,-0.97,2.4,0.05,-0.0,-1.272,2.568,0.001,-1.322,-0.0,,
2026-02-06 12:21:03.220,place_to_retreat_machine,-12.114,1488.992,1396.752,179.723,0.002,0.843,-89.149,-63.396,-26.98,-0.021,-89.901,90.008,0.001,3.779,-7.63,-0.005,4.12,0.001,-0.01,37.26,9.56,-0.89,2.23,0.0,-0.0,-1.411,2.849,0.001,-1.5,-0.0,,
2026-02-06 12:21:03.323,place_to_retreat_machine,-12.091,1487.357,1396.781,179.734,0.002,0.843,-89.149,-63.15,-27.476,-0.021,-89.64,90.008,0.001,3.449,-6.963,-0.004,3.743,0.001,-0.07,37.22,9.58,-0.95,2.06,0.06,-0.0,-1.512,3.053,0.002,-1.629,-0.0,,
2026-02-06 12:21:03.426,place_to_retreat_machine,-12.07,1485.84,1396.802,179.742,0.002,0.843,-89.149,-62.926,-27.928,-0.021,-89.404,90.008,0.001,3.146,-6.352,-0.003,3.396,0.001,0.09,37.08,9.7,-0.98,1.76,0.0,-0.0,-1.582,3.194,0.002,-1.719,-0.0,,
2026-02-06 12:21:03.526,place_to_retreat_machine,-12.046,1484.178,1396.819,179.748,0.002,0.843,-89.149,-62.685,-28.414,-0.022,-89.153,90.008,0.001,2.961,-5.979,-0.003,3.176,0.001,0.01,37.03,9.75,-0.87,1.77,-0.05,-0.0,-1.254,2.532,0.002,-1.39,-0.0,,
2026-02-06 12:21:03.627,place_to_retreat_machine,-12.029,1482.947,1396.827,179.751,0.002,0.843,-89.149,-62.51,-28.768,-0.022,-88.971,90.008,0.001,2.659,-5.369,-0.002,2.836,0.001,0.0,36.97,9.73,-0.92,1.58,0.0,-0.0,-1.782,3.598,0.003,-1.949,-0.0,,
2026-02-06 12:21:03.730,place_to_retreat_machine,-12.012,1481.764,1396.832,179.752,0.002,0.843,-89.149,-62.344,-29.104,-0.022,-88.801,90.008,0.001,2.41,-4.866,-0.002,2.554,0.001,0.1,36.92,9.85,-0.99,1.49,0.03,-0.0,-1.694,3.421,0.003,-1.861,-0.0,,
2026-02-06 12:21:03.833,place_to_retreat_machine,-11.997,1480.673,1396.833,179.752,0.002,0.843,-89.149,-62.192,-29.409,-0.022,-88.646,90.008,0.001,2.186,-4.414,-0.001,2.302,0.001,0.03,36.91,9.81,-1.03,1.22,0.03,-0.0,-1.674,3.38,0.003,-1.84,-0.0,,
2026-02-06 12:21:03.937,place_to_retreat_machine,-11.982,1479.632,1396.833,179.751,0.002,0.843,-89.149,-62.049,-29.698,-0.022,-88.502,90.008,0.0,1.997,-4.031,-0.001,2.088,0.001,-0.1,36.79,9.89,-0.96,1.2,0.06,-0.0,-1.592,3.215,0.003,-1.755,-0.0,,
2026-02-06 12:21:04.039,place_to_retreat_machine,-11.967,1478.543,1396.83,179.749,0.002,0.843,-89.149,-61.902,-29.996,-0.022,-88.353,90.008,0.0,1.867,-3.769,-0.001,1.936,0.0,-0.07,36.72,9.99,-1.03,1.09,0.09,-0.0,-1.384,2.795,0.002,-1.543,-0.0,,
2026-02-06 12:21:04.142,place_to_retreat_machine,-11.955,1477.711,1396.826,179.746,0.002,0.844,-89.149,-61.79,-30.221,-0.022,-88.242,90.008,0.0,1.679,-3.39,-0.0,1.73,0.0,0.03,36.76,10.03,-0.93,0.98,-0.01,-0.0,-1.606,3.242,0.002,-1.759,-0.0,,
2026-02-06 12:21:04.242,place_to_retreat_machine,-11.945,1476.974,1396.821,179.743,0.002,0.844,-89.149,-61.692,-30.419,-0.022,-88.146,90.008,0.0,1.505,-3.037,-0.0,1.539,0.0,0.12,36.72,10.01,-0.94,0.97,0.07,-0.0,-1.583,3.196,0.002,-1.728,-0.0,,
2026-02-06 12:21:04.342,place_to_retreat_machine,-11.935,1476.271,1396.816,179.74,0.002,0.844,-89.149,-61.599,-30.607,-0.022,-88.055,90.008,0.0,1.361,-2.747,-0.0,1.382,0.0,0.01,36.62,10.04,-0.92,0.88,0.03,-0.0,-1.475,2.978,0.002,-1.612,-0.0,,
2026-02-06 12:21:04.444,place_to_retreat_machine,-11.926,1475.625,1396.81,179.736,0.002,0.844,-89.149,-61.515,-30.777,-0.021,-87.972,90.008,0.0,1.232,-2.487,0.0,1.242,0.0,-0.02,36.66,10.06,-0.95,0.64,-0.01,-0.0,-1.411,2.849,0.002,-1.539,-0.0,,
2026-02-06 12:21:04.545,place_to_retreat_machine,-11.916,1474.926,1396.804,179.731,0.002,0.844,-89.149,-61.424,-30.961,-0.021,-87.885,90.008,0.0,1.151,-2.324,0.0,1.15,0.0,0.02,36.54,10.16,-0.93,0.6,0.01,-0.0,-1.206,2.435,0.002,-1.33,-0.0,,
2026-02-06 12:21:04.645,place_to_retreat_machine,-11.91,1474.432,1396.798,179.727,0.002,0.844,-89.149,-61.36,-31.089,-0.021,-87.824,90.008,0.0,1.023,-2.065,0.0,1.015,0.0,0.12,36.49,10.08,-0.96,0.64,0.01,-0.0,-1.357,2.741,0.002,-1.465,-0.0,,
2026-02-06 12:21:04.748,place_to_retreat_machine,-11.903,1473.941,1396.793,179.722,0.002,0.844,-89.149,-61.297,-31.217,-0.021,-87.764,90.008,0.0,0.925,-1.867,0.0,0.911,0.0,-0.06,36.54,10.19,-0.95,0.53,0.07,-0.0,-1.228,2.48,0.002,-1.329,-0.0,,
2026-02-06 12:21:04.851,place_to_retreat_machine,-11.897,1473.492,1396.787,179.718,0.002,0.844,-89.149,-61.239,-31.333,-0.021,-87.71,90.008,0.0,0.837,-1.69,0.001,0.818,0.0,0.08,36.54,10.13,-0.89,0.54,-0.03,-0.0,-1.162,2.346,0.001,-1.254,-0.0,,
2026-02-06 12:21:04.952,place_to_retreat_machine,-11.891,1473.08,1396.782,179.714,0.002,0.844,-89.149,-61.187,-31.438,-0.021,-87.661,90.008,0.0,0.759,-1.531,0.001,0.736,0.0,0.01,36.55,10.24,-0.98,0.38,-0.02,-0.0,-1.097,2.216,0.001,-1.181,-0.0,,
2026-02-06 12:21:05.056,place_to_retreat_machine,-11.885,1472.636,1396.776,179.708,0.002,0.844,-89.149,-61.131,-31.552,-0.021,-87.609,90.009,0.0,0.71,-1.432,0.001,0.682,0.0,-0.07,36.41,10.11,-1.0,0.32,0.01,-0.0,-0.948,1.914,0.001,-1.03,-0.0,,
2026-02-06 12:21:05.156,place_to_retreat_machine,-11.88,1472.31,1396.771,179.704,0.002,0.844,-89.149,-61.09,-31.634,-0.021,-87.572,90.009,0.0,0.635,-1.281,0.001,0.606,0.0,0.05,36.42,10.24,-0.9,0.39,-0.03,-0.0,-1.006,2.031,0.001,-1.072,-0.0,,
2026-02-06 12:21:05.258,place_to_retreat_machine,-11.876,1472.011,1396.767,179.7,0.002,0.844,-89.149,-61.052,-31.71,-0.021,-87.537,90.009,0.0,0.57,-1.149,0.001,0.539,0.0,0.02,36.43,10.33,-0.92,0.24,0.07,-0.0,-0.941,1.899,0.001,-1.0,-0.0,,
2026-02-06 12:21:05.359,place_to_retreat_machine,-11.872,1471.737,1396.763,179.696,0.002,0.844,-89.149,-61.018,-31.779,-0.021,-87.506,90.009,0.0,0.513,-1.035,0.001,0.482,0.0,0.06,36.38,10.28,-1.0,0.23,-0.11,-0.0,-0.879,1.775,0.001,-0.931,-0.0,,
2026-02-06 12:21:05.459,place_to_retreat_machine,-11.869,1471.467,1396.759,179.692,0.003,0.844,-89.149,-60.985,-31.847,-0.021,-87.476,90.009,0.0,0.469,-0.946,0.001,0.437,0.0,0.06,36.46,10.26,-0.96,0.25,-0.01,-0.0,-0.797,1.609,0.001,-0.846,-0.0,,
2026-02-06 12:21:05.562,place_to_retreat_machine,-11.865,1471.203,1396.755,179.688,0.003,0.844,-89.149,-60.952,-31.913,-0.021,-87.447,90.009,0.0,0.433,-0.874,0.001,0.4,0.0,0.04,36.45,10.23,-0.97,0.23,-0.02,-0.0,-0.727,1.468,0.001,-0.773,-0.0,,
2026-02-06 12:21:05.664,place_to_retreat_machine,-11.862,1470.989,1396.752,179.685,0.003,0.844,-89.149,-60.925,-31.966,-0.021,-87.424,90.009,0.0,0.391,-0.789,0.001,0.359,0.0,0.05,36.44,10.3,-0.9,0.18,-0.07,-0.0,-0.716,1.445,0.0,-0.752,-0.0,,
2026-02-06 12:21:05.766,place_to_retreat_machine,-11.86,1470.822,1396.749,179.682,0.003,0.844,-89.149,-60.905,-32.008,-0.021,-87.406,90.009,0.0,0.345,-0.695,0.001,0.314,0.0,-0.01,36.41,10.23,-0.98,0.17,-0.03,-0.0,-0.704,1.42,0.0,-0.731,-0.0,,
2026-02-06 12:21:05.869,place_to_retreat_machine,-11.857,1470.634,1396.746,179.678,0.003,0.844,-89.149,-60.882,-32.054,-0.02,-87.386,90.009,0.0,0.316,-0.638,0.001,0.286,0.0,0.01,36.26,10.31,-0.9,0.15,0.03,-0.0,-0.608,1.227,0.0,-0.637,-0.0,waypoint,
2026-02-06 12:21:05.971,place_to_retreat_machine,-11.833,1468.085,1399.385,179.592,0.011,0.843,-89.149,-60.564,-32.485,-0.013,-87.359,90.009,-0.0,1.032,-1.557,0.02,0.282,-0.0,-7.93,150.77,30.94,-3.03,0.11,-0.02,-0.001,2.4,-2.742,0.077,-0.501,-0.0,,
2026-02-06 12:21:06.074,place_to_retreat_machine,-11.168,1419.565,1446.683,178.744,0.028,0.843,-89.148,-54.842,-40.089,0.004,-86.325,90.009,0.003,15.079,-20.176,0.058,2.795,0.001,-6.38,126.76,24.87,-2.54,1.55,0.07,0.012,56.203,-74.189,0.163,9.61,0.003,,
2026-02-06 12:21:06.175,place_to_retreat_machine,-10.558,1377.318,1480.41,178.685,0.027,0.843,-89.146,-50.347,-46.068,0.004,-84.9,90.01,0.005,22.546,-30.081,0.042,5.66,0.004,-5.18,107.23,20.28,-2.2,2.9,0.07,0.01,38.31,-50.533,-0.028,12.57,0.012,,
2026-02-06 12:21:06.276,place_to_retreat_machine,-9.918,1333.451,1509.37,178.801,0.024,0.842,-89.145,-46.084,-51.741,0.001,-83.374,90.012,0.006,27.569,-36.744,0.024,8.059,0.007,-4.08,91.54,16.74,-1.9,4.02,0.09,0.009,32.166,-42.415,-0.051,12.316,0.016,,
2026-02-06 12:21:06.378,place_to_retreat_machine,-9.284,1290.301,1532.966,178.956,0.021,0.842,-89.144,-42.202,-56.906,-0.003,-81.936,90.014,0.007,30.379,-40.469,0.009,9.639,0.01,-3.33,78.7,14.1,-1.61,4.66,-0.0,0.007,25.126,-33.088,-0.051,10.206,0.016,,
2026-02-06 12:21:06.482,place_to_retreat_machine,-8.599,1243.733,1553.942,179.121,0.017,0.842,-89.143,-38.283,-62.122,-0.006,-80.474,90.016,0.008,32.584,-43.392,-0.002,10.883,0.013,-2.51,68.24,12.17,-1.56,4.99,0.07,0.006,22.998,-30.291,-0.048,9.422,0.017,,
2026-02-06 12:21:06.582,place_to_retreat_machine,-7.967,1200.861,1569.746,179.26,0.014,0.841,-89.142,-34.869,-66.665,-0.009,-79.206,90.018,0.008,32.972,-43.9,-0.009,11.333,0.015,-1.9,59.53,10.64,-1.39,5.25,-0.1,0.004,15.64,-20.53,-0.037,6.546,0.013,,
2026-02-06 12:21:06.684,place_to_retreat_machine,-7.411,1163.188,1581.197,179.371,0.012,0.841,-89.142,-31.994,-70.49,-0.012,-78.145,90.02,0.008,31.916,-42.489,-0.013,11.152,0.015,-1.51,52.6,9.63,-1.31,5.41,0.07,0.003,8.687,-11.306,-0.027,3.819,0.009,,
2026-02-06 12:21:06.785,place_to_retreat_machine,-6.907,1129.05,1589.793,179.461,0.01,0.841,-89.141,-29.473,-73.844,-0.014,-77.222,90.021,0.008,30.239,-40.252,-0.015,10.673,0.015,-1.16,46.72,9.03,-1.24,5.19,-0.03,0.001,4.277,-5.462,-0.02,2.063,0.006,,
2026-02-06 12:21:06.886,place_to_retreat_machine,-6.433,1097.012,1596.434,179.537,0.008,0.841,-89.14,-27.17,-76.908,-0.015,-76.384,90.023,0.007,28.437,-37.85,-0.015,10.098,0.015,-0.8,41.79,8.5,-1.12,5.04,-0.07,0.001,1.671,-2.016,-0.015,0.996,0.004,,
2026-02-06 12:21:06.987,place_to_retreat_machine,-5.888,1060.2,1602.473,179.615,0.007,0.84,-89.14,-24.589,-80.343,-0.017,-75.454,90.024,0.007,27.78,-36.973,-0.016,9.901,0.015,-0.54,37.67,8.11,-1.2,4.91,-0.07,0.001,4.286,-5.515,-0.014,1.829,0.005,,
2026-02-06 12:21:07.089,place_to_retreat_machine,-5.436,1029.66,1606.262,179.671,0.006,0.84,-89.139,-22.494,-83.13,-0.018,-74.705,90.025,0.007,26.074,-34.699,-0.015,9.298,0.014,-0.43,34.35,7.99,-1.05,4.55,-0.04,-0.0,-1.001,1.501,-0.007,-0.173,0.002,,
2026-02-06 12:21:07.192,place_to_retreat_machine,-5.021,1001.586,1608.814,179.716,0.005,0.84,-89.139,-20.6,-85.65,-0.019,-74.034,90.026,0.006,24.289,-32.323,-0.014,8.651,0.013,-0.3,31.33,7.94,-1.01,4.34,0.0,-0.001,-2.919,4.036,-0.004,-0.934,0.0,,
2026-02-06 12:21:07.293,place_to_retreat_machine,-4.652,976.733,1610.357,179.751,0.004,0.84,-89.138,-18.947,-87.849,-0.02,-73.453,90.027,0.006,22.349,-29.74,-0.012,7.94,0.012,-0.13,28.95,7.89,-1.04,3.95,-0.03,-0.001,-5.032,6.833,-0.001,-1.741,-0.002,,
2026-02-06 12:21:07.397,place_to_retreat_machine,-4.303,953.122,1611.219,179.779,0.004,0.84,-89.138,-17.395,-89.914,-0.021,-72.912,90.028,0.005,20.642,-27.467,-0.01,7.308,0.011,-0.06,26.75,7.88,-0.97,3.82,0.01,-0.001,-5.539,7.493,0.001,-1.967,-0.002,,
2026-02-06 12:21:07.498,place_to_retreat_machine,-3.962,930.103,1611.507,179.802,0.003,0.84,-89.138,-15.898,-91.906,-0.021,-72.395,90.029,0.005,19.225,-25.581,-0.009,6.774,0.01,0.04,24.98,7.93,-0.94,3.42,-0.01,-0.001,-5.53,7.471,0.002,-2.007,-0.003,,
2026-02-06 12:21:07.598,place_to_retreat_machine,-3.673,910.588,1611.333,179.817,0.003,0.84,-89.137,-14.639,-93.58,-0.021,-71.964,90.029,0.004,17.565,-23.371,-0.007,6.158,0.009,0.01,23.28,8.09,-0.99,3.15,0.06,-0.002,-7.368,9.904,0.003,-2.67,-0.004,,
2026-02-06 12:21:07.699,place_to_retreat_machine,-3.436,894.648,1610.911,179.826,0.003,0.84,-89.137,-13.618,-94.938,-0.021,-71.617,90.03,0.004,15.726,-20.924,-0.006,5.485,0.008,0.06,21.92,8.17,-1.05,3.0,0.01,-0.002,-9.007,12.075,0.004,-3.244,-0.005,,
2026-02-06 12:21:07.802,place_to_retreat_machine,-3.203,878.886,1610.251,179.833,0.003,0.84,-89.137,-12.615,-96.274,-0.021,-71.279,90.03,0.004,14.304,-19.031,-0.004,4.96,0.007,0.0,20.76,8.24,-1.0,2.66,0.08,-0.002,-8.278,11.096,0.005,-3.005,-0.005,,
2026-02-06 12:21:07.902,place_to_retreat_machine,-2.997,865.024,1609.473,179.837,0.003,0.84,-89.137,-11.737,-97.442,-0.021,-70.985,90.031,0.003,12.923,-17.193,-0.003,4.454,0.006,0.17,19.71,8.34,-0.9,2.42,-0.05,-0.002,-8.705,11.656,0.005,-3.151,-0.005,,
2026-02-06 12:21:08.003,place_to_retreat_machine,-2.782,850.501,1608.461,179.838,0.003,0.84,-89.136,-10.821,-98.66,-0.021,-70.681,90.031,0.003,11.982,-15.941,-0.002,4.099,0.005,0.14,18.87,8.39,-0.95,2.2,-0.02,-0.002,-7.458,9.99,0.005,-2.736,-0.005,,
2026-02-06 12:21:08.105,place_to_retreat_machine,-2.589,837.414,1607.379,179.836,0.003,0.84,-89.136,-9.999,-99.753,-0.021,-70.411,90.031,0.003,11.041,-14.688,-0.001,3.749,0.005,0.15,17.92,8.57,-0.99,2.1,-0.04,-0.002,-7.654,10.244,0.005,-2.799,-0.005,,
2026-02-06 12:21:08.206,place_to_retreat_machine,-2.431,826.753,1606.379,179.833,0.004,0.84,-89.136,-9.332,-100.64,-0.021,-70.194,90.031,0.002,9.948,-13.234,-0.0,3.355,0.004,0.22,17.38,8.6,-0.97,1.79,-0.11,-0.002,-8.435,11.276,0.005,-3.046,-0.005,,
2026-02-06 12:21:08.307,place_to_retreat_machine,-2.282,816.713,1605.34,179.829,0.004,0.84,-89.136,-8.706,-101.473,-0.021,-69.992,90.032,0.002,9.027,-12.008,0.0,3.022,0.003,0.09,16.66,8.7,-0.94,1.64,-0.04,-0.002,-7.999,10.691,0.005,-2.891,-0.005,,
2026-02-06 12:21:08.408,place_to_retreat_machine,-2.148,807.616,1604.319,179.823,0.004,0.84,-89.136,-8.14,-102.226,-0.02,-69.811,90.032,0.002,8.185,-10.888,0.001,2.719,0.003,0.17,16.14,8.8,-0.99,1.48,0.0,-0.002,-7.802,10.424,0.005,-2.812,-0.005,,
2026-02-06 12:21:08.510,place_to_retreat_machine,-2.013,798.54,1603.225,179.816,0.004,0.84,-89.136,-7.577,-102.975,-0.02,-69.632,90.032,0.002,7.547,-10.039,0.001,2.487,0.002,0.2,15.54,8.92,-0.9,1.34,-0.05,-0.002,-7.049,9.418,0.005,-2.556,-0.005,,
2026-02-06 12:21:08.612,place_to_retreat_machine,-1.9,790.906,1602.246,179.809,0.005,0.84,-89.136,-7.104,-103.604,-0.02,-69.483,90.032,0.002,6.842,-9.102,0.002,2.237,0.002,0.14,15.04,8.99,-0.97,1.2,-0.01,-0.002,-7.249,9.68,0.004,-2.601,-0.004,,
2026-02-06 12:21:08.713,place_to_retreat_machine,-1.802,784.245,1601.349,179.801,0.005,0.84,-89.135,-6.692,-104.152,-0.019,-69.355,90.032,0.001,6.161,-8.195,0.002,1.998,0.002,0.13,14.71,9.01,-0.94,1.15,0.02,-0.002,-7.134,9.524,0.004,-2.544,-0.004,,
2026-02-06 12:21:08.814,place_to_retreat_machine,-1.713,778.216,1600.502,179.793,0.005,0.84,-89.135,-6.32,-104.647,-0.019,-69.24,90.032,0.001,5.551,-7.384,0.002,1.786,0.001,0.08,14.29,9.13,-0.97,0.89,0.03,-0.002,-6.817,9.099,0.003,-2.423,-0.004,,
2026-02-06 12:21:08.917,place_to_retreat_machine,-1.638,773.131,1599.763,179.786,0.006,0.84,-89.135,-6.007,-105.064,-0.019,-69.144,90.032,0.001,4.947,-6.58,0.002,1.58,0.001,0.12,13.97,9.18,-0.95,0.86,0.01,-0.002,-6.723,8.97,0.003,-2.37,-0.004,,
2026-02-06 12:21:09.016,place_to_retreat_machine,-1.557,767.654,1598.94,179.777,0.006,0.84,-89.135,-5.669,-105.512,-0.019,-69.041,90.032,0.001,4.553,-6.056,0.003,1.441,0.001,0.15,13.8,9.17,-0.96,0.82,0.03,-0.001,-5.813,7.758,0.003,-2.069,-0.003,,
2026-02-06 12:21:09.121,place_to_retreat_machine,-1.493,763.353,1598.275,179.77,0.006,0.84,-89.135,-5.405,-105.864,-0.018,-68.962,90.032,0.001,4.075,-5.421,0.003,1.28,0.0,0.06,13.44,9.14,-0.99,0.64,-0.01,-0.002,-5.96,7.95,0.002,-2.091,-0.003,,
2026-02-06 12:21:09.225,place_to_retreat_machine,-1.436,759.449,1597.658,179.762,0.006,0.84,-89.135,-5.165,-106.182,-0.018,-68.89,90.032,0.001,3.656,-4.863,0.003,1.139,0.0,0.05,13.22,9.26,-0.9,0.58,0.02,-0.001,-5.609,7.482,0.002,-1.962,-0.003,,
2026-02-06 12:21:09.329,place_to_retreat_machine,-1.385,756.029,1597.106,179.755,0.007,0.84,-89.135,-4.956,-106.461,-0.018,-68.828,90.032,0.001,3.266,-4.345,0.003,1.01,0.0,0.02,13.03,9.19,-0.87,0.66,-0.02,-0.001,-5.348,7.132,0.002,-1.86,-0.003,,
2026-02-06 12:21:09.431,place_to_retreat_machine,-1.341,753.028,1596.613,179.749,0.007,0.84,-89.135,-4.772,-106.706,-0.018,-68.774,90.032,0.001,2.91,-3.87,0.003,0.893,0.0,-0.03,12.78,9.27,-0.93,0.34,0.05,-0.001,-5.072,6.763,0.001,-1.755,-0.002,,
2026-02-06 12:21:09.533,place_to_retreat_machine,-1.29,749.56,1596.033,179.74,0.007,0.84,-89.135,-4.559,-106.989,-0.017,-68.712,90.032,0.001,2.713,-3.609,0.003,0.824,-0.0,0.07,12.71,9.31,-0.88,0.49,-0.11,-0.001,-4.28,5.707,0.002,-1.501,-0.002,,
2026-02-06 12:21:09.633,place_to_retreat_machine,-1.253,747.021,1595.602,179.734,0.007,0.84,-89.135,-4.404,-107.195,-0.017,-68.667,90.032,0.001,2.423,-3.223,0.003,0.731,-0.0,0.09,12.45,9.39,-0.88,0.4,-0.01,-0.001,-4.422,5.895,0.001,-1.521,-0.002,,
2026-02-06 12:21:09.738,place_to_retreat_machine,-1.219,744.708,1595.205,179.728,0.008,0.84,-89.135,-4.262,-107.383,-0.017,-68.626,90.032,0.0,2.171,-2.888,0.002,0.649,-0.0,0.08,12.43,9.34,-0.86,0.31,0.03,-0.001,-4.119,5.491,0.001,-1.413,-0.002,,
2026-02-06 12:21:09.843,place_to_retreat_machine,-1.188,742.601,1594.838,179.722,0.008,0.84,-89.135,-4.134,-107.555,-0.017,-68.59,90.032,0.0,1.95,-2.594,0.002,0.579,-0.0,-0.01,12.26,9.41,-0.85,0.38,0.05,-0.001,-3.834,5.111,0.0,-1.311,-0.002,,
2026-02-06 12:21:09.943,place_to_retreat_machine,-1.16,740.752,1594.514,179.717,0.008,0.84,-89.135,-4.021,-107.705,-0.016,-68.558,90.032,0.0,1.745,-2.321,0.002,0.514,-0.0,0.04,12.03,9.39,-0.91,0.3,-0.07,-0.001,-3.61,4.811,0.0,-1.227,-0.002,,
2026-02-06 12:21:10.044,place_to_retreat_machine,-1.128,738.554,1594.124,179.71,0.008,0.84,-89.135,-3.886,-107.883,-0.016,-68.52,90.032,0.0,1.644,-2.187,0.002,0.479,-0.0,-0.0,12.08,9.39,-0.9,0.27,0.0,-0.001,-3.035,4.046,0.001,-1.048,-0.001,,
2026-02-06 12:21:10.146,place_to_retreat_machine,-1.109,737.226,1593.887,179.706,0.008,0.84,-89.135,-3.805,-107.991,-0.016,-68.498,90.032,0.0,1.436,-1.909,0.002,0.416,-0.0,0.13,11.97,9.47,-0.9,0.28,0.06,-0.001,-3.264,4.349,-0.0,-1.094,-0.001,,
2026-02-06 12:21:10.249,place_to_retreat_machine,-1.087,735.787,1593.628,179.701,0.008,0.84,-89.135,-3.718,-108.108,-0.016,-68.474,90.031,0.0,1.296,-1.724,0.002,0.372,-0.0,0.11,11.88,9.54,-0.93,0.12,-0.05,-0.001,-2.87,3.824,-0.0,-0.967,-0.001,,
2026-02-06 12:21:10.351,place_to_retreat_machine,-1.069,734.524,1593.399,179.697,0.009,0.84,-89.135,-3.641,-108.21,-0.016,-68.453,90.031,0.0,1.165,-1.549,0.002,0.332,-0.0,0.06,11.76,9.44,-1.0,0.26,0.05,-0.001,-2.691,3.586,-0.0,-0.902,-0.001,,
2026-02-06 12:21:10.452,place_to_retreat_machine,-1.051,733.282,1593.173,179.692,0.009,0.84,-89.135,-3.565,-108.31,-0.016,-68.432,90.031,0.0,1.063,-1.413,0.002,0.3,-0.0,0.08,11.67,9.47,-0.9,0.16,-0.02,-0.001,-2.435,3.244,-0.0,-0.817,-0.001,,
2026-02-06 12:21:10.555,place_to_retreat_machine,-1.032,731.998,1592.938,179.688,0.009,0.84,-89.135,-3.487,-108.415,-0.015,-68.411,90.031,0.0,0.993,-1.32,0.002,0.278,-0.0,0.06,11.67,9.49,-0.8,0.09,0.02,-0.001,-2.166,2.886,-0.0,-0.73,-0.001,,
2026-02-06 12:21:10.655,place_to_retreat_machine,-1.018,731.061,1592.765,179.684,0.009,0.84,-89.135,-3.43,-108.49,-0.015,-68.396,90.031,0.0,0.887,-1.179,0.002,0.246,-0.0,0.1,11.62,9.54,-0.86,0.05,0.04,-0.001,-2.161,2.879,-0.0,-0.715,-0.001,,
2026-02-06 12:21:10.756,place_to_retreat_machine,-1.005,730.205,1592.607,179.681,0.009,0.84,-89.135,-3.378,-108.56,-0.015,-68.382,90.031,0.0,0.795,-1.058,0.001,0.219,-0.0,0.05,11.56,9.51,-0.93,0.19,0.07,-0.0,-1.995,2.657,-0.0,-0.658,-0.001,,
2026-02-06 12:21:10.860,place_to_retreat_machine,-0.994,729.393,1592.457,179.677,0.009,0.84,-89.135,-3.328,-108.625,-0.015,-68.369,90.031,0.0,0.72,-0.957,0.001,0.197,-0.0,0.04,11.52,9.56,-0.81,0.14,-0.11,-0.0,-1.822,2.427,-0.0,-0.6,-0.001,,
2026-02-06 12:21:10.960,place_to_retreat_machine,-0.982,728.627,1592.314,179.674,0.009,0.839,-89.135,-3.282,-108.687,-0.015,-68.357,90.031,0.0,0.657,-0.873,0.001,0.178,-0.0,0.03,11.44,9.52,-0.86,0.15,0.04,-0.0,-1.668,2.221,-0.0,-0.549,-0.0,,
2026-02-06 12:21:11.063,place_to_retreat_machine,-0.971,727.834,1592.166,179.671,0.009,0.839,-89.135,-3.234,-108.751,-0.015,-68.344,90.031,0.0,0.613,-0.815,0.001,0.165,-0.0,-0.06,11.44,9.54,-0.91,0.06,0.04,-0.0,-1.485,1.978,-0.0,-0.491,-0.0,,
2026-02-06 12:21:11.165,place_to_retreat_machine,-0.962,727.256,1592.057,179.668,0.01,0.839,-89.135,-3.198,-108.798,-0.015,-68.336,90.031,0.0,0.547,-0.728,0.001,0.146,-0.0,0.01,11.52,9.58,-0.84,0.13,-0.11,-0.0,-1.467,1.954,-0.001,-0.476,-0.0,,
2026-02-06 12:21:11.267,place_to_retreat_machine,-0.954,726.707,1591.955,179.666,0.01,0.839,-89.135,-3.165,-108.842,-0.015,-68.327,90.031,0.0,0.494,-0.657,0.001,0.131,-0.0,0.1,11.4,9.5,-0.86,0.08,-0.11,-0.0,-1.339,1.783,-0.001,-0.434,-0.0,,
2026-02-06 12:21:11.367,wait_for_machining,-0.947,726.226,1591.864,179.663,0.01,0.839,-89.135,-3.136,-108.881,-0.015,-68.32,90.031,0.0,0.443,-0.59,0.001,0.116,-0.0,0.04,11.35,9.53,-0.88,0.14,0.01,-0.0,-1.246,1.659,-0.001,-0.401,-0.0,,
2026-02-06 12:21:11.468,wait_for_machining,-0.94,725.737,1591.772,179.661,0.01,0.839,-89.135,-3.106,-108.921,-0.014,-68.312,90.031,0.0,0.407,-0.541,0.001,0.106,-0.0,-0.07,11.37,9.55,-0.88,0.12,0.03,-0.0,-1.116,1.486,-0.0,-0.361,-0.0,,
2026-02-06 12:21:11.570,wait_for_machining,-0.933,725.249,1591.68,179.659,0.01,0.839,-89.135,-3.077,-108.96,-0.014,-68.305,90.031,0.0,0.379,-0.504,0.001,0.098,-0.0,0.03,11.22,9.57,-0.85,0.07,-0.02,-0.0,-1.006,1.34,-0.0,-0.326,-0.0,,
2026-02-06 12:21:11.671,wait_for_machining,-0.928,724.88,1591.61,179.657,0.01,0.839,-89.135,-3.054,-108.99,-0.014,-68.299,90.031,0.0,0.34,-0.452,0.001,0.087,-0.0,0.06,11.28,9.62,-0.96,0.07,-0.04,-0.0,-0.977,1.301,-0.001,-0.311,-0.0,,
2026-02-06 12:21:11.773,wait_for_machining,-0.923,724.544,1591.546,179.655,0.01,0.839,-89.135,-3.034,-109.017,-0.014,-68.294,90.031,0.0,0.306,-0.407,0.001,0.078,-0.0,0.03,11.19,9.55,-0.88,0.01,-0.04,-0.0,-0.9,1.198,-0.001,-0.286,-0.0,,
2026-02-06 12:21:11.874,wait_for_machining,-0.918,724.238,1591.488,179.653,0.01,0.839,-89.135,-3.015,-109.041,-0.014,-68.29,90.031,0.0,0.276,-0.367,0.001,0.069,-0.0,0.02,11.23,9.45,-0.9,0.05,0.0,-0.0,-0.828,1.102,-0.001,-0.262,-0.0,,
2026-02-06 12:21:11.974,wait_for_machining,-0.914,723.96,1591.435,179.652,0.01,0.839,-89.135,-2.998,-109.064,-0.014,-68.286,90.031,0.0,0.249,-0.331,0.001,0.062,-0.0,0.05,11.3,9.54,-0.95,0.09,0.01,-0.0,-0.762,1.014,-0.001,-0.24,-0.0,,
2026-02-06 12:21:12.074,wait_for_machining,-0.91,723.679,1591.382,179.65,0.01,0.839,-89.135,-2.981,-109.087,-0.014,-68.282,90.031,0.0,0.229,-0.305,0.001,0.057,-0.0,0.07,11.22,9.6,-0.91,0.05,0.06,-0.0,-0.684,0.911,-0.0,-0.216,-0.0,,
2026-02-06 12:21:12.174,wait_for_machining,-0.907,723.459,1591.34,179.649,0.01,0.839,-89.135,-2.968,-109.104,-0.014,-68.279,90.031,0.0,0.205,-0.273,0.001,0.05,-0.0,0.06,11.15,9.58,-0.87,0.02,0.08,-0.0,-0.653,0.869,-0.001,-0.203,-0.0,,
2026-02-06 12:21:12.277,wait_for_machining,-0.904,723.242,1591.299,179.648,0.01,0.839,-89.135,-2.955,-109.122,-0.014,-68.276,90.031,0.0,0.187,-0.248,0.001,0.046,-0.0,-0.01,11.28,9.52,-0.89,-0.03,-0.07,-0.0,-0.59,0.785,-0.0,-0.184,-0.0,,
2026-02-06 12:21:12.379,wait_for_machining,-0.901,723.046,1591.261,179.647,0.01,0.839,-89.135,-2.943,-109.137,-0.014,-68.273,90.031,0.0,0.17,-0.226,0.001,0.041,-0.0,-0.02,11.18,9.52,-0.94,0.08,-0.05,-0.0,-0.543,0.723,-0.0,-0.169,-0.0,,
2026-02-06 12:21:12.482,wait_for_machining,-0.898,722.855,1591.225,179.645,0.01,0.839,-89.135,-2.932,-109.153,-0.014,-68.27,90.031,0.0,0.156,-0.208,0.0,0.037,-0.0,0.0,11.23,9.58,-0.98,0.07,0.02,-0.0,-0.492,0.655,-0.0,-0.153,-0.0,,
2026-02-06 12:21:12.583,wait_for_machining,-0.895,722.678,1591.191,179.644,0.01,0.839,-89.135,-2.921,-109.167,-0.014,-68.268,90.031,0.0,0.144,-0.191,0.0,0.034,-0.0,-0.01,11.24,9.59,-0.9,0.12,0.02,-0.0,-0.451,0.6,-0.0,-0.14,-0.0,,
2026-02-06 12:21:12.683,wait_for_machining,-0.893,722.539,1591.165,179.643,0.01,0.839,-89.135,-2.912,-109.178,-0.014,-68.266,90.031,0.0,0.129,-0.171,0.0,0.03,-0.0,-0.01,11.13,9.57,-0.82,0.02,0.02,-0.0,-0.429,0.571,-0.0,-0.131,0.0,,
2026-02-06 12:21:12.784,wait_for_machining,-0.892,722.413,1591.141,179.643,0.01,0.839,-89.135,-2.905,-109.188,-0.014,-68.264,90.031,0.0,0.116,-0.154,0.0,0.027,-0.0,0.0,11.09,9.56,-0.92,0.04,0.04,-0.0,-0.394,0.524,-0.0,-0.12,0.0,,
2026-02-06 12:21:12.886,wait_for_machining,-0.89,722.293,1591.118,179.642,0.01,0.839,-89.135,-2.898,-109.198,-0.014,-68.263,90.031,0.0,0.105,-0.139,0.0,0.024,-0.0,0.01,11.15,9.58,-0.78,-0.0,0.05,-0.0,-0.359,0.478,-0.0,-0.109,0.0,,
2026-02-06 12:21:18.902,wait_for_machining,-0.873,721.13,1590.896,179.633,0.011,0.839,-89.135,-2.827,-109.291,-0.014,-68.248,90.031,-0.0,0.0,-0.0,0.0,0.0,-0.0,0.01,11.15,9.6,-0.87,0.06,-0.04,-0.0,-0.002,0.002,-0.0,-0.0,0.0,,
2026-02-06 12:21:25.015,wait_for_machining,-0.873,721.127,1590.895,179.633,0.011,0.839,-89.135,-2.827,-109.291,-0.014,-68.248,90.031,-0.0,0.0,-0.0,0.0,0.0,-0.0,-0.07,11.07,9.56,-0.94,0.1,-0.09,-0.0,-0.0,0.0,-0.0,-0.0,0.0,,
2026-02-06 12:21:31.146,wait_for_machining,-0.873,721.127,1590.895,179.633,0.011,0.839,-89.135,-2.827,-109.291,-0.014,-68.248,90.031,-0.0,0.0,-0.0,0.0,0.0,-0.0,-0.03,10.91,9.57,-0.88,0.02,0.0,0.0,-0.0,0.0,-0.0,-0.0,0.0,,
2026-02-06 12:21:37.272,wait_for_machining,-0.873,721.127,1590.895,179.633,0.011,0.839,-89.135,-2.827,-109.291,-0.014,-68.248,90.031,-0.0,0.0,-0.0,0.0,0.0,-0.0,0.0,11.1,9.55,-0.87,-0.09,0.06,0.0,-0.0,0.0,-0.0,-0.0,0.0,,
2026-02-06 12:21:43.403,wait_for_machining,-0.873,721.127,1590.895,179.633,0.011,0.839,-89.135,-2.827,-109.291,-0.014,-68.248,90.031,-0.0,0.0,-0.0,0.0,0.0,-0.0,0.08,11.07,9.55,-0.9,0.02,-0.05,0.0,-0.0,0.0,-0.0,-0.0,0.0,,
2026-02-06 12:21:49.519,wait_for_machining,-0.873,721.127,1590.895,179.633,0.011,0.839,-89.135,-2.827,-109.291,-0.014,-68.248,90.031,-0.0,0.0,-0.0,0.0,0.0,-0.0,0.03,11.19,9.61,-0.93,0.01,-0.02,0.0,-0.0,0.0,-0.0,-0.0,0.0,,
2026-02-06 12:21:55.643,wait_for_machining,-0.873,721.127,1590.895,179.633,0.011,0.839,-89.135,-2.827,-109.291,-0.014,-68.248,90.031,-0.0,0.0,-0.0,0.0,0.0,-0.0,0.04,11.07,9.56,-0.85,-0.01,-0.02,0.0,-0.0,0.0,-0.0,-0.0,0.0,,
2026-02-06 12:22:01.747,wait_for_machining,-0.873,721.127,1590.895,179.633,0.011,0.839,-89.135,-2.827,-109.291,-0.014,-68.248,90.031,-0.0,0.0,-0.0,0.0,0.0,-0.0,0.03,11.04,9.51,-0.84,-0.04,-0.07,0.0,-0.0,0.0,-0.0,-0.0,0.0,,
2026-02-06 12:22:07.871,wait_for_machining,-0.873,721.127,1590.895,179.633,0.011,0.839,-89.135,-2.827,-109.291,-0.014,-68.248,90.031,-0.0,0.0,-0.0,0.0,0.0,-0.0,-0.01,11.06,9.57,-0.84,-0.05,0.04,0.0,-0.0,0.0,-0.0,-0.0,0.0,waypoint,
2026-02-06 12:22:07.973,machining_end_to_approach_machine,-1.002,730.8,1591.93,179.745,0.0,0.844,-89.134,-3.426,-108.564,-0.025,-68.265,90.031,0.001,-1.498,1.818,-0.028,-0.041,0.001,2.11,-1.21,13.04,-1.19,-0.23,-0.01,0.004,-5.992,7.272,-0.112,-0.166,0.006,,
2026-02-06 12:22:08.074,machining_end_to_approach_machine,-1.988,798.616,1596.936,-179.839,-0.01,0.842,-89.135,-7.69,-103.369,-0.036,-68.781,90.035,-0.002,-11.782,14.352,-0.048,-1.321,0.01,1.51,1.59,12.87,-1.02,-1.06,0.01,-0.012,-42.033,51.226,-0.098,-5.144,0.037,,
2026-02-06 12:22:08.177,machining_end_to_approach_machine,-3.049,870.587,1597.241,-179.799,-0.01,0.839,-89.137,-12.326,-97.715,-0.036,-69.758,90.036,-0.006,-20.428,24.898,-0.037,-3.434,0.01,0.98,4.45,12.8,-0.92,-1.62,-0.03,-0.015,-41.565,50.688,0.018,-9.24,0.004,,
2026-02-06 12:22:08.278,machining_end_to_approach_machine,-3.804,921.753,1594.132,-179.867,-0.009,0.838,-89.138,-15.69,-93.613,-0.034,-70.564,90.035,-0.007,-23.731,28.93,-0.023,-4.59,0.004,0.52,7.05,12.66,-0.84,-2.2,0.0,-0.01,-24.681,30.107,0.039,-6.603,-0.018,,
2026-02-06 12:22:08.379,machining_end_to_approach_machine,-4.457,966.005,1589.109,-179.947,-0.007,0.838,-89.139,-18.652,-90.001,-0.032,-71.295,90.033,-0.008,-25.202,30.726,-0.012,-5.27,-0.002,0.32,9.46,12.64,-0.74,-2.59,0.08,-0.007,-18.185,22.186,0.037,-5.194,-0.023,,
2026-02-06 12:22:08.479,machining_end_to_approach_machine,-5.07,1007.652,1582.316,179.971,-0.005,0.838,-89.14,-21.49,-86.539,-0.03,-72.0,90.03,-0.009,-25.997,31.699,-0.004,-5.715,-0.007,0.1,11.76,12.56,-0.92,-2.94,0.06,-0.006,-15.138,18.469,0.033,-4.419,-0.024,,
2026-02-06 12:22:08.582,machining_end_to_approach_machine,-5.642,1046.577,1574.068,179.894,-0.003,0.839,-89.141,-24.196,-83.239,-0.028,-72.671,90.028,-0.009,-26.263,32.025,0.002,-5.964,-0.011,-0.09,13.79,12.55,-0.92,-3.14,-0.06,-0.005,-12.302,15.009,0.027,-3.635,-0.022,,
2026-02-06 12:22:08.684,machining_end_to_approach_machine,-6.209,1085.331,1563.932,179.82,-0.002,0.84,-89.142,-26.95,-79.88,-0.026,-73.35,90.026,-0.009,-26.583,32.416,0.006,-6.171,-0.014,-0.15,15.82,12.4,-0.85,-3.07,0.07,-0.005,-11.552,14.094,0.024,-3.35,-0.02,,
2026-02-06 12:22:08.786,machining_end_to_approach_machine,-6.624,1113.737,1555.214,179.767,-0.001,0.84,-89.143,-29.013,-77.364,-0.025,-73.855,90.024,-0.009,-25.094,30.602,0.008,-5.891,-0.015,-0.24,17.6,12.43,-0.82,-3.1,-0.02,-0.002,-3.483,4.252,0.015,-1.275,-0.012,,
2026-02-06 12:22:08.886,machining_end_to_approach_machine,-6.998,1139.377,1546.356,179.723,0.0,0.84,-89.144,-30.911,-75.049,-0.024,-74.317,90.022,-0.008,-23.566,28.739,0.008,-5.572,-0.015,-0.3,19.25,12.35,-0.82,-2.87,0.03,-0.001,-1.489,1.82,0.012,-0.713,-0.009,,
2026-02-06 12:22:08.990,machining_end_to_approach_machine,-7.349,1163.476,1537.129,179.683,0.001,0.841,-89.144,-32.731,-72.83,-0.023,-74.756,90.021,-0.008,-22.223,27.101,0.008,-5.277,-0.015,-0.33,20.69,12.3,-0.83,-2.89,0.1,-0.001,-0.553,0.677,0.009,-0.419,-0.006,,
2026-02-06 12:22:09.092,machining_end_to_approach_machine,-7.664,1185.144,1528.046,179.649,0.002,0.841,-89.145,-34.399,-70.796,-0.022,-75.156,90.02,-0.007,-20.838,25.412,0.008,-4.957,-0.014,-0.31,22.01,12.24,-0.89,-2.75,-0.01,0.0,1.015,-1.235,0.007,0.017,-0.004,,
2026-02-06 12:22:09.193,machining_end_to_approach_machine,-8.013,1209.197,1517.042,179.615,0.002,0.842,-89.146,-36.291,-68.489,-0.022,-75.605,90.018,-0.007,-20.358,24.826,0.008,-4.842,-0.014,-0.2,23.19,12.22,-0.98,-2.54,-0.01,-0.001,-1.321,1.613,0.006,-0.483,-0.005,,
2026-02-06 12:22:09.296,machining_end_to_approach_machine,-8.279,1227.634,1507.911,179.591,0.003,0.842,-89.146,-37.772,-66.682,-0.021,-75.955,90.017,-0.007,-18.972,23.136,0.007,-4.505,-0.013,-0.32,24.4,12.14,-0.84,-2.39,0.01,0.001,2.914,-3.552,0.003,0.57,-0.001,,
2026-02-06 12:22:09.397,machining_end_to_approach_machine,-8.517,1244.101,1499.216,179.571,0.003,0.842,-89.147,-39.121,-65.038,-0.021,-76.27,90.016,-0.006,-17.6,21.463,0.006,-4.167,-0.012,-0.44,25.23,11.96,-0.89,-2.33,-0.02,0.001,3.951,-4.818,0.001,0.852,0.001,,
2026-02-06 12:22:09.497,machining_end_to_approach_machine,-8.721,1258.286,1491.296,179.556,0.003,0.842,-89.147,-40.303,-63.596,-0.021,-76.544,90.016,-0.006,-16.156,19.702,0.005,-3.811,-0.011,-0.31,26.27,11.94,-0.88,-2.08,0.02,0.002,5.217,-6.362,0.0,1.176,0.002,,
2026-02-06 12:22:09.599,machining_end_to_approach_machine,-8.918,1271.995,1483.246,179.544,0.003,0.842,-89.147,-41.466,-62.178,-0.021,-76.812,90.015,-0.005,-15.024,18.321,0.004,-3.527,-0.01,-0.32,27.01,11.79,-0.96,-1.95,0.0,0.002,4.895,-5.969,-0.001,1.126,0.002,,
2026-02-06 12:22:09.702,machining_end_to_approach_machine,-9.106,1285.074,1475.185,179.534,0.003,0.843,-89.148,-42.594,-60.802,-0.021,-77.07,90.014,-0.005,-14.089,17.181,0.003,-3.29,-0.009,-0.25,27.78,11.68,-0.94,-1.76,-0.02,0.002,4.746,-5.787,-0.001,1.114,0.003,,
2026-02-06 12:22:09.803,machining_end_to_approach_machine,-9.25,1295.139,1468.716,179.527,0.003,0.843,-89.148,-43.477,-59.727,-0.021,-77.269,90.014,-0.004,-12.772,15.575,0.002,-2.967,-0.008,-0.18,28.34,11.67,-0.92,-1.7,0.01,0.002,6.733,-8.211,-0.002,1.581,0.004,,
2026-02-06 12:22:09.906,machining_end_to_approach_machine,-9.385,1304.552,1462.448,179.523,0.003,0.843,-89.148,-44.313,-58.706,-0.021,-77.457,90.013,-0.004,-11.671,14.232,0.002,-2.695,-0.007,-0.25,28.92,11.56,-0.83,-1.55,-0.06,0.002,6.515,-7.945,-0.002,1.541,0.004,,
2026-02-06 12:22:10.008,machining_end_to_approach_machine,-9.501,1312.7,1456.848,179.52,0.003,0.843,-89.149,-45.047,-57.812,-0.021,-77.621,90.013,-0.004,-10.587,12.91,0.001,-2.43,-0.006,-0.32,29.51,11.41,-0.93,-1.41,0.01,0.002,6.894,-8.407,-0.002,1.631,0.004,,
2026-02-06 12:22:10.109,machining_end_to_approach_machine,-9.61,1320.333,1451.446,179.519,0.003,0.843,-89.149,-45.743,-56.963,-0.021,-77.775,90.013,-0.003,-9.68,11.804,0.0,-2.207,-0.005,-0.19,29.88,11.36,-0.89,-1.29,0.01,0.002,6.583,-8.028,-0.002,1.564,0.004,,
2026-02-06 12:22:10.212,machining_end_to_approach_machine,-9.719,1327.95,1445.904,179.519,0.003,0.843,-89.149,-46.446,-56.107,-0.021,-77.929,90.012,-0.003,-9.017,10.995,-0.0,-2.041,-0.005,-0.2,30.34,11.23,-0.98,-1.1,-0.04,0.002,5.856,-7.141,-0.003,1.406,0.004,,
2026-02-06 12:22:10.314,machining_end_to_approach_machine,-9.806,1334.062,1441.342,179.52,0.003,0.843,-89.149,-47.016,-55.411,-0.021,-78.053,90.012,-0.003,-8.189,9.985,-0.0,-1.841,-0.004,-0.18,30.61,11.14,-0.94,-1.02,0.04,0.002,6.594,-8.042,-0.002,1.566,0.004,,
2026-02-06 12:22:10.416,machining_end_to_approach_machine,-9.881,1339.37,1437.296,179.522,0.002,0.843,-89.149,-47.516,-54.801,-0.021,-78.161,90.012,-0.002,-7.392,9.013,-0.001,-1.65,-0.004,-0.1,31.04,11.14,-0.89,-0.88,0.04,0.002,6.637,-8.094,-0.002,1.57,0.004,,
2026-02-06 12:22:10.517,machining_end_to_approach_machine,-9.949,1344.177,1433.562,179.524,0.002,0.843,-89.15,-47.973,-54.244,-0.021,-78.259,90.012,-0.002,-6.686,8.152,-0.001,-1.482,-0.003,-0.17,31.25,11.11,-0.86,-0.87,0.05,0.002,6.406,-7.812,-0.002,1.514,0.004,,
2026-02-06 12:22:10.619,machining_end_to_approach_machine,-10.02,1349.191,1429.594,179.527,0.002,0.843,-89.15,-48.454,-53.658,-0.022,-78.361,90.012,-0.002,-6.216,7.58,-0.001,-1.367,-0.003,-0.18,31.55,10.96,-0.97,-0.79,0.06,0.002,5.526,-6.74,-0.002,1.32,0.004,,
2026-02-06 12:22:10.723,machining_end_to_approach_machine,-10.078,1353.228,1426.344,179.531,0.002,0.843,-89.15,-48.844,-53.183,-0.022,-78.443,90.011,-0.002,-5.638,6.874,-0.001,-1.231,-0.002,-0.08,31.76,10.94,-0.89,-0.7,-0.03,0.002,5.879,-7.17,-0.002,1.387,0.004,,
2026-02-06 12:22:10.824,machining_end_to_approach_machine,-10.129,1356.876,1423.364,179.534,0.002,0.843,-89.15,-49.199,-52.75,-0.022,-78.517,90.011,-0.002,-5.116,6.238,-0.002,-1.109,-0.002,-0.22,31.95,10.83,-0.94,-0.62,0.03,0.002,5.642,-6.88,-0.002,1.328,0.004,,
2026-02-06 12:22:10.924,machining_end_to_approach_machine,-10.174,1360.055,1420.734,179.538,0.001,0.843,-89.15,-49.51,-52.37,-0.022,-78.582,90.011,-0.002,-4.616,5.628,-0.002,-0.993,-0.002,-0.12,32.23,10.84,-0.94,-0.59,-0.1,0.002,5.515,-6.725,-0.001,1.292,0.003,,
2026-02-06 12:22:11.028,machining_end_to_approach_machine,-10.216,1363.053,1418.225,179.542,0.001,0.843,-89.15,-49.806,-52.01,-0.022,-78.642,90.011,-0.001,-4.2,5.121,-0.002,-0.897,-0.002,-0.03,32.34,10.74,-0.87,-0.49,0.04,0.002,5.124,-6.249,-0.001,1.201,0.003,,
2026-02-06 12:22:11.131,machining_end_to_approach_machine,-10.256,1365.866,1415.844,179.546,0.001,0.843,-89.15,-50.084,-51.67,-0.023,-78.699,90.011,-0.001,-3.847,4.69,-0.002,-0.815,-0.001,-0.14,32.45,10.68,-1.02,-0.57,0.06,0.002,4.778,-5.827,-0.001,1.12,0.003,,
2026-02-06 12:22:11.235,machining_end_to_approach_machine,-10.294,1368.581,1413.52,179.551,0.001,0.843,-89.15,-50.355,-51.34,-0.023,-78.754,90.011,-0.001,-3.562,4.342,-0.002,-0.748,-0.001,-0.04,32.65,10.69,-0.84,-0.43,0.06,0.001,4.382,-5.344,-0.001,1.029,0.003,,
2026-02-06 12:22:11.338,machining_end_to_approach_machine,-10.315,1370.04,1412.262,179.553,0.001,0.843,-89.15,-50.501,-51.162,-0.023,-78.783,90.011,-0.001,-3.036,3.701,-0.002,-0.634,-0.001,-0.02,32.69,10.65,-0.97,-0.32,-0.06,0.002,5.19,-6.329,-0.0,1.18,0.003,,
2026-02-06 12:22:11.442,machining_end_to_approach_machine,-10.339,1371.794,1410.74,179.557,0.001,0.843,-89.15,-50.677,-50.948,-0.023,-78.819,90.011,-0.001,-2.717,3.312,-0.002,-0.563,-0.001,-0.06,32.89,10.59,-0.82,-0.33,0.03,0.001,4.37,-5.329,-0.0,1.004,0.002,,
2026-02-06 12:22:11.545,machining_end_to_approach_machine,-10.365,1373.619,1409.146,179.561,0.0,0.843,-89.15,-50.861,-50.724,-0.023,-78.855,90.011,-0.001,-2.497,3.044,-0.002,-0.514,-0.001,-0.02,32.95,10.53,-0.98,-0.31,0.04,0.001,3.856,-4.702,-0.001,0.891,0.002,,
2026-02-06 12:22:11.648,machining_end_to_approach_machine,-10.393,1375.594,1407.408,179.565,0.0,0.843,-89.151,-51.06,-50.481,-0.023,-78.894,90.011,-0.001,-2.372,2.891,-0.002,-0.483,-0.001,-0.01,33.01,10.5,-0.95,-0.21,0.05,0.001,3.312,-4.038,-0.001,0.774,0.002,,
2026-02-06 12:22:11.749,machining_end_to_approach_machine,-10.414,1377.135,1406.042,179.569,0.0,0.843,-89.151,-51.216,-50.29,-0.024,-78.925,90.011,-0.001,-2.17,2.645,-0.002,-0.439,-0.001,0.02,33.1,10.53,-1.0,-0.23,0.13,0.001,3.413,-4.162,-0.0,0.784,0.002,,
2026-02-06 12:22:11.852,machining_end_to_approach_machine,-10.433,1378.483,1404.841,179.572,-0.0,0.843,-89.151,-51.354,-50.123,-0.024,-78.951,90.011,-0.001,-1.97,2.401,-0.002,-0.395,-0.0,-0.04,33.18,10.4,-0.96,-0.28,-0.01,0.001,3.264,-3.981,-0.0,0.745,0.002,,
2026-02-06 12:22:11.952,machining_end_to_approach_machine,-10.45,1379.711,1403.741,179.576,-0.0,0.843,-89.151,-51.479,-49.97,-0.024,-78.975,90.011,-0.001,-1.79,2.182,-0.002,-0.357,-0.0,-0.07,33.29,10.48,-0.99,-0.13,-0.03,0.001,3.056,-3.727,-0.0,0.695,0.002,,
2026-02-06 12:22:12.056,machining_end_to_approach_machine,-10.467,1380.873,1402.696,179.579,-0.0,0.843,-89.151,-51.598,-49.826,-0.024,-78.998,90.011,-0.001,-1.64,1.999,-0.001,-0.324,-0.0,-0.12,33.24,10.42,-0.95,-0.16,0.02,0.001,2.815,-3.433,-0.0,0.64,0.001,,
2026-02-06 12:22:12.157,machining_end_to_approach_machine,-10.483,1382.082,1401.603,179.583,-0.0,0.843,-89.151,-51.721,-49.675,-0.024,-79.021,90.011,-0.0,-1.539,1.876,-0.001,-0.301,-0.0,-0.09,33.28,10.42,-0.99,-0.14,0.03,0.001,2.483,-3.028,-0.0,0.568,0.001,,
2026-02-06 12:22:12.260,machining_end_to_approach_machine,-10.496,1382.993,1400.778,179.586,-0.001,0.843,-89.151,-51.815,-49.561,-0.024,-79.039,90.011,-0.0,-1.388,1.692,-0.001,-0.27,-0.0,0.01,33.37,10.37,-0.84,-0.14,-0.06,0.001,2.539,-3.096,0.0,0.57,0.001,,
2026-02-06 12:22:12.363,machining_end_to_approach_machine,-10.508,1383.855,1399.993,179.589,-0.001,0.843,-89.151,-51.903,-49.453,-0.024,-79.055,90.011,-0.0,-1.263,1.539,-0.001,-0.243,-0.0,-0.04,33.36,10.33,-0.98,-0.1,-0.03,0.001,2.333,-2.845,0.0,0.524,0.001,,
2026-02-06 12:22:12.466,machining_end_to_approach_machine,-10.519,1384.638,1399.278,179.591,-0.001,0.843,-89.151,-51.984,-49.354,-0.024,-79.07,90.011,-0.0,-1.149,1.4,-0.001,-0.22,-0.0,-0.09,33.45,10.3,-0.9,-0.18,0.0,0.001,2.179,-2.657,0.0,0.487,0.001,,
2026-02-06 12:22:12.569,machining_end_to_approach_machine,-10.528,1385.298,1398.674,179.594,-0.001,0.843,-89.151,-52.052,-49.272,-0.025,-79.082,90.011,-0.0,-1.031,1.257,-0.001,-0.196,-0.0,-0.03,33.48,10.22,-0.92,-0.1,0.01,0.001,2.088,-2.546,0.0,0.463,0.001,,
2026-02-06 12:22:12.670,machining_end_to_approach_machine,-10.539,1386.092,1397.945,179.597,-0.001,0.843,-89.151,-52.134,-49.172,-0.025,-79.097,90.011,-0.0,-0.979,1.193,-0.001,-0.184,-0.0,-0.09,33.48,10.32,-1.04,-0.05,0.02,0.001,1.739,-2.121,0.0,0.392,0.001,,
2026-02-06 12:22:12.773,machining_end_to_approach_machine,-10.547,1386.651,1397.431,179.599,-0.001,0.843,-89.151,-52.192,-49.101,-0.025,-79.108,90.011,-0.0,-0.878,1.07,-0.001,-0.164,-0.0,-0.06,33.54,10.34,-0.98,-0.02,0.07,0.001,1.808,-2.204,0.0,0.398,0.001,,
2026-02-06 12:22:12.874,machining_end_to_approach_machine,-10.554,1387.18,1396.943,179.601,-0.001,0.843,-89.151,-52.247,-49.035,-0.025,-79.117,90.011,-0.0,-0.796,0.97,-0.001,-0.147,-0.0,-0.02,33.6,10.34,-0.93,0.01,0.1,0.001,1.657,-2.02,0.0,0.364,0.001,,
2026-02-06 12:22:12.979,machining_end_to_approach_machine,-10.561,1387.662,1396.498,179.604,-0.001,0.843,-89.151,-52.296,-48.974,-0.025,-79.126,90.011,-0.0,-0.721,0.879,-0.001,-0.133,-0.0,0.01,33.59,10.25,-0.98,-0.09,-0.01,0.001,1.54,-1.878,0.0,0.337,0.001,,
2026-02-06 12:22:13.080,machining_end_to_approach_machine,-10.567,1388.1,1396.093,179.605,-0.001,0.843,-89.151,-52.342,-48.918,-0.025,-79.134,90.011,-0.0,-0.655,0.798,-0.001,-0.119,-0.0,-0.0,33.62,10.31,-0.91,0.02,-0.01,0.0,1.431,-1.745,0.0,0.312,0.001,,
2026-02-06 12:22:13.180,machining_end_to_approach_machine,-10.573,1388.542,1395.683,179.608,-0.001,0.843,-89.151,-52.388,-48.863,-0.025,-79.142,90.011,-0.0,-0.606,0.738,-0.001,-0.109,-0.0,-0.08,33.72,10.23,-0.96,-0.14,-0.03,0.0,1.283,-1.565,0.0,0.281,0.001,,
2026-02-06 12:22:13.281,machining_end_to_approach_machine,-10.578,1388.887,1395.363,179.609,-0.001,0.843,-89.151,-52.424,-48.819,-0.025,-79.148,90.011,-0.0,-0.544,0.663,-0.001,-0.098,-0.0,-0.07,33.68,10.25,-0.93,0.01,-0.01,0.0,1.255,-1.53,0.0,0.271,0.001,,
2026-02-06 12:22:13.381,machining_end_to_approach_machine,-10.582,1389.202,1395.07,179.611,-0.001,0.843,-89.151,-52.456,-48.779,-0.025,-79.154,90.011,-0.0,-0.49,0.597,-0.001,-0.087,-0.0,-0.09,33.72,10.18,-0.89,-0.03,-0.11,0.0,1.16,-1.415,0.0,0.249,0.0,waypoint,
2026-02-06 12:22:13.485,machining_end_to_approach_machine,-10.509,1382.788,1378.799,178.769,0.016,0.84,-89.152,-52.352,-50.28,-0.007,-78.599,90.01,-0.002,-0.107,-3.305,0.045,1.322,-0.003,-0.06,34.01,9.96,-1.05,1.21,0.02,-0.007,2.412,-16.684,0.182,5.83,-0.01,,
2026-02-06 12:22:13.585,machining_end_to_approach_machine,-10.404,1376.002,1359.488,178.516,0.02,0.839,-89.152,-52.215,-52.097,-0.003,-77.172,90.009,-0.003,0.263,-7.022,0.043,4.56,-0.004,0.03,34.22,9.75,-1.0,2.78,-0.1,-0.006,2.505,-18.177,0.021,13.972,-0.007,,
2026-02-06 12:22:13.687,machining_end_to_approach_machine,-10.271,1368.229,1337.327,178.629,0.017,0.839,-89.153,-52.055,-54.201,-0.006,-75.115,90.01,-0.004,0.598,-10.527,0.025,8.563,-0.001,0.0,34.26,9.55,-0.99,4.01,0.01,-0.005,2.481,-19.225,-0.051,18.869,0.01,,
2026-02-06 12:22:13.790,machining_end_to_approach_machine,-10.169,1362.437,1321.839,178.794,0.013,0.838,-89.154,-51.942,-55.685,-0.01,-73.579,90.011,-0.004,0.731,-11.604,0.009,10.261,0.003,0.08,34.26,9.38,-0.89,4.85,-0.02,-0.002,1.763,-11.098,-0.054,11.768,0.016,,
2026-02-06 12:22:13.892,machining_end_to_approach_machine,-10.071,1356.822,1307.798,178.959,0.01,0.837,-89.154,-51.838,-57.04,-0.014,-72.162,90.013,-0.004,0.806,-12.091,-0.003,11.239,0.007,-0.01,34.28,9.4,-0.97,5.35,0.0,-0.002,1.489,-8.708,-0.048,9.409,0.018,,
2026-02-06 12:22:13.995,machining_end_to_approach_machine,-9.985,1351.824,1296.042,179.098,0.007,0.837,-89.154,-51.751,-58.184,-0.018,-70.968,90.015,-0.004,0.823,-11.927,-0.011,11.415,0.009,-0.05,34.25,9.19,-1.08,5.73,0.0,-0.001,1.178,-5.716,-0.037,6.239,0.015,,
2026-02-06 12:22:14.097,machining_end_to_approach_machine,-9.892,1346.392,1283.968,179.234,0.004,0.836,-89.155,-51.661,-59.366,-0.021,-69.738,90.017,-0.004,0.842,-11.902,-0.016,11.635,0.012,0.0,34.16,9.22,-0.94,5.85,-0.02,-0.001,1.09,-5.54,-0.034,5.967,0.015,,
2026-02-06 12:22:14.201,machining_end_to_approach_machine,-9.804,1341.214,1273.06,179.351,0.001,0.835,-89.155,-51.579,-60.443,-0.024,-68.626,90.018,-0.004,0.837,-11.618,-0.02,11.505,0.013,0.03,34.08,9.13,-0.96,5.78,-0.03,-0.001,0.9,-3.924,-0.026,4.19,0.013,,
2026-02-06 12:22:14.304,machining_end_to_approach_machine,-9.728,1336.673,1263.927,179.443,-0.001,0.835,-89.155,-51.51,-61.351,-0.026,-67.696,90.02,-0.004,0.8,-10.983,-0.02,10.955,0.014,-0.01,33.9,9.15,-1.02,5.68,-0.03,0.0,0.681,-1.843,-0.017,1.961,0.008,,
2026-02-06 12:22:14.404,machining_end_to_approach_machine,-9.654,1332.195,1255.276,179.524,-0.003,0.834,-89.156,-51.444,-62.216,-0.028,-66.815,90.021,-0.003,0.765,-10.401,-0.02,10.418,0.014,-0.04,33.79,9.12,-0.98,5.43,0.08,0.0,0.581,-1.235,-0.013,1.267,0.007,,
2026-02-06 12:22:14.506,machining_end_to_approach_machine,-9.584,1327.977,1247.423,179.593,-0.004,0.834,-89.156,-51.384,-63.007,-0.03,-66.017,90.023,-0.003,0.724,-9.777,-0.02,9.81,0.014,0.07,33.68,9.02,-0.91,5.21,0.0,0.0,0.466,-0.363,-0.009,0.319,0.004,,
2026-02-06 12:22:14.611,machining_end_to_approach_machine,-9.514,1323.711,1239.75,179.654,-0.005,0.833,-89.156,-51.325,-63.784,-0.031,-65.238,90.024,-0.003,0.691,-9.276,-0.019,9.305,0.013,0.0,33.5,8.99,-0.96,4.94,0.04,0.0,0.409,-0.192,-0.006,0.091,0.003,,
2026-02-06 12:22:14.713,machining_end_to_approach_machine,-9.445,1319.457,1232.349,179.707,-0.006,0.833,-89.156,-51.267,-64.538,-0.033,-64.488,90.025,-0.003,0.662,-8.842,-0.018,8.853,0.013,0.05,33.47,9.09,-0.92,4.63,-0.01,0.0,0.35,0.055,-0.004,-0.21,0.002,,
2026-02-06 12:22:14.817,machining_end_to_approach_machine,-9.39,1316.053,1226.596,179.743,-0.007,0.833,-89.157,-51.222,-65.128,-0.034,-63.906,90.026,-0.003,0.608,-8.106,-0.016,8.094,0.011,0.01,33.32,8.96,-0.96,4.34,-0.09,0.001,0.19,1.696,0.001,-1.873,-0.001,,
2026-02-06 12:22:14.920,machining_end_to_approach_machine,-9.343,1313.127,1221.766,179.771,-0.008,0.832,-89.157,-51.185,-65.625,-0.035,-63.419,90.026,-0.002,0.551,-7.323,-0.014,7.287,0.01,0.1,33.15,8.99,-0.84,3.94,-0.01,0.001,0.101,2.45,0.003,-2.631,-0.003,,
2026-02-06 12:22:15.021,machining_end_to_approach_machine,-9.299,1310.392,1217.341,179.793,-0.008,0.832,-89.157,-51.15,-66.083,-0.035,-62.975,90.027,-0.002,0.5,-6.636,-0.012,6.578,0.009,-0.04,33.11,8.91,-0.88,3.79,0.05,0.001,0.06,2.602,0.004,-2.787,-0.003,,
2026-02-06 12:22:15.123,machining_end_to_approach_machine,-9.254,1307.517,1212.781,179.812,-0.008,0.832,-89.157,-51.114,-66.556,-0.036,-62.518,90.027,-0.002,0.465,-6.161,-0.01,6.076,0.008,-0.03,32.97,8.97,-0.86,3.39,0.05,0.001,0.066,2.184,0.004,-2.388,-0.003,,
2026-02-06 12:22:15.227,machining_end_to_approach_machine,-9.212,1304.861,1208.648,179.827,-0.009,0.832,-89.157,-51.081,-66.987,-0.036,-62.105,90.028,-0.002,0.431,-5.698,-0.009,5.589,0.007,0.03,32.86,8.88,-0.96,3.34,-0.05,0.001,0.027,2.39,0.005,-2.592,-0.004,,
2026-02-06 12:22:15.327,machining_end_to_approach_machine,-9.176,1302.591,1205.176,179.836,-0.009,0.832,-89.157,-51.053,-67.351,-0.036,-61.76,90.028,-0.002,0.392,-5.182,-0.007,5.055,0.006,0.04,32.84,8.87,-0.85,2.97,0.03,0.001,-0.027,2.827,0.006,-3.006,-0.004,,
2026-02-06 12:22:15.429,machining_end_to_approach_machine,-9.145,1300.655,1202.256,179.843,-0.009,0.832,-89.158,-51.03,-67.657,-0.037,-61.47,90.028,-0.002,0.352,-4.652,-0.006,4.514,0.005,0.0,32.62,8.93,-0.93,2.69,-0.01,0.001,-0.068,3.113,0.006,-3.266,-0.005,,
2026-02-06 12:22:15.532,machining_end_to_approach_machine,-9.112,1298.534,1199.102,179.847,-0.009,0.831,-89.158,-51.005,-67.989,-0.037,-61.159,90.029,-0.001,0.327,-4.319,-0.005,4.164,0.005,-0.04,32.64,8.92,-0.99,2.51,-0.07,0.001,-0.041,2.546,0.006,-2.72,-0.004,,
2026-02-06 12:22:15.636,machining_end_to_approach_machine,-9.081,1296.511,1196.135,179.849,-0.009,0.831,-89.158,-50.981,-68.302,-0.037,-60.868,90.029,-0.001,0.305,-4.023,-0.004,3.851,0.004,-0.02,32.66,8.97,-0.77,2.22,-0.01,0.001,-0.052,2.479,0.006,-2.647,-0.004,,
2026-02-06 12:22:15.740,machining_end_to_approach_machine,-9.05,1294.527,1193.264,179.848,-0.009,0.831,-89.158,-50.958,-68.606,-0.037,-60.587,90.029,-0.001,0.286,-3.777,-0.003,3.589,0.003,0.01,32.42,8.9,-0.83,2.17,-0.01,0.001,-0.053,2.323,0.006,-2.492,-0.004,,
2026-02-06 12:22:15.843,machining_end_to_approach_machine,-9.026,1292.962,1191.026,179.846,-0.009,0.831,-89.158,-50.94,-68.844,-0.037,-60.37,90.029,-0.001,0.26,-3.427,-0.002,3.236,0.003,-0.01,32.44,8.77,-0.82,1.86,-0.03,0.001,-0.099,2.754,0.006,-2.872,-0.005,,
2026-02-06 12:22:15.942,machining_end_to_approach_machine,-9.003,1291.465,1188.908,179.842,-0.008,0.831,-89.158,-50.923,-69.07,-0.037,-60.165,90.029,-0.001,0.238,-3.134,-0.001,2.938,0.002,-0.02,32.42,8.91,-0.82,1.68,0.03,0.001,-0.098,2.602,0.006,-2.713,-0.004,,
2026-02-06 12:22:16.045,machining_end_to_approach_machine,-8.981,1290.093,1186.985,179.837,-0.008,0.831,-89.158,-50.907,-69.275,-0.037,-59.98,90.029,-0.001,0.217,-2.864,-0.001,2.666,0.002,-0.01,32.36,8.99,-0.85,1.54,-0.01,0.001,-0.104,2.544,0.006,-2.64,-0.004,,
2026-02-06 12:22:16.146,machining_end_to_approach_machine,-8.961,1288.788,1185.173,179.831,-0.008,0.831,-89.158,-50.893,-69.468,-0.036,-59.807,90.029,-0.001,0.2,-2.632,-0.0,2.432,0.001,0.03,32.33,8.91,-0.8,1.49,0.01,0.001,-0.102,2.406,0.005,-2.494,-0.004,,
2026-02-06 12:22:16.247,machining_end_to_approach_machine,-8.944,1287.639,1183.592,179.825,-0.008,0.831,-89.158,-50.88,-69.638,-0.036,-59.657,90.029,-0.001,0.182,-2.397,0.0,2.199,0.001,-0.02,32.26,8.8,-0.81,1.35,0.05,0.001,-0.11,2.407,0.005,-2.473,-0.004,,
2026-02-06 12:22:16.348,machining_end_to_approach_machine,-8.929,1286.626,1182.207,179.818,-0.008,0.831,-89.158,-50.869,-69.786,-0.036,-59.527,90.029,-0.001,0.165,-2.169,0.001,1.976,0.001,-0.11,32.16,8.89,-0.87,1.14,0.01,0.001,-0.115,2.375,0.005,-2.421,-0.004,,
2026-02-06 12:22:16.449,machining_end_to_approach_machine,-8.914,1285.696,1180.944,179.811,-0.008,0.831,-89.158,-50.858,-69.922,-0.036,-59.408,90.029,-0.001,0.149,-1.966,0.001,1.778,0.0,0.04,32.21,8.84,-0.75,1.09,-0.01,0.001,-0.113,2.266,0.004,-2.301,-0.003,,
2026-02-06 12:22:16.551,machining_end_to_approach_machine,-8.901,1284.841,1179.792,179.804,-0.007,0.831,-89.158,-50.849,-70.046,-0.036,-59.301,90.029,-0.001,0.135,-1.784,0.001,1.602,0.0,0.09,32.17,8.89,-0.81,0.93,0.01,0.001,-0.111,2.157,0.004,-2.181,-0.003,,
2026-02-06 12:22:16.656,machining_end_to_approach_machine,-8.888,1283.967,1178.621,179.796,-0.007,0.831,-89.158,-50.839,-70.172,-0.035,-59.193,90.029,-0.001,0.125,-1.654,0.001,1.472,0.0,-0.03,32.07,8.86,-0.9,0.85,-0.1,0.001,-0.098,1.919,0.004,-1.953,-0.003,,
2026-02-06 12:22:16.758,machining_end_to_approach_machine,-8.876,1283.173,1177.564,179.788,-0.007,0.831,-89.158,-50.831,-70.286,-0.035,-59.095,90.029,-0.001,0.116,-1.525,0.002,1.347,-0.0,0.03,32.08,8.76,-0.81,0.86,0.01,0.001,-0.098,1.849,0.003,-1.87,-0.003,,
2026-02-06 12:22:16.858,machining_end_to_approach_machine,-8.867,1282.526,1176.707,179.781,-0.007,0.831,-89.158,-50.824,-70.378,-0.035,-59.017,90.029,-0.0,0.104,-1.375,0.002,1.206,-0.0,-0.07,31.98,8.84,-0.87,0.75,-0.04,0.001,-0.104,1.879,0.003,-1.873,-0.002,,
2026-02-06 12:22:16.961,machining_end_to_approach_machine,-8.858,1281.933,1175.926,179.774,-0.007,0.831,-89.159,-50.817,-70.463,-0.035,-58.946,90.029,-0.0,0.094,-1.242,0.002,1.082,-0.0,0.01,31.99,8.8,-0.81,0.71,-0.05,0.001,-0.1,1.771,0.003,-1.759,-0.002,,
2026-02-06 12:22:17.062,machining_end_to_approach_machine,-8.85,1281.389,1175.212,179.767,-0.006,0.831,-89.159,-50.811,-70.54,-0.035,-58.882,90.029,-0.0,0.085,-1.125,0.002,0.972,-0.0,-0.05,31.99,8.88,-0.77,0.64,0.04,0.001,-0.095,1.667,0.002,-1.649,-0.002,,
2026-02-06 12:22:17.165,machining_end_to_approach_machine,-8.84,1280.74,1174.365,179.758,-0.006,0.831,-89.159,-50.804,-70.632,-0.034,-58.806,90.029,-0.0,0.081,-1.073,0.002,0.918,-0.001,0.03,32.01,8.84,-0.79,0.58,-0.01,0.0,-0.075,1.355,0.003,-1.369,-0.002,,
2026-02-06 12:22:17.269,machining_end_to_approach_machine,-8.833,1280.295,1173.788,179.751,-0.006,0.831,-89.159,-50.8,-70.694,-0.034,-58.755,90.029,-0.0,0.073,-0.961,0.002,0.817,-0.001,-0.07,31.93,8.74,-0.88,0.47,-0.02,0.001,-0.089,1.511,0.002,-1.478,-0.002,,
2026-02-06 12:22:17.371,machining_end_to_approach_machine,-8.827,1279.872,1173.241,179.744,-0.006,0.831,-89.159,-50.795,-70.754,-0.034,-58.707,90.029,-0.0,0.066,-0.869,0.002,0.733,-0.001,-0.05,31.98,8.86,-0.84,0.46,-0.05,0.0,-0.083,1.392,0.002,-1.36,-0.002,,
2026-02-06 12:22:17.475,machining_end_to_approach_machine,-8.822,1279.5,1172.761,179.738,-0.006,0.831,-89.159,-50.791,-70.806,-0.034,-58.665,90.028,-0.0,0.059,-0.782,0.002,0.654,-0.001,0.0,31.85,8.76,-0.88,0.37,-0.05,0.0,-0.08,1.326,0.001,-1.287,-0.001,,
2026-02-06 12:22:17.579,machining_end_to_approach_machine,-8.817,1279.146,1172.307,179.732,-0.005,0.831,-89.159,-50.788,-70.855,-0.034,-58.626,90.028,-0.0,0.054,-0.71,0.002,0.589,-0.001,-0.01,31.87,8.76,-0.89,0.36,0.09,0.0,-0.074,1.22,0.001,-1.183,-0.001,,
2026-02-06 12:22:17.680,machining_end_to_approach_machine,-8.811,1278.776,1171.833,179.725,-0.005,0.831,-89.159,-50.784,-70.906,-0.034,-58.585,90.028,-0.0,0.05,-0.661,0.002,0.544,-0.001,-0.08,31.95,8.61,-0.84,0.37,0.04,0.0,-0.065,1.077,0.001,-1.051,-0.001,waypoint,
2026-02-06 12:22:17.781,approach_machine_to_pick,-8.86,1278.834,1171.473,179.738,-0.006,0.833,-89.156,-50.799,-70.907,-0.034,-58.556,90.028,0.005,-0.001,-0.499,-0.001,0.481,-0.0,11.03,6.25,17.11,-1.49,0.39,0.01,0.023,-0.253,1.471,-0.011,-1.063,0.001,,
2026-02-06 12:22:17.882,approach_machine_to_pick,-10.996,1291.389,1171.156,-179.865,-0.015,0.887,-89.069,-51.533,-69.431,-0.045,-58.9,90.067,0.223,-1.836,3.316,-0.027,-0.5,0.096,8.81,11.4,15.63,-1.43,-0.2,0.05,0.873,-7.414,16.098,-0.106,-4.689,0.384,,
2026-02-06 12:22:17.983,approach_machine_to_pick,-13.005,1302.177,1170.879,-179.808,-0.016,0.899,-88.988,-52.213,-68.062,-0.046,-59.533,90.136,0.369,-3.076,5.911,-0.022,-1.958,0.245,7.01,15.66,14.49,-1.22,-1.01,0.05,0.718,-6.126,13.421,0.006,-7.113,0.653,,
2026-02-06 12:22:18.084,approach_machine_to_pick,-14.721,1310.945,1170.637,-179.852,-0.014,0.896,-88.92,-52.786,-66.906,-0.044,-60.16,90.206,0.447,-3.74,7.324,-0.012,-3.036,0.358,5.53,18.99,13.58,-1.22,-1.65,0.06,0.52,-4.452,9.947,0.027,-6.334,0.594,,
2026-02-06 12:22:18.185,approach_machine_to_pick,-16.777,1321.085,1170.336,-179.942,-0.012,0.886,-88.84,-53.466,-65.534,-0.041,-60.941,90.294,0.537,-4.505,8.921,-0.002,-4.23,0.49,4.29,21.73,12.93,-1.19,-1.84,0.06,0.594,-5.071,11.101,0.036,-7.247,0.721,,
2026-02-06 12:22:18.287,approach_machine_to_pick,-18.345,1328.593,1170.097,179.983,-0.011,0.877,-88.779,-53.979,-64.5,-0.039,-61.538,90.363,0.555,-4.661,9.277,0.004,-4.664,0.538,3.49,24.09,12.31,-1.05,-2.12,0.26,0.336,-2.894,6.624,0.027,-4.676,0.447,,
2026-02-06 12:22:18.392,approach_machine_to_pick,-19.844,1335.614,1169.86,179.913,-0.01,0.869,-88.721,-54.465,-63.519,-0.037,-62.103,90.427,0.56,-4.711,9.41,0.009,-4.911,0.566,2.74,25.95,11.84,-0.99,-2.34,0.17,0.271,-2.34,5.428,0.022,-3.892,0.369,,
2026-02-06 12:22:18.494,approach_machine_to_pick,-21.169,1341.693,1169.644,179.854,-0.009,0.862,-88.67,-54.892,-62.659,-0.035,-62.596,90.484,0.547,-4.6,9.208,0.011,-4.915,0.566,2.22,27.43,11.49,-0.97,-2.33,0.07,0.173,-1.507,3.676,0.017,-2.78,0.25,,
2026-02-06 12:22:18.594,approach_machine_to_pick,-22.387,1347.187,1169.441,179.803,-0.008,0.855,-88.624,-55.281,-61.873,-0.033,-63.043,90.536,0.526,-4.424,8.871,0.012,-4.804,0.553,1.77,28.63,11.2,-1.0,-2.34,0.07,0.112,-0.988,2.565,0.013,-2.045,0.173,,
2026-02-06 12:22:18.697,approach_machine_to_pick,-23.803,1353.459,1169.197,179.749,-0.008,0.849,-88.571,-55.731,-60.965,-0.032,-63.555,90.595,0.528,-4.443,8.922,0.013,-4.883,0.562,1.37,29.73,10.9,-0.88,-2.33,0.13,0.173,-1.493,3.525,0.013,-2.49,0.23,,
2026-02-06 12:22:18.801,approach_machine_to_pick,-24.844,1357.999,1169.014,179.712,-0.007,0.845,-88.532,-56.06,-60.302,-0.031,-63.926,90.637,0.494,-4.155,8.351,0.013,-4.59,0.528,1.07,30.48,10.63,-0.87,-2.22,0.06,0.012,-0.135,0.736,0.006,-0.834,0.044,,
2026-02-06 12:22:18.905,approach_machine_to_pick,-25.727,1361.797,1168.855,179.683,-0.007,0.841,-88.499,-56.338,-59.742,-0.03,-64.237,90.673,0.453,-3.81,7.662,0.012,-4.22,0.485,0.9,31.25,10.6,-0.89,-2.16,0.06,-0.051,0.394,-0.379,0.003,-0.145,-0.03,,
2026-02-06 12:22:19.007,approach_machine_to_pick,-26.539,1365.253,1168.707,179.659,-0.007,0.839,-88.468,-56.592,-59.229,-0.029,-64.52,90.705,0.415,-3.494,7.03,0.011,-3.872,0.445,0.69,31.89,10.42,-0.96,-2.14,0.05,-0.073,0.586,-0.806,0.002,0.149,-0.06,,
2026-02-06 12:22:19.108,approach_machine_to_pick,-27.286,1368.402,1168.569,179.639,-0.007,0.837,-88.441,-56.826,-58.758,-0.028,-64.777,90.735,0.38,-3.203,6.448,0.01,-3.547,0.408,0.41,32.26,10.23,-0.88,-1.94,0.08,-0.091,0.739,-1.152,0.0,0.388,-0.083,,
2026-02-06 12:22:19.210,approach_machine_to_pick,-28.083,1371.725,1168.419,179.62,-0.007,0.835,-88.411,-57.073,-58.259,-0.028,-65.048,90.766,0.359,-3.022,6.085,0.009,-3.339,0.383,0.31,32.72,10.12,-1.0,-1.76,0.08,-0.064,0.52,-0.745,0.0,0.211,-0.059,,
2026-02-06 12:22:19.313,approach_machine_to_pick,-28.681,1374.2,1168.305,179.607,-0.007,0.833,-88.389,-57.259,-57.884,-0.027,-65.25,90.789,0.324,-2.73,5.5,0.008,-3.008,0.345,0.31,32.98,10.02,-0.94,-1.67,0.13,-0.132,1.09,-1.925,-0.002,0.886,-0.133,,
2026-02-06 12:22:19.415,approach_machine_to_pick,-29.256,1376.56,1168.195,179.596,-0.007,0.832,-88.368,-57.437,-57.526,-0.027,-65.442,90.811,0.296,-2.493,5.021,0.007,-2.736,0.313,0.2,33.23,10.07,-0.86,-1.51,0.08,-0.128,1.058,-1.888,-0.002,0.895,-0.132,,
2026-02-06 12:22:19.516,approach_machine_to_pick,-29.763,1378.63,1168.096,179.587,-0.007,0.832,-88.35,-57.593,-57.21,-0.026,-65.61,90.83,0.268,-2.261,4.555,0.006,-2.471,0.283,0.18,33.5,9.99,-0.93,-1.43,-0.0,-0.14,1.165,-2.129,-0.003,1.047,-0.146,,
2026-02-06 12:22:19.618,approach_machine_to_pick,-30.269,1380.684,1167.996,179.58,-0.007,0.831,-88.331,-57.749,-56.895,-0.026,-65.775,90.849,0.248,-2.086,4.203,0.005,-2.268,0.259,0.19,33.75,9.84,-0.89,-1.36,0.05,-0.127,1.054,-1.927,-0.003,0.96,-0.134,,
2026-02-06 12:22:19.721,approach_machine_to_pick,-30.786,1382.766,1167.894,179.574,-0.007,0.831,-88.312,-57.908,-56.575,-0.026,-65.943,90.868,0.233,-1.961,3.953,0.004,-2.12,0.242,0.11,33.85,9.84,-0.83,-1.19,0.14,-0.111,0.921,-1.678,-0.003,0.848,-0.119,,
2026-02-06 12:22:19.825,approach_machine_to_pick,-31.222,1384.513,1167.807,179.57,-0.007,0.831,-88.296,-58.042,-56.306,-0.026,-66.083,90.883,0.214,-1.805,3.639,0.004,-1.94,0.221,0.04,33.94,9.81,-0.93,-1.19,0.08,-0.13,1.08,-2.016,-0.003,1.039,-0.139,,
2026-02-06 12:22:19.925,approach_machine_to_pick,-31.605,1386.041,1167.73,179.567,-0.007,0.831,-88.282,-58.159,-56.069,-0.026,-66.205,90.897,0.196,-1.647,3.32,0.003,-1.759,0.2,0.05,34.24,9.92,-0.89,-0.98,0.06,-0.136,1.136,-2.147,-0.003,1.117,-0.146,,
2026-02-06 12:22:20.027,approach_machine_to_pick,-31.968,1387.486,1167.656,179.566,-0.007,0.831,-88.269,-58.27,-55.845,-0.025,-66.319,90.91,0.18,-1.513,3.051,0.003,-1.606,0.182,0.05,34.19,9.72,-0.91,-0.91,-0.02,-0.13,1.083,-2.054,-0.003,1.077,-0.139,,
2026-02-06 12:22:20.130,approach_machine_to_pick,-32.312,1388.847,1167.586,179.565,-0.007,0.831,-88.257,-58.375,-55.633,-0.025,-66.426,90.922,0.166,-1.397,2.817,0.002,-1.472,0.167,0.03,34.4,9.82,-0.77,-0.86,0.03,-0.124,1.038,-1.975,-0.003,1.043,-0.134,,
2026-02-06 12:22:20.231,approach_machine_to_pick,-32.646,1390.165,1167.517,179.565,-0.007,0.832,-88.245,-58.477,-55.428,-0.025,-66.53,90.934,0.155,-1.303,2.626,0.002,-1.362,0.154,0.02,34.45,9.69,-0.85,-0.85,0.07,-0.115,0.965,-1.84,-0.003,0.979,-0.125,,
2026-02-06 12:22:20.335,approach_machine_to_pick,-32.907,1391.193,1167.463,179.566,-0.007,0.832,-88.235,-58.557,-55.267,-0.025,-66.61,90.943,0.14,-1.176,2.371,0.001,-1.222,0.138,0.05,34.62,9.67,-0.9,-0.7,0.03,-0.13,1.09,-2.104,-0.003,1.113,-0.139,,
2026-02-06 12:22:20.437,approach_machine_to_pick,-33.155,1392.167,1167.412,179.568,-0.007,0.833,-88.226,-58.632,-55.115,-0.025,-66.685,90.951,0.127,-1.071,2.159,0.001,-1.105,0.125,-0.03,34.6,9.69,-0.95,-0.58,0.02,-0.122,1.022,-1.977,-0.003,1.049,-0.131,,
2026-02-06 12:22:20.540,approach_machine_to_pick,-33.373,1393.02,1167.366,179.569,-0.007,0.833,-88.218,-58.699,-54.982,-0.025,-66.75,90.959,0.115,-0.969,1.953,0.001,-0.992,0.112,0.0,34.74,9.69,-0.85,-0.55,0.05,-0.121,1.013,-1.966,-0.003,1.042,-0.129,,
2026-02-06 12:22:20.639,approach_machine_to_pick,-33.595,1393.887,1167.32,179.572,-0.007,0.834,-88.21,-58.766,-54.846,-0.025,-66.817,90.966,0.106,-0.895,1.804,0.001,-0.91,0.102,-0.07,34.7,9.68,-0.86,-0.47,-0.02,-0.107,0.9,-1.746,-0.003,0.931,-0.115,,
2026-02-06 12:22:20.741,approach_machine_to_pick,-33.782,1394.617,1167.281,179.574,-0.007,0.834,-88.204,-58.823,-54.731,-0.025,-66.872,90.972,0.097,-0.813,1.639,0.0,-0.82,0.092,-0.1,34.8,9.66,-0.78,-0.6,-0.01,-0.109,0.917,-1.786,-0.003,0.947,-0.116,,
2026-02-06 12:22:20.844,approach_machine_to_pick,-33.953,1395.281,1167.245,179.577,-0.007,0.835,-88.197,-58.875,-54.627,-0.025,-66.922,90.978,0.088,-0.739,1.49,0.0,-0.74,0.083,-0.01,34.84,9.64,-0.92,-0.42,0.06,-0.104,0.876,-1.71,-0.002,0.906,-0.11,,
2026-02-06 12:22:20.945,approach_machine_to_pick,-34.102,1395.863,1167.213,179.579,-0.007,0.836,-88.192,-58.92,-54.536,-0.025,-66.965,90.982,0.079,-0.668,1.346,0.0,-0.663,0.074,0.03,34.82,9.62,-0.9,-0.35,-0.04,-0.102,0.852,-1.667,-0.002,0.88,-0.107,,
2026-02-06 12:22:21.048,approach_machine_to_pick,-34.244,1396.414,1167.183,179.582,-0.007,0.836,-88.187,-58.963,-54.449,-0.025,-67.006,90.987,0.072,-0.608,1.226,-0.0,-0.6,0.067,-0.03,34.89,9.56,-0.87,-0.35,0.03,-0.094,0.79,-1.548,-0.002,0.818,-0.099,,
2026-02-06 12:22:21.149,approach_machine_to_pick,-34.383,1396.953,1167.153,179.585,-0.007,0.837,-88.182,-59.005,-54.365,-0.025,-67.046,90.991,0.067,-0.561,1.131,-0.0,-0.549,0.061,-0.08,34.83,9.63,-0.86,-0.33,-0.03,-0.086,0.721,-1.413,-0.002,0.749,-0.09,,
2026-02-06 12:22:21.253,approach_machine_to_pick,-34.504,1397.423,1167.127,179.588,-0.007,0.837,-88.178,-59.041,-54.291,-0.026,-67.08,90.995,0.061,-0.512,1.033,-0.0,-0.497,0.055,0.01,34.95,9.63,-0.87,-0.34,-0.04,-0.084,0.702,-1.379,-0.002,0.727,-0.087,,
2026-02-06 12:22:21.355,approach_machine_to_pick,-34.602,1397.804,1167.106,179.59,-0.007,0.838,-88.174,-59.071,-54.231,-0.026,-67.107,90.998,0.054,-0.458,0.924,-0.0,-0.442,0.049,0.01,34.8,9.59,-0.86,-0.32,0.04,-0.084,0.701,-1.381,-0.001,0.721,-0.086,,
2026-02-06 12:22:21.459,approach_machine_to_pick,-34.695,1398.168,1167.086,179.593,-0.007,0.838,-88.171,-59.099,-54.174,-0.026,-67.133,91.001,0.049,-0.415,0.836,-0.0,-0.397,0.044,-0.03,34.95,9.57,-0.94,-0.24,0.07,-0.077,0.645,-1.271,-0.001,0.664,-0.079,,
2026-02-06 12:22:21.563,approach_machine_to_pick,-34.781,1398.5,1167.068,179.596,-0.007,0.839,-88.168,-59.125,-54.122,-0.026,-67.157,91.004,0.045,-0.376,0.757,-0.0,-0.357,0.04,-0.09,34.93,9.57,-0.87,-0.2,0.06,-0.072,0.605,-1.193,-0.001,0.622,-0.074,,
2026-02-06 12:22:21.664,approach_machine_to_pick,-34.874,1398.861,1167.048,179.599,-0.007,0.839,-88.164,-59.153,-54.065,-0.026,-67.183,91.006,0.042,-0.352,0.709,-0.0,-0.331,0.037,0.05,35.02,9.6,-0.87,-0.17,0.03,-0.062,0.522,-1.029,-0.001,0.541,-0.065,,
2026-02-06 12:22:21.767,approach_machine_to_pick,-34.947,1399.143,1167.032,179.601,-0.007,0.84,-88.162,-59.175,-54.021,-0.026,-67.202,91.009,0.038,-0.319,0.643,-0.0,-0.298,0.033,-0.0,34.95,9.52,-0.91,-0.31,-0.02,-0.063,0.531,-1.049,-0.001,0.544,-0.064,waypoint,
2026-02-06 12:22:21.871,pick_on_machine,-35.013,1399.401,1167.017,179.604,-0.007,0.84,-88.159,-59.195,-53.981,-0.026,-67.22,91.011,0.034,-0.289,0.583,-0.0,-0.268,0.03,0.0,34.95,9.58,-0.85,-0.22,0.08,-0.059,0.498,-0.984,-0.001,0.509,-0.06,,
2026-02-06 12:22:21.973,pick_on_machine,-35.072,1399.627,1167.005,179.606,-0.007,0.841,-88.157,-59.213,-53.945,-0.026,-67.236,91.012,0.031,-0.261,0.526,-0.0,-0.24,0.026,-0.0,35.02,9.61,-0.93,-0.11,0.02,-0.056,0.473,-0.935,-0.001,0.481,-0.057,,
2026-02-06 12:22:22.074,pick_on_machine,-35.127,1399.841,1166.993,179.608,-0.007,0.841,-88.155,-59.23,-53.912,-0.026,-67.25,91.014,0.028,-0.237,0.478,-0.0,-0.216,0.024,0.03,35.15,9.52,-0.93,-0.2,0.08,-0.052,0.434,-0.86,-0.001,0.442,-0.052,,
2026-02-06 12:22:22.176,pick_on_machine,-35.181,1400.05,1166.981,179.611,-0.007,0.841,-88.153,-59.246,-53.879,-0.026,-67.265,91.015,0.026,-0.219,0.441,-0.0,-0.198,0.022,0.05,35.1,9.56,-0.96,-0.15,0.0,-0.047,0.395,-0.782,-0.001,0.403,-0.047,,
2026-02-06 12:22:22.278,pick_on_machine,-35.226,1400.227,1166.971,179.613,-0.007,0.842,-88.152,-59.26,-53.851,-0.026,-67.276,91.017,0.024,-0.198,0.399,-0.0,-0.178,0.019,0.01,35.03,9.6,-0.87,-0.18,-0.1,-0.045,0.381,-0.755,-0.001,0.386,-0.045,,
2026-02-06 12:22:22.380,pick_on_machine,-35.263,1400.37,1166.963,179.614,-0.007,0.842,-88.15,-59.271,-53.829,-0.026,-67.286,91.018,0.021,-0.176,0.355,-0.0,-0.157,0.017,-0.02,35.06,9.54,-1.0,-0.04,-0.13,-0.044,0.369,-0.732,-0.0,0.37,-0.043,,
2026-02-06 12:22:22.484,pick_on_machine,-35.298,1400.507,1166.955,179.616,-0.007,0.842,-88.149,-59.281,-53.808,-0.026,-67.295,91.019,0.019,-0.159,0.32,-0.0,-0.141,0.015,-0.05,35.15,9.51,-0.94,-0.13,0.02,-0.04,0.337,-0.668,-0.0,0.338,-0.039,,
2026-02-06 12:22:22.588,pick_on_machine,-35.331,1400.633,1166.948,179.618,-0.007,0.843,-88.148,-59.291,-53.788,-0.026,-67.303,91.02,0.017,-0.144,0.289,-0.0,-0.126,0.014,-0.04,35.08,9.5,-0.91,-0.04,0.1,-0.037,0.312,-0.619,-0.0,0.312,-0.036,,
2026-02-06 12:22:22.692,pick_on_machine,-35.366,1400.771,1166.94,179.62,-0.008,0.843,-88.147,-59.302,-53.766,-0.026,-67.312,91.021,0.016,-0.134,0.271,-0.0,-0.117,0.013,-0.04,35.07,9.53,-0.85,-0.04,-0.03,-0.032,0.271,-0.538,-0.0,0.274,-0.032,,
2026-02-06 12:22:22.792,pick_on_machine,-35.392,1400.871,1166.935,179.621,-0.008,0.843,-88.146,-59.31,-53.751,-0.026,-67.319,91.021,0.014,-0.12,0.242,-0.0,-0.104,0.011,0.03,35.14,9.51,-0.91,-0.02,-0.02,-0.033,0.274,-0.544,-0.0,0.272,-0.032,,
2026-02-06 12:22:22.893,pick_on_machine,-35.415,1400.963,1166.93,179.622,-0.008,0.843,-88.145,-59.317,-53.737,-0.026,-67.324,91.022,0.013,-0.108,0.217,-0.0,-0.093,0.01,0.01,35.08,9.56,-0.87,-0.14,-0.06,-0.03,0.253,-0.502,-0.0,0.25,-0.029,,
2026-02-06 12:22:22.996,pick_on_machine,-35.437,1401.047,1166.925,179.624,-0.008,0.844,-88.144,-59.323,-53.723,-0.026,-67.33,91.022,0.012,-0.097,0.196,-0.0,-0.083,0.009,0.07,35.16,9.51,-0.87,-0.1,0.05,-0.028,0.233,-0.464,-0.0,0.23,-0.027,,
2026-02-06 12:22:23.099,pick_on_machine,-35.459,1401.132,1166.92,179.625,-0.008,0.844,-88.143,-59.33,-53.71,-0.026,-67.335,91.023,0.011,-0.089,0.18,-0.0,-0.075,0.008,0.02,35.04,9.52,-0.9,-0.07,0.01,-0.025,0.21,-0.418,-0.0,0.208,-0.024,,
2026-02-06 12:22:23.202,pick_on_machine,-35.482,1401.221,1166.915,179.626,-0.008,0.844,-88.143,-59.337,-53.696,-0.026,-67.341,91.024,0.01,-0.084,0.169,-0.0,-0.07,0.008,0.03,35.1,9.56,-0.84,-0.02,-0.02,-0.022,0.186,-0.369,-0.0,0.185,-0.021,,
2026-02-06 12:22:23.303,pick_on_machine,-35.499,1401.288,1166.911,179.628,-0.008,0.844,-88.142,-59.342,-53.686,-0.026,-67.345,91.024,0.009,-0.076,0.153,-0.0,-0.063,0.007,0.07,35.13,9.57,-0.86,-0.01,0.02,-0.022,0.184,-0.366,-0.0,0.18,-0.021,,
2026-02-06 12:22:23.405,pick_on_machine,-35.514,1401.347,1166.908,179.629,-0.008,0.844,-88.141,-59.346,-53.677,-0.026,-67.348,91.024,0.008,-0.068,0.138,-0.0,-0.056,0.006,0.05,35.05,9.54,-0.78,0.0,-0.02,-0.02,0.172,-0.342,-0.0,0.167,-0.019,,
2026-02-06 12:22:23.812,pick_on_machine,-35.568,1401.557,1166.896,179.632,-0.008,0.845,-88.139,-59.362,-53.644,-0.026,-67.361,91.026,0.006,-0.049,0.098,-0.0,-0.039,0.004,-0.01,35.1,9.53,-0.82,-0.02,-0.02,-0.015,0.123,-0.245,0.0,0.119,-0.014,,
2026-02-06 12:22:24.320,pick_on_machine,-35.611,1401.727,1166.886,179.636,-0.008,0.846,-88.138,-59.375,-53.618,-0.027,-67.371,91.027,0.004,-0.031,0.062,-0.0,-0.024,0.003,-0.07,35.16,9.54,-0.89,-0.05,-0.09,-0.01,0.084,-0.167,0.0,0.079,-0.009,,
2026-02-06 12:22:24.826,pick_on_machine,-35.64,1401.842,1166.88,179.638,-0.008,0.846,-88.137,-59.384,-53.6,-0.027,-67.377,91.028,0.002,-0.02,0.04,-0.0,-0.015,0.002,-0.1,35.23,9.42,-0.89,-0.01,0.0,-0.007,0.056,-0.112,0.0,0.052,-0.006,,
2026-02-06 12:22:25.335,pick_on_machine,-35.659,1401.915,1166.876,179.64,-0.008,0.846,-88.136,-59.39,-53.589,-0.027,-67.381,91.028,0.002,-0.013,0.026,-0.0,-0.009,0.001,-0.07,35.13,9.41,-0.9,-0.04,0.02,-0.004,0.037,-0.074,0.0,0.034,-0.004,,
2026-02-06 12:22:25.742,pick_on_machine,-35.667,1401.948,1166.874,179.641,-0.008,0.846,-88.136,-59.392,-53.584,-0.027,-67.383,91.028,0.001,-0.008,0.016,-0.0,-0.006,0.001,0.05,35.08,9.61,-0.78,0.04,0.0,-0.003,0.027,-0.054,0.0,0.024,-0.003,,
2026-02-06 12:22:26.254,pick_on_machine,-35.675,1401.979,1166.872,179.642,-0.008,0.846,-88.136,-59.395,-53.579,-0.027,-67.384,91.028,0.001,-0.005,0.011,-0.0,-0.004,0.0,-0.05,35.13,9.45,-0.75,0.04,0.03,-0.002,0.017,-0.034,0.0,0.015,-0.002,,
2026-02-06 12:22:26.761,pick_on_machine,-35.68,1401.999,1166.871,179.642,-0.008,0.847,-88.135,-59.396,-53.576,-0.027,-67.385,91.028,0.0,-0.003,0.007,-0.0,-0.002,0.0,0.02,35.15,9.55,-0.89,-0.03,-0.08,-0.001,0.011,-0.023,0.0,0.01,-0.001,,
2026-02-06 12:22:27.273,pick_on_machine,-35.683,1402.012,1166.87,179.643,-0.008,0.847,-88.135,-59.397,-53.574,-0.027,-67.386,91.028,0.0,-0.002,0.004,-0.0,-0.001,0.0,0.01,35.15,9.52,-0.89,-0.08,-0.05,-0.001,0.007,-0.015,0.0,0.006,-0.001,,
2026-02-06 12:22:27.781,pick_on_machine,-35.685,1402.02,1166.87,179.643,-0.008,0.847,-88.135,-59.398,-53.573,-0.027,-67.386,91.028,0.0,-0.001,0.003,-0.0,-0.001,0.0,-0.01,35.13,9.47,-0.86,-0.0,-0.05,-0.001,0.005,-0.01,0.0,0.004,-0.0,,
2026-02-06 12:22:27.886,pick_to_retreat_machine,-35.644,1398.103,1166.963,179.428,-0.005,0.847,-88.132,-59.127,-54.127,-0.019,-67.317,91.028,0.008,0.675,-1.383,0.019,0.172,0.0,0.05,35.18,9.22,-0.91,0.37,-0.01,0.029,2.71,-5.55,0.075,0.695,-0.0,,
2026-02-06 12:22:27.986,pick_to_retreat_machine,-35.536,1389.049,1167.128,179.207,-0.004,0.849,-88.125,-58.469,-55.479,-0.014,-66.845,91.031,0.024,2.152,-4.417,0.027,1.309,0.008,-0.04,35.05,9.11,-0.87,0.97,-0.01,0.07,6.316,-12.976,0.043,4.656,0.029,,
2026-02-06 12:22:28.086,pick_to_retreat_machine,-35.431,1380.646,1167.251,179.196,-0.004,0.85,-88.118,-57.841,-56.771,-0.014,-66.192,91.038,0.035,3.184,-6.542,0.02,2.614,0.022,0.01,35.02,8.84,-0.84,1.53,-0.04,0.06,5.384,-11.075,-0.01,5.997,0.06,,
2026-02-06 12:22:28.187,pick_to_retreat_machine,-35.31,1371.48,1167.36,179.265,-0.004,0.849,-88.11,-57.158,-58.175,-0.016,-65.401,91.047,0.046,4.095,-8.418,0.011,3.938,0.04,-0.04,34.83,8.79,-0.84,1.91,0.01,0.06,5.392,-11.096,-0.028,6.78,0.086,,
2026-02-06 12:22:28.287,pick_to_retreat_machine,-35.213,1364.464,1167.43,179.335,-0.005,0.847,-88.105,-56.643,-59.235,-0.017,-64.787,91.056,0.049,4.359,-8.963,0.004,4.49,0.051,0.1,34.79,8.66,-0.93,2.22,0.01,0.035,3.176,-6.539,-0.025,4.335,0.065,,
2026-02-06 12:22:28.387,pick_to_retreat_machine,-35.116,1357.707,1167.489,179.403,-0.005,0.846,-88.099,-56.154,-60.24,-0.019,-64.202,91.064,0.05,4.491,-9.235,-0.001,4.829,0.059,0.04,34.6,8.55,-0.99,2.33,0.02,0.029,2.593,-5.339,-0.022,3.604,0.058,,
2026-02-06 12:22:28.488,pick_to_retreat_machine,-35.03,1351.924,1167.533,179.459,-0.005,0.844,-88.094,-55.742,-61.088,-0.021,-63.711,91.071,0.049,4.398,-9.045,-0.004,4.849,0.062,0.01,34.45,8.59,-0.85,2.49,-0.02,0.017,1.568,-3.229,-0.017,2.309,0.04,,
2026-02-06 12:22:28.589,pick_to_retreat_machine,-34.955,1346.985,1167.566,179.503,-0.005,0.842,-88.091,-55.395,-61.803,-0.022,-63.299,91.077,0.047,4.167,-8.571,-0.006,4.667,0.061,0.09,34.27,8.66,-0.89,2.45,0.09,0.008,0.766,-1.579,-0.013,1.286,0.025,,
2026-02-06 12:22:28.690,pick_to_retreat_machine,-34.865,1341.167,1167.601,179.552,-0.005,0.841,-88.086,-54.991,-62.634,-0.023,-62.823,91.084,0.046,4.135,-8.506,-0.008,4.69,0.063,-0.0,34.17,8.44,-0.77,2.46,-0.01,0.014,1.255,-2.585,-0.012,1.795,0.032,,
2026-02-06 12:22:28.793,pick_to_retreat_machine,-34.79,1336.391,1167.625,179.588,-0.005,0.839,-88.082,-54.663,-63.308,-0.024,-62.44,91.089,0.044,3.921,-8.066,-0.008,4.474,0.061,-0.02,33.98,8.49,-0.98,2.35,-0.02,0.004,0.367,-0.757,-0.008,0.687,0.015,,
2026-02-06 12:22:28.894,pick_to_retreat_machine,-34.724,1332.321,1167.643,179.617,-0.005,0.838,-88.079,-54.387,-63.877,-0.024,-62.12,91.094,0.041,3.632,-7.471,-0.008,4.157,0.057,0.0,33.79,8.41,-0.88,2.27,0.04,-0.002,-0.183,0.374,-0.005,-0.004,0.004,,
2026-02-06 12:22:28.997,pick_to_retreat_machine,-34.657,1328.227,1167.659,179.642,-0.006,0.837,-88.076,-54.111,-64.444,-0.025,-61.802,91.098,0.038,3.413,-7.02,-0.007,3.911,0.054,0.03,33.71,8.45,-0.92,2.1,-0.03,-0.002,-0.174,0.356,-0.004,-0.037,0.003,,
2026-02-06 12:22:29.101,pick_to_retreat_machine,-34.6,1324.745,1167.671,179.663,-0.006,0.837,-88.074,-53.879,-64.922,-0.026,-61.537,91.102,0.035,3.141,-6.46,-0.007,3.598,0.05,0.0,33.58,8.53,-0.84,1.99,-0.01,-0.007,-0.588,1.208,-0.002,-0.55,-0.005,,
2026-02-06 12:22:29.202,pick_to_retreat_machine,-34.537,1320.981,1167.682,179.682,-0.006,0.836,-88.071,-53.629,-65.435,-0.026,-61.254,91.106,0.033,2.979,-6.127,-0.006,3.405,0.047,0.04,33.55,8.57,-0.78,1.83,0.04,-0.004,-0.36,0.741,-0.002,-0.323,-0.002,,
2026-02-06 12:22:29.304,pick_to_retreat_machine,-34.489,1318.153,1167.69,179.695,-0.005,0.835,-88.069,-53.444,-65.817,-0.026,-61.045,91.109,0.03,2.699,-5.551,-0.005,3.077,0.043,0.0,33.42,8.62,-0.82,1.7,0.09,-0.011,-0.958,1.971,0.0,-1.026,-0.013,,
2026-02-06 12:22:29.407,pick_to_retreat_machine,-34.444,1315.527,1167.695,179.705,-0.005,0.835,-88.067,-53.272,-66.17,-0.027,-60.853,91.111,0.027,2.453,-5.046,-0.005,2.788,0.038,0.02,33.21,8.7,-0.78,1.64,0.01,-0.011,-1.005,2.066,0.001,-1.096,-0.014,,
2026-02-06 12:22:29.512,pick_to_retreat_machine,-34.408,1313.409,1167.7,179.713,-0.005,0.834,-88.065,-53.134,-66.453,-0.027,-60.7,91.113,0.024,2.184,-4.492,-0.004,2.473,0.034,0.08,33.15,8.68,-0.79,1.56,-0.02,-0.014,-1.244,2.559,0.001,-1.377,-0.018,,
2026-02-06 12:22:29.613,pick_to_retreat_machine,-34.384,1312.037,1167.702,179.717,-0.005,0.834,-88.064,-53.045,-66.636,-0.027,-60.601,91.115,0.021,1.86,-3.826,-0.003,2.101,0.029,0.03,33.04,8.62,-0.81,1.39,-0.04,-0.018,-1.608,3.306,0.002,-1.786,-0.024,,
2026-02-06 12:22:29.713,pick_to_retreat_machine,-34.356,1310.429,1167.705,179.722,-0.005,0.834,-88.063,-52.942,-66.849,-0.027,-60.487,91.116,0.019,1.655,-3.403,-0.003,1.861,0.025,0.07,33.02,8.66,-0.85,1.32,-0.03,-0.015,-1.298,2.669,0.002,-1.447,-0.019,,
2026-02-06 12:22:29.818,pick_to_retreat_machine,-34.317,1308.175,1167.708,179.727,-0.005,0.834,-88.061,-52.797,-67.147,-0.027,-60.329,91.118,0.018,1.603,-3.297,-0.002,1.792,0.024,0.1,32.94,8.64,-0.85,1.27,-0.06,-0.009,-0.757,1.558,0.002,-0.86,-0.012,,
2026-02-06 12:22:29.918,pick_to_retreat_machine,-34.288,1306.518,1167.71,179.731,-0.005,0.833,-88.06,-52.691,-67.366,-0.027,-60.213,91.12,0.016,1.468,-3.018,-0.002,1.633,0.022,0.03,32.83,8.68,-0.76,1.16,0.03,-0.012,-1.069,2.199,0.002,-1.206,-0.016,,
2026-02-06 12:22:30.021,pick_to_retreat_machine,-34.255,1304.65,1167.711,179.734,-0.005,0.833,-88.059,-52.572,-67.61,-0.027,-60.085,91.122,0.016,1.398,-2.876,-0.001,1.546,0.021,-0.0,32.77,8.66,-0.99,1.14,-0.04,-0.009,-0.833,1.713,0.002,-0.953,-0.013,,
2026-02-06 12:22:30.123,pick_to_retreat_machine,-34.223,1302.853,1167.713,179.735,-0.005,0.833,-88.058,-52.458,-67.845,-0.027,-59.962,91.123,0.015,1.334,-2.743,-0.001,1.466,0.019,0.06,32.71,8.66,-0.87,0.96,0.02,-0.009,-0.799,1.643,0.002,-0.92,-0.013,,
2026-02-06 12:22:30.226,pick_to_retreat_machine,-34.189,1300.936,1167.714,179.736,-0.005,0.833,-88.056,-52.336,-68.094,-0.027,-59.833,91.125,0.015,1.303,-2.681,-0.001,1.422,0.019,-0.0,32.72,8.73,-0.85,0.87,0.12,-0.007,-0.648,1.333,0.002,-0.762,-0.011,,
2026-02-06 12:22:30.330,pick_to_retreat_machine,-34.162,1299.435,1167.715,179.736,-0.005,0.832,-88.055,-52.242,-68.289,-0.027,-59.733,91.126,0.014,1.214,-2.496,-0.0,1.316,0.017,-0.0,32.53,8.69,-0.83,0.84,-0.02,-0.01,-0.85,1.748,0.002,-0.977,-0.014,,
2026-02-06 12:22:30.430,pick_to_retreat_machine,-34.137,1298.054,1167.715,179.736,-0.005,0.832,-88.054,-52.155,-68.467,-0.027,-59.642,91.127,0.013,1.127,-2.318,-0.0,1.214,0.016,-0.01,32.57,8.85,-0.88,0.77,0.02,-0.009,-0.843,1.735,0.002,-0.969,-0.014,,
2026-02-06 12:22:30.531,pick_to_retreat_machine,-34.115,1296.834,1167.715,179.735,-0.005,0.832,-88.053,-52.079,-68.624,-0.027,-59.563,91.128,0.012,1.036,-2.131,0.0,1.109,0.014,0.01,32.61,8.72,-0.89,0.77,0.02,-0.01,-0.863,1.775,0.002,-0.987,-0.014,,
2026-02-06 12:22:30.634,pick_to_retreat_machine,-34.092,1295.522,1167.716,179.733,-0.005,0.832,-88.053,-51.997,-68.792,-0.027,-59.478,91.129,0.011,0.982,-2.019,0.0,1.043,0.013,0.05,32.49,8.71,-0.82,0.6,0.04,-0.008,-0.721,1.484,0.002,-0.837,-0.012,,
2026-02-06 12:22:30.736,pick_to_retreat_machine,-34.069,1294.286,1167.716,179.73,-0.005,0.832,-88.052,-51.92,-68.95,-0.027,-59.4,91.13,0.01,0.928,-1.909,0.0,0.979,0.012,0.13,32.47,8.73,-0.88,0.62,0.08,-0.008,-0.699,1.438,0.002,-0.812,-0.012,,
2026-02-06 12:22:30.838,pick_to_retreat_machine,-34.052,1293.32,1167.716,179.728,-0.005,0.832,-88.051,-51.86,-69.073,-0.027,-59.339,91.131,0.009,0.846,-1.74,0.001,0.887,0.011,0.05,32.49,8.72,-0.81,0.57,-0.03,-0.009,-0.798,1.642,0.002,-0.908,-0.013,,
2026-02-06 12:22:30.940,pick_to_retreat_machine,-34.035,1292.431,1167.716,179.725,-0.005,0.832,-88.05,-51.805,-69.186,-0.026,-59.283,91.131,0.009,0.772,-1.587,0.001,0.804,0.01,-0.04,32.31,8.81,-0.85,0.47,0.03,-0.009,-0.768,1.58,0.001,-0.872,-0.012,,
2026-02-06 12:22:31.042,pick_to_retreat_machine,-34.021,1291.647,1167.715,179.723,-0.005,0.832,-88.05,-51.757,-69.286,-0.026,-59.235,91.132,0.008,0.7,-1.439,0.001,0.724,0.009,0.06,32.33,8.7,-0.85,0.46,-0.04,-0.008,-0.757,1.557,0.001,-0.855,-0.012,,
2026-02-06 12:22:31.145,pick_to_retreat_machine,-34.007,1290.865,1167.715,179.72,-0.005,0.832,-88.049,-51.709,-69.385,-0.026,-59.187,91.132,0.007,0.645,-1.327,0.001,0.663,0.008,0.06,32.43,8.73,-0.75,0.41,-0.02,-0.008,-0.683,1.405,0.001,-0.774,-0.011,,
2026-02-06 12:22:31.246,pick_to_retreat_machine,-33.993,1290.093,1167.715,179.716,-0.005,0.832,-88.049,-51.661,-69.482,-0.026,-59.14,91.133,0.007,0.603,-1.239,0.001,0.614,0.007,0.01,32.3,8.76,-0.82,0.38,0.01,-0.007,-0.623,1.281,0.001,-0.709,-0.01,,
2026-02-06 12:22:31.347,pick_to_retreat_machine,-33.982,1289.492,1167.715,179.714,-0.005,0.832,-88.048,-51.624,-69.558,-0.026,-59.104,91.133,0.006,0.544,-1.119,0.001,0.551,0.006,0.05,32.26,8.81,-0.75,0.31,0.03,-0.007,-0.666,1.369,0.001,-0.744,-0.01,,
2026-02-06 12:22:31.450,pick_to_retreat_machine,-33.971,1288.914,1167.715,179.711,-0.005,0.832,-88.048,-51.589,-69.631,-0.026,-59.07,91.134,0.006,0.497,-1.021,0.001,0.499,0.006,0.02,32.22,8.72,-0.81,0.34,-0.02,-0.007,-0.614,1.264,0.001,-0.687,-0.009,,
2026-02-06 12:22:31.554,pick_to_retreat_machine,-33.962,1288.405,1167.715,179.708,-0.004,0.832,-88.048,-51.558,-69.695,-0.026,-59.04,91.134,0.005,0.45,-0.925,0.001,0.449,0.005,-0.02,32.14,8.81,-0.85,0.32,0.01,-0.007,-0.595,1.225,0.001,-0.662,-0.009,,
2026-02-06 12:22:31.655,pick_to_retreat_machine,-33.952,1287.877,1167.714,179.705,-0.004,0.832,-88.047,-51.526,-69.761,-0.026,-59.009,91.134,0.005,0.418,-0.86,0.001,0.414,0.005,-0.09,32.26,8.76,-0.89,0.27,-0.03,-0.006,-0.525,1.08,0.001,-0.588,-0.008,,
2026-02-06 12:22:31.758,pick_to_retreat_machine,-33.943,1287.378,1167.714,179.702,-0.004,0.832,-88.047,-51.495,-69.823,-0.026,-58.98,91.135,0.004,0.39,-0.801,0.001,0.383,0.004,-0.09,32.11,8.84,-0.75,0.25,0.01,-0.005,-0.491,1.009,0.001,-0.549,-0.007,,
2026-02-06 12:22:31.859,pick_to_retreat_machine,-33.936,1286.99,1167.714,179.699,-0.004,0.832,-88.047,-51.472,-69.872,-0.025,-58.958,91.135,0.004,0.351,-0.722,0.001,0.343,0.004,-0.01,32.1,8.79,-0.85,0.33,-0.03,-0.006,-0.509,1.047,0.0,-0.56,-0.007,,
2026-02-06 12:22:31.962,pick_to_retreat_machine,-33.929,1286.646,1167.714,179.696,-0.004,0.832,-88.046,-51.451,-69.915,-0.025,-58.938,91.135,0.004,0.316,-0.649,0.001,0.306,0.003,-0.0,32.24,8.78,-0.86,0.19,-0.06,-0.005,-0.486,1.0,0.0,-0.531,-0.007,,
2026-02-06 12:22:32.064,pick_to_retreat_machine,-33.923,1286.301,1167.714,179.694,-0.004,0.832,-88.046,-51.43,-69.958,-0.025,-58.919,91.135,0.003,0.289,-0.594,0.001,0.278,0.003,0.01,32.21,8.78,-0.81,0.13,0.02,-0.005,-0.437,0.898,0.0,-0.479,-0.006,,
2026-02-06 12:22:32.164,pick_to_retreat_machine,-33.917,1285.972,1167.714,179.691,-0.004,0.832,-88.046,-51.41,-69.999,-0.025,-58.9,91.135,0.003,0.267,-0.548,0.001,0.255,0.003,0.0,32.14,8.8,-0.76,0.17,0.01,-0.005,-0.403,0.828,0.0,-0.441,-0.006,waypoint,
2026-02-06 12:22:32.267,pick_to_retreat_machine,-33.944,1273.447,1185.487,179.784,0.0,0.846,-88.026,-49.965,-71.326,-0.022,-58.925,91.14,0.053,3.812,-3.73,0.008,0.129,0.012,0.03,31.53,7.96,-0.8,0.01,0.06,0.197,13.888,-12.121,0.029,-0.83,0.035,,
2026-02-06 12:22:32.372,pick_to_retreat_machine,-33.934,1255.52,1209.486,179.838,-0.001,0.859,-87.998,-47.981,-73.135,-0.024,-59.046,91.156,0.11,7.819,-7.319,0.001,-0.205,0.05,0.05,30.9,7.34,-0.68,-0.2,-0.08,0.255,17.889,-15.718,-0.022,-1.706,0.153,,
2026-02-06 12:22:32.476,pick_to_retreat_machine,-33.862,1233.151,1237.092,179.846,-0.001,0.864,-87.964,-45.627,-75.28,-0.025,-59.247,91.185,0.166,11.75,-10.853,-0.001,-0.656,0.11,0.09,30.25,6.99,-0.8,-0.33,0.1,0.282,19.802,-17.514,-0.01,-2.338,0.264,,
2026-02-06 12:22:32.578,pick_to_retreat_machine,-33.74,1211.609,1261.622,179.829,-0.002,0.863,-87.934,-43.461,-77.254,-0.025,-59.456,91.216,0.201,14.228,-13.074,-0.001,-1.016,0.161,0.03,29.76,6.75,-0.76,-0.57,-0.06,0.227,15.943,-14.048,-0.003,-2.19,0.262,,
2026-02-06 12:22:32.682,pick_to_retreat_machine,-33.557,1188.421,1286.085,179.802,-0.003,0.86,-87.902,-41.219,-79.296,-0.025,-59.682,91.251,0.23,16.274,-14.911,-0.001,-1.327,0.207,0.07,29.12,6.62,-0.82,-0.68,0.15,0.215,15.1,-13.327,-0.0,-2.136,0.269,,
2026-02-06 12:22:32.785,pick_to_retreat_machine,-33.367,1169.014,1305.183,179.778,-0.003,0.857,-87.876,-39.405,-80.95,-0.025,-59.867,91.28,0.237,16.742,-15.317,-0.001,-1.458,0.228,0.1,28.63,6.67,-0.69,-0.86,0.04,0.133,9.321,-8.104,0.0,-1.512,0.183,,
2026-02-06 12:22:32.898,pick_to_retreat_machine,-33.177,1152.228,1320.78,179.758,-0.004,0.854,-87.855,-37.875,-82.344,-0.025,-60.023,91.304,0.232,16.382,-14.972,-0.001,-1.484,0.232,0.16,28.11,6.53,-0.71,-0.83,0.02,0.079,5.544,-4.701,0.0,-1.07,0.12,,
2026-02-06 12:22:33.002,pick_to_retreat_machine,-32.997,1137.812,1333.541,179.742,-0.004,0.852,-87.836,-36.587,-83.517,-0.025,-60.154,91.325,0.219,15.505,-14.162,-0.0,-1.44,0.225,0.25,27.5,6.65,-0.66,-0.75,0.11,0.037,2.566,-2.023,0.0,-0.711,0.069,,
2026-02-06 12:22:33.105,pick_to_retreat_machine,-32.782,1122.026,1346.881,179.725,-0.005,0.849,-87.817,-35.203,-84.778,-0.025,-60.294,91.346,0.214,15.09,-13.776,-0.0,-1.43,0.224,0.08,27.06,6.78,-0.8,-0.8,-0.02,0.047,3.279,-2.704,0.0,-0.732,0.077,,
2026-02-06 12:22:33.206,pick_to_retreat_machine,-32.504,1103.311,1361.889,179.706,-0.005,0.847,-87.794,-33.592,-86.245,-0.025,-60.456,91.372,0.217,15.343,-13.999,0.0,-1.476,0.231,0.17,26.54,6.89,-0.79,-0.84,0.02,0.074,5.207,-4.489,0.0,-0.875,0.103,,
2026-02-06 12:22:33.307,pick_to_retreat_machine,-32.278,1089.051,1372.768,179.693,-0.006,0.845,-87.777,-32.386,-87.344,-0.025,-60.576,91.391,0.205,14.522,-13.246,0.0,-1.408,0.22,0.25,26.12,7.07,-0.84,-0.88,0.07,0.01,0.644,-0.357,0.0,-0.373,0.027,,
2026-02-06 12:22:33.409,pick_to_retreat_machine,-32.045,1075.194,1382.9,179.682,-0.006,0.843,-87.76,-31.23,-88.397,-0.025,-60.69,91.408,0.195,13.782,-12.568,0.0,-1.342,0.21,0.2,25.58,7.19,-0.81,-0.71,0.0,0.002,0.079,0.134,0.0,-0.278,0.015,,
2026-02-06 12:22:33.509,pick_to_retreat_machine,-31.819,1062.332,1391.933,179.672,-0.007,0.842,-87.745,-30.171,-89.363,-0.025,-60.795,91.425,0.184,12.986,-11.84,0.0,-1.267,0.198,0.27,25.17,7.19,-0.85,-0.82,0.03,-0.012,-0.889,0.996,0.0,-0.148,-0.003,,
2026-02-06 12:22:33.613,pick_to_retreat_machine,-31.6,1050.411,1399.996,179.663,-0.007,0.841,-87.732,-29.199,-90.248,-0.025,-60.889,91.439,0.172,12.169,-11.094,0.0,-1.187,0.185,0.3,24.73,7.44,-0.81,-0.65,0.07,-0.023,-1.681,1.699,0.0,-0.04,-0.017,,
2026-02-06 12:22:33.714,pick_to_retreat_machine,-31.323,1035.886,1409.433,179.654,-0.007,0.84,-87.715,-28.027,-91.316,-0.025,-61.003,91.457,0.171,12.055,-10.988,0.0,-1.174,0.183,0.16,24.29,7.49,-0.85,-0.66,0.09,0.007,0.482,-0.288,0.0,-0.221,0.013,,
2026-02-06 12:22:33.817,pick_to_retreat_machine,-31.111,1025.156,1416.14,179.648,-0.007,0.84,-87.703,-27.171,-92.096,-0.025,-61.085,91.469,0.158,11.183,-10.193,0.0,-1.086,0.169,0.18,23.8,7.66,-0.84,-0.62,0.04,-0.038,-2.711,2.606,0.0,0.112,-0.037,,
2026-02-06 12:22:33.921,pick_to_retreat_machine,-30.911,1015.314,1422.1,179.643,-0.008,0.839,-87.692,-26.391,-92.807,-0.025,-61.159,91.481,0.146,10.337,-9.421,0.0,-1.0,0.155,0.15,23.58,7.79,-0.84,-0.58,-0.07,-0.045,-3.209,3.046,0.0,0.181,-0.046,,
2026-02-06 12:22:34.021,pick_to_retreat_machine,-30.73,1006.627,1427.21,179.639,-0.008,0.839,-87.682,-25.707,-93.43,-0.025,-61.224,91.491,0.134,9.462,-8.623,0.0,-0.912,0.141,0.15,23.04,7.91,-0.86,-0.53,0.04,-0.054,-3.849,3.616,-0.0,0.259,-0.057,,
2026-02-06 12:22:34.122,pick_to_retreat_machine,-30.553,998.341,1431.958,179.636,-0.008,0.839,-87.673,-25.058,-94.021,-0.025,-61.285,91.5,0.123,8.718,-7.945,0.0,-0.836,0.129,0.11,22.78,7.95,-0.92,-0.43,0.04,-0.054,-3.816,3.576,-0.0,0.271,-0.057,,
2026-02-06 12:22:34.227,pick_to_retreat_machine,-30.359,989.376,1436.955,179.633,-0.008,0.839,-87.663,-24.361,-94.657,-0.025,-61.35,91.51,0.117,8.283,-7.548,0.0,-0.789,0.121,0.08,22.38,8.15,-0.86,-0.47,0.11,-0.041,-2.944,2.771,0.0,0.203,-0.045,,
2026-02-06 12:22:34.330,pick_to_retreat_machine,-30.203,982.31,1440.795,179.631,-0.008,0.839,-87.656,-23.814,-95.155,-0.025,-61.4,91.518,0.107,7.58,-6.907,0.0,-0.718,0.11,0.12,22.16,8.14,-0.8,-0.37,-0.0,-0.059,-4.155,3.866,-0.0,0.327,-0.063,,
2026-02-06 12:22:34.434,pick_to_retreat_machine,-30.063,976.102,1444.097,179.63,-0.008,0.839,-87.649,-23.335,-95.591,-0.025,-61.444,91.524,0.097,6.882,-6.271,0.0,-0.648,0.099,0.18,21.82,8.27,-0.93,-0.3,0.02,-0.062,-4.424,4.102,-0.0,0.361,-0.067,,
2026-02-06 12:22:34.536,pick_to_retreat_machine,-29.934,970.432,1447.055,179.629,-0.008,0.839,-87.643,-22.899,-95.988,-0.025,-61.484,91.53,0.088,6.251,-5.696,0.0,-0.585,0.089,0.06,21.55,8.36,-0.85,-0.4,0.1,-0.062,-4.411,4.083,-0.0,0.367,-0.067,,
2026-02-06 12:22:34.636,pick_to_retreat_machine,-29.824,965.636,1449.516,179.629,-0.008,0.839,-87.637,-22.532,-96.323,-0.025,-61.517,91.535,0.079,5.607,-5.109,0.0,-0.521,0.079,0.13,21.32,8.44,-0.79,-0.17,0.05,-0.066,-4.653,4.297,-0.0,0.395,-0.07,,
2026-02-06 12:22:34.737,pick_to_retreat_machine,-29.69,959.838,1452.438,179.629,-0.008,0.84,-87.631,-22.089,-96.727,-0.025,-61.556,91.541,0.075,5.312,-4.84,0.0,-0.49,0.074,0.18,21.06,8.41,-0.79,-0.22,0.0,-0.048,-3.433,3.18,-0.0,0.291,-0.054,,
2026-02-06 12:22:34.837,pick_to_retreat_machine,-29.593,955.741,1454.469,179.629,-0.008,0.84,-87.627,-21.777,-97.011,-0.025,-61.584,91.545,0.067,4.764,-4.341,0.0,-0.437,0.066,-0.03,20.75,8.53,-0.85,-0.23,0.05,-0.062,-4.398,4.054,-0.0,0.381,-0.066,,
2026-02-06 12:22:34.940,pick_to_retreat_machine,-29.501,951.848,1456.374,179.629,-0.008,0.84,-87.623,-21.481,-97.281,-0.025,-61.61,91.549,0.061,4.313,-3.93,0.0,-0.393,0.059,0.12,20.62,8.53,-0.81,-0.28,0.03,-0.058,-4.119,3.796,-0.0,0.359,-0.062,,
2026-02-06 12:22:35.042,pick_to_retreat_machine,-29.42,948.428,1458.028,179.629,-0.008,0.84,-87.619,-21.221,-97.517,-0.025,-61.633,91.553,0.055,3.884,-3.539,0.0,-0.351,0.053,0.08,20.47,8.7,-0.84,-0.3,0.1,-0.058,-4.072,3.748,-0.0,0.357,-0.061,,
2026-02-06 12:22:35.142,pick_to_retreat_machine,-29.342,945.178,1459.581,179.63,-0.008,0.841,-87.615,-20.975,-97.741,-0.025,-61.654,91.556,0.05,3.528,-3.215,0.0,-0.317,0.048,0.08,20.3,8.67,-0.87,-0.23,0.09,-0.054,-3.798,3.495,-0.0,0.335,-0.057,,
2026-02-06 12:22:35.243,pick_to_retreat_machine,-29.26,941.783,1461.185,179.631,-0.008,0.841,-87.612,-20.718,-97.975,-0.025,-61.676,91.559,0.047,3.288,-2.996,0.0,-0.293,0.044,0.06,20.12,8.72,-0.76,-0.17,-0.09,-0.047,-3.313,3.05,-0.0,0.294,-0.05,,
2026-02-06 12:22:35.344,pick_to_retreat_machine,-29.196,939.121,1462.43,179.631,-0.008,0.841,-87.609,-20.517,-98.158,-0.025,-61.693,91.561,0.042,2.968,-2.705,0.0,-0.262,0.039,-0.01,20.0,8.82,-0.94,-0.1,-0.04,-0.05,-3.538,3.252,-0.0,0.314,-0.053,,
2026-02-06 12:22:35.449,pick_to_retreat_machine,-29.136,936.695,1463.556,179.632,-0.008,0.842,-87.606,-20.334,-98.325,-0.025,-61.709,91.564,0.038,2.684,-2.445,0.0,-0.235,0.035,0.04,19.8,8.73,-0.85,-0.22,-0.08,-0.048,-3.365,3.091,-0.0,0.299,-0.05,,
2026-02-06 12:22:35.549,pick_to_retreat_machine,-29.082,934.483,1464.573,179.633,-0.008,0.842,-87.604,-20.168,-98.477,-0.025,-61.723,91.566,0.034,2.429,-2.213,0.0,-0.212,0.031,-0.05,19.83,8.8,-0.79,-0.18,-0.1,-0.045,-3.193,2.931,-0.0,0.284,-0.047,,
2026-02-06 12:22:35.650,pick_to_retreat_machine,-29.031,932.395,1465.526,179.634,-0.008,0.842,-87.602,-20.011,-98.62,-0.025,-61.736,91.568,0.031,2.215,-2.018,0.0,-0.191,0.028,0.09,19.62,8.77,-0.78,-0.11,-0.01,-0.042,-2.967,2.724,-0.0,0.265,-0.044,,
2026-02-06 12:22:35.752,pick_to_retreat_machine,-28.979,930.299,1466.477,179.635,-0.008,0.843,-87.599,-19.853,-98.764,-0.025,-61.749,91.57,0.029,2.055,-1.872,0.0,-0.176,0.026,0.04,19.49,8.87,-0.83,-0.17,0.04,-0.038,-2.667,2.448,-0.0,0.239,-0.04,,
2026-02-06 12:22:35.853,pick_to_retreat_machine,-28.94,928.717,1467.189,179.636,-0.008,0.843,-87.598,-19.734,-98.872,-0.025,-61.758,91.571,0.026,1.838,-1.675,0.0,-0.156,0.023,-0.04,19.54,8.83,-0.84,-0.15,0.08,-0.039,-2.787,2.556,-0.0,0.248,-0.04,,
2026-02-06 12:22:35.955,pick_to_retreat_machine,-28.903,927.215,1467.862,179.636,-0.008,0.843,-87.596,-19.621,-98.975,-0.025,-61.768,91.572,0.023,1.661,-1.513,0.0,-0.14,0.021,0.03,19.36,8.89,-0.8,-0.06,-0.07,-0.036,-2.57,2.356,-0.0,0.229,-0.037,,
2026-02-06 12:22:36.055,pick_to_retreat_machine,-28.87,925.898,1468.449,179.637,-0.008,0.843,-87.595,-19.523,-99.065,-0.025,-61.776,91.573,0.021,1.493,-1.36,0.0,-0.125,0.018,0.05,19.3,8.95,-0.84,-0.09,-0.02,-0.035,-2.452,2.247,-0.0,0.218,-0.035,,
2026-02-06 12:22:36.156,pick_to_retreat_machine,-28.839,924.648,1469.004,179.638,-0.008,0.844,-87.593,-19.429,-99.15,-0.025,-61.783,91.575,0.019,1.354,-1.234,0.0,-0.113,0.016,0.04,19.21,8.96,-0.88,-0.06,0.01,-0.032,-2.257,2.069,-0.0,0.201,-0.032,,
2026-02-06 12:22:36.258,pick_to_retreat_machine,-28.807,923.385,1469.563,179.639,-0.008,0.844,-87.592,-19.334,-99.236,-0.025,-61.791,91.576,0.018,1.252,-1.141,0.0,-0.103,0.015,0.0,19.12,8.9,-0.87,-0.17,-0.04,-0.029,-2.022,1.853,-0.0,0.18,-0.029,,
2026-02-06 12:22:36.360,pick_to_retreat_machine,-28.782,922.397,1469.998,179.64,-0.008,0.844,-87.591,-19.26,-99.304,-0.025,-61.796,91.576,0.016,1.124,-1.024,0.0,-0.092,0.013,0.02,19.16,8.93,-0.81,-0.03,-0.04,-0.029,-2.027,1.856,-0.0,0.179,-0.029,,
2026-02-06 12:22:36.461,pick_to_retreat_machine,-28.759,921.459,1470.409,179.64,-0.008,0.844,-87.59,-19.19,-99.368,-0.025,-61.802,91.577,0.014,1.019,-0.928,0.0,-0.083,0.012,-0.01,18.99,9.04,-0.86,0.08,0.04,-0.026,-1.862,1.705,-0.0,0.165,-0.026,,
2026-02-06 12:22:36.563,pick_to_retreat_machine,-28.737,920.606,1470.782,179.641,-0.008,0.845,-87.589,-19.126,-99.426,-0.025,-61.807,91.578,0.013,0.924,-0.842,0.0,-0.074,0.011,-0.02,19.1,9.07,-0.82,-0.02,-0.06,-0.025,-1.739,1.592,-0.0,0.154,-0.025,,
2026-02-06 12:22:36.665,pick_to_retreat_machine,-28.718,919.828,1471.121,179.642,-0.008,0.845,-87.588,-19.068,-99.479,-0.025,-61.811,91.579,0.012,0.838,-0.764,0.0,-0.067,0.01,0.07,19.04,9.08,-0.75,-0.12,0.01,-0.023,-1.622,1.485,-0.0,0.143,-0.023,,
2026-02-06 12:22:36.766,pick_to_retreat_machine,-28.697,919.018,1471.474,179.643,-0.008,0.845,-87.588,-19.007,-99.534,-0.025,-61.816,91.579,0.011,0.78,-0.711,0.0,-0.062,0.009,0.01,18.97,9.03,-0.73,0.03,-0.04,-0.02,-1.435,1.314,-0.0,0.127,-0.02,,
2026-02-06 12:22:36.869,pick_to_retreat_machine,-28.683,918.429,1471.729,179.643,-0.008,0.845,-87.587,-18.963,-99.574,-0.025,-61.819,91.58,0.01,0.695,-0.633,0.0,-0.055,0.008,0.09,18.85,9.01,-0.71,-0.08,0.02,-0.021,-1.458,1.334,-0.0,0.127,-0.02,,
2026-02-06 12:22:36.970,pick_to_retreat_machine,-28.668,917.868,1471.972,179.644,-0.008,0.845,-87.586,-18.921,-99.613,-0.025,-61.823,91.58,0.009,0.626,-0.571,0.0,-0.049,0.007,0.08,18.82,9.0,-0.89,-0.03,-0.03,-0.019,-1.333,1.22,-0.0,0.117,-0.018,waypoint,
2026-02-06 12:22:37.070,pick_to_retreat_machine,-28.81,912.521,1477.097,179.847,-0.003,0.866,-87.563,-18.404,-99.891,-0.025,-61.858,91.583,0.065,1.762,-1.125,-0.002,-0.124,0.012,-1.28,30.47,9.31,-0.84,-0.37,0.06,0.209,3.551,-1.306,-0.008,-0.215,0.008,,
2026-02-06 12:22:37.172,pick_to_retreat_machine,-29.724,872.223,1513.143,-179.397,0.004,0.956,-87.388,-14.694,-101.804,-0.041,-62.899,91.674,0.486,10.598,-5.625,-0.041,-2.697,0.238,-0.8,27.31,8.55,-0.9,-1.78,0.12,1.706,35.13,-17.517,-0.158,-10.257,0.892,,
2026-02-06 12:22:37.274,pick_to_retreat_machine,-30.249,831.602,1544.239,-179.348,0.006,0.967,-87.224,-11.209,-103.595,-0.042,-64.545,91.827,0.775,16.661,-8.696,-0.032,-6.137,0.56,-0.6,24.47,8.18,-0.94,-3.11,0.13,1.427,29.363,-14.544,0.013,-15.271,1.416,,
2026-02-06 12:22:37.376,pick_to_retreat_machine,-30.439,800.085,1565.711,-179.461,0.006,0.955,-87.101,-8.599,-104.934,-0.038,-65.928,91.96,0.888,19.021,-9.871,-0.016,-8.062,0.751,-0.42,21.92,8.03,-0.87,-4.16,0.09,0.871,17.676,-8.58,0.046,-11.127,1.072,,
2026-02-06 12:22:37.479,pick_to_retreat_machine,-30.464,769.238,1584.803,-179.611,0.005,0.937,-86.984,-6.097,-106.218,-0.035,-67.296,92.093,0.96,20.519,-10.612,-0.003,-9.464,0.896,-0.2,19.91,7.93,-0.85,-4.82,0.15,0.733,14.825,-7.162,0.049,-9.848,0.971,,
2026-02-06 12:22:37.580,pick_to_retreat_machine,-30.352,740.519,1601.014,-179.756,0.004,0.919,-86.876,-3.804,-107.395,-0.031,-68.558,92.217,0.99,21.124,-10.902,0.007,-10.254,0.982,-0.15,17.99,7.68,-0.93,-5.32,0.12,0.562,11.263,-5.378,0.042,-7.816,0.784,,
2026-02-06 12:22:37.683,pick_to_retreat_machine,-30.082,708.592,1617.376,-179.913,0.001,0.899,-86.757,-1.285,-108.687,-0.027,-69.941,92.353,1.039,22.139,-11.407,0.015,-11.148,1.078,0.02,16.27,7.9,-0.86,-5.43,0.16,0.612,12.387,-5.995,0.041,-8.239,0.831,,
2026-02-06 12:22:37.787,pick_to_retreat_machine,-29.738,681.474,1629.966,179.963,-0.001,0.883,-86.657,0.834,-109.775,-0.024,-71.097,92.468,1.028,21.902,-11.274,0.019,-11.251,1.095,0.08,14.7,7.97,-0.89,-5.57,0.12,0.362,7.152,-3.346,0.029,-5.146,0.526,,
2026-02-06 12:22:37.888,pick_to_retreat_machine,-29.381,659.354,1639.38,179.868,-0.003,0.87,-86.577,2.552,-110.656,-0.022,-72.027,92.56,0.973,20.721,-10.659,0.02,-10.764,1.051,0.18,13.24,8.07,-0.89,-5.45,0.18,0.137,2.422,-0.952,0.019,-2.375,0.25,,
2026-02-06 12:22:37.990,pick_to_retreat_machine,-28.977,638.174,1647.693,179.785,-0.005,0.859,-86.5,4.189,-111.497,-0.019,-72.908,92.647,0.923,19.635,-10.096,0.021,-10.275,1.006,0.27,12.06,8.19,-0.84,-5.32,0.19,0.086,1.38,-0.447,0.014,-1.641,0.175,,
2026-02-06 12:22:38.094,pick_to_retreat_machine,-28.554,618.763,1654.723,179.714,-0.007,0.85,-86.429,5.686,-112.265,-0.018,-73.706,92.726,0.868,18.466,-9.491,0.02,-9.703,0.952,0.31,10.87,8.45,-0.9,-5.03,0.22,0.011,-0.173,0.324,0.01,-0.656,0.075,,
2026-02-06 12:22:38.194,pick_to_retreat_machine,-28.072,598.965,1661.324,179.649,-0.009,0.841,-86.357,7.208,-113.046,-0.016,-74.513,92.805,0.83,17.656,-9.073,0.02,-9.293,0.913,0.29,9.9,8.49,-0.9,-4.89,0.18,0.022,0.11,0.155,0.008,-0.668,0.074,,
2026-02-06 12:22:38.299,pick_to_retreat_machine,-27.609,581.659,1666.629,179.598,-0.011,0.835,-86.295,8.538,-113.729,-0.014,-75.211,92.874,0.779,16.565,-8.51,0.018,-8.715,0.856,0.22,8.89,8.71,-0.89,-4.61,0.21,-0.071,-1.835,1.131,0.004,0.481,-0.041,,
2026-02-06 12:22:38.400,pick_to_retreat_machine,-27.189,567.066,1670.769,179.559,-0.012,0.83,-86.242,9.658,-114.304,-0.013,-75.795,92.931,0.716,15.225,-7.821,0.017,-7.996,0.786,0.23,8.08,8.77,-0.86,-4.19,0.12,-0.162,-3.741,2.09,0.0,1.576,-0.151,,
2026-02-06 12:22:38.504,pick_to_retreat_machine,-26.781,553.734,1674.288,179.528,-0.013,0.826,-86.194,10.681,-114.829,-0.012,-76.324,92.983,0.657,13.978,-7.179,0.015,-7.32,0.719,0.29,7.21,8.9,-0.93,-3.91,0.13,-0.192,-4.335,2.378,-0.001,1.963,-0.19,,
2026-02-06 12:22:38.605,pick_to_retreat_machine,-26.39,541.559,1677.282,179.503,-0.014,0.822,-86.15,11.617,-115.309,-0.011,-76.804,93.03,0.603,12.821,-6.585,0.013,-6.69,0.657,0.38,6.54,9.09,-0.95,-3.67,0.25,-0.214,-4.786,2.594,-0.003,2.26,-0.221,,
2026-02-06 12:22:38.705,pick_to_retreat_machine,-25.958,528.758,1680.206,179.481,-0.015,0.82,-86.104,12.6,-115.814,-0.011,-77.305,93.079,0.568,12.076,-6.201,0.012,-6.27,0.615,0.35,5.93,9.12,-1.02,-3.39,0.14,-0.17,-3.819,2.084,-0.003,1.824,-0.179,,
2026-02-06 12:22:38.806,pick_to_retreat_machine,-25.607,518.76,1682.331,179.467,-0.016,0.818,-86.068,13.37,-116.209,-0.01,-77.694,93.117,0.517,10.98,-5.639,0.01,-5.674,0.556,0.22,5.36,9.16,-0.94,-3.08,0.08,-0.254,-5.584,2.977,-0.005,2.767,-0.272,,
2026-02-06 12:22:38.908,pick_to_retreat_machine,-25.288,509.985,1684.081,179.457,-0.016,0.817,-86.036,14.046,-116.557,-0.01,-78.033,93.15,0.467,9.925,-5.097,0.009,-5.103,0.499,0.24,4.88,9.37,-0.8,-2.87,0.05,-0.272,-5.959,3.159,-0.005,2.987,-0.294,,
2026-02-06 12:22:39.011,pick_to_retreat_machine,-24.976,501.63,1685.648,179.449,-0.016,0.816,-86.005,14.69,-116.887,-0.009,-78.353,93.181,0.426,9.054,-4.65,0.008,-4.629,0.452,0.24,4.37,9.44,-0.88,-2.67,0.11,-0.26,-5.678,3.005,-0.005,2.869,-0.283,,
2026-02-06 12:22:39.112,pick_to_retreat_machine,-24.684,494.006,1686.993,179.445,-0.016,0.815,-85.978,15.279,-117.19,-0.009,-78.644,93.209,0.389,8.263,-4.243,0.007,-4.199,0.409,0.15,3.99,9.47,-0.84,-2.4,0.15,-0.26,-5.667,2.99,-0.005,2.882,-0.284,,
2026-02-06 12:22:39.213,pick_to_retreat_machine,-24.359,485.734,1688.361,179.443,-0.017,0.815,-85.948,15.918,-117.518,-0.009,-78.958,93.239,0.367,7.796,-4.004,0.006,-3.933,0.383,0.21,3.58,9.57,-0.89,-2.27,0.18,-0.21,-4.591,2.429,-0.005,2.367,-0.234,,
2026-02-06 12:22:39.315,pick_to_retreat_machine,-24.109,479.503,1689.328,179.443,-0.017,0.815,-85.925,16.401,-117.766,-0.008,-79.192,93.262,0.332,7.053,-3.622,0.005,-3.536,0.343,0.08,3.13,9.64,-0.98,-1.93,0.08,-0.263,-5.703,2.993,-0.006,2.92,-0.288,,
2026-02-06 12:22:39.417,pick_to_retreat_machine,-23.876,473.818,1690.164,179.445,-0.017,0.815,-85.904,16.842,-117.992,-0.008,-79.405,93.282,0.301,6.392,-3.283,0.004,-3.183,0.309,0.2,2.71,9.61,-0.86,-1.79,0.06,-0.256,-5.55,2.908,-0.005,2.847,-0.28,,
2026-02-06 12:22:39.520,pick_to_retreat_machine,-23.669,468.83,1690.86,179.448,-0.016,0.816,-85.886,17.229,-118.191,-0.008,-79.59,93.3,0.271,5.763,-2.959,0.003,-2.851,0.276,0.16,2.41,9.84,-0.85,-1.7,-0.01,-0.256,-5.53,2.892,-0.005,2.834,-0.279,,
2026-02-06 12:22:39.620,pick_to_retreat_machine,-23.492,464.628,1691.419,179.451,-0.016,0.816,-85.87,17.556,-118.359,-0.008,-79.745,93.315,0.242,5.139,-2.639,0.003,-2.527,0.244,0.12,2.13,9.8,-0.92,-1.48,0.15,-0.259,-5.583,2.914,-0.005,2.851,-0.28,,
2026-02-06 12:22:39.723,pick_to_retreat_machine,-23.262,459.254,1692.099,179.457,-0.016,0.817,-85.851,17.974,-118.574,-0.008,-79.943,93.334,0.231,4.9,-2.517,0.002,-2.388,0.23,0.06,1.95,9.83,-0.98,-1.32,-0.04,-0.19,-4.108,2.151,-0.005,2.146,-0.212,,
2026-02-06 12:22:39.824,pick_to_retreat_machine,-23.093,455.344,1692.569,179.463,-0.016,0.818,-85.836,18.279,-118.731,-0.008,-80.085,93.347,0.209,4.437,-2.279,0.002,-2.148,0.207,0.15,1.63,9.93,-1.01,-1.37,0.11,-0.224,-4.832,2.519,-0.005,2.479,-0.244,,
2026-02-06 12:22:39.928,pick_to_retreat_machine,-22.985,452.882,1692.853,179.467,-0.016,0.818,-85.827,18.471,-118.83,-0.008,-80.175,93.356,0.179,3.808,-1.956,0.001,-1.834,0.176,0.02,1.57,10.0,-0.9,-1.24,0.02,-0.255,-5.477,2.847,-0.004,2.764,-0.27,,
2026-02-06 12:22:40.029,pick_to_retreat_machine,-22.861,450.046,1693.17,179.472,-0.015,0.819,-85.817,18.693,-118.943,-0.008,-80.277,93.366,0.161,3.41,-1.752,0.001,-1.632,0.156,0.04,1.4,9.98,-0.98,-1.13,-0.04,-0.216,-4.634,2.41,-0.004,2.356,-0.231,,
2026-02-06 12:22:40.131,pick_to_retreat_machine,-22.728,447.06,1693.492,179.479,-0.015,0.82,-85.806,18.926,-119.063,-0.008,-80.384,93.376,0.148,3.141,-1.614,0.001,-1.492,0.143,0.07,1.12,9.96,-0.96,-0.88,0.04,-0.188,-4.052,2.108,-0.004,2.073,-0.204,,
2026-02-06 12:22:40.231,pick_to_retreat_machine,-22.568,443.467,1693.863,179.487,-0.015,0.821,-85.793,19.208,-119.208,-0.008,-80.513,93.388,0.144,3.06,-1.572,0.001,-1.439,0.137,0.09,0.97,9.94,-0.9,-0.88,-0.07,-0.147,-3.167,1.651,-0.003,1.656,-0.164,,
2026-02-06 12:22:40.333,pick_to_retreat_machine,-22.449,440.841,1694.123,179.495,-0.014,0.822,-85.783,19.414,-119.314,-0.008,-80.606,93.397,0.132,2.809,-1.443,0.0,-1.312,0.125,0.13,0.92,10.01,-0.97,-0.79,0.1,-0.168,-3.606,1.874,-0.003,1.843,-0.181,,
2026-02-06 12:22:40.434,pick_to_retreat_machine,-22.341,438.454,1694.35,179.502,-0.014,0.823,-85.774,19.601,-119.41,-0.008,-80.689,93.404,0.121,2.576,-1.323,0.0,-1.194,0.113,0.07,0.7,10.07,-0.96,-0.7,-0.13,-0.16,-3.43,1.782,-0.003,1.749,-0.171,,
2026-02-06 12:22:40.535,pick_to_retreat_machine,-22.246,436.363,1694.543,179.509,-0.014,0.824,-85.766,19.765,-119.494,-0.008,-80.762,93.411,0.11,2.342,-1.203,0.0,-1.078,0.102,0.09,0.59,9.93,-0.94,-0.54,0.12,-0.155,-3.318,1.722,-0.003,1.683,-0.165,,
2026-02-06 12:22:40.638,pick_to_retreat_machine,-22.158,434.454,1694.713,179.515,-0.013,0.825,-85.759,19.916,-119.572,-0.008,-80.829,93.417,0.1,2.132,-1.095,0.0,-0.974,0.092,0.1,0.33,10.12,-0.92,-0.57,0.0,-0.146,-3.128,1.623,-0.003,1.582,-0.155,,
2026-02-06 12:22:40.738,pick_to_retreat_machine,-22.059,432.317,1694.898,179.523,-0.013,0.826,-85.751,20.084,-119.658,-0.008,-80.902,93.424,0.095,2.02,-1.038,-0.0,-0.914,0.086,0.02,0.42,10.02,-0.95,-0.55,0.06,-0.123,-2.634,1.367,-0.002,1.35,-0.133,,
2026-02-06 12:22:40.843,pick_to_retreat_machine,-21.987,430.762,1695.029,179.53,-0.013,0.826,-85.746,20.206,-119.721,-0.008,-80.956,93.429,0.086,1.821,-0.936,-0.0,-0.819,0.077,0.06,0.31,10.13,-0.9,-0.49,0.06,-0.132,-2.827,1.465,-0.002,1.42,-0.138,,
2026-02-06 12:22:40.946,pick_to_retreat_machine,-21.924,429.396,1695.14,179.536,-0.012,0.827,-85.741,20.314,-119.776,-0.008,-81.002,93.434,0.077,1.635,-0.84,-0.0,-0.73,0.068,0.12,0.23,10.07,-0.96,-0.46,0.02,-0.126,-2.693,1.395,-0.002,1.346,-0.131,,
2026-02-06 12:22:41.047,pick_to_retreat_machine,-21.865,428.145,1695.24,179.542,-0.012,0.828,-85.736,20.413,-119.827,-0.008,-81.044,93.437,0.069,1.473,-0.757,-0.0,-0.653,0.061,0.02,0.15,10.08,-0.88,-0.37,-0.02,-0.117,-2.513,1.302,-0.002,1.253,-0.122,,
2026-02-06 12:22:41.150,pick_to_retreat_machine,-21.814,427.045,1695.326,179.547,-0.012,0.829,-85.732,20.5,-119.872,-0.008,-81.081,93.441,0.062,1.322,-0.679,-0.0,-0.582,0.054,0.01,0.12,10.26,-0.99,-0.35,-0.02,-0.111,-2.38,1.232,-0.002,1.181,-0.115,,
2026-02-06 12:22:41.253,pick_to_retreat_machine,-21.747,425.619,1695.436,179.554,-0.011,0.83,-85.727,20.613,-119.93,-0.008,-81.129,93.445,0.06,1.274,-0.655,-0.0,-0.555,0.052,-0.01,-0.07,10.09,-0.93,-0.33,-0.02,-0.088,-1.884,0.976,-0.002,0.957,-0.094,,
2026-02-06 12:22:41.353,pick_to_retreat_machine,-21.701,424.648,1695.508,179.56,-0.011,0.83,-85.723,20.69,-119.969,-0.008,-81.161,93.448,0.054,1.148,-0.59,-0.0,-0.497,0.046,0.04,-0.09,10.07,-0.97,-0.26,0.08,-0.096,-2.054,1.063,-0.001,1.015,-0.098,,
2026-02-06 12:22:41.456,pick_to_retreat_machine,-21.656,423.693,1695.578,179.565,-0.011,0.831,-85.719,20.765,-120.008,-0.008,-81.192,93.451,0.049,1.05,-0.539,-0.0,-0.451,0.042,-0.0,-0.12,10.12,-0.96,-0.3,-0.03,-0.087,-1.862,0.963,-0.001,0.921,-0.089,,
2026-02-06 12:22:41.559,pick_to_retreat_machine,-21.617,422.859,1695.639,179.57,-0.011,0.832,-85.716,20.831,-120.042,-0.008,-81.219,93.453,0.045,0.953,-0.49,-0.0,-0.406,0.038,-0.01,-0.16,10.11,-0.88,-0.28,0.03,-0.083,-1.77,0.915,-0.001,0.87,-0.084,,
2026-02-06 12:22:41.659,pick_to_retreat_machine,-21.581,422.1,1695.693,179.575,-0.01,0.832,-85.713,20.892,-120.073,-0.008,-81.244,93.456,0.041,0.865,-0.445,-0.0,-0.366,0.034,0.01,-0.24,10.11,-1.05,-0.15,-0.08,-0.077,-1.653,0.854,-0.001,0.81,-0.078,,
2026-02-06 12:22:41.760,pick_to_retreat_machine,-21.543,421.309,1695.748,179.58,-0.01,0.833,-85.71,20.954,-120.105,-0.008,-81.269,93.458,0.038,0.806,-0.414,-0.0,-0.338,0.031,0.05,-0.27,10.13,-0.91,-0.16,-0.11,-0.068,-1.461,0.756,-0.001,0.72,-0.07,,
2026-02-06 12:22:41.862,pick_to_retreat_machine,-21.514,420.689,1695.791,179.584,-0.01,0.833,-85.708,21.004,-120.131,-0.008,-81.289,93.46,0.034,0.727,-0.374,-0.0,-0.303,0.028,0.15,-0.27,10.17,-0.99,-0.12,-0.13,-0.068,-1.451,0.75,-0.001,0.705,-0.068,,
2026-02-06 12:22:41.966,pick_to_retreat_machine,-21.487,420.126,1695.829,179.588,-0.01,0.834,-85.706,21.048,-120.154,-0.008,-81.307,93.461,0.031,0.657,-0.338,-0.0,-0.272,0.025,0.03,-0.34,10.26,-0.96,-0.19,-0.01,-0.063,-1.35,0.698,-0.001,0.654,-0.063,,
2026-02-06 12:22:42.068,pick_to_retreat_machine,-21.462,419.614,1695.863,179.592,-0.01,0.834,-85.704,21.089,-120.175,-0.008,-81.323,93.463,0.028,0.595,-0.306,-0.0,-0.244,0.022,-0.02,-0.39,10.23,-0.93,-0.11,0.06,-0.059,-1.256,0.649,-0.001,0.606,-0.058,waypoint,
2026-02-06 12:22:42.168,pick_to_retreat_machine,-21.544,420.451,1704.44,179.941,0.033,-2.731,-85.709,21.184,-119.552,0.017,-81.686,97.02,0.01,0.683,1.327,0.063,-1.091,8.91,-0.05,-0.37,10.21,-0.86,-0.67,2.18,-0.117,-0.592,7.02,0.252,-2.926,35.507,,
2026-02-06 12:22:42.269,pick_to_retreat_machine,-21.561,420.52,1712.407,179.972,0.04,-9.581,-85.708,21.271,-118.974,0.022,-82.315,103.87,0.008,0.73,2.44,0.061,-2.39,23.806,0.08,-0.44,10.39,-0.98,-1.24,4.61,-0.057,-0.608,5.868,0.03,-5.288,64.875,,
2026-02-06 12:22:42.371,pick_to_retreat_machine,-21.555,420.345,1719.123,179.927,0.019,-16.565,-85.706,21.344,-118.488,0.02,-82.918,110.856,0.011,0.731,3.045,0.04,-3.301,35.321,-0.0,-0.49,10.36,-0.95,-1.53,6.43,-0.036,-0.683,4.366,-0.05,-4.506,59.762,,
2026-02-06 12:22:42.472,pick_to_retreat_machine,-21.542,420.086,1725.241,179.876,-0.021,-23.347,-85.704,21.411,-118.046,0.016,-83.485,117.641,0.014,0.715,3.39,0.02,-3.894,43.452,-0.01,-0.54,10.44,-0.94,-1.95,7.86,-0.029,-0.68,3.492,-0.065,-3.696,51.764,,
2026-02-06 12:22:42.573,pick_to_retreat_machine,-21.527,419.806,1730.61,179.836,-0.067,-29.423,-85.702,21.47,-117.658,0.012,-83.986,123.72,0.015,0.683,3.512,0.004,-4.172,47.787,0.02,-0.52,10.38,-0.98,-2.05,8.63,-0.027,-0.694,2.597,-0.059,-2.657,39.534,,
2026-02-06 12:22:42.675,pick_to_retreat_machine,-21.508,419.467,1736.264,179.805,-0.124,-35.842,-85.7,21.531,-117.25,0.007,-84.511,130.141,0.017,0.667,3.654,-0.008,-4.441,51.894,-0.04,-0.58,10.42,-0.98,-2.08,9.17,-0.023,-0.594,2.54,-0.055,-2.637,39.003,,
2026-02-06 12:22:42.777,pick_to_retreat_machine,-21.488,419.126,1741.358,179.789,-0.179,-41.593,-85.698,21.587,-116.882,0.004,-84.98,135.895,0.018,0.639,3.659,-0.015,-4.505,53.305,-0.02,-0.61,10.49,-0.92,-2.12,9.27,-0.023,-0.596,1.88,-0.042,-1.82,28.428,,
2026-02-06 12:22:42.879,pick_to_retreat_machine,-21.471,418.827,1745.495,179.784,-0.224,-46.222,-85.696,21.632,-116.584,0.001,-85.359,140.526,0.017,0.592,3.49,-0.018,-4.325,51.556,0.0,-0.68,10.46,-0.9,-2.17,9.19,-0.025,-0.641,1.0,-0.028,-0.726,14.354,,
2026-02-06 12:22:42.980,pick_to_retreat_machine,-21.455,418.559,1748.986,179.785,-0.262,-50.09,-85.695,21.67,-116.332,-0.001,-85.676,144.396,0.016,0.539,3.247,-0.019,-4.036,48.342,0.09,-0.64,10.45,-1.05,-1.97,8.91,-0.026,-0.648,0.432,-0.019,-0.037,5.309,,
2026-02-06 12:22:43.084,pick_to_retreat_machine,-21.437,418.27,1752.568,179.792,-0.299,-54.021,-85.694,21.709,-116.074,-0.003,-85.999,148.328,0.015,0.502,3.08,-0.019,-3.834,46.086,0.02,-0.67,10.41,-0.96,-1.92,8.63,-0.023,-0.573,0.455,-0.016,-0.092,5.397,,
2026-02-06 12:22:43.184,pick_to_retreat_machine,-21.422,418.016,1755.588,179.801,-0.328,-57.299,-85.693,21.742,-115.857,-0.004,-86.268,151.607,0.014,0.459,2.854,-0.018,-3.55,42.764,-0.03,-0.61,10.43,-0.99,-1.82,8.15,-0.023,-0.577,0.004,-0.01,0.445,-1.663,,
2026-02-06 12:22:43.286,pick_to_retreat_machine,-21.404,417.72,1758.974,179.816,-0.358,-60.933,-85.692,21.779,-115.613,-0.006,-86.568,155.243,0.013,0.436,2.75,-0.017,-3.413,41.16,0.0,-0.7,10.48,-0.93,-1.75,7.81,-0.02,-0.48,0.266,-0.009,0.1,2.057,,
2026-02-06 12:22:43.388,pick_to_retreat_machine,-21.39,417.488,1761.536,179.829,-0.378,-63.651,-85.691,21.807,-115.429,-0.007,-86.793,157.961,0.012,0.397,2.524,-0.015,-3.122,37.666,0.02,-0.75,10.45,-0.91,-1.65,7.2,-0.021,-0.522,-0.354,-0.003,0.84,-7.316,,
2026-02-06 12:22:43.491,pick_to_retreat_machine,-21.376,417.265,1763.954,179.843,-0.396,-66.188,-85.69,21.833,-115.254,-0.008,-87.004,160.499,0.011,0.364,2.328,-0.013,-2.868,34.594,-0.03,-0.63,10.43,-0.89,-1.5,6.63,-0.02,-0.485,-0.423,-0.001,0.9,-8.391,,
2026-02-06 12:22:43.596,pick_to_retreat_machine,-21.364,417.072,1765.992,179.856,-0.408,-68.304,-85.69,21.856,-115.108,-0.008,-87.18,162.615,0.009,0.328,2.113,-0.012,-2.591,31.236,-0.05,-0.64,10.35,-1.03,-1.39,6.2,-0.019,-0.478,-0.654,0.001,1.155,-11.765,,
2026-02-06 12:22:43.700,pick_to_retreat_machine,-21.35,416.852,1768.277,179.872,-0.42,-70.648,-85.689,21.88,-114.943,-0.009,-87.376,164.96,0.009,0.308,1.995,-0.01,-2.433,29.291,0.01,-0.76,10.41,-0.95,-1.26,5.77,-0.017,-0.404,-0.411,0.001,0.844,-8.298,,
2026-02-06 12:22:43.802,pick_to_retreat_machine,-21.339,416.678,1770.069,179.885,-0.427,-72.466,-85.688,21.9,-114.814,-0.009,-87.528,166.778,0.008,0.28,1.819,-0.009,-2.205,26.512,0.07,-0.68,10.43,-0.88,-1.2,5.19,-0.017,-0.417,-0.725,0.003,1.196,-12.746,,
2026-02-06 12:22:43.903,pick_to_retreat_machine,-21.329,416.523,1771.636,179.897,-0.433,-74.039,-85.688,21.917,-114.702,-0.01,-87.66,168.351,0.007,0.253,1.646,-0.007,-1.983,23.818,0.06,-0.8,10.36,-0.99,-1.02,4.79,-0.016,-0.4,-0.814,0.003,1.277,-13.914,,
2026-02-06 12:22:44.004,pick_to_retreat_machine,-21.319,416.381,1773.064,179.908,-0.436,-75.456,-85.688,21.932,-114.599,-0.01,-87.779,169.769,0.006,0.228,1.491,-0.006,-1.785,21.406,-0.01,-0.74,10.46,-0.97,-0.9,4.33,-0.015,-0.375,-0.834,0.004,1.278,-14.084,,
2026-02-06 12:22:44.107,pick_to_retreat_machine,-21.31,416.246,1774.41,179.918,-0.438,-76.779,-85.688,21.947,-114.502,-0.01,-87.89,171.092,0.005,0.208,1.361,-0.005,-1.618,19.362,0.04,-0.86,10.41,-0.96,-0.88,3.95,-0.014,-0.346,-0.808,0.004,1.226,-13.618,,
2026-02-06 12:22:44.207,pick_to_retreat_machine,-21.302,416.115,1775.718,179.928,-0.439,-78.048,-85.687,21.961,-114.408,-0.01,-87.998,172.362,0.004,0.191,1.256,-0.004,-1.481,17.696,-0.01,-0.78,10.49,-0.91,-0.86,3.57,-0.013,-0.316,-0.756,0.004,1.146,-12.788,,
2026-02-06 12:22:44.309,pick_to_retreat_machine,-21.294,416.0,1776.856,179.937,-0.438,-79.141,-85.687,21.974,-114.326,-0.011,-88.09,173.455,0.004,0.174,1.147,-0.004,-1.342,16.006,-0.02,-0.74,10.42,-0.99,-0.77,3.31,-0.012,-0.303,-0.802,0.004,1.178,-13.275,,
2026-02-06 12:22:44.412,pick_to_retreat_machine,-21.288,415.907,1777.78,179.944,-0.437,-80.019,-85.687,21.984,-114.26,-0.011,-88.165,174.332,0.003,0.156,1.026,-0.003,-1.193,14.198,0.01,-0.75,10.44,-0.97,-0.61,3.0,-0.011,-0.296,-0.876,0.004,1.241,-14.106,,
2026-02-06 12:22:44.514,pick_to_retreat_machine,-21.282,415.828,1778.559,179.95,-0.436,-80.751,-85.687,21.992,-114.204,-0.011,-88.227,175.065,0.003,0.138,0.91,-0.003,-1.05,12.481,0.03,-0.72,10.45,-0.88,-0.66,2.76,-0.01,-0.282,-0.892,0.004,1.239,-14.14,,
2026-02-06 12:22:44.618,pick_to_retreat_machine,-21.277,415.75,1779.336,179.956,-0.433,-81.475,-85.687,22.001,-114.148,-0.011,-88.289,175.789,0.002,0.125,0.822,-0.002,-0.942,11.169,0.0,-0.76,10.34,-0.84,-0.53,2.44,-0.009,-0.254,-0.805,0.003,1.122,-12.821,,
2026-02-06 12:22:44.721,pick_to_retreat_machine,-21.27,415.66,1780.233,179.962,-0.43,-82.301,-85.687,22.01,-114.083,-0.011,-88.359,176.615,0.002,0.118,0.778,-0.002,-0.883,10.442,-0.04,-0.84,10.45,-0.96,-0.49,2.16,-0.008,-0.216,-0.638,0.003,0.92,-10.514,,
2026-02-06 12:22:44.825,pick_to_retreat_machine,-21.266,415.594,1780.889,179.967,-0.428,-82.898,-85.686,22.018,-114.036,-0.011,-88.41,177.212,0.002,0.106,0.701,-0.001,-0.79,9.324,-0.08,-0.84,10.39,-0.91,-0.43,1.93,-0.008,-0.22,-0.747,0.003,1.023,-11.751,,
2026-02-06 12:22:44.927,pick_to_retreat_machine,-21.261,415.533,1781.508,179.971,-0.424,-83.455,-85.686,22.024,-113.991,-0.011,-88.458,177.769,0.001,0.096,0.637,-0.001,-0.712,8.386,-0.04,-0.76,10.44,-0.96,-0.33,1.78,-0.007,-0.202,-0.699,0.003,0.953,-10.973,,
2026-02-06 12:22:45.028,pick_to_retreat_machine,-21.257,415.479,1782.05,179.975,-0.421,-83.938,-85.686,22.03,-113.952,-0.011,-88.5,178.252,0.001,0.087,0.575,-0.001,-0.638,7.496,-0.04,-0.73,10.35,-1.04,-0.37,1.51,-0.007,-0.19,-0.685,0.003,0.921,-10.625,,
2026-02-06 12:22:45.131,pick_to_retreat_machine,-21.254,415.43,1782.543,179.978,-0.418,-84.372,-85.686,22.035,-113.917,-0.011,-88.537,178.686,0.001,0.079,0.52,-0.001,-0.572,6.709,-0.07,-0.87,10.41,-0.93,-0.35,1.47,-0.006,-0.177,-0.652,0.002,0.869,-10.041,,
2026-02-06 12:22:45.233,pick_to_retreat_machine,-21.25,415.375,1783.105,179.982,-0.414,-84.862,-85.686,22.042,-113.877,-0.011,-88.579,179.176,0.001,0.074,0.491,-0.001,-0.535,6.257,0.03,-0.85,10.34,-0.91,-0.25,1.3,-0.006,-0.151,-0.536,0.002,0.734,-8.482,,
2026-02-06 12:22:45.333,pick_to_retreat_machine,-21.247,415.336,1783.503,179.984,-0.411,-85.205,-85.686,22.046,-113.848,-0.011,-88.609,179.519,0.001,0.067,0.44,-0.001,-0.475,5.55,-0.07,-0.83,10.38,-0.97,-0.31,1.18,-0.005,-0.154,-0.601,0.002,0.787,-9.106,,
2026-02-06 12:22:45.433,pick_to_retreat_machine,-21.244,415.301,1783.866,179.987,-0.408,-85.514,-85.686,22.05,-113.822,-0.011,-88.636,179.828,0.001,0.06,0.395,-0.0,-0.424,4.934,0.06,-0.73,10.33,-1.01,-0.26,1.09,-0.005,-0.143,-0.567,0.002,0.737,-8.536,,
2026-02-06 12:22:45.537,pick_to_retreat_machine,-21.242,415.269,1784.208,179.989,-0.405,-85.802,-85.686,22.054,-113.797,-0.011,-88.661,180.116,0.0,0.054,0.358,-0.0,-0.38,4.421,-0.04,-0.8,10.42,-0.95,-0.19,1.01,-0.004,-0.131,-0.525,0.002,0.681,-7.888,,
2026-02-06 12:22:45.637,pick_to_retreat_machine,-21.24,415.241,1784.496,179.99,-0.402,-86.042,-85.686,22.057,-113.776,-0.011,-88.682,180.357,0.0,0.048,0.32,-0.0,-0.338,3.917,-0.03,-0.83,10.4,-0.92,-0.18,0.89,-0.004,-0.123,-0.511,0.002,0.654,-7.578,,
2026-02-06 12:22:45.738,pick_to_retreat_machine,-21.237,415.21,1784.829,179.992,-0.398,-86.317,-85.686,22.06,-113.753,-0.011,-88.706,180.631,0.0,0.045,0.3,-0.0,-0.313,3.624,0.11,-0.78,10.44,-0.9,-0.25,0.78,-0.004,-0.106,-0.428,0.001,0.558,-6.479,,
2026-02-06 12:22:45.840,pick_to_retreat_machine,-21.236,415.189,1785.055,179.994,-0.396,-86.501,-85.686,22.063,-113.736,-0.011,-88.722,180.815,0.0,0.04,0.266,-0.0,-0.275,3.178,0.0,-0.78,10.37,-1.03,-0.15,0.64,-0.003,-0.107,-0.462,0.001,0.581,-6.737,,
2026-02-06 12:22:45.940,pick_to_retreat_machine,-21.234,415.17,1785.262,179.995,-0.393,-86.668,-85.686,22.065,-113.721,-0.011,-88.737,180.982,0.0,0.036,0.236,-0.0,-0.243,2.801,0.03,-0.85,10.28,-0.92,-0.14,0.53,-0.003,-0.099,-0.429,0.001,0.537,-6.233,,
2026-02-06 12:22:46.040,pick_to_retreat_machine,-21.233,415.153,1785.452,179.996,-0.391,-86.82,-85.686,22.067,-113.708,-0.011,-88.75,181.134,0.0,0.032,0.211,-0.0,-0.216,2.48,-0.05,-0.77,10.37,-1.02,-0.12,0.53,-0.003,-0.091,-0.399,0.001,0.497,-5.763,,
2026-02-06 12:22:46.143,pick_to_retreat_machine,-21.231,415.136,1785.632,179.997,-0.388,-86.963,-85.686,22.069,-113.695,-0.011,-88.763,181.277,0.0,0.029,0.191,-0.0,-0.193,2.218,-0.04,-0.86,10.42,-0.99,-0.11,0.49,-0.002,-0.082,-0.365,0.001,0.454,-5.272,,
2026-02-06 12:22:46.244,pick_to_retreat_machine,-21.23,415.119,1785.829,179.998,-0.386,-87.116,-85.686,22.071,-113.681,-0.011,-88.776,181.43,0.0,0.027,0.179,-0.0,-0.179,2.048,-0.02,-0.79,10.33,-1.03,-0.13,0.48,-0.002,-0.073,-0.317,0.001,0.399,-4.638,,
2026-02-06 12:22:46.345,pick_to_retreat_machine,-21.229,415.105,1785.988,179.998,-0.384,-87.24,-85.686,22.073,-113.669,-0.011,-88.787,181.554,-0.0,0.025,0.163,-0.0,-0.162,1.844,0.09,-0.89,10.31,-0.92,-0.11,0.46,-0.002,-0.069,-0.312,0.001,0.386,-4.478,,
2026-02-06 12:22:46.448,pick_to_retreat_machine,-21.228,415.093,1786.128,179.999,-0.381,-87.347,-85.686,22.074,-113.659,-0.011,-88.797,181.661,-0.0,0.022,0.147,-0.0,-0.145,1.65,-0.02,-0.86,10.3,-0.94,-0.02,0.47,-0.002,-0.065,-0.295,0.001,0.362,-4.196,,
2026-02-06 12:22:46.551,pick_to_retreat_machine,-21.227,415.081,1786.264,180.0,-0.379,-87.45,-85.686,22.076,-113.649,-0.011,-88.806,181.764,-0.0,0.02,0.135,-0.0,-0.132,1.496,-0.02,-0.82,10.34,-0.91,0.04,0.34,-0.002,-0.058,-0.268,0.001,0.329,-3.812,,
2026-02-06 12:22:46.652,pick_to_retreat_machine,-21.226,415.071,1786.379,-180.0,-0.377,-87.536,-85.686,22.077,-113.641,-0.011,-88.813,181.85,-0.0,0.018,0.122,-0.0,-0.118,1.337,-0.06,-0.8,10.42,-0.97,-0.06,0.31,-0.001,-0.055,-0.257,0.001,0.311,-3.603,,
2026-02-06 12:22:46.753,pick_to_retreat_machine,-21.225,415.061,1786.502,-179.999,-0.375,-87.627,-85.686,22.079,-113.632,-0.011,-88.822,181.941,-0.0,0.017,0.114,-0.0,-0.109,1.231,-0.04,-0.83,10.35,-0.96,-0.16,0.34,-0.001,-0.048,-0.225,0.001,0.275,-3.189,,
2026-02-06 12:22:46.855,pick_to_retreat_machine,-21.224,415.053,1786.599,-179.999,-0.374,-87.698,-85.686,22.08,-113.625,-0.011,-88.828,182.012,-0.0,0.015,0.103,-0.0,-0.098,1.101,-0.03,-0.78,10.46,-1.01,0.05,0.2,-0.001,-0.047,-0.222,0.0,0.266,-3.075,,
2026-02-06 12:22:46.957,pick_to_retreat_machine,-21.224,415.046,1786.684,-179.999,-0.372,-87.76,-85.686,22.08,-113.619,-0.011,-88.833,182.074,-0.0,0.014,0.092,-0.0,-0.087,0.979,-0.03,-0.79,10.35,-0.99,0.07,0.3,-0.001,-0.043,-0.208,0.0,0.247,-2.863,,
2026-02-06 12:22:47.060,pick_to_retreat_machine,-21.223,415.039,1786.764,-179.998,-0.371,-87.817,-85.686,22.081,-113.613,-0.011,-88.839,182.131,-0.0,0.013,0.084,-0.0,-0.078,0.877,0.01,-0.83,10.46,-0.94,-0.03,0.21,-0.001,-0.039,-0.191,0.0,0.226,-2.618,,
2026-02-06 12:22:47.163,pick_to_retreat_machine,-21.223,415.034,1786.834,-179.998,-0.369,-87.867,-85.686,22.082,-113.608,-0.011,-88.843,182.18,-0.0,0.011,0.075,-0.0,-0.07,0.782,0.02,-0.84,10.35,-0.92,-0.12,0.14,-0.001,-0.037,-0.179,0.0,0.21,-2.433,,
2026-02-06 12:22:47.265,pick_to_retreat_machine,-21.222,415.028,1786.909,-179.998,-0.368,-87.919,-85.686,22.083,-113.603,-0.011,-88.848,182.233,-0.0,0.011,0.07,-0.0,-0.064,0.718,-0.05,-0.86,10.4,-0.91,0.04,0.09,-0.001,-0.032,-0.157,0.0,0.186,-2.158,,
2026-02-06 12:22:47.369,pick_to_retreat_machine,-21.222,415.023,1786.97,-179.997,-0.367,-87.962,-85.686,22.084,-113.598,-0.011,-88.852,182.275,-0.0,0.01,0.063,-0.0,-0.058,0.644,0.01,-0.85,10.37,-1.06,-0.04,0.14,-0.001,-0.031,-0.152,0.0,0.177,-2.047,,
2026-02-06 12:22:47.471,pick_to_retreat_machine,-21.221,415.019,1787.022,-179.997,-0.366,-87.997,-85.686,22.084,-113.595,-0.011,-88.855,182.311,-0.0,0.009,0.057,-0.0,-0.051,0.571,-0.01,-0.76,10.31,-0.94,0.0,0.13,-0.001,-0.029,-0.143,0.0,0.166,-1.913,waypoint,
2026-02-06 12:22:47.574,retreat_machine_to_approach_unloader,-49.098,421.048,1788.021,-179.99,-0.503,-84.2,-81.989,21.449,-113.153,-0.014,-88.799,182.212,9.244,-1.582,1.148,-0.006,0.101,0.181,0.82,-0.44,10.44,-0.87,0.21,-0.03,36.975,-6.384,4.254,-0.024,0.739,-3.062,,
2026-02-06 12:22:47.676,retreat_machine_to_approach_unloader,-102.041,427.455,1789.547,-179.988,-0.592,-76.872,-75.261,20.295,-112.353,-0.018,-88.533,181.612,23.753,-4.072,2.86,-0.016,0.74,-1.363,1.37,-0.04,10.54,-1.01,0.49,-0.32,63.583,-10.934,7.406,-0.042,2.764,-7.763,,
2026-02-06 12:22:47.780,retreat_machine_to_approach_unloader,-165.126,426.744,1790.887,-179.993,-0.578,-68.186,-67.584,18.978,-111.441,-0.025,-88.115,180.603,37.007,-6.346,4.425,-0.028,1.6,-3.545,1.78,0.56,10.5,-0.86,0.73,-0.61,66.714,-11.468,7.788,-0.057,4.013,-11.081,,
2026-02-06 12:22:47.881,retreat_machine_to_approach_unloader,-210.845,420.636,1791.58,-179.996,-0.543,-61.945,-62.148,18.046,-110.795,-0.029,-87.793,179.798,41.344,-7.09,4.933,-0.033,2.005,-4.672,2.07,1.06,10.58,-0.95,0.95,-0.72,37.626,-6.476,4.345,-0.035,2.648,-7.937,,
2026-02-06 12:22:47.981,retreat_machine_to_approach_unloader,-252.744,410.841,1792.026,-179.998,-0.506,-56.239,-57.201,17.197,-110.208,-0.034,-87.495,179.04,43.377,-7.439,5.169,-0.035,2.249,-5.399,2.1,1.44,10.56,-0.94,1.18,-0.89,28.986,-4.992,3.331,-0.027,2.145,-6.67,,
2026-02-06 12:22:48.082,retreat_machine_to_approach_unloader,-290.771,398.332,1792.279,-180.0,-0.472,-51.038,-52.697,16.424,-109.673,-0.038,-87.224,178.344,43.792,-7.511,5.214,-0.036,2.366,-5.79,2.24,1.84,10.72,-0.97,1.12,-0.92,21.649,-3.731,2.471,-0.021,1.666,-5.384,,
2026-02-06 12:22:48.183,retreat_machine_to_approach_unloader,-327.508,382.765,1792.385,180.0,-0.441,-45.96,-48.298,15.67,-109.15,-0.041,-86.96,177.665,43.843,-7.52,5.217,-0.037,2.434,-6.039,2.25,2.23,10.56,-0.98,1.15,-1.04,18.44,-3.179,2.1,-0.017,1.423,-4.671,,
2026-02-06 12:22:48.286,retreat_machine_to_approach_unloader,-362.294,364.599,1792.354,-180.0,-0.412,-41.065,-44.053,14.942,-108.646,-0.045,-86.707,177.015,43.494,-7.46,5.173,-0.037,2.457,-6.154,2.24,2.59,10.63,-1.03,1.14,-1.09,15.049,-2.596,1.706,-0.014,1.167,-3.915,,
2026-02-06 12:22:48.389,retreat_machine_to_approach_unloader,-389.87,347.588,1792.232,-179.999,-0.391,-37.096,-40.607,14.35,-108.237,-0.048,-86.504,176.493,41.235,-7.073,4.903,-0.035,2.351,-5.921,2.16,2.73,10.56,-0.98,1.05,-0.93,5.556,-0.966,0.587,-0.006,0.557,-2.249,,
2026-02-06 12:22:48.491,retreat_machine_to_approach_unloader,-414.238,330.42,1792.047,-179.999,-0.373,-33.502,-37.482,13.814,-107.865,-0.051,-86.321,176.024,38.74,-6.645,4.605,-0.033,2.22,-5.614,2.11,3.13,10.62,-0.98,1.0,-1.07,1.796,-0.32,0.148,-0.002,0.297,-1.49,,
2026-02-06 12:22:48.594,retreat_machine_to_approach_unloader,-435.717,313.436,1791.817,-179.998,-0.359,-30.246,-34.647,13.328,-107.529,-0.053,-86.157,175.603,36.142,-6.199,4.296,-0.031,2.076,-5.262,1.93,3.37,10.62,-0.92,1.0,-0.93,-1.291,0.211,-0.212,0.001,0.083,-0.86,,
2026-02-06 12:22:48.694,retreat_machine_to_approach_unloader,-454.617,296.888,1791.558,-179.997,-0.347,-27.297,-32.076,12.887,-107.223,-0.055,-86.009,175.225,33.534,-5.752,3.985,-0.028,1.926,-4.891,1.77,3.62,10.59,-0.92,1.01,-0.97,-3.798,0.642,-0.504,0.003,-0.091,-0.342,,
2026-02-06 12:22:48.796,retreat_machine_to_approach_unloader,-472.946,279.227,1791.25,-179.996,-0.336,-24.345,-29.498,12.445,-106.917,-0.057,-85.862,174.851,31.594,-5.419,3.755,-0.027,1.812,-4.604,1.73,3.76,10.58,-1.02,0.92,-0.86,-3.356,0.567,-0.446,0.003,-0.092,-0.274,,
2026-02-06 12:22:48.898,retreat_machine_to_approach_unloader,-486.328,265.206,1790.985,-179.996,-0.329,-22.121,-27.554,12.111,-106.686,-0.059,-85.753,174.572,28.556,-4.898,3.393,-0.024,1.633,-4.151,1.59,3.95,10.52,-1.06,0.81,-0.83,-9.351,1.596,-1.154,0.008,-0.453,0.704,,
2026-02-06 12:22:48.992,retreat_machine_to_approach_unloader,-498.196,251.883,1790.719,-179.995,-0.324,-20.092,-25.778,11.807,-106.475,-0.06,-85.653,174.319,25.857,-4.436,3.073,-0.022,1.473,-3.745,1.53,4.19,10.57,-0.96,0.79,-0.71,-10.096,1.725,-1.238,0.008,-0.511,0.9,,
2026-02-06 12:22:49.102,retreat_machine_to_approach_unloader,-508.326,239.779,1790.466,-179.995,-0.32,-18.312,-24.217,11.539,-106.29,-0.062,-85.566,174.099,23.294,-3.996,2.768,-0.02,1.322,-3.358,1.33,4.24,10.56,-0.96,0.67,-0.64,-11.243,1.922,-1.37,0.009,-0.587,1.139,,
2026-02-06 12:22:49.204,retreat_machine_to_approach_unloader,-518.765,226.522,1790.177,-179.994,-0.316,-16.423,-22.56,11.255,-106.093,-0.063,-85.475,173.868,21.615,-3.708,2.568,-0.018,1.22,-3.096,1.3,4.53,10.5,-0.97,0.64,-0.58,-9.149,1.564,-1.118,0.008,-0.483,0.913,,
2026-02-06 12:22:49.308,retreat_machine_to_approach_unloader,-527.598,214.618,1789.909,-179.994,-0.313,-14.777,-21.113,11.006,-105.921,-0.064,-85.396,173.669,19.828,-3.401,2.356,-0.017,1.112,-2.82,1.07,4.58,10.51,-0.95,0.64,-0.67,-10.34,1.768,-1.256,0.009,-0.557,1.137,,
2026-02-06 12:22:49.411,retreat_machine_to_approach_unloader,-534.831,204.351,1789.671,-179.993,-0.312,-13.391,-19.893,10.797,-105.776,-0.065,-85.33,173.503,17.92,-3.074,2.129,-0.015,0.999,-2.531,1.01,4.73,10.5,-0.92,0.56,-0.45,-11.58,1.982,-1.401,0.01,-0.631,1.354,,
2026-02-06 12:22:49.514,retreat_machine_to_approach_unloader,-541.022,195.155,1789.453,-179.993,-0.311,-12.174,-18.822,10.613,-105.649,-0.066,-85.273,173.358,16.119,-2.765,1.915,-0.014,0.893,-2.26,0.91,4.77,10.54,-0.95,0.57,-0.41,-11.903,2.038,-1.437,0.01,-0.653,1.435,,
2026-02-06 12:22:49.616,retreat_machine_to_approach_unloader,-546.778,186.239,1789.237,-179.993,-0.311,-11.016,-17.8,10.438,-105.527,-0.067,-85.218,173.222,14.643,-2.512,1.74,-0.012,0.806,-2.036,0.77,4.9,10.46,-0.92,0.46,-0.42,-11.212,1.919,-1.352,0.009,-0.619,1.372,,
2026-02-06 12:22:49.718,retreat_machine_to_approach_unloader,-552.293,177.333,1789.017,-179.993,-0.311,-9.879,-16.796,10.266,-105.408,-0.068,-85.165,173.089,13.493,-2.315,1.603,-0.011,0.737,-1.859,0.73,4.97,10.51,-1.04,0.29,-0.44,-10.263,1.757,-1.237,0.009,-0.571,1.272,,
2026-02-06 12:22:49.820,retreat_machine_to_approach_unloader,-557.17,169.137,1788.811,-179.993,-0.311,-8.848,-15.885,10.109,-105.3,-0.069,-85.117,172.969,12.397,-2.127,1.473,-0.01,0.672,-1.692,0.69,5.12,10.44,-0.88,0.46,-0.4,-10.17,1.742,-1.225,0.009,-0.567,1.282,,
2026-02-06 12:22:49.923,retreat_machine_to_approach_unloader,-561.034,162.413,1788.64,-179.993,-0.312,-8.014,-15.147,9.983,-105.212,-0.069,-85.079,172.874,11.144,-1.912,1.324,-0.009,0.6,-1.508,0.63,5.17,10.5,-0.96,0.32,-0.38,-10.879,1.863,-1.307,0.009,-0.604,1.389,,
2026-02-06 12:22:50.027,retreat_machine_to_approach_unloader,-564.642,155.935,1788.473,-179.993,-0.313,-7.22,-14.443,9.862,-105.128,-0.07,-85.043,172.784,10.118,-1.736,1.202,-0.008,0.541,-1.357,0.63,5.1,10.39,-1.03,0.3,-0.21,-10.135,1.736,-1.217,0.008,-0.564,1.304,,
2026-02-06 12:22:50.130,retreat_machine_to_approach_unloader,-567.627,150.422,1788.329,-179.993,-0.314,-6.551,-13.849,9.76,-105.058,-0.07,-85.012,172.708,9.073,-1.557,1.078,-0.008,0.481,-1.206,0.5,5.19,10.31,-0.92,0.33,-0.22,-10.224,1.752,-1.227,0.009,-0.567,1.322,,
2026-02-06 12:22:50.231,retreat_machine_to_approach_unloader,-570.987,144.037,1788.161,-179.993,-0.315,-5.783,-13.167,9.643,-104.977,-0.071,-84.978,172.622,8.509,-1.46,1.011,-0.007,0.448,-1.119,0.55,5.2,10.44,-0.88,0.36,-0.31,-8.323,1.426,-1.0,0.007,-0.468,1.087,,
2026-02-06 12:22:50.333,retreat_machine_to_approach_unloader,-573.564,139.004,1788.027,-179.993,-0.316,-5.184,-12.635,9.552,-104.914,-0.071,-84.951,172.556,7.714,-1.323,0.917,-0.006,0.403,-1.005,0.39,5.38,10.34,-0.86,0.24,-0.19,-8.978,1.538,-1.076,0.008,-0.499,1.173,,
2026-02-06 12:22:50.438,retreat_machine_to_approach_unloader,-575.791,134.552,1787.907,-179.993,-0.318,-4.658,-12.166,9.471,-104.858,-0.072,-84.928,172.499,6.956,-1.193,0.826,-0.006,0.36,-0.898,0.45,5.35,10.46,-0.96,0.1,-0.15,-8.727,1.495,-1.046,0.007,-0.484,1.142,,
2026-02-06 12:22:50.540,retreat_machine_to_approach_unloader,-577.882,130.283,1787.792,-179.993,-0.319,-4.158,-11.72,9.395,-104.805,-0.072,-84.906,172.444,6.333,-1.086,0.752,-0.005,0.326,-0.809,0.36,5.4,10.35,-0.89,0.17,-0.2,-8.072,1.383,-0.967,0.007,-0.448,1.06,,
2026-02-06 12:22:50.644,retreat_machine_to_approach_unloader,-579.692,126.512,1787.689,-179.993,-0.321,-3.718,-11.328,9.328,-104.758,-0.073,-84.886,172.397,5.73,-0.983,0.681,-0.005,0.292,-0.725,0.33,5.45,10.33,-1.0,0.24,-0.17,-7.807,1.338,-0.935,0.007,-0.432,1.024,,
2026-02-06 12:22:50.744,retreat_machine_to_approach_unloader,-581.842,121.942,1787.564,-179.994,-0.323,-3.189,-10.855,9.246,-104.702,-0.073,-84.863,172.34,5.479,-0.94,0.651,-0.005,0.277,-0.685,0.31,5.48,10.34,-0.97,0.12,-0.14,-6.221,1.066,-0.745,0.005,-0.351,0.831,,
2026-02-06 12:22:50.847,retreat_machine_to_approach_unloader,-583.278,118.83,1787.479,-179.994,-0.324,-2.831,-10.535,9.191,-104.664,-0.073,-84.848,172.303,4.91,-0.842,0.583,-0.004,0.246,-0.608,0.3,5.52,10.31,-1.05,0.19,-0.07,-7.123,1.221,-0.852,0.006,-0.391,0.934,,
2026-02-06 12:22:50.950,retreat_machine_to_approach_unloader,-584.682,115.738,1787.393,-179.994,-0.326,-2.477,-10.218,9.137,-104.626,-0.074,-84.833,172.266,4.475,-0.768,0.532,-0.004,0.223,-0.549,0.23,5.59,10.35,-0.98,0.09,-0.16,-6.444,1.104,-0.771,0.005,-0.355,0.848,,
2026-02-06 12:22:51.054,retreat_machine_to_approach_unloader,-585.992,112.809,1787.312,-179.994,-0.327,-2.143,-9.919,9.086,-104.591,-0.074,-84.819,172.231,4.104,-0.704,0.488,-0.003,0.202,-0.498,0.26,5.57,10.36,-0.97,0.11,-0.14,-5.978,1.025,-0.715,0.005,-0.329,0.788,,
2026-02-06 12:22:51.157,retreat_machine_to_approach_unloader,-587.085,110.332,1787.242,-179.994,-0.329,-1.862,-9.666,9.043,-104.561,-0.074,-84.807,172.202,3.708,-0.636,0.441,-0.003,0.181,-0.446,0.25,5.7,10.36,-1.03,0.21,-0.14,-5.85,1.003,-0.699,0.005,-0.32,0.767,,
2026-02-06 12:22:51.259,retreat_machine_to_approach_unloader,-588.334,107.462,1787.162,-179.994,-0.331,-1.538,-9.375,8.993,-104.526,-0.074,-84.793,172.169,3.509,-0.602,0.417,-0.003,0.17,-0.417,0.18,5.6,10.34,-0.89,0.11,-0.09,-4.875,0.836,-0.583,0.004,-0.271,0.649,,
2026-02-06 12:22:51.361,retreat_machine_to_approach_unloader,-589.238,105.357,1787.103,-179.995,-0.332,-1.301,-9.162,8.956,-104.501,-0.074,-84.783,172.145,3.164,-0.543,0.376,-0.003,0.152,-0.372,0.17,5.67,10.35,-0.96,0.08,0.01,-5.169,0.886,-0.618,0.004,-0.281,0.676,,
2026-02-06 12:22:51.467,retreat_machine_to_approach_unloader,-590.084,103.366,1787.047,-179.995,-0.333,-1.078,-8.961,8.922,-104.477,-0.075,-84.774,172.123,2.876,-0.493,0.342,-0.002,0.137,-0.334,0.09,5.64,10.33,-0.98,0.1,-0.07,-4.772,0.818,-0.57,0.004,-0.259,0.624,,
2026-02-06 12:22:51.570,retreat_machine_to_approach_unloader,-590.792,101.683,1786.999,-179.995,-0.335,-0.89,-8.792,8.892,-104.457,-0.075,-84.766,172.105,2.58,-0.443,0.307,-0.002,0.122,-0.297,0.18,5.7,10.43,-0.89,0.04,-0.02,-4.611,0.791,-0.551,0.004,-0.248,0.598,,
2026-02-06 12:22:51.672,retreat_machine_to_approach_unloader,-591.459,100.085,1786.954,-179.995,-0.336,-0.712,-8.631,8.865,-104.438,-0.075,-84.759,172.087,2.337,-0.401,0.278,-0.002,0.11,-0.266,0.18,5.68,10.32,-0.93,0.03,-0.08,-4.237,0.726,-0.506,0.004,-0.228,0.55,,
2026-02-06 12:22:51.774,retreat_machine_to_approach_unloader,-592.106,98.521,1786.909,-179.995,-0.337,-0.538,-8.474,8.838,-104.419,-0.075,-84.752,172.07,2.145,-0.368,0.255,-0.002,0.1,-0.242,0.14,5.72,10.34,-0.93,0.03,-0.13,-3.851,0.66,-0.46,0.003,-0.208,0.501,,
2026-02-06 12:22:51.877,retreat_machine_to_approach_unloader,-592.628,97.25,1786.873,-179.995,-0.338,-0.397,-8.347,8.816,-104.404,-0.075,-84.746,172.057,1.927,-0.331,0.229,-0.002,0.089,-0.215,0.21,5.69,10.3,-0.91,0.04,0.01,-3.762,0.645,-0.449,0.003,-0.2,0.484,,
2026-02-06 12:22:51.978,retreat_machine_to_approach_unloader,-593.084,96.132,1786.841,-179.995,-0.339,-0.273,-8.235,8.797,-104.391,-0.075,-84.742,172.045,1.725,-0.296,0.205,-0.001,0.079,-0.191,0.08,5.8,10.3,-1.02,0.04,-0.04,-3.54,0.607,-0.422,0.003,-0.188,0.453,,
2026-02-06 12:22:52.079,retreat_machine_to_approach_unloader,-593.517,95.064,1786.81,-179.996,-0.34,-0.156,-8.129,8.779,-104.378,-0.075,-84.737,172.034,1.56,-0.268,0.185,-0.001,0.071,-0.171,0.04,5.83,10.37,-1.09,-0.02,-0.06,-3.238,0.555,-0.386,0.003,-0.172,0.414,,
2026-02-06 12:22:52.179,retreat_machine_to_approach_unloader,-593.911,94.088,1786.783,-179.996,-0.341,-0.048,-8.031,8.762,-104.366,-0.075,-84.733,172.024,1.414,-0.243,0.168,-0.001,0.064,-0.153,0.1,5.74,10.37,-0.9,0.05,-0.02,-3.007,0.516,-0.359,0.003,-0.159,0.383,,
2026-02-06 12:22:52.280,retreat_machine_to_approach_unloader,-594.324,93.059,1786.753,-179.996,-0.342,0.065,-7.929,8.744,-104.354,-0.075,-84.728,172.014,1.317,-0.226,0.156,-0.001,0.059,-0.141,0.09,5.82,10.32,-0.97,-0.01,-0.15,-2.655,0.455,-0.317,0.002,-0.141,0.341,,
2026-02-06 12:22:52.383,retreat_machine_to_approach_unloader,-594.633,92.285,1786.731,-179.996,-0.343,0.15,-7.852,8.731,-104.345,-0.076,-84.725,172.006,1.18,-0.203,0.14,-0.001,0.052,-0.125,0.04,5.86,10.32,-0.98,-0.0,-0.04,-2.644,0.453,-0.315,0.002,-0.138,0.334,,
2026-02-06 12:22:52.486,retreat_machine_to_approach_unloader,-594.926,91.547,1786.71,-179.996,-0.344,0.231,-7.778,8.718,-104.336,-0.076,-84.722,171.999,1.069,-0.183,0.127,-0.001,0.047,-0.112,0.1,5.84,10.43,-0.92,0.04,-0.01,-2.416,0.414,-0.288,0.002,-0.126,0.305,,
2026-02-06 12:22:52.587,retreat_machine_to_approach_unloader,-595.183,90.897,1786.691,-179.996,-0.345,0.301,-7.713,8.707,-104.329,-0.076,-84.719,171.992,0.963,-0.165,0.114,-0.001,0.042,-0.1,0.08,5.81,10.37,-0.95,-0.03,-0.01,-2.263,0.388,-0.27,0.002,-0.117,0.284,,
2026-02-06 12:22:52.687,retreat_machine_to_approach_unloader,-595.428,90.278,1786.673,-179.996,-0.345,0.369,-7.652,8.697,-104.321,-0.076,-84.717,171.986,0.876,-0.15,0.104,-0.001,0.038,-0.09,0.03,5.69,10.36,-0.98,0.03,0.11,-2.067,0.354,-0.246,0.002,-0.107,0.259,,
2026-02-06 12:22:52.790,retreat_machine_to_approach_unloader,-595.676,89.647,1786.655,-179.996,-0.346,0.438,-7.589,8.686,-104.314,-0.076,-84.714,171.98,0.814,-0.14,0.097,-0.001,0.035,-0.083,0.06,5.85,10.27,-1.03,0.02,-0.0,-1.849,0.317,-0.221,0.002,-0.096,0.233,,
2026-02-06 12:22:52.891,retreat_machine_to_approach_unloader,-595.861,89.174,1786.641,-179.996,-0.347,0.489,-7.542,8.678,-104.308,-0.076,-84.712,171.976,0.728,-0.125,0.086,-0.001,0.031,-0.073,-0.01,5.82,10.26,-0.97,-0.04,-0.03,-1.822,0.312,-0.217,0.002,-0.093,0.225,,
2026-02-06 12:22:52.994,retreat_machine_to_approach_unloader,-596.052,88.684,1786.627,-179.996,-0.347,0.542,-7.494,8.67,-104.303,-0.076,-84.71,171.971,0.667,-0.114,0.079,-0.001,0.028,-0.066,0.1,5.86,10.23,-0.88,0.03,-0.02,-1.623,0.278,-0.194,0.001,-0.083,0.201,,
2026-02-06 12:22:53.094,retreat_machine_to_approach_unloader,-596.226,88.238,1786.614,-179.996,-0.348,0.591,-7.45,8.662,-104.297,-0.076,-84.708,171.967,0.611,-0.105,0.073,-0.001,0.025,-0.06,-0.01,5.81,10.27,-0.97,0.04,0.01,-1.504,0.258,-0.179,0.001,-0.077,0.186,waypoint,
2026-02-06 12:22:53.197,retreat_machine_to_approach_unloader,-598.057,87.53,1782.735,179.392,-0.618,0.547,-7.474,8.462,-104.437,0.494,-84.722,171.934,0.397,-0.578,-0.295,1.425,-0.014,-0.127,0.48,-14.81,1.35,1.73,-0.13,-0.11,-2.042,-1.689,-1.613,5.704,-0.219,-0.12,,
2026-02-06 12:22:53.300,retreat_machine_to_approach_unloader,-615.955,80.793,1739.314,170.603,-4.062,1.067,-8.216,6.152,-106.041,8.62,-85.69,169.982,-1.558,-6.21,-4.23,21.383,-2.432,-4.976,0.22,-9.89,3.09,2.53,-1.44,-1.06,-9.013,-22.63,-16.088,80.689,-9.752,-19.303,,
2026-02-06 12:22:53.401,retreat_machine_to_approach_unloader,-627.0,75.721,1708.38,163.556,-6.48,2.803,-8.779,4.405,-107.245,14.807,-86.96,167.291,-2.576,-9.025,-6.183,31.504,-4.997,-10.46,0.12,-5.96,4.47,3.0,-2.64,-2.09,-6.32,-14.732,-10.486,53.227,-11.781,-24.758,,
2026-02-06 12:22:53.503,retreat_machine_to_approach_unloader,-636.584,71.063,1679.561,156.317,-8.209,4.993,-9.334,2.686,-108.428,20.891,-88.372,164.184,-3.318,-11.065,-7.595,38.839,-7.28,-15.611,-0.12,-2.77,5.45,3.36,-3.6,-2.92,-5.602,-12.969,-9.225,46.885,-12.041,-26.44,,
2026-02-06 12:22:53.607,retreat_machine_to_approach_unloader,-644.258,67.412,1655.606,149.809,-9.076,6.966,-9.819,1.183,-109.463,26.214,-89.656,161.299,-3.702,-12.057,-8.284,42.438,-8.67,-18.922,-0.12,0.0,6.29,3.56,-4.13,-3.38,-4.352,-9.525,-6.822,34.584,-9.546,-21.584,,
2026-02-06 12:22:53.708,retreat_machine_to_approach_unloader,-651.288,64.352,1633.277,143.381,-9.338,8.729,-10.293,-0.286,-110.474,31.413,-90.92,158.426,-3.962,-12.715,-8.741,44.825,-9.661,-21.374,-0.24,2.16,6.9,3.42,-4.52,-3.83,-3.805,-8.225,-5.902,29.879,-8.387,-19.299,,
2026-02-06 12:22:53.809,retreat_machine_to_approach_unloader,-657.74,61.974,1612.661,137.186,-9.086,10.129,-10.751,-1.703,-111.45,36.427,-92.134,155.649,-4.115,-13.079,-8.995,46.155,-10.282,-22.972,-0.3,3.99,7.42,3.46,-4.74,-3.88,-3.257,-6.886,-4.958,25.049,-7.061,-16.409,,
2026-02-06 12:22:53.911,retreat_machine_to_approach_unloader,-662.612,60.56,1597.099,132.379,-8.584,10.948,-11.109,-2.813,-112.214,40.353,-93.079,153.487,-3.982,-12.583,-8.657,44.431,-10.072,-22.634,-0.26,5.37,7.76,3.49,-4.72,-4.01,-1.939,-3.124,-2.348,11.658,-3.651,-8.618,,
2026-02-06 12:22:54.013,retreat_machine_to_approach_unloader,-666.775,59.677,1583.836,128.215,-7.958,11.432,-11.423,-3.786,-112.885,43.795,-93.9,151.607,-3.771,-11.87,-8.169,41.927,-9.608,-21.675,-0.26,6.72,8.04,3.36,-4.64,-4.01,-1.303,-1.444,-1.173,5.649,-2.058,-4.939,,
2026-02-06 12:22:54.113,retreat_machine_to_approach_unloader,-670.638,59.171,1571.557,124.321,-7.229,11.67,-11.721,-4.709,-113.521,47.058,-94.673,149.841,-3.573,-11.21,-7.716,39.603,-9.138,-20.673,-0.35,7.7,8.13,3.15,-4.52,-3.81,-1.01,-0.798,-0.711,3.302,-1.365,-3.309,,
2026-02-06 12:22:54.215,retreat_machine_to_approach_unloader,-672.938,59.029,1564.26,121.994,-6.735,11.703,-11.901,-5.267,-113.905,49.031,-95.137,148.781,-3.13,-9.803,-6.749,34.636,-8.014,-18.153,-0.41,8.6,8.15,2.94,-4.31,-3.72,0.268,2.929,1.872,-9.927,1.858,4.092,,
2026-02-06 12:22:54.316,retreat_machine_to_approach_unloader,-676.148,59.046,1554.082,118.739,-5.982,11.603,-12.155,-6.057,-114.45,51.824,-95.789,147.294,-2.984,-9.327,-6.423,32.958,-7.641,-17.332,-0.35,9.17,8.23,2.84,-4.12,-3.55,-0.507,0.318,0.087,-0.743,-0.21,-0.591,,
2026-02-06 12:22:54.418,retreat_machine_to_approach_unloader,-679.232,59.32,1544.296,115.607,-5.198,11.334,-12.404,-6.828,-114.981,54.551,-96.421,145.857,-2.86,-8.924,-6.147,31.537,-7.31,-16.591,-0.32,9.94,8.25,2.68,-3.93,-3.32,-0.396,0.469,0.204,-1.322,0.018,-0.032,,
2026-02-06 12:22:54.521,retreat_machine_to_approach_unloader,-681.79,59.753,1536.159,113.006,-4.513,10.975,-12.614,-7.478,-115.429,56.847,-96.948,144.661,-2.669,-8.318,-5.73,29.393,-6.8,-15.436,-0.21,10.41,8.2,2.4,-3.69,-3.14,0.036,1.64,1.023,-5.499,1.06,2.37,,
2026-02-06 12:22:54.624,retreat_machine_to_approach_unloader,-684.086,60.311,1528.825,110.667,-3.878,10.541,-12.805,-8.07,-115.837,58.937,-97.424,143.582,-2.479,-7.717,-5.317,27.27,-6.29,-14.272,-0.28,10.86,8.11,2.35,-3.44,-2.94,0.221,2.059,1.322,-7.013,1.467,3.321,,
2026-02-06 12:22:54.725,retreat_machine_to_approach_unloader,-686.223,60.983,1521.961,108.486,-3.275,10.039,-12.984,-8.628,-116.222,60.909,-97.869,142.576,-2.309,-7.183,-4.95,25.382,-5.831,-13.221,-0.28,11.21,8.14,2.17,-3.12,-2.66,0.307,2.187,1.419,-7.493,1.627,3.705,,
2026-02-06 12:22:54.826,retreat_machine_to_approach_unloader,-688.135,61.717,1515.777,106.53,-2.731,9.505,-13.148,-9.134,-116.571,62.697,-98.27,141.673,-2.14,-6.653,-4.585,23.506,-5.374,-12.173,-0.26,11.61,8.03,1.9,-3.04,-2.38,0.444,2.488,1.635,-8.581,1.913,4.37,,
2026-02-06 12:22:54.928,retreat_machine_to_approach_unloader,-689.666,62.4,1510.79,104.961,-2.295,9.018,-13.28,-9.544,-116.854,64.146,-98.592,140.948,-1.935,-6.015,-4.146,21.253,-4.836,-10.941,-0.26,11.79,7.99,1.87,-2.74,-2.2,0.709,3.198,2.133,-11.113,2.507,5.719,,
2026-02-06 12:22:55.031,retreat_machine_to_approach_unloader,-691.163,63.153,1505.872,103.421,-1.871,8.489,-13.411,-9.95,-117.134,65.58,-98.908,140.238,-1.779,-5.527,-3.81,19.525,-4.417,-9.98,-0.19,12.05,7.93,1.54,-2.47,-2.13,0.652,2.92,1.948,-10.152,2.314,5.293,,
2026-02-06 12:22:55.132,retreat_machine_to_approach_unloader,-692.51,63.905,1501.41,102.032,-1.493,7.966,-13.53,-10.32,-117.389,66.886,-99.193,139.599,-1.632,-5.069,-3.495,17.906,-4.026,-9.084,-0.22,12.26,7.87,1.57,-2.29,-1.91,0.704,2.993,2.005,-10.425,2.39,5.468,,
2026-02-06 12:22:55.236,retreat_machine_to_approach_unloader,-693.855,64.731,1496.914,100.641,-1.121,7.4,-13.65,-10.693,-117.647,68.203,-99.479,138.96,-1.524,-4.735,-3.265,16.725,-3.734,-8.409,-0.21,12.47,7.71,1.45,-2.16,-1.79,0.622,2.657,1.779,-9.255,2.147,4.929,,
2026-02-06 12:22:55.338,retreat_machine_to_approach_unloader,-694.973,65.477,1493.139,99.481,-0.817,6.893,-13.751,-11.007,-117.864,69.312,-99.717,138.429,-1.396,-4.337,-2.99,15.315,-3.396,-7.635,-0.14,12.63,7.65,1.26,-1.99,-1.65,0.751,2.984,2.009,-10.422,2.407,5.51,,
2026-02-06 12:22:55.441,retreat_machine_to_approach_unloader,-695.799,66.063,1490.328,98.621,-0.597,6.497,-13.827,-11.242,-118.025,70.139,-99.894,138.037,-1.236,-3.838,-2.647,13.553,-2.988,-6.707,-0.18,12.71,7.65,1.17,-1.74,-1.46,0.933,3.484,2.36,-12.201,2.786,6.349,,
2026-02-06 12:22:55.542,retreat_machine_to_approach_unloader,-696.62,66.678,1487.507,97.763,-0.382,6.085,-13.902,-11.477,-118.187,70.968,-100.069,137.647,-1.116,-3.466,-2.391,12.239,-2.68,-6.006,-0.09,12.91,7.59,1.06,-1.63,-1.36,0.837,3.127,2.117,-10.95,2.513,5.735,,
2026-02-06 12:22:55.646,retreat_machine_to_approach_unloader,-697.368,67.264,1484.923,96.981,-0.19,5.694,-13.972,-11.692,-118.336,71.729,-100.229,137.292,-1.011,-3.139,-2.165,11.081,-2.41,-5.39,-0.13,12.98,7.45,1.0,-1.52,-1.19,0.816,3.009,2.04,-10.545,2.42,5.52,,
2026-02-06 12:22:55.747,retreat_machine_to_approach_unloader,-698.208,67.956,1481.993,96.1,0.019,5.236,-14.05,-11.937,-118.505,72.591,-100.409,136.895,-0.955,-2.965,-2.045,10.466,-2.257,-5.036,-0.02,13.16,7.37,0.88,-1.38,-1.11,0.642,2.42,1.637,-8.473,1.979,4.537,,
2026-02-06 12:22:55.848,retreat_machine_to_approach_unloader,-698.812,68.475,1479.868,95.464,0.166,4.893,-14.108,-12.114,-118.627,73.217,-100.538,136.61,-0.859,-2.667,-1.84,9.414,-2.016,-4.49,-0.08,13.17,7.42,0.77,-1.27,-1.0,0.794,2.849,1.936,-9.994,2.286,5.206,,
2026-02-06 12:22:55.949,retreat_machine_to_approach_unloader,-699.384,68.984,1477.841,94.862,0.301,4.559,-14.162,-12.283,-118.744,73.813,-100.661,136.341,-0.78,-2.423,-1.671,8.551,-1.818,-4.04,-0.1,13.31,7.4,0.65,-1.11,-0.89,0.741,2.647,1.8,-9.287,2.127,4.845,,
2026-02-06 12:22:56.052,retreat_machine_to_approach_unloader,-699.884,69.442,1476.061,94.334,0.416,4.259,-14.21,-12.432,-118.846,74.337,-100.768,136.107,-0.705,-2.189,-1.51,7.723,-1.63,-3.616,-0.07,13.36,7.33,0.57,-0.94,-0.86,0.733,2.587,1.761,-9.083,2.071,4.71,,
2026-02-06 12:22:56.152,retreat_machine_to_approach_unloader,-700.339,69.871,1474.427,93.853,0.518,3.979,-14.254,-12.568,-118.94,74.817,-100.865,135.894,-0.638,-1.982,-1.367,6.993,-1.465,-3.244,-0.23,13.4,7.27,0.67,-0.97,-0.73,0.699,2.452,1.67,-8.611,1.96,4.454,,
2026-02-06 12:22:56.254,retreat_machine_to_approach_unloader,-700.853,70.368,1472.575,93.31,0.629,3.656,-14.303,-12.722,-119.047,75.362,-100.974,135.655,-0.603,-1.872,-1.292,6.606,-1.372,-3.029,-0.07,13.41,7.22,0.63,-0.86,-0.68,0.571,2.024,1.377,-7.107,1.643,3.75,,
2026-02-06 12:22:56.356,retreat_machine_to_approach_unloader,-701.238,70.751,1471.176,92.902,0.71,3.408,-14.341,-12.839,-119.127,75.773,-101.055,135.477,-0.546,-1.696,-1.17,5.981,-1.233,-2.717,-0.05,13.47,7.22,0.51,-0.74,-0.72,0.636,2.201,1.501,-7.734,1.754,3.981,,
2026-02-06 12:22:56.458,retreat_machine_to_approach_unloader,-701.575,71.092,1469.947,92.545,0.779,3.188,-14.374,-12.941,-119.198,76.133,-101.127,135.322,-0.492,-1.527,-1.054,5.388,-1.103,-2.425,-0.07,13.57,7.17,0.42,-0.73,-0.57,0.618,2.123,1.449,-7.46,1.683,3.814,,
2026-02-06 12:22:56.560,retreat_machine_to_approach_unloader,-701.882,71.409,1468.82,92.219,0.84,2.983,-14.404,-13.035,-119.262,76.464,-101.191,135.182,-0.444,-1.38,-0.952,4.868,-0.989,-2.17,-0.1,13.57,7.14,0.41,-0.71,-0.54,0.583,1.995,1.363,-7.014,1.579,3.575,,
2026-02-06 12:22:56.660,retreat_machine_to_approach_unloader,-702.141,71.679,1467.868,91.944,0.889,2.809,-14.429,-13.114,-119.317,76.743,-101.246,135.064,-0.397,-1.233,-0.851,4.348,-0.878,-1.921,0.01,13.61,7.1,0.4,-0.62,-0.43,0.572,1.943,1.328,-6.831,1.526,3.449,,
2026-02-06 12:22:56.763,retreat_machine_to_approach_unloader,-702.471,72.03,1466.649,91.594,0.95,2.584,-14.462,-13.215,-119.387,77.1,-101.315,134.915,-0.379,-1.178,-0.813,4.154,-0.831,-1.813,0.02,13.59,7.1,0.38,-0.49,-0.3,0.444,1.526,1.042,-5.365,1.227,2.79,,
2026-02-06 12:22:56.866,retreat_machine_to_approach_unloader,-702.711,72.289,1465.759,91.34,0.993,2.418,-14.486,-13.289,-119.438,77.361,-101.364,134.808,-0.344,-1.068,-0.737,3.766,-0.747,-1.628,0.01,13.77,7.02,0.3,-0.53,-0.42,0.488,1.649,1.127,-5.798,1.296,2.927,,
2026-02-06 12:22:56.968,retreat_machine_to_approach_unloader,-702.93,72.527,1464.947,91.109,1.031,2.265,-14.507,-13.357,-119.485,77.598,-101.41,134.711,-0.312,-0.97,-0.669,3.419,-0.673,-1.464,0.06,13.79,6.98,0.3,-0.38,-0.42,0.46,1.548,1.059,-5.444,1.213,2.737,,
2026-02-06 12:22:57.069,retreat_machine_to_approach_unloader,-703.121,72.738,1464.232,90.906,1.062,2.129,-14.526,-13.416,-119.526,77.807,-101.449,134.627,-0.282,-0.876,-0.604,3.087,-0.603,-1.309,0.01,13.79,7.08,0.29,-0.45,-0.33,0.44,1.475,1.009,-5.188,1.149,2.589,,
2026-02-06 12:22:57.172,retreat_machine_to_approach_unloader,-703.311,72.949,1463.524,90.705,1.093,1.995,-14.545,-13.475,-119.566,78.014,-101.488,134.544,-0.258,-0.803,-0.554,2.832,-0.549,-1.188,-0.06,13.74,7.0,0.27,-0.36,-0.28,0.398,1.333,0.913,-4.691,1.041,2.347,,
2026-02-06 12:22:57.275,retreat_machine_to_approach_unloader,-703.502,73.163,1462.809,90.504,1.122,1.858,-14.564,-13.534,-119.607,78.223,-101.526,134.461,-0.241,-0.751,-0.518,2.646,-0.509,-1.098,0.05,13.73,6.99,0.08,-0.34,-0.15,0.356,1.194,0.817,-4.202,0.937,2.114,,
2026-02-06 12:22:57.377,retreat_machine_to_approach_unloader,-703.651,73.332,1462.249,90.346,1.144,1.75,-14.579,-13.58,-119.639,78.386,-101.556,134.398,-0.218,-0.679,-0.469,2.392,-0.457,-0.983,-0.09,13.71,6.91,0.13,-0.3,-0.3,0.362,1.204,0.825,-4.237,0.93,2.09,,
2026-02-06 12:22:57.481,retreat_machine_to_approach_unloader,-703.787,73.486,1461.737,90.203,1.164,1.651,-14.593,-13.623,-119.668,78.535,-101.584,134.34,-0.198,-0.615,-0.424,2.167,-0.41,-0.882,-0.15,13.85,6.9,0.13,-0.36,-0.26,0.339,1.124,0.77,-3.955,0.865,1.942,,
2026-02-06 12:22:57.586,retreat_machine_to_approach_unloader,-703.916,73.634,1461.252,90.067,1.181,1.557,-14.606,-13.663,-119.696,78.676,-101.609,134.286,-0.181,-0.562,-0.388,1.978,-0.372,-0.797,-0.01,13.83,6.95,0.18,-0.29,-0.18,0.312,1.033,0.708,-3.636,0.795,1.783,,
2026-02-06 12:22:57.686,retreat_machine_to_approach_unloader,-704.033,73.769,1460.809,89.944,1.197,1.471,-14.617,-13.699,-119.721,78.805,-101.632,134.237,-0.165,-0.512,-0.354,1.805,-0.337,-0.72,-0.12,13.91,6.91,0.1,-0.26,-0.09,0.292,0.966,0.662,-3.4,0.74,1.658,,
2026-02-06 12:22:57.789,retreat_machine_to_approach_unloader,-704.152,73.906,1460.362,89.82,1.212,1.383,-14.629,-13.736,-119.747,78.935,-101.655,134.188,-0.153,-0.477,-0.329,1.679,-0.31,-0.662,-0.05,13.85,6.85,-0.02,-0.22,-0.2,0.262,0.866,0.593,-3.047,0.666,1.493,,
2026-02-06 12:22:57.892,retreat_machine_to_approach_unloader,-704.244,74.013,1460.013,89.723,1.223,1.315,-14.639,-13.765,-119.766,79.036,-101.673,134.15,-0.138,-0.43,-0.297,1.513,-0.278,-0.591,-0.08,13.89,6.79,0.13,-0.29,-0.17,0.262,0.86,0.59,-3.026,0.651,1.454,,
2026-02-06 12:22:57.992,retreat_machine_to_approach_unloader,-704.329,74.112,1459.693,89.635,1.233,1.252,-14.647,-13.791,-119.785,79.129,-101.69,134.116,-0.125,-0.388,-0.268,1.367,-0.249,-0.528,-0.04,13.9,6.93,0.0,-0.23,-0.17,0.244,0.799,0.548,-2.811,0.603,1.345,,
2026-02-06 12:22:58.095,retreat_machine_to_approach_unloader,-704.409,74.206,1459.39,89.551,1.242,1.192,-14.655,-13.816,-119.802,79.217,-101.705,134.084,-0.114,-0.354,-0.244,1.245,-0.225,-0.476,0.11,13.92,6.86,0.06,-0.25,-0.08,0.224,0.732,0.502,-2.578,0.552,1.231,,
2026-02-06 12:22:58.197,retreat_machine_to_approach_unloader,-704.479,74.288,1459.123,89.478,1.249,1.139,-14.662,-13.838,-119.817,79.294,-101.718,134.056,-0.103,-0.32,-0.221,1.126,-0.202,-0.427,-0.04,13.9,6.88,0.03,-0.17,-0.12,0.211,0.69,0.473,-2.429,0.517,1.151,,
2026-02-06 12:22:58.298,retreat_machine_to_approach_unloader,-704.556,74.378,1458.834,89.399,1.257,1.082,-14.67,-13.862,-119.833,79.378,-101.733,134.026,-0.096,-0.299,-0.207,1.054,-0.187,-0.395,0.04,13.97,6.93,-0.05,-0.16,-0.12,0.184,0.602,0.413,-2.119,0.455,1.015,,
2026-02-06 12:22:58.400,retreat_machine_to_approach_unloader,-704.614,74.445,1458.615,89.339,1.262,1.039,-14.676,-13.88,-119.846,79.441,-101.743,134.004,-0.087,-0.27,-0.186,0.949,-0.167,-0.352,-0.11,13.97,6.86,-0.0,-0.1,-0.03,0.184,0.6,0.412,-2.113,0.446,0.989,,
2026-02-06 12:22:58.501,retreat_machine_to_approach_unloader,-704.667,74.508,1458.416,89.284,1.267,0.999,-14.681,-13.896,-119.857,79.499,-101.753,133.984,-0.078,-0.243,-0.168,0.856,-0.15,-0.314,-0.03,13.96,6.82,-0.01,-0.15,-0.1,0.171,0.556,0.382,-1.956,0.411,0.912,,
2026-02-06 12:22:58.605,retreat_machine_to_approach_unloader,-704.715,74.564,1458.233,89.235,1.271,0.963,-14.686,-13.911,-119.868,79.552,-101.762,133.966,-0.071,-0.22,-0.152,0.774,-0.134,-0.281,0.03,13.92,6.84,-0.02,-0.17,-0.05,0.158,0.514,0.353,-1.811,0.379,0.84,,
2026-02-06 12:22:58.706,retreat_machine_to_approach_unloader,-704.759,74.616,1458.066,89.189,1.275,0.929,-14.69,-13.925,-119.877,79.6,-101.77,133.949,-0.064,-0.199,-0.137,0.701,-0.121,-0.252,-0.01,13.95,6.82,-0.05,-0.14,-0.04,0.147,0.476,0.327,-1.675,0.349,0.773,,
2026-02-06 12:22:58.808,retreat_machine_to_approach_unloader,-704.804,74.669,1457.896,89.143,1.278,0.895,-14.694,-13.939,-119.887,79.649,-101.778,133.932,-0.059,-0.184,-0.127,0.648,-0.111,-0.231,-0.06,13.98,6.79,0.08,-0.04,-0.08,0.131,0.426,0.292,-1.499,0.314,0.695,,
2026-02-06 12:22:58.908,retreat_machine_to_approach_unloader,-704.841,74.712,1457.758,89.106,1.281,0.868,-14.698,-13.95,-119.894,79.688,-101.784,133.919,-0.053,-0.166,-0.115,0.585,-0.099,-0.206,-0.04,13.88,6.81,-0.06,-0.14,-0.02,0.127,0.41,0.281,-1.442,0.298,0.658,waypoint,
2026-02-06 12:22:59.011,retreat_machine_to_approach_unloader,-708.351,85.822,1445.494,89.333,0.594,0.7,-15.471,-14.932,-119.804,78.912,-101.874,133.598,-1.971,-2.579,0.141,-1.502,-0.298,-0.957,-0.13,14.04,6.82,-0.27,-0.27,-0.35,-7.575,-9.336,1.239,-9.459,-0.56,-2.485,,
2026-02-06 12:22:59.114,retreat_machine_to_approach_unloader,-711.747,98.832,1431.283,89.52,0.259,0.615,-16.369,-16.073,-119.696,77.967,-102.09,132.754,-3.723,-4.786,0.374,-3.488,-0.763,-2.827,-0.31,14.21,6.77,-0.36,-0.64,-0.68,-8.072,-9.992,1.283,-10.196,-1.77,-7.461,,
2026-02-06 12:22:59.217,retreat_machine_to_approach_unloader,-715.012,114.353,1414.427,89.651,0.206,0.572,-17.433,-17.425,-119.569,76.845,-102.414,131.408,-5.454,-6.971,0.599,-5.423,-1.382,-5.487,-0.38,14.55,6.79,-0.49,-0.72,-1.05,-8.93,-11.111,1.351,-10.956,-2.673,-11.745,,
2026-02-06 12:22:59.319,retreat_machine_to_approach_unloader,-717.045,126.562,1401.179,89.707,0.285,0.56,-18.267,-18.485,-119.47,75.965,-102.686,130.232,-6.174,-7.876,0.698,-6.267,-1.717,-7.055,-0.39,14.71,6.58,-0.67,-0.93,-1.27,-5.728,-7.067,0.939,-7.435,-1.888,-8.866,,
2026-02-06 12:22:59.422,retreat_machine_to_approach_unloader,-718.415,136.884,1389.968,89.728,0.385,0.557,-18.97,-19.378,-119.386,75.222,-102.919,129.206,-6.388,-8.14,0.733,-6.557,-1.87,-7.855,-0.4,14.91,6.55,-0.59,-0.94,-1.5,-3.849,-4.7,0.689,-5.314,-1.307,-6.472,,
2026-02-06 12:22:59.525,retreat_machine_to_approach_unloader,-719.399,146.362,1379.654,89.73,0.485,0.558,-19.614,-20.197,-119.309,74.542,-103.133,128.258,-6.402,-8.153,0.742,-6.619,-1.937,-8.263,-0.51,15.38,6.39,-0.66,-1.01,-1.63,-2.88,-3.488,0.55,-4.166,-0.984,-5.061,,
2026-02-06 12:22:59.628,retreat_machine_to_approach_unloader,-720.073,155.058,1370.168,89.716,0.577,0.561,-20.205,-20.948,-119.238,73.917,-103.328,127.388,-6.279,-7.992,0.733,-6.524,-1.94,-8.371,-0.49,15.48,6.45,-0.71,-1.04,-1.68,-2.056,-2.458,0.431,-3.183,-0.699,-3.76,,
2026-02-06 12:22:59.728,retreat_machine_to_approach_unloader,-720.553,164.294,1360.065,89.686,0.67,0.565,-20.833,-21.745,-119.163,73.255,-103.533,126.47,-6.278,-7.988,0.737,-6.55,-1.97,-8.573,-0.41,15.84,6.21,-0.73,-1.02,-1.65,-2.217,-2.679,0.432,-3.251,-0.736,-3.869,,
2026-02-06 12:22:59.830,retreat_machine_to_approach_unloader,-720.762,171.784,1351.849,89.65,0.74,0.57,-21.342,-22.392,-119.103,72.717,-103.699,125.732,-5.982,-7.608,0.704,-6.256,-1.891,-8.275,-0.33,15.95,6.13,-0.73,-1.03,-1.5,-0.811,-0.905,0.247,-1.673,-0.261,-1.685,,
2026-02-06 12:22:59.932,retreat_machine_to_approach_unloader,-720.814,178.621,1344.326,89.608,0.798,0.574,-21.807,-22.983,-119.047,72.226,-103.849,125.064,-5.649,-7.184,0.667,-5.919,-1.794,-7.877,-0.35,16.28,5.95,-0.71,-1.0,-1.56,-0.29,-0.256,0.17,-1.04,-0.08,-0.816,,
2026-02-06 12:23:00.033,retreat_machine_to_approach_unloader,-720.75,184.621,1337.705,89.564,0.845,0.578,-22.216,-23.503,-118.998,71.795,-103.98,124.482,-5.259,-6.686,0.622,-5.517,-1.673,-7.362,-0.3,16.48,5.98,-0.67,-0.83,-1.45,0.304,0.488,0.086,-0.339,0.12,0.133,,
2026-02-06 12:23:00.135,retreat_machine_to_approach_unloader,-720.601,190.116,1331.625,89.519,0.883,0.581,-22.59,-23.979,-118.954,71.4,-104.099,123.954,-4.881,-6.205,0.578,-5.126,-1.553,-6.841,-0.28,16.69,5.85,-0.71,-0.85,-1.42,0.613,0.87,0.037,0.054,0.225,0.654,,
2026-02-06 12:23:00.235,retreat_machine_to_approach_unloader,-720.359,195.746,1325.378,89.466,0.917,0.585,-22.975,-24.468,-118.908,70.995,-104.221,123.418,-4.622,-5.875,0.549,-4.858,-1.468,-6.472,-0.32,17.09,5.81,-0.65,-0.88,-1.31,0.454,0.66,0.045,-0.053,0.182,0.506,,
2026-02-06 12:23:00.336,retreat_machine_to_approach_unloader,-720.038,201.203,1319.304,89.41,0.945,0.587,-23.348,-24.942,-118.863,70.601,-104.337,122.903,-4.399,-5.592,0.523,-4.627,-1.393,-6.141,-0.25,17.21,5.75,-0.6,-0.75,-1.19,0.521,0.737,0.027,0.072,0.209,0.671,,
2026-02-06 12:23:00.439,retreat_machine_to_approach_unloader,-719.702,205.786,1314.188,89.359,0.964,0.59,-23.662,-25.341,-118.826,70.27,-104.435,122.475,-4.085,-5.192,0.486,-4.297,-1.288,-5.676,-0.17,17.36,5.73,-0.6,-0.76,-1.17,1.061,1.415,-0.046,0.69,0.382,1.47,,
2026-02-06 12:23:00.541,retreat_machine_to_approach_unloader,-719.36,209.79,1309.707,89.312,0.978,0.591,-23.937,-25.69,-118.793,69.981,-104.519,122.105,-3.75,-4.766,0.446,-3.947,-1.177,-5.183,-0.25,17.56,5.62,-0.56,-0.65,-1.0,1.348,1.773,-0.089,1.036,0.472,1.898,,
2026-02-06 12:23:00.643,retreat_machine_to_approach_unloader,-719.008,213.428,1305.624,89.266,0.987,0.593,-24.187,-26.008,-118.763,69.718,-104.596,121.771,-3.438,-4.369,0.409,-3.618,-1.074,-4.722,-0.09,17.6,5.53,-0.46,-0.63,-0.98,1.46,1.909,-0.109,1.192,0.507,2.077,,
2026-02-06 12:23:00.743,retreat_machine_to_approach_unloader,-718.628,216.977,1301.632,89.219,0.992,0.594,-24.431,-26.318,-118.734,69.46,-104.67,121.448,-3.189,-4.053,0.38,-3.357,-0.99,-4.348,-0.17,17.89,5.38,-0.56,-0.61,-0.92,1.372,1.792,-0.105,1.135,0.48,1.982,,
2026-02-06 12:23:00.848,retreat_machine_to_approach_unloader,-718.268,220.071,1298.144,89.177,0.995,0.594,-24.645,-26.589,-118.708,69.236,-104.734,121.17,-2.925,-3.717,0.349,-3.079,-0.903,-3.957,-0.12,18.0,5.4,-0.37,-0.65,-0.82,1.545,2.007,-0.132,1.349,0.531,2.225,,
2026-02-06 12:23:00.949,retreat_machine_to_approach_unloader,-717.943,222.675,1295.203,89.14,0.994,0.594,-24.824,-26.817,-118.687,69.047,-104.787,120.938,-2.643,-3.359,0.315,-2.782,-0.811,-3.548,-0.15,18.05,5.37,-0.46,-0.48,-0.69,1.725,2.232,-0.158,1.567,0.583,2.465,,
2026-02-06 12:23:01.053,retreat_machine_to_approach_unloader,-717.629,225.051,1292.513,89.106,0.992,0.595,-24.989,-27.026,-118.667,68.874,-104.836,120.728,-2.393,-3.041,0.285,-2.518,-0.729,-3.186,-0.13,18.18,5.33,-0.34,-0.43,-0.66,1.708,2.206,-0.161,1.575,0.575,2.44,,
2026-02-06 12:23:01.154,retreat_machine_to_approach_unloader,-717.317,227.301,1289.962,89.072,0.988,0.595,-25.144,-27.224,-118.649,68.71,-104.881,120.531,-2.184,-2.775,0.261,-2.298,-0.661,-2.882,-0.19,18.3,5.33,-0.45,-0.38,-0.61,1.622,2.093,-0.155,1.507,0.546,2.325,,
2026-02-06 12:23:01.256,retreat_machine_to_approach_unloader,-716.954,229.793,1287.131,89.034,0.981,0.594,-25.317,-27.443,-118.628,68.529,-104.931,120.315,-2.07,-2.63,0.247,-2.177,-0.621,-2.701,-0.05,18.39,5.18,-0.33,-0.36,-0.64,1.291,1.669,-0.119,1.179,0.446,1.905,,
2026-02-06 12:23:01.359,retreat_machine_to_approach_unloader,-716.688,231.546,1285.136,89.007,0.975,0.594,-25.439,-27.598,-118.614,68.401,-104.966,120.165,-1.857,-2.359,0.222,-1.953,-0.554,-2.402,-0.08,18.46,5.2,-0.34,-0.39,-0.47,1.672,2.15,-0.168,1.598,0.553,2.369,,
2026-02-06 12:23:01.463,retreat_machine_to_approach_unloader,-716.437,233.146,1283.312,88.982,0.967,0.593,-25.55,-27.739,-118.6,68.284,-104.998,120.029,-1.67,-2.122,0.199,-1.756,-0.495,-2.141,-0.08,18.49,5.22,-0.29,-0.35,-0.49,1.61,2.069,-0.164,1.549,0.53,2.276,,
2026-02-06 12:23:01.567,retreat_machine_to_approach_unloader,-716.193,234.663,1281.581,88.957,0.959,0.593,-25.655,-27.873,-118.588,68.173,-105.028,119.901,-1.516,-1.926,0.181,-1.594,-0.446,-1.925,-0.01,18.49,5.08,-0.26,-0.36,-0.44,1.506,1.935,-0.154,1.454,0.496,2.132,,
2026-02-06 12:23:01.671,retreat_machine_to_approach_unloader,-715.982,235.94,1280.122,88.937,0.952,0.592,-25.744,-27.986,-118.577,68.08,-105.053,119.795,-1.359,-1.727,0.162,-1.429,-0.397,-1.71,0.02,18.66,5.14,-0.33,-0.29,-0.39,1.521,1.951,-0.159,1.483,0.495,2.13,,
2026-02-06 12:23:01.772,retreat_machine_to_approach_unloader,-715.722,237.479,1278.361,88.912,0.941,0.592,-25.851,-28.122,-118.564,67.968,-105.083,119.668,-1.287,-1.636,0.154,-1.353,-0.372,-1.6,0.01,18.73,5.09,-0.3,-0.24,-0.26,1.186,1.524,-0.121,1.143,0.397,1.713,,
2026-02-06 12:23:01.874,retreat_machine_to_approach_unloader,-715.527,238.604,1277.073,88.893,0.932,0.591,-25.93,-28.222,-118.555,67.885,-105.105,119.576,-1.162,-1.476,0.139,-1.22,-0.333,-1.429,-0.07,18.74,4.97,-0.33,-0.21,-0.32,1.355,1.737,-0.143,1.331,0.439,1.893,,
2026-02-06 12:23:01.975,retreat_machine_to_approach_unloader,-715.347,239.626,1275.9,88.876,0.923,0.59,-26.001,-28.312,-118.546,67.811,-105.124,119.493,-1.05,-1.333,0.125,-1.102,-0.299,-1.278,-0.07,18.76,5.1,-0.29,-0.23,-0.24,1.29,1.653,-0.137,1.272,0.416,1.795,,
2026-02-06 12:23:02.075,retreat_machine_to_approach_unloader,-715.186,240.523,1274.871,88.861,0.914,0.59,-26.064,-28.392,-118.539,67.745,-105.141,119.422,-0.944,-1.199,0.113,-0.991,-0.267,-1.138,-0.05,18.88,4.98,-0.25,-0.22,-0.3,1.249,1.599,-0.134,1.237,0.4,1.725,,
2026-02-06 12:23:02.178,retreat_machine_to_approach_unloader,-715.027,241.404,1273.859,88.846,0.905,0.589,-26.125,-28.47,-118.532,67.681,-105.158,119.352,-0.861,-1.094,0.103,-0.904,-0.242,-1.028,-0.03,18.88,4.95,-0.27,-0.17,-0.27,1.135,1.453,-0.122,1.125,0.364,1.572,,
2026-02-06 12:23:02.282,retreat_machine_to_approach_unloader,-714.854,242.342,1272.781,88.831,0.895,0.588,-26.191,-28.553,-118.524,67.612,-105.176,119.279,-0.81,-1.029,0.097,-0.85,-0.225,-0.954,-0.03,19.04,4.9,-0.3,-0.17,-0.28,0.981,1.256,-0.105,0.97,0.319,1.378,,
2026-02-06 12:23:02.382,retreat_machine_to_approach_unloader,-714.726,243.027,1271.992,88.819,0.886,0.588,-26.239,-28.614,-118.518,67.562,-105.188,119.225,-0.727,-0.924,0.087,-0.763,-0.201,-0.848,-0.01,18.85,4.88,-0.21,-0.28,-0.21,1.059,1.354,-0.116,1.058,0.335,1.444,,
2026-02-06 12:23:02.483,retreat_machine_to_approach_unloader,-714.613,243.628,1271.299,88.809,0.879,0.587,-26.281,-28.667,-118.513,67.518,-105.199,119.179,-0.651,-0.826,0.078,-0.682,-0.178,-0.752,-0.01,19.04,4.87,-0.27,-0.24,-0.23,1.012,1.294,-0.111,1.014,0.318,1.369,,
2026-02-06 12:23:02.585,retreat_machine_to_approach_unloader,-714.501,244.219,1270.619,88.799,0.871,0.586,-26.322,-28.72,-118.508,67.474,-105.21,119.135,-0.591,-0.751,0.071,-0.62,-0.161,-0.676,0.03,19.06,4.97,-0.28,-0.16,-0.12,0.918,1.173,-0.101,0.92,0.289,1.245,,
2026-02-06 12:23:02.687,retreat_machine_to_approach_unloader,-714.41,244.697,1270.067,88.791,0.864,0.586,-26.356,-28.762,-118.504,67.439,-105.219,119.099,-0.527,-0.67,0.063,-0.553,-0.142,-0.597,-0.05,19.05,4.91,-0.17,-0.09,-0.16,0.904,1.156,-0.1,0.91,0.281,1.209,,
2026-02-06 12:23:02.790,retreat_machine_to_approach_unloader,-714.305,245.24,1269.441,88.782,0.855,0.585,-26.394,-28.811,-118.499,67.4,-105.229,119.058,-0.49,-0.623,0.059,-0.514,-0.131,-0.548,0.06,19.06,4.89,-0.12,-0.1,-0.15,0.769,0.983,-0.085,0.772,0.242,1.045,waypoint,
2026-02-06 12:23:02.892,approach_unloader_to_place,-714.254,245.616,1267.564,88.748,0.77,0.6,-26.418,-28.944,-118.512,67.347,-105.221,119.002,-0.429,-0.799,0.013,-0.517,-0.08,-0.553,-0.05,19.12,4.88,-0.21,-0.05,-0.03,0.825,0.038,-0.244,0.565,0.39,0.777,,
2026-02-06 12:23:02.995,approach_unloader_to_place,-714.249,245.927,1264.802,88.726,0.705,0.608,-26.438,-29.133,-118.534,67.281,-105.171,118.861,-0.371,-1.072,-0.046,-0.553,0.065,-0.767,0.03,19.13,4.88,-0.19,0.02,-0.27,0.794,-0.527,-0.322,0.374,0.775,-0.143,,
2026-02-06 12:23:03.100,approach_unloader_to_place,-714.253,246.22,1262.121,88.722,0.691,0.607,-26.456,-29.314,-118.556,67.217,-105.105,118.678,-0.325,-1.257,-0.089,-0.575,0.214,-1.032,0.05,19.18,4.87,-0.22,0.01,-0.25,0.723,-0.396,-0.281,0.359,0.86,-0.546,,
2026-02-06 12:23:03.201,approach_unloader_to_place,-714.254,246.484,1259.652,88.723,0.699,0.603,-26.473,-29.48,-118.576,67.158,-105.039,118.49,-0.286,-1.358,-0.116,-0.578,0.327,-1.244,-0.03,19.29,4.77,-0.18,0.18,-0.27,0.667,-0.205,-0.235,0.374,0.781,-0.546,,
2026-02-06 12:23:03.303,approach_unloader_to_place,-714.25,246.751,1257.115,88.727,0.716,0.598,-26.491,-29.65,-118.596,67.097,-104.968,118.288,-0.259,-1.444,-0.138,-0.585,0.422,-1.438,-0.05,19.32,4.79,-0.18,0.14,-0.27,0.596,-0.228,-0.217,0.321,0.742,-0.633,,
2026-02-06 12:23:03.405,approach_unloader_to_place,-714.24,246.974,1254.977,88.73,0.733,0.594,-26.506,-29.794,-118.613,67.046,-104.908,118.115,-0.231,-1.442,-0.146,-0.566,0.466,-1.511,-0.02,19.32,4.77,-0.25,0.13,-0.25,0.564,0.063,-0.163,0.383,0.56,-0.278,,
2026-02-06 12:23:03.506,approach_unloader_to_place,-714.228,247.159,1253.174,88.732,0.748,0.59,-26.518,-29.915,-118.628,67.003,-104.858,117.969,-0.204,-1.385,-0.146,-0.532,0.476,-1.499,0.08,19.35,4.72,-0.26,0.13,-0.32,0.53,0.281,-0.12,0.425,0.409,0.018,,
2026-02-06 12:23:03.610,approach_unloader_to_place,-714.211,247.343,1251.377,88.734,0.762,0.588,-26.531,-30.036,-118.642,66.961,-104.808,117.824,-0.184,-1.34,-0.146,-0.506,0.482,-1.487,-0.12,19.27,4.76,-0.17,0.17,-0.32,0.478,0.257,-0.108,0.384,0.363,0.028,,
2026-02-06 12:23:03.711,approach_unloader_to_place,-714.191,247.515,1249.675,88.736,0.774,0.585,-26.542,-30.15,-118.656,66.92,-104.761,117.687,-0.168,-1.292,-0.143,-0.481,0.479,-1.456,-0.06,19.43,4.71,-0.19,0.19,-0.25,0.436,0.294,-0.089,0.368,0.298,0.111,,
2026-02-06 12:23:03.814,approach_unloader_to_place,-714.166,247.693,1247.9,88.737,0.785,0.583,-26.555,-30.27,-118.67,66.878,-104.712,117.546,-0.157,-1.267,-0.143,-0.467,0.481,-1.444,-0.0,19.44,4.68,-0.3,0.12,-0.25,0.388,0.215,-0.086,0.314,0.284,0.055,,
2026-02-06 12:23:03.918,approach_unloader_to_place,-714.144,247.831,1246.511,88.738,0.793,0.581,-26.564,-30.363,-118.681,66.844,-104.674,117.437,-0.141,-1.184,-0.135,-0.433,0.455,-1.356,-0.1,19.47,4.59,-0.17,0.2,-0.27,0.376,0.453,-0.047,0.374,0.147,0.367,,
2026-02-06 12:23:04.022,approach_unloader_to_place,-714.12,247.961,1245.201,88.738,0.799,0.58,-26.573,-30.452,-118.692,66.813,-104.639,117.335,-0.129,-1.109,-0.128,-0.403,0.43,-1.272,-0.08,19.46,4.65,-0.13,0.17,-0.28,0.343,0.46,-0.036,0.356,0.108,0.403,,
2026-02-06 12:23:04.124,approach_unloader_to_place,-714.098,248.073,1244.056,88.738,0.804,0.579,-26.581,-30.529,-118.701,66.786,-104.608,117.247,-0.116,-1.025,-0.119,-0.37,0.399,-1.175,-0.03,19.56,4.53,-0.27,0.2,-0.15,0.32,0.524,-0.019,0.359,0.051,0.5,,
2026-02-06 12:23:04.225,approach_unloader_to_place,-714.075,248.179,1242.976,88.738,0.807,0.579,-26.589,-30.602,-118.71,66.76,-104.579,117.165,-0.106,-0.951,-0.111,-0.342,0.371,-1.087,-0.08,19.61,4.64,-0.31,0.06,-0.22,0.293,0.516,-0.012,0.339,0.026,0.508,,
2026-02-06 12:23:04.328,approach_unloader_to_place,-714.05,248.284,1241.893,88.737,0.81,0.578,-26.596,-30.675,-118.718,66.734,-104.551,117.083,-0.098,-0.896,-0.105,-0.321,0.35,-1.019,-0.08,19.55,4.55,-0.2,0.09,-0.27,0.263,0.462,-0.011,0.305,0.022,0.465,,
2026-02-06 12:23:04.431,approach_unloader_to_place,-714.03,248.366,1241.046,88.737,0.811,0.578,-26.602,-30.732,-118.725,66.714,-104.529,117.02,-0.089,-0.815,-0.096,-0.291,0.318,-0.922,-0.02,19.63,4.56,-0.1,0.15,-0.21,0.253,0.574,0.009,0.33,-0.044,0.603,,
2026-02-06 12:23:04.535,approach_unloader_to_place,-714.011,248.437,1240.304,88.736,0.812,0.578,-26.607,-30.782,-118.731,66.696,-104.509,116.965,-0.079,-0.736,-0.087,-0.263,0.286,-0.829,-0.05,19.57,4.56,-0.24,0.08,-0.22,0.235,0.587,0.017,0.322,-0.069,0.626,,
2026-02-06 12:23:04.636,approach_unloader_to_place,-713.993,248.503,1239.626,88.736,0.812,0.578,-26.612,-30.828,-118.737,66.68,-104.492,116.916,-0.071,-0.667,-0.079,-0.238,0.259,-0.746,-0.02,19.56,4.5,-0.22,0.03,-0.22,0.216,0.572,0.02,0.305,-0.08,0.616,,
2026-02-06 12:23:04.738,approach_unloader_to_place,-713.975,248.566,1238.96,88.735,0.811,0.578,-26.617,-30.873,-118.742,66.664,-104.475,116.867,-0.065,-0.613,-0.073,-0.218,0.237,-0.68,0.02,19.63,4.52,-0.24,0.11,-0.15,0.195,0.523,0.019,0.278,-0.076,0.568,waypoint,
2026-02-06 12:23:04.840,place_on_unloader,-713.957,248.626,1238.335,88.734,0.811,0.578,-26.621,-30.915,-118.747,66.649,-104.459,116.823,-0.06,-0.565,-0.067,-0.201,0.217,-0.622,-0.02,19.55,4.4,-0.2,0.06,-0.1,0.179,0.498,0.02,0.26,-0.08,0.545,,
2026-02-06 12:23:04.945,place_on_unloader,-713.942,248.674,1237.828,88.733,0.809,0.578,-26.625,-30.95,-118.751,66.637,-104.446,116.787,-0.054,-0.51,-0.06,-0.181,0.195,-0.556,-0.05,19.68,4.41,-0.16,0.0,-0.15,0.169,0.528,0.028,0.262,-0.103,0.579,,
2026-02-06 12:23:05.048,place_on_unloader,-713.929,248.718,1237.365,88.732,0.808,0.578,-26.628,-30.981,-118.755,66.626,-104.435,116.754,-0.048,-0.461,-0.055,-0.163,0.175,-0.498,-0.09,19.74,4.51,-0.16,0.1,-0.11,0.155,0.505,0.029,0.246,-0.105,0.556,,
2026-02-06 12:23:05.149,place_on_unloader,-713.916,248.758,1236.942,88.731,0.806,0.579,-26.631,-31.01,-118.758,66.616,-104.424,116.725,-0.044,-0.417,-0.05,-0.148,0.158,-0.447,0.01,19.75,4.36,-0.19,0.04,-0.09,0.142,0.481,0.029,0.231,-0.105,0.531,,
2026-02-06 12:23:05.250,place_on_unloader,-713.901,248.803,1236.469,88.73,0.804,0.579,-26.634,-31.042,-118.762,66.605,-104.412,116.692,-0.041,-0.393,-0.047,-0.139,0.147,-0.417,0.01,19.76,4.44,-0.17,-0.07,-0.03,0.125,0.399,0.022,0.196,-0.083,0.446,,
2026-02-06 12:23:05.352,place_on_unloader,-713.89,248.834,1236.137,88.73,0.803,0.579,-26.637,-31.064,-118.765,66.597,-104.404,116.67,-0.037,-0.351,-0.042,-0.124,0.131,-0.369,-0.04,19.68,4.5,-0.16,-0.04,-0.06,0.122,0.455,0.031,0.21,-0.11,0.502,,
2026-02-06 12:23:05.457,place_on_unloader,-713.88,248.864,1235.821,88.729,0.801,0.58,-26.639,-31.086,-118.767,66.589,-104.397,116.648,-0.033,-0.317,-0.038,-0.112,0.117,-0.33,-0.02,19.74,4.51,-0.18,0.07,-0.06,0.111,0.42,0.029,0.193,-0.104,0.464,,
2026-02-06 12:23:05.561,place_on_unloader,-713.87,248.891,1235.532,88.728,0.799,0.58,-26.641,-31.105,-118.77,66.582,-104.39,116.629,-0.03,-0.287,-0.034,-0.101,0.105,-0.296,0.14,19.72,4.41,-0.22,-0.06,-0.02,0.102,0.396,0.029,0.18,-0.1,0.438,,
2026-02-06 12:23:05.667,place_on_unloader,-713.861,248.916,1235.269,88.727,0.797,0.58,-26.643,-31.123,-118.772,66.576,-104.383,116.612,-0.027,-0.26,-0.031,-0.092,0.095,-0.265,0.08,19.68,4.41,-0.18,-0.01,-0.1,0.093,0.374,0.028,0.168,-0.097,0.413,,
2026-02-06 12:23:05.771,place_on_unloader,-713.852,248.943,1234.982,88.726,0.795,0.58,-26.645,-31.143,-118.774,66.569,-104.376,116.593,-0.025,-0.243,-0.029,-0.086,0.088,-0.246,-0.0,19.85,4.41,-0.19,-0.04,0.03,0.082,0.321,0.023,0.146,-0.082,0.359,,
2026-02-06 12:23:05.872,place_on_unloader,-713.844,248.963,1234.775,88.726,0.793,0.581,-26.646,-31.157,-118.776,66.564,-104.372,116.579,-0.023,-0.218,-0.026,-0.077,0.078,-0.218,0.06,19.71,4.44,-0.19,0.05,-0.05,0.08,0.342,0.027,0.15,-0.093,0.376,,
2026-02-06 12:23:05.977,place_on_unloader,-713.837,248.981,1234.577,88.725,0.791,0.581,-26.647,-31.17,-118.777,66.56,-104.367,116.567,-0.02,-0.197,-0.023,-0.069,0.07,-0.195,-0.09,19.75,4.45,-0.17,0.04,0.01,0.072,0.314,0.025,0.137,-0.086,0.346,,
2026-02-06 12:23:06.080,place_on_unloader,-713.831,248.998,1234.396,88.725,0.789,0.581,-26.649,-31.182,-118.779,66.555,-104.363,116.555,-0.018,-0.179,-0.021,-0.063,0.063,-0.175,0.05,19.79,4.44,-0.15,-0.12,-0.03,0.066,0.295,0.024,0.128,-0.082,0.323,,
2026-02-06 12:23:06.180,place_on_unloader,-713.826,249.012,1234.244,88.724,0.788,0.582,-26.65,-31.193,-118.78,66.552,-104.359,116.546,-0.017,-0.16,-0.019,-0.056,0.056,-0.155,-0.01,19.75,4.34,-0.16,-0.1,-0.02,0.062,0.284,0.024,0.122,-0.081,0.31,,
2026-02-06 12:23:06.284,place_on_unloader,-713.818,249.031,1234.046,88.723,0.786,0.582,-26.651,-31.206,-118.782,66.547,-104.355,116.533,-0.016,-0.153,-0.018,-0.054,0.054,-0.147,0.03,19.86,4.48,-0.09,0.01,0.01,0.052,0.225,0.018,0.099,-0.063,0.252,,
2026-02-06 12:23:06.387,place_on_unloader,-713.814,249.043,1233.916,88.723,0.784,0.582,-26.652,-31.215,-118.783,66.544,-104.352,116.525,-0.014,-0.137,-0.016,-0.048,0.048,-0.13,-0.04,19.77,4.46,-0.2,-0.07,-0.1,0.052,0.249,0.022,0.105,-0.072,0.27,,
2026-02-06 12:23:06.798,place_on_unloader,-713.798,249.083,1233.49,88.721,0.778,0.583,-26.655,-31.244,-118.786,66.534,-104.342,116.5,-0.01,-0.095,-0.011,-0.033,0.032,-0.086,0.02,19.83,4.46,-0.16,-0.1,0.06,0.034,0.163,0.014,0.069,-0.048,0.179,,
2026-02-06 12:23:07.304,place_on_unloader,-713.784,249.117,1233.127,88.719,0.772,0.584,-26.658,-31.269,-118.789,66.525,-104.334,116.479,-0.006,-0.059,-0.007,-0.021,0.019,-0.051,-0.02,19.71,4.41,-0.15,-0.04,0.01,0.022,0.118,0.011,0.048,-0.036,0.127,,
2026-02-06 12:23:07.811,place_on_unloader,-713.775,249.139,1232.893,88.718,0.768,0.584,-26.659,-31.285,-118.791,66.52,-104.329,116.466,-0.004,-0.038,-0.004,-0.013,0.012,-0.031,0.04,19.8,4.41,-0.06,-0.11,0.05,0.015,0.083,0.008,0.033,-0.026,0.087,,
2026-02-06 12:23:08.321,place_on_unloader,-713.768,249.154,1232.739,88.716,0.765,0.585,-26.66,-31.295,-118.792,66.516,-104.326,116.458,-0.003,-0.025,-0.003,-0.009,0.007,-0.019,0.01,19.93,4.39,-0.21,-0.11,0.01,0.009,0.057,0.006,0.022,-0.018,0.058,,
2026-02-06 12:23:08.729,place_on_unloader,-713.765,249.16,1232.667,88.716,0.763,0.585,-26.661,-31.3,-118.793,66.514,-104.325,116.455,-0.002,-0.016,-0.002,-0.005,0.005,-0.012,0.03,19.74,4.33,-0.13,0.02,-0.05,0.007,0.044,0.005,0.017,-0.014,0.043,,
2026-02-06 12:23:09.237,place_on_unloader,-713.763,249.166,1232.602,88.715,0.761,0.585,-26.661,-31.305,-118.793,66.513,-104.324,116.451,-0.001,-0.01,-0.001,-0.004,0.003,-0.007,-0.0,19.8,4.38,-0.12,0.05,0.08,0.004,0.029,0.003,0.011,-0.009,0.028,,
2026-02-06 12:23:09.748,place_on_unloader,-713.761,249.17,1232.56,88.715,0.76,0.586,-26.662,-31.308,-118.794,66.512,-104.323,116.45,-0.001,-0.007,-0.001,-0.002,0.002,-0.004,-0.07,19.82,4.33,-0.15,-0.07,0.0,0.003,0.019,0.002,0.007,-0.006,0.018,,
2026-02-06 12:23:10.260,place_on_unloader,-713.76,249.173,1232.535,88.715,0.759,0.586,-26.662,-31.309,-118.794,66.511,-104.323,116.448,-0.0,-0.004,-0.0,-0.001,0.001,-0.003,0.03,19.83,4.41,-0.28,-0.1,0.07,0.002,0.013,0.001,0.005,-0.004,0.012,,
2026-02-06 12:23:10.770,place_on_unloader,-713.759,249.174,1232.519,88.715,0.759,0.586,-26.662,-31.31,-118.794,66.511,-104.322,116.448,-0.0,-0.003,-0.0,-0.001,0.001,-0.002,0.02,19.88,4.33,-0.19,0.03,0.01,0.001,0.008,0.001,0.003,-0.002,0.007,,
2026-02-06 12:23:10.874,place_to_retreat_unloader,-714.687,249.801,1242.293,88.885,1.269,0.46,-26.681,-30.669,-118.621,66.712,-104.448,116.71,-0.047,1.602,0.431,0.502,-0.314,0.653,-0.01,19.78,4.48,-0.15,-0.3,0.22,-0.185,6.424,1.728,2.013,-1.26,2.625,,
2026-02-06 12:23:10.975,place_to_retreat_unloader,-715.469,250.468,1253.883,88.932,1.474,0.392,-26.702,-29.932,-118.422,66.952,-104.754,117.397,-0.09,3.043,0.822,0.978,-1.0,2.209,0.11,19.72,4.4,-0.06,-0.76,0.5,-0.199,6.733,1.821,2.209,-2.935,6.619,,
2026-02-06 12:23:11.075,place_to_retreat_unloader,-715.994,251.039,1265.106,88.916,1.466,0.367,-26.723,-29.23,-118.232,67.184,-105.114,118.258,-0.12,4.037,1.092,1.312,-1.65,3.808,0.04,19.54,4.45,-0.08,-1.02,0.72,-0.17,5.715,1.55,1.896,-3.184,7.691,,
2026-02-06 12:23:11.179,place_to_retreat_unloader,-716.327,251.517,1275.83,88.88,1.373,0.361,-26.743,-28.564,-118.051,67.404,-105.478,119.163,-0.139,4.693,1.271,1.535,-2.148,5.12,0.03,19.5,4.49,0.08,-1.1,0.96,-0.142,4.781,1.298,1.596,-2.907,7.368,,
2026-02-06 12:23:11.282,place_to_retreat_unloader,-716.523,251.973,1287.768,88.835,1.229,0.367,-26.765,-27.826,-117.851,67.649,-105.889,120.208,-0.16,5.365,1.454,1.763,-2.638,6.453,0.09,19.17,4.7,0.03,-1.24,1.07,-0.15,5.026,1.365,1.68,-3.082,8.028,,
2026-02-06 12:23:11.383,place_to_retreat_unloader,-716.556,252.257,1296.524,88.802,1.118,0.376,-26.781,-27.286,-117.704,67.828,-106.189,120.98,-0.16,5.374,1.457,1.77,-2.729,6.77,0.11,19.25,4.7,-0.05,-1.44,1.2,-0.076,2.541,0.69,0.855,-1.669,4.495,,
2026-02-06 12:23:11.484,place_to_retreat_unloader,-716.508,252.471,1304.214,88.775,1.022,0.388,-26.796,-26.813,-117.576,67.985,-106.451,121.656,-0.156,5.214,1.414,1.72,-2.702,6.766,0.03,19.12,4.89,-0.01,-1.35,1.23,-0.048,1.622,0.441,0.549,-1.118,3.079,,
2026-02-06 12:23:11.588,place_to_retreat_unloader,-716.392,252.649,1311.785,88.751,0.934,0.402,-26.81,-26.347,-117.449,68.14,-106.707,122.315,-0.151,5.074,1.376,1.676,-2.666,6.723,0.13,18.92,5.03,-0.05,-1.36,1.2,-0.041,1.38,0.375,0.467,-0.945,2.611,,
2026-02-06 12:23:11.692,place_to_retreat_unloader,-716.242,252.773,1318.172,88.732,0.864,0.415,-26.821,-25.955,-117.343,68.27,-106.921,122.866,-0.143,4.786,1.298,1.582,-2.534,6.419,-0.01,18.74,5.04,0.04,-1.3,1.24,-0.015,0.51,0.139,0.177,-0.432,1.265,,
2026-02-06 12:23:11.793,place_to_retreat_unloader,-716.0,252.892,1325.772,88.712,0.789,0.433,-26.835,-25.489,-117.216,68.424,-107.173,123.514,-0.142,4.756,1.29,1.573,-2.531,6.434,0.14,18.67,5.13,-0.07,-1.25,1.18,-0.036,1.2,0.326,0.404,-0.771,2.107,,
2026-02-06 12:23:11.895,place_to_retreat_unloader,-715.788,252.956,1331.157,88.7,0.742,0.447,-26.845,-25.158,-117.127,68.533,-107.35,123.967,-0.131,4.393,1.192,1.453,-2.341,5.959,-0.03,18.55,5.22,0.0,-1.24,1.09,0.009,-0.281,-0.076,-0.088,0.058,-0.048,,
2026-02-06 12:23:11.997,place_to_retreat_unloader,-715.556,253.001,1336.241,88.689,0.702,0.46,-26.854,-24.847,-117.042,68.636,-107.516,124.39,-0.122,4.073,1.105,1.347,-2.17,5.527,0.04,18.51,5.28,-0.15,-1.17,1.08,0.013,-0.439,-0.119,-0.142,0.165,-0.344,,
2026-02-06 12:23:12.099,place_to_retreat_unloader,-715.346,253.027,1340.362,88.682,0.673,0.472,-26.862,-24.594,-116.974,68.72,-107.649,124.73,-0.11,3.687,1.0,1.219,-1.96,4.994,0.07,18.38,5.35,-0.05,-1.2,0.97,0.03,-0.986,-0.268,-0.323,0.473,-1.147,,
2026-02-06 12:23:12.200,place_to_retreat_unloader,-715.128,253.043,1344.293,88.676,0.649,0.483,-26.869,-24.353,-116.908,68.799,-107.775,125.05,-0.101,3.367,0.913,1.113,-1.785,4.547,-0.0,18.31,5.47,-0.11,-1.07,0.92,0.03,-1.005,-0.273,-0.33,0.497,-1.223,,
2026-02-06 12:23:12.304,place_to_retreat_unloader,-714.879,253.05,1348.429,88.671,0.628,0.495,-26.877,-24.1,-116.84,68.883,-107.906,125.384,-0.094,3.159,0.857,1.044,-1.668,4.244,-0.02,18.14,5.61,-0.1,-0.95,0.83,0.024,-0.779,-0.211,-0.256,0.392,-0.97,,
2026-02-06 12:23:12.405,place_to_retreat_unloader,-714.67,253.048,1351.663,88.668,0.614,0.504,-26.883,-23.902,-116.786,68.948,-108.009,125.642,-0.085,2.864,0.777,0.946,-1.506,3.828,0.05,18.13,5.57,-0.1,-0.78,0.72,0.038,-1.254,-0.34,-0.414,0.649,-1.629,,
2026-02-06 12:23:12.506,place_to_retreat_unloader,-714.485,253.043,1354.391,88.666,0.604,0.512,-26.888,-23.735,-116.741,69.003,-108.094,125.857,-0.077,2.566,0.696,0.848,-1.343,3.409,0.03,18.04,5.66,-0.03,-0.82,0.69,0.043,-1.438,-0.39,-0.475,0.75,-1.891,,
2026-02-06 12:23:12.610,place_to_retreat_unloader,-714.292,253.032,1357.11,88.664,0.597,0.52,-26.893,-23.568,-116.696,69.058,-108.178,126.07,-0.07,2.341,0.635,0.773,-1.219,3.089,0.01,17.94,5.69,-0.13,-0.77,0.74,0.039,-1.3,-0.353,-0.43,0.684,-1.73,,
2026-02-06 12:23:12.712,place_to_retreat_unloader,-714.123,253.021,1359.403,88.663,0.592,0.527,-26.897,-23.428,-116.658,69.105,-108.249,126.247,-0.063,2.107,0.571,0.695,-1.091,2.76,0.09,17.89,5.73,-0.08,-0.68,0.58,0.043,-1.431,-0.388,-0.473,0.753,-1.907,,
2026-02-06 12:23:12.815,place_to_retreat_unloader,-713.909,253.002,1362.206,88.663,0.589,0.535,-26.902,-23.256,-116.611,69.161,-108.335,126.462,-0.06,2.01,0.545,0.663,-1.033,2.607,0.04,17.95,5.8,-0.15,-0.65,0.59,0.029,-0.975,-0.265,-0.323,0.527,-1.344,,
2026-02-06 12:23:12.919,place_to_retreat_unloader,-713.753,252.986,1364.171,88.663,0.589,0.541,-26.905,-23.135,-116.578,69.201,-108.395,126.611,-0.054,1.808,0.49,0.596,-0.924,2.328,0.14,17.83,5.9,-0.17,-0.57,0.51,0.042,-1.391,-0.378,-0.46,0.736,-1.87,,
2026-02-06 12:23:13.020,place_to_retreat_unloader,-713.607,252.97,1365.972,88.664,0.59,0.546,-26.909,-23.025,-116.548,69.237,-108.449,126.746,-0.049,1.632,0.442,0.538,-0.829,2.084,-0.02,17.8,5.82,0.0,-0.47,0.45,0.041,-1.352,-0.367,-0.447,0.716,-1.82,,
2026-02-06 12:23:13.124,place_to_retreat_unloader,-713.469,252.953,1367.622,88.665,0.592,0.551,-26.912,-22.924,-116.521,69.27,-108.499,126.869,-0.044,1.477,0.4,0.486,-0.745,1.869,0.1,17.78,5.96,-0.13,-0.46,0.39,0.039,-1.309,-0.355,-0.433,0.693,-1.762,,
2026-02-06 12:23:13.225,place_to_retreat_unloader,-713.336,252.935,1369.196,88.666,0.595,0.555,-26.915,-22.827,-116.495,69.302,-108.545,126.985,-0.04,1.349,0.366,0.444,-0.676,1.692,0.09,17.78,5.89,-0.07,-0.49,0.46,0.037,-1.225,-0.332,-0.405,0.65,-1.655,,
2026-02-06 12:23:13.326,place_to_retreat_unloader,-713.193,252.915,1370.851,88.668,0.6,0.559,-26.918,-22.726,-116.467,69.335,-108.594,127.105,-0.038,1.266,0.343,0.416,-0.629,1.57,-0.02,17.66,5.94,-0.11,-0.35,0.34,0.032,-1.052,-0.286,-0.348,0.565,-1.442,,
2026-02-06 12:23:13.431,place_to_retreat_unloader,-713.083,252.899,1372.096,88.669,0.604,0.562,-26.92,-22.65,-116.447,69.36,-108.631,127.195,-0.034,1.14,0.309,0.375,-0.563,1.402,-0.01,17.68,6.05,-0.1,-0.36,0.33,0.036,-1.199,-0.325,-0.396,0.633,-1.607,,
2026-02-06 12:23:13.532,place_to_retreat_unloader,-712.981,252.884,1373.236,88.671,0.609,0.565,-26.922,-22.58,-116.428,69.383,-108.664,127.276,-0.031,1.03,0.279,0.338,-0.505,1.255,0.07,17.57,5.96,-0.13,-0.25,0.3,0.034,-1.142,-0.31,-0.378,0.602,-1.528,,
2026-02-06 12:23:13.634,place_to_retreat_unloader,-712.886,252.869,1374.282,88.672,0.614,0.568,-26.924,-22.515,-116.41,69.404,-108.694,127.35,-0.028,0.933,0.253,0.306,-0.454,1.126,0.07,17.48,5.98,-0.15,-0.39,0.35,0.033,-1.086,-0.295,-0.359,0.572,-1.451,,
2026-02-06 12:23:13.737,place_to_retreat_unloader,-712.795,252.854,1375.279,88.674,0.62,0.57,-26.926,-22.454,-116.394,69.424,-108.722,127.42,-0.025,0.853,0.231,0.28,-0.412,1.019,0.01,17.61,5.99,-0.2,-0.25,0.23,0.03,-1.008,-0.273,-0.333,0.531,-1.347,,
2026-02-06 12:23:13.841,place_to_retreat_unloader,-712.692,252.836,1376.395,88.676,0.627,0.572,-26.928,-22.386,-116.375,69.447,-108.754,127.497,-0.024,0.811,0.22,0.266,-0.388,0.957,-0.06,17.44,6.05,-0.05,-0.3,0.24,0.025,-0.833,-0.226,-0.276,0.446,-1.137,,
2026-02-06 12:23:13.941,place_to_retreat_unloader,-712.616,252.823,1377.209,88.678,0.633,0.574,-26.929,-22.336,-116.362,69.463,-108.777,127.553,-0.022,0.733,0.199,0.24,-0.349,0.857,0.1,17.48,6.11,-0.11,-0.33,0.1,0.028,-0.936,-0.254,-0.309,0.489,-1.239,,
2026-02-06 12:23:14.043,place_to_retreat_unloader,-712.54,252.81,1378.008,88.68,0.64,0.576,-26.931,-22.286,-116.348,69.479,-108.799,127.607,-0.02,0.673,0.182,0.22,-0.317,0.778,0.09,17.53,6.09,-0.17,-0.25,0.19,0.025,-0.85,-0.231,-0.281,0.446,-1.131,,
2026-02-06 12:23:14.145,place_to_retreat_unloader,-712.474,252.798,1378.707,88.682,0.646,0.577,-26.932,-22.243,-116.337,69.493,-108.819,127.654,-0.018,0.612,0.166,0.2,-0.286,0.701,0.08,17.51,6.1,-0.16,-0.22,0.18,0.025,-0.827,-0.224,-0.273,0.431,-1.09,,
2026-02-06 12:23:14.246,place_to_retreat_unloader,-712.407,252.785,1379.413,88.684,0.652,0.578,-26.933,-22.2,-116.325,69.507,-108.838,127.701,-0.017,0.568,0.154,0.186,-0.263,0.643,0.08,17.39,6.18,-0.16,-0.16,0.06,0.022,-0.74,-0.201,-0.244,0.388,-0.982,,
2026-02-06 12:23:14.349,place_to_retreat_unloader,-712.348,252.774,1380.028,88.685,0.659,0.579,-26.934,-22.162,-116.315,69.52,-108.855,127.741,-0.015,0.52,0.141,0.17,-0.24,0.583,0.01,17.46,6.14,-0.23,-0.18,0.1,0.022,-0.722,-0.196,-0.238,0.375,-0.949,,
2026-02-06 12:23:14.451,place_to_retreat_unloader,-712.296,252.764,1380.565,88.687,0.665,0.58,-26.935,-22.129,-116.306,69.53,-108.87,127.776,-0.014,0.473,0.128,0.154,-0.216,0.524,0.04,17.43,6.14,-0.24,-0.15,0.09,0.021,-0.698,-0.189,-0.23,0.36,-0.909,waypoint,
2026-02-06 12:23:14.552,place_to_retreat_unloader,-694.338,263.338,1415.513,88.934,2.121,-0.517,-28.279,-19.502,-116.44,69.961,-109.714,128.675,-3.371,6.922,-0.24,1.192,-2.274,2.639,0.04,16.96,5.94,-0.13,-1.68,0.77,-13.414,25.31,-1.603,3.989,-7.978,7.819,,
2026-02-06 12:23:14.654,place_to_retreat_unloader,-672.465,272.952,1453.052,88.549,2.589,-1.046,-29.702,-16.729,-116.58,70.438,-111.507,130.713,-6.084,12.124,-0.53,2.087,-6.187,7.075,0.17,16.56,5.94,0.02,-3.42,1.52,-12.855,24.242,-1.499,4.059,-16.66,18.433,,
2026-02-06 12:23:14.755,place_to_retreat_unloader,-650.725,280.16,1486.693,88.054,2.552,-1.233,-30.993,-14.215,-116.706,70.877,-113.438,133.033,-7.79,15.38,-0.712,2.663,-9.468,11.106,0.18,15.97,5.88,0.07,-4.72,2.03,-10.251,19.233,-1.209,3.27,-16.377,19.409,,
2026-02-06 12:23:14.857,place_to_retreat_unloader,-627.479,285.865,1519.617,87.585,2.325,-1.258,-32.287,-11.694,-116.832,71.32,-115.467,135.553,-9.077,17.836,-0.849,3.104,-12.174,14.631,0.12,15.27,6.13,-0.03,-5.59,2.56,-9.259,17.369,-1.088,2.983,-15.722,19.473,,
2026-02-06 12:23:14.961,place_to_retreat_unloader,-608.401,289.229,1544.716,87.278,2.096,-1.2,-33.3,-9.72,-116.93,71.668,-117.071,137.578,-9.342,18.312,-0.883,3.198,-13.14,16.035,0.2,14.66,6.26,0.1,-6.08,2.82,-5.528,10.166,-0.705,1.733,-9.895,12.569,,
2026-02-06 12:23:15.065,place_to_retreat_unloader,-589.777,291.489,1567.792,87.051,1.87,-1.098,-34.256,-7.858,-117.023,71.996,-118.581,139.496,-9.397,18.39,-0.895,3.219,-13.629,16.822,0.11,14.01,6.51,0.24,-6.34,3.04,-4.404,8.036,-0.579,1.366,-7.962,10.245,,
2026-02-06 12:23:15.166,place_to_retreat_unloader,-573.034,292.724,1587.472,86.906,1.675,-0.978,-35.093,-6.228,-117.105,72.283,-119.893,141.167,-9.139,17.867,-0.874,3.133,-13.503,16.795,0.13,13.37,6.8,0.1,-6.49,3.01,-2.768,4.904,-0.405,0.819,-5.198,6.752,,
2026-02-06 12:23:15.267,place_to_retreat_unloader,-555.173,293.26,1607.465,86.813,1.48,-0.828,-35.966,-4.528,-117.19,72.583,-121.252,142.896,-9.036,17.65,-0.868,3.099,-13.523,16.917,0.16,12.67,7.0,0.11,-6.31,3.05,-2.85,5.113,-0.4,0.858,-5.135,6.649,,
2026-02-06 12:23:15.368,place_to_retreat_unloader,-540.402,293.125,1623.285,86.78,1.33,-0.69,-36.674,-3.148,-117.258,72.826,-122.345,144.285,-8.548,16.687,-0.823,2.931,-12.876,16.16,0.02,12.1,7.15,0.11,-6.06,2.84,-0.922,1.403,-0.2,0.207,-1.972,2.588,,
2026-02-06 12:23:15.468,place_to_retreat_unloader,-527.3,292.583,1636.816,86.785,1.205,-0.561,-37.294,-1.941,-117.319,73.038,-123.294,145.488,-7.96,15.533,-0.768,2.729,-12.03,15.127,0.09,11.61,7.49,0.06,-5.88,2.83,0.056,-0.463,-0.094,-0.12,-0.331,0.468,,
2026-02-06 12:23:15.573,place_to_retreat_unloader,-514.798,291.707,1649.311,86.818,1.094,-0.434,-37.879,-0.802,-117.376,73.238,-124.182,146.611,-7.432,14.498,-0.719,2.547,-11.243,14.153,0.05,11.0,7.56,0.04,-5.59,2.61,0.4,-1.097,-0.051,-0.23,0.31,-0.376,,
2026-02-06 12:23:15.675,place_to_retreat_unloader,-503.355,290.605,1660.412,86.871,0.999,-0.314,-38.409,0.232,-117.427,73.42,-124.981,147.618,-6.9,13.457,-0.668,2.364,-10.43,13.134,0.14,10.43,7.73,-0.08,-5.24,2.49,0.904,-2.047,0.007,-0.395,1.171,-1.494,,
2026-02-06 12:23:15.776,place_to_retreat_unloader,-492.162,289.253,1670.972,86.946,0.912,-0.197,-38.924,1.235,-117.478,73.595,-125.75,148.585,-6.462,12.6,-0.627,2.212,-9.745,12.268,0.03,9.91,7.94,-0.02,-4.91,2.34,0.969,-2.144,0.021,-0.411,1.355,-1.75,,
2026-02-06 12:23:15.879,place_to_retreat_unloader,-482.354,287.851,1679.994,87.029,0.842,-0.093,-39.372,2.108,-117.521,73.748,-126.414,149.418,-5.968,11.634,-0.579,2.041,-8.968,11.282,0.1,9.49,8.14,-0.03,-4.54,2.13,1.537,-3.224,0.083,-0.599,2.271,-2.92,,
2026-02-06 12:23:15.982,place_to_retreat_unloader,-474.362,286.558,1687.19,87.108,0.79,-0.01,-39.736,2.817,-117.557,73.872,-126.948,150.086,-5.385,10.498,-0.523,1.841,-8.061,10.131,-0.04,8.96,8.23,-0.03,-4.25,1.95,2.23,-4.551,0.158,-0.829,3.341,-4.273,,
2026-02-06 12:23:16.086,place_to_retreat_unloader,-467.035,285.255,1693.668,87.191,0.745,0.066,-40.068,3.464,-117.589,73.985,-127.432,150.69,-4.87,9.492,-0.474,1.663,-7.256,9.108,-0.06,8.62,8.32,0.03,-3.89,1.74,2.321,-4.708,0.172,-0.855,3.506,-4.485,,
2026-02-06 12:23:16.190,place_to_retreat_unloader,-460.839,284.067,1699.06,87.268,0.71,0.129,-40.349,4.011,-117.617,74.08,-127.838,151.194,-4.353,8.484,-0.424,1.485,-6.455,8.093,-0.03,8.19,8.45,-0.03,-3.65,1.63,2.609,-5.251,0.206,-0.947,3.944,-5.032,,
2026-02-06 12:23:16.289,place_to_retreat_unloader,-453.478,282.551,1705.364,87.369,0.672,0.201,-40.681,4.658,-117.649,74.193,-128.314,151.786,-4.095,7.982,-0.399,1.396,-6.033,7.548,-0.01,7.92,8.6,-0.02,-3.32,1.53,1.829,-3.713,0.134,-0.678,2.837,-3.658,,
2026-02-06 12:23:16.393,place_to_retreat_unloader,-447.28,281.187,1710.589,87.46,0.644,0.261,-40.96,5.202,-117.676,74.288,-128.711,152.277,-3.77,7.347,-0.367,1.283,-5.517,6.889,-0.06,7.62,8.69,-0.04,-3.06,1.29,2.176,-4.375,0.173,-0.791,3.35,-4.295,,
2026-02-06 12:23:16.494,place_to_retreat_unloader,-441.862,279.93,1715.095,87.546,0.623,0.312,-41.204,5.677,-117.7,74.37,-129.055,152.701,-3.436,6.697,-0.335,1.168,-4.996,6.227,-0.15,7.32,8.81,-0.04,-2.8,1.27,2.313,-4.628,0.19,-0.833,3.549,-4.538,,
2026-02-06 12:23:16.595,place_to_retreat_unloader,-437.117,278.779,1718.994,87.626,0.607,0.354,-41.417,6.093,-117.721,74.442,-129.353,153.068,-3.11,6.062,-0.303,1.056,-4.492,5.588,0.0,7.07,8.87,-0.12,-2.53,1.28,2.387,-4.759,0.201,-0.854,3.649,-4.655,,
2026-02-06 12:23:16.696,place_to_retreat_unloader,-432.954,277.73,1722.381,87.699,0.595,0.39,-41.604,6.457,-117.739,74.505,-129.612,153.386,-2.8,5.458,-0.273,0.95,-4.017,4.987,-0.08,6.75,8.87,-0.06,-2.25,1.04,2.411,-4.795,0.206,-0.858,3.672,-4.675,,
2026-02-06 12:23:16.797,place_to_retreat_unloader,-428.003,276.436,1726.366,87.79,0.584,0.431,-41.826,6.89,-117.761,74.58,-129.917,153.76,-2.656,5.176,-0.259,0.899,-3.777,4.675,-0.01,6.63,8.95,-0.11,-2.08,0.93,1.817,-3.627,0.151,-0.655,2.843,-3.651,,
2026-02-06 12:23:16.898,place_to_retreat_unloader,-424.498,275.488,1729.16,87.858,0.578,0.459,-41.984,7.197,-117.777,74.633,-130.131,154.022,-2.385,4.649,-0.233,0.807,-3.368,4.16,0.02,6.3,9.02,-0.08,-1.86,0.89,2.284,-4.53,0.199,-0.809,3.47,-4.41,,
2026-02-06 12:23:16.990,place_to_retreat_unloader,-421.19,274.57,1731.777,87.924,0.575,0.484,-42.132,7.487,-117.791,74.683,-130.332,154.266,-2.16,4.211,-0.211,0.73,-3.027,3.731,0.05,6.13,9.03,-0.04,-1.69,0.8,2.144,-4.25,0.188,-0.758,3.261,-4.144,,
2026-02-06 12:23:17.101,place_to_retreat_unloader,-418.296,273.748,1734.05,87.983,0.574,0.505,-42.262,7.74,-117.804,74.726,-130.506,154.477,-1.945,3.791,-0.19,0.656,-2.705,3.326,-0.08,6.01,9.15,-0.11,-1.55,0.77,2.116,-4.187,0.187,-0.745,3.2,-4.058,,
2026-02-06 12:23:17.202,place_to_retreat_unloader,-415.663,272.984,1736.105,88.039,0.575,0.522,-42.38,7.971,-117.815,74.766,-130.663,154.668,-1.754,3.42,-0.172,0.591,-2.422,2.971,-0.03,5.9,9.25,-0.13,-1.37,0.74,2.021,-3.995,0.18,-0.711,3.049,-3.862,,
2026-02-06 12:23:17.303,place_to_retreat_unloader,-412.745,272.12,1738.368,88.102,0.577,0.541,-42.511,8.226,-117.828,74.81,-130.836,154.876,-1.644,3.204,-0.161,0.553,-2.248,2.749,-0.04,5.69,9.23,-0.1,-1.35,0.58,1.69,-3.345,0.149,-0.597,2.59,-3.295,,
2026-02-06 12:23:17.406,place_to_retreat_unloader,-410.534,271.453,1740.073,88.151,0.581,0.554,-42.611,8.42,-117.838,74.843,-130.965,155.032,-1.481,2.887,-0.145,0.498,-2.01,2.452,-0.02,5.58,9.23,-0.07,-1.35,0.52,1.838,-3.629,0.166,-0.644,2.76,-3.488,,
2026-02-06 12:23:17.509,place_to_retreat_unloader,-408.53,270.839,1741.611,88.197,0.585,0.565,-42.701,8.596,-117.847,74.873,-131.082,155.172,-1.336,2.605,-0.131,0.448,-1.799,2.189,-0.04,5.46,9.29,-0.15,-1.28,0.45,1.747,-3.446,0.158,-0.611,2.614,-3.3,,
2026-02-06 12:23:17.612,place_to_retreat_unloader,-406.777,270.295,1742.951,88.238,0.59,0.574,-42.78,8.75,-117.855,74.899,-131.183,155.293,-1.199,2.338,-0.118,0.402,-1.602,1.945,0.02,5.38,9.22,-0.18,-1.31,0.42,1.685,-3.321,0.153,-0.588,2.507,-3.159,,
2026-02-06 12:23:17.713,place_to_retreat_unloader,-405.241,269.813,1744.121,88.274,0.595,0.581,-42.849,8.884,-117.861,74.922,-131.271,155.399,-1.072,2.091,-0.105,0.359,-1.421,1.721,-0.1,5.2,9.34,-0.17,-1.26,0.42,1.614,-3.179,0.147,-0.562,2.388,-3.003,,
2026-02-06 12:23:17.817,place_to_retreat_unloader,-403.416,269.233,1745.505,88.318,0.603,0.589,-42.931,9.045,-117.869,74.949,-131.374,155.522,-1.01,1.969,-0.099,0.337,-1.325,1.6,-0.01,5.15,9.36,-0.19,-1.45,0.44,1.322,-2.606,0.12,-0.462,1.993,-2.519,,
2026-02-06 12:23:17.919,place_to_retreat_unloader,-402.078,268.802,1746.517,88.351,0.609,0.594,-42.992,9.162,-117.875,74.969,-131.45,155.612,-0.908,1.771,-0.089,0.303,-1.182,1.424,0.01,5.02,9.36,-0.17,-1.53,0.36,1.408,-2.772,0.129,-0.489,2.076,-2.607,,
2026-02-06 12:23:18.020,place_to_retreat_unloader,-400.951,268.437,1747.367,88.379,0.616,0.597,-43.042,9.262,-117.88,74.986,-131.513,155.686,-0.808,1.576,-0.079,0.269,-1.044,1.254,-0.04,4.96,9.42,-0.1,-1.74,0.15,1.362,-2.68,0.126,-0.472,1.992,-2.495,,
2026-02-06 12:23:18.125,place_to_retreat_unloader,-399.883,268.088,1748.171,88.406,0.622,0.601,-43.091,9.356,-117.885,75.002,-131.572,155.756,-0.727,1.417,-0.071,0.242,-0.931,1.116,0.06,4.92,9.41,-0.16,-1.65,0.21,1.252,-2.463,0.116,-0.434,1.83,-2.292,,
2026-02-06 12:23:18.224,place_to_retreat_unloader,-398.911,267.768,1748.9,88.431,0.629,0.603,-43.135,9.441,-117.889,75.016,-131.625,155.819,-0.655,1.277,-0.064,0.218,-0.832,0.995,0.04,4.8,9.43,-0.09,-1.7,0.25,1.17,-2.301,0.108,-0.405,1.705,-2.132,,
2026-02-06 12:23:18.325,place_to_retreat_unloader,-397.899,267.432,1749.658,88.457,0.636,0.605,-43.18,9.531,-117.894,75.032,-131.681,155.884,-0.606,1.181,-0.059,0.201,-0.762,0.909,-0.11,4.73,9.39,-0.17,-1.88,0.14,1.035,-2.034,0.096,-0.358,1.516,-1.9,,
2026-02-06 12:23:18.427,place_to_retreat_unloader,-397.107,267.167,1750.251,88.478,0.643,0.607,-43.216,9.601,-117.898,75.043,-131.724,155.935,-0.544,1.061,-0.053,0.18,-0.679,0.807,0.05,4.7,9.44,-0.28,-1.95,0.12,1.03,-2.024,0.096,-0.355,1.488,-1.857,,
2026-02-06 12:23:18.529,place_to_retreat_unloader,-396.36,266.916,1750.809,88.498,0.649,0.608,-43.25,9.667,-117.901,75.054,-131.764,155.982,-0.492,0.96,-0.048,0.163,-0.61,0.723,0.0,4.68,9.38,-0.17,-2.04,0.19,0.948,-1.861,0.088,-0.327,1.367,-1.704,,
2026-02-06 12:23:18.629,place_to_retreat_unloader,-395.779,266.72,1751.242,88.514,0.654,0.608,-43.276,9.718,-117.903,75.063,-131.795,156.018,-0.435,0.849,-0.043,0.144,-0.535,0.633,-0.07,4.61,9.45,-0.21,-2.03,0.12,0.928,-1.822,0.087,-0.319,1.322,-1.642,,
2026-02-06 12:23:18.732,place_to_retreat_unloader,-395.178,266.516,1751.689,88.53,0.66,0.608,-43.304,9.771,-117.906,75.072,-131.827,156.055,-0.394,0.769,-0.039,0.13,-0.481,0.567,0.01,4.62,9.42,-0.19,-2.14,0.13,0.826,-1.622,0.077,-0.284,1.182,-1.469,,
2026-02-06 12:23:18.834,place_to_retreat_unloader,-394.573,266.31,1752.14,88.547,0.667,0.609,-43.331,9.825,-117.909,75.081,-131.858,156.092,-0.365,0.711,-0.036,0.12,-0.44,0.518,-0.09,4.58,9.48,-0.25,-2.2,0.17,0.741,-1.454,0.069,-0.255,1.063,-1.323,,
2026-02-06 12:23:18.934,place_to_retreat_unloader,-394.135,266.16,1752.465,88.559,0.672,0.608,-43.351,9.863,-117.911,75.087,-131.881,156.118,-0.323,0.63,-0.032,0.106,-0.387,0.454,-0.09,4.57,9.43,-0.15,-2.16,0.09,0.743,-1.458,0.07,-0.254,1.047,-1.296,waypoint,
2026-02-06 12:23:19.036,retreat_unloader_to_end,-394.277,264.651,1752.879,88.843,0.497,0.87,-43.189,9.929,-117.879,74.771,-131.879,156.154,0.162,0.636,0.055,-0.711,-0.286,0.429,15.05,7.29,15.42,-1.64,-1.38,0.19,2.484,-1.048,0.399,-3.457,1.19,-1.078,,
2026-02-06 12:23:19.136,retreat_unloader_to_end,-404.785,241.375,1751.555,94.886,-3.64,3.845,-40.123,10.445,-117.353,68.286,-129.84,156.8,7.788,1.768,1.358,-16.746,4.885,1.938,12.44,6.77,14.28,-2.69,2.34,0.51,31.285,3.57,5.309,-64.797,21.447,5.141,,
2026-02-06 12:23:19.237,retreat_unloader_to_end,-415.599,220.784,1748.513,101.446,-7.463,4.527,-37.303,10.922,-116.871,62.291,-126.35,157.877,12.889,2.519,2.223,-27.547,12.387,4.146,10.46,6.34,13.51,-3.44,6.05,0.88,25.684,2.819,4.33,-53.42,33.801,8.935,,
2026-02-06 12:23:19.340,retreat_unloader_to_end,-426.74,199.804,1744.385,109.337,-10.973,3.986,-34.239,11.442,-116.347,55.785,-121.888,159.302,17.326,3.188,2.976,-36.926,20.446,6.67,8.68,5.93,12.74,-3.93,8.85,1.29,25.56,2.962,4.314,-53.19,40.151,11.511,,
2026-02-06 12:23:19.444,retreat_unloader_to_end,-434.083,185.687,1741.348,115.426,-12.907,3.079,-32.017,11.819,-115.968,51.067,-118.497,160.41,18.552,3.334,3.181,-39.489,23.812,7.774,7.28,5.54,12.22,-4.29,10.89,1.45,14.594,1.242,2.445,-29.986,25.421,7.206,,
2026-02-06 12:23:19.546,retreat_unloader_to_end,-440.264,173.611,1738.792,121.196,-14.157,2.019,-29.979,12.165,-115.619,46.742,-115.359,161.449,19.009,3.365,3.256,-40.429,25.704,8.428,6.15,5.2,11.69,-4.4,12.17,1.59,11.288,0.805,1.884,-23.058,20.351,5.785,,
2026-02-06 12:23:19.650,retreat_unloader_to_end,-445.528,163.268,1736.793,126.584,-14.84,0.949,-28.11,12.482,-115.3,42.777,-112.484,162.406,18.929,3.317,3.24,-40.235,26.465,8.715,5.19,4.91,11.26,-4.45,13.03,1.66,8.465,0.437,1.406,-17.154,15.681,4.395,,
2026-02-06 12:23:19.752,retreat_unloader_to_end,-450.95,152.683,1735.121,132.543,-15.075,-0.242,-26.058,12.83,-114.95,38.423,-109.345,163.455,19.327,3.358,3.306,-41.06,27.697,9.157,4.45,4.66,11.15,-4.46,13.28,1.65,9.451,0.704,1.577,-19.325,16.758,4.866,,
2026-02-06 12:23:19.853,retreat_unloader_to_end,-454.992,144.935,1734.28,137.19,-14.889,-1.122,-24.454,13.103,-114.676,35.02,-106.909,164.269,18.505,3.199,3.164,-39.304,26.862,8.903,3.59,4.51,10.86,-4.34,13.16,1.73,4.028,-0.126,0.655,-7.89,8.049,2.034,,
2026-02-06 12:23:19.955,retreat_unloader_to_end,-458.576,138.225,1733.924,141.398,-14.446,-1.849,-22.988,13.351,-114.426,31.91,-104.701,165.007,17.543,3.021,2.998,-37.251,25.668,8.521,3.14,4.2,10.67,-4.22,12.93,1.61,2.238,-0.349,0.353,-4.158,4.971,1.066,,
2026-02-06 12:23:20.056,retreat_unloader_to_end,-461.419,133.032,1733.952,144.759,-13.907,-2.36,-21.804,13.552,-114.224,29.398,-102.929,165.598,16.118,2.768,2.754,-34.22,23.681,7.869,2.7,4.08,10.56,-4.17,12.49,1.67,-0.796,-0.792,-0.162,2.222,0.109,-0.505,,
2026-02-06 12:23:20.157,retreat_unloader_to_end,-464.351,127.807,1734.305,148.22,-13.183,-2.805,-20.567,13.762,-114.013,26.775,-101.092,166.21,15.18,2.601,2.594,-32.222,22.351,7.431,2.44,3.82,10.53,-3.94,11.98,1.6,-0.197,-0.625,-0.057,0.899,0.74,-0.249,,
2026-02-06 12:23:20.259,retreat_unloader_to_end,-467.312,122.666,1735.024,151.682,-12.288,-3.15,-19.309,13.975,-113.798,24.106,-99.239,166.826,14.53,2.484,2.482,-30.839,21.396,7.114,1.96,3.68,10.4,-3.86,11.23,1.37,0.041,-0.525,-0.014,0.346,0.836,-0.178,,
2026-02-06 12:23:20.361,retreat_unloader_to_end,-469.977,118.149,1735.999,154.755,-11.352,-3.358,-18.172,14.168,-113.604,21.694,-97.579,167.377,13.74,2.345,2.347,-29.159,20.197,6.713,1.71,3.47,10.41,-3.65,10.63,1.26,-1.175,-0.679,-0.219,2.885,-1.181,-0.813,,
2026-02-06 12:23:20.464,retreat_unloader_to_end,-472.134,114.558,1737.027,157.207,-10.513,-3.449,-17.25,14.325,-113.446,19.738,-96.244,167.819,12.611,2.15,2.154,-26.76,18.486,6.141,1.46,3.4,10.34,-3.42,9.98,1.26,-3.204,-0.975,-0.563,7.152,-4.31,-1.818,,
2026-02-06 12:23:20.568,retreat_unloader_to_end,-474.254,111.077,1738.248,159.581,-9.625,-3.466,-16.343,14.478,-113.291,17.815,-94.942,168.25,11.725,1.997,2.003,-24.877,17.119,5.682,1.32,3.22,10.21,-3.33,9.25,1.08,-3.04,-0.904,-0.533,6.77,-4.212,-1.755,,
2026-02-06 12:23:20.668,retreat_unloader_to_end,-475.902,108.394,1739.347,161.403,-8.894,-3.428,-15.637,14.598,-113.17,16.319,-93.937,168.582,10.558,1.797,1.804,-22.398,15.351,5.091,1.13,3.28,10.25,-3.19,8.5,1.03,-4.748,-1.155,-0.823,10.361,-6.76,-2.567,,
2026-02-06 12:23:20.772,retreat_unloader_to_end,-477.731,105.434,1740.72,163.401,-8.046,-3.332,-14.854,14.731,-113.036,14.658,-92.831,168.946,9.877,1.679,1.688,-20.951,14.28,4.73,0.98,3.12,10.27,-2.96,7.8,1.01,-3.495,-0.908,-0.607,7.677,-5.066,-1.981,,
2026-02-06 12:23:20.873,retreat_unloader_to_end,-479.212,103.042,1741.953,165.002,-7.332,-3.211,-14.219,14.839,-112.928,13.311,-91.941,169.239,8.996,1.529,1.538,-19.081,12.936,4.279,0.9,3.08,10.16,-2.91,7.22,0.87,-4.625,-1.068,-0.799,10.048,-6.725,-2.502,,
2026-02-06 12:23:20.975,retreat_unloader_to_end,-480.51,100.943,1743.127,166.394,-6.688,-3.073,-13.66,14.933,-112.832,12.127,-91.165,169.494,8.143,1.383,1.392,-17.269,11.642,3.846,0.82,2.95,10.21,-2.79,6.64,0.82,-4.934,-1.092,-0.851,10.68,-7.195,-2.632,,
2026-02-06 12:23:21.079,retreat_unloader_to_end,-481.698,99.018,1744.276,167.659,-6.086,-2.919,-13.149,15.02,-112.744,11.043,-90.459,169.725,7.387,1.254,1.263,-15.664,10.496,3.463,0.78,2.91,10.18,-2.54,6.04,0.81,-4.905,-1.062,-0.845,10.598,-7.175,-2.603,,
2026-02-06 12:23:21.180,retreat_unloader_to_end,-482.827,97.18,1745.438,168.856,-5.502,-2.748,-12.661,15.103,-112.661,10.009,-89.791,169.944,6.76,1.147,1.157,-14.333,9.542,3.144,0.64,2.81,10.26,-2.44,5.52,0.68,-4.653,-0.996,-0.801,10.046,-6.839,-2.472,,
2026-02-06 12:23:21.280,retreat_unloader_to_end,-483.932,95.369,1746.643,170.024,-4.92,-2.557,-12.181,15.184,-112.579,8.992,-89.14,170.156,6.269,1.064,1.073,-13.29,8.784,2.889,0.55,2.77,10.2,-2.38,5.1,0.63,-4.27,-0.91,-0.735,9.217,-6.323,-2.284,,
2026-02-06 12:23:21.381,retreat_unloader_to_end,-484.929,93.72,1747.789,171.075,-4.387,-2.364,-11.746,15.258,-112.504,8.071,-88.554,170.347,5.79,0.982,0.991,-12.272,8.052,2.644,0.51,2.74,10.22,-2.24,4.68,0.57,-4.289,-0.895,-0.737,9.243,-6.347,-2.274,,
2026-02-06 12:23:21.484,retreat_unloader_to_end,-485.732,92.379,1748.756,171.922,-3.951,-2.193,-11.393,15.317,-112.443,7.324,-88.084,170.5,5.224,0.886,0.895,-11.071,7.215,2.365,0.48,2.6,10.22,-2.02,4.22,0.5,-4.685,-0.945,-0.805,10.067,-6.86,-2.423,,
2026-02-06 12:23:21.587,retreat_unloader_to_end,-486.494,91.096,1749.709,172.725,-3.534,-2.018,-11.057,15.374,-112.386,6.612,-87.639,170.644,4.758,0.807,0.815,-10.083,6.524,2.135,0.45,2.7,10.26,-2.09,3.86,0.53,-4.381,-0.879,-0.752,9.41,-6.429,-2.267,,
2026-02-06 12:23:21.689,retreat_unloader_to_end,-487.159,89.965,1750.571,173.428,-3.166,-1.855,-10.762,15.424,-112.335,5.987,-87.251,170.77,4.307,0.73,0.738,-9.126,5.863,1.915,0.43,2.62,10.24,-2.0,3.45,0.45,-4.351,-0.86,-0.747,9.334,-6.357,-2.228,,
2026-02-06 12:23:21.791,retreat_unloader_to_end,-487.908,88.676,1751.577,174.221,-2.748,-1.659,-10.427,15.481,-112.277,5.278,-86.814,170.911,4.068,0.689,0.698,-8.616,5.488,1.789,0.28,2.39,10.18,-1.79,3.24,0.53,-3.521,-0.707,-0.604,7.565,-5.24,-1.852,,
2026-02-06 12:23:21.892,retreat_unloader_to_end,-488.469,87.699,1752.356,174.817,-2.433,-1.503,-10.174,15.524,-112.234,4.743,-86.488,171.016,3.682,0.624,0.632,-7.799,4.931,1.604,0.4,2.51,10.27,-1.82,3.06,0.4,-3.991,-0.776,-0.684,8.551,-5.817,-2.025,,
2026-02-06 12:23:21.996,retreat_unloader_to_end,-488.977,86.804,1753.082,175.359,-2.145,-1.355,-9.943,15.563,-112.194,4.255,-86.193,171.111,3.339,0.566,0.573,-7.07,4.437,1.441,0.3,2.36,10.26,-1.71,2.61,0.29,-3.811,-0.735,-0.653,8.159,-5.541,-1.923,,
2026-02-06 12:23:22.097,retreat_unloader_to_end,-489.42,86.014,1753.732,175.834,-1.892,-1.22,-9.741,15.597,-112.159,3.826,-85.935,171.194,3.011,0.51,0.517,-6.375,3.972,1.288,0.26,2.44,10.21,-1.58,2.34,0.28,-3.71,-0.709,-0.636,7.937,-5.366,-1.855,,
2026-02-06 12:23:22.198,retreat_unloader_to_end,-489.823,85.287,1754.337,176.269,-1.661,-1.093,-9.555,15.629,-112.127,3.433,-85.701,171.269,2.723,0.461,0.468,-5.764,3.565,1.153,0.17,2.44,10.26,-1.63,2.12,0.28,-3.507,-0.667,-0.601,7.501,-5.062,-1.745,,
2026-02-06 12:23:22.299,retreat_unloader_to_end,-490.276,84.46,1755.035,176.76,-1.4,-0.944,-9.344,15.664,-112.091,2.987,-85.437,171.353,2.569,0.435,0.442,-5.437,3.332,1.076,0.25,2.35,10.22,-1.51,1.93,0.28,-2.908,-0.558,-0.498,6.225,-4.265,-1.479,,
2026-02-06 12:23:22.401,retreat_unloader_to_end,-490.615,83.834,1755.568,177.13,-1.204,-0.828,-9.185,15.691,-112.063,2.651,-85.24,171.416,2.325,0.394,0.4,-4.918,2.991,0.964,0.24,2.36,10.17,-1.48,1.77,0.12,-3.135,-0.59,-0.537,6.699,-4.503,-1.545,,
2026-02-06 12:23:22.502,retreat_unloader_to_end,-490.91,83.282,1756.043,177.454,-1.032,-0.724,-9.045,15.715,-112.039,2.355,-85.069,171.471,2.093,0.354,0.36,-4.427,2.673,0.859,0.17,2.32,10.26,-1.52,1.64,0.19,-3.014,-0.564,-0.517,6.438,-4.306,-1.473,,
2026-02-06 12:23:22.605,retreat_unloader_to_end,-491.178,82.775,1756.482,177.751,-0.875,-0.627,-8.917,15.737,-112.017,2.085,-84.913,171.52,1.89,0.32,0.326,-3.997,2.395,0.769,0.17,2.34,10.29,-1.4,1.46,0.17,-2.829,-0.527,-0.485,6.04,-4.03,-1.376,,
2026-02-06 12:23:22.708,retreat_unloader_to_end,-491.432,82.29,1756.905,178.033,-0.726,-0.532,-8.795,15.757,-111.996,1.827,-84.765,171.567,1.723,0.292,0.297,-3.643,2.166,0.693,0.17,2.32,10.25,-1.35,1.43,0.23,-2.606,-0.484,-0.447,5.563,-3.712,-1.266,,
2026-02-06 12:23:22.809,retreat_unloader_to_end,-491.73,81.711,1757.413,178.368,-0.55,-0.417,-8.65,15.782,-111.971,1.52,-84.591,171.622,1.655,0.28,0.285,-3.499,2.059,0.658,0.12,2.27,10.22,-1.39,1.24,0.19,-2.115,-0.397,-0.362,4.52,-3.078,-1.058,,
2026-02-06 12:23:22.910,retreat_unloader_to_end,-491.946,81.285,1757.79,178.613,-0.422,-0.332,-8.543,15.8,-111.953,1.295,-84.464,171.662,1.508,0.255,0.26,-3.187,1.86,0.593,0.12,2.38,10.32,-1.34,1.03,0.12,-2.29,-0.423,-0.393,4.884,-3.245,-1.103,,
2026-02-06 12:23:23.012,retreat_unloader_to_end,-492.134,80.911,1758.121,178.827,-0.311,-0.256,-8.45,15.816,-111.936,1.098,-84.355,171.696,1.364,0.231,0.235,-2.882,1.67,0.531,0.0,2.16,10.22,-1.37,1.02,0.17,-2.194,-0.403,-0.376,4.678,-3.088,-1.046,,
2026-02-06 12:23:23.119,retreat_unloader_to_end,-492.303,80.57,1758.425,179.022,-0.21,-0.186,-8.365,15.83,-111.922,0.919,-84.256,171.728,1.235,0.209,0.213,-2.609,1.5,0.476,0.1,2.15,10.29,-1.24,0.93,0.15,-2.058,-0.377,-0.353,4.387,-2.886,-0.976,,
2026-02-06 12:23:23.220,retreat_unloader_to_end,-492.439,80.294,1758.672,179.18,-0.129,-0.128,-8.296,15.842,-111.91,0.774,-84.176,171.752,1.098,0.186,0.19,-2.319,1.324,0.419,0.13,2.21,10.31,-1.2,0.87,0.14,-2.014,-0.366,-0.346,4.29,-2.793,-0.94,,
2026-02-06 12:23:23.322,retreat_unloader_to_end,-492.608,79.945,1758.986,179.378,-0.027,-0.055,-8.21,15.856,-111.895,0.592,-84.077,171.783,1.04,0.176,0.18,-2.196,1.241,0.392,0.12,2.29,10.21,-1.08,0.73,0.1,-1.634,-0.3,-0.28,3.484,-2.316,-0.785,,
2026-02-06 12:23:23.425,retreat_unloader_to_end,-492.735,79.679,1759.225,179.528,0.049,0.002,-8.144,15.867,-111.883,0.453,-84.002,171.807,0.944,0.16,0.163,-1.993,1.117,0.352,0.01,2.28,10.3,-1.1,0.67,0.12,-1.68,-0.305,-0.288,3.578,-2.331,-0.784,,
2026-02-06 12:23:23.528,retreat_unloader_to_end,-492.841,79.455,1759.427,179.655,0.113,0.049,-8.089,15.877,-111.874,0.336,-83.94,171.826,0.846,0.143,0.147,-1.786,0.994,0.312,0.1,2.1,10.28,-1.08,0.62,0.11,-1.615,-0.292,-0.277,3.438,-2.221,-0.745,,
2026-02-06 12:23:23.630,retreat_unloader_to_end,-492.944,79.235,1759.626,179.779,0.175,0.097,-8.034,15.886,-111.864,0.222,-83.879,171.845,0.771,0.13,0.134,-1.626,0.897,0.281,0.05,2.25,10.37,-1.18,0.58,0.17,-1.463,-0.264,-0.251,3.114,-2.014,-0.675,,
2026-02-06 12:23:23.732,retreat_unloader_to_end,-493.01,79.092,1759.756,179.859,0.215,0.128,-7.999,15.892,-111.858,0.148,-83.84,171.857,0.666,0.113,0.115,-1.405,0.77,0.241,0.08,2.22,10.26,-1.19,0.58,0.09,-1.508,-0.27,-0.259,3.207,-2.03,-0.675,,
2026-02-06 12:23:23.835,retreat_unloader_to_end,-493.087,78.924,1759.908,179.953,0.262,0.164,-7.958,15.899,-111.851,0.061,-83.795,171.871,0.602,0.102,0.104,-1.271,0.691,0.216,0.11,2.27,10.36,-1.13,0.33,0.09,-1.298,-0.233,-0.223,2.761,-1.764,-0.589,,
2026-02-06 12:23:23.938,retreat_unloader_to_end,-493.173,78.734,1760.081,-179.941,0.315,0.206,-7.911,15.907,-111.843,-0.037,-83.744,171.887,0.568,0.096,0.099,-1.199,0.646,0.201,0.08,2.08,10.34,-1.04,0.34,0.11,-1.113,-0.201,-0.191,2.369,-1.532,-0.513,,
2026-02-06 12:23:24.040,retreat_unloader_to_end,-493.242,78.579,1760.221,-179.855,0.357,0.24,-7.873,15.913,-111.836,-0.117,-83.703,171.899,0.521,0.088,0.091,-1.099,0.587,0.182,0.05,2.24,10.29,-1.07,0.27,0.05,-1.09,-0.195,-0.187,2.318,-1.478,-0.493,,
2026-02-06 12:23:24.142,retreat_unloader_to_end,-493.301,78.444,1760.345,-179.78,0.393,0.27,-7.84,15.919,-111.831,-0.187,-83.667,171.91,0.474,0.08,0.082,-0.998,0.529,0.164,-0.05,2.22,10.26,-0.97,0.19,0.05,-1.028,-0.184,-0.177,2.186,-1.385,-0.46,,
2026-02-06 12:23:24.242,retreat_unloader_to_end,-493.359,78.311,1760.465,-179.706,0.429,0.3,-7.808,15.924,-111.825,-0.255,-83.633,171.921,0.436,0.074,0.076,-0.919,0.483,0.149,0.03,2.25,10.21,-1.01,0.21,0.0,-0.933,-0.167,-0.16,1.983,-1.257,-0.418,,
2026-02-06 12:23:24.345,retreat_unloader_to_end,-493.414,78.183,1760.582,-179.636,0.463,0.328,-7.777,15.929,-111.819,-0.321,-83.6,171.931,0.405,0.068,0.071,-0.854,0.444,0.137,-0.02,2.14,10.33,-1.1,0.27,0.03,-0.851,-0.152,-0.146,1.809,-1.147,-0.381,,
2026-02-06 12:23:24.448,retreat_unloader_to_end,-493.459,78.079,1760.677,-179.578,0.49,0.352,-7.751,15.934,-111.815,-0.374,-83.574,171.939,0.367,0.062,0.064,-0.774,0.399,0.123,0.03,2.19,10.26,-0.98,0.21,0.04,-0.825,-0.147,-0.142,1.752,-1.097,-0.363,,
2026-02-06 12:23:24.551,retreat_unloader_to_end,-493.498,77.985,1760.763,-179.526,0.515,0.373,-7.728,15.937,-111.811,-0.423,-83.55,171.946,0.333,0.056,0.058,-0.701,0.359,0.11,-0.02,2.12,10.24,-0.94,0.26,0.08,-0.766,-0.136,-0.132,1.627,-1.014,-0.335,,
2026-02-06 12:23:24.654,retreat_unloader_to_end,-493.534,77.899,1760.842,-179.479,0.537,0.393,-7.707,15.941,-111.807,-0.466,-83.529,171.953,0.302,0.051,0.053,-0.636,0.323,0.099,0.08,2.14,10.22,-1.08,0.18,0.11,-0.711,-0.126,-0.122,1.509,-0.936,-0.309,waypoint,
2026-02-06 12:23:24.756,home_end,-493.565,77.824,1760.911,-179.438,0.557,0.41,-7.689,15.944,-111.804,-0.505,-83.51,171.958,0.272,0.046,0.047,-0.573,0.288,0.088,0.04,2.12,10.28,-1.02,0.2,0.05,-0.666,-0.118,-0.115,1.413,-0.871,-0.287,,
2026-02-06 12:23:24.859,home_end,-493.596,77.748,1760.98,-179.396,0.576,0.427,-7.671,15.947,-111.801,-0.544,-83.491,171.964,0.25,0.042,0.044,-0.526,0.263,0.08,-0.09,2.08,10.33,-0.98,0.16,0.02,-0.597,-0.106,-0.103,1.268,-0.784,-0.258,,
2026-02-06 12:23:24.963,home_end,-493.62,77.688,1761.034,-179.364,0.591,0.441,-7.656,15.95,-111.798,-0.574,-83.477,171.968,0.224,0.038,0.039,-0.47,0.233,0.071,0.04,2.24,10.27,-1.08,0.16,-0.0,-0.578,-0.102,-0.1,1.226,-0.747,-0.245,,
2026-02-06 12:23:25.063,home_end,-493.641,77.634,1761.084,-179.334,0.604,0.453,-7.643,15.952,-111.796,-0.601,-83.464,171.972,0.201,0.034,0.035,-0.422,0.207,0.063,0.02,2.15,10.35,-1.02,0.2,0.1,-0.532,-0.094,-0.092,1.13,-0.686,-0.225,,
2026-02-06 12:23:25.166,home_end,-493.66,77.586,1761.128,-179.308,0.616,0.464,-7.632,15.954,-111.794,-0.626,-83.453,171.975,0.179,0.03,0.031,-0.377,0.184,0.056,-0.04,2.1,10.31,-1.02,0.2,-0.08,-0.495,-0.087,-0.085,1.05,-0.634,-0.207,,
2026-02-06 12:23:25.270,home_end,-493.68,77.535,1761.174,-179.28,0.629,0.476,-7.619,15.956,-111.792,-0.652,-83.441,171.979,0.165,0.028,0.029,-0.347,0.168,0.051,0.01,2.1,10.21,-0.95,0.13,0.02,-0.438,-0.077,-0.076,0.93,-0.565,-0.185,,
2026-02-06 12:23:25.371,home_end,-493.698,77.487,1761.218,-179.255,0.64,0.487,-7.608,15.958,-111.79,-0.676,-83.43,171.982,0.153,0.026,0.027,-0.321,0.154,0.046,0.04,2.13,10.28,-1.01,0.16,-0.03,-0.403,-0.071,-0.069,0.854,-0.517,-0.169,,
2026-02-06 12:23:25.472,home_end,-493.713,77.447,1761.255,-179.233,0.65,0.496,-7.598,15.959,-111.788,-0.696,-83.42,171.985,0.139,0.023,0.024,-0.291,0.138,0.042,0.01,2.06,10.37,-0.96,0.06,-0.1,-0.381,-0.067,-0.066,0.807,-0.484,-0.158,,
2026-02-06 12:23:25.575,home_end,-493.726,77.412,1761.287,-179.214,0.658,0.505,-7.59,15.961,-111.787,-0.714,-83.412,171.987,0.125,0.021,0.022,-0.263,0.124,0.037,0.06,2.17,10.28,-1.05,0.06,0.08,-0.355,-0.062,-0.061,0.752,-0.448,-0.146,,
2026-02-06 12:23:25.679,home_end,-493.739,77.379,1761.317,-179.196,0.666,0.512,-7.582,15.962,-111.785,-0.73,-83.405,171.99,0.114,0.019,0.02,-0.239,0.112,0.033,-0.01,2.14,10.36,-0.91,0.16,0.0,-0.324,-0.057,-0.056,0.687,-0.408,-0.133,,
2026-02-06 12:23:25.779,home_end,-493.751,77.345,1761.348,-179.178,0.674,0.52,-7.574,15.964,-111.784,-0.748,-83.397,171.992,0.106,0.018,0.019,-0.222,0.103,0.031,-0.06,2.15,10.28,-0.97,0.03,0.03,-0.289,-0.051,-0.05,0.612,-0.365,-0.119,,
2026-02-06 12:23:25.880,home_end,-493.761,77.317,1761.374,-179.163,0.681,0.527,-7.567,15.965,-111.783,-0.762,-83.391,171.994,0.096,0.016,0.017,-0.202,0.093,0.028,-0.03,2.17,10.32,-0.94,0.09,0.03,-0.275,-0.048,-0.048,0.584,-0.344,-0.112,,
2026-02-06 12:23:25.984,home_end,-493.769,77.294,1761.394,-179.15,0.686,0.532,-7.561,15.966,-111.782,-0.773,-83.386,171.995,0.086,0.014,0.015,-0.18,0.082,0.024,0.09,2.05,10.3,-0.9,-0.02,-0.06,-0.261,-0.046,-0.045,0.552,-0.322,-0.104,,
2026-02-06 12:23:26.085,home_end,-493.776,77.275,1761.412,-179.14,0.69,0.537,-7.557,15.966,-111.781,-0.783,-83.382,171.996,0.076,0.013,0.013,-0.16,0.072,0.021,0.01,2.11,10.28,-0.89,0.01,-0.01,-0.241,-0.042,-0.042,0.51,-0.296,-0.095,,
2026-02-06 12:23:26.187,home_end,-493.783,77.256,1761.43,-179.13,0.695,0.541,-7.552,15.967,-111.78,-0.793,-83.378,171.998,0.069,0.012,0.012,-0.144,0.064,0.019,0.01,2.18,10.36,-1.06,0.08,0.09,-0.219,-0.038,-0.038,0.464,-0.269,-0.087,,
2026-02-06 12:23:26.288,home_end,-493.79,77.235,1761.449,-179.119,0.699,0.546,-7.547,15.968,-111.779,-0.803,-83.373,171.999,0.064,0.011,0.011,-0.134,0.059,0.017,-0.02,2.21,10.31,-0.92,-0.05,0.06,-0.193,-0.034,-0.033,0.409,-0.239,-0.077,,
2026-02-06 12:23:26.390,home_end,-493.796,77.218,1761.464,-179.109,0.703,0.55,-7.543,15.969,-111.779,-0.812,-83.37,172.0,0.058,0.01,0.01,-0.122,0.054,0.016,-0.03,2.17,10.37,-0.97,0.02,-0.01,-0.182,-0.032,-0.031,0.385,-0.222,-0.072,,
2026-02-06 12:23:26.699,home_end,-493.81,77.176,1761.502,-179.087,0.712,0.56,-7.533,15.97,-111.777,-0.832,-83.361,172.002,0.043,0.007,0.008,-0.091,0.039,0.011,0.05,2.15,10.41,-0.97,0.06,-0.0,-0.143,-0.025,-0.025,0.302,-0.172,-0.055,,
2026-02-06 12:23:27.006,home_end,-493.82,77.144,1761.531,-179.07,0.719,0.568,-7.525,15.972,-111.775,-0.848,-83.354,172.004,0.033,0.005,0.006,-0.068,0.028,0.008,-0.0,2.13,10.32,-0.86,0.18,-0.0,-0.113,-0.02,-0.02,0.238,-0.133,-0.042,,
2026-02-06 12:23:27.313,home_end,-493.827,77.12,1761.553,-179.058,0.724,0.574,-7.52,15.973,-111.774,-0.86,-83.35,172.006,0.025,0.004,0.004,-0.051,0.021,0.006,0.07,2.11,10.34,-1.03,0.02,-0.04,-0.083,-0.014,-0.014,0.176,-0.098,-0.031,,
2026-02-06 12:23:27.624,home_end,-493.832,77.103,1761.568,-179.049,0.727,0.578,-7.516,15.973,-111.774,-0.869,-83.347,172.006,0.018,0.003,0.003,-0.037,0.015,0.004,0.15,2.25,10.31,-1.01,-0.01,0.01,-0.067,-0.012,-0.012,0.142,-0.077,-0.024,,
2026-02-06 12:23:27.932,home_end,-493.836,77.09,1761.581,-179.042,0.73,0.581,-7.513,15.974,-111.773,-0.875,-83.344,172.007,0.014,0.002,0.002,-0.028,0.011,0.003,0.04,2.1,10.3,-1.05,0.01,0.04,-0.052,-0.009,-0.009,0.11,-0.059,-0.019,,
2026-02-06 12:23:28.237,home_end,-493.839,77.081,1761.589,-179.037,0.732,0.583,-7.51,15.974,-111.773,-0.88,-83.342,172.008,0.01,0.002,0.002,-0.02,0.008,0.002,0.08,2.14,10.29,-0.99,-0.07,-0.01,-0.04,-0.007,-0.007,0.085,-0.045,-0.014,,
2026-02-06 12:23:28.541,home_end,-493.841,77.073,1761.595,-179.033,0.733,0.585,-7.509,15.975,-111.772,-0.883,-83.341,172.008,0.007,0.001,0.001,-0.015,0.006,0.002,-0.01,2.17,10.28,-0.99,-0.05,-0.02,-0.031,-0.005,-0.005,0.065,-0.034,-0.011,,
2026-02-06 12:23:28.844,home_end,-493.842,77.068,1761.6,-179.03,0.734,0.587,-7.508,15.975,-111.772,-0.886,-83.34,172.008,0.005,0.001,0.001,-0.011,0.004,0.001,0.01,2.13,10.21,-0.97,0.0,0.08,-0.023,-0.004,-0.004,0.049,-0.025,-0.008,,
2026-02-06 12:23:29.251,home_end,-493.843,77.063,1761.604,-179.028,0.735,0.588,-7.506,15.975,-111.772,-0.888,-83.34,172.008,0.004,0.001,0.001,-0.007,0.003,0.001,-0.03,2.15,10.31,-0.92,0.06,-0.02,-0.016,-0.003,-0.003,0.034,-0.017,-0.005,,
