timestamp,current_task,EE_x,EE_y,EE_z,EE_rx,EE_ry,EE_rz,joint1_angle,joint2_angle,joint3_angle,joint4_angle,joint5_angle,joint6_angle,joint1_velocity,joint2_velocity,joint3_velocity,joint4_velocity,joint5_velocity,joint6_velocity,joint1_torque,joint2_torque,joint3_torque,joint4_torque,joint5_torque,joint6_torque,joint1_acceleration,joint2_acceleration,joint3_acceleration,joint4_acceleration,joint5_acceleration,joint6_acceleration,waypoint
2026-01-26 04:22:13.610,home_start,-139.672,508.949,1341.738,90.457,-0.325,90.979,88.017,16.031,-119.155,13.424,-89.526,-87.037,0.0,0.0,0.0,0.0,0.0,0.0,-0.07,0.33,-300.0,-0.08,0.03,0.02,0.0,0.0,0.0,0.0,0.0,0.0,waypoint
2026-01-26 04:22:13.716,home_start,-139.672,508.949,1341.738,90.457,-0.325,90.979,88.017,16.031,-119.155,13.424,-89.526,-87.037,0.0,0.0,0.0,0.0,0.0,0.0,-0.08,0.53,-300.0,0.07,-0.12,-0.04,0.0,0.0,0.0,0.0,0.0,0.0,
2026-01-26 04:22:13.918,home_start,-139.672,508.949,1341.738,90.457,-0.325,90.979,88.017,16.031,-119.155,13.424,-89.526,-87.037,0.0,0.0,0.0,0.0,0.0,0.0,-0.08,0.9,-300.0,0.12,0.01,-0.06,0.0,0.0,0.0,0.0,0.0,0.0,
2026-01-26 04:22:14.122,home_start,-139.672,508.949,1341.738,90.457,-0.325,90.979,88.017,16.031,-119.155,13.424,-89.526,-87.037,0.0,0.0,0.0,0.0,0.0,0.0,0.03,1.29,-300.0,0.09,-0.08,-0.1,0.0,0.0,0.0,0.0,0.0,0.0,
2026-01-26 04:22:14.326,home_start,-139.672,508.949,1341.738,90.457,-0.325,90.979,88.017,16.031,-119.155,13.424,-89.526,-87.037,0.0,0.0,0.0,0.0,0.0,0.0,-0.1,1.37,-300.0,0.01,0.08,-0.0,0.0,0.0,0.0,0.0,0.0,0.0,
2026-01-26 04:22:14.531,home_start,-139.672,508.949,1341.738,90.457,-0.325,90.979,88.017,16.031,-119.155,13.424,-89.526,-87.037,0.0,0.0,0.0,0.0,0.0,0.0,-0.05,1.47,-300.0,0.05,0.04,0.02,0.0,0.0,0.0,0.0,0.0,0.0,
2026-01-26 04:22:14.737,home_start,-139.672,508.949,1341.738,90.457,-0.325,90.979,88.017,16.031,-119.155,13.424,-89.526,-87.037,0.0,0.0,0.0,0.0,0.0,0.0,0.06,1.64,-300.0,0.03,-0.03,0.11,0.0,0.0,0.0,0.0,0.0,0.0,
2026-01-26 04:22:14.941,home_start,-139.672,508.949,1341.738,90.457,-0.325,90.979,88.017,16.031,-119.155,13.424,-89.526,-87.037,0.0,0.0,0.0,0.0,0.0,0.0,0.03,1.57,-300.0,0.03,0.01,-0.01,0.0,0.0,0.0,0.0,0.0,0.0,
2026-01-26 04:22:15.145,home_start,-139.672,508.949,1341.738,90.457,-0.325,90.979,88.017,16.031,-119.155,13.424,-89.526,-87.037,0.0,0.0,0.0,0.0,0.0,0.0,-0.01,1.66,-300.0,0.05,0.06,0.05,0.0,0.0,0.0,0.0,0.0,0.0,
2026-01-26 04:22:15.350,home_start,-139.672,508.949,1341.738,90.457,-0.325,90.979,88.017,16.031,-119.155,13.424,-89.526,-87.037,0.0,0.0,0.0,0.0,0.0,0.0,-0.01,1.65,-300.0,0.1,-0.05,0.03,0.0,0.0,0.0,0.0,0.0,0.0,
2026-01-26 04:22:15.558,home_start,-139.672,508.949,1341.738,90.457,-0.325,90.979,88.017,16.031,-119.155,13.424,-89.526,-87.037,0.0,0.0,0.0,0.0,0.0,0.0,-0.02,1.57,-300.0,0.11,-0.06,-0.04,0.0,0.0,0.0,0.0,0.0,0.0,
2026-01-26 04:22:15.663,home_to_approach_feeder,-139.073,511.279,1340.305,90.463,-0.228,90.923,87.958,15.752,-119.088,13.539,-89.526,-87.035,-0.147,-0.696,0.167,0.287,0.002,0.005,-0.81,-0.74,-300.0,0.2,-0.05,-0.11,-0.589,-2.785,0.669,1.146,0.009,0.022,
2026-01-26 04:22:15.763,home_to_approach_feeder,-135.094,527.02,1331.585,90.476,-0.048,90.59,87.582,13.96,-118.669,14.733,-89.522,-86.991,-1.051,-5.003,1.172,3.199,0.011,0.113,-0.71,-0.15,-300.0,0.25,-0.03,-0.03,-3.702,-17.646,4.118,11.822,0.035,0.433,
2026-01-26 04:22:15.866,home_to_approach_feeder,-131.278,541.589,1323.564,90.474,-0.093,90.341,87.239,12.326,-118.295,16.035,-89.521,-86.898,-1.644,-7.837,1.816,5.656,0.01,0.318,-0.46,0.36,-300.0,0.29,0.03,0.11,-2.996,-14.295,3.268,11.73,0.003,0.886,
2026-01-26 04:22:15.968,home_to_approach_feeder,-127.765,554.358,1316.152,90.471,-0.149,90.172,86.936,10.88,-117.964,17.205,-89.521,-86.764,-1.991,-9.492,2.189,7.167,0.007,0.575,-0.36,0.87,-300.0,0.21,0.04,-0.01,-2.302,-10.985,2.504,9.231,-0.005,1.211,
2026-01-26 04:22:16.068,home_to_approach_feeder,-124.552,565.525,1309.323,90.468,-0.197,90.072,86.668,9.601,-117.671,18.239,-89.521,-86.596,-2.164,-10.318,2.374,7.959,0.005,0.851,-0.22,1.23,-300.0,0.45,0.0,0.04,-1.723,-8.222,1.873,6.941,-0.005,1.424,
2026-01-26 04:22:16.169,home_to_approach_feeder,-121.515,575.674,1302.818,90.465,-0.239,90.028,86.421,8.425,-117.401,19.186,-89.521,-86.393,-2.24,-10.679,2.454,8.336,0.004,1.144,-0.11,1.49,-300.0,0.37,-0.0,0.02,-1.335,-6.37,1.451,5.38,-0.003,1.627,
2026-01-26 04:22:16.350,home_to_approach_feeder,-119.196,583.176,1297.819,90.462,-0.267,90.03,86.237,7.546,-117.2,19.89,-89.521,-86.207,-2.14,-10.206,2.344,8.014,0.004,1.324,-0.1,1.81,-300.0,0.36,0.06,0.04,-0.578,-2.756,0.625,2.421,-0.001,1.302,
2026-01-26 04:22:16.452,home_to_approach_feeder,-116.693,591.046,1292.393,90.46,-0.295,90.069,86.042,6.616,-116.987,20.634,-89.521,-85.972,-2.093,-9.981,2.291,7.869,0.004,1.58,-0.13,2.09,-300.0,0.43,-0.05,0.11,-0.629,-2.999,0.682,2.567,0.001,1.658,
2026-01-26 04:22:16.553,home_to_approach_feeder,-114.535,597.651,1287.69,90.458,-0.317,90.137,85.876,5.827,-116.806,21.261,-89.52,-85.739,-1.983,-9.457,2.17,7.47,0.004,1.768,-0.03,2.38,-300.0,0.33,-0.03,0.09,-0.268,-1.278,0.289,1.151,0.002,1.478,
2026-01-26 04:22:16.655,home_to_approach_feeder,-112.446,603.894,1283.115,90.455,-0.336,90.235,85.718,5.075,-116.633,21.857,-89.52,-85.483,-1.882,-8.973,2.059,7.093,0.005,1.966,-0.15,2.59,-300.0,0.36,0.01,0.02,-0.165,-0.787,0.177,0.722,0.003,1.555,
2026-01-26 04:22:16.757,home_to_approach_feeder,-110.66,609.122,1279.182,90.454,-0.35,90.346,85.585,4.44,-116.488,22.359,-89.519,-85.239,-1.744,-8.317,1.909,6.573,0.005,2.085,0.03,2.71,-300.0,0.31,0.07,0.08,0.097,0.463,-0.108,-0.298,0.003,1.281,
2026-01-26 04:22:16.858,home_to_approach_feeder,-109.07,613.691,1275.668,90.452,-0.361,90.467,85.468,3.881,-116.359,22.798,-89.518,-85.001,-1.602,-7.635,1.752,6.029,0.006,2.158,-0.04,2.85,-300.0,0.26,-0.13,0.09,0.246,1.176,-0.271,-0.886,0.003,1.092,
2026-01-26 04:22:16.960,home_to_approach_feeder,-107.551,617.982,1272.298,90.451,-0.369,90.602,85.357,3.352,-116.238,23.212,-89.517,-84.755,-1.479,-7.049,1.618,5.557,0.006,2.235,0.0,2.99,-300.0,0.33,-0.07,-0.01,0.285,1.36,-0.313,-1.052,0.003,1.066,
2026-01-26 04:22:17.064,home_to_approach_feeder,-106.262,621.569,1269.429,90.45,-0.375,90.733,85.264,2.907,-116.136,23.559,-89.517,-84.531,-1.342,-6.399,1.469,5.035,0.006,2.235,-0.0,3.2,-300.0,0.25,0.05,0.01,0.432,2.063,-0.474,-1.619,0.002,0.732,
2026-01-26 04:22:17.165,home_to_approach_feeder,-105.125,624.693,1266.89,90.449,-0.379,90.859,85.182,2.517,-116.046,23.862,-89.516,-84.323,-1.211,-5.774,1.326,4.533,0.006,2.196,0.09,3.2,-300.0,0.24,0.07,0.01,0.505,2.409,-0.553,-1.9,0.002,0.502,
2026-01-26 04:22:17.269,home_to_approach_feeder,-104.088,627.512,1264.564,90.448,-0.382,90.982,85.108,2.164,-115.965,24.135,-89.515,-84.126,-1.094,-5.214,1.198,4.083,0.006,2.141,0.0,3.42,-300.0,0.26,0.15,0.15,0.53,2.529,-0.58,-2.002,0.001,0.348,
2026-01-26 04:22:17.371,home_to_approach_feeder,-103.306,629.616,1262.808,90.447,-0.383,91.079,85.052,1.899,-115.904,24.339,-89.515,-83.973,-0.96,-4.574,1.051,3.573,0.006,1.987,-0.06,3.49,-300.0,0.3,0.05,0.13,0.663,3.161,-0.726,-2.494,-0.0,-0.137,
2026-01-26 04:22:17.472,home_to_approach_feeder,-102.55,631.632,1261.107,90.447,-0.384,91.174,84.998,1.644,-115.845,24.535,-89.514,-83.824,-0.854,-4.068,0.935,3.168,0.006,1.862,-0.01,3.53,-300.0,0.21,-0.02,0.08,0.618,2.946,-0.676,-2.33,-0.0,-0.16,
2026-01-26 04:22:17.575,home_to_approach_feeder,-101.883,633.4,1259.601,90.447,-0.384,91.258,84.951,1.419,-115.793,24.706,-89.514,-83.693,-0.758,-3.612,0.831,2.805,0.005,1.724,0.08,3.56,-300.0,0.2,0.01,0.07,0.62,2.956,-0.678,-2.338,-0.001,-0.321,
2026-01-26 04:22:17.676,home_to_approach_feeder,-101.293,634.951,1258.268,90.446,-0.383,91.33,84.91,1.221,-115.748,24.857,-89.514,-83.58,-0.672,-3.204,0.737,2.48,0.005,1.577,0.02,3.63,-300.0,0.12,0.02,-0.01,0.614,2.929,-0.672,-2.316,-0.001,-0.464,
2026-01-26 04:22:17.777,home_to_approach_feeder,-100.773,636.313,1257.089,90.446,-0.381,91.39,84.873,1.047,-115.707,24.989,-89.513,-83.483,-0.596,-2.838,0.653,2.189,0.005,1.424,0.02,3.79,-300.0,0.17,-0.07,0.01,0.603,2.873,-0.659,-2.269,-0.002,-0.588,
2026-01-26 04:22:17.878,home_to_approach_feeder,-100.296,637.552,1256.007,90.446,-0.38,91.44,84.84,0.888,-115.671,25.108,-89.513,-83.4,-0.53,-2.526,0.581,1.942,0.004,1.276,0.06,3.73,-300.0,0.11,0.0,0.02,0.574,2.736,-0.628,-2.162,-0.002,-0.664,
2026-01-26 04:22:17.979,home_to_approach_feeder,-99.893,638.597,1255.09,90.446,-0.378,91.476,84.812,0.754,-115.64,25.209,-89.513,-83.336,-0.468,-2.23,0.513,1.708,0.004,1.117,0.01,3.77,-300.0,0.14,0.02,0.12,0.569,2.71,-0.622,-2.136,-0.002,-0.787,
2026-01-26 04:22:18.083,home_to_approach_feeder,-99.524,639.548,1254.25,90.447,-0.376,91.502,84.786,0.631,-115.611,25.301,-89.513,-83.284,-0.415,-1.979,0.456,1.511,0.003,0.967,0.05,3.76,-300.0,0.1,0.01,0.09,0.536,2.555,-0.587,-2.014,-0.002,-0.834,waypoint
2026-01-26 04:22:18.183,approach_feeder_to_pick,-99.157,642.694,1234.774,90.505,0.112,91.528,84.779,-0.598,-116.447,26.875,-89.512,-83.251,-0.33,-4.558,-1.748,5.067,0.004,0.809,-0.01,4.0,-300.0,0.3,-0.03,-0.05,0.667,-8.771,-9.171,13.008,0.003,-0.932,
2026-01-26 04:22:18.287,approach_feeder_to_pick,-98.76,646.629,1212.047,90.5,0.075,91.546,84.775,-2.091,-117.515,29.472,-89.512,-83.23,-0.256,-7.151,-3.98,10.295,0.002,0.66,0.07,4.09,-300.0,0.47,0.01,0.05,0.64,-10.528,-10.57,21.946,-0.009,-0.961,
2026-01-26 04:22:18.388,approach_feeder_to_pick,-98.481,649.315,1193.1,90.486,-0.034,91.55,84.773,-3.352,-118.42,31.748,-89.513,-83.222,-0.199,-8.516,-5.247,13.411,-0.0,0.514,0.14,4.14,-300.0,0.57,0.06,0.0,0.581,-7.154,-7.885,16.535,-0.01,-1.0,
2026-01-26 04:22:18.488,approach_feeder_to_pick,-98.29,651.092,1176.526,90.474,-0.129,91.545,84.77,-4.462,-119.216,33.751,-89.514,-83.225,-0.155,-9.162,-5.927,15.064,-0.002,0.378,0.07,4.25,-300.0,0.67,-0.01,-0.02,0.526,-4.931,-6.014,12.146,-0.009,-1.008,
2026-01-26 04:22:18.591,approach_feeder_to_pick,-98.163,652.196,1162.023,90.465,-0.206,91.53,84.768,-5.44,-119.917,35.507,-89.514,-83.237,-0.122,-9.315,-6.197,15.689,-0.003,0.253,0.05,4.38,-300.0,0.57,-0.03,-0.07,0.476,-3.11,-4.457,8.468,-0.007,-0.999,
2026-01-26 04:22:18.691,approach_feeder_to_pick,-98.084,652.814,1149.33,90.457,-0.268,91.509,84.766,-6.3,-120.534,37.047,-89.515,-83.257,-0.096,-9.138,-6.19,15.616,-0.003,0.14,0.17,4.48,-300.0,0.57,-0.0,-0.05,0.431,-1.63,-3.17,5.457,-0.006,-0.975,
2026-01-26 04:22:18.791,approach_feeder_to_pick,-98.039,653.086,1138.22,90.451,-0.316,91.481,84.764,-7.058,-121.077,38.396,-89.515,-83.283,-0.076,-8.747,-6.0,15.086,-0.004,0.039,0.15,4.55,-300.0,0.63,-0.05,0.01,0.391,-0.438,-2.113,3.012,-0.005,-0.94,
2026-01-26 04:22:18.892,approach_feeder_to_pick,-98.023,653.127,1131.465,90.448,-0.343,91.459,84.763,-7.521,-121.409,39.218,-89.515,-83.304,-0.06,-7.717,-5.329,13.368,-0.003,-0.022,0.23,4.58,-300.0,0.58,0.0,0.11,0.358,2.555,0.212,-2.572,-0.003,-0.791,
2026-01-26 04:22:18.992,approach_feeder_to_pick,-98.015,653.055,1123.582,90.444,-0.372,91.429,84.762,-8.063,-121.797,40.177,-89.516,-83.333,-0.048,-7.144,-4.967,12.425,-0.003,-0.09,0.15,4.69,-300.0,0.53,-0.03,0.04,0.321,1.503,-0.378,-0.934,-0.003,-0.799,
2026-01-26 04:22:19.093,approach_feeder_to_pick,-98.019,652.862,1115.965,90.441,-0.396,91.393,84.761,-8.589,-122.174,41.105,-89.516,-83.368,-0.039,-6.674,-4.667,11.637,-0.003,-0.154,-0.01,4.81,-300.0,0.61,-0.06,-0.12,0.289,1.514,-0.224,-1.162,-0.003,-0.772,
2026-01-26 04:22:19.194,approach_feeder_to_pick,-98.032,652.578,1108.993,90.439,-0.414,91.354,84.76,-9.073,-122.52,41.954,-89.516,-83.406,-0.032,-6.215,-4.366,10.851,-0.003,-0.21,0.11,4.78,-300.0,0.47,-0.01,-0.1,0.261,1.786,0.104,-1.828,-0.002,-0.728,
2026-01-26 04:22:19.298,approach_feeder_to_pick,-98.055,652.2,1102.198,90.437,-0.429,91.309,84.759,-9.547,-122.859,42.781,-89.517,-83.45,-0.026,-5.845,-4.121,10.207,-0.003,-0.267,0.07,4.75,-300.0,0.56,0.13,0.02,0.235,1.711,0.168,-1.864,-0.002,-0.712,
2026-01-26 04:22:19.398,approach_feeder_to_pick,-98.078,651.838,1096.918,90.436,-0.437,91.269,84.758,-9.916,-123.123,43.424,-89.517,-83.489,-0.022,-5.307,-3.751,9.261,-0.003,-0.298,0.04,4.83,-300.0,0.46,-0.06,0.01,0.214,2.582,0.898,-3.527,-0.001,-0.595,
2026-01-26 04:22:19.501,approach_feeder_to_pick,-98.105,651.454,1092.111,90.436,-0.443,91.229,84.757,-10.253,-123.364,44.008,-89.517,-83.529,-0.018,-4.824,-3.416,8.406,-0.003,-0.323,0.06,4.91,-300.0,0.29,0.03,-0.06,0.193,2.644,1.038,-3.757,-0.001,-0.544,
2026-01-26 04:22:19.603,approach_feeder_to_pick,-98.132,651.077,1087.912,90.435,-0.445,91.189,84.757,-10.549,-123.575,44.517,-89.518,-83.567,-0.015,-4.357,-3.09,7.578,-0.003,-0.339,0.08,4.89,-300.0,0.29,-0.01,-0.07,0.175,2.798,1.234,-4.129,-0.001,-0.476,
2026-01-26 04:22:19.705,approach_feeder_to_pick,-98.159,650.701,1084.112,90.435,-0.445,91.151,84.756,-10.817,-123.766,44.977,-89.518,-83.605,-0.013,-3.938,-2.796,6.834,-0.003,-0.349,0.08,4.96,-300.0,0.29,-0.0,0.06,0.158,2.792,1.307,-4.209,-0.001,-0.423,
2026-01-26 04:22:19.806,approach_feeder_to_pick,-98.185,650.359,1080.921,90.435,-0.444,91.116,84.756,-11.043,-123.927,45.363,-89.518,-83.64,-0.011,-3.517,-2.499,6.088,-0.003,-0.348,-0.06,4.96,-300.0,0.3,-0.07,0.02,0.143,2.938,1.481,-4.536,-0.0,-0.343,
2026-01-26 04:22:19.907,approach_feeder_to_pick,-98.209,650.041,1078.132,90.436,-0.441,91.084,84.755,-11.24,-124.068,45.698,-89.518,-83.671,-0.009,-3.132,-2.227,5.406,-0.002,-0.34,-0.03,5.01,-300.0,0.25,-0.06,0.04,0.13,2.924,1.533,-4.575,-0.0,-0.282,
2026-01-26 04:22:20.008,approach_feeder_to_pick,-98.231,649.748,1075.692,90.436,-0.437,91.055,84.755,-11.413,-124.192,45.991,-89.518,-83.7,-0.008,-2.781,-1.979,4.787,-0.002,-0.327,0.07,5.09,-300.0,0.32,0.05,0.02,0.117,2.877,1.555,-4.548,0.0,-0.226,
2026-01-26 04:22:20.109,approach_feeder_to_pick,-98.252,649.479,1073.557,90.437,-0.433,91.029,84.754,-11.565,-124.3,46.247,-89.519,-83.726,-0.007,-2.465,-1.754,4.229,-0.002,-0.309,-0.05,5.0,-300.0,0.27,-0.04,0.02,0.106,2.804,1.553,-4.468,0.0,-0.173,
2026-01-26 04:22:20.210,approach_feeder_to_pick,-98.27,649.244,1071.756,90.437,-0.428,91.007,84.754,-11.693,-124.391,46.462,-89.519,-83.748,-0.006,-2.169,-1.544,3.708,-0.002,-0.287,0.06,5.0,-300.0,0.2,0.02,0.0,0.096,2.76,1.567,-4.428,0.001,-0.117,
2026-01-26 04:22:20.312,approach_feeder_to_pick,-98.288,649.014,1070.054,90.438,-0.423,90.986,84.754,-11.814,-124.477,46.664,-89.519,-83.768,-0.005,-1.929,-1.373,3.287,-0.002,-0.266,0.06,5.03,-300.0,0.25,-0.05,0.05,0.086,2.553,1.459,-4.11,0.001,-0.092,
2026-01-26 04:22:20.413,approach_feeder_to_pick,-98.304,648.815,1068.622,90.438,-0.418,90.969,84.754,-11.916,-124.55,46.833,-89.519,-83.785,-0.004,-1.702,-1.211,2.889,-0.002,-0.242,0.02,5.07,-300.0,0.26,0.02,0.01,0.078,2.49,1.451,-4.028,0.001,-0.045,
2026-01-26 04:22:20.521,approach_feeder_to_pick,-98.313,648.695,1067.784,90.439,-0.414,90.959,84.754,-11.975,-124.592,46.932,-89.519,-83.794,-0.003,-1.425,-1.015,2.414,-0.001,-0.205,0.04,5.12,-300.0,0.26,0.0,-0.0,0.071,2.663,1.606,-4.331,0.001,0.033,
2026-01-26 04:22:20.628,approach_feeder_to_pick,-98.321,648.603,1067.146,90.439,-0.412,90.952,84.753,-12.021,-124.625,47.007,-89.519,-83.801,-0.003,-1.182,-0.842,1.998,-0.001,-0.171,0.03,5.08,-300.0,0.15,0.07,-0.02,0.064,2.539,1.547,-4.136,0.001,0.055,
2026-01-26 04:22:20.728,approach_feeder_to_pick,-98.332,648.464,1066.192,90.44,-0.407,90.943,84.753,-12.089,-124.673,47.119,-89.519,-83.811,-0.002,-1.057,-0.752,1.778,-0.001,-0.152,-0.04,5.15,-300.0,0.2,0.02,-0.01,0.057,2.06,1.232,-3.354,0.001,0.022,waypoint
2026-01-26 04:22:20.830,pick_on_feeder,-98.343,648.322,1065.241,90.44,-0.402,90.934,84.753,-12.156,-124.721,47.23,-89.519,-83.819,-0.002,-0.962,-0.685,1.611,-0.001,-0.135,0.02,5.14,-300.0,0.08,0.06,0.07,0.052,1.855,1.11,-3.026,0.001,0.031,
2026-01-26 04:22:20.933,pick_on_feeder,-98.353,648.196,1064.407,90.441,-0.398,90.928,84.753,-12.216,-124.763,47.327,-89.519,-83.825,-0.002,-0.87,-0.619,1.451,-0.001,-0.117,0.1,5.02,-300.0,0.13,-0.03,-0.01,0.047,1.754,1.059,-2.865,0.001,0.051,
2026-01-26 04:22:21.037,pick_on_feeder,-98.362,648.083,1063.677,90.441,-0.393,90.923,84.753,-12.268,-124.8,47.411,-89.519,-83.83,-0.002,-0.782,-0.557,1.299,-0.001,-0.098,-0.03,5.1,-300.0,0.09,-0.02,0.01,0.042,1.652,1.006,-2.703,0.001,0.066,
2026-01-26 04:22:21.137,pick_on_feeder,-98.37,647.983,1063.037,90.441,-0.389,90.921,84.753,-12.313,-124.833,47.485,-89.519,-83.832,-0.002,-0.7,-0.498,1.159,-0.001,-0.08,0.03,5.19,-300.0,0.19,0.04,0.02,0.038,1.552,0.951,-2.541,0.001,0.078,
2026-01-26 04:22:21.242,pick_on_feeder,-98.377,647.895,1062.477,90.442,-0.385,90.92,84.753,-12.353,-124.861,47.549,-89.519,-83.833,-0.001,-0.625,-0.445,1.03,-0.001,-0.062,0.04,5.09,-300.0,0.17,0.01,-0.0,0.034,1.453,0.896,-2.381,0.001,0.086,
2026-01-26 04:22:21.344,pick_on_feeder,-98.384,647.813,1061.968,90.442,-0.381,90.921,84.753,-12.389,-124.887,47.607,-89.519,-83.832,-0.001,-0.559,-0.398,0.917,-0.0,-0.045,-0.0,5.12,-300.0,0.04,-0.01,-0.06,0.031,1.345,0.833,-2.205,0.001,0.092,
2026-01-26 04:22:21.447,pick_on_feeder,-98.39,647.741,1061.524,90.443,-0.378,90.922,84.753,-12.421,-124.909,47.658,-89.519,-83.83,-0.001,-0.498,-0.354,0.814,-0.0,-0.029,-0.03,5.16,-300.0,0.1,0.01,-0.04,0.028,1.257,0.783,-2.062,0.001,0.095,
2026-01-26 04:22:21.547,pick_on_feeder,-98.395,647.678,1061.137,90.443,-0.375,90.925,84.753,-12.448,-124.928,47.701,-89.519,-83.827,-0.001,-0.442,-0.314,0.72,-0.0,-0.014,0.07,5.03,-300.0,0.09,-0.01,-0.04,0.025,1.171,0.733,-1.922,0.001,0.096,
2026-01-26 04:22:21.651,pick_on_feeder,-98.399,647.623,1060.8,90.443,-0.372,90.929,84.752,-12.472,-124.945,47.739,-89.519,-83.823,-0.001,-0.392,-0.278,0.634,-0.0,-0.001,0.01,5.13,-300.0,0.2,0.01,-0.01,0.023,1.09,0.685,-1.788,0.001,0.094,
2026-01-26 04:22:21.753,pick_on_feeder,-98.403,647.574,1060.506,90.443,-0.369,90.933,84.752,-12.493,-124.96,47.772,-89.519,-83.819,-0.001,-0.346,-0.246,0.558,-0.0,0.01,0.01,5.15,-300.0,0.12,0.03,-0.05,0.021,1.011,0.639,-1.659,0.001,0.091,
2026-01-26 04:22:21.856,pick_on_feeder,-98.407,647.531,1060.25,90.444,-0.366,90.938,84.752,-12.511,-124.973,47.801,-89.519,-83.814,-0.001,-0.305,-0.217,0.49,-0.0,0.019,-0.03,5.11,-300.0,0.17,-0.0,0.01,0.019,0.937,0.594,-1.537,0.001,0.086,
2026-01-26 04:22:21.958,pick_on_feeder,-98.41,647.493,1060.026,90.444,-0.364,90.943,84.752,-12.527,-124.984,47.825,-89.519,-83.809,-0.001,-0.268,-0.19,0.429,-0.0,0.027,0.0,5.17,-300.0,0.12,-0.05,-0.07,0.017,0.867,0.551,-1.421,0.001,0.08,
2026-01-26 04:22:22.060,pick_on_feeder,-98.413,647.459,1059.824,90.444,-0.362,90.948,84.752,-12.541,-124.994,47.848,-89.519,-83.804,-0.001,-0.237,-0.168,0.377,-0.0,0.034,0.06,5.11,-300.0,0.06,0.04,-0.02,0.015,0.796,0.507,-1.304,0.001,0.075,
2026-01-26 04:22:22.162,pick_on_feeder,-98.415,647.43,1059.655,90.444,-0.36,90.953,84.752,-12.553,-125.003,47.866,-89.519,-83.799,-0.0,-0.208,-0.147,0.329,-0.0,0.038,-0.0,5.1,-300.0,0.11,0.07,-0.02,0.014,0.739,0.473,-1.211,0.001,0.065,
2026-01-26 04:22:22.262,pick_on_feeder,-98.417,647.405,1059.508,90.445,-0.358,90.958,84.752,-12.564,-125.01,47.882,-89.519,-83.794,-0.0,-0.182,-0.129,0.287,0.0,0.041,0.03,5.11,-300.0,0.05,-0.08,-0.03,0.012,0.681,0.436,-1.114,0.0,0.058,
2026-01-26 04:22:22.363,pick_on_feeder,-98.419,647.382,1059.379,90.445,-0.357,90.963,84.752,-12.573,-125.017,47.896,-89.519,-83.789,-0.0,-0.159,-0.113,0.25,0.0,0.043,0.03,5.1,-300.0,0.12,-0.05,-0.04,0.011,0.626,0.402,-1.024,0.0,0.05,
2026-01-26 04:22:22.464,pick_on_feeder,-98.421,647.363,1059.267,90.445,-0.355,90.967,84.752,-12.581,-125.022,47.908,-89.519,-83.785,-0.0,-0.139,-0.099,0.218,0.0,0.043,0.04,5.07,-300.0,0.05,0.02,-0.01,0.01,0.575,0.37,-0.94,0.0,0.042,
2026-01-26 04:22:22.565,pick_on_feeder,-98.422,647.346,1059.172,90.445,-0.354,90.972,84.752,-12.587,-125.027,47.918,-89.519,-83.781,-0.0,-0.121,-0.086,0.189,0.0,0.042,0.04,5.05,-300.0,0.13,-0.08,-0.0,0.009,0.53,0.342,-0.866,0.0,0.033,
2026-01-26 04:22:22.665,pick_on_feeder,-98.423,647.332,1059.089,90.445,-0.353,90.975,84.752,-12.593,-125.031,47.927,-89.519,-83.777,-0.0,-0.105,-0.075,0.163,0.0,0.041,0.05,5.16,-300.0,0.16,-0.1,0.02,0.008,0.485,0.314,-0.792,0.0,0.026,
2026-01-26 04:22:22.767,pick_on_feeder,-98.424,647.319,1059.019,90.445,-0.352,90.978,84.752,-12.598,-125.035,47.934,-89.519,-83.774,-0.0,-0.091,-0.065,0.141,0.0,0.039,0.02,5.09,-300.0,0.09,0.02,-0.01,0.007,0.446,0.289,-0.727,0.0,0.019,
2026-01-26 04:22:22.867,pick_on_feeder,-98.425,647.308,1058.953,90.445,-0.351,90.981,84.752,-12.603,-125.038,47.941,-89.519,-83.771,-0.0,-0.08,-0.057,0.123,0.0,0.037,0.1,5.17,-300.0,0.12,-0.08,-0.02,0.007,0.404,0.262,-0.659,0.0,0.016,
2026-01-26 04:22:22.968,pick_on_feeder,-98.426,647.297,1058.893,90.445,-0.35,90.984,84.752,-12.607,-125.041,47.948,-89.519,-83.768,-0.0,-0.071,-0.05,0.108,0.0,0.035,0.02,5.03,-300.0,0.13,0.04,0.01,0.006,0.368,0.239,-0.6,0.0,0.011,
2026-01-26 04:22:23.072,pick_on_feeder,-98.427,647.288,1058.842,90.445,-0.349,90.987,84.752,-12.611,-125.044,47.953,-89.519,-83.766,-0.0,-0.062,-0.044,0.095,0.0,0.032,-0.02,5.11,-300.0,0.13,-0.1,-0.01,0.005,0.337,0.219,-0.548,0.0,0.006,
2026-01-26 04:22:23.176,pick_on_feeder,-98.428,647.279,1058.795,90.445,-0.348,90.989,84.752,-12.614,-125.046,47.958,-89.519,-83.763,-0.0,-0.055,-0.039,0.083,0.0,0.029,0.03,5.11,-300.0,0.06,0.04,-0.05,0.005,0.307,0.2,-0.499,0.0,0.002,
2026-01-26 04:22:23.279,pick_on_feeder,-98.428,647.272,1058.756,90.446,-0.348,90.99,84.752,-12.617,-125.048,47.962,-89.519,-83.762,-0.0,-0.048,-0.034,0.072,0.0,0.026,-0.08,5.07,-300.0,0.04,-0.07,-0.0,0.004,0.282,0.184,-0.458,0.0,-0.003,
2026-01-26 04:22:23.379,pick_on_feeder,-98.429,647.266,1058.722,90.446,-0.347,90.991,84.752,-12.619,-125.049,47.965,-89.519,-83.761,-0.0,-0.042,-0.03,0.063,0.0,0.022,0.04,5.14,-300.0,0.15,0.03,-0.01,0.004,0.257,0.168,-0.417,0.0,-0.006,
2026-01-26 04:22:23.481,pick_on_feeder,-98.429,647.261,1058.694,90.446,-0.347,90.992,84.752,-12.621,-125.051,47.968,-89.519,-83.76,-0.0,-0.036,-0.026,0.054,0.0,0.019,0.0,5.18,-300.0,0.06,-0.05,0.01,0.004,0.235,0.154,-0.381,0.0,-0.009,
2026-01-26 04:22:23.581,pick_on_feeder,-98.43,647.257,1058.67,90.446,-0.346,90.993,84.752,-12.623,-125.052,47.971,-89.519,-83.759,-0.0,-0.032,-0.022,0.047,0.0,0.016,0.01,5.14,-300.0,0.07,-0.03,0.0,0.003,0.214,0.14,-0.347,0.0,-0.011,
2026-01-26 04:22:23.683,pick_to_retreat_feeder,-97.851,651.483,1079.895,90.391,-0.857,90.979,84.735,-11.214,-123.974,45.998,-89.518,-83.757,-0.043,3.498,2.679,-4.897,0.003,0.018,0.05,5.04,-300.0,-0.04,0.03,0.04,-0.169,14.296,10.92,-20.066,0.013,0.009,
2026-01-26 04:22:23.784,pick_to_retreat_feeder,-97.436,653.91,1101.197,90.402,-0.771,90.967,84.718,-9.754,-122.834,43.312,-89.517,-83.751,-0.075,6.273,4.858,-10.388,0.005,0.027,0.05,5.04,-300.0,-0.19,0.04,-0.02,-0.153,13.38,10.442,-25.194,0.011,0.037,
2026-01-26 04:22:23.886,pick_to_retreat_feeder,-97.16,655.15,1119.283,90.415,-0.653,90.959,84.703,-8.53,-121.877,41.011,-89.516,-83.744,-0.093,7.765,6.036,-13.542,0.006,0.038,-0.02,4.84,-300.0,-0.26,0.06,0.05,-0.109,9.681,7.572,-18.814,0.005,0.051,
2026-01-26 04:22:23.989,pick_to_retreat_feeder,-96.963,655.705,1135.82,90.427,-0.552,90.955,84.69,-7.427,-121.015,38.944,-89.515,-83.735,-0.102,8.582,6.683,-15.326,0.006,0.051,-0.01,4.95,-300.0,-0.3,-0.03,0.02,-0.084,7.507,5.87,-14.607,0.004,0.063,
2026-01-26 04:22:24.089,pick_to_retreat_feeder,-96.836,655.759,1149.842,90.436,-0.474,90.954,84.679,-6.502,-120.292,37.219,-89.515,-83.726,-0.104,8.748,6.819,-15.807,0.006,0.062,0.03,4.81,-300.0,-0.39,0.02,0.09,-0.055,4.97,3.884,-9.719,0.002,0.064,
2026-01-26 04:22:24.192,pick_to_retreat_feeder,-96.752,655.482,1162.603,90.443,-0.412,90.954,84.67,-5.669,-119.641,35.671,-89.514,-83.715,-0.102,8.645,6.742,-15.724,0.006,0.073,-0.02,4.7,-300.0,-0.37,0.09,0.06,-0.038,3.562,2.781,-6.974,0.002,0.069,
2026-01-26 04:22:24.291,pick_to_retreat_feeder,-96.704,655.012,1173.379,90.449,-0.366,90.957,84.661,-4.97,-119.095,34.38,-89.514,-83.705,-0.097,8.23,6.421,-15.021,0.005,0.082,-0.08,4.64,-300.0,-0.27,-0.03,-0.11,-0.019,1.857,1.447,-3.71,0.001,0.062,
2026-01-26 04:22:24.394,pick_to_retreat_feeder,-96.679,654.424,1182.828,90.453,-0.33,90.96,84.654,-4.361,-118.62,33.26,-89.513,-83.694,-0.091,7.695,6.003,-14.065,0.005,0.088,-0.03,4.64,-300.0,-0.35,0.02,0.02,-0.006,0.773,0.599,-1.627,0.0,0.056,
2026-01-26 04:22:24.494,pick_to_retreat_feeder,-96.67,653.776,1191.105,90.456,-0.304,90.965,84.648,-3.831,-118.206,32.289,-89.513,-83.683,-0.084,7.098,5.538,-12.977,0.005,0.093,-0.01,4.63,-300.0,-0.33,-0.0,0.03,0.004,-0.087,-0.073,0.02,-0.0,0.049,
2026-01-26 04:22:24.596,pick_to_retreat_feeder,-96.671,653.108,1198.348,90.459,-0.284,90.969,84.642,-3.368,-117.846,31.446,-89.513,-83.673,-0.077,6.479,5.055,-11.84,0.004,0.095,0.04,4.51,-300.0,-0.15,-0.0,0.1,0.011,-0.76,-0.6,1.306,-0.0,0.041,
2026-01-26 04:22:24.696,pick_to_retreat_feeder,-96.68,652.449,1204.684,90.46,-0.271,90.974,84.638,-2.965,-117.531,30.715,-89.512,-83.663,-0.069,5.867,4.576,-10.707,0.004,0.096,0.01,4.49,-300.0,-0.26,0.01,-0.04,0.017,-1.278,-1.004,2.292,-0.001,0.032,
2026-01-26 04:22:24.798,pick_to_retreat_feeder,-96.694,651.793,1210.413,90.462,-0.261,90.98,84.633,-2.602,-117.248,30.059,-89.512,-83.654,-0.063,5.308,4.14,-9.67,0.004,0.096,0.06,4.42,-300.0,-0.19,0.05,-0.14,0.02,-1.548,-1.215,2.814,-0.001,0.026,
2026-01-26 04:22:24.901,pick_to_retreat_feeder,-96.711,651.178,1215.395,90.463,-0.256,90.985,84.63,-2.287,-117.003,29.493,-89.512,-83.645,-0.056,4.768,3.718,-8.667,0.003,0.094,-0.02,4.42,-300.0,-0.2,-0.0,0.06,0.024,-1.876,-1.471,3.432,-0.001,0.016,
2026-01-26 04:22:25.002,pick_to_retreat_feeder,-96.728,650.609,1219.724,90.463,-0.253,90.989,84.626,-2.014,-116.79,29.005,-89.512,-83.637,-0.05,4.259,3.32,-7.721,0.003,0.09,0.02,4.26,-300.0,-0.22,0.04,0.04,0.026,-2.107,-1.651,3.864,-0.001,0.006,
2026-01-26 04:22:25.103,pick_to_retreat_feeder,-96.745,650.108,1223.361,90.463,-0.253,90.993,84.624,-1.785,-116.612,28.598,-89.512,-83.63,-0.045,3.766,2.936,-6.809,0.003,0.085,-0.07,4.27,-300.0,-0.19,0.01,-0.05,0.029,-2.338,-1.83,4.288,-0.002,-0.006,
2026-01-26 04:22:25.204,pick_to_retreat_feeder,-96.762,649.637,1226.645,90.463,-0.255,90.997,84.621,-1.579,-116.452,28.232,-89.511,-83.624,-0.04,3.341,2.603,-6.021,0.002,0.079,-0.07,4.32,-300.0,-0.06,0.06,-0.04,0.029,-2.33,-1.823,4.277,-0.002,-0.011,
2026-01-26 04:22:25.308,pick_to_retreat_feeder,-96.778,649.23,1229.403,90.463,-0.257,91.0,84.619,-1.406,-116.317,27.927,-89.511,-83.619,-0.035,2.938,2.289,-5.278,0.002,0.072,-0.03,4.15,-300.0,-0.03,-0.03,-0.07,0.03,-2.431,-1.902,4.455,-0.002,-0.021,
2026-01-26 04:22:25.410,pick_to_retreat_feeder,-96.793,648.852,1231.893,90.463,-0.261,91.003,84.617,-1.25,-116.196,27.654,-89.511,-83.614,-0.031,2.593,2.019,-4.642,0.002,0.065,-0.03,4.29,-300.0,0.0,0.04,0.04,0.029,-2.358,-1.844,4.323,-0.002,-0.025,
2026-01-26 04:22:25.513,pick_to_retreat_feeder,-96.807,648.527,1233.983,90.462,-0.265,91.005,84.616,-1.119,-116.095,27.425,-89.511,-83.611,-0.027,2.272,1.768,-4.052,0.002,0.058,-0.02,4.12,-300.0,0.03,-0.02,0.06,0.029,-2.375,-1.856,4.344,-0.002,-0.032,
2026-01-26 04:22:25.615,pick_to_retreat_feeder,-96.819,648.24,1235.807,90.462,-0.269,91.006,84.614,-1.006,-116.006,27.227,-89.511,-83.608,-0.024,1.988,1.547,-3.534,0.001,0.05,-0.1,4.26,-300.0,-0.01,-0.0,0.01,0.028,-2.305,-1.802,4.212,-0.002,-0.036,
2026-01-26 04:22:25.718,pick_to_retreat_feeder,-96.83,647.976,1237.453,90.461,-0.274,91.007,84.613,-0.903,-115.926,27.05,-89.511,-83.606,-0.021,1.748,1.36,-3.095,0.001,0.043,-0.01,4.15,-300.0,-0.02,-0.01,0.03,0.027,-2.187,-1.709,3.994,-0.002,-0.038,
2026-01-26 04:22:25.820,pick_to_retreat_feeder,-96.84,647.753,1238.835,90.461,-0.278,91.008,84.612,-0.817,-115.86,26.902,-89.511,-83.604,-0.018,1.526,1.187,-2.692,0.001,0.036,-0.03,4.23,-300.0,-0.05,0.06,-0.0,0.026,-2.134,-1.667,3.889,-0.002,-0.042,waypoint
2026-01-26 04:22:25.920,retreat_feeder_to_approach_machine,-90.702,648.202,1242.115,90.44,-0.391,90.464,84.067,-0.613,-115.724,26.677,-89.52,-83.603,-1.376,1.654,1.228,-2.579,-0.021,0.029,-14.54,5.69,-300.0,0.08,-0.31,0.09,-5.417,-0.744,-0.816,2.74,-0.088,-0.046,
2026-01-26 04:22:26.022,retreat_feeder_to_approach_machine,30.525,644.549,1281.854,90.285,-1.061,79.584,73.201,2.027,-114.103,23.098,-89.599,-83.619,-28.196,7.842,4.976,-10.884,-0.213,-0.016,-11.64,5.85,-300.0,-0.13,-0.15,-0.06,-108.081,23.698,14.131,-31.089,-0.783,-0.2,
2026-01-26 04:22:26.122,retreat_feeder_to_approach_machine,136.919,617.871,1317.132,90.308,-0.914,69.482,63.135,4.47,-112.578,18.983,-89.593,-83.654,-46.314,11.987,7.543,-18.45,-0.145,-0.1,-9.48,5.85,-300.0,-0.41,-0.15,-0.14,-89.283,19.347,11.746,-33.33,0.144,-0.379,
2026-01-26 04:22:26.225,retreat_feeder_to_approach_machine,224.535,577.4,1348.632,90.352,-0.735,60.352,54.059,6.671,-111.202,15.222,-89.57,-83.707,-57.425,14.494,9.098,-23.24,-0.051,-0.208,-7.69,5.66,-300.0,-0.51,-0.17,-0.04,-70.446,15.005,9.089,-26.459,0.302,-0.524,
2026-01-26 04:22:26.326,retreat_feeder_to_approach_machine,292.029,531.443,1375.692,90.391,-0.59,52.417,46.19,8.58,-110.009,11.972,-89.547,-83.774,-62.741,15.643,9.806,-25.554,0.017,-0.323,-6.34,5.25,-300.0,-0.62,-0.15,0.04,-51.333,10.577,6.346,-18.699,0.264,-0.605,
2026-01-26 04:22:26.428,retreat_feeder_to_approach_machine,343.017,484.768,1398.903,90.422,-0.477,45.517,39.367,10.235,-108.975,9.168,-89.529,-83.85,-64.112,15.87,9.939,-26.176,0.059,-0.433,-5.21,4.91,-300.0,-0.64,-0.04,-0.04,-35.736,6.981,4.121,-12.376,0.198,-0.642,
2026-01-26 04:22:26.533,retreat_feeder_to_approach_machine,371.269,452.581,1413.423,90.441,-0.412,41.148,35.057,11.281,-108.322,7.404,-89.518,-83.909,-58.86,14.516,9.087,-24.043,0.071,-0.472,-4.29,4.76,-300.0,-0.71,-0.02,0.14,-7.041,0.189,-0.101,-0.741,0.101,-0.401,
2026-01-26 04:22:26.634,retreat_feeder_to_approach_machine,397.0,417.621,1428.255,90.458,-0.351,36.635,30.614,12.359,-107.649,5.591,-89.508,-83.979,-55.253,13.582,8.497,-22.563,0.079,-0.53,-3.61,4.37,-300.0,-0.63,0.02,0.06,-7.665,0.492,0.109,-1.145,0.085,-0.476,
2026-01-26 04:22:26.734,retreat_feeder_to_approach_machine,420.577,378.646,1443.949,90.474,-0.294,31.796,25.863,13.511,-106.93,3.662,-89.498,-84.067,-53.318,13.068,8.171,-21.746,0.083,-0.616,-2.94,4.02,-300.0,-0.6,0.03,-0.03,-9.978,1.19,0.562,-2.205,0.072,-0.601,
2026-01-26 04:22:26.834,retreat_feeder_to_approach_machine,437.658,343.869,1457.405,90.486,-0.251,27.589,21.743,14.511,-106.306,1.996,-89.491,-84.154,-50.287,12.299,7.687,-20.473,0.08,-0.681,-2.5,3.78,-300.0,-0.63,0.07,0.05,-2.662,-0.461,-0.453,0.659,0.04,-0.54,
2026-01-26 04:22:26.938,retreat_feeder_to_approach_machine,449.915,313.219,1468.948,90.494,-0.221,23.932,18.172,15.377,-105.766,0.559,-89.486,-84.24,-46.644,11.39,7.116,-18.948,0.073,-0.725,-2.04,3.41,-300.0,-0.51,-0.02,-0.09,3.082,-1.744,-1.239,2.874,0.016,-0.467,
2026-01-26 04:22:27.040,retreat_feeder_to_approach_machine,458.883,285.541,1479.186,90.5,-0.199,20.648,14.973,16.153,-105.282,-0.723,-89.483,-84.325,-42.981,10.483,6.546,-17.415,0.064,-0.756,-1.75,3.07,-300.0,-0.47,-0.11,-0.09,6.498,-2.473,-1.68,4.144,-0.001,-0.413,
2026-01-26 04:22:27.141,retreat_feeder_to_approach_machine,464.742,263.146,1487.376,90.504,-0.185,17.991,12.39,16.78,-104.892,-1.752,-89.48,-84.399,-38.691,9.429,5.886,-15.636,0.053,-0.753,-1.51,2.88,-300.0,-0.5,0.04,-0.09,12.019,-3.722,-2.447,6.248,-0.015,-0.267,
2026-01-26 04:22:27.244,retreat_feeder_to_approach_machine,469.102,242.312,1494.942,90.506,-0.177,15.512,9.986,17.363,-104.529,-2.707,-89.479,-84.473,-35.03,8.53,5.323,-14.113,0.043,-0.749,-1.19,2.6,-300.0,-0.3,0.02,-0.01,12.59,-3.78,-2.471,6.373,-0.022,-0.236,
2026-01-26 04:22:27.348,retreat_feeder_to_approach_machine,471.941,224.977,1501.214,90.507,-0.174,13.44,7.978,17.85,-104.225,-3.5,-89.479,-84.538,-31.292,7.616,4.75,-12.569,0.034,-0.724,-1.09,2.55,-300.0,-0.33,-0.01,-0.04,15.3,-4.365,-2.825,7.348,-0.028,-0.122,
2026-01-26 04:22:27.449,retreat_feeder_to_approach_machine,473.821,210.018,1506.618,90.507,-0.174,11.641,6.237,18.273,-103.962,-4.185,-89.479,-84.596,-27.821,6.768,4.22,-11.139,0.025,-0.688,-0.83,2.17,-300.0,-0.25,0.06,-0.03,16.441,-4.576,-2.947,7.699,-0.031,-0.041,
2026-01-26 04:22:27.551,retreat_feeder_to_approach_machine,475.018,197.12,1511.277,90.507,-0.176,10.08,4.728,18.639,-103.734,-4.777,-89.479,-84.647,-24.639,5.991,3.735,-9.832,0.018,-0.644,-0.81,2.09,-300.0,-0.26,0.03,0.0,17.112,-4.68,-3.002,7.867,-0.032,0.033,
2026-01-26 04:22:27.655,retreat_feeder_to_approach_machine,475.755,185.633,1515.429,90.506,-0.181,8.683,3.376,18.967,-103.53,-5.304,-89.48,-84.692,-21.859,5.314,3.311,-8.692,0.012,-0.596,-0.59,2.03,-300.0,-0.15,-0.05,-0.08,16.974,-4.594,-2.94,7.72,-0.032,0.086,
2026-01-26 04:22:27.756,retreat_feeder_to_approach_machine,476.122,176.414,1518.767,90.504,-0.186,7.556,2.284,19.232,-103.366,-5.727,-89.481,-84.728,-19.123,4.647,2.895,-7.578,0.006,-0.536,-0.5,1.95,-300.0,-0.11,-0.01,0.02,17.884,-4.767,-3.04,7.984,-0.03,0.175,
2026-01-26 04:22:27.858,retreat_feeder_to_approach_machine,476.279,168.149,1521.766,90.503,-0.192,6.542,1.301,19.471,-103.217,-6.107,-89.482,-84.759,-16.801,4.082,2.542,-6.634,0.002,-0.479,-0.54,1.75,-300.0,-0.24,-0.01,-0.05,17.171,-4.551,-2.899,7.619,-0.029,0.209,
2026-01-26 04:22:27.962,retreat_feeder_to_approach_machine,476.285,161.02,1524.358,90.501,-0.199,5.665,0.448,19.678,-103.089,-6.436,-89.483,-84.783,-14.733,3.579,2.228,-5.796,-0.001,-0.42,-0.26,1.56,-300.0,-0.11,0.05,-0.04,16.762,-4.413,-2.807,7.377,-0.026,0.25,
2026-01-26 04:22:28.064,retreat_feeder_to_approach_machine,476.193,154.868,1526.6,90.499,-0.207,4.907,-0.291,19.857,-102.977,-6.719,-89.484,-84.801,-12.898,3.133,1.95,-5.055,-0.004,-0.361,-0.32,1.48,-300.0,-0.1,-0.0,0.04,16.22,-4.247,-2.697,7.089,-0.024,0.283,
2026-01-26 04:22:28.166,retreat_feeder_to_approach_machine,476.042,149.558,1528.539,90.498,-0.214,4.253,-0.933,20.013,-102.881,-6.964,-89.485,-84.815,-11.276,2.739,1.704,-4.403,-0.006,-0.304,-0.27,1.51,-300.0,-0.13,-0.01,0.0,15.582,-4.061,-2.576,6.767,-0.022,0.307,
2026-01-26 04:22:28.271,retreat_feeder_to_approach_machine,475.856,144.973,1530.218,90.496,-0.222,3.688,-1.488,20.148,-102.797,-7.175,-89.486,-84.823,-9.847,2.391,1.487,-3.83,-0.007,-0.249,-0.31,1.34,-300.0,-0.0,0.03,-0.07,14.876,-3.862,-2.447,6.425,-0.019,0.324,
2026-01-26 04:22:28.371,retreat_feeder_to_approach_machine,475.663,141.144,1531.623,90.494,-0.228,3.218,-1.954,20.261,-102.727,-7.351,-89.487,-84.827,-8.55,2.076,1.291,-3.313,-0.008,-0.197,-0.16,1.36,-300.0,-0.01,0.02,0.01,14.288,-3.694,-2.338,6.132,-0.017,0.334,
2026-01-26 04:22:28.472,retreat_feeder_to_approach_machine,475.46,137.702,1532.888,90.492,-0.235,2.798,-2.374,20.363,-102.664,-7.509,-89.488,-84.828,-7.462,1.812,1.126,-2.88,-0.009,-0.15,-0.14,1.3,-300.0,-0.09,-0.06,-0.06,13.318,-3.436,-2.174,5.699,-0.015,0.334,
2026-01-26 04:22:28.573,retreat_feeder_to_approach_machine,475.268,134.826,1533.947,90.491,-0.242,2.448,-2.726,20.448,-102.611,-7.641,-89.489,-84.826,-6.477,1.573,0.977,-2.49,-0.009,-0.108,-0.23,1.3,-300.0,-0.02,-0.01,-0.02,12.666,-3.257,-2.059,5.391,-0.012,0.33,
2026-01-26 04:22:28.674,retreat_feeder_to_approach_machine,475.079,132.24,1534.902,90.489,-0.248,2.135,-3.043,20.525,-102.563,-7.759,-89.49,-84.822,-5.651,1.372,0.852,-2.163,-0.009,-0.069,-0.12,1.2,-300.0,0.01,0.1,-0.0,11.747,-3.016,-1.905,4.987,-0.011,0.323,
2026-01-26 04:22:28.777,retreat_feeder_to_approach_machine,474.903,130.002,1535.729,90.488,-0.254,1.866,-3.319,20.592,-102.522,-7.862,-89.491,-84.815,-4.926,1.196,0.743,-1.878,-0.009,-0.035,-0.18,1.23,-300.0,0.05,-0.07,-0.01,10.994,-2.817,-1.778,4.65,-0.009,0.311,
2026-01-26 04:22:28.880,retreat_feeder_to_approach_machine,474.741,128.066,1536.446,90.487,-0.259,1.636,-3.557,20.65,-102.486,-7.95,-89.492,-84.807,-4.291,1.042,0.647,-1.629,-0.009,-0.006,-0.02,1.02,-300.0,0.06,-0.02,-0.09,10.26,-2.624,-1.656,4.325,-0.008,0.295,
2026-01-26 04:22:28.980,retreat_feeder_to_approach_machine,474.598,126.446,1537.047,90.485,-0.264,1.445,-3.757,20.698,-102.456,-8.023,-89.493,-84.798,-3.718,0.903,0.56,-1.406,-0.008,0.018,-0.1,1.07,-300.0,-0.01,0.03,0.08,9.62,-2.455,-1.548,4.039,-0.006,0.274,
2026-01-26 04:22:29.082,retreat_feeder_to_approach_machine,474.465,124.988,1537.589,90.484,-0.269,1.275,-3.937,20.742,-102.429,-8.09,-89.493,-84.788,-3.239,0.786,0.488,-1.22,-0.008,0.039,-0.09,1.16,-300.0,0.01,0.1,0.08,8.855,-2.257,-1.423,3.71,-0.005,0.257,
2026-01-26 04:22:29.186,retreat_feeder_to_approach_machine,474.35,123.767,1538.043,90.483,-0.273,1.134,-4.088,20.779,-102.406,-8.145,-89.494,-84.778,-2.807,0.682,0.423,-1.053,-0.007,0.054,-0.02,1.03,-300.0,0.08,-0.02,-0.03,8.261,-2.103,-1.325,3.449,-0.004,0.231,
2026-01-26 04:22:29.290,retreat_feeder_to_approach_machine,474.247,122.705,1538.439,90.482,-0.277,1.013,-4.22,20.811,-102.386,-8.193,-89.494,-84.767,-2.434,0.591,0.366,-0.909,-0.007,0.066,0.02,1.0,-300.0,-0.02,-0.01,0.02,7.629,-1.939,-1.222,3.177,-0.003,0.209,waypoint
2026-01-26 04:22:29.391,retreat_feeder_to_approach_machine,485.668,122.888,1513.472,90.555,0.459,1.127,-4.098,19.828,-104.149,-6.187,-89.489,-84.775,-1.52,-2.013,-4.132,4.332,0.008,0.03,0.03,1.24,-300.0,0.39,-0.01,-0.01,9.403,-11.889,-18.923,23.392,0.054,0.009,
2026-01-26 04:22:29.491,retreat_feeder_to_approach_machine,503.068,123.939,1476.301,90.553,0.43,1.326,-3.832,18.312,-106.915,-1.875,-89.488,-84.842,-0.476,-5.301,-10.015,14.029,0.009,-0.145,0.09,1.52,-300.0,0.6,-0.04,-0.07,9.901,-16.041,-27.069,44.12,0.012,-0.585,
2026-01-26 04:22:29.595,retreat_feeder_to_approach_machine,516.089,125.12,1443.776,90.532,0.235,1.44,-3.6,16.991,-109.334,2.062,-89.49,-84.96,0.224,-7.279,-13.558,20.364,0.0,-0.402,0.17,1.63,-300.0,0.69,0.02,0.01,8.574,-12.484,-20.887,35.957,-0.03,-1.03,
2026-01-26 04:22:29.697,retreat_feeder_to_approach_machine,526.116,126.438,1413.283,90.513,0.058,1.486,-3.383,15.76,-111.587,5.726,-89.494,-85.13,0.708,-8.536,-15.801,24.433,-0.008,-0.728,0.19,1.86,-300.0,0.79,0.01,-0.04,7.557,-10.33,-17.137,29.63,-0.035,-1.458,
2026-01-26 04:22:29.802,retreat_feeder_to_approach_machine,532.918,127.686,1387.752,90.498,-0.078,1.469,-3.203,14.732,-113.467,8.772,-89.497,-85.328,0.983,-8.971,-16.552,25.941,-0.014,-1.04,0.24,1.94,-300.0,0.81,-0.02,-0.03,6.445,-7.268,-11.701,20.493,-0.028,-1.584,
2026-01-26 04:22:29.903,retreat_feeder_to_approach_machine,537.659,128.866,1365.619,90.488,-0.184,1.405,-3.046,13.841,-115.097,11.402,-89.5,-85.549,1.128,-8.956,-16.489,26.031,-0.017,-1.332,0.16,2.07,-300.0,0.78,-0.0,-0.02,5.56,-5.176,-8.026,14.278,-0.021,-1.654,
2026-01-26 04:22:30.008,retreat_feeder_to_approach_machine,540.996,129.991,1345.835,90.48,-0.269,1.302,-2.906,13.043,-116.557,13.748,-89.502,-85.792,1.197,-8.713,-16.016,25.386,-0.019,-1.607,0.03,2.11,-300.0,0.83,-0.04,-0.08,4.841,-3.731,-5.521,10.003,-0.016,-1.717,
2026-01-26 04:22:30.110,retreat_feeder_to_approach_machine,543.064,130.942,1329.916,90.474,-0.328,1.182,-2.793,12.398,-117.735,15.632,-89.504,-86.025,1.181,-8.146,-14.957,23.751,-0.019,-1.788,0.21,2.19,-300.0,0.79,-0.04,-0.02,4.087,-1.819,-2.15,4.395,-0.01,-1.442,
2026-01-26 04:22:30.211,retreat_feeder_to_approach_machine,544.413,131.799,1316.094,90.471,-0.373,1.047,-2.694,11.836,-118.761,17.267,-89.506,-86.258,1.132,-7.514,-13.784,21.9,-0.018,-1.925,0.12,2.21,-300.0,0.68,-0.01,0.03,3.532,-0.809,-0.419,1.461,-0.007,-1.302,
2026-01-26 04:22:30.312,retreat_feeder_to_approach_machine,545.221,132.539,1304.508,90.469,-0.405,0.91,-2.611,11.364,-119.625,18.637,-89.507,-86.479,1.057,-6.817,-12.496,19.849,-0.017,-1.995,0.05,2.3,-300.0,0.71,0.11,-0.13,3.023,0.163,1.254,-1.339,-0.003,-1.043,
2026-01-26 04:22:30.415,retreat_feeder_to_approach_machine,545.697,133.224,1294.036,90.468,-0.429,0.764,-2.536,10.935,-120.408,19.874,-89.508,-86.7,0.981,-6.185,-11.329,17.98,-0.016,-2.048,0.07,2.23,-300.0,0.66,-0.0,-0.11,2.644,0.584,1.931,-2.528,-0.002,-0.94,
2026-01-26 04:22:30.516,retreat_feeder_to_approach_machine,545.912,133.831,1284.943,90.467,-0.444,0.621,-2.47,10.561,-121.09,20.947,-89.51,-86.909,0.9,-5.573,-10.202,16.169,-0.015,-2.058,0.13,2.42,-300.0,0.6,0.01,-0.05,2.282,1.077,2.746,-3.914,0.0,-0.729,
2026-01-26 04:22:30.618,retreat_feeder_to_approach_machine,545.947,134.367,1277.047,90.467,-0.454,0.483,-2.413,10.235,-121.684,21.879,-89.511,-87.103,0.818,-4.995,-9.138,14.455,-0.014,-2.031,0.08,2.41,-300.0,0.58,0.04,0.0,1.97,1.449,3.35,-4.944,0.001,-0.513,
2026-01-26 04:22:30.720,retreat_feeder_to_approach_machine,545.857,134.855,1269.951,90.467,-0.459,0.35,-2.362,9.941,-122.22,22.714,-89.511,-87.288,0.742,-4.48,-8.192,12.93,-0.013,-1.985,0.09,2.42,-300.0,0.57,0.01,-0.13,1.717,1.625,3.602,-5.405,0.002,-0.364,
2026-01-26 04:22:30.821,retreat_feeder_to_approach_machine,545.686,135.282,1263.816,90.468,-0.459,0.228,-2.317,9.687,-122.684,23.436,-89.512,-87.455,0.668,-3.997,-7.305,11.501,-0.011,-1.905,0.11,2.49,-300.0,0.49,0.12,-0.09,1.476,1.853,3.955,-6.01,0.003,-0.141,
2026-01-26 04:22:30.924,retreat_feeder_to_approach_machine,545.467,135.655,1258.511,90.468,-0.457,0.12,-2.278,9.466,-123.087,24.058,-89.513,-87.602,0.598,-3.55,-6.485,10.182,-0.01,-1.796,0.14,2.47,-300.0,0.33,-0.02,-0.1,1.269,2.006,4.178,-6.397,0.004,0.066,
2026-01-26 04:22:31.026,retreat_feeder_to_approach_machine,545.224,135.98,1253.922,90.469,-0.453,0.026,-2.245,9.274,-123.435,24.595,-89.513,-87.729,0.533,-3.141,-5.736,8.979,-0.009,-1.666,0.03,2.49,-300.0,0.44,-0.03,-0.13,1.091,2.099,4.296,-6.61,0.005,0.255,
2026-01-26 04:22:31.126,retreat_feeder_to_approach_machine,544.972,136.264,1249.951,90.47,-0.447,-0.053,-2.215,9.108,-123.738,25.059,-89.514,-87.837,0.472,-2.771,-5.058,7.893,-0.008,-1.519,0.12,2.63,-300.0,0.39,0.01,-0.1,0.937,2.144,4.331,-6.685,0.005,0.422,
2026-01-26 04:22:31.227,retreat_feeder_to_approach_machine,544.723,136.51,1246.513,90.47,-0.44,-0.117,-2.19,8.964,-124.0,25.459,-89.514,-87.927,0.417,-2.438,-4.449,6.92,-0.007,-1.363,0.01,2.51,-300.0,0.35,0.03,-0.07,0.805,2.15,4.301,-6.652,0.006,0.566,
2026-01-26 04:22:31.328,retreat_feeder_to_approach_machine,544.484,136.725,1243.536,90.471,-0.433,-0.167,-2.168,8.84,-124.227,25.804,-89.515,-87.999,0.368,-2.141,-3.904,6.053,-0.006,-1.202,0.01,2.55,-300.0,0.38,-0.0,-0.02,0.69,2.126,4.22,-6.535,0.006,0.686,
2026-01-26 04:22:31.430,retreat_feeder_to_approach_machine,544.259,136.912,1240.958,90.471,-0.425,-0.203,-2.149,8.731,-124.424,26.102,-89.515,-88.054,0.323,-1.876,-3.421,5.284,-0.005,-1.04,-0.06,2.51,-300.0,0.3,0.0,-0.11,0.592,2.08,4.101,-6.355,0.006,0.782,
2026-01-26 04:22:31.531,retreat_feeder_to_approach_machine,544.05,137.074,1238.724,90.471,-0.417,-0.227,-2.133,8.638,-124.595,26.359,-89.515,-88.095,0.284,-1.642,-2.992,4.606,-0.004,-0.881,0.11,2.62,-300.0,0.33,0.04,-0.08,0.508,2.016,3.953,-6.127,0.006,0.854,
2026-01-26 04:22:31.631,retreat_feeder_to_approach_machine,543.865,137.211,1236.854,90.472,-0.41,-0.24,-2.119,8.559,-124.738,26.573,-89.515,-88.121,0.247,-1.428,-2.602,3.99,-0.003,-0.726,0.01,2.47,-300.0,0.19,0.08,-0.05,0.43,1.966,3.834,-5.941,0.006,0.911,
2026-01-26 04:22:31.732,retreat_feeder_to_approach_machine,543.696,137.33,1235.224,90.472,-0.403,-0.243,-2.107,8.49,-124.862,26.759,-89.515,-88.136,0.215,-1.242,-2.263,3.458,-0.003,-0.582,0.1,2.58,-300.0,0.2,0.01,0.02,0.37,1.87,3.635,-5.631,0.006,0.932,
2026-01-26 04:22:31.834,retreat_feeder_to_approach_machine,543.542,137.434,1233.804,90.472,-0.396,-0.237,-2.096,8.431,-124.971,26.92,-89.515,-88.141,0.188,-1.081,-1.969,2.997,-0.002,-0.45,-0.08,2.59,-300.0,0.24,-0.07,-0.01,0.317,1.771,3.432,-5.314,0.006,0.937,
2026-01-26 04:22:31.937,retreat_feeder_to_approach_machine,543.404,137.525,1232.567,90.472,-0.389,-0.225,-2.087,8.379,-125.066,27.06,-89.515,-88.138,0.164,-0.941,-1.713,2.597,-0.002,-0.329,-0.01,2.59,-300.0,0.17,-0.01,0.01,0.272,1.671,3.228,-4.997,0.005,0.927,waypoint
2026-01-26 04:22:32.037,approach_machine_to_place,543.479,137.633,1226.512,90.48,-0.18,-0.204,-2.076,8.033,-125.414,27.545,-89.514,-88.128,0.152,-1.571,-2.155,3.16,0.001,-0.223,-0.02,2.5,-300.0,0.34,-0.05,0.02,0.27,-1.435,0.369,-1.047,0.012,0.896,
2026-01-26 04:22:32.140,approach_machine_to_place,544.457,137.766,1213.457,90.482,-0.12,-0.172,-2.058,7.212,-126.201,29.092,-89.514,-88.114,0.159,-3.229,-3.583,6.238,0.002,-0.131,-0.03,2.58,-300.0,0.3,-0.05,-0.07,0.305,-6.037,-4.053,9.679,0.009,0.856,
2026-01-26 04:22:32.242,approach_machine_to_place,545.189,137.88,1202.735,90.48,-0.18,-0.139,-2.043,6.522,-126.866,30.508,-89.514,-88.097,0.156,-4.147,-4.352,8.218,0.0,-0.055,0.02,2.56,-300.0,0.33,-0.01,0.0,0.245,-4.131,-2.44,7.398,-0.001,0.799,
2026-01-26 04:22:32.342,approach_machine_to_place,545.614,137.987,1193.454,90.478,-0.234,-0.107,-2.03,5.92,-127.447,31.744,-89.515,-88.077,0.15,-4.614,-4.715,9.254,-0.001,0.008,0.01,2.69,-300.0,0.42,0.07,-0.04,0.202,-2.83,-1.341,4.861,-0.002,0.744,
2026-01-26 04:22:32.445,approach_machine_to_place,545.813,138.086,1185.408,90.476,-0.277,-0.074,-2.019,5.396,-127.953,32.817,-89.515,-88.055,0.141,-4.771,-4.801,9.622,-0.002,0.059,0.06,2.7,-300.0,0.38,0.03,0.04,0.165,-1.774,-0.459,2.742,-0.001,0.686,
2026-01-26 04:22:32.549,approach_machine_to_place,545.858,138.174,1178.669,90.474,-0.309,-0.043,-2.009,4.955,-128.378,33.716,-89.516,-88.034,0.129,-4.681,-4.664,9.463,-0.002,0.098,0.03,2.81,-300.0,0.42,0.03,-0.05,0.13,-0.765,0.391,0.725,-0.0,0.619,
2026-01-26 04:22:32.652,approach_machine_to_place,545.808,138.252,1173.001,90.473,-0.334,-0.014,-2.001,4.583,-128.737,34.471,-89.516,-88.013,0.117,-4.442,-4.395,8.986,-0.002,0.126,0.06,2.84,-300.0,0.35,-0.01,-0.07,0.102,-0.002,1.015,-0.779,0.001,0.552,
2026-01-26 04:22:32.753,approach_machine_to_place,545.691,138.325,1167.843,90.472,-0.353,0.015,-1.994,4.243,-129.065,35.158,-89.516,-87.991,0.106,-4.181,-4.116,8.457,-0.002,0.149,-0.02,2.88,-300.0,0.39,-0.05,0.05,0.085,0.321,1.226,-1.385,0.001,0.504,
2026-01-26 04:22:32.855,approach_machine_to_place,545.527,138.393,1163.177,90.471,-0.368,0.044,-1.987,3.934,-129.362,35.778,-89.516,-87.969,0.096,-3.908,-3.83,7.894,-0.002,0.167,-0.01,2.86,-300.0,0.27,-0.0,-0.06,0.07,0.604,1.408,-1.911,0.001,0.456,
2026-01-26 04:22:32.958,approach_machine_to_place,545.346,138.452,1159.263,90.47,-0.378,0.07,-1.981,3.675,-129.612,36.298,-89.516,-87.949,0.086,-3.58,-3.497,7.219,-0.002,0.176,0.07,2.94,-300.0,0.34,-0.0,0.02,0.052,1.033,1.74,-2.729,0.002,0.394,
2026-01-26 04:22:33.059,approach_machine_to_place,545.162,138.503,1155.966,90.47,-0.385,0.093,-1.977,3.455,-129.823,36.735,-89.516,-87.931,0.077,-3.233,-3.151,6.507,-0.002,0.178,0.11,3.01,-300.0,0.37,0.02,0.07,0.038,1.334,1.956,-3.284,0.002,0.336,
2026-01-26 04:22:33.162,approach_machine_to_place,544.976,138.549,1153.069,90.47,-0.389,0.114,-1.972,3.262,-130.009,37.118,-89.516,-87.913,0.068,-2.907,-2.827,5.837,-0.001,0.176,0.06,2.95,-300.0,0.27,-0.02,-0.04,0.029,1.463,2.013,-3.494,0.002,0.29,
2026-01-26 04:22:33.266,approach_machine_to_place,544.787,138.591,1150.427,90.469,-0.392,0.135,-1.969,3.086,-130.178,37.466,-89.517,-87.897,0.06,-2.621,-2.544,5.249,-0.001,0.173,0.04,3.03,-300.0,0.3,-0.07,-0.02,0.022,1.484,1.973,-3.492,0.002,0.253,
2026-01-26 04:22:33.368,approach_machine_to_place,544.605,138.629,1148.116,90.469,-0.392,0.153,-1.965,2.932,-130.327,37.77,-89.517,-87.882,0.054,-2.352,-2.279,4.696,-0.001,0.167,0.1,2.99,-300.0,0.32,-0.01,-0.08,0.015,1.554,1.987,-3.588,0.002,0.212,
2026-01-26 04:22:33.469,approach_machine_to_place,544.434,138.662,1146.095,90.469,-0.392,0.169,-1.962,2.797,-130.457,38.034,-89.517,-87.869,0.048,-2.102,-2.035,4.184,-0.001,0.159,0.03,2.96,-300.0,0.33,-0.06,-0.02,0.01,1.59,1.973,-3.618,0.002,0.175,
2026-01-26 04:22:33.570,approach_machine_to_place,544.28,138.691,1144.389,90.469,-0.391,0.183,-1.96,2.682,-130.566,38.257,-89.517,-87.858,0.042,-1.862,-1.8,3.694,-0.001,0.147,0.01,3.06,-300.0,0.15,-0.01,0.02,0.004,1.642,1.978,-3.678,0.002,0.137,
2026-01-26 04:22:33.671,approach_machine_to_place,544.122,138.719,1142.721,90.469,-0.389,0.196,-1.957,2.571,-130.674,38.474,-89.517,-87.847,0.037,-1.676,-1.619,3.313,-0.0,0.137,0.03,3.03,-300.0,0.3,-0.07,-0.06,0.003,1.502,1.804,-3.368,0.001,0.119,
2026-01-26 04:22:33.772,approach_machine_to_place,543.977,138.743,1141.276,90.469,-0.386,0.207,-1.955,2.474,-130.767,38.661,-89.517,-87.838,0.033,-1.499,-1.447,2.952,-0.0,0.125,-0.03,3.07,-300.0,0.23,-0.04,0.04,-0.0,1.5,1.767,-3.328,0.001,0.088,
2026-01-26 04:22:33.873,approach_machine_to_place,543.851,138.764,1140.065,90.469,-0.383,0.216,-1.954,2.393,-130.845,38.817,-89.517,-87.831,0.029,-1.327,-1.28,2.605,-0.0,0.111,0.07,3.02,-300.0,0.22,0.05,-0.04,-0.004,1.507,1.741,-3.306,0.001,0.06,
2026-01-26 04:22:33.973,approach_machine_to_place,543.742,138.782,1139.046,90.469,-0.38,0.222,-1.952,2.324,-130.91,38.948,-89.517,-87.826,0.026,-1.166,-1.124,2.28,-0.0,0.097,0.06,3.15,-300.0,0.15,0.08,-0.07,-0.006,1.485,1.691,-3.229,0.001,0.037,waypoint
2026-01-26 04:22:34.076,place_on_machine,543.643,138.797,1138.154,90.469,-0.377,0.228,-1.951,2.264,-130.968,39.062,-89.517,-87.822,0.023,-1.024,-0.986,1.995,-0.0,0.082,0.05,3.06,-300.0,0.01,-0.03,0.04,-0.007,1.422,1.603,-3.074,0.001,0.02,
2026-01-26 04:22:34.179,place_on_machine,543.554,138.811,1137.372,90.469,-0.374,0.231,-1.95,2.212,-131.018,39.161,-89.517,-87.819,0.02,-0.899,-0.865,1.745,-0.0,0.069,-0.02,3.08,-300.0,0.11,0.0,0.12,-0.008,1.354,1.514,-2.912,0.001,0.007,
2026-01-26 04:22:34.282,place_on_machine,543.475,138.823,1136.687,90.47,-0.37,0.234,-1.949,2.166,-131.062,39.248,-89.517,-87.817,0.017,-0.789,-0.759,1.525,-0.0,0.056,0.08,3.11,-300.0,0.18,0.08,-0.07,-0.009,1.283,1.426,-2.748,0.001,-0.005,
2026-01-26 04:22:34.384,place_on_machine,543.403,138.834,1136.088,90.47,-0.367,0.236,-1.948,2.126,-131.1,39.324,-89.517,-87.816,0.015,-0.692,-0.666,1.333,-0.0,0.044,-0.02,3.01,-300.0,0.14,0.08,-0.02,-0.009,1.212,1.338,-2.584,0.001,-0.014,
2026-01-26 04:22:34.488,place_on_machine,543.34,138.843,1135.562,90.47,-0.364,0.237,-1.947,2.091,-131.134,39.389,-89.517,-87.816,0.013,-0.607,-0.584,1.165,-0.0,0.033,-0.15,3.14,-300.0,0.13,0.03,0.11,-0.009,1.141,1.252,-2.423,0.001,-0.02,
2026-01-26 04:22:34.589,place_on_machine,543.283,138.851,1135.101,90.47,-0.361,0.237,-1.946,2.06,-131.164,39.447,-89.517,-87.817,0.012,-0.533,-0.512,1.017,-0.0,0.023,-0.01,3.08,-300.0,0.19,0.05,0.0,-0.009,1.07,1.169,-2.265,0.001,-0.025,
2026-01-26 04:22:34.690,place_on_machine,543.233,138.859,1134.697,90.47,-0.358,0.236,-1.946,2.033,-131.19,39.497,-89.517,-87.818,0.01,-0.467,-0.448,0.888,-0.0,0.014,0.09,3.14,-300.0,0.25,0.05,0.02,-0.009,1.002,1.089,-2.112,0.001,-0.028,
2026-01-26 04:22:34.791,place_on_machine,543.188,138.865,1134.344,90.47,-0.356,0.235,-1.945,2.009,-131.212,39.541,-89.517,-87.82,0.009,-0.409,-0.393,0.775,-0.0,0.006,-0.05,3.2,-300.0,0.07,-0.09,0.04,-0.009,0.935,1.012,-1.965,0.0,-0.03,
2026-01-26 04:22:34.893,place_on_machine,543.148,138.87,1134.034,90.47,-0.353,0.233,-1.945,1.988,-131.232,39.579,-89.517,-87.822,0.008,-0.359,-0.344,0.677,-0.0,-0.001,0.11,3.12,-300.0,0.12,0.04,-0.01,-0.009,0.871,0.939,-1.824,0.0,-0.031,
2026-01-26 04:22:34.993,place_on_machine,543.114,138.875,1133.772,90.47,-0.351,0.231,-1.944,1.971,-131.249,39.611,-89.517,-87.824,0.007,-0.313,-0.3,0.588,-0.0,-0.006,0.06,3.15,-300.0,0.16,0.01,-0.02,-0.009,0.816,0.876,-1.703,0.0,-0.03,
2026-01-26 04:22:35.095,place_on_machine,543.084,138.879,1133.541,90.47,-0.349,0.229,-1.944,1.955,-131.264,39.639,-89.517,-87.827,0.006,-0.273,-0.262,0.511,-0.0,-0.011,0.03,3.18,-300.0,0.22,-0.12,-0.01,-0.008,0.755,0.808,-1.572,0.0,-0.028,
2026-01-26 04:22:35.196,place_on_machine,543.056,138.883,1133.33,90.47,-0.347,0.227,-1.944,1.941,-131.277,39.665,-89.517,-87.83,0.005,-0.24,-0.23,0.447,-0.0,-0.015,-0.09,3.18,-300.0,0.08,0.02,-0.03,-0.008,0.693,0.74,-1.44,0.0,-0.028,
2026-01-26 04:22:35.300,place_on_machine,543.032,138.887,1133.145,90.471,-0.345,0.224,-1.943,1.929,-131.289,39.687,-89.517,-87.832,0.005,-0.211,-0.202,0.391,-0.0,-0.018,-0.0,3.17,-300.0,0.09,0.0,-0.02,-0.007,0.641,0.683,-1.329,0.0,-0.025,
2026-01-26 04:22:35.401,place_on_machine,543.011,138.889,1132.989,90.471,-0.343,0.222,-1.943,1.919,-131.299,39.706,-89.517,-87.835,0.004,-0.184,-0.176,0.34,-0.0,-0.02,-0.02,3.08,-300.0,0.07,-0.0,-0.06,-0.007,0.596,0.633,-1.231,0.0,-0.022,
2026-01-26 04:22:35.502,place_on_machine,542.991,138.892,1132.846,90.471,-0.342,0.219,-1.943,1.909,-131.308,39.723,-89.517,-87.838,0.004,-0.162,-0.155,0.298,-0.0,-0.021,0.04,3.09,-300.0,0.14,0.01,0.08,-0.006,0.546,0.578,-1.125,0.0,-0.02,
2026-01-26 04:22:35.607,place_on_machine,542.974,138.894,1132.721,90.471,-0.34,0.217,-1.943,1.901,-131.316,39.737,-89.517,-87.84,0.003,-0.142,-0.136,0.26,-0.0,-0.022,-0.05,3.18,-300.0,0.1,-0.03,0.01,-0.006,0.503,0.532,-1.034,0.0,-0.017,
2026-01-26 04:22:35.708,place_on_machine,542.959,138.896,1132.615,90.471,-0.339,0.215,-1.943,1.894,-131.323,39.75,-89.517,-87.842,0.003,-0.124,-0.119,0.226,-0.0,-0.023,0.01,3.11,-300.0,0.11,0.0,-0.02,-0.006,0.466,0.491,-0.955,0.0,-0.013,
2026-01-26 04:22:35.812,place_on_machine,542.945,138.898,1132.515,90.471,-0.338,0.213,-1.943,1.887,-131.329,39.762,-89.517,-87.845,0.002,-0.11,-0.105,0.199,-0.0,-0.023,0.0,3.19,-300.0,0.13,-0.02,0.01,-0.005,0.423,0.446,-0.866,0.0,-0.012,
2026-01-26 04:22:35.913,place_on_machine,542.934,138.899,1132.434,90.471,-0.337,0.211,-1.942,1.882,-131.334,39.771,-89.517,-87.847,0.002,-0.096,-0.092,0.173,-0.0,-0.022,0.01,3.08,-300.0,0.08,-0.02,0.04,-0.005,0.393,0.413,-0.802,0.0,-0.007,
2026-01-26 04:22:36.016,place_on_machine,542.924,138.901,1132.359,90.471,-0.336,0.209,-1.942,1.877,-131.339,39.78,-89.517,-87.849,0.002,-0.084,-0.08,0.151,-0.0,-0.021,0.09,3.21,-300.0,0.07,0.1,-0.05,-0.005,0.359,0.376,-0.731,0.0,-0.005,
2026-01-26 04:22:36.117,place_on_machine,542.914,138.902,1132.294,90.471,-0.335,0.208,-1.942,1.873,-131.343,39.787,-89.517,-87.85,0.002,-0.074,-0.071,0.132,-0.0,-0.02,-0.04,3.17,-300.0,0.12,-0.03,0.09,-0.004,0.329,0.344,-0.669,0.0,-0.003,
2026-01-26 04:22:36.220,place_on_machine,542.906,138.903,1132.237,90.471,-0.334,0.206,-1.942,1.869,-131.346,39.794,-89.517,-87.852,0.001,-0.065,-0.062,0.116,-0.0,-0.019,-0.04,3.17,-300.0,0.03,-0.06,0.0,-0.004,0.301,0.315,-0.612,0.0,-0.0,
2026-01-26 04:22:36.323,place_on_machine,542.899,138.904,1132.189,90.471,-0.333,0.205,-1.942,1.866,-131.349,39.799,-89.517,-87.853,0.001,-0.057,-0.054,0.101,-0.0,-0.017,0.01,3.19,-300.0,0.02,-0.06,0.01,-0.004,0.277,0.289,-0.561,0.0,0.002,
2026-01-26 04:22:36.426,place_on_machine,542.893,138.905,1132.145,90.471,-0.333,0.204,-1.942,1.863,-131.352,39.804,-89.517,-87.854,0.001,-0.05,-0.048,0.088,-0.0,-0.015,-0.0,3.16,-300.0,-0.0,-0.1,-0.05,-0.003,0.252,0.263,-0.51,0.0,0.003,
2026-01-26 04:22:36.527,place_on_machine,542.888,138.905,1132.109,90.471,-0.332,0.203,-1.942,1.86,-131.355,39.808,-89.517,-87.855,0.001,-0.043,-0.041,0.076,-0.0,-0.014,-0.0,3.1,-300.0,0.06,0.01,-0.05,-0.003,0.232,0.242,-0.468,0.0,0.005,
2026-01-26 04:22:36.627,place_on_machine,542.883,138.906,1132.076,90.471,-0.331,0.203,-1.942,1.858,-131.357,39.812,-89.517,-87.855,0.001,-0.038,-0.036,0.066,-0.0,-0.012,0.02,3.18,-300.0,0.07,-0.04,-0.06,-0.003,0.211,0.22,-0.425,0.0,0.006,
2026-01-26 04:22:36.729,place_on_machine,542.878,138.907,1132.046,90.471,-0.331,0.202,-1.942,1.856,-131.358,39.815,-89.517,-87.856,0.001,-0.033,-0.032,0.058,-0.0,-0.01,0.06,3.14,-300.0,0.12,0.03,0.05,-0.003,0.192,0.199,-0.386,0.0,0.007,
2026-01-26 04:22:36.935,place_on_machine,542.871,138.908,1131.995,90.471,-0.33,0.201,-1.942,1.853,-131.362,39.821,-89.517,-87.857,0.001,-0.026,-0.025,0.045,-0.0,-0.007,-0.03,3.18,-300.0,0.14,0.03,-0.04,-0.002,0.159,0.165,-0.319,0.0,0.008,
2026-01-26 04:22:37.038,place_to_retreat_machine,549.914,138.492,1150.76,90.446,-1.051,0.184,-1.961,2.636,-129.889,38.286,-89.515,-87.855,-0.047,1.94,3.664,-3.805,0.006,-0.002,-0.0,3.31,-300.0,-0.13,0.04,-0.02,-0.193,7.997,14.893,-15.669,0.022,0.025,
2026-01-26 04:22:37.141,place_to_retreat_machine,559.084,137.851,1185.52,90.445,-1.121,0.158,-1.995,4.136,-127.021,33.989,-89.513,-87.848,-0.121,5.204,9.916,-13.595,0.009,0.018,-0.01,3.31,-300.0,-0.26,-0.12,-0.03,-0.325,14.357,27.348,-41.713,0.017,0.083,
2026-01-26 04:22:37.242,place_to_retreat_machine,564.371,137.38,1216.543,90.454,-0.918,0.14,-2.025,5.446,-124.508,29.962,-89.512,-87.836,-0.165,7.177,13.722,-20.263,0.009,0.043,-0.02,3.28,-300.0,-0.51,-0.04,-0.05,-0.246,11.02,21.077,-34.841,0.005,0.119,
2026-01-26 04:22:37.343,place_to_retreat_machine,567.121,137.04,1243.35,90.461,-0.744,0.13,-2.05,6.548,-122.393,26.571,-89.511,-87.821,-0.186,8.137,15.578,-23.675,0.008,0.069,0.03,3.22,-300.0,-0.67,-0.09,-0.02,-0.175,7.839,14.98,-25.002,0.003,0.135,
2026-01-26 04:22:37.447,place_to_retreat_machine,568.246,136.786,1267.312,90.467,-0.603,0.125,-2.071,7.512,-120.541,23.613,-89.51,-87.804,-0.194,8.515,16.314,-25.151,0.008,0.095,0.03,3.07,-300.0,-0.78,-0.0,-0.02,-0.127,5.687,10.853,-18.171,0.002,0.145,
2026-01-26 04:22:37.551,place_to_retreat_machine,568.212,136.594,1289.394,90.472,-0.488,0.125,-2.091,8.388,-118.861,20.942,-89.51,-87.784,-0.195,8.575,16.435,-25.542,0.008,0.12,-0.09,3.0,-300.0,-0.78,-0.02,-0.0,-0.094,4.224,8.047,-13.489,0.002,0.156,
2026-01-26 04:22:37.654,place_to_retreat_machine,567.397,136.461,1308.188,90.476,-0.4,0.128,-2.108,9.124,-117.448,18.705,-89.509,-87.764,-0.188,8.273,15.858,-24.749,0.007,0.14,-0.03,2.81,-300.0,-0.7,-0.03,-0.02,-0.053,2.412,4.572,-7.796,0.001,0.144,
2026-01-26 04:22:37.755,place_to_retreat_machine,566.029,136.364,1325.388,90.479,-0.33,0.134,-2.123,9.793,-116.166,16.684,-89.509,-87.743,-0.179,7.875,15.098,-23.613,0.007,0.158,-0.08,2.73,-300.0,-0.61,0.02,0.11,-0.033,1.488,2.802,-4.851,0.001,0.143,
2026-01-26 04:22:37.857,place_to_retreat_machine,564.347,136.298,1340.476,90.481,-0.276,0.142,-2.136,10.375,-115.05,14.932,-89.508,-87.721,-0.167,7.362,14.115,-22.091,0.007,0.173,0.0,2.75,-300.0,-0.55,-0.01,-0.04,-0.01,0.481,0.872,-1.687,0.0,0.13,
2026-01-26 04:22:37.959,place_to_retreat_machine,562.578,136.257,1353.231,90.483,-0.238,0.152,-2.147,10.865,-114.111,13.464,-89.508,-87.701,-0.153,6.747,12.934,-20.238,0.006,0.18,-0.04,2.6,-300.0,-0.52,-0.11,0.06,0.012,-0.492,-0.99,1.33,-0.001,0.106,
2026-01-26 04:22:38.061,place_to_retreat_machine,560.762,136.231,1364.443,90.485,-0.21,0.161,-2.157,11.294,-113.289,12.184,-89.507,-87.681,-0.139,6.133,11.756,-18.379,0.006,0.184,-0.01,2.55,-300.0,-0.48,0.06,0.08,0.025,-1.05,-2.059,3.075,-0.001,0.089,
2026-01-26 04:22:38.166,place_to_retreat_machine,558.9,136.217,1374.645,90.486,-0.189,0.172,-2.166,11.684,-112.543,11.028,-89.507,-87.662,-0.127,5.573,10.682,-16.674,0.005,0.187,-0.09,2.53,-300.0,-0.56,0.04,0.01,0.031,-1.343,-2.617,4.005,-0.001,0.077,
2026-01-26 04:22:38.266,place_to_retreat_machine,557.175,136.211,1383.246,90.487,-0.176,0.182,-2.173,12.011,-111.915,10.059,-89.507,-87.644,-0.114,4.999,9.58,-14.927,0.005,0.184,-0.02,2.45,-300.0,-0.41,-0.0,-0.04,0.042,-1.826,-3.541,5.483,-0.002,0.051,
2026-01-26 04:22:38.368,place_to_retreat_machine,555.547,136.21,1390.793,90.487,-0.168,0.192,-2.18,12.298,-111.366,9.215,-89.506,-87.628,-0.102,4.467,8.558,-13.306,0.004,0.179,-0.03,2.39,-300.0,-0.33,-0.04,-0.01,0.047,-2.05,-3.966,6.173,-0.002,0.032,
2026-01-26 04:22:38.472,place_to_retreat_machine,553.975,136.214,1397.649,90.488,-0.164,0.201,-2.186,12.559,-110.867,8.452,-89.506,-87.613,-0.091,4.001,7.665,-11.887,0.004,0.172,-0.03,2.45,-300.0,-0.45,0.03,-0.01,0.048,-2.111,-4.08,6.372,-0.002,0.02,
2026-01-26 04:22:38.573,place_to_retreat_machine,552.583,136.22,1403.424,90.488,-0.163,0.21,-2.191,12.778,-110.448,7.813,-89.506,-87.599,-0.081,3.549,6.796,-10.513,0.003,0.162,-0.01,2.37,-300.0,-0.31,-0.01,0.0,0.053,-2.313,-4.464,6.974,-0.002,-0.003,
2026-01-26 04:22:38.676,place_to_retreat_machine,551.266,136.227,1408.668,90.488,-0.165,0.217,-2.195,12.977,-110.068,7.236,-89.506,-87.587,-0.072,3.159,6.048,-9.328,0.003,0.152,-0.11,2.34,-300.0,-0.2,0.04,-0.0,0.052,-2.284,-4.407,6.894,-0.002,-0.014,
2026-01-26 04:22:38.779,place_to_retreat_machine,550.118,136.235,1413.084,90.488,-0.169,0.223,-2.199,13.144,-109.748,6.752,-89.506,-87.577,-0.063,2.787,5.335,-8.204,0.002,0.139,-0.03,2.32,-300.0,-0.11,-0.04,-0.07,0.054,-2.372,-4.571,7.142,-0.003,-0.032,
2026-01-26 04:22:38.880,place_to_retreat_machine,549.121,136.243,1416.814,90.488,-0.174,0.229,-2.202,13.285,-109.478,6.346,-89.505,-87.569,-0.056,2.444,4.676,-7.17,0.002,0.125,0.01,2.3,-300.0,-0.14,0.07,0.07,0.055,-2.395,-4.612,7.198,-0.003,-0.047,
2026-01-26 04:22:38.982,place_to_retreat_machine,548.189,136.251,1420.224,90.487,-0.18,0.233,-2.205,13.415,-109.232,5.976,-89.505,-87.562,-0.049,2.155,4.124,-6.302,0.002,0.112,-0.07,2.16,-300.0,-0.31,-0.07,0.05,0.052,-2.278,-4.385,6.846,-0.002,-0.053,
2026-01-26 04:22:39.083,place_to_retreat_machine,547.355,136.259,1423.213,90.487,-0.186,0.236,-2.208,13.528,-109.016,5.654,-89.505,-87.556,-0.043,1.899,3.632,-5.532,0.001,0.099,-0.07,2.16,-300.0,-0.04,-0.14,0.01,0.05,-2.21,-4.253,6.634,-0.002,-0.061,
2026-01-26 04:22:39.186,place_to_retreat_machine,546.586,136.267,1425.926,90.487,-0.193,0.239,-2.21,13.63,-108.82,5.362,-89.505,-87.551,-0.038,1.681,3.214,-4.878,0.001,0.086,-0.02,2.23,-300.0,-0.09,0.09,0.09,0.048,-2.093,-4.028,6.282,-0.002,-0.066,
2026-01-26 04:22:39.290,place_to_retreat_machine,545.905,136.274,1428.292,90.487,-0.2,0.24,-2.212,13.72,-108.65,5.109,-89.505,-87.547,-0.034,1.484,2.837,-4.29,0.001,0.073,-0.05,2.08,-300.0,-0.04,0.03,0.08,0.046,-2.016,-3.878,6.04,-0.002,-0.072,
2026-01-26 04:22:39.393,place_to_retreat_machine,545.325,136.28,1430.283,90.486,-0.207,0.241,-2.214,13.795,-108.506,4.898,-89.505,-87.545,-0.03,1.301,2.486,-3.747,0.001,0.061,-0.05,2.1,-300.0,0.01,0.08,-0.07,0.045,-1.956,-3.761,5.846,-0.002,-0.077,
2026-01-26 04:22:39.493,place_to_retreat_machine,544.812,136.286,1432.029,90.486,-0.214,0.241,-2.216,13.861,-108.38,4.713,-89.505,-87.544,-0.026,1.141,2.179,-3.272,0.001,0.049,0.07,2.21,-300.0,-0.02,0.09,-0.09,0.042,-1.854,-3.563,5.532,-0.002,-0.079,
2026-01-26 04:22:39.596,place_to_retreat_machine,544.343,136.292,1433.614,90.486,-0.221,0.24,-2.217,13.92,-108.266,4.546,-89.505,-87.543,-0.023,1.005,1.919,-2.871,0.001,0.038,-0.02,2.1,-300.0,-0.07,-0.09,-0.01,0.039,-1.729,-3.324,5.157,-0.002,-0.079,
2026-01-26 04:22:39.697,place_to_retreat_machine,543.945,136.296,1434.948,90.486,-0.228,0.239,-2.218,13.971,-108.171,4.407,-89.505,-87.543,-0.02,0.879,1.679,-2.502,0.0,0.028,-0.0,2.12,-300.0,0.02,-0.1,0.05,0.038,-1.651,-3.172,4.912,-0.002,-0.079,waypoint
2026-01-26 04:22:39.798,wait_for_machining,543.595,136.3,1436.117,90.485,-0.234,0.237,-2.219,14.015,-108.087,4.285,-89.505,-87.544,-0.018,0.77,1.469,-2.182,0.0,0.019,0.09,2.06,-300.0,0.04,-0.05,-0.08,0.035,-1.548,-2.974,4.6,-0.002,-0.077,
2026-01-26 04:22:39.900,wait_for_machining,543.275,136.304,1437.179,90.485,-0.24,0.235,-2.22,14.055,-108.01,4.175,-89.505,-87.545,-0.015,0.677,1.292,-1.911,0.0,0.011,0.0,2.16,-300.0,0.05,-0.04,0.01,0.033,-1.434,-2.755,4.257,-0.001,-0.075,
2026-01-26 04:22:40.002,wait_for_machining,543.005,136.308,1438.072,90.485,-0.245,0.232,-2.221,14.088,-107.946,4.082,-89.505,-87.547,-0.013,0.592,1.129,-1.664,0.0,0.004,0.03,2.14,-300.0,0.02,-0.03,0.01,0.031,-1.354,-2.6,4.01,-0.001,-0.071,
2026-01-26 04:22:40.102,wait_for_machining,542.768,136.31,1438.855,90.485,-0.25,0.229,-2.221,14.118,-107.89,4.002,-89.505,-87.549,-0.012,0.518,0.987,-1.449,0.0,-0.002,0.02,2.18,-300.0,-0.03,0.02,0.0,0.029,-1.261,-2.42,3.727,-0.001,-0.067,
2026-01-26 04:22:40.204,wait_for_machining,542.553,136.313,1439.567,90.484,-0.255,0.227,-2.222,14.145,-107.839,3.929,-89.505,-87.551,-0.01,0.455,0.868,-1.269,0.0,-0.007,0.01,2.08,-300.0,0.03,-0.03,-0.0,0.026,-1.162,-2.23,3.432,-0.001,-0.063,
2026-01-26 04:22:40.306,wait_for_machining,542.365,136.315,1440.187,90.484,-0.26,0.224,-2.223,14.168,-107.795,3.866,-89.505,-87.554,-0.009,0.4,0.762,-1.109,0.0,-0.011,0.09,2.14,-300.0,0.05,0.04,0.09,0.025,-1.08,-2.073,3.185,-0.001,-0.058,
2026-01-26 04:22:40.407,wait_for_machining,542.201,136.317,1440.728,90.484,-0.264,0.221,-2.223,14.188,-107.756,3.811,-89.505,-87.556,-0.008,0.351,0.668,-0.969,-0.0,-0.015,-0.07,2.18,-300.0,0.08,-0.04,0.04,0.023,-1.002,-1.922,2.95,-0.001,-0.053,
2026-01-26 04:22:40.508,wait_for_machining,542.058,136.319,1441.199,90.484,-0.268,0.218,-2.223,14.206,-107.723,3.764,-89.505,-87.559,-0.007,0.307,0.585,-0.845,-0.0,-0.017,-0.0,2.05,-300.0,0.02,0.04,0.0,0.021,-0.928,-1.78,2.727,-0.001,-0.048,
2026-01-26 04:22:40.610,wait_for_machining,541.937,136.321,1441.596,90.484,-0.271,0.215,-2.224,14.221,-107.695,3.724,-89.505,-87.561,-0.006,0.268,0.509,-0.733,-0.0,-0.019,0.09,2.17,-300.0,0.08,-0.01,-0.02,0.02,-0.863,-1.655,2.532,-0.001,-0.042,
2026-01-26 04:22:40.711,wait_for_machining,541.828,136.322,1441.957,90.484,-0.275,0.212,-2.224,14.234,-107.669,3.688,-89.505,-87.564,-0.005,0.234,0.446,-0.64,-0.0,-0.02,0.02,2.02,-300.0,0.03,0.01,-0.03,0.018,-0.791,-1.516,2.317,-0.001,-0.038,
2026-01-26 04:22:40.813,wait_for_machining,541.733,136.323,1442.271,90.483,-0.278,0.21,-2.224,14.246,-107.646,3.657,-89.505,-87.566,-0.005,0.205,0.391,-0.558,-0.0,-0.021,-0.0,2.13,-300.0,0.09,0.06,0.03,0.017,-0.729,-1.398,2.133,-0.001,-0.033,
2026-01-26 04:22:40.915,wait_for_machining,541.65,136.324,1442.545,90.483,-0.28,0.207,-2.225,14.256,-107.627,3.63,-89.505,-87.568,-0.004,0.18,0.342,-0.486,-0.0,-0.021,-0.07,2.04,-300.0,0.05,-0.05,-0.1,0.015,-0.671,-1.287,1.961,-0.001,-0.028,
2026-01-26 04:22:41.017,wait_for_machining,541.578,136.325,1442.785,90.483,-0.283,0.205,-2.225,14.265,-107.61,3.607,-89.505,-87.57,-0.004,0.157,0.299,-0.423,-0.0,-0.021,0.05,2.08,-300.0,0.07,-0.09,-0.02,0.014,-0.617,-1.183,1.801,-0.0,-0.023,
2026-01-26 04:22:41.121,wait_for_machining,541.515,136.326,1442.993,90.483,-0.285,0.203,-2.225,14.273,-107.595,3.586,-89.505,-87.572,-0.003,0.137,0.261,-0.368,-0.0,-0.02,0.05,2.05,-300.0,0.03,0.04,0.02,0.013,-0.567,-1.087,1.652,-0.0,-0.019,
2026-01-26 04:22:41.223,wait_for_machining,541.46,136.326,1443.175,90.483,-0.287,0.202,-2.225,14.28,-107.582,3.569,-89.505,-87.573,-0.003,0.12,0.228,-0.32,-0.0,-0.019,-0.03,2.07,-300.0,-0.01,0.03,0.02,0.012,-0.52,-0.997,1.513,-0.0,-0.015,
2026-01-26 04:22:41.327,wait_for_machining,541.413,136.327,1443.333,90.483,-0.289,0.2,-2.225,14.286,-107.571,3.553,-89.505,-87.575,-0.002,0.105,0.199,-0.279,-0.0,-0.018,-0.06,2.09,-300.0,0.12,0.07,-0.05,0.011,-0.477,-0.914,1.385,-0.0,-0.012,
2026-01-26 04:22:41.434,wait_for_machining,541.386,136.327,1443.423,90.483,-0.29,0.199,-2.225,14.289,-107.565,3.545,-89.505,-87.575,-0.002,0.087,0.165,-0.23,-0.0,-0.015,0.01,2.07,-300.0,0.16,-0.02,-0.13,0.01,-0.455,-0.872,1.314,-0.0,-0.005,
2026-01-26 04:22:41.536,wait_for_machining,541.357,136.328,1443.518,90.483,-0.291,0.198,-2.225,14.293,-107.558,3.536,-89.505,-87.576,-0.002,0.074,0.141,-0.196,-0.0,-0.013,0.03,2.06,-300.0,0.12,-0.01,0.02,0.009,-0.407,-0.78,1.177,-0.0,-0.004,
2026-01-26 04:22:41.638,wait_for_machining,541.323,136.328,1443.633,90.483,-0.292,0.197,-2.225,14.297,-107.55,3.525,-89.505,-87.577,-0.002,0.066,0.126,-0.174,-0.0,-0.012,-0.01,2.14,-300.0,0.06,-0.09,0.04,0.008,-0.36,-0.689,1.042,-0.0,-0.005,
2026-01-26 04:22:41.741,wait_for_machining,541.294,136.328,1443.729,90.483,-0.294,0.197,-2.226,14.301,-107.543,3.515,-89.505,-87.578,-0.001,0.059,0.111,-0.154,-0.0,-0.011,-0.02,2.04,-300.0,0.05,-0.04,-0.03,0.008,-0.33,-0.633,0.955,-0.0,-0.003,
2026-01-26 04:22:47.869,wait_for_machining,541.095,136.331,1444.414,90.482,-0.304,0.198,-2.226,14.326,-107.495,3.453,-89.505,-87.576,-0.0,0.0,0.0,-0.0,-0.0,-0.0,-0.01,2.0,-300.0,0.16,0.01,-0.04,0.0,-0.001,-0.002,0.002,0.0,0.0,
2026-01-26 04:22:54.104,wait_for_machining,541.095,136.331,1444.414,90.482,-0.304,0.198,-2.226,14.326,-107.495,3.453,-89.505,-87.575,-0.0,0.0,0.0,-0.0,0.0,0.0,-0.0,2.09,-300.0,0.12,0.05,0.06,0.0,-0.0,-0.0,0.0,0.0,0.0,
2026-01-26 04:23:00.338,wait_for_machining,541.095,136.331,1444.414,90.482,-0.304,0.198,-2.226,14.326,-107.495,3.453,-89.505,-87.575,-0.0,0.0,0.0,-0.0,0.0,0.0,0.05,2.04,-300.0,0.07,0.15,-0.02,0.0,-0.0,-0.0,0.0,-0.0,-0.0,
2026-01-26 04:23:06.450,wait_for_machining,541.095,136.331,1444.414,90.482,-0.304,0.198,-2.226,14.326,-107.495,3.453,-89.505,-87.575,-0.0,0.0,0.0,0.0,-0.0,-0.0,0.0,2.06,-300.0,0.06,0.02,0.01,0.0,-0.0,-0.0,0.0,0.0,-0.0,
2026-01-26 04:23:12.675,wait_for_machining,541.095,136.331,1444.414,90.482,-0.304,0.198,-2.226,14.326,-107.495,3.453,-89.505,-87.575,-0.0,0.0,0.0,0.0,-0.0,0.0,-0.06,2.09,-300.0,0.13,0.0,-0.06,0.0,-0.0,-0.0,0.0,0.0,-0.0,
2026-01-26 04:23:18.875,wait_for_machining,541.095,136.331,1444.414,90.482,-0.304,0.198,-2.226,14.326,-107.495,3.453,-89.505,-87.575,-0.0,0.0,0.0,0.0,-0.0,0.0,-0.0,2.07,-300.0,0.06,0.03,-0.02,0.0,-0.0,-0.0,0.0,0.0,-0.0,
2026-01-26 04:23:24.995,wait_for_machining,541.095,136.331,1444.414,90.482,-0.304,0.198,-2.226,14.326,-107.495,3.453,-89.505,-87.575,-0.0,0.0,0.0,0.0,-0.0,0.0,0.01,2.05,-300.0,0.1,0.02,0.1,0.0,-0.0,-0.0,0.0,0.0,-0.0,
2026-01-26 04:23:31.217,wait_for_machining,541.095,136.331,1444.414,90.482,-0.304,0.198,-2.226,14.326,-107.495,3.453,-89.505,-87.575,-0.0,0.0,0.0,0.0,-0.0,0.0,-0.07,2.1,-300.0,0.11,0.02,0.09,0.0,-0.0,-0.0,0.0,0.0,-0.0,
2026-01-26 04:23:37.432,wait_for_machining,541.095,136.331,1444.414,90.482,-0.304,0.198,-2.226,14.326,-107.495,3.453,-89.505,-87.575,-0.0,0.0,0.0,0.0,-0.0,0.0,-0.01,1.99,-300.0,0.01,0.1,-0.04,0.0,-0.0,-0.0,0.0,0.0,-0.0,waypoint
2026-01-26 04:23:37.532,machining_end_to_approach_machine,543.592,136.374,1427.133,90.503,0.195,0.212,-2.211,13.866,-108.794,4.712,-89.505,-87.577,0.037,-1.151,-3.246,3.148,0.0,-0.004,0.02,2.03,-300.0,0.28,0.06,-0.02,0.149,-4.604,-12.985,12.592,0.0,-0.014,
2026-01-26 04:23:37.633,machining_end_to_approach_machine,547.949,136.425,1401.053,90.504,0.202,0.23,-2.188,13.142,-110.888,7.523,-89.505,-87.582,0.086,-2.672,-7.671,9.389,0.001,-0.016,-0.02,2.32,-300.0,0.35,0.04,0.02,0.216,-6.777,-19.648,26.852,0.003,-0.052,
2026-01-26 04:23:37.737,machining_end_to_approach_machine,551.002,136.508,1377.679,90.498,0.071,0.242,-2.167,12.486,-112.796,10.219,-89.505,-87.591,0.117,-3.645,-10.523,13.781,-0.0,-0.033,0.03,2.43,-300.0,0.51,-0.01,-0.04,0.173,-5.426,-15.816,23.012,-0.004,-0.078,
2026-01-26 04:23:37.838,machining_end_to_approach_machine,552.716,136.61,1358.112,90.493,-0.04,0.25,-2.149,11.933,-114.401,12.487,-89.506,-87.601,0.132,-4.115,-11.905,16.007,-0.001,-0.051,0.02,2.4,-300.0,0.67,0.01,0.08,0.123,-3.842,-11.206,16.439,-0.005,-0.089,
2026-01-26 04:23:37.940,machining_end_to_approach_machine,553.583,136.73,1340.446,90.489,-0.133,0.253,-2.133,11.432,-115.857,14.537,-89.506,-87.613,0.139,-4.339,-12.569,17.131,-0.002,-0.069,0.11,2.5,-300.0,0.62,-0.08,0.03,0.094,-2.947,-8.595,12.613,-0.004,-0.101,
2026-01-26 04:23:38.043,machining_end_to_approach_machine,553.808,136.85,1325.663,90.485,-0.204,0.253,-2.12,11.01,-117.082,16.255,-89.507,-87.627,0.138,-4.308,-12.488,17.142,-0.003,-0.085,0.06,2.54,-300.0,0.6,0.07,-0.03,0.059,-1.858,-5.422,8.024,-0.003,-0.098,
2026-01-26 04:23:38.145,machining_end_to_approach_machine,553.628,136.969,1312.784,90.483,-0.26,0.251,-2.108,10.641,-118.154,17.753,-89.507,-87.64,0.133,-4.155,-12.047,16.601,-0.003,-0.098,0.06,2.47,-300.0,0.64,0.04,0.15,0.037,-1.149,-3.358,5.027,-0.002,-0.096,
2026-01-26 04:23:38.250,machining_end_to_approach_machine,553.16,137.088,1301.161,90.481,-0.305,0.247,-2.097,10.306,-119.127,19.106,-89.507,-87.655,0.126,-3.954,-11.468,15.834,-0.003,-0.111,0.14,2.55,-300.0,0.64,-0.01,0.03,0.022,-0.692,-2.026,3.077,-0.002,-0.096,
2026-01-26 04:23:38.352,machining_end_to_approach_machine,552.542,137.197,1291.432,90.479,-0.338,0.242,-2.088,10.024,-119.946,20.24,-89.508,-87.67,0.117,-3.671,-10.647,14.709,-0.003,-0.119,0.01,2.54,-300.0,0.62,0.02,0.04,0.003,-0.091,-0.277,0.572,-0.001,-0.081,
2026-01-26 04:23:38.454,machining_end_to_approach_machine,551.805,137.301,1282.646,90.478,-0.363,0.235,-2.08,9.768,-120.688,21.264,-89.508,-87.684,0.109,-3.393,-9.841,13.592,-0.003,-0.126,0.08,2.6,-300.0,0.51,-0.03,-0.11,-0.006,0.179,0.51,-0.581,-0.001,-0.076,
2026-01-26 04:23:38.558,machining_end_to_approach_machine,551.025,137.397,1275.023,90.477,-0.382,0.228,-2.073,9.545,-121.335,22.152,-89.508,-87.698,0.099,-3.103,-8.997,12.415,-0.002,-0.13,-0.09,2.61,-300.0,0.64,0.0,0.05,-0.016,0.49,1.415,-1.879,-0.0,-0.063,
2026-01-26 04:23:38.660,machining_end_to_approach_machine,550.242,137.484,1268.406,90.477,-0.394,0.221,-2.067,9.35,-121.898,22.923,-89.508,-87.712,0.09,-2.813,-8.157,11.238,-0.002,-0.131,0.03,2.7,-300.0,0.41,0.13,0.06,-0.023,0.727,2.106,-2.868,0.0,-0.05,
2026-01-26 04:23:38.760,machining_end_to_approach_machine,549.479,137.563,1262.66,90.476,-0.402,0.214,-2.061,9.181,-122.389,23.591,-89.508,-87.724,0.081,-2.533,-7.345,10.1,-0.002,-0.13,0.02,2.64,-300.0,0.52,0.08,-0.08,-0.029,0.904,2.621,-3.602,0.0,-0.036,
2026-01-26 04:23:38.864,machining_end_to_approach_machine,548.754,137.634,1257.669,90.476,-0.407,0.207,-2.057,9.033,-122.817,24.171,-89.508,-87.736,0.073,-2.269,-6.578,9.025,-0.002,-0.126,-0.01,2.7,-300.0,0.42,0.03,-0.04,-0.033,1.032,2.991,-4.128,0.0,-0.022,
2026-01-26 04:23:38.966,machining_end_to_approach_machine,548.076,137.697,1253.33,90.476,-0.409,0.201,-2.053,8.904,-123.189,24.675,-89.508,-87.746,0.065,-2.024,-5.865,8.027,-0.002,-0.121,0.05,2.6,-300.0,0.35,0.02,-0.03,-0.036,1.118,3.242,-4.483,0.001,-0.009,
2026-01-26 04:23:39.069,machining_end_to_approach_machine,547.45,137.754,1249.559,90.476,-0.408,0.195,-2.049,8.792,-123.514,25.111,-89.509,-87.756,0.058,-1.798,-5.21,7.111,-0.001,-0.114,0.08,2.64,-300.0,0.28,-0.05,-0.03,-0.037,1.172,3.398,-4.702,0.001,0.003,
2026-01-26 04:23:39.170,machining_end_to_approach_machine,546.896,137.802,1246.391,90.476,-0.406,0.19,-2.046,8.698,-123.787,25.477,-89.509,-87.764,0.051,-1.585,-4.591,6.247,-0.001,-0.105,0.02,2.54,-300.0,0.24,-0.03,0.03,-0.039,1.233,3.574,-4.941,0.001,0.017,
2026-01-26 04:23:39.271,machining_end_to_approach_machine,546.374,137.846,1243.523,90.476,-0.403,0.186,-2.043,8.612,-124.035,25.807,-89.509,-87.771,0.045,-1.403,-4.062,5.511,-0.001,-0.097,0.0,2.65,-300.0,0.36,0.03,-0.07,-0.038,1.197,3.47,-4.8,0.001,0.023,
2026-01-26 04:23:39.375,machining_end_to_approach_machine,545.919,137.884,1241.112,90.476,-0.399,0.183,-2.041,8.54,-124.243,26.083,-89.509,-87.777,0.039,-1.232,-3.568,4.825,-0.001,-0.087,-0.08,2.65,-300.0,0.19,0.02,0.11,-0.039,1.213,3.517,-4.857,0.001,0.034,
2026-01-26 04:23:39.476,machining_end_to_approach_machine,545.508,137.918,1239.003,90.476,-0.395,0.18,-2.039,8.477,-124.426,26.325,-89.509,-87.781,0.035,-1.082,-3.132,4.221,-0.001,-0.077,0.08,2.6,-300.0,0.22,0.03,-0.04,-0.038,1.181,3.424,-4.725,0.001,0.041,
2026-01-26 04:23:39.577,machining_end_to_approach_machine,545.126,137.949,1237.092,90.476,-0.39,0.178,-2.037,8.42,-124.591,26.542,-89.509,-87.785,0.031,-0.955,-2.763,3.711,-0.001,-0.068,0.04,2.57,-300.0,0.24,-0.06,-0.02,-0.036,1.121,3.251,-4.486,0.001,0.044,
2026-01-26 04:23:39.679,machining_end_to_approach_machine,544.797,137.975,1235.484,90.477,-0.385,0.176,-2.036,8.371,-124.73,26.725,-89.509,-87.788,0.027,-0.836,-2.42,3.239,-0.001,-0.058,-0.02,2.56,-300.0,0.35,-0.03,-0.01,-0.035,1.1,3.189,-4.391,0.001,0.05,
2026-01-26 04:23:39.782,machining_end_to_approach_machine,544.493,137.999,1234.027,90.477,-0.379,0.175,-2.034,8.328,-124.857,26.89,-89.509,-87.791,0.024,-0.737,-2.131,2.841,-0.001,-0.049,-0.1,2.65,-300.0,0.16,0.02,-0.0,-0.033,1.035,2.999,-4.129,0.001,0.052,
2026-01-26 04:23:39.883,machining_end_to_approach_machine,544.232,138.019,1232.801,90.477,-0.374,0.175,-2.033,8.291,-124.963,27.028,-89.509,-87.792,0.021,-0.644,-1.864,2.476,-0.001,-0.041,0.01,2.7,-300.0,0.19,-0.06,0.07,-0.032,1.001,2.9,-3.984,0.001,0.055,waypoint
2026-01-26 04:23:39.985,approach_machine_to_pick,544.151,138.058,1228.403,90.484,-0.206,0.178,-2.029,8.054,-125.223,27.357,-89.508,-87.793,0.025,-1.075,-2.049,2.68,0.001,-0.033,-0.09,1.97,-300.0,0.29,-0.05,0.04,-0.004,-1.098,1.066,-1.673,0.006,0.054,
2026-01-26 04:23:40.087,approach_machine_to_pick,545.451,138.146,1212.582,90.492,-0.032,0.189,-2.015,7.044,-126.137,29.106,-89.507,-87.795,0.053,-3.332,-3.821,6.383,0.005,-0.031,-0.02,2.13,-300.0,0.37,0.05,0.03,0.1,-8.726,-5.57,12.695,0.016,0.034,
2026-01-26 04:23:40.188,approach_machine_to_pick,546.53,138.222,1199.545,90.49,-0.099,0.197,-2.003,6.181,-126.925,30.824,-89.507,-87.799,0.07,-4.656,-4.835,9.083,0.004,-0.032,0.02,2.27,-300.0,0.46,-0.04,-0.07,0.069,-6.378,-3.756,11.115,-0.0,0.019,
2026-01-26 04:23:40.289,approach_machine_to_pick,547.172,138.298,1188.228,90.487,-0.169,0.203,-1.993,5.425,-127.615,32.34,-89.507,-87.804,0.079,-5.382,-5.353,10.602,0.002,-0.036,-0.0,2.42,-300.0,0.45,0.04,0.01,0.048,-4.67,-2.407,7.98,-0.003,0.008,
2026-01-26 04:23:40.391,approach_machine_to_pick,547.489,138.376,1178.028,90.484,-0.227,0.207,-1.983,4.739,-128.242,33.711,-89.507,-87.809,0.083,-5.751,-5.581,11.378,0.001,-0.04,-0.04,2.56,-300.0,0.43,0.01,0.06,0.033,-3.503,-1.525,5.73,-0.003,-0.002,
2026-01-26 04:23:40.493,approach_machine_to_pick,547.56,138.449,1169.498,90.483,-0.271,0.21,-1.975,4.162,-128.769,34.859,-89.507,-87.815,0.082,-5.756,-5.502,11.404,0.001,-0.045,-0.02,2.64,-300.0,0.54,0.05,0.0,0.015,-2.064,-0.376,2.931,-0.002,-0.004,
2026-01-26 04:23:40.597,approach_machine_to_pick,547.469,138.521,1161.8,90.481,-0.307,0.211,-1.968,3.639,-129.246,35.896,-89.507,-87.821,0.08,-5.626,-5.321,11.146,0.0,-0.049,0.09,2.74,-300.0,0.54,-0.05,0.01,0.006,-1.323,0.151,1.528,-0.002,-0.009,
2026-01-26 04:23:40.701,approach_machine_to_pick,547.27,138.587,1155.126,90.48,-0.334,0.211,-1.962,3.182,-129.663,36.796,-89.508,-87.827,0.075,-5.36,-5.032,10.608,-0.0,-0.053,0.07,2.84,-300.0,0.49,-0.0,-0.01,-0.004,-0.518,0.752,0.001,-0.001,-0.01,
2026-01-26 04:23:40.804,approach_machine_to_pick,547.027,138.644,1149.738,90.479,-0.353,0.21,-1.957,2.812,-130.0,37.522,-89.508,-87.833,0.069,-4.945,-4.617,9.772,-0.0,-0.054,-0.02,2.9,-300.0,0.5,-0.0,0.0,-0.016,0.396,1.465,-1.733,-0.001,-0.004,
2026-01-26 04:23:40.904,approach_machine_to_pick,546.74,138.698,1144.835,90.479,-0.367,0.208,-1.952,2.474,-130.308,38.182,-89.508,-87.839,0.064,-4.554,-4.233,8.98,-0.0,-0.056,-0.04,2.91,-300.0,0.3,-0.06,0.06,-0.018,0.677,1.612,-2.218,-0.0,-0.005,
2026-01-26 04:23:41.010,approach_machine_to_pick,546.532,138.732,1141.811,90.479,-0.375,0.207,-1.949,2.265,-130.499,38.59,-89.508,-87.844,0.055,-3.938,-3.651,7.753,-0.0,-0.052,0.08,2.93,-300.0,0.33,0.05,0.06,-0.034,1.898,2.626,-4.53,-0.0,0.015,
2026-01-26 04:23:41.110,approach_machine_to_pick,546.275,138.771,1138.48,90.478,-0.381,0.206,-1.946,2.035,-130.709,39.037,-89.508,-87.848,0.049,-3.53,-3.264,6.934,-0.0,-0.051,-0.05,3.03,-300.0,0.34,-0.03,-0.08,-0.028,1.491,2.166,-3.669,-0.0,0.006,
2026-01-26 04:23:41.211,approach_machine_to_pick,545.975,138.813,1135.005,90.478,-0.387,0.204,-1.943,1.793,-130.929,39.504,-89.508,-87.854,0.045,-3.251,-2.998,6.367,-0.0,-0.052,0.02,3.04,-300.0,0.34,0.02,0.02,-0.024,1.236,1.853,-3.115,-0.0,0.0,
2026-01-26 04:23:41.313,approach_machine_to_pick,545.675,138.852,1131.859,90.478,-0.389,0.201,-1.94,1.574,-131.128,39.925,-89.508,-87.859,0.042,-2.986,-2.747,5.829,-0.0,-0.052,-0.01,2.99,-300.0,0.32,0.08,0.03,-0.024,1.336,1.872,-3.255,-0.0,0.002,
2026-01-26 04:23:41.414,approach_machine_to_pick,545.401,138.885,1129.218,90.478,-0.39,0.199,-1.937,1.39,-131.296,40.278,-89.508,-87.864,0.038,-2.7,-2.479,5.254,-0.0,-0.05,0.1,3.12,-300.0,0.3,-0.04,0.01,-0.027,1.55,2.002,-3.615,0.0,0.008,
2026-01-26 04:23:41.514,approach_machine_to_pick,545.146,138.915,1126.909,90.478,-0.39,0.198,-1.935,1.228,-131.443,40.586,-89.508,-87.868,0.034,-2.429,-2.227,4.71,-0.0,-0.048,0.06,3.19,-300.0,0.36,-0.08,-0.06,-0.027,1.624,2.011,-3.705,0.0,0.012,
2026-01-26 04:23:41.616,approach_machine_to_pick,544.902,138.942,1124.816,90.478,-0.388,0.196,-1.933,1.082,-131.576,40.864,-89.508,-87.871,0.03,-2.188,-2.003,4.227,-0.0,-0.046,-0.03,3.15,-300.0,0.19,-0.0,0.02,-0.027,1.611,1.946,-3.632,0.0,0.014,
2026-01-26 04:23:41.718,approach_machine_to_pick,544.687,138.965,1123.058,90.478,-0.385,0.194,-1.931,0.959,-131.688,41.097,-89.508,-87.875,0.027,-1.949,-1.782,3.752,-0.0,-0.042,0.02,3.23,-300.0,0.26,-0.07,0.02,-0.027,1.682,1.963,-3.721,0.0,0.018,
2026-01-26 04:23:41.818,approach_machine_to_pick,544.491,138.986,1121.518,90.478,-0.382,0.193,-1.93,0.851,-131.786,41.3,-89.508,-87.877,0.024,-1.731,-1.582,3.322,0.0,-0.039,-0.0,3.18,-300.0,0.22,-0.0,-0.0,-0.027,1.667,1.906,-3.647,0.0,0.021,
2026-01-26 04:23:41.920,approach_machine_to_pick,544.307,139.005,1120.123,90.479,-0.379,0.192,-1.928,0.753,-131.875,41.483,-89.508,-87.88,0.021,-1.543,-1.409,2.95,0.0,-0.035,-0.03,3.15,-300.0,0.22,0.03,-0.02,-0.025,1.6,1.807,-3.479,0.0,0.022,
2026-01-26 04:23:42.024,approach_machine_to_pick,544.147,139.021,1118.949,90.479,-0.375,0.191,-1.927,0.671,-131.95,41.637,-89.508,-87.882,0.019,-1.363,-1.244,2.596,0.0,-0.031,0.04,3.2,-300.0,0.17,0.04,-0.01,-0.025,1.596,1.768,-3.429,0.0,0.025,
2026-01-26 04:23:42.127,approach_machine_to_pick,543.998,139.036,1117.885,90.479,-0.371,0.191,-1.926,0.596,-132.018,41.775,-89.508,-87.883,0.017,-1.209,-1.102,2.294,0.0,-0.027,0.02,3.22,-300.0,0.1,0.05,-0.01,-0.023,1.512,1.66,-3.234,0.0,0.026,waypoint
2026-01-26 04:23:42.227,pick_on_machine,543.866,139.049,1116.957,90.479,-0.367,0.19,-1.925,0.531,-132.077,41.895,-89.508,-87.885,0.015,-1.07,-0.975,2.021,0.0,-0.023,-0.03,3.28,-300.0,0.19,0.0,0.05,-0.022,1.457,1.582,-3.095,0.0,0.027,
2026-01-26 04:23:42.327,pick_on_machine,543.748,139.061,1116.149,90.479,-0.363,0.19,-1.924,0.474,-132.128,42.0,-89.508,-87.885,0.013,-0.944,-0.86,1.777,0.0,-0.02,0.08,3.31,-300.0,0.12,0.01,-0.06,-0.021,1.395,1.5,-2.945,0.0,0.028,
2026-01-26 04:23:42.430,pick_on_machine,543.639,139.071,1115.42,90.479,-0.359,0.19,-1.924,0.423,-132.175,42.093,-89.508,-87.886,0.012,-0.836,-0.761,1.566,0.0,-0.016,0.07,3.28,-300.0,0.12,0.0,-0.05,-0.02,1.312,1.401,-2.758,0.0,0.028,
2026-01-26 04:23:42.532,pick_on_machine,543.547,139.08,1114.809,90.48,-0.356,0.191,-1.923,0.38,-132.214,42.172,-89.508,-87.886,0.01,-0.734,-0.668,1.37,0.0,-0.013,-0.04,3.28,-300.0,0.14,0.07,0.01,-0.019,1.263,1.336,-2.637,0.0,0.028,
2026-01-26 04:23:42.635,pick_on_machine,543.465,139.087,1114.276,90.48,-0.352,0.191,-1.923,0.343,-132.248,42.239,-89.508,-87.886,0.009,-0.644,-0.586,1.197,0.0,-0.009,0.01,3.26,-300.0,0.26,-0.01,0.02,-0.018,1.192,1.252,-2.477,0.0,0.028,
2026-01-26 04:23:42.736,pick_on_machine,543.393,139.094,1113.812,90.48,-0.349,0.192,-1.922,0.31,-132.277,42.298,-89.508,-87.886,0.008,-0.565,-0.513,1.045,0.0,-0.007,0.03,3.3,-300.0,0.09,0.09,0.04,-0.017,1.121,1.171,-2.319,0.0,0.027,
2026-01-26 04:23:42.837,pick_on_machine,543.331,139.1,1113.421,90.48,-0.346,0.193,-1.922,0.283,-132.302,42.347,-89.508,-87.886,0.007,-0.492,-0.447,0.906,0.0,-0.004,-0.03,3.25,-300.0,0.05,-0.0,0.02,-0.016,1.061,1.101,-2.183,0.0,0.026,
2026-01-26 04:23:42.937,pick_on_machine,543.276,139.105,1113.078,90.48,-0.343,0.194,-1.921,0.259,-132.324,42.39,-89.508,-87.885,0.006,-0.429,-0.389,0.787,0.0,-0.002,0.01,3.27,-300.0,0.05,-0.1,-0.02,-0.015,0.989,1.022,-2.027,0.0,0.025,
2026-01-26 04:23:43.041,pick_on_machine,543.225,139.109,1112.757,90.48,-0.34,0.194,-1.921,0.236,-132.344,42.43,-89.508,-87.884,0.005,-0.378,-0.343,0.69,0.0,0.0,-0.02,3.29,-300.0,0.06,-0.04,-0.02,-0.014,0.904,0.933,-1.853,0.0,0.023,
2026-01-26 04:23:43.143,pick_on_machine,543.181,139.113,1112.487,90.48,-0.338,0.195,-1.921,0.217,-132.361,42.464,-89.508,-87.884,0.005,-0.331,-0.3,0.601,0.0,0.002,0.02,3.23,-300.0,0.14,0.07,0.01,-0.013,0.85,0.873,-1.734,0.0,0.022,
2026-01-26 04:23:43.246,pick_on_machine,543.141,139.117,1112.243,90.48,-0.335,0.196,-1.921,0.2,-132.377,42.494,-89.508,-87.883,0.004,-0.291,-0.263,0.526,0.0,0.003,-0.06,3.39,-300.0,0.14,0.14,0.1,-0.012,0.784,0.802,-1.595,0.0,0.02,
2026-01-26 04:23:43.346,pick_on_machine,543.107,139.12,1112.039,90.48,-0.333,0.197,-1.92,0.186,-132.389,42.519,-89.508,-87.882,0.004,-0.254,-0.23,0.457,0.0,0.004,0.03,3.3,-300.0,0.05,-0.05,-0.05,-0.011,0.733,0.747,-1.485,-0.0,0.018,
2026-01-26 04:23:43.450,pick_on_machine,543.076,139.123,1111.855,90.481,-0.331,0.198,-1.92,0.173,-132.401,42.541,-89.508,-87.882,0.003,-0.222,-0.201,0.399,0.0,0.005,-0.07,3.24,-300.0,0.11,0.05,-0.01,-0.01,0.674,0.685,-1.362,-0.0,0.017,
2026-01-26 04:23:43.553,pick_on_machine,543.049,139.125,1111.695,90.481,-0.329,0.199,-1.92,0.162,-132.411,42.56,-89.508,-87.881,0.003,-0.195,-0.176,0.348,0.0,0.006,0.05,3.34,-300.0,0.12,0.02,0.02,-0.009,0.624,0.632,-1.257,-0.0,0.015,
2026-01-26 04:23:43.654,pick_on_machine,543.027,139.127,1111.561,90.481,-0.328,0.2,-1.92,0.153,-132.42,42.577,-89.508,-87.88,0.002,-0.169,-0.153,0.301,0.0,0.006,-0.05,3.33,-300.0,0.14,-0.04,-0.01,-0.009,0.579,0.585,-1.163,-0.0,0.013,
2026-01-26 04:23:43.754,pick_on_machine,543.007,139.129,1111.444,90.481,-0.326,0.201,-1.92,0.144,-132.427,42.591,-89.508,-87.879,0.002,-0.147,-0.133,0.261,0.0,0.006,-0.07,3.25,-300.0,0.08,0.1,-0.06,-0.008,0.533,0.537,-1.068,-0.0,0.011,
2026-01-26 04:23:43.855,pick_on_machine,542.989,139.13,1111.339,90.481,-0.325,0.202,-1.92,0.137,-132.434,42.603,-89.507,-87.879,0.002,-0.129,-0.117,0.227,0.0,0.006,-0.0,3.24,-300.0,0.01,0.03,0.03,-0.007,0.488,0.491,-0.976,-0.0,0.01,
2026-01-26 04:23:43.956,pick_on_machine,542.975,139.131,1111.256,90.481,-0.324,0.202,-1.92,0.131,-132.439,42.613,-89.507,-87.878,0.002,-0.111,-0.1,0.195,0.0,0.006,0.08,3.2,-300.0,0.15,0.05,-0.08,-0.007,0.455,0.457,-0.907,-0.0,0.008,
2026-01-26 04:23:44.057,pick_on_machine,542.962,139.133,1111.181,90.481,-0.322,0.203,-1.92,0.126,-132.443,42.622,-89.507,-87.878,0.001,-0.096,-0.087,0.168,0.0,0.006,-0.01,3.33,-300.0,0.12,0.02,-0.08,-0.006,0.415,0.415,-0.825,-0.0,0.007,
2026-01-26 04:23:44.160,pick_on_machine,542.95,139.134,1111.113,90.481,-0.321,0.203,-1.919,0.121,-132.448,42.63,-89.507,-87.877,0.001,-0.084,-0.076,0.146,0.0,0.006,-0.08,3.15,-300.0,0.11,0.03,0.04,-0.006,0.378,0.378,-0.751,-0.0,0.006,
2026-01-26 04:23:44.263,pick_on_machine,542.94,139.135,1111.055,90.481,-0.321,0.204,-1.919,0.117,-132.451,42.637,-89.507,-87.877,0.001,-0.073,-0.066,0.126,0.0,0.005,0.0,3.33,-300.0,0.06,-0.02,-0.02,-0.005,0.348,0.347,-0.689,-0.0,0.004,
2026-01-26 04:23:44.364,pick_on_machine,542.931,139.135,1111.005,90.481,-0.32,0.204,-1.919,0.114,-132.455,42.642,-89.507,-87.877,0.001,-0.064,-0.057,0.109,0.0,0.005,0.05,3.29,-300.0,0.09,0.14,-0.05,-0.005,0.318,0.317,-0.629,-0.0,0.003,
2026-01-26 04:23:44.468,pick_on_machine,542.923,139.136,1110.959,90.481,-0.319,0.204,-1.919,0.111,-132.457,42.648,-89.507,-87.876,0.001,-0.056,-0.05,0.095,0.0,0.004,0.07,3.22,-300.0,0.1,-0.02,-0.08,-0.004,0.289,0.288,-0.571,-0.0,0.003,
2026-01-26 04:23:44.571,pick_on_machine,542.916,139.137,1110.92,90.481,-0.318,0.205,-1.919,0.108,-132.46,42.652,-89.507,-87.876,0.001,-0.048,-0.044,0.083,0.0,0.004,-0.09,3.33,-300.0,0.08,-0.07,-0.06,-0.004,0.266,0.264,-0.523,-0.0,0.002,
2026-01-26 04:23:44.671,pick_on_machine,542.91,139.137,1110.888,90.481,-0.318,0.205,-1.919,0.106,-132.462,42.656,-89.507,-87.876,0.001,-0.042,-0.038,0.071,0.0,0.003,0.03,3.31,-300.0,0.08,0.04,-0.1,-0.004,0.243,0.241,-0.478,-0.0,0.001,
2026-01-26 04:23:44.774,pick_on_machine,542.905,139.137,1110.86,90.481,-0.317,0.205,-1.919,0.104,-132.464,42.659,-89.507,-87.876,0.001,-0.036,-0.033,0.061,0.0,0.003,0.02,3.24,-300.0,0.12,-0.05,0.05,-0.003,0.222,0.22,-0.436,-0.0,0.0,
2026-01-26 04:23:44.978,pick_on_machine,542.896,139.138,1110.81,90.481,-0.317,0.205,-1.919,0.1,-132.467,42.665,-89.507,-87.876,0.0,-0.028,-0.025,0.047,0.0,0.002,-0.09,3.36,-300.0,0.05,-0.01,0.01,-0.003,0.182,0.181,-0.357,-0.0,-0.0,
2026-01-26 04:23:45.081,pick_to_retreat_machine,551.132,138.696,1127.514,90.455,-1.084,0.189,-1.937,0.725,-131.061,41.403,-89.505,-87.874,-0.045,1.54,3.495,-3.119,0.007,0.005,0.06,3.91,-300.0,-0.1,0.09,0.03,-0.183,6.424,14.234,-12.966,0.029,0.013,
2026-01-26 04:23:45.184,pick_to_retreat_machine,567.816,137.687,1172.698,90.447,-1.375,0.153,-1.983,2.462,-127.085,35.98,-89.502,-87.865,-0.148,5.497,12.562,-15.896,0.011,0.027,0.11,3.76,-300.0,-0.49,-0.06,-0.03,-0.441,16.906,38.514,-53.277,0.02,0.091,
2026-01-26 04:23:45.287,pick_to_retreat_machine,577.447,136.972,1212.158,90.455,-1.131,0.129,-2.021,3.931,-123.703,30.884,-89.503,-87.85,-0.206,7.797,17.877,-24.663,0.006,0.058,0.02,3.66,-300.0,-0.71,0.12,0.04,-0.321,12.547,28.725,-44.687,-0.013,0.137,
2026-01-26 04:23:45.389,pick_to_retreat_machine,582.966,136.438,1248.039,90.462,-0.9,0.115,-2.054,5.219,-120.739,26.402,-89.504,-87.831,-0.238,9.066,20.816,-29.702,0.002,0.091,0.11,3.55,-300.0,-0.81,-0.05,-0.01,-0.241,9.466,21.662,-34.075,-0.015,0.168,
2026-01-26 04:23:45.491,pick_to_retreat_machine,585.528,136.048,1280.357,90.468,-0.712,0.109,-2.084,6.346,-118.144,22.492,-89.505,-87.808,-0.251,9.618,22.099,-32.052,-0.001,0.126,0.11,3.49,-300.0,-0.86,-0.08,-0.01,-0.176,6.921,15.813,-24.952,-0.011,0.186,
2026-01-26 04:23:45.593,pick_to_retreat_machine,585.988,135.77,1309.236,90.473,-0.562,0.108,-2.109,7.334,-115.872,19.082,-89.506,-87.782,-0.253,9.683,22.255,-32.563,-0.002,0.157,0.05,3.25,-300.0,-0.85,-0.0,0.07,-0.123,4.83,11.006,-17.448,-0.008,0.192,
2026-01-26 04:23:45.695,pick_to_retreat_machine,585.115,135.59,1333.026,90.476,-0.453,0.112,-2.13,8.136,-114.026,16.324,-89.506,-87.758,-0.242,9.268,21.306,-31.318,-0.003,0.18,0.1,3.17,-300.0,-0.9,-0.0,-0.01,-0.063,2.496,5.642,-9.191,-0.005,0.169,
2026-01-26 04:23:45.798,pick_to_retreat_machine,583.141,135.455,1356.763,90.479,-0.356,0.121,-2.151,8.929,-112.203,13.61,-89.507,-87.729,-0.233,8.933,20.539,-30.272,-0.003,0.207,-0.09,3.05,-300.0,-0.84,-0.06,-0.04,-0.054,2.15,4.853,-7.823,-0.004,0.193,
2026-01-26 04:23:45.899,pick_to_retreat_machine,580.827,135.379,1375.416,90.482,-0.29,0.131,-2.167,9.548,-110.78,11.502,-89.507,-87.703,-0.215,8.247,18.961,-27.975,-0.003,0.221,0.08,3.0,-300.0,-0.9,0.04,0.02,-0.003,0.195,0.361,-0.99,-0.002,0.144,
2026-01-26 04:23:45.999,pick_to_retreat_machine,577.986,135.333,1393.288,90.484,-0.235,0.143,-2.182,10.138,-109.423,9.5,-89.507,-87.675,-0.2,7.661,17.613,-25.987,-0.003,0.235,0.01,3.01,-300.0,-0.73,0.03,0.04,0.004,-0.11,-0.335,0.168,-0.001,0.149,
2026-01-26 04:23:46.099,pick_to_retreat_machine,574.987,135.313,1408.991,90.485,-0.194,0.157,-2.196,10.655,-108.235,7.753,-89.507,-87.648,-0.183,7.038,16.18,-23.856,-0.003,0.244,-0.04,2.85,-300.0,-0.67,-0.13,-0.02,0.023,-0.831,-1.988,2.714,-0.001,0.127,
2026-01-26 04:23:46.202,pick_to_retreat_machine,571.97,135.311,1422.771,90.486,-0.165,0.171,-2.207,11.108,-107.194,6.231,-89.508,-87.622,-0.167,6.411,14.736,-21.699,-0.002,0.248,-0.04,2.7,-300.0,-0.67,-0.0,0.04,0.037,-1.389,-3.266,4.676,-0.0,0.103,
2026-01-26 04:23:46.305,pick_to_retreat_machine,569.028,135.323,1434.855,90.487,-0.145,0.185,-2.218,11.505,-106.283,4.903,-89.508,-87.597,-0.151,5.8,13.33,-19.594,-0.002,0.248,-0.01,2.71,-300.0,-0.57,0.03,0.05,0.048,-1.812,-4.233,6.156,0.0,0.078,
2026-01-26 04:23:46.408,pick_to_retreat_machine,566.222,135.342,1445.444,90.487,-0.132,0.199,-2.227,11.852,-105.485,3.744,-89.508,-87.574,-0.136,5.219,11.992,-17.591,-0.002,0.243,-0.05,2.58,-300.0,-0.51,-0.06,0.04,0.056,-2.123,-4.942,7.239,0.0,0.053,
2026-01-26 04:23:46.511,pick_to_retreat_machine,563.589,135.367,1454.72,90.487,-0.125,0.212,-2.235,12.157,-104.786,2.734,-89.508,-87.553,-0.122,4.675,10.741,-15.719,-0.001,0.235,-0.06,2.51,-300.0,-0.55,-0.1,0.11,0.062,-2.341,-5.44,7.996,0.0,0.029,
2026-01-26 04:23:46.614,pick_to_retreat_machine,561.15,135.395,1462.845,90.487,-0.123,0.224,-2.242,12.424,-104.175,1.853,-89.508,-87.534,-0.109,4.173,9.585,-13.992,-0.001,0.224,-0.05,2.57,-300.0,-0.43,-0.05,-0.04,0.065,-2.485,-5.764,8.488,0.0,0.006,
2026-01-26 04:23:46.717,pick_to_retreat_machine,558.994,135.422,1469.703,90.487,-0.124,0.235,-2.248,12.649,-103.658,1.112,-89.508,-87.518,-0.096,3.693,8.48,-12.346,-0.001,0.208,-0.06,2.31,-300.0,-0.42,-0.04,0.02,0.07,-2.651,-6.142,9.042,0.0,-0.022,
2026-01-26 04:23:46.818,pick_to_retreat_machine,557.024,135.449,1475.739,90.487,-0.128,0.244,-2.253,12.847,-103.203,0.463,-89.508,-87.503,-0.085,3.266,7.497,-10.883,-0.001,0.192,-0.01,2.38,-300.0,-0.28,0.02,-0.04,0.07,-2.655,-6.146,9.05,0.0,-0.039,
2026-01-26 04:23:46.922,pick_to_retreat_machine,555.166,135.477,1481.25,90.487,-0.134,0.252,-2.258,13.028,-102.788,-0.128,-89.508,-87.491,-0.076,2.902,6.66,-9.639,-0.001,0.176,-0.07,2.46,-300.0,-0.19,0.04,-0.06,0.067,-2.561,-5.927,8.733,0.0,-0.049,
2026-01-26 04:23:47.025,pick_to_retreat_machine,553.432,135.504,1486.249,90.486,-0.141,0.259,-2.262,13.193,-102.412,-0.661,-89.508,-87.479,-0.068,2.588,5.937,-8.563,-0.001,0.161,0.03,2.34,-300.0,-0.24,-0.07,0.04,0.065,-2.473,-5.719,8.43,0.0,-0.061,
2026-01-26 04:23:47.129,pick_to_retreat_machine,551.885,135.53,1490.605,90.486,-0.15,0.264,-2.266,13.336,-102.084,-1.124,-89.508,-87.47,-0.06,2.299,5.273,-7.58,-0.001,0.144,-0.05,2.39,-300.0,-0.17,0.04,0.09,0.064,-2.437,-5.632,8.293,0.0,-0.075,
2026-01-26 04:23:47.234,pick_to_retreat_machine,550.557,135.552,1494.268,90.485,-0.158,0.268,-2.269,13.456,-101.808,-1.512,-89.508,-87.463,-0.053,2.025,4.645,-6.655,-0.001,0.125,0.03,2.27,-300.0,-0.15,0.1,0.03,0.063,-2.42,-5.59,8.216,0.0,-0.089,
2026-01-26 04:23:47.337,pick_to_retreat_machine,549.289,135.574,1497.706,90.485,-0.168,0.271,-2.272,13.57,-101.549,-1.875,-89.508,-87.457,-0.047,1.802,4.131,-5.897,-0.001,0.109,0.04,2.25,-300.0,-0.15,-0.01,-0.02,0.059,-2.252,-5.201,7.648,0.0,-0.093,
2026-01-26 04:23:47.437,pick_to_retreat_machine,548.286,135.592,1500.387,90.484,-0.177,0.273,-2.274,13.658,-101.347,-2.156,-89.508,-87.453,-0.041,1.572,3.603,-5.126,-0.0,0.091,-0.04,2.26,-300.0,-0.19,0.0,0.04,0.06,-2.276,-5.252,7.693,0.0,-0.105,
2026-01-26 04:23:47.541,pick_to_retreat_machine,547.36,135.609,1502.836,90.484,-0.186,0.273,-2.276,13.739,-101.162,-2.412,-89.508,-87.451,-0.036,1.381,3.163,-4.485,-0.0,0.074,0.02,2.16,-300.0,-0.14,0.03,-0.02,0.056,-2.125,-4.902,7.178,0.0,-0.106,
2026-01-26 04:23:47.642,pick_to_retreat_machine,546.57,135.623,1504.904,90.484,-0.194,0.273,-2.278,13.807,-101.007,-2.627,-89.508,-87.45,-0.031,1.206,2.761,-3.902,-0.0,0.059,-0.03,2.2,-300.0,0.04,-0.04,0.03,0.053,-2.038,-4.699,6.868,0.0,-0.108,
2026-01-26 04:23:47.746,pick_to_retreat_machine,545.869,135.636,1506.725,90.483,-0.202,0.271,-2.279,13.867,-100.87,-2.816,-89.508,-87.449,-0.028,1.054,2.414,-3.398,-0.0,0.045,-0.0,2.15,-300.0,-0.02,-0.04,0.01,0.05,-1.915,-4.416,6.446,0.0,-0.107,
2026-01-26 04:23:47.847,pick_to_retreat_machine,545.224,135.648,1508.389,90.483,-0.211,0.269,-2.281,13.921,-100.745,-2.988,-89.508,-87.45,-0.024,0.928,2.123,-2.978,-0.0,0.032,-0.01,2.08,-300.0,-0.02,-0.01,0.03,0.046,-1.776,-4.093,5.972,0.0,-0.105,
2026-01-26 04:23:47.947,pick_to_retreat_machine,544.698,135.658,1509.741,90.482,-0.218,0.267,-2.282,13.966,-100.643,-3.127,-89.508,-87.451,-0.021,0.807,1.846,-2.581,-0.0,0.021,0.01,2.18,-300.0,0.06,-0.02,0.1,0.045,-1.701,-3.918,5.702,0.0,-0.101,
2026-01-26 04:23:48.047,pick_to_retreat_machine,544.175,135.668,1511.077,90.482,-0.225,0.264,-2.283,14.01,-100.543,-3.264,-89.508,-87.453,-0.019,0.715,1.636,-2.277,-0.0,0.011,-0.07,2.09,-300.0,-0.01,0.06,0.03,0.04,-1.536,-3.539,5.154,0.0,-0.099,waypoint
2026-01-26 04:23:48.149,retreat_machine_to_approach_unloader,509.857,194.92,1514.964,90.54,-0.402,6.719,4.165,15.509,-101.275,-3.856,-89.442,-87.446,16.107,4.285,-0.605,-3.19,0.165,0.026,0.31,2.29,-300.0,-0.01,-0.03,0.01,64.532,13.173,-11.516,0.079,0.662,0.003,
2026-01-26 04:23:48.251,retreat_machine_to_approach_unloader,442.798,276.51,1518.944,90.56,-0.41,17.023,14.433,17.853,-102.493,-4.975,-89.422,-87.411,37.751,9.072,-3.498,-5.189,0.174,0.108,0.44,2.01,-300.0,-0.1,0.06,0.01,96.276,20.292,-15.216,-5.189,0.134,0.283,
2026-01-26 04:23:48.353,retreat_machine_to_approach_unloader,374.014,333.693,1521.537,90.547,-0.373,26.087,23.439,19.906,-103.56,-6.0,-89.437,-87.353,50.828,11.939,-5.29,-6.453,0.094,0.226,0.48,1.64,-300.0,-0.06,0.01,0.06,74.025,15.371,-12.18,-3.728,-0.223,0.482,
2026-01-26 04:23:48.454,retreat_machine_to_approach_unloader,315.725,368.317,1523.034,90.532,-0.344,33.184,30.47,21.51,-104.392,-6.799,-89.453,-87.286,55.697,12.963,-6.049,-6.839,0.031,0.336,0.55,1.29,-300.0,-0.23,-0.06,-0.05,46.87,9.329,-8.623,-1.107,-0.216,0.52,
2026-01-26 04:23:48.554,retreat_machine_to_approach_unloader,252.787,394.57,1524.103,90.516,-0.317,40.544,37.737,23.168,-105.253,-7.623,-89.469,-87.194,59.942,13.866,-6.688,-7.189,-0.018,0.483,0.6,1.06,-300.0,-0.14,-0.11,0.0,44.553,8.938,-8.043,-1.237,-0.199,0.727,
2026-01-26 04:23:48.656,retreat_machine_to_approach_unloader,200.742,408.687,1524.617,90.505,-0.298,46.533,43.631,24.512,-105.951,-8.288,-89.481,-87.098,59.69,13.761,-6.762,-7.055,-0.043,0.602,0.56,0.73,-300.0,-0.15,-0.1,0.04,26.356,4.911,-5.612,0.47,-0.136,0.688,
2026-01-26 04:23:48.759,retreat_machine_to_approach_unloader,154.837,415.85,1524.811,90.495,-0.284,51.824,48.819,25.696,-106.566,-8.872,-89.49,-86.995,57.738,13.28,-6.608,-6.751,-0.056,0.708,0.58,0.54,-300.0,-0.15,0.01,0.09,16.67,2.813,-4.217,1.241,-0.095,0.686,
2026-01-26 04:23:48.861,retreat_machine_to_approach_unloader,114.779,418.156,1524.782,90.488,-0.274,56.498,53.387,26.738,-107.107,-9.384,-89.497,-86.889,54.723,12.565,-6.309,-6.343,-0.06,0.797,0.61,0.24,-300.0,-0.16,-0.08,0.01,8.796,1.116,-3.061,1.834,-0.064,0.656,
2026-01-26 04:23:48.967,retreat_machine_to_approach_unloader,86.611,417.571,1524.649,90.484,-0.267,59.842,56.644,27.481,-107.493,-9.748,-89.502,-86.803,49.186,11.282,-5.697,-5.667,-0.056,0.813,0.64,0.04,-300.0,-0.11,-0.09,0.08,-5.186,-1.984,-1.203,3.131,-0.03,0.389,
2026-01-26 04:23:49.068,retreat_machine_to_approach_unloader,69.996,416.357,1524.524,90.482,-0.264,61.844,58.59,27.925,-107.724,-9.965,-89.504,-86.747,41.754,9.572,-4.849,-4.792,-0.048,0.75,0.49,-0.16,-300.0,-0.03,-0.01,0.05,-17.781,-4.777,0.471,4.288,-0.006,0.048,
2026-01-26 04:23:49.170,retreat_machine_to_approach_unloader,52.356,414.348,1524.354,90.479,-0.261,63.999,60.681,28.402,-107.972,-10.197,-89.506,-86.682,36.543,8.372,-4.257,-4.176,-0.041,0.723,0.64,-0.27,-300.0,-0.1,-0.04,0.11,-14.554,-3.969,0.252,3.703,-0.005,0.125,
2026-01-26 04:23:49.273,retreat_machine_to_approach_unloader,24.35,409.586,1523.998,90.476,-0.258,67.496,64.065,29.174,-108.373,-10.573,-89.51,-86.569,35.866,8.209,-4.195,-4.07,-0.039,0.825,0.53,-0.27,-300.0,-0.04,-0.12,0.07,-0.173,-0.622,-1.306,1.906,-0.012,0.603,
2026-01-26 04:23:49.374,retreat_machine_to_approach_unloader,1.38,404.178,1523.622,90.474,-0.256,70.447,66.911,29.824,-108.71,-10.887,-89.511,-86.464,34.015,7.781,-3.99,-3.838,-0.034,0.881,0.55,-0.42,-300.0,-0.06,-0.03,-0.01,-5.527,-1.785,-0.539,2.323,-0.0,0.457,
2026-01-26 04:23:49.476,retreat_machine_to_approach_unloader,-18.24,398.428,1523.235,90.472,-0.256,73.039,69.404,30.393,-109.006,-11.161,-89.513,-86.365,31.744,7.258,-3.732,-3.565,-0.028,0.908,0.49,-0.54,-300.0,-0.05,-0.02,0.03,-8.507,-2.412,-0.067,2.491,0.007,0.355,
2026-01-26 04:23:49.580,retreat_machine_to_approach_unloader,-34.408,392.862,1522.868,90.471,-0.257,75.233,71.509,30.874,-109.256,-11.392,-89.513,-86.276,29.071,6.645,-3.423,-3.25,-0.023,0.904,0.43,-0.56,-300.0,-0.11,-0.0,-0.03,-11.538,-3.056,0.4,2.678,0.012,0.219,
2026-01-26 04:23:49.683,retreat_machine_to_approach_unloader,-48.32,387.439,1522.514,90.47,-0.258,77.168,73.362,31.297,-109.476,-11.595,-89.514,-86.194,26.436,6.042,-3.117,-2.944,-0.018,0.883,0.42,-0.64,-300.0,-0.09,-0.0,-0.03,-12.902,-3.325,0.658,2.693,0.015,0.128,
2026-01-26 04:23:49.784,retreat_machine_to_approach_unloader,-59.859,382.474,1522.191,90.47,-0.26,78.81,74.932,31.655,-109.662,-11.766,-89.514,-86.122,23.752,5.427,-2.804,-2.635,-0.013,0.842,0.38,-0.82,-300.0,-0.02,0.01,0.01,-14.443,-3.639,0.928,2.739,0.016,0.013,
2026-01-26 04:23:49.884,retreat_machine_to_approach_unloader,-69.871,377.804,1521.889,90.47,-0.262,80.264,76.322,31.972,-109.827,-11.916,-89.513,-86.057,21.287,4.864,-2.515,-2.353,-0.009,0.794,0.45,-0.76,-300.0,-0.03,0.11,0.08,-14.806,-3.687,1.05,2.667,0.017,-0.058,
2026-01-26 04:23:49.988,retreat_machine_to_approach_unloader,-78.907,373.288,1521.597,90.47,-0.265,81.601,77.599,32.264,-109.978,-12.054,-89.513,-85.997,19.159,4.377,-2.265,-2.11,-0.006,0.745,0.34,-0.83,-300.0,0.05,0.04,-0.11,-14.445,-3.574,1.077,2.527,0.017,-0.101,
2026-01-26 04:23:50.090,retreat_machine_to_approach_unloader,-86.723,369.14,1521.329,90.47,-0.268,82.778,78.724,32.521,-110.112,-12.176,-89.512,-85.945,17.181,3.925,-2.033,-1.886,-0.003,0.69,0.33,-0.92,-300.0,0.01,-0.05,-0.12,-14.528,-3.565,1.151,2.444,0.016,-0.168,
2026-01-26 04:23:50.191,retreat_machine_to_approach_unloader,-93.745,365.215,1521.076,90.47,-0.27,83.852,79.751,32.756,-110.234,-12.286,-89.512,-85.899,15.453,3.53,-1.829,-1.69,-0.001,0.633,0.27,-0.89,-300.0,0.02,-0.04,0.07,-14.05,-3.431,1.151,2.308,0.016,-0.21,
2026-01-26 04:23:50.294,retreat_machine_to_approach_unloader,-99.585,361.8,1520.855,90.47,-0.273,84.756,80.618,32.954,-110.337,-12.379,-89.511,-85.861,13.758,3.143,-1.629,-1.499,0.001,0.568,0.23,-1.04,-300.0,0.02,0.04,0.09,-14.245,-3.453,1.226,2.253,0.014,-0.28,
2026-01-26 04:23:50.394,retreat_machine_to_approach_unloader,-104.659,358.72,1520.656,90.471,-0.276,85.55,81.381,33.128,-110.427,-12.46,-89.51,-85.831,12.227,2.793,-1.449,-1.328,0.002,0.502,0.14,-0.97,-300.0,0.03,-0.04,0.04,-13.857,-3.345,1.226,2.141,0.013,-0.321,
2026-01-26 04:23:50.495,retreat_machine_to_approach_unloader,-109.073,355.951,1520.477,90.471,-0.278,86.246,82.053,33.282,-110.507,-12.531,-89.51,-85.807,10.85,2.479,-1.286,-1.174,0.003,0.437,0.18,-0.99,-300.0,-0.02,-0.04,-0.05,-13.385,-3.219,1.212,2.027,0.012,-0.353,
2026-01-26 04:23:50.595,retreat_machine_to_approach_unloader,-112.916,353.471,1520.317,90.471,-0.281,86.856,82.645,33.417,-110.577,-12.594,-89.509,-85.789,9.617,2.197,-1.14,-1.037,0.004,0.373,0.15,-0.94,-300.0,0.1,-0.06,0.04,-12.851,-3.08,1.186,1.912,0.01,-0.377,
2026-01-26 04:23:50.699,retreat_machine_to_approach_unloader,-116.392,351.171,1520.169,90.472,-0.283,87.41,83.185,33.54,-110.642,-12.651,-89.509,-85.776,8.564,1.956,-1.016,-0.921,0.005,0.313,0.16,-0.98,-300.0,0.11,-0.05,0.01,-12.078,-2.889,1.128,1.777,0.009,-0.389,
2026-01-26 04:23:50.803,retreat_machine_to_approach_unloader,-119.409,349.13,1520.037,90.472,-0.286,87.891,83.659,33.648,-110.698,-12.701,-89.508,-85.768,7.606,1.738,-0.902,-0.815,0.005,0.254,0.1,-0.99,-300.0,0.1,-0.02,0.11,-11.541,-2.754,1.095,1.672,0.008,-0.402,
2026-01-26 04:23:50.906,retreat_machine_to_approach_unloader,-122.031,347.321,1519.92,90.473,-0.288,88.309,84.073,33.743,-110.747,-12.744,-89.507,-85.764,6.741,1.54,-0.8,-0.72,0.005,0.199,0.16,-1.07,-300.0,-0.01,0.07,0.1,-10.975,-2.612,1.055,1.568,0.007,-0.408,
2026-01-26 04:23:51.007,retreat_machine_to_approach_unloader,-124.31,345.722,1519.817,90.473,-0.29,88.671,84.436,33.826,-110.79,-12.782,-89.507,-85.765,5.964,1.363,-0.708,-0.634,0.005,0.148,0.08,-0.96,-300.0,0.08,0.01,-0.01,-10.392,-2.469,1.011,1.466,0.006,-0.407,
2026-01-26 04:23:51.109,retreat_machine_to_approach_unloader,-126.079,344.463,1519.736,90.473,-0.291,88.952,84.72,33.891,-110.824,-12.811,-89.506,-85.768,5.181,1.184,-0.615,-0.549,0.005,0.102,0.09,-1.03,-300.0,0.2,0.02,-0.04,-10.149,-2.404,1.004,1.404,0.004,-0.393,
2026-01-26 04:23:51.209,retreat_machine_to_approach_unloader,-127.708,343.291,1519.66,90.474,-0.293,89.208,84.982,33.951,-110.855,-12.839,-89.506,-85.774,4.542,1.038,-0.539,-0.48,0.005,0.062,0.05,-1.0,-300.0,0.04,0.0,-0.0,-9.345,-2.212,0.929,1.286,0.004,-0.379,
2026-01-26 04:23:51.310,retreat_machine_to_approach_unloader,-129.199,342.206,1519.59,90.474,-0.294,89.441,85.224,34.006,-110.884,-12.864,-89.506,-85.782,4.01,0.916,-0.476,-0.422,0.005,0.026,0.15,-1.02,-300.0,0.11,-0.06,-0.03,-8.622,-2.039,0.861,1.18,0.003,-0.365,
2026-01-26 04:23:51.412,retreat_machine_to_approach_unloader,-130.506,341.246,1519.528,90.474,-0.296,89.644,85.436,34.055,-110.909,-12.885,-89.505,-85.792,3.538,0.809,-0.42,-0.371,0.004,-0.005,-0.01,-1.08,-300.0,0.08,-0.08,0.0,-8.048,-1.901,0.809,1.093,0.003,-0.346,
2026-01-26 04:23:51.512,retreat_machine_to_approach_unloader,-131.652,340.397,1519.474,90.475,-0.297,89.819,85.623,34.097,-110.931,-12.905,-89.505,-85.804,3.121,0.713,-0.371,-0.327,0.004,-0.032,0.1,-1.06,-300.0,0.05,0.04,-0.03,-7.497,-1.769,0.759,1.01,0.002,-0.324,
2026-01-26 04:23:51.617,retreat_machine_to_approach_unloader,-132.733,339.591,1519.422,90.475,-0.298,89.983,85.8,34.138,-110.952,-12.923,-89.504,-85.817,2.783,0.636,-0.331,-0.29,0.004,-0.057,-0.05,-1.19,-300.0,0.13,-0.02,0.05,-6.848,-1.615,0.695,0.92,0.002,-0.31,
2026-01-26 04:23:51.719,retreat_machine_to_approach_unloader,-133.639,338.91,1519.378,90.475,-0.299,90.119,85.949,34.172,-110.97,-12.938,-89.504,-85.83,2.46,0.562,-0.292,-0.255,0.004,-0.076,0.06,-1.11,-300.0,0.01,0.06,0.02,-6.444,-1.518,0.659,0.858,0.001,-0.28,
2026-01-26 04:23:51.821,retreat_machine_to_approach_unloader,-134.43,338.311,1519.34,90.476,-0.3,90.236,86.079,34.202,-110.986,-12.951,-89.504,-85.843,2.171,0.496,-0.258,-0.225,0.003,-0.09,0.09,-1.07,-300.0,0.08,0.09,0.02,-5.985,-1.408,0.615,0.791,0.001,-0.255,waypoint
2026-01-26 04:23:51.925,retreat_machine_to_approach_unloader,-133.137,345.947,1504.807,90.524,0.336,90.103,85.947,33.639,-112.129,-11.882,-89.502,-85.844,1.298,-1.035,-3.053,2.504,0.009,-0.07,-0.21,-1.66,-300.0,0.37,-0.07,-0.08,-8.009,-7.193,-10.73,11.533,0.022,-0.105,
2026-01-26 04:23:52.026,retreat_machine_to_approach_unloader,-127.714,369.361,1464.715,90.553,0.631,89.592,85.345,31.978,-115.467,-7.182,-89.495,-85.754,-0.531,-4.927,-10.635,13.629,0.023,0.174,-0.05,-1.23,-300.0,0.72,0.02,0.01,-11.909,-17.452,-31.597,46.696,0.062,0.823,
2026-01-26 04:23:52.128,retreat_machine_to_approach_unloader,-122.721,387.598,1429.164,90.542,0.435,89.241,84.811,30.51,-118.443,-2.542,-89.493,-85.57,-1.733,-7.368,-15.415,21.822,0.022,0.59,-0.06,-0.96,-300.0,0.82,0.02,-0.03,-10.037,-13.789,-24.817,41.422,0.01,1.672,
2026-01-26 04:23:52.229,retreat_machine_to_approach_unloader,-118.31,400.99,1397.505,90.529,0.239,89.032,84.341,29.217,-121.064,1.566,-89.492,-85.31,-2.475,-8.758,-18.113,26.635,0.018,1.093,-0.05,-0.62,-300.0,0.94,-0.05,0.01,-8.395,-10.653,-18.784,31.955,-0.007,2.271,
2026-01-26 04:23:52.332,retreat_machine_to_approach_unloader,-114.472,410.658,1369.454,90.517,0.076,88.939,83.927,28.078,-123.371,5.172,-89.492,-84.988,-2.891,-9.415,-19.352,28.991,0.014,1.624,0.09,-0.37,-300.0,1.1,-0.03,0.03,-6.993,-8.043,-13.768,23.74,-0.007,2.653,
2026-01-26 04:23:52.436,retreat_machine_to_approach_unloader,-111.166,417.525,1344.714,90.505,-0.056,88.943,83.563,27.075,-125.401,8.334,-89.492,-84.62,-3.079,-9.568,-19.591,29.65,0.012,2.137,-0.08,-0.2,-300.0,0.99,0.06,0.02,-5.8,-5.878,-9.628,16.937,-0.004,2.853,
2026-01-26 04:23:52.538,retreat_machine_to_approach_unloader,-108.334,422.3,1322.967,90.495,-0.163,89.023,83.242,26.193,-127.189,11.108,-89.491,-84.219,-3.112,-9.383,-19.161,29.172,0.011,2.606,0.04,-0.15,-300.0,0.99,0.02,0.1,-4.784,-4.093,-6.233,11.354,-0.002,2.9,
2026-01-26 04:23:52.639,retreat_machine_to_approach_unloader,-105.92,425.525,1303.889,90.486,-0.248,89.163,82.96,25.415,-128.762,13.541,-89.49,-83.797,-3.04,-8.98,-18.304,27.96,0.011,3.01,0.09,0.08,-300.0,1.01,-0.04,0.07,-3.923,-2.628,-3.469,6.807,0.001,2.822,
2026-01-26 04:23:52.740,retreat_machine_to_approach_unloader,-103.865,427.611,1287.177,90.478,-0.315,89.347,82.711,24.731,-130.147,15.674,-89.489,-83.364,-2.902,-8.446,-17.19,26.303,0.011,3.34,0.02,0.09,-300.0,0.95,0.01,0.14,-3.193,-1.436,-1.238,3.133,0.002,2.647,
2026-01-26 04:23:52.840,retreat_machine_to_approach_unloader,-102.118,428.868,1272.549,90.471,-0.368,89.562,82.492,24.128,-131.366,17.545,-89.487,-82.93,-2.724,-7.841,-15.94,24.404,0.011,3.591,0.0,0.27,-300.0,0.86,0.03,0.11,-2.576,-0.475,0.545,0.193,0.003,2.396,
2026-01-26 04:23:52.941,retreat_machine_to_approach_unloader,-100.633,429.528,1259.748,90.465,-0.408,89.797,82.299,23.598,-132.439,19.185,-89.486,-82.502,-2.525,-7.207,-14.638,22.404,0.012,3.763,0.03,0.23,-300.0,0.88,0.07,0.12,-2.057,0.293,1.951,-2.13,0.003,2.09,
2026-01-26 04:23:53.044,retreat_machine_to_approach_unloader,-99.464,429.759,1249.39,90.46,-0.436,90.022,82.142,23.166,-133.312,20.515,-89.485,-82.12,-2.287,-6.485,-13.161,20.128,0.012,3.777,0.13,0.25,-300.0,0.82,-0.02,0.18,-1.493,1.25,3.753,-5.019,0.002,1.423,
2026-01-26 04:23:53.147,retreat_machine_to_approach_unloader,-98.375,429.722,1239.483,90.455,-0.458,90.268,81.991,22.75,-134.152,21.789,-89.483,-81.722,-2.093,-5.903,-11.97,18.282,0.012,3.826,-0.03,0.38,-300.0,0.73,-0.01,0.19,-1.284,1.289,3.712,-5.074,0.003,1.435,
2026-01-26 04:23:53.249,retreat_machine_to_approach_unloader,-97.447,429.48,1230.812,90.452,-0.474,90.51,81.858,22.384,-134.891,22.907,-89.482,-81.348,-1.902,-5.342,-10.826,16.505,0.012,3.806,0.05,0.39,-300.0,0.7,-0.0,0.18,-0.975,1.657,4.347,-6.136,0.002,1.062,
2026-01-26 04:23:53.353,retreat_machine_to_approach_unloader,-96.654,429.106,1223.219,90.449,-0.483,90.741,81.741,22.062,-135.542,23.886,-89.481,-81.0,-1.719,-4.811,-9.746,14.828,0.012,3.725,0.08,0.36,-300.0,0.57,-0.05,0.14,-0.718,1.929,4.798,-6.9,0.001,0.693,
2026-01-26 04:23:53.456,retreat_machine_to_approach_unloader,-95.951,428.633,1216.319,90.447,-0.489,90.965,81.634,21.768,-136.136,24.777,-89.48,-80.668,-1.557,-4.344,-8.795,13.349,0.012,3.622,0.01,0.39,-300.0,0.49,0.03,0.14,-0.545,2.015,4.883,-7.097,0.001,0.457,
2026-01-26 04:23:53.557,retreat_machine_to_approach_unloader,-95.374,428.135,1210.52,90.446,-0.491,91.163,81.543,21.52,-136.637,25.527,-89.479,-80.381,-1.394,-3.879,-7.85,11.884,0.012,3.436,0.08,0.54,-300.0,0.49,-0.01,0.13,-0.324,2.271,5.321,-7.806,-0.001,-0.026,
2026-01-26 04:23:53.658,retreat_machine_to_approach_unloader,-94.86,427.602,1205.245,90.445,-0.489,91.346,81.461,21.293,-137.095,26.208,-89.478,-80.114,-1.251,-3.476,-7.032,10.616,0.011,3.243,0.08,0.56,-300.0,0.48,-0.05,0.11,-0.214,2.259,5.225,-7.704,-0.001,-0.239,
2026-01-26 04:23:53.761,retreat_machine_to_approach_unloader,-94.436,427.094,1200.808,90.445,-0.486,91.501,81.391,21.101,-137.482,26.781,-89.477,-79.89,-1.113,-3.086,-6.24,9.394,0.011,2.992,0.12,0.53,-300.0,0.45,0.02,0.16,-0.064,2.387,5.416,-8.019,-0.002,-0.637,
2026-01-26 04:23:53.862,retreat_machine_to_approach_unloader,-94.057,426.582,1196.769,90.445,-0.481,91.637,81.327,20.926,-137.835,27.301,-89.476,-79.69,-0.994,-2.752,-5.563,8.348,0.01,2.745,-0.07,0.55,-300.0,0.4,0.04,0.12,0.003,2.314,5.21,-7.736,-0.003,-0.811,
2026-01-26 04:23:53.965,retreat_machine_to_approach_unloader,-93.744,426.115,1193.369,90.446,-0.474,91.746,81.274,20.779,-138.133,27.739,-89.475,-79.528,-0.88,-2.433,-4.917,7.355,0.009,2.464,-0.0,0.53,-300.0,0.37,0.0,-0.04,0.102,2.355,5.239,-7.792,-0.004,-1.111,
2026-01-26 04:23:54.067,retreat_machine_to_approach_unloader,-93.463,425.66,1190.271,90.447,-0.467,91.835,81.225,20.644,-138.405,28.137,-89.475,-79.389,-0.782,-2.162,-4.368,6.512,0.008,2.194,0.04,0.54,-300.0,0.27,0.03,0.09,0.138,2.247,4.974,-7.41,-0.004,-1.237,
2026-01-26 04:23:54.170,retreat_machine_to_approach_unloader,-93.221,425.239,1187.563,90.448,-0.459,91.902,81.182,20.526,-138.643,28.485,-89.474,-79.28,-0.694,-1.917,-3.872,5.752,0.007,1.92,0.02,0.61,-300.0,0.39,0.05,-0.0,0.185,2.19,4.815,-7.178,-0.005,-1.402,
2026-01-26 04:23:54.272,retreat_machine_to_approach_unloader,-93.019,424.867,1185.28,90.45,-0.451,91.946,81.145,20.426,-138.844,28.777,-89.474,-79.2,-0.611,-1.687,-3.406,5.044,0.006,1.64,0.04,0.59,-300.0,0.36,0.02,0.07,0.234,2.155,4.705,-7.014,-0.005,-1.556,
2026-01-26 04:23:54.372,retreat_machine_to_approach_unloader,-92.844,424.527,1183.274,90.451,-0.442,91.971,81.114,20.338,-139.021,29.033,-89.474,-79.142,-0.538,-1.485,-2.997,4.423,0.006,1.374,-0.07,0.57,-300.0,0.21,-0.05,0.03,0.254,2.059,4.475,-6.672,-0.006,-1.626,
2026-01-26 04:23:54.476,retreat_machine_to_approach_unloader,-92.692,424.217,1181.51,90.453,-0.434,91.98,81.085,20.261,-139.177,29.257,-89.473,-79.105,-0.474,-1.307,-2.638,3.878,0.005,1.124,-0.07,0.54,-300.0,0.2,-0.07,0.05,0.267,1.958,4.24,-6.321,-0.006,-1.667,
2026-01-26 04:23:54.577,retreat_machine_to_approach_unloader,-92.56,423.936,1179.958,90.454,-0.426,91.975,81.061,20.193,-139.314,29.454,-89.473,-79.086,-0.417,-1.151,-2.321,3.4,0.004,0.89,0.07,0.59,-300.0,0.33,-0.08,-0.02,0.274,1.855,4.003,-5.965,-0.006,-1.682,
2026-01-26 04:23:54.678,retreat_machine_to_approach_unloader,-92.444,423.683,1178.593,90.456,-0.418,91.956,81.039,20.133,-139.435,29.626,-89.473,-79.083,-0.367,-1.013,-2.042,2.981,0.003,0.676,-0.1,0.53,-300.0,0.21,-0.01,0.05,0.276,1.751,3.767,-5.612,-0.006,-1.672,
2026-01-26 04:23:54.779,retreat_machine_to_approach_unloader,-92.343,423.455,1177.392,90.458,-0.41,91.927,81.02,20.08,-139.541,29.777,-89.473,-79.093,-0.323,-0.892,-1.797,2.614,0.002,0.481,0.01,0.62,-300.0,0.18,-0.0,-0.0,0.274,1.647,3.535,-5.263,-0.006,-1.642,
2026-01-26 04:23:54.880,retreat_machine_to_approach_unloader,-92.256,423.25,1176.335,90.459,-0.402,91.888,81.003,20.033,-139.634,29.91,-89.473,-79.115,-0.285,-0.785,-1.582,2.291,0.002,0.306,0.04,0.55,-300.0,0.19,-0.01,0.07,0.27,1.546,3.308,-4.923,-0.006,-1.592,waypoint
2026-01-26 04:23:54.984,approach_unloader_to_place,-92.171,423.245,1172.513,90.496,-0.217,91.844,80.99,19.742,-139.864,30.242,-89.472,-79.147,-0.245,-1.318,-1.759,2.549,0.005,0.15,-0.32,-0.44,-300.0,0.37,-0.06,0.01,0.288,-1.061,1.62,-2.433,0.009,-1.529,
2026-01-26 04:23:55.086,approach_unloader_to_place,-91.931,424.963,1157.444,90.549,0.037,91.805,80.994,18.353,-140.754,32.261,-89.467,-79.188,-0.175,-4.459,-3.546,6.961,0.015,0.009,-0.17,-0.3,-300.0,0.32,-0.01,0.0,0.416,-11.921,-5.156,14.683,0.038,-1.474,
2026-01-26 04:23:55.186,approach_unloader_to_place,-91.713,426.519,1144.552,90.535,-0.038,91.76,80.998,17.104,-141.566,34.4,-89.467,-79.237,-0.122,-6.468,-4.689,10.566,0.011,-0.116,-0.1,0.03,-300.0,0.36,0.09,0.04,0.381,-9.342,-3.852,14.403,-0.01,-1.407,
2026-01-26 04:23:55.289,approach_unloader_to_place,-91.577,427.528,1132.936,90.517,-0.128,91.706,81.001,15.962,-142.308,36.376,-89.469,-79.295,-0.082,-7.705,-5.373,12.866,0.005,-0.231,-0.01,0.23,-300.0,0.5,0.03,-0.13,0.34,-7.326,-2.772,11.342,-0.022,-1.349,
2026-01-26 04:23:55.389,approach_unloader_to_place,-91.515,428.042,1123.222,90.502,-0.2,91.65,81.004,14.998,-142.935,38.04,-89.47,-79.355,-0.054,-8.188,-5.596,13.809,0.0,-0.323,-0.05,0.45,-300.0,0.59,-0.03,-0.05,0.3,-4.817,-1.337,7.085,-0.02,-1.234,
2026-01-26 04:23:55.492,approach_unloader_to_place,-91.501,428.196,1117.665,90.494,-0.238,91.612,81.006,14.443,-143.296,38.996,-89.471,-79.394,-0.036,-7.53,-5.099,12.746,-0.002,-0.341,-0.02,0.53,-300.0,0.53,-0.05,0.03,0.257,-0.251,1.453,-0.707,-0.012,-0.91,
2026-01-26 04:23:55.593,approach_unloader_to_place,-91.505,428.248,1111.664,90.486,-0.276,91.566,81.008,13.84,-143.688,40.031,-89.472,-79.442,-0.022,-7.156,-4.805,12.147,-0.003,-0.375,0.0,0.6,-300.0,0.58,0.06,-0.01,0.233,-0.706,0.997,0.158,-0.011,-0.9,
2026-01-26 04:23:55.698,approach_unloader_to_place,-91.534,428.155,1104.652,90.478,-0.317,91.505,81.01,13.13,-144.149,41.244,-89.472,-79.505,-0.011,-7.141,-4.756,12.144,-0.005,-0.439,-0.0,0.73,-300.0,0.51,0.01,-0.1,0.213,-1.7,0.206,1.925,-0.011,-0.964,
2026-01-26 04:23:55.801,approach_unloader_to_place,-91.582,427.936,1098.524,90.471,-0.349,91.445,81.012,12.505,-144.555,42.308,-89.473,-79.567,-0.003,-6.918,-4.582,11.767,-0.005,-0.485,-0.03,0.83,-300.0,0.53,-0.04,-0.01,0.189,-0.681,0.739,0.236,-0.008,-0.86,
2026-01-26 04:23:55.901,approach_unloader_to_place,-91.642,427.625,1092.967,90.466,-0.374,91.384,81.014,11.934,-144.925,43.275,-89.474,-79.63,0.002,-6.616,-4.362,11.244,-0.006,-0.521,0.02,0.95,-300.0,0.57,0.0,0.04,0.168,-0.071,1.018,-0.752,-0.007,-0.78,
2026-01-26 04:23:56.003,approach_unloader_to_place,-91.707,427.279,1088.303,90.463,-0.392,91.328,81.016,11.452,-145.238,44.088,-89.474,-79.688,0.005,-6.167,-4.053,10.466,-0.005,-0.535,0.04,1.02,-300.0,0.49,0.07,-0.03,0.148,0.824,1.495,-2.218,-0.005,-0.651,
2026-01-26 04:23:56.105,approach_unloader_to_place,-91.776,426.896,1084.068,90.461,-0.405,91.272,81.017,11.012,-145.523,44.828,-89.475,-79.744,0.007,-5.725,-3.754,9.698,-0.005,-0.543,-0.01,1.08,-300.0,0.37,-0.03,0.07,0.132,1.16,1.617,-2.734,-0.003,-0.574,
2026-01-26 04:23:56.208,approach_unloader_to_place,-91.846,426.509,1080.377,90.459,-0.414,91.221,81.018,10.627,-145.773,45.472,-89.475,-79.797,0.008,-5.258,-3.44,8.885,-0.005,-0.539,-0.0,1.15,-300.0,0.45,0.01,0.08,0.117,1.59,1.811,-3.407,-0.002,-0.476,
2026-01-26 04:23:56.311,approach_unloader_to_place,-91.912,426.13,1077.158,90.458,-0.419,91.174,81.019,10.289,-145.992,46.035,-89.475,-79.845,0.009,-4.787,-3.127,8.069,-0.004,-0.524,0.11,1.17,-300.0,0.34,0.03,0.01,0.104,1.91,1.941,-3.892,-0.001,-0.383,
2026-01-26 04:23:56.414,approach_unloader_to_place,-91.976,425.767,1074.349,90.458,-0.421,91.132,81.02,9.993,-146.184,46.525,-89.476,-79.888,0.009,-4.33,-2.824,7.278,-0.004,-0.501,0.05,1.25,-300.0,0.38,-0.03,-0.05,0.092,2.138,2.019,-4.222,-0.001,-0.297,
2026-01-26 04:23:56.514,approach_unloader_to_place,-92.031,425.45,1072.073,90.458,-0.422,91.097,81.021,9.753,-146.339,46.922,-89.476,-79.924,0.009,-3.848,-2.507,6.45,-0.003,-0.465,0.03,1.25,-300.0,0.25,-0.01,-0.05,0.081,2.478,2.177,-4.736,-0.0,-0.191,
2026-01-26 04:23:56.614,approach_unloader_to_place,-92.082,425.154,1070.065,90.458,-0.421,91.066,81.022,9.54,-146.477,47.271,-89.476,-79.955,0.008,-3.418,-2.224,5.711,-0.003,-0.427,0.05,1.37,-300.0,0.29,-0.02,-0.03,0.072,2.507,2.139,-4.734,0.0,-0.13,
2026-01-26 04:23:56.716,approach_unloader_to_place,-92.133,424.856,1068.153,90.458,-0.418,91.037,81.022,9.337,-146.608,47.603,-89.476,-79.985,0.008,-3.07,-1.996,5.113,-0.002,-0.394,0.11,1.4,-300.0,0.33,-0.05,0.01,0.065,2.355,1.989,-4.436,0.0,-0.097,
2026-01-26 04:23:56.817,approach_unloader_to_place,-92.178,424.594,1066.543,90.459,-0.415,91.014,81.023,9.166,-146.719,47.882,-89.476,-80.009,0.007,-2.731,-1.774,4.533,-0.002,-0.355,-0.06,1.4,-300.0,0.24,-0.09,0.0,0.057,2.435,1.995,-4.521,0.001,-0.032,
2026-01-26 04:23:56.922,approach_unloader_to_place,-92.221,424.345,1065.074,90.46,-0.411,90.994,81.023,9.01,-146.82,48.136,-89.476,-80.029,0.006,-2.439,-1.583,4.034,-0.002,-0.318,-0.01,1.38,-300.0,0.23,-0.07,0.0,0.051,2.34,1.892,-4.322,0.001,0.006,
2026-01-26 04:23:57.026,approach_unloader_to_place,-92.258,424.129,1063.835,90.46,-0.407,90.979,81.024,8.878,-146.905,48.349,-89.476,-80.045,0.006,-2.159,-1.401,3.559,-0.001,-0.277,-0.06,1.47,-300.0,0.23,0.01,-0.08,0.045,2.35,1.86,-4.295,0.001,0.053,
2026-01-26 04:23:57.127,approach_unloader_to_place,-92.293,423.925,1062.705,90.461,-0.403,90.966,81.024,8.757,-146.983,48.543,-89.476,-80.057,0.005,-1.921,-1.246,3.154,-0.001,-0.239,0.02,1.52,-300.0,0.19,-0.03,-0.1,0.04,2.229,1.749,-4.059,0.001,0.079,
2026-01-26 04:23:57.230,approach_unloader_to_place,-92.324,423.742,1061.716,90.462,-0.398,90.958,81.024,8.652,-147.052,48.712,-89.476,-80.066,0.005,-1.705,-1.105,2.788,-0.001,-0.202,0.03,1.48,-300.0,0.27,0.04,-0.06,0.036,2.156,1.671,-3.901,0.001,0.107,
2026-01-26 04:23:57.331,approach_unloader_to_place,-92.351,423.584,1060.881,90.463,-0.393,90.953,81.024,8.562,-147.109,48.854,-89.476,-80.072,0.004,-1.502,-0.972,2.446,-0.001,-0.165,0.01,1.52,-300.0,0.09,-0.03,-0.04,0.032,2.105,1.61,-3.781,0.001,0.13,
2026-01-26 04:23:57.434,approach_unloader_to_place,-92.371,423.463,1060.258,90.464,-0.389,90.95,81.025,8.496,-147.152,48.96,-89.476,-80.074,0.004,-1.293,-0.837,2.099,-0.0,-0.131,0.02,1.53,-300.0,0.21,0.03,0.04,0.028,2.12,1.595,-3.766,0.001,0.146,waypoint
2026-01-26 04:23:57.536,place_on_unloader,-92.393,423.334,1059.597,90.465,-0.385,90.949,81.025,8.425,-147.198,49.072,-89.476,-80.075,0.003,-1.146,-0.741,1.853,-0.0,-0.1,0.0,1.42,-300.0,0.07,0.08,0.03,0.025,1.869,1.41,-3.332,0.001,0.148,
2026-01-26 04:23:57.640,place_on_unloader,-92.413,423.218,1059.016,90.465,-0.381,90.951,81.025,8.363,-147.238,49.169,-89.476,-80.074,0.003,-1.015,-0.656,1.634,-0.0,-0.073,0.08,1.56,-300.0,0.19,-0.06,0.0,0.022,1.766,1.324,-3.136,0.001,0.154,
2026-01-26 04:23:57.741,place_on_unloader,-92.431,423.115,1058.504,90.466,-0.377,90.954,81.025,8.308,-147.273,49.255,-89.476,-80.072,0.003,-0.898,-0.58,1.44,0.0,-0.047,0.03,1.55,-300.0,0.15,0.06,-0.01,0.02,1.664,1.239,-2.943,0.001,0.156,
2026-01-26 04:23:57.846,place_on_unloader,-92.446,423.023,1058.054,90.467,-0.373,90.958,81.025,8.26,-147.304,49.33,-89.476,-80.067,0.002,-0.794,-0.513,1.268,0.0,-0.025,-0.06,1.52,-300.0,0.18,-0.02,-0.01,0.018,1.563,1.158,-2.755,0.001,0.155,
2026-01-26 04:23:57.947,place_on_unloader,-92.46,422.943,1057.671,90.467,-0.369,90.963,81.025,8.22,-147.33,49.394,-89.476,-80.062,0.002,-0.697,-0.45,1.109,0.0,-0.006,0.04,1.49,-300.0,0.14,0.04,-0.0,0.016,1.48,1.089,-2.597,0.001,0.148,
2026-01-26 04:23:58.049,place_on_unloader,-92.472,422.873,1057.333,90.468,-0.366,90.969,81.026,8.183,-147.353,49.45,-89.476,-80.056,0.002,-0.613,-0.396,0.972,0.0,0.011,-0.05,1.55,-300.0,0.12,-0.02,-0.05,0.014,1.379,1.011,-2.412,0.001,0.142,
2026-01-26 04:23:58.153,place_on_unloader,-92.483,422.807,1057.022,90.469,-0.363,90.976,81.026,8.15,-147.375,49.501,-89.476,-80.049,0.002,-0.543,-0.35,0.857,0.0,0.025,-0.01,1.53,-300.0,0.12,0.05,0.0,0.013,1.27,0.929,-2.218,0.001,0.137,
2026-01-26 04:23:58.254,place_on_unloader,-92.492,422.751,1056.758,90.469,-0.36,90.983,81.026,8.122,-147.393,49.544,-89.476,-80.042,0.001,-0.477,-0.308,0.75,0.0,0.036,0.0,1.47,-300.0,0.18,0.03,-0.03,0.011,1.194,0.868,-2.076,0.001,0.124,
2026-01-26 04:23:58.358,place_on_unloader,-92.501,422.699,1056.516,90.47,-0.357,90.991,81.026,8.096,-147.41,49.583,-89.476,-80.035,0.001,-0.423,-0.273,0.662,0.0,0.046,0.03,1.5,-300.0,0.27,-0.04,-0.01,0.01,1.097,0.796,-1.905,0.001,0.117,
2026-01-26 04:23:58.460,place_on_unloader,-92.509,422.654,1056.31,90.47,-0.354,90.998,81.026,8.074,-147.424,49.617,-89.476,-80.027,0.001,-0.372,-0.24,0.58,0.0,0.053,-0.02,1.55,-300.0,0.14,0.04,0.04,0.009,1.027,0.742,-1.776,0.0,0.104,
2026-01-26 04:23:58.561,place_on_unloader,-92.515,422.616,1056.135,90.471,-0.352,91.005,81.026,8.056,-147.436,49.645,-89.476,-80.02,0.001,-0.325,-0.21,0.505,0.0,0.057,0.03,1.57,-300.0,0.13,-0.02,0.06,0.008,0.957,0.689,-1.65,0.0,0.09,
2026-01-26 04:23:58.661,place_on_unloader,-92.521,422.58,1055.972,90.471,-0.35,91.013,81.026,8.039,-147.447,49.671,-89.476,-80.013,0.001,-0.287,-0.185,0.444,0.0,0.061,0.04,1.47,-300.0,0.15,-0.07,-0.03,0.007,0.875,0.629,-1.507,0.0,0.082,
2026-01-26 04:23:58.765,place_on_unloader,-92.527,422.547,1055.823,90.471,-0.348,91.02,81.026,8.023,-147.457,49.695,-89.476,-80.006,0.001,-0.255,-0.164,0.393,0.0,0.064,-0.01,1.65,-300.0,0.14,0.03,0.03,0.006,0.802,0.575,-1.378,0.0,0.074,
2026-01-26 04:23:58.869,place_on_unloader,-92.532,422.518,1055.692,90.472,-0.346,91.027,81.026,8.009,-147.466,49.716,-89.475,-79.999,0.001,-0.226,-0.146,0.347,0.0,0.065,-0.06,1.59,-300.0,0.06,-0.01,-0.0,0.006,0.74,0.53,-1.27,0.0,0.063,
2026-01-26 04:23:58.974,place_on_unloader,-92.536,422.492,1055.576,90.472,-0.344,91.033,81.026,7.997,-147.474,49.734,-89.475,-79.993,0.001,-0.2,-0.129,0.306,0.0,0.065,-0.11,1.56,-300.0,0.14,0.01,-0.02,0.005,0.683,0.488,-1.169,0.0,0.052,
2026-01-26 04:23:59.078,place_on_unloader,-92.54,422.469,1055.473,90.472,-0.342,91.039,81.026,7.986,-147.481,49.75,-89.475,-79.987,0.0,-0.177,-0.114,0.269,0.0,0.063,0.09,1.57,-300.0,0.1,-0.05,0.01,0.004,0.629,0.448,-1.074,0.0,0.042,
2026-01-26 04:23:59.180,place_on_unloader,-92.544,422.448,1055.38,90.473,-0.341,91.045,81.026,7.976,-147.487,49.765,-89.475,-79.981,0.0,-0.158,-0.101,0.239,0.0,0.061,-0.11,1.57,-300.0,0.12,0.02,0.03,0.004,0.576,0.409,-0.981,0.0,0.035,
2026-01-26 04:23:59.283,place_on_unloader,-92.547,422.43,1055.301,90.473,-0.34,91.049,81.026,7.968,-147.492,49.777,-89.475,-79.976,0.0,-0.139,-0.089,0.21,0.0,0.058,0.04,1.55,-300.0,0.14,-0.01,0.02,0.004,0.534,0.378,-0.907,0.0,0.024,
2026-01-26 04:23:59.386,place_on_unloader,-92.549,422.414,1055.232,90.473,-0.338,91.054,81.026,7.96,-147.497,49.788,-89.475,-79.972,0.0,-0.123,-0.079,0.184,0.0,0.054,0.03,1.57,-300.0,-0.03,-0.01,-0.04,0.003,0.49,0.347,-0.831,0.0,0.016,
2026-01-26 04:23:59.491,place_on_unloader,-92.552,422.4,1055.17,90.473,-0.337,91.057,81.026,7.954,-147.501,49.797,-89.475,-79.969,0.0,-0.108,-0.069,0.162,0.0,0.05,-0.08,1.52,-300.0,0.13,0.01,-0.01,0.003,0.45,0.318,-0.761,-0.0,0.009,
2026-01-26 04:23:59.594,place_on_unloader,-92.554,422.387,1055.116,90.473,-0.336,91.061,81.026,7.948,-147.505,49.805,-89.475,-79.965,0.0,-0.095,-0.061,0.142,0.0,0.045,0.02,1.64,-300.0,-0.01,0.03,0.01,0.003,0.413,0.291,-0.697,-0.0,0.002,
2026-01-26 04:23:59.696,place_on_unloader,-92.556,422.376,1055.067,90.474,-0.335,91.063,81.026,7.943,-147.508,49.813,-89.475,-79.963,0.0,-0.084,-0.054,0.125,0.0,0.041,-0.02,1.74,-300.0,-0.02,-0.0,-0.06,0.002,0.376,0.265,-0.635,-0.0,-0.002,
2026-01-26 04:23:59.798,place_on_unloader,-92.557,422.366,1055.025,90.474,-0.334,91.065,81.026,7.939,-147.511,49.819,-89.475,-79.961,0.0,-0.074,-0.048,0.11,0.0,0.036,0.02,1.58,-300.0,0.12,0.02,-0.02,0.002,0.347,0.244,-0.583,-0.0,-0.008,
2026-01-26 04:23:59.900,place_on_unloader,-92.559,422.358,1054.988,90.474,-0.334,91.067,81.026,7.935,-147.513,49.825,-89.475,-79.959,0.0,-0.065,-0.042,0.096,0.0,0.031,0.14,1.6,-300.0,-0.04,0.02,0.12,0.002,0.317,0.223,-0.533,-0.0,-0.012,
2026-01-26 04:24:00.003,place_on_unloader,-92.56,422.35,1054.956,90.474,-0.333,91.068,81.026,7.931,-147.516,49.829,-89.475,-79.958,0.0,-0.058,-0.037,0.084,0.0,0.026,0.03,1.57,-300.0,0.12,-0.05,0.03,0.002,0.29,0.203,-0.486,-0.0,-0.015,
2026-01-26 04:24:00.103,place_on_unloader,-92.561,422.343,1054.927,90.474,-0.332,91.069,81.026,7.928,-147.518,49.834,-89.475,-79.957,0.0,-0.051,-0.032,0.074,0.0,0.022,0.03,1.59,-300.0,0.1,0.0,0.04,0.001,0.265,0.186,-0.444,-0.0,-0.017,
2026-01-26 04:24:00.204,place_on_unloader,-92.562,422.337,1054.902,90.474,-0.332,91.07,81.026,7.926,-147.519,49.837,-89.475,-79.956,0.0,-0.045,-0.029,0.065,0.0,0.018,0.01,1.58,-300.0,0.14,-0.01,0.15,0.001,0.242,0.169,-0.404,-0.0,-0.019,
2026-01-26 04:24:00.307,place_on_unloader,-92.563,422.332,1054.88,90.474,-0.331,91.07,81.026,7.923,-147.521,49.841,-89.475,-79.956,0.0,-0.039,-0.025,0.057,0.0,0.014,-0.11,1.63,-300.0,0.04,-0.01,0.01,0.001,0.221,0.155,-0.369,-0.0,-0.02,
2026-01-26 04:24:00.511,place_on_unloader,-92.565,422.323,1054.843,90.474,-0.33,91.07,81.026,7.919,-147.523,49.846,-89.475,-79.956,0.0,-0.03,-0.019,0.044,0.0,0.007,0.03,1.51,-300.0,0.09,0.0,-0.0,0.001,0.184,0.128,-0.306,-0.0,-0.021,
2026-01-26 04:24:00.615,place_to_retreat_unloader,-92.38,423.29,1058.435,90.432,-0.565,91.066,81.022,8.272,-147.316,49.525,-89.476,-79.956,-0.01,0.858,0.504,-0.771,-0.003,0.005,0.05,2.08,-300.0,-0.1,0.06,0.03,-0.04,3.708,2.203,-3.515,-0.012,-0.018,
2026-01-26 04:24:00.719,place_to_retreat_unloader,-91.912,425.454,1071.042,90.396,-0.76,91.051,81.005,9.621,-146.497,47.556,-89.478,-79.954,-0.051,4.016,2.425,-5.501,-0.006,0.009,0.1,1.99,-300.0,-0.11,0.05,0.07,-0.167,13.3,8.092,-19.639,-0.015,0.006,
2026-01-26 04:24:00.820,place_to_retreat_unloader,-91.635,426.51,1082.041,90.412,-0.673,91.04,80.99,10.825,-145.757,45.522,-89.477,-79.95,-0.076,6.024,3.669,-9.21,-0.003,0.017,0.01,1.9,-300.0,-0.11,0.04,0.05,-0.133,10.531,6.5,-18.32,0.01,0.027,
2026-01-26 04:24:00.922,place_to_retreat_unloader,-91.445,427.086,1092.227,90.43,-0.576,91.032,80.975,11.926,-145.08,43.646,-89.476,-79.944,-0.093,7.269,4.443,-11.597,0.001,0.028,-0.0,1.86,-300.0,-0.32,-0.06,0.03,-0.106,8.435,5.215,-14.913,0.015,0.044,
2026-01-26 04:24:01.024,place_to_retreat_unloader,-91.33,427.305,1100.627,90.444,-0.501,91.027,80.964,12.82,-144.53,42.126,-89.475,-79.937,-0.098,7.687,4.707,-12.497,0.004,0.039,-0.05,1.65,-300.0,-0.25,-0.02,-0.0,-0.069,5.528,3.423,-9.86,0.012,0.048,
2026-01-26 04:24:01.126,place_to_retreat_unloader,-91.254,427.306,1108.738,90.457,-0.436,91.025,80.953,13.673,-144.006,40.683,-89.474,-79.928,-0.101,7.898,4.841,-12.982,0.006,0.051,0.09,1.51,-300.0,-0.3,-0.08,-0.02,-0.057,4.562,2.825,-8.111,0.01,0.06,
2026-01-26 04:24:01.228,place_to_retreat_unloader,-91.214,427.139,1115.919,90.467,-0.384,91.025,80.944,14.42,-143.547,39.424,-89.473,-79.919,-0.1,7.791,4.778,-12.883,0.007,0.062,0.13,1.49,-300.0,-0.39,-0.0,-0.05,-0.038,3.047,1.89,-5.452,0.007,0.062,
2026-01-26 04:24:01.330,place_to_retreat_unloader,-91.199,426.863,1122.265,90.475,-0.344,91.026,80.935,15.074,-143.146,38.326,-89.472,-79.909,-0.096,7.479,4.588,-12.406,0.007,0.071,-0.11,1.29,-300.0,-0.35,0.01,0.05,-0.022,1.815,1.13,-3.295,0.005,0.061,
2026-01-26 04:24:01.434,place_to_retreat_unloader,-91.201,426.549,1127.46,90.481,-0.314,91.029,80.928,15.606,-142.819,37.438,-89.471,-79.899,-0.089,6.938,4.257,-11.525,0.007,0.077,-0.08,1.27,-300.0,-0.23,0.02,-0.05,-0.004,0.407,0.262,-0.87,0.003,0.049,
2026-01-26 04:24:01.535,place_to_retreat_unloader,-91.214,426.205,1132.084,90.486,-0.291,91.032,80.922,16.076,-142.531,36.656,-89.471,-79.89,-0.082,6.38,3.914,-10.6,0.006,0.081,-0.06,1.27,-300.0,-0.3,-0.04,0.01,0.004,-0.246,-0.141,0.272,0.001,0.044,
2026-01-26 04:24:01.637,place_to_retreat_unloader,-91.234,425.849,1136.197,90.489,-0.274,91.036,80.917,16.493,-142.275,35.966,-89.47,-79.881,-0.074,5.825,3.574,-9.674,0.006,0.084,-0.08,1.18,-300.0,-0.3,0.01,-0.03,0.011,-0.763,-0.46,1.174,0.0,0.039,
2026-01-26 04:24:01.738,place_to_retreat_unloader,-91.258,425.493,1139.853,90.492,-0.26,91.04,80.912,16.861,-142.05,35.359,-89.47,-79.872,-0.068,5.29,3.245,-8.774,0.005,0.086,-0.09,1.14,-300.0,-0.32,-0.04,-0.01,0.016,-1.166,-0.709,1.876,-0.0,0.032,
2026-01-26 04:24:01.840,place_to_retreat_unloader,-91.285,425.133,1143.228,90.494,-0.251,91.045,80.908,17.2,-141.842,34.802,-89.47,-79.863,-0.061,4.814,2.953,-7.972,0.005,0.087,-0.0,1.07,-300.0,-0.2,0.11,0.01,0.018,-1.346,-0.821,2.201,-0.001,0.029,
2026-01-26 04:24:01.943,place_to_retreat_unloader,-91.313,424.789,1146.211,90.495,-0.244,91.05,80.904,17.498,-141.659,34.315,-89.47,-79.854,-0.056,4.356,2.671,-7.198,0.004,0.086,0.04,1.02,-300.0,-0.2,0.02,-0.04,0.021,-1.616,-0.988,2.668,-0.001,0.021,
2026-01-26 04:24:02.046,place_to_retreat_unloader,-91.341,424.467,1148.846,90.496,-0.24,91.054,80.901,17.76,-141.499,33.887,-89.469,-79.846,-0.05,3.923,2.405,-6.467,0.003,0.085,-0.05,0.99,-300.0,-0.27,0.03,0.0,0.024,-1.811,-1.108,3.003,-0.002,0.013,
2026-01-26 04:24:02.148,place_to_retreat_unloader,-91.368,424.168,1151.172,90.497,-0.238,91.059,80.898,17.991,-141.357,33.512,-89.469,-79.839,-0.045,3.52,2.157,-5.787,0.003,0.082,0.0,1.02,-300.0,-0.09,-0.04,0.03,0.026,-1.944,-1.19,3.23,-0.002,0.005,
2026-01-26 04:24:02.251,place_to_retreat_unloader,-91.394,423.894,1153.225,90.497,-0.237,91.063,80.895,18.195,-141.233,33.184,-89.469,-79.832,-0.04,3.149,1.929,-5.162,0.002,0.078,0.01,0.85,-300.0,-0.18,-0.12,0.03,0.027,-2.026,-1.241,3.369,-0.002,-0.002,
2026-01-26 04:24:02.353,place_to_retreat_unloader,-91.418,423.643,1155.037,90.497,-0.238,91.066,80.893,18.374,-141.123,32.896,-89.469,-79.827,-0.036,2.809,1.721,-4.591,0.002,0.073,-0.01,0.9,-300.0,0.01,0.07,-0.08,0.027,-2.067,-1.266,3.438,-0.002,-0.009,
2026-01-26 04:24:02.459,place_to_retreat_unloader,-91.439,423.425,1156.576,90.496,-0.239,91.069,80.891,18.525,-141.03,32.653,-89.469,-79.822,-0.032,2.486,1.523,-4.051,0.002,0.067,0.03,0.76,-300.0,-0.02,0.02,0.05,0.028,-2.134,-1.307,3.544,-0.002,-0.017,
2026-01-26 04:24:02.562,place_to_retreat_unloader,-91.459,423.227,1157.941,90.496,-0.241,91.072,80.89,18.66,-140.948,32.439,-89.469,-79.817,-0.028,2.2,1.347,-3.574,0.001,0.061,-0.05,0.73,-300.0,-0.1,-0.05,0.11,0.027,-2.095,-1.283,3.478,-0.002,-0.022,
2026-01-26 04:24:02.665,place_to_retreat_unloader,-91.478,423.042,1159.197,90.495,-0.244,91.074,80.888,18.783,-140.873,32.243,-89.469,-79.813,-0.025,1.959,1.199,-3.17,0.001,0.055,-0.05,0.73,-300.0,-0.05,-0.0,-0.1,0.026,-1.994,-1.221,3.311,-0.002,-0.025,
2026-01-26 04:24:02.765,place_to_retreat_unloader,-91.494,422.882,1160.264,90.495,-0.247,91.076,80.887,18.888,-140.809,32.077,-89.469,-79.81,-0.022,1.731,1.059,-2.791,0.001,0.049,0.07,0.75,-300.0,0.01,-0.04,-0.0,0.026,-1.983,-1.215,3.286,-0.002,-0.03,
2026-01-26 04:24:02.866,place_to_retreat_unloader,-91.508,422.739,1161.21,90.494,-0.251,91.077,80.885,18.98,-140.752,31.931,-89.469,-79.808,-0.019,1.529,0.935,-2.458,0.0,0.043,0.03,0.61,-300.0,0.08,-0.03,0.01,0.025,-1.905,-1.167,3.154,-0.002,-0.032,
2026-01-26 04:24:02.968,place_to_retreat_unloader,-91.522,422.606,1162.081,90.494,-0.254,91.078,80.884,19.065,-140.701,31.798,-89.469,-79.806,-0.017,1.36,0.831,-2.177,0.0,0.038,-0.03,0.68,-300.0,0.04,-0.0,-0.02,0.023,-1.789,-1.096,2.962,-0.002,-0.034,waypoint
2026-01-26 04:24:03.073,retreat_unloader_to_end,-91.263,425.811,1167.038,90.46,-0.454,91.114,80.919,19.049,-140.157,31.473,-89.467,-79.806,0.075,0.98,1.983,-2.444,0.005,0.029,-0.34,0.55,-300.0,0.02,0.03,0.01,0.381,-2.621,3.931,0.756,0.019,-0.049,
2026-01-26 04:24:03.175,retreat_unloader_to_end,-89.983,445.627,1194.572,90.397,-0.831,91.336,81.169,18.503,-136.734,28.979,-89.463,-79.834,0.679,-0.631,10.043,-8.068,0.015,-0.049,-0.23,0.44,-300.0,-0.27,-0.03,0.05,2.487,-7.663,32.325,-21.014,0.041,-0.327,
2026-01-26 04:24:03.278,retreat_unloader_to_end,-89.254,461.745,1219.296,90.414,-0.736,91.5,81.396,18.006,-133.616,26.261,-89.464,-79.897,1.077,-1.716,15.329,-12.846,0.009,-0.194,-0.18,0.61,-300.0,-0.36,0.06,-0.03,2.017,-6.404,26.055,-21.154,-0.018,-0.643,
2026-01-26 04:24:03.381,retreat_unloader_to_end,-88.854,475.019,1241.4,90.433,-0.62,91.608,81.596,17.568,-130.869,23.835,-89.465,-79.988,1.308,-2.381,18.364,-15.7,0.002,-0.375,-0.06,0.71,-300.0,-0.46,0.05,-0.05,1.543,-5.169,19.732,-16.119,-0.022,-0.867,
2026-01-26 04:24:03.482,retreat_unloader_to_end,-88.682,485.632,1260.399,90.449,-0.526,91.667,81.765,17.197,-128.542,21.785,-89.467,-80.098,1.405,-2.713,19.591,-16.9,-0.002,-0.556,-0.03,0.92,-300.0,-0.44,0.07,-0.0,1.083,-3.984,13.561,-10.747,-0.018,-0.961,
2026-01-26 04:24:03.582,retreat_unloader_to_end,-88.651,494.535,1277.404,90.462,-0.45,91.691,81.915,16.869,-126.483,19.979,-89.468,-80.224,1.428,-2.855,19.841,-17.192,-0.005,-0.732,0.05,1.05,-300.0,-0.4,0.1,0.03,0.78,-3.159,9.523,-7.238,-0.015,-1.029,
2026-01-26 04:24:03.687,retreat_unloader_to_end,-88.727,502.598,1293.783,90.473,-0.384,91.683,82.058,16.556,-124.519,18.263,-89.47,-80.375,1.429,-2.924,19.79,-17.183,-0.007,-0.925,-0.0,1.06,-300.0,-0.45,0.04,-0.06,0.633,-2.692,7.618,-5.606,-0.013,-1.167,
2026-01-26 04:24:03.787,retreat_unloader_to_end,-88.868,509.076,1307.722,90.481,-0.335,91.651,82.179,16.292,-122.861,16.821,-89.471,-80.528,1.373,-2.854,18.987,-16.493,-0.008,-1.077,0.02,1.08,-300.0,-0.49,-0.05,-0.07,0.347,-1.935,3.797,-2.31,-0.01,-1.08,
2026-01-26 04:24:03.889,retreat_unloader_to_end,-89.049,514.528,1320.073,90.487,-0.296,91.599,82.285,16.059,-121.402,15.556,-89.472,-80.686,1.296,-2.722,17.888,-15.53,-0.009,-1.203,0.07,1.23,-300.0,-0.43,-0.02,-0.09,0.167,-1.425,1.432,-0.299,-0.008,-1.017,
2026-01-26 04:24:03.989,retreat_unloader_to_end,-89.251,519.133,1331.004,90.491,-0.266,91.534,82.379,15.854,-120.118,14.448,-89.473,-80.845,1.206,-2.554,16.627,-14.418,-0.009,-1.299,0.05,1.21,-300.0,-0.37,-0.01,-0.1,0.024,-1.004,-0.458,1.291,-0.006,-0.926,
2026-01-26 04:24:04.089,retreat_unloader_to_end,-89.462,523.036,1340.669,90.494,-0.244,91.459,82.461,15.674,-118.987,13.477,-89.474,-81.002,1.11,-2.366,15.297,-13.243,-0.009,-1.367,0.08,1.42,-300.0,-0.34,0.02,-0.06,-0.091,-0.659,-1.95,2.529,-0.004,-0.814,
2026-01-26 04:24:04.191,retreat_unloader_to_end,-89.673,526.356,1349.209,90.497,-0.228,91.379,82.534,15.515,-117.992,12.625,-89.474,-81.154,1.014,-2.171,13.961,-12.061,-0.008,-1.406,0.02,1.59,-300.0,-0.3,-0.08,-0.06,-0.18,-0.377,-3.109,3.475,-0.003,-0.688,
2026-01-26 04:24:04.292,retreat_unloader_to_end,-89.869,529.083,1356.467,90.498,-0.217,91.3,82.595,15.381,-117.148,11.906,-89.475,-81.295,0.914,-1.965,12.579,-10.842,-0.008,-1.405,-0.01,1.56,-300.0,-0.36,-0.06,-0.04,-0.273,-0.097,-4.32,4.458,-0.002,-0.497,
2026-01-26 04:24:04.393,retreat_unloader_to_end,-90.056,531.431,1362.906,90.499,-0.209,91.222,82.65,15.262,-116.402,11.273,-89.475,-81.427,0.821,-1.771,11.299,-9.715,-0.007,-1.386,0.03,1.5,-300.0,-0.22,0.03,-0.1,-0.317,0.068,-4.859,4.866,-0.001,-0.371,
2026-01-26 04:24:04.497,retreat_unloader_to_end,-90.239,533.536,1368.84,90.499,-0.205,91.143,82.7,15.152,-115.716,10.693,-89.476,-81.556,0.741,-1.602,10.189,-8.736,-0.007,-1.362,0.03,1.55,-300.0,-0.21,0.03,0.04,-0.329,0.157,-4.975,4.913,-0.0,-0.297,
2026-01-26 04:24:04.597,retreat_unloader_to_end,-90.408,535.348,1374.074,90.5,-0.203,91.069,82.744,15.056,-115.113,10.185,-89.476,-81.675,0.666,-1.442,9.151,-7.823,-0.006,-1.318,0.03,1.66,-300.0,-0.24,0.04,-0.06,-0.356,0.272,-5.299,5.137,0.001,-0.163,
2026-01-26 04:24:04.698,retreat_unloader_to_end,-90.558,536.852,1378.517,90.499,-0.203,91.002,82.781,14.974,-114.601,9.756,-89.477,-81.778,0.593,-1.286,8.142,-6.939,-0.005,-1.247,-0.04,1.73,-300.0,-0.23,0.03,0.01,-0.387,0.392,-5.692,5.417,0.001,0.004,
2026-01-26 04:24:04.798,retreat_unloader_to_end,-90.7,538.21,1382.609,90.499,-0.204,90.94,82.815,14.899,-114.131,9.363,-89.477,-81.875,0.53,-1.152,7.282,-6.186,-0.005,-1.177,-0.03,1.69,-300.0,-0.13,-0.01,-0.02,-0.379,0.419,-5.535,5.237,0.002,0.072,
2026-01-26 04:24:04.899,retreat_unloader_to_end,-90.829,539.387,1386.216,90.499,-0.207,90.885,82.845,14.833,-113.717,9.019,-89.477,-81.96,0.473,-1.029,6.496,-5.501,-0.004,-1.095,-0.01,1.81,-300.0,-0.13,-0.03,-0.04,-0.382,0.467,-5.545,5.198,0.002,0.179,
2026-01-26 04:24:05.001,retreat_unloader_to_end,-90.95,540.447,1389.515,90.498,-0.211,90.836,82.873,14.773,-113.339,8.706,-89.477,-82.037,0.424,-0.922,5.817,-4.908,-0.004,-1.013,-0.0,1.75,-300.0,-0.02,-0.03,-0.08,-0.37,0.477,-5.349,4.99,0.002,0.248,
2026-01-26 04:24:05.101,retreat_unloader_to_end,-91.054,541.331,1392.304,90.498,-0.215,90.797,82.896,14.722,-113.02,8.443,-89.478,-82.099,0.376,-0.819,5.161,-4.339,-0.003,-0.915,0.01,1.8,-300.0,-0.03,0.04,-0.02,-0.376,0.524,-5.403,4.99,0.003,0.365,
2026-01-26 04:24:05.203,retreat_unloader_to_end,-91.151,542.129,1394.854,90.497,-0.22,90.765,82.917,14.676,-112.729,8.203,-89.478,-82.152,0.335,-0.73,4.599,-3.853,-0.003,-0.821,0.05,1.86,-300.0,-0.09,0.02,-0.02,-0.358,0.515,-5.14,4.729,0.003,0.415,
2026-01-26 04:24:05.303,retreat_unloader_to_end,-91.238,542.821,1397.09,90.496,-0.226,90.74,82.936,14.635,-112.473,7.994,-89.478,-82.195,0.298,-0.65,4.087,-3.412,-0.002,-0.723,0.0,1.81,-300.0,-0.02,-0.02,-0.06,-0.349,0.522,-4.988,4.563,0.003,0.482,
2026-01-26 04:24:05.406,retreat_unloader_to_end,-91.314,543.423,1399.05,90.496,-0.231,90.724,82.952,14.6,-112.25,7.812,-89.478,-82.228,0.264,-0.576,3.624,-3.014,-0.002,-0.624,0.08,1.92,-300.0,-0.03,0.01,-0.0,-0.337,0.52,-4.806,4.373,0.003,0.533,
2026-01-26 04:24:05.510,retreat_unloader_to_end,-91.382,543.946,1400.769,90.495,-0.237,90.714,82.966,14.568,-112.054,7.654,-89.478,-82.252,0.234,-0.51,3.208,-2.657,-0.001,-0.527,-0.04,2.03,-300.0,-0.05,0.04,-0.07,-0.324,0.512,-4.603,4.169,0.003,0.571,
2026-01-26 04:24:05.614,retreat_unloader_to_end,-91.44,544.385,1402.221,90.494,-0.242,90.711,82.978,14.542,-111.889,7.52,-89.478,-82.267,0.205,-0.448,2.819,-2.327,-0.001,-0.433,0.05,1.91,-300.0,-0.0,0.04,0.01,-0.314,0.51,-4.448,4.005,0.003,0.601,
2026-01-26 04:24:05.719,retreat_unloader_to_end,-91.493,544.785,1403.549,90.494,-0.247,90.714,82.989,14.518,-111.738,7.399,-89.478,-82.275,0.181,-0.397,2.491,-2.049,-0.001,-0.346,-0.02,1.87,-300.0,-0.06,-0.08,-0.06,-0.293,0.482,-4.146,3.725,0.003,0.607,
2026-01-26 04:24:05.819,retreat_unloader_to_end,-91.538,545.12,1404.671,90.493,-0.252,90.721,82.999,14.498,-111.611,7.297,-89.478,-82.277,0.159,-0.348,2.187,-1.792,-0.0,-0.265,0.08,1.92,-300.0,0.03,-0.05,-0.13,-0.281,0.471,-3.967,3.546,0.003,0.61,waypoint
2026-01-26 04:24:05.920,home_end,-91.578,545.415,1405.66,90.492,-0.257,90.732,83.007,14.48,-111.498,7.207,-89.478,-82.274,0.14,-0.306,1.921,-1.567,-0.0,-0.191,-0.04,1.94,-300.0,-0.01,-0.01,0.05,-0.264,0.448,-3.723,3.317,0.003,0.601,
2026-01-26 04:24:06.021,home_end,-91.613,545.664,1406.498,90.492,-0.261,90.746,83.014,14.465,-111.403,7.132,-89.478,-82.267,0.122,-0.267,1.678,-1.364,0.0,-0.125,0.03,2.02,-300.0,0.03,-0.01,-0.03,-0.25,0.431,-3.522,3.125,0.002,0.58,
2026-01-26 04:24:06.123,home_end,-91.644,545.893,1407.269,90.491,-0.266,90.763,83.02,14.451,-111.316,7.063,-89.477,-82.256,0.108,-0.235,1.477,-1.196,0.0,-0.067,0.03,2.02,-300.0,0.06,-0.02,0.07,-0.23,0.4,-3.246,2.877,0.002,0.56,
2026-01-26 04:24:06.225,home_end,-91.672,546.094,1407.949,90.491,-0.27,90.783,83.026,14.438,-111.239,7.002,-89.477,-82.243,0.095,-0.207,1.3,-1.049,0.001,-0.016,-0.01,1.98,-300.0,0.15,-0.05,-0.03,-0.215,0.377,-3.026,2.674,0.002,0.533,
2026-01-26 04:24:06.326,home_end,-91.696,546.27,1408.547,90.49,-0.274,90.804,83.031,14.428,-111.172,6.949,-89.477,-82.227,0.083,-0.182,1.144,-0.919,0.001,0.028,0.04,1.91,-300.0,-0.03,-0.02,0.08,-0.2,0.354,-2.816,2.482,0.002,0.502,
2026-01-26 04:24:06.426,home_end,-91.718,546.426,1409.075,90.49,-0.277,90.826,83.035,14.418,-111.112,6.902,-89.477,-82.209,0.073,-0.16,1.007,-0.806,0.001,0.065,0.01,1.96,-300.0,-0.04,0.01,-0.06,-0.186,0.331,-2.615,2.299,0.002,0.469,
2026-01-26 04:24:06.527,home_end,-91.737,546.563,1409.54,90.489,-0.281,90.848,83.039,14.41,-111.06,6.861,-89.477,-82.19,0.064,-0.141,0.886,-0.706,0.001,0.096,-0.03,2.03,-300.0,0.07,-0.01,0.01,-0.173,0.309,-2.425,2.126,0.002,0.432,
2026-01-26 04:24:06.628,home_end,-91.755,546.688,1409.964,90.489,-0.284,90.872,83.042,14.402,-111.012,6.824,-89.477,-82.17,0.057,-0.125,0.784,-0.623,0.001,0.122,-0.07,1.95,-300.0,0.09,0.05,0.03,-0.159,0.286,-2.228,1.951,0.001,0.403,
2026-01-26 04:24:06.732,home_end,-91.77,546.797,1410.336,90.489,-0.287,90.895,83.045,14.395,-110.97,6.792,-89.477,-82.15,0.05,-0.11,0.693,-0.548,0.001,0.142,-0.0,2.01,-300.0,0.06,0.0,0.09,-0.147,0.267,-2.065,1.803,0.001,0.364,
2026-01-26 04:24:06.835,home_end,-91.783,546.893,1410.663,90.488,-0.29,90.918,83.048,14.39,-110.933,6.764,-89.477,-82.13,0.044,-0.097,0.612,-0.482,0.001,0.157,0.04,2.08,-300.0,0.06,-0.03,0.08,-0.136,0.248,-1.91,1.664,0.001,0.325,
2026-01-26 04:24:06.936,home_end,-91.795,546.975,1410.938,90.488,-0.292,90.939,83.05,14.385,-110.902,6.74,-89.477,-82.111,0.039,-0.085,0.536,-0.421,0.001,0.164,0.01,2.04,-300.0,0.15,-0.02,0.01,-0.127,0.233,-1.776,1.543,0.001,0.279,
2026-01-26 04:24:07.037,home_end,-91.805,547.046,1411.181,90.488,-0.295,90.959,83.052,14.38,-110.875,6.719,-89.477,-82.093,0.034,-0.075,0.47,-0.367,0.001,0.168,0.02,2.03,-300.0,0.1,-0.01,-0.01,-0.117,0.215,-1.636,1.418,0.001,0.243,
2026-01-26 04:24:07.139,home_end,-91.813,547.109,1411.395,90.487,-0.297,90.977,83.054,14.377,-110.851,6.701,-89.476,-82.077,0.03,-0.066,0.413,-0.321,0.001,0.168,0.09,2.09,-300.0,0.1,-0.02,0.06,-0.107,0.199,-1.505,1.302,0.001,0.209,
2026-01-26 04:24:07.239,home_end,-91.821,547.162,1411.576,90.487,-0.299,90.994,83.055,14.373,-110.83,6.685,-89.476,-82.061,0.026,-0.057,0.361,-0.279,0.001,0.164,0.04,2.0,-300.0,0.13,0.06,-0.02,-0.099,0.185,-1.391,1.2,0.0,0.17,
2026-01-26 04:24:07.345,home_end,-91.828,547.212,1411.743,90.487,-0.3,91.01,83.057,14.37,-110.812,6.671,-89.476,-82.047,0.023,-0.051,0.317,-0.245,0.001,0.159,0.07,1.93,-300.0,0.12,-0.05,0.0,-0.091,0.169,-1.269,1.093,0.0,0.147,
2026-01-26 04:24:07.447,home_end,-91.834,547.255,1411.89,90.487,-0.302,91.024,83.058,14.368,-110.795,6.659,-89.476,-82.034,0.02,-0.044,0.279,-0.215,0.001,0.152,0.03,2.08,-300.0,0.05,0.04,0.04,-0.083,0.156,-1.164,1.001,0.0,0.119,
2026-01-26 04:24:07.547,home_end,-91.839,547.292,1412.015,90.486,-0.303,91.036,83.059,14.365,-110.781,6.649,-89.476,-82.023,0.018,-0.039,0.244,-0.187,0.001,0.142,0.06,2.05,-300.0,0.07,0.08,0.03,-0.077,0.144,-1.073,0.92,0.0,0.089,
2026-01-26 04:24:07.649,home_end,-91.843,547.324,1412.125,90.486,-0.305,91.047,83.06,14.363,-110.769,6.639,-89.476,-82.013,0.016,-0.034,0.214,-0.163,0.001,0.131,0.03,1.96,-300.0,0.14,-0.02,-0.02,-0.07,0.132,-0.982,0.841,0.0,0.067,
2026-01-26 04:24:07.751,home_end,-91.847,547.353,1412.223,90.486,-0.306,91.056,83.061,14.362,-110.758,6.631,-89.476,-82.004,0.014,-0.03,0.188,-0.143,0.001,0.12,-0.05,1.98,-300.0,0.06,-0.06,0.07,-0.064,0.121,-0.898,0.768,0.0,0.047,
2026-01-26 04:24:07.853,home_end,-91.851,547.379,1412.309,90.486,-0.307,91.065,83.061,14.36,-110.748,6.624,-89.476,-81.997,0.012,-0.026,0.165,-0.125,0.001,0.109,-0.1,2.04,-300.0,0.07,0.0,0.02,-0.059,0.111,-0.821,0.7,-0.0,0.03,
2026-01-26 04:24:08.159,home_end,-91.859,547.441,1412.519,90.486,-0.309,91.082,83.063,14.357,-110.725,6.607,-89.476,-81.981,0.008,-0.018,0.114,-0.085,0.0,0.075,0.03,2.04,-300.0,0.15,0.13,0.08,-0.044,0.084,-0.62,0.527,-0.0,-0.006,
2026-01-26 04:24:08.466,home_end,-91.865,547.485,1412.667,90.485,-0.311,91.09,83.064,14.354,-110.708,6.595,-89.476,-81.974,0.006,-0.013,0.079,-0.058,0.0,0.043,-0.04,1.95,-300.0,0.05,0.02,-0.0,-0.034,0.065,-0.472,0.4,-0.0,-0.032,
2026-01-26 04:24:08.875,home_end,-91.87,547.519,1412.781,90.485,-0.313,91.089,83.065,14.352,-110.696,6.586,-89.476,-81.976,0.003,-0.007,0.045,-0.033,0.0,0.011,-0.01,2.08,-300.0,0.11,0.04,-0.09,-0.024,0.047,-0.335,0.281,-0.0,-0.037,
2026-01-26 04:24:09.183,home_end,-91.872,547.538,1412.843,90.485,-0.314,91.085,83.066,14.351,-110.689,6.581,-89.476,-81.981,0.002,-0.005,0.032,-0.023,0.0,-0.006,-0.05,1.95,-300.0,0.07,-0.01,-0.04,-0.018,0.034,-0.245,0.205,-0.0,-0.038,
2026-01-26 04:24:09.588,home_end,-91.874,547.554,1412.896,90.485,-0.315,91.076,83.066,14.35,-110.683,6.577,-89.476,-81.99,0.001,-0.003,0.02,-0.014,-0.0,-0.018,0.02,2.06,-300.0,0.06,0.09,0.02,-0.012,0.023,-0.167,0.139,-0.0,-0.028,
2026-01-26 04:24:09.900,home_end,-91.875,547.562,1412.922,90.485,-0.315,91.069,83.066,14.349,-110.68,6.575,-89.476,-81.997,0.001,-0.002,0.014,-0.01,-0.0,-0.021,0.04,2.12,-300.0,0.12,0.03,-0.02,-0.009,0.018,-0.125,0.104,-0.0,-0.019,
2026-01-26 04:24:10.304,home_end,-91.876,547.568,1412.943,90.485,-0.315,91.063,83.067,14.349,-110.678,6.574,-89.476,-82.004,0.001,-0.001,0.008,-0.005,-0.0,-0.017,0.04,2.01,-300.0,0.07,-0.05,0.03,-0.006,0.012,-0.085,0.07,-0.0,-0.006,
2026-01-26 04:24:10.610,home_end,-91.876,547.571,1412.954,90.485,-0.315,91.059,83.067,14.349,-110.677,6.573,-89.476,-82.007,0.0,-0.001,0.006,-0.004,-0.0,-0.014,0.02,1.98,-300.0,0.04,-0.02,-0.08,-0.005,0.009,-0.063,0.052,-0.0,-0.001,
2026-01-26 04:24:11.016,home_end,-91.877,547.574,1412.963,90.485,-0.316,91.056,83.067,14.349,-110.676,6.572,-89.476,-82.01,0.0,-0.001,0.003,-0.002,-0.0,-0.009,-0.0,2.04,-300.0,0.21,0.02,0.05,-0.003,0.006,-0.043,0.035,-0.0,0.004,
