timestamp,current_task,EE_x,EE_y,EE_z,EE_rx,EE_ry,EE_rz,joint1_angle,joint2_angle,joint3_angle,joint4_angle,joint5_angle,joint6_angle,joint1_velocity,joint2_velocity,joint3_velocity,joint4_velocity,joint5_velocity,joint6_velocity,joint1_torque,joint2_torque,joint3_torque,joint4_torque,joint5_torque,joint6_torque,joint1_acceleration,joint2_acceleration,joint3_acceleration,joint4_acceleration,joint5_acceleration,joint6_acceleration,waypoint
2026-01-26 04:37:30.597,home_start,12.975,735.721,1757.124,27.505,89.185,-63.64,89.004,22.126,-133.55,0.43,20.702,-180.777,0.0,0.0,0.0,0.0,0.0,0.0,-0.06,-2.27,-1.65,0.1,-0.9,0.04,0.0,0.0,0.0,0.0,0.0,0.0,waypoint
2026-01-26 04:37:30.695,home_start,12.975,735.721,1757.124,27.505,89.185,-63.64,89.004,22.126,-133.55,0.43,20.702,-180.777,0.0,0.0,0.0,0.0,0.0,0.0,0.02,-4.13,-2.96,0.19,-1.82,-0.05,0.0,0.0,0.0,0.0,0.0,0.0,
2026-01-26 04:37:30.796,home_start,12.975,735.721,1757.124,27.505,89.185,-63.64,89.004,22.126,-133.55,0.43,20.702,-180.777,0.0,0.0,0.0,0.0,0.0,0.0,-0.0,-5.59,-4.09,0.29,-2.42,-0.07,0.0,0.0,0.0,0.0,0.0,0.0,
2026-01-26 04:37:30.999,home_start,12.975,735.721,1757.124,27.505,89.185,-63.64,89.004,22.126,-133.55,0.43,20.702,-180.777,0.0,0.0,0.0,0.0,0.0,0.0,-0.02,-7.79,-5.55,0.38,-3.2,-0.08,0.0,0.0,0.0,0.0,0.0,0.0,
2026-01-26 04:37:31.204,home_start,12.975,735.721,1757.124,27.505,89.185,-63.64,89.004,22.126,-133.55,0.43,20.702,-180.777,0.0,0.0,0.0,0.0,0.0,0.0,-0.05,-9.09,-6.57,0.49,-3.9,0.04,0.0,0.0,0.0,0.0,0.0,0.0,
2026-01-26 04:37:31.306,home_start,12.975,735.721,1757.124,27.505,89.185,-63.64,89.004,22.126,-133.55,0.43,20.702,-180.777,0.0,0.0,0.0,0.0,0.0,0.0,-0.07,-9.55,-6.92,0.52,-4.09,-0.04,0.0,0.0,0.0,0.0,0.0,0.0,
2026-01-26 04:37:31.510,home_start,12.975,735.721,1757.124,27.505,89.185,-63.64,89.004,22.126,-133.55,0.43,20.702,-180.777,0.0,0.0,0.0,0.0,0.0,0.0,-0.04,-10.21,-7.41,0.55,-4.39,-0.01,0.0,0.0,0.0,0.0,0.0,0.0,
2026-01-26 04:37:31.715,home_start,12.975,735.721,1757.124,27.505,89.185,-63.64,89.004,22.126,-133.55,0.43,20.702,-180.777,0.0,0.0,0.0,0.0,0.0,0.0,-0.08,-10.77,-7.79,0.49,-4.59,-0.03,0.0,0.0,0.0,0.0,0.0,0.0,
2026-01-26 04:37:31.816,home_start,12.975,735.721,1757.124,27.505,89.185,-63.64,89.004,22.126,-133.55,0.43,20.702,-180.777,0.0,0.0,0.0,0.0,0.0,0.0,0.01,-10.83,-7.77,0.47,-4.51,-0.09,0.0,0.0,0.0,0.0,0.0,0.0,
2026-01-26 04:37:32.023,home_start,12.975,735.721,1757.124,27.505,89.185,-63.64,89.004,22.126,-133.55,0.43,20.702,-180.777,0.0,0.0,0.0,0.0,0.0,0.0,0.07,-11.04,-8.01,0.59,-4.69,-0.03,0.0,0.0,0.0,0.0,0.0,0.0,
2026-01-26 04:37:32.228,home_start,12.975,735.721,1757.124,27.505,89.185,-63.64,89.004,22.126,-133.55,0.43,20.702,-180.777,0.0,0.0,0.0,0.0,0.0,0.0,-0.0,-11.22,-8.12,0.54,-4.71,-0.03,0.0,0.0,0.0,0.0,0.0,0.0,
2026-01-26 04:37:32.330,home_to_approach_feeder,12.803,782.348,1699.854,27.984,89.181,-63.117,89.079,16.795,-134.132,0.407,26.615,-180.746,0.187,-13.328,-1.455,-0.058,14.782,0.077,-0.16,-9.17,-6.81,0.41,-4.77,-0.12,0.747,-53.313,-5.82,-0.23,59.129,0.308,
2026-01-26 04:37:32.431,home_to_approach_feeder,12.147,839.581,1608.504,28.872,89.174,-62.153,89.189,8.918,-134.992,0.373,35.351,-180.701,0.416,-29.688,-3.24,-0.128,32.926,0.171,0.05,-7.34,-5.92,0.41,-4.78,-0.03,1.028,-73.434,-8.015,-0.318,81.445,0.423,
2026-01-26 04:37:32.533,home_to_approach_feeder,11.276,876.235,1527.311,29.652,89.167,-61.298,89.281,2.326,-135.712,0.345,42.661,-180.663,0.543,-38.745,-4.229,-0.168,42.972,0.223,-0.05,-6.01,-5.2,0.28,-5.02,0.04,0.746,-53.243,-5.811,-0.23,59.051,0.307,
2026-01-26 04:37:32.633,home_to_approach_feeder,10.251,900.686,1449.67,30.317,89.161,-60.555,89.367,-3.766,-136.376,0.318,49.418,-180.627,0.62,-44.289,-4.834,-0.191,49.121,0.255,0.07,-4.8,-4.85,0.21,-5.15,-0.04,0.601,-42.923,-4.685,-0.186,47.605,0.247,
2026-01-26 04:37:32.735,home_to_approach_feeder,9.192,914.753,1379.147,30.81,89.157,-59.987,89.443,-9.205,-136.97,0.295,55.45,-180.596,0.656,-46.814,-5.109,-0.202,51.921,0.27,0.12,-3.73,-4.56,0.08,-5.17,-0.05,0.449,-32.096,-3.503,-0.139,35.597,0.185,
2026-01-26 04:37:32.837,home_to_approach_feeder,8.188,921.009,1317.802,31.127,89.154,-59.601,89.509,-13.912,-137.484,0.274,60.671,-180.569,0.656,-46.878,-5.116,-0.203,51.992,0.27,0.1,-2.89,-4.23,0.25,-5.32,-0.12,0.302,-21.571,-2.354,-0.093,23.924,0.124,
2026-01-26 04:37:32.940,home_to_approach_feeder,7.331,922.079,1268.212,31.292,89.152,-59.377,89.562,-17.728,-137.9,0.258,64.904,-180.547,0.626,-44.7,-4.879,-0.193,49.576,0.258,0.17,-2.1,-4.05,0.14,-5.36,-0.02,0.147,-10.506,-1.147,-0.045,11.653,0.061,
2026-01-26 04:37:33.042,home_to_approach_feeder,6.528,919.993,1223.633,31.359,89.151,-59.254,89.611,-21.186,-138.278,0.243,68.738,-180.527,0.591,-42.168,-4.602,-0.182,46.768,0.243,0.21,-1.32,-3.92,0.07,-5.45,0.02,0.082,-5.865,-0.64,-0.025,6.504,0.034,
2026-01-26 04:37:33.143,home_to_approach_feeder,5.762,915.44,1182.298,31.344,89.151,-59.215,89.656,-24.428,-138.631,0.229,72.334,-180.508,0.556,-39.732,-4.336,-0.172,44.066,0.229,0.16,-0.62,-3.71,0.08,-5.34,0.04,0.044,-3.127,-0.341,-0.014,3.468,0.018,
2026-01-26 04:37:33.246,home_to_approach_feeder,4.993,908.471,1141.817,31.248,89.152,-59.256,89.701,-27.65,-138.983,0.215,75.908,-180.49,0.53,-37.855,-4.132,-0.164,41.984,0.218,0.23,-0.13,-3.79,0.11,-5.48,-0.09,0.037,-2.617,-0.286,-0.011,2.902,0.015,
2026-01-26 04:37:33.346,home_to_approach_feeder,4.326,900.516,1107.378,31.095,89.153,-59.361,89.74,-30.439,-139.288,0.203,79.001,-180.474,0.495,-35.364,-3.86,-0.153,39.221,0.204,0.24,0.38,-3.65,0.04,-5.39,-0.04,-0.028,1.979,0.216,0.009,-2.195,-0.011,
2026-01-26 04:37:33.449,home_to_approach_feeder,3.788,892.786,1079.927,30.92,89.154,-59.496,89.772,-32.701,-139.534,0.193,81.509,-180.461,0.451,-32.176,-3.512,-0.139,35.686,0.186,0.21,0.78,-3.36,0.06,-5.38,-0.03,-0.099,7.059,0.77,0.031,-7.829,-0.041,
2026-01-26 04:37:33.549,home_to_approach_feeder,3.32,885.111,1056.323,30.729,89.156,-59.652,89.8,-34.677,-139.75,0.185,83.701,-180.449,0.407,-29.072,-3.173,-0.126,32.244,0.168,0.18,1.36,-3.42,-0.02,-5.53,0.0,-0.129,9.204,1.005,0.04,-10.208,-0.053,
2026-01-26 04:37:33.651,home_to_approach_feeder,2.838,876.226,1032.155,30.49,89.158,-59.854,89.828,-36.735,-139.975,0.176,85.984,-180.437,0.377,-26.95,-2.941,-0.117,29.89,0.155,0.14,1.67,-3.41,-0.02,-5.33,-0.06,-0.105,7.462,0.814,0.032,-8.276,-0.043,
2026-01-26 04:37:33.752,home_to_approach_feeder,2.412,867.508,1010.889,30.24,89.16,-60.071,89.854,-38.579,-140.176,0.168,88.029,-180.427,0.348,-24.823,-2.709,-0.107,27.531,0.143,0.27,1.94,-3.19,0.05,-5.27,-0.03,-0.124,8.856,0.967,0.038,-9.822,-0.051,
2026-01-26 04:37:33.853,home_to_approach_feeder,2.059,859.652,993.342,30.004,89.162,-60.279,89.876,-40.127,-140.345,0.161,89.746,-180.418,0.315,-22.487,-2.454,-0.097,24.94,0.13,0.24,2.23,-3.15,0.01,-5.27,0.0,-0.153,10.934,1.193,0.047,-12.127,-0.063,
2026-01-26 04:37:33.955,home_to_approach_feeder,1.702,851.107,975.672,29.735,89.164,-60.518,89.898,-41.713,-140.518,0.154,91.504,-180.409,0.292,-20.829,-2.273,-0.09,23.101,0.12,0.16,2.46,-3.02,-0.08,-5.34,-0.01,-0.133,9.467,1.033,0.041,-10.5,-0.055,
2026-01-26 04:37:34.055,home_to_approach_feeder,1.399,843.332,960.673,29.482,89.166,-60.746,89.917,-43.081,-140.667,0.148,93.022,-180.401,0.267,-19.043,-2.078,-0.082,21.12,0.11,0.07,2.63,-3.18,-0.04,-5.22,-0.04,-0.15,10.689,1.167,0.046,-11.855,-0.062,
2026-01-26 04:37:34.158,home_to_approach_feeder,1.132,836.085,947.491,29.239,89.168,-60.967,89.934,-44.303,-140.801,0.143,94.377,-180.394,0.243,-17.336,-1.892,-0.075,19.227,0.1,0.16,2.82,-3.08,0.02,-5.16,-0.08,-0.155,11.088,1.21,0.048,-12.297,-0.064,
2026-01-26 04:37:34.260,home_to_approach_feeder,0.904,829.585,936.245,29.015,89.17,-61.171,89.949,-45.36,-140.916,0.138,95.55,-180.388,0.219,-15.646,-1.708,-0.068,17.352,0.09,0.14,3.1,-3.06,-0.04,-5.17,-0.02,-0.163,11.622,1.268,0.05,-12.89,-0.067,
2026-01-26 04:37:34.361,home_to_approach_feeder,0.709,823.776,926.612,28.811,89.171,-61.358,89.962,-46.278,-141.016,0.134,96.567,-180.382,0.196,-14.028,-1.531,-0.061,15.558,0.081,0.13,3.23,-2.9,0.08,-5.09,0.02,-0.166,11.859,1.294,0.051,-13.152,-0.068,
2026-01-26 04:37:34.461,home_to_approach_feeder,0.53,818.243,917.774,28.612,89.173,-61.541,89.974,-47.13,-141.109,0.131,97.512,-180.377,0.177,-12.651,-1.381,-0.055,14.031,0.073,0.16,3.21,-2.97,-0.13,-5.05,-0.05,-0.159,11.328,1.236,0.049,-12.563,-0.065,
2026-01-26 04:37:34.562,home_to_approach_feeder,0.372,813.173,909.943,28.427,89.174,-61.712,89.985,-47.893,-141.193,0.127,98.359,-180.373,0.16,-11.397,-1.244,-0.049,12.64,0.066,0.08,3.41,-2.96,-0.03,-5.04,-0.04,-0.155,11.081,1.209,0.048,-12.29,-0.064,
2026-01-26 04:37:34.664,home_to_approach_feeder,0.227,808.396,902.783,28.25,89.176,-61.876,89.995,-48.599,-141.27,0.124,99.141,-180.369,0.144,-10.311,-1.125,-0.045,11.436,0.059,0.21,3.57,-2.89,-0.11,-5.13,-0.14,-0.148,10.551,1.152,0.046,-11.702,-0.061,
2026-01-26 04:37:34.764,home_to_approach_feeder,0.115,804.593,897.227,28.107,89.177,-62.008,90.002,-49.151,-141.33,0.122,99.754,-180.366,0.128,-9.115,-0.995,-0.039,10.109,0.053,0.08,3.62,-2.9,-0.0,-5.03,-0.03,-0.154,11.026,1.203,0.048,-12.229,-0.064,
2026-01-26 04:37:34.866,home_to_approach_feeder,0.011,800.978,892.058,27.97,89.178,-62.136,90.01,-49.669,-141.386,0.12,100.329,-180.363,0.114,-8.132,-0.887,-0.035,9.019,0.047,0.12,3.63,-2.8,-0.13,-5.0,-0.02,-0.144,10.267,1.121,0.044,-11.387,-0.059,
2026-01-26 04:37:34.967,home_to_approach_feeder,-0.086,797.563,887.272,27.839,89.179,-62.258,90.016,-50.153,-141.439,0.118,100.865,-180.36,0.102,-7.307,-0.798,-0.032,8.105,0.042,0.1,3.63,-2.83,-0.11,-5.01,-0.12,-0.134,9.587,1.046,0.041,-10.633,-0.055,
2026-01-26 04:37:35.068,home_to_approach_feeder,-0.169,794.56,883.139,27.723,89.179,-62.366,90.022,-50.573,-141.485,0.116,101.332,-180.358,0.091,-6.532,-0.713,-0.028,7.245,0.038,0.1,3.76,-2.91,-0.09,-5.05,-0.04,-0.13,9.258,1.01,0.04,-10.268,-0.053,
2026-01-26 04:37:35.168,home_to_approach_feeder,-0.243,791.823,879.431,27.616,89.18,-62.466,90.027,-50.953,-141.526,0.114,101.753,-180.355,0.082,-5.848,-0.638,-0.025,6.486,0.034,0.01,3.78,-2.84,-0.13,-5.02,-0.02,-0.122,8.742,0.954,0.038,-9.695,-0.05,
2026-01-26 04:37:35.269,home_to_approach_feeder,-0.313,789.248,875.992,27.515,89.181,-62.56,90.032,-51.307,-141.565,0.113,102.146,-180.353,0.074,-5.272,-0.575,-0.023,5.847,0.03,-0.01,3.78,-2.8,-0.12,-5.02,-0.05,-0.114,8.121,0.886,0.035,-9.007,-0.047,
2026-01-26 04:37:35.372,home_to_approach_feeder,-0.376,786.838,872.815,27.42,89.182,-62.649,90.037,-51.636,-141.601,0.111,102.51,-180.351,0.067,-4.776,-0.521,-0.021,5.297,0.028,-0.08,3.81,-2.8,-0.23,-4.95,-0.05,-0.106,7.562,0.825,0.033,-8.387,-0.044,
2026-01-26 04:37:35.474,home_to_approach_feeder,-0.433,784.663,869.984,27.333,89.182,-62.73,90.041,-51.931,-141.633,0.11,102.837,-180.35,0.06,-4.319,-0.471,-0.019,4.79,0.025,-0.08,3.86,-2.73,-0.11,-4.92,0.04,-0.1,7.148,0.78,0.031,-7.927,-0.041,
2026-01-26 04:37:35.577,home_to_approach_feeder,-0.484,782.702,867.459,27.255,89.183,-62.804,90.045,-52.195,-141.662,0.109,103.13,-180.348,0.055,-3.9,-0.426,-0.017,4.325,0.022,-0.0,3.91,-2.78,-0.15,-4.95,0.02,-0.094,6.74,0.736,0.029,-7.475,-0.039,
2026-01-26 04:37:35.678,home_to_approach_feeder,-0.529,780.935,865.205,27.184,89.183,-62.871,90.048,-52.432,-141.688,0.108,103.393,-180.347,0.049,-3.516,-0.384,-0.015,3.9,0.02,0.05,3.97,-2.73,-0.22,-4.87,-0.08,-0.089,6.34,0.692,0.027,-7.032,-0.037,
2026-01-26 04:37:35.781,home_to_approach_feeder,-0.57,779.293,863.131,27.118,89.184,-62.933,90.051,-52.65,-141.712,0.107,103.635,-180.346,0.045,-3.184,-0.348,-0.014,3.531,0.018,0.03,3.97,-2.85,-0.17,-4.9,0.02,-0.082,5.886,0.642,0.025,-6.528,-0.034,
2026-01-26 04:37:35.881,home_to_approach_feeder,-0.605,777.912,861.398,27.062,89.184,-62.985,90.054,-52.834,-141.732,0.106,103.839,-180.344,0.04,-2.846,-0.311,-0.012,3.157,0.016,0.02,4.01,-2.78,-0.16,-4.87,0.06,-0.079,5.651,0.617,0.024,-6.267,-0.033,
2026-01-26 04:37:35.985,home_to_approach_feeder,-0.634,776.747,859.946,27.014,89.185,-63.03,90.056,-52.988,-141.749,0.105,104.009,-180.344,0.035,-2.52,-0.275,-0.011,2.795,0.015,-0.05,4.08,-2.85,-0.22,-4.96,-0.11,-0.075,5.379,0.587,0.023,-5.965,-0.031,
2026-01-26 04:37:36.085,home_to_approach_feeder,-0.663,775.577,858.497,26.967,89.185,-63.075,90.058,-53.142,-141.765,0.105,104.18,-180.343,0.032,-2.275,-0.248,-0.01,2.524,0.013,-0.01,4.04,-2.84,-0.15,-4.85,0.0,-0.068,4.839,0.528,0.021,-5.367,-0.028,
2026-01-26 04:37:36.189,home_to_approach_feeder,-0.69,774.492,857.16,26.922,89.185,-63.116,90.06,-53.284,-141.781,0.104,104.338,-180.342,0.029,-2.063,-0.225,-0.009,2.288,0.012,0.13,3.98,-2.78,-0.14,-5.05,-0.11,-0.063,4.472,0.488,0.019,-4.96,-0.026,
2026-01-26 04:37:36.290,home_to_approach_feeder,-0.713,773.55,856.006,26.884,89.185,-63.153,90.062,-53.408,-141.794,0.104,104.475,-180.341,0.026,-1.855,-0.203,-0.008,2.058,0.011,-0.03,3.91,-2.8,-0.2,-4.89,-0.08,-0.059,4.216,0.46,0.018,-4.676,-0.024,
2026-01-26 04:37:36.390,home_to_approach_feeder,-0.733,772.704,854.975,26.849,89.186,-63.185,90.063,-53.518,-141.806,0.103,104.598,-180.341,0.023,-1.668,-0.182,-0.007,1.85,0.01,0.02,4.05,-2.82,-0.19,-4.88,-0.03,-0.055,3.923,0.428,0.017,-4.351,-0.023,
2026-01-26 04:37:36.492,home_to_approach_feeder,-0.752,771.944,854.052,26.818,89.186,-63.215,90.065,-53.617,-141.817,0.103,104.708,-180.34,0.021,-1.499,-0.164,-0.006,1.662,0.009,0.05,4.05,-2.81,-0.22,-4.9,-0.08,-0.051,3.646,0.398,0.016,-4.043,-0.021,
2026-01-26 04:37:36.593,home_to_approach_feeder,-0.761,771.572,853.6,26.802,89.186,-63.229,90.065,-53.666,-141.823,0.102,104.762,-180.34,0.017,-1.245,-0.136,-0.005,1.381,0.007,-0.02,4.07,-2.8,-0.11,-4.83,-0.05,-0.053,3.786,0.413,0.016,-4.199,-0.022,
2026-01-26 04:37:36.695,home_to_approach_feeder,-0.771,771.156,853.097,26.785,89.186,-63.245,90.066,-53.72,-141.828,0.102,104.821,-180.339,0.015,-1.069,-0.117,-0.005,1.186,0.006,0.04,4.07,-2.78,0.01,-4.83,-0.09,-0.047,3.352,0.366,0.014,-3.718,-0.019,waypoint
2026-01-26 04:37:36.798,approach_feeder_to_pick,-0.788,778.732,851.327,26.745,89.187,-63.284,90.067,-53.825,-141.246,0.101,104.344,-180.34,0.013,-1.064,1.369,-0.007,-0.304,0.004,0.03,3.83,-2.93,-0.14,-4.84,-0.09,-0.044,2.51,6.214,0.001,-8.719,-0.023,
2026-01-26 04:37:36.900,approach_feeder_to_pick,-0.808,798.169,848.465,26.683,89.189,-63.344,90.066,-53.955,-139.813,0.098,103.043,-180.341,0.008,-1.124,4.609,-0.012,-3.481,-0.0,0.05,3.64,-3.06,-0.12,-4.94,-0.02,-0.05,2.001,14.096,-0.013,-16.084,-0.031,
2026-01-26 04:37:37.003,approach_feeder_to_pick,-0.826,816.331,846.169,26.632,89.191,-63.393,90.066,-54.077,-138.476,0.095,101.829,-180.342,0.005,-1.148,6.8,-0.016,-5.646,-0.003,0.07,3.5,-3.24,-0.08,-4.92,-0.04,-0.044,1.888,11.729,-0.01,-13.607,-0.027,
2026-01-26 04:37:37.104,approach_feeder_to_pick,-0.843,833.209,844.362,26.59,89.192,-63.433,90.066,-54.19,-137.234,0.093,100.701,-180.343,0.003,-1.144,8.204,-0.018,-7.053,-0.005,0.07,3.44,-3.34,-0.1,-4.85,0.01,-0.04,1.786,9.602,-0.007,-11.38,-0.024,
2026-01-26 04:37:37.206,approach_feeder_to_pick,-0.857,848.337,843.009,26.557,89.193,-63.464,90.065,-54.292,-136.121,0.091,99.691,-180.344,0.001,-1.111,8.935,-0.019,-7.815,-0.006,-0.08,3.24,-3.41,-0.18,-4.89,-0.04,-0.035,1.725,7.351,-0.004,-9.069,-0.02,
2026-01-26 04:37:37.307,approach_feeder_to_pick,-0.87,861.464,842.039,26.532,89.195,-63.488,90.065,-54.38,-135.156,0.089,98.815,-180.345,0.0,-1.054,9.115,-0.019,-8.053,-0.007,0.02,3.18,-3.42,-0.13,-4.93,-0.03,-0.031,1.687,5.143,-0.001,-6.826,-0.017,
2026-01-26 04:37:37.406,approach_feeder_to_pick,-0.881,873.266,841.328,26.513,89.196,-63.506,90.065,-54.459,-134.288,0.087,98.026,-180.346,-0.0,-0.988,9.007,-0.019,-8.011,-0.007,-0.07,3.17,-3.44,-0.13,-4.95,-0.07,-0.028,1.607,3.657,0.001,-5.26,-0.014,
2026-01-26 04:37:37.509,approach_feeder_to_pick,-0.892,883.877,840.82,26.498,89.196,-63.52,90.064,-54.53,-133.507,0.085,97.317,-180.347,-0.001,-0.919,8.707,-0.018,-7.78,-0.007,0.03,3.23,-3.49,-0.06,-4.91,-0.07,-0.025,1.526,2.417,0.003,-3.94,-0.012,
2026-01-26 04:37:37.610,approach_feeder_to_pick,-0.901,893.415,840.469,26.487,89.197,-63.53,90.064,-54.594,-132.805,0.084,96.68,-180.347,-0.001,-0.849,8.286,-0.017,-7.429,-0.007,-0.01,3.19,-3.48,-0.03,-4.89,-0.12,-0.022,1.445,1.389,0.004,-2.833,-0.01,
2026-01-26 04:37:37.713,approach_feeder_to_pick,-0.908,901.425,840.251,26.478,89.198,-63.538,90.064,-54.648,-132.215,0.083,96.144,-180.348,-0.001,-0.771,7.689,-0.016,-6.911,-0.007,-0.02,3.07,-3.58,-0.01,-4.89,-0.11,-0.02,1.403,0.129,0.006,-1.531,-0.008,
2026-01-26 04:37:37.813,approach_feeder_to_pick,-0.915,908.933,840.111,26.472,89.198,-63.543,90.064,-54.698,-131.661,0.082,95.642,-180.348,-0.001,-0.705,7.15,-0.015,-6.439,-0.006,-0.03,3.13,-3.64,-0.01,-4.88,-0.0,-0.018,1.296,-0.251,0.006,-1.045,-0.007,
2026-01-26 04:37:37.916,approach_feeder_to_pick,-0.921,915.245,840.041,26.467,89.199,-63.547,90.064,-54.741,-131.196,0.081,95.219,-180.349,-0.001,-0.634,6.526,-0.013,-5.886,-0.006,-0.0,3.23,-3.61,-0.02,-4.9,-0.02,-0.016,1.246,-1.105,0.007,-0.142,-0.005,
2026-01-26 04:37:38.016,approach_feeder_to_pick,-0.927,921.4,840.015,26.464,89.199,-63.55,90.064,-54.782,-130.742,0.08,94.807,-180.349,-0.001,-0.579,6.03,-0.012,-5.445,-0.005,0.0,3.1,-3.64,-0.08,-4.82,-0.04,-0.014,1.132,-1.108,0.007,-0.025,-0.005,
2026-01-26 04:37:38.118,approach_feeder_to_pick,-0.932,927.14,840.029,26.461,89.2,-63.552,90.064,-54.821,-130.318,0.079,94.422,-180.35,-0.001,-0.531,5.582,-0.011,-5.046,-0.005,-0.04,3.16,-3.65,-0.15,-4.89,-0.07,-0.012,1.046,-1.301,0.007,0.253,-0.004,
2026-01-26 04:37:38.220,approach_feeder_to_pick,-0.937,932.299,840.072,26.459,89.2,-63.553,90.063,-54.855,-129.937,0.078,94.076,-180.35,-0.001,-0.485,5.139,-0.01,-4.649,-0.005,-0.09,3.12,-3.75,-0.07,-4.94,-0.02,-0.011,0.981,-1.597,0.007,0.615,-0.003,
2026-01-26 04:37:38.321,approach_feeder_to_pick,-0.941,936.937,840.137,26.458,89.2,-63.553,90.063,-54.887,-129.595,0.078,93.765,-180.35,-0.001,-0.442,4.711,-0.009,-4.265,-0.004,0.02,3.07,-3.74,-0.03,-4.91,0.01,-0.01,0.918,-1.821,0.007,0.902,-0.003,
2026-01-26 04:37:38.422,approach_feeder_to_pick,-0.945,941.105,840.214,26.458,89.201,-63.554,90.063,-54.915,-129.286,0.077,93.485,-180.35,-0.001,-0.402,4.303,-0.009,-3.898,-0.004,0.01,3.18,-3.72,-0.04,-4.96,-0.07,-0.009,0.857,-1.984,0.007,1.125,-0.002,
2026-01-26 04:37:38.522,approach_feeder_to_pick,-0.949,944.852,840.301,26.458,89.201,-63.553,90.063,-54.94,-129.009,0.076,93.234,-180.351,-0.001,-0.364,3.92,-0.008,-3.553,-0.004,0.03,3.13,-3.6,-0.12,-4.9,-0.04,-0.008,0.8,-2.096,0.007,1.295,-0.002,
2026-01-26 04:37:38.626,approach_feeder_to_pick,-0.952,948.548,840.402,26.458,89.201,-63.553,90.063,-54.965,-128.736,0.076,92.985,-180.351,-0.001,-0.336,3.624,-0.007,-3.285,-0.003,0.07,3.09,-3.71,-0.09,-4.88,-0.05,-0.007,0.723,-1.923,0.006,1.198,-0.001,
2026-01-26 04:37:38.726,approach_feeder_to_pick,-0.955,951.542,840.494,26.458,89.202,-63.552,90.063,-54.985,-128.514,0.075,92.784,-180.351,-0.001,-0.302,3.272,-0.007,-2.967,-0.003,0.02,3.11,-3.69,-0.07,-4.78,-0.03,-0.006,0.698,-2.249,0.007,1.549,-0.001,
2026-01-26 04:37:38.827,approach_feeder_to_pick,-0.957,954.234,840.586,26.459,89.202,-63.551,90.063,-55.003,-128.315,0.075,92.603,-180.351,-0.001,-0.272,2.953,-0.006,-2.678,-0.003,-0.05,3.01,-3.63,-0.06,-4.9,-0.01,-0.005,0.649,-2.247,0.006,1.597,-0.0,
2026-01-26 04:37:38.928,approach_feeder_to_pick,-0.959,956.732,840.678,26.459,89.202,-63.55,90.063,-55.02,-128.13,0.075,92.435,-180.352,-0.001,-0.246,2.677,-0.005,-2.429,-0.002,-0.16,3.08,-3.65,0.04,-4.94,-0.05,-0.005,0.597,-2.165,0.006,1.566,-0.0,
2026-01-26 04:37:39.030,approach_feeder_to_pick,-0.962,959.111,840.773,26.46,89.202,-63.549,90.063,-55.036,-127.953,0.074,92.275,-180.352,-0.001,-0.225,2.449,-0.005,-2.222,-0.002,0.02,3.04,-3.69,-0.08,-4.9,-0.08,-0.004,0.545,-2.037,0.006,1.49,-0.0,
2026-01-26 04:37:39.130,approach_feeder_to_pick,-0.963,961.038,840.854,26.46,89.202,-63.548,90.063,-55.049,-127.81,0.074,92.145,-180.352,-0.001,-0.201,2.194,-0.004,-1.991,-0.002,0.05,3.11,-3.71,-0.08,-4.8,-0.05,-0.004,0.521,-2.167,0.006,1.644,0.0,
2026-01-26 04:37:39.232,approach_feeder_to_pick,-0.965,962.828,840.933,26.461,89.202,-63.547,90.063,-55.061,-127.678,0.074,92.025,-180.352,-0.001,-0.181,1.977,-0.004,-1.794,-0.002,-0.08,3.12,-3.65,-0.11,-4.86,-0.03,-0.003,0.478,-2.052,0.005,1.572,0.0,
2026-01-26 04:37:39.334,approach_feeder_to_pick,-0.966,964.38,841.004,26.462,89.202,-63.547,90.063,-55.072,-127.563,0.073,91.92,-180.352,-0.001,-0.162,1.771,-0.004,-1.607,-0.002,-0.06,3.22,-3.73,-0.03,-4.84,-0.03,-0.003,0.446,-2.023,0.005,1.574,0.0,
2026-01-26 04:37:39.436,approach_feeder_to_pick,-0.968,965.821,841.073,26.462,89.203,-63.546,90.063,-55.082,-127.456,0.073,91.823,-180.352,-0.0,-0.146,1.595,-0.003,-1.448,-0.001,0.02,3.27,-3.72,-0.0,-4.91,0.07,-0.003,0.409,-1.903,0.005,1.492,0.0,
2026-01-26 04:37:39.538,approach_feeder_to_pick,-0.969,967.112,841.137,26.463,89.203,-63.545,90.063,-55.09,-127.36,0.073,91.736,-180.352,-0.0,-0.131,1.436,-0.003,-1.303,-0.001,-0.03,3.17,-3.79,-0.03,-4.82,-0.09,-0.002,0.378,-1.823,0.005,1.443,0.0,waypoint
2026-01-26 04:37:39.639,pick_on_feeder,-0.97,968.268,841.195,26.464,89.203,-63.544,90.063,-55.098,-127.274,0.073,91.658,-180.352,-0.0,-0.118,1.291,-0.003,-1.172,-0.001,-0.06,3.07,-3.74,-0.04,-4.83,-0.17,-0.002,0.35,-1.741,0.004,1.39,0.001,
2026-01-26 04:37:39.739,pick_on_feeder,-0.971,969.337,841.25,26.464,89.203,-63.544,90.063,-55.105,-127.195,0.073,91.586,-180.352,-0.0,-0.107,1.167,-0.002,-1.059,-0.001,-0.05,3.15,-3.79,-0.08,-4.88,-0.04,-0.002,0.321,-1.632,0.004,1.31,0.001,
2026-01-26 04:37:39.842,pick_on_feeder,-0.972,970.291,841.301,26.465,89.203,-63.543,90.063,-55.112,-127.124,0.073,91.522,-180.352,-0.0,-0.096,1.052,-0.002,-0.955,-0.001,0.01,3.1,-3.7,-0.11,-4.85,-0.1,-0.002,0.296,-1.554,0.004,1.256,0.001,
2026-01-26 04:37:39.946,pick_on_feeder,-0.972,971.142,841.347,26.465,89.203,-63.542,90.063,-55.118,-127.061,0.072,91.464,-180.352,-0.0,-0.086,0.947,-0.002,-0.86,-0.001,-0.01,3.12,-3.78,-0.03,-4.86,-0.05,-0.001,0.274,-1.474,0.004,1.199,0.001,
2026-01-26 04:37:40.046,pick_on_feeder,-0.973,971.902,841.389,26.466,89.203,-63.542,90.063,-55.123,-127.004,0.072,91.413,-180.353,-0.0,-0.078,0.852,-0.002,-0.773,-0.001,0.07,3.23,-3.66,-0.16,-4.86,-0.06,-0.001,0.252,-1.395,0.003,1.141,0.001,
2026-01-26 04:37:40.148,pick_on_feeder,-0.974,972.539,841.424,26.466,89.203,-63.541,90.063,-55.127,-126.957,0.072,91.37,-180.353,-0.0,-0.069,0.757,-0.002,-0.687,-0.001,0.02,3.19,-3.69,0.08,-4.87,-0.04,-0.001,0.236,-1.347,0.003,1.11,0.001,
2026-01-26 04:37:40.250,pick_on_feeder,-0.974,973.13,841.457,26.467,89.203,-63.541,90.063,-55.131,-126.913,0.072,91.33,-180.353,-0.0,-0.062,0.678,-0.001,-0.615,-0.001,0.09,3.1,-3.74,0.08,-4.8,-0.05,-0.001,0.215,-1.246,0.003,1.029,0.001,
2026-01-26 04:37:40.353,pick_on_feeder,-0.975,973.66,841.488,26.467,89.203,-63.54,90.063,-55.135,-126.874,0.072,91.295,-180.353,-0.0,-0.055,0.607,-0.001,-0.551,-0.001,0.01,3.12,-3.82,-0.01,-4.85,-0.14,-0.001,0.198,-1.167,0.003,0.968,0.001,
2026-01-26 04:37:40.455,pick_on_feeder,-0.975,974.135,841.515,26.467,89.203,-63.54,90.063,-55.138,-126.838,0.072,91.262,-180.353,-0.0,-0.05,0.543,-0.001,-0.493,-0.0,0.11,3.11,-3.74,-0.01,-4.78,-0.02,-0.001,0.182,-1.091,0.003,0.908,0.001,
2026-01-26 04:37:40.555,pick_on_feeder,-0.975,974.533,841.538,26.468,89.203,-63.54,90.063,-55.141,-126.809,0.072,91.236,-180.353,-0.0,-0.044,0.481,-0.001,-0.437,-0.0,0.07,3.1,-3.73,0.04,-4.78,-0.01,-0.001,0.169,-1.039,0.002,0.869,0.001,
2026-01-26 04:37:40.656,pick_on_feeder,-0.976,974.917,841.56,26.468,89.203,-63.539,90.063,-55.143,-126.78,0.072,91.21,-180.353,-0.0,-0.039,0.432,-0.001,-0.392,-0.0,0.05,3.13,-3.8,-0.05,-4.82,-0.03,-0.001,0.153,-0.946,0.002,0.792,0.0,
2026-01-26 04:37:40.759,pick_on_feeder,-0.976,975.25,841.58,26.468,89.203,-63.539,90.062,-55.145,-126.756,0.072,91.187,-180.353,-0.0,-0.035,0.386,-0.001,-0.351,-0.0,-0.02,3.12,-3.82,-0.03,-4.86,-0.01,-0.001,0.141,-0.889,0.002,0.747,0.0,
2026-01-26 04:37:40.861,pick_on_feeder,-0.976,975.559,841.598,26.468,89.203,-63.539,90.062,-55.147,-126.733,0.072,91.166,-180.353,-0.0,-0.032,0.347,-0.001,-0.315,-0.0,-0.01,3.13,-3.7,-0.01,-4.81,0.02,-0.001,0.128,-0.817,0.002,0.688,0.0,
2026-01-26 04:37:40.962,pick_on_feeder,-0.977,975.819,841.614,26.468,89.203,-63.539,90.062,-55.149,-126.713,0.072,91.149,-180.353,-0.0,-0.028,0.308,-0.001,-0.28,-0.0,-0.03,3.13,-3.73,0.04,-4.85,-0.06,-0.0,0.119,-0.773,0.002,0.653,0.0,
2026-01-26 04:37:41.064,pick_on_feeder,-0.977,976.061,841.628,26.469,89.203,-63.538,90.062,-55.151,-126.695,0.072,91.133,-180.353,-0.0,-0.025,0.276,-0.001,-0.251,-0.0,-0.01,3.12,-3.78,0.07,-4.88,-0.06,-0.0,0.108,-0.708,0.002,0.599,0.0,
2026-01-26 04:37:41.168,pick_on_feeder,-0.977,976.286,841.642,26.469,89.203,-63.538,90.062,-55.152,-126.679,0.072,91.117,-180.353,-0.0,-0.023,0.249,-0.0,-0.226,-0.0,-0.05,3.04,-3.81,-0.12,-4.84,-0.02,-0.0,0.099,-0.65,0.001,0.551,0.0,
2026-01-26 04:37:41.268,pick_on_feeder,-0.977,976.481,841.654,26.469,89.203,-63.538,90.062,-55.154,-126.664,0.072,91.104,-180.353,-0.0,-0.02,0.223,-0.0,-0.203,-0.0,-0.06,3.26,-3.74,0.0,-4.83,-0.14,-0.0,0.091,-0.607,0.001,0.516,0.0,
2026-01-26 04:37:41.373,pick_on_feeder,-0.977,976.657,841.664,26.469,89.203,-63.538,90.062,-55.155,-126.651,0.072,91.092,-180.353,-0.0,-0.018,0.2,-0.0,-0.182,-0.0,-0.06,3.16,-3.74,0.01,-4.93,-0.04,-0.0,0.083,-0.561,0.001,0.478,0.0,
2026-01-26 04:37:41.474,pick_on_feeder,-0.977,976.814,841.674,26.469,89.203,-63.538,90.062,-55.156,-126.639,0.072,91.082,-180.353,-0.0,-0.016,0.179,-0.0,-0.163,-0.0,-0.01,3.26,-3.81,0.04,-4.88,-0.09,-0.0,0.076,-0.518,0.001,0.442,0.0,
2026-01-26 04:37:41.577,pick_on_feeder,-0.978,976.961,841.683,26.469,89.203,-63.538,90.062,-55.157,-126.628,0.072,91.072,-180.353,-0.0,-0.015,0.162,-0.0,-0.147,-0.0,-0.01,3.18,-3.73,-0.08,-4.83,0.0,-0.0,0.069,-0.475,0.001,0.405,0.0,
2026-01-26 04:37:41.680,pick_on_feeder,-0.978,977.092,841.691,26.469,89.203,-63.537,90.062,-55.158,-126.619,0.072,91.063,-180.353,-0.0,-0.013,0.146,-0.0,-0.132,-0.0,-0.0,3.04,-3.74,-0.05,-4.92,-0.08,-0.0,0.063,-0.439,0.001,0.375,0.0,
2026-01-26 04:37:41.780,pick_on_feeder,-0.978,977.21,841.698,26.469,89.203,-63.537,90.062,-55.159,-126.61,0.072,91.055,-180.353,-0.0,-0.012,0.131,-0.0,-0.119,-0.0,0.08,3.14,-3.75,-0.05,-4.81,-0.11,-0.0,0.058,-0.405,0.001,0.347,0.0,
2026-01-26 04:37:41.988,pick_on_feeder,-0.978,977.413,841.71,26.47,89.203,-63.537,90.062,-55.16,-126.595,0.072,91.041,-180.353,-0.0,-0.01,0.106,-0.0,-0.097,-0.0,0.0,3.17,-3.71,-0.02,-4.85,-0.02,-0.0,0.048,-0.345,0.001,0.296,0.0,
2026-01-26 04:37:42.091,pick_on_feeder,-0.978,977.497,841.716,26.47,89.203,-63.537,90.062,-55.161,-126.589,0.071,91.036,-180.353,-0.0,-0.009,0.095,-0.0,-0.087,-0.0,-0.05,3.14,-3.74,0.01,-4.93,0.04,-0.0,0.044,-0.318,0.001,0.273,0.0,
2026-01-26 04:37:42.295,pick_on_feeder,-0.978,977.603,841.722,26.47,89.203,-63.537,90.062,-55.161,-126.581,0.071,91.028,-180.353,-0.0,-0.006,0.071,-0.0,-0.064,-0.0,-0.04,3.12,-3.73,-0.04,-4.88,-0.15,-0.0,0.038,-0.283,0.001,0.245,0.0,
2026-01-26 04:37:42.396,pick_on_feeder,-0.978,977.659,841.726,26.47,89.203,-63.537,90.062,-55.162,-126.576,0.071,91.025,-180.353,-0.0,-0.006,0.063,-0.0,-0.058,-0.0,-0.03,3.07,-3.75,0.04,-4.82,-0.05,-0.0,0.034,-0.248,0.001,0.214,0.0,
2026-01-26 04:37:42.599,pick_on_feeder,-0.978,977.769,841.732,26.47,89.203,-63.537,90.062,-55.162,-126.568,0.071,91.017,-180.353,-0.0,-0.005,0.053,-0.0,-0.048,-0.0,0.02,3.13,-3.78,-0.05,-4.91,-0.0,-0.0,0.028,-0.205,0.0,0.177,0.0,
2026-01-26 04:37:42.700,pick_on_feeder,-0.978,977.812,841.735,26.47,89.203,-63.537,90.062,-55.163,-126.565,0.071,91.014,-180.353,-0.0,-0.004,0.048,-0.0,-0.044,-0.0,0.03,3.17,-3.88,0.01,-4.9,0.03,-0.0,0.025,-0.191,0.0,0.165,0.0,
2026-01-26 04:37:42.902,pick_on_feeder,-0.978,977.888,841.74,26.47,89.203,-63.537,90.062,-55.163,-126.559,0.071,91.009,-180.353,-0.0,-0.004,0.039,-0.0,-0.036,-0.0,0.03,3.12,-3.84,-0.04,-4.87,-0.14,-0.0,0.021,-0.158,0.0,0.137,0.0,
2026-01-26 04:37:43.103,pick_on_feeder,-0.978,977.952,841.744,26.47,89.203,-63.537,90.062,-55.164,-126.555,0.071,91.005,-180.353,-0.0,-0.003,0.032,-0.0,-0.03,-0.0,-0.03,3.08,-3.75,-0.04,-4.85,-0.1,-0.0,0.017,-0.133,0.0,0.115,0.0,
2026-01-26 04:37:43.206,pick_to_retreat_feeder,-1.117,981.944,864.916,26.618,89.201,-63.389,90.071,-53.305,-127.086,0.08,89.676,-180.357,0.021,4.646,-1.304,0.022,-3.344,-0.011,-0.01,2.65,-3.92,0.02,-4.75,0.03,0.085,18.609,-5.456,0.089,-13.165,-0.045,
2026-01-26 04:37:43.307,pick_to_retreat_feeder,-1.27,985.492,890.309,26.746,89.199,-63.261,90.08,-51.262,-127.67,0.09,88.216,-180.362,0.039,8.59,-2.439,0.041,-6.157,-0.021,0.0,2.41,-3.97,0.0,-4.71,0.0,0.085,18.58,-5.439,0.089,-13.154,-0.044,
2026-01-26 04:37:43.411,pick_to_retreat_feeder,-1.402,987.87,912.265,26.831,89.197,-63.176,90.088,-49.49,-128.177,0.099,86.95,-180.367,0.05,10.873,-3.096,0.052,-7.784,-0.026,-0.08,2.22,-4.12,0.01,-4.61,0.05,0.064,14.02,-4.122,0.067,-9.908,-0.034,
2026-01-26 04:37:43.512,pick_to_retreat_feeder,-1.517,989.414,931.29,26.886,89.195,-63.122,90.095,-47.949,-128.618,0.106,85.848,-180.37,0.055,12.008,-3.424,0.057,-8.592,-0.029,-0.08,1.92,-4.23,-0.03,-4.7,0.0,0.047,10.312,-3.05,0.049,-7.269,-0.025,
2026-01-26 04:37:43.615,pick_to_retreat_feeder,-1.624,990.42,948.97,26.921,89.194,-63.088,90.102,-46.51,-129.03,0.113,84.821,-180.374,0.057,12.602,-3.597,0.06,-9.014,-0.03,-0.12,1.63,-4.34,0.08,-4.7,-0.03,0.038,8.25,-2.45,0.04,-5.805,-0.02,
2026-01-26 04:37:43.715,pick_to_retreat_feeder,-1.72,990.968,964.8,26.939,89.193,-63.07,90.108,-45.217,-129.4,0.119,83.896,-180.377,0.058,12.686,-3.623,0.061,-9.071,-0.03,-0.04,1.5,-4.34,0.05,-4.7,-0.06,0.027,5.977,-1.791,0.029,-4.19,-0.014,
2026-01-26 04:37:43.816,pick_to_retreat_feeder,-1.803,991.173,978.511,26.944,89.192,-63.064,90.113,-44.091,-129.721,0.124,83.092,-180.38,0.056,12.327,-3.522,0.059,-8.814,-0.03,-0.05,1.25,-4.47,0.07,-4.67,-0.06,0.017,3.695,-1.13,0.018,-2.568,-0.009,
2026-01-26 04:37:43.918,pick_to_retreat_feeder,-1.88,991.137,991.251,26.941,89.191,-63.067,90.118,-43.041,-130.022,0.129,82.342,-180.382,0.054,11.871,-3.392,0.057,-8.486,-0.029,-0.16,1.09,-4.6,-0.01,-4.63,-0.11,0.012,2.574,-0.802,0.012,-1.773,-0.006,
2026-01-26 04:37:44.020,pick_to_retreat_feeder,-1.944,990.94,1001.913,26.932,89.191,-63.076,90.122,-42.159,-130.274,0.134,81.711,-180.384,0.051,11.109,-3.175,0.053,-7.941,-0.027,-0.03,0.99,-4.6,0.02,-4.68,-0.1,0.003,0.639,-0.242,0.003,-0.398,-0.001,
2026-01-26 04:37:44.124,pick_to_retreat_feeder,-2.008,990.59,1012.546,26.918,89.19,-63.09,90.126,-41.276,-130.527,0.138,81.08,-180.386,0.048,10.54,-3.013,0.05,-7.534,-0.025,0.02,0.89,-4.65,0.01,-4.72,-0.03,0.003,0.585,-0.221,0.003,-0.365,-0.001,
2026-01-26 04:37:44.226,pick_to_retreat_feeder,-2.063,990.164,1021.737,26.9,89.19,-63.108,90.129,-40.509,-130.746,0.141,80.532,-180.388,0.045,9.821,-2.808,0.047,-7.02,-0.024,-0.12,0.73,-4.71,0.09,-4.81,-0.05,-0.003,-0.642,0.136,-0.003,0.507,0.002,
2026-01-26 04:37:44.326,pick_to_retreat_feeder,-2.113,989.684,1029.972,26.881,89.189,-63.126,90.132,-39.82,-130.943,0.145,80.04,-180.39,0.041,9.089,-2.599,0.043,-6.496,-0.022,-0.02,0.72,-4.6,0.1,-4.7,-0.08,-0.006,-1.349,0.343,-0.006,1.007,0.003,
2026-01-26 04:37:44.429,pick_to_retreat_feeder,-2.159,989.156,1037.594,26.861,89.189,-63.147,90.135,-39.18,-131.126,0.148,79.582,-180.391,0.038,8.417,-2.407,0.04,-6.016,-0.02,-0.06,0.61,-4.68,0.15,-4.77,-0.03,-0.008,-1.706,0.449,-0.008,1.258,0.004,
2026-01-26 04:37:44.529,pick_to_retreat_feeder,-2.199,988.618,1044.402,26.84,89.189,-63.168,90.138,-38.606,-131.29,0.151,79.172,-180.393,0.035,7.746,-2.215,0.037,-5.536,-0.019,-0.05,0.49,-4.78,0.12,-4.7,-0.04,-0.01,-2.201,0.595,-0.01,1.608,0.005,
2026-01-26 04:37:44.631,pick_to_retreat_feeder,-2.236,988.082,1050.483,26.819,89.188,-63.189,90.14,-38.092,-131.437,0.153,78.805,-180.394,0.032,7.095,-2.029,0.034,-5.07,-0.017,-0.05,0.42,-4.73,0.07,-4.68,-0.03,-0.012,-2.578,0.706,-0.012,1.873,0.006,
2026-01-26 04:37:44.732,pick_to_retreat_feeder,-2.268,987.559,1055.917,26.799,89.188,-63.209,90.142,-37.632,-131.569,0.155,78.476,-180.395,0.03,6.472,-1.851,0.031,-4.625,-0.016,-0.09,0.31,-4.67,0.16,-4.62,0.13,-0.013,-2.854,0.788,-0.014,2.068,0.007,
2026-01-26 04:37:44.835,pick_to_retreat_feeder,-2.296,987.074,1060.621,26.78,89.188,-63.228,90.144,-37.233,-131.683,0.157,78.191,-180.396,0.027,5.853,-1.674,0.028,-4.183,-0.014,-0.11,0.33,-4.77,0.1,-4.73,-0.02,-0.015,-3.178,0.884,-0.015,2.297,0.008,
2026-01-26 04:37:44.936,pick_to_retreat_feeder,-2.317,986.705,1064.005,26.766,89.188,-63.242,90.146,-36.944,-131.766,0.158,77.985,-180.397,0.023,5.11,-1.461,0.024,-3.652,-0.012,-0.08,0.2,-4.86,0.13,-4.75,0.02,-0.018,-3.975,1.114,-0.019,2.863,0.01,
2026-01-26 04:37:45.039,pick_to_retreat_feeder,-2.338,986.293,1067.625,26.75,89.188,-63.257,90.147,-36.636,-131.854,0.16,77.764,-180.397,0.021,4.604,-1.317,0.022,-3.29,-0.011,-0.11,0.24,-4.79,0.11,-4.77,-0.05,-0.015,-3.372,0.944,-0.016,2.43,0.008,
2026-01-26 04:37:45.139,pick_to_retreat_feeder,-2.359,985.877,1071.127,26.734,89.188,-63.273,90.148,-36.337,-131.94,0.161,77.55,-180.398,0.019,4.201,-1.202,0.02,-3.002,-0.01,0.07,0.23,-4.85,0.18,-4.75,-0.01,-0.014,-3.129,0.876,-0.015,2.254,0.008,
2026-01-26 04:37:45.240,pick_to_retreat_feeder,-2.378,985.488,1074.272,26.719,89.188,-63.288,90.15,-36.068,-132.016,0.163,77.358,-180.399,0.017,3.823,-1.094,0.018,-2.732,-0.009,0.07,0.04,-4.81,0.14,-4.84,-0.13,-0.014,-3.117,0.875,-0.015,2.244,0.008,
2026-01-26 04:37:45.343,pick_to_retreat_feeder,-2.395,985.115,1077.187,26.704,89.188,-63.303,90.151,-35.818,-132.088,0.164,77.179,-180.399,0.016,3.492,-0.999,0.017,-2.496,-0.008,-0.06,0.12,-4.9,0.12,-4.86,-0.08,-0.014,-2.997,0.842,-0.014,2.157,0.007,
2026-01-26 04:37:45.447,pick_to_retreat_feeder,-2.41,984.793,1079.63,26.692,89.187,-63.315,90.152,-35.608,-132.148,0.165,77.03,-180.4,0.014,3.143,-0.899,0.015,-2.246,-0.008,-0.1,0.09,-4.89,0.11,-4.82,-0.07,-0.014,-3.099,0.873,-0.015,2.228,0.007,
2026-01-26 04:37:45.549,pick_to_retreat_feeder,-2.423,984.475,1081.982,26.68,89.187,-63.327,90.153,-35.406,-132.206,0.166,76.885,-180.4,0.013,2.863,-0.819,0.014,-2.046,-0.007,-0.0,-0.03,-4.76,0.06,-4.86,-0.09,-0.013,-2.866,0.808,-0.014,2.06,0.007,
2026-01-26 04:37:45.652,pick_to_retreat_feeder,-2.436,984.193,1084.019,26.669,89.187,-63.338,90.153,-35.231,-132.256,0.167,76.76,-180.401,0.012,2.585,-0.74,0.012,-1.848,-0.006,-0.01,0.01,-4.8,0.07,-4.77,0.04,-0.013,-2.846,0.803,-0.014,2.045,0.007,
2026-01-26 04:37:45.755,pick_to_retreat_feeder,-2.445,983.961,1085.67,26.66,89.187,-63.347,90.154,-35.088,-132.297,0.167,76.658,-180.401,0.01,2.294,-0.656,0.011,-1.64,-0.006,0.06,-0.12,-4.8,0.19,-4.79,-0.0,-0.013,-2.894,0.818,-0.014,2.078,0.007,
2026-01-26 04:37:45.854,pick_to_retreat_feeder,-2.455,983.722,1087.333,26.651,89.187,-63.356,90.155,-34.945,-132.338,0.168,76.556,-180.402,0.009,2.079,-0.595,0.01,-1.486,-0.005,0.01,-0.06,-4.88,0.14,-4.84,0.06,-0.012,-2.592,0.733,-0.012,1.861,0.006,
2026-01-26 04:37:45.956,pick_to_retreat_feeder,-2.465,983.49,1088.924,26.642,89.187,-63.364,90.155,-34.808,-132.377,0.169,76.458,-180.402,0.009,1.903,-0.544,0.009,-1.36,-0.005,0.02,-0.05,-4.77,0.16,-4.77,-0.12,-0.011,-2.393,0.677,-0.011,1.718,0.006,
2026-01-26 04:37:46.058,pick_to_retreat_feeder,-2.473,983.274,1090.387,26.634,89.187,-63.373,90.156,-34.681,-132.413,0.169,76.367,-180.402,0.008,1.743,-0.499,0.008,-1.246,-0.004,-0.02,-0.14,-4.88,0.16,-4.85,-0.06,-0.01,-2.264,0.64,-0.011,1.625,0.005,
2026-01-26 04:37:46.159,pick_to_retreat_feeder,-2.481,983.085,1091.648,26.626,89.187,-63.38,90.156,-34.572,-132.444,0.17,76.29,-180.402,0.007,1.58,-0.452,0.008,-1.129,-0.004,-0.08,-0.07,-4.85,0.19,-4.92,-0.06,-0.01,-2.21,0.626,-0.011,1.586,0.005,
2026-01-26 04:37:46.262,pick_to_retreat_feeder,-2.487,982.914,1092.774,26.62,89.187,-63.386,90.157,-34.475,-132.472,0.17,76.22,-180.403,0.007,1.428,-0.409,0.007,-1.021,-0.003,0.04,-0.09,-4.84,0.11,-4.85,-0.11,-0.01,-2.106,0.597,-0.01,1.511,0.005,waypoint
2026-01-26 04:37:46.363,pick_to_retreat_feeder,-2.842,982.568,1138.896,29.022,89.17,-61.021,90.182,-30.75,-132.952,0.238,72.976,-180.47,0.068,10.383,-1.506,0.175,-8.876,-0.17,-0.07,-1.23,-5.24,0.16,-4.62,-0.03,0.239,34.38,-3.985,0.665,-30.385,-0.662,
2026-01-26 04:37:46.464,pick_to_retreat_feeder,-3.315,977.666,1200.995,31.509,89.15,-58.58,90.216,-25.676,-133.599,0.331,68.55,-180.562,0.137,20.472,-2.747,0.364,-17.721,-0.358,-0.05,-2.27,-5.59,0.21,-4.44,-0.03,0.307,44.429,-5.254,0.851,-39.163,-0.847,
2026-01-26 04:37:46.566,pick_to_retreat_feeder,-3.725,968.87,1255.967,33.043,89.136,-57.081,90.247,-21.097,-134.183,0.415,64.556,-180.645,0.18,26.802,-3.52,0.483,-23.277,-0.476,-0.15,-3.11,-5.87,0.25,-4.29,-0.01,0.243,35.044,-4.099,0.675,-30.936,-0.673,
2026-01-26 04:37:46.668,pick_to_retreat_feeder,-4.066,957.92,1302.816,33.904,89.128,-56.246,90.274,-17.104,-134.692,0.488,61.073,-180.717,0.203,30.084,-3.912,0.545,-26.165,-0.538,-0.17,-3.87,-6.22,0.24,-4.33,0.04,0.179,25.675,-2.941,0.5,-22.726,-0.499,
2026-01-26 04:37:46.773,pick_to_retreat_feeder,-4.399,943.514,1349.922,34.379,89.124,-55.791,90.302,-12.981,-135.217,0.564,57.476,-180.792,0.222,32.871,-4.248,0.598,-28.616,-0.591,-0.15,-4.65,-6.45,0.25,-4.28,0.04,0.17,24.411,-2.813,0.474,-21.591,-0.473,
2026-01-26 04:37:46.875,pick_to_retreat_feeder,-4.643,930.112,1385.779,34.487,89.123,-55.694,90.324,-9.752,-135.629,0.623,54.659,-180.851,0.221,32.726,-4.215,0.597,-28.504,-0.589,-0.23,-5.29,-6.71,0.3,-4.23,-0.07,0.092,13.029,-1.392,0.262,-11.632,-0.263,
2026-01-26 04:37:46.976,pick_to_retreat_feeder,-4.873,914.9,1420.664,34.38,89.125,-55.807,90.346,-6.519,-136.041,0.683,51.839,-180.909,0.221,32.627,-4.192,0.596,-28.428,-0.589,-0.17,-5.96,-6.9,0.29,-4.2,-0.03,0.083,11.763,-1.258,0.237,-10.501,-0.238,
2026-01-26 04:37:47.078,pick_to_retreat_feeder,-5.07,899.305,1451.928,34.105,89.128,-56.084,90.366,-3.531,-136.422,0.737,49.233,-180.963,0.216,31.94,-4.096,0.584,-27.837,-0.577,-0.28,-6.55,-7.11,0.35,-4.18,-0.08,0.058,8.137,-0.819,0.168,-7.314,-0.17,
2026-01-26 04:37:47.181,pick_to_retreat_feeder,-5.228,884.662,1478.174,33.738,89.132,-56.449,90.384,-0.945,-136.752,0.785,46.977,-181.01,0.206,30.42,-3.896,0.556,-26.517,-0.55,-0.11,-6.94,-7.22,0.43,-4.26,-0.04,0.025,3.304,-0.225,0.078,-3.077,-0.08,
2026-01-26 04:37:47.282,pick_to_retreat_feeder,-5.36,870.673,1501.016,33.315,89.137,-56.867,90.4,1.372,-137.047,0.827,44.956,-181.052,0.194,28.608,-3.661,0.524,-24.941,-0.518,-0.19,-7.38,-7.31,0.44,-4.31,0.02,0.004,0.284,0.14,0.02,-0.424,-0.023,
2026-01-26 04:37:47.384,pick_to_retreat_feeder,-5.47,857.466,1520.916,32.864,89.141,-57.311,90.414,3.448,-137.312,0.866,43.145,-181.09,0.18,26.646,-3.407,0.488,-23.233,-0.482,-0.17,-7.83,-7.42,0.53,-4.36,-0.06,-0.012,-2.154,0.433,-0.026,1.721,0.023,
2026-01-26 04:37:47.487,pick_to_retreat_feeder,-5.561,845.112,1538.275,32.405,89.146,-57.762,90.426,5.309,-137.549,0.9,41.522,-181.124,0.167,24.635,-3.148,0.451,-21.481,-0.446,-0.21,-8.22,-7.49,0.44,-4.42,-0.03,-0.026,-4.097,0.665,-0.063,3.432,0.06,
2026-01-26 04:37:47.589,pick_to_retreat_feeder,-5.637,833.637,1553.438,31.953,89.15,-58.206,90.438,6.975,-137.761,0.93,40.068,-181.154,0.153,22.643,-2.892,0.415,-19.746,-0.41,-0.23,-8.54,-7.71,0.59,-4.46,0.0,-0.036,-5.622,0.845,-0.092,4.776,0.089,
2026-01-26 04:37:47.692,pick_to_retreat_feeder,-5.699,823.381,1566.289,31.53,89.154,-58.619,90.448,8.422,-137.946,0.957,38.807,-181.18,0.14,20.598,-2.63,0.378,-17.963,-0.373,-0.14,-8.8,-7.73,0.49,-4.54,-0.05,-0.048,-7.265,1.042,-0.123,6.222,0.12,
2026-01-26 04:37:47.793,pick_to_retreat_feeder,-5.75,813.926,1577.598,31.127,89.158,-59.013,90.456,9.722,-138.112,0.981,37.672,-181.204,0.127,18.7,-2.387,0.343,-16.309,-0.339,-0.18,-9.09,-7.81,0.59,-4.56,-0.07,-0.053,-7.995,1.123,-0.138,6.87,0.135,
2026-01-26 04:37:47.895,pick_to_retreat_feeder,-5.795,804.955,1587.886,30.736,89.162,-59.395,90.465,10.93,-138.266,1.003,36.619,-181.226,0.116,17.045,-2.175,0.312,-14.866,-0.309,-0.12,-9.38,-7.91,0.5,-4.69,-0.09,-0.054,-8.124,1.129,-0.141,6.993,0.138,
2026-01-26 04:37:47.998,pick_to_retreat_feeder,-5.835,796.245,1597.488,30.347,89.165,-59.774,90.472,12.08,-138.412,1.024,35.615,-181.247,0.106,15.659,-1.998,0.287,-13.657,-0.284,-0.16,-9.52,-7.88,0.48,-4.57,-0.04,-0.052,-7.887,1.09,-0.137,6.796,0.135,
2026-01-26 04:37:48.100,pick_to_retreat_feeder,-5.865,789.307,1604.881,30.032,89.168,-60.081,90.478,12.982,-138.527,1.04,34.829,-181.263,0.095,13.998,-1.786,0.257,-12.209,-0.254,-0.07,-9.72,-7.89,0.57,-4.7,-0.09,-0.064,-9.584,1.298,-0.169,8.284,0.166,
2026-01-26 04:37:48.202,pick_to_retreat_feeder,-5.887,783.834,1610.559,29.782,89.17,-60.325,90.483,13.685,-138.617,1.053,34.216,-181.276,0.083,12.255,-1.563,0.225,-10.689,-0.222,-0.2,-9.92,-7.92,0.52,-4.61,-0.05,-0.071,-10.616,1.422,-0.189,9.192,0.186,
2026-01-26 04:37:48.303,pick_to_retreat_feeder,-5.91,777.567,1616.902,29.492,89.173,-60.607,90.489,14.48,-138.718,1.068,33.522,-181.29,0.076,11.181,-1.426,0.205,-9.752,-0.203,-0.08,-9.98,-7.9,0.52,-4.78,0.03,-0.058,-8.623,1.161,-0.153,7.46,0.15,
2026-01-26 04:37:48.404,pick_to_retreat_feeder,-5.93,771.89,1622.504,29.227,89.175,-60.864,90.493,15.193,-138.809,1.081,32.9,-181.303,0.069,10.168,-1.297,0.186,-8.869,-0.184,-0.06,-10.12,-8.09,0.47,-4.7,0.07,-0.057,-8.588,1.15,-0.153,7.436,0.15,
2026-01-26 04:37:48.504,pick_to_retreat_feeder,-5.946,767.083,1627.147,29.001,89.177,-61.083,90.497,15.792,-138.885,1.092,32.378,-181.314,0.062,9.122,-1.163,0.167,-7.957,-0.165,-0.09,-10.25,-8.02,0.46,-4.71,-0.09,-0.059,-8.875,1.181,-0.159,7.692,0.156,
2026-01-26 04:37:48.605,pick_to_retreat_feeder,-5.961,762.413,1631.57,28.781,89.179,-61.297,90.501,16.369,-138.959,1.103,31.875,-181.324,0.056,8.283,-1.056,0.152,-7.225,-0.15,-0.11,-10.31,-7.96,0.61,-4.73,0.06,-0.055,-8.206,1.091,-0.147,7.113,0.144,
2026-01-26 04:37:48.707,pick_to_retreat_feeder,-5.973,758.332,1635.366,28.588,89.18,-61.485,90.505,16.869,-139.023,1.112,31.438,-181.334,0.051,7.463,-0.952,0.137,-6.51,-0.135,-0.11,-10.34,-8.14,0.6,-4.75,-0.06,-0.055,-8.148,1.079,-0.146,7.067,0.144,
2026-01-26 04:37:48.809,pick_to_retreat_feeder,-5.983,754.519,1638.857,28.407,89.182,-61.661,90.508,17.334,-139.082,1.12,31.033,-181.342,0.046,6.759,-0.862,0.124,-5.896,-0.123,-0.07,-10.41,-8.03,0.58,-4.78,0.06,-0.052,-7.69,1.017,-0.138,6.672,0.136,
2026-01-26 04:37:48.910,pick_to_retreat_feeder,-5.992,751.192,1641.859,28.248,89.183,-61.814,90.511,17.737,-139.133,1.128,30.681,-181.349,0.041,6.077,-0.775,0.111,-5.301,-0.11,-0.1,-10.53,-7.99,0.53,-4.81,-0.14,-0.051,-7.536,0.993,-0.135,6.541,0.133,
2026-01-26 04:37:49.014,pick_to_retreat_feeder,-5.999,748.482,1644.275,28.119,89.184,-61.94,90.513,18.064,-139.175,1.134,30.396,-181.355,0.036,5.375,-0.685,0.099,-4.688,-0.097,-0.08,-10.67,-8.05,0.6,-4.79,-0.05,-0.051,-7.546,0.991,-0.136,6.553,0.134,
2026-01-26 04:37:49.115,pick_to_retreat_feeder,-6.004,746.56,1645.972,28.027,89.185,-62.029,90.514,18.295,-139.204,1.138,30.195,-181.359,0.031,4.609,-0.588,0.085,-4.02,-0.084,-0.08,-10.7,-8.01,0.6,-4.78,0.02,-0.052,-7.749,1.014,-0.14,6.733,0.138,
2026-01-26 04:37:49.218,pick_to_retreat_feeder,-6.01,744.002,1648.211,27.904,89.186,-62.147,90.517,18.601,-139.243,1.144,29.927,-181.365,0.029,4.223,-0.538,0.077,-3.683,-0.077,0.04,-10.72,-7.97,0.56,-4.76,-0.15,-0.042,-6.221,0.817,-0.112,5.403,0.11,
2026-01-26 04:37:49.320,pick_to_retreat_feeder,-6.014,742.385,1649.614,27.827,89.186,-62.222,90.518,18.794,-139.268,1.147,29.759,-181.368,0.025,3.65,-0.465,0.067,-3.184,-0.066,0.03,-10.9,-8.07,0.57,-4.8,-0.08,-0.045,-6.731,0.88,-0.122,5.85,0.12,
2026-01-26 04:37:49.421,pick_to_retreat_feeder,-6.016,741.394,1650.47,27.779,89.187,-62.268,90.519,18.912,-139.283,1.149,29.656,-181.371,0.021,3.033,-0.387,0.056,-2.645,-0.055,0.0,-10.71,-7.99,0.56,-4.85,0.03,-0.046,-6.808,0.887,-0.123,5.919,0.122,
2026-01-26 04:37:49.523,pick_to_retreat_feeder,-6.019,740.095,1651.586,27.717,89.187,-62.329,90.52,19.067,-139.303,1.152,29.521,-181.373,0.018,2.661,-0.339,0.049,-2.321,-0.048,-0.03,-10.9,-7.99,0.57,-4.85,0.0,-0.039,-5.763,0.752,-0.104,5.009,0.103,
2026-01-26 04:37:49.625,pick_to_retreat_feeder,-6.023,738.296,1653.123,27.631,89.188,-62.412,90.521,19.28,-139.33,1.156,29.335,-181.377,0.017,2.53,-0.323,0.046,-2.207,-0.046,0.05,-10.88,-8.08,0.58,-4.83,-0.02,-0.031,-4.596,0.602,-0.083,3.994,0.082,
2026-01-26 04:37:49.727,pick_to_retreat_feeder,-6.027,736.491,1654.654,27.544,89.189,-62.496,90.523,19.494,-139.357,1.16,29.148,-181.381,0.016,2.432,-0.31,0.045,-2.121,-0.044,-0.06,-10.83,-8.01,0.58,-4.78,-0.04,-0.028,-4.134,0.541,-0.075,3.592,0.074,
2026-01-26 04:37:49.828,pick_to_retreat_feeder,-6.031,734.87,1656.019,27.466,89.189,-62.571,90.524,19.686,-139.382,1.163,28.981,-181.385,0.016,2.303,-0.294,0.042,-2.009,-0.042,-0.04,-10.81,-7.96,0.62,-4.79,-0.11,-0.027,-3.943,0.515,-0.071,3.427,0.07,
2026-01-26 04:37:49.931,pick_to_retreat_feeder,-6.033,733.553,1657.122,27.403,89.19,-62.633,90.525,19.841,-139.402,1.166,28.845,-181.387,0.014,2.116,-0.27,0.039,-1.846,-0.038,-0.06,-10.89,-8.04,0.63,-4.82,-0.08,-0.026,-3.911,0.51,-0.071,3.401,0.07,
2026-01-26 04:37:50.032,pick_to_retreat_feeder,-6.036,732.315,1658.153,27.343,89.19,-62.69,90.526,19.987,-139.42,1.169,28.718,-181.39,0.013,1.951,-0.249,0.036,-1.702,-0.035,-0.06,-10.85,-8.03,0.61,-4.82,-0.02,-0.024,-3.617,0.471,-0.065,3.145,0.065,
2026-01-26 04:37:50.132,pick_to_retreat_feeder,-6.038,731.159,1659.112,27.288,89.191,-62.744,90.527,20.123,-139.437,1.171,28.6,-181.393,0.012,1.803,-0.23,0.033,-1.573,-0.033,-0.12,-10.95,-8.02,0.55,-4.9,-0.04,-0.023,-3.353,0.437,-0.061,2.915,0.06,
2026-01-26 04:37:50.232,pick_to_retreat_feeder,-6.04,730.117,1659.972,27.238,89.191,-62.792,90.528,20.245,-139.453,1.174,28.493,-181.395,0.011,1.658,-0.211,0.03,-1.446,-0.03,0.08,-10.95,-8.09,0.58,-4.88,-0.03,-0.021,-3.154,0.41,-0.057,2.743,0.056,
2026-01-26 04:37:50.334,pick_to_retreat_feeder,-6.042,729.179,1660.744,27.192,89.191,-62.836,90.528,20.355,-139.467,1.176,28.397,-181.397,0.01,1.518,-0.194,0.028,-1.324,-0.028,0.05,-10.98,-7.99,0.49,-4.94,0.03,-0.02,-2.962,0.385,-0.054,2.576,0.053,
2026-01-26 04:37:50.436,pick_to_retreat_feeder,-6.044,728.28,1661.481,27.149,89.192,-62.878,90.529,20.461,-139.48,1.178,28.305,-181.399,0.01,1.402,-0.179,0.026,-1.223,-0.025,-0.05,-11.03,-7.98,0.57,-4.89,-0.01,-0.018,-2.712,0.352,-0.049,2.359,0.049,
2026-01-26 04:37:50.537,pick_to_retreat_feeder,-6.045,727.476,1662.137,27.11,89.192,-62.915,90.53,20.555,-139.492,1.179,28.223,-181.4,0.009,1.287,-0.164,0.024,-1.122,-0.023,0.04,-11.08,-8.06,0.5,-4.93,-0.02,-0.017,-2.554,0.332,-0.046,2.222,0.046,waypoint
2026-01-26 04:37:50.643,retreat_feeder_to_approach_machine,108.249,702.518,1670.424,27.58,89.187,-71.727,81.3,22.342,-140.011,1.345,26.954,-181.568,-23.067,5.435,-1.42,0.432,-4.014,-0.436,0.39,-12.57,-8.62,0.58,-4.83,0.01,-92.316,14.641,-4.768,1.598,-9.871,-1.614,
2026-01-26 04:37:50.743,retreat_feeder_to_approach_machine,195.941,669.008,1676.751,27.849,89.184,-79.055,73.741,23.802,-140.435,1.481,25.919,-181.705,-36.2,7.724,-2.125,0.663,-5.598,-0.669,0.85,-13.58,-9.0,0.5,-4.86,0.04,-66.389,9.889,-3.347,1.137,-6.542,-1.152,
2026-01-26 04:37:50.845,retreat_feeder_to_approach_machine,281.648,621.654,1683.065,28.012,89.182,-86.971,65.696,25.354,-140.887,1.625,24.818,-181.851,-47.26,9.675,-2.722,0.858,-6.951,-0.867,1.27,-14.33,-9.22,0.45,-4.83,-0.0,-64.592,9.835,-3.284,1.11,-6.551,-1.124,
2026-01-26 04:37:50.948,retreat_feeder_to_approach_machine,348.193,572.197,1688.169,28.06,89.18,-93.893,58.753,26.695,-141.276,1.749,23.868,-181.977,-52.805,10.607,-3.016,0.955,-7.59,-0.965,1.43,-14.72,-9.32,0.45,-4.88,-0.04,-47.131,6.728,-2.338,0.802,-4.389,-0.812,
2026-01-26 04:37:51.051,retreat_feeder_to_approach_machine,399.556,523.837,1692.329,28.036,89.179,-99.945,52.743,27.855,-141.614,1.857,23.045,-182.086,-54.628,10.855,-3.105,0.985,-7.749,-0.996,1.62,-14.93,-9.36,0.38,-4.86,-0.03,-33.078,4.252,-1.58,0.554,-2.672,-0.562,
2026-01-26 04:37:51.152,retreat_feeder_to_approach_machine,437.863,479.839,1695.635,27.974,89.179,-105.066,47.699,28.828,-141.897,1.948,22.354,-182.177,-53.581,10.575,-3.036,0.965,-7.538,-0.976,1.8,-14.96,-9.32,0.32,-4.86,0.03,-20.112,1.963,-0.88,0.325,-1.083,-0.33,
2026-01-26 04:37:51.253,retreat_feeder_to_approach_machine,472.325,432.057,1698.847,27.872,89.179,-110.345,42.533,29.825,-142.186,2.04,21.647,-182.271,-53.1,10.424,-3.002,0.955,-7.421,-0.966,1.91,-14.92,-9.32,0.43,-4.83,-0.0,-19.318,2.002,-0.861,0.315,-1.141,-0.319,
2026-01-26 04:37:51.354,retreat_feeder_to_approach_machine,498.783,387.645,1701.557,27.752,89.179,-115.069,37.938,30.712,-142.444,2.123,21.018,-182.354,-51.313,10.035,-2.896,0.923,-7.139,-0.933,1.97,-14.98,-9.29,0.35,-4.9,-0.03,-11.677,0.699,-0.454,0.181,-0.245,-0.184,
2026-01-26 04:37:51.457,retreat_feeder_to_approach_machine,518.924,346.93,1703.851,27.622,89.18,-119.292,33.851,31.501,-142.674,2.196,20.459,-182.428,-48.702,9.499,-2.745,0.875,-6.753,-0.885,2.05,-14.77,-9.13,0.44,-5.0,-0.06,-5.431,-0.351,-0.124,0.072,0.474,-0.073,
2026-01-26 04:37:51.558,retreat_feeder_to_approach_machine,533.71,311.07,1705.743,27.495,89.18,-122.952,30.323,32.182,-142.871,2.259,19.976,-182.492,-45.347,8.827,-2.554,0.815,-6.272,-0.824,1.93,-14.6,-9.09,0.37,-4.87,-0.03,0.702,-1.395,0.202,-0.036,1.192,0.035,
2026-01-26 04:37:51.661,retreat_feeder_to_approach_machine,545.169,277.645,1707.412,27.365,89.181,-126.33,27.078,32.809,-143.054,2.317,19.532,-182.551,-42.123,8.186,-2.371,0.756,-5.814,-0.765,1.88,-14.54,-8.92,0.42,-4.88,-0.03,3.458,-1.801,0.341,-0.083,1.46,0.083,
2026-01-26 04:37:51.765,retreat_feeder_to_approach_machine,553.181,249.446,1708.755,27.248,89.181,-129.165,24.362,33.333,-143.206,2.366,19.16,-182.6,-38.383,7.45,-2.159,0.689,-5.29,-0.697,1.83,-14.46,-9.06,0.42,-4.97,-0.11,8.406,-2.643,0.604,-0.169,2.039,0.171,
2026-01-26 04:37:51.869,retreat_feeder_to_approach_machine,559.475,222.469,1709.991,27.129,89.182,-131.871,21.775,33.832,-143.351,2.413,18.806,-182.647,-35.253,6.836,-1.982,0.633,-4.853,-0.64,1.73,-14.21,-9.0,0.45,-4.9,-0.0,8.861,-2.628,0.616,-0.176,2.012,0.177,
2026-01-26 04:37:51.972,retreat_feeder_to_approach_machine,564.1,197.719,1711.083,27.015,89.182,-134.354,19.407,34.289,-143.484,2.455,18.482,-182.69,-32.361,6.27,-1.819,0.581,-4.45,-0.587,1.74,-14.27,-8.88,0.36,-4.83,-0.08,10.157,-2.787,0.677,-0.197,2.109,0.199,
2026-01-26 04:37:52.074,retreat_feeder_to_approach_machine,566.971,178.303,1711.915,26.922,89.183,-136.305,17.549,34.648,-143.588,2.488,18.227,-182.724,-28.915,5.599,-1.625,0.519,-3.973,-0.525,1.59,-14.07,-8.91,0.47,-4.86,-0.02,14.247,-3.493,0.896,-0.269,2.597,0.272,
2026-01-26 04:37:52.175,retreat_feeder_to_approach_machine,569.045,160.293,1712.668,26.833,89.183,-138.119,15.824,34.981,-143.685,2.519,17.991,-182.755,-25.999,5.031,-1.46,0.466,-3.57,-0.472,1.47,-14.08,-8.89,0.56,-4.99,-0.01,14.148,-3.4,0.88,-0.266,2.519,0.269,
2026-01-26 04:37:52.277,retreat_feeder_to_approach_machine,570.459,143.682,1713.346,26.748,89.184,-139.798,14.23,35.288,-143.774,2.548,17.773,-182.784,-23.485,4.543,-1.319,0.421,-3.223,-0.426,1.35,-13.97,-8.84,0.53,-4.86,0.02,14.04,-3.312,0.866,-0.263,2.446,0.265,
2026-01-26 04:37:52.380,retreat_feeder_to_approach_machine,571.334,128.442,1713.956,26.668,89.184,-141.344,12.763,35.572,-143.857,2.574,17.572,-182.811,-21.28,4.115,-1.195,0.382,-2.92,-0.386,1.26,-13.96,-8.87,0.5,-4.88,0.05,13.914,-3.228,0.851,-0.259,2.376,0.262,
2026-01-26 04:37:52.481,retreat_feeder_to_approach_machine,571.756,115.726,1714.456,26.6,89.184,-142.639,11.535,35.808,-143.926,2.596,17.404,-182.833,-19.029,3.678,-1.068,0.341,-2.61,-0.345,1.2,-13.94,-8.66,0.58,-4.85,-0.05,14.915,-3.367,0.9,-0.276,2.466,0.279,
2026-01-26 04:37:52.581,retreat_feeder_to_approach_machine,571.896,104.368,1714.895,26.538,89.185,-143.8,10.436,36.021,-143.987,2.616,17.254,-182.853,-17.021,3.29,-0.956,0.305,-2.334,-0.309,1.14,-13.79,-8.68,0.5,-4.78,-0.09,14.7,-3.276,0.882,-0.272,2.394,0.274,
2026-01-26 04:37:52.684,retreat_feeder_to_approach_machine,571.826,93.903,1715.294,26.48,89.185,-144.874,9.419,36.217,-144.044,2.634,17.114,-182.871,-15.307,2.958,-0.859,0.275,-2.098,-0.278,0.98,-13.77,-8.63,0.54,-4.89,-0.05,14.063,-3.11,0.84,-0.259,2.269,0.262,
2026-01-26 04:37:52.785,retreat_feeder_to_approach_machine,571.603,84.591,1715.645,26.427,89.185,-145.833,8.512,36.392,-144.095,2.65,16.99,-182.888,-13.749,2.656,-0.772,0.247,-1.884,-0.249,0.8,-13.77,-8.56,0.6,-4.84,0.03,13.747,-3.009,0.817,-0.253,2.191,0.256,
2026-01-26 04:37:52.890,retreat_feeder_to_approach_machine,571.276,76.304,1715.954,26.379,89.185,-146.69,7.702,36.548,-144.141,2.665,16.879,-182.902,-12.337,2.383,-0.692,0.221,-1.69,-0.224,0.87,-13.81,-8.63,0.5,-4.83,-0.03,13.346,-2.896,0.79,-0.245,2.105,0.248,
2026-01-26 04:37:52.990,retreat_feeder_to_approach_machine,570.897,69.153,1716.217,26.338,89.186,-147.432,7.001,36.684,-144.18,2.677,16.783,-182.915,-11.005,2.126,-0.618,0.197,-1.508,-0.2,0.83,-13.64,-8.56,0.6,-4.87,0.04,13.101,-2.817,0.772,-0.24,2.044,0.243,
2026-01-26 04:37:53.093,retreat_feeder_to_approach_machine,570.468,62.562,1716.458,26.299,89.186,-148.118,6.353,36.809,-144.216,2.689,16.695,-182.927,-9.874,1.907,-0.554,0.177,-1.353,-0.179,0.69,-13.64,-8.65,0.5,-4.87,-0.04,12.322,-2.638,0.725,-0.226,1.912,0.228,
2026-01-26 04:37:53.194,retreat_feeder_to_approach_machine,570.021,56.694,1716.671,26.264,89.186,-148.731,5.774,36.92,-144.249,2.699,16.615,-182.937,-8.852,1.709,-0.497,0.159,-1.212,-0.16,0.67,-13.72,-8.56,0.6,-4.83,-0.07,11.785,-2.508,0.691,-0.216,1.816,0.218,
2026-01-26 04:37:53.298,retreat_feeder_to_approach_machine,569.571,51.468,1716.86,26.233,89.186,-149.278,5.258,37.02,-144.278,2.709,16.545,-182.947,-7.93,1.531,-0.445,0.142,-1.086,-0.144,0.57,-13.71,-8.57,0.48,-4.9,-0.11,11.227,-2.377,0.657,-0.205,1.72,0.207,
2026-01-26 04:37:53.400,retreat_feeder_to_approach_machine,569.129,46.814,1717.026,26.205,89.186,-149.767,4.797,37.109,-144.304,2.717,16.482,-182.955,-7.1,1.371,-0.398,0.127,-0.972,-0.129,0.51,-13.76,-8.63,0.62,-4.91,-0.06,10.658,-2.246,0.622,-0.195,1.623,0.197,
2026-01-26 04:37:53.504,retreat_feeder_to_approach_machine,568.702,42.667,1717.174,26.18,89.187,-150.203,4.385,37.189,-144.327,2.724,16.425,-182.962,-6.354,1.227,-0.357,0.114,-0.87,-0.115,0.51,-13.69,-8.51,0.63,-4.83,-0.06,10.087,-2.117,0.588,-0.184,1.529,0.186,
2026-01-26 04:37:53.605,retreat_feeder_to_approach_machine,568.296,38.973,1717.305,26.157,89.187,-150.593,4.018,37.259,-144.347,2.731,16.375,-182.969,-5.684,1.097,-0.319,0.102,-0.778,-0.103,0.5,-13.59,-8.56,0.64,-4.86,-0.04,9.52,-1.991,0.554,-0.174,1.436,0.175,
2026-01-26 04:37:53.706,retreat_feeder_to_approach_machine,567.937,35.882,1717.414,26.138,89.187,-150.919,3.71,37.319,-144.365,2.737,16.333,-182.975,-5.033,0.972,-0.282,0.09,-0.689,-0.091,0.42,-13.78,-8.52,0.59,-4.86,-0.11,9.162,-1.906,0.532,-0.167,1.374,0.169,
2026-01-26 04:37:53.808,retreat_feeder_to_approach_machine,567.578,32.926,1717.518,26.12,89.187,-151.232,3.415,37.376,-144.381,2.742,16.293,-182.98,-4.512,0.871,-0.253,0.081,-0.618,-0.082,0.22,-13.63,-8.55,0.58,-4.82,0.01,8.376,-1.741,0.486,-0.152,1.255,0.154,
2026-01-26 04:37:53.911,retreat_feeder_to_approach_machine,567.244,30.291,1717.61,26.104,89.187,-151.511,3.151,37.427,-144.396,2.747,16.256,-182.985,-4.043,0.78,-0.227,0.073,-0.553,-0.073,0.32,-13.65,-8.65,0.6,-4.88,-0.12,7.855,-1.628,0.455,-0.143,1.172,0.144,
2026-01-26 04:37:54.012,retreat_feeder_to_approach_machine,566.926,27.87,1717.694,26.088,89.187,-151.768,2.909,37.473,-144.41,2.751,16.223,-182.989,-3.638,0.702,-0.204,0.065,-0.498,-0.066,0.33,-13.66,-8.52,0.6,-4.84,-0.11,7.28,-1.506,0.421,-0.132,1.084,0.134,
2026-01-26 04:37:54.115,retreat_feeder_to_approach_machine,566.643,25.783,1717.767,26.075,89.187,-151.99,2.7,37.514,-144.421,2.755,16.195,-182.993,-3.251,0.628,-0.182,0.058,-0.445,-0.059,0.26,-13.67,-8.53,0.65,-4.79,-0.01,6.884,-1.419,0.398,-0.125,1.021,0.126,
2026-01-26 04:37:54.217,retreat_feeder_to_approach_machine,566.385,23.922,1717.832,26.064,89.187,-152.188,2.513,37.55,-144.432,2.758,16.169,-182.996,-2.905,0.561,-0.163,0.052,-0.398,-0.053,0.24,-13.64,-8.59,0.66,-4.87,-0.02,6.42,-1.32,0.371,-0.117,0.95,0.118,
2026-01-26 04:37:54.319,retreat_feeder_to_approach_machine,566.156,22.313,1717.887,26.054,89.187,-152.36,2.352,37.581,-144.441,2.761,16.147,-182.999,-2.583,0.499,-0.145,0.046,-0.354,-0.047,0.2,-13.76,-8.57,0.6,-4.88,-0.07,6.029,-1.237,0.348,-0.109,0.889,0.111,
2026-01-26 04:37:54.422,retreat_feeder_to_approach_machine,565.94,20.827,1717.939,26.044,89.187,-152.519,2.202,37.61,-144.449,2.764,16.127,-183.002,-2.31,0.446,-0.13,0.041,-0.316,-0.042,0.21,-13.69,-8.56,0.56,-4.87,0.05,5.548,-1.137,0.32,-0.101,0.817,0.102,
2026-01-26 04:37:54.523,retreat_feeder_to_approach_machine,565.751,19.542,1717.983,26.036,89.187,-152.656,2.073,37.635,-144.457,2.766,16.109,-183.004,-2.056,0.397,-0.115,0.037,-0.281,-0.037,0.13,-13.69,-8.57,0.61,-4.83,-0.01,5.194,-1.062,0.299,-0.094,0.763,0.095,
2026-01-26 04:37:54.625,retreat_feeder_to_approach_machine,565.573,18.356,1718.024,26.028,89.187,-152.783,1.954,37.658,-144.463,2.768,16.093,-183.007,-1.84,0.355,-0.103,0.033,-0.252,-0.033,0.18,-13.63,-8.51,0.56,-4.79,-0.12,4.773,-0.975,0.275,-0.087,0.7,0.088,
2026-01-26 04:37:54.728,retreat_feeder_to_approach_machine,565.417,17.329,1718.059,26.022,89.187,-152.892,1.85,37.678,-144.469,2.77,16.078,-183.008,-1.639,0.316,-0.092,0.029,-0.224,-0.03,0.17,-13.58,-8.53,0.54,-4.82,0.01,4.456,-0.908,0.256,-0.081,0.652,0.082,
2026-01-26 04:37:54.830,retreat_feeder_to_approach_machine,565.275,16.41,1718.091,26.016,89.187,-152.991,1.758,37.696,-144.474,2.772,16.066,-183.01,-1.461,0.282,-0.082,0.026,-0.2,-0.026,0.17,-13.65,-8.43,0.65,-4.83,-0.09,4.118,-0.838,0.237,-0.075,0.601,0.075,waypoint
2026-01-26 04:37:54.934,retreat_feeder_to_approach_machine,634.304,16.652,1724.047,29.328,89.162,-149.91,1.596,30.863,-140.904,2.531,19.327,-182.788,-1.5,-16.871,8.865,-0.582,8.004,0.535,0.16,-11.45,-7.18,0.51,-4.45,-0.05,3.017,-69.261,35.969,-2.491,33.283,2.303,
2026-01-26 04:37:55.036,retreat_feeder_to_approach_machine,726.611,16.89,1718.615,33.111,89.129,-146.355,1.417,22.145,-136.349,2.224,23.49,-182.504,-1.573,-34.449,18.036,-1.205,16.409,1.111,0.26,-9.73,-6.25,0.39,-4.19,-0.09,2.538,-81.189,42.218,-2.908,38.965,2.696,
2026-01-26 04:37:55.137,retreat_feeder_to_approach_machine,810.943,16.712,1700.843,35.94,89.101,-143.691,1.257,14.39,-132.297,1.95,27.192,-182.251,-1.578,-45.223,23.656,-1.587,21.563,1.465,0.2,-8.25,-5.6,0.34,-4.08,-0.08,2.483,-63.435,32.962,-2.277,30.468,2.112,
2026-01-26 04:37:55.240,retreat_feeder_to_approach_machine,886.244,16.201,1674.458,37.942,89.079,-141.805,1.116,7.492,-128.694,1.707,30.485,-182.027,-1.538,-51.161,26.751,-1.798,24.405,1.661,0.3,-7.11,-5.38,0.34,-4.13,0.01,2.411,-48.52,25.188,-1.747,23.329,1.622,
2026-01-26 04:37:55.343,retreat_feeder_to_approach_machine,952.383,15.447,1642.522,39.268,89.064,-140.56,0.99,1.357,-125.488,1.491,33.415,-181.827,-1.469,-53.709,28.077,-1.889,25.627,1.746,0.41,-6.24,-5.23,0.38,-4.12,0.0,2.326,-36.045,18.686,-1.304,17.356,1.211,
2026-01-26 04:37:55.444,retreat_feeder_to_approach_machine,1006.444,14.591,1609.682,40.02,89.055,-139.859,0.884,-3.777,-122.806,1.31,35.866,-181.659,-1.366,-53.118,27.764,-1.869,25.349,1.728,0.33,-5.46,-5.21,0.32,-4.24,-0.0,2.299,-22.433,11.588,-0.821,10.842,0.764,
2026-01-26 04:37:55.545,retreat_feeder_to_approach_machine,1053.424,13.65,1575.583,40.396,89.052,-139.518,0.789,-8.378,-120.402,1.148,38.063,-181.509,-1.261,-51.34,26.832,-1.807,24.503,1.67,0.34,-4.82,-5.17,0.3,-4.3,-0.07,2.179,-14.85,7.64,-0.551,7.209,0.513,
2026-01-26 04:37:55.645,retreat_feeder_to_approach_machine,1095.279,12.634,1540.213,40.474,89.052,-139.463,0.702,-12.63,-118.18,0.998,40.093,-181.371,-1.164,-49.135,25.678,-1.73,23.452,1.599,0.32,-4.3,-5.29,0.36,-4.49,-0.0,2.033,-9.879,5.054,-0.373,4.823,0.348,
2026-01-26 04:37:55.746,retreat_feeder_to_approach_machine,1131.13,11.613,1505.582,40.307,89.055,-139.643,0.624,-16.425,-116.197,0.864,41.905,-181.247,-1.068,-46.34,24.216,-1.632,22.12,1.509,0.26,-3.88,-5.41,0.25,-4.6,-0.08,1.924,-4.33,2.166,-0.175,2.164,0.165,
2026-01-26 04:37:55.849,retreat_feeder_to_approach_machine,1162.665,10.58,1471.249,39.938,89.061,-140.017,0.552,-19.917,-114.373,0.741,43.572,-181.133,-0.981,-43.485,22.723,-1.532,20.758,1.416,0.19,-3.54,-5.52,0.38,-4.62,-0.01,1.794,-0.856,0.361,-0.05,0.495,0.049,
2026-01-26 04:37:55.952,retreat_feeder_to_approach_machine,1188.652,9.621,1439.76,39.439,89.068,-140.516,0.49,-22.931,-112.798,0.635,45.011,-181.035,-0.89,-40.149,20.979,-1.414,19.166,1.307,0.22,-3.02,-5.59,0.42,-4.75,-0.01,1.713,4.005,-2.171,0.123,-1.834,-0.111,
2026-01-26 04:37:56.052,retreat_feeder_to_approach_machine,1211.459,8.684,1409.324,38.82,89.076,-141.132,0.433,-25.704,-111.35,0.537,46.335,-180.945,-0.81,-37.043,19.356,-1.305,17.684,1.206,0.21,-2.81,-5.77,0.34,-4.91,-0.01,1.591,6.02,-3.215,0.196,-2.804,-0.179,
2026-01-26 04:37:56.155,retreat_feeder_to_approach_machine,1230.798,7.81,1381.106,38.129,89.085,-141.817,0.382,-28.17,-110.061,0.45,47.512,-180.864,-0.734,-33.948,17.738,-1.196,16.207,1.106,0.23,-2.49,-5.86,0.39,-4.93,-0.01,1.495,8.482,-4.495,0.285,-3.987,-0.261,
2026-01-26 04:37:56.256,retreat_feeder_to_approach_machine,1246.736,7.026,1355.906,37.417,89.094,-142.522,0.339,-30.299,-108.949,0.375,48.529,-180.795,-0.66,-30.783,16.084,-1.085,14.696,1.003,0.14,-2.25,-5.92,0.34,-5.03,-0.05,1.415,11.007,-5.808,0.375,-5.198,-0.345,
2026-01-26 04:37:56.357,retreat_feeder_to_approach_machine,1260.345,6.305,1332.769,36.684,89.103,-143.247,0.3,-32.2,-107.956,0.308,49.436,-180.733,-0.593,-27.839,14.546,-0.981,13.291,0.907,0.18,-2.12,-5.98,0.34,-4.9,-0.12,1.32,12.19,-6.42,0.418,-5.769,-0.385,
2026-01-26 04:37:56.458,retreat_feeder_to_approach_machine,1272.328,5.624,1310.969,35.923,89.112,-143.999,0.264,-33.948,-107.042,0.246,50.271,-180.676,-0.535,-25.25,13.193,-0.89,12.055,0.823,0.11,-1.87,-6.06,0.33,-4.92,-0.03,1.219,12.494,-6.573,0.43,-5.919,-0.396,
2026-01-26 04:37:56.559,retreat_feeder_to_approach_machine,1281.948,5.041,1292.354,35.219,89.12,-144.696,0.234,-35.411,-106.278,0.195,50.969,-180.629,-0.476,-22.595,11.806,-0.796,10.787,0.736,0.12,-1.62,-6.14,0.35,-5.07,-0.02,1.156,14.096,-7.406,0.487,-6.689,-0.449,
2026-01-26 04:37:56.660,retreat_feeder_to_approach_machine,1290.756,4.477,1274.321,34.487,89.127,-145.42,0.205,-36.804,-105.55,0.146,51.635,-180.583,-0.429,-20.43,10.674,-0.72,9.754,0.666,0.17,-1.42,-6.15,0.37,-5.08,-0.1,1.055,13.384,-7.03,0.463,-6.353,-0.427,
2026-01-26 04:37:56.762,retreat_feeder_to_approach_machine,1298.075,3.983,1258.521,33.805,89.134,-146.094,0.18,-38.007,-104.922,0.103,52.209,-180.544,-0.383,-18.329,9.577,-0.646,8.751,0.597,0.03,-1.37,-6.13,0.36,-5.04,-0.11,0.989,13.951,-7.323,0.484,-6.627,-0.446,
2026-01-26 04:37:56.862,retreat_feeder_to_approach_machine,1304.381,3.536,1244.236,33.154,89.141,-146.737,0.158,-39.081,-104.361,0.065,52.722,-180.509,-0.343,-16.431,8.585,-0.579,7.845,0.535,0.11,-1.14,-6.16,0.33,-5.06,0.01,0.916,13.846,-7.264,0.481,-6.581,-0.444,
2026-01-26 04:37:56.964,retreat_feeder_to_approach_machine,1309.664,3.146,1231.739,32.559,89.146,-147.326,0.139,-40.01,-103.875,0.033,53.165,-180.479,-0.305,-14.647,7.653,-0.516,6.993,0.477,0.08,-1.11,-6.27,0.36,-5.08,-0.1,0.854,13.906,-7.292,0.484,-6.612,-0.446,
2026-01-26 04:37:57.064,retreat_feeder_to_approach_machine,1314.541,2.771,1219.725,31.962,89.152,-147.915,0.121,-40.895,-103.413,0.001,53.588,-180.45,-0.274,-13.198,6.895,-0.465,6.301,0.43,-0.01,-0.93,-6.26,0.33,-5.03,-0.07,0.778,12.958,-6.795,0.451,-6.163,-0.416,
2026-01-26 04:37:57.167,retreat_feeder_to_approach_machine,1318.629,2.444,1209.268,31.423,89.157,-148.448,0.105,-41.659,-103.014,-0.025,53.953,-180.425,-0.245,-11.808,6.169,-0.416,5.638,0.385,0.07,-0.86,-6.32,0.39,-5.06,0.04,0.725,12.873,-6.748,0.449,-6.124,-0.414,
2026-01-26 04:37:57.269,retreat_feeder_to_approach_machine,1322.288,2.142,1199.578,30.908,89.161,-148.958,0.091,-42.362,-102.646,-0.05,54.288,-180.402,-0.22,-10.613,5.545,-0.374,5.067,0.346,-0.03,-0.7,-6.33,0.4,-4.97,-0.08,0.665,12.198,-6.393,0.425,-5.804,-0.393,
2026-01-26 04:37:57.372,retreat_feeder_to_approach_machine,1325.461,1.872,1190.904,30.432,89.165,-149.428,0.078,-42.987,-102.32,-0.072,54.587,-180.382,-0.197,-9.522,4.975,-0.336,4.546,0.31,0.02,-0.67,-6.35,0.35,-5.05,0.04,0.615,11.755,-6.159,0.41,-5.594,-0.379,
2026-01-26 04:37:57.474,retreat_feeder_to_approach_machine,1328.217,1.631,1183.145,29.996,89.169,-149.86,0.066,-43.543,-102.029,-0.092,54.852,-180.364,-0.176,-8.532,4.458,-0.301,4.073,0.278,0.07,-0.59,-6.28,0.37,-5.03,-0.07,0.567,11.27,-5.904,0.394,-5.365,-0.363,
2026-01-26 04:37:57.578,retreat_feeder_to_approach_machine,1330.617,1.415,1176.211,29.597,89.172,-150.254,0.056,-44.038,-101.771,-0.109,55.088,-180.348,-0.158,-7.635,3.989,-0.269,3.645,0.249,-0.02,-0.52,-6.35,0.32,-5.01,-0.02,0.523,10.758,-5.635,0.376,-5.122,-0.347,
2026-01-26 04:37:57.681,retreat_feeder_to_approach_machine,1332.709,1.223,1170.016,29.234,89.175,-150.614,0.047,-44.477,-101.541,-0.125,55.298,-180.333,-0.141,-6.826,3.566,-0.241,3.259,0.222,0.04,-0.51,-6.26,0.36,-5.01,-0.07,0.482,10.228,-5.357,0.358,-4.871,-0.33,
2026-01-26 04:37:57.782,retreat_feeder_to_approach_machine,1334.484,1.056,1164.649,28.913,89.177,-150.931,0.039,-44.857,-101.343,-0.138,55.48,-180.321,-0.125,-6.069,3.171,-0.214,2.898,0.198,0.13,-0.4,-6.25,0.36,-4.95,0.01,0.446,9.807,-5.136,0.343,-4.671,-0.317,
2026-01-26 04:37:57.883,retreat_feeder_to_approach_machine,1335.996,0.911,1159.989,28.631,89.18,-151.211,0.033,-45.186,-101.171,-0.15,55.636,-180.31,-0.111,-5.373,2.807,-0.189,2.565,0.175,0.03,-0.27,-6.17,0.39,-5.02,-0.04,0.412,9.337,-4.889,0.327,-4.448,-0.302,
2026-01-26 04:37:57.983,retreat_feeder_to_approach_machine,1337.164,0.798,1156.335,28.406,89.181,-151.433,0.027,-45.443,-101.037,-0.159,55.759,-180.302,-0.096,-4.673,2.441,-0.165,2.231,0.152,0.03,-0.31,-6.32,0.43,-4.97,0.05,0.386,9.12,-4.774,0.319,-4.345,-0.295,
2026-01-26 04:37:58.086,retreat_feeder_to_approach_machine,1338.365,0.68,1152.52,28.17,89.183,-151.667,0.022,-45.711,-100.897,-0.168,55.887,-180.293,-0.086,-4.174,2.181,-0.147,1.993,0.136,0.02,-0.41,-6.26,0.43,-4.94,-0.05,0.345,8.101,-4.241,0.284,-3.859,-0.262,
2026-01-26 04:37:58.189,retreat_feeder_to_approach_machine,1339.429,0.574,1149.095,27.955,89.185,-151.88,0.017,-45.95,-100.772,-0.177,56.002,-180.285,-0.077,-3.73,1.949,-0.131,1.781,0.121,0.06,-0.32,-6.26,0.27,-4.91,-0.06,0.316,7.569,-3.962,0.265,-3.606,-0.245,
2026-01-26 04:37:58.290,retreat_feeder_to_approach_machine,1340.372,0.479,1146.02,27.76,89.186,-152.072,0.012,-46.165,-100.659,-0.184,56.104,-180.278,-0.069,-3.335,1.742,-0.118,1.592,0.109,0.06,-0.29,-6.26,0.32,-4.9,-0.02,0.29,7.062,-3.696,0.247,-3.365,-0.228,
2026-01-26 04:37:58.391,retreat_feeder_to_approach_machine,1341.209,0.393,1143.26,27.583,89.187,-152.247,0.009,-46.358,-100.559,-0.191,56.196,-180.272,-0.061,-2.983,1.558,-0.105,1.424,0.097,0.05,-0.18,-6.31,0.38,-4.93,0.0,0.265,6.579,-3.443,0.23,-3.135,-0.213,
2026-01-26 04:37:58.493,retreat_feeder_to_approach_machine,1341.953,0.317,1140.783,27.424,89.188,-152.405,0.005,-46.531,-100.468,-0.197,56.279,-180.266,-0.055,-2.668,1.394,-0.094,1.274,0.087,0.06,-0.16,-6.26,0.35,-4.93,-0.05,0.243,6.121,-3.204,0.214,-2.917,-0.198,
2026-01-26 04:37:58.595,retreat_feeder_to_approach_machine,1342.613,0.248,1138.56,27.28,89.19,-152.547,0.002,-46.685,-100.388,-0.203,56.352,-180.261,-0.049,-2.388,1.248,-0.084,1.14,0.078,0.06,-0.15,-6.31,0.28,-4.95,-0.01,0.222,5.689,-2.977,0.199,-2.711,-0.184,
2026-01-26 04:37:58.696,retreat_feeder_to_approach_machine,1343.201,0.186,1136.567,27.15,89.19,-152.676,-0.001,-46.824,-100.315,-0.208,56.418,-180.257,-0.044,-2.137,1.117,-0.075,1.02,0.07,0.03,-0.14,-6.25,0.34,-4.93,-0.05,0.203,5.281,-2.763,0.185,-2.517,-0.171,
2026-01-26 04:37:58.797,retreat_feeder_to_approach_machine,1343.708,0.133,1134.835,27.036,89.191,-152.789,-0.004,-46.944,-100.253,-0.212,56.476,-180.253,-0.039,-1.904,0.995,-0.067,0.909,0.062,-0.02,-0.11,-6.31,0.33,-4.97,-0.07,0.187,4.936,-2.583,0.173,-2.353,-0.16,
2026-01-26 04:37:58.900,retreat_feeder_to_approach_machine,1344.176,0.083,1133.225,26.93,89.192,-152.894,-0.006,-47.056,-100.194,-0.216,56.529,-180.249,-0.035,-1.707,0.892,-0.06,0.815,0.056,-0.01,-0.1,-6.2,0.29,-4.84,-0.07,0.17,4.528,-2.369,0.159,-2.158,-0.147,
2026-01-26 04:37:59.001,retreat_feeder_to_approach_machine,1344.593,0.038,1131.781,26.834,89.193,-152.988,-0.008,-47.156,-100.142,-0.219,56.577,-180.246,-0.031,-1.53,0.799,-0.054,0.731,0.05,0.01,-0.02,-6.27,0.31,-4.89,-0.02,0.155,4.191,-2.193,0.147,-1.998,-0.136,waypoint
2026-01-26 04:37:59.102,retreat_feeder_to_approach_machine,1347.562,0.01,1131.21,26.756,89.193,-153.065,-0.009,-47.337,-99.834,-0.222,56.45,-180.243,-0.027,-1.6,1.368,-0.049,0.232,0.046,0.34,5.19,1.74,-0.12,-6.39,-0.07,0.147,2.962,0.579,0.135,-3.541,-0.121,
2026-01-26 04:37:59.203,retreat_feeder_to_approach_machine,1384.779,0.148,1140.896,26.736,89.192,-153.082,-0.003,-48.741,-96.019,-0.227,54.038,-180.233,-0.005,-4.711,10.565,-0.047,-5.856,0.059,0.21,3.94,-0.0,0.01,-6.05,-0.04,0.206,-9.567,35.599,0.112,-26.042,-0.043,
2026-01-26 04:37:59.305,retreat_feeder_to_approach_machine,1417.222,0.28,1150.265,26.718,89.191,-153.096,0.002,-50.009,-92.573,-0.23,51.859,-180.224,0.01,-6.704,16.539,-0.045,-9.84,0.067,0.19,3.1,-1.59,0.1,-5.86,-0.01,0.18,-7.248,28.349,0.105,-21.11,-0.048,
2026-01-26 04:37:59.405,retreat_feeder_to_approach_machine,1445.315,0.402,1159.131,26.704,89.19,-153.108,0.007,-51.145,-89.485,-0.234,49.907,-180.216,0.02,-7.868,20.124,-0.042,-12.262,0.07,0.12,2.21,-2.66,0.14,-5.61,-0.02,0.156,-5.204,21.93,0.099,-16.733,-0.053,
2026-01-26 04:37:59.508,retreat_feeder_to_approach_machine,1469.679,0.515,1167.436,26.691,89.189,-153.119,0.012,-52.163,-86.718,-0.237,48.157,-180.208,0.026,-8.446,22.01,-0.039,-13.57,0.071,0.12,1.71,-3.67,0.12,-5.42,0.06,0.135,-3.502,16.526,0.092,-13.029,-0.056,
2026-01-26 04:37:59.612,retreat_feeder_to_approach_machine,1490.848,0.619,1175.155,26.68,89.189,-153.129,0.016,-53.076,-84.239,-0.239,46.589,-180.202,0.029,-8.615,22.706,-0.036,-14.097,0.069,0.07,1.2,-4.46,0.29,-5.31,-0.02,0.117,-2.093,11.996,0.086,-9.907,-0.058,
2026-01-26 04:37:59.713,retreat_feeder_to_approach_machine,1509.273,0.715,1182.285,26.669,89.188,-153.138,0.019,-53.893,-82.017,-0.242,45.185,-180.196,0.031,-8.505,22.582,-0.033,-14.084,0.066,0.11,0.93,-5.09,0.32,-5.32,-0.01,0.101,-0.935,8.219,0.08,-7.286,-0.059,
2026-01-26 04:37:59.815,retreat_feeder_to_approach_machine,1524.839,0.799,1188.63,26.658,89.187,-153.148,0.022,-54.602,-80.09,-0.244,43.966,-180.191,0.031,-8.152,21.755,-0.03,-13.61,0.062,0.09,0.51,-5.58,0.31,-5.12,-0.02,0.087,0.239,4.458,0.076,-4.699,-0.061,
2026-01-26 04:37:59.918,retreat_feeder_to_approach_machine,1538.937,0.878,1194.648,26.648,89.187,-153.157,0.025,-55.261,-78.3,-0.246,42.834,-180.186,0.03,-7.76,20.791,-0.027,-13.037,0.058,-0.03,0.31,-5.97,0.35,-4.94,-0.08,0.076,0.722,2.637,0.069,-3.359,-0.058,
2026-01-26 04:38:00.019,retreat_feeder_to_approach_machine,1550.889,0.948,1199.965,26.638,89.187,-153.167,0.028,-55.832,-76.747,-0.248,41.852,-180.182,0.029,-7.249,19.476,-0.025,-12.233,0.054,-0.03,0.16,-6.35,0.34,-5.03,-0.03,0.064,1.521,0.005,0.065,-1.526,-0.059,
2026-01-26 04:38:00.119,retreat_feeder_to_approach_machine,1561.752,1.014,1204.98,26.629,89.186,-153.176,0.03,-56.363,-75.305,-0.249,40.94,-180.179,0.027,-6.763,18.213,-0.022,-11.455,0.05,0.14,0.14,-6.64,0.4,-4.98,-0.01,0.056,1.776,-1.104,0.06,-0.672,-0.056,
2026-01-26 04:38:00.220,retreat_feeder_to_approach_machine,1571.29,1.073,1209.534,26.619,89.186,-153.185,0.032,-56.838,-74.013,-0.251,40.123,-180.175,0.026,-6.261,16.89,-0.02,-10.634,0.046,0.09,-0.11,-6.8,0.47,-4.97,-0.04,0.048,2.151,-2.493,0.055,0.343,-0.054,
2026-01-26 04:38:00.321,retreat_feeder_to_approach_machine,1579.678,1.127,1213.662,26.61,89.186,-153.194,0.034,-57.264,-72.855,-0.252,39.391,-180.172,0.024,-5.761,15.562,-0.018,-9.806,0.042,-0.05,-0.16,-6.99,0.4,-4.98,-0.13,0.041,2.43,-3.588,0.051,1.159,-0.052,
2026-01-26 04:38:00.423,retreat_feeder_to_approach_machine,1587.297,1.176,1217.515,26.601,89.185,-153.203,0.035,-57.658,-71.785,-0.253,38.714,-180.169,0.022,-5.305,14.347,-0.017,-9.046,0.038,0.08,-0.24,-7.09,0.47,-4.88,0.05,0.036,2.51,-4.106,0.047,1.598,-0.049,
2026-01-26 04:38:00.524,retreat_feeder_to_approach_machine,1593.99,1.221,1220.987,26.593,89.185,-153.211,0.037,-58.01,-70.829,-0.254,38.11,-180.167,0.02,-4.858,13.149,-0.015,-8.295,0.035,0.03,-0.33,-7.29,0.47,-4.83,-0.0,0.03,2.681,-4.844,0.044,2.164,-0.047,
2026-01-26 04:38:00.629,retreat_feeder_to_approach_machine,1599.519,1.259,1223.918,26.585,89.185,-153.219,0.038,-58.304,-70.028,-0.255,37.604,-180.165,0.019,-4.38,11.863,-0.014,-7.487,0.031,0.05,-0.27,-7.35,0.39,-4.85,-0.02,0.025,2.982,-5.906,0.041,2.925,-0.047,
2026-01-26 04:38:00.729,retreat_feeder_to_approach_machine,1604.43,1.293,1226.57,26.578,89.185,-153.226,0.039,-58.569,-69.308,-0.256,37.148,-180.163,0.017,-3.947,10.698,-0.012,-6.754,0.028,0.09,-0.27,-7.46,0.55,-4.81,-0.07,0.021,2.981,-6.121,0.038,3.142,-0.044,
2026-01-26 04:38:00.830,retreat_feeder_to_approach_machine,1608.795,1.323,1228.969,26.572,89.184,-153.232,0.04,-58.808,-68.661,-0.256,36.739,-180.161,0.015,-3.556,9.642,-0.011,-6.089,0.025,0.02,-0.38,-7.46,0.5,-4.93,-0.08,0.018,2.949,-6.234,0.035,3.287,-0.041,
2026-01-26 04:38:00.932,retreat_feeder_to_approach_machine,1612.805,1.352,1231.207,26.565,89.184,-153.239,0.041,-59.029,-68.059,-0.257,36.359,-180.16,0.014,-3.22,8.735,-0.01,-5.517,0.023,-0.07,-0.42,-7.51,0.56,-4.87,0.05,0.015,2.824,-6.073,0.032,3.25,-0.039,
2026-01-26 04:38:01.036,retreat_feeder_to_approach_machine,1616.363,1.378,1233.222,26.559,89.184,-153.245,0.042,-59.227,-67.521,-0.258,36.018,-180.158,0.012,-2.911,7.898,-0.009,-4.99,0.021,-0.03,-0.28,-7.52,0.49,-4.86,0.02,0.013,2.772,-6.091,0.029,3.321,-0.036,
2026-01-26 04:38:01.137,retreat_feeder_to_approach_machine,1619.523,1.401,1235.034,26.554,89.184,-153.25,0.043,-59.405,-67.038,-0.258,35.713,-180.157,0.011,-2.627,7.131,-0.008,-4.506,0.019,-0.08,-0.33,-7.58,0.46,-4.86,-0.11,0.011,2.701,-6.042,0.027,3.343,-0.034,
2026-01-26 04:38:01.238,retreat_feeder_to_approach_machine,1622.243,1.421,1236.612,26.549,89.184,-153.255,0.044,-59.559,-66.619,-0.259,35.448,-180.156,0.01,-2.356,6.395,-0.007,-4.041,0.017,-0.02,-0.38,-7.66,0.51,-4.88,-0.1,0.009,2.666,-6.077,0.025,3.413,-0.032,
2026-01-26 04:38:01.338,retreat_feeder_to_approach_machine,1624.671,1.439,1238.034,26.545,89.184,-153.259,0.044,-59.697,-66.242,-0.259,35.209,-180.155,0.009,-2.113,5.738,-0.006,-3.627,0.015,-0.01,-0.43,-7.71,0.46,-4.88,0.05,0.007,2.555,-5.891,0.023,3.338,-0.03,
2026-01-26 04:38:01.439,retreat_feeder_to_approach_machine,1626.841,1.455,1239.317,26.541,89.184,-153.263,0.045,-59.822,-65.903,-0.259,34.995,-180.154,0.008,-1.897,5.151,-0.006,-3.256,0.013,-0.03,-0.38,-7.64,0.45,-4.89,-0.02,0.006,2.439,-5.681,0.021,3.244,-0.028,
2026-01-26 04:38:01.545,retreat_feeder_to_approach_machine,1628.526,1.468,1240.321,26.538,89.184,-153.267,0.045,-59.919,-65.639,-0.26,34.828,-180.153,0.007,-1.666,4.524,-0.005,-2.86,0.012,-0.01,-0.41,-7.65,0.45,-4.8,0.03,0.004,2.468,-5.856,0.02,3.389,-0.027,
2026-01-26 04:38:01.648,retreat_feeder_to_approach_machine,1630.057,1.48,1241.239,26.535,89.184,-153.27,0.046,-60.008,-65.397,-0.26,34.675,-180.153,0.006,-1.471,3.997,-0.004,-2.527,0.01,-0.06,-0.38,-7.62,0.46,-4.78,-0.0,0.003,2.306,-5.501,0.018,3.197,-0.025,
2026-01-26 04:38:01.751,retreat_feeder_to_approach_machine,1631.71,1.492,1242.237,26.531,89.184,-153.273,0.046,-60.105,-65.135,-0.26,34.51,-180.152,0.006,-1.345,3.653,-0.004,-2.309,0.01,-0.03,-0.43,-7.63,0.42,-4.88,-0.05,0.003,2.0,-4.745,0.016,2.747,-0.022,
2026-01-26 04:38:01.852,retreat_feeder_to_approach_machine,1633.138,1.503,1243.104,26.528,89.184,-153.276,0.046,-60.188,-64.908,-0.26,34.366,-180.152,0.005,-1.218,3.308,-0.004,-2.091,0.009,0.0,-0.46,-7.7,0.44,-4.83,-0.03,0.002,1.928,-4.617,0.015,2.691,-0.021,
2026-01-26 04:38:01.953,retreat_feeder_to_approach_machine,1634.417,1.513,1243.885,26.526,89.184,-153.278,0.047,-60.264,-64.704,-0.261,34.237,-180.151,0.005,-1.101,2.992,-0.003,-1.892,0.008,-0.03,-0.38,-7.73,0.5,-4.83,-0.01,0.002,1.819,-4.385,0.014,2.567,-0.019,
2026-01-26 04:38:02.057,retreat_feeder_to_approach_machine,1635.601,1.522,1244.611,26.523,89.183,-153.281,0.047,-60.333,-64.514,-0.261,34.116,-180.151,0.004,-1.001,2.719,-0.003,-1.719,0.007,0.01,-0.37,-7.67,0.46,-4.82,-0.02,0.001,1.691,-4.092,0.012,2.402,-0.018,
2026-01-26 04:38:02.158,retreat_feeder_to_approach_machine,1636.658,1.531,1245.263,26.521,89.183,-153.283,0.047,-60.396,-64.344,-0.261,34.009,-180.15,0.004,-0.907,2.464,-0.003,-1.558,0.006,0.03,-0.36,-7.7,0.46,-4.81,-0.02,0.001,1.594,-3.88,0.011,2.287,-0.017,
2026-01-26 04:38:02.260,retreat_feeder_to_approach_machine,1637.602,1.538,1245.847,26.519,89.183,-153.285,0.048,-60.452,-64.191,-0.261,33.913,-180.15,0.004,-0.82,2.229,-0.002,-1.409,0.006,0.01,-0.53,-7.69,0.46,-4.82,-0.1,0.0,1.5,-3.669,0.01,2.17,-0.015,
2026-01-26 04:38:02.362,retreat_feeder_to_approach_machine,1638.445,1.545,1246.372,26.517,89.183,-153.287,0.048,-60.502,-64.055,-0.261,33.826,-180.149,0.003,-0.741,2.013,-0.002,-1.273,0.005,0.01,-0.34,-7.74,0.53,-4.86,-0.03,0.0,1.408,-3.461,0.01,2.053,-0.014,
2026-01-26 04:38:02.463,retreat_feeder_to_approach_machine,1639.199,1.551,1246.842,26.516,89.183,-153.289,0.048,-60.547,-63.932,-0.261,33.749,-180.149,0.003,-0.668,1.816,-0.002,-1.148,0.005,0.09,-0.32,-7.68,0.49,-4.83,-0.03,-0.0,1.32,-3.257,0.009,1.938,-0.013,
2026-01-26 04:38:02.565,retreat_feeder_to_approach_machine,1639.894,1.556,1247.277,26.514,89.183,-153.29,0.048,-60.589,-63.819,-0.262,33.677,-180.149,0.003,-0.605,1.645,-0.002,-1.04,0.004,0.08,-0.43,-7.68,0.47,-4.83,-0.04,-0.0,1.222,-3.024,0.008,1.803,-0.012,
2026-01-26 04:38:02.665,retreat_feeder_to_approach_machine,1640.476,1.561,1247.641,26.513,89.183,-153.291,0.048,-60.624,-63.724,-0.262,33.617,-180.148,0.002,-0.541,1.47,-0.002,-0.93,0.004,0.0,-0.4,-7.7,0.53,-4.92,-0.02,-0.0,1.167,-2.904,0.007,1.738,-0.011,waypoint
2026-01-26 04:38:02.767,approach_machine_to_place,1641.185,1.531,1243.783,26.546,89.184,-153.259,0.047,-60.831,-63.628,-0.263,33.729,-180.148,-0.001,-0.923,1.343,-0.003,-0.418,0.003,0.03,-0.29,-7.8,0.34,-4.86,0.02,-0.013,-0.671,-2.602,-0.001,3.279,-0.011,
2026-01-26 04:38:02.870,approach_machine_to_place,1642.041,1.422,1230.128,26.66,89.185,-153.146,0.043,-61.432,-63.539,-0.265,34.243,-180.148,-0.011,-2.195,1.23,-0.009,0.971,0.002,0.02,-0.36,-7.6,0.42,-4.88,0.03,-0.04,-4.542,-2.412,-0.018,6.974,-0.012,
2026-01-26 04:38:02.974,approach_machine_to_place,1642.693,1.325,1217.924,26.759,89.186,-153.047,0.04,-61.968,-63.46,-0.268,34.702,-180.148,-0.017,-2.987,1.121,-0.013,1.875,0.002,-0.06,-0.27,-7.72,0.53,-4.92,-0.11,-0.032,-3.444,-2.266,-0.014,5.726,-0.011,
2026-01-26 04:38:03.077,approach_machine_to_place,1643.172,1.241,1207.354,26.843,89.188,-152.963,0.037,-62.432,-63.391,-0.27,35.099,-180.148,-0.02,-3.401,1.012,-0.014,2.399,0.001,0.06,-0.28,-7.66,0.47,-4.94,-0.03,-0.024,-2.378,-2.147,-0.009,4.537,-0.009,
2026-01-26 04:38:03.177,approach_machine_to_place,1643.533,1.165,1197.878,26.918,89.189,-152.889,0.034,-62.848,-63.33,-0.271,35.454,-180.148,-0.022,-3.591,0.913,-0.015,2.689,0.001,0.03,-0.08,-7.66,0.52,-4.95,-0.05,-0.018,-1.657,-2.003,-0.006,3.67,-0.009,
2026-01-26 04:38:03.279,approach_machine_to_place,1643.81,1.095,1189.115,26.986,89.189,-152.821,0.031,-63.233,-63.273,-0.273,35.783,-180.148,-0.023,-3.654,0.827,-0.016,2.839,0.001,0.06,-0.13,-7.57,0.5,-4.99,-0.11,-0.015,-1.176,-1.85,-0.004,3.033,-0.008,
2026-01-26 04:38:03.380,approach_machine_to_place,1644.006,1.035,1181.529,27.043,89.19,-152.764,0.029,-63.566,-63.223,-0.274,36.068,-180.148,-0.023,-3.573,0.744,-0.015,2.841,0.001,-0.05,-0.02,-7.56,0.43,-4.97,-0.02,-0.01,-0.542,-1.741,-0.002,2.288,-0.007,
2026-01-26 04:38:03.483,approach_machine_to_place,1644.146,0.981,1174.729,27.095,89.191,-152.713,0.027,-63.864,-63.179,-0.276,36.323,-180.148,-0.022,-3.425,0.668,-0.015,2.768,0.0,-0.03,-0.06,-7.64,0.38,-4.93,-0.1,-0.006,-0.141,-1.618,0.0,1.763,-0.006,
2026-01-26 04:38:03.584,approach_machine_to_place,1644.244,0.932,1168.634,27.14,89.192,-152.667,0.025,-64.131,-63.14,-0.277,36.551,-180.148,-0.021,-3.237,0.6,-0.014,2.647,0.0,0.02,0.12,-7.61,0.44,-4.95,-0.07,-0.004,0.183,-1.502,0.001,1.322,-0.006,
2026-01-26 04:38:03.687,approach_machine_to_place,1644.309,0.888,1163.172,27.18,89.192,-152.627,0.024,-64.37,-63.104,-0.278,36.756,-180.148,-0.02,-3.026,0.539,-0.013,2.497,0.0,-0.03,0.04,-7.66,0.43,-4.98,-0.03,-0.002,0.442,-1.393,0.003,0.952,-0.005,
2026-01-26 04:38:03.788,approach_machine_to_place,1644.35,0.849,1158.277,27.216,89.193,-152.592,0.022,-64.585,-63.073,-0.279,36.94,-180.148,-0.018,-2.806,0.483,-0.012,2.332,0.0,0.1,0.09,-7.54,0.42,-4.91,-0.03,0.0,0.647,-1.291,0.003,0.644,-0.004,
2026-01-26 04:38:03.889,approach_machine_to_place,1644.372,0.814,1153.891,27.247,89.193,-152.56,0.021,-64.777,-63.044,-0.28,37.104,-180.148,-0.017,-2.585,0.434,-0.011,2.16,0.0,-0.08,0.01,-7.58,0.54,-4.94,-0.1,0.002,0.805,-1.195,0.004,0.389,-0.004,
2026-01-26 04:38:03.989,approach_machine_to_place,1644.379,0.784,1150.084,27.275,89.194,-152.533,0.02,-64.944,-63.019,-0.28,37.247,-180.148,-0.015,-2.355,0.387,-0.01,1.976,0.0,-0.0,0.11,-7.55,0.58,-4.94,0.08,0.003,0.979,-1.113,0.005,0.132,-0.004,
2026-01-26 04:38:04.093,approach_machine_to_place,1644.377,0.755,1146.437,27.301,89.194,-152.507,0.019,-65.104,-62.996,-0.281,37.383,-180.148,-0.014,-2.166,0.349,-0.009,1.824,0.0,-0.01,0.06,-7.49,0.47,-4.98,-0.06,0.003,0.951,-1.012,0.005,0.059,-0.003,
2026-01-26 04:38:04.194,approach_machine_to_place,1644.367,0.729,1143.181,27.324,89.195,-152.485,0.018,-65.246,-62.975,-0.282,37.505,-180.148,-0.013,-1.981,0.315,-0.009,1.673,0.0,0.04,0.09,-7.58,0.54,-4.88,-0.11,0.004,1.028,-0.936,0.005,-0.093,-0.003,
2026-01-26 04:38:04.294,approach_machine_to_place,1644.353,0.707,1140.452,27.343,89.195,-152.465,0.017,-65.366,-62.957,-0.282,37.607,-180.148,-0.012,-1.784,0.28,-0.008,1.51,0.0,-0.06,0.17,-7.53,0.47,-4.95,0.0,0.005,1.156,-0.877,0.005,-0.282,-0.003,
2026-01-26 04:38:04.396,approach_machine_to_place,1644.334,0.686,1137.838,27.361,89.195,-152.447,0.017,-65.48,-62.94,-0.283,37.705,-180.148,-0.011,-1.625,0.253,-0.007,1.377,0.0,0.1,0.14,-7.51,0.52,-4.89,-0.07,0.005,1.09,-0.797,0.005,-0.296,-0.002,
2026-01-26 04:38:04.497,approach_machine_to_place,1644.314,0.668,1135.575,27.377,89.195,-152.432,0.016,-65.579,-62.925,-0.283,37.79,-180.148,-0.01,-1.466,0.226,-0.006,1.245,-0.0,-0.12,0.13,-7.52,0.41,-4.9,-0.04,0.006,1.135,-0.74,0.005,-0.398,-0.002,waypoint
2026-01-26 04:38:04.599,place_on_machine,1644.293,0.652,1133.548,27.391,89.196,-152.418,0.015,-65.668,-62.912,-0.284,37.866,-180.148,-0.009,-1.322,0.202,-0.006,1.123,-0.0,-0.01,0.11,-7.46,0.5,-5.03,-0.07,0.006,1.125,-0.681,0.005,-0.447,-0.002,
2026-01-26 04:38:04.700,place_on_machine,1644.272,0.637,1131.731,27.403,89.196,-152.405,0.015,-65.748,-62.9,-0.284,37.934,-180.148,-0.008,-1.19,0.181,-0.005,1.013,-0.0,0.02,0.21,-7.42,0.5,-4.91,-0.01,0.006,1.105,-0.627,0.005,-0.481,-0.002,
2026-01-26 04:38:04.801,place_on_machine,1644.251,0.624,1130.103,27.414,89.196,-152.394,0.014,-65.819,-62.89,-0.284,37.995,-180.148,-0.007,-1.071,0.162,-0.005,0.912,-0.0,-0.01,0.27,-7.54,0.43,-4.89,0.01,0.006,1.077,-0.576,0.005,-0.504,-0.002,
2026-01-26 04:38:04.903,place_on_machine,1644.23,0.613,1128.645,27.424,89.196,-152.384,0.014,-65.883,-62.88,-0.284,38.05,-180.148,-0.006,-0.963,0.145,-0.004,0.82,-0.0,-0.01,0.29,-7.46,0.44,-4.75,0.04,0.006,1.043,-0.529,0.005,-0.517,-0.001,
2026-01-26 04:38:05.004,place_on_machine,1644.211,0.603,1127.379,27.433,89.196,-152.375,0.014,-65.938,-62.872,-0.285,38.097,-180.148,-0.006,-0.861,0.13,-0.004,0.734,-0.0,0.04,0.22,-7.4,0.44,-4.83,-0.02,0.006,1.024,-0.489,0.005,-0.537,-0.001,
2026-01-26 04:38:05.105,place_on_machine,1644.192,0.593,1126.203,27.441,89.196,-152.367,0.013,-65.99,-62.865,-0.285,38.141,-180.148,-0.005,-0.774,0.116,-0.003,0.66,-0.0,-0.07,0.24,-7.48,0.51,-4.83,-0.08,0.005,0.961,-0.446,0.004,-0.517,-0.001,
2026-01-26 04:38:05.208,place_on_machine,1644.174,0.585,1125.117,27.448,89.197,-152.36,0.013,-66.037,-62.858,-0.285,38.182,-180.148,-0.005,-0.699,0.105,-0.003,0.597,-0.0,0.05,0.21,-7.45,0.56,-4.93,-0.04,0.005,0.904,-0.407,0.004,-0.499,-0.001,
2026-01-26 04:38:05.308,place_on_machine,1644.158,0.577,1124.177,27.455,89.197,-152.354,0.013,-66.078,-62.851,-0.285,38.217,-180.148,-0.004,-0.627,0.094,-0.003,0.536,-0.0,-0.04,0.25,-7.53,0.49,-4.9,-0.04,0.005,0.877,-0.376,0.004,-0.504,-0.001,
2026-01-26 04:38:05.410,place_on_machine,1644.142,0.57,1123.308,27.461,89.197,-152.348,0.012,-66.116,-62.846,-0.286,38.249,-180.148,-0.004,-0.566,0.084,-0.002,0.483,-0.0,-0.06,0.23,-7.54,0.46,-4.8,-0.1,0.005,0.821,-0.343,0.004,-0.48,-0.001,
2026-01-26 04:38:05.510,place_on_machine,1644.128,0.564,1122.532,27.466,89.197,-152.343,0.012,-66.15,-62.841,-0.286,38.278,-180.148,-0.003,-0.509,0.076,-0.002,0.435,-0.0,-0.07,0.21,-7.48,0.52,-4.85,-0.03,0.004,0.779,-0.315,0.003,-0.467,-0.001,
2026-01-26 04:38:05.613,place_on_machine,1644.114,0.559,1121.839,27.471,89.197,-152.338,0.012,-66.181,-62.836,-0.286,38.304,-180.148,-0.003,-0.458,0.068,-0.002,0.391,-0.0,-0.04,0.3,-7.48,0.43,-4.86,0.03,0.004,0.738,-0.289,0.003,-0.451,-0.001,
2026-01-26 04:38:05.714,place_on_machine,1644.103,0.554,1121.259,27.474,89.197,-152.334,0.012,-66.206,-62.833,-0.286,38.326,-180.148,-0.003,-0.407,0.061,-0.002,0.348,-0.0,-0.04,0.21,-7.4,0.43,-4.82,-0.1,0.004,0.713,-0.267,0.003,-0.448,-0.001,
2026-01-26 04:38:05.818,place_on_machine,1644.092,0.55,1120.72,27.478,89.197,-152.331,0.012,-66.23,-62.829,-0.286,38.346,-180.148,-0.002,-0.364,0.054,-0.002,0.311,-0.0,0.05,0.23,-7.42,0.47,-4.85,0.03,0.004,0.66,-0.243,0.003,-0.419,-0.001,
2026-01-26 04:38:05.921,place_on_machine,1644.082,0.546,1120.237,27.481,89.197,-152.327,0.011,-66.251,-62.826,-0.286,38.364,-180.148,-0.002,-0.326,0.048,-0.001,0.279,-0.0,0.01,0.18,-7.43,0.39,-4.86,-0.01,0.004,0.619,-0.222,0.003,-0.398,-0.0,
2026-01-26 04:38:06.022,place_on_machine,1644.074,0.542,1119.818,27.484,89.197,-152.325,0.011,-66.269,-62.823,-0.286,38.38,-180.148,-0.002,-0.29,0.043,-0.001,0.248,-0.0,-0.08,0.33,-7.45,0.43,-4.81,-0.14,0.003,0.585,-0.204,0.003,-0.382,-0.0,
2026-01-26 04:38:06.125,place_on_machine,1644.066,0.539,1119.429,27.487,89.197,-152.322,0.011,-66.286,-62.821,-0.286,38.395,-180.148,-0.002,-0.26,0.039,-0.001,0.223,-0.0,-0.05,0.21,-7.44,0.45,-4.8,-0.07,0.003,0.539,-0.186,0.002,-0.355,-0.0,
2026-01-26 04:38:06.227,place_on_machine,1644.058,0.537,1119.08,27.489,89.197,-152.32,0.011,-66.301,-62.818,-0.286,38.408,-180.148,-0.002,-0.233,0.035,-0.001,0.2,-0.0,0.03,0.31,-7.47,0.43,-4.91,0.01,0.003,0.503,-0.17,0.002,-0.335,-0.0,
2026-01-26 04:38:06.328,place_on_machine,1644.051,0.534,1118.767,27.491,89.197,-152.318,0.011,-66.315,-62.816,-0.286,38.419,-180.148,-0.001,-0.209,0.031,-0.001,0.179,-0.0,0.05,0.31,-7.44,0.36,-4.87,0.0,0.003,0.469,-0.155,0.002,-0.315,-0.0,
2026-01-26 04:38:06.430,place_on_machine,1644.045,0.532,1118.47,27.493,89.197,-152.316,0.011,-66.328,-62.815,-0.286,38.431,-180.148,-0.001,-0.19,0.028,-0.001,0.162,-0.0,-0.05,0.3,-7.39,0.44,-4.87,-0.02,0.003,0.428,-0.141,0.002,-0.289,-0.0,
2026-01-26 04:38:06.533,place_on_machine,1644.041,0.53,1118.309,27.494,89.197,-152.314,0.011,-66.335,-62.813,-0.286,38.437,-180.148,-0.001,-0.16,0.024,-0.001,0.137,-0.0,-0.09,0.31,-7.49,0.42,-4.85,-0.04,0.003,0.445,-0.135,0.002,-0.311,-0.0,
2026-01-26 04:38:06.632,place_on_machine,1644.038,0.529,1118.144,27.495,89.197,-152.313,0.011,-66.342,-62.812,-0.286,38.443,-180.148,-0.001,-0.138,0.02,-0.001,0.118,-0.0,-0.01,0.26,-7.4,0.49,-4.77,-0.04,0.002,0.399,-0.122,0.002,-0.278,-0.0,
2026-01-26 04:38:06.838,place_on_machine,1644.029,0.526,1117.73,27.498,89.197,-152.311,0.011,-66.361,-62.81,-0.287,38.458,-180.148,-0.001,-0.117,0.017,-0.001,0.1,-0.0,0.09,0.28,-7.41,0.54,-4.8,-0.06,0.002,0.311,-0.097,0.001,-0.215,-0.0,
2026-01-26 04:38:06.940,place_on_machine,1644.025,0.524,1117.558,27.499,89.197,-152.309,0.011,-66.368,-62.809,-0.287,38.465,-180.148,-0.001,-0.107,0.016,-0.0,0.091,-0.0,0.04,0.24,-7.47,0.39,-4.88,-0.15,0.002,0.291,-0.089,0.001,-0.203,-0.0,
2026-01-26 04:38:07.143,place_on_machine,1644.018,0.522,1117.274,27.501,89.197,-152.308,0.011,-66.38,-62.807,-0.287,38.475,-180.148,-0.001,-0.087,0.013,-0.0,0.074,-0.0,-0.06,0.32,-7.41,0.55,-4.88,-0.03,0.002,0.254,-0.075,0.001,-0.18,-0.0,
2026-01-26 04:38:07.245,place_on_machine,1644.016,0.521,1117.149,27.502,89.197,-152.307,0.011,-66.386,-62.806,-0.287,38.48,-180.148,-0.001,-0.079,0.012,-0.0,0.067,-0.0,0.03,0.16,-7.4,0.43,-4.83,-0.0,0.001,0.23,-0.067,0.001,-0.164,-0.0,
2026-01-26 04:38:07.448,place_on_machine,1644.011,0.519,1116.941,27.503,89.197,-152.305,0.011,-66.395,-62.805,-0.287,38.488,-180.148,-0.0,-0.064,0.01,-0.0,0.055,-0.0,-0.01,0.24,-7.45,0.45,-4.95,-0.06,0.001,0.197,-0.056,0.001,-0.141,-0.0,
2026-01-26 04:38:07.549,place_on_machine,1644.009,0.519,1116.853,27.504,89.197,-152.305,0.01,-66.399,-62.804,-0.287,38.491,-180.148,-0.0,-0.058,0.009,-0.0,0.049,-0.0,0.01,0.27,-7.41,0.42,-4.96,-0.03,0.001,0.183,-0.051,0.001,-0.132,-0.0,
2026-01-26 04:38:07.753,place_on_machine,1644.005,0.518,1116.695,27.505,89.198,-152.304,0.01,-66.406,-62.803,-0.287,38.497,-180.148,-0.0,-0.047,0.007,-0.0,0.041,-0.0,-0.03,0.18,-7.44,0.47,-4.9,0.01,0.001,0.153,-0.042,0.001,-0.112,-0.0,
2026-01-26 04:38:07.960,place_on_machine,1644.002,0.517,1116.571,27.506,89.198,-152.303,0.01,-66.411,-62.802,-0.287,38.502,-180.148,-0.0,-0.038,0.006,-0.0,0.033,-0.0,-0.06,0.24,-7.42,0.44,-4.91,-0.04,0.001,0.131,-0.035,0.001,-0.096,-0.0,
2026-01-26 04:38:08.060,place_to_retreat_machine,1640.991,0.505,1116.509,27.488,89.197,-152.32,0.01,-66.17,-63.289,-0.286,38.747,-180.149,-0.001,0.574,-1.212,0.001,0.637,-0.002,-0.01,-0.23,-9.81,0.52,-4.97,-0.03,-0.003,2.555,-4.901,0.005,2.343,-0.01,
2026-01-26 04:38:08.164,place_to_retreat_machine,1617.805,0.419,1116.426,27.404,89.196,-152.403,0.007,-64.362,-66.91,-0.283,40.558,-180.157,-0.009,4.952,-9.962,0.009,5.006,-0.021,-0.05,-0.11,-9.13,0.53,-4.88,-0.01,-0.03,17.972,-35.758,0.033,17.771,-0.077,
2026-01-26 04:38:08.268,place_to_retreat_machine,1595.794,0.343,1116.43,27.326,89.195,-152.48,0.004,-62.737,-70.163,-0.28,42.185,-180.164,-0.014,7.775,-15.604,0.014,7.823,-0.033,-0.17,-0.01,-8.58,0.52,-4.81,0.02,-0.024,14.337,-28.501,0.026,14.152,-0.061,
2026-01-26 04:38:08.371,place_to_retreat_machine,1574.472,0.275,1116.499,27.251,89.195,-152.554,0.001,-61.236,-73.17,-0.277,43.689,-180.171,-0.017,9.585,-19.22,0.017,9.627,-0.041,-0.04,0.14,-8.12,0.41,-4.76,-0.02,-0.019,11.672,-23.185,0.021,11.504,-0.05,
2026-01-26 04:38:08.473,place_to_retreat_machine,1555.887,0.219,1116.605,27.186,89.194,-152.618,-0.001,-59.977,-75.69,-0.275,44.95,-180.176,-0.018,10.335,-20.715,0.019,10.371,-0.044,0.06,0.1,-7.78,0.51,-4.84,-0.06,-0.013,8.074,-16.001,0.015,7.919,-0.034,
2026-01-26 04:38:08.576,place_to_retreat_machine,1538.054,0.168,1116.743,27.124,89.193,-152.679,-0.003,-58.808,-78.03,-0.273,46.12,-180.181,-0.018,10.673,-21.386,0.019,10.705,-0.046,0.09,0.2,-7.5,0.5,-4.74,-0.08,-0.01,6.369,-12.602,0.012,6.228,-0.027,
2026-01-26 04:38:08.678,place_to_retreat_machine,1521.612,0.123,1116.899,27.068,89.193,-152.735,-0.005,-57.761,-80.127,-0.271,47.169,-180.185,-0.018,10.623,-21.282,0.019,10.65,-0.046,-0.02,0.24,-7.33,0.39,-4.88,-0.06,-0.007,4.517,-8.908,0.008,4.388,-0.019,
2026-01-26 04:38:08.780,place_to_retreat_machine,1506.512,0.084,1117.065,27.018,89.192,-152.785,-0.006,-56.823,-82.005,-0.27,48.109,-180.19,-0.018,10.312,-20.658,0.019,10.337,-0.044,0.05,0.31,-7.07,0.46,-4.84,-0.04,-0.005,2.976,-5.837,0.006,2.858,-0.013,
2026-01-26 04:38:08.882,place_to_retreat_machine,1492.691,0.05,1117.234,26.972,89.192,-152.831,-0.008,-55.982,-83.689,-0.268,48.951,-180.193,-0.017,9.836,-19.702,0.018,9.858,-0.042,0.04,0.23,-7.0,0.45,-4.85,-0.03,-0.002,1.703,-3.3,0.003,1.595,-0.007,
2026-01-26 04:38:08.984,place_to_retreat_machine,1480.076,0.019,1117.402,26.931,89.191,-152.872,-0.009,-55.229,-85.197,-0.267,49.705,-180.196,-0.016,9.26,-18.547,0.017,9.28,-0.04,0.05,0.19,-6.85,0.33,-4.91,-0.1,-0.001,0.658,-1.219,0.001,0.56,-0.003,
2026-01-26 04:38:09.084,place_to_retreat_machine,1468.954,-0.007,1117.561,26.895,89.191,-152.908,-0.01,-54.576,-86.506,-0.266,50.36,-180.199,-0.015,8.579,-17.182,0.015,8.596,-0.037,0.09,0.24,-6.75,0.37,-4.81,-0.13,0.001,-0.404,0.898,-0.001,-0.494,0.002,
2026-01-26 04:38:09.186,place_to_retreat_machine,1458.481,-0.03,1117.719,26.862,89.191,-152.941,-0.011,-53.969,-87.721,-0.264,50.968,-180.202,-0.014,7.952,-15.925,0.014,7.967,-0.034,0.0,0.23,-6.65,0.43,-4.79,-0.06,0.002,-0.83,1.742,-0.001,-0.912,0.004,
2026-01-26 04:38:09.289,place_to_retreat_machine,1448.98,-0.051,1117.869,26.832,89.19,-152.971,-0.012,-53.425,-88.81,-0.263,51.512,-180.204,-0.013,7.323,-14.666,0.013,7.337,-0.031,0.02,0.19,-6.61,0.3,-4.82,-0.09,0.003,-1.378,2.832,-0.002,-1.453,0.006,
2026-01-26 04:38:09.391,place_to_retreat_machine,1440.373,-0.07,1118.01,26.806,89.19,-152.998,-0.013,-52.937,-89.786,-0.263,52.0,-180.206,-0.012,6.711,-13.439,0.012,6.723,-0.029,0.05,0.31,-6.68,0.33,-4.87,0.03,0.003,-1.806,3.681,-0.003,-1.874,0.008,
2026-01-26 04:38:09.491,place_to_retreat_machine,1432.587,-0.086,1118.143,26.782,89.19,-153.022,-0.014,-52.501,-90.66,-0.262,52.438,-180.208,-0.011,6.125,-12.265,0.011,6.135,-0.026,-0.04,0.14,-6.56,0.47,-4.87,-0.03,0.004,-2.132,4.328,-0.004,-2.194,0.009,
2026-01-26 04:38:09.592,place_to_retreat_machine,1426.223,-0.099,1118.254,26.763,89.19,-153.041,-0.014,-52.147,-91.369,-0.261,52.792,-180.21,-0.009,5.478,-10.971,0.01,5.488,-0.024,0.09,0.3,-6.47,0.43,-4.86,-0.12,0.005,-2.745,5.549,-0.005,-2.802,0.012,
2026-01-26 04:38:09.694,place_to_retreat_machine,1419.602,-0.112,1118.372,26.743,89.19,-153.061,-0.015,-51.781,-92.101,-0.26,53.158,-180.211,-0.009,5.023,-10.058,0.009,5.031,-0.022,0.0,0.17,-6.41,0.38,-4.77,-0.0,0.004,-2.355,4.763,-0.004,-2.406,0.01,
2026-01-26 04:38:09.797,place_to_retreat_machine,1413.47,-0.125,1118.484,26.724,89.189,-153.08,-0.015,-51.445,-92.774,-0.26,53.495,-180.213,-0.008,4.608,-9.227,0.008,4.615,-0.02,-0.02,0.19,-6.38,0.23,-4.85,0.01,0.004,-2.412,4.873,-0.004,-2.459,0.01,
2026-01-26 04:38:09.899,place_to_retreat_machine,1408.143,-0.135,1118.583,26.708,89.189,-153.096,-0.016,-51.155,-93.355,-0.259,53.786,-180.214,-0.007,4.181,-8.373,0.008,4.188,-0.018,0.08,0.21,-6.41,0.41,-4.86,-0.03,0.005,-2.631,5.307,-0.005,-2.674,0.011,
2026-01-26 04:38:10.002,place_to_retreat_machine,1403.362,-0.144,1118.674,26.694,89.189,-153.11,-0.016,-50.896,-93.874,-0.259,54.045,-180.215,-0.007,3.784,-7.577,0.007,3.79,-0.016,0.02,0.17,-6.35,0.34,-4.93,0.03,0.005,-2.679,5.399,-0.005,-2.718,0.012,
2026-01-26 04:38:10.104,place_to_retreat_machine,1399.205,-0.152,1118.754,26.682,89.189,-153.123,-0.017,-50.671,-94.323,-0.258,54.27,-180.216,-0.006,3.399,-6.806,0.006,3.404,-0.015,0.02,0.06,-6.38,0.41,-4.89,-0.04,0.005,-2.76,5.557,-0.005,-2.795,0.012,
2026-01-26 04:38:10.206,place_to_retreat_machine,1395.464,-0.159,1118.827,26.671,89.189,-153.134,-0.017,-50.47,-94.726,-0.258,54.471,-180.217,-0.005,3.051,-6.11,0.005,3.056,-0.013,-0.06,0.07,-6.3,0.34,-4.8,0.01,0.005,-2.717,5.469,-0.005,-2.749,0.012,
2026-01-26 04:38:10.307,place_to_retreat_machine,1392.101,-0.165,1118.893,26.661,89.189,-153.143,-0.017,-50.29,-95.086,-0.258,54.652,-180.218,-0.005,2.739,-5.484,0.005,2.743,-0.012,0.05,0.2,-6.28,0.35,-4.91,-0.06,0.005,-2.654,5.34,-0.005,-2.684,0.011,
2026-01-26 04:38:10.409,place_to_retreat_machine,1389.173,-0.171,1118.951,26.653,89.189,-153.152,-0.018,-50.134,-95.399,-0.258,54.808,-180.218,-0.004,2.445,-4.895,0.004,2.449,-0.01,-0.03,0.22,-6.24,0.3,-4.83,-0.04,0.005,-2.627,5.283,-0.005,-2.654,0.011,
2026-01-26 04:38:10.512,place_to_retreat_machine,1386.446,-0.176,1119.005,26.645,89.189,-153.16,-0.018,-49.989,-95.69,-0.257,54.953,-180.219,-0.004,2.196,-4.398,0.004,2.2,-0.009,-0.04,0.12,-6.39,0.31,-4.87,-0.05,0.004,-2.476,4.978,-0.004,-2.5,0.011,
2026-01-26 04:38:10.613,place_to_retreat_machine,1383.997,-0.18,1119.055,26.638,89.189,-153.167,-0.018,-49.859,-95.95,-0.257,55.084,-180.219,-0.003,1.972,-3.949,0.004,1.975,-0.008,0.07,0.09,-6.35,0.34,-4.86,-0.01,0.004,-2.379,4.783,-0.004,-2.401,0.01,
2026-01-26 04:38:10.714,place_to_retreat_machine,1381.728,-0.184,1119.101,26.631,89.189,-153.174,-0.018,-49.739,-96.191,-0.257,55.204,-180.22,-0.003,1.779,-3.563,0.003,1.782,-0.008,0.03,0.14,-6.35,0.29,-4.83,-0.06,0.004,-2.24,4.502,-0.004,-2.26,0.01,
2026-01-26 04:38:10.817,place_to_retreat_machine,1379.76,-0.188,1119.141,26.626,89.188,-153.179,-0.019,-49.635,-96.399,-0.257,55.308,-180.22,-0.003,1.595,-3.193,0.003,1.597,-0.007,0.0,0.05,-6.33,0.4,-4.89,-0.01,0.004,-2.177,4.375,-0.004,-2.196,0.009,
2026-01-26 04:38:10.918,place_to_retreat_machine,1377.993,-0.191,1119.177,26.621,89.188,-153.184,-0.019,-49.542,-96.585,-0.256,55.401,-180.221,-0.002,1.429,-2.861,0.003,1.431,-0.006,-0.04,0.14,-6.42,0.35,-4.92,0.03,0.004,-2.068,4.154,-0.004,-2.085,0.009,
2026-01-26 04:38:11.021,place_to_retreat_machine,1376.408,-0.194,1119.21,26.616,89.188,-153.189,-0.019,-49.458,-96.753,-0.256,55.485,-180.221,-0.002,1.28,-2.564,0.002,1.282,-0.005,-0.01,0.08,-6.38,0.31,-4.86,-0.05,0.003,-1.958,3.933,-0.004,-1.973,0.008,
2026-01-26 04:38:11.123,place_to_retreat_machine,1374.985,-0.196,1119.239,26.612,89.188,-153.193,-0.019,-49.383,-96.902,-0.256,55.56,-180.221,-0.002,1.147,-2.297,0.002,1.149,-0.005,0.04,0.09,-6.31,0.36,-4.82,-0.02,0.003,-1.849,3.713,-0.003,-1.863,0.008,
2026-01-26 04:38:11.223,place_to_retreat_machine,1373.749,-0.199,1119.265,26.609,89.188,-153.197,-0.019,-49.319,-97.032,-0.256,55.625,-180.222,-0.002,1.023,-2.048,0.002,1.024,-0.004,0.01,0.01,-6.23,0.32,-4.83,0.04,0.003,-1.763,3.54,-0.003,-1.776,0.008,
2026-01-26 04:38:11.326,place_to_retreat_machine,1372.6,-0.201,1119.289,26.606,89.188,-153.2,-0.019,-49.258,-97.153,-0.256,55.685,-180.222,-0.002,0.918,-1.838,0.002,0.919,-0.004,0.03,0.02,-6.31,0.36,-4.86,-0.05,0.003,-1.633,3.279,-0.003,-1.644,0.007,
2026-01-26 04:38:11.428,place_to_retreat_machine,1371.569,-0.203,1119.31,26.603,89.188,-153.203,-0.019,-49.204,-97.261,-0.256,55.739,-180.222,-0.001,0.823,-1.649,0.001,0.825,-0.004,0.01,0.06,-6.39,0.3,-4.83,-0.06,0.003,-1.532,3.076,-0.003,-1.543,0.007,
2026-01-26 04:38:11.531,place_to_retreat_machine,1370.645,-0.204,1119.329,26.6,89.188,-153.206,-0.019,-49.156,-97.358,-0.256,55.788,-180.222,-0.001,0.738,-1.479,0.001,0.74,-0.003,-0.04,0.08,-6.29,0.25,-4.9,-0.01,0.003,-1.435,2.881,-0.003,-1.445,0.006,waypoint
2026-01-26 04:38:11.631,place_to_retreat_machine,1358.175,-0.206,1135.199,26.616,89.189,-153.189,-0.02,-47.66,-98.769,-0.256,55.703,-180.222,-0.002,4.294,-4.636,-0.001,0.343,-0.001,-0.0,0.12,-6.05,0.3,-4.75,-0.0,0.0,13.186,-10.546,-0.01,-2.633,0.014,
2026-01-26 04:38:11.732,place_to_retreat_machine,1318.855,-0.209,1182.268,26.673,89.19,-153.132,-0.02,-43.104,-102.967,-0.259,55.347,-180.219,-0.003,14.609,-13.971,-0.006,-0.633,0.006,-0.0,-0.17,-5.94,0.26,-4.5,-0.04,-0.005,42.459,-37.359,-0.024,-5.083,0.031,
2026-01-26 04:38:11.832,place_to_retreat_machine,1280.623,-0.21,1221.597,26.725,89.191,-153.08,-0.021,-39.007,-106.742,-0.26,55.027,-180.217,-0.004,21.2,-19.917,-0.009,-1.276,0.01,-0.04,-0.48,-5.88,0.33,-4.36,-0.06,-0.003,33.632,-29.402,-0.019,-4.217,0.025,
2026-01-26 04:38:11.935,place_to_retreat_machine,1242.88,-0.209,1255.4,26.775,89.192,-153.031,-0.022,-35.202,-110.248,-0.262,54.729,-180.215,-0.005,25.412,-23.703,-0.011,-1.701,0.012,0.0,-0.89,-5.83,0.3,-4.32,-0.06,-0.002,27.345,-23.767,-0.016,-3.567,0.021,
2026-01-26 04:38:12.037,place_to_retreat_machine,1206.239,-0.206,1284.192,26.821,89.193,-152.984,-0.022,-31.686,-113.488,-0.264,54.454,-180.213,-0.005,27.85,-25.878,-0.013,-1.963,0.014,-0.06,-1.18,-5.82,0.31,-4.31,-0.07,-0.002,21.727,-18.734,-0.013,-2.984,0.017,
2026-01-26 04:38:12.137,place_to_retreat_machine,1172.226,-0.203,1307.825,26.863,89.194,-152.942,-0.023,-28.546,-116.381,-0.265,54.209,-180.211,-0.005,28.736,-26.64,-0.013,-2.086,0.015,-0.06,-1.58,-5.99,0.25,-4.26,0.02,-0.001,15.782,-13.385,-0.01,-2.391,0.014,
2026-01-26 04:38:12.240,place_to_retreat_machine,1138.988,-0.199,1328.344,26.903,89.195,-152.902,-0.023,-25.574,-119.12,-0.267,53.976,-180.21,-0.005,28.984,-26.828,-0.013,-2.145,0.015,-0.05,-2.03,-5.98,0.29,-4.37,-0.14,-0.001,12.538,-10.511,-0.008,-2.022,0.011,
2026-01-26 04:38:12.342,place_to_retreat_machine,1110.521,-0.195,1344.063,26.938,89.196,-152.868,-0.024,-23.09,-121.409,-0.268,53.782,-180.209,-0.005,27.947,-25.843,-0.013,-2.095,0.015,-0.12,-2.41,-6.06,0.31,-4.32,-0.07,0.0,6.394,-4.954,-0.005,-1.437,0.008,
2026-01-26 04:38:12.442,place_to_retreat_machine,1085.417,-0.191,1356.6,26.967,89.197,-152.838,-0.024,-20.94,-123.39,-0.269,53.614,-180.207,-0.004,26.334,-24.334,-0.012,-1.991,0.014,-0.15,-2.74,-6.18,0.26,-4.39,-0.01,0.001,2.414,-1.38,-0.003,-1.032,0.005,
2026-01-26 04:38:12.543,place_to_retreat_machine,1062.589,-0.187,1366.977,26.994,89.197,-152.811,-0.024,-19.014,-125.165,-0.27,53.463,-180.206,-0.004,24.566,-22.688,-0.011,-1.87,0.013,-0.03,-3.21,-6.18,0.4,-4.54,-0.01,0.001,-0.063,0.818,-0.002,-0.754,0.003,
2026-01-26 04:38:12.645,place_to_retreat_machine,1041.235,-0.183,1375.841,27.019,89.198,-152.786,-0.025,-17.234,-126.805,-0.271,53.324,-180.205,-0.004,22.875,-21.117,-0.011,-1.75,0.012,-0.11,-3.5,-6.37,0.24,-4.47,-0.05,0.001,-1.516,2.081,-0.001,-0.565,0.002,
2026-01-26 04:38:12.748,place_to_retreat_machine,1021.393,-0.179,1383.371,27.043,89.198,-152.763,-0.025,-15.597,-128.314,-0.272,53.196,-180.205,-0.004,21.25,-19.61,-0.01,-1.633,0.011,-0.09,-3.67,-6.33,0.37,-4.5,-0.03,0.001,-2.791,3.187,0.0,-0.397,0.001,
2026-01-26 04:38:12.848,place_to_retreat_machine,1004.656,-0.175,1389.209,27.062,89.199,-152.743,-0.025,-14.226,-129.577,-0.272,53.089,-180.204,-0.003,19.363,-17.864,-0.009,-1.493,0.01,-0.05,-4.06,-6.35,0.32,-4.58,-0.01,0.002,-5.183,5.33,0.001,-0.148,-0.0,
2026-01-26 04:38:12.950,place_to_retreat_machine,988.613,-0.172,1394.374,27.081,89.199,-152.724,-0.025,-12.921,-130.779,-0.273,52.987,-180.203,-0.003,17.785,-16.404,-0.008,-1.374,0.009,-0.08,-4.31,-6.46,0.31,-4.58,-0.03,0.002,-5.318,5.399,0.001,-0.082,-0.001,
2026-01-26 04:38:13.053,place_to_retreat_machine,974.691,-0.168,1398.521,27.097,89.199,-152.708,-0.026,-11.795,-131.817,-0.273,52.899,-180.203,-0.003,16.155,-14.899,-0.008,-1.251,0.009,-0.05,-4.37,-6.43,0.35,-4.64,-0.09,0.002,-6.571,6.504,0.002,0.065,-0.002,
2026-01-26 04:38:13.153,place_to_retreat_machine,962.974,-0.166,1401.773,27.111,89.2,-152.694,-0.026,-10.85,-132.687,-0.274,52.825,-180.202,-0.002,14.477,-13.349,-0.007,-1.123,0.008,-0.02,-4.68,-6.55,0.3,-4.69,-0.1,0.002,-7.737,7.533,0.003,0.202,-0.002,
2026-01-26 04:38:13.256,place_to_retreat_machine,952.058,-0.163,1404.61,27.124,89.2,-152.682,-0.026,-9.973,-133.495,-0.274,52.756,-180.202,-0.002,13.05,-12.032,-0.006,-1.014,0.007,0.0,-4.78,-6.55,0.48,-4.64,-0.1,0.002,-7.637,7.401,0.003,0.234,-0.002,
2026-01-26 04:38:13.358,place_to_retreat_machine,942.249,-0.161,1407.002,27.135,89.2,-152.67,-0.026,-9.188,-134.219,-0.275,52.695,-180.201,-0.002,11.752,-10.834,-0.006,-0.914,0.006,-0.08,-4.92,-6.56,0.34,-4.69,-0.08,0.002,-7.785,7.501,0.003,0.282,-0.003,
2026-01-26 04:38:13.460,place_to_retreat_machine,933.44,-0.158,1409.025,27.145,89.2,-152.66,-0.026,-8.484,-134.868,-0.275,52.64,-180.201,-0.002,10.574,-9.747,-0.005,-0.823,0.006,-0.02,-5.11,-6.56,0.4,-4.86,-0.01,0.002,-7.824,7.504,0.003,0.318,-0.003,
2026-01-26 04:38:13.560,place_to_retreat_machine,925.781,-0.156,1410.687,27.154,89.201,-152.651,-0.026,-7.873,-135.431,-0.275,52.592,-180.2,-0.002,9.457,-8.717,-0.004,-0.737,0.005,-0.01,-5.27,-6.61,0.35,-4.67,-0.08,0.002,-7.973,7.612,0.003,0.359,-0.003,
2026-01-26 04:38:13.661,place_to_retreat_machine,918.659,-0.154,1412.153,27.163,89.201,-152.643,-0.026,-7.306,-135.953,-0.275,52.548,-180.2,-0.001,8.511,-7.845,-0.004,-0.663,0.005,-0.07,-5.31,-6.56,0.31,-4.75,-0.0,0.002,-7.611,7.252,0.003,0.357,-0.003,
2026-01-26 04:38:13.763,place_to_retreat_machine,912.47,-0.153,1413.365,27.17,89.201,-152.635,-0.026,-6.814,-136.407,-0.276,52.509,-180.2,-0.001,7.614,-7.017,-0.004,-0.594,0.004,0.0,-5.41,-6.57,0.27,-4.72,-0.04,0.002,-7.601,7.218,0.003,0.38,-0.003,
2026-01-26 04:38:13.863,place_to_retreat_machine,906.717,-0.151,1414.44,27.177,89.201,-152.629,-0.026,-6.357,-136.828,-0.276,52.474,-180.2,-0.001,6.853,-6.316,-0.003,-0.535,0.004,-0.03,-5.45,-6.64,0.29,-4.81,-0.04,0.001,-7.192,6.82,0.003,0.369,-0.003,
2026-01-26 04:38:13.965,place_to_retreat_machine,901.395,-0.15,1415.391,27.183,89.201,-152.622,-0.027,-5.934,-137.217,-0.276,52.441,-180.199,-0.001,6.196,-5.71,-0.003,-0.484,0.003,0.0,-5.56,-6.53,0.4,-4.85,0.04,0.001,-6.819,6.457,0.003,0.36,-0.003,
2026-01-26 04:38:14.069,place_to_retreat_machine,896.785,-0.149,1416.18,27.188,89.201,-152.617,-0.027,-5.568,-137.554,-0.276,52.412,-180.199,-0.001,5.561,-5.125,-0.003,-0.434,0.003,-0.04,-5.68,-6.58,0.37,-4.81,-0.05,0.001,-6.705,6.335,0.003,0.368,-0.003,
2026-01-26 04:38:14.169,place_to_retreat_machine,892.263,-0.147,1416.923,27.194,89.201,-152.612,-0.027,-5.21,-137.884,-0.276,52.384,-180.199,-0.001,5.067,-4.669,-0.002,-0.396,0.003,-0.07,-5.75,-6.57,0.39,-4.86,-0.01,0.001,-6.107,5.768,0.003,0.337,-0.003,
2026-01-26 04:38:14.269,place_to_retreat_machine,888.482,-0.146,1417.522,27.198,89.201,-152.607,-0.027,-4.911,-138.16,-0.277,52.361,-180.199,-0.001,4.549,-4.192,-0.002,-0.355,0.002,0.04,-5.78,-6.53,0.32,-4.91,-0.01,0.001,-6.086,5.734,0.003,0.349,-0.003,
2026-01-26 04:38:14.371,place_to_retreat_machine,885.105,-0.145,1418.038,27.202,89.201,-152.603,-0.027,-4.643,-138.407,-0.277,52.34,-180.199,-0.001,4.08,-3.76,-0.002,-0.319,0.002,0.05,-5.79,-6.58,0.32,-4.81,0.04,0.001,-5.798,5.457,0.002,0.339,-0.003,
2026-01-26 04:38:14.476,place_to_retreat_machine,882.089,-0.145,1418.485,27.206,89.202,-152.6,-0.027,-4.405,-138.627,-0.277,52.321,-180.199,-0.001,3.657,-3.37,-0.002,-0.286,0.002,-0.11,-5.82,-6.54,0.42,-4.88,-0.08,0.001,-5.505,5.176,0.002,0.328,-0.002,
2026-01-26 04:38:14.578,place_to_retreat_machine,879.561,-0.144,1418.85,27.209,89.202,-152.597,-0.027,-4.205,-138.811,-0.277,52.305,-180.198,-0.001,3.242,-2.988,-0.002,-0.253,0.002,0.02,-5.87,-6.59,0.35,-4.82,-0.07,0.001,-5.341,5.014,0.002,0.325,-0.002,
2026-01-26 04:38:14.680,place_to_retreat_machine,877.286,-0.143,1419.169,27.212,89.202,-152.594,-0.027,-4.025,-138.977,-0.277,52.291,-180.198,-0.0,2.882,-2.655,-0.001,-0.225,0.002,0.01,-5.89,-6.63,0.36,-4.89,0.04,0.001,-5.008,4.698,0.002,0.309,-0.002,
2026-01-26 04:38:14.781,place_to_retreat_machine,875.174,-0.143,1419.46,27.214,89.202,-152.591,-0.027,-3.858,-139.131,-0.277,52.278,-180.198,-0.0,2.579,-2.376,-0.001,-0.202,0.001,0.05,-5.97,-6.69,0.37,-4.76,0.05,0.001,-4.636,4.347,0.002,0.288,-0.002,
2026-01-26 04:38:14.884,place_to_retreat_machine,873.28,-0.142,1419.714,27.216,89.202,-152.589,-0.027,-3.708,-139.269,-0.277,52.267,-180.198,-0.0,2.308,-2.127,-0.001,-0.18,0.001,0.02,-6.0,-6.57,0.4,-4.9,-0.06,0.001,-4.346,4.072,0.002,0.273,-0.002,
2026-01-26 04:38:14.984,place_to_retreat_machine,871.637,-0.142,1419.931,27.218,89.202,-152.587,-0.027,-3.578,-139.388,-0.277,52.256,-180.198,-0.0,2.056,-1.894,-0.001,-0.161,0.001,0.03,-6.05,-6.62,0.35,-4.82,-0.01,0.001,-4.109,3.847,0.002,0.261,-0.002,
2026-01-26 04:38:15.087,place_to_retreat_machine,870.063,-0.141,1420.135,27.22,89.202,-152.585,-0.027,-3.454,-139.503,-0.277,52.247,-180.198,-0.0,1.853,-1.707,-0.001,-0.145,0.001,0.06,-6.03,-6.62,0.34,-4.8,-0.01,0.001,-3.753,3.513,0.002,0.239,-0.002,
2026-01-26 04:38:15.187,place_to_retreat_machine,868.7,-0.141,1420.308,27.222,89.202,-152.584,-0.027,-3.346,-139.602,-0.277,52.238,-180.198,-0.0,1.659,-1.529,-0.001,-0.13,0.001,0.08,-6.03,-6.65,0.3,-4.94,-0.07,0.001,-3.545,3.316,0.002,0.228,-0.002,
2026-01-26 04:38:15.287,place_to_retreat_machine,867.518,-0.14,1420.457,27.223,89.202,-152.582,-0.027,-3.253,-139.688,-0.277,52.231,-180.198,-0.0,1.478,-1.362,-0.001,-0.116,0.001,0.1,-6.12,-6.58,0.35,-4.84,-0.06,0.001,-3.333,3.116,0.001,0.216,-0.002,
2026-01-26 04:38:15.389,wait_for_machining,866.385,-0.14,1420.597,27.225,89.202,-152.581,-0.027,-3.163,-139.771,-0.277,52.224,-180.198,-0.0,1.332,-1.227,-0.001,-0.104,0.001,0.02,-6.1,-6.57,0.32,-4.88,-0.13,0.001,-3.039,2.84,0.001,0.198,-0.001,
2026-01-26 04:38:15.491,wait_for_machining,865.404,-0.14,1420.717,27.226,89.202,-152.58,-0.027,-3.086,-139.842,-0.277,52.218,-180.198,-0.0,1.193,-1.099,-0.001,-0.093,0.001,-0.07,-6.14,-6.58,0.34,-4.89,-0.04,0.001,-2.856,2.667,0.001,0.188,-0.001,
2026-01-26 04:38:15.594,wait_for_machining,864.554,-0.14,1420.819,27.227,89.202,-152.579,-0.027,-3.018,-139.904,-0.277,52.213,-180.198,-0.0,1.063,-0.979,-0.001,-0.083,0.001,0.06,-6.16,-6.52,0.31,-4.84,0.07,0.0,-2.673,2.495,0.001,0.177,-0.001,
2026-01-26 04:38:15.698,wait_for_machining,863.813,-0.139,1420.908,27.228,89.202,-152.578,-0.027,-2.96,-139.958,-0.278,52.208,-180.198,-0.0,0.943,-0.869,-0.0,-0.074,0.001,0.02,-6.09,-6.59,0.36,-4.81,0.02,0.0,-2.493,2.326,0.001,0.166,-0.001,
2026-01-26 04:38:15.799,wait_for_machining,863.123,-0.139,1420.99,27.228,89.202,-152.577,-0.027,-2.905,-140.008,-0.278,52.204,-180.198,-0.0,0.844,-0.777,-0.0,-0.066,0.0,0.09,-6.14,-6.59,0.43,-4.85,-0.04,0.0,-2.283,2.129,0.001,0.152,-0.001,
2026-01-26 04:38:15.900,wait_for_machining,862.522,-0.139,1421.061,27.229,89.202,-152.576,-0.027,-2.858,-140.052,-0.278,52.2,-180.198,-0.0,0.751,-0.692,-0.0,-0.059,0.0,0.01,-6.23,-6.55,0.42,-4.88,-0.05,0.0,-2.125,1.982,0.001,0.143,-0.001,
2026-01-26 04:38:16.001,wait_for_machining,861.961,-0.139,1421.126,27.23,89.202,-152.576,-0.027,-2.814,-140.093,-0.278,52.197,-180.198,-0.0,0.674,-0.621,-0.0,-0.053,0.0,-0.09,-6.19,-6.64,0.32,-4.85,-0.09,0.0,-1.945,1.813,0.001,0.131,-0.001,
2026-01-26 04:38:16.102,wait_for_machining,861.457,-0.139,1421.185,27.23,89.202,-152.575,-0.027,-2.774,-140.129,-0.278,52.193,-180.198,-0.0,0.605,-0.558,-0.0,-0.047,0.0,0.05,-6.21,-6.62,0.26,-4.81,-0.03,0.0,-1.795,1.673,0.001,0.121,-0.001,
2026-01-26 04:38:16.204,wait_for_machining,860.988,-0.138,1421.239,27.231,89.202,-152.574,-0.027,-2.737,-140.163,-0.278,52.191,-180.198,-0.0,0.546,-0.503,-0.0,-0.043,0.0,0.02,-6.1,-6.49,0.33,-4.87,-0.0,0.0,-1.644,1.532,0.001,0.111,-0.001,
2026-01-26 04:38:16.305,wait_for_machining,860.582,-0.138,1421.285,27.231,89.202,-152.574,-0.027,-2.705,-140.193,-0.278,52.188,-180.198,-0.0,0.49,-0.451,-0.0,-0.038,0.0,0.0,-6.17,-6.61,0.4,-4.87,-0.11,0.0,-1.528,1.424,0.001,0.104,-0.001,
2026-01-26 04:38:16.407,wait_for_machining,860.229,-0.138,1421.326,27.232,89.202,-152.574,-0.027,-2.677,-140.219,-0.278,52.186,-180.198,-0.0,0.437,-0.403,-0.0,-0.034,0.0,0.04,-6.14,-6.63,0.34,-4.91,-0.06,0.0,-1.417,1.32,0.001,0.097,-0.001,
2026-01-26 04:38:16.512,wait_for_machining,859.91,-0.138,1421.362,27.232,89.202,-152.573,-0.027,-2.652,-140.242,-0.278,52.184,-180.198,-0.0,0.391,-0.36,-0.0,-0.031,0.0,-0.0,-6.16,-6.58,0.31,-4.86,-0.06,0.0,-1.303,1.213,0.001,0.089,-0.001,
2026-01-26 04:38:16.614,wait_for_machining,859.622,-0.138,1421.395,27.233,89.202,-152.573,-0.027,-2.629,-140.263,-0.278,52.182,-180.198,-0.0,0.35,-0.323,-0.0,-0.027,0.0,-0.02,-6.12,-6.56,0.45,-4.88,-0.05,0.0,-1.197,1.114,0.001,0.082,-0.001,
2026-01-26 04:38:16.718,wait_for_machining,859.415,-0.138,1421.418,27.233,89.202,-152.573,-0.027,-2.613,-140.278,-0.278,52.181,-180.198,-0.0,0.303,-0.279,-0.0,-0.024,0.0,0.01,-6.12,-6.64,0.43,-4.83,-0.05,0.0,-1.142,1.062,0.001,0.079,-0.001,
2026-01-26 04:38:16.819,wait_for_machining,859.167,-0.138,1421.446,27.233,89.202,-152.572,-0.027,-2.593,-140.296,-0.278,52.179,-180.198,-0.0,0.276,-0.255,-0.0,-0.022,0.0,-0.05,-6.16,-6.66,0.38,-4.86,-0.14,0.0,-0.995,0.926,0.0,0.069,-0.0,
2026-01-26 04:38:16.922,wait_for_machining,858.937,-0.138,1421.472,27.233,89.202,-152.572,-0.027,-2.575,-140.313,-0.278,52.178,-180.198,-0.0,0.253,-0.233,-0.0,-0.02,0.0,0.03,-6.18,-6.61,0.3,-4.9,-0.09,0.0,-0.909,0.846,0.0,0.063,-0.0,
2026-01-26 04:38:17.022,wait_for_machining,858.731,-0.138,1421.495,27.234,89.202,-152.572,-0.027,-2.559,-140.328,-0.278,52.177,-180.198,-0.0,0.23,-0.212,-0.0,-0.018,0.0,0.02,-6.22,-6.56,0.42,-4.83,-0.03,0.0,-0.837,0.779,0.0,0.058,-0.0,
2026-01-26 04:38:17.126,wait_for_machining,858.54,-0.138,1421.516,27.234,89.202,-152.572,-0.027,-2.544,-140.341,-0.278,52.175,-180.198,-0.0,0.21,-0.194,-0.0,-0.016,0.0,0.07,-6.25,-6.55,0.37,-4.85,-0.07,0.0,-0.766,0.712,0.0,0.053,-0.0,
2026-01-26 04:38:17.228,wait_for_machining,858.364,-0.138,1421.536,27.234,89.202,-152.571,-0.027,-2.53,-140.354,-0.278,52.174,-180.198,-0.0,0.192,-0.177,-0.0,-0.015,0.0,0.07,-6.1,-6.59,0.24,-4.89,-0.01,0.0,-0.701,0.652,0.0,0.049,-0.0,
2026-01-26 04:38:17.331,wait_for_machining,858.208,-0.138,1421.553,27.234,89.202,-152.571,-0.027,-2.517,-140.366,-0.278,52.173,-180.198,-0.0,0.175,-0.161,-0.0,-0.014,0.0,0.02,-6.16,-6.53,0.29,-4.83,0.01,0.0,-0.646,0.601,0.0,0.045,-0.0,
2026-01-26 04:38:17.432,wait_for_machining,858.078,-0.138,1421.567,27.234,89.202,-152.571,-0.027,-2.507,-140.375,-0.278,52.173,-180.198,-0.0,0.157,-0.145,-0.0,-0.012,0.0,-0.04,-6.19,-6.56,0.38,-4.9,-0.09,0.0,-0.602,0.559,0.0,0.042,-0.0,
2026-01-26 04:38:17.532,wait_for_machining,857.965,-0.138,1421.58,27.235,89.202,-152.571,-0.027,-2.498,-140.383,-0.278,52.172,-180.198,-0.0,0.14,-0.129,-0.0,-0.011,0.0,-0.07,-6.2,-6.56,0.26,-4.87,0.04,0.0,-0.555,0.516,0.0,0.039,-0.0,
2026-01-26 04:38:23.336,wait_for_machining,856.954,-0.137,1421.691,27.236,89.202,-152.57,-0.027,-2.418,-140.457,-0.278,52.166,-180.198,-0.0,0.0,-0.0,-0.0,-0.0,0.0,-0.01,-6.24,-6.69,0.37,-4.87,-0.01,0.0,-0.003,0.002,0.0,0.0,-0.0,
2026-01-26 04:38:29.138,wait_for_machining,856.953,-0.137,1421.691,27.236,89.202,-152.57,-0.027,-2.418,-140.457,-0.278,52.166,-180.198,-0.0,0.0,-0.0,-0.0,-0.0,0.0,0.03,-6.24,-6.53,0.28,-4.81,-0.12,0.0,-0.0,0.0,0.0,0.0,-0.0,
2026-01-26 04:38:34.937,wait_for_machining,856.953,-0.137,1421.691,27.236,89.202,-152.57,-0.027,-2.418,-140.457,-0.278,52.166,-180.198,-0.0,0.0,-0.0,-0.0,-0.0,0.0,-0.01,-6.24,-6.63,0.29,-4.83,-0.13,0.0,-0.0,0.0,0.0,0.0,-0.0,
2026-01-26 04:38:40.752,wait_for_machining,856.953,-0.137,1421.691,27.236,89.202,-152.57,-0.027,-2.418,-140.457,-0.278,52.166,-180.198,-0.0,0.0,-0.0,-0.0,-0.0,0.0,0.01,-6.24,-6.56,0.32,-4.86,-0.01,0.0,-0.0,0.0,0.0,0.0,-0.0,
2026-01-26 04:38:46.550,wait_for_machining,856.953,-0.137,1421.691,27.236,89.202,-152.57,-0.027,-2.418,-140.457,-0.278,52.166,-180.198,-0.0,0.0,-0.0,-0.0,-0.0,0.0,0.06,-6.31,-6.58,0.4,-4.81,-0.09,0.0,-0.0,0.0,0.0,0.0,-0.0,
2026-01-26 04:38:52.358,wait_for_machining,856.953,-0.137,1421.691,27.236,89.202,-152.57,-0.027,-2.418,-140.457,-0.278,52.166,-180.198,-0.0,0.0,-0.0,-0.0,-0.0,0.0,-0.02,-6.18,-6.57,0.43,-4.87,0.01,0.0,-0.0,0.0,0.0,0.0,-0.0,
2026-01-26 04:38:58.168,wait_for_machining,856.953,-0.137,1421.691,27.236,89.202,-152.57,-0.027,-2.418,-140.457,-0.278,52.166,-180.198,-0.0,0.0,-0.0,-0.0,-0.0,0.0,0.01,-6.18,-6.55,0.41,-4.84,-0.05,0.0,-0.0,0.0,0.0,0.0,-0.0,
2026-01-26 04:39:04.008,wait_for_machining,856.953,-0.137,1421.691,27.236,89.202,-152.57,-0.027,-2.418,-140.457,-0.278,52.166,-180.198,-0.0,0.0,-0.0,-0.0,-0.0,0.0,-0.02,-6.23,-6.48,0.28,-4.87,0.03,0.0,-0.0,0.0,0.0,0.0,-0.0,
2026-01-26 04:39:09.857,wait_for_machining,856.953,-0.137,1421.691,27.236,89.202,-152.57,-0.027,-2.418,-140.457,-0.278,52.166,-180.198,-0.0,0.0,-0.0,-0.0,-0.0,0.0,0.03,-6.21,-6.61,0.28,-4.85,-0.1,0.0,-0.0,0.0,0.0,0.0,-0.0,waypoint
2026-01-26 04:39:09.958,machining_end_to_approach_machine,873.171,-0.141,1419.591,27.205,89.202,-152.6,-0.027,-3.708,-139.28,-0.277,52.278,-180.198,0.001,-3.225,2.942,0.002,0.282,-0.002,-0.02,-6.07,-6.39,0.33,-4.73,-0.09,0.003,-12.901,11.77,0.006,1.126,-0.006,
2026-01-26 04:39:10.059,machining_end_to_approach_machine,907.207,-0.149,1413.909,27.148,89.201,-152.658,-0.026,-6.424,-136.803,-0.276,52.515,-180.199,0.002,-9.207,8.4,0.005,0.803,-0.004,0.06,-5.29,-5.98,0.34,-4.59,0.04,0.006,-25.862,23.596,0.013,2.256,-0.013,
2026-01-26 04:39:10.160,machining_end_to_approach_machine,940.823,-0.155,1406.572,27.091,89.2,-152.714,-0.026,-9.121,-134.341,-0.274,52.751,-180.201,0.003,-13.65,12.453,0.007,1.191,-0.007,0.19,-4.69,-5.87,0.29,-4.61,-0.0,0.005,-23.102,21.078,0.012,2.016,-0.011,
2026-01-26 04:39:10.265,machining_end_to_approach_machine,973.71,-0.16,1397.691,27.036,89.2,-152.769,-0.025,-11.783,-131.913,-0.273,52.983,-180.202,0.004,-16.89,15.41,0.008,1.474,-0.008,0.04,-4.04,-5.62,0.21,-4.51,0.01,0.004,-20.426,18.637,0.01,1.782,-0.01,
2026-01-26 04:39:10.366,machining_end_to_approach_machine,1013.164,-0.166,1384.738,26.97,89.199,-152.835,-0.024,-15.014,-128.965,-0.271,53.265,-180.204,0.004,-20.746,18.928,0.01,1.81,-0.01,0.1,-3.64,-5.56,0.26,-4.53,-0.1,0.005,-24.084,21.973,0.012,2.101,-0.012,
2026-01-26 04:39:10.466,machining_end_to_approach_machine,1052.606,-0.171,1369.16,26.903,89.198,-152.902,-0.024,-18.299,-125.968,-0.27,53.551,-180.205,0.005,-23.771,21.688,0.012,2.074,-0.012,0.09,-3.26,-5.56,0.26,-4.61,-0.08,0.005,-22.21,20.264,0.011,1.938,-0.011,
2026-01-26 04:39:10.567,machining_end_to_approach_machine,1082.788,-0.173,1355.364,26.851,89.197,-152.953,-0.023,-20.858,-123.633,-0.269,53.775,-180.207,0.005,-24.228,22.105,0.012,2.114,-0.012,0.11,-2.91,-5.6,0.24,-4.68,-0.01,0.003,-12.738,11.622,0.006,1.111,-0.006,
2026-01-26 04:39:10.669,machining_end_to_approach_machine,1111.015,-0.175,1340.898,26.803,89.197,-153.002,-0.023,-23.296,-121.409,-0.267,53.987,-180.208,0.005,-24.265,22.139,0.012,2.117,-0.012,0.07,-2.57,-5.66,0.25,-4.57,0.02,0.002,-10.244,9.347,0.005,0.894,-0.005,
2026-01-26 04:39:10.773,machining_end_to_approach_machine,1134.367,-0.176,1327.72,26.762,89.196,-153.042,-0.022,-25.35,-119.535,-0.266,54.167,-180.209,0.005,-23.334,21.289,0.012,2.036,-0.012,0.21,-2.26,-5.65,0.25,-4.74,0.13,0.001,-5.383,4.911,0.003,0.47,-0.003,
2026-01-26 04:39:10.876,machining_end_to_approach_machine,1152.825,-0.177,1316.485,26.729,89.196,-153.075,-0.022,-27.001,-118.029,-0.265,54.311,-180.21,0.005,-21.627,19.732,0.011,1.887,-0.011,0.23,-2.1,-5.71,0.26,-4.76,0.01,0.0,-0.813,0.741,0.0,0.071,-0.0,
2026-01-26 04:39:10.978,machining_end_to_approach_machine,1167.278,-0.177,1307.157,26.704,89.195,-153.1,-0.022,-28.312,-116.832,-0.265,54.425,-180.21,0.004,-19.498,17.79,0.01,1.701,-0.01,0.14,-1.92,-5.82,0.32,-4.83,0.02,-0.001,2.664,-2.431,-0.001,-0.232,0.001,
2026-01-26 04:39:11.077,machining_end_to_approach_machine,1182.195,-0.177,1297.018,26.677,89.195,-153.127,-0.021,-29.684,-115.58,-0.264,54.545,-180.211,0.004,-18.054,16.472,0.009,1.575,-0.009,0.04,-1.7,-5.89,0.22,-4.9,-0.06,-0.0,1.789,-1.632,-0.001,-0.156,0.001,
2026-01-26 04:39:11.179,machining_end_to_approach_machine,1200.008,-0.176,1284.197,26.645,89.194,-153.159,-0.021,-31.35,-114.06,-0.263,54.69,-180.212,0.004,-17.705,16.154,0.009,1.545,-0.009,0.07,-1.58,-5.88,0.28,-4.87,-0.1,0.0,-1.329,1.212,0.001,0.116,-0.001,
2026-01-26 04:39:11.282,machining_end_to_approach_machine,1215.965,-0.175,1272.014,26.615,89.194,-153.188,-0.021,-32.87,-112.673,-0.263,54.823,-180.213,0.004,-17.08,15.583,0.009,1.49,-0.008,0.04,-1.52,-5.95,0.28,-4.87,-0.08,-0.0,0.261,-0.238,-0.0,-0.023,0.0,
2026-01-26 04:39:11.384,machining_end_to_approach_machine,1229.725,-0.175,1260.949,26.59,89.194,-153.214,-0.02,-34.204,-111.456,-0.262,54.939,-180.213,0.003,-16.145,14.731,0.008,1.409,-0.008,0.04,-1.38,-6.0,0.22,-4.93,0.02,-0.0,2.095,-1.912,-0.001,-0.183,0.001,
2026-01-26 04:39:11.488,machining_end_to_approach_machine,1243.581,-0.173,1249.254,26.563,89.193,-153.24,-0.02,-35.572,-110.209,-0.261,55.058,-180.214,0.003,-15.527,14.167,0.008,1.355,-0.008,0.12,-1.12,-6.07,0.26,-4.93,-0.03,-0.0,1.554,-1.418,-0.001,-0.136,0.001,
2026-01-26 04:39:11.589,machining_end_to_approach_machine,1254.61,-0.172,1239.526,26.542,89.193,-153.261,-0.02,-36.679,-109.198,-0.261,55.155,-180.214,0.003,-14.413,13.15,0.007,1.258,-0.007,0.13,-1.12,-6.02,0.29,-4.93,-0.04,-0.001,4.002,-3.652,-0.002,-0.349,0.002,
2026-01-26 04:39:11.692,machining_end_to_approach_machine,1264.56,-0.171,1230.414,26.523,89.193,-153.28,-0.02,-37.693,-108.273,-0.26,55.244,-180.215,0.003,-13.345,12.175,0.007,1.164,-0.007,-0.06,-1.05,-6.12,0.27,-4.96,-0.04,-0.001,4.533,-4.136,-0.002,-0.396,0.002,
2026-01-26 04:39:11.795,machining_end_to_approach_machine,1273.543,-0.17,1221.903,26.506,89.192,-153.298,-0.019,-38.621,-107.426,-0.26,55.325,-180.215,0.003,-12.33,11.25,0.006,1.076,-0.006,0.08,-0.95,-6.18,0.26,-5.03,-0.1,-0.001,4.932,-4.5,-0.002,-0.43,0.002,
2026-01-26 04:39:11.897,machining_end_to_approach_machine,1282.299,-0.169,1213.334,26.488,89.192,-153.315,-0.019,-39.54,-106.588,-0.259,55.405,-180.216,0.002,-11.543,10.532,0.006,1.007,-0.006,0.04,-0.91,-6.18,0.4,-5.0,-0.07,-0.001,4.544,-4.146,-0.002,-0.397,0.002,
2026-01-26 04:39:12.030,machining_end_to_approach_machine,1290.15,-0.168,1205.412,26.473,89.192,-153.331,-0.019,-40.374,-105.827,-0.259,55.478,-180.216,0.002,-10.744,9.803,0.005,0.937,-0.005,0.01,-0.86,-6.16,0.41,-4.95,-0.05,-0.001,4.923,-4.492,-0.002,-0.43,0.002,
2026-01-26 04:39:12.104,machining_end_to_approach_machine,1297.451,-0.167,1197.832,26.458,89.192,-153.345,-0.019,-41.161,-105.109,-0.258,55.546,-180.217,0.002,-10.025,9.147,0.005,0.875,-0.005,0.0,-0.56,-6.25,0.31,-4.92,-0.06,-0.001,4.911,-4.481,-0.002,-0.429,0.002,
2026-01-26 04:39:12.205,machining_end_to_approach_machine,1303.983,-0.165,1190.871,26.445,89.191,-153.359,-0.019,-41.874,-104.459,-0.258,55.608,-180.217,0.002,-9.301,8.486,0.005,0.812,-0.005,-0.01,-0.63,-6.18,0.37,-4.95,0.05,-0.001,5.16,-4.708,-0.003,-0.45,0.003,
2026-01-26 04:39:12.308,machining_end_to_approach_machine,1310.035,-0.164,1184.264,26.432,89.191,-153.371,-0.019,-42.542,-103.849,-0.258,55.667,-180.217,0.002,-8.647,7.889,0.004,0.754,-0.004,0.12,-0.49,-6.28,0.31,-5.0,-0.07,-0.001,5.088,-4.642,-0.003,-0.444,0.003,
2026-01-26 04:39:12.408,machining_end_to_approach_machine,1314.886,-0.163,1178.854,26.422,89.191,-153.381,-0.018,-43.084,-103.355,-0.257,55.714,-180.218,0.002,-7.839,7.152,0.004,0.684,-0.004,0.1,-0.51,-6.23,0.31,-4.98,-0.06,-0.001,5.847,-5.335,-0.003,-0.51,0.003,
2026-01-26 04:39:12.513,machining_end_to_approach_machine,1317.916,-0.163,1175.423,26.416,89.191,-153.388,-0.018,-43.425,-103.043,-0.257,55.744,-180.218,0.001,-6.732,6.142,0.003,0.587,-0.003,0.02,-0.47,-6.24,0.36,-4.89,-0.03,-0.002,7.269,-6.632,-0.004,-0.634,0.004,
2026-01-26 04:39:12.615,machining_end_to_approach_machine,1320.26,-0.162,1172.739,26.411,89.191,-153.392,-0.018,-43.69,-102.801,-0.257,55.767,-180.218,0.001,-5.712,5.211,0.003,0.498,-0.003,0.01,-0.43,-6.32,0.32,-4.91,-0.01,-0.002,7.299,-6.659,-0.004,-0.637,0.004,
2026-01-26 04:39:12.715,machining_end_to_approach_machine,1322.477,-0.162,1170.179,26.406,89.191,-153.397,-0.018,-43.942,-102.571,-0.257,55.789,-180.218,0.001,-4.914,4.483,0.002,0.429,-0.002,0.06,-0.48,-6.25,0.27,-5.02,-0.03,-0.001,6.701,-6.114,-0.003,-0.585,0.003,
2026-01-26 04:39:12.815,machining_end_to_approach_machine,1324.573,-0.161,1167.737,26.402,89.191,-153.402,-0.018,-44.182,-102.353,-0.257,55.81,-180.218,0.001,-4.284,3.909,0.002,0.374,-0.002,0.05,-0.41,-6.37,0.31,-4.84,-0.02,-0.001,6.157,-5.618,-0.003,-0.537,0.003,
2026-01-26 04:39:12.921,machining_end_to_approach_machine,1326.694,-0.161,1165.245,26.397,89.191,-153.406,-0.018,-44.425,-102.131,-0.257,55.831,-180.218,0.001,-3.821,3.487,0.002,0.333,-0.002,0.04,-0.37,-6.17,0.42,-4.97,-0.03,-0.001,5.503,-5.021,-0.003,-0.48,0.003,
2026-01-26 04:39:13.024,machining_end_to_approach_machine,1328.949,-0.16,1162.571,26.393,89.191,-153.411,-0.018,-44.685,-101.894,-0.257,55.854,-180.218,0.001,-3.516,3.208,0.002,0.307,-0.002,0.09,-0.33,-6.28,0.31,-4.96,-0.02,-0.001,4.785,-4.366,-0.002,-0.418,0.002,
2026-01-26 04:39:13.126,machining_end_to_approach_machine,1331.298,-0.16,1159.761,26.388,89.191,-153.416,-0.018,-44.957,-101.645,-0.257,55.877,-180.219,0.001,-3.318,3.027,0.002,0.289,-0.002,0.03,-0.29,-6.23,0.39,-4.9,-0.0,-0.001,4.186,-3.819,-0.002,-0.365,0.002,
2026-01-26 04:39:13.227,machining_end_to_approach_machine,1334.24,-0.159,1156.202,26.381,89.19,-153.422,-0.018,-45.3,-101.332,-0.256,55.907,-180.219,0.001,-3.346,3.053,0.002,0.292,-0.002,0.04,-0.29,-6.27,0.33,-4.87,0.03,-0.001,3.058,-2.79,-0.002,-0.267,0.002,
2026-01-26 04:39:13.327,machining_end_to_approach_machine,1336.801,-0.159,1153.069,26.376,89.19,-153.428,-0.018,-45.601,-101.058,-0.256,55.934,-180.219,0.001,-3.26,2.975,0.002,0.284,-0.002,-0.0,-0.15,-6.41,0.37,-4.99,-0.04,-0.001,3.178,-2.9,-0.002,-0.277,0.002,
2026-01-26 04:39:13.427,machining_end_to_approach_machine,1339.124,-0.158,1150.196,26.371,89.19,-153.433,-0.018,-45.875,-100.808,-0.256,55.957,-180.219,0.001,-3.131,2.856,0.002,0.273,-0.002,0.01,-0.23,-6.28,0.34,-4.87,0.01,-0.001,3.123,-2.85,-0.002,-0.273,0.002,
2026-01-26 04:39:13.530,machining_end_to_approach_machine,1341.234,-0.157,1147.565,26.366,89.19,-153.437,-0.018,-46.125,-100.58,-0.256,55.979,-180.219,0.001,-2.973,2.713,0.001,0.259,-0.001,0.01,-0.25,-6.35,0.26,-4.95,-0.1,-0.001,3.051,-2.783,-0.002,-0.266,0.002,
2026-01-26 04:39:13.633,machining_end_to_approach_machine,1343.149,-0.157,1145.155,26.362,89.19,-153.441,-0.018,-46.353,-100.372,-0.256,55.999,-180.219,0.001,-2.801,2.555,0.001,0.244,-0.001,-0.01,-0.26,-6.37,0.31,-4.87,-0.03,-0.001,2.964,-2.705,-0.001,-0.259,0.001,
2026-01-26 04:39:13.733,machining_end_to_approach_machine,1344.823,-0.157,1143.032,26.358,89.19,-153.445,-0.018,-46.554,-100.189,-0.256,56.017,-180.219,0.001,-2.602,2.374,0.001,0.227,-0.001,-0.03,-0.16,-6.28,0.32,-4.84,-0.05,-0.001,2.947,-2.689,-0.001,-0.257,0.001,
2026-01-26 04:39:13.834,machining_end_to_approach_machine,1346.228,-0.156,1141.239,26.355,89.19,-153.448,-0.018,-46.723,-100.035,-0.256,56.031,-180.219,0.001,-2.373,2.165,0.001,0.207,-0.001,0.08,-0.2,-6.27,0.32,-4.93,-0.13,-0.001,2.968,-2.708,-0.001,-0.259,0.001,
2026-01-26 04:39:13.937,machining_end_to_approach_machine,1347.688,-0.156,1139.364,26.352,89.19,-153.451,-0.018,-46.899,-99.874,-0.256,56.047,-180.22,0.0,-2.22,2.026,0.001,0.194,-0.001,-0.05,-0.15,-6.29,0.22,-4.88,0.03,-0.001,2.599,-2.371,-0.001,-0.227,0.001,
2026-01-26 04:39:14.039,machining_end_to_approach_machine,1349.015,-0.155,1137.649,26.349,89.19,-153.454,-0.018,-47.059,-99.728,-0.255,56.061,-180.22,0.0,-2.067,1.886,0.001,0.18,-0.001,0.03,-0.12,-6.42,0.25,-4.9,0.04,-0.001,2.493,-2.275,-0.001,-0.218,0.001,
2026-01-26 04:39:14.142,machining_end_to_approach_machine,1350.223,-0.155,1136.08,26.346,89.19,-153.457,-0.018,-47.206,-99.594,-0.255,56.074,-180.22,0.0,-1.917,1.749,0.001,0.167,-0.001,0.01,-0.16,-6.28,0.32,-4.92,0.04,-0.001,2.384,-2.175,-0.001,-0.208,0.001,
2026-01-26 04:39:14.245,machining_end_to_approach_machine,1351.28,-0.155,1134.701,26.344,89.19,-153.459,-0.018,-47.335,-99.476,-0.255,56.085,-180.22,0.0,-1.759,1.605,0.001,0.153,-0.001,0.07,-0.05,-6.3,0.29,-4.9,0.02,-0.0,2.325,-2.121,-0.001,-0.203,0.001,
2026-01-26 04:39:14.347,machining_end_to_approach_machine,1352.397,-0.155,1133.234,26.342,89.19,-153.462,-0.018,-47.471,-99.352,-0.255,56.097,-180.22,0.0,-1.661,1.515,0.001,0.145,-0.001,-0.06,-0.06,-6.16,0.38,-4.88,0.02,-0.0,2.014,-1.838,-0.001,-0.176,0.001,
2026-01-26 04:39:14.454,machining_end_to_approach_machine,1353.301,-0.154,1132.044,26.34,89.19,-153.464,-0.017,-47.582,-99.251,-0.255,56.106,-180.22,0.0,-1.522,1.389,0.001,0.133,-0.001,0.06,-0.11,-6.25,0.36,-4.91,-0.01,-0.0,2.072,-1.89,-0.001,-0.181,0.001,
2026-01-26 04:39:14.558,machining_end_to_approach_machine,1353.869,-0.154,1131.294,26.338,89.19,-153.465,-0.017,-47.651,-99.187,-0.255,56.113,-180.22,0.0,-1.316,1.2,0.001,0.115,-0.001,0.13,-0.11,-6.3,0.37,-4.91,0.11,-0.0,2.274,-2.075,-0.001,-0.198,0.001,
2026-01-26 04:39:14.658,machining_end_to_approach_machine,1354.581,-0.154,1130.349,26.337,89.19,-153.467,-0.017,-47.739,-99.108,-0.255,56.12,-180.22,0.0,-1.206,1.1,0.001,0.105,-0.001,-0.0,-0.12,-6.28,0.34,-4.85,-0.15,-0.0,1.868,-1.704,-0.001,-0.163,0.001,
2026-01-26 04:39:14.760,machining_end_to_approach_machine,1355.29,-0.154,1129.407,26.335,89.19,-153.468,-0.017,-47.826,-99.028,-0.255,56.128,-180.22,0.0,-1.122,1.024,0.001,0.098,-0.001,-0.04,-0.09,-6.33,0.31,-4.94,-0.11,-0.0,1.685,-1.537,-0.001,-0.147,0.001,
2026-01-26 04:39:14.861,machining_end_to_approach_machine,1355.91,-0.154,1128.58,26.334,89.19,-153.47,-0.017,-47.903,-98.958,-0.255,56.134,-180.22,0.0,-1.033,0.942,0.001,0.09,-0.001,-0.02,-0.05,-6.25,0.31,-4.87,-0.05,-0.0,1.623,-1.481,-0.001,-0.142,0.001,waypoint
2026-01-26 04:39:14.965,machining_end_to_approach_machine,1365.505,-0.13,1127.553,26.345,89.19,-153.458,-0.016,-48.448,-97.956,-0.255,55.678,-180.218,0.003,-2.138,3.211,-0.0,-1.072,0.004,-0.08,-0.07,-6.39,0.46,-4.9,-0.04,0.011,-3.228,7.986,-0.004,-4.754,0.019,
2026-01-26 04:39:15.065,machining_end_to_approach_machine,1390.511,-0.064,1126.414,26.363,89.191,-153.439,-0.013,-49.808,-95.314,-0.256,54.396,-180.213,0.01,-5.002,9.016,-0.002,-4.011,0.016,-0.1,-0.08,-6.44,0.29,-4.91,0.06,0.03,-11.047,23.6,-0.009,-12.546,0.052,
2026-01-26 04:39:15.165,machining_end_to_approach_machine,1412.473,-0.001,1125.397,26.378,89.191,-153.424,-0.01,-51.03,-92.936,-0.257,53.242,-180.208,0.015,-6.809,12.704,-0.004,-5.892,0.024,-0.05,-0.0,-6.55,0.24,-4.93,-0.1,0.024,-8.574,18.581,-0.007,-10.0,0.041,
2026-01-26 04:39:15.268,machining_end_to_approach_machine,1431.162,0.055,1124.519,26.389,89.192,-153.413,-0.008,-52.094,-90.869,-0.257,52.239,-180.204,0.017,-7.765,14.697,-0.004,-6.928,0.028,0.01,-0.07,-6.62,0.42,-4.79,-0.06,0.018,-6.125,13.629,-0.005,-7.499,0.031,
2026-01-26 04:39:15.369,machining_end_to_approach_machine,1447.695,0.107,1123.733,26.397,89.192,-153.405,-0.006,-53.054,-89.003,-0.258,51.333,-180.2,0.019,-8.224,15.689,-0.005,-7.46,0.031,-0.08,0.07,-6.8,0.35,-4.84,-0.02,0.014,-4.477,10.252,-0.004,-5.771,0.024,
2026-01-26 04:39:15.469,machining_end_to_approach_machine,1461.351,0.151,1123.077,26.402,89.193,-153.399,-0.004,-53.861,-87.433,-0.259,50.571,-180.197,0.019,-8.187,15.691,-0.005,-7.5,0.031,0.0,-0.04,-6.81,0.34,-4.95,-0.06,0.009,-2.504,6.262,-0.003,-3.756,0.016,
2026-01-26 04:39:15.573,machining_end_to_approach_machine,1474.01,0.194,1122.463,26.407,89.193,-153.395,-0.002,-54.622,-85.953,-0.259,49.853,-180.194,0.018,-8.043,15.467,-0.005,-7.42,0.03,0.04,-0.01,-6.84,0.31,-4.84,0.08,0.007,-1.789,4.733,-0.002,-2.942,0.012,
2026-01-26 04:39:15.672,machining_end_to_approach_machine,1485.299,0.233,1121.911,26.41,89.194,-153.392,-0.0,-55.312,-84.613,-0.259,49.203,-180.192,0.018,-7.756,14.951,-0.005,-7.191,0.03,-0.01,0.04,-6.85,0.32,-4.86,-0.08,0.004,-0.894,2.868,-0.002,-1.972,0.008,
2026-01-26 04:39:15.773,machining_end_to_approach_machine,1495.377,0.27,1121.414,26.411,89.194,-153.39,0.001,-55.936,-83.399,-0.26,48.613,-180.189,0.017,-7.378,14.249,-0.004,-6.866,0.028,0.04,-0.05,-6.95,0.44,-4.97,0.02,0.002,-0.156,1.32,-0.001,-1.163,0.005,
2026-01-26 04:39:15.873,machining_end_to_approach_machine,1504.068,0.302,1120.982,26.412,89.195,-153.389,0.002,-56.482,-82.338,-0.26,48.098,-180.187,0.016,-6.898,13.339,-0.004,-6.437,0.026,-0.07,0.03,-6.99,0.29,-4.94,0.05,0.0,0.647,-0.343,-0.001,-0.304,0.001,
2026-01-26 04:39:15.975,machining_end_to_approach_machine,1512.159,0.332,1120.578,26.413,89.195,-153.389,0.004,-56.997,-81.338,-0.26,47.613,-180.185,0.015,-6.46,12.505,-0.004,-6.041,0.025,0.05,-0.01,-6.96,0.4,-4.82,-0.07,-0.0,0.896,-0.919,-0.0,0.023,0.0,
2026-01-26 04:39:16.075,machining_end_to_approach_machine,1519.658,0.361,1120.201,26.413,89.195,-153.389,0.005,-57.479,-80.4,-0.261,47.158,-180.183,0.014,-6.051,11.723,-0.004,-5.669,0.023,-0.04,0.05,-6.96,0.32,-4.87,-0.03,-0.001,1.127,-1.449,-0.0,0.323,-0.001,
2026-01-26 04:39:16.178,machining_end_to_approach_machine,1526.577,0.388,1119.851,26.412,89.195,-153.389,0.006,-57.929,-79.525,-0.261,46.733,-180.181,0.013,-5.663,10.98,-0.003,-5.313,0.022,0.04,0.01,-7.09,0.32,-4.87,-0.03,-0.002,1.337,-1.931,0.0,0.595,-0.002,
2026-01-26 04:39:16.281,machining_end_to_approach_machine,1532.935,0.414,1119.528,26.412,89.196,-153.39,0.007,-58.347,-78.712,-0.261,46.339,-180.18,0.012,-5.293,10.267,-0.003,-4.971,0.02,0.04,0.16,-7.17,0.43,-4.86,-0.05,-0.002,1.524,-2.363,0.0,0.838,-0.003,
2026-01-26 04:39:16.382,machining_end_to_approach_machine,1538.042,0.435,1119.268,26.411,89.196,-153.391,0.008,-58.686,-78.053,-0.261,46.019,-180.178,0.011,-4.817,9.347,-0.003,-4.528,0.019,0.01,0.13,-7.16,0.29,-4.86,-0.09,-0.004,2.163,-3.664,0.001,1.501,-0.006,
2026-01-26 04:39:16.486,machining_end_to_approach_machine,1542.952,0.455,1119.016,26.41,89.196,-153.392,0.008,-59.015,-77.414,-0.262,45.709,-180.177,0.01,-4.434,8.608,-0.003,-4.171,0.017,-0.05,0.1,-7.09,0.42,-4.79,0.01,-0.004,2.05,-3.499,0.001,1.448,-0.006,
2026-01-26 04:39:16.586,machining_end_to_approach_machine,1547.046,0.472,1118.805,26.409,89.196,-153.394,0.009,-59.291,-76.878,-0.262,45.448,-180.176,0.009,-4.016,7.798,-0.002,-3.779,0.016,0.07,0.09,-7.03,0.29,-4.88,-0.04,-0.005,2.37,-4.169,0.001,1.799,-0.007,
2026-01-26 04:39:16.687,machining_end_to_approach_machine,1550.987,0.489,1118.602,26.407,89.197,-153.395,0.01,-59.559,-76.357,-0.262,45.196,-180.175,0.009,-3.681,7.149,-0.002,-3.466,0.014,0.04,0.15,-7.05,0.44,-4.85,-0.07,-0.004,2.217,-3.916,0.001,1.698,-0.007,
2026-01-26 04:39:16.790,machining_end_to_approach_machine,1554.623,0.504,1118.414,26.406,89.197,-153.396,0.01,-59.807,-75.874,-0.262,44.961,-180.174,0.008,-3.382,6.57,-0.002,-3.186,0.013,-0.02,0.15,-7.1,0.38,-4.8,-0.04,-0.004,2.186,-3.896,0.001,1.709,-0.007,
2026-01-26 04:39:16.891,machining_end_to_approach_machine,1557.656,0.517,1118.257,26.405,89.197,-153.397,0.011,-60.016,-75.468,-0.262,44.765,-180.173,0.007,-3.058,5.942,-0.002,-2.882,0.012,-0.0,0.2,-7.04,0.46,-4.92,-0.02,-0.005,2.367,-4.283,0.001,1.915,-0.008,
2026-01-26 04:39:16.993,machining_end_to_approach_machine,1560.38,0.529,1118.115,26.404,89.197,-153.399,0.011,-60.204,-75.102,-0.262,44.587,-180.173,0.006,-2.765,5.372,-0.002,-2.605,0.011,-0.01,0.15,-7.13,0.44,-4.88,0.0,-0.005,2.334,-4.25,0.001,1.915,-0.008,
2026-01-26 04:39:17.093,machining_end_to_approach_machine,1562.909,0.54,1117.983,26.403,89.197,-153.4,0.012,-60.38,-74.76,-0.262,44.421,-180.172,0.006,-2.513,4.883,-0.002,-2.369,0.01,-0.04,0.22,-7.14,0.46,-4.9,0.02,-0.005,2.226,-4.069,0.001,1.842,-0.008,
2026-01-26 04:39:17.195,machining_end_to_approach_machine,1565.099,0.55,1117.869,26.402,89.197,-153.401,0.012,-60.533,-74.463,-0.263,44.277,-180.171,0.005,-2.267,4.405,-0.001,-2.137,0.009,-0.04,0.18,-7.04,0.34,-4.79,-0.08,-0.005,2.232,-4.107,0.001,1.874,-0.008,
2026-01-26 04:39:17.297,machining_end_to_approach_machine,1567.068,0.559,1117.766,26.401,89.197,-153.402,0.012,-60.671,-74.195,-0.263,44.147,-180.171,0.005,-2.045,3.974,-0.001,-1.928,0.008,0.01,0.21,-7.13,0.4,-4.76,-0.03,-0.005,2.158,-3.986,0.001,1.827,-0.007,
2026-01-26 04:39:17.398,machining_end_to_approach_machine,1568.78,0.566,1117.676,26.4,89.197,-153.403,0.013,-60.791,-73.961,-0.263,44.033,-180.17,0.004,-1.834,3.565,-0.001,-1.73,0.007,0.02,0.13,-7.09,0.44,-4.81,-0.04,-0.005,2.119,-3.931,0.001,1.811,-0.007,
2026-01-26 04:39:17.499,machining_end_to_approach_machine,1570.379,0.574,1117.592,26.399,89.197,-153.404,0.013,-60.904,-73.742,-0.263,43.927,-180.17,0.004,-1.658,3.222,-0.001,-1.563,0.006,-0.04,0.18,-7.1,0.33,-4.89,-0.02,-0.004,1.982,-3.683,0.001,1.7,-0.007,
2026-01-26 04:39:17.601,machining_end_to_approach_machine,1571.867,0.58,1117.514,26.398,89.198,-153.404,0.013,-61.009,-73.537,-0.263,43.827,-180.169,0.004,-1.507,2.928,-0.001,-1.421,0.006,0.06,0.25,-7.14,0.46,-4.85,0.08,-0.004,1.859,-3.462,0.001,1.602,-0.007,
2026-01-26 04:39:17.703,machining_end_to_approach_machine,1573.114,0.586,1117.449,26.398,89.198,-153.405,0.013,-61.097,-73.365,-0.263,43.744,-180.169,0.003,-1.351,2.626,-0.001,-1.274,0.005,0.02,0.35,-7.14,0.44,-4.94,-0.06,-0.004,1.841,-3.442,0.001,1.6,-0.007,
2026-01-26 04:39:17.807,machining_end_to_approach_machine,1574.321,0.591,1117.385,26.397,89.198,-153.406,0.013,-61.183,-73.199,-0.263,43.663,-180.169,0.003,-1.228,2.386,-0.001,-1.158,0.005,0.04,0.14,-7.12,0.43,-4.79,-0.04,-0.004,1.684,-3.15,0.001,1.465,-0.006,
2026-01-26 04:39:17.909,machining_end_to_approach_machine,1575.438,0.597,1117.326,26.396,89.198,-153.407,0.014,-61.263,-73.044,-0.263,43.588,-180.168,0.003,-1.12,2.177,-0.001,-1.056,0.004,0.11,0.21,-7.07,0.46,-4.75,0.01,-0.003,1.577,-2.954,0.001,1.377,-0.006,
2026-01-26 04:39:18.013,machining_end_to_approach_machine,1576.406,0.601,1117.275,26.396,89.198,-153.407,0.014,-61.332,-72.909,-0.263,43.523,-180.168,0.002,-1.013,1.969,-0.001,-0.955,0.004,-0.05,0.2,-7.18,0.44,-4.91,0.03,-0.003,1.525,-2.864,0.001,1.338,-0.005,
2026-01-26 04:39:18.116,machining_end_to_approach_machine,1577.275,0.605,1117.229,26.395,89.198,-153.408,0.014,-61.394,-72.789,-0.263,43.464,-180.168,0.002,-0.915,1.778,-0.001,-0.863,0.004,-0.02,0.34,-7.19,0.39,-4.88,-0.01,-0.003,1.442,-2.713,0.001,1.27,-0.005,
2026-01-26 04:39:18.218,machining_end_to_approach_machine,1577.848,0.608,1117.199,26.395,89.198,-153.408,0.014,-61.435,-72.709,-0.263,43.425,-180.168,0.002,-0.789,1.533,-0.0,-0.744,0.003,-0.06,0.25,-7.06,0.39,-4.85,-0.03,-0.003,1.508,-2.851,0.001,1.342,-0.006,
2026-01-26 04:39:18.321,machining_end_to_approach_machine,1578.474,0.611,1117.166,26.394,89.198,-153.409,0.014,-61.48,-72.621,-0.263,43.383,-180.168,0.002,-0.704,1.368,-0.0,-0.664,0.003,0.06,0.29,-7.12,0.33,-4.85,-0.04,-0.003,1.319,-2.491,0.001,1.171,-0.005,
2026-01-26 04:39:18.422,machining_end_to_approach_machine,1578.936,0.613,1117.142,26.394,89.198,-153.409,0.014,-61.513,-72.557,-0.263,43.352,-180.168,0.001,-0.611,1.187,-0.0,-0.576,0.002,-0.1,0.28,-7.18,0.42,-4.95,0.0,-0.003,1.305,-2.472,0.001,1.166,-0.005,waypoint
2026-01-26 04:39:18.525,approach_machine_to_pick,1579.908,0.617,1117.105,26.393,89.198,-153.41,0.014,-61.583,-72.421,-0.263,43.285,-180.167,0.001,-0.631,1.23,-0.0,-0.599,0.002,0.1,0.65,-5.36,0.36,-4.93,0.04,-0.002,0.813,-1.51,-0.0,0.695,-0.003,
2026-01-26 04:39:18.630,approach_machine_to_pick,1585.703,0.646,1116.984,26.365,89.197,-153.437,0.015,-61.993,-71.607,-0.264,42.881,-180.165,0.004,-1.5,2.957,-0.002,-1.459,0.007,-0.0,0.6,-5.79,0.33,-4.94,-0.02,0.007,-2.683,5.421,-0.008,-2.747,0.014,
2026-01-26 04:39:18.733,approach_machine_to_pick,1590.956,0.672,1116.877,26.339,89.196,-153.463,0.016,-62.37,-70.861,-0.265,42.511,-180.164,0.005,-2.067,4.084,-0.004,-2.02,0.009,-0.0,0.52,-6.1,0.32,-4.87,-0.03,0.005,-2.074,4.204,-0.006,-2.138,0.011,
2026-01-26 04:39:18.836,approach_machine_to_pick,1595.51,0.695,1116.786,26.317,89.196,-153.486,0.017,-62.7,-70.207,-0.266,42.186,-180.162,0.006,-2.375,4.697,-0.005,-2.326,0.011,0.07,0.48,-6.32,0.28,-4.88,-0.06,0.004,-1.399,2.857,-0.005,-1.464,0.008,
2026-01-26 04:39:18.938,approach_machine_to_pick,1598.995,0.713,1116.717,26.299,89.195,-153.503,0.018,-62.954,-69.703,-0.266,41.936,-180.161,0.006,-2.418,4.784,-0.005,-2.371,0.011,-0.03,0.4,-6.51,0.38,-4.82,-0.01,0.001,-0.507,1.081,-0.003,-0.578,0.003,
2026-01-26 04:39:19.040,approach_machine_to_pick,1603.351,0.736,1116.633,26.277,89.195,-153.525,0.019,-63.275,-69.067,-0.267,41.62,-180.159,0.006,-2.616,5.179,-0.005,-2.568,0.012,0.09,0.4,-6.86,0.36,-4.89,-0.05,0.003,-1.12,2.288,-0.004,-1.173,0.006,
2026-01-26 04:39:19.142,approach_machine_to_pick,1606.978,0.755,1116.563,26.258,89.194,-153.544,0.019,-63.545,-68.532,-0.267,41.355,-180.158,0.007,-2.636,5.22,-0.005,-2.589,0.012,-0.03,0.34,-6.86,0.43,-4.84,-0.03,0.001,-0.495,1.043,-0.002,-0.551,0.003,
2026-01-26 04:39:19.245,approach_machine_to_pick,1610.466,0.774,1116.498,26.24,89.194,-153.562,0.02,-63.807,-68.014,-0.268,41.097,-180.157,0.006,-2.631,5.211,-0.005,-2.585,0.012,0.04,0.32,-6.98,0.4,-4.87,-0.01,0.001,-0.363,0.776,-0.002,-0.415,0.002,
2026-01-26 04:39:19.346,approach_machine_to_pick,1613.68,0.792,1116.438,26.223,89.193,-153.578,0.02,-64.05,-67.533,-0.268,40.858,-180.156,0.006,-2.58,5.111,-0.005,-2.536,0.012,-0.03,0.33,-7.16,0.41,-4.85,-0.06,0.0,-0.14,0.328,-0.001,-0.19,0.001,
2026-01-26 04:39:19.448,approach_machine_to_pick,1616.629,0.808,1116.384,26.208,89.193,-153.594,0.021,-64.274,-67.088,-0.269,40.638,-180.155,0.006,-2.496,4.945,-0.005,-2.454,0.012,0.05,0.3,-7.13,0.36,-4.75,-0.09,-0.0,0.058,-0.069,-0.001,0.01,0.0,
2026-01-26 04:39:19.551,approach_machine_to_pick,1619.164,0.822,1116.338,26.195,89.193,-153.607,0.022,-64.468,-66.703,-0.269,40.447,-180.154,0.006,-2.358,4.671,-0.005,-2.318,0.011,0.05,0.26,-7.19,0.47,-4.94,0.04,-0.001,0.354,-0.661,-0.0,0.306,-0.001,
2026-01-26 04:39:19.656,approach_machine_to_pick,1621.351,0.834,1116.299,26.183,89.192,-153.619,0.022,-64.637,-66.369,-0.27,40.281,-180.153,0.005,-2.19,4.339,-0.004,-2.153,0.01,0.01,0.23,-7.24,0.38,-4.89,0.02,-0.001,0.576,-1.104,0.0,0.528,-0.002,
2026-01-26 04:39:19.757,approach_machine_to_pick,1622.724,0.842,1116.275,26.176,89.192,-153.626,0.022,-64.743,-66.158,-0.27,40.176,-180.152,0.005,-1.908,3.78,-0.004,-1.876,0.009,0.01,0.27,-7.2,0.46,-4.78,-0.1,-0.003,1.141,-2.228,0.002,1.088,-0.005,
2026-01-26 04:39:19.858,approach_machine_to_pick,1623.872,0.848,1116.255,26.169,89.192,-153.632,0.022,-64.832,-65.981,-0.27,40.089,-180.152,0.004,-1.654,3.277,-0.003,-1.626,0.008,-0.02,0.24,-7.35,0.42,-4.84,-0.0,-0.003,1.198,-2.343,0.002,1.147,-0.005,
2026-01-26 04:39:19.960,approach_machine_to_pick,1625.286,0.856,1116.23,26.162,89.192,-153.64,0.023,-64.942,-65.763,-0.27,39.98,-180.152,0.004,-1.516,3.004,-0.003,-1.491,0.007,0.04,0.28,-7.37,0.54,-4.9,0.02,-0.002,0.868,-1.694,0.001,0.826,-0.004,
2026-01-26 04:39:20.063,approach_machine_to_pick,1626.106,0.861,1116.216,26.157,89.192,-153.644,0.023,-65.007,-65.636,-0.27,39.917,-180.151,0.003,-1.297,2.57,-0.003,-1.276,0.006,-0.04,0.26,-7.37,0.39,-4.86,0.04,-0.003,1.242,-2.437,0.002,1.197,-0.006,
2026-01-26 04:39:20.164,approach_machine_to_pick,1627.08,0.866,1116.199,26.152,89.192,-153.649,0.023,-65.083,-65.485,-0.27,39.842,-180.151,0.003,-1.164,2.306,-0.002,-1.144,0.005,0.02,0.28,-7.42,0.46,-4.94,-0.05,-0.002,0.996,-1.952,0.002,0.957,-0.004,
2026-01-26 04:39:20.266,approach_machine_to_pick,1628.35,0.873,1116.178,26.145,89.191,-153.656,0.023,-65.182,-65.287,-0.271,39.744,-180.15,0.003,-1.122,2.223,-0.002,-1.103,0.005,-0.02,0.23,-7.31,0.36,-4.9,0.04,-0.002,0.662,-1.293,0.001,0.631,-0.003,
2026-01-26 04:39:20.366,approach_machine_to_pick,1629.374,0.879,1116.16,26.139,89.191,-153.662,0.023,-65.263,-65.128,-0.271,39.665,-180.15,0.003,-1.043,2.067,-0.002,-1.026,0.005,0.01,0.19,-7.3,0.41,-4.84,-0.03,-0.002,0.786,-1.54,0.001,0.755,-0.003,
2026-01-26 04:39:20.468,approach_machine_to_pick,1630.31,0.885,1116.144,26.134,89.191,-153.667,0.024,-65.337,-64.981,-0.271,39.592,-180.15,0.002,-0.967,1.916,-0.002,-0.951,0.005,0.1,0.23,-7.39,0.39,-4.83,-0.11,-0.002,0.775,-1.52,0.001,0.746,-0.003,
2026-01-26 04:39:20.569,approach_machine_to_pick,1631.233,0.89,1116.129,26.129,89.191,-153.672,0.024,-65.41,-64.836,-0.271,39.52,-180.149,0.002,-0.908,1.799,-0.002,-0.893,0.004,-0.03,0.25,-7.45,0.41,-4.89,-0.15,-0.002,0.706,-1.385,0.001,0.68,-0.003,
2026-01-26 04:39:20.669,approach_machine_to_pick,1632.04,0.895,1116.115,26.125,89.191,-153.677,0.024,-65.474,-64.709,-0.271,39.457,-180.149,0.002,-0.841,1.667,-0.002,-0.827,0.004,0.02,0.25,-7.38,0.45,-4.88,0.09,-0.002,0.726,-1.426,0.001,0.701,-0.003,
2026-01-26 04:39:20.770,approach_machine_to_pick,1632.802,0.899,1116.103,26.121,89.191,-153.681,0.024,-65.535,-64.589,-0.271,39.398,-180.149,0.002,-0.782,1.55,-0.002,-0.77,0.004,0.03,0.23,-7.45,0.52,-4.86,-0.06,-0.002,0.687,-1.35,0.001,0.664,-0.003,
2026-01-26 04:39:20.871,approach_machine_to_pick,1633.494,0.903,1116.091,26.117,89.191,-153.685,0.024,-65.59,-64.48,-0.271,39.343,-180.148,0.002,-0.725,1.436,-0.001,-0.713,0.003,-0.04,0.37,-7.31,0.4,-4.96,-0.07,-0.002,0.674,-1.324,0.001,0.652,-0.003,
2026-01-26 04:39:20.973,approach_machine_to_pick,1634.122,0.907,1116.081,26.113,89.191,-153.688,0.024,-65.64,-64.381,-0.272,39.294,-180.148,0.002,-0.669,1.325,-0.001,-0.658,0.003,0.06,0.25,-7.34,0.41,-4.86,-0.02,-0.002,0.656,-1.291,0.001,0.636,-0.003,
2026-01-26 04:39:21.077,approach_machine_to_pick,1634.775,0.911,1116.07,26.11,89.191,-153.692,0.025,-65.692,-64.277,-0.272,39.243,-180.148,0.002,-0.632,1.253,-0.001,-0.622,0.003,0.08,0.17,-7.31,0.48,-4.9,-0.09,-0.001,0.57,-1.121,0.001,0.552,-0.003,
2026-01-26 04:39:21.178,approach_machine_to_pick,1635.304,0.914,1116.061,26.107,89.191,-153.695,0.025,-65.735,-64.193,-0.272,39.201,-180.148,0.001,-0.58,1.149,-0.001,-0.57,0.003,0.0,0.28,-7.37,0.49,-4.82,0.03,-0.001,0.612,-1.204,0.001,0.594,-0.003,waypoint
2026-01-26 04:39:21.279,pick_on_machine,1635.713,0.918,1116.053,26.09,89.19,-153.711,0.025,-65.767,-64.128,-0.272,39.168,-180.148,0.001,-0.517,1.024,-0.0,-0.509,0.002,0.06,0.26,-7.43,0.46,-4.87,0.01,-0.001,0.645,-1.273,0.004,0.625,-0.004,
2026-01-26 04:39:21.384,pick_on_machine,1636.041,0.923,1116.044,26.065,89.19,-153.736,0.025,-65.794,-64.076,-0.271,39.142,-180.148,0.002,-0.454,0.899,0.0,-0.448,0.001,0.07,0.32,-7.42,0.47,-4.86,-0.04,-0.0,0.645,-1.274,0.005,0.625,-0.005,
2026-01-26 04:39:21.484,pick_on_machine,1636.36,0.928,1116.036,26.041,89.189,-153.761,0.025,-65.82,-64.025,-0.271,39.117,-180.148,0.002,-0.405,0.801,0.001,-0.4,0.001,-0.04,0.28,-7.32,0.36,-4.92,-0.02,-0.0,0.588,-1.16,0.004,0.569,-0.004,
2026-01-26 04:39:21.587,pick_on_machine,1636.682,0.933,1116.028,26.016,89.189,-153.786,0.025,-65.846,-63.974,-0.271,39.091,-180.148,0.002,-0.368,0.729,0.002,-0.365,0.001,-0.01,0.32,-7.41,0.42,-4.87,-0.09,-0.0,0.526,-1.039,0.004,0.51,-0.004,
2026-01-26 04:39:21.688,pick_on_machine,1636.99,0.938,1116.02,25.992,89.188,-153.809,0.026,-65.87,-63.925,-0.27,39.066,-180.148,0.002,-0.339,0.67,0.002,-0.335,0.0,-0.05,0.33,-7.34,0.45,-4.88,-0.07,-0.0,0.485,-0.957,0.003,0.47,-0.003,
2026-01-26 04:39:21.788,pick_on_machine,1637.283,0.943,1116.013,25.97,89.188,-153.832,0.026,-65.894,-63.878,-0.27,39.042,-180.148,0.002,-0.313,0.619,0.002,-0.311,0.0,-0.04,0.29,-7.41,0.38,-4.87,-0.04,-0.0,0.448,-0.885,0.003,0.435,-0.003,
2026-01-26 04:39:21.890,pick_on_machine,1637.56,0.947,1116.006,25.949,89.188,-153.853,0.026,-65.917,-63.834,-0.27,39.02,-180.148,0.002,-0.291,0.575,0.002,-0.289,-0.0,-0.05,0.36,-7.44,0.42,-4.83,-0.07,-0.0,0.416,-0.821,0.002,0.404,-0.003,
2026-01-26 04:39:21.992,pick_on_machine,1637.821,0.952,1115.999,25.929,89.187,-153.873,0.026,-65.938,-63.792,-0.27,38.999,-180.148,0.002,-0.271,0.536,0.002,-0.269,-0.0,-0.01,0.2,-7.42,0.39,-4.81,0.01,-0.001,0.387,-0.764,0.002,0.376,-0.002,
2026-01-26 04:39:22.092,pick_on_machine,1638.058,0.955,1115.993,25.911,89.187,-153.892,0.026,-65.957,-63.754,-0.269,38.98,-180.148,0.002,-0.251,0.496,0.002,-0.25,-0.0,-0.01,0.27,-7.46,0.42,-4.89,0.02,-0.001,0.368,-0.727,0.002,0.358,-0.002,
2026-01-26 04:39:22.194,pick_on_machine,1638.272,0.959,1115.988,25.894,89.186,-153.908,0.026,-65.974,-63.72,-0.269,38.962,-180.148,0.001,-0.232,0.458,0.002,-0.231,-0.0,0.02,0.31,-7.44,0.48,-4.9,-0.11,-0.001,0.349,-0.69,0.001,0.34,-0.002,
2026-01-26 04:39:22.296,pick_on_machine,1638.479,0.962,1115.983,25.878,89.186,-153.924,0.026,-65.991,-63.687,-0.269,38.946,-180.148,0.001,-0.216,0.427,0.002,-0.215,-0.0,-0.05,0.3,-7.41,0.58,-4.83,-0.04,-0.001,0.32,-0.631,0.001,0.312,-0.002,
2026-01-26 04:39:22.397,pick_on_machine,1638.666,0.965,1115.978,25.864,89.186,-153.938,0.027,-66.006,-63.657,-0.269,38.931,-180.148,0.001,-0.2,0.395,0.002,-0.199,-0.0,0.02,0.29,-7.44,0.41,-4.79,-0.05,-0.001,0.305,-0.602,0.001,0.297,-0.001,
2026-01-26 04:39:22.502,pick_on_machine,1638.834,0.968,1115.974,25.851,89.186,-153.951,0.027,-66.02,-63.63,-0.268,38.917,-180.148,0.001,-0.184,0.363,0.002,-0.183,-0.0,0.04,0.32,-7.41,0.44,-4.82,-0.0,-0.001,0.29,-0.572,0.0,0.283,-0.001,
2026-01-26 04:39:22.603,pick_on_machine,1638.984,0.97,1115.97,25.84,89.185,-153.963,0.027,-66.032,-63.606,-0.268,38.905,-180.148,0.001,-0.169,0.333,0.002,-0.168,-0.0,-0.1,0.21,-7.49,0.44,-4.86,-0.05,-0.001,0.274,-0.542,0.0,0.268,-0.001,
2026-01-26 04:39:22.704,pick_on_machine,1639.106,0.972,1115.967,25.83,89.185,-153.972,0.027,-66.042,-63.586,-0.268,38.895,-180.148,0.001,-0.151,0.299,0.002,-0.151,-0.0,0.11,0.31,-7.39,0.38,-4.89,-0.08,-0.001,0.27,-0.533,-0.0,0.265,-0.001,
2026-01-26 04:39:22.810,pick_on_machine,1639.184,0.973,1115.965,25.824,89.185,-153.978,0.027,-66.048,-63.574,-0.268,38.889,-180.148,0.001,-0.129,0.255,0.002,-0.129,-0.0,-0.01,0.22,-7.39,0.42,-4.82,-0.02,-0.001,0.279,-0.551,-0.001,0.274,-0.001,
2026-01-26 04:39:22.909,pick_on_machine,1639.261,0.975,1115.963,25.818,89.185,-153.984,0.027,-66.055,-63.561,-0.268,38.882,-180.148,0.001,-0.113,0.222,0.001,-0.112,-0.0,-0.03,0.28,-7.41,0.4,-4.91,0.01,-0.001,0.252,-0.497,-0.0,0.247,-0.001,
2026-01-26 04:39:23.011,pick_on_machine,1639.347,0.976,1115.961,25.812,89.185,-153.991,0.027,-66.062,-63.548,-0.268,38.875,-180.148,0.001,-0.102,0.201,0.001,-0.102,-0.0,0.07,0.33,-7.26,0.47,-4.89,0.03,-0.001,0.219,-0.433,-0.0,0.215,-0.001,
2026-01-26 04:39:23.112,pick_on_machine,1639.436,0.977,1115.959,25.805,89.185,-153.998,0.027,-66.069,-63.533,-0.268,38.868,-180.148,0.001,-0.095,0.187,0.001,-0.094,-0.0,0.03,0.31,-7.41,0.47,-4.89,-0.06,-0.001,0.195,-0.385,-0.0,0.191,-0.001,
2026-01-26 04:39:23.213,pick_on_machine,1639.502,0.978,1115.957,25.8,89.185,-154.003,0.027,-66.074,-63.523,-0.268,38.863,-180.148,0.001,-0.084,0.167,0.001,-0.084,-0.0,0.07,0.3,-7.31,0.41,-4.91,0.01,-0.001,0.194,-0.383,-0.0,0.191,-0.0,
2026-01-26 04:39:23.317,pick_on_machine,1639.575,0.98,1115.955,25.794,89.185,-154.008,0.027,-66.08,-63.511,-0.268,38.857,-180.148,0.001,-0.078,0.154,0.001,-0.078,-0.0,-0.01,0.24,-7.39,0.46,-4.8,-0.04,-0.001,0.17,-0.335,-0.0,0.167,-0.0,
2026-01-26 04:39:23.419,pick_on_machine,1639.638,0.981,1115.954,25.789,89.184,-154.013,0.027,-66.085,-63.501,-0.268,38.852,-180.149,0.001,-0.071,0.141,0.001,-0.071,-0.0,0.01,0.19,-7.41,0.45,-4.87,-0.02,-0.001,0.16,-0.316,-0.0,0.157,-0.0,
2026-01-26 04:39:23.522,pick_on_machine,1639.694,0.982,1115.952,25.785,89.184,-154.017,0.027,-66.09,-63.492,-0.268,38.847,-180.149,0.0,-0.065,0.128,0.001,-0.065,-0.0,0.01,0.28,-7.38,0.49,-4.9,-0.05,-0.001,0.15,-0.296,-0.0,0.148,-0.0,
2026-01-26 04:39:23.622,pick_on_machine,1639.747,0.982,1115.951,25.781,89.184,-154.022,0.027,-66.094,-63.483,-0.268,38.843,-180.149,0.0,-0.059,0.117,0.001,-0.059,-0.0,0.03,0.27,-7.37,0.43,-4.81,-0.03,-0.001,0.137,-0.271,-0.0,0.135,-0.0,
2026-01-26 04:39:23.828,pick_on_machine,1639.853,0.984,1115.948,25.773,89.184,-154.03,0.027,-66.103,-63.466,-0.267,38.834,-180.149,0.0,-0.052,0.103,0.001,-0.052,-0.0,0.02,0.29,-7.32,0.42,-4.82,-0.03,-0.0,0.113,-0.223,-0.0,0.111,-0.0,
2026-01-26 04:39:24.033,pick_on_machine,1639.948,0.986,1115.946,25.766,89.184,-154.037,0.027,-66.111,-63.451,-0.267,38.827,-180.149,0.0,-0.046,0.091,0.001,-0.046,-0.0,-0.04,0.21,-7.4,0.36,-4.88,-0.06,-0.0,0.097,-0.192,-0.0,0.096,-0.0,
2026-01-26 04:39:24.235,pick_on_machine,1640.016,0.987,1115.944,25.761,89.184,-154.042,0.027,-66.116,-63.44,-0.267,38.821,-180.149,0.0,-0.038,0.075,0.0,-0.038,-0.0,-0.06,0.16,-7.51,0.45,-4.88,-0.04,-0.0,0.086,-0.171,-0.0,0.085,-0.0,
2026-01-26 04:39:24.337,pick_on_machine,1640.043,0.987,1115.943,25.758,89.184,-154.044,0.027,-66.118,-63.436,-0.267,38.819,-180.149,0.0,-0.034,0.067,0.0,-0.034,-0.0,-0.04,0.36,-7.44,0.45,-4.87,-0.06,-0.0,0.083,-0.164,-0.0,0.082,-0.0,
2026-01-26 04:39:24.541,pick_on_machine,1640.089,0.988,1115.942,25.755,89.184,-154.048,0.027,-66.122,-63.428,-0.267,38.815,-180.149,0.0,-0.027,0.054,0.0,-0.027,-0.0,-0.07,0.19,-7.49,0.44,-4.87,-0.04,-0.0,0.07,-0.137,-0.0,0.069,-0.0,
2026-01-26 04:39:24.743,pick_on_machine,1640.132,0.989,1115.941,25.752,89.184,-154.051,0.027,-66.126,-63.421,-0.267,38.812,-180.149,0.0,-0.023,0.046,0.0,-0.023,-0.0,-0.08,0.27,-7.39,0.43,-4.83,-0.1,-0.0,0.059,-0.117,-0.0,0.058,-0.0,
2026-01-26 04:39:24.949,pick_on_machine,1640.168,0.989,1115.94,25.749,89.184,-154.054,0.027,-66.128,-63.416,-0.267,38.809,-180.149,0.0,-0.019,0.038,0.0,-0.019,-0.0,-0.06,0.35,-7.41,0.53,-4.89,-0.04,-0.0,0.05,-0.098,-0.0,0.049,-0.0,
2026-01-26 04:39:25.150,pick_on_machine,1640.197,0.99,1115.94,25.747,89.184,-154.056,0.027,-66.131,-63.411,-0.267,38.806,-180.149,0.0,-0.016,0.032,0.0,-0.016,-0.0,-0.06,0.27,-7.4,0.42,-4.93,0.02,-0.0,0.043,-0.085,-0.0,0.043,-0.0,
2026-01-26 04:39:25.251,pick_to_retreat_machine,1640.795,1.028,1123.361,25.796,89.184,-154.007,0.029,-65.841,-63.388,-0.267,38.494,-180.149,0.004,0.712,0.082,0.001,-0.793,0.0,-0.06,0.16,-7.52,0.41,-4.79,-0.03,0.014,2.948,0.133,0.005,-3.074,0.001,
2026-01-26 04:39:25.355,pick_to_retreat_machine,1642.069,1.121,1141.454,25.912,89.185,-153.891,0.032,-65.134,-63.334,-0.265,37.735,-180.148,0.011,2.302,0.196,0.004,-2.493,0.001,-0.06,0.04,-7.47,0.51,-4.78,-0.07,0.032,6.828,0.426,0.011,-7.237,0.003,
2026-01-26 04:39:25.456,pick_to_retreat_machine,1642.901,1.193,1155.567,26.0,89.186,-153.804,0.035,-64.583,-63.292,-0.265,37.143,-180.148,0.015,3.105,0.252,0.005,-3.35,0.001,0.04,0.07,-7.44,0.39,-4.75,0.07,0.021,4.584,0.265,0.007,-4.837,0.002,
2026-01-26 04:39:25.558,pick_to_retreat_machine,1643.562,1.262,1169.017,26.082,89.187,-153.722,0.037,-64.058,-63.252,-0.264,36.579,-180.148,0.017,3.641,0.289,0.006,-3.921,0.001,-0.01,0.04,-7.58,0.36,-4.75,-0.03,0.018,3.863,0.218,0.006,-4.072,0.002,
2026-01-26 04:39:25.661,pick_to_retreat_machine,1644.002,1.318,1179.883,26.146,89.187,-153.657,0.039,-63.634,-63.219,-0.263,36.124,-180.148,0.018,3.79,0.298,0.006,-4.079,0.001,0.0,-0.16,-7.5,0.43,-4.75,-0.05,0.011,2.466,0.119,0.004,-2.579,0.001,
2026-01-26 04:39:25.763,pick_to_retreat_machine,1644.431,1.387,1193.364,26.225,89.188,-153.578,0.042,-63.109,-63.179,-0.262,35.56,-180.147,0.02,4.156,0.323,0.007,-4.47,0.002,-0.04,-0.09,-7.51,0.37,-4.69,0.02,0.015,3.237,0.185,0.005,-3.414,0.001,
2026-01-26 04:39:25.863,pick_to_retreat_machine,1644.707,1.449,1205.448,26.294,89.189,-153.509,0.044,-62.638,-63.143,-0.261,35.054,-180.147,0.02,4.294,0.332,0.007,-4.617,0.002,-0.03,-0.13,-7.54,0.43,-4.72,0.03,0.011,2.367,0.125,0.004,-2.486,0.001,
2026-01-26 04:39:25.964,pick_to_retreat_machine,1644.863,1.502,1215.937,26.353,89.19,-153.451,0.046,-62.229,-63.112,-0.261,34.615,-180.147,0.02,4.242,0.327,0.007,-4.559,0.002,-0.03,-0.26,-7.59,0.43,-4.74,-0.01,0.007,1.507,0.065,0.002,-1.568,0.001,
2026-01-26 04:39:26.064,pick_to_retreat_machine,1644.936,1.551,1225.371,26.405,89.19,-153.399,0.048,-61.862,-63.084,-0.26,34.221,-180.147,0.02,4.1,0.315,0.007,-4.406,0.002,-0.04,-0.21,-7.62,0.53,-4.62,-0.01,0.004,0.945,0.027,0.001,-0.969,0.0,
2026-01-26 04:39:26.166,pick_to_retreat_machine,1644.947,1.597,1234.409,26.454,89.191,-153.35,0.049,-61.51,-63.058,-0.259,33.843,-180.147,0.019,3.955,0.304,0.007,-4.249,0.002,-0.02,-0.36,-7.65,0.48,-4.72,-0.11,0.003,0.696,0.013,0.001,-0.706,0.0,
2026-01-26 04:39:26.268,pick_to_retreat_machine,1644.914,1.634,1241.737,26.493,89.191,-153.311,0.051,-61.224,-63.036,-0.259,33.536,-180.147,0.018,3.68,0.282,0.006,-3.953,0.001,0.03,-0.4,-7.66,0.45,-4.66,-0.04,-0.0,-0.04,-0.039,-0.0,0.08,-0.0,
2026-01-26 04:39:26.370,pick_to_retreat_machine,1644.864,1.662,1247.22,26.522,89.192,-153.282,0.052,-61.011,-63.02,-0.259,33.307,-180.147,0.016,3.294,0.252,0.006,-3.538,0.001,-0.03,-0.38,-7.69,0.39,-4.84,-0.0,-0.004,-0.755,-0.09,-0.001,0.844,-0.0,
2026-01-26 04:39:26.470,pick_to_retreat_machine,1644.79,1.69,1252.887,26.552,89.192,-153.252,0.053,-60.79,-63.003,-0.258,33.07,-180.147,0.014,3.022,0.231,0.005,-3.246,0.001,-0.01,-0.37,-7.8,0.56,-4.65,-0.06,-0.003,-0.608,-0.076,-0.001,0.682,-0.0,
2026-01-26 04:39:26.571,pick_to_retreat_machine,1644.717,1.713,1257.278,26.574,89.192,-153.23,0.054,-60.619,-62.99,-0.258,32.886,-180.147,0.013,2.694,0.206,0.005,-2.893,0.001,0.03,-0.42,-7.78,0.41,-4.75,-0.07,-0.005,-1.044,-0.106,-0.002,1.147,-0.0,
2026-01-26 04:39:26.676,pick_to_retreat_machine,1644.66,1.728,1260.257,26.59,89.193,-153.214,0.054,-60.503,-62.981,-0.258,32.762,-180.146,0.011,2.31,0.177,0.004,-2.481,0.001,-0.03,-0.38,-7.67,0.46,-4.74,-0.05,-0.007,-1.489,-0.137,-0.003,1.623,-0.001,
2026-01-26 04:39:26.782,pick_to_retreat_machine,1644.596,1.743,1263.236,26.605,89.193,-153.199,0.055,-60.387,-62.972,-0.258,32.637,-180.146,0.01,2.023,0.155,0.003,-2.172,0.001,-0.03,-0.5,-7.69,0.5,-4.76,-0.01,-0.006,-1.34,-0.124,-0.002,1.461,-0.001,
2026-01-26 04:39:26.884,pick_to_retreat_machine,1644.539,1.756,1265.716,26.617,89.193,-153.187,0.055,-60.291,-62.965,-0.257,32.534,-180.146,0.008,1.758,0.134,0.003,-1.889,0.001,-0.05,-0.41,-7.89,0.54,-4.79,0.11,-0.007,-1.401,-0.126,-0.002,1.524,-0.001,
2026-01-26 04:39:26.985,pick_to_retreat_machine,1644.488,1.766,1267.757,26.628,89.193,-153.176,0.056,-60.211,-62.959,-0.257,32.448,-180.146,0.007,1.517,0.116,0.003,-1.63,0.001,-0.04,-0.42,-7.72,0.55,-4.76,0.14,-0.007,-1.431,-0.126,-0.002,1.554,-0.001,
2026-01-26 04:39:27.089,pick_to_retreat_machine,1644.397,1.783,1271.139,26.645,89.193,-153.159,0.056,-60.079,-62.949,-0.257,32.307,-180.146,0.007,1.467,0.112,0.002,-1.576,0.001,0.01,-0.66,-7.72,0.49,-4.78,-0.02,-0.004,-0.766,-0.074,-0.001,0.838,-0.0,
2026-01-26 04:39:27.192,pick_to_retreat_machine,1644.291,1.801,1274.762,26.663,89.194,-153.141,0.057,-59.938,-62.938,-0.257,32.155,-180.146,0.007,1.453,0.111,0.002,-1.561,0.001,0.03,-0.53,-7.75,0.47,-4.79,-0.02,-0.003,-0.595,-0.059,-0.001,0.654,-0.0,
2026-01-26 04:39:27.296,pick_to_retreat_machine,1644.187,1.818,1278.044,26.679,89.194,-153.125,0.058,-59.811,-62.928,-0.257,32.018,-180.146,0.007,1.409,0.107,0.002,-1.514,0.001,-0.01,-0.54,-7.74,0.51,-4.74,-0.03,-0.003,-0.669,-0.064,-0.001,0.731,-0.0,
2026-01-26 04:39:27.400,pick_to_retreat_machine,1644.105,1.83,1280.489,26.691,89.194,-153.113,0.058,-59.715,-62.921,-0.256,31.916,-180.146,0.006,1.295,0.099,0.002,-1.391,0.0,-0.03,-0.55,-7.74,0.39,-4.85,0.02,-0.004,-0.928,-0.082,-0.002,1.008,-0.0,
2026-01-26 04:39:27.503,pick_to_retreat_machine,1644.032,1.841,1282.547,26.701,89.194,-153.103,0.058,-59.635,-62.915,-0.256,31.83,-180.146,0.006,1.172,0.089,0.002,-1.258,0.0,-0.01,-0.49,-7.63,0.51,-4.74,-0.05,-0.005,-0.986,-0.085,-0.002,1.069,-0.0,
2026-01-26 04:39:27.606,pick_to_retreat_machine,1643.976,1.849,1284.088,26.709,89.194,-153.095,0.059,-59.575,-62.91,-0.256,31.765,-180.146,0.005,1.029,0.078,0.002,-1.105,0.0,0.08,-0.61,-7.74,0.44,-4.87,-0.13,-0.005,-1.088,-0.092,-0.002,1.178,-0.0,
2026-01-26 04:39:27.710,pick_to_retreat_machine,1643.908,1.858,1285.891,26.718,89.194,-153.086,0.059,-59.505,-62.905,-0.256,31.69,-180.146,0.005,0.947,0.072,0.002,-1.017,0.0,-0.03,-0.51,-7.84,0.49,-4.69,-0.07,-0.004,-0.877,-0.075,-0.002,0.95,-0.0,
2026-01-26 04:39:27.813,pick_to_retreat_machine,1643.827,1.868,1287.968,26.728,89.194,-153.076,0.059,-59.424,-62.899,-0.256,31.603,-180.146,0.004,0.913,0.07,0.002,-0.98,0.0,0.01,-0.67,-7.82,0.47,-4.86,-0.0,-0.003,-0.683,-0.06,-0.001,0.741,-0.0,
2026-01-26 04:39:27.913,pick_to_retreat_machine,1643.756,1.877,1289.718,26.736,89.195,-153.068,0.06,-59.356,-62.893,-0.256,31.53,-180.146,0.004,0.855,0.065,0.001,-0.918,0.0,-0.03,-0.58,-7.83,0.48,-4.8,-0.04,-0.004,-0.742,-0.063,-0.001,0.804,-0.0,waypoint
2026-01-26 04:39:28.013,pick_to_retreat_machine,1632.198,1.786,1295.698,26.799,89.194,-153.005,0.057,-58.161,-64.681,-0.257,32.122,-180.147,-0.004,3.628,-4.419,-0.003,0.792,-0.003,0.04,-0.32,-8.92,0.57,-4.91,-0.1,-0.035,10.6,-17.981,-0.017,7.378,-0.012,
2026-01-26 04:39:28.115,pick_to_retreat_machine,1579.043,1.376,1314.067,27.071,89.192,-152.732,0.043,-53.276,-72.341,-0.264,34.898,-180.153,-0.037,14.933,-22.465,-0.019,7.534,-0.017,-0.02,-0.32,-8.02,0.53,-4.7,-0.04,-0.139,46.436,-74.914,-0.068,28.475,-0.058,
2026-01-26 04:39:28.219,pick_to_retreat_machine,1525.271,1.022,1328.602,27.27,89.191,-152.532,0.031,-48.831,-79.313,-0.27,37.424,-180.158,-0.059,22.313,-34.278,-0.029,11.966,-0.026,0.04,-0.29,-7.44,0.41,-4.56,-0.04,-0.113,37.4,-60.535,-0.055,23.133,-0.047,
2026-01-26 04:39:28.321,pick_to_retreat_machine,1482.261,0.774,1337.898,27.387,89.19,-152.415,0.022,-45.537,-84.479,-0.275,39.296,-180.162,-0.067,24.97,-38.624,-0.033,13.655,-0.029,-0.0,-0.41,-6.97,0.41,-4.54,-0.06,-0.069,22.148,-36.427,-0.034,14.277,-0.028,
2026-01-26 04:39:28.423,pick_to_retreat_machine,1448.079,0.595,1344.029,27.458,89.19,-152.343,0.015,-43.05,-88.379,-0.278,40.71,-180.165,-0.068,24.946,-38.72,-0.034,13.775,-0.029,0.04,-0.63,-6.61,0.46,-4.6,-0.05,-0.04,11.865,-20.131,-0.019,8.264,-0.016,
2026-01-26 04:39:28.526,pick_to_retreat_machine,1418.556,0.452,1348.52,27.506,89.189,-152.295,0.009,-40.98,-91.625,-0.281,41.886,-180.168,-0.065,23.884,-37.155,-0.032,13.272,-0.028,0.01,-0.79,-6.48,0.4,-4.55,-0.13,-0.024,6.503,-11.57,-0.012,5.065,-0.009,
2026-01-26 04:39:28.627,pick_to_retreat_machine,1389.738,0.322,1352.244,27.541,89.189,-152.259,0.004,-39.021,-94.698,-0.284,43.0,-180.17,-0.062,22.811,-35.548,-0.031,12.737,-0.027,0.09,-1.0,-6.23,0.37,-4.53,-0.07,-0.019,4.747,-8.679,-0.009,3.93,-0.007,
2026-01-26 04:39:28.730,pick_to_retreat_machine,1359.862,0.197,1355.461,27.567,89.189,-152.233,-0.002,-37.046,-97.795,-0.286,44.122,-180.172,-0.061,22.045,-34.402,-0.03,12.358,-0.026,-0.04,-1.21,-6.12,0.28,-4.41,-0.03,-0.017,4.426,-8.052,-0.008,3.625,-0.006,
2026-01-26 04:39:28.836,pick_to_retreat_machine,1327.401,0.071,1358.263,27.584,89.189,-152.215,-0.008,-34.959,-101.069,-0.289,45.308,-180.175,-0.06,21.752,-33.986,-0.03,12.235,-0.026,0.01,-1.24,-5.93,0.33,-4.49,-0.0,-0.019,5.113,-9.018,-0.009,3.904,-0.007,
2026-01-26 04:39:28.938,pick_to_retreat_machine,1296.224,-0.041,1360.313,27.591,89.189,-152.209,-0.013,-33.004,-104.134,-0.292,46.419,-180.177,-0.059,21.2,-33.152,-0.029,11.953,-0.025,0.05,-1.58,-5.99,0.37,-4.57,-0.05,-0.013,3.271,-6.029,-0.006,2.757,-0.005,
2026-01-26 04:39:29.040,pick_to_retreat_machine,1266.371,-0.14,1361.718,27.588,89.189,-152.211,-0.018,-31.174,-107.003,-0.294,47.459,-180.179,-0.057,20.475,-32.038,-0.028,11.564,-0.024,0.04,-1.64,-5.99,0.42,-4.54,-0.05,-0.008,1.697,-3.472,-0.004,1.773,-0.003,
2026-01-26 04:39:29.141,pick_to_retreat_machine,1225.625,-0.263,1362.803,27.571,89.189,-152.227,-0.025,-28.735,-110.828,-0.298,48.845,-180.182,-0.059,21.453,-33.591,-0.029,12.138,-0.026,0.08,-1.88,-6.02,0.4,-4.65,0.0,-0.025,7.62,-12.679,-0.012,5.058,-0.01,
2026-01-26 04:39:29.244,pick_to_retreat_machine,1189.084,-0.363,1362.998,27.545,89.189,-152.254,-0.031,-26.599,-114.178,-0.301,50.059,-180.185,-0.059,21.431,-33.569,-0.029,12.139,-0.026,-0.02,-2.18,-6.0,0.37,-4.66,-0.04,-0.014,3.829,-6.661,-0.006,2.831,-0.005,
2026-01-26 04:39:29.348,pick_to_retreat_machine,1156.391,-0.444,1362.578,27.512,89.189,-152.286,-0.036,-24.725,-117.119,-0.303,51.124,-180.187,-0.058,20.76,-32.527,-0.028,11.768,-0.025,-0.02,-2.38,-5.96,0.4,-4.6,-0.07,-0.005,0.833,-1.896,-0.002,1.063,-0.002,
2026-01-26 04:39:29.453,pick_to_retreat_machine,1133.361,-0.496,1361.956,27.484,89.19,-152.314,-0.04,-23.423,-119.16,-0.305,51.864,-180.189,-0.052,18.825,-29.5,-0.026,10.675,-0.022,-0.02,-2.6,-6.02,0.3,-4.69,0.02,0.011,-4.98,7.278,0.006,-2.3,0.005,
2026-01-26 04:39:29.554,pick_to_retreat_machine,1115.114,-0.535,1361.278,27.459,89.19,-152.339,-0.043,-22.401,-120.762,-0.306,52.444,-180.19,-0.046,16.672,-26.129,-0.023,9.457,-0.02,-0.07,-2.76,-5.99,0.4,-4.7,0.02,0.018,-7.288,10.951,0.009,-3.664,0.008,
2026-01-26 04:39:29.660,pick_to_retreat_machine,1088.745,-0.587,1360.013,27.418,89.19,-152.379,-0.047,-20.94,-123.053,-0.308,53.275,-180.192,-0.045,16.156,-25.325,-0.022,9.169,-0.019,0.06,-2.91,-6.06,0.3,-4.68,-0.07,0.004,-2.162,2.96,0.002,-0.799,0.002,
2026-01-26 04:39:29.763,pick_to_retreat_machine,1070.457,-0.621,1358.942,27.388,89.19,-152.41,-0.05,-19.937,-124.627,-0.31,53.845,-180.193,-0.041,14.626,-22.928,-0.02,8.302,-0.017,-0.11,-3.17,-6.1,0.24,-4.79,0.03,0.016,-6.52,9.839,0.008,-3.319,0.007,
2026-01-26 04:39:29.864,pick_to_retreat_machine,1054.139,-0.649,1357.855,27.358,89.191,-152.439,-0.052,-19.048,-126.021,-0.311,54.35,-180.194,-0.037,13.192,-20.682,-0.018,7.49,-0.016,-0.07,-3.26,-6.07,0.33,-4.81,-0.03,0.018,-7.012,10.649,0.009,-3.637,0.008,
2026-01-26 04:39:29.968,pick_to_retreat_machine,1031.21,-0.686,1356.121,27.314,89.191,-152.483,-0.056,-17.808,-127.966,-0.313,55.055,-180.195,-0.036,12.993,-20.372,-0.018,7.379,-0.015,0.05,-3.51,-6.09,0.35,-4.79,-0.01,0.006,-2.805,4.085,0.003,-1.281,0.003,
2026-01-26 04:39:30.070,pick_to_retreat_machine,1009.192,-0.718,1354.233,27.268,89.191,-152.529,-0.059,-16.627,-129.817,-0.314,55.726,-180.197,-0.035,12.697,-19.908,-0.017,7.211,-0.015,-0.08,-3.5,-6.04,0.31,-4.77,-0.01,0.007,-3.115,4.603,0.004,-1.488,0.003,
2026-01-26 04:39:30.174,pick_to_retreat_machine,988.951,-0.746,1352.307,27.223,89.192,-152.574,-0.062,-15.55,-131.507,-0.316,56.338,-180.198,-0.034,12.216,-19.155,-0.017,6.939,-0.015,-0.15,-3.66,-6.09,0.27,-4.82,0.02,0.01,-3.836,5.762,0.005,-1.926,0.004,
2026-01-26 04:39:30.277,pick_to_retreat_machine,971.074,-0.768,1350.457,27.181,89.192,-152.616,-0.064,-14.604,-132.99,-0.317,56.875,-180.199,-0.032,11.526,-18.074,-0.016,6.548,-0.014,0.04,-3.83,-6.1,0.23,-4.75,-0.1,0.012,-4.771,7.253,0.006,-2.483,0.005,
2026-01-26 04:39:30.378,pick_to_retreat_machine,955.932,-0.785,1348.781,27.144,89.192,-152.653,-0.067,-13.808,-134.239,-0.318,57.328,-180.2,-0.03,10.636,-16.679,-0.015,6.043,-0.013,-0.12,-3.86,-6.1,0.34,-4.89,-0.08,0.015,-5.782,8.862,0.008,-3.08,0.007,
2026-01-26 04:39:30.479,pick_to_retreat_machine,941.287,-0.8,1347.067,27.107,89.192,-152.69,-0.069,-13.04,-135.442,-0.319,57.764,-180.201,-0.028,9.895,-15.517,-0.014,5.622,-0.012,-0.06,-4.02,-6.1,0.29,-4.77,-0.08,0.014,-5.5,8.44,0.007,-2.941,0.006,
2026-01-26 04:39:30.583,pick_to_retreat_machine,931.192,-0.81,1345.831,27.08,89.193,-152.716,-0.07,-12.514,-136.269,-0.32,58.063,-180.202,-0.024,8.739,-13.704,-0.012,4.965,-0.01,0.03,-4.13,-6.13,0.19,-4.86,-0.09,0.02,-7.352,11.363,0.01,-4.012,0.009,
2026-01-26 04:39:30.685,pick_to_retreat_machine,922.223,-0.818,1344.698,27.056,89.193,-152.74,-0.072,-12.047,-137.001,-0.321,58.329,-180.202,-0.021,7.721,-12.108,-0.011,4.387,-0.009,0.01,-4.02,-6.11,0.26,-4.93,0.02,0.019,-7.218,11.169,0.01,-3.952,0.008,
2026-01-26 04:39:30.789,pick_to_retreat_machine,912.718,-0.827,1343.46,27.03,89.193,-152.766,-0.073,-11.553,-137.775,-0.321,58.609,-180.203,-0.02,7.025,-11.016,-0.01,3.992,-0.008,-0.13,-4.27,-6.09,0.29,-4.93,-0.01,0.017,-6.229,9.634,0.008,-3.405,0.007,
2026-01-26 04:39:30.894,pick_to_retreat_machine,903.797,-0.834,1342.263,27.005,89.193,-152.791,-0.074,-11.091,-138.5,-0.322,58.872,-180.203,-0.018,6.424,-10.074,-0.009,3.65,-0.008,-0.05,-4.34,-6.05,0.36,-4.85,-0.02,0.016,-5.921,9.164,0.008,-3.243,0.007,
2026-01-26 04:39:30.995,pick_to_retreat_machine,897.241,-0.839,1341.363,26.986,89.193,-152.81,-0.075,-10.752,-139.031,-0.322,59.064,-180.204,-0.016,5.665,-8.884,-0.008,3.219,-0.007,0.0,-4.37,-5.97,0.34,-4.87,-0.06,0.018,-6.56,10.179,0.009,-3.619,0.008,
2026-01-26 04:39:31.099,pick_to_retreat_machine,891.437,-0.843,1340.55,26.97,89.193,-152.826,-0.076,-10.453,-139.501,-0.323,59.235,-180.204,-0.014,4.998,-7.838,-0.007,2.84,-0.006,-0.03,-4.36,-6.09,0.36,-4.87,-0.1,0.017,-6.298,9.779,0.008,-3.481,0.007,
2026-01-26 04:39:31.205,pick_to_retreat_machine,885.065,-0.848,1339.642,26.951,89.194,-152.845,-0.077,-10.124,-140.016,-0.323,59.421,-180.205,-0.013,4.569,-7.166,-0.006,2.597,-0.005,-0.07,-4.48,-6.07,0.25,-4.82,0.02,0.015,-5.38,8.349,0.007,-2.969,0.006,
2026-01-26 04:39:31.309,pick_to_retreat_machine,877.855,-0.853,1338.595,26.93,89.194,-152.866,-0.078,-9.753,-140.598,-0.324,59.632,-180.205,-0.012,4.354,-6.829,-0.006,2.474,-0.005,0.02,-4.5,-6.03,0.2,-4.89,-0.05,0.012,-4.416,6.846,0.006,-2.43,0.005,
2026-01-26 04:39:31.408,pick_to_retreat_machine,870.007,-0.858,1337.43,26.906,89.194,-152.89,-0.079,-9.35,-141.23,-0.324,59.861,-180.205,-0.012,4.273,-6.702,-0.006,2.428,-0.005,-0.05,-4.49,-6.17,0.25,-4.82,-0.03,0.01,-3.654,5.659,0.005,-2.005,0.004,
2026-01-26 04:39:31.510,pick_to_retreat_machine,863.734,-0.862,1336.481,26.887,89.194,-152.909,-0.08,-9.029,-141.734,-0.325,60.044,-180.206,-0.011,4.009,-6.287,-0.006,2.278,-0.005,0.09,-4.58,-5.91,0.28,-4.89,-0.02,0.011,-4.102,6.369,0.006,-2.267,0.005,
2026-01-26 04:39:31.612,pick_to_retreat_machine,857.222,-0.865,1335.479,26.867,89.194,-152.929,-0.081,-8.695,-142.257,-0.325,60.233,-180.206,-0.011,3.84,-6.023,-0.005,2.182,-0.005,0.03,-4.64,-6.08,0.23,-4.95,-0.01,0.01,-3.575,5.548,0.005,-1.973,0.004,
2026-01-26 04:39:31.715,pick_to_retreat_machine,849.141,-0.869,1334.211,26.842,89.194,-152.954,-0.082,-8.282,-142.905,-0.326,60.468,-180.207,-0.011,3.913,-6.136,-0.005,2.224,-0.005,0.0,-4.65,-5.98,0.23,-4.89,-0.03,0.007,-2.421,3.744,0.003,-1.323,0.003,
2026-01-26 04:39:31.816,pick_to_retreat_machine,842.068,-0.873,1333.079,26.819,89.195,-152.977,-0.083,-7.921,-143.471,-0.326,60.673,-180.207,-0.011,3.837,-6.017,-0.005,2.181,-0.005,0.03,-4.76,-5.87,0.22,-4.89,0.02,0.007,-2.699,4.186,0.004,-1.487,0.003,
2026-01-26 04:39:31.920,pick_to_retreat_machine,835.863,-0.876,1332.069,26.799,89.195,-152.997,-0.084,-7.605,-143.967,-0.327,60.853,-180.208,-0.01,3.668,-5.753,-0.005,2.085,-0.004,0.0,-4.84,-6.04,0.22,-4.87,-0.14,0.008,-2.878,4.47,0.004,-1.593,0.003,
2026-01-26 04:39:32.024,pick_to_retreat_machine,830.629,-0.878,1331.206,26.782,89.195,-153.014,-0.085,-7.339,-144.385,-0.327,61.004,-180.208,-0.01,3.417,-5.359,-0.005,1.942,-0.004,-0.04,-4.88,-6.03,0.23,-4.93,-0.04,0.008,-3.087,4.804,0.004,-1.717,0.004,
2026-01-26 04:39:32.129,pick_to_retreat_machine,826.216,-0.88,1330.469,26.768,89.195,-153.028,-0.085,-7.114,-144.736,-0.327,61.132,-180.208,-0.009,3.124,-4.899,-0.004,1.775,-0.004,0.02,-4.83,-6.05,0.37,-4.83,-0.03,0.009,-3.199,4.982,0.004,-1.783,0.004,
2026-01-26 04:39:32.232,pick_to_retreat_machine,823.072,-0.881,1329.939,26.757,89.195,-153.039,-0.086,-6.955,-144.987,-0.328,61.223,-180.208,-0.008,2.742,-4.3,-0.004,1.558,-0.003,-0.05,-4.84,-5.96,0.25,-4.95,-0.06,0.01,-3.525,5.497,0.005,-1.972,0.004,
2026-01-26 04:39:32.334,pick_to_retreat_machine,820.105,-0.882,1329.435,26.748,89.195,-153.049,-0.086,-6.804,-145.223,-0.328,61.308,-180.208,-0.007,2.433,-3.816,-0.003,1.383,-0.003,0.13,-4.91,-5.97,0.34,-4.92,-0.04,0.009,-3.263,5.09,0.004,-1.827,0.004,
2026-01-26 04:39:32.437,pick_to_retreat_machine,816.966,-0.883,1328.898,26.737,89.195,-153.059,-0.087,-6.645,-145.473,-0.328,61.399,-180.209,-0.006,2.223,-3.487,-0.003,1.263,-0.003,-0.05,-4.89,-5.93,0.26,-4.86,-0.04,0.008,-2.851,4.446,0.004,-1.595,0.003,
2026-01-26 04:39:32.539,pick_to_retreat_machine,813.71,-0.884,1328.337,26.726,89.195,-153.07,-0.087,-6.479,-145.732,-0.328,61.493,-180.209,-0.006,2.08,-3.262,-0.003,1.182,-0.002,-0.04,-4.99,-5.99,0.26,-4.82,-0.01,0.007,-2.508,3.91,0.003,-1.403,0.003,
2026-01-26 04:39:32.643,pick_to_retreat_machine,809.816,-0.885,1327.661,26.713,89.195,-153.083,-0.088,-6.282,-146.041,-0.329,61.605,-180.209,-0.006,2.053,-3.22,-0.003,1.167,-0.002,0.04,-4.99,-5.93,0.25,-4.93,-0.05,0.005,-1.935,3.014,0.003,-1.079,0.002,
2026-01-26 04:39:32.744,pick_to_retreat_machine,806.274,-0.886,1327.04,26.701,89.195,-153.095,-0.088,-6.103,-146.323,-0.329,61.707,-180.209,-0.006,1.989,-3.119,-0.003,1.13,-0.002,-0.06,-4.98,-5.93,0.28,-4.89,-0.0,0.005,-1.92,2.993,0.003,-1.073,0.002,
2026-01-26 04:39:32.846,pick_to_retreat_machine,803.888,-0.887,1326.62,26.693,89.195,-153.103,-0.088,-5.982,-146.512,-0.329,61.775,-180.209,-0.005,1.793,-2.812,-0.002,1.019,-0.002,0.16,-4.94,-5.91,0.26,-4.91,-0.07,0.006,-2.315,3.614,0.003,-1.299,0.003,
2026-01-26 04:39:32.947,pick_to_retreat_machine,800.991,-0.887,1326.105,26.683,89.196,-153.113,-0.089,-5.835,-146.742,-0.329,61.859,-180.21,-0.005,1.711,-2.684,-0.002,0.973,-0.002,-0.04,-4.93,-5.88,0.28,-4.82,-0.04,0.005,-1.825,2.847,0.002,-1.022,0.002,
2026-01-26 04:39:33.047,pick_to_retreat_machine,798.044,-0.888,1325.579,26.673,89.196,-153.124,-0.089,-5.686,-146.976,-0.329,61.943,-180.21,-0.005,1.656,-2.597,-0.002,0.941,-0.002,0.07,-4.97,-5.88,0.24,-4.81,0.0,0.004,-1.618,2.525,0.002,-0.906,0.002,
2026-01-26 04:39:33.151,pick_to_retreat_machine,795.113,-0.889,1325.052,26.663,89.196,-153.134,-0.09,-5.538,-147.208,-0.33,62.027,-180.21,-0.004,1.612,-2.529,-0.002,0.916,-0.002,-0.08,-5.1,-5.97,0.27,-4.78,-0.01,0.004,-1.466,2.286,0.002,-0.821,0.002,
2026-01-26 04:39:33.252,pick_to_retreat_machine,792.817,-0.889,1324.636,26.655,89.196,-153.142,-0.09,-5.422,-147.39,-0.33,62.093,-180.21,-0.004,1.499,-2.351,-0.002,0.852,-0.002,-0.0,-5.15,-5.84,0.33,-4.92,-0.03,0.005,-1.64,2.561,0.002,-0.921,0.002,
2026-01-26 04:39:33.353,pick_to_retreat_machine,790.589,-0.89,1324.232,26.647,89.196,-153.15,-0.09,-5.31,-147.566,-0.33,62.157,-180.21,-0.004,1.406,-2.204,-0.002,0.799,-0.002,0.05,-5.06,-5.95,0.25,-4.96,-0.05,0.004,-1.511,2.361,0.002,-0.849,0.002,
2026-01-26 04:39:33.458,pick_to_retreat_machine,788.783,-0.89,1323.902,26.64,89.196,-153.156,-0.091,-5.219,-147.709,-0.33,62.209,-180.21,-0.004,1.282,-2.011,-0.002,0.729,-0.002,0.04,-5.09,-5.84,0.28,-4.88,-0.02,0.004,-1.573,2.459,0.002,-0.885,0.002,
2026-01-26 04:39:33.560,pick_to_retreat_machine,787.08,-0.89,1323.59,26.634,89.196,-153.162,-0.091,-5.133,-147.844,-0.33,62.258,-180.21,-0.003,1.176,-1.845,-0.002,0.668,-0.001,0.03,-5.05,-5.9,0.32,-4.89,-0.06,0.004,-1.468,2.295,0.002,-0.827,0.002,
2026-01-26 04:39:33.663,pick_to_retreat_machine,786.035,-0.891,1323.398,26.631,89.196,-153.166,-0.091,-5.08,-147.927,-0.33,62.288,-180.211,-0.003,1.014,-1.59,-0.001,0.576,-0.001,-0.06,-5.11,-5.9,0.25,-4.89,-0.09,0.005,-1.653,2.586,0.002,-0.933,0.002,
2026-01-26 04:39:33.763,pick_to_retreat_machine,784.641,-0.891,1323.141,26.626,89.196,-153.171,-0.091,-5.01,-148.037,-0.33,62.328,-180.211,-0.003,0.936,-1.468,-0.001,0.532,-0.001,0.09,-5.14,-5.91,0.33,-4.84,-0.02,0.004,-1.312,2.052,0.002,-0.739,0.002,
2026-01-26 04:39:33.867,pick_to_retreat_machine,783.235,-0.891,1322.881,26.621,89.196,-153.175,-0.091,-4.939,-148.148,-0.33,62.368,-180.211,-0.002,0.879,-1.379,-0.001,0.5,-0.001,0.08,-5.08,-5.81,0.31,-4.85,-0.06,0.003,-1.175,1.837,0.002,-0.662,0.001,
2026-01-26 04:39:33.967,pick_to_retreat_machine,782.011,-0.891,1322.654,26.616,89.196,-153.18,-0.092,-4.877,-148.245,-0.331,62.403,-180.211,-0.002,0.814,-1.276,-0.001,0.462,-0.001,-0.07,-5.13,-5.75,0.31,-4.86,0.03,0.003,-1.15,1.798,0.002,-0.648,0.001,
2026-01-26 04:39:34.069,pick_to_retreat_machine,780.869,-0.891,1322.442,26.612,89.196,-153.184,-0.092,-4.82,-148.335,-0.331,62.436,-180.211,-0.002,0.754,-1.183,-0.001,0.429,-0.001,-0.08,-5.13,-5.88,0.31,-4.89,0.12,0.003,-1.076,1.683,0.001,-0.607,0.001,waypoint
2026-01-26 04:39:34.170,retreat_machine_to_approach_unloader,804.037,13.11,1364.584,-11.121,83.668,174.386,0.495,-2.355,-145.597,-6.422,51.89,-175.351,1.466,6.729,5.957,-15.229,-26.044,12.149,-1.44,-7.21,-6.27,2.55,-4.94,-0.18,5.873,23.107,29.793,-60.909,-106.334,48.599,
2026-01-26 04:39:34.272,retreat_machine_to_approach_unloader,829.009,31.084,1434.783,-6.393,74.931,-175.816,1.383,1.347,-141.409,-15.638,35.914,-167.964,3.318,14.3,14.938,-34.462,-59.472,27.58,-2.24,-8.34,-6.71,3.77,-4.67,-0.27,8.293,33.16,41.318,-86.069,-149.995,69.015,
2026-01-26 04:39:34.372,retreat_machine_to_approach_unloader,840.224,41.844,1499.147,-0.23,67.669,-168.669,2.127,4.449,-137.899,-23.363,22.524,-161.773,4.349,18.481,19.978,-45.158,-78.078,36.163,-2.6,-8.79,-6.95,3.91,-4.3,-0.28,6.027,23.853,30.407,-62.546,-109.139,50.154,
2026-01-26 04:39:34.475,retreat_machine_to_approach_unloader,842.803,47.719,1563.399,6.226,61.344,-164.283,2.818,7.33,-134.64,-30.536,10.09,-156.023,4.989,21.063,23.133,-51.802,-89.644,41.496,-2.59,-8.96,-6.97,3.42,-3.65,-0.27,4.894,19.254,24.862,-50.78,-88.669,40.718,
2026-01-26 04:39:34.576,retreat_machine_to_approach_unloader,838.344,49.595,1626.661,12.815,56.307,-162.261,3.456,9.993,-131.627,-37.167,-1.402,-150.709,5.338,22.454,24.881,-55.428,-95.963,44.407,-2.21,-9.18,-6.99,2.71,-2.97,-0.26,3.88,15.145,19.905,-40.274,-70.379,32.296,
2026-01-26 04:39:34.678,retreat_machine_to_approach_unloader,828.898,48.689,1684.378,19.025,52.95,-162.004,4.009,12.297,-129.02,-42.906,-11.348,-146.108,5.385,22.602,25.179,-55.919,-96.838,44.807,-1.82,-9.56,-7.18,2.26,-2.28,-0.12,2.633,10.049,13.862,-27.331,-47.884,21.931,
2026-01-26 04:39:34.781,retreat_machine_to_approach_unloader,815.712,46.171,1738.278,24.978,51.001,-162.83,4.504,14.362,-126.684,-48.047,-20.26,-141.987,5.276,22.114,24.725,-54.793,-94.908,43.908,-1.55,-10.09,-7.47,1.9,-1.72,-0.1,1.796,6.648,9.765,-18.621,-32.752,14.941,
2026-01-26 04:39:34.882,retreat_machine_to_approach_unloader,800.388,42.925,1786.512,30.4,50.285,-164.241,4.934,16.154,-124.656,-52.508,-27.993,-138.412,5.032,21.064,23.612,-52.247,-90.513,41.869,-1.23,-10.43,-7.74,1.72,-1.34,-0.06,0.961,3.251,5.698,-9.955,-17.687,7.99,
2026-01-26 04:39:34.983,retreat_machine_to_approach_unloader,783.936,39.479,1829.361,35.265,50.485,-165.903,5.307,17.713,-122.893,-56.389,-34.719,-135.302,4.708,19.694,22.117,-48.886,-84.701,39.176,-1.03,-11.03,-7.85,1.92,-1.07,0.04,0.306,0.594,2.49,-3.153,-5.854,2.535,
2026-01-26 04:39:35.087,retreat_machine_to_approach_unloader,767.733,36.248,1865.872,39.432,51.284,-167.553,5.622,19.023,-121.41,-59.653,-40.377,-132.687,4.317,18.048,20.296,-44.825,-77.67,35.921,-0.9,-11.35,-8.08,2.03,-0.72,-0.05,-0.318,-1.941,-0.56,3.327,5.417,-2.66,
2026-01-26 04:39:35.190,retreat_machine_to_approach_unloader,750.409,33.01,1900.518,43.396,52.58,-169.273,5.918,20.259,-120.012,-62.729,-45.71,-130.222,3.979,16.625,18.717,-41.309,-71.584,33.104,-0.8,-11.5,-8.15,2.37,-0.48,0.14,-0.467,-2.501,-1.357,4.871,8.129,-3.899,
2026-01-26 04:39:35.295,retreat_machine_to_approach_unloader,732.948,29.975,1931.965,46.999,54.212,-170.936,6.186,21.378,-118.746,-65.516,-50.54,-127.989,3.655,15.267,17.203,-37.949,-65.765,30.41,-0.62,-11.7,-8.15,2.71,-0.38,0.07,-0.699,-3.413,-2.537,7.279,12.334,-5.83,
2026-01-26 04:39:35.395,retreat_machine_to_approach_unloader,716.924,27.384,1958.385,50.03,55.921,-172.391,6.412,22.32,-117.68,-67.861,-54.607,-126.109,3.306,13.806,15.568,-34.326,-59.49,27.507,-0.54,-11.73,-8.12,3.06,-0.24,0.13,-1.054,-4.842,-4.286,10.959,18.741,-8.78,
2026-01-26 04:39:35.498,retreat_machine_to_approach_unloader,699.997,24.834,1984.197,52.999,57.891,-173.852,6.634,23.246,-116.633,-70.165,-58.601,-124.263,3.034,12.668,14.293,-31.504,-54.602,25.245,-0.53,-11.67,-7.92,3.48,-0.1,0.08,-0.989,-4.528,-4.049,10.285,17.598,-8.241,
2026-01-26 04:39:35.600,retreat_machine_to_approach_unloader,682.455,22.381,2009.018,55.867,60.07,-175.285,6.849,24.143,-115.618,-72.399,-62.472,-122.473,2.814,11.743,13.257,-29.212,-50.631,23.407,-0.4,-11.63,-7.7,3.71,-0.18,0.14,-0.958,-4.357,-3.964,9.959,17.056,-7.98,
2026-01-26 04:39:35.708,retreat_machine_to_approach_unloader,673.119,21.149,2021.523,57.32,61.276,-176.014,6.959,24.599,-115.102,-73.533,-64.439,-121.565,2.383,9.947,11.232,-24.745,-42.89,19.828,-0.21,-11.49,-7.49,3.96,-0.2,0.19,-1.921,-8.335,-8.562,19.953,34.402,-15.988,
2026-01-26 04:39:35.812,retreat_machine_to_approach_unloader,662.938,19.859,2034.653,58.853,62.62,-176.785,7.074,25.08,-114.557,-74.733,-66.518,-120.604,2.076,8.664,9.786,-21.557,-37.365,17.273,-0.32,-11.37,-7.43,4.12,-0.07,0.21,-1.666,-7.241,-7.411,17.309,29.837,-13.869,
2026-01-26 04:39:35.916,retreat_machine_to_approach_unloader,648.874,18.165,2051.99,60.895,64.522,-177.805,7.228,25.722,-113.831,-76.331,-69.289,-119.323,1.942,8.104,9.156,-20.165,-34.952,16.157,-0.32,-11.02,-7.17,4.29,-0.06,0.11,-1.115,-4.913,-4.855,11.585,19.931,-9.284,
2026-01-26 04:39:36.019,retreat_machine_to_approach_unloader,633.632,16.438,2069.817,63.022,66.63,-178.855,7.389,26.391,-113.074,-77.996,-72.176,-117.989,1.858,7.75,8.759,-19.286,-33.43,15.452,-0.2,-10.98,-6.94,4.48,-0.02,0.04,-0.939,-4.155,-4.067,9.762,16.786,-7.823,
2026-01-26 04:39:36.119,retreat_machine_to_approach_unloader,620.835,15.069,2084.076,64.753,68.432,-179.689,7.519,26.933,-112.46,-79.347,-74.516,-116.907,1.718,7.168,8.103,-17.84,-30.924,14.293,-0.13,-10.73,-6.73,4.6,-0.0,0.11,-1.149,-5.005,-5.092,11.936,20.569,-9.566,
2026-01-26 04:39:36.220,retreat_machine_to_approach_unloader,608.058,13.771,2097.715,66.441,70.255,179.523,7.645,27.459,-111.866,-80.655,-76.785,-115.859,1.604,6.69,7.564,-16.652,-28.865,13.341,-0.13,-10.48,-6.5,4.76,-0.2,0.1,-1.074,-4.67,-4.77,11.154,19.226,-8.939,
2026-01-26 04:39:36.321,retreat_machine_to_approach_unloader,596.263,12.63,2109.811,67.974,71.955,178.838,7.758,27.932,-111.331,-81.833,-78.826,-114.916,1.486,6.2,7.011,-15.432,-26.75,12.363,-0.01,-10.31,-6.29,4.91,-0.12,0.05,-1.093,-4.732,-4.892,11.357,19.588,-9.101,
2026-01-26 04:39:36.423,retreat_machine_to_approach_unloader,585.771,11.659,2120.193,69.328,73.479,178.269,7.857,28.343,-110.865,-82.856,-80.601,-114.096,1.361,5.678,6.421,-14.134,-24.5,11.323,-0.0,-10.16,-6.05,4.81,-0.25,0.13,-1.132,-4.874,-5.099,11.753,20.285,-9.419,
2026-01-26 04:39:36.525,retreat_machine_to_approach_unloader,576.782,10.858,2128.82,70.487,74.793,177.816,7.94,28.689,-110.474,-83.718,-82.094,-113.406,1.228,5.123,5.794,-12.753,-22.107,10.216,0.1,-9.88,-5.74,4.84,-0.3,0.1,-1.175,-5.04,-5.328,12.205,21.076,-9.78,
2026-01-26 04:39:36.625,retreat_machine_to_approach_unloader,568.481,10.142,2136.575,71.563,76.011,177.43,8.015,29.004,-110.118,-84.501,-83.451,-112.779,1.11,4.629,5.235,-11.523,-19.974,9.23,0.06,-9.75,-5.75,4.85,-0.22,0.08,-1.133,-4.85,-5.151,11.766,20.324,-9.428,
2026-01-26 04:39:36.730,retreat_machine_to_approach_unloader,560.548,9.479,2143.805,72.606,77.18,177.098,8.086,29.3,-109.783,-85.239,-84.73,-112.188,1.01,4.213,4.765,-10.487,-18.179,8.4,0.03,-9.51,-5.5,5.0,-0.35,0.06,-1.063,-4.546,-4.84,11.04,19.072,-8.846,
2026-01-26 04:39:36.832,retreat_machine_to_approach_unloader,552.5,8.827,2150.961,73.688,78.37,176.805,8.157,29.597,-109.447,-85.978,-86.011,-111.596,0.936,3.901,4.413,-9.713,-16.836,7.78,0.19,-9.42,-5.31,4.85,-0.33,0.13,-0.956,-4.088,-4.353,9.927,17.15,-7.955,
2026-01-26 04:39:36.933,retreat_machine_to_approach_unloader,545.666,8.288,2156.904,74.635,79.383,176.601,8.217,29.846,-109.165,-86.598,-87.086,-111.099,0.851,3.549,4.014,-8.835,-15.315,7.076,0.11,-9.31,-5.16,4.86,-0.44,0.02,-0.975,-4.156,-4.457,10.122,17.494,-8.111,
2026-01-26 04:39:37.033,retreat_machine_to_approach_unloader,539.225,7.793,2162.395,75.564,80.339,176.457,8.273,30.078,-108.902,-87.176,-88.089,-110.636,0.778,3.243,3.668,-8.073,-13.994,6.466,0.16,-9.16,-5.04,4.96,-0.39,-0.01,-0.917,-3.907,-4.2,9.524,16.463,-7.632,
2026-01-26 04:39:37.135,retreat_machine_to_approach_unloader,533.188,7.339,2167.446,76.48,81.237,176.378,8.325,30.294,-108.658,-87.714,-89.021,-110.206,0.713,2.972,3.362,-7.398,-12.824,5.925,0.26,-9.12,-4.86,4.89,-0.54,-0.03,-0.865,-3.682,-3.967,8.985,15.533,-7.2,
2026-01-26 04:39:37.236,retreat_machine_to_approach_unloader,527.734,6.938,2171.932,77.36,82.049,176.366,8.371,30.488,-108.439,-88.195,-89.856,-109.82,0.65,2.712,3.068,-6.752,-11.705,5.408,0.2,-8.94,-4.88,4.9,-0.62,-0.05,-0.832,-3.538,-3.825,8.645,14.948,-6.927,
2026-01-26 04:39:37.336,retreat_machine_to_approach_unloader,522.968,6.594,2175.792,78.184,82.759,176.419,8.411,30.655,-108.249,-88.613,-90.58,-109.486,0.588,2.454,2.776,-6.109,-10.589,4.892,0.05,-8.95,-4.62,4.8,-0.65,-0.03,-0.811,-3.44,-3.732,8.418,14.557,-6.745,
2026-01-26 04:39:37.437,retreat_machine_to_approach_unloader,518.515,6.277,2179.351,79.019,83.423,176.537,8.449,30.811,-108.073,-89.001,-91.252,-109.175,0.535,2.23,2.523,-5.551,-9.623,4.446,0.12,-8.73,-4.61,4.74,-0.77,0.07,-0.758,-3.216,-3.494,7.874,13.619,-6.309,
2026-01-26 04:39:37.537,retreat_machine_to_approach_unloader,514.63,6.005,2182.419,79.816,84.002,176.712,8.481,30.946,-107.92,-89.338,-91.836,-108.905,0.482,2.01,2.275,-5.005,-8.676,4.008,0.21,-8.69,-4.47,4.8,-0.76,0.04,-0.732,-3.101,-3.378,7.6,13.147,-6.089,
2026-01-26 04:39:37.640,retreat_machine_to_approach_unloader,511.35,5.779,2184.981,80.554,84.491,176.928,8.508,31.06,-107.791,-89.621,-92.326,-108.679,0.43,1.792,2.027,-4.461,-7.733,3.572,0.19,-8.66,-4.3,4.85,-0.82,0.01,-0.71,-3.007,-3.284,7.378,12.764,-5.911,
2026-01-26 04:39:37.740,retreat_machine_to_approach_unloader,508.472,5.582,2187.208,81.267,84.92,177.184,8.532,31.159,-107.679,-89.868,-92.755,-108.481,0.382,1.592,1.801,-3.964,-6.871,3.174,0.07,-8.66,-4.25,4.82,-0.89,0.03,-0.674,-2.849,-3.118,6.997,12.106,-5.605,
2026-01-26 04:39:37.843,retreat_machine_to_approach_unloader,506.333,5.437,2188.852,81.846,85.239,177.425,8.55,31.233,-107.596,-90.051,-93.073,-108.334,0.33,1.378,1.559,-3.431,-5.947,2.747,0.2,-8.56,-4.25,4.81,-0.85,-0.04,-0.668,-2.821,-3.097,6.937,12.005,-5.558,
2026-01-26 04:39:37.947,retreat_machine_to_approach_unloader,504.899,5.341,2189.948,82.263,85.453,177.616,8.562,31.282,-107.54,-90.174,-93.285,-108.236,0.277,1.157,1.309,-2.879,-4.991,2.306,0.09,-8.45,-4.16,4.68,-0.95,0.05,-0.66,-2.783,-3.063,6.85,11.857,-5.488,
2026-01-26 04:39:38.049,retreat_machine_to_approach_unloader,503.452,5.244,2191.05,82.711,85.668,177.837,8.573,31.332,-107.484,-90.297,-93.499,-108.137,0.238,0.991,1.122,-2.468,-4.279,1.976,0.14,-8.47,-4.19,4.73,-0.9,-0.08,-0.593,-2.501,-2.753,6.156,10.654,-4.931,
2026-01-26 04:39:38.150,retreat_machine_to_approach_unloader,501.51,5.114,2192.52,83.364,85.957,178.185,8.589,31.398,-107.409,-90.462,-93.785,-108.005,0.218,0.909,1.029,-2.264,-3.925,1.813,0.18,-8.4,-4.03,4.7,-0.96,0.04,-0.493,-2.083,-2.287,5.122,8.864,-4.103,
2026-01-26 04:39:38.250,retreat_machine_to_approach_unloader,499.352,4.971,2194.145,84.174,86.278,178.656,8.607,31.472,-107.326,-90.646,-94.103,-107.858,0.208,0.866,0.98,-2.157,-3.738,1.727,0.1,-8.37,-4.06,4.72,-0.91,0.05,-0.427,-1.802,-1.977,4.43,7.665,-3.549,
2026-01-26 04:39:38.351,retreat_machine_to_approach_unloader,497.599,4.856,2195.458,84.913,86.539,179.122,8.621,31.531,-107.258,-90.794,-94.361,-107.74,0.192,0.799,0.904,-1.989,-3.447,1.592,0.09,-8.3,-4.0,4.65,-0.99,0.0,-0.417,-1.762,-1.937,4.334,7.502,-3.472,
2026-01-26 04:39:38.453,retreat_machine_to_approach_unloader,495.874,4.744,2196.742,85.731,86.795,179.671,8.635,31.59,-107.192,-90.94,-94.613,-107.623,0.179,0.746,0.843,-1.856,-3.218,1.486,-0.04,-8.33,-3.94,4.67,-1.13,-0.01,-0.378,-1.596,-1.755,3.928,6.798,-3.147,
2026-01-26 04:39:38.552,retreat_machine_to_approach_unloader,494.143,4.631,2198.025,86.664,87.051,-179.665,8.649,31.649,-107.125,-91.086,-94.867,-107.506,0.169,0.706,0.799,-1.757,-3.046,1.407,0.07,-8.29,-3.85,4.63,-0.94,-0.01,-0.34,-1.436,-1.579,3.533,6.115,-2.831,
2026-01-26 04:39:38.655,retreat_machine_to_approach_unloader,492.54,4.528,2199.207,87.658,87.288,-178.92,8.662,31.703,-107.064,-91.221,-95.1,-107.398,0.159,0.665,0.752,-1.655,-2.869,1.325,-0.03,-8.17,-3.94,4.7,-1.15,-0.02,-0.317,-1.337,-1.472,3.291,5.695,-2.636,
2026-01-26 04:39:38.756,retreat_machine_to_approach_unloader,491.151,4.439,2200.227,88.648,87.493,-178.146,8.674,31.75,-107.011,-91.338,-95.303,-107.304,0.148,0.616,0.697,-1.533,-2.658,1.227,0.13,-8.23,-3.88,4.72,-1.06,0.05,-0.303,-1.276,-1.407,3.143,5.441,-2.518,
2026-01-26 04:39:38.859,retreat_machine_to_approach_unloader,489.826,4.354,2201.196,89.733,87.688,-177.265,8.684,31.794,-106.96,-91.449,-95.496,-107.215,0.138,0.574,0.649,-1.428,-2.476,1.143,0.1,-8.2,-3.76,4.68,-1.15,-0.05,-0.278,-1.171,-1.291,2.884,4.993,-2.311,
2026-01-26 04:39:38.962,retreat_machine_to_approach_unloader,488.681,4.281,2202.03,90.811,87.856,-176.364,8.694,31.833,-106.917,-91.545,-95.662,-107.139,0.126,0.527,0.596,-1.311,-2.273,1.049,0.06,-8.24,-3.81,4.64,-1.13,0.02,-0.265,-1.115,-1.231,2.748,4.757,-2.201,
2026-01-26 04:39:39.062,retreat_machine_to_approach_unloader,487.657,4.216,2202.774,91.912,88.005,-175.421,8.702,31.867,-106.878,-91.631,-95.811,-107.07,0.115,0.481,0.544,-1.198,-2.076,0.959,-0.01,-8.07,-3.76,4.62,-1.21,0.04,-0.248,-1.045,-1.155,2.576,4.46,-2.064,
2026-01-26 04:39:39.164,retreat_machine_to_approach_unloader,486.798,4.162,2203.396,92.96,88.13,-174.506,8.709,31.896,-106.845,-91.703,-95.935,-107.012,0.104,0.433,0.49,-1.078,-1.868,0.863,0.08,-8.11,-3.82,4.58,-1.25,-0.04,-0.237,-0.996,-1.103,2.457,4.255,-1.968,
2026-01-26 04:39:39.267,retreat_machine_to_approach_unloader,485.999,4.112,2203.974,94.056,88.245,-173.532,8.715,31.923,-106.815,-91.769,-96.051,-106.959,0.094,0.392,0.443,-0.975,-1.69,0.78,0.09,-8.2,-3.74,4.56,-1.21,-0.06,-0.218,-0.917,-1.016,2.263,3.918,-1.813,
2026-01-26 04:39:39.368,retreat_machine_to_approach_unloader,485.351,4.071,2204.441,95.05,88.339,-172.638,8.721,31.945,-106.79,-91.823,-96.145,-106.916,0.083,0.348,0.394,-0.867,-1.502,0.694,0.12,-7.97,-3.67,4.54,-1.18,0.0,-0.208,-0.876,-0.972,2.163,3.745,-1.732,
2026-01-26 04:39:39.474,retreat_machine_to_approach_unloader,484.743,4.033,2204.878,96.083,88.426,-171.699,8.725,31.965,-106.767,-91.874,-96.233,-106.875,0.075,0.312,0.353,-0.777,-1.346,0.622,-0.02,-8.13,-3.68,4.65,-1.21,0.03,-0.191,-0.802,-0.89,1.98,3.429,-1.586,waypoint
2026-01-26 04:39:39.579,retreat_machine_to_approach_unloader,501.512,-4.411,2221.823,88.243,88.415,-179.711,7.483,30.358,-104.689,-91.426,-95.248,-107.316,-3.05,-3.784,5.46,0.539,1.452,-0.636,0.65,-7.75,-3.71,4.35,-1.03,-0.12,-12.646,-16.998,19.75,6.774,13.814,-6.242,
2026-01-26 04:39:39.682,retreat_machine_to_approach_unloader,528.469,-19.013,2247.034,77.445,88.306,169.293,5.53,27.822,-101.445,-90.687,-93.642,-108.041,-7.169,-9.177,12.206,2.25,5.105,-2.29,1.03,-7.62,-3.72,4.22,-0.88,-0.05,-18.482,-24.582,29.439,8.996,18.645,-8.462,
2026-01-26 04:39:39.783,retreat_machine_to_approach_unloader,557.518,-36.591,2272.558,68.55,88.181,160.193,3.438,25.105,-97.969,-89.896,-91.921,-108.818,-10.607,-13.675,17.845,3.665,8.13,-3.66,1.37,-7.53,-3.74,4.12,-0.87,-0.08,-18.028,-23.934,28.811,8.624,17.928,-8.133,
2026-01-26 04:39:39.886,retreat_machine_to_approach_unloader,585.682,-55.596,2295.803,61.925,88.074,153.376,1.41,22.472,-94.598,-89.129,-90.252,-109.572,-13.026,-16.841,21.809,4.666,10.269,-4.628,1.47,-7.31,-3.87,4.0,-0.85,-0.08,-15.587,-20.713,24.871,7.52,15.61,-7.083,
2026-01-26 04:39:39.987,retreat_machine_to_approach_unloader,611.684,-75.013,2316.04,57.063,87.999,148.339,-0.473,20.026,-91.469,-88.417,-88.703,-110.271,-14.478,-18.745,24.181,5.281,11.575,-5.22,1.59,-7.15,-3.95,4.06,-0.81,-0.0,-12.581,-16.762,19.978,6.221,12.859,-5.837,
2026-01-26 04:39:40.088,retreat_machine_to_approach_unloader,633.289,-92.638,2332.006,53.705,87.96,144.837,-2.054,17.973,-88.842,-87.819,-87.403,-110.858,-14.811,-19.191,24.703,5.455,11.932,-5.383,1.65,-6.97,-4.0,4.09,-0.85,-0.01,-8.296,-11.155,12.951,4.454,9.083,-4.128,
2026-01-26 04:39:40.188,retreat_machine_to_approach_unloader,652.545,-109.594,2345.607,51.125,87.946,142.128,-3.481,16.12,-86.471,-87.279,-86.229,-111.388,-14.675,-19.025,24.454,5.44,11.883,-5.362,1.53,-6.74,-3.99,4.07,-0.91,-0.02,-5.927,-8.04,9.097,3.426,6.908,-3.144,
2026-01-26 04:39:40.292,retreat_machine_to_approach_unloader,671.956,-127.99,2358.734,48.852,87.954,139.725,-4.942,14.222,-84.043,-86.727,-85.027,-111.931,-14.659,-19.013,24.411,5.462,11.917,-5.378,1.44,-6.65,-4.21,4.14,-0.97,-0.07,-5.679,-7.683,8.76,3.214,6.501,-2.957,
2026-01-26 04:39:40.395,retreat_machine_to_approach_unloader,687.911,-144.185,2369.088,47.202,87.979,137.966,-6.165,12.634,-82.011,-86.264,-84.021,-112.385,-14.052,-18.23,23.388,5.252,11.453,-5.169,1.44,-6.51,-4.31,4.18,-1.0,-0.03,-2.727,-3.819,3.923,1.991,3.89,-1.776,
2026-01-26 04:39:40.497,retreat_machine_to_approach_unloader,700.624,-157.846,2377.06,46.018,88.012,136.694,-7.157,11.347,-80.364,-85.889,-83.206,-112.753,-13.018,-16.891,21.66,4.877,10.628,-4.797,1.21,-6.45,-4.41,4.14,-1.19,-0.02,-0.14,-0.432,-0.314,0.917,1.597,-0.739,
2026-01-26 04:39:40.598,retreat_machine_to_approach_unloader,711.949,-170.631,2383.951,45.059,88.051,135.655,-8.055,10.18,-78.871,-85.55,-82.467,-113.087,-12.009,-15.585,19.976,4.507,9.818,-4.431,1.22,-6.33,-4.45,4.12,-1.3,-0.03,0.807,0.822,-1.833,0.472,0.67,-0.318,
2026-01-26 04:39:40.699,retreat_machine_to_approach_unloader,723.089,-183.815,2390.535,44.207,88.1,134.723,-8.954,9.013,-77.377,-85.21,-81.727,-113.42,-11.255,-14.608,18.718,4.23,9.213,-4.158,1.03,-6.17,-4.51,4.3,-1.31,-0.02,0.716,0.727,-1.633,0.429,0.612,-0.29,
2026-01-26 04:39:40.799,retreat_machine_to_approach_unloader,732.888,-195.953,2396.165,43.536,88.152,133.979,-9.76,7.966,-76.038,-84.905,-81.065,-113.72,-10.455,-13.572,17.385,3.934,8.567,-3.867,0.98,-6.11,-4.69,4.2,-1.48,-0.0,1.579,1.868,-3.023,0.033,-0.219,0.086,
2026-01-26 04:39:40.901,retreat_machine_to_approach_unloader,741.781,-207.44,2401.142,42.997,88.207,133.374,-10.505,6.999,-74.801,-84.623,-80.452,-113.996,-9.703,-12.596,16.132,3.655,7.956,-3.591,0.91,-6.04,-4.7,4.26,-1.45,-0.06,2.032,2.475,-3.735,-0.202,-0.699,0.304,
2026-01-26 04:39:41.004,retreat_machine_to_approach_unloader,749.107,-217.267,2405.145,42.609,88.258,132.93,-11.129,6.189,-73.764,-84.387,-79.939,-114.228,-8.838,-11.473,14.692,3.331,7.251,-3.273,0.82,-5.96,-4.86,4.26,-1.45,-0.16,3.034,3.792,-5.365,-0.637,-1.621,0.721,
2026-01-26 04:39:41.105,retreat_machine_to_approach_unloader,755.802,-226.551,2408.725,42.305,88.31,132.574,-11.708,5.436,-72.801,-84.168,-79.462,-114.443,-8.077,-10.487,13.427,3.046,6.63,-2.992,0.77,-5.93,-4.8,4.35,-1.56,-0.02,3.176,3.991,-5.568,-0.742,-1.825,0.815,
2026-01-26 04:39:41.208,retreat_machine_to_approach_unloader,761.523,-234.731,2411.724,42.09,88.358,132.312,-12.211,4.783,-71.965,-83.978,-79.048,-114.63,-7.315,-9.498,12.159,2.76,6.007,-2.711,0.64,-5.77,-4.92,4.23,-1.6,-0.01,3.625,4.588,-6.286,-0.958,-2.273,1.018,
2026-01-26 04:39:41.308,retreat_machine_to_approach_unloader,766.76,-242.429,2414.42,41.933,88.406,132.113,-12.678,4.177,-71.189,-83.801,-78.664,-114.803,-6.654,-8.64,11.059,2.512,5.465,-2.467,0.51,-5.82,-5.02,4.36,-1.59,-0.11,3.622,4.595,-6.253,-0.998,-2.341,1.049,
2026-01-26 04:39:41.411,retreat_machine_to_approach_unloader,771.097,-248.965,2416.616,41.838,88.448,131.981,-13.07,3.668,-70.538,-83.653,-78.342,-114.948,-5.97,-7.752,9.923,2.254,4.905,-2.214,0.57,-5.68,-5.06,4.38,-1.76,-0.07,4.01,5.11,-6.875,-1.182,-2.724,1.223,
2026-01-26 04:39:41.511,retreat_machine_to_approach_unloader,775.095,-255.125,2418.61,41.78,88.488,131.89,-13.436,3.193,-69.93,-83.515,-78.041,-115.084,-5.392,-7.002,8.961,2.037,4.431,-2.0,0.47,-5.65,-5.03,4.35,-1.66,-0.11,3.871,4.94,-6.623,-1.163,-2.667,1.198,
2026-01-26 04:39:41.615,retreat_machine_to_approach_unloader,778.65,-260.715,2420.358,41.758,88.526,131.837,-13.765,2.765,-69.383,-83.39,-77.77,-115.206,-4.866,-6.319,8.087,1.838,4.0,-1.805,0.38,-5.59,-5.04,4.34,-1.72,-0.05,3.852,4.924,-6.573,-1.186,-2.704,1.215,
2026-01-26 04:39:41.715,retreat_machine_to_approach_unloader,781.812,-265.783,2421.893,41.763,88.562,131.814,-14.061,2.381,-68.892,-83.279,-77.527,-115.316,-4.389,-5.7,7.294,1.658,3.608,-1.628,0.34,-5.62,-5.16,4.36,-1.85,-0.17,3.798,4.862,-6.466,-1.192,-2.706,1.217,
2026-01-26 04:39:41.818,retreat_machine_to_approach_unloader,784.628,-270.372,2423.244,41.79,88.594,131.817,-14.327,2.036,-68.45,-83.178,-77.308,-115.415,-3.957,-5.138,6.576,1.495,3.253,-1.468,0.39,-5.47,-5.22,4.27,-1.82,-0.07,3.716,4.762,-6.314,-1.186,-2.68,1.206,
2026-01-26 04:39:41.921,retreat_machine_to_approach_unloader,787.219,-274.661,2424.474,41.835,88.625,131.839,-14.574,1.715,-68.039,-83.085,-77.105,-115.506,-3.585,-4.656,5.958,1.355,2.948,-1.33,0.31,-5.49,-5.19,4.18,-1.83,-0.07,3.535,4.533,-5.998,-1.139,-2.568,1.155,
2026-01-26 04:39:42.021,retreat_machine_to_approach_unloader,789.376,-278.28,2425.487,41.89,88.652,131.875,-14.781,1.446,-67.695,-83.006,-76.934,-115.583,-3.207,-4.165,5.33,1.212,2.637,-1.19,0.27,-5.51,-5.23,4.31,-1.88,-0.1,3.578,4.595,-6.058,-1.175,-2.638,1.187,
2026-01-26 04:39:42.123,retreat_machine_to_approach_unloader,791.503,-281.896,2426.477,41.961,88.679,131.926,-14.987,1.178,-67.352,-82.928,-76.765,-115.66,-2.921,-3.793,4.853,1.104,2.402,-1.084,0.22,-5.41,-5.19,4.34,-1.8,-0.02,3.233,4.152,-5.473,-1.062,-2.385,1.073,
2026-01-26 04:39:42.223,retreat_machine_to_approach_unloader,793.33,-285.04,2427.321,42.036,88.703,131.984,-15.166,0.947,-67.056,-82.861,-76.618,-115.726,-2.636,-3.424,4.381,0.997,2.168,-0.978,0.17,-5.41,-5.15,4.26,-1.87,-0.06,3.187,4.097,-5.387,-1.061,-2.374,1.069,
2026-01-26 04:39:42.324,retreat_machine_to_approach_unloader,794.957,-287.869,2428.066,42.115,88.724,132.048,-15.325,0.739,-66.79,-82.8,-76.487,-115.785,-2.377,-3.086,3.95,0.899,1.955,-0.882,0.03,-5.36,-5.29,4.32,-1.95,-0.03,3.054,3.928,-5.156,-1.025,-2.289,1.031,
2026-01-26 04:39:42.427,retreat_machine_to_approach_unloader,796.36,-290.332,2428.704,42.192,88.743,132.112,-15.464,0.559,-66.56,-82.748,-76.373,-115.837,-2.129,-2.765,3.538,0.805,1.751,-0.79,0.14,-5.45,-5.22,4.32,-1.92,-0.08,2.96,3.81,-4.992,-1.003,-2.234,1.006,
2026-01-26 04:39:42.529,retreat_machine_to_approach_unloader,797.656,-292.626,2429.29,42.273,88.761,132.181,-15.593,0.392,-66.346,-82.699,-76.267,-115.885,-1.919,-2.492,3.189,0.726,1.578,-0.712,0.07,-5.42,-5.23,4.26,-1.99,0.05,2.763,3.557,-4.657,-0.94,-2.092,0.942,
2026-01-26 04:39:42.637,retreat_machine_to_approach_unloader,798.174,-293.546,2429.523,42.308,88.768,132.211,-15.644,0.325,-66.26,-82.68,-76.224,-115.904,-1.568,-2.036,2.606,0.593,1.29,-0.582,0.16,-5.4,-5.27,4.23,-2.07,-0.09,3.259,4.204,-5.474,-1.138,-2.518,1.135,
2026-01-26 04:39:42.739,retreat_machine_to_approach_unloader,799.204,-295.39,2429.985,42.381,88.783,132.274,-15.747,0.191,-66.089,-82.641,-76.14,-115.942,-1.434,-1.862,2.382,0.542,1.179,-0.532,0.13,-5.29,-5.21,4.21,-1.97,-0.04,2.418,3.115,-4.071,-0.829,-1.843,0.83,
2026-01-26 04:39:42.840,retreat_machine_to_approach_unloader,800.192,-297.17,2430.426,42.457,88.797,132.341,-15.847,0.062,-65.924,-82.603,-76.058,-115.979,-1.324,-1.719,2.199,0.5,1.089,-0.491,0.17,-5.44,-5.36,4.35,-1.93,-0.02,2.213,2.852,-3.726,-0.76,-1.689,0.761,
2026-01-26 04:39:42.941,retreat_machine_to_approach_unloader,801.075,-298.769,2430.818,42.53,88.809,132.405,-15.936,-0.053,-65.776,-82.57,-75.985,-116.012,-1.215,-1.578,2.019,0.459,0.999,-0.451,0.14,-5.29,-5.3,4.26,-2.13,-0.01,2.095,2.701,-3.525,-0.723,-1.605,0.723,
2026-01-26 04:39:43.042,retreat_machine_to_approach_unloader,801.813,-300.113,2431.145,42.595,88.82,132.463,-16.01,-0.15,-65.652,-82.541,-75.923,-116.04,-1.098,-1.426,1.824,0.415,0.903,-0.407,-0.0,-5.31,-5.35,4.24,-2.02,-0.09,2.029,2.617,-3.41,-0.705,-1.562,0.704,
2026-01-26 04:39:43.144,retreat_machine_to_approach_unloader,802.522,-301.41,2431.457,42.66,88.831,132.521,-16.082,-0.244,-65.533,-82.514,-75.864,-116.066,-1.003,-1.303,1.667,0.379,0.825,-0.372,0.13,-5.16,-5.24,4.19,-2.02,-0.06,1.853,2.39,-3.115,-0.645,-1.429,0.644,
2026-01-26 04:39:43.245,retreat_machine_to_approach_unloader,803.156,-302.575,2431.735,42.722,88.84,132.576,-16.147,-0.328,-65.426,-82.49,-75.811,-116.09,-0.914,-1.187,1.518,0.346,0.752,-0.339,0.22,-5.33,-5.3,4.27,-2.06,-0.1,1.743,2.248,-2.927,-0.609,-1.347,0.607,
2026-01-26 04:39:43.348,retreat_machine_to_approach_unloader,803.722,-303.619,2431.983,42.779,88.848,132.628,-16.205,-0.403,-65.33,-82.468,-75.764,-116.112,-0.83,-1.077,1.379,0.314,0.682,-0.308,-0.02,-5.32,-5.3,4.25,-2.03,-0.04,1.635,2.111,-2.746,-0.573,-1.268,0.571,waypoint
2026-01-26 04:39:43.450,retreat_machine_to_approach_unloader,806.987,-318.538,2429.533,45.893,88.84,135.742,-17.115,-0.831,-65.108,-82.156,-74.897,-116.056,-2.897,-1.879,1.587,1.016,2.678,-0.091,0.25,-5.16,-5.22,4.23,-1.98,-0.03,-7.051,-1.635,-1.22,2.389,7.05,1.286,
2026-01-26 04:39:43.551,retreat_machine_to_approach_unloader,812.391,-349.38,2423.922,51.169,88.807,141.024,-18.974,-1.653,-64.748,-81.519,-73.118,-115.913,-6.823,-3.465,2.091,2.352,6.457,0.288,0.33,-5.12,-5.31,4.34,-1.95,-0.06,-15.843,-5.41,0.294,5.387,15.473,2.025,
2026-01-26 04:39:43.652,retreat_machine_to_approach_unloader,816.215,-377.621,2418.698,54.596,88.776,144.455,-20.647,-2.393,-64.424,-80.947,-71.517,-115.785,-9.298,-4.448,2.378,3.194,8.843,0.536,0.47,-5.1,-5.29,4.36,-1.93,-0.09,-12.386,-4.041,-0.098,4.208,12.134,1.679,
2026-01-26 04:39:43.754,retreat_machine_to_approach_unloader,818.796,-403.396,2413.858,56.732,88.753,146.592,-22.151,-3.058,-64.133,-80.433,-70.078,-115.67,-10.734,-4.998,2.512,3.682,10.23,0.691,0.51,-4.96,-5.41,4.33,-2.02,-0.03,-9.463,-2.892,-0.415,3.211,9.309,1.382,
2026-01-26 04:39:43.854,retreat_machine_to_approach_unloader,820.449,-427.627,2409.244,58.002,88.737,147.863,-23.548,-3.676,-63.862,-79.955,-68.742,-115.563,-11.542,-5.293,2.561,3.955,11.014,0.786,0.58,-4.99,-5.58,4.24,-1.9,-0.02,-7.444,-2.128,-0.581,2.523,7.351,1.162,
2026-01-26 04:39:43.955,retreat_machine_to_approach_unloader,821.309,-449.563,2405.013,58.609,88.728,148.47,-24.799,-4.229,-63.62,-79.527,-67.545,-115.467,-11.786,-5.353,2.527,4.037,11.254,0.829,0.63,-5.09,-5.5,4.27,-1.96,-0.02,-5.247,-1.273,-0.805,1.774,5.226,0.934,
2026-01-26 04:39:44.058,retreat_machine_to_approach_unloader,821.576,-470.01,2401.022,58.755,88.727,148.614,-25.956,-4.74,-63.395,-79.132,-66.438,-115.378,-11.731,-5.293,2.455,4.016,11.207,0.843,0.56,-5.11,-5.57,4.22,-1.88,0.0,-3.774,-0.726,-0.908,1.272,3.796,0.768,
2026-01-26 04:39:44.161,retreat_machine_to_approach_unloader,821.379,-488.395,2397.393,58.559,88.73,148.417,-26.989,-5.197,-63.195,-78.779,-65.45,-115.299,-11.38,-5.111,2.342,3.895,10.875,0.83,0.57,-5.11,-5.68,4.25,-1.91,-0.04,-2.156,-0.105,-1.057,0.721,2.23,0.596,
2026-01-26 04:39:44.262,retreat_machine_to_approach_unloader,820.873,-504.398,2394.204,58.146,88.737,148.002,-27.882,-5.592,-63.022,-78.473,-64.595,-115.23,-10.769,-4.821,2.189,3.685,10.294,0.794,0.59,-5.17,-5.8,4.22,-1.88,-0.06,-0.551,0.519,-1.221,0.174,0.678,0.43,
2026-01-26 04:39:44.365,retreat_machine_to_approach_unloader,820.127,-519.258,2391.216,57.561,88.746,147.414,-28.708,-5.957,-62.862,-78.191,-63.805,-115.167,-10.142,-4.529,2.042,3.47,9.696,0.754,0.52,-5.09,-5.91,4.09,-1.82,-0.04,0.181,0.767,-1.23,-0.075,-0.038,0.335,
2026-01-26 04:39:44.465,retreat_machine_to_approach_unloader,819.293,-531.761,2388.682,56.918,88.757,146.767,-29.401,-6.263,-62.728,-77.954,-63.142,-115.114,-9.337,-4.162,1.867,3.195,8.928,0.698,0.46,-5.34,-6.02,4.05,-2.03,-0.06,1.5,1.281,-1.366,-0.525,-1.313,0.199,
2026-01-26 04:39:44.568,retreat_machine_to_approach_unloader,818.38,-543.04,2386.38,56.216,88.768,146.062,-30.023,-6.539,-62.607,-77.741,-62.547,-115.066,-8.559,-3.81,1.702,2.928,8.185,0.643,0.36,-5.2,-6.04,4.13,-1.97,-0.02,2.047,1.461,-1.364,-0.711,-1.849,0.126,
2026-01-26 04:39:44.668,retreat_machine_to_approach_unloader,817.393,-553.542,2384.222,55.456,88.78,145.299,-30.601,-6.794,-62.495,-77.543,-61.994,-115.022,-7.865,-3.496,1.556,2.69,7.522,0.593,0.38,-5.31,-6.22,4.08,-1.92,-0.12,2.287,1.512,-1.314,-0.792,-2.089,0.079,
2026-01-26 04:39:44.771,retreat_machine_to_approach_unloader,816.394,-562.972,2382.274,54.682,88.792,144.522,-31.119,-7.023,-62.395,-77.366,-61.498,-114.982,-7.194,-3.195,1.418,2.461,6.88,0.544,0.42,-5.26,-6.21,4.18,-1.94,-0.14,2.659,1.626,-1.299,-0.918,-2.455,0.025,
2026-01-26 04:39:44.875,retreat_machine_to_approach_unloader,815.439,-571.171,2380.571,53.937,88.803,143.774,-31.569,-7.222,-62.308,-77.212,-61.068,-114.948,-6.519,-2.893,1.281,2.23,6.235,0.494,0.28,-5.4,-6.3,4.02,-2.04,0.0,3.079,1.767,-1.302,-1.061,-2.866,-0.03,
2026-01-26 04:39:44.976,retreat_machine_to_approach_unloader,814.479,-578.796,2378.979,53.181,88.815,143.016,-31.986,-7.407,-62.227,-77.07,-60.668,-114.916,-5.933,-2.631,1.163,2.029,5.675,0.451,0.2,-5.32,-6.35,3.98,-1.96,-0.08,3.092,1.732,-1.234,-1.064,-2.886,-0.052,
2026-01-26 04:39:45.076,retreat_machine_to_approach_unloader,813.589,-585.421,2377.591,52.474,88.825,142.305,-32.348,-7.567,-62.157,-76.946,-60.322,-114.888,-5.355,-2.374,1.048,1.832,5.123,0.407,0.25,-5.39,-6.49,3.91,-2.01,-0.03,3.335,1.803,-1.218,-1.147,-3.126,-0.089,
2026-01-26 04:39:45.176,retreat_machine_to_approach_unloader,812.714,-591.58,2376.295,51.772,88.835,141.601,-32.685,-7.715,-62.092,-76.831,-60.0,-114.862,-4.857,-2.152,0.949,1.661,4.646,0.37,0.23,-5.26,-6.4,3.97,-1.89,-0.01,3.26,1.737,-1.146,-1.121,-3.06,-0.1,
2026-01-26 04:39:45.277,retreat_machine_to_approach_unloader,811.89,-597.104,2375.128,51.105,88.844,140.931,-32.986,-7.849,-62.033,-76.728,-59.712,-114.839,-4.396,-1.947,0.858,1.504,4.206,0.335,0.24,-5.36,-6.46,3.9,-1.95,-0.06,3.283,1.718,-1.099,-1.128,-3.089,-0.116,
2026-01-26 04:39:45.378,retreat_machine_to_approach_unloader,811.146,-601.901,2374.112,50.496,88.852,140.32,-33.248,-7.964,-61.983,-76.638,-59.462,-114.819,-3.951,-1.749,0.77,1.351,3.78,0.301,0.22,-5.45,-6.54,3.9,-1.94,-0.1,3.354,1.722,-1.066,-1.152,-3.162,-0.135,
2026-01-26 04:39:45.478,retreat_machine_to_approach_unloader,810.475,-606.077,2373.225,49.943,88.859,139.765,-33.475,-8.065,-61.939,-76.56,-59.244,-114.802,-3.532,-1.563,0.688,1.208,3.379,0.27,0.14,-5.42,-6.54,3.92,-2.03,-0.09,3.359,1.701,-1.026,-1.153,-3.171,-0.148,
2026-01-26 04:39:45.579,retreat_machine_to_approach_unloader,809.809,-610.103,2372.368,49.389,88.867,139.209,-33.694,-8.162,-61.896,-76.485,-59.034,-114.785,-3.197,-1.415,0.622,1.093,3.058,0.244,0.12,-5.46,-6.64,3.86,-1.98,0.03,3.106,1.567,-0.939,-1.066,-2.933,-0.139,
2026-01-26 04:39:45.679,retreat_machine_to_approach_unloader,809.234,-613.484,2371.646,48.908,88.873,138.726,-33.878,-8.243,-61.86,-76.423,-58.858,-114.771,-2.858,-1.264,0.555,0.977,2.734,0.218,0.13,-5.49,-6.51,3.85,-1.94,-0.03,3.147,1.566,-0.914,-1.08,-2.977,-0.153,
2026-01-26 04:39:45.781,retreat_machine_to_approach_unloader,808.667,-616.743,2370.949,48.429,88.879,138.246,-34.055,-8.321,-61.826,-76.362,-58.689,-114.757,-2.586,-1.144,0.502,0.885,2.474,0.198,0.19,-5.47,-6.64,3.85,-1.95,-0.04,2.9,1.439,-0.835,-0.995,-2.743,-0.142,
2026-01-26 04:39:45.881,retreat_machine_to_approach_unloader,808.182,-619.479,2370.363,48.016,88.884,137.831,-34.204,-8.387,-61.797,-76.311,-58.546,-114.746,-2.312,-1.023,0.449,0.791,2.212,0.177,0.12,-5.43,-6.73,3.88,-1.96,-0.07,2.895,1.421,-0.807,-0.993,-2.742,-0.15,
2026-01-26 04:39:45.983,retreat_machine_to_approach_unloader,807.72,-622.033,2369.814,47.621,88.888,137.435,-34.343,-8.449,-61.77,-76.264,-58.414,-114.735,-2.081,-0.92,0.404,0.712,1.991,0.159,0.0,-5.5,-6.7,3.79,-1.99,-0.13,2.705,1.323,-0.745,-0.927,-2.563,-0.143,
2026-01-26 04:39:46.083,retreat_machine_to_approach_unloader,807.298,-624.331,2369.32,47.258,88.893,137.071,-34.468,-8.504,-61.746,-76.221,-58.294,-114.726,-1.873,-0.828,0.363,0.64,1.792,0.143,0.06,-5.48,-6.72,3.82,-2.0,-0.02,2.574,1.253,-0.698,-0.882,-2.44,-0.139,
2026-01-26 04:39:46.186,retreat_machine_to_approach_unloader,806.888,-626.532,2368.846,46.904,88.897,136.715,-34.588,-8.557,-61.723,-76.18,-58.18,-114.716,-1.704,-0.753,0.33,0.583,1.63,0.13,0.07,-5.55,-6.8,3.89,-1.98,-0.09,2.369,1.151,-0.638,-0.812,-2.246,-0.129,
2026-01-26 04:39:46.288,retreat_machine_to_approach_unloader,806.528,-628.438,2368.436,46.591,88.901,136.401,-34.691,-8.602,-61.703,-76.145,-58.081,-114.709,-1.536,-0.679,0.298,0.525,1.47,0.118,0.04,-5.58,-6.74,3.8,-1.94,0.06,2.293,1.107,-0.606,-0.786,-2.176,-0.129,
2026-01-26 04:39:46.388,retreat_machine_to_approach_unloader,806.202,-630.146,2368.067,46.306,88.904,136.115,-34.784,-8.643,-61.685,-76.113,-57.992,-114.701,-1.384,-0.612,0.268,0.473,1.324,0.106,0.09,-5.51,-6.71,3.83,-1.94,0.01,2.171,1.044,-0.566,-0.744,-2.061,-0.124,waypoint
2026-01-26 04:39:46.495,approach_unloader_to_place,806.464,-631.949,2359.326,46.434,88.916,136.197,-34.859,-8.347,-62.736,-76.571,-57.782,-113.83,-1.227,0.281,-2.427,-0.789,1.517,2.259,0.05,-5.5,-6.69,3.77,-1.94,-0.1,2.124,4.31,-11.201,-5.565,-0.647,8.535,
2026-01-26 04:39:46.595,approach_unloader_to_place,806.77,-633.618,2347.932,46.5,88.933,136.213,-34.927,-7.948,-64.111,-77.177,-57.54,-112.692,-1.089,1.209,-5.257,-2.109,1.745,4.54,0.02,-5.41,-6.63,3.88,-1.97,0.0,1.994,4.911,-13.316,-6.498,-0.249,10.345,
2026-01-26 04:39:46.696,approach_unloader_to_place,806.912,-635.113,2336.812,46.545,88.946,136.221,-34.992,-7.563,-65.436,-77.762,-57.305,-111.595,-0.98,1.868,-7.254,-3.043,1.894,6.146,0.13,-5.5,-6.55,3.86,-1.89,-0.05,1.819,4.274,-11.484,-5.627,-0.312,8.896,
2026-01-26 04:39:46.800,approach_unloader_to_place,806.907,-636.393,2326.413,46.553,88.956,136.206,-35.052,-7.208,-66.66,-78.302,-57.089,-110.581,-0.885,2.29,-8.502,-3.634,1.961,7.144,-0.03,-5.53,-6.53,3.94,-1.77,-0.09,1.687,3.555,-9.332,-4.622,-0.458,7.175,
2026-01-26 04:39:46.900,approach_unloader_to_place,806.802,-637.391,2317.609,46.524,88.962,136.163,-35.103,-6.91,-67.686,-78.755,-56.908,-109.732,-0.79,2.463,-8.942,-3.857,1.924,7.481,-0.03,-5.56,-6.59,3.85,-1.81,0.0,1.615,2.624,-6.417,-3.285,-0.763,4.817,
2026-01-26 04:39:47.003,approach_unloader_to_place,806.615,-638.282,2309.101,46.456,88.966,136.089,-35.151,-6.624,-68.669,-79.189,-56.734,-108.918,-0.713,2.561,-9.163,-3.978,1.877,7.645,0.1,-5.61,-6.59,3.99,-1.79,0.01,1.475,2.236,-5.343,-2.766,-0.763,3.977,
2026-01-26 04:39:47.104,approach_unloader_to_place,806.385,-639.001,2301.681,46.36,88.968,135.992,-35.193,-6.377,-69.52,-79.565,-56.584,-108.214,-0.639,2.538,-8.999,-3.922,1.784,7.494,0.02,-5.6,-6.57,3.89,-1.69,0.04,1.392,1.629,-3.487,-1.905,-0.92,2.485,
2026-01-26 04:39:47.204,approach_unloader_to_place,806.115,-639.622,2294.775,46.235,88.968,135.87,-35.231,-6.149,-70.306,-79.912,-56.445,-107.563,-0.576,2.474,-8.715,-3.809,1.685,7.248,0.12,-5.69,-6.68,3.94,-1.6,-0.05,1.285,1.279,-2.493,-1.43,-0.942,1.702,
2026-01-26 04:39:47.305,approach_unloader_to_place,805.838,-640.127,2288.763,46.097,88.968,135.738,-35.265,-5.952,-70.986,-80.212,-56.325,-107.0,-0.516,2.35,-8.238,-3.608,1.564,6.844,0.02,-5.72,-6.64,3.9,-1.56,0.04,1.208,0.844,-1.186,-0.821,-1.035,0.656,
2026-01-26 04:39:47.405,approach_unloader_to_place,805.545,-640.565,2283.177,45.943,88.966,135.592,-35.296,-5.769,-71.615,-80.49,-56.214,-106.48,-0.464,2.219,-7.75,-3.4,1.451,6.434,0.02,-5.81,-6.71,3.91,-1.46,-0.01,1.113,0.609,-0.552,-0.511,-1.022,0.164,
2026-01-26 04:39:47.506,approach_unloader_to_place,805.263,-640.922,2278.32,45.788,88.964,135.445,-35.322,-5.611,-72.16,-80.73,-56.118,-106.029,-0.415,2.059,-7.174,-3.15,1.329,5.952,0.06,-5.87,-6.76,3.96,-1.47,-0.03,1.043,0.303,0.349,-0.086,-1.069,-0.553,
2026-01-26 04:39:47.608,approach_unloader_to_place,804.97,-641.244,2273.675,45.621,88.962,135.288,-35.348,-5.46,-72.678,-80.959,-56.026,-105.6,-0.375,1.921,-6.676,-2.935,1.225,5.536,-0.05,-5.93,-6.66,3.93,-1.47,-0.06,0.951,0.197,0.574,0.037,-1.008,-0.713,
2026-01-26 04:39:47.709,approach_unloader_to_place,804.698,-641.507,2269.651,45.461,88.96,135.137,-35.37,-5.33,-73.126,-81.156,-55.947,-105.23,-0.336,1.765,-6.126,-2.695,1.117,5.078,0.05,-5.93,-6.79,3.81,-1.37,-0.1,0.891,-0.028,1.225,0.346,-1.033,-1.228,
2026-01-26 04:39:47.810,approach_unloader_to_place,804.44,-641.73,2266.046,45.305,88.957,134.991,-35.389,-5.214,-73.525,-81.332,-55.876,-104.899,-0.301,1.614,-5.593,-2.462,1.014,4.635,0.01,-5.99,-6.69,3.91,-1.29,0.03,0.826,-0.165,1.583,0.523,-1.014,-1.503,
2026-01-26 04:39:47.913,approach_unloader_to_place,804.19,-641.925,2262.721,45.151,88.954,134.847,-35.407,-5.108,-73.892,-81.495,-55.811,-104.595,-0.271,1.477,-5.113,-2.252,0.923,4.236,0.05,-6.0,-6.75,3.95,-1.43,-0.06,0.759,-0.241,1.744,0.612,-0.969,-1.617,
2026-01-26 04:39:48.015,approach_unloader_to_place,803.958,-642.091,2259.756,45.005,88.951,134.71,-35.423,-5.013,-74.219,-81.639,-55.754,-104.325,-0.243,1.345,-4.652,-2.05,0.836,3.853,0.05,-6.03,-6.78,3.88,-1.24,0.01,0.703,-0.335,1.976,0.73,-0.944,-1.792,
2026-01-26 04:39:48.115,approach_unloader_to_place,803.749,-642.228,2257.19,44.872,88.949,134.586,-35.437,-4.931,-74.501,-81.763,-55.704,-104.091,-0.217,1.214,-4.195,-1.848,0.752,3.474,-0.01,-6.11,-6.87,3.91,-1.27,-0.04,0.655,-0.431,2.226,0.855,-0.929,-1.983,
2026-01-26 04:39:48.217,approach_unloader_to_place,803.551,-642.35,2254.826,44.745,88.946,134.467,-35.45,-4.855,-74.761,-81.878,-55.658,-103.877,-0.195,1.099,-3.795,-1.673,0.679,3.142,0.04,-6.12,-6.9,3.99,-1.28,0.05,0.6,-0.454,2.229,0.869,-0.876,-1.972,
2026-01-26 04:39:48.320,approach_unloader_to_place,803.37,-642.454,2252.719,44.627,88.944,134.357,-35.461,-4.788,-74.992,-81.98,-55.617,-103.686,-0.174,0.992,-3.423,-1.509,0.611,2.834,0.08,-6.08,-6.83,4.0,-1.25,0.07,0.554,-0.492,2.293,0.909,-0.839,-2.012,
2026-01-26 04:39:48.422,approach_unloader_to_place,803.205,-642.543,2250.841,44.519,88.942,134.256,-35.471,-4.729,-75.197,-82.07,-55.581,-103.516,-0.156,0.893,-3.081,-1.359,0.549,2.55,-0.07,-6.15,-6.95,3.89,-1.16,-0.06,0.511,-0.517,2.319,0.93,-0.8,-2.022,
2026-01-26 04:39:48.524,approach_unloader_to_place,803.055,-642.62,2249.169,44.42,88.94,134.164,-35.48,-4.676,-75.38,-82.151,-55.549,-103.365,-0.139,0.802,-2.767,-1.22,0.492,2.29,-0.08,-6.24,-6.91,3.88,-1.17,0.02,0.471,-0.531,2.314,0.937,-0.76,-2.007,
2026-01-26 04:39:48.627,approach_unloader_to_place,802.919,-642.687,2247.68,44.33,88.938,134.079,-35.488,-4.628,-75.542,-82.223,-55.52,-103.23,-0.125,0.72,-2.482,-1.095,0.441,2.054,0.12,-6.19,-6.96,3.9,-1.2,-0.06,0.434,-0.537,2.284,0.933,-0.72,-1.974,
2026-01-26 04:39:48.728,approach_unloader_to_place,802.796,-642.744,2246.354,44.248,88.936,134.003,-35.495,-4.587,-75.687,-82.287,-55.494,-103.111,-0.111,0.645,-2.222,-0.98,0.395,1.839,0.02,-6.26,-6.95,3.86,-1.18,-0.03,0.4,-0.535,2.236,0.919,-0.68,-1.925,
2026-01-26 04:39:48.831,approach_unloader_to_place,802.685,-642.794,2245.174,44.174,88.934,133.934,-35.502,-4.549,-75.815,-82.343,-55.472,-103.004,-0.099,0.577,-1.988,-0.877,0.353,1.645,-0.07,-6.18,-6.95,3.87,-1.07,-0.01,0.367,-0.528,2.172,0.897,-0.64,-1.865,
2026-01-26 04:39:48.933,approach_unloader_to_place,802.585,-642.838,2244.123,44.107,88.933,133.871,-35.507,-4.516,-75.93,-82.394,-55.451,-102.91,-0.088,0.516,-1.777,-0.784,0.315,1.47,0.09,-6.25,-6.89,3.82,-1.08,0.01,0.338,-0.516,2.097,0.87,-0.601,-1.796,
2026-01-26 04:39:49.034,approach_unloader_to_place,802.495,-642.876,2243.188,44.046,88.931,133.815,-35.512,-4.486,-76.031,-82.439,-55.433,-102.826,-0.079,0.461,-1.587,-0.7,0.281,1.313,0.07,-6.26,-6.92,3.9,-1.13,-0.02,0.31,-0.501,2.013,0.839,-0.563,-1.721,waypoint
2026-01-26 04:39:49.134,place_on_unloader,802.417,-642.908,2242.379,43.994,88.93,133.766,-35.517,-4.461,-76.119,-82.477,-55.418,-102.753,-0.07,0.409,-1.41,-0.622,0.25,1.166,-0.08,-6.22,-7.0,3.94,-1.04,-0.05,0.286,-0.492,1.951,0.817,-0.531,-1.664,
2026-01-26 04:39:49.236,place_on_unloader,802.344,-642.937,2241.636,43.945,88.929,133.72,-35.521,-4.438,-76.2,-82.513,-55.404,-102.686,-0.062,0.365,-1.259,-0.556,0.223,1.042,-0.08,-6.4,-6.99,3.85,-0.92,-0.09,0.261,-0.463,1.826,0.766,-0.491,-1.556,
2026-01-26 04:39:49.338,place_on_unloader,802.281,-642.962,2240.993,43.902,88.928,133.68,-35.524,-4.417,-76.27,-82.544,-55.391,-102.629,-0.055,0.325,-1.119,-0.494,0.198,0.925,0.08,-6.31,-6.98,3.78,-1.07,0.05,0.24,-0.449,1.754,0.738,-0.461,-1.491,
2026-01-26 04:39:49.439,place_on_unloader,802.222,-642.984,2240.402,43.862,88.927,133.643,-35.527,-4.399,-76.334,-82.572,-55.38,-102.576,-0.049,0.29,-0.999,-0.441,0.177,0.827,-0.06,-6.35,-6.97,3.97,-1.07,-0.08,0.219,-0.42,1.635,0.689,-0.425,-1.388,
2026-01-26 04:39:49.539,place_on_unloader,802.174,-643.002,2239.923,43.83,88.926,133.613,-35.53,-4.384,-76.386,-82.595,-55.371,-102.533,-0.043,0.255,-0.879,-0.388,0.156,0.727,0.0,-6.29,-7.02,3.87,-1.05,-0.08,0.203,-0.413,1.593,0.674,-0.404,-1.35,
2026-01-26 04:39:49.640,place_on_unloader,802.13,-643.019,2239.477,43.8,88.926,133.585,-35.532,-4.37,-76.434,-82.616,-55.362,-102.493,-0.038,0.226,-0.78,-0.344,0.138,0.645,-0.03,-6.37,-7.0,3.91,-1.09,0.02,0.184,-0.383,1.47,0.623,-0.37,-1.246,
2026-01-26 04:39:49.740,place_on_unloader,802.09,-643.033,2239.078,43.773,88.925,133.56,-35.534,-4.357,-76.477,-82.635,-55.355,-102.457,-0.034,0.201,-0.693,-0.306,0.123,0.573,-0.08,-6.36,-6.94,3.87,-1.04,0.03,0.168,-0.359,1.374,0.583,-0.342,-1.163,
2026-01-26 04:39:49.841,place_on_unloader,802.053,-643.047,2238.709,43.748,88.924,133.537,-35.536,-4.345,-76.517,-82.653,-55.348,-102.424,-0.031,0.18,-0.62,-0.274,0.11,0.513,-0.02,-6.33,-6.94,4.0,-0.99,0.03,0.153,-0.333,1.269,0.539,-0.314,-1.074,
2026-01-26 04:39:49.943,place_on_unloader,802.02,-643.059,2238.39,43.726,88.924,133.516,-35.538,-4.335,-76.552,-82.668,-55.341,-102.395,-0.027,0.16,-0.551,-0.243,0.097,0.456,-0.03,-6.39,-7.0,3.97,-0.92,0.02,0.141,-0.315,1.196,0.509,-0.292,-1.011,
2026-01-26 04:39:50.045,place_on_unloader,801.989,-643.069,2238.086,43.705,88.923,133.497,-35.54,-4.326,-76.585,-82.683,-55.336,-102.368,-0.024,0.144,-0.496,-0.219,0.088,0.41,-0.01,-6.33,-7.0,3.86,-0.95,-0.02,0.127,-0.288,1.093,0.465,-0.265,-0.923,
2026-01-26 04:39:50.146,place_on_unloader,801.962,-643.079,2237.815,43.687,88.923,133.48,-35.541,-4.317,-76.614,-82.696,-55.33,-102.344,-0.022,0.129,-0.445,-0.196,0.079,0.368,-0.01,-6.36,-6.99,3.86,-1.02,-0.02,0.116,-0.27,1.02,0.435,-0.245,-0.861,
2026-01-26 04:39:50.248,place_on_unloader,801.939,-643.087,2237.588,43.671,88.923,133.465,-35.542,-4.31,-76.638,-82.707,-55.326,-102.324,-0.019,0.115,-0.395,-0.174,0.07,0.327,-0.01,-6.4,-6.97,3.86,-0.95,-0.03,0.107,-0.257,0.966,0.412,-0.229,-0.814,
2026-01-26 04:39:50.349,place_on_unloader,801.918,-643.094,2237.385,43.657,88.922,133.452,-35.543,-4.304,-76.66,-82.716,-55.322,-102.305,-0.017,0.102,-0.351,-0.155,0.062,0.29,-0.07,-6.38,-6.94,3.99,-1.05,-0.0,0.098,-0.239,0.895,0.382,-0.211,-0.754,
2026-01-26 04:39:50.452,place_on_unloader,801.898,-643.101,2237.192,43.644,88.922,133.44,-35.544,-4.298,-76.681,-82.726,-55.319,-102.288,-0.016,0.092,-0.316,-0.139,0.056,0.261,0.11,-6.35,-6.99,3.95,-1.02,0.03,0.088,-0.218,0.816,0.349,-0.192,-0.687,
2026-01-26 04:39:50.555,place_on_unloader,801.881,-643.107,2237.025,43.633,88.922,133.429,-35.545,-4.292,-76.699,-82.734,-55.315,-102.273,-0.014,0.082,-0.282,-0.124,0.05,0.233,0.0,-6.46,-6.92,3.95,-1.07,0.06,0.081,-0.204,0.763,0.326,-0.177,-0.642,
2026-01-26 04:39:50.658,place_on_unloader,801.866,-643.112,2236.876,43.622,88.921,133.42,-35.546,-4.288,-76.716,-82.741,-55.313,-102.26,-0.012,0.073,-0.252,-0.111,0.045,0.208,0.03,-6.4,-7.03,3.83,-1.0,0.01,0.074,-0.19,0.706,0.302,-0.163,-0.594,
2026-01-26 04:39:50.762,place_on_unloader,801.852,-643.117,2236.743,43.613,88.921,133.411,-35.547,-4.284,-76.73,-82.747,-55.31,-102.248,-0.011,0.065,-0.225,-0.099,0.04,0.186,0.09,-6.37,-6.93,3.88,-0.94,-0.05,0.067,-0.176,0.652,0.28,-0.15,-0.549,
2026-01-26 04:39:50.865,place_on_unloader,801.84,-643.121,2236.62,43.605,88.921,133.403,-35.547,-4.28,-76.743,-82.753,-55.308,-102.237,-0.01,0.059,-0.202,-0.089,0.036,0.167,-0.02,-6.36,-7.07,3.87,-0.95,-0.08,0.061,-0.161,0.599,0.257,-0.137,-0.504,
2026-01-26 04:39:50.966,place_on_unloader,801.829,-643.125,2236.515,43.598,88.921,133.396,-35.548,-4.276,-76.755,-82.758,-55.306,-102.228,-0.009,0.052,-0.18,-0.079,0.032,0.149,-0.01,-6.42,-7.01,3.96,-0.98,-0.04,0.056,-0.151,0.557,0.239,-0.126,-0.468,
2026-01-26 04:39:51.069,place_on_unloader,801.818,-643.128,2236.415,43.591,88.921,133.39,-35.548,-4.273,-76.765,-82.763,-55.304,-102.219,-0.008,0.047,-0.162,-0.071,0.029,0.134,-0.02,-6.49,-6.94,3.84,-1.01,-0.11,0.051,-0.137,0.507,0.218,-0.115,-0.426,
2026-01-26 04:39:51.172,place_on_unloader,801.809,-643.131,2236.328,43.585,88.92,133.385,-35.549,-4.271,-76.775,-82.767,-55.302,-102.211,-0.007,0.042,-0.145,-0.064,0.026,0.12,0.05,-6.35,-6.97,3.88,-0.94,0.02,0.046,-0.128,0.472,0.203,-0.106,-0.396,
2026-01-26 04:39:51.273,place_on_unloader,801.802,-643.134,2236.252,43.58,88.92,133.38,-35.549,-4.268,-76.783,-82.77,-55.301,-102.204,-0.006,0.038,-0.129,-0.057,0.023,0.107,-0.07,-6.33,-7.05,3.79,-1.01,0.07,0.042,-0.118,0.435,0.187,-0.097,-0.365,
2026-01-26 04:39:51.375,place_on_unloader,801.795,-643.136,2236.183,43.575,88.92,133.375,-35.55,-4.266,-76.79,-82.774,-55.299,-102.198,-0.006,0.034,-0.115,-0.051,0.02,0.095,-0.0,-6.35,-7.13,3.81,-1.06,-0.02,0.038,-0.109,0.4,0.172,-0.089,-0.336,
2026-01-26 04:39:51.477,place_on_unloader,801.788,-643.138,2236.123,43.571,88.92,133.371,-35.55,-4.264,-76.797,-82.777,-55.298,-102.193,-0.005,0.03,-0.103,-0.045,0.018,0.085,-0.07,-6.43,-7.02,3.91,-0.89,-0.07,0.035,-0.1,0.369,0.159,-0.082,-0.309,
2026-01-26 04:39:51.580,place_on_unloader,801.783,-643.14,2236.069,43.567,88.92,133.368,-35.55,-4.262,-76.803,-82.779,-55.297,-102.188,-0.005,0.027,-0.092,-0.041,0.016,0.076,-0.09,-6.33,-6.98,3.93,-0.98,-0.05,0.032,-0.092,0.339,0.146,-0.075,-0.284,
2026-01-26 04:39:51.781,place_on_unloader,801.774,-643.143,2235.982,43.561,88.92,133.362,-35.551,-4.26,-76.812,-82.783,-55.295,-102.18,-0.004,0.021,-0.072,-0.032,0.013,0.059,0.03,-6.46,-7.06,3.83,-0.99,-0.08,0.026,-0.079,0.289,0.124,-0.063,-0.242,
2026-01-26 04:39:51.884,place_on_unloader,801.77,-643.144,2235.945,43.559,88.92,133.36,-35.551,-4.259,-76.816,-82.785,-55.295,-102.177,-0.003,0.019,-0.064,-0.028,0.011,0.053,0.08,-6.32,-6.99,3.96,-1.01,-0.02,0.024,-0.072,0.263,0.113,-0.057,-0.22,
2026-01-26 04:39:51.986,place_on_unloader,801.766,-643.145,2235.911,43.556,88.92,133.358,-35.551,-4.258,-76.82,-82.787,-55.294,-102.174,-0.003,0.017,-0.057,-0.025,0.01,0.047,0.03,-6.41,-7.03,3.94,-0.9,-0.04,0.022,-0.066,0.241,0.104,-0.052,-0.202,
2026-01-26 04:39:52.088,place_on_unloader,801.763,-643.146,2235.884,43.554,88.92,133.356,-35.551,-4.257,-76.823,-82.788,-55.294,-102.171,-0.002,0.015,-0.05,-0.022,0.009,0.042,0.01,-6.42,-7.1,3.89,-0.9,-0.07,0.02,-0.061,0.223,0.096,-0.048,-0.187,
2026-01-26 04:39:52.290,place_on_unloader,801.758,-643.148,2235.833,43.551,88.92,133.353,-35.552,-4.255,-76.828,-82.79,-55.293,-102.167,-0.002,0.012,-0.04,-0.018,0.007,0.033,-0.06,-6.33,-6.99,3.92,-0.91,-0.02,0.016,-0.051,0.185,0.08,-0.04,-0.155,
2026-01-26 04:39:52.392,place_to_retreat_unloader,803.091,-633.943,2236.236,43.61,88.905,133.414,-35.069,-3.942,-77.133,-82.888,-55.767,-102.122,1.204,0.791,-0.791,-0.258,-1.18,0.135,0.04,-6.46,-7.0,3.84,-0.97,-0.04,4.839,3.077,-2.853,-0.895,-4.782,0.281,
2026-01-26 04:39:52.495,place_to_retreat_unloader,806.55,-605.945,2237.376,43.753,88.868,133.561,-33.596,-2.988,-78.058,-83.185,-57.216,-101.99,4.586,2.98,-2.906,-0.935,-4.507,0.433,-0.09,-6.48,-6.9,3.89,-0.88,0.01,14.263,9.184,-8.773,-2.793,-14.052,1.138,
2026-01-26 04:39:52.597,place_to_retreat_unloader,808.744,-582.66,2238.173,43.892,88.845,133.703,-32.363,-2.189,-78.832,-83.433,-58.428,-101.879,6.522,4.232,-4.115,-1.321,-6.412,0.602,-0.19,-6.5,-6.93,3.96,-0.91,-0.02,10.435,6.709,-6.388,-2.03,-10.284,0.808,
2026-01-26 04:39:52.697,place_to_retreat_unloader,810.248,-560.628,2238.798,44.03,88.829,133.843,-31.189,-1.428,-79.569,-83.669,-59.583,-101.773,7.827,5.076,-4.93,-1.582,-7.697,0.716,-0.29,-6.61,-6.83,3.95,-0.89,0.03,8.803,5.657,-5.38,-1.709,-8.677,0.674,
2026-01-26 04:39:52.798,place_to_retreat_unloader,811.093,-541.732,2239.233,44.147,88.82,133.962,-30.176,-0.771,-80.206,-83.873,-60.58,-101.682,8.404,5.449,-5.288,-1.696,-8.265,0.765,-0.23,-6.55,-6.84,3.98,-0.9,-0.07,6.317,4.051,-3.833,-1.214,-6.23,0.462,
2026-01-26 04:39:52.898,place_to_retreat_unloader,811.497,-524.969,2239.539,44.246,88.816,134.062,-29.271,-0.185,-80.774,-84.055,-61.47,-101.6,8.565,5.552,-5.387,-1.728,-8.424,0.778,-0.31,-6.65,-6.81,3.93,-0.9,-0.06,4.598,2.942,-2.767,-0.874,-4.538,0.318,
2026-01-26 04:39:52.998,place_to_retreat_unloader,811.582,-510.092,2239.747,44.327,88.815,134.143,-28.463,0.338,-81.281,-84.218,-62.265,-101.528,8.443,5.473,-5.308,-1.702,-8.304,0.765,-0.25,-6.6,-6.65,4.09,-0.89,-0.1,3.168,2.019,-1.881,-0.591,-3.129,0.199,
2026-01-26 04:39:53.101,place_to_retreat_unloader,811.433,-496.486,2239.883,44.392,88.817,134.208,-27.72,0.82,-81.748,-84.368,-62.996,-101.461,8.19,5.308,-5.148,-1.651,-8.055,0.741,-0.33,-6.63,-6.67,4.1,-0.92,0.04,2.204,1.397,-1.287,-0.402,-2.18,0.12,
2026-01-26 04:39:53.203,place_to_retreat_unloader,811.132,-484.804,2239.958,44.439,88.82,134.256,-27.079,1.235,-82.151,-84.497,-63.627,-101.403,7.746,5.02,-4.868,-1.561,-7.619,0.7,-0.29,-6.61,-6.58,4.16,-0.92,-0.04,0.967,0.599,-0.52,-0.157,-0.962,0.017,
2026-01-26 04:39:53.303,place_to_retreat_unloader,810.758,-475.06,2239.991,44.472,88.824,134.289,-26.541,1.584,-82.488,-84.605,-64.155,-101.355,7.154,4.636,-4.495,-1.441,-7.036,0.646,-0.3,-6.62,-6.54,4.01,-0.85,-0.1,-0.168,-0.133,0.184,0.068,0.155,-0.078,
2026-01-26 04:39:53.406,place_to_retreat_unloader,810.295,-465.767,2239.997,44.496,88.83,134.313,-26.026,1.917,-82.812,-84.709,-64.662,-101.308,6.653,4.311,-4.18,-1.34,-6.543,0.6,-0.26,-6.64,-6.51,4.08,-0.89,0.0,-0.377,-0.267,0.308,0.106,0.362,-0.091,
2026-01-26 04:39:53.508,place_to_retreat_unloader,809.797,-457.507,2239.981,44.511,88.835,134.328,-25.566,2.215,-83.1,-84.801,-65.114,-101.267,6.139,3.978,-3.856,-1.236,-6.038,0.554,-0.24,-6.7,-6.44,4.1,-0.94,0.07,-0.892,-0.598,0.624,0.207,0.869,-0.131,
2026-01-26 04:39:53.610,place_to_retreat_unloader,809.302,-450.384,2239.951,44.519,88.841,134.335,-25.168,2.473,-83.35,-84.881,-65.505,-101.231,5.599,3.628,-3.517,-1.127,-5.507,0.505,-0.23,-6.79,-6.37,4.12,-0.92,-0.11,-1.421,-0.939,0.95,0.311,1.391,-0.174,
2026-01-26 04:39:53.713,place_to_retreat_unloader,808.792,-443.825,2239.909,44.521,88.847,134.336,-24.801,2.711,-83.581,-84.955,-65.867,-101.198,5.118,3.317,-3.215,-1.031,-5.034,0.461,-0.14,-6.67,-6.32,4.35,-0.84,0.03,-1.581,-1.04,1.044,0.34,1.548,-0.184,
2026-01-26 04:39:53.814,place_to_retreat_unloader,808.31,-438.166,2239.863,44.518,88.852,134.334,-24.482,2.918,-83.781,-85.019,-66.18,-101.169,4.634,3.003,-2.911,-0.933,-4.558,0.418,-0.19,-6.75,-6.39,4.33,-0.84,0.08,-1.917,-1.257,1.25,0.406,1.88,-0.21,
2026-01-26 04:39:53.917,place_to_retreat_unloader,807.831,-432.951,2239.812,44.512,88.857,134.327,-24.188,3.108,-83.966,-85.078,-66.47,-101.143,4.211,2.729,-2.645,-0.848,-4.142,0.379,-0.16,-6.71,-6.32,4.3,-0.86,0.01,-1.967,-1.287,1.277,0.414,1.929,-0.211,
2026-01-26 04:39:54.018,place_to_retreat_unloader,807.391,-428.45,2239.761,44.504,88.862,134.319,-23.934,3.273,-84.126,-85.13,-66.72,-101.12,3.795,2.459,-2.383,-0.764,-3.733,0.342,-0.17,-6.68,-6.35,4.34,-0.93,-0.03,-2.166,-1.415,1.398,0.452,2.125,-0.225,
2026-01-26 04:39:54.120,place_to_retreat_unloader,806.963,-424.299,2239.708,44.493,88.867,134.308,-23.698,3.426,-84.273,-85.177,-66.951,-101.099,3.434,2.225,-2.157,-0.691,-3.378,0.309,-0.06,-6.76,-6.31,4.32,-0.86,-0.04,-2.142,-1.399,1.379,0.446,2.103,-0.22,
2026-01-26 04:39:54.220,place_to_retreat_unloader,806.577,-420.715,2239.658,44.482,88.871,134.297,-23.495,3.558,-84.401,-85.218,-67.152,-101.081,3.085,1.999,-1.937,-0.621,-3.034,0.278,-0.16,-6.63,-6.21,4.33,-0.92,-0.07,-2.244,-1.464,1.44,0.465,2.204,-0.227,
2026-01-26 04:39:54.322,place_to_retreat_unloader,806.218,-417.51,2239.61,44.471,88.876,134.285,-23.312,3.676,-84.516,-85.255,-67.331,-101.064,2.77,1.795,-1.739,-0.558,-2.724,0.249,-0.13,-6.66,-6.12,4.33,-0.81,0.05,-2.232,-1.455,1.429,0.461,2.192,-0.223,
2026-01-26 04:39:54.423,place_to_retreat_unloader,805.875,-414.553,2239.563,44.459,88.879,134.273,-23.144,3.785,-84.622,-85.289,-67.497,-101.049,2.499,1.619,-1.569,-0.503,-2.458,0.225,-0.13,-6.74,-6.18,4.36,-0.81,-0.04,-2.147,-1.399,1.373,0.443,2.108,-0.213,
2026-01-26 04:39:54.525,place_to_retreat_unloader,805.561,-411.917,2239.518,44.446,88.883,134.261,-22.993,3.883,-84.716,-85.319,-67.645,-101.035,2.251,1.458,-1.413,-0.453,-2.214,0.203,-0.13,-6.62,-6.07,4.31,-0.86,-0.07,-2.113,-1.376,1.349,0.435,2.076,-0.208,
2026-01-26 04:39:54.627,place_to_retreat_unloader,805.273,-409.568,2239.477,44.435,88.886,134.249,-22.859,3.97,-84.801,-85.346,-67.777,-101.023,2.024,1.311,-1.271,-0.407,-1.991,0.182,-0.11,-6.64,-6.05,4.35,-0.92,-0.05,-2.063,-1.343,1.316,0.424,2.027,-0.202,
2026-01-26 04:39:54.730,place_to_retreat_unloader,805.003,-407.409,2239.437,44.423,88.889,134.237,-22.735,4.05,-84.878,-85.371,-67.899,-101.012,1.827,1.184,-1.147,-0.368,-1.797,0.164,-0.02,-6.67,-6.13,4.33,-0.84,-0.0,-1.964,-1.279,1.252,0.403,1.93,-0.191,
2026-01-26 04:39:54.831,place_to_retreat_unloader,804.772,-405.605,2239.403,44.412,88.892,134.226,-22.632,4.117,-84.943,-85.392,-68.001,-101.003,1.629,1.055,-1.023,-0.328,-1.602,0.147,-0.01,-6.66,-6.15,4.38,-0.84,-0.03,-1.97,-1.281,1.253,0.403,1.935,-0.19,
2026-01-26 04:39:54.933,place_to_retreat_unloader,804.556,-403.94,2239.37,44.402,88.894,134.216,-22.536,4.179,-85.003,-85.411,-68.095,-100.994,1.461,0.946,-0.917,-0.294,-1.437,0.131,-0.03,-6.73,-6.17,4.29,-0.88,-0.05,-1.851,-1.204,1.177,0.379,1.819,-0.178,waypoint
2026-01-26 04:39:55.034,place_to_retreat_unloader,807.467,-357.63,2211.521,17.851,88.033,107.744,-19.606,5.829,-88.48,-85.445,-70.941,-99.039,8.421,4.835,-9.379,-0.306,-8.194,4.986,-0.24,-6.68,-5.84,4.17,-0.76,0.04,26.68,14.799,-33.105,0.192,-25.889,19.302,
2026-01-26 04:39:55.136,place_to_retreat_unloader,807.252,-315.151,2184.997,10.562,87.23,100.487,-16.896,7.354,-91.706,-85.473,-73.574,-97.212,13.091,7.438,-15.1,-0.299,-12.728,8.307,-0.41,-6.75,-5.59,4.19,-0.61,0.03,21.809,12.063,-27.291,0.236,-21.161,16.094,
2026-01-26 04:39:55.237,place_to_retreat_unloader,804.066,-271.795,2157.015,7.803,86.531,97.726,-14.095,8.929,-95.04,-85.502,-76.295,-95.324,16.82,9.518,-19.661,-0.296,-16.348,10.951,-0.6,-6.75,-5.44,4.21,-0.53,-0.0,20.537,11.368,-25.645,0.203,-19.928,15.097,
2026-01-26 04:39:55.338,place_to_retreat_unloader,797.619,-227.471,2127.289,6.945,85.974,96.835,-11.178,10.571,-98.513,-85.532,-79.129,-93.357,19.908,11.242,-23.428,-0.297,-19.347,13.13,-0.58,-6.9,-5.3,4.22,-0.41,-0.08,19.648,10.887,-24.467,0.171,-19.067,14.372,
2026-01-26 04:39:55.439,place_to_retreat_unloader,789.208,-188.678,2100.179,7.053,85.633,96.897,-8.564,12.041,-101.625,-85.559,-81.669,-91.595,21.466,12.108,-25.351,-0.29,-20.859,14.253,-0.72,-6.8,-5.21,4.33,-0.35,-0.06,14.65,8.091,-18.408,0.185,-14.213,10.889,
2026-01-26 04:39:55.540,place_to_retreat_unloader,779.628,-154.807,2075.527,7.585,85.457,97.379,-6.222,13.359,-104.413,-85.583,-83.944,-90.016,21.955,12.375,-25.984,-0.278,-21.333,14.637,-0.73,-6.89,-4.92,4.31,-0.19,0.03,10.466,5.753,-13.331,0.194,-10.151,7.967,
2026-01-26 04:39:55.643,place_to_retreat_unloader,769.46,-125.271,2053.162,8.322,85.404,98.07,-4.123,14.54,-106.912,-85.604,-85.983,-88.602,21.712,12.233,-25.734,-0.262,-21.097,14.514,-0.82,-6.74,-4.8,4.56,-0.16,-0.14,6.984,3.807,-9.099,0.2,-6.77,5.528,
2026-01-26 04:39:55.743,place_to_retreat_unloader,759.125,-99.529,2032.911,9.164,85.441,98.871,-2.243,15.597,-109.15,-85.624,-87.81,-87.334,20.985,11.819,-24.897,-0.245,-20.389,14.054,-0.9,-6.74,-4.53,4.57,-0.07,-0.08,4.104,2.199,-5.591,0.202,-3.972,3.503,
2026-01-26 04:39:55.846,place_to_retreat_unloader,748.917,-77.092,2014.604,10.06,85.542,99.734,-0.558,16.545,-111.156,-85.641,-89.447,-86.199,19.951,11.234,-23.687,-0.227,-19.384,13.38,-0.81,-6.71,-4.55,4.6,0.04,-0.12,1.738,0.879,-2.704,0.202,-1.675,1.835,
2026-01-26 04:39:55.947,place_to_retreat_unloader,738.715,-56.917,1997.552,11.016,85.692,100.664,0.999,17.421,-113.01,-85.657,-90.96,-85.149,18.856,10.616,-22.4,-0.21,-18.32,12.659,-0.78,-6.64,-4.35,4.74,0.07,-0.01,0.287,0.073,-0.914,0.195,-0.267,0.79,
2026-01-26 04:39:56.048,place_to_retreat_unloader,729.311,-39.916,1982.695,11.958,85.867,101.589,2.347,18.18,-114.614,-85.671,-92.269,-84.241,17.511,9.857,-20.811,-0.192,-17.013,11.765,-0.83,-6.63,-4.16,4.76,0.17,-0.01,-1.836,-1.113,1.671,0.197,1.794,-0.701,
2026-01-26 04:39:56.152,place_to_retreat_unloader,720.162,-24.598,1968.885,12.942,86.063,102.562,3.592,18.88,-116.097,-85.684,-93.479,-83.401,16.247,9.145,-19.315,-0.176,-15.785,10.922,-0.79,-6.53,-4.05,4.78,0.24,-0.09,-2.674,-1.576,2.72,0.188,2.607,-1.319,
2026-01-26 04:39:56.253,place_to_retreat_unloader,711.902,-11.659,1956.874,13.904,86.262,103.518,4.67,19.487,-117.38,-85.695,-94.526,-82.675,14.88,8.375,-17.695,-0.16,-14.457,10.008,-0.85,-6.53,-3.85,4.75,0.28,-0.06,-4.082,-2.361,4.443,0.186,3.974,-2.317,
2026-01-26 04:39:56.357,place_to_retreat_unloader,703.993,0.03,1945.725,14.907,86.467,104.52,5.667,20.047,-118.567,-85.705,-95.494,-82.003,13.651,7.682,-16.236,-0.146,-13.263,9.184,-0.76,-6.53,-3.83,4.78,0.29,0.02,-4.49,-2.585,4.971,0.176,4.37,-2.636,
2026-01-26 04:39:56.461,place_to_retreat_unloader,696.717,10.24,1935.734,15.919,86.669,105.536,6.556,20.548,-119.625,-85.714,-96.358,-81.404,12.462,7.013,-14.824,-0.132,-12.107,8.387,-0.77,-6.41,-3.65,4.89,0.45,0.05,-5.11,-2.927,5.746,0.169,4.971,-3.093,
2026-01-26 04:39:56.562,place_to_retreat_unloader,690.26,18.902,1927.059,16.91,86.858,106.532,7.326,20.981,-120.542,-85.722,-97.106,-80.885,11.271,6.342,-13.409,-0.119,-10.95,7.587,-0.67,-6.34,-3.63,4.92,0.47,-0.06,-5.795,-3.308,6.596,0.165,5.637,-3.59,
2026-01-26 04:39:56.663,place_to_retreat_unloader,684.541,26.285,1919.511,17.878,87.031,107.507,7.994,21.357,-121.337,-85.729,-97.755,-80.435,10.123,5.696,-12.045,-0.106,-9.835,6.815,-0.7,-6.39,-3.5,4.91,0.56,-0.1,-6.234,-3.55,7.149,0.159,6.062,-3.917,
2026-01-26 04:39:56.764,place_to_retreat_unloader,678.963,33.238,1912.264,18.925,87.206,108.563,8.634,21.717,-122.099,-85.735,-98.377,-80.004,9.192,5.172,-10.938,-0.096,-8.93,6.189,-0.65,-6.4,-3.4,4.91,0.7,-0.0,-5.892,-3.353,6.769,0.146,5.73,-3.716,
2026-01-26 04:39:56.869,place_to_retreat_unloader,674.215,38.976,1906.176,19.914,87.359,109.561,9.17,22.018,-122.737,-85.741,-98.898,-79.643,8.235,4.633,-9.8,-0.086,-8.0,5.545,-0.53,-6.33,-3.42,4.82,0.74,-0.09,-6.339,-3.601,7.325,0.142,6.163,-4.042,
2026-01-26 04:39:56.971,place_to_retreat_unloader,669.747,44.23,1900.512,20.946,87.506,110.603,9.668,22.298,-123.33,-85.746,-99.381,-79.307,7.421,4.175,-8.832,-0.077,-7.21,4.998,-0.54,-6.4,-3.32,4.83,0.76,-0.0,-6.087,-3.456,7.048,0.132,5.918,-3.896,
2026-01-26 04:39:57.071,place_to_retreat_unloader,665.825,48.73,1895.589,21.951,87.637,111.618,10.1,22.542,-123.844,-85.751,-99.801,-79.016,6.646,3.739,-7.91,-0.069,-6.457,4.476,-0.46,-6.37,-3.05,4.92,0.83,-0.06,-6.138,-3.481,7.127,0.125,5.966,-3.95,
2026-01-26 04:39:57.173,place_to_retreat_unloader,662.03,52.989,1890.867,23.029,87.766,112.706,10.514,22.774,-124.337,-85.755,-100.203,-78.737,6.019,3.387,-7.164,-0.062,-5.848,4.054,-0.37,-6.34,-3.2,4.79,0.81,0.01,-5.706,-3.235,6.631,0.115,5.547,-3.678,
2026-01-26 04:39:57.274,place_to_retreat_unloader,658.611,56.748,1886.645,24.108,87.884,113.796,10.883,22.982,-124.777,-85.759,-100.562,-78.488,5.438,3.06,-6.473,-0.056,-5.283,3.663,-0.38,-6.31,-3.14,4.75,0.87,0.01,-5.579,-3.162,6.497,0.108,5.423,-3.609,
2026-01-26 04:39:57.377,place_to_retreat_unloader,655.534,60.07,1882.872,25.183,87.991,114.881,11.213,23.168,-125.17,-85.762,-100.883,-78.266,4.903,2.759,-5.836,-0.051,-4.764,3.303,-0.37,-6.25,-3.09,4.85,0.9,0.03,-5.418,-3.068,6.319,0.101,5.266,-3.515,
2026-01-26 04:39:57.479,place_to_retreat_unloader,652.852,62.918,1879.603,26.216,88.085,115.923,11.499,23.328,-125.51,-85.765,-101.16,-78.074,4.391,2.471,-5.227,-0.045,-4.266,2.958,-0.35,-6.39,-3.01,4.78,0.93,-0.02,-5.32,-3.011,6.215,0.095,5.171,-3.463,
2026-01-26 04:39:57.581,place_to_retreat_unloader,650.435,65.449,1876.671,27.235,88.17,116.951,11.755,23.472,-125.814,-85.768,-101.409,-77.902,3.933,2.213,-4.682,-0.041,-3.821,2.649,-0.37,-6.28,-3.02,4.74,1.0,-0.02,-5.085,-2.877,5.947,0.089,4.942,-3.317,
2026-01-26 04:39:57.684,place_to_retreat_unloader,648.258,67.701,1874.042,28.237,88.247,117.96,11.984,23.601,-126.087,-85.77,-101.631,-77.747,3.523,1.982,-4.193,-0.036,-3.422,2.373,-0.33,-6.32,-3.0,4.73,0.99,-0.02,-4.842,-2.739,5.669,0.083,4.706,-3.164,
2026-01-26 04:39:57.785,place_to_retreat_unloader,646.237,69.767,1871.61,29.248,88.319,118.979,12.196,23.721,-126.339,-85.772,-101.837,-77.605,3.172,1.784,-3.776,-0.033,-3.081,2.136,-0.25,-6.25,-2.98,4.78,0.96,0.0,-4.532,-2.563,5.309,0.076,4.404,-2.965,
2026-01-26 04:39:57.885,place_to_retreat_unloader,644.424,71.6,1869.438,30.23,88.383,119.969,12.385,23.827,-126.564,-85.774,-102.021,-77.477,2.852,1.604,-3.395,-0.029,-2.77,1.921,-0.27,-6.29,-2.94,4.76,1.0,-0.1,-4.306,-2.434,5.049,0.071,4.185,-2.821,
2026-01-26 04:39:57.986,place_to_retreat_unloader,642.8,73.228,1867.497,31.179,88.441,120.924,12.554,23.922,-126.765,-85.776,-102.185,-77.363,2.561,1.441,-3.048,-0.026,-2.488,1.725,-0.2,-6.34,-2.92,4.79,1.04,0.01,-4.078,-2.305,4.785,0.066,3.963,-2.676,
2026-01-26 04:39:58.087,place_to_retreat_unloader,641.346,74.673,1865.764,32.091,88.492,121.842,12.704,24.007,-126.945,-85.777,-102.331,-77.262,2.297,1.292,-2.735,-0.024,-2.232,1.547,-0.2,-6.35,-2.87,4.77,1.13,-0.09,-3.851,-2.176,4.522,0.061,3.743,-2.53,
2026-01-26 04:39:58.188,place_to_retreat_unloader,640.004,75.997,1864.169,32.989,88.54,122.746,12.843,24.085,-127.11,-85.779,-102.466,-77.169,2.07,1.164,-2.464,-0.021,-2.011,1.394,-0.3,-6.25,-2.8,4.74,1.04,-0.04,-3.587,-2.027,4.214,0.056,3.486,-2.359,
2026-01-26 04:39:58.289,place_to_retreat_unloader,638.843,77.134,1862.791,33.815,88.581,123.577,12.963,24.152,-127.252,-85.78,-102.582,-77.088,1.851,1.042,-2.204,-0.019,-1.799,1.247,-0.2,-6.29,-2.92,4.65,1.13,-0.06,-3.418,-1.931,4.018,0.053,3.322,-2.251,
2026-01-26 04:39:58.392,place_to_retreat_unloader,637.772,78.177,1861.524,34.621,88.619,124.387,13.073,24.214,-127.383,-85.781,-102.689,-77.014,1.664,0.936,-1.981,-0.017,-1.616,1.121,-0.17,-6.23,-2.89,4.62,1.15,-0.04,-3.172,-1.792,3.731,0.048,3.083,-2.09,
2026-01-26 04:39:58.494,place_to_retreat_unloader,636.874,79.047,1860.463,35.331,88.65,125.102,13.165,24.266,-127.493,-85.782,-102.779,-76.952,1.478,0.832,-1.76,-0.015,-1.436,0.996,-0.13,-6.27,-2.83,4.63,1.14,-0.05,-3.034,-1.713,3.571,0.045,2.949,-2.002,
2026-01-26 04:39:58.594,place_to_retreat_unloader,636.068,79.824,1859.511,35.998,88.679,125.772,13.247,24.312,-127.591,-85.783,-102.859,-76.896,1.315,0.74,-1.566,-0.014,-1.278,0.886,-0.17,-6.34,-2.8,4.7,1.0,-0.01,-2.827,-1.596,3.328,0.042,2.747,-1.866,waypoint
2026-01-26 04:39:58.697,retreat_unloader_to_end,636.269,97.24,1853.745,-132.667,88.882,-39.666,14.8,24.221,-128.102,-87.88,-101.639,-75.16,4.867,0.328,-2.449,-5.254,2.091,5.004,5.34,-7.29,-5.72,1.51,4.82,0.23,12.152,-2.808,-1.123,-20.929,15.472,15.124,
2026-01-26 04:39:58.800,retreat_unloader_to_end,632.23,185.237,1827.77,-142.671,77.909,-32.285,22.338,23.591,-130.316,-98.475,-95.182,-66.474,22.496,-1.33,-7.373,-30.427,17.711,25.468,0.97,-7.37,-4.48,3.0,3.79,0.19,70.798,-7.926,-18.052,-103.807,66.296,83.11,
2026-01-26 04:39:58.902,retreat_unloader_to_end,616.847,263.891,1804.315,-147.511,70.323,-20.689,28.867,23.045,-132.234,-107.652,-89.589,-58.95,33.195,-2.363,-10.324,-45.762,27.265,37.913,-2.09,-7.77,-3.44,4.0,3.03,0.04,53.63,-6.29,-13.283,-79.249,51.026,63.19,
2026-01-26 04:39:59.005,retreat_unloader_to_end,591.953,336.717,1781.381,-152.234,65.112,-9.283,34.902,22.54,-134.006,-116.133,-84.42,-51.995,39.983,-3.035,-12.174,-55.525,33.371,45.821,-4.04,-7.92,-2.79,4.48,2.33,-0.04,43.319,-5.247,-10.501,-64.369,41.685,51.166,
2026-01-26 04:39:59.105,retreat_unloader_to_end,561.812,398.316,1760.291,-156.47,62.112,0.96,40.125,22.103,-135.54,-123.474,-79.947,-45.976,43.045,-3.368,-12.966,-59.995,36.213,49.413,-5.15,-8.37,-2.33,4.83,1.86,-0.06,30.87,-4.043,-7.067,-46.524,30.564,36.693,
2026-01-26 04:39:59.206,retreat_unloader_to_end,528.04,451.192,1740.279,-160.291,60.659,10.33,44.805,21.712,-136.915,-130.051,-75.938,-40.584,43.983,-3.505,-13.161,-61.44,37.181,50.541,-5.64,-8.62,-2.27,4.85,1.67,0.1,22.351,-3.184,-4.765,-34.238,22.855,26.763,
2026-01-26 04:39:59.308,retreat_unloader_to_end,493.716,494.476,1722.003,-163.552,60.348,18.538,48.865,21.372,-138.107,-135.758,-72.46,-35.905,43.139,-3.478,-12.852,-60.347,36.581,49.604,-5.72,-8.79,-2.25,-2.63,1.57,-0.03,13.925,-2.348,-2.47,-22.113,15.267,16.951,
2026-01-26 04:39:59.411,retreat_unloader_to_end,456.711,533.03,1703.684,-166.564,60.862,26.415,52.755,21.046,-139.25,-141.225,-69.128,-31.423,42.078,-3.422,-12.496,-58.927,35.765,48.407,-5.59,-9.05,-2.42,-13.55,1.63,-0.07,10.822,-1.97,-1.72,-17.497,12.275,13.283,
2026-01-26 04:39:59.512,retreat_unloader_to_end,420.526,564.59,1686.663,-169.112,61.966,33.424,56.227,20.756,-140.27,-146.105,-66.154,-27.422,40.239,-3.293,-11.921,-56.396,34.26,46.308,-5.21,-9.2,-2.85,-26.44,1.76,0.01,5.567,-1.424,-0.323,-9.884,7.474,7.146,
2026-01-26 04:39:59.614,retreat_unloader_to_end,387.037,589.435,1671.438,-171.174,63.389,39.456,59.232,20.505,-141.153,-150.329,-63.58,-23.959,37.693,-3.098,-11.148,-52.857,32.13,43.387,-4.75,-9.23,-3.15,-40.42,1.92,-0.03,0.34,-0.891,1.081,-2.331,2.726,1.048,
2026-01-26 04:39:59.714,retreat_unloader_to_end,355.505,609.564,1657.426,-172.885,65.011,44.825,61.925,20.279,-141.944,-154.114,-61.273,-20.857,35.002,-2.887,-10.338,-49.104,29.864,40.297,-4.42,-9.45,-3.59,-54.62,2.13,-0.09,-2.819,-0.54,1.891,2.294,-0.224,-2.658,
2026-01-26 04:39:59.816,retreat_unloader_to_end,325.239,626.253,1644.183,-174.331,66.783,49.757,64.414,20.071,-142.675,-157.611,-59.141,-17.989,32.473,-2.685,-9.581,-45.572,27.728,37.391,-3.95,-9.49,-4.04,-69.31,2.36,-0.05,-4.578,-0.316,2.301,4.933,-1.95,-4.745,
2026-01-26 04:39:59.917,retreat_unloader_to_end,298.288,639.139,1632.508,-175.461,68.515,54.007,66.568,19.891,-143.307,-160.639,-57.296,-15.508,29.74,-2.464,-8.768,-41.748,25.408,34.247,-3.52,-9.52,-4.31,-83.37,2.62,-0.05,-7.468,-0.004,3.054,9.144,-4.622,-8.128,
2026-01-26 04:40:00.018,retreat_unloader_to_end,273.633,649.412,1621.893,-176.363,70.213,57.808,68.498,19.73,-143.874,-163.351,-55.643,-13.285,27.13,-2.252,-7.993,-38.092,23.189,31.243,-3.19,-9.59,-4.76,-97.1,2.84,-0.08,-8.961,0.184,3.407,11.378,-6.078,-9.896,
2026-01-26 04:40:00.121,retreat_unloader_to_end,251.198,657.569,1612.267,-177.068,71.844,61.218,70.227,19.585,-144.382,-165.782,-54.162,-11.293,24.67,-2.051,-7.265,-34.645,21.095,28.413,-2.69,-9.63,-4.95,-110.16,3.04,-0.05,-10.072,0.333,3.656,13.061,-7.19,-11.219,
2026-01-26 04:40:00.224,retreat_unloader_to_end,230.227,664.21,1603.283,-177.618,73.438,64.386,71.825,19.451,-144.851,-168.028,-52.793,-9.451,22.498,-1.872,-6.622,-31.599,19.244,25.912,-2.4,-9.64,-5.41,-122.46,3.33,-0.05,-10.375,0.41,3.675,13.597,-7.593,-11.608,
2026-01-26 04:40:00.325,retreat_unloader_to_end,211.928,669.254,1595.444,-177.998,74.881,67.155,73.209,19.335,-145.258,-169.972,-51.608,-7.858,20.332,-1.693,-5.982,-28.56,17.395,23.418,-2.12,-9.7,-5.66,-134.04,3.56,0.04,-11.487,0.548,3.939,15.258,-8.675,-12.924,
2026-01-26 04:40:00.427,retreat_unloader_to_end,195.963,673.096,1588.6,-178.241,76.177,69.594,74.409,19.235,-145.61,-171.659,-50.58,-6.476,18.25,-1.521,-5.368,-25.637,15.616,21.02,-1.97,-9.7,-5.81,-144.74,3.62,-0.13,-12.169,0.647,4.083,16.305,-9.375,-13.74,
2026-01-26 04:40:00.530,retreat_unloader_to_end,182.5,675.939,1582.821,-178.368,77.296,71.682,75.417,19.151,-145.907,-173.076,-49.716,-5.314,16.209,-1.352,-4.767,-22.772,13.872,18.669,-1.73,-9.78,-6.04,-154.45,3.78,-0.09,-12.869,0.742,4.237,17.368,-10.08,-14.574,
2026-01-26 04:40:00.630,retreat_unloader_to_end,168.991,678.431,1577.012,-178.407,78.443,73.825,76.427,19.066,-146.203,-174.496,-48.851,-4.151,14.681,-1.225,-4.316,-20.627,12.566,16.909,-1.47,-9.68,-6.28,-163.56,3.95,-0.14,-11.57,0.667,3.81,15.615,-9.062,-13.104,
2026-01-26 04:40:00.732,retreat_unloader_to_end,156.869,680.364,1571.79,-178.347,79.491,75.811,77.332,18.991,-146.469,-175.767,-48.076,-3.109,13.272,-1.108,-3.902,-18.649,11.362,15.287,-1.26,-9.72,-6.37,-171.78,4.0,-0.12,-11.463,0.688,3.738,15.529,-9.055,-13.003,
2026-01-26 04:40:00.835,retreat_unloader_to_end,146.001,681.854,1567.097,-178.195,80.447,77.665,78.143,18.923,-146.707,-176.906,-47.382,-2.175,11.981,-1.0,-3.522,-16.835,10.258,13.799,-1.14,-9.64,-6.57,-179.46,4.11,-0.11,-11.258,0.698,3.64,15.299,-8.955,-12.787,
2026-01-26 04:40:00.936,retreat_unloader_to_end,136.263,682.995,1562.882,-177.956,81.315,79.409,78.869,18.862,-146.92,-177.927,-46.76,-1.339,10.801,-0.902,-3.174,-15.178,9.249,12.441,-0.95,-9.67,-6.71,-186.49,4.23,-0.05,-10.975,0.699,3.524,14.954,-8.782,-12.479,
2026-01-26 04:40:01.038,retreat_unloader_to_end,127.267,683.886,1558.98,-177.621,82.126,81.119,79.54,18.806,-147.118,-178.871,-46.185,-0.566,9.779,-0.817,-2.874,-13.742,8.374,11.263,-0.89,-9.77,-6.75,-192.72,4.34,-0.06,-10.428,0.675,3.333,14.232,-8.375,-11.866,
2026-01-26 04:40:01.138,retreat_unloader_to_end,119.242,684.551,1555.491,-177.199,82.858,82.755,80.139,18.756,-147.294,-179.713,-45.671,0.125,8.833,-0.738,-2.595,-12.413,7.564,10.173,-0.69,-9.75,-6.85,-198.54,4.44,-0.06,-10.105,0.668,3.211,13.821,-8.155,-11.508,
2026-01-26 04:40:01.239,retreat_unloader_to_end,112.303,685.026,1552.468,-176.71,83.496,84.285,80.658,18.712,-147.446,-180.442,-45.227,0.722,7.921,-0.662,-2.327,-11.132,6.784,9.123,-0.63,-9.79,-6.8,-203.89,4.44,-0.02,-9.901,0.668,3.127,13.572,-8.03,-11.286,
2026-01-26 04:40:01.339,retreat_unloader_to_end,106.288,685.363,1549.842,-176.162,84.054,85.728,81.108,18.675,-147.578,-181.075,-44.841,1.24,7.066,-0.591,-2.076,-9.93,6.051,8.138,-0.63,-9.77,-6.99,-208.62,4.56,-0.07,-9.597,0.659,3.016,13.179,-7.814,-10.948,
2026-01-26 04:40:01.442,retreat_unloader_to_end,100.357,685.628,1547.249,-175.473,84.607,87.294,81.552,18.638,-147.709,-181.699,-44.461,1.752,6.41,-0.536,-1.883,-9.009,5.49,7.382,-0.47,-9.78,-7.02,-212.92,4.54,0.02,-8.696,0.598,2.731,11.943,-7.083,-9.921,
2026-01-26 04:40:01.544,retreat_unloader_to_end,95.244,685.802,1545.008,-174.722,85.086,88.797,81.936,18.605,-147.821,-182.238,-44.132,2.193,5.766,-0.482,-1.694,-8.104,4.938,6.64,-0.44,-9.83,-7.01,-216.97,4.52,-0.11,-8.434,0.589,2.637,11.603,-6.895,-9.628,
2026-01-26 04:40:01.646,retreat_unloader_to_end,90.685,685.915,1543.007,-173.888,85.514,90.297,82.278,18.577,-147.922,-182.719,-43.839,2.587,5.18,-0.433,-1.522,-7.281,4.437,5.966,-0.36,-9.75,-7.08,-220.54,4.65,-0.14,-8.002,0.564,2.494,11.021,-6.558,-9.139,
2026-01-26 04:40:01.749,retreat_unloader_to_end,86.619,685.982,1541.22,-172.973,85.898,91.804,82.584,18.551,-148.011,-183.148,-43.578,2.939,4.649,-0.389,-1.366,-6.534,3.982,5.354,-0.41,-9.79,-7.07,-223.61,4.65,-0.09,-7.569,0.539,2.352,10.435,-6.217,-8.648,
2026-01-26 04:40:01.851,retreat_unloader_to_end,82.993,686.015,1539.624,-171.979,86.24,93.323,82.857,18.528,-148.092,-183.532,-43.344,3.253,4.169,-0.349,-1.225,-5.859,3.571,4.801,-0.41,-9.8,-7.13,-226.51,4.64,-0.05,-7.14,0.512,2.213,9.852,-5.876,-8.161,
2026-01-26 04:40:01.954,retreat_unloader_to_end,79.759,686.024,1538.199,-170.908,86.545,94.861,83.1,18.508,-148.163,-183.874,-43.135,3.534,3.736,-0.312,-1.097,-5.25,3.2,4.302,-0.33,-9.75,-7.12,-229.13,4.7,-0.07,-6.718,0.486,2.078,9.278,-5.539,-7.682,
2026-01-26 04:40:02.056,retreat_unloader_to_end,76.787,686.014,1536.887,-169.726,86.825,96.47,83.324,18.489,-148.229,-184.189,-42.943,3.792,3.362,-0.281,-0.988,-4.725,2.88,3.871,-0.22,-9.78,-7.01,-231.5,4.66,0.03,-6.242,0.453,1.928,8.624,-5.152,-7.138,
2026-01-26 04:40:02.160,retreat_unloader_to_end,74.146,685.99,1535.721,-168.472,87.074,98.104,83.523,18.473,-148.288,-184.469,-42.773,4.021,3.02,-0.253,-0.887,-4.244,2.586,3.477,-0.21,-9.75,-7.12,-233.72,4.76,-0.08,-5.865,0.429,1.807,8.11,-4.849,-6.71,
2026-01-26 04:40:02.262,retreat_unloader_to_end,71.938,685.96,1534.744,-167.235,87.281,99.656,83.69,18.459,-148.336,-184.704,-42.63,4.213,2.682,-0.224,-0.788,-3.769,2.297,3.088,-0.11,-9.75,-7.17,-235.47,4.82,0.03,-5.604,0.413,1.722,7.756,-4.643,-6.413,
2026-01-26 04:40:02.362,retreat_unloader_to_end,69.96,685.926,1533.869,-165.948,87.465,101.226,83.84,18.446,-148.38,-184.914,-42.502,4.385,2.385,-0.199,-0.701,-3.352,2.043,2.746,-0.17,-9.83,-7.11,-237.25,4.74,-0.07,-5.217,0.386,1.601,7.224,-4.327,-5.971,
2026-01-26 04:40:02.462,retreat_unloader_to_end,68.246,685.89,1533.11,-164.662,87.624,102.756,83.969,18.435,-148.418,-185.096,-42.391,4.534,2.113,-0.177,-0.621,-2.969,1.81,2.432,-0.06,-9.85,-7.1,-238.69,4.79,-0.11,-4.893,0.364,1.499,6.78,-4.064,-5.602,
2026-01-26 04:40:02.563,retreat_unloader_to_end,66.705,685.852,1532.427,-163.343,87.767,104.293,84.086,18.426,-148.453,-185.26,-42.291,4.669,1.876,-0.157,-0.551,-2.637,1.607,2.16,-0.12,-9.83,-7.11,-240.04,4.81,0.02,-4.534,0.339,1.387,6.285,-3.769,-5.192,
2026-01-26 04:40:02.664,retreat_unloader_to_end,65.275,685.814,1531.793,-161.955,87.897,105.885,84.194,18.417,-148.485,-185.412,-42.198,4.793,1.678,-0.14,-0.493,-2.358,1.437,1.932,-0.11,-9.87,-7.11,-241.36,4.8,-0.02,-4.164,0.312,1.273,5.774,-3.463,-4.769,
2026-01-26 04:40:02.765,retreat_unloader_to_end,63.994,685.776,1531.225,-160.551,88.014,107.47,84.291,18.408,-148.513,-185.548,-42.115,4.905,1.501,-0.126,-0.441,-2.109,1.286,1.728,-0.12,-9.74,-7.08,-242.4,4.81,0.03,-3.86,0.29,1.179,5.354,-3.214,-4.421,
2026-01-26 04:40:02.865,retreat_unloader_to_end,62.847,685.739,1530.715,-159.143,88.117,109.041,84.378,18.401,-148.539,-185.671,-42.04,5.005,1.343,-0.112,-0.394,-1.888,1.15,1.546,-0.15,-9.86,-7.21,-243.29,4.81,-0.09,-3.575,0.269,1.091,4.961,-2.979,-4.095,
2026-01-26 04:40:02.967,retreat_unloader_to_end,61.819,685.704,1530.259,-157.742,88.208,110.588,84.456,18.395,-148.561,-185.78,-41.974,5.095,1.202,-0.101,-0.353,-1.689,1.03,1.384,0.02,-9.8,-7.22,-244.25,4.75,-0.07,-3.308,0.25,1.008,4.592,-2.758,-3.79,
2026-01-26 04:40:03.069,retreat_unloader_to_end,60.87,685.67,1529.837,-156.311,88.291,112.153,84.528,18.389,-148.583,-185.881,-41.912,5.177,1.081,-0.09,-0.318,-1.52,0.926,1.245,-0.07,-9.83,-7.18,-244.88,4.79,-0.06,-3.036,0.23,0.925,4.216,-2.533,-3.479,waypoint
2026-01-26 04:40:03.171,home_end,60.075,685.64,1529.484,-154.998,88.36,113.578,84.588,18.384,-148.6,-185.966,-41.86,5.247,0.962,-0.08,-0.283,-1.352,0.824,1.107,-0.06,-9.89,-7.12,-245.66,4.83,-0.01,-2.849,0.217,0.866,3.958,-2.379,-3.265,
2026-01-26 04:40:03.271,home_end,59.313,685.61,1529.145,-153.63,88.426,115.053,84.646,18.379,-148.617,-186.047,-41.811,5.313,0.866,-0.072,-0.254,-1.217,0.742,0.997,-0.12,-9.83,-7.17,-246.35,4.81,-0.03,-2.59,0.197,0.787,3.598,-2.163,-2.968,
2026-01-26 04:40:03.372,home_end,58.634,685.582,1528.843,-152.309,88.483,116.47,84.698,18.374,-148.632,-186.12,-41.767,5.373,0.778,-0.065,-0.229,-1.094,0.667,0.896,-0.12,-9.8,-7.11,-246.83,4.86,-0.09,-2.393,0.183,0.727,3.325,-2.0,-2.743,
2026-01-26 04:40:03.474,home_end,58.046,685.557,1528.581,-151.082,88.532,117.78,84.742,18.371,-148.646,-186.183,-41.728,5.424,0.695,-0.058,-0.204,-0.978,0.596,0.8,-0.12,-9.88,-7.07,-247.38,4.84,-0.02,-2.223,0.17,0.674,3.09,-1.859,-2.548,
2026-01-26 04:40:03.576,home_end,57.502,685.534,1528.34,-149.871,88.577,119.067,84.784,18.367,-148.658,-186.241,-41.693,5.472,0.625,-0.052,-0.184,-0.878,0.535,0.719,-0.09,-9.74,-7.2,-247.73,4.86,-0.05,-2.034,0.156,0.617,2.829,-1.703,-2.332,
2026-01-26 04:40:03.679,home_end,57.003,685.512,1528.117,-148.688,88.618,120.321,84.822,18.364,-148.669,-186.294,-41.661,5.515,0.564,-0.047,-0.166,-0.792,0.483,0.649,-0.06,-9.79,-7.26,-248.24,4.82,0.06,-1.864,0.143,0.565,2.592,-1.561,-2.137,
2026-01-26 04:40:03.781,home_end,56.571,685.493,1527.925,-147.609,88.652,121.461,84.854,18.361,-148.678,-186.34,-41.632,5.553,0.505,-0.042,-0.148,-0.709,0.432,0.581,-0.02,-9.9,-7.27,-248.54,4.86,-0.14,-1.729,0.133,0.524,2.406,-1.449,-1.983,
2026-01-26 04:40:03.882,home_end,56.198,685.476,1527.759,-146.629,88.682,122.493,84.883,18.359,-148.687,-186.38,-41.608,5.586,0.449,-0.038,-0.132,-0.632,0.385,0.517,-0.02,-9.83,-7.18,-248.92,4.86,-0.08,-1.601,0.124,0.484,2.227,-1.342,-1.836,
2026-01-26 04:40:03.983,home_end,55.864,685.46,1527.61,-145.713,88.708,123.456,84.908,18.357,-148.694,-186.416,-41.586,5.615,0.401,-0.034,-0.118,-0.563,0.343,0.461,-0.05,-9.86,-7.27,-249.2,4.96,-0.02,-1.47,0.114,0.445,2.046,-1.233,-1.686,
2026-01-26 04:40:04.083,home_end,55.555,685.446,1527.473,-144.832,88.731,124.38,84.932,18.355,-148.701,-186.449,-41.566,5.642,0.359,-0.03,-0.105,-0.505,0.308,0.413,0.04,-9.73,-7.25,-249.5,4.86,-0.02,-1.342,0.104,0.406,1.869,-1.126,-1.54,
2026-01-26 04:40:04.183,home_end,55.279,685.432,1527.35,-144.018,88.752,125.233,84.953,18.353,-148.707,-186.478,-41.548,5.666,0.322,-0.027,-0.095,-0.452,0.276,0.37,-0.06,-9.83,-7.24,-249.73,4.89,-0.02,-1.233,0.096,0.373,1.717,-1.035,-1.415,
2026-01-26 04:40:04.284,home_end,55.025,685.42,1527.237,-143.244,88.771,126.043,84.972,18.351,-148.713,-186.505,-41.532,5.688,0.29,-0.024,-0.085,-0.407,0.248,0.333,-0.04,-9.8,-7.12,-249.94,4.82,-0.07,-1.127,0.087,0.34,1.569,-0.946,-1.292,
2026-01-26 04:40:04.384,home_end,54.806,685.41,1527.139,-142.556,88.788,126.762,84.989,18.35,-148.718,-186.529,-41.518,5.707,0.259,-0.022,-0.076,-0.364,0.222,0.298,-0.05,-9.84,-7.18,-250.11,4.74,-0.11,-1.04,0.081,0.314,1.449,-0.874,-1.194,
2026-01-26 04:40:04.488,home_end,54.605,685.4,1527.049,-141.907,88.802,127.439,85.004,18.349,-148.722,-186.55,-41.504,5.725,0.232,-0.019,-0.068,-0.327,0.199,0.267,-0.0,-9.81,-7.12,-250.3,4.87,-0.11,-0.95,0.074,0.286,1.323,-0.798,-1.09,
2026-01-26 04:40:04.590,home_end,54.458,685.393,1526.984,-141.422,88.813,127.945,85.015,18.348,-148.726,-186.566,-41.495,5.738,0.202,-0.017,-0.059,-0.284,0.173,0.233,0.01,-9.93,-7.1,-250.34,4.85,-0.07,-0.896,0.07,0.27,1.249,-0.754,-1.028,
2026-01-26 04:40:04.690,home_end,54.314,685.385,1526.92,-140.941,88.824,128.446,85.026,18.347,-148.729,-186.581,-41.485,5.751,0.179,-0.015,-0.053,-0.252,0.153,0.206,-0.08,-9.83,-7.22,-250.56,4.88,-0.1,-0.809,0.063,0.244,1.128,-0.681,-0.928,
2026-01-26 04:40:04.792,home_end,54.18,685.379,1526.86,-140.484,88.833,128.922,85.036,18.346,-148.732,-186.595,-41.477,5.762,0.16,-0.013,-0.047,-0.224,0.137,0.184,0.03,-9.79,-7.18,-250.59,4.75,-0.08,-0.736,0.058,0.222,1.025,-0.619,-0.844,
2026-01-26 04:40:04.892,home_end,54.052,685.372,1526.803,-140.039,88.842,129.385,85.046,18.345,-148.735,-186.609,-41.468,5.773,0.144,-0.012,-0.042,-0.203,0.124,0.166,-0.03,-9.94,-7.28,-250.78,4.83,0.02,-0.666,0.052,0.201,0.929,-0.561,-0.765,
2026-01-26 04:40:04.993,home_end,53.941,685.367,1526.754,-139.648,88.85,129.791,85.054,18.345,-148.737,-186.621,-41.461,5.783,0.129,-0.011,-0.038,-0.182,0.111,0.149,0.07,-9.83,-7.21,-250.92,4.83,0.01,-0.613,0.048,0.184,0.854,-0.516,-0.703,
2026-01-26 04:40:05.094,home_end,53.842,685.362,1526.709,-139.293,88.857,130.16,85.062,18.344,-148.739,-186.632,-41.455,5.792,0.116,-0.01,-0.034,-0.163,0.099,0.133,0.03,-9.91,-7.09,-251.04,4.93,0.03,-0.56,0.044,0.169,0.781,-0.472,-0.643,
2026-01-26 04:40:05.197,home_end,53.75,685.357,1526.668,-138.961,88.864,130.505,85.069,18.343,-148.741,-186.642,-41.449,5.8,0.104,-0.009,-0.031,-0.147,0.089,0.12,-0.01,-9.88,-7.2,-251.03,4.84,0.01,-0.51,0.04,0.153,0.711,-0.429,-0.585,
2026-01-26 04:40:05.400,home_end,53.592,685.349,1526.598,-138.384,88.874,131.104,85.081,18.342,-148.745,-186.658,-41.438,5.814,0.085,-0.007,-0.025,-0.119,0.073,0.097,-0.12,-9.79,-7.22,-251.16,4.94,0.02,-0.427,0.034,0.128,0.595,-0.36,-0.49,
2026-01-26 04:40:05.602,home_end,53.471,685.343,1526.544,-137.93,88.883,131.575,85.09,18.342,-148.748,-186.671,-41.431,5.824,0.068,-0.006,-0.02,-0.095,0.058,0.078,-0.01,-9.88,-7.07,-251.26,4.86,-0.06,-0.36,0.028,0.108,0.502,-0.303,-0.413,
2026-01-26 04:40:05.806,home_end,53.372,685.338,1526.5,-137.558,88.89,131.961,85.098,18.341,-148.75,-186.682,-41.424,5.833,0.054,-0.005,-0.016,-0.076,0.046,0.062,0.03,-9.82,-7.21,-251.38,4.8,-0.08,-0.297,0.023,0.089,0.414,-0.25,-0.341,
2026-01-26 04:40:06.008,home_end,53.295,685.334,1526.465,-137.261,88.895,132.268,85.104,18.34,-148.752,-186.69,-41.419,5.84,0.043,-0.004,-0.013,-0.061,0.037,0.05,0.07,-9.89,-7.25,-251.38,4.79,-0.06,-0.248,0.02,0.074,0.346,-0.209,-0.285,
2026-01-26 04:40:06.312,home_end,53.205,685.329,1526.425,-136.916,88.901,132.626,85.11,18.34,-148.754,-186.7,-41.413,5.848,0.031,-0.003,-0.009,-0.044,0.027,0.036,-0.03,-9.92,-7.23,-251.42,4.93,-0.03,-0.188,0.015,0.056,0.262,-0.158,-0.215,
2026-01-26 04:40:06.513,home_end,53.16,685.327,1526.405,-136.74,88.904,132.809,85.114,18.34,-148.755,-186.705,-41.41,5.852,0.025,-0.002,-0.007,-0.035,0.021,0.029,-0.02,-9.76,-7.12,-251.55,4.77,0.02,-0.156,0.012,0.047,0.218,-0.132,-0.179,
2026-01-26 04:40:06.716,home_end,53.123,685.325,1526.389,-136.597,88.906,132.957,85.117,18.339,-148.755,-186.709,-41.408,5.855,0.02,-0.002,-0.006,-0.028,0.017,0.023,-0.08,-9.9,-7.08,-251.58,4.96,-0.06,-0.129,0.01,0.039,0.18,-0.109,-0.148,
2026-01-26 04:40:06.919,home_end,53.094,685.323,1526.376,-136.483,88.908,133.075,85.119,18.339,-148.756,-186.712,-41.406,5.857,0.016,-0.001,-0.005,-0.023,0.014,0.018,-0.03,-9.8,-7.21,-251.5,4.83,-0.01,-0.107,0.009,0.032,0.15,-0.091,-0.123,
2026-01-26 04:40:07.224,home_end,53.062,685.322,1526.362,-136.355,88.91,133.207,85.121,18.339,-148.757,-186.715,-41.404,5.86,0.011,-0.001,-0.003,-0.016,0.01,0.013,-0.01,-9.79,-7.14,-251.58,4.83,-0.05,-0.081,0.006,0.024,0.113,-0.069,-0.093,
