timestamp,current_task,EE_x,EE_y,EE_z,EE_rx,EE_ry,EE_rz,joint1_angle,joint2_angle,joint3_angle,joint4_angle,joint5_angle,joint6_angle,joint1_velocity,joint2_velocity,joint3_velocity,joint4_velocity,joint5_velocity,joint6_velocity,joint1_torque,joint2_torque,joint3_torque,joint4_torque,joint5_torque,joint6_torque,joint1_acceleration,joint2_acceleration,joint3_acceleration,joint4_acceleration,joint5_acceleration,joint6_acceleration,waypoint,description
2026-01-29 03:09:05.849,home_start,116.834,-410.88,1407.233,179.999,-0.001,90.004,-53.57,-8.709,-118.697,-0.001,-70.013,-126.426,0.0,0.0,0.0,0.0,0.0,0.0,-0.0,0.19,0.26,0.05,-0.08,-0.05,0.0,0.0,0.0,0.0,0.0,0.0,waypoint,
2026-01-29 03:09:05.935,home_start,116.834,-410.88,1407.233,179.999,-0.001,90.004,-53.57,-8.709,-118.697,-0.001,-70.013,-126.426,0.0,0.0,0.0,0.0,0.0,0.0,-0.04,0.33,0.44,-0.04,-0.04,-0.09,0.0,0.0,0.0,0.0,0.0,0.0,,
2026-01-29 03:09:06.347,home_start,116.834,-410.88,1407.233,179.999,-0.001,90.004,-53.57,-8.709,-118.697,-0.001,-70.013,-126.426,0.0,0.0,0.0,0.0,0.0,0.0,0.01,0.74,0.91,-0.0,-0.05,0.07,0.0,0.0,0.0,0.0,0.0,0.0,,
2026-01-29 03:09:06.769,home_start,116.834,-410.88,1407.233,179.999,-0.001,90.004,-53.57,-8.709,-118.697,-0.001,-70.013,-126.426,0.0,0.0,0.0,0.0,0.0,0.0,0.07,0.94,1.15,0.03,-0.07,-0.02,0.0,0.0,0.0,0.0,0.0,0.0,,
2026-01-29 03:09:07.301,home_start,116.834,-410.88,1407.233,179.999,-0.001,90.004,-53.57,-8.709,-118.697,-0.001,-70.013,-126.426,0.0,0.0,0.0,0.0,0.0,0.0,-0.01,0.88,1.32,0.08,0.08,0.03,0.0,0.0,0.0,0.0,0.0,0.0,,
2026-01-29 03:09:07.718,home_start,116.834,-410.88,1407.233,179.999,-0.001,90.004,-53.57,-8.709,-118.697,-0.001,-70.013,-126.426,0.0,0.0,0.0,0.0,0.0,0.0,0.04,0.96,1.37,-0.0,0.02,-0.12,0.0,0.0,0.0,0.0,0.0,0.0,,
2026-01-29 03:09:08.136,home_start,116.834,-410.88,1407.233,179.999,-0.001,90.004,-53.57,-8.709,-118.697,-0.001,-70.013,-126.426,0.0,0.0,0.0,0.0,0.0,0.0,-0.01,1.03,1.39,0.06,0.1,-0.08,0.0,0.0,0.0,0.0,0.0,0.0,,
2026-01-29 03:09:08.655,home_start,116.834,-410.88,1407.233,179.999,-0.001,90.004,-53.57,-8.709,-118.697,-0.001,-70.013,-126.426,0.0,0.0,0.0,0.0,0.0,0.0,0.03,0.97,1.18,0.02,0.02,-0.06,0.0,0.0,0.0,0.0,0.0,0.0,,
2026-01-29 03:09:09.071,home_start,116.834,-410.88,1407.233,179.999,-0.001,90.004,-53.57,-8.709,-118.697,-0.001,-70.013,-126.426,0.0,0.0,0.0,0.0,0.0,0.0,-0.07,0.91,1.31,0.02,-0.03,-0.01,0.0,0.0,0.0,0.0,0.0,0.0,,
2026-01-29 03:09:09.491,home_start,116.834,-410.88,1407.233,179.999,-0.001,90.004,-53.57,-8.709,-118.697,-0.001,-70.013,-126.426,0.0,0.0,0.0,0.0,0.0,0.0,-0.14,0.98,1.26,0.11,0.1,-0.0,0.0,0.0,0.0,0.0,0.0,0.0,,
2026-01-29 03:09:10.009,home_start,116.834,-410.88,1407.233,179.999,-0.001,90.004,-53.57,-8.709,-118.697,-0.001,-70.013,-126.426,0.0,0.0,0.0,0.0,0.0,0.0,0.03,1.04,1.31,0.04,0.04,-0.08,0.0,0.0,0.0,0.0,0.0,0.0,,
2026-01-29 03:09:10.125,home_to_approach_feeder,103.936,-428.336,1397.383,-179.906,-0.11,88.564,-56.459,-7.111,-118.529,0.015,-68.726,-124.982,-7.224,3.996,0.419,0.041,3.217,3.609,-1.02,6.15,0.92,0.04,0.19,0.02,-28.896,15.984,1.674,0.163,12.867,14.436,,
2026-01-29 03:09:10.224,home_to_approach_feeder,84.678,-450.82,1383.745,-179.866,-0.162,87.422,-60.265,-5.006,-118.309,0.03,-66.906,-122.325,-14.932,8.258,0.864,0.067,6.963,9.35,-0.75,4.96,0.79,0.02,0.14,0.05,-35.167,19.447,2.032,0.13,16.915,25.128,,
2026-01-29 03:09:10.326,home_to_approach_feeder,48.492,-484.356,1360.518,-179.877,-0.166,86.811,-66.323,-1.657,-117.959,0.04,-63.901,-116.884,-26.345,14.567,1.522,0.075,12.734,20.615,-0.6,2.7,0.78,0.09,0.06,0.03,-54.176,29.951,3.127,0.069,27.068,50.456,,
2026-01-29 03:09:10.428,home_to_approach_feeder,9.784,-511.419,1337.802,-179.909,-0.144,87.03,-71.841,1.393,-117.641,0.038,-61.134,-111.147,-33.553,18.55,1.938,0.053,16.469,29.802,-0.47,0.57,0.74,0.03,0.07,0.2,-43.352,23.962,2.502,-0.049,21.989,48.361,,
2026-01-29 03:09:10.534,home_to_approach_feeder,-32.557,-533.566,1314.43,-179.94,-0.118,87.58,-77.187,4.348,-117.332,0.032,-58.449,-105.25,-38.53,21.301,2.225,0.024,19.063,37.096,-0.39,-1.19,0.83,0.02,0.14,0.15,-37.304,20.617,2.154,-0.096,18.961,45.139,,
2026-01-29 03:09:10.642,home_to_approach_feeder,-71.172,-548.433,1293.935,-179.962,-0.094,88.14,-81.651,6.815,-117.074,0.025,-56.21,-100.223,-40.056,22.143,2.313,-0.0,19.896,40.389,-0.39,-2.59,0.77,0.08,0.03,0.2,-24.745,13.675,1.429,-0.093,12.617,31.916,,
2026-01-29 03:09:10.749,home_to_approach_feeder,-108.259,-558.67,1274.696,-179.979,-0.072,88.663,-85.68,9.042,-116.842,0.018,-54.19,-95.668,-40.114,22.175,2.317,-0.017,19.972,41.679,-0.4,-3.7,0.76,0.06,0.05,0.16,-17.925,9.906,1.036,-0.081,9.156,24.007,,
2026-01-29 03:09:10.856,home_to_approach_feeder,-143.29,-565.095,1256.751,-179.989,-0.052,89.122,-89.316,11.053,-116.632,0.012,-52.369,-91.569,-39.177,21.656,2.263,-0.028,19.532,41.507,-0.27,-4.76,0.79,0.06,0.09,0.17,-12.209,6.747,0.706,-0.065,6.256,17.046,,
2026-01-29 03:09:10.959,home_to_approach_feeder,-175.968,-568.454,1240.097,-179.996,-0.035,89.514,-92.599,12.867,-116.442,0.007,-50.726,-87.892,-37.589,20.778,2.171,-0.034,18.755,40.323,-0.27,-5.48,0.92,0.04,0.05,0.22,-7.447,4.115,0.431,-0.049,3.841,11.122,,
2026-01-29 03:09:11.063,home_to_approach_feeder,-206.158,-569.407,1224.706,180.0,-0.02,89.842,-95.561,14.505,-116.271,0.003,-49.245,-84.598,-35.599,19.678,2.057,-0.036,17.769,38.476,-0.23,-6.07,0.81,-0.05,0.14,0.17,-3.506,1.937,0.203,-0.035,1.844,6.176,,
2026-01-29 03:09:11.168,home_to_approach_feeder,-233.848,-568.515,1210.53,179.998,-0.008,90.114,-98.236,15.983,-116.116,-0.001,-47.909,-81.65,-33.385,18.454,1.929,-0.035,16.666,36.228,-0.08,-6.61,0.87,0.11,0.01,0.09,-0.271,0.149,0.016,-0.023,0.206,2.104,,
2026-01-29 03:09:11.272,home_to_approach_feeder,-259.101,-566.247,1197.511,179.998,0.002,90.337,-100.65,17.317,-115.977,-0.004,-46.705,-79.011,-31.074,17.177,1.795,-0.033,15.511,33.767,0.04,-6.97,0.83,-0.01,0.09,0.08,2.361,-1.305,-0.136,-0.014,-1.126,-1.206,,
2026-01-29 03:09:11.372,home_to_approach_feeder,-282.032,-562.987,1185.582,179.998,0.01,90.517,-102.829,18.522,-115.851,-0.006,-45.618,-76.651,-28.752,15.894,1.661,-0.03,14.349,31.227,0.07,-7.33,0.92,-0.02,0.09,0.16,4.475,-2.474,-0.258,-0.006,-2.196,-3.862,,
2026-01-29 03:09:11.474,home_to_approach_feeder,-302.786,-559.044,1174.675,179.999,0.016,90.661,-104.795,19.609,-115.737,-0.007,-44.639,-74.539,-26.481,14.638,1.53,-0.026,13.211,28.7,0.11,-7.38,0.84,0.03,0.11,0.1,6.149,-3.399,-0.355,-0.001,-3.042,-5.962,,
2026-01-29 03:09:11.583,home_to_approach_feeder,-322.887,-554.313,1163.991,-179.999,0.022,90.782,-106.7,20.662,-115.627,-0.008,-43.691,-72.512,-24.622,13.61,1.423,-0.023,12.278,26.591,0.33,-7.66,0.94,-0.09,0.11,0.11,6.158,-3.404,-0.356,0.003,-3.056,-6.222,,
2026-01-29 03:09:11.689,home_to_approach_feeder,-339.638,-549.673,1154.981,-179.998,0.025,90.868,-108.289,21.54,-115.535,-0.009,-42.9,-70.836,-22.441,12.405,1.297,-0.019,11.185,24.134,0.27,-7.85,0.85,0.05,0.01,0.11,8.688,-4.802,-0.502,0.007,-4.323,-9.103,,
2026-01-29 03:09:11.790,home_to_approach_feeder,-354.712,-544.943,1146.779,-179.997,0.028,90.932,-109.724,22.334,-115.452,-0.01,-42.187,-69.337,-20.418,11.287,1.18,-0.015,10.172,21.849,0.35,-7.94,0.97,0.06,-0.07,0.08,9.367,-5.178,-0.541,0.009,-4.666,-9.958,,
2026-01-29 03:09:11.890,home_to_approach_feeder,-367.272,-540.592,1139.869,-179.995,0.03,90.975,-110.925,22.997,-115.383,-0.01,-41.591,-68.093,-18.314,10.124,1.058,-0.012,9.119,19.496,0.41,-7.95,0.96,0.0,0.02,0.14,10.777,-5.958,-0.623,0.011,-5.37,-11.521,,
2026-01-29 03:09:11.992,home_to_approach_feeder,-379.549,-535.97,1133.042,-179.994,0.031,91.007,-112.103,23.649,-115.315,-0.01,-41.006,-66.882,-16.682,9.221,0.964,-0.009,8.301,17.648,0.48,-8.16,0.93,0.07,0.06,-0.02,9.918,-5.483,-0.573,0.011,-4.946,-10.699,,
2026-01-29 03:09:12.094,home_to_approach_feeder,-390.575,-531.502,1126.845,-179.993,0.031,91.027,-113.167,24.237,-115.254,-0.01,-40.479,-65.799,-15.17,8.386,0.876,-0.007,7.545,15.944,0.49,-8.06,0.92,0.1,-0.01,0.14,10.074,-5.569,-0.582,0.012,-5.025,-10.904,,
2026-01-29 03:09:12.198,home_to_approach_feeder,-400.477,-527.226,1121.222,-179.992,0.031,91.036,-114.127,24.767,-115.198,-0.01,-40.003,-64.83,-13.778,7.616,0.796,-0.005,6.848,14.381,0.46,-8.28,0.96,0.1,0.05,0.07,10.102,-5.584,-0.584,0.012,-5.04,-10.955,,
2026-01-29 03:09:12.305,home_to_approach_feeder,-409.367,-523.17,1116.123,-179.992,0.031,91.036,-114.994,25.246,-115.148,-0.009,-39.574,-63.963,-12.5,6.91,0.722,-0.003,6.209,12.953,0.43,-8.27,0.91,0.08,-0.06,0.01,10.027,-5.543,-0.58,0.011,-5.002,-10.88,,
2026-01-29 03:09:12.407,home_to_approach_feeder,-417.349,-519.35,1111.503,-179.991,0.031,91.03,-115.776,25.679,-115.103,-0.009,-39.187,-63.188,-11.331,6.264,0.654,-0.001,5.624,11.654,0.38,-8.31,0.81,0.05,-0.02,0.02,9.868,-5.455,-0.57,0.011,-4.922,-10.705,,
2026-01-29 03:09:12.508,home_to_approach_feeder,-424.518,-515.771,1107.318,-179.991,0.03,91.018,-116.482,26.069,-115.062,-0.009,-38.838,-62.494,-10.263,5.674,0.593,0.0,5.091,10.476,0.48,-8.29,0.91,-0.04,0.04,0.06,9.643,-5.33,-0.557,0.01,-4.81,-10.451,,
2026-01-29 03:09:12.610,home_to_approach_feeder,-430.956,-512.436,1103.528,-179.99,0.029,91.002,-117.119,26.422,-115.025,-0.008,-38.523,-61.873,-9.291,5.136,0.536,0.001,4.605,9.409,0.47,-8.24,0.94,-0.0,0.07,-0.01,9.366,-5.177,-0.541,0.01,-4.671,-10.137,,
2026-01-29 03:09:12.716,home_to_approach_feeder,-437.159,-509.111,1099.848,-179.99,0.028,90.981,-117.736,26.763,-114.99,-0.008,-38.218,-61.277,-8.511,4.705,0.491,0.002,4.216,8.546,0.48,-8.29,0.89,0.1,0.06,0.06,8.631,-4.771,-0.499,0.009,-4.306,-9.374,,
2026-01-29 03:09:12.818,home_to_approach_feeder,-442.688,-506.055,1096.543,-179.99,0.027,90.957,-118.289,27.068,-114.958,-0.007,-37.945,-60.748,-7.765,4.292,0.448,0.003,3.843,7.731,0.43,-8.37,0.87,0.06,0.06,0.07,8.413,-4.65,-0.486,0.009,-4.196,-9.11,,
2026-01-29 03:09:12.924,home_to_approach_feeder,-447.617,-503.254,1093.576,-179.99,0.026,90.932,-118.784,27.342,-114.929,-0.007,-37.701,-60.279,-7.061,3.903,0.408,0.004,3.492,6.971,0.37,-8.35,0.82,0.13,-0.01,0.03,8.149,-4.505,-0.471,0.008,-4.063,-8.796,,
2026-01-29 03:09:13.026,home_to_approach_feeder,-452.012,-500.696,1090.914,-179.99,0.025,90.905,-119.227,27.587,-114.904,-0.006,-37.483,-59.863,-6.404,3.54,0.37,0.004,3.165,6.268,0.36,-8.3,0.88,0.07,0.09,-0.09,7.851,-4.34,-0.454,0.007,-3.913,-8.445,,
2026-01-29 03:09:13.131,home_to_approach_feeder,-455.933,-498.364,1088.526,-179.99,0.023,90.877,-119.624,27.806,-114.881,-0.005,-37.288,-59.494,-5.795,3.204,0.334,0.004,2.862,5.623,0.37,-8.26,0.89,0.05,0.01,0.03,7.529,-4.162,-0.435,0.006,-3.751,-8.07,,
2026-01-29 03:09:13.232,home_to_approach_feeder,-459.194,-496.388,1086.529,-179.99,0.022,90.852,-119.955,27.99,-114.862,-0.005,-37.125,-59.189,-5.175,2.861,0.299,0.004,2.554,4.98,0.35,-8.38,0.88,0.05,0.02,-0.03,7.432,-4.108,-0.429,0.005,-3.7,-7.901,,
2026-01-29 03:09:13.333,home_to_approach_feeder,-462.342,-494.449,1084.592,-179.991,0.021,90.824,-120.276,28.167,-114.843,-0.004,-36.967,-58.896,-4.683,2.589,0.27,0.005,2.31,4.467,0.38,-8.27,0.86,0.05,0.03,0.02,6.793,-3.755,-0.393,0.005,-3.383,-7.234,,
2026-01-29 03:09:13.436,home_to_approach_feeder,-465.152,-492.692,1082.856,-179.991,0.02,90.797,-120.564,28.326,-114.827,-0.004,-36.826,-58.637,-4.231,2.339,0.244,0.005,2.085,4.0,0.28,-8.34,0.9,0.09,0.04,0.13,6.449,-3.565,-0.373,0.004,-3.21,-6.842,,
2026-01-29 03:09:13.543,home_to_approach_feeder,-467.661,-491.101,1081.299,-179.991,0.019,90.77,-120.821,28.468,-114.812,-0.004,-36.7,-58.406,-3.817,2.11,0.22,0.005,1.88,3.576,0.34,-8.26,0.84,0.08,0.07,-0.01,6.104,-3.375,-0.353,0.003,-3.038,-6.451,,
2026-01-29 03:09:13.647,home_to_approach_feeder,-469.903,-489.663,1079.903,-179.992,0.017,90.744,-121.052,28.595,-114.799,-0.003,-36.587,-58.202,-3.439,1.901,0.198,0.004,1.692,3.193,0.28,-8.38,0.86,0.04,0.03,0.02,5.763,-3.186,-0.333,0.003,-2.867,-6.066,,
2026-01-29 03:09:13.751,home_to_approach_feeder,-471.77,-488.452,1078.737,-179.992,0.016,90.722,-121.244,28.702,-114.787,-0.003,-36.492,-58.033,-3.06,1.692,0.176,0.004,1.505,2.818,0.22,-8.43,0.79,-0.06,0.03,0.0,5.567,-3.078,-0.322,0.002,-2.767,-5.813,,
2026-01-29 03:09:13.855,home_to_approach_feeder,-473.574,-487.272,1077.607,-179.992,0.015,90.698,-121.43,28.805,-114.777,-0.002,-36.401,-57.87,-2.761,1.526,0.159,0.004,1.357,2.519,0.21,-8.42,0.84,-0.02,0.08,-0.03,5.071,-2.804,-0.293,0.002,-2.521,-5.3,,
2026-01-29 03:09:13.959,home_to_approach_feeder,-475.077,-486.28,1076.663,-179.992,0.015,90.677,-121.586,28.891,-114.768,-0.002,-36.325,-57.736,-2.459,1.36,0.142,0.004,1.208,2.225,0.19,-8.33,0.77,-0.0,0.05,-0.01,4.872,-2.693,-0.281,0.001,-2.42,-5.05,,
2026-01-29 03:09:14.066,home_to_approach_feeder,-476.431,-485.379,1075.81,-179.993,0.014,90.657,-121.726,28.968,-114.76,-0.002,-36.257,-57.616,-2.195,1.214,0.127,0.004,1.077,1.969,0.16,-8.37,0.87,0.01,-0.0,-0.04,4.536,-2.508,-0.262,0.001,-2.253,-4.686,,
2026-01-29 03:09:14.168,home_to_approach_feeder,-477.563,-484.622,1075.096,-179.993,0.013,90.639,-121.844,29.033,-114.753,-0.001,-36.199,-57.516,-1.94,1.073,0.112,0.004,0.951,1.726,0.21,-8.36,0.81,-0.02,-0.04,-0.02,4.312,-2.384,-0.249,0.0,-2.14,-4.423,waypoint,
2026-01-29 03:09:14.271,home_to_approach_feeder,-479.057,-489.961,1074.453,-179.98,0.033,90.74,-121.711,29.337,-114.235,-0.001,-36.39,-57.548,-1.124,1.565,1.379,0.003,0.237,1.216,0.64,-7.65,0.92,0.08,0.09,0.01,6.381,0.247,4.889,-0.002,-4.406,-5.29,,
2026-01-29 03:09:14.390,home_to_approach_feeder,-479.81,-494.815,1074.198,-179.977,0.038,90.796,-121.548,29.57,-113.794,-0.002,-36.591,-57.654,-0.436,1.756,2.135,0.001,-0.325,0.645,0.45,-7.66,0.97,0.09,0.03,-0.03,6.043,-0.491,3.624,-0.006,-4.068,-5.516,,
2026-01-29 03:09:14.497,home_to_approach_feeder,-480.504,-499.676,1073.953,-179.977,0.039,90.825,-121.383,29.802,-113.354,-0.002,-36.799,-57.79,0.086,1.896,2.704,-0.0,-0.763,0.144,0.33,-8.06,0.98,0.01,-0.09,-0.04,5.464,-0.452,3.265,-0.005,-3.732,-5.254,,
2026-01-29 03:09:14.601,home_to_approach_feeder,-481.337,-505.896,1073.639,-179.978,0.038,90.833,-121.171,30.098,-112.789,-0.002,-37.069,-57.995,0.595,2.163,3.438,-0.001,-1.248,-0.403,0.28,-8.39,0.85,0.03,-0.09,-0.04,5.389,0.238,4.173,-0.004,-3.981,-5.414,,
2026-01-29 03:09:14.705,home_to_approach_feeder,-482.328,-513.859,1073.229,-179.981,0.034,90.81,-120.899,30.478,-112.066,-0.002,-37.417,-58.289,1.127,2.571,4.386,-0.0,-1.806,-1.039,0.08,-8.56,0.8,0.07,-0.01,0.02,5.45,1.045,5.341,-0.0,-4.362,-5.778,,
2026-01-29 03:09:14.807,home_to_approach_feeder,-483.307,-522.425,1072.776,-179.984,0.029,90.763,-120.606,30.886,-111.289,-0.002,-37.792,-58.63,1.578,2.948,5.234,0.001,-2.292,-1.631,-0.08,-8.79,0.84,-0.05,0.01,0.06,5.112,1.228,5.356,0.003,-4.193,-5.658,,
2026-01-29 03:09:14.908,home_to_approach_feeder,-484.168,-530.716,1072.325,-179.986,0.025,90.706,-120.322,31.281,-110.536,-0.002,-38.155,-58.971,1.893,3.199,5.808,0.002,-2.626,-2.074,-0.17,-9.14,0.86,0.04,-0.05,0.03,4.509,0.976,4.575,0.004,-3.653,-5.09,,
2026-01-29 03:09:15.012,home_to_approach_feeder,-484.822,-537.634,1071.939,-179.988,0.022,90.657,-120.085,31.611,-109.907,-0.001,-38.457,-59.257,2.012,3.224,5.928,0.002,-2.726,-2.273,-0.13,-9.15,0.81,0.01,0.01,0.02,3.589,0.226,2.873,0.003,-2.685,-4.044,,
2026-01-29 03:09:15.114,home_to_approach_feeder,-485.398,-544.33,1071.557,-179.99,0.019,90.609,-119.856,31.931,-109.298,-0.001,-38.75,-59.535,2.082,3.217,5.968,0.003,-2.776,-2.398,-0.2,-9.18,0.86,-0.08,0.03,0.05,3.155,0.099,2.386,0.003,-2.318,-3.545,,
2026-01-29 03:09:15.217,home_to_approach_feeder,-485.837,-549.916,1071.231,-179.991,0.016,90.571,-119.664,32.197,-108.79,-0.0,-38.994,-59.765,2.04,3.08,5.746,0.003,-2.692,-2.374,-0.26,-9.24,0.87,-0.02,0.06,0.04,2.461,-0.439,1.142,0.002,-1.601,-2.72,,
2026-01-29 03:09:15.317,home_to_approach_feeder,-486.2,-554.956,1070.933,-179.992,0.014,90.538,-119.491,32.438,-108.331,0.0,-39.214,-59.971,1.962,2.912,5.457,0.003,-2.57,-2.296,-0.22,-9.37,0.74,-0.05,-0.03,-0.01,2.028,-0.655,0.533,0.001,-1.202,-2.209,,
2026-01-29 03:09:15.423,home_to_approach_feeder,-486.5,-559.503,1070.66,-179.993,0.013,90.509,-119.335,32.656,-107.917,0.0,-39.413,-60.156,1.862,2.727,5.128,0.003,-2.424,-2.184,-0.29,-9.46,0.88,0.01,-0.01,0.1,1.657,-0.824,0.033,0.001,-0.865,-1.772,,
2026-01-29 03:09:15.526,home_to_approach_feeder,-486.749,-563.606,1070.411,-179.993,0.011,90.485,-119.195,32.852,-107.543,0.001,-39.592,-60.321,1.748,2.536,4.78,0.003,-2.266,-2.051,-0.24,-9.44,0.79,0.08,-0.06,-0.04,1.34,-0.953,-0.373,0.0,-0.584,-1.401,,
2026-01-29 03:09:15.631,home_to_approach_feeder,-486.956,-567.307,1070.183,-179.994,0.01,90.464,-119.068,33.029,-107.206,0.001,-39.753,-60.469,1.629,2.344,4.429,0.003,-2.103,-1.908,-0.18,-9.5,0.84,0.0,0.05,0.08,1.068,-1.049,-0.7,-0.0,-0.35,-1.087,,
2026-01-29 03:09:15.735,home_to_approach_feeder,-487.14,-570.89,1069.959,-179.994,0.009,90.446,-118.944,33.2,-106.879,0.001,-39.91,-60.611,1.529,2.187,4.138,0.003,-1.968,-1.786,-0.18,-9.55,0.86,-0.02,0.09,0.02,0.921,-1.0,-0.737,-0.0,-0.263,-0.919,,
2026-01-29 03:09:15.835,home_to_approach_feeder,-487.282,-573.88,1069.771,-179.994,0.009,90.431,-118.842,33.343,-106.607,0.001,-40.04,-60.729,1.404,1.998,3.785,0.002,-1.802,-1.633,-0.17,-9.57,0.87,0.05,0.08,0.0,0.626,-1.183,-1.203,-0.001,0.023,-0.582,,
2026-01-29 03:09:15.942,home_to_approach_feeder,-487.409,-576.773,1069.588,-179.995,0.008,90.418,-118.742,33.482,-106.342,0.002,-40.166,-60.841,1.302,1.845,3.499,0.002,-1.667,-1.507,-0.16,-9.53,0.9,0.01,0.01,0.02,0.531,-1.11,-1.169,-0.001,0.063,-0.476,,
2026-01-29 03:09:16.046,home_to_approach_feeder,-487.513,-579.364,1069.422,-179.995,0.007,90.407,-118.653,33.606,-106.106,0.002,-40.279,-60.941,1.199,1.694,3.216,0.002,-1.532,-1.38,-0.23,-9.55,0.89,-0.09,-0.03,-0.03,0.374,-1.144,-1.328,-0.001,0.189,-0.301,,
2026-01-29 03:09:16.158,home_to_approach_feeder,-487.605,-581.839,1069.263,-179.995,0.007,90.398,-118.568,33.725,-105.88,0.002,-40.387,-61.036,1.112,1.567,2.977,0.002,-1.419,-1.272,-0.15,-9.6,0.76,0.08,0.01,-0.03,0.297,-1.084,-1.3,-0.001,0.221,-0.218,,
2026-01-29 03:09:16.263,home_to_approach_feeder,-487.672,-583.76,1069.138,-179.995,0.007,90.391,-118.502,33.817,-105.705,0.002,-40.47,-61.109,0.999,1.406,2.671,0.002,-1.273,-1.136,-0.16,-9.63,0.87,0.04,0.06,0.11,0.077,-1.242,-1.676,-0.001,0.441,0.023,,
2026-01-29 03:09:16.365,home_to_approach_feeder,-487.728,-585.493,1069.025,-179.995,0.007,90.386,-118.442,33.9,-105.546,0.002,-40.546,-61.174,0.899,1.262,2.399,0.001,-1.143,-1.015,-0.14,-9.56,0.92,-0.03,0.01,-0.03,0.005,-1.207,-1.679,-0.001,0.479,0.097,,
2026-01-29 03:09:16.468,home_to_approach_feeder,-487.772,-586.942,1068.93,-179.995,0.007,90.381,-118.392,33.969,-105.414,0.002,-40.609,-61.228,0.799,1.12,2.131,0.001,-1.015,-0.896,-0.12,-9.59,0.91,0.04,-0.04,-0.08,-0.093,-1.222,-1.77,-0.001,0.555,0.199,,
2026-01-29 03:09:16.571,home_to_approach_feeder,-487.815,-588.469,1068.83,-179.995,0.007,90.378,-118.34,34.043,-105.274,0.002,-40.675,-61.284,0.73,1.023,1.947,0.001,-0.927,-0.813,-0.18,-9.58,0.77,0.09,0.07,-0.07,-0.058,-1.063,-1.523,-0.001,0.466,0.155,waypoint,
2026-01-29 03:09:16.676,approach_feeder_to_pick,-488.667,-597.299,1068.769,-179.977,0.039,90.48,-118.079,34.451,-104.414,0.003,-41.09,-61.442,1.199,1.789,3.61,0.002,-1.732,-1.005,0.69,-8.08,1.14,0.07,0.06,0.03,2.027,2.397,5.836,0.004,-3.065,-0.879,,
2026-01-29 03:09:16.783,approach_feeder_to_pick,-490.118,-614.229,1068.749,-179.97,0.053,90.59,-117.583,35.241,-102.734,0.002,-41.964,-61.828,2.14,3.315,6.908,-0.0,-3.485,-1.719,0.49,-8.65,1.03,0.06,-0.05,0.02,4.183,5.966,13.452,-0.01,-7.356,-3.068,,
2026-01-29 03:09:16.887,approach_feeder_to_pick,-491.221,-631.225,1068.721,-179.975,0.046,90.603,-117.081,36.039,-101.033,0.001,-42.875,-62.317,2.86,4.483,9.433,-0.002,-4.891,-2.51,0.27,-9.24,1.04,0.06,0.02,0.06,3.823,5.463,12.316,-0.009,-6.982,-3.788,,
2026-01-29 03:09:16.994,approach_feeder_to_pick,-491.959,-647.426,1068.683,-179.981,0.037,90.569,-116.6,36.805,-99.403,0.001,-43.751,-62.832,3.348,5.277,11.151,-0.003,-5.858,-3.171,0.19,-9.68,0.94,-0.02,0.03,0.02,3.232,4.585,10.378,-0.003,-5.937,-3.674,,
2026-01-29 03:09:17.099,approach_feeder_to_pick,-492.319,-659.94,1068.645,-179.985,0.029,90.529,-116.226,37.399,-98.137,0.001,-44.431,-63.245,3.445,5.443,11.527,-0.002,-6.093,-3.411,-0.01,-10.1,0.91,0.02,-0.04,0.0,1.831,2.413,5.691,0.0,-3.379,-2.286,,
2026-01-29 03:09:17.204,approach_feeder_to_pick,-492.493,-672.005,1068.6,-179.989,0.022,90.488,-115.864,37.975,-96.912,0.001,-45.088,-63.648,3.488,5.521,11.708,-0.001,-6.213,-3.566,-0.24,-10.49,0.92,-0.07,0.01,0.02,1.53,1.983,4.721,0.001,-2.82,-1.959,,
2026-01-29 03:09:17.312,approach_feeder_to_pick,-492.497,-683.487,1068.551,-179.992,0.016,90.449,-115.519,38.525,-95.741,0.001,-45.716,-64.033,3.48,5.516,11.709,-0.001,-6.23,-3.636,-0.33,-10.68,0.84,0.03,-0.06,0.07,1.217,1.531,3.707,0.001,-2.242,-1.578,,
2026-01-29 03:09:17.415,approach_feeder_to_pick,-492.381,-693.005,1068.505,-179.994,0.012,90.419,-115.231,38.983,-94.766,0.001,-46.238,-64.351,3.33,5.282,11.219,-0.0,-5.978,-3.523,-0.29,-10.87,0.9,0.07,-0.12,-0.02,0.516,0.456,1.375,0.001,-0.961,-0.756,,
2026-01-29 03:09:17.522,approach_feeder_to_pick,-492.202,-700.922,1068.462,-179.996,0.008,90.395,-114.991,39.365,-93.952,0.001,-46.674,-64.615,3.098,4.917,10.449,-0.0,-5.572,-3.301,-0.36,-11.01,0.93,0.01,-0.02,-0.01,-0.011,-0.346,-0.373,0.0,0.001,-0.134,,
2026-01-29 03:09:17.625,approach_feeder_to_pick,-492.012,-706.998,1068.427,-179.997,0.006,90.379,-114.806,39.659,-93.325,0.001,-47.009,-64.816,2.786,4.423,9.403,-0.0,-5.017,-2.979,-0.42,-11.08,0.8,0.02,-0.11,-0.03,-0.563,-1.191,-2.21,0.0,1.007,0.501,,
2026-01-29 03:09:17.731,approach_feeder_to_pick,-491.718,-714.456,1068.381,-179.998,0.003,90.361,-114.578,40.021,-92.554,0.001,-47.421,-65.062,2.659,4.223,8.981,-0.0,-4.793,-2.849,-0.31,-11.18,0.95,0.07,0.08,0.04,-0.079,-0.392,-0.541,0.0,0.135,0.006,,
2026-01-29 03:09:17.832,approach_feeder_to_pick,-491.444,-720.226,1068.343,-179.999,0.001,90.348,-114.401,40.303,-91.955,0.001,-47.741,-65.251,2.436,3.87,8.232,-0.0,-4.394,-2.61,-0.39,-11.31,0.91,0.01,0.11,-0.02,-0.581,-1.164,-2.214,-0.0,1.047,0.574,,
2026-01-29 03:09:17.935,approach_feeder_to_pick,-491.162,-725.422,1068.307,-180.0,-0.0,90.339,-114.242,40.556,-91.415,0.001,-48.029,-65.42,2.226,3.537,7.525,-0.0,-4.016,-2.38,-0.32,-11.3,0.91,0.03,0.05,0.01,-0.695,-1.321,-2.576,-0.0,1.256,0.715,,
2026-01-29 03:09:18.050,approach_feeder_to_pick,-490.9,-729.757,1068.276,180.0,-0.001,90.332,-114.108,40.769,-90.963,0.001,-48.27,-65.561,2.003,3.183,6.773,-0.0,-3.614,-2.136,-0.35,-11.32,0.93,0.1,-0.02,-0.0,-0.886,-1.604,-3.202,-0.0,1.604,0.932,,
2026-01-29 03:09:18.155,approach_feeder_to_pick,-490.685,-733.063,1068.252,180.0,-0.002,90.327,-114.006,40.931,-90.618,0.001,-48.454,-65.667,1.757,2.793,5.943,-0.0,-3.17,-1.868,-0.37,-11.42,1.03,-0.02,-0.07,-0.05,-1.113,-1.945,-3.948,-0.0,2.013,1.178,,
2026-01-29 03:09:18.260,approach_feeder_to_pick,-490.413,-736.983,1068.222,179.999,-0.003,90.323,-113.885,41.123,-90.208,0.001,-48.672,-65.793,1.62,2.576,5.483,-0.0,-2.923,-1.715,-0.31,-11.38,0.9,0.05,0.08,0.01,-0.81,-1.446,-2.905,-0.0,1.468,0.87,,
2026-01-29 03:09:18.362,approach_feeder_to_pick,-490.131,-740.771,1068.192,179.999,-0.003,90.32,-113.768,41.31,-89.811,0.001,-48.883,-65.913,1.508,2.398,5.105,-0.0,-2.721,-1.587,-0.32,-11.42,0.96,-0.0,0.04,-0.01,-0.767,-1.362,-2.745,-0.0,1.392,0.834,,
2026-01-29 03:09:18.470,approach_feeder_to_pick,-489.864,-744.158,1068.164,179.999,-0.004,90.318,-113.663,41.477,-89.455,0.001,-49.072,-66.02,1.394,2.216,4.718,-0.0,-2.513,-1.457,-0.22,-11.45,1.03,0.06,-0.02,0.07,-0.813,-1.421,-2.885,-0.0,1.475,0.886,,
2026-01-29 03:09:18.573,approach_feeder_to_pick,-489.613,-747.186,1068.139,179.999,-0.004,90.317,-113.569,41.626,-89.137,0.001,-49.241,-66.115,1.28,2.036,4.334,-0.0,-2.307,-1.33,-0.33,-11.38,0.98,0.07,-0.08,0.07,-0.841,-1.453,-2.968,-0.0,1.527,0.918,,
2026-01-29 03:09:18.679,approach_feeder_to_pick,-489.379,-749.894,1068.116,179.999,-0.004,90.317,-113.485,41.76,-88.851,0.001,-49.392,-66.199,1.171,1.862,3.964,-0.0,-2.109,-1.208,-0.22,-11.44,1.15,0.14,-0.01,-0.05,-0.855,-1.464,-3.004,-0.0,1.552,0.933,,
2026-01-29 03:09:18.780,approach_feeder_to_pick,-489.177,-752.151,1068.096,179.999,-0.004,90.318,-113.415,41.872,-88.613,0.001,-49.519,-66.268,1.054,1.676,3.568,-0.0,-1.897,-1.08,-0.29,-11.52,1.02,0.09,0.01,0.01,-0.909,-1.539,-3.175,-0.0,1.648,0.985,,
2026-01-29 03:09:18.882,approach_feeder_to_pick,-488.989,-754.187,1068.078,179.999,-0.004,90.319,-113.351,41.973,-88.398,0.001,-49.632,-66.33,0.949,1.509,3.213,-0.0,-1.707,-0.965,-0.27,-11.42,1.07,0.04,-0.09,0.09,-0.887,-1.494,-3.089,-0.0,1.607,0.96,,
2026-01-29 03:09:18.987,approach_feeder_to_pick,-488.802,-756.156,1068.06,179.999,-0.003,90.321,-113.29,42.071,-88.19,0.001,-49.743,-66.39,0.865,1.376,2.93,-0.0,-1.556,-0.873,-0.22,-11.46,1.08,0.06,0.07,-0.08,-0.818,-1.377,-2.848,-0.0,1.483,0.889,,
2026-01-29 03:09:19.090,approach_feeder_to_pick,-488.654,-757.677,1068.046,179.999,-0.003,90.322,-113.242,42.146,-88.029,0.001,-49.828,-66.436,0.768,1.221,2.6,-0.0,-1.38,-0.77,-0.15,-11.46,1.05,-0.0,0.02,0.01,-0.875,-1.46,-3.035,-0.0,1.585,0.939,,
2026-01-29 03:09:19.199,approach_feeder_to_pick,-488.495,-759.279,1068.031,179.999,-0.003,90.324,-113.192,42.226,-87.86,0.001,-49.917,-66.484,0.701,1.115,2.374,-0.0,-1.259,-0.697,-0.17,-11.41,1.06,-0.01,-0.08,-0.01,-0.762,-1.274,-2.645,-0.0,1.382,0.825,,
2026-01-29 03:09:19.300,approach_feeder_to_pick,-488.39,-760.319,1068.022,179.999,-0.003,90.326,-113.16,42.278,-87.75,0.001,-49.975,-66.515,0.607,0.966,2.056,-0.0,-1.089,-0.6,-0.12,-11.48,1.04,-0.02,-0.0,0.05,-0.862,-1.426,-2.975,-0.0,1.558,0.913,,
2026-01-29 03:09:19.404,approach_feeder_to_pick,-488.264,-761.553,1068.01,179.999,-0.002,90.328,-113.121,42.339,-87.619,0.001,-50.044,-66.551,0.552,0.878,1.869,-0.0,-0.989,-0.541,-0.19,-11.41,1.11,0.04,-0.08,-0.01,-0.714,-1.186,-2.471,-0.0,1.293,0.766,waypoint,
2026-01-29 03:09:19.510,pick_on_feeder,-488.157,-762.585,1068.0,179.999,-0.002,90.331,-113.089,42.391,-87.509,0.001,-50.102,-66.581,0.495,0.787,1.675,-0.0,-0.886,-0.481,-0.01,-11.46,1.03,0.01,-0.05,0.04,-0.706,-1.168,-2.438,-0.0,1.277,0.752,,
2026-01-29 03:09:19.619,pick_on_feeder,-488.051,-763.597,1067.99,180.0,-0.002,90.333,-113.057,42.441,-87.402,0.001,-50.159,-66.61,0.45,0.716,1.525,-0.0,-0.806,-0.434,-0.11,-11.5,1.05,0.1,0.01,-0.06,-0.641,-1.06,-2.214,-0.0,1.161,0.684,,
2026-01-29 03:09:19.726,pick_on_feeder,-487.954,-764.511,1067.982,180.0,-0.001,90.335,-113.029,42.487,-87.305,0.001,-50.21,-66.637,0.409,0.651,1.386,-0.0,-0.732,-0.391,-0.1,-11.43,0.93,0.06,-0.04,-0.08,-0.608,-1.003,-2.097,-0.0,1.1,0.647,,
2026-01-29 03:09:19.831,pick_on_feeder,-487.866,-765.335,1067.974,180.0,-0.001,90.338,-113.003,42.528,-87.218,0.0,-50.256,-66.66,0.372,0.591,1.258,-0.0,-0.664,-0.352,-0.03,-11.39,1.05,-0.0,0.01,-0.05,-0.575,-0.947,-1.982,-0.0,1.04,0.61,,
2026-01-29 03:09:19.937,pick_on_feeder,-487.785,-766.079,1067.966,180.0,-0.0,90.34,-112.979,42.565,-87.139,0.0,-50.297,-66.681,0.337,0.536,1.141,-0.0,-0.602,-0.317,-0.03,-11.5,1.12,0.1,-0.05,0.01,-0.543,-0.893,-1.869,-0.0,0.981,0.573,,
2026-01-29 03:09:20.047,pick_on_feeder,-487.723,-766.651,1067.961,-180.0,-0.0,90.342,-112.961,42.593,-87.078,0.0,-50.329,-66.697,0.298,0.473,1.008,-0.0,-0.531,-0.278,-0.16,-11.46,1.06,0.05,-0.07,0.03,-0.542,-0.889,-1.864,0.0,0.979,0.566,,
2026-01-29 03:09:20.152,pick_on_feeder,-487.676,-767.083,1067.957,-180.0,0.0,90.343,-112.948,42.615,-87.032,0.0,-50.353,-66.709,0.257,0.409,0.871,-0.0,-0.459,-0.238,-0.12,-11.51,1.01,0.06,0.04,0.01,-0.532,-0.87,-1.826,0.0,0.959,0.549,,
2026-01-29 03:09:20.258,pick_on_feeder,-487.613,-767.656,1067.951,-180.0,0.0,90.345,-112.93,42.644,-86.971,0.0,-50.385,-66.725,0.238,0.378,0.806,-0.0,-0.424,-0.218,-0.09,-11.54,1.04,0.02,-0.09,0.05,-0.435,-0.713,-1.494,0.0,0.785,0.456,,
2026-01-29 03:09:20.363,pick_on_feeder,-487.555,-768.174,1067.946,-180.0,0.001,90.347,-112.914,42.669,-86.916,0.0,-50.414,-66.739,0.219,0.348,0.742,-0.0,-0.39,-0.199,-0.07,-11.56,1.03,0.01,-0.0,-0.01,-0.409,-0.669,-1.404,0.0,0.738,0.427,,
2026-01-29 03:09:20.471,pick_on_feeder,-487.503,-768.64,1067.941,-179.999,0.001,90.349,-112.899,42.693,-86.866,0.0,-50.44,-66.752,0.201,0.32,0.68,-0.0,-0.357,-0.181,0.02,-11.46,1.03,0.02,0.01,0.04,-0.384,-0.627,-1.317,0.0,0.692,0.4,,
2026-01-29 03:09:20.578,pick_on_feeder,-487.456,-769.061,1067.937,-179.999,0.001,90.351,-112.886,42.714,-86.821,0.0,-50.463,-66.763,0.184,0.292,0.622,-0.0,-0.327,-0.164,-0.08,-11.43,0.99,0.05,-0.02,-0.04,-0.359,-0.587,-1.234,0.0,0.649,0.373,,
2026-01-29 03:09:20.685,pick_on_feeder,-487.41,-769.469,1067.933,-179.999,0.002,90.353,-112.873,42.734,-86.778,0.0,-50.486,-66.774,0.17,0.27,0.575,-0.0,-0.302,-0.15,-0.11,-11.42,1.12,-0.05,-0.01,0.03,-0.328,-0.535,-1.124,0.0,0.591,0.34,,
2026-01-29 03:09:20.793,pick_on_feeder,-487.369,-769.834,1067.929,-179.999,0.002,90.355,-112.861,42.752,-86.739,0.0,-50.506,-66.784,0.156,0.248,0.528,-0.0,-0.277,-0.137,-0.04,-11.47,1.02,-0.01,-0.04,0.06,-0.308,-0.503,-1.057,0.0,0.556,0.318,,
2026-01-29 03:09:20.894,pick_on_feeder,-487.334,-770.139,1067.926,-179.999,0.002,90.356,-112.852,42.768,-86.707,0.0,-50.523,-66.792,0.141,0.224,0.477,-0.0,-0.25,-0.123,0.0,-11.48,1.06,-0.03,-0.08,-0.11,-0.296,-0.483,-1.016,0.0,0.534,0.303,,
2026-01-29 03:09:20.999,pick_on_feeder,-487.303,-770.414,1067.923,-179.999,0.002,90.358,-112.843,42.781,-86.677,0.0,-50.538,-66.799,0.127,0.203,0.431,-0.0,-0.226,-0.11,-0.03,-11.44,1.14,-0.01,0.07,0.0,-0.276,-0.449,-0.946,0.0,0.497,0.281,,
2026-01-29 03:09:21.105,pick_on_feeder,-487.273,-770.681,1067.92,-179.999,0.003,90.359,-112.835,42.795,-86.649,0.0,-50.553,-66.806,0.116,0.185,0.394,-0.0,-0.206,-0.1,-0.05,-11.4,1.07,-0.03,-0.04,-0.03,-0.251,-0.409,-0.86,0.0,0.452,0.256,,
2026-01-29 03:09:21.206,pick_on_feeder,-487.253,-770.854,1067.919,-179.999,0.003,90.36,-112.829,42.803,-86.631,0.0,-50.563,-66.811,0.101,0.161,0.342,-0.0,-0.179,-0.086,-0.05,-11.5,1.16,0.08,0.0,-0.01,-0.255,-0.415,-0.874,0.0,0.459,0.255,,
2026-01-29 03:09:21.313,pick_on_feeder,-487.231,-771.044,1067.917,-179.999,0.003,90.362,-112.823,42.813,-86.61,0.0,-50.573,-66.815,0.091,0.144,0.307,-0.0,-0.16,-0.076,-0.13,-11.43,1.08,0.0,-0.01,0.0,-0.224,-0.364,-0.768,0.0,0.404,0.225,,
2026-01-29 03:09:21.423,pick_on_feeder,-487.216,-771.175,1067.915,-179.999,0.003,90.362,-112.819,42.82,-86.596,0.0,-50.581,-66.819,0.078,0.125,0.265,-0.0,-0.138,-0.066,-0.05,-11.47,1.01,-0.03,-0.0,-0.01,-0.22,-0.357,-0.754,0.0,0.396,0.218,,
2026-01-29 03:09:21.524,pick_on_feeder,-487.199,-771.324,1067.914,-179.999,0.003,90.363,-112.815,42.827,-86.581,0.0,-50.589,-66.822,0.07,0.112,0.238,-0.0,-0.124,-0.059,0.05,-11.39,1.02,0.06,0.06,-0.11,-0.193,-0.313,-0.66,0.0,0.347,0.192,,
2026-01-29 03:09:21.632,pick_on_feeder,-487.185,-771.448,1067.913,-179.998,0.004,90.364,-112.811,42.833,-86.567,0.0,-50.596,-66.825,0.063,0.1,0.212,-0.0,-0.11,-0.052,-0.04,-11.46,1.11,0.1,0.04,0.08,-0.181,-0.294,-0.62,0.0,0.326,0.179,,
2026-01-29 03:09:21.735,pick_on_feeder,-487.172,-771.563,1067.911,-179.998,0.004,90.365,-112.807,42.839,-86.555,0.0,-50.602,-66.828,0.056,0.089,0.189,-0.0,-0.099,-0.046,-0.04,-11.41,1.08,0.0,0.04,-0.07,-0.166,-0.269,-0.568,0.0,0.298,0.164,,
2026-01-29 03:09:21.839,pick_on_feeder,-487.157,-771.69,1067.91,-179.998,0.004,90.366,-112.803,42.845,-86.542,0.0,-50.609,-66.831,0.052,0.083,0.176,-0.0,-0.091,-0.042,-0.07,-11.38,1.14,0.07,-0.1,0.08,-0.146,-0.237,-0.499,0.0,0.262,0.145,,
2026-01-29 03:09:21.939,pick_on_feeder,-487.143,-771.814,1067.909,-179.998,0.004,90.367,-112.799,42.851,-86.529,0.0,-50.616,-66.834,0.049,0.077,0.165,-0.0,-0.086,-0.039,-0.01,-11.42,1.04,-0.08,-0.03,-0.06,-0.132,-0.214,-0.451,0.0,0.237,0.131,,
2026-01-29 03:09:22.043,pick_on_feeder,-487.13,-771.926,1067.908,-179.998,0.004,90.367,-112.796,42.857,-86.517,0.0,-50.622,-66.837,0.045,0.072,0.153,-0.0,-0.08,-0.036,-0.03,-11.37,1.12,0.1,-0.07,-0.01,-0.123,-0.199,-0.419,0.0,0.22,0.121,,
2026-01-29 03:09:22.144,pick_on_feeder,-487.118,-772.034,1067.907,-179.998,0.004,90.368,-112.792,42.862,-86.505,0.0,-50.628,-66.84,0.042,0.068,0.144,-0.0,-0.075,-0.034,-0.04,-11.51,1.08,0.04,0.0,0.03,-0.112,-0.181,-0.381,0.0,0.2,0.11,,
2026-01-29 03:09:22.248,pick_on_feeder,-487.107,-772.125,1067.906,-179.998,0.004,90.369,-112.79,42.867,-86.495,0.0,-50.633,-66.842,0.039,0.062,0.132,-0.0,-0.068,-0.031,0.08,-11.37,1.16,0.05,-0.01,0.01,-0.106,-0.172,-0.362,0.0,0.19,0.104,,
2026-01-29 03:09:22.661,pick_on_feeder,-487.078,-772.38,1067.903,-179.998,0.005,90.371,-112.781,42.88,-86.468,0.0,-50.647,-66.848,0.026,0.041,0.087,-0.0,-0.045,-0.019,0.03,-11.36,1.01,0.11,0.0,0.0,-0.079,-0.128,-0.271,0.0,0.142,0.076,,
2026-01-29 03:09:23.079,pick_on_feeder,-487.055,-772.58,1067.901,-179.998,0.005,90.373,-112.775,42.89,-86.447,0.0,-50.658,-66.852,0.019,0.029,0.063,-0.0,-0.032,-0.014,-0.15,-11.36,1.1,0.11,0.03,-0.01,-0.054,-0.088,-0.186,0.0,0.097,0.052,,
2026-01-29 03:09:23.487,pick_on_feeder,-487.04,-772.707,1067.9,-179.998,0.005,90.374,-112.771,42.896,-86.434,0.0,-50.665,-66.855,0.012,0.02,0.042,-0.0,-0.022,-0.009,0.04,-11.4,1.02,0.06,0.09,-0.02,-0.04,-0.065,-0.137,0.0,0.072,0.037,,
2026-01-29 03:09:23.938,pick_on_feeder,-487.034,-772.755,1067.899,-179.998,0.005,90.375,-112.77,42.898,-86.428,0.0,-50.667,-66.856,0.006,0.01,0.021,-0.0,-0.011,-0.004,-0.12,-11.45,1.09,0.05,-0.0,-0.01,-0.031,-0.05,-0.106,0.0,0.055,0.028,,
2026-01-29 03:09:24.353,pick_on_feeder,-487.027,-772.814,1067.899,-179.998,0.005,90.375,-112.768,42.901,-86.422,0.0,-50.671,-66.857,0.005,0.008,0.018,-0.0,-0.009,-0.004,0.01,-11.36,1.01,0.18,-0.03,-0.0,-0.018,-0.03,-0.063,0.0,0.033,0.017,,
2026-01-29 03:09:24.774,pick_on_feeder,-487.022,-772.864,1067.898,-179.998,0.006,90.376,-112.766,42.904,-86.417,0.0,-50.673,-66.858,0.004,0.007,0.014,-0.0,-0.007,-0.003,-0.09,-11.44,1.11,0.0,-0.0,-0.01,-0.014,-0.022,-0.047,0.0,0.025,0.012,,
2026-01-29 03:09:25.198,pick_on_feeder,-487.018,-772.896,1067.898,-179.998,0.006,90.376,-112.765,42.905,-86.413,0.0,-50.675,-66.859,0.003,0.005,0.01,-0.0,-0.005,-0.002,-0.04,-11.47,1.07,0.06,-0.06,0.01,-0.01,-0.016,-0.033,0.0,0.017,0.009,,
2026-01-29 03:09:25.604,pick_on_feeder,-487.015,-772.92,1067.897,-179.998,0.006,90.376,-112.765,42.907,-86.411,0.0,-50.676,-66.859,0.002,0.003,0.007,-0.0,-0.004,-0.001,0.03,-11.43,1.16,0.11,-0.01,0.06,-0.007,-0.011,-0.024,0.0,0.012,0.006,,
2026-01-29 03:09:26.010,pick_on_feeder,-487.014,-772.935,1067.897,-179.998,0.006,90.377,-112.764,42.907,-86.409,0.0,-50.677,-66.86,0.001,0.002,0.005,-0.0,-0.003,-0.001,-0.05,-11.3,1.15,0.05,0.0,-0.12,-0.005,-0.008,-0.018,0.0,0.009,0.004,,
2026-01-29 03:09:26.120,pick_to_retreat_feeder,-487.171,-773.301,1073.241,-179.983,0.039,90.376,-112.764,42.654,-86.225,0.001,-51.079,-66.861,0.001,-0.633,0.465,0.002,-1.006,-0.004,-0.06,-12.06,1.08,0.04,-0.06,-0.01,-0.007,-2.546,1.828,0.009,-4.008,-0.009,,
2026-01-29 03:09:26.223,pick_to_retreat_feeder,-487.331,-773.675,1081.288,-179.979,0.047,90.374,-112.764,42.272,-85.947,0.001,-51.729,-66.862,0.0,-1.428,1.043,0.001,-2.381,-0.006,0.03,-11.72,1.06,-0.0,0.01,0.0,-0.007,-3.567,2.574,-0.002,-6.093,-0.008,,
2026-01-29 03:09:26.325,pick_to_retreat_feeder,-487.453,-773.958,1090.067,-179.983,0.04,90.373,-112.765,41.858,-85.645,0.0,-52.454,-66.863,-0.001,-2.108,1.538,-0.001,-3.598,-0.007,-0.01,-11.51,1.08,0.01,-0.02,0.02,-0.007,-3.546,2.563,-0.008,-6.229,-0.002,,
2026-01-29 03:09:26.431,pick_to_retreat_feeder,-487.529,-774.135,1097.968,-179.987,0.032,90.372,-112.765,41.485,-85.373,-0.0,-53.107,-66.864,-0.001,-2.512,1.832,-0.002,-4.331,-0.006,0.08,-11.11,1.11,-0.01,0.03,0.0,-0.006,-2.767,1.998,-0.007,-4.888,0.003,,
2026-01-29 03:09:26.538,pick_to_retreat_feeder,-487.568,-774.225,1104.093,-179.99,0.025,90.371,-112.765,41.197,-85.164,-0.001,-53.612,-66.864,-0.001,-2.604,1.899,-0.003,-4.511,-0.005,0.12,-11.0,1.11,0.0,-0.05,0.01,-0.005,-1.648,1.184,-0.005,-2.919,0.004,,
2026-01-29 03:09:26.646,pick_to_retreat_feeder,-487.589,-774.272,1109.676,-179.993,0.02,90.37,-112.765,40.935,-84.973,-0.001,-54.072,-66.864,-0.001,-2.609,1.901,-0.003,-4.531,-0.004,0.04,-10.8,0.97,0.15,0.04,-0.02,-0.004,-1.223,0.876,-0.004,-2.168,0.004,,
2026-01-29 03:09:26.749,pick_to_retreat_feeder,-487.597,-774.285,1114.762,-179.995,0.015,90.37,-112.765,40.696,-84.799,-0.002,-54.489,-66.864,-0.001,-2.553,1.86,-0.004,-4.442,-0.003,0.05,-10.74,1.09,0.05,-0.08,-0.04,-0.004,-0.864,0.616,-0.003,-1.534,0.004,,
2026-01-29 03:09:26.850,pick_to_retreat_feeder,-487.592,-774.272,1119.762,-179.997,0.011,90.369,-112.765,40.462,-84.628,-0.002,-54.899,-66.864,-0.001,-2.5,1.822,-0.004,-4.355,-0.003,0.12,-10.6,1.02,0.03,0.02,0.05,-0.003,-0.734,0.523,-0.002,-1.301,0.003,,
2026-01-29 03:09:26.952,pick_to_retreat_feeder,-487.58,-774.24,1123.949,-179.999,0.008,90.369,-112.766,40.266,-84.486,-0.003,-55.241,-66.864,-0.001,-2.365,1.723,-0.004,-4.122,-0.003,0.06,-10.57,1.08,0.06,0.03,-0.01,-0.003,-0.278,0.192,-0.001,-0.499,0.003,,
2026-01-29 03:09:27.057,pick_to_retreat_feeder,-487.557,-774.183,1128.661,179.999,0.004,90.368,-112.766,40.046,-84.325,-0.003,-55.625,-66.864,-0.001,-2.324,1.693,-0.004,-4.053,-0.002,0.15,-10.55,1.06,-0.02,-0.04,0.0,-0.002,-0.493,0.349,-0.001,-0.87,0.003,,
2026-01-29 03:09:27.158,pick_to_retreat_feeder,-487.531,-774.117,1132.589,179.998,0.002,90.368,-112.766,39.863,-84.192,-0.003,-55.945,-66.865,-0.001,-2.201,1.604,-0.003,-3.839,-0.002,0.14,-10.54,1.09,0.05,-0.12,-0.08,-0.002,-0.075,0.046,-0.001,-0.136,0.002,,
2026-01-29 03:09:27.262,pick_to_retreat_feeder,-487.501,-774.045,1136.109,179.997,-0.0,90.368,-112.766,39.699,-84.072,-0.003,-56.231,-66.865,-0.001,-2.061,1.502,-0.003,-3.594,-0.002,0.08,-10.48,1.06,0.08,-0.1,-0.08,-0.002,0.124,-0.098,-0.0,0.214,0.002,,
2026-01-29 03:09:27.363,pick_to_retreat_feeder,-487.473,-773.974,1139.049,179.996,-0.002,90.367,-112.766,39.562,-83.972,-0.004,-56.47,-66.865,-0.001,-1.889,1.376,-0.003,-3.292,-0.002,0.06,-10.49,1.03,0.04,-0.04,0.04,-0.001,0.383,-0.286,0.0,0.667,0.002,,
2026-01-29 03:09:27.465,pick_to_retreat_feeder,-487.444,-773.903,1141.705,179.995,-0.003,90.367,-112.766,39.438,-83.882,-0.004,-56.685,-66.865,-0.001,-1.726,1.257,-0.003,-3.007,-0.002,0.09,-10.49,1.11,0.09,0.03,0.02,-0.001,0.478,-0.355,0.001,0.834,0.002,,
2026-01-29 03:09:27.572,pick_to_retreat_feeder,-487.412,-773.827,1144.279,179.994,-0.004,90.367,-112.766,39.318,-83.795,-0.004,-56.893,-66.865,-0.001,-1.594,1.161,-0.002,-2.776,-0.002,0.02,-10.45,1.09,0.02,-0.01,-0.01,-0.001,0.469,-0.348,0.001,0.821,0.002,,
2026-01-29 03:09:27.672,pick_to_retreat_feeder,-487.386,-773.763,1146.271,179.994,-0.005,90.366,-112.766,39.225,-83.728,-0.004,-57.054,-66.865,-0.001,-1.427,1.039,-0.002,-2.484,-0.001,0.1,-10.49,1.16,0.09,-0.08,0.05,-0.001,0.693,-0.51,0.001,1.212,0.002,,
2026-01-29 03:09:27.774,pick_to_retreat_feeder,-487.359,-773.697,1148.227,179.994,-0.005,90.366,-112.766,39.134,-83.661,-0.004,-57.212,-66.865,-0.001,-1.298,0.945,-0.002,-2.258,-0.001,0.04,-10.51,1.13,-0.07,0.02,-0.02,-0.001,0.641,-0.472,0.001,1.121,0.002,,
2026-01-29 03:09:27.877,pick_to_retreat_feeder,-487.333,-773.634,1149.994,179.993,-0.006,90.366,-112.766,39.052,-83.602,-0.004,-57.354,-66.866,-0.001,-1.178,0.858,-0.002,-2.049,-0.001,0.1,-10.45,1.12,0.06,0.0,0.01,-0.001,0.665,-0.489,0.001,1.164,0.001,,
2026-01-29 03:09:27.984,pick_to_retreat_feeder,-487.309,-773.574,1151.589,179.993,-0.006,90.366,-112.766,38.978,-83.548,-0.004,-57.482,-66.866,-0.001,-1.069,0.779,-0.001,-1.858,-0.001,0.05,-10.55,1.12,0.16,-0.05,0.02,-0.0,0.679,-0.498,0.001,1.187,0.001,waypoint,
2026-01-29 03:09:28.090,pick_to_retreat_feeder,-491.897,-759.331,1152.633,179.969,-0.063,90.055,-113.392,38.285,-84.787,-0.004,-56.998,-66.551,-1.566,-2.536,-2.514,0.0,-0.183,0.785,-2.18,-13.58,0.89,0.0,-0.05,-0.05,-6.261,-5.584,-13.381,0.008,7.193,3.148,,
2026-01-29 03:09:28.196,pick_to_retreat_feeder,-499.58,-733.485,1152.914,179.959,-0.087,89.751,-114.528,37.096,-87.087,-0.002,-55.913,-65.721,-4.014,-4.873,-7.637,0.006,2.576,2.665,-1.29,-12.48,0.87,0.07,-0.03,-0.04,-10.731,-9.973,-22.654,0.023,12.487,7.993,,
2026-01-29 03:09:28.298,pick_to_retreat_feeder,-506.63,-706.109,1153.006,179.962,-0.078,89.67,-115.72,35.852,-89.504,-0.0,-54.731,-64.609,-5.99,-6.766,-11.77,0.007,4.888,4.777,-0.35,-11.44,0.94,0.11,-0.02,0.01,-10.222,-9.537,-21.553,0.011,12.208,9.999,,
2026-01-29 03:09:28.403,pick_to_retreat_feeder,-512.523,-678.814,1152.952,179.968,-0.062,89.727,-116.897,34.624,-91.889,-0.001,-53.556,-63.377,-7.433,-8.143,-14.789,0.005,6.602,6.665,0.24,-10.51,1.01,0.07,0.04,0.12,-9.041,-8.414,-19.077,-0.004,10.909,10.217,,
2026-01-29 03:09:28.511,pick_to_retreat_feeder,-517.206,-652.128,1152.767,179.974,-0.046,89.843,-118.036,33.435,-94.199,-0.001,-52.418,-62.121,-8.424,-9.08,-16.867,0.002,7.796,8.138,0.65,-9.74,1.05,0.11,-0.01,-0.05,-7.769,-7.188,-16.422,-0.011,9.451,9.425,,
2026-01-29 03:09:28.620,pick_to_retreat_feeder,-520.336,-629.692,1152.514,179.979,-0.033,89.957,-118.987,32.443,-96.127,-0.002,-51.469,-61.055,-8.696,-9.292,-17.471,-0.001,8.22,8.769,1.01,-9.19,0.98,0.02,0.1,-0.03,-5.11,-4.505,-10.964,-0.011,6.618,6.587,,
2026-01-29 03:09:28.727,pick_to_retreat_feeder,-522.547,-609.338,1152.208,179.984,-0.023,90.062,-119.846,31.547,-97.868,-0.003,-50.613,-60.09,-8.668,-9.209,-17.455,-0.003,8.305,8.989,1.19,-8.76,1.13,0.07,0.04,-0.02,-3.673,-3.088,-7.99,-0.009,5.025,4.912,,
2026-01-29 03:09:28.835,pick_to_retreat_feeder,-524.131,-589.552,1151.841,179.988,-0.013,90.161,-120.677,30.679,-99.554,-0.004,-49.785,-59.159,-8.58,-9.076,-17.305,-0.005,8.299,9.067,1.17,-8.4,1.22,-0.02,0.03,0.07,-3.034,-2.496,-6.639,-0.008,4.244,4.079,,
2026-01-29 03:09:28.939,pick_to_retreat_feeder,-525.031,-572.988,1151.483,179.992,-0.006,90.238,-121.371,29.955,-100.961,-0.005,-49.095,-58.388,-8.17,-8.618,-16.497,-0.005,7.951,8.729,1.22,-8.0,1.14,-0.03,0.02,0.04,-1.357,-0.813,-3.191,-0.005,2.446,2.081,,
2026-01-29 03:09:29.044,pick_to_retreat_feeder,-525.536,-556.918,1151.09,179.995,0.0,90.306,-122.043,29.253,-102.323,-0.006,-48.426,-57.647,-7.808,-8.217,-15.779,-0.005,7.634,8.4,1.1,-7.89,1.02,0.11,0.01,0.04,-1.001,-0.502,-2.426,-0.004,1.977,1.569,,
2026-01-29 03:09:29.148,pick_to_retreat_feeder,-525.678,-544.472,1150.756,179.997,0.005,90.355,-122.563,28.711,-103.377,-0.006,-47.91,-57.078,-7.156,-7.519,-14.469,-0.005,7.017,7.721,1.08,-7.68,1.17,0.05,0.09,0.01,0.621,1.136,0.901,-0.002,0.262,-0.313,,
2026-01-29 03:09:29.248,pick_to_retreat_feeder,-525.62,-533.139,1150.428,180.0,0.008,90.394,-123.036,28.217,-104.336,-0.006,-47.44,-56.565,-6.549,-6.873,-13.249,-0.005,6.437,7.074,1.07,-7.49,1.14,0.05,0.0,0.09,1.028,1.512,1.762,-0.001,-0.233,-0.835,,
2026-01-29 03:09:29.350,pick_to_retreat_feeder,-525.432,-523.648,1150.137,-179.999,0.011,90.425,-123.432,27.804,-105.139,-0.007,-47.047,-56.139,-5.902,-6.188,-11.944,-0.004,5.81,6.371,0.99,-7.32,1.17,0.06,0.03,-0.04,1.695,2.164,3.147,0.0,-0.977,-1.62,,
2026-01-29 03:09:29.450,pick_to_retreat_feeder,-525.09,-513.44,1149.806,-179.997,0.014,90.453,-123.858,27.359,-106.002,-0.007,-46.625,-55.684,-5.491,-5.752,-11.116,-0.004,5.413,5.916,0.99,-7.2,1.16,-0.0,0.0,-0.01,1.227,1.637,2.228,0.0,-0.587,-1.173,,
2026-01-29 03:09:29.559,pick_to_retreat_feeder,-524.62,-503.556,1149.468,-179.995,0.016,90.477,-124.271,26.929,-106.838,-0.007,-46.217,-55.247,-5.149,-5.39,-10.427,-0.004,5.081,5.528,0.89,-7.1,1.09,0.06,0.0,-0.08,1.239,1.614,2.278,0.001,-0.665,-1.24,,
2026-01-29 03:09:29.664,pick_to_retreat_feeder,-524.082,-494.705,1149.152,-179.994,0.018,90.495,-124.64,26.544,-107.587,-0.007,-45.851,-54.86,-4.785,-5.006,-9.692,-0.003,4.724,5.114,0.78,-7.11,1.08,-0.04,0.02,-0.03,1.546,1.902,2.924,0.001,-1.028,-1.608,,
2026-01-29 03:09:29.766,pick_to_retreat_feeder,-523.55,-487.319,1148.877,-179.993,0.02,90.507,-124.948,26.222,-108.212,-0.008,-45.546,-54.54,-4.36,-4.559,-8.831,-0.003,4.305,4.636,0.78,-7.01,1.06,0.07,0.01,0.07,2.002,2.348,3.868,0.001,-1.532,-2.116,,
2026-01-29 03:09:29.867,pick_to_retreat_feeder,-523.003,-480.654,1148.621,-179.992,0.021,90.515,-125.226,25.931,-108.776,-0.008,-45.271,-54.253,-3.965,-4.145,-8.034,-0.002,3.917,4.194,0.71,-7.04,1.01,0.03,-0.02,0.01,2.102,2.427,4.09,0.002,-1.678,-2.242,,
2026-01-29 03:09:29.977,pick_to_retreat_feeder,-522.457,-474.64,1148.383,-179.991,0.021,90.521,-125.478,25.669,-109.285,-0.008,-45.023,-53.997,-3.602,-3.764,-7.298,-0.002,3.557,3.787,0.66,-6.98,0.97,0.02,-0.03,0.01,2.162,2.467,4.23,0.002,-1.779,-2.319,,
2026-01-29 03:09:30.077,pick_to_retreat_feeder,-521.879,-468.819,1148.147,-179.991,0.022,90.523,-125.721,25.416,-109.778,-0.008,-44.783,-53.75,-3.309,-3.458,-6.706,-0.002,3.268,3.455,0.56,-6.87,1.14,0.03,0.06,0.06,2.026,2.303,3.968,0.002,-1.682,-2.191,,
2026-01-29 03:09:30.184,pick_to_retreat_feeder,-521.321,-463.609,1147.93,-179.991,0.022,90.524,-125.939,25.188,-110.22,-0.008,-44.569,-53.532,-3.027,-3.161,-6.134,-0.001,2.988,3.138,0.49,-7.06,1.1,-0.03,-0.09,0.02,2.077,2.338,4.086,0.002,-1.766,-2.249,,
2026-01-29 03:09:30.287,pick_to_retreat_feeder,-520.789,-458.945,1147.733,-179.99,0.023,90.523,-126.134,24.985,-110.615,-0.008,-44.376,-53.338,-2.758,-2.88,-5.589,-0.001,2.721,2.837,0.47,-6.99,1.2,0.08,-0.07,0.05,2.097,2.342,4.139,0.002,-1.816,-2.271,,
2026-01-29 03:09:30.394,pick_to_retreat_feeder,-520.286,-454.77,1147.552,-179.99,0.023,90.52,-126.308,24.802,-110.969,-0.008,-44.205,-53.166,-2.505,-2.616,-5.077,-0.001,2.471,2.558,0.35,-6.98,1.08,0.06,0.02,-0.04,2.091,2.32,4.138,0.002,-1.836,-2.262,,
2026-01-29 03:09:30.501,pick_to_retreat_feeder,-519.848,-451.287,1147.399,-179.99,0.023,90.516,-126.454,24.65,-111.265,-0.008,-44.061,-53.024,-2.243,-2.342,-4.547,-0.001,2.211,2.274,0.4,-6.95,0.96,0.04,-0.01,0.07,2.17,2.389,4.309,0.002,-1.938,-2.333,,
2026-01-29 03:09:30.625,pick_to_retreat_feeder,-519.686,-450.039,1147.344,-179.99,0.022,90.515,-126.506,24.596,-111.371,-0.008,-44.01,-52.974,-1.813,-1.893,-3.675,-0.0,1.787,1.832,0.27,-6.9,1.01,-0.0,0.0,0.03,2.889,3.127,5.776,0.002,-2.665,-3.015,,
2026-01-29 03:09:30.735,pick_to_retreat_feeder,-519.499,-448.606,1147.28,-179.99,0.022,90.512,-126.566,24.533,-111.492,-0.008,-43.951,-52.916,-1.51,-1.576,-3.06,-0.0,1.488,1.519,0.23,-6.94,0.91,0.03,-0.01,0.04,2.523,2.733,5.04,0.001,-2.322,-2.64,,
2026-01-29 03:09:30.837,pick_to_retreat_feeder,-519.169,-446.149,1147.17,-179.99,0.022,90.508,-126.669,24.426,-111.701,-0.008,-43.85,-52.817,-1.39,-1.451,-2.817,-0.0,1.368,1.386,0.37,-6.94,0.98,-0.0,0.05,0.09,1.841,2.012,3.666,0.001,-1.668,-1.968,,
2026-01-29 03:09:30.941,pick_to_retreat_feeder,-518.779,-443.315,1147.041,-179.99,0.022,90.503,-126.788,24.302,-111.942,-0.008,-43.733,-52.704,-1.339,-1.398,-2.714,-0.0,1.318,1.322,0.22,-6.98,0.95,0.08,0.07,0.05,1.499,1.646,2.979,0.001,-1.347,-1.629,,
2026-01-29 03:09:31.045,pick_to_retreat_feeder,-518.42,-440.778,1146.925,-179.99,0.022,90.497,-126.894,24.191,-112.157,-0.008,-43.629,-52.603,-1.27,-1.326,-2.575,-0.0,1.249,1.242,0.18,-6.95,1.02,0.11,-0.05,0.02,1.473,1.611,2.933,0.001,-1.335,-1.593,,
2026-01-29 03:09:31.147,pick_to_retreat_feeder,-518.09,-438.506,1146.82,-179.991,0.021,90.49,-126.99,24.091,-112.35,-0.008,-43.536,-52.514,-1.191,-1.243,-2.414,0.0,1.17,1.154,0.1,-6.93,0.95,-0.02,-0.03,0.03,1.437,1.565,2.865,0.001,-1.311,-1.547,,
2026-01-29 03:09:31.248,pick_to_retreat_feeder,-517.81,-436.611,1146.731,-179.991,0.021,90.485,-127.069,24.008,-112.512,-0.008,-43.458,-52.441,-1.092,-1.14,-2.213,0.0,1.072,1.05,0.17,-6.9,1.0,-0.06,-0.01,-0.02,1.45,1.573,2.897,0.001,-1.335,-1.546,,
2026-01-29 03:09:31.352,pick_to_retreat_feeder,-517.533,-434.776,1146.645,-179.991,0.021,90.478,-127.146,23.928,-112.668,-0.008,-43.383,-52.37,-1.011,-1.056,-2.05,0.0,0.992,0.964,0.18,-7.01,1.06,0.18,0.02,0.04,1.331,1.442,2.658,0.001,-1.227,-1.421,,
2026-01-29 03:09:31.453,pick_to_retreat_feeder,-517.298,-433.244,1146.573,-179.991,0.02,90.472,-127.21,23.861,-112.798,-0.008,-43.32,-52.312,-0.919,-0.959,-1.863,0.0,0.901,0.869,0.17,-6.9,1.01,0.13,-0.05,0.08,1.325,1.431,2.65,0.001,-1.229,-1.401,waypoint,
2026-01-29 03:09:31.559,pick_to_retreat_feeder,-501.227,-444.066,1164.827,-179.891,0.159,91.364,-125.518,22.368,-112.617,-0.011,-44.823,-53.11,3.541,-4.452,-0.945,-0.009,-3.082,-1.343,2.41,-15.84,1.54,0.0,-0.01,0.08,18.756,-12.974,5.5,-0.036,-16.766,-9.824,,
2026-01-29 03:09:31.667,pick_to_retreat_feeder,-458.388,-468.647,1210.63,-179.851,0.253,92.55,-121.143,18.709,-111.946,-0.021,-49.051,-56.294,13.595,-12.485,0.969,-0.031,-12.883,-8.969,0.75,-13.44,1.18,0.05,-0.03,-0.07,43.716,-33.329,9.847,-0.094,-42.341,-32.71,,
2026-01-29 03:09:31.768,pick_to_retreat_feeder,-415.115,-485.564,1253.793,-179.89,0.232,92.758,-116.952,15.212,-111.299,-0.025,-53.234,-60.276,20.672,-18.108,2.345,-0.032,-20.117,-16.681,-0.45,-10.9,0.82,0.05,-0.07,-0.04,37.491,-28.389,8.626,-0.022,-37.645,-37.407,,
2026-01-29 03:09:31.870,pick_to_retreat_feeder,-374.896,-495.271,1292.163,-179.929,0.194,92.527,-113.155,12.042,-110.712,-0.024,-57.04,-64.305,24.997,-21.504,3.224,-0.022,-24.605,-22.584,-1.05,-8.55,0.68,0.08,-0.07,-0.07,29.811,-22.265,7.155,0.027,-30.125,-34.144,,
2026-01-29 03:09:31.975,pick_to_retreat_feeder,-338.373,-499.408,1326.067,-179.957,0.155,92.16,-109.726,9.181,-110.183,-0.021,-60.476,-68.103,27.319,-23.282,3.741,-0.009,-27.043,-26.433,-1.21,-6.69,0.53,0.06,-0.13,-0.08,23.144,-16.961,5.868,0.042,-23.406,-28.418,,
2026-01-29 03:09:32.085,pick_to_retreat_feeder,-310.458,-499.608,1351.613,-179.974,0.125,91.837,-107.087,6.978,-109.776,-0.018,-63.119,-71.068,27.087,-22.968,3.824,0.0,-26.89,-27.237,-1.37,-5.02,0.6,0.06,-0.04,-0.06,12.935,-8.676,4.062,0.036,-13.134,-17.244,,
2026-01-29 03:09:32.192,pick_to_retreat_feeder,-283.07,-497.253,1376.535,-179.987,0.096,91.507,-104.457,4.784,-109.37,-0.015,-65.751,-74.03,26.89,-22.713,3.883,0.007,-26.746,-27.832,-1.38,-3.71,0.52,-0.0,-0.06,-0.07,11.548,-7.73,3.642,0.034,-11.709,-15.487,,
2026-01-29 03:09:32.293,pick_to_retreat_feeder,-258.714,-492.936,1398.703,-179.996,0.07,91.214,-102.065,2.787,-109.001,-0.013,-68.143,-76.717,26.149,-22.026,3.836,0.012,-26.041,-27.591,-1.25,-2.62,0.52,-0.03,-0.01,-0.1,8.021,-4.977,2.911,0.027,-8.147,-11.191,,
2026-01-29 03:09:32.394,pick_to_retreat_feeder,-237.168,-487.253,1418.421,179.999,0.048,90.961,-99.888,0.97,-108.665,-0.011,-70.318,-79.148,25.054,-21.061,3.717,0.014,-24.969,-26.771,-1.04,-1.58,0.58,-0.04,-0.1,-0.04,5.06,-2.678,2.287,0.021,-5.158,-7.514,,
2026-01-29 03:09:32.495,pick_to_retreat_feeder,-216.706,-480.094,1437.335,179.996,0.027,90.729,-97.751,-0.813,-108.335,-0.009,-72.452,-81.518,24.133,-20.255,3.612,0.015,-24.061,-26.003,-0.87,-0.87,0.65,0.06,-0.08,-0.09,4.157,-2.079,1.997,0.016,-4.23,-6.15,,
2026-01-29 03:09:32.600,pick_to_retreat_feeder,-198.92,-472.334,1454.007,179.994,0.01,90.537,-95.822,-2.423,-108.037,-0.007,-74.377,-83.64,22.922,-19.216,3.454,0.015,-22.858,-24.807,-0.74,-0.3,0.63,0.0,-0.02,-0.04,1.661,-0.135,1.476,0.011,-1.715,-3.055,,
2026-01-29 03:09:32.704,pick_to_retreat_feeder,-182.394,-463.691,1469.771,179.994,-0.005,90.368,-93.954,-3.982,-107.749,-0.006,-76.239,-85.676,21.861,-18.309,3.311,0.015,-21.799,-23.697,-0.72,0.37,0.83,0.04,-0.1,-0.08,0.883,0.389,1.235,0.008,-0.918,-1.897,,
2026-01-29 03:09:32.809,pick_to_retreat_feeder,-168.235,-455.047,1483.557,179.994,-0.017,90.235,-92.281,-5.378,-107.49,-0.005,-77.906,-87.483,20.578,-17.222,3.129,0.014,-20.515,-22.29,-0.61,0.8,0.82,0.05,-0.1,-0.08,-1.156,1.978,0.81,0.004,1.133,0.589,,
2026-01-29 03:09:32.909,pick_to_retreat_feeder,-156.915,-447.203,1494.816,179.995,-0.026,90.136,-90.885,-6.543,-107.275,-0.004,-79.295,-88.978,18.924,-15.83,2.886,0.012,-18.861,-20.454,-0.51,1.23,0.8,0.04,-0.04,0.0,-3.804,4.086,0.302,0.0,3.783,3.652,,
2026-01-29 03:09:33.015,pick_to_retreat_feeder,-147.113,-439.654,1504.779,179.996,-0.034,90.06,-89.625,-7.595,-107.08,-0.004,-80.549,-90.316,17.344,-14.502,2.651,0.01,-17.279,-18.685,-0.41,1.56,0.95,0.04,0.01,-0.1,-4.783,4.813,0.062,-0.001,4.768,4.86,,
2026-01-29 03:09:33.115,pick_to_retreat_feeder,-140.474,-434.094,1511.661,179.997,-0.038,90.013,-88.739,-8.334,-106.943,-0.003,-81.429,-91.248,15.222,-12.724,2.33,0.009,-15.159,-16.344,-0.43,1.81,0.96,0.01,-0.12,-0.1,-8.055,7.461,-0.523,-0.003,8.028,8.426,,
2026-01-29 03:09:33.215,pick_to_retreat_feeder,-133.965,-428.256,1518.531,179.998,-0.042,89.972,-87.843,-9.083,-106.805,-0.003,-82.319,-92.185,13.658,-11.414,2.093,0.007,-13.596,-14.602,-0.25,2.02,0.94,-0.03,-0.05,-0.08,-7.137,6.621,-0.453,-0.004,7.119,7.532,,
2026-01-29 03:09:33.319,pick_to_retreat_feeder,-127.701,-422.236,1525.274,179.999,-0.045,89.939,-86.949,-9.828,-106.667,-0.003,-83.206,-93.112,12.477,-10.425,1.915,0.006,-12.414,-13.268,-0.25,2.25,1.06,-0.01,-0.04,-0.1,-6.455,5.986,-0.413,-0.004,6.445,6.884,,
2026-01-29 03:09:33.423,pick_to_retreat_feeder,-121.772,-416.138,1531.794,-179.999,-0.047,89.914,-86.072,-10.56,-106.532,-0.003,-84.076,-94.014,11.551,-9.649,1.775,0.005,-11.485,-12.207,-0.22,2.26,1.1,0.08,-0.07,0.01,-5.973,5.523,-0.397,-0.004,5.969,6.441,,
2026-01-29 03:09:33.529,pick_to_retreat_feeder,-116.245,-410.06,1538.011,-179.999,-0.049,89.897,-85.223,-11.269,-106.401,-0.003,-84.918,-94.88,10.786,-9.009,1.659,0.004,-10.718,-11.32,-0.15,2.36,1.11,0.08,-0.07,-0.08,-5.653,5.203,-0.4,-0.004,5.655,6.162,,
2026-01-29 03:09:33.635,pick_to_retreat_feeder,-111.797,-404.862,1543.127,-179.998,-0.049,89.89,-84.514,-11.861,-106.291,-0.002,-85.62,-95.597,9.862,-8.236,1.518,0.003,-9.793,-10.281,-0.21,2.55,1.16,-0.02,-0.09,-0.06,-6.491,5.853,-0.577,-0.004,6.486,7.042,,
2026-01-29 03:09:33.738,pick_to_retreat_feeder,-108.763,-401.145,1546.681,-179.997,-0.049,89.889,-84.015,-12.277,-106.214,-0.002,-86.112,-96.096,8.642,-7.216,1.331,0.002,-8.577,-8.959,-0.08,2.68,1.26,0.05,-0.0,-0.05,-7.952,7.029,-0.845,-0.004,7.929,8.508,,
2026-01-29 03:09:33.842,pick_to_retreat_feeder,-106.027,-397.663,1549.935,-179.997,-0.049,89.891,-83.555,-12.661,-106.143,-0.002,-86.568,-96.554,7.632,-6.373,1.176,0.002,-7.571,-7.865,-0.12,2.68,1.29,-0.03,-0.01,-0.05,-7.534,6.641,-0.818,-0.004,7.513,8.066,,
2026-01-29 03:09:33.946,pick_to_retreat_feeder,-103.324,-394.091,1553.2,-179.997,-0.049,89.896,-83.089,-13.05,-106.071,-0.003,-87.028,-97.015,6.89,-5.752,1.062,0.001,-6.829,-7.051,-0.15,2.77,1.14,0.1,-0.07,-0.03,-6.722,5.928,-0.728,-0.004,6.707,7.234,,
2026-01-29 03:09:34.053,pick_to_retreat_feeder,-101.114,-391.069,1555.91,-179.997,-0.048,89.903,-82.699,-13.376,-106.011,-0.003,-87.413,-97.398,6.143,-5.128,0.947,0.001,-6.085,-6.245,-0.05,2.83,1.28,0.09,-0.04,-0.02,-6.811,5.97,-0.772,-0.004,6.79,7.29,,
2026-01-29 03:09:34.159,pick_to_retreat_feeder,-98.738,-387.708,1558.868,-179.996,-0.047,89.914,-82.27,-13.734,-105.945,-0.003,-87.837,-97.816,5.68,-4.742,0.876,0.0,-5.623,-5.73,-0.09,2.84,1.3,0.04,-0.06,0.02,-5.737,5.046,-0.634,-0.003,5.727,6.207,,
2026-01-29 03:09:34.264,pick_to_retreat_feeder,-96.463,-384.374,1561.746,-179.996,-0.046,89.929,-81.848,-14.086,-105.88,-0.003,-88.253,-98.223,5.314,-4.436,0.82,0.0,-5.256,-5.315,-0.07,2.86,1.32,0.06,-0.08,0.04,-5.242,4.606,-0.583,-0.003,5.235,5.697,,
2026-01-29 03:09:34.370,pick_to_retreat_feeder,-94.459,-381.337,1564.323,-179.996,-0.044,89.945,-81.468,-14.404,-105.821,-0.003,-88.627,-98.588,4.937,-4.121,0.762,-0.0,-4.879,-4.898,-0.05,2.9,1.32,0.04,-0.08,-0.03,-5.128,4.488,-0.588,-0.003,5.119,5.556,,
2026-01-29 03:09:34.476,pick_to_retreat_feeder,-92.691,-378.572,1566.631,-179.996,-0.043,89.962,-81.124,-14.69,-105.768,-0.003,-88.965,-98.914,4.561,-3.807,0.704,-0.0,-4.504,-4.488,-0.08,2.94,1.27,0.07,-0.01,0.01,-4.986,4.349,-0.587,-0.003,4.975,5.384,,
2026-01-29 03:09:34.581,pick_to_retreat_feeder,-90.904,-375.693,1568.999,-179.997,-0.04,89.983,-80.769,-14.987,-105.713,-0.003,-89.314,-99.248,4.308,-3.596,0.665,-0.001,-4.251,-4.201,0.04,3.04,1.32,-0.0,-0.0,-0.02,-4.372,3.818,-0.51,-0.003,4.367,4.768,,
2026-01-29 03:09:34.681,pick_to_retreat_feeder,-89.546,-373.444,1570.823,-179.997,-0.039,90.002,-80.494,-15.216,-105.67,-0.003,-89.585,-99.504,3.92,-3.272,0.605,-0.001,-3.864,-3.792,-0.02,3.02,1.37,0.04,0.01,-0.04,-4.73,4.1,-0.582,-0.002,4.715,5.063,,
2026-01-29 03:09:34.784,pick_to_retreat_feeder,-88.255,-371.254,1572.58,-179.997,-0.037,90.023,-80.227,-15.439,-105.629,-0.003,-89.847,-99.75,3.606,-3.01,0.557,-0.001,-3.553,-3.46,-0.09,2.95,1.39,-0.09,-0.03,-0.05,-4.344,3.762,-0.537,-0.002,4.331,4.661,,
2026-01-29 03:09:34.886,pick_to_retreat_feeder,-87.118,-369.283,1574.144,-179.997,-0.035,90.043,-79.988,-15.638,-105.592,-0.003,-90.081,-99.969,3.302,-2.756,0.51,-0.001,-3.25,-3.141,-0.01,2.94,1.3,0.17,-0.06,0.01,-4.188,3.619,-0.526,-0.002,4.174,4.472,,
2026-01-29 03:09:34.987,pick_to_retreat_feeder,-86.39,-367.997,1575.156,-179.998,-0.033,90.057,-79.833,-15.768,-105.568,-0.003,-90.233,-100.11,2.864,-2.391,0.442,-0.001,-2.818,-2.707,0.01,3.04,1.33,0.02,0.03,0.02,-4.606,3.955,-0.603,-0.001,4.578,4.802,,
2026-01-29 03:09:35.088,pick_to_retreat_feeder,-85.599,-366.578,1576.266,-179.998,-0.032,90.074,-79.662,-15.91,-105.542,-0.003,-90.4,-100.263,2.575,-2.15,0.397,-0.001,-2.531,-2.415,-0.09,2.98,1.3,0.0,0.01,0.06,-3.99,3.43,-0.519,-0.001,3.969,4.192,,
2026-01-29 03:09:35.195,pick_to_retreat_feeder,-84.887,-365.283,1577.272,-179.998,-0.03,90.091,-79.507,-16.04,-105.518,-0.003,-90.552,-100.402,2.32,-1.936,0.358,-0.001,-2.279,-2.158,-0.03,3.15,1.41,0.02,-0.02,-0.04,-3.745,3.215,-0.491,-0.001,3.724,3.922,,
2026-01-29 03:09:35.296,pick_to_retreat_feeder,-84.297,-364.196,1578.111,-179.998,-0.029,90.106,-79.377,-16.149,-105.498,-0.004,-90.679,-100.517,2.065,-1.724,0.319,-0.001,-2.027,-1.907,0.01,3.12,1.3,0.12,-0.04,0.03,-3.623,3.105,-0.481,-0.001,3.6,3.765,,
2026-01-29 03:09:35.402,pick_to_retreat_feeder,-83.715,-363.111,1578.945,-179.999,-0.027,90.121,-79.247,-16.257,-105.478,-0.004,-90.806,-100.631,1.873,-1.563,0.289,-0.001,-1.837,-1.715,-0.03,3.0,1.4,0.05,-0.02,-0.04,-3.266,2.798,-0.433,-0.001,3.245,3.402,,
2026-01-29 03:09:35.505,pick_to_retreat_feeder,-83.191,-362.121,1579.701,-179.999,-0.026,90.136,-79.13,-16.355,-105.46,-0.004,-90.921,-100.734,1.699,-1.418,0.262,-0.001,-1.665,-1.543,-0.05,3.07,1.31,0.06,-0.09,0.0,-3.056,2.616,-0.408,-0.001,3.036,3.173,waypoint,
2026-01-29 03:09:35.607,retreat_feeder_to_approach_machine,-50.81,-365.9,1586.041,179.988,0.036,94.586,-73.951,-16.554,-104.911,-0.005,-91.605,-101.464,14.221,-1.56,1.568,-0.003,-2.958,-2.982,5.12,7.58,1.66,0.04,0.01,0.04,47.859,1.354,4.937,-0.009,-2.952,-3.413,,
2026-01-29 03:09:35.708,retreat_feeder_to_approach_machine,17.757,-365.224,1598.692,179.978,0.067,103.418,-63.0,-16.86,-103.758,-0.006,-93.032,-103.582,38.042,-1.934,4.06,-0.004,-5.788,-7.531,3.5,8.0,1.6,0.05,-0.0,-0.03,100.79,0.145,10.494,-0.009,-10.098,-16.952,,
2026-01-29 03:09:35.814,retreat_feeder_to_approach_machine,84.986,-351.341,1611.471,179.977,0.056,111.79,-51.887,-17.166,-102.587,-0.006,-94.519,-106.323,56.314,-2.217,5.972,-0.004,-8.058,-12.501,1.8,8.03,1.51,0.07,-0.04,-0.04,92.336,0.123,9.615,0.0,-9.681,-21.492,,
2026-01-29 03:09:35.917,retreat_feeder_to_approach_machine,137.636,-330.184,1622.134,179.979,0.042,118.562,-42.582,-17.423,-101.607,-0.006,-95.77,-108.856,65.498,-2.304,6.93,-0.003,-9.169,-15.708,0.55,7.62,1.44,0.09,0.01,-0.03,65.02,0.612,6.748,0.002,-6.346,-17.26,,
2026-01-29 03:09:36.019,retreat_feeder_to_approach_machine,178.099,-306.422,1631.024,179.982,0.031,124.153,-34.798,-17.637,-100.787,-0.006,-96.816,-111.05,68.584,-2.264,7.247,-0.002,-9.492,-17.265,-0.33,7.34,1.44,0.16,0.01,-0.07,43.313,0.97,4.472,0.001,-3.669,-12.141,,
2026-01-29 03:09:36.127,retreat_feeder_to_approach_machine,213.94,-278.306,1639.722,179.985,0.02,129.618,-27.156,-17.848,-99.982,-0.006,-97.842,-113.227,70.544,-2.225,7.448,-0.002,-9.685,-18.394,-1.01,6.91,1.55,0.14,-0.01,-0.1,37.564,0.912,3.875,-0.0,-3.105,-10.769,,
2026-01-29 03:09:36.231,retreat_feeder_to_approach_machine,242.52,-249.377,1647.545,179.988,0.012,134.549,-20.257,-18.038,-99.255,-0.006,-98.768,-115.195,70.154,-2.144,7.403,-0.002,-9.578,-18.713,-1.62,6.48,1.4,0.06,0.0,-0.02,26.367,1.026,2.704,-0.001,-1.788,-7.585,,
2026-01-29 03:09:36.332,retreat_feeder_to_approach_machine,264.949,-220.804,1654.582,179.99,0.005,139.008,-14.03,-18.21,-98.599,-0.006,-99.602,-116.962,68.183,-2.037,7.192,-0.002,-9.271,-18.454,-1.96,6.11,1.42,0.13,-0.08,-0.04,17.014,1.108,1.726,-0.001,-0.701,-4.833,,
2026-01-29 03:09:36.435,retreat_feeder_to_approach_machine,283.424,-191.294,1661.373,179.993,-0.001,143.338,-8.001,-18.376,-97.964,-0.007,-100.41,-118.662,66.211,-1.943,6.982,-0.002,-8.972,-18.09,-2.04,5.79,1.44,0.05,0.03,-0.02,13.34,1.052,1.345,-0.001,-0.359,-3.669,,
2026-01-29 03:09:36.542,retreat_feeder_to_approach_machine,297.144,-163.636,1667.433,179.995,-0.006,147.229,-2.601,-18.525,-97.395,-0.007,-101.133,-120.172,63.157,-1.829,6.658,-0.003,-8.536,-17.341,-2.13,5.3,1.45,0.01,-0.03,-0.14,5.708,1.12,0.547,-0.001,0.527,-1.398,,
2026-01-29 03:09:36.645,retreat_feeder_to_approach_machine,307.105,-138.112,1672.842,179.997,-0.01,150.725,2.235,-18.658,-96.886,-0.007,-101.779,-121.511,59.457,-1.705,6.267,-0.003,-8.018,-16.355,-2.2,5.0,1.37,0.18,-0.03,-0.03,-0.503,1.164,-0.101,-0.001,1.235,0.44,,
2026-01-29 03:09:36.754,retreat_feeder_to_approach_machine,313.712,-116.407,1677.344,179.999,-0.012,153.654,6.271,-18.769,-96.46,-0.007,-102.319,-122.619,54.685,-1.557,5.764,-0.002,-7.362,-15.037,-2.21,4.67,1.34,0.15,-0.02,-0.01,-8.441,1.268,-0.933,-0.0,2.185,2.708,,
2026-01-29 03:09:36.857,retreat_feeder_to_approach_machine,318.334,-96.608,1681.398,-180.0,-0.014,156.306,9.915,-18.87,-96.076,-0.008,-102.805,-123.611,50.124,-1.419,5.282,-0.002,-6.737,-13.757,-2.17,4.5,1.44,0.19,-0.03,0.0,-11.527,1.249,-1.254,0.0,2.496,3.603,,
2026-01-29 03:09:36.963,retreat_feeder_to_approach_machine,321.595,-77.331,1685.312,-179.999,-0.015,158.883,13.444,-18.967,-95.705,-0.008,-103.275,-124.563,46.414,-1.307,4.891,-0.002,-6.229,-12.697,-2.06,4.21,1.46,0.09,-0.07,0.01,-11.529,1.156,-1.25,0.0,2.405,3.643,,
2026-01-29 03:09:37.066,retreat_feeder_to_approach_machine,323.405,-61.214,1688.572,-179.998,-0.016,161.041,16.389,-19.048,-95.395,-0.008,-103.668,-125.35,42.174,-1.183,4.444,-0.002,-5.653,-11.491,-1.94,4.0,1.36,0.11,-0.02,-0.02,-16.205,1.201,-1.739,0.001,2.945,4.923,,
2026-01-29 03:09:37.169,retreat_feeder_to_approach_machine,324.332,-46.686,1691.509,-179.998,-0.016,162.996,19.048,-19.121,-95.114,-0.008,-104.022,-126.055,38.278,-1.071,4.033,-0.002,-5.124,-10.379,-1.88,3.93,1.43,0.13,-0.02,-0.08,-17.452,1.16,-1.867,0.001,3.036,5.259,,
2026-01-29 03:09:37.274,retreat_feeder_to_approach_machine,324.595,-32.667,1694.347,-179.998,-0.016,164.894,21.623,-19.192,-94.843,-0.008,-104.364,-126.73,35.145,-0.98,3.703,-0.001,-4.699,-9.474,-1.76,3.82,1.39,0.06,-0.05,-0.0,-16.549,1.067,-1.769,0.001,2.848,5.018,,
2026-01-29 03:09:37.376,retreat_feeder_to_approach_machine,324.341,-21.022,1696.711,-179.998,-0.016,166.485,23.772,-19.251,-94.617,-0.008,-104.649,-127.29,31.732,-0.883,3.343,-0.001,-4.238,-8.504,-1.66,3.73,1.35,0.05,0.0,-0.06,-19.147,1.078,-2.04,0.001,3.131,5.684,,
2026-01-29 03:09:37.477,retreat_feeder_to_approach_machine,323.69,-9.811,1698.997,-179.998,-0.016,168.029,25.853,-19.309,-94.398,-0.008,-104.926,-127.826,29.002,-0.806,3.055,-0.001,-3.869,-7.719,-1.48,3.63,1.28,-0.05,-0.01,-0.03,-17.913,0.989,-1.908,0.001,2.911,5.342,,
2026-01-29 03:09:37.582,retreat_feeder_to_approach_machine,322.772,0.161,1701.041,-179.998,-0.015,169.417,27.717,-19.36,-94.201,-0.008,-105.173,-128.302,26.411,-0.733,2.782,-0.0,-3.519,-6.979,-1.37,3.61,1.37,0.1,0.01,-0.07,-18.296,0.95,-1.946,0.002,2.911,5.413,,
2026-01-29 03:09:37.687,retreat_feeder_to_approach_machine,321.684,9.029,1702.869,-179.998,-0.015,170.664,29.386,-19.406,-94.026,-0.008,-105.394,-128.724,23.981,-0.665,2.526,-0.0,-3.192,-6.29,-1.23,3.61,1.36,-0.02,-0.0,-0.03,-18.413,0.908,-1.957,0.002,2.88,5.409,,
2026-01-29 03:09:37.789,retreat_feeder_to_approach_machine,320.586,16.382,1704.392,-179.998,-0.014,171.708,30.779,-19.444,-93.879,-0.008,-105.578,-129.074,21.469,-0.594,2.262,-0.0,-2.855,-5.591,-1.21,3.54,1.33,0.1,0.04,0.02,-19.329,0.894,-2.051,0.001,2.959,5.598,,
2026-01-29 03:09:37.895,retreat_feeder_to_approach_machine,319.359,23.454,1705.866,-179.999,-0.013,172.722,32.129,-19.482,-93.737,-0.008,-105.756,-129.409,19.475,-0.539,2.052,0.0,-2.587,-5.031,-1.11,3.53,1.31,0.05,-0.04,0.01,-17.837,0.816,-1.893,0.002,2.723,5.179,,
2026-01-29 03:09:37.996,retreat_feeder_to_approach_machine,318.214,29.319,1707.095,-179.999,-0.013,173.571,33.255,-19.513,-93.618,-0.008,-105.905,-129.686,17.422,-0.482,1.835,0.0,-2.312,-4.466,-1.01,3.5,1.28,0.12,-0.03,-0.02,-18.283,0.796,-1.938,0.001,2.747,5.241,,
2026-01-29 03:09:38.103,retreat_feeder_to_approach_machine,317.0,34.962,1708.284,-180.0,-0.012,174.396,34.346,-19.543,-93.503,-0.008,-106.049,-129.952,15.793,-0.436,1.664,0.0,-2.094,-4.015,-0.84,3.47,1.35,0.12,0.05,-0.02,-16.811,0.726,-1.782,0.001,2.521,4.829,,
2026-01-29 03:09:38.209,retreat_feeder_to_approach_machine,315.91,39.645,1709.276,180.0,-0.011,175.086,35.256,-19.568,-93.407,-0.008,-106.169,-130.172,14.121,-0.39,1.487,0.001,-1.87,-3.561,-0.8,3.48,1.35,-0.04,-0.02,0.07,-16.932,0.703,-1.794,0.001,2.508,4.806,,
2026-01-29 03:09:38.312,retreat_feeder_to_approach_machine,314.787,44.153,1710.236,179.999,-0.01,175.757,36.138,-19.592,-93.314,-0.007,-106.285,-130.383,12.795,-0.353,1.348,0.001,-1.693,-3.199,-0.83,3.45,1.38,0.04,0.01,-0.02,-15.527,0.641,-1.645,0.001,2.296,4.414,,
2026-01-29 03:09:38.414,retreat_feeder_to_approach_machine,313.947,47.347,1710.918,179.998,-0.009,176.235,36.765,-19.609,-93.248,-0.007,-106.368,-130.532,11.165,-0.308,1.176,0.001,-1.476,-2.772,-0.63,3.61,1.32,0.02,-0.02,-0.01,-16.515,0.647,-1.748,0.001,2.402,4.594,,
2026-01-29 03:09:38.517,retreat_feeder_to_approach_machine,312.938,51.014,1711.705,179.998,-0.009,176.789,37.489,-19.629,-93.172,-0.007,-106.463,-130.703,10.184,-0.281,1.073,0.001,-1.345,-2.505,-0.72,3.51,1.34,0.09,0.07,-0.01,-13.899,0.556,-1.471,0.001,2.035,3.92,,
2026-01-29 03:09:38.618,retreat_feeder_to_approach_machine,312.063,54.061,1712.362,179.997,-0.008,177.252,38.094,-19.646,-93.108,-0.007,-106.542,-130.844,9.149,-0.252,0.964,0.001,-1.207,-2.231,-0.55,3.58,1.4,0.0,0.03,-0.09,-13.705,0.533,-1.45,0.001,1.99,3.823,,
2026-01-29 03:09:38.723,retreat_feeder_to_approach_machine,311.186,56.999,1712.998,179.997,-0.007,177.702,38.679,-19.662,-93.047,-0.007,-106.619,-130.979,8.325,-0.23,0.877,0.001,-1.097,-2.012,-0.51,3.55,1.29,0.11,0.1,0.07,-12.526,0.485,-1.325,0.001,1.817,3.497,,
2026-01-29 03:09:38.828,retreat_feeder_to_approach_machine,310.433,59.442,1713.528,179.996,-0.006,178.079,39.168,-19.676,-92.995,-0.007,-106.683,-131.091,7.465,-0.206,0.786,0.001,-0.983,-1.789,-0.54,3.51,1.41,0.05,-0.05,0.03,-12.24,0.463,-1.295,0.001,1.763,3.381,,
2026-01-29 03:09:38.934,retreat_feeder_to_approach_machine,309.685,61.799,1714.041,179.996,-0.006,178.444,39.641,-19.689,-92.945,-0.007,-106.745,-131.198,6.782,-0.187,0.714,0.001,-0.892,-1.61,-0.39,3.56,1.36,0.1,0.05,0.11,-11.171,0.421,-1.182,0.001,1.607,3.089,,
2026-01-29 03:09:39.037,retreat_feeder_to_approach_machine,309.095,63.616,1714.438,179.995,-0.005,178.728,40.007,-19.699,-92.907,-0.007,-106.793,-131.281,6.001,-0.165,0.632,0.001,-0.789,-1.413,-0.39,3.56,1.29,0.07,0.01,0.05,-11.125,0.409,-1.176,0.0,1.587,3.03,,
2026-01-29 03:09:39.139,retreat_feeder_to_approach_machine,308.504,65.395,1714.828,179.995,-0.004,179.007,40.366,-19.709,-92.869,-0.007,-106.84,-131.361,5.399,-0.149,0.569,0.001,-0.709,-1.261,-0.35,3.52,1.27,0.05,-0.0,0.03,-10.079,0.369,-1.066,0.0,1.438,2.749,,
2026-01-29 03:09:39.243,retreat_feeder_to_approach_machine,307.962,66.997,1715.179,179.994,-0.004,179.26,40.69,-19.718,-92.835,-0.007,-106.882,-131.433,4.86,-0.134,0.512,0.001,-0.638,-1.125,-0.31,3.62,1.41,0.01,0.08,0.1,-9.421,0.342,-0.996,0.0,1.34,2.559,,
2026-01-29 03:09:39.347,retreat_feeder_to_approach_machine,307.466,68.439,1715.496,179.994,-0.003,179.488,40.983,-19.726,-92.804,-0.007,-106.92,-131.497,4.377,-0.121,0.461,0.001,-0.574,-1.004,-0.39,3.69,1.33,-0.03,-0.04,0.07,-8.795,0.317,-0.93,0.0,1.248,2.378,,
2026-01-29 03:09:39.455,retreat_feeder_to_approach_machine,306.979,69.832,1715.804,179.994,-0.003,179.71,41.267,-19.733,-92.774,-0.007,-106.957,-131.559,3.992,-0.11,0.42,0.001,-0.523,-0.907,-0.16,3.48,1.4,-0.0,-0.1,-0.07,-8.008,0.288,-0.846,0.0,1.135,2.166,,
2026-01-29 03:09:39.561,retreat_feeder_to_approach_machine,306.537,71.077,1716.079,179.993,-0.002,179.909,41.521,-19.74,-92.747,-0.007,-106.99,-131.613,3.628,-0.1,0.382,0.001,-0.475,-0.817,-0.23,3.66,1.35,0.11,0.03,-0.0,-7.504,0.267,-0.793,0.0,1.061,2.019,,
2026-01-29 03:09:39.666,retreat_feeder_to_approach_machine,306.165,72.114,1716.308,179.993,-0.002,-179.924,41.732,-19.746,-92.725,-0.006,-107.018,-131.658,3.251,-0.09,0.342,0.001,-0.425,-0.726,-0.21,3.62,1.33,-0.11,-0.01,0.02,-7.173,0.252,-0.758,0.0,1.009,1.912,,
2026-01-29 03:09:39.769,retreat_feeder_to_approach_machine,305.825,73.049,1716.515,179.993,-0.001,-179.773,41.924,-19.752,-92.705,-0.006,-107.043,-131.699,2.917,-0.08,0.307,0.001,-0.381,-0.645,-0.26,3.63,1.31,0.06,0.01,0.01,-6.662,0.232,-0.704,0.0,0.936,1.768,,
2026-01-29 03:09:39.869,retreat_feeder_to_approach_machine,305.517,73.892,1716.702,179.992,-0.001,-179.636,42.096,-19.756,-92.687,-0.006,-107.065,-131.735,2.619,-0.072,0.276,0.001,-0.342,-0.574,-0.09,3.65,1.33,0.05,-0.01,-0.02,-6.182,0.214,-0.653,0.0,0.866,1.634,,
2026-01-29 03:09:39.972,retreat_feeder_to_approach_machine,305.236,74.651,1716.871,179.992,-0.0,-179.513,42.252,-19.761,-92.67,-0.006,-107.085,-131.767,2.354,-0.065,0.248,0.001,-0.307,-0.512,-0.19,3.69,1.32,0.12,-0.01,0.08,-5.732,0.197,-0.605,-0.0,0.802,1.509,,
2026-01-29 03:09:40.076,retreat_feeder_to_approach_machine,304.981,75.336,1717.023,179.992,0.0,-179.401,42.393,-19.765,-92.656,-0.006,-107.104,-131.796,2.117,-0.058,0.223,0.001,-0.276,-0.456,-0.24,3.76,1.39,0.01,0.01,-0.0,-5.31,0.182,-0.561,-0.0,0.741,1.392,,
2026-01-29 03:09:40.181,retreat_feeder_to_approach_machine,304.767,75.908,1717.15,179.991,0.0,-179.308,42.511,-19.768,-92.643,-0.006,-107.119,-131.82,1.882,-0.052,0.198,0.001,-0.245,-0.402,-0.1,3.69,1.36,0.13,0.05,0.01,-5.009,0.17,-0.529,-0.0,0.697,1.302,waypoint,
2026-01-29 03:09:40.282,retreat_feeder_to_approach_machine,301.003,82.556,1707.39,-179.943,-0.062,-178.473,44.061,-20.149,-93.928,0.0,-106.305,-132.534,5.288,-0.991,-3.064,0.016,1.85,-2.086,2.1,3.37,0.69,-0.01,-0.09,-0.0,9.819,-3.623,-13.452,0.062,8.916,-5.726,,
2026-01-29 03:09:40.392,retreat_feeder_to_approach_machine,293.583,94.446,1688.124,-179.899,-0.093,-177.538,46.94,-20.883,-96.434,0.007,-104.587,-134.476,11.163,-2.579,-8.562,0.03,5.683,-6.42,1.85,3.72,0.87,-0.0,0.02,0.01,22.122,-6.797,-24.308,0.065,17.067,-17.437,,
2026-01-29 03:09:40.500,retreat_feeder_to_approach_machine,283.256,108.44,1663.249,-179.9,-0.078,-177.099,50.595,-21.817,-99.621,0.01,-102.322,-137.691,17.509,-4.269,-14.39,0.029,9.924,-12.853,1.17,4.21,1.04,0.02,-0.03,-0.12,27.666,-8.11,-28.701,0.013,20.832,-28.422,,
2026-01-29 03:09:40.605,retreat_feeder_to_approach_machine,273.783,119.089,1642.01,-179.914,-0.058,-177.108,53.673,-22.603,-102.307,0.009,-100.4,-140.78,20.827,-5.168,-17.506,0.02,12.249,-17.36,0.7,4.67,1.29,0.04,-0.0,0.01,19.136,-5.827,-20.809,-0.021,15.322,-24.312,,
2026-01-29 03:09:40.708,retreat_feeder_to_approach_machine,263.883,128.445,1620.922,-179.931,-0.041,-177.283,56.696,-23.376,-104.945,0.008,-98.512,-143.978,23.18,-5.808,-19.725,0.011,13.908,-21.016,0.35,4.72,1.34,0.15,0.06,-0.13,16.678,-5.105,-18.252,-0.028,13.449,-22.983,,
2026-01-29 03:09:40.813,retreat_feeder_to_approach_machine,254.532,135.906,1601.711,-179.946,-0.028,-177.499,59.426,-24.073,-107.326,0.006,-96.809,-146.924,24.208,-6.099,-20.746,0.004,14.688,-23.128,0.03,5.02,1.48,0.06,-0.05,-0.09,12.067,-3.842,-13.859,-0.025,10.25,-18.161,,
2026-01-29 03:09:40.916,retreat_feeder_to_approach_machine,245.829,141.814,1584.241,-179.959,-0.019,-177.706,61.89,-24.703,-109.475,0.005,-95.273,-149.595,24.315,-6.148,-20.933,-0.0,14.855,-24.023,-0.2,5.15,1.48,0.11,0.03,-0.06,8.203,-2.779,-10.155,-0.02,7.553,-13.592,,
2026-01-29 03:09:41.022,retreat_feeder_to_approach_machine,237.815,146.459,1568.376,-179.97,-0.012,-177.886,64.113,-25.271,-111.415,0.004,-93.888,-151.999,23.796,-6.032,-20.55,-0.003,14.604,-24.027,-0.24,5.33,1.61,0.09,-0.03,-0.16,4.984,-1.888,-7.047,-0.015,5.291,-9.565,,
2026-01-29 03:09:41.125,retreat_feeder_to_approach_machine,231.576,149.585,1556.107,-179.978,-0.007,-178.014,65.825,-25.708,-112.909,0.003,-92.823,-153.839,22.126,-5.617,-19.146,-0.004,13.616,-22.621,-0.39,5.46,1.58,0.07,0.07,-0.05,-0.636,-0.391,-1.874,-0.01,1.564,-2.971,,
2026-01-29 03:09:41.234,retreat_feeder_to_approach_machine,224.827,152.508,1542.863,-179.987,-0.003,-178.139,67.666,-26.179,-114.514,0.002,-91.678,-155.805,21.196,-5.389,-18.374,-0.004,13.074,-21.88,-0.57,5.56,1.58,0.04,0.04,0.02,0.717,-0.681,-2.812,-0.008,2.202,-3.926,,
2026-01-29 03:09:41.340,retreat_feeder_to_approach_machine,218.722,154.755,1530.866,-179.994,-0.0,-178.237,69.327,-26.603,-115.964,0.002,-90.646,-157.565,20.051,-5.103,-17.404,-0.004,12.386,-20.81,-0.61,5.77,1.55,0.11,0.01,-0.14,-1.147,-0.155,-0.967,-0.006,0.86,-1.478,,
2026-01-29 03:09:41.442,retreat_feeder_to_approach_machine,213.218,156.465,1520.006,-180.0,0.002,-178.313,70.827,-26.986,-117.272,0.002,-89.714,-159.14,18.787,-4.785,-16.323,-0.004,11.618,-19.545,-0.54,5.69,1.55,0.07,-0.02,-0.01,-2.65,0.274,0.541,-0.004,-0.238,0.516,,
2026-01-29 03:09:41.545,retreat_feeder_to_approach_machine,208.269,157.748,1510.18,179.995,0.003,-178.369,72.181,-27.332,-118.453,0.001,-88.874,-160.55,17.475,-4.453,-15.195,-0.004,10.813,-18.184,-0.65,5.73,1.55,0.12,0.06,-0.09,-3.845,0.619,1.761,-0.003,-1.127,2.12,,
2026-01-29 03:09:41.652,retreat_feeder_to_approach_machine,204.152,158.634,1501.945,179.992,0.004,-178.406,73.313,-27.622,-119.441,0.001,-88.172,-161.72,15.937,-4.063,-13.865,-0.003,9.865,-16.561,-0.67,5.9,1.6,0.06,-0.05,-0.07,-5.674,1.123,3.516,-0.002,-2.393,4.311,,
2026-01-29 03:09:41.755,retreat_feeder_to_approach_machine,201.629,159.095,1496.865,179.99,0.004,-178.425,74.01,-27.8,-120.049,0.001,-87.74,-162.435,13.696,-3.493,-11.92,-0.003,8.48,-14.21,-0.67,5.84,1.57,0.11,-0.01,-0.0,-9.454,2.122,6.957,-0.001,-4.852,8.418,,
2026-01-29 03:09:41.859,retreat_feeder_to_approach_machine,198.15,159.628,1489.814,179.987,0.005,-178.443,74.977,-28.047,-120.893,0.001,-87.141,-163.421,12.69,-3.238,-11.049,-0.002,7.857,-13.122,-0.62,5.88,1.61,0.06,0.11,-0.11,-5.812,1.22,3.909,-0.001,-2.699,4.875,,
2026-01-29 03:09:41.964,retreat_feeder_to_approach_machine,194.515,160.055,1482.378,179.985,0.005,-178.454,75.996,-28.307,-121.781,0.001,-86.511,-164.45,12.064,-3.079,-10.509,-0.002,7.469,-12.415,-0.68,6.0,1.51,0.1,0.02,0.01,-4.716,0.967,3.069,-0.001,-2.115,3.952,,
2026-01-29 03:09:42.067,retreat_feeder_to_approach_machine,191.507,160.309,1476.163,179.984,0.005,-178.455,76.846,-28.524,-122.523,0.001,-85.985,-165.302,11.174,-2.852,-9.736,-0.002,6.917,-11.44,-0.69,5.89,1.52,0.05,0.07,0.02,-5.927,1.3,4.23,-0.001,-2.949,5.335,,
2026-01-29 03:09:42.176,retreat_feeder_to_approach_machine,188.619,160.464,1470.14,179.983,0.005,-178.449,77.67,-28.735,-123.241,0.001,-85.476,-166.119,10.439,-2.665,-9.098,-0.002,6.46,-10.623,-0.67,6.02,1.6,0.03,0.0,-0.07,-5.604,1.239,4.042,-0.001,-2.824,5.145,,
2026-01-29 03:09:42.277,retreat_feeder_to_approach_machine,186.229,160.528,1465.108,179.982,0.005,-178.437,78.357,-28.911,-123.841,0.001,-85.051,-166.795,9.548,-2.438,-8.322,-0.001,5.906,-9.657,-0.6,5.98,1.54,0.13,-0.04,-0.04,-6.404,1.463,4.825,-0.001,-3.386,6.041,,
2026-01-29 03:09:42.378,retreat_feeder_to_approach_machine,184.403,160.535,1461.232,179.982,0.005,-178.425,78.886,-29.046,-124.303,0.001,-84.725,-167.311,8.484,-2.167,-7.396,-0.001,5.246,-8.534,-0.53,6.01,1.45,0.03,0.11,-0.0,-7.347,1.721,5.723,-0.0,-4.027,7.036,,
2026-01-29 03:09:42.479,retreat_feeder_to_approach_machine,182.741,160.51,1457.677,179.982,0.004,-178.409,79.372,-29.17,-124.726,0.0,-84.425,-167.781,7.576,-1.935,-6.605,-0.001,4.683,-7.575,-0.47,6.06,1.53,0.07,0.02,-0.05,-7.051,1.661,5.534,-0.0,-3.897,6.795,,
2026-01-29 03:09:42.589,retreat_feeder_to_approach_machine,181.226,160.461,1454.415,179.982,0.004,-178.392,79.816,-29.283,-125.114,0.0,-84.151,-168.209,6.794,-1.735,-5.924,-0.001,4.198,-6.751,-0.38,6.0,1.58,0.03,0.08,0.03,-6.749,1.598,5.332,-0.0,-3.758,6.537,,
2026-01-29 03:09:42.691,retreat_feeder_to_approach_machine,179.845,160.394,1451.423,179.982,0.004,-178.374,80.224,-29.388,-125.47,0.0,-83.9,-168.598,6.115,-1.562,-5.333,-0.001,3.776,-6.036,-0.43,6.17,1.51,0.09,0.03,-0.05,-6.443,1.532,5.121,-0.0,-3.611,6.268,,
2026-01-29 03:09:42.795,retreat_feeder_to_approach_machine,178.37,160.299,1448.205,179.983,0.003,-178.35,80.663,-29.5,-125.853,0.0,-83.63,-169.014,5.683,-1.452,-4.956,-0.001,3.507,-5.566,-0.42,6.14,1.46,0.13,0.08,0.05,-5.492,1.301,4.341,-0.001,-3.062,5.381,,
2026-01-29 03:09:42.898,retreat_feeder_to_approach_machine,177.144,160.201,1445.512,179.983,0.003,-178.328,81.03,-29.593,-126.173,0.0,-83.404,-169.358,5.18,-1.323,-4.517,-0.001,3.195,-5.036,-0.43,6.07,1.48,0.11,0.04,-0.06,-5.66,1.354,4.533,-0.0,-3.2,5.551,,
2026-01-29 03:09:42.999,retreat_feeder_to_approach_machine,175.948,160.088,1442.868,179.984,0.003,-178.303,81.39,-29.686,-126.487,-0.0,-83.183,-169.694,4.785,-1.223,-4.174,-0.001,2.95,-4.615,-0.28,6.06,1.49,0.06,0.01,0.03,-5.161,1.236,4.138,-0.0,-2.922,5.087,,
2026-01-29 03:09:43.107,retreat_feeder_to_approach_machine,175.112,159.999,1441.01,179.984,0.003,-178.284,81.643,-29.75,-126.708,-0.0,-83.027,-169.928,4.222,-1.079,-3.682,-0.001,2.601,-4.046,-0.25,6.15,1.39,0.05,0.02,-0.0,-5.717,1.386,4.659,-0.0,-3.29,5.594,,
2026-01-29 03:09:43.215,retreat_feeder_to_approach_machine,174.567,159.936,1439.794,179.985,0.002,-178.271,81.809,-29.793,-126.852,-0.0,-82.925,-170.08,3.58,-0.915,-3.123,-0.001,2.205,-3.415,-0.33,6.14,1.53,0.02,0.08,-0.15,-6.019,1.471,4.956,0.0,-3.498,5.851,,
2026-01-29 03:09:43.329,retreat_feeder_to_approach_machine,174.052,159.874,1438.643,179.985,0.002,-178.257,81.966,-29.833,-126.989,-0.0,-82.829,-170.223,3.077,-0.786,-2.684,-0.001,1.894,-2.92,-0.23,6.2,1.5,0.13,-0.1,0.01,-5.506,1.346,4.538,0.0,-3.204,5.354,,
2026-01-29 03:09:43.433,retreat_feeder_to_approach_machine,173.237,159.769,1436.811,179.986,0.002,-178.234,82.215,-29.896,-127.206,-0.0,-82.676,-170.45,2.931,-0.749,-2.557,-0.001,1.803,-2.756,-0.25,6.14,1.42,0.12,0.02,0.04,-4.029,0.975,3.276,-0.0,-2.315,3.986,,
2026-01-29 03:09:43.534,retreat_feeder_to_approach_machine,172.44,159.657,1435.012,179.987,0.002,-178.21,82.46,-29.959,-127.42,-0.001,-82.526,-170.67,2.811,-0.718,-2.452,-0.001,1.728,-2.619,-0.27,6.27,1.45,0.06,0.0,0.01,-3.672,0.889,2.988,-0.0,-2.113,3.647,,
2026-01-29 03:09:43.636,retreat_feeder_to_approach_machine,171.723,159.551,1433.388,179.988,0.001,-178.187,82.681,-30.015,-127.613,-0.001,-82.391,-170.868,2.661,-0.68,-2.321,-0.001,1.634,-2.458,-0.27,6.2,1.44,0.09,0.07,0.0,-3.543,0.861,2.897,-0.0,-2.049,3.515,,
2026-01-29 03:09:43.742,retreat_feeder_to_approach_machine,171.032,159.442,1431.816,179.989,0.001,-178.162,82.895,-30.07,-127.8,-0.001,-82.26,-171.057,2.53,-0.647,-2.207,-0.001,1.553,-2.317,-0.19,6.21,1.52,0.06,0.01,0.0,-3.259,0.793,2.668,-0.0,-1.888,3.243,,
2026-01-29 03:09:43.844,retreat_feeder_to_approach_machine,170.416,159.339,1430.407,179.99,0.001,-178.139,83.087,-30.119,-127.967,-0.001,-82.142,-171.226,2.377,-0.607,-2.073,-0.001,1.458,-2.158,-0.06,6.3,1.39,0.03,0.06,0.01,-3.156,0.771,2.597,-0.0,-1.837,3.132,,
2026-01-29 03:09:43.949,retreat_feeder_to_approach_machine,169.866,159.243,1429.146,179.991,0.0,-178.116,83.258,-30.163,-128.116,-0.001,-82.038,-171.375,2.212,-0.565,-1.929,-0.001,1.356,-1.992,-0.16,6.3,1.43,0.05,-0.03,0.06,-3.041,0.745,2.511,-0.0,-1.776,3.009,,
2026-01-29 03:09:44.056,retreat_feeder_to_approach_machine,169.342,159.148,1427.94,179.992,0.0,-178.093,83.422,-30.205,-128.26,-0.001,-81.937,-171.516,2.069,-0.529,-1.805,-0.001,1.267,-1.847,-0.11,6.23,1.42,0.02,-0.03,0.02,-2.813,0.69,2.327,-0.0,-1.646,2.787,,
2026-01-29 03:09:44.158,retreat_feeder_to_approach_machine,168.936,159.072,1427.004,179.992,-0.0,-178.075,83.55,-30.237,-128.371,-0.001,-81.86,-171.624,1.87,-0.478,-1.631,-0.001,1.145,-1.656,-0.09,6.25,1.4,0.13,-0.03,0.05,-2.899,0.715,2.414,-0.0,-1.706,2.835,waypoint,
2026-01-29 03:09:44.264,retreat_feeder_to_approach_machine,174.88,161.896,1427.263,-179.961,-0.003,-178.935,81.802,-29.402,-128.061,0.004,-81.38,-170.738,-2.965,1.73,-0.449,0.011,2.057,0.973,-0.81,7.62,1.41,0.03,0.02,0.07,-21.354,9.321,6.38,0.05,2.48,12.498,,
2026-01-29 03:09:44.368,retreat_feeder_to_approach_machine,186.461,166.569,1428.163,-179.945,-0.004,-179.572,78.646,-27.917,-127.429,0.008,-80.543,-168.22,-10.114,5.01,1.244,0.019,3.636,7.026,-0.13,7.15,1.45,0.09,-0.03,0.04,-33.308,14.888,8.968,0.039,5.815,27.572,,
2026-01-29 03:09:44.473,retreat_feeder_to_approach_machine,198.92,170.523,1428.669,-179.954,-0.004,-179.55,75.536,-26.454,-126.804,0.008,-79.697,-165.088,-15.362,7.415,2.496,0.016,4.843,13.099,0.29,6.49,1.45,-0.02,-0.01,-0.04,-29.521,13.176,8.0,-0.002,5.32,30.95,,
2026-01-29 03:09:44.575,retreat_feeder_to_approach_machine,210.07,173.211,1428.787,-179.964,-0.004,-179.299,72.942,-25.234,-126.282,0.007,-78.988,-162.243,-18.006,8.61,3.175,0.009,5.405,16.937,0.69,6.15,1.34,-0.01,0.11,-0.01,-21.4,9.427,6.162,-0.019,3.418,24.984,,
2026-01-29 03:09:44.676,retreat_feeder_to_approach_machine,219.887,174.977,1428.673,-179.974,-0.004,-179.024,70.777,-24.216,-125.847,0.006,-78.395,-159.803,-18.918,9.003,3.469,0.003,5.535,18.803,0.81,5.6,1.26,0.03,0.09,0.0,-14.978,6.47,4.685,-0.02,1.908,18.441,,
2026-01-29 03:09:44.781,retreat_feeder_to_approach_machine,229.813,176.235,1428.378,-179.983,-0.003,-178.743,68.68,-23.23,-125.426,0.004,-77.822,-157.424,-19.43,9.218,3.656,-0.002,5.584,20.049,0.91,5.22,1.35,0.01,-0.07,0.14,-12.794,5.5,4.078,-0.02,1.526,15.978,,
2026-01-29 03:09:44.883,retreat_feeder_to_approach_machine,239.038,176.957,1427.96,-179.99,-0.002,-178.496,66.802,-22.347,-125.048,0.003,-77.309,-155.299,-19.267,9.121,3.685,-0.005,5.47,20.349,0.95,4.88,1.24,0.02,0.12,0.04,-9.325,3.921,3.23,-0.016,0.77,11.846,,
2026-01-29 03:09:44.991,retreat_feeder_to_approach_machine,247.554,177.261,1427.46,-179.996,-0.0,-178.287,65.121,-21.556,-124.71,0.002,-76.85,-153.408,-18.655,8.818,3.609,-0.007,5.25,19.99,0.93,4.52,1.35,0.12,-0.08,0.07,-6.431,2.606,2.513,-0.013,0.152,8.322,,
2026-01-29 03:09:45.096,retreat_feeder_to_approach_machine,255.374,177.244,1426.913,179.999,0.001,-178.113,63.615,-20.848,-124.407,0.001,-76.44,-151.728,-17.756,8.384,3.463,-0.008,4.963,19.192,0.9,4.39,1.37,0.04,0.1,0.06,-4.031,1.52,1.909,-0.009,-0.348,5.378,,
2026-01-29 03:09:45.204,retreat_feeder_to_approach_machine,259.031,177.142,1426.63,179.997,0.002,-178.038,62.922,-20.522,-124.268,0.0,-76.251,-150.96,-15.049,7.103,2.946,-0.007,4.194,16.314,0.96,4.13,1.32,0.06,-0.05,0.06,4.503,-2.456,0.084,-0.002,-2.53,-4.281,,
2026-01-29 03:09:45.312,retreat_feeder_to_approach_machine,263.011,176.964,1426.302,179.995,0.002,-177.962,62.175,-20.171,-124.118,-0.0,-76.048,-150.137,-13.153,6.205,2.585,-0.006,3.653,14.293,0.82,3.94,1.33,0.06,0.06,0.07,3.517,-1.958,0.183,-0.002,-2.133,-3.299,,
2026-01-29 03:09:45.417,retreat_feeder_to_approach_machine,268.148,176.631,1425.849,179.993,0.003,-177.871,61.222,-19.723,-123.927,-0.001,-75.789,-149.093,-12.247,5.773,2.417,-0.006,3.387,13.33,0.74,3.77,1.31,0.06,0.03,0.1,1.104,-0.793,0.579,-0.003,-1.361,-0.762,,
2026-01-29 03:09:45.517,retreat_feeder_to_approach_machine,273.741,176.14,1425.321,179.991,0.004,-177.781,60.198,-19.241,-123.721,-0.001,-75.511,-147.979,-11.746,5.534,2.328,-0.006,3.236,12.781,0.69,3.56,1.44,0.06,0.05,0.06,0.276,-0.377,0.665,-0.002,-1.033,0.011,,
2026-01-29 03:09:45.625,retreat_feeder_to_approach_machine,278.85,175.574,1424.805,179.989,0.005,-177.71,59.273,-18.807,-123.535,-0.002,-75.26,-146.983,-11.121,5.238,2.21,-0.005,3.054,12.077,0.63,3.51,1.36,0.09,0.04,-0.01,1.246,-0.808,0.398,-0.001,-1.203,-1.162,,
2026-01-29 03:09:45.728,retreat_feeder_to_approach_machine,282.819,175.058,1424.384,179.988,0.006,-177.661,58.562,-18.472,-123.392,-0.002,-75.067,-146.222,-10.12,4.765,2.015,-0.004,2.772,10.96,0.52,3.3,1.42,0.06,-0.01,0.05,3.251,-1.728,-0.069,0.001,-1.662,-3.402,,
2026-01-29 03:09:45.829,retreat_feeder_to_approach_machine,286.804,174.474,1423.944,179.987,0.006,-177.618,57.853,-18.138,-123.249,-0.002,-74.876,-145.47,-9.363,4.408,1.868,-0.004,2.559,10.101,0.52,3.39,1.31,-0.03,-0.03,-0.0,2.951,-1.567,-0.068,0.001,-1.505,-3.147,,
2026-01-29 03:09:45.938,retreat_feeder_to_approach_machine,290.746,173.831,1423.49,179.987,0.007,-177.582,57.156,-17.811,-123.109,-0.002,-74.687,-144.738,-8.763,4.124,1.751,-0.003,2.39,9.406,0.49,3.15,1.35,0.13,0.03,-0.04,2.785,-1.471,-0.087,0.002,-1.391,-3.032,,
2026-01-29 03:09:46.040,retreat_feeder_to_approach_machine,294.064,173.24,1423.096,179.986,0.007,-177.557,56.574,-17.537,-122.992,-0.002,-74.53,-144.13,-8.028,3.778,1.606,-0.002,2.186,8.573,0.4,3.02,1.44,0.2,-0.08,0.02,3.645,-1.86,-0.307,0.002,-1.562,-3.978,,
2026-01-29 03:09:46.147,retreat_feeder_to_approach_machine,297.339,172.611,1422.694,179.986,0.007,-177.537,56.002,-17.268,-122.877,-0.002,-74.376,-143.539,-7.45,3.506,1.492,-0.002,2.025,7.908,0.33,3.06,1.26,0.11,0.03,0.03,3.387,-1.724,-0.298,0.002,-1.436,-3.741,,
2026-01-29 03:09:46.252,retreat_feeder_to_approach_machine,300.091,172.049,1422.348,179.986,0.008,-177.525,55.524,-17.043,-122.781,-0.002,-74.247,-143.048,-6.783,3.191,1.359,-0.001,1.841,7.157,0.32,2.95,1.34,0.03,-0.06,-0.04,3.983,-1.991,-0.456,0.003,-1.546,-4.376,,
2026-01-29 03:09:46.352,retreat_feeder_to_approach_machine,302.805,171.463,1421.998,179.986,0.008,-177.517,55.054,-16.822,-122.687,-0.002,-74.12,-142.571,-6.261,2.946,1.255,-0.001,1.697,6.562,0.35,2.9,1.34,0.05,-0.03,0.09,3.672,-1.833,-0.428,0.003,-1.416,-4.068,,
2026-01-29 03:09:46.457,retreat_feeder_to_approach_machine,305.442,170.865,1421.651,179.987,0.008,-177.513,54.6,-16.609,-122.595,-0.002,-73.998,-142.113,-5.833,2.744,1.17,-0.0,1.578,6.067,0.29,2.81,1.26,0.12,-0.01,0.04,3.454,-1.72,-0.415,0.003,-1.316,-3.854,,
2026-01-29 03:09:46.560,retreat_feeder_to_approach_machine,307.489,170.381,1421.377,179.987,0.008,-177.514,54.248,-16.443,-122.525,-0.002,-73.904,-141.761,-5.254,2.471,1.054,0.0,1.42,5.428,0.26,2.92,1.42,-0.04,0.08,0.08,4.138,-2.032,-0.58,0.003,-1.462,-4.537,,
2026-01-29 03:09:46.666,retreat_feeder_to_approach_machine,309.652,169.851,1421.082,179.987,0.008,-177.517,53.878,-16.269,-122.45,-0.002,-73.804,-141.395,-4.866,2.289,0.977,0.0,1.313,4.988,0.3,2.78,1.3,0.02,0.03,-0.0,3.537,-1.741,-0.485,0.003,-1.267,-3.929,,
2026-01-29 03:09:46.772,retreat_feeder_to_approach_machine,311.461,169.392,1420.831,179.988,0.008,-177.523,53.568,-16.124,-122.388,-0.002,-73.721,-141.091,-4.423,2.08,0.888,0.001,1.192,4.5,0.2,2.72,1.38,0.12,0.02,0.01,3.795,-1.854,-0.559,0.002,-1.305,-4.17,,
2026-01-29 03:09:46.875,retreat_feeder_to_approach_machine,313.217,168.934,1420.585,179.988,0.008,-177.531,53.269,-15.983,-122.328,-0.001,-73.641,-140.8,-4.066,1.912,0.816,0.001,1.095,4.102,0.16,2.72,1.35,0.17,0.05,0.07,3.514,-1.715,-0.523,0.002,-1.202,-3.876,,
2026-01-29 03:09:46.983,retreat_feeder_to_approach_machine,314.793,168.512,1420.361,179.989,0.008,-177.541,53.001,-15.857,-122.274,-0.001,-73.57,-140.542,-3.72,1.75,0.747,0.001,1.0,3.722,0.18,2.72,1.24,0.08,-0.02,0.09,3.475,-1.691,-0.534,0.002,-1.166,-3.817,,
2026-01-29 03:09:47.086,retreat_feeder_to_approach_machine,316.207,168.124,1420.158,179.989,0.007,-177.552,52.761,-15.744,-122.226,-0.001,-73.505,-140.313,-3.39,1.594,0.681,0.001,0.91,3.365,0.09,2.76,1.4,0.09,-0.03,-0.03,3.408,-1.653,-0.536,0.002,-1.125,-3.727,,
2026-01-29 03:09:47.189,retreat_feeder_to_approach_machine,317.388,167.794,1419.987,179.99,0.007,-177.563,52.56,-15.649,-122.185,-0.001,-73.452,-140.123,-3.044,1.432,0.612,0.002,0.817,2.997,0.15,2.73,1.27,-0.02,-0.0,-0.07,3.463,-1.674,-0.563,0.002,-1.119,-3.75,,
2026-01-29 03:09:47.295,retreat_feeder_to_approach_machine,318.534,167.468,1419.82,179.99,0.007,-177.575,52.366,-15.558,-122.146,-0.001,-73.4,-139.941,-2.768,1.302,0.556,0.002,0.742,2.702,0.11,2.81,1.38,0.1,0.07,0.03,3.181,-1.537,-0.519,0.002,-1.025,-3.452,,
2026-01-29 03:09:47.396,retreat_feeder_to_approach_machine,319.492,167.191,1419.679,179.991,0.007,-177.587,52.204,-15.482,-122.114,-0.0,-73.357,-139.791,-2.481,1.167,0.499,0.002,0.664,2.403,0.11,2.69,1.35,-0.0,0.02,0.05,3.183,-1.534,-0.532,0.001,-1.008,-3.421,,
2026-01-29 03:09:47.497,retreat_feeder_to_approach_machine,320.42,166.919,1419.541,179.991,0.007,-177.599,52.047,-15.408,-122.082,-0.0,-73.315,-139.647,-2.253,1.06,0.453,0.002,0.602,2.163,0.08,2.64,1.26,0.11,-0.06,-0.0,2.916,-1.405,-0.489,0.001,-0.922,-3.139,,
2026-01-29 03:09:47.602,retreat_feeder_to_approach_machine,321.252,166.673,1419.417,179.992,0.007,-177.612,51.907,-15.342,-122.054,-0.0,-73.278,-139.519,-2.041,0.96,0.41,0.002,0.545,1.942,0.07,2.59,1.26,0.08,0.01,-0.03,2.789,-1.341,-0.473,0.001,-0.874,-2.988,waypoint,
2026-01-29 03:09:47.707,retreat_feeder_to_approach_machine,324.957,167.049,1419.536,180.0,0.002,-177.809,51.445,-14.997,-121.82,0.002,-73.175,-139.254,-2.685,1.582,0.892,0.006,0.666,2.117,-0.04,3.59,1.38,0.01,-0.01,-0.06,-0.7,1.581,1.629,0.017,-0.132,-1.327,,
2026-01-29 03:09:47.814,retreat_feeder_to_approach_machine,332.556,168.138,1419.89,-179.996,0.001,-178.065,50.559,-14.286,-121.317,0.004,-72.971,-138.625,-4.23,2.965,1.927,0.009,1.01,3.162,0.08,3.18,1.3,-0.01,0.04,0.02,-4.879,5.088,4.159,0.015,0.897,2.46,,
2026-01-29 03:09:47.919,retreat_feeder_to_approach_machine,338.774,168.905,1420.101,-179.997,0.002,-178.155,49.846,-13.712,-120.911,0.004,-72.802,-138.001,-4.955,3.658,2.46,0.007,1.18,3.93,0.07,2.74,1.36,0.05,-0.01,0.01,-2.659,3.201,2.775,-0.003,0.455,2.149,,
2026-01-29 03:09:48.028,retreat_feeder_to_approach_machine,344.053,169.459,1420.225,-179.999,0.003,-178.187,49.247,-13.231,-120.57,0.003,-72.659,-137.435,-5.213,3.947,2.698,0.004,1.242,4.364,0.16,2.44,1.36,0.09,0.09,0.01,-1.246,1.959,1.845,-0.008,0.145,1.368,,
2026-01-29 03:09:48.135,retreat_feeder_to_approach_machine,349.368,169.926,1420.301,179.999,0.004,-178.199,48.651,-12.751,-120.23,0.003,-72.517,-136.85,-5.401,4.16,2.873,0.001,1.287,4.734,0.03,2.16,1.27,0.08,-0.01,-0.05,-1.102,1.747,1.649,-0.009,0.127,1.408,,
2026-01-29 03:09:48.235,retreat_feeder_to_approach_machine,353.857,170.251,1420.327,179.997,0.005,-178.203,48.151,-12.349,-119.946,0.002,-72.398,-136.355,-5.299,4.124,2.866,-0.0,1.263,4.789,0.17,1.97,1.37,0.08,0.06,-0.05,-0.021,0.791,0.931,-0.008,-0.117,0.38,,
2026-01-29 03:09:48.341,retreat_feeder_to_approach_machine,358.366,170.512,1420.32,179.995,0.006,-178.206,47.653,-11.949,-119.663,0.001,-72.279,-135.86,-5.218,4.094,2.858,-0.002,1.244,4.83,0.11,1.78,1.36,0.06,0.0,-0.01,-0.001,0.698,0.828,-0.008,-0.11,0.337,,
2026-01-29 03:09:48.447,retreat_feeder_to_approach_machine,362.826,170.709,1420.281,179.994,0.007,-178.21,47.165,-11.556,-119.384,0.001,-72.163,-135.375,-5.135,4.053,2.839,-0.003,1.224,4.834,0.04,1.59,1.29,0.1,0.03,0.05,0.09,0.555,0.693,-0.007,-0.122,0.198,,
2026-01-29 03:09:48.549,retreat_feeder_to_approach_machine,367.175,170.841,1420.213,179.992,0.008,-178.217,46.692,-11.175,-119.115,0.0,-72.05,-134.909,-5.034,3.991,2.803,-0.004,1.2,4.791,0.17,1.51,1.38,0.0,-0.04,0.02,0.236,0.375,0.536,-0.005,-0.148,-0.005,,
2026-01-29 03:09:48.652,retreat_feeder_to_approach_machine,371.095,170.91,1420.126,179.991,0.008,-178.227,46.268,-10.834,-118.873,-0.0,-71.949,-134.495,-4.835,3.845,2.706,-0.004,1.151,4.628,0.02,1.36,1.33,0.09,0.02,0.04,0.706,-0.06,0.201,-0.004,-0.252,-0.526,,
2026-01-29 03:09:48.755,retreat_feeder_to_approach_machine,374.385,170.933,1420.036,179.99,0.009,-178.238,45.914,-10.55,-118.672,-0.001,-71.865,-134.152,-4.51,3.595,2.533,-0.004,1.074,4.328,-0.01,1.37,1.3,0.01,0.0,-0.04,1.336,-0.617,-0.218,-0.002,-0.394,-1.187,,
2026-01-29 03:09:48.855,retreat_feeder_to_approach_machine,377.369,170.924,1419.939,179.99,0.009,-178.251,45.595,-10.293,-118.49,-0.001,-71.79,-133.846,-4.181,3.338,2.354,-0.004,0.994,4.013,-0.06,1.15,1.31,0.1,-0.0,-0.1,1.546,-0.832,-0.392,-0.001,-0.437,-1.428,,
2026-01-29 03:09:48.961,retreat_feeder_to_approach_machine,380.465,170.888,1419.825,179.989,0.009,-178.267,45.265,-10.028,-118.302,-0.001,-71.712,-133.532,-3.961,3.167,2.236,-0.003,0.941,3.795,0.12,1.15,1.31,0.05,0.06,0.07,1.285,-0.663,-0.292,-0.001,-0.369,-1.212,,
2026-01-29 03:09:49.064,retreat_feeder_to_approach_machine,382.877,170.839,1419.727,179.989,0.01,-178.281,45.009,-9.822,-118.156,-0.001,-71.651,-133.29,-3.611,2.89,2.041,-0.003,0.857,3.449,0.0,1.0,1.28,0.03,0.08,-0.07,1.895,-1.191,-0.684,-0.0,-0.508,-1.817,,
2026-01-29 03:09:49.172,retreat_feeder_to_approach_machine,385.22,170.775,1419.623,179.988,0.01,-178.298,44.761,-9.622,-118.015,-0.002,-71.592,-133.059,-3.328,2.666,1.884,-0.003,0.79,3.166,0.05,1.09,1.39,0.07,-0.03,-0.03,1.787,-1.137,-0.662,0.0,-0.477,-1.733,,
2026-01-29 03:09:49.275,retreat_feeder_to_approach_machine,387.038,170.714,1419.537,179.988,0.01,-178.312,44.569,-9.468,-117.906,-0.002,-71.547,-132.881,-2.975,2.386,1.686,-0.002,0.705,2.819,0.1,0.91,1.25,0.05,-0.04,0.01,2.17,-1.475,-0.915,0.001,-0.562,-2.1,,
2026-01-29 03:09:49.381,retreat_feeder_to_approach_machine,388.956,170.639,1419.441,179.988,0.01,-178.328,44.367,-9.306,-117.791,-0.002,-71.499,-132.696,-2.736,2.195,1.552,-0.002,0.648,2.577,0.08,0.94,1.34,0.08,0.04,-0.07,1.851,-1.245,-0.766,0.001,-0.483,-1.812,,
2026-01-29 03:09:49.485,retreat_feeder_to_approach_machine,390.679,170.563,1419.351,179.988,0.01,-178.345,44.187,-9.16,-117.688,-0.002,-71.457,-132.531,-2.505,2.01,1.422,-0.001,0.593,2.344,0.06,0.92,1.37,-0.05,0.03,-0.02,1.877,-1.291,-0.809,0.001,-0.485,-1.84,,
2026-01-29 03:09:49.589,retreat_feeder_to_approach_machine,392.119,170.492,1419.272,179.988,0.01,-178.36,44.036,-9.038,-117.602,-0.002,-71.421,-132.395,-2.256,1.811,1.281,-0.001,0.533,2.098,0.07,0.99,1.28,0.03,-0.01,0.01,1.988,-1.402,-0.899,0.001,-0.507,-1.94,,
2026-01-29 03:09:49.694,retreat_feeder_to_approach_machine,393.326,170.428,1419.204,179.988,0.011,-178.373,43.909,-8.937,-117.53,-0.002,-71.392,-132.282,-2.008,1.613,1.141,-0.001,0.474,1.856,0.06,0.92,1.33,0.14,-0.1,0.02,2.036,-1.46,-0.949,0.001,-0.515,-1.979,waypoint,
2026-01-29 03:09:49.798,approach_machine_to_place,394.514,170.363,1419.03,179.989,0.009,-178.388,43.785,-8.833,-117.468,-0.002,-71.352,-132.172,-1.816,1.468,1.01,-0.001,0.455,1.666,0.48,4.44,0.51,0.06,0.01,0.03,1.856,-1.295,-0.955,0.001,-0.364,-1.811,,
2026-01-29 03:09:49.904,approach_machine_to_place,395.77,170.479,1413.881,-179.982,-0.023,-178.403,43.674,-8.561,-117.83,-0.002,-70.76,-132.076,-1.64,1.783,-0.148,-0.001,1.822,1.491,0.49,3.69,0.68,0.06,-0.01,0.0,1.796,0.525,-5.102,-0.001,5.199,-1.763,,
2026-01-29 03:09:50.005,approach_machine_to_place,396.996,170.666,1407.75,-179.979,-0.025,-178.416,43.573,-8.261,-118.283,-0.001,-70.011,-131.989,-1.481,2.086,-1.242,0.001,3.237,1.335,0.34,3.01,0.89,-0.01,-0.04,0.12,1.726,0.742,-5.493,0.007,6.239,-1.684,,
2026-01-29 03:09:50.111,approach_machine_to_place,398.151,170.81,1401.728,-179.984,-0.019,-178.429,43.476,-7.968,-118.729,-0.001,-69.264,-131.905,-1.354,2.298,-2.048,0.002,4.296,1.211,0.21,2.42,1.01,0.07,0.01,0.05,1.586,0.608,-4.884,0.009,5.606,-1.545,,
2026-01-29 03:09:50.213,approach_machine_to_place,399.073,170.887,1396.706,-179.988,-0.014,-178.44,43.395,-7.722,-119.102,0.0,-68.639,-131.836,-1.218,2.337,-2.469,0.004,4.786,1.082,0.26,1.92,1.04,-0.01,0.06,0.04,1.588,0.064,-3.662,0.007,3.827,-1.532,,
2026-01-29 03:09:50.318,approach_machine_to_place,399.871,170.921,1392.181,-179.992,-0.009,-178.451,43.322,-7.501,-119.439,0.001,-68.074,-131.773,-1.097,2.306,-2.694,0.004,5.0,0.968,0.08,1.65,1.14,0.04,0.01,0.07,1.508,-0.181,-2.933,0.005,2.832,-1.452,,
2026-01-29 03:09:50.419,approach_machine_to_place,400.511,170.922,1388.403,-179.994,-0.005,-178.46,43.26,-7.316,-119.721,0.001,-67.603,-131.721,-0.976,2.192,-2.725,0.005,4.929,0.855,0.05,1.35,1.16,0.05,0.09,0.03,1.477,-0.525,-2.089,0.004,1.622,-1.413,,
2026-01-29 03:09:50.524,approach_machine_to_place,401.117,170.901,1384.7,-179.997,-0.001,-178.47,43.2,-7.134,-119.998,0.002,-67.14,-131.671,-0.882,2.099,-2.735,0.005,4.854,0.768,0.08,1.14,1.18,0.07,0.01,-0.03,1.34,-0.506,-1.828,0.003,1.37,-1.285,,
2026-01-29 03:09:50.630,approach_machine_to_place,401.645,170.862,1381.363,-179.999,0.002,-178.479,43.146,-6.97,-120.247,0.002,-66.723,-131.626,-0.798,1.984,-2.676,0.005,4.683,0.688,0.09,0.82,1.14,0.11,-0.03,-0.07,1.265,-0.633,-1.376,0.002,0.779,-1.21,,
2026-01-29 03:09:50.738,approach_machine_to_place,402.004,170.823,1379.022,180.0,0.003,-178.485,43.108,-6.855,-120.423,0.003,-66.43,-131.595,-0.694,1.776,-2.445,0.004,4.245,0.595,0.02,0.78,1.23,-0.06,0.01,-0.07,1.3,-1.058,-0.496,0.001,-0.542,-1.226,,
2026-01-29 03:09:50.847,approach_machine_to_place,402.297,170.783,1377.069,179.999,0.005,-178.491,43.076,-6.759,-120.569,0.003,-66.185,-131.568,-0.6,1.573,-2.2,0.004,3.795,0.511,0.06,0.63,1.3,0.18,0.02,-0.1,1.233,-1.142,-0.157,0.0,-0.973,-1.157,,
2026-01-29 03:09:50.949,approach_machine_to_place,402.535,170.746,1375.447,179.998,0.006,-178.496,43.049,-6.679,-120.691,0.003,-65.982,-131.547,-0.516,1.38,-1.954,0.004,3.354,0.437,-0.04,0.49,1.31,0.08,0.07,0.05,1.163,-1.19,0.106,-0.0,-1.289,-1.086,,
2026-01-29 03:09:51.055,approach_machine_to_place,402.833,170.691,1373.38,179.997,0.007,-178.502,43.016,-6.576,-120.846,0.003,-65.723,-131.52,-0.471,1.29,-1.854,0.003,3.163,0.396,0.01,0.49,1.26,0.19,0.02,-0.03,0.974,-0.85,-0.241,0.0,-0.601,-0.92,,
2026-01-29 03:09:51.158,approach_machine_to_place,403.167,170.619,1370.997,179.997,0.009,-178.51,42.977,-6.459,-121.025,0.004,-65.425,-131.488,-0.451,1.262,-1.839,0.003,3.118,0.375,-0.04,0.37,1.28,-0.05,-0.01,-0.01,0.825,-0.608,-0.455,0.001,-0.146,-0.789,,
2026-01-29 03:09:51.263,approach_machine_to_place,403.458,170.547,1368.867,179.996,0.01,-178.517,42.942,-6.353,-121.186,0.004,-65.158,-131.461,-0.426,1.21,-1.78,0.003,3.006,0.35,-0.02,0.38,1.31,0.12,0.0,0.08,0.783,-0.671,-0.222,0.0,-0.445,-0.745,,
2026-01-29 03:09:51.370,approach_machine_to_place,403.728,170.47,1366.832,179.996,0.01,-178.524,42.908,-6.252,-121.339,0.004,-64.903,-131.435,-0.403,1.16,-1.719,0.003,2.892,0.328,0.05,0.29,1.32,0.04,-0.03,-0.02,0.72,-0.65,-0.129,0.0,-0.521,-0.686,,
2026-01-29 03:09:51.477,approach_machine_to_place,403.948,170.401,1365.14,179.996,0.011,-178.53,42.881,-6.168,-121.467,0.004,-64.691,-131.413,-0.371,1.08,-1.608,0.003,2.7,0.3,0.02,0.29,1.38,0.16,-0.0,0.06,0.704,-0.754,0.141,-0.0,-0.898,-0.663,,
2026-01-29 03:09:51.582,approach_machine_to_place,404.14,170.335,1363.627,179.995,0.011,-178.536,42.856,-6.093,-121.581,0.005,-64.501,-131.394,-0.341,0.998,-1.492,0.003,2.499,0.273,-0.09,0.25,1.3,0.04,-0.04,-0.05,0.663,-0.766,0.26,-0.001,-1.032,-0.621,,
2026-01-29 03:09:51.687,approach_machine_to_place,404.309,170.272,1362.272,179.996,0.011,-178.541,42.834,-6.026,-121.684,0.005,-64.331,-131.377,-0.311,0.917,-1.375,0.002,2.299,0.247,0.0,0.24,1.41,0.05,-0.06,-0.04,0.622,-0.768,0.353,-0.001,-1.128,-0.581,,
2026-01-29 03:09:51.792,approach_machine_to_place,404.458,170.214,1361.06,179.996,0.011,-178.546,42.814,-5.966,-121.775,0.005,-64.179,-131.362,-0.283,0.838,-1.261,0.002,2.104,0.223,-0.03,0.25,1.38,0.08,0.03,-0.02,0.583,-0.762,0.425,-0.001,-1.194,-0.542,,
2026-01-29 03:09:51.895,approach_machine_to_place,404.588,170.159,1359.975,179.996,0.011,-178.551,42.796,-5.912,-121.858,0.005,-64.043,-131.349,-0.257,0.764,-1.151,0.002,1.918,0.2,0.01,0.27,1.36,-0.02,-0.01,-0.07,0.546,-0.748,0.478,-0.001,-1.235,-0.505,waypoint,
2026-01-29 03:09:52.001,place_on_machine,404.703,170.108,1359.004,179.996,0.011,-178.555,42.78,-5.863,-121.931,0.005,-63.922,-131.337,-0.233,0.694,-1.047,0.002,1.743,0.18,0.01,0.23,1.32,0.0,0.01,0.03,0.51,-0.73,0.516,-0.001,-1.254,-0.47,,
2026-01-29 03:09:52.105,place_on_machine,404.804,170.061,1358.135,179.996,0.011,-178.558,42.765,-5.82,-121.997,0.005,-63.813,-131.326,-0.21,0.628,-0.95,0.002,1.579,0.161,-0.02,0.13,1.31,-0.02,0.12,0.03,0.476,-0.708,0.542,-0.001,-1.257,-0.436,,
2026-01-29 03:09:52.210,place_on_machine,404.894,170.017,1357.358,179.997,0.011,-178.562,42.753,-5.781,-122.056,0.005,-63.715,-131.317,-0.19,0.568,-0.86,0.002,1.428,0.144,0.1,0.16,1.27,0.07,-0.02,-0.08,0.443,-0.682,0.556,-0.001,-1.246,-0.404,,
2026-01-29 03:09:52.313,place_on_machine,404.973,169.978,1356.661,179.997,0.011,-178.565,42.741,-5.746,-122.109,0.006,-63.628,-131.309,-0.171,0.513,-0.777,0.001,1.289,0.128,-0.07,0.26,1.32,0.01,0.04,-0.01,0.412,-0.654,0.562,-0.001,-1.224,-0.374,,
2026-01-29 03:09:52.417,place_on_machine,405.043,169.941,1356.038,179.998,0.01,-178.568,42.731,-5.715,-122.156,0.006,-63.55,-131.302,-0.154,0.463,-0.701,0.001,1.161,0.115,-0.06,0.18,1.28,0.08,0.03,0.03,0.383,-0.625,0.561,-0.001,-1.193,-0.346,,
2026-01-29 03:09:52.519,place_on_machine,405.105,169.908,1355.48,179.998,0.01,-178.571,42.722,-5.688,-122.199,0.006,-63.48,-131.295,-0.139,0.417,-0.632,0.001,1.045,0.102,0.08,0.21,1.36,0.04,-0.06,0.03,0.355,-0.595,0.554,-0.001,-1.156,-0.32,,
2026-01-29 03:09:52.623,place_on_machine,405.161,169.878,1354.981,179.998,0.01,-178.573,42.713,-5.663,-122.236,0.006,-63.418,-131.289,-0.125,0.375,-0.569,0.001,0.94,0.091,-0.01,0.19,1.23,0.08,-0.05,-0.08,0.329,-0.565,0.543,-0.001,-1.114,-0.295,,
2026-01-29 03:09:52.726,place_on_machine,405.209,169.85,1354.533,179.999,0.009,-178.576,42.706,-5.64,-122.27,0.006,-63.362,-131.284,-0.112,0.337,-0.511,0.001,0.845,0.081,-0.0,0.2,1.28,0.05,-0.08,0.04,0.305,-0.534,0.529,-0.001,-1.068,-0.272,,
2026-01-29 03:09:52.829,place_on_machine,405.253,169.825,1354.133,179.999,0.009,-178.578,42.699,-5.62,-122.301,0.006,-63.312,-131.28,-0.1,0.303,-0.46,0.001,0.758,0.072,0.0,0.27,1.25,0.02,0.0,-0.08,0.282,-0.504,0.511,-0.001,-1.02,-0.251,,
2026-01-29 03:09:52.930,place_on_machine,405.291,169.802,1353.775,179.999,0.009,-178.58,42.693,-5.602,-122.328,0.006,-63.268,-131.276,-0.09,0.272,-0.413,0.001,0.681,0.064,0.01,0.14,1.22,0.01,0.05,-0.03,0.261,-0.475,0.492,-0.001,-0.971,-0.231,,
2026-01-29 03:09:53.036,place_on_machine,405.326,169.782,1353.454,180.0,0.008,-178.581,42.688,-5.586,-122.353,0.006,-63.228,-131.272,-0.081,0.244,-0.371,0.001,0.61,0.057,0.06,0.23,1.32,0.06,-0.05,-0.03,0.241,-0.446,0.471,-0.001,-0.921,-0.212,,
2026-01-29 03:09:53.144,place_on_machine,405.354,169.764,1353.186,180.0,0.008,-178.583,42.684,-5.573,-122.373,0.006,-63.194,-131.269,-0.072,0.216,-0.329,0.001,0.541,0.05,-0.02,0.24,1.27,0.05,0.04,0.01,0.226,-0.428,0.464,-0.001,-0.895,-0.197,,
2026-01-29 03:09:53.247,place_on_machine,405.381,169.747,1352.926,-180.0,0.008,-178.584,42.679,-5.56,-122.393,0.006,-63.162,-131.267,-0.065,0.195,-0.296,0.0,0.487,0.044,0.01,0.1,1.38,0.05,-0.07,0.05,0.205,-0.389,0.424,-0.001,-0.816,-0.179,,
2026-01-29 03:09:53.352,place_on_machine,405.404,169.733,1352.71,-180.0,0.007,-178.586,42.676,-5.549,-122.409,0.006,-63.135,-131.264,-0.057,0.173,-0.263,0.0,0.432,0.039,0.01,0.23,1.19,-0.04,0.03,-0.03,0.191,-0.372,0.415,-0.001,-0.788,-0.166,,
2026-01-29 03:09:53.459,place_on_machine,405.426,169.719,1352.5,-179.999,0.007,-178.587,42.672,-5.539,-122.425,0.006,-63.109,-131.262,-0.052,0.156,-0.237,0.0,0.389,0.035,0.06,0.17,1.25,0.05,-0.01,-0.0,0.173,-0.338,0.378,-0.001,-0.718,-0.15,,
2026-01-29 03:09:53.566,place_on_machine,405.445,169.707,1352.313,-179.999,0.007,-178.588,42.669,-5.529,-122.439,0.006,-63.086,-131.26,-0.047,0.141,-0.214,0.0,0.35,0.031,-0.09,0.18,1.25,0.07,0.03,0.11,0.16,-0.315,0.357,-0.001,-0.674,-0.138,,
2026-01-29 03:09:53.672,place_on_machine,405.46,169.697,1352.167,-179.999,0.007,-178.589,42.667,-5.522,-122.45,0.006,-63.068,-131.259,-0.041,0.124,-0.188,0.0,0.308,0.027,0.09,0.17,1.23,0.07,0.03,0.01,0.151,-0.305,0.354,-0.001,-0.659,-0.128,,
2026-01-29 03:09:53.779,place_on_machine,405.475,169.687,1352.025,-179.999,0.006,-178.59,42.664,-5.515,-122.461,0.006,-63.05,-131.257,-0.037,0.11,-0.168,0.0,0.275,0.024,-0.04,0.22,1.29,0.1,0.13,0.0,0.136,-0.276,0.32,-0.001,-0.597,-0.116,,
2026-01-29 03:09:53.879,place_on_machine,405.487,169.679,1351.906,-179.998,0.006,-178.59,42.662,-5.509,-122.47,0.006,-63.035,-131.256,-0.032,0.098,-0.149,0.0,0.243,0.021,0.03,0.16,1.24,0.08,-0.06,0.04,0.126,-0.26,0.306,-0.001,-0.566,-0.107,,
2026-01-29 03:09:53.988,place_on_machine,405.498,169.671,1351.797,-179.998,0.006,-178.591,42.661,-5.503,-122.479,0.006,-63.022,-131.255,-0.029,0.087,-0.132,0.0,0.216,0.019,-0.08,0.15,1.24,-0.04,-0.01,-0.03,0.115,-0.239,0.284,-0.001,-0.523,-0.097,,
2026-01-29 03:09:54.095,place_on_machine,405.509,169.664,1351.691,-179.998,0.006,-178.592,42.659,-5.498,-122.487,0.006,-63.009,-131.254,-0.026,0.078,-0.119,0.0,0.195,0.017,0.08,0.14,1.33,0.01,0.03,0.01,0.104,-0.216,0.257,-0.0,-0.473,-0.088,,
2026-01-29 03:09:54.195,place_on_machine,405.518,169.658,1351.602,-179.998,0.006,-178.592,42.657,-5.494,-122.493,0.006,-62.998,-131.253,-0.023,0.07,-0.106,0.0,0.174,0.015,0.03,0.13,1.28,0.07,0.04,-0.02,0.097,-0.203,0.244,-0.0,-0.447,-0.081,,
2026-01-29 03:09:54.298,place_on_machine,405.527,169.652,1351.514,-179.998,0.006,-178.593,42.656,-5.489,-122.5,0.006,-62.987,-131.252,-0.021,0.063,-0.096,0.0,0.157,0.013,-0.03,0.07,1.23,0.08,0.0,0.03,0.087,-0.184,0.221,-0.0,-0.405,-0.073,,
2026-01-29 03:09:54.402,place_on_machine,405.535,169.646,1351.435,-179.998,0.005,-178.594,42.655,-5.485,-122.506,0.006,-62.977,-131.251,-0.019,0.057,-0.087,0.0,0.142,0.012,0.01,0.13,1.33,-0.03,-0.03,0.01,0.08,-0.17,0.206,-0.0,-0.375,-0.067,,
2026-01-29 03:09:54.812,place_on_machine,405.556,169.632,1351.229,-179.997,0.005,-178.595,42.651,-5.475,-122.522,0.006,-62.952,-131.249,-0.012,0.036,-0.054,0.0,0.088,0.007,-0.07,0.19,1.26,0.04,0.02,-0.06,0.056,-0.123,0.153,-0.0,-0.276,-0.046,,
2026-01-29 03:09:55.223,place_on_machine,405.571,169.62,1351.07,-179.997,0.005,-178.596,42.649,-5.467,-122.534,0.006,-62.932,-131.248,-0.008,0.024,-0.036,0.0,0.059,0.005,-0.05,0.07,1.3,0.07,-0.04,-0.03,0.04,-0.089,0.113,-0.0,-0.201,-0.032,,
2026-01-29 03:09:55.644,place_on_machine,405.583,169.612,1350.955,-179.997,0.004,-178.597,42.647,-5.461,-122.543,0.006,-62.918,-131.247,-0.006,0.017,-0.027,0.0,0.043,0.003,0.04,0.16,1.22,-0.01,-0.0,-0.04,0.027,-0.06,0.076,-0.0,-0.136,-0.021,,
2026-01-29 03:09:56.057,place_on_machine,405.591,169.606,1350.87,-179.996,0.004,-178.598,42.645,-5.457,-122.549,0.006,-62.908,-131.246,-0.004,0.013,-0.019,0.0,0.031,0.002,0.01,0.23,1.34,0.13,-0.01,0.01,0.018,-0.042,0.055,-0.0,-0.097,-0.015,,
2026-01-29 03:09:56.470,place_on_machine,405.596,169.602,1350.816,-179.996,0.004,-178.598,42.644,-5.454,-122.553,0.006,-62.901,-131.246,-0.003,0.008,-0.013,0.0,0.021,0.001,0.01,0.17,1.26,0.05,-0.05,-0.01,0.013,-0.031,0.04,-0.0,-0.07,-0.01,,
2026-01-29 03:09:56.897,place_on_machine,405.599,169.599,1350.783,-179.996,0.004,-178.598,42.644,-5.453,-122.556,0.006,-62.897,-131.245,-0.002,0.005,-0.008,0.0,0.013,0.001,-0.03,0.24,1.25,0.09,0.03,0.04,0.01,-0.024,0.032,-0.0,-0.056,-0.007,,
2026-01-29 03:09:57.317,place_on_machine,405.601,169.598,1350.763,-179.996,0.004,-178.599,42.644,-5.452,-122.557,0.006,-62.895,-131.245,-0.001,0.003,-0.005,0.0,0.008,0.001,0.07,0.15,1.21,-0.0,0.03,-0.01,0.006,-0.015,0.02,-0.0,-0.034,-0.005,,
2026-01-29 03:09:57.726,place_on_machine,405.603,169.596,1350.745,-179.996,0.004,-178.599,42.643,-5.451,-122.559,0.006,-62.892,-131.245,-0.001,0.003,-0.004,0.0,0.006,0.0,0.03,0.1,1.26,-0.02,0.08,0.01,0.004,-0.011,0.014,-0.0,-0.024,-0.003,,
2026-01-29 03:09:58.142,place_on_machine,405.604,169.595,1350.731,-179.996,0.004,-178.599,42.643,-5.45,-122.56,0.006,-62.891,-131.245,-0.001,0.002,-0.003,0.0,0.005,0.0,-0.03,0.11,1.29,0.08,-0.01,0.04,0.003,-0.007,0.01,-0.0,-0.017,-0.002,,
2026-01-29 03:09:58.249,place_to_retreat_machine,405.407,169.63,1350.746,-179.996,0.004,-178.585,42.665,-5.466,-122.572,0.006,-62.894,-131.253,0.054,-0.039,-0.032,-0.001,-0.005,-0.02,1.03,-10.04,0.81,0.11,0.05,0.05,0.223,-0.169,-0.109,-0.002,-0.052,-0.082,,
2026-01-29 03:09:58.350,place_to_retreat_machine,396.695,170.999,1351.469,179.988,0.012,-178.16,43.637,-6.183,-123.093,-0.001,-63.073,-131.797,2.471,-1.821,-1.328,-0.019,-0.451,-1.374,0.83,-8.33,0.89,0.07,-0.01,-0.01,9.7,-7.159,-5.192,-0.073,-1.802,-5.43,,
2026-01-29 03:09:58.454,place_to_retreat_machine,384.413,172.492,1352.324,179.982,0.011,-177.932,45.02,-7.202,-123.835,-0.006,-63.348,-132.949,5.31,-3.914,-2.85,-0.025,-1.025,-3.912,0.69,-6.24,0.98,0.03,-0.09,-0.04,12.839,-9.469,-6.875,-0.037,-2.582,-10.977,,
2026-01-29 03:09:58.560,place_to_retreat_machine,374.095,173.375,1352.888,179.984,0.009,-177.944,46.197,-8.07,-124.466,-0.006,-63.587,-134.138,6.925,-5.105,-3.715,-0.02,-1.367,-5.906,0.4,-4.46,1.1,0.03,-0.04,-0.16,9.498,-7.004,-5.083,0.008,-1.966,-10.242,,
2026-01-29 03:09:58.664,place_to_retreat_machine,364.892,173.881,1353.266,179.987,0.007,-178.035,47.261,-8.854,-125.036,-0.005,-63.804,-135.293,7.854,-5.789,-4.212,-0.012,-1.567,-7.318,0.37,-3.09,1.03,-0.0,0.0,0.04,7.415,-5.468,-3.967,0.021,-1.548,-8.882,,
2026-01-29 03:09:58.770,place_to_retreat_machine,356.689,174.105,1353.498,179.99,0.005,-178.145,48.221,-9.562,-125.551,-0.004,-64.0,-136.365,8.291,-6.111,-4.447,-0.006,-1.665,-8.167,0.28,-1.94,1.09,0.08,0.07,-0.07,5.639,-4.158,-3.015,0.022,-1.183,-7.157,,
2026-01-29 03:09:58.872,place_to_retreat_machine,349.375,174.122,1353.618,179.992,0.004,-178.252,49.088,-10.201,-126.016,-0.002,-64.176,-137.339,8.385,-6.18,-4.497,-0.001,-1.691,-8.562,0.3,-1.09,1.19,0.06,-0.05,-0.13,4.14,-3.053,-2.212,0.02,-0.873,-5.47,,
2026-01-29 03:09:58.977,place_to_retreat_machine,342.85,173.991,1353.654,179.995,0.003,-178.348,49.87,-10.777,-126.436,-0.001,-64.336,-138.218,8.245,-6.077,-4.421,0.003,-1.667,-8.617,0.13,-0.3,1.15,-0.05,0.02,-0.0,2.882,-2.126,-1.539,0.017,-0.612,-3.962,,
2026-01-29 03:09:59.079,place_to_retreat_machine,337.025,173.755,1353.627,179.997,0.003,-178.429,50.576,-11.298,-126.814,0.0,-64.48,-139.006,7.949,-5.859,-4.263,0.005,-1.609,-8.434,0.16,0.25,1.19,-0.01,0.02,-0.01,1.832,-1.352,-0.976,0.013,-0.395,-2.667,,
2026-01-29 03:09:59.181,place_to_retreat_machine,332.202,173.473,1353.562,179.998,0.002,-178.493,51.167,-11.733,-127.131,0.001,-64.6,-139.661,7.439,-5.482,-3.989,0.005,-1.507,-7.963,0.05,0.74,1.23,0.09,-0.01,0.04,0.494,-0.366,-0.259,0.009,-0.119,-1.065,,
2026-01-29 03:09:59.287,place_to_retreat_machine,327.511,173.123,1353.459,180.0,0.002,-178.551,51.747,-12.16,-127.442,0.002,-64.718,-140.299,7.029,-5.18,-3.769,0.006,-1.425,-7.567,0.11,1.14,1.25,0.05,-0.01,-0.01,0.337,-0.25,-0.176,0.007,-0.084,-0.789,,
2026-01-29 03:09:59.388,place_to_retreat_machine,323.623,172.775,1353.344,-179.999,0.002,-178.595,52.232,-12.518,-127.702,0.002,-64.816,-140.829,6.484,-4.779,-3.477,0.006,-1.315,-6.999,0.04,1.51,1.29,0.01,-0.03,0.04,-0.646,0.474,0.351,0.005,0.118,0.377,,
2026-01-29 03:09:59.496,place_to_retreat_machine,319.836,172.386,1353.205,-179.998,0.001,-178.634,52.709,-12.869,-127.957,0.003,-64.913,-141.344,6.054,-4.462,-3.246,0.005,-1.227,-6.537,0.06,1.77,1.25,0.07,-0.04,0.01,-0.67,0.492,0.363,0.003,0.125,0.479,,
2026-01-29 03:09:59.604,place_to_retreat_machine,316.445,171.994,1353.058,-179.997,0.001,-178.665,53.138,-13.186,-128.188,0.003,-65.0,-141.805,5.615,-4.138,-3.011,0.005,-1.138,-6.056,0.03,1.86,1.29,-0.03,0.04,-0.05,-1.066,0.785,0.575,0.002,0.208,0.974,,
2026-01-29 03:09:59.711,place_to_retreat_machine,313.407,171.608,1352.907,-179.997,0.001,-178.69,53.526,-13.472,-128.396,0.003,-65.078,-142.217,5.181,-3.819,-2.778,0.004,-1.05,-5.573,0.03,2.07,1.27,0.14,-0.07,-0.04,-1.378,1.015,0.742,0.001,0.273,1.362,,
2026-01-29 03:09:59.823,place_to_retreat_machine,310.684,171.234,1352.757,-179.996,0.001,-178.708,53.877,-13.73,-128.584,0.003,-65.149,-142.587,4.762,-3.509,-2.553,0.004,-0.964,-5.103,0.04,2.19,1.34,0.02,-0.01,-0.05,-1.618,1.192,0.87,0.0,0.323,1.66,,
2026-01-29 03:09:59.929,place_to_retreat_machine,308.6,170.929,1352.631,-179.996,0.001,-178.72,54.146,-13.929,-128.728,0.003,-65.203,-142.868,4.245,-3.129,-2.276,0.003,-0.859,-4.531,-0.04,2.31,1.28,0.05,-0.02,-0.01,-2.263,1.667,1.216,-0.001,0.454,2.367,,
2026-01-29 03:10:00.031,place_to_retreat_machine,306.698,170.637,1352.509,-179.996,0.001,-178.73,54.393,-14.111,-128.861,0.003,-65.253,-143.125,3.802,-2.802,-2.039,0.002,-0.769,-4.04,-0.02,2.46,1.34,-0.03,-0.04,-0.08,-2.261,1.665,1.214,-0.001,0.454,2.384,,
2026-01-29 03:10:00.134,place_to_retreat_machine,304.962,170.358,1352.392,-179.996,0.001,-178.736,54.62,-14.278,-128.982,0.004,-65.299,-143.358,3.418,-2.519,-1.833,0.002,-0.691,-3.613,0.03,2.41,1.23,0.01,-0.03,0.07,-2.24,1.65,1.203,-0.001,0.451,2.376,,
2026-01-29 03:10:00.242,place_to_retreat_machine,303.377,170.094,1352.278,-179.996,0.001,-178.741,54.828,-14.431,-129.094,0.003,-65.341,-143.571,3.083,-2.272,-1.653,0.001,-0.623,-3.241,-0.03,2.52,1.28,0.12,0.01,-0.02,-2.204,1.624,1.184,-0.001,0.444,2.348,,
2026-01-29 03:10:00.350,place_to_retreat_machine,301.93,169.845,1352.17,-179.996,0.001,-178.744,55.019,-14.571,-129.196,0.003,-65.379,-143.764,2.789,-2.056,-1.495,0.001,-0.563,-2.914,0.03,2.72,1.29,0.02,-0.02,-0.02,-2.156,1.588,1.158,-0.001,0.435,2.304,,
2026-01-29 03:10:00.456,place_to_retreat_machine,300.379,169.569,1352.049,-179.996,0.001,-178.745,55.223,-14.723,-129.306,0.003,-65.42,-143.97,2.604,-1.919,-1.396,0.001,-0.525,-2.701,0.1,2.68,1.26,-0.0,0.01,-0.01,-1.797,1.324,0.965,-0.002,0.363,1.945,,
2026-01-29 03:10:00.560,place_to_retreat_machine,298.985,169.313,1351.936,-179.996,0.001,-178.744,55.408,-14.859,-129.405,0.003,-65.457,-144.155,2.416,-1.78,-1.295,0.0,-0.487,-2.487,-0.05,2.66,1.34,0.04,-0.01,-0.08,-1.817,1.338,0.976,-0.002,0.367,1.968,,
2026-01-29 03:10:00.662,place_to_retreat_machine,297.731,169.076,1351.831,-179.996,0.001,-178.743,55.575,-14.982,-129.495,0.003,-65.491,-144.32,2.229,-1.643,-1.195,-0.0,-0.449,-2.278,0.02,2.77,1.35,0.11,0.04,0.03,-1.815,1.337,0.975,-0.002,0.367,1.965,,
2026-01-29 03:10:00.766,place_to_retreat_machine,297.109,168.957,1351.777,-179.996,0.001,-178.741,55.659,-15.043,-129.539,0.003,-65.507,-144.401,1.88,-1.385,-1.008,-0.0,-0.378,-1.912,-0.07,2.73,1.31,0.08,-0.1,-0.03,-2.473,1.822,1.327,-0.001,0.498,2.604,,
2026-01-29 03:10:00.875,place_to_retreat_machine,296.686,168.874,1351.74,-179.996,0.001,-178.74,55.715,-15.085,-129.57,0.003,-65.519,-144.456,1.551,-1.143,-0.832,-0.0,-0.312,-1.572,0.03,2.77,1.3,0.05,-0.06,0.01,-2.49,1.835,1.336,-0.001,0.502,2.606,,
2026-01-29 03:10:00.979,place_to_retreat_machine,295.889,168.718,1351.67,-179.996,0.001,-178.737,55.822,-15.164,-129.627,0.003,-65.54,-144.56,1.43,-1.054,-0.767,-0.0,-0.287,-1.439,0.03,2.81,1.22,0.01,-0.06,-0.05,-1.74,1.282,0.934,-0.001,0.351,1.86,,
2026-01-29 03:10:01.085,place_to_retreat_machine,294.877,168.515,1351.578,-179.996,0.001,-178.732,55.958,-15.264,-129.7,0.003,-65.567,-144.691,1.412,-1.041,-0.757,-0.001,-0.283,-1.407,-0.02,2.84,1.31,-0.02,-0.07,0.02,-1.274,0.938,0.684,-0.002,0.258,1.401,waypoint,
2026-01-29 03:10:01.188,place_to_retreat_machine,291.022,170.114,1359.174,179.929,0.05,-178.423,56.73,-15.878,-129.195,0.001,-66.596,-145.154,2.991,-2.318,0.693,-0.006,-2.786,-2.212,0.1,2.29,1.27,0.12,0.04,0.09,5.219,-4.301,6.39,-0.021,-9.79,-2.054,,
2026-01-29 03:10:01.294,place_to_retreat_machine,285.201,172.012,1371.026,179.914,0.056,-178.228,57.862,-16.783,-128.376,-0.001,-68.304,-146.09,5.073,-3.999,2.567,-0.009,-6.358,-4.0,0.06,2.8,1.32,0.01,-0.01,0.05,8.291,-6.767,8.892,-0.018,-15.591,-6.585,,
2026-01-29 03:10:01.399,place_to_retreat_machine,279.691,173.238,1381.915,179.928,0.045,-178.228,58.898,-17.611,-127.624,-0.001,-69.902,-147.125,6.394,-5.069,3.806,-0.007,-8.763,-5.587,0.05,3.11,1.31,0.0,-0.03,0.0,6.502,-5.324,7.34,0.005,-12.937,-6.915,,
2026-01-29 03:10:01.499,place_to_retreat_machine,275.337,173.881,1390.352,179.942,0.036,-178.284,59.7,-18.252,-127.041,-0.0,-71.142,-147.985,6.802,-5.404,4.312,-0.003,-9.674,-6.339,-0.08,3.56,1.22,0.13,-0.09,0.0,3.516,-2.925,4.911,0.012,-8.07,-4.467,,
2026-01-29 03:10:01.601,place_to_retreat_machine,271.002,174.255,1398.631,179.955,0.028,-178.361,60.488,-18.881,-126.469,0.001,-72.36,-148.85,7.071,-5.627,4.665,0.001,-10.299,-6.916,-0.02,3.76,1.19,0.05,0.0,-0.03,3.019,-2.516,4.314,0.014,-7.034,-4.074,,
2026-01-29 03:10:01.704,place_to_retreat_machine,266.754,174.37,1406.639,179.968,0.021,-178.441,61.251,-19.491,-125.915,0.002,-73.538,-149.693,7.21,-5.744,4.884,0.004,-10.67,-7.295,0.03,3.93,1.34,0.03,0.01,0.03,2.468,-2.065,3.701,0.013,-5.936,-3.451,,
2026-01-29 03:10:01.810,place_to_retreat_machine,262.915,174.267,1413.801,179.979,0.016,-178.511,61.934,-20.036,-125.418,0.003,-74.592,-150.446,7.115,-5.672,4.904,0.005,-10.638,-7.355,0.02,4.01,1.14,0.04,-0.08,0.0,1.424,-1.222,2.752,0.01,-4.102,-2.209,,
2026-01-29 03:10:01.913,place_to_retreat_machine,259.453,174.007,1420.203,179.988,0.011,-178.57,62.546,-20.525,-124.974,0.004,-75.535,-151.117,6.866,-5.476,4.789,0.006,-10.336,-7.193,-0.03,4.3,1.22,0.05,-0.02,0.01,0.568,-0.53,1.959,0.007,-2.582,-1.158,,
2026-01-29 03:10:02.019,place_to_retreat_machine,256.338,173.639,1425.925,179.995,0.008,-178.617,63.094,-20.963,-124.576,0.005,-76.379,-151.713,6.519,-5.202,4.587,0.006,-9.862,-6.884,-0.1,4.43,1.26,0.03,-0.02,-0.01,-0.128,0.034,1.299,0.005,-1.331,-0.292,,
2026-01-29 03:10:02.138,place_to_retreat_machine,253.35,173.167,1431.384,-179.999,0.005,-178.658,63.618,-21.381,-124.196,0.005,-77.185,-152.277,6.199,-4.947,4.391,0.006,-9.411,-6.573,-0.19,4.46,1.22,-0.04,-0.1,-0.04,-0.357,0.224,0.993,0.004,-0.817,0.053,,
2026-01-29 03:10:02.243,place_to_retreat_machine,252.609,173.032,1432.732,-179.997,0.005,-178.667,63.747,-21.485,-124.101,0.006,-77.384,-152.415,4.973,-3.969,3.528,0.005,-7.556,-5.276,-0.03,4.48,1.31,0.07,0.01,-0.05,-4.263,3.351,-1.97,-0.002,5.331,4.302,,
2026-01-29 03:10:02.349,place_to_retreat_machine,250.356,172.579,1436.826,-179.993,0.003,-178.692,64.141,-21.8,-123.815,0.006,-77.989,-152.834,4.714,-3.764,3.362,0.005,-7.18,-5.005,-0.06,4.59,1.24,0.0,-0.06,0.0,-1.194,0.904,0.147,0.001,0.738,1.067,,
2026-01-29 03:10:02.450,place_to_retreat_machine,248.32,172.112,1440.515,-179.99,0.002,-178.711,64.496,-22.084,-123.557,0.006,-78.535,-153.209,4.424,-3.533,3.167,0.005,-6.749,-4.691,-0.11,4.66,1.32,0.08,-0.01,0.01,-1.458,1.12,-0.146,0.0,1.258,1.402,,
2026-01-29 03:10:02.557,place_to_retreat_machine,246.346,171.608,1444.081,-179.987,0.001,-178.727,64.841,-22.359,-123.307,0.007,-79.063,-153.569,4.179,-3.337,3.0,0.004,-6.382,-4.417,-0.03,4.73,1.26,0.1,0.05,-0.01,-1.425,1.098,-0.214,0.0,1.31,1.413,,
2026-01-29 03:10:02.666,place_to_retreat_machine,244.699,171.149,1447.053,-179.985,0.0,-178.737,65.128,-22.588,-123.098,0.007,-79.503,-153.866,3.852,-3.077,2.772,0.004,-5.887,-4.057,-0.06,4.85,1.23,-0.02,0.07,-0.04,-1.851,1.443,-0.605,-0.001,2.055,1.894,,
2026-01-29 03:10:02.777,place_to_retreat_machine,243.321,170.737,1449.535,-179.984,-0.0,-178.743,65.368,-22.78,-122.924,0.007,-79.871,-154.113,3.49,-2.788,2.515,0.003,-5.335,-3.659,-0.14,4.75,1.36,-0.0,-0.02,-0.02,-2.136,1.674,-0.886,-0.001,2.573,2.212,,
2026-01-29 03:10:02.878,place_to_retreat_machine,242.067,170.341,1451.79,-179.983,-0.0,-178.747,65.587,-22.955,-122.765,0.007,-80.206,-154.336,3.164,-2.527,2.284,0.003,-4.838,-3.301,-0.1,4.92,1.28,0.01,0.03,-0.05,-2.139,1.68,-0.955,-0.001,2.651,2.232,,
2026-01-29 03:10:02.980,place_to_retreat_machine,240.927,169.963,1453.839,-179.982,-0.0,-178.749,65.786,-23.114,-122.621,0.007,-80.51,-154.537,2.87,-2.293,2.074,0.002,-4.389,-2.978,-0.08,4.88,1.32,0.04,-0.01,-0.11,-2.122,1.669,-1.003,-0.001,2.69,2.226,,
2026-01-29 03:10:03.083,place_to_retreat_machine,239.891,169.605,1455.701,-179.982,-0.0,-178.75,65.967,-23.258,-122.489,0.008,-80.786,-154.718,2.605,-2.081,1.884,0.002,-3.983,-2.687,-0.15,4.92,1.37,0.08,0.1,0.04,-2.09,1.646,-1.033,-0.002,2.698,2.2,,
2026-01-29 03:10:03.184,place_to_retreat_machine,238.874,169.239,1457.526,-179.982,-0.0,-178.749,66.144,-23.4,-122.36,0.008,-81.057,-154.894,2.398,-1.916,1.736,0.002,-3.665,-2.456,-0.06,4.83,1.31,0.05,-0.04,-0.04,-1.914,1.508,-0.954,-0.002,2.481,2.028,,
2026-01-29 03:10:03.292,place_to_retreat_machine,238.023,168.923,1459.052,-179.982,-0.0,-178.746,66.293,-23.519,-122.252,0.008,-81.284,-155.041,2.17,-1.734,1.572,0.002,-3.315,-2.208,-0.07,4.98,1.34,0.1,0.0,0.01,-2.013,1.589,-1.069,-0.002,2.678,2.126,,
2026-01-29 03:10:03.394,place_to_retreat_machine,237.312,168.651,1460.328,-179.982,-0.0,-178.744,66.417,-23.619,-122.162,0.008,-81.474,-155.162,1.939,-1.549,1.405,0.001,-2.96,-1.96,-0.11,4.85,1.27,-0.03,-0.01,-0.06,-2.054,1.623,-1.138,-0.002,2.781,2.162,,
2026-01-29 03:10:03.500,place_to_retreat_machine,236.548,168.352,1461.699,-179.982,0.0,-178.739,66.551,-23.725,-122.065,0.008,-81.677,-155.292,1.788,-1.429,1.296,0.001,-2.729,-1.794,-0.11,4.87,1.31,0.1,0.02,0.02,-1.754,1.386,-0.956,-0.001,2.361,1.864,,
2026-01-29 03:10:03.605,place_to_retreat_machine,235.858,168.075,1462.935,-179.983,0.001,-178.735,66.672,-23.822,-121.977,0.008,-81.861,-155.408,1.643,-1.313,1.192,0.001,-2.506,-1.636,0.03,5.01,1.33,0.03,0.0,-0.06,-1.709,1.352,-0.955,-0.001,2.325,1.815,,
2026-01-29 03:10:03.706,place_to_retreat_machine,235.191,167.801,1464.131,-179.983,0.001,-178.729,66.789,-23.915,-121.892,0.008,-82.039,-155.519,1.525,-1.218,1.106,0.001,-2.324,-1.505,0.08,4.94,1.4,0.03,0.11,-0.08,-1.577,1.247,-0.888,-0.001,2.153,1.68,,
2026-01-29 03:10:03.807,place_to_retreat_machine,234.635,167.568,1465.129,-179.984,0.001,-178.723,66.887,-23.993,-121.821,0.008,-82.187,-155.611,1.388,-1.109,1.007,0.001,-2.114,-1.359,-0.04,4.83,1.31,0.01,-0.05,0.04,-1.612,1.277,-0.939,-0.001,2.232,1.705,,
2026-01-29 03:10:03.909,place_to_retreat_machine,234.096,167.339,1466.095,-179.985,0.002,-178.717,66.981,-24.069,-121.752,0.008,-82.33,-155.7,1.277,-1.02,0.927,0.001,-1.944,-1.24,0.01,4.87,1.29,0.1,-0.05,-0.04,-1.482,1.174,-0.868,-0.001,2.057,1.571,,
2026-01-29 03:10:04.014,wait_for_machining,233.647,167.145,1466.9,-179.985,0.002,-178.711,67.06,-24.132,-121.695,0.008,-82.45,-155.773,1.155,-0.923,0.838,0.0,-1.757,-1.113,0.01,5.03,1.35,0.07,-0.05,-0.03,-1.49,1.181,-0.894,-0.001,2.09,1.567,,
2026-01-29 03:10:04.121,wait_for_machining,233.242,166.968,1467.627,-179.986,0.002,-178.706,67.131,-24.189,-121.643,0.008,-82.558,-155.838,1.044,-0.835,0.758,0.0,-1.587,-0.998,-0.05,4.89,1.33,-0.0,0.01,0.0,-1.418,1.124,-0.861,-0.001,1.998,1.487,,
2026-01-29 03:10:04.223,wait_for_machining,232.903,166.818,1468.234,-179.987,0.003,-178.7,67.191,-24.237,-121.6,0.008,-82.648,-155.892,0.932,-0.745,0.677,0.0,-1.416,-0.884,-0.03,4.88,1.33,0.07,-0.06,0.04,-1.392,1.105,-0.859,-0.001,1.975,1.45,,
2026-01-29 03:10:04.326,wait_for_machining,232.571,166.669,1468.83,-179.987,0.003,-178.695,67.249,-24.283,-121.558,0.008,-82.736,-155.945,0.845,-0.676,0.614,0.0,-1.283,-0.795,-0.02,4.88,1.4,0.07,0.04,-0.1,-1.264,1.003,-0.781,-0.001,1.795,1.319,,
2026-01-29 03:10:04.433,wait_for_machining,232.271,166.534,1469.368,-179.988,0.003,-178.689,67.302,-24.325,-121.519,0.008,-82.816,-155.992,0.766,-0.612,0.556,0.0,-1.161,-0.714,-0.04,4.91,1.37,0.09,-0.01,0.01,-1.195,0.948,-0.744,-0.001,1.702,1.243,,
2026-01-29 03:10:04.536,wait_for_machining,231.981,166.402,1469.889,-179.989,0.004,-178.683,67.353,-24.366,-121.482,0.008,-82.893,-156.038,0.702,-0.561,0.51,0.0,-1.064,-0.649,0.02,4.87,1.36,-0.08,-0.06,-0.05,-1.092,0.867,-0.682,-0.001,1.558,1.138,,
2026-01-29 03:10:04.643,wait_for_machining,231.739,166.291,1470.323,-179.99,0.004,-178.678,67.396,-24.4,-121.451,0.008,-82.958,-156.075,0.633,-0.506,0.46,0.0,-0.959,-0.58,-0.06,4.95,1.26,0.05,0.02,-0.04,-1.067,0.848,-0.675,-0.001,1.53,1.102,,
2026-01-29 03:10:04.749,wait_for_machining,231.504,166.183,1470.743,-179.99,0.004,-178.673,67.437,-24.433,-121.421,0.008,-83.02,-156.111,0.578,-0.462,0.42,0.0,-0.875,-0.525,-0.02,4.95,1.35,0.17,-0.01,0.02,-0.974,0.774,-0.618,-0.001,1.398,1.007,,
2026-01-29 03:10:04.854,wait_for_machining,231.323,166.099,1471.069,-179.991,0.005,-178.668,67.469,-24.459,-121.398,0.008,-83.068,-156.139,0.514,-0.411,0.373,0.0,-0.776,-0.463,-0.06,4.88,1.4,0.04,-0.06,0.0,-0.97,0.771,-0.624,-0.001,1.4,0.99,,
2026-01-29 03:10:04.960,wait_for_machining,231.159,166.023,1471.364,-179.992,0.005,-178.664,67.498,-24.482,-121.377,0.008,-83.112,-156.163,0.458,-0.366,0.333,0.0,-0.692,-0.409,-0.06,4.94,1.34,-0.01,0.01,0.06,-0.902,0.717,-0.582,-0.001,1.303,0.918,,
2026-01-29 03:10:05.063,wait_for_machining,231.009,165.953,1471.634,-179.992,0.005,-178.66,67.525,-24.503,-121.357,0.008,-83.151,-156.186,0.41,-0.327,0.297,0.0,-0.618,-0.363,0.06,4.88,1.36,0.04,-0.06,-0.05,-0.838,0.666,-0.543,-0.001,1.213,0.851,,
2026-01-29 03:10:05.166,wait_for_machining,230.872,165.889,1471.878,-179.993,0.005,-178.656,67.549,-24.523,-121.34,0.008,-83.188,-156.206,0.367,-0.294,0.267,0.0,-0.554,-0.323,-0.02,4.97,1.42,0.05,0.1,0.02,-0.778,0.619,-0.506,-0.0,1.128,0.788,,
2026-01-29 03:10:05.269,wait_for_machining,230.739,165.826,1472.118,-179.993,0.006,-178.652,67.572,-24.542,-121.323,0.008,-83.223,-156.226,0.335,-0.267,0.243,0.0,-0.504,-0.291,-0.04,4.86,1.3,0.04,0.04,-0.07,-0.705,0.56,-0.459,-0.0,1.022,0.714,,
2026-01-29 03:10:05.371,wait_for_machining,230.627,165.773,1472.319,-179.994,0.006,-178.649,67.592,-24.557,-121.308,0.008,-83.253,-156.242,0.3,-0.24,0.218,-0.0,-0.452,-0.259,-0.02,4.88,1.47,0.08,0.05,-0.02,-0.673,0.535,-0.441,-0.0,0.978,0.676,,
2026-01-29 03:10:05.476,wait_for_machining,230.525,165.725,1472.502,-179.994,0.006,-178.646,67.61,-24.572,-121.295,0.008,-83.28,-156.257,0.27,-0.216,0.196,-0.0,-0.406,-0.231,-0.07,4.94,1.4,0.02,0.02,-0.09,-0.623,0.496,-0.41,-0.0,0.907,0.625,,
2026-01-29 03:10:05.580,wait_for_machining,230.418,165.674,1472.694,-179.995,0.006,-178.642,67.629,-24.587,-121.282,0.008,-83.308,-156.272,0.25,-0.2,0.182,-0.0,-0.376,-0.212,0.02,5.03,1.44,0.03,0.03,-0.03,-0.551,0.439,-0.362,-0.0,0.802,0.556,,
2026-01-29 03:10:05.681,wait_for_machining,230.335,165.635,1472.843,-179.995,0.006,-178.639,67.644,-24.599,-121.271,0.008,-83.33,-156.284,0.224,-0.179,0.163,-0.0,-0.336,-0.189,-0.02,4.94,1.42,0.03,0.12,0.11,-0.539,0.429,-0.357,-0.0,0.786,0.536,,
2026-01-29 03:10:05.790,wait_for_machining,230.254,165.596,1472.989,-179.996,0.007,-178.636,67.658,-24.61,-121.261,0.008,-83.351,-156.296,0.204,-0.163,0.148,-0.0,-0.306,-0.17,-0.03,4.92,1.49,0.08,0.09,-0.04,-0.488,0.388,-0.323,-0.0,0.712,0.486,,
2026-01-29 03:10:05.895,wait_for_machining,230.192,165.567,1473.102,-179.996,0.007,-178.634,67.669,-24.619,-121.253,0.008,-83.368,-156.304,0.181,-0.144,0.131,-0.0,-0.271,-0.15,-0.0,4.95,1.39,0.09,-0.01,-0.03,-0.472,0.376,-0.315,-0.0,0.69,0.464,,
2026-01-29 03:10:05.996,wait_for_machining,230.129,165.537,1473.214,-179.996,0.007,-178.632,67.68,-24.628,-121.245,0.008,-83.384,-156.313,0.163,-0.13,0.118,-0.0,-0.244,-0.134,-0.01,4.86,1.38,0.12,0.01,-0.04,-0.425,0.339,-0.284,-0.0,0.622,0.419,,
2026-01-29 03:10:06.099,wait_for_machining,230.068,165.508,1473.324,-179.997,0.007,-178.629,67.691,-24.636,-121.237,0.008,-83.4,-156.322,0.149,-0.119,0.109,-0.0,-0.224,-0.122,-0.01,4.98,1.29,0.12,-0.03,0.01,-0.385,0.306,-0.257,-0.0,0.563,0.379,,
2026-01-29 03:10:06.203,wait_for_machining,230.013,165.481,1473.423,-179.997,0.007,-178.627,67.701,-24.644,-121.23,0.008,-83.415,-156.329,0.137,-0.109,0.099,-0.0,-0.204,-0.11,-0.03,4.93,1.44,0.11,-0.05,-0.01,-0.357,0.284,-0.239,-0.0,0.523,0.35,,
2026-01-29 03:10:06.311,wait_for_machining,229.963,165.458,1473.513,-179.997,0.007,-178.625,67.71,-24.651,-121.223,0.008,-83.428,-156.336,0.124,-0.099,0.09,-0.0,-0.186,-0.099,0.06,4.9,1.38,0.09,-0.01,0.09,-0.331,0.263,-0.222,-0.0,0.485,0.323,,
2026-01-29 03:10:06.415,wait_for_machining,229.918,165.436,1473.594,-179.998,0.007,-178.623,67.718,-24.658,-121.217,0.008,-83.44,-156.342,0.113,-0.091,0.082,-0.0,-0.169,-0.09,-0.03,5.03,1.44,0.06,0.04,-0.04,-0.306,0.244,-0.206,-0.0,0.449,0.298,,
2026-01-29 03:10:06.519,wait_for_machining,229.881,165.418,1473.661,-179.998,0.008,-178.621,67.724,-24.663,-121.213,0.008,-83.45,-156.347,0.102,-0.081,0.074,-0.0,-0.151,-0.08,0.03,4.85,1.4,0.07,0.13,0.04,-0.289,0.23,-0.195,-0.0,0.424,0.279,,
2026-01-29 03:10:06.622,wait_for_machining,229.841,165.399,1473.732,-179.998,0.008,-178.62,67.731,-24.669,-121.207,0.008,-83.46,-156.352,0.094,-0.075,0.068,-0.0,-0.14,-0.073,0.02,4.91,1.4,0.06,-0.02,-0.04,-0.256,0.204,-0.173,-0.0,0.376,0.248,,
2026-01-29 03:10:06.724,wait_for_machining,229.808,165.383,1473.792,-179.998,0.008,-178.618,67.737,-24.673,-121.203,0.008,-83.469,-156.357,0.085,-0.068,0.062,-0.0,-0.126,-0.066,-0.06,4.91,1.41,0.11,-0.0,-0.02,-0.242,0.193,-0.164,-0.0,0.356,0.233,,
2026-01-29 03:10:19.044,wait_for_machining,229.503,165.238,1474.343,179.999,0.009,-178.601,67.792,-24.717,-121.164,0.008,-83.549,-156.393,0.0,-0.0,0.0,-0.0,-0.0,-0.0,0.06,4.99,1.49,0.1,0.04,-0.08,-0.0,0.0,-0.0,0.0,0.0,0.0,,
2026-01-29 03:10:31.367,wait_for_machining,229.503,165.238,1474.343,179.999,0.009,-178.601,67.792,-24.717,-121.164,0.008,-83.549,-156.393,0.0,-0.0,0.0,-0.0,-0.0,-0.0,0.03,4.99,1.38,0.08,0.01,-0.02,-0.0,0.0,-0.0,0.0,0.0,0.0,,
2026-01-29 03:10:43.827,wait_for_machining,229.503,165.238,1474.343,179.999,0.009,-178.601,67.792,-24.717,-121.164,0.008,-83.549,-156.393,0.0,-0.0,0.0,0.0,-0.0,-0.0,0.01,4.97,1.47,0.07,-0.05,0.02,-0.0,0.0,-0.0,0.0,0.0,0.0,,
2026-01-29 03:10:56.246,wait_for_machining,229.503,165.238,1474.343,179.999,0.009,-178.601,67.792,-24.717,-121.164,0.008,-83.549,-156.393,0.0,-0.0,0.0,0.0,-0.0,-0.0,0.0,4.91,1.45,-0.01,0.04,-0.03,-0.0,0.0,-0.0,0.0,0.0,0.0,,
2026-01-29 03:11:08.581,wait_for_machining,229.503,165.238,1474.343,179.999,0.009,-178.601,67.792,-24.717,-121.164,0.008,-83.549,-156.393,0.0,-0.0,0.0,0.0,-0.0,-0.0,0.09,4.95,1.36,0.03,0.03,0.07,-0.0,0.0,-0.0,0.0,0.0,0.0,,
2026-01-29 03:11:21.059,wait_for_machining,229.503,165.238,1474.343,179.999,0.009,-178.601,67.792,-24.717,-121.164,0.008,-83.549,-156.393,0.0,-0.0,0.0,0.0,-0.0,-0.0,-0.09,4.97,1.35,0.1,0.07,-0.05,-0.0,0.0,-0.0,0.0,0.0,0.0,,
2026-01-29 03:11:33.363,wait_for_machining,229.503,165.238,1474.343,179.999,0.009,-178.601,67.792,-24.717,-121.164,0.008,-83.549,-156.393,0.0,-0.0,0.0,0.0,-0.0,-0.0,0.01,4.98,1.48,0.01,-0.03,0.04,-0.0,0.0,-0.0,0.0,0.0,0.0,,
2026-01-29 03:11:45.702,wait_for_machining,229.503,165.238,1474.343,179.999,0.009,-178.601,67.792,-24.717,-121.164,0.008,-83.549,-156.393,0.0,-0.0,0.0,0.0,-0.0,-0.0,0.11,4.94,1.39,0.02,0.08,-0.06,-0.0,0.0,-0.0,0.0,0.0,0.0,,
2026-01-29 03:11:58.125,wait_for_machining,229.503,165.238,1474.343,179.999,0.009,-178.601,67.792,-24.717,-121.164,0.008,-83.549,-156.393,0.0,-0.0,0.0,0.0,-0.0,-0.0,-0.0,4.91,1.41,0.03,-0.0,-0.01,-0.0,0.0,-0.0,0.0,0.0,0.0,waypoint,
2026-01-29 03:11:58.233,machining_end_to_approach_machine,230.516,165.647,1472.215,-179.965,-0.007,-178.707,67.605,-24.566,-121.324,0.008,-83.278,-156.313,-0.466,0.376,-0.4,-0.0,0.677,0.2,-0.96,8.63,0.75,0.01,0.0,-0.04,-1.866,1.504,-1.599,-0.002,2.709,0.802,,
2026-01-29 03:11:58.339,machining_end_to_approach_machine,236.451,168.028,1460.032,-179.903,-0.036,-179.045,66.542,-23.709,-122.236,0.008,-81.578,-155.589,-3.008,2.425,-2.58,-0.001,4.758,1.961,-0.75,7.7,0.95,-0.0,-0.0,0.04,-10.444,8.42,-8.961,-0.002,16.731,7.164,,
2026-01-29 03:11:58.441,machining_end_to_approach_machine,241.985,169.899,1448.74,-179.913,-0.033,-179.102,65.562,-22.92,-123.077,0.007,-79.936,-154.666,-4.705,3.792,-4.037,-0.002,7.672,3.778,-0.48,6.87,1.04,0.04,0.04,0.1,-8.564,6.903,-7.353,-0.004,14.471,8.432,,
2026-01-29 03:11:58.546,machining_end_to_approach_machine,247.282,171.265,1437.852,-179.933,-0.027,-179.041,64.622,-22.162,-123.884,0.006,-78.349,-153.664,-5.88,4.739,-5.047,-0.004,9.721,5.338,-0.23,6.04,1.15,0.02,-0.03,0.1,-7.318,5.898,-6.284,-0.01,12.476,8.38,,
2026-01-29 03:11:58.647,machining_end_to_approach_machine,251.658,172.067,1428.758,-179.95,-0.02,-178.953,63.839,-21.53,-124.557,0.005,-77.028,-152.793,-6.368,5.133,-5.466,-0.006,10.594,6.182,-0.11,5.5,1.19,0.04,-0.08,-0.07,-5.013,4.04,-4.304,-0.01,8.575,6.234,,
2026-01-29 03:11:58.749,machining_end_to_approach_machine,255.541,172.526,1420.6,-179.964,-0.015,-178.865,63.137,-20.965,-125.159,0.004,-75.845,-152.004,-6.529,5.263,-5.605,-0.007,10.902,6.609,-0.09,5.01,1.31,0.04,-0.04,0.03,-3.694,2.977,-3.172,-0.009,6.329,4.79,,
2026-01-29 03:11:58.849,machining_end_to_approach_machine,258.983,172.729,1413.285,-179.976,-0.011,-178.787,62.509,-20.459,-125.698,0.003,-74.787,-151.297,-6.467,5.213,-5.552,-0.008,10.822,6.723,-0.02,4.67,1.26,0.1,0.08,0.08,-2.592,2.089,-2.225,-0.007,4.451,3.483,,
2026-01-29 03:11:58.956,machining_end_to_approach_machine,262.237,172.743,1406.289,-179.986,-0.006,-178.717,61.909,-19.975,-126.213,0.002,-73.777,-150.626,-6.352,5.119,-5.453,-0.009,10.642,6.72,0.03,4.23,1.4,0.08,0.07,0.06,-2.055,1.656,-1.765,-0.006,3.529,2.783,,
2026-01-29 03:11:59.060,machining_end_to_approach_machine,264.915,172.621,1400.464,-179.994,-0.003,-178.663,61.409,-19.572,-126.643,0.001,-72.937,-150.072,-6.013,4.847,-5.162,-0.009,10.082,6.425,0.06,4.03,1.38,0.09,0.07,-0.04,-0.844,0.68,-0.725,-0.004,1.475,1.335,,
2026-01-29 03:11:59.164,machining_end_to_approach_machine,267.288,172.409,1395.247,-180.0,-0.0,-178.619,60.961,-19.211,-127.027,-0.0,-72.185,-149.58,-5.629,4.537,-4.832,-0.008,9.441,6.049,0.02,3.81,1.43,0.15,-0.03,-0.04,-0.237,0.191,-0.204,-0.002,0.443,0.579,,
2026-01-29 03:11:59.267,machining_end_to_approach_machine,269.39,172.138,1390.577,179.995,0.002,-178.583,60.56,-18.888,-127.371,-0.001,-71.512,-149.144,-5.224,4.21,-4.485,-0.008,8.762,5.628,0.04,3.66,1.36,-0.01,0.01,0.07,0.254,-0.205,0.218,-0.001,-0.393,-0.033,,
2026-01-29 03:11:59.368,machining_end_to_approach_machine,271.254,171.83,1386.396,179.991,0.004,-178.555,60.201,-18.599,-127.679,-0.001,-70.911,-148.757,-4.815,3.881,-4.134,-0.007,8.076,5.189,0.08,3.36,1.39,0.03,0.01,0.03,0.647,-0.522,0.556,0.0,-1.062,-0.523,,
2026-01-29 03:11:59.473,machining_end_to_approach_machine,272.907,171.502,1382.653,179.988,0.005,-178.534,59.88,-18.34,-127.955,-0.002,-70.372,-148.413,-4.415,3.559,-3.79,-0.007,7.403,4.75,0.06,3.55,1.45,0.11,0.04,0.08,0.957,-0.772,0.822,0.001,-1.589,-0.908,,
2026-01-29 03:11:59.574,machining_end_to_approach_machine,274.374,171.167,1379.304,179.986,0.006,-178.517,59.592,-18.107,-128.202,-0.002,-69.891,-148.108,-4.031,3.249,-3.461,-0.006,6.757,4.324,0.04,3.34,1.38,0.02,0.02,0.02,1.198,-0.965,1.028,0.002,-1.997,-1.205,,
2026-01-29 03:11:59.675,machining_end_to_approach_machine,275.676,170.834,1376.305,179.985,0.007,-178.505,59.334,-17.9,-128.424,-0.002,-69.46,-147.838,-3.668,2.957,-3.149,-0.005,6.145,3.919,0.07,3.26,1.4,-0.05,0.06,0.06,1.379,-1.111,1.183,0.002,-2.305,-1.429,,
2026-01-29 03:11:59.780,machining_end_to_approach_machine,276.911,170.487,1373.441,179.983,0.007,-178.495,59.088,-17.701,-128.635,-0.003,-69.048,-147.582,-3.367,2.714,-2.891,-0.005,5.638,3.579,0.1,3.15,1.49,0.05,0.01,0.02,1.355,-1.092,1.163,0.002,-2.269,-1.431,,
2026-01-29 03:11:59.880,machining_end_to_approach_machine,277.931,170.176,1371.058,179.983,0.008,-178.49,58.882,-17.536,-128.811,-0.003,-68.706,-147.371,-3.038,2.449,-2.608,-0.004,5.084,3.211,0.1,3.23,1.42,0.09,0.01,-0.0,1.632,-1.315,1.401,0.003,-2.735,-1.737,,
2026-01-29 03:11:59.980,machining_end_to_approach_machine,278.837,169.881,1368.925,179.982,0.008,-178.487,58.699,-17.388,-128.969,-0.003,-68.4,-147.184,-2.738,2.207,-2.351,-0.004,4.578,2.876,0.07,3.11,1.42,0.02,-0.05,-0.03,1.683,-1.357,1.445,0.003,-2.822,-1.802,,
2026-01-29 03:12:00.083,machining_end_to_approach_machine,279.644,169.603,1367.016,179.982,0.008,-178.486,58.534,-17.255,-129.11,-0.003,-68.126,-147.019,-2.465,1.987,-2.116,-0.003,4.119,2.572,0.07,3.05,1.38,0.04,0.04,0.02,1.707,-1.376,1.465,0.003,-2.862,-1.833,,
2026-01-29 03:12:00.183,machining_end_to_approach_machine,280.314,169.362,1365.423,179.982,0.008,-178.486,58.397,-17.144,-129.228,-0.003,-67.897,-146.881,-2.192,1.767,-1.882,-0.003,3.66,2.272,0.06,3.07,1.3,-0.06,0.07,0.0,1.808,-1.457,1.552,0.003,-3.03,-1.936,,
2026-01-29 03:12:00.291,machining_end_to_approach_machine,280.959,169.119,1363.882,179.982,0.007,-178.487,58.264,-17.037,-129.342,-0.004,-67.676,-146.75,-1.977,1.593,-1.697,-0.002,3.298,2.033,-0.02,2.97,1.31,0.05,0.1,-0.02,1.671,-1.346,1.434,0.003,-2.802,-1.798,,
2026-01-29 03:12:00.395,machining_end_to_approach_machine,281.534,168.895,1362.501,179.983,0.007,-178.49,58.145,-16.941,-129.445,-0.004,-67.478,-146.633,-1.78,1.435,-1.528,-0.002,2.968,1.816,0.02,3.14,1.31,0.14,0.0,-0.03,1.642,-1.324,1.41,0.003,-2.754,-1.767,,
2026-01-29 03:12:00.500,machining_end_to_approach_machine,282.046,168.689,1361.266,179.983,0.007,-178.493,58.038,-16.855,-129.536,-0.004,-67.301,-146.529,-1.602,1.291,-1.375,-0.002,2.668,1.621,-0.04,3.07,1.33,0.05,-0.03,0.11,1.603,-1.292,1.376,0.003,-2.687,-1.722,,
2026-01-29 03:12:00.604,machining_end_to_approach_machine,282.503,168.5,1360.16,179.984,0.006,-178.496,57.942,-16.778,-129.618,-0.004,-67.143,-146.438,-1.44,1.161,-1.236,-0.001,2.397,1.446,0.01,3.04,1.4,0.0,0.06,0.03,1.554,-1.252,1.334,0.003,-2.605,-1.667,,
2026-01-29 03:12:00.711,machining_end_to_approach_machine,282.911,168.326,1359.17,179.984,0.006,-178.501,57.857,-16.709,-129.692,-0.004,-67.001,-146.356,-1.294,1.043,-1.111,-0.001,2.152,1.288,-0.01,2.97,1.31,0.01,0.02,0.01,1.498,-1.208,1.286,0.002,-2.511,-1.604,waypoint,
2026-01-29 03:12:00.816,approach_machine_to_pick,286.968,169.054,1358.727,179.997,0.002,-178.768,57.27,-16.271,-129.483,-0.0,-66.784,-146.038,-2.438,1.878,-0.312,0.009,2.157,1.761,-0.28,4.92,1.44,0.07,-0.01,0.0,-3.667,2.606,3.976,0.04,-1.504,0.923,,
2026-01-29 03:12:00.920,approach_machine_to_pick,297.572,171.109,1358.971,-179.993,0.001,-179.136,55.814,-15.192,-128.797,0.005,-66.401,-144.952,-5.469,4.104,1.481,0.019,2.575,4.036,-0.22,4.22,1.36,0.05,0.02,0.03,-11.988,8.745,8.355,0.05,0.304,8.509,,
2026-01-29 03:12:01.021,approach_machine_to_pick,307.886,172.72,1359.019,-179.994,0.002,-179.186,54.439,-14.174,-128.145,0.006,-66.034,-143.627,-7.539,5.623,2.743,0.016,2.85,6.339,0.02,3.59,1.31,0.08,-0.08,-0.03,-9.983,7.269,7.186,-0.002,0.118,10.047,,
2026-01-29 03:12:01.128,approach_machine_to_pick,318.022,173.919,1358.866,-179.998,0.003,-179.099,53.12,-13.199,-127.519,0.004,-65.68,-142.221,-8.95,6.657,3.622,0.007,3.022,8.269,0.04,3.08,1.28,-0.0,-0.01,0.07,-8.415,6.12,6.199,-0.024,-0.029,9.853,,
2026-01-29 03:12:01.228,approach_machine_to_pick,326.638,174.647,1358.591,179.998,0.004,-178.985,52.023,-12.386,-126.997,0.002,-65.385,-141.008,-9.457,7.024,4.019,0.0,3.004,9.234,0.09,2.52,1.27,0.06,0.03,-0.05,-5.368,3.875,4.532,-0.025,-0.617,6.936,,
2026-01-29 03:12:01.331,approach_machine_to_pick,334.484,175.082,1358.231,179.994,0.004,-178.873,51.04,-11.658,-126.531,-0.0,-65.121,-139.913,-9.55,7.087,4.181,-0.005,2.913,9.664,0.11,2.16,1.17,0.08,0.07,0.07,-3.684,2.639,3.534,-0.022,-0.865,5.069,,
2026-01-29 03:12:01.439,approach_machine_to_pick,342.093,175.302,1357.786,179.991,0.005,-178.769,50.1,-10.963,-126.085,-0.002,-64.869,-138.868,-9.512,7.054,4.251,-0.009,2.815,9.86,0.04,1.93,1.19,0.05,-0.04,0.05,-2.882,2.053,2.975,-0.019,-0.897,4.058,,
2026-01-29 03:12:01.543,approach_machine_to_pick,348.507,175.335,1357.341,179.989,0.005,-178.687,49.318,-10.384,-125.713,-0.004,-64.659,-138.004,-9.089,6.738,4.117,-0.01,2.635,9.556,0.12,1.59,1.18,0.07,-0.01,0.09,-1.02,0.683,1.93,-0.013,-1.232,1.845,,
2026-01-29 03:12:01.646,approach_machine_to_pick,354.308,175.246,1356.885,179.987,0.005,-178.621,48.617,-9.865,-125.381,-0.005,-64.472,-137.236,-8.568,6.35,3.919,-0.011,2.445,9.086,0.02,1.47,1.32,0.03,-0.01,0.01,-0.101,0.01,1.349,-0.009,-1.33,0.695,,
2026-01-29 03:12:01.754,approach_machine_to_pick,359.902,175.056,1356.398,179.986,0.006,-178.564,47.948,-9.37,-125.063,-0.006,-64.293,-136.509,-8.1,6.001,3.734,-0.011,2.281,8.633,0.05,1.26,1.28,0.0,-0.04,0.01,0.219,-0.22,1.067,-0.006,-1.282,0.219,,
2026-01-29 03:12:01.855,approach_machine_to_pick,364.595,174.818,1355.955,179.984,0.006,-178.522,47.39,-8.957,-124.798,-0.007,-64.144,-135.909,-7.469,5.533,3.462,-0.01,2.083,7.973,0.08,1.08,1.29,0.11,0.02,0.08,1.319,-1.028,0.428,-0.003,-1.455,-1.079,,
2026-01-29 03:12:01.958,approach_machine_to_pick,368.823,174.542,1355.528,179.984,0.006,-178.49,46.891,-8.588,-124.561,-0.008,-64.011,-135.378,-6.85,5.073,3.189,-0.009,1.895,7.309,0.01,0.94,1.21,0.07,0.01,0.03,1.769,-1.356,0.109,-0.001,-1.467,-1.648,,
2026-01-29 03:12:02.060,approach_machine_to_pick,372.63,174.244,1355.123,179.983,0.006,-178.465,46.444,-8.257,-124.349,-0.008,-63.892,-134.906,-6.255,4.632,2.923,-0.008,1.719,6.661,0.1,0.85,1.19,0.07,-0.0,-0.0,2.114,-1.607,-0.15,0.001,-1.46,-2.083,,
2026-01-29 03:12:02.163,approach_machine_to_pick,376.055,173.936,1354.741,179.983,0.006,-178.447,46.044,-7.96,-124.159,-0.009,-63.785,-134.487,-5.692,4.215,2.667,-0.007,1.555,6.042,0.04,0.77,1.24,0.06,0.09,0.01,2.369,-1.792,-0.356,0.002,-1.44,-2.408,,
2026-01-29 03:12:02.264,approach_machine_to_pick,379.135,173.628,1354.383,179.982,0.006,-178.435,45.685,-7.695,-123.988,-0.009,-63.69,-134.116,-5.165,3.825,2.426,-0.006,1.405,5.46,0.03,0.59,1.21,0.12,0.05,0.04,2.55,-1.922,-0.519,0.002,-1.408,-2.64,,
2026-01-29 03:12:02.372,approach_machine_to_pick,382.089,173.303,1354.028,179.982,0.006,-178.426,45.342,-7.441,-123.826,-0.009,-63.599,-133.765,-4.731,3.503,2.226,-0.005,1.281,4.973,0.03,0.58,1.28,0.04,-0.05,0.11,2.454,-1.847,-0.543,0.003,-1.311,-2.575,,
2026-01-29 03:12:02.478,approach_machine_to_pick,384.555,173.011,1353.723,179.982,0.006,-178.422,45.057,-7.23,-123.69,-0.009,-63.524,-133.475,-4.261,3.155,2.008,-0.004,1.15,4.454,0.01,0.57,1.19,0.05,0.0,0.05,2.782,-2.087,-0.761,0.004,-1.333,-2.935,,
2026-01-29 03:12:02.586,approach_machine_to_pick,386.77,172.732,1353.442,179.982,0.006,-178.421,44.802,-7.041,-123.569,-0.01,-63.456,-133.218,-3.835,2.839,1.809,-0.004,1.032,3.983,0.07,0.5,1.32,0.11,-0.04,-0.07,2.802,-2.099,-0.826,0.004,-1.279,-2.968,,
2026-01-29 03:12:02.692,approach_machine_to_pick,388.892,172.45,1353.166,179.983,0.006,-178.422,44.557,-6.86,-123.453,-0.01,-63.391,-132.975,-3.487,2.581,1.647,-0.003,0.935,3.595,0.02,0.34,1.26,0.08,0.02,-0.01,2.635,-1.973,-0.797,0.004,-1.182,-2.809,,
2026-01-29 03:12:02.795,approach_machine_to_pick,390.662,172.204,1352.932,179.983,0.006,-178.425,44.354,-6.71,-123.357,-0.01,-63.338,-132.775,-3.123,2.312,1.477,-0.002,0.836,3.197,0.11,0.44,1.18,0.14,0.01,0.04,2.78,-2.078,-0.912,0.004,-1.173,-2.955,,
2026-01-29 03:12:02.898,approach_machine_to_pick,392.357,171.959,1352.703,179.983,0.006,-178.429,44.16,-6.566,-123.264,-0.01,-63.286,-132.585,-2.828,2.094,1.338,-0.002,0.755,2.872,0.03,0.41,1.26,-0.01,0.03,0.08,2.592,-1.937,-0.863,0.004,-1.08,-2.767,,
2026-01-29 03:12:03.002,approach_machine_to_pick,393.77,171.747,1352.51,179.983,0.005,-178.435,43.998,-6.446,-123.187,-0.01,-63.244,-132.429,-2.526,1.87,1.196,-0.001,0.673,2.545,-0.07,0.31,1.31,0.04,-0.03,0.06,2.659,-1.984,-0.931,0.004,-1.058,-2.824,,
2026-01-29 03:12:03.109,approach_machine_to_pick,395.123,171.539,1352.323,179.984,0.005,-178.442,43.843,-6.332,-123.114,-0.009,-63.203,-132.281,-2.281,1.688,1.08,-0.001,0.606,2.278,0.09,0.3,1.36,0.1,0.04,-0.07,2.464,-1.839,-0.872,0.003,-0.972,-2.625,waypoint,
2026-01-29 03:12:03.214,pick_on_machine,396.25,171.362,1352.165,179.984,0.005,-178.448,43.715,-6.236,-123.053,-0.009,-63.169,-132.159,-2.032,1.505,0.963,-0.0,0.539,2.014,0.03,0.3,1.27,0.07,0.0,-0.1,2.478,-1.847,-0.907,0.003,-0.944,-2.623,,
2026-01-29 03:12:03.319,pick_on_machine,397.328,171.191,1352.016,179.984,0.005,-178.456,43.592,-6.145,-122.994,-0.01,-63.137,-132.043,-1.831,1.356,0.869,-0.001,0.484,1.799,0.04,0.32,1.24,0.06,0.07,0.14,2.289,-1.705,-0.84,0.0,-0.868,-2.426,,
2026-01-29 03:12:03.424,pick_on_machine,398.226,171.047,1351.89,179.984,0.005,-178.463,43.49,-6.07,-122.945,-0.01,-63.111,-131.948,-1.628,1.206,0.775,-0.001,0.429,1.587,-0.03,0.29,1.22,0.11,0.03,0.01,2.266,-1.687,-0.854,0.001,-0.836,-2.386,,
2026-01-29 03:12:03.529,pick_on_machine,399.085,170.906,1351.769,179.984,0.004,-178.47,43.392,-5.997,-122.898,-0.01,-63.086,-131.858,-1.465,1.086,0.698,-0.001,0.385,1.415,0.07,0.26,1.31,0.06,-0.06,-0.11,2.085,-1.552,-0.791,0.001,-0.764,-2.198,,
2026-01-29 03:12:03.634,pick_on_machine,399.848,170.779,1351.661,179.984,0.004,-178.478,43.306,-5.933,-122.857,-0.01,-63.063,-131.779,-1.316,0.975,0.628,-0.001,0.345,1.26,0.1,0.25,1.24,0.03,0.02,-0.06,1.985,-1.477,-0.764,0.001,-0.716,-2.087,,
2026-01-29 03:12:03.734,pick_on_machine,400.485,170.671,1351.57,179.984,0.004,-178.485,43.233,-5.879,-122.822,-0.01,-63.044,-131.714,-1.167,0.865,0.557,-0.001,0.305,1.108,0.0,0.24,1.34,-0.01,0.05,-0.04,1.932,-1.437,-0.757,0.001,-0.682,-2.017,,
2026-01-29 03:12:03.841,pick_on_machine,401.055,170.574,1351.488,179.984,0.004,-178.491,43.169,-5.831,-122.791,-0.01,-63.028,-131.656,-1.037,0.769,0.495,-0.001,0.271,0.976,0.12,0.23,1.24,0.04,0.06,-0.08,1.814,-1.349,-0.718,0.001,-0.634,-1.889,,
2026-01-29 03:12:03.942,pick_on_machine,401.531,170.492,1351.419,179.985,0.003,-178.497,43.115,-5.791,-122.765,-0.01,-63.014,-131.608,-0.913,0.677,0.436,-0.001,0.238,0.852,0.05,0.27,1.25,0.06,-0.04,0.01,1.739,-1.294,-0.697,0.001,-0.598,-1.801,,
2026-01-29 03:12:04.049,pick_on_machine,401.992,170.411,1351.352,179.985,0.003,-178.504,43.063,-5.752,-122.74,-0.01,-63.0,-131.562,-0.815,0.605,0.39,-0.001,0.212,0.754,0.07,0.22,1.18,0.07,-0.01,-0.05,1.583,-1.177,-0.636,0.001,-0.543,-1.64,,
2026-01-29 03:12:04.150,pick_on_machine,402.377,170.344,1351.296,179.985,0.003,-178.509,43.019,-5.72,-122.719,-0.01,-62.989,-131.524,-0.72,0.534,0.345,-0.001,0.187,0.66,-0.02,0.21,1.16,0.07,0.07,-0.02,1.511,-1.123,-0.613,0.001,-0.511,-1.555,,
2026-01-29 03:12:04.252,pick_on_machine,402.75,170.278,1351.242,179.985,0.003,-178.515,42.977,-5.689,-122.699,-0.01,-62.978,-131.487,-0.646,0.479,0.309,-0.001,0.167,0.586,-0.04,0.16,1.28,0.1,-0.06,0.09,1.373,-1.021,-0.559,0.001,-0.463,-1.415,,
2026-01-29 03:12:04.353,pick_on_machine,403.085,170.218,1351.193,179.985,0.003,-178.521,42.939,-5.661,-122.681,-0.01,-62.969,-131.455,-0.579,0.429,0.277,-0.0,0.15,0.521,-0.03,0.2,1.23,-0.03,-0.07,-0.08,1.28,-0.952,-0.524,0.001,-0.429,-1.315,,
2026-01-29 03:12:04.454,pick_on_machine,403.384,170.165,1351.149,179.985,0.003,-178.526,42.905,-5.636,-122.664,-0.01,-62.96,-131.426,-0.519,0.385,0.249,-0.0,0.134,0.462,0.03,0.18,1.17,0.02,0.02,-0.02,1.192,-0.886,-0.491,0.001,-0.396,-1.22,,
2026-01-29 03:12:04.557,pick_on_machine,403.67,170.113,1351.107,179.985,0.002,-178.531,42.873,-5.612,-122.649,-0.01,-62.952,-131.399,-0.47,0.349,0.225,-0.0,0.121,0.415,0.08,0.18,1.29,0.11,-0.05,-0.02,1.087,-0.809,-0.449,0.001,-0.36,-1.113,,
2026-01-29 03:12:04.663,pick_on_machine,403.908,170.07,1351.072,179.985,0.002,-178.536,42.846,-5.592,-122.636,-0.01,-62.945,-131.377,-0.42,0.312,0.201,-0.0,0.108,0.367,-0.01,0.24,1.14,-0.03,0.03,-0.03,1.033,-0.768,-0.43,0.001,-0.338,-1.05,,
2026-01-29 03:12:04.766,pick_on_machine,404.136,170.029,1351.038,179.986,0.002,-178.54,42.82,-5.572,-122.624,-0.01,-62.938,-131.356,-0.379,0.282,0.182,-0.0,0.098,0.328,0.04,0.15,1.32,0.1,0.04,0.04,0.942,-0.7,-0.393,0.001,-0.308,-0.957,,
2026-01-29 03:12:04.872,pick_on_machine,404.339,169.992,1351.008,179.986,0.002,-178.544,42.797,-5.555,-122.613,-0.01,-62.932,-131.337,-0.342,0.254,0.164,-0.0,0.088,0.293,0.1,0.26,1.22,0.09,-0.03,-0.11,0.876,-0.651,-0.367,0.001,-0.284,-0.887,,
2026-01-29 03:12:04.979,pick_on_machine,404.519,169.959,1350.982,179.986,0.002,-178.548,42.777,-5.54,-122.603,-0.01,-62.927,-131.321,-0.307,0.228,0.147,-0.0,0.079,0.26,-0.02,0.21,1.21,0.04,0.06,0.0,0.814,-0.605,-0.343,0.001,-0.262,-0.82,,
2026-01-29 03:12:05.083,pick_on_machine,404.668,169.932,1350.959,179.986,0.002,-178.552,42.76,-5.528,-122.595,-0.01,-62.923,-131.307,-0.273,0.202,0.131,-0.0,0.07,0.229,0.01,0.3,1.27,0.09,-0.03,-0.07,0.767,-0.57,-0.325,0.001,-0.245,-0.767,,
2026-01-29 03:12:05.190,pick_on_machine,404.812,169.905,1350.938,179.986,0.002,-178.555,42.744,-5.516,-122.587,-0.01,-62.919,-131.294,-0.245,0.182,0.118,0.0,0.063,0.204,0.05,0.17,1.23,0.05,0.04,0.03,0.698,-0.518,-0.296,0.001,-0.222,-0.698,,
2026-01-29 03:12:05.292,pick_on_machine,404.931,169.883,1350.92,179.986,0.002,-178.558,42.73,-5.506,-122.58,-0.01,-62.915,-131.284,-0.217,0.161,0.104,0.0,0.056,0.179,0.01,0.13,1.3,0.02,0.11,0.03,0.655,-0.487,-0.279,0.001,-0.207,-0.65,,
2026-01-29 03:12:05.400,pick_on_machine,405.045,169.862,1350.904,179.986,0.002,-178.561,42.717,-5.496,-122.574,-0.01,-62.912,-131.274,-0.195,0.145,0.094,0.0,0.05,0.159,0.01,0.17,1.26,0.11,0.07,0.03,0.595,-0.442,-0.254,0.001,-0.188,-0.591,,
2026-01-29 03:12:05.505,pick_on_machine,405.146,169.843,1350.888,179.986,0.002,-178.564,42.706,-5.488,-122.569,-0.01,-62.909,-131.265,-0.175,0.13,0.084,0.0,0.045,0.141,-0.06,0.22,1.24,0.07,-0.02,-0.0,0.55,-0.409,-0.236,0.0,-0.173,-0.544,,
2026-01-29 03:12:05.621,pick_on_machine,405.236,169.827,1350.875,179.986,0.001,-178.566,42.696,-5.48,-122.564,-0.01,-62.906,-131.257,-0.157,0.116,0.075,0.0,0.04,0.125,-0.01,0.24,1.25,0.06,0.06,-0.02,0.508,-0.377,-0.218,0.0,-0.159,-0.5,,
2026-01-29 03:12:05.729,pick_on_machine,405.28,169.819,1350.869,179.986,0.001,-178.567,42.691,-5.476,-122.561,-0.01,-62.905,-131.254,-0.13,0.096,0.062,0.0,0.033,0.103,0.03,0.14,1.23,-0.07,0.03,-0.05,0.509,-0.378,-0.221,0.0,-0.156,-0.49,,
2026-01-29 03:12:06.038,pick_on_machine,405.43,169.791,1350.846,179.986,0.001,-178.572,42.674,-5.464,-122.553,-0.01,-62.901,-131.241,-0.089,0.066,0.043,0.0,0.023,0.069,-0.0,0.11,1.29,0.03,0.08,-0.03,0.352,-0.262,-0.152,0.0,-0.109,-0.344,,
2026-01-29 03:12:06.346,pick_on_machine,405.572,169.764,1350.825,179.987,0.001,-178.576,42.658,-5.452,-122.546,-0.01,-62.897,-131.229,-0.068,0.05,0.033,0.0,0.017,0.051,-0.06,0.16,1.35,0.07,0.01,-0.02,0.273,-0.202,-0.119,0.0,-0.083,-0.263,,
2026-01-29 03:12:06.767,pick_on_machine,405.708,169.739,1350.805,179.987,0.001,-178.581,42.642,-5.441,-122.538,-0.01,-62.893,-131.219,-0.047,0.035,0.022,0.0,0.012,0.034,-0.03,0.16,1.29,-0.01,-0.03,-0.06,0.194,-0.144,-0.085,0.0,-0.059,-0.184,,
2026-01-29 03:12:07.080,pick_on_machine,405.776,169.726,1350.795,179.987,0.001,-178.583,42.635,-5.435,-122.535,-0.01,-62.891,-131.213,-0.034,0.025,0.016,0.0,0.009,0.024,0.04,0.18,1.17,0.04,0.04,0.1,0.151,-0.112,-0.067,0.0,-0.045,-0.141,,
2026-01-29 03:12:07.491,pick_on_machine,405.837,169.714,1350.785,179.987,0.001,-178.586,42.628,-5.43,-122.531,-0.01,-62.889,-131.209,-0.022,0.017,0.011,0.0,0.006,0.015,0.0,0.19,1.28,0.09,0.06,0.03,0.105,-0.078,-0.046,0.0,-0.031,-0.097,,
2026-01-29 03:12:07.808,pick_on_machine,405.87,169.708,1350.78,179.987,0.001,-178.587,42.624,-5.427,-122.529,-0.01,-62.888,-131.207,-0.016,0.012,0.008,0.0,0.004,0.011,-0.01,0.11,1.26,0.02,0.05,-0.05,0.08,-0.059,-0.036,0.0,-0.024,-0.073,,
2026-01-29 03:12:08.233,pick_on_machine,405.9,169.702,1350.776,179.987,0.001,-178.588,42.621,-5.425,-122.528,-0.01,-62.888,-131.204,-0.011,0.008,0.005,0.0,0.003,0.007,-0.05,0.16,1.32,0.07,-0.01,-0.08,0.056,-0.041,-0.025,0.0,-0.016,-0.05,,
2026-01-29 03:12:08.561,pick_on_machine,405.912,169.7,1350.774,179.987,0.001,-178.589,42.619,-5.424,-122.527,-0.01,-62.887,-131.204,-0.007,0.005,0.003,0.0,0.002,0.004,-0.03,0.19,1.31,0.02,-0.03,0.14,0.046,-0.034,-0.021,-0.0,-0.013,-0.04,,
2026-01-29 03:12:08.991,pick_on_machine,405.925,169.698,1350.772,179.987,0.001,-178.589,42.618,-5.422,-122.527,-0.01,-62.887,-131.203,-0.005,0.004,0.002,0.0,0.001,0.003,0.01,0.13,1.14,0.02,-0.0,-0.01,0.029,-0.021,-0.013,-0.0,-0.008,-0.025,,
2026-01-29 03:12:09.098,pick_to_retreat_machine,406.038,169.797,1352.485,179.973,0.018,-178.588,42.618,-5.489,-122.38,-0.009,-63.078,-131.202,-0.004,-0.164,0.368,0.002,-0.478,0.004,-0.12,-0.41,1.38,0.04,-0.02,-0.05,0.028,-0.687,1.453,0.007,-1.924,-0.017,,
2026-01-29 03:12:09.204,pick_to_retreat_machine,406.212,169.956,1356.821,179.965,0.028,-178.587,42.618,-5.657,-122.01,-0.009,-63.604,-131.201,-0.003,-0.543,1.202,0.003,-1.672,0.006,-0.0,-0.1,1.33,0.03,0.01,0.0,0.027,-1.636,3.543,0.007,-5.068,-0.013,,
2026-01-29 03:12:09.312,pick_to_retreat_machine,406.321,170.056,1361.289,179.969,0.024,-178.586,42.618,-5.83,-121.629,-0.008,-64.162,-131.201,-0.002,-0.839,1.852,0.004,-2.649,0.005,-0.12,-0.01,1.24,0.05,-0.01,0.03,0.025,-1.517,3.289,0.002,-4.89,-0.018,,
2026-01-29 03:12:09.415,pick_to_retreat_machine,406.386,170.115,1365.318,179.973,0.019,-178.586,42.618,-5.985,-121.288,-0.008,-64.666,-131.2,-0.001,-1.018,2.243,0.003,-3.247,0.004,-0.06,0.11,1.26,0.1,-0.01,-0.02,0.022,-1.191,2.576,0.001,-3.862,-0.019,,
2026-01-29 03:12:09.518,pick_to_retreat_machine,406.422,170.148,1368.937,179.978,0.015,-178.586,42.618,-6.124,-120.982,-0.008,-65.117,-131.201,-0.001,-1.111,2.448,0.003,-3.564,0.003,-0.02,0.24,1.2,0.05,-0.04,-0.05,0.02,-0.91,1.962,0.001,-2.949,-0.019,,
2026-01-29 03:12:09.624,pick_to_retreat_machine,406.437,170.161,1372.406,179.982,0.011,-178.586,42.618,-6.257,-120.689,-0.007,-65.549,-131.201,-0.001,-1.166,2.567,0.003,-3.751,0.002,0.02,0.29,1.27,0.07,0.03,0.04,0.018,-0.757,1.631,0.001,-2.451,-0.017,,
2026-01-29 03:12:09.725,pick_to_retreat_machine,406.435,170.159,1375.3,179.985,0.007,-178.585,42.618,-6.368,-120.445,-0.007,-65.907,-131.201,-0.0,-1.151,2.535,0.003,-3.71,0.001,0.05,0.52,1.29,0.04,0.07,0.12,0.016,-0.459,0.977,0.0,-1.48,-0.015,,
2026-01-29 03:12:09.828,pick_to_retreat_machine,406.422,170.147,1377.896,179.987,0.005,-178.585,42.618,-6.467,-120.227,-0.007,-66.228,-131.201,-0.0,-1.111,2.446,0.003,-3.584,0.001,0.01,0.5,1.2,0.02,0.02,0.03,0.014,-0.297,0.625,0.0,-0.955,-0.014,,
2026-01-29 03:12:09.934,pick_to_retreat_machine,406.402,170.128,1380.226,179.989,0.003,-178.585,42.618,-6.556,-120.032,-0.007,-66.515,-131.201,-0.0,-1.055,2.323,0.002,-3.406,0.001,0.01,0.36,1.28,0.14,-0.01,0.04,0.013,-0.164,0.335,-0.0,-0.522,-0.012,,
2026-01-29 03:12:10.035,pick_to_retreat_machine,406.377,170.105,1382.315,179.991,0.001,-178.585,42.618,-6.635,-119.857,-0.007,-66.772,-131.201,0.0,-0.99,2.18,0.002,-3.197,0.0,-0.04,0.44,1.36,0.06,-0.03,-0.02,0.012,-0.055,0.097,-0.0,-0.167,-0.011,,
2026-01-29 03:12:10.140,pick_to_retreat_machine,406.349,170.079,1384.188,179.992,-0.0,-178.585,42.618,-6.706,-119.7,-0.006,-67.002,-131.201,0.0,-0.921,2.027,0.002,-2.972,0.0,0.05,0.54,1.22,0.07,0.0,0.01,0.01,0.033,-0.095,-0.0,0.12,-0.01,,
2026-01-29 03:12:10.247,pick_to_retreat_machine,406.319,170.052,1385.868,179.993,-0.001,-178.585,42.618,-6.77,-119.56,-0.006,-67.207,-131.201,0.0,-0.85,1.871,0.002,-2.743,0.0,0.04,0.59,1.2,0.11,-0.0,0.07,0.009,0.105,-0.249,-0.0,0.35,-0.008,,
2026-01-29 03:12:10.352,pick_to_retreat_machine,406.289,170.024,1387.373,179.994,-0.002,-178.585,42.618,-6.827,-119.434,-0.006,-67.391,-131.201,0.0,-0.78,1.717,0.002,-2.517,0.0,-0.02,0.55,1.31,0.12,0.02,-0.07,0.008,0.161,-0.371,-0.001,0.531,-0.007,,
2026-01-29 03:12:10.459,pick_to_retreat_machine,406.259,169.996,1388.723,179.995,-0.003,-178.585,42.618,-6.878,-119.322,-0.006,-67.556,-131.201,0.0,-0.713,1.569,0.002,-2.3,0.0,0.02,0.63,1.17,0.05,0.1,-0.06,0.007,0.204,-0.465,-0.001,0.672,-0.007,,
2026-01-29 03:12:10.563,pick_to_retreat_machine,406.231,169.969,1389.932,179.996,-0.003,-178.585,42.618,-6.924,-119.221,-0.006,-67.703,-131.201,0.0,-0.649,1.429,0.002,-2.093,0.0,0.05,0.59,1.28,-0.04,-0.05,0.0,0.007,0.237,-0.536,-0.001,0.778,-0.006,waypoint,
2026-01-29 03:12:10.670,pick_to_retreat_machine,404.144,170.421,1391.317,179.989,0.001,-178.444,42.86,-7.133,-119.235,-0.008,-67.892,-131.302,0.604,-1.01,1.037,-0.003,-2.04,-0.252,0.91,-5.78,1.13,0.13,0.02,-0.05,2.423,-1.421,-1.628,-0.02,0.292,-1.014,,
2026-01-29 03:12:10.770,pick_to_retreat_machine,389.098,173.397,1393.78,179.969,0.011,-177.827,44.631,-8.382,-119.961,-0.016,-68.393,-132.453,4.881,-3.879,-1.037,-0.024,-2.783,-3.066,0.68,-4.25,1.0,0.06,0.02,-0.07,17.475,-11.673,-8.588,-0.086,-2.866,-11.413,,
2026-01-29 03:12:10.873,pick_to_retreat_machine,373.904,175.62,1395.864,179.968,0.008,-177.673,46.444,-9.655,-120.714,-0.019,-68.914,-134.11,8.192,-6.091,-2.661,-0.024,-3.389,-6.444,0.59,-2.66,1.14,0.09,0.02,-0.01,16.142,-10.747,-8.0,-0.014,-2.778,-15.338,,
2026-01-29 03:12:10.979,pick_to_retreat_machine,359.535,177.026,1397.562,179.973,0.003,-177.764,48.188,-10.88,-121.439,-0.018,-69.419,-135.947,10.506,-7.63,-3.809,-0.015,-3.805,-9.424,0.5,-1.48,1.18,0.14,-0.02,-0.02,13.849,-9.192,-6.922,0.021,-2.345,-15.594,,
2026-01-29 03:12:11.081,pick_to_retreat_machine,347.785,177.671,1398.745,179.978,0.0,-177.919,49.641,-11.9,-122.043,-0.016,-69.84,-137.555,11.512,-8.273,-4.367,-0.006,-3.908,-11.089,0.36,-0.4,1.15,0.04,0.01,-0.09,9.547,-6.225,-5.017,0.028,-1.271,-11.753,,
2026-01-29 03:12:11.186,pick_to_retreat_machine,337.446,177.856,1399.627,179.983,-0.002,-178.078,50.943,-12.813,-122.584,-0.014,-70.218,-139.016,11.887,-8.488,-4.628,0.0,-3.874,-11.969,0.21,0.39,1.16,0.12,-0.0,-0.05,7.075,-4.537,-3.885,0.026,-0.702,-9.105,,
2026-01-29 03:12:11.287,pick_to_retreat_machine,328.344,177.717,1400.274,179.987,-0.004,-178.221,52.108,-13.631,-123.069,-0.012,-70.555,-140.325,11.829,-8.411,-4.682,0.005,-3.749,-12.25,0.24,1.01,1.33,0.03,-0.01,-0.06,5.009,-3.129,-2.931,0.021,-0.235,-6.677,,
2026-01-29 03:12:11.391,pick_to_retreat_machine,320.326,177.355,1400.739,179.991,-0.005,-178.343,53.152,-14.364,-123.502,-0.01,-70.857,-141.492,11.481,-8.14,-4.596,0.008,-3.567,-12.104,0.11,1.6,1.24,0.04,0.0,-0.02,3.29,-1.962,-2.132,0.016,0.144,-4.582,,
2026-01-29 03:12:11.495,pick_to_retreat_machine,313.258,176.846,1401.064,179.994,-0.006,-178.445,54.086,-15.02,-123.891,-0.009,-71.127,-142.529,10.947,-7.745,-4.419,0.009,-3.351,-11.67,0.08,2.04,1.27,0.09,0.03,-0.07,1.871,-1.001,-1.466,0.012,0.448,-2.826,,
2026-01-29 03:12:11.600,pick_to_retreat_machine,307.443,176.29,1401.269,179.996,-0.006,-178.523,54.867,-15.567,-124.215,-0.008,-71.353,-143.387,10.161,-7.178,-4.125,0.009,-3.076,-10.898,-0.02,2.39,1.24,-0.06,0.04,0.02,0.14,0.183,-0.677,0.008,0.852,-0.758,,
2026-01-29 03:12:11.707,pick_to_retreat_machine,302.639,175.735,1401.395,179.997,-0.007,-178.582,55.519,-16.025,-124.487,-0.007,-71.541,-144.099,9.252,-6.529,-3.772,0.009,-2.778,-9.954,0.03,2.64,1.29,0.1,-0.03,-0.03,-1.15,1.061,-0.079,0.004,1.137,0.78,,
2026-01-29 03:12:11.808,pick_to_retreat_machine,297.978,175.114,1401.477,179.999,-0.007,-178.634,56.16,-16.475,-124.753,-0.006,-71.726,-144.792,8.541,-6.021,-3.495,0.008,-2.545,-9.199,0.01,2.89,1.29,0.11,-0.03,-0.06,-1.154,1.038,-0.022,0.003,1.059,0.889,,
2026-01-29 03:12:11.911,pick_to_retreat_machine,293.519,174.44,1401.518,-180.0,-0.007,-178.679,56.78,-16.911,-125.011,-0.006,-71.904,-145.458,7.957,-5.604,-3.266,0.007,-2.355,-8.562,-0.08,3.06,1.26,0.07,0.05,-0.08,-1.242,1.077,0.065,0.002,1.014,1.081,,
2026-01-29 03:12:12.014,pick_to_retreat_machine,289.571,173.777,1401.523,-179.999,-0.007,-178.713,57.336,-17.301,-125.242,-0.006,-72.064,-146.048,7.357,-5.178,-3.027,0.007,-2.166,-7.897,-0.06,3.25,1.27,0.04,-0.1,-0.04,-1.766,1.424,0.328,0.0,1.101,1.724,,
2026-01-29 03:12:12.118,pick_to_retreat_machine,286.072,173.138,1401.501,-179.998,-0.007,-178.739,57.834,-17.65,-125.449,-0.005,-72.207,-146.571,6.761,-4.757,-2.787,0.006,-1.982,-7.232,-0.04,3.39,1.32,0.09,0.02,-0.05,-2.169,1.689,0.536,-0.001,1.159,2.218,,
2026-01-29 03:12:12.219,pick_to_retreat_machine,282.969,172.529,1401.461,-179.998,-0.007,-178.758,58.279,-17.963,-125.634,-0.005,-72.335,-147.036,6.185,-4.35,-2.554,0.005,-1.806,-6.585,-0.06,3.46,1.33,-0.01,0.04,-0.02,-2.472,1.885,0.699,-0.002,1.194,2.587,,
2026-01-29 03:12:12.326,pick_to_retreat_machine,280.03,171.915,1401.405,-179.998,-0.007,-178.771,58.705,-18.262,-125.811,-0.005,-72.457,-147.475,5.704,-4.01,-2.358,0.004,-1.66,-6.037,-0.05,3.58,1.26,0.04,0.03,0.05,-2.422,1.835,0.711,-0.002,1.133,2.577,,
2026-01-29 03:12:12.430,pick_to_retreat_machine,277.604,171.381,1401.345,-179.998,-0.007,-178.779,59.06,-18.511,-125.959,-0.005,-72.558,-147.838,5.164,-3.63,-2.137,0.003,-1.498,-5.434,-0.19,3.68,1.33,0.15,-0.07,-0.04,-2.893,2.152,0.936,-0.003,1.225,3.091,,
2026-01-29 03:12:12.536,pick_to_retreat_machine,275.303,170.851,1401.276,-179.998,-0.007,-178.783,59.399,-18.749,-126.1,-0.005,-72.655,-148.181,4.72,-3.317,-1.955,0.003,-1.366,-4.933,-0.08,3.65,1.36,0.04,0.1,-0.04,-2.76,2.047,0.908,-0.003,1.149,2.976,,
2026-01-29 03:12:12.640,pick_to_retreat_machine,273.401,170.396,1401.209,-179.998,-0.007,-178.784,59.681,-18.947,-126.217,-0.005,-72.736,-148.463,4.246,-2.983,-1.76,0.002,-1.226,-4.406,-0.06,3.72,1.38,-0.01,-0.07,-0.03,-3.052,2.24,1.053,-0.003,1.197,3.281,,
2026-01-29 03:12:12.745,pick_to_retreat_machine,271.593,169.948,1401.139,-179.998,-0.007,-178.782,59.95,-19.136,-126.329,-0.005,-72.813,-148.731,3.858,-2.71,-1.6,0.001,-1.112,-3.974,-0.1,3.78,1.36,0.11,0.01,-0.1,-2.872,2.104,1.0,-0.003,1.114,3.104,,
2026-01-29 03:12:12.847,pick_to_retreat_machine,270.097,169.567,1401.075,-179.998,-0.007,-178.778,60.175,-19.294,-126.422,-0.005,-72.877,-148.951,3.455,-2.427,-1.433,0.001,-0.994,-3.532,-0.08,3.76,1.31,0.09,0.0,0.0,-3.036,2.211,1.087,-0.003,1.132,3.264,,
2026-01-29 03:12:12.954,pick_to_retreat_machine,268.675,169.195,1401.009,-179.998,-0.006,-178.772,60.39,-19.444,-126.512,-0.005,-72.938,-149.16,3.128,-2.197,-1.298,0.001,-0.898,-3.171,-0.15,3.85,1.38,0.09,0.05,-0.07,-2.832,2.059,1.02,-0.003,1.048,3.056,,
2026-01-29 03:12:13.054,pick_to_retreat_machine,267.496,168.88,1400.95,-179.999,-0.006,-178.765,60.568,-19.57,-126.586,-0.005,-72.988,-149.332,2.792,-1.961,-1.159,0.0,-0.8,-2.808,-0.17,3.92,1.32,0.04,-0.05,-0.0,-2.908,2.106,1.067,-0.003,1.046,3.117,,
2026-01-29 03:12:13.158,pick_to_retreat_machine,266.373,168.575,1400.892,-179.999,-0.006,-178.757,60.739,-19.69,-126.657,-0.005,-73.037,-149.495,2.521,-1.77,-1.047,-0.0,-0.721,-2.513,-0.06,3.73,1.42,0.07,-0.09,0.05,-2.696,1.95,0.993,-0.002,0.964,2.897,,
2026-01-29 03:12:13.261,pick_to_retreat_machine,265.443,168.317,1400.841,-180.0,-0.006,-178.75,60.881,-19.789,-126.716,-0.005,-73.077,-149.629,2.246,-1.577,-0.933,-0.0,-0.642,-2.221,-0.03,3.87,1.33,0.08,0.02,0.04,-2.712,1.956,1.013,-0.002,0.95,2.894,waypoint,
2026-01-29 03:12:13.368,pick_to_retreat_machine,265.784,170.263,1409.632,179.913,0.047,-178.737,61.016,-19.919,-125.813,-0.003,-74.007,-149.753,2.022,-1.508,1.556,0.005,-2.806,-1.974,-0.1,3.41,1.92,0.06,0.06,-0.01,-2.513,1.46,10.527,0.021,-8.042,2.714,,
2026-01-29 03:12:13.469,pick_to_retreat_machine,267.688,174.821,1433.84,179.859,0.08,-178.725,61.127,-20.092,-123.253,-0.002,-76.677,-149.851,1.793,-1.563,7.569,0.007,-8.78,-1.727,-0.02,3.43,1.77,0.15,-0.06,-0.02,-2.504,0.882,26.057,0.007,-24.638,2.69,,
2026-01-29 03:12:13.573,pick_to_retreat_machine,268.932,178.174,1458.591,179.88,0.066,-178.717,61.232,-20.263,-120.661,-0.003,-79.465,-149.949,1.609,-1.599,12.156,0.003,-13.555,-1.539,-0.02,3.58,1.63,0.03,-0.05,-0.04,-2.304,0.819,23.761,-0.013,-23.354,2.43,,
2026-01-29 03:12:13.675,pick_to_retreat_machine,269.499,180.128,1479.427,179.906,0.05,-178.711,61.32,-20.405,-118.497,-0.004,-81.802,-150.031,1.427,-1.555,14.527,-0.0,-16.008,-1.361,-0.03,3.75,1.48,0.09,-0.01,0.05,-2.251,1.02,17.107,-0.012,-16.508,2.338,,
2026-01-29 03:12:13.775,pick_to_retreat_machine,269.652,181.238,1498.191,179.929,0.036,-178.706,61.399,-20.532,-116.559,-0.004,-83.894,-150.105,1.267,-1.484,15.74,-0.002,-17.237,-1.205,-0.08,3.85,1.42,-0.07,-0.12,-0.06,-2.118,1.067,13.139,-0.009,-12.411,2.191,,
2026-01-29 03:12:13.878,pick_to_retreat_machine,269.506,181.717,1515.056,179.948,0.024,-178.702,61.47,-20.646,-114.823,-0.005,-85.767,-150.171,1.127,-1.398,16.144,-0.003,-17.608,-1.068,0.07,3.98,1.32,0.04,-0.07,-0.02,-1.988,1.093,9.801,-0.007,-8.969,2.053,,
2026-01-29 03:12:13.987,pick_to_retreat_machine,269.119,181.719,1531.211,179.965,0.013,-178.696,61.537,-20.755,-113.164,-0.006,-87.554,-150.233,1.013,-1.321,16.256,-0.004,-17.676,-0.957,-0.03,3.99,1.36,0.05,0.02,0.08,-1.821,1.034,8.054,-0.006,-7.228,1.883,,
2026-01-29 03:12:14.092,pick_to_retreat_machine,268.613,181.379,1544.676,179.978,0.005,-178.691,61.593,-20.846,-111.783,-0.006,-89.041,-150.284,0.9,-1.218,15.645,-0.004,-16.974,-0.846,-0.02,4.08,1.2,0.03,0.07,-0.0,-1.751,1.113,4.469,-0.004,-3.497,1.805,,
2026-01-29 03:12:14.194,pick_to_retreat_machine,268.019,180.811,1556.739,179.988,-0.001,-178.686,61.644,-20.927,-110.546,-0.007,-90.372,-150.33,0.801,-1.117,14.826,-0.004,-16.056,-0.748,0.01,4.2,1.13,0.08,-0.04,0.05,-1.635,1.097,2.58,-0.003,-1.582,1.683,,
2026-01-29 03:12:14.295,pick_to_retreat_machine,267.375,180.091,1567.539,179.997,-0.006,-178.681,61.689,-21.0,-109.439,-0.007,-91.562,-150.37,0.713,-1.019,13.888,-0.004,-15.018,-0.661,0.0,4.1,1.28,0.05,0.0,0.05,-1.524,1.072,1.03,-0.002,-0.023,1.567,,
2026-01-29 03:12:14.396,pick_to_retreat_machine,266.708,179.277,1577.205,-179.996,-0.01,-178.676,61.729,-21.065,-108.447,-0.007,-92.627,-150.405,0.636,-0.928,12.896,-0.004,-13.926,-0.585,0.02,4.2,1.33,0.09,-0.02,0.01,-1.419,1.041,-0.23,-0.001,1.232,1.456,,
2026-01-29 03:12:14.497,pick_to_retreat_machine,266.04,178.412,1585.853,-179.991,-0.014,-178.671,61.765,-21.124,-107.559,-0.007,-93.58,-150.437,0.567,-0.842,11.893,-0.003,-12.827,-0.517,0.02,4.19,1.19,0.06,-0.09,0.01,-1.319,1.005,-1.243,-0.001,2.23,1.351,,
2026-01-29 03:12:14.605,pick_to_retreat_machine,265.338,177.466,1594.11,-179.987,-0.016,-178.666,61.799,-21.18,-106.709,-0.008,-94.49,-150.467,0.512,-0.771,11.042,-0.003,-11.895,-0.462,0.04,4.19,1.32,0.03,-0.09,0.01,-1.203,0.93,-1.511,-0.0,2.437,1.234,,
2026-01-29 03:12:14.708,pick_to_retreat_machine,264.708,176.589,1600.976,-179.984,-0.018,-178.662,61.828,-21.226,-106.003,-0.008,-95.247,-150.491,0.456,-0.694,10.049,-0.003,-10.814,-0.407,-0.03,4.23,1.22,0.11,0.0,-0.02,-1.14,0.931,-2.783,0.0,3.724,1.163,,
2026-01-29 03:12:14.813,pick_to_retreat_machine,264.066,175.676,1607.53,-179.982,-0.02,-178.657,61.856,-21.27,-105.327,-0.008,-95.97,-150.514,0.41,-0.632,9.226,-0.003,-9.917,-0.363,-0.06,4.3,1.25,0.09,-0.06,-0.02,-1.039,0.858,-2.817,0.0,3.693,1.061,,
2026-01-29 03:12:14.918,pick_to_retreat_machine,263.503,174.859,1612.979,-179.98,-0.021,-178.653,61.879,-21.307,-104.765,-0.008,-96.571,-150.533,0.365,-0.566,8.325,-0.002,-8.941,-0.32,0.03,4.26,1.24,0.01,-0.03,-0.04,-0.981,0.847,-3.667,0.001,4.54,0.995,,
2026-01-29 03:12:15.018,pick_to_retreat_machine,262.977,174.085,1617.853,-179.979,-0.021,-178.65,61.899,-21.34,-104.261,-0.008,-97.108,-150.55,0.325,-0.507,7.503,-0.002,-8.05,-0.282,0.02,4.23,1.24,0.03,-0.06,-0.01,-0.907,0.801,-3.888,0.001,4.719,0.918,,
2026-01-29 03:12:15.123,pick_to_retreat_machine,262.487,173.357,1622.213,-179.979,-0.022,-178.646,61.917,-21.37,-103.81,-0.008,-97.59,-150.565,0.289,-0.455,6.755,-0.002,-7.24,-0.248,-0.01,4.29,1.26,0.11,-0.1,-0.0,-0.838,0.755,-4.025,0.001,4.813,0.845,,
2026-01-29 03:12:15.223,pick_to_retreat_machine,262.066,172.724,1625.849,-179.979,-0.022,-178.643,61.933,-21.395,-103.433,-0.008,-97.991,-150.577,0.255,-0.403,6.008,-0.002,-6.434,-0.217,0.07,4.21,1.3,0.01,0.0,0.1,-0.784,0.729,-4.368,0.001,5.13,0.787,,
2026-01-29 03:12:15.328,pick_to_retreat_machine,261.647,172.091,1629.366,-179.979,-0.022,-178.64,61.947,-21.419,-103.069,-0.009,-98.379,-150.589,0.229,-0.362,5.417,-0.001,-5.796,-0.192,0.03,4.15,1.29,0.08,-0.05,0.01,-0.711,0.664,-4.05,0.001,4.748,0.713,,
2026-01-29 03:12:15.434,pick_to_retreat_machine,261.263,171.505,1632.512,-179.98,-0.021,-178.637,61.961,-21.44,-102.742,-0.009,-98.727,-150.599,0.205,-0.325,4.879,-0.001,-5.216,-0.17,0.02,4.21,1.31,0.04,0.0,-0.04,-0.655,0.622,-4.026,0.001,4.682,0.655,,
2026-01-29 03:12:15.538,pick_to_retreat_machine,260.912,170.967,1635.327,-179.98,-0.021,-178.634,61.973,-21.459,-102.45,-0.009,-99.038,-150.608,0.183,-0.292,4.391,-0.001,-4.689,-0.15,-0.03,4.28,1.3,0.02,-0.06,0.05,-0.603,0.582,-3.965,0.001,4.579,0.602,,
2026-01-29 03:12:15.641,pick_to_retreat_machine,260.592,170.473,1637.846,-179.981,-0.021,-178.631,61.983,-21.477,-102.188,-0.009,-99.316,-150.616,0.164,-0.262,3.948,-0.001,-4.212,-0.133,-0.04,4.24,1.25,0.03,-0.06,0.01,-0.555,0.544,-3.874,0.001,4.449,0.552,,
2026-01-29 03:12:15.742,pick_to_retreat_machine,260.32,170.053,1639.947,-179.982,-0.02,-178.629,61.992,-21.491,-101.969,-0.009,-99.548,-150.623,0.145,-0.232,3.507,-0.001,-3.739,-0.117,0.04,4.14,1.31,-0.05,-0.05,-0.06,-0.517,0.518,-3.919,0.001,4.465,0.511,,
2026-01-29 03:12:15.843,pick_to_retreat_machine,260.054,169.639,1641.98,-179.983,-0.02,-178.627,62.001,-21.505,-101.757,-0.009,-99.772,-150.629,0.13,-0.209,3.16,-0.001,-3.365,-0.103,-0.05,4.16,1.33,0.09,-0.08,0.02,-0.469,0.471,-3.596,0.001,4.094,0.463,,
2026-01-29 03:12:15.943,pick_to_retreat_machine,259.829,169.288,1643.676,-179.984,-0.019,-178.625,62.008,-21.517,-101.581,-0.009,-99.959,-150.635,0.116,-0.186,2.812,-0.001,-2.992,-0.091,0.07,4.23,1.36,0.13,0.03,-0.04,-0.436,0.447,-3.586,0.001,4.057,0.428,,
2026-01-29 03:12:16.046,pick_to_retreat_machine,259.608,168.944,1645.318,-179.985,-0.018,-178.623,62.015,-21.528,-101.409,-0.009,-100.141,-150.64,0.104,-0.168,2.537,-0.001,-2.697,-0.081,-0.03,4.17,1.32,0.03,-0.1,-0.1,-0.395,0.406,-3.284,0.001,3.712,0.387,,
2026-01-29 03:12:16.150,pick_to_retreat_machine,259.409,168.632,1646.787,-179.986,-0.018,-178.621,62.021,-21.538,-101.256,-0.009,-100.303,-150.644,0.094,-0.151,2.286,-0.0,-2.428,-0.072,-0.05,4.23,1.4,0.09,0.02,0.04,-0.362,0.377,-3.134,0.001,3.532,0.354,,
2026-01-29 03:12:16.254,pick_to_retreat_machine,259.229,168.35,1648.102,-179.988,-0.017,-178.62,62.027,-21.547,-101.119,-0.009,-100.448,-150.648,0.084,-0.136,2.057,-0.0,-2.183,-0.064,0.08,4.24,1.33,0.08,-0.04,0.04,-0.333,0.35,-2.981,0.001,3.349,0.324,waypoint,
2026-01-29 03:12:16.359,retreat_machine_to_approach_unloader,265.114,162.743,1649.542,-179.98,-0.021,179.746,60.368,-21.341,-100.858,-0.009,-100.511,-150.624,-4.084,0.414,2.195,0.0,-1.796,0.014,-11.46,3.55,1.34,0.09,0.05,-0.01,-16.944,2.469,-1.447,0.004,3.832,0.577,,
2026-01-29 03:12:16.459,retreat_machine_to_approach_unloader,295.356,130.764,1651.836,-179.964,-0.029,171.155,51.547,-20.21,-100.016,-0.008,-100.24,-150.393,-25.115,3.137,3.751,0.003,-0.67,0.586,-8.46,5.08,1.37,-0.01,-0.06,-0.01,-86.871,11.465,4.509,0.01,6.789,2.576,,
2026-01-29 03:12:16.562,retreat_machine_to_approach_unloader,321.893,93.363,1653.756,-179.964,-0.028,162.686,42.757,-19.083,-99.188,-0.007,-99.94,-150.073,-40.81,5.171,4.883,0.004,0.249,1.241,-5.68,6.04,1.41,0.12,0.04,-0.01,-77.867,10.285,3.918,0.008,6.406,3.22,,
2026-01-29 03:12:16.668,retreat_machine_to_approach_unloader,343.022,52.5,1655.35,-179.968,-0.026,154.59,34.31,-17.999,-98.393,-0.006,-99.647,-149.721,-51.727,6.588,5.65,0.006,0.918,1.811,-3.66,6.47,1.49,0.11,-0.07,-0.07,-66.666,8.819,3.199,0.009,5.686,3.215,,
2026-01-29 03:12:16.773,retreat_machine_to_approach_unloader,356.687,15.152,1656.491,-179.97,-0.023,147.862,27.275,-17.097,-97.731,-0.005,-99.403,-149.413,-56.383,7.196,5.893,0.007,1.298,2.127,-2.15,6.46,1.39,0.02,0.01,0.04,-45.87,6.125,1.549,0.007,4.631,2.447,,
2026-01-29 03:12:16.880,retreat_machine_to_approach_unloader,365.464,-20.531,1657.369,-179.973,-0.021,141.841,20.974,-16.288,-97.138,-0.004,-99.185,-149.134,-58.038,7.418,5.902,0.007,1.519,2.292,-1.05,6.31,1.48,0.09,0.01,-0.01,-33.936,4.57,0.702,0.006,3.912,1.917,,
2026-01-29 03:12:16.987,retreat_machine_to_approach_unloader,370.275,-54.008,1658.039,-179.975,-0.019,136.448,15.332,-15.565,-96.607,-0.003,-98.99,-148.885,-57.634,7.372,5.755,0.007,1.627,2.344,-0.24,5.95,1.45,0.03,-0.08,-0.03,-23.962,3.269,0.013,0.004,3.291,1.434,,
2026-01-29 03:12:17.090,retreat_machine_to_approach_unloader,371.956,-84.983,1658.545,-179.976,-0.018,131.618,10.279,-14.917,-96.131,-0.003,-98.815,-148.662,-55.858,7.15,5.505,0.007,1.657,2.314,0.32,5.67,1.49,0.17,0.05,0.04,-15.673,2.186,-0.543,0.003,2.756,1.018,,
2026-01-29 03:12:17.192,retreat_machine_to_approach_unloader,371.24,-113.346,1658.924,-179.977,-0.016,127.29,5.754,-14.336,-95.705,-0.002,-98.659,-148.464,-53.206,6.813,5.194,0.007,1.633,2.23,0.58,5.27,1.45,0.14,0.03,-0.02,-8.828,1.291,-0.986,0.002,2.297,0.668,,
2026-01-29 03:12:17.297,retreat_machine_to_approach_unloader,368.512,-140.851,1659.219,-179.979,-0.015,123.152,1.429,-13.781,-95.298,-0.001,-98.51,-148.277,-50.718,6.497,4.913,0.007,1.598,2.14,0.9,4.88,1.44,0.1,0.07,-0.01,-5.946,0.905,-1.075,0.001,1.996,0.497,,
2026-01-29 03:12:17.399,retreat_machine_to_approach_unloader,364.671,-163.936,1659.415,-179.979,-0.014,119.706,-2.172,-13.32,-94.959,-0.001,-98.386,-148.123,-47.04,6.027,4.532,0.006,1.509,1.991,0.99,4.43,1.53,0.1,0.06,0.01,1.893,-0.115,-1.65,0.0,1.546,0.119,,
2026-01-29 03:12:17.499,retreat_machine_to_approach_unloader,360.348,-183.268,1659.544,-179.98,-0.013,116.827,-5.178,-12.934,-94.676,-0.001,-98.282,-147.995,-42.795,5.484,4.106,0.006,1.39,1.813,0.99,4.05,1.44,0.07,-0.02,-0.01,7.652,-0.866,-2.045,-0.001,1.185,-0.16,,
2026-01-29 03:12:17.602,retreat_machine_to_approach_unloader,355.178,-201.985,1659.639,-179.98,-0.013,114.039,-8.089,-12.561,-94.402,-0.0,-98.182,-147.873,-39.373,5.047,3.765,0.005,1.293,1.666,1.03,3.85,1.42,0.06,0.03,0.04,7.839,-0.902,-1.93,-0.001,1.033,-0.196,,
2026-01-29 03:12:17.707,retreat_machine_to_approach_unloader,349.718,-218.703,1659.699,-179.981,-0.012,111.541,-10.695,-12.226,-94.157,0.0,-98.092,-147.764,-36.047,4.621,3.437,0.005,1.194,1.521,1.03,3.41,1.43,0.1,-0.08,0.0,10.095,-1.201,-2.023,-0.001,0.824,-0.315,,
2026-01-29 03:12:17.810,retreat_machine_to_approach_unloader,344.158,-233.61,1659.732,-179.981,-0.012,109.303,-13.03,-11.927,-93.937,0.0,-98.012,-147.667,-32.871,4.214,3.127,0.004,1.096,1.382,1.01,3.2,1.51,-0.01,0.01,-0.11,11.809,-1.431,-2.077,-0.001,0.647,-0.406,,
2026-01-29 03:12:17.915,retreat_machine_to_approach_unloader,338.637,-246.883,1659.746,-179.981,-0.011,107.298,-15.121,-11.659,-93.741,0.001,-97.941,-147.582,-29.88,3.831,2.837,0.004,1.001,1.25,1.07,2.99,1.32,0.02,0.06,-0.0,13.066,-1.6,-2.099,-0.001,0.498,-0.474,,
2026-01-29 03:12:18.020,retreat_machine_to_approach_unloader,333.258,-258.692,1659.745,-179.981,-0.011,105.501,-16.993,-11.419,-93.564,0.001,-97.876,-147.506,-27.091,3.474,2.568,0.004,0.911,1.127,0.93,2.7,1.44,-0.02,0.07,0.07,13.943,-1.72,-2.094,-0.002,0.373,-0.524,,
2026-01-29 03:12:18.121,retreat_machine_to_approach_unloader,328.452,-268.483,1659.735,-179.981,-0.011,104.001,-18.556,-11.218,-93.417,0.001,-97.823,-147.443,-24.225,3.106,2.294,0.003,0.817,1.002,0.84,2.49,1.36,0.11,-0.03,-0.04,15.641,-1.945,-2.176,-0.002,0.229,-0.602,,
2026-01-29 03:12:18.225,retreat_machine_to_approach_unloader,323.525,-277.898,1659.717,-179.981,-0.011,102.548,-20.069,-11.024,-93.275,0.001,-97.771,-147.383,-21.953,2.815,2.077,0.003,0.742,0.902,0.81,2.45,1.46,-0.02,-0.1,0.01,14.573,-1.814,-2.005,-0.002,0.189,-0.568,,
2026-01-29 03:12:18.330,retreat_machine_to_approach_unloader,318.885,-286.267,1659.694,-179.981,-0.01,101.246,-21.425,-10.85,-93.147,0.002,-97.725,-147.33,-19.853,2.546,1.876,0.003,0.673,0.81,0.79,2.22,1.36,0.11,-0.0,-0.09,14.696,-1.835,-1.953,-0.002,0.115,-0.579,,
2026-01-29 03:12:18.432,retreat_machine_to_approach_unloader,314.846,-293.205,1659.669,-179.981,-0.01,100.158,-22.556,-10.705,-93.041,0.002,-97.686,-147.286,-17.719,2.272,1.674,0.002,0.601,0.718,0.74,1.98,1.46,-0.02,0.03,0.06,15.465,-1.939,-1.969,-0.002,0.027,-0.613,,
2026-01-29 03:12:18.537,retreat_machine_to_approach_unloader,310.793,-299.877,1659.642,-179.981,-0.01,99.105,-23.652,-10.564,-92.938,0.002,-97.649,-147.243,-16.028,2.056,1.513,0.002,0.544,0.644,0.65,1.95,1.45,0.04,-0.01,-0.02,14.277,-1.791,-1.806,-0.002,0.012,-0.57,,
2026-01-29 03:12:18.643,retreat_machine_to_approach_unloader,307.043,-305.812,1659.613,-179.981,-0.01,98.161,-24.633,-10.439,-92.845,0.002,-97.615,-147.206,-14.474,1.856,1.366,0.002,0.492,0.577,0.48,1.76,1.42,0.11,0.05,0.01,13.994,-1.759,-1.733,-0.002,-0.029,-0.561,,
2026-01-29 03:12:18.750,retreat_machine_to_approach_unloader,303.59,-311.093,1659.585,-179.981,-0.01,97.316,-25.512,-10.326,-92.762,0.002,-97.586,-147.172,-13.052,1.674,1.231,0.002,0.444,0.516,0.59,1.76,1.37,0.01,-0.05,-0.05,13.619,-1.714,-1.656,-0.002,-0.061,-0.547,,
2026-01-29 03:12:18.856,retreat_machine_to_approach_unloader,300.422,-315.794,1659.557,-179.981,-0.01,96.558,-26.299,-10.225,-92.688,0.002,-97.559,-147.143,-11.757,1.508,1.108,0.001,0.4,0.461,0.45,1.72,1.4,0.06,0.01,-0.05,13.175,-1.661,-1.577,-0.002,-0.087,-0.53,,
2026-01-29 03:12:18.960,retreat_machine_to_approach_unloader,297.523,-319.979,1659.531,-179.98,-0.01,95.88,-27.003,-10.135,-92.622,0.002,-97.535,-147.117,-10.579,1.357,0.997,0.001,0.36,0.411,0.38,1.59,1.49,0.02,-0.01,-0.14,12.68,-1.6,-1.496,-0.002,-0.106,-0.511,,
2026-01-29 03:12:19.063,retreat_machine_to_approach_unloader,294.878,-323.707,1659.505,-179.98,-0.01,95.272,-27.635,-10.054,-92.563,0.002,-97.513,-147.093,-9.512,1.22,0.896,0.001,0.323,0.367,0.38,1.57,1.45,0.03,0.01,-0.03,12.148,-1.534,-1.416,-0.002,-0.121,-0.489,,
2026-01-29 03:12:19.168,retreat_machine_to_approach_unloader,292.308,-327.253,1659.48,-179.98,-0.01,94.691,-28.238,-9.976,-92.506,0.002,-97.493,-147.071,-8.642,1.108,0.814,0.001,0.294,0.33,0.43,1.46,1.39,0.02,-0.02,-0.01,11.212,-1.417,-1.301,-0.001,-0.118,-0.453,,
2026-01-29 03:12:19.276,retreat_machine_to_approach_unloader,290.135,-330.19,1659.458,-179.98,-0.01,94.207,-28.74,-9.912,-92.459,0.002,-97.476,-147.053,-7.737,0.992,0.729,0.001,0.263,0.293,0.37,1.47,1.36,0.07,0.03,0.04,11.101,-1.405,-1.266,-0.001,-0.141,-0.446,,
2026-01-29 03:12:19.384,retreat_machine_to_approach_unloader,288.032,-332.986,1659.435,-179.98,-0.01,93.744,-29.22,-9.85,-92.413,0.003,-97.46,-147.036,-7.003,0.898,0.66,0.001,0.238,0.263,0.29,1.45,1.5,0.08,0.06,-0.06,10.213,-1.293,-1.16,-0.001,-0.134,-0.411,,
2026-01-29 03:12:19.488,retreat_machine_to_approach_unloader,286.26,-335.304,1659.416,-179.98,-0.01,93.358,-29.62,-9.799,-92.376,0.003,-97.446,-147.022,-6.251,0.802,0.589,0.001,0.212,0.232,0.34,1.37,1.39,-0.02,-0.03,0.02,9.996,-1.267,-1.12,-0.001,-0.148,-0.4,,
2026-01-29 03:12:19.593,retreat_machine_to_approach_unloader,284.55,-337.512,1659.398,-179.98,-0.01,92.99,-30.002,-9.75,-92.34,0.003,-97.433,-147.008,-5.643,0.724,0.531,0.001,0.191,0.208,0.22,1.37,1.46,0.0,-0.0,-0.02,9.173,-1.163,-1.024,-0.001,-0.14,-0.368,,
2026-01-29 03:12:19.693,retreat_machine_to_approach_unloader,283.114,-339.344,1659.382,-179.979,-0.01,92.683,-30.32,-9.709,-92.31,0.003,-97.423,-146.997,-5.028,0.645,0.473,0.001,0.17,0.183,0.17,1.3,1.35,-0.03,-0.03,-0.13,8.895,-1.128,-0.982,-0.001,-0.147,-0.355,,
2026-01-29 03:12:19.796,retreat_machine_to_approach_unloader,281.817,-340.98,1659.367,-179.979,-0.01,92.408,-30.604,-9.673,-92.283,0.003,-97.413,-146.988,-4.483,0.575,0.422,0.001,0.152,0.162,0.11,1.37,1.41,0.08,0.04,-0.0,8.338,-1.058,-0.915,-0.001,-0.144,-0.332,,
2026-01-29 03:12:19.902,retreat_machine_to_approach_unloader,280.649,-342.442,1659.354,-179.979,-0.01,92.161,-30.859,-9.64,-92.259,0.003,-97.404,-146.979,-4.0,0.513,0.377,0.001,0.135,0.143,0.25,1.31,1.42,0.04,0.02,0.1,7.801,-0.99,-0.852,-0.001,-0.14,-0.31,,
2026-01-29 03:12:20.003,retreat_machine_to_approach_unloader,279.596,-343.747,1659.342,-179.979,-0.01,91.941,-31.088,-9.611,-92.238,0.003,-97.397,-146.971,-3.571,0.458,0.336,0.0,0.121,0.127,0.18,1.23,1.39,-0.01,-0.06,-0.04,7.288,-0.926,-0.792,-0.001,-0.135,-0.288,,
2026-01-29 03:12:20.107,retreat_machine_to_approach_unloader,278.647,-344.914,1659.331,-179.979,-0.011,91.743,-31.292,-9.584,-92.218,0.003,-97.39,-146.964,-3.189,0.409,0.3,0.0,0.108,0.112,0.19,1.32,1.4,0.09,0.0,-0.05,6.797,-0.864,-0.735,-0.001,-0.129,-0.268,,
2026-01-29 03:12:20.209,retreat_machine_to_approach_unloader,277.794,-345.957,1659.321,-179.979,-0.011,91.566,-31.476,-9.561,-92.201,0.003,-97.384,-146.958,-2.85,0.366,0.268,0.0,0.096,0.099,0.12,1.21,1.4,-0.01,0.05,-0.04,6.331,-0.805,-0.681,-0.001,-0.124,-0.249,,
2026-01-29 03:12:20.313,retreat_machine_to_approach_unloader,277.027,-346.889,1659.312,-179.979,-0.011,91.407,-31.64,-9.54,-92.186,0.003,-97.378,-146.953,-2.548,0.327,0.24,0.0,0.086,0.088,0.12,1.17,1.41,-0.05,0.01,-0.05,5.89,-0.749,-0.631,-0.001,-0.118,-0.231,,
2026-01-29 03:12:20.415,retreat_machine_to_approach_unloader,276.337,-347.723,1659.303,-179.979,-0.011,91.265,-31.787,-9.521,-92.172,0.003,-97.373,-146.948,-2.278,0.292,0.214,0.0,0.077,0.078,0.08,1.21,1.52,0.02,-0.06,0.05,5.472,-0.696,-0.584,-0.001,-0.112,-0.214,waypoint,
2026-01-29 03:12:20.520,retreat_machine_to_approach_unloader,277.24,-350.457,1655.924,-179.931,-0.042,91.064,-32.039,-9.313,-92.37,0.003,-97.024,-146.897,-2.338,0.74,-0.334,-0.0,0.931,0.186,0.97,22.46,-2.23,-0.04,-0.04,0.02,3.874,1.27,-2.645,-0.003,3.346,0.272,,
2026-01-29 03:12:20.624,retreat_machine_to_approach_unloader,292.55,-373.488,1617.647,-179.737,-0.175,90.443,-33.497,-7.165,-94.705,0.001,-92.777,-146.06,-5.399,5.923,-6.087,-0.003,11.316,2.232,0.82,17.77,-1.49,-0.06,0.08,-0.06,-8.574,20.531,-23.747,-0.012,41.984,8.103,,
2026-01-29 03:12:20.731,retreat_machine_to_approach_unloader,305.508,-397.249,1575.907,-179.754,-0.172,90.198,-35.02,-4.896,-97.179,0.002,-88.017,-144.782,-7.859,10.116,-10.751,-0.002,20.386,4.87,0.55,13.17,-0.9,-0.01,0.11,0.09,-8.375,19.698,-22.768,0.002,42.916,11.705,,
2026-01-29 03:12:20.836,retreat_machine_to_approach_unloader,313.896,-417.747,1537.373,-179.805,-0.143,90.165,-36.396,-2.847,-99.414,0.002,-83.675,-143.44,-9.333,12.71,-13.651,-0.001,26.145,7.008,0.4,9.41,-0.33,0.05,0.11,-0.03,-6.054,15.528,-18.098,0.004,34.446,11.173,,
2026-01-29 03:12:20.938,retreat_machine_to_approach_unloader,318.735,-435.116,1502.363,-179.851,-0.114,90.203,-37.629,-1.011,-101.416,0.002,-79.782,-142.169,-10.081,14.123,-15.244,-0.0,29.34,8.433,0.3,6.27,0.15,-0.03,0.05,-0.05,-4.018,11.844,-13.963,0.001,26.507,9.342,,
2026-01-29 03:12:21.041,retreat_machine_to_approach_unloader,320.978,-449.745,1470.758,-179.889,-0.088,90.257,-38.732,0.634,-103.21,0.002,-76.299,-141.011,-10.32,14.703,-15.917,-0.0,30.714,9.22,0.31,3.91,0.45,-0.01,0.09,0.09,-2.33,8.742,-10.475,-0.001,19.766,7.281,,
2026-01-29 03:12:21.143,retreat_machine_to_approach_unloader,321.364,-462.021,1442.348,-179.92,-0.065,90.308,-39.721,2.106,-104.816,0.002,-73.182,-139.972,-10.212,14.709,-15.952,-0.001,30.828,9.513,0.12,2.03,0.69,-0.03,0.14,0.03,-0.944,6.15,-7.555,-0.002,14.123,5.363,,
2026-01-29 03:12:21.249,retreat_machine_to_approach_unloader,320.452,-472.301,1416.89,-179.945,-0.046,90.349,-40.606,3.425,-106.254,0.001,-70.393,-139.045,-9.872,14.329,-15.56,-0.001,30.093,9.45,0.12,0.53,0.88,0.1,0.15,0.06,0.183,3.997,-5.122,-0.002,9.43,3.699,,
2026-01-29 03:12:21.350,retreat_machine_to_approach_unloader,318.66,-480.898,1394.129,-179.965,-0.03,90.38,-41.399,4.606,-107.542,0.001,-67.898,-138.222,-9.386,13.699,-14.89,-0.002,28.808,9.146,-0.02,-0.55,1.11,0.02,0.07,-0.04,1.09,2.22,-3.107,-0.002,5.551,2.3,,
2026-01-29 03:12:21.454,retreat_machine_to_approach_unloader,316.301,-488.084,1373.809,-179.982,-0.016,90.401,-42.109,5.664,-108.695,0.001,-65.665,-137.491,-8.814,12.919,-14.051,-0.002,27.187,8.687,-0.08,-1.66,1.14,-0.05,0.02,0.12,1.809,0.764,-1.451,-0.001,2.369,1.146,,
2026-01-29 03:12:21.556,retreat_machine_to_approach_unloader,313.603,-494.094,1355.688,-179.995,-0.004,90.413,-42.745,6.611,-109.728,0.001,-63.668,-136.842,-8.2,12.057,-13.121,-0.002,25.384,8.137,-0.01,-2.25,1.19,0.06,0.06,-0.02,2.369,-0.417,-0.101,-0.001,-0.219,0.208,,
2026-01-29 03:12:21.661,retreat_machine_to_approach_unloader,310.732,-499.123,1339.539,179.995,0.005,90.419,-43.314,7.46,-110.653,0.001,-61.88,-136.267,-7.574,11.164,-12.153,-0.002,23.506,7.541,-0.05,-2.82,1.33,-0.05,0.02,0.13,2.797,-1.364,0.988,-0.0,-2.3,-0.545,,
2026-01-29 03:12:21.762,retreat_machine_to_approach_unloader,307.807,-503.337,1325.152,179.987,0.013,90.42,-43.824,8.219,-111.482,0.001,-60.281,-135.757,-6.955,10.272,-11.186,-0.002,21.627,6.932,-0.1,-3.3,1.32,0.07,0.08,-0.03,3.112,-2.114,1.856,0.0,-3.951,-1.141,,
2026-01-29 03:12:21.866,retreat_machine_to_approach_unloader,304.913,-506.873,1312.337,179.982,0.019,90.416,-44.281,8.9,-112.224,0.0,-58.851,-135.304,-6.358,9.405,-10.244,-0.001,19.797,6.331,-0.16,-3.64,1.32,0.1,0.1,0.05,3.333,-2.696,2.535,0.0,-5.24,-1.604,,
2026-01-29 03:12:21.968,retreat_machine_to_approach_unloader,302.106,-509.847,1300.923,179.977,0.023,90.408,-44.69,9.509,-112.888,0.0,-57.571,-134.902,-5.791,8.577,-9.344,-0.001,18.048,5.752,-0.11,-3.99,1.34,0.08,-0.0,0.04,3.477,-3.137,3.057,0.001,-6.222,-1.955,,
2026-01-29 03:12:22.072,retreat_machine_to_approach_unloader,299.425,-512.352,1290.755,179.974,0.027,90.398,-45.056,10.055,-113.483,0.0,-56.425,-134.546,-5.259,7.797,-8.496,-0.001,16.399,5.204,-0.05,-4.3,1.4,0.03,0.03,0.03,3.556,-3.46,3.445,0.001,-6.947,-2.214,,
2026-01-29 03:12:22.173,retreat_machine_to_approach_unloader,296.891,-514.468,1281.695,179.972,0.029,90.386,-45.384,10.543,-114.016,0.0,-55.401,-134.23,-4.764,7.069,-7.704,-0.001,14.861,4.693,-0.03,-4.32,1.35,0.0,0.19,0.04,3.583,-3.684,3.722,0.001,-7.458,-2.395,,
2026-01-29 03:12:22.277,retreat_machine_to_approach_unloader,294.52,-516.26,1273.621,179.971,0.031,90.372,-45.678,10.981,-114.493,0.001,-54.484,-133.95,-4.307,6.396,-6.971,-0.0,13.438,4.22,-0.11,-4.46,1.35,0.06,0.13,-0.08,3.568,-3.826,3.907,0.001,-7.791,-2.513,,
2026-01-29 03:12:22.377,retreat_machine_to_approach_unloader,292.314,-517.78,1266.424,179.97,0.032,90.358,-45.941,11.373,-114.921,0.001,-53.663,-133.702,-3.888,5.777,-6.297,-0.0,12.13,3.786,-0.04,-4.56,1.3,0.13,0.1,0.05,3.518,-3.9,4.014,0.001,-7.977,-2.579,,
2026-01-29 03:12:22.485,retreat_machine_to_approach_unloader,290.275,-519.074,1260.007,179.97,0.032,90.343,-46.176,11.724,-115.303,0.001,-52.929,-133.482,-3.505,5.21,-5.679,0.0,10.932,3.39,0.02,-4.52,1.26,0.09,0.07,-0.04,3.441,-3.92,4.059,0.001,-8.043,-2.602,,
2026-01-29 03:12:22.591,retreat_machine_to_approach_unloader,288.271,-520.251,1253.898,179.971,0.032,90.326,-46.402,12.059,-115.669,0.001,-52.228,-133.273,-3.192,4.746,-5.174,0.0,9.951,3.064,-0.08,-4.72,1.29,0.04,0.03,-0.05,3.201,-3.683,3.823,0.001,-7.57,-2.46,,
2026-01-29 03:12:22.697,retreat_machine_to_approach_unloader,286.445,-521.247,1248.492,179.971,0.031,90.309,-46.602,12.357,-115.994,0.001,-51.606,-133.09,-2.894,4.305,-4.693,0.001,9.019,2.756,-0.08,-4.71,1.2,0.1,0.04,-0.06,3.132,-3.688,3.848,0.001,-7.6,-2.466,,
2026-01-29 03:12:22.804,retreat_machine_to_approach_unloader,284.788,-522.092,1243.706,179.972,0.031,90.293,-46.779,12.622,-116.283,0.001,-51.054,-132.929,-2.615,3.891,-4.242,0.001,8.145,2.47,-0.1,-4.8,1.27,0.22,0.08,0.04,3.042,-3.652,3.826,0.001,-7.539,-2.441,,
2026-01-29 03:12:22.905,retreat_machine_to_approach_unloader,283.383,-522.767,1239.735,179.974,0.029,90.277,-46.927,12.843,-116.523,0.001,-50.595,-132.796,-2.331,3.469,-3.782,0.001,7.257,2.184,-0.1,-4.8,1.24,0.08,0.04,0.07,3.035,-3.73,3.927,0.001,-7.715,-2.48,,
2026-01-29 03:12:23.009,retreat_machine_to_approach_unloader,282.019,-523.388,1235.95,179.975,0.028,90.262,-47.069,13.054,-116.753,0.001,-50.156,-132.67,-2.102,3.129,-3.411,0.001,6.539,1.952,0.01,-4.84,1.14,0.09,0.08,-0.12,2.797,-3.455,3.64,0.001,-7.15,-2.303,,
2026-01-29 03:12:23.117,retreat_machine_to_approach_unloader,280.791,-523.92,1232.597,179.977,0.027,90.247,-47.195,13.241,-116.957,0.001,-49.767,-132.56,-1.891,2.815,-3.069,0.001,5.878,1.74,0.07,-4.89,1.2,0.06,-0.04,0.07,2.675,-3.344,3.533,0.001,-6.928,-2.225,,
2026-01-29 03:12:23.220,retreat_machine_to_approach_unloader,279.756,-524.348,1229.812,179.978,0.025,90.233,-47.299,13.397,-117.127,0.001,-49.443,-132.469,-1.68,2.501,-2.726,0.001,5.218,1.533,0.05,-4.81,1.09,0.1,-0.03,0.05,2.618,-3.323,3.521,0.001,-6.89,-2.197,,
2026-01-29 03:12:23.322,retreat_machine_to_approach_unloader,278.884,-524.695,1227.491,179.98,0.024,90.221,-47.387,13.527,-117.269,0.002,-49.173,-132.394,-1.478,2.201,-2.4,0.001,4.589,1.338,-0.06,-4.84,1.18,0.09,-0.01,0.03,2.529,-3.249,3.45,0.001,-6.739,-2.135,,
2026-01-29 03:12:23.426,retreat_machine_to_approach_unloader,278.032,-525.022,1225.249,179.981,0.022,90.209,-47.471,13.653,-117.407,0.002,-48.912,-132.321,-1.32,1.966,-2.143,0.001,4.095,1.184,0.05,-4.92,1.19,0.02,0.02,-0.0,2.304,-2.965,3.15,0.001,-6.153,-1.952,,
2026-01-29 03:12:23.533,retreat_machine_to_approach_unloader,277.262,-525.307,1223.244,179.983,0.021,90.197,-47.547,13.766,-117.53,0.002,-48.678,-132.257,-1.179,1.756,-1.915,0.001,3.655,1.048,-0.01,-4.93,1.02,0.17,0.01,0.07,2.162,-2.8,2.978,0.0,-5.812,-1.838,,
2026-01-29 03:12:23.640,retreat_machine_to_approach_unloader,276.569,-525.557,1221.452,179.984,0.019,90.186,-47.615,13.867,-117.64,0.002,-48.469,-132.201,-1.054,1.57,-1.712,0.001,3.264,0.928,0.04,-4.91,1.22,-0.03,-0.11,0.05,2.025,-2.638,2.809,0.0,-5.477,-1.727,,
2026-01-29 03:12:23.742,retreat_machine_to_approach_unloader,275.944,-525.776,1219.849,179.985,0.018,90.176,-47.675,13.957,-117.738,0.002,-48.282,-132.15,-0.942,1.404,-1.53,0.001,2.916,0.822,-0.03,-4.78,1.12,-0.01,-0.0,-0.0,1.893,-2.48,2.643,0.0,-5.15,-1.619,,
2026-01-29 03:12:23.848,retreat_machine_to_approach_unloader,275.381,-525.968,1218.416,179.987,0.017,90.166,-47.73,14.038,-117.827,0.002,-48.114,-132.106,-0.843,1.256,-1.369,0.001,2.606,0.728,0.02,-5.01,1.09,0.12,-0.04,-0.0,1.767,-2.326,2.482,0.0,-4.832,-1.514,,
2026-01-29 03:12:23.948,retreat_machine_to_approach_unloader,274.908,-526.125,1217.22,179.988,0.015,90.158,-47.775,14.106,-117.901,0.002,-47.974,-132.069,-0.746,1.111,-1.211,0.001,2.304,0.638,-0.03,-4.96,1.1,-0.01,0.06,-0.01,1.68,-2.228,2.38,0.0,-4.626,-1.44,,
2026-01-29 03:12:24.055,retreat_machine_to_approach_unloader,274.449,-526.275,1216.064,179.989,0.014,90.149,-47.819,14.172,-117.972,0.002,-47.839,-132.033,-0.669,0.997,-1.087,0.001,2.065,0.567,0.04,-4.95,1.04,-0.01,-0.05,0.02,1.527,-2.026,2.165,0.0,-4.209,-1.311,waypoint,
2026-01-29 03:12:24.160,retreat_machine_to_approach_unloader,277.64,-542.983,1214.35,179.977,0.041,89.782,-48.677,15.406,-116.428,0.014,-48.12,-131.55,-2.646,3.833,3.044,0.029,0.846,1.633,-0.22,-4.24,1.14,-0.01,-0.04,0.01,-6.763,9.864,18.1,0.114,-7.951,3.295,,
2026-01-29 03:12:24.264,retreat_machine_to_approach_unloader,281.342,-566.281,1211.871,179.981,0.044,89.585,-49.854,17.099,-114.255,0.019,-48.6,-130.573,-4.928,7.108,7.716,0.037,-0.565,3.667,-0.22,-5.05,1.06,0.06,0.04,-0.05,-9.285,13.467,22.584,0.046,-9.144,7.906,,
2026-01-29 03:12:24.369,retreat_machine_to_approach_unloader,283.862,-587.707,1209.121,179.988,0.038,89.591,-50.929,18.644,-112.27,0.02,-49.049,-129.493,-6.383,9.194,10.75,0.028,-1.547,5.451,-0.21,-5.72,1.1,0.04,0.04,0.04,-7.328,10.639,18.449,-0.015,-7.921,8.148,,
2026-01-29 03:12:24.474,retreat_machine_to_approach_unloader,285.419,-607.028,1206.256,179.993,0.031,89.668,-51.893,20.029,-110.49,0.018,-49.453,-128.451,-7.196,10.358,12.513,0.017,-2.168,6.692,-0.09,-6.33,1.01,0.04,-0.06,-0.05,-5.483,7.975,14.55,-0.032,-6.67,6.948,,
2026-01-29 03:12:24.587,retreat_machine_to_approach_unloader,285.968,-617.185,1204.605,179.995,0.027,89.72,-52.397,20.755,-109.557,0.017,-49.664,-127.893,-6.659,9.583,11.716,0.01,-2.154,6.415,-0.21,-6.91,0.95,0.05,0.05,0.05,-0.347,0.582,4.619,-0.024,-4.082,1.418,,
2026-01-29 03:12:24.699,retreat_machine_to_approach_unloader,286.315,-626.739,1202.962,179.997,0.023,89.773,-52.871,21.436,-108.682,0.016,-49.862,-127.366,-6.179,8.89,10.975,0.004,-2.111,6.129,-0.2,-7.35,0.97,-0.04,0.02,0.04,-0.004,0.081,3.588,-0.021,-3.544,0.967,,
2026-01-29 03:12:24.800,retreat_machine_to_approach_unloader,286.514,-637.883,1200.936,179.999,0.019,89.835,-53.423,22.229,-107.662,0.014,-50.092,-126.751,-6.014,8.651,10.78,-0.0,-2.159,6.134,-0.19,-7.63,0.92,0.09,0.12,0.01,-0.784,1.194,4.669,-0.021,-3.514,1.748,,
2026-01-29 03:12:24.904,retreat_machine_to_approach_unloader,286.461,-651.137,1198.373,-179.999,0.014,89.908,-54.078,23.172,-106.452,0.013,-50.366,-126.022,-6.149,8.844,11.112,-0.004,-2.304,6.422,-0.17,-7.94,0.95,0.01,0.02,0.01,-1.74,2.563,6.115,-0.021,-3.593,2.709,,
2026-01-29 03:12:25.013,retreat_machine_to_approach_unloader,286.142,-663.111,1195.915,-179.997,0.01,89.969,-54.67,24.022,-105.359,0.011,-50.613,-125.369,-6.09,8.759,11.066,-0.006,-2.345,6.451,-0.02,-8.16,1.02,0.07,-0.1,0.0,-0.928,1.389,4.324,-0.016,-2.965,1.691,,
2026-01-29 03:12:25.116,retreat_machine_to_approach_unloader,285.677,-673.13,1193.754,-179.995,0.007,90.016,-55.165,24.733,-104.445,0.01,-50.819,-124.826,-5.805,8.347,10.585,-0.007,-2.274,6.196,-0.02,-8.37,0.99,0.04,0.07,-0.01,0.132,-0.141,2.104,-0.011,-2.264,0.413,,
2026-01-29 03:12:25.221,retreat_machine_to_approach_unloader,284.993,-683.682,1191.375,-179.994,0.004,90.062,-55.686,25.483,-103.482,0.009,-51.036,-124.258,-5.656,8.134,10.346,-0.008,-2.248,6.065,-0.0,-8.58,0.96,0.04,-0.04,0.05,-0.144,0.252,2.38,-0.01,-2.145,0.613,,
2026-01-29 03:12:25.325,retreat_machine_to_approach_unloader,284.209,-693.128,1189.156,-179.993,0.001,90.098,-56.153,26.154,-102.62,0.009,-51.23,-123.755,-5.409,7.778,9.915,-0.007,-2.172,5.807,-0.05,-8.64,0.97,0.22,0.07,-0.06,0.414,-0.556,1.137,-0.006,-1.703,-0.088,,
2026-01-29 03:12:25.430,retreat_machine_to_approach_unloader,283.37,-701.581,1187.098,-179.991,-0.002,90.126,-56.57,26.754,-101.848,0.008,-51.404,-123.309,-5.102,7.335,9.366,-0.007,-2.063,5.471,-0.0,-8.68,0.96,0.06,-0.07,0.11,0.86,-1.201,0.123,-0.004,-1.328,-0.647,,
2026-01-29 03:12:25.532,retreat_machine_to_approach_unloader,282.509,-709.144,1185.199,-179.991,-0.004,90.147,-56.945,27.293,-101.156,0.008,-51.56,-122.913,-4.762,6.847,8.753,-0.006,-1.936,5.093,0.03,-8.77,0.92,0.1,-0.02,0.07,1.211,-1.709,-0.696,-0.002,-1.012,-1.087,,
2026-01-29 03:12:25.635,retreat_machine_to_approach_unloader,281.65,-715.912,1183.452,-179.99,-0.005,90.163,-57.28,27.774,-100.537,0.008,-51.699,-122.562,-4.409,6.34,8.113,-0.005,-1.8,4.698,-0.06,-8.89,1.13,-0.06,-0.01,0.02,1.481,-2.1,-1.349,-0.001,-0.747,-1.426,,
2026-01-29 03:12:25.736,retreat_machine_to_approach_unloader,280.81,-721.966,1181.852,-179.989,-0.007,90.174,-57.58,28.206,-99.982,0.008,-51.823,-122.25,-4.058,5.834,7.471,-0.004,-1.661,4.302,0.05,-8.98,1.02,0.03,0.01,-0.04,1.683,-2.393,-1.861,0.0,-0.526,-1.68,,
2026-01-29 03:12:25.836,retreat_machine_to_approach_unloader,280.001,-727.382,1180.391,-179.988,-0.008,90.182,-57.849,28.593,-99.486,0.008,-51.935,-121.974,-3.715,5.342,6.845,-0.003,-1.525,3.917,0.14,-8.91,1.04,0.02,0.08,0.01,1.828,-2.605,-2.254,0.001,-0.343,-1.864,,
2026-01-29 03:12:25.936,retreat_machine_to_approach_unloader,279.231,-732.228,1179.059,-179.988,-0.009,90.186,-58.09,28.939,-99.041,0.008,-52.034,-121.729,-3.388,4.872,6.246,-0.002,-1.393,3.55,0.13,-8.94,1.08,0.03,-0.05,0.04,1.926,-2.748,-2.547,0.002,-0.191,-1.99,,
2026-01-29 03:12:26.040,retreat_machine_to_approach_unloader,278.504,-736.563,1177.848,-179.987,-0.009,90.188,-58.305,29.249,-98.643,0.008,-52.124,-121.512,-3.08,4.429,5.68,-0.002,-1.268,3.206,0.26,-9.0,1.05,-0.01,-0.06,-0.0,1.985,-2.834,-2.757,0.002,-0.067,-2.068,,
2026-01-29 03:12:26.146,retreat_machine_to_approach_unloader,277.825,-740.442,1176.749,-179.987,-0.01,90.187,-58.498,29.526,-98.286,0.008,-52.204,-121.319,-2.793,4.016,5.152,-0.001,-1.15,2.886,0.15,-8.98,1.07,0.01,-0.05,0.01,2.012,-2.875,-2.898,0.002,0.033,-2.107,,
2026-01-29 03:12:26.250,retreat_machine_to_approach_unloader,277.192,-743.912,1175.753,-179.987,-0.011,90.186,-58.671,29.775,-97.966,0.008,-52.275,-121.148,-2.527,3.633,4.663,-0.0,-1.041,2.592,0.17,-9.08,1.1,0.01,0.02,-0.08,2.012,-2.877,-2.98,0.002,0.114,-2.114,,
2026-01-29 03:12:26.354,retreat_machine_to_approach_unloader,276.607,-747.017,1174.851,-179.986,-0.011,90.182,-58.826,29.998,-97.68,0.008,-52.339,-120.996,-2.282,3.281,4.212,0.0,-0.941,2.323,0.1,-9.09,1.09,-0.0,0.03,-0.09,1.992,-2.849,-3.016,0.002,0.178,-2.096,,
2026-01-29 03:12:26.454,retreat_machine_to_approach_unloader,276.069,-749.796,1174.037,-179.986,-0.011,90.178,-58.965,30.197,-97.424,0.008,-52.396,-120.862,-2.058,2.96,3.8,0.0,-0.848,2.079,-0.05,-9.06,0.97,0.01,0.07,0.04,1.954,-2.797,-3.013,0.002,0.227,-2.058,,
2026-01-29 03:12:26.557,retreat_machine_to_approach_unloader,275.574,-752.283,1173.301,-179.986,-0.011,90.174,-59.089,30.376,-97.195,0.008,-52.447,-120.743,-1.854,2.666,3.423,0.001,-0.764,1.857,0.06,-9.02,1.13,0.0,-0.05,-0.03,1.904,-2.725,-2.98,0.002,0.265,-2.004,,
2026-01-29 03:12:26.658,retreat_machine_to_approach_unloader,275.121,-754.508,1172.637,-179.986,-0.012,90.168,-59.2,30.535,-96.989,0.008,-52.493,-120.637,-1.669,2.399,3.081,0.001,-0.688,1.658,0.03,-9.2,1.04,0.03,0.04,-0.06,1.843,-2.639,-2.921,0.002,0.292,-1.938,,
2026-01-29 03:12:26.761,retreat_machine_to_approach_unloader,274.708,-756.5,1172.039,-179.985,-0.012,90.163,-59.3,30.679,-96.805,0.009,-52.534,-120.543,-1.501,2.158,2.771,0.001,-0.618,1.478,0.09,-9.22,1.04,0.06,-0.02,0.04,1.775,-2.542,-2.844,0.002,0.311,-1.864,,
2026-01-29 03:12:26.862,retreat_machine_to_approach_unloader,274.332,-758.283,1171.5,-179.985,-0.012,90.157,-59.389,30.807,-96.64,0.009,-52.571,-120.46,-1.348,1.939,2.49,0.001,-0.555,1.316,0.04,-9.1,1.07,0.13,-0.13,-0.0,1.701,-2.438,-2.752,0.002,0.323,-1.784,,
2026-01-29 03:12:26.966,retreat_machine_to_approach_unloader,273.966,-759.986,1170.983,-179.985,-0.012,90.15,-59.474,30.93,-96.483,0.009,-52.606,-120.381,-1.225,1.761,2.261,0.002,-0.504,1.184,0.13,-9.1,1.18,0.05,0.01,-0.08,1.571,-2.251,-2.549,0.002,0.307,-1.65,waypoint,
2026-01-29 03:12:27.069,approach_unloader_to_place,273.672,-761.427,1169.763,-179.98,-0.02,90.144,-59.545,31.074,-96.379,0.009,-52.575,-120.316,-1.096,1.681,1.957,0.001,-0.302,1.05,0.7,-4.12,0.46,-0.04,0.02,0.0,1.556,-1.809,-2.826,-0.002,0.93,-1.625,,
2026-01-29 03:12:27.173,approach_unloader_to_place,273.605,-763.061,1160.613,-179.962,-0.054,90.136,-59.609,31.635,-96.56,0.008,-51.872,-120.26,-0.982,2.664,1.015,-0.003,1.532,0.929,0.53,-5.22,0.64,-0.02,0.02,0.09,1.471,2.544,-5.396,-0.014,7.568,-1.546,,
2026-01-29 03:12:27.277,approach_unloader_to_place,273.577,-764.591,1150.997,-179.964,-0.052,90.129,-59.667,32.214,-96.77,0.007,-51.078,-120.209,-0.88,3.446,0.234,-0.003,3.133,0.822,0.48,-6.37,0.64,0.07,0.03,-0.1,1.39,2.466,-5.156,-0.0,7.712,-1.453,,
2026-01-29 03:12:27.382,approach_unloader_to_place,273.509,-765.894,1142.319,-179.969,-0.043,90.122,-59.718,32.737,-96.962,0.007,-50.354,-120.164,-0.788,3.891,-0.303,-0.002,4.159,0.729,0.3,-7.09,0.79,0.09,-0.06,0.0,1.311,1.652,-4.445,0.002,6.245,-1.362,,
2026-01-29 03:12:27.487,approach_unloader_to_place,273.406,-766.991,1134.547,-179.973,-0.035,90.117,-59.764,33.205,-97.133,0.008,-49.706,-120.125,-0.706,4.088,-0.656,-0.001,4.742,0.647,0.31,-7.8,0.86,-0.03,-0.07,-0.06,1.233,0.943,-3.802,0.002,4.871,-1.275,,
2026-01-29 03:12:27.591,approach_unloader_to_place,273.269,-767.977,1127.122,-179.978,-0.027,90.11,-59.808,33.652,-97.297,0.008,-49.086,-120.087,-0.64,4.184,-0.901,-0.0,5.106,0.579,0.14,-8.36,0.98,0.06,0.04,0.02,1.13,0.642,-3.346,0.002,4.092,-1.169,,
2026-01-29 03:12:27.694,approach_unloader_to_place,273.126,-768.75,1120.944,-179.981,-0.021,90.105,-59.845,34.025,-97.434,0.008,-48.57,-120.056,-0.571,4.069,-1.017,-0.0,5.118,0.512,0.09,-8.79,0.92,0.11,-0.02,-0.09,1.091,-0.171,-2.737,0.001,2.64,-1.119,,
2026-01-29 03:12:27.801,approach_unloader_to_place,272.965,-769.448,1115.042,-179.984,-0.016,90.1,-59.88,34.381,-97.564,0.008,-48.078,-120.026,-0.516,3.942,-1.089,0.0,5.069,0.458,0.13,-8.95,0.94,0.02,0.05,-0.05,0.998,-0.319,-2.403,0.001,2.144,-1.023,,
2026-01-29 03:12:27.902,approach_unloader_to_place,272.813,-770.0,1110.131,-179.986,-0.012,90.095,-59.909,34.677,-97.672,0.008,-47.668,-120.002,-0.46,3.697,-1.088,0.0,4.826,0.404,0.02,-9.27,1.11,0.03,0.0,0.11,0.957,-0.883,-1.944,0.001,1.101,-0.973,,
2026-01-29 03:12:28.003,approach_unloader_to_place,272.663,-770.47,1105.735,-179.988,-0.009,90.09,-59.935,34.942,-97.77,0.008,-47.302,-119.98,-0.41,3.437,-1.059,0.0,4.535,0.357,0.13,-9.52,1.07,0.08,-0.01,-0.07,0.892,-1.104,-1.636,0.001,0.56,-0.903,,
2026-01-29 03:12:28.106,approach_unloader_to_place,272.518,-770.873,1101.8,-179.99,-0.007,90.086,-59.958,35.18,-97.857,0.008,-46.974,-119.961,-0.366,3.172,-1.012,0.0,4.221,0.315,0.01,-9.7,1.06,0.05,-0.0,-0.09,0.83,-1.271,-1.371,0.0,0.118,-0.837,,
2026-01-29 03:12:28.208,approach_unloader_to_place,272.379,-771.219,1098.277,-179.991,-0.004,90.082,-59.979,35.393,-97.935,0.008,-46.681,-119.944,-0.327,2.911,-0.954,0.0,3.899,0.279,0.2,-9.82,0.97,0.12,0.04,-0.08,0.771,-1.392,-1.143,0.0,-0.239,-0.775,,
2026-01-29 03:12:28.311,approach_unloader_to_place,272.247,-771.516,1095.124,-179.992,-0.003,90.079,-59.998,35.584,-98.005,0.008,-46.419,-119.929,-0.292,2.66,-0.89,0.0,3.58,0.247,-0.02,-9.9,1.02,0.07,-0.01,0.04,0.716,-1.475,-0.947,0.0,-0.523,-0.717,,
2026-01-29 03:12:28.412,approach_unloader_to_place,272.123,-771.772,1092.301,-179.993,-0.001,90.075,-60.015,35.754,-98.067,0.008,-46.184,-119.916,-0.261,2.422,-0.824,0.0,3.272,0.218,0.09,-10.04,1.0,0.02,0.07,0.04,0.664,-1.527,-0.78,0.0,-0.747,-0.662,,
2026-01-29 03:12:28.514,approach_unloader_to_place,272.007,-771.994,1089.774,-179.993,-0.0,90.072,-60.03,35.907,-98.123,0.008,-45.974,-119.904,-0.233,2.198,-0.758,0.0,2.979,0.193,-0.04,-10.08,0.98,0.03,-0.02,-0.03,0.615,-1.552,-0.636,0.0,-0.92,-0.611,,
2026-01-29 03:12:28.616,approach_unloader_to_place,271.907,-772.173,1087.666,-179.994,0.0,90.069,-60.042,36.035,-98.17,0.008,-45.798,-119.895,-0.206,1.968,-0.685,0.0,2.673,0.169,0.1,-10.1,1.08,0.01,0.04,-0.01,0.578,-1.65,-0.48,0.0,-1.176,-0.57,,
2026-01-29 03:12:28.721,approach_unloader_to_place,271.808,-772.342,1085.624,-179.994,0.001,90.066,-60.054,36.158,-98.215,0.008,-45.629,-119.885,-0.185,1.785,-0.627,0.0,2.428,0.15,-0.07,-10.16,1.02,0.08,0.0,-0.09,0.524,-1.525,-0.417,0.0,-1.116,-0.517,,
2026-01-29 03:12:28.826,approach_unloader_to_place,271.716,-772.489,1083.796,-179.994,0.001,90.064,-60.065,36.269,-98.256,0.008,-45.477,-119.877,-0.166,1.615,-0.572,0.0,2.2,0.133,0.02,-10.17,0.95,-0.04,0.05,0.03,0.485,-1.502,-0.328,-0.0,-1.183,-0.476,,
2026-01-29 03:12:28.934,approach_unloader_to_place,271.632,-772.617,1082.16,-179.995,0.002,90.061,-60.075,36.368,-98.292,0.008,-45.342,-119.87,-0.149,1.459,-0.519,0.0,1.99,0.118,-0.05,-10.23,1.01,0.02,0.03,0.04,0.448,-1.467,-0.253,-0.0,-1.224,-0.438,waypoint,
2026-01-29 03:12:29.041,place_on_unloader,271.555,-772.729,1080.695,-179.995,0.002,90.059,-60.084,36.457,-98.324,0.008,-45.22,-119.863,-0.133,1.316,-0.471,0.0,1.796,0.105,-0.07,-10.27,0.98,0.03,0.04,-0.01,0.413,-1.424,-0.19,-0.0,-1.244,-0.403,,
2026-01-29 03:12:29.143,place_on_unloader,271.485,-772.827,1079.383,-179.995,0.002,90.057,-60.091,36.536,-98.354,0.008,-45.111,-119.857,-0.12,1.186,-0.426,-0.0,1.618,0.093,-0.05,-10.26,1.1,0.03,-0.01,0.03,0.381,-1.374,-0.137,-0.0,-1.248,-0.37,,
2026-01-29 03:12:29.251,place_on_unloader,271.421,-772.913,1078.209,-179.995,0.002,90.055,-60.098,36.608,-98.38,0.008,-45.014,-119.852,-0.107,1.068,-0.385,-0.0,1.457,0.083,0.05,-10.2,1.15,0.09,-0.11,0.1,0.351,-1.32,-0.093,-0.0,-1.237,-0.339,,
2026-01-29 03:12:29.353,place_on_unloader,271.367,-772.983,1077.228,-179.995,0.002,90.054,-60.104,36.667,-98.401,0.008,-44.933,-119.848,-0.095,0.949,-0.343,-0.0,1.295,0.073,-0.09,-10.2,1.03,-0.01,-0.08,-0.03,0.327,-1.306,-0.04,-0.0,-1.275,-0.314,,
2026-01-29 03:12:29.459,place_on_unloader,271.313,-773.05,1076.279,-179.995,0.002,90.052,-60.11,36.725,-98.422,0.008,-44.855,-119.844,-0.085,0.856,-0.31,-0.0,1.168,0.065,0.07,-10.28,0.97,-0.01,0.08,0.04,0.296,-1.194,-0.03,-0.0,-1.174,-0.285,,
2026-01-29 03:12:29.562,place_on_unloader,271.265,-773.109,1075.429,-179.995,0.001,90.051,-60.115,36.776,-98.441,0.008,-44.785,-119.84,-0.077,0.771,-0.28,-0.0,1.051,0.057,-0.01,-10.15,1.01,0.08,0.03,-0.01,0.273,-1.135,-0.005,-0.0,-1.139,-0.261,,
2026-01-29 03:12:29.663,place_on_unloader,271.225,-773.157,1074.72,-179.994,0.001,90.049,-60.119,36.819,-98.457,0.008,-44.726,-119.837,-0.068,0.686,-0.249,-0.0,0.935,0.051,-0.0,-10.26,1.03,0.14,0.01,0.01,0.254,-1.106,0.027,-0.0,-1.142,-0.241,,
2026-01-29 03:12:29.768,place_on_unloader,271.185,-773.204,1074.033,-179.994,0.001,90.048,-60.123,36.861,-98.472,0.008,-44.669,-119.834,-0.061,0.618,-0.225,-0.0,0.843,0.045,0.04,-10.19,0.99,0.13,-0.0,0.01,0.23,-1.009,0.029,-0.0,-1.046,-0.218,,
2026-01-29 03:12:29.877,place_on_unloader,271.149,-773.245,1073.418,-179.994,0.001,90.047,-60.127,36.898,-98.486,0.008,-44.619,-119.832,-0.055,0.557,-0.203,-0.0,0.759,0.04,-0.09,-10.26,0.99,0.11,-0.06,0.11,0.211,-0.952,0.042,-0.0,-1.001,-0.199,,
2026-01-29 03:12:29.981,place_on_unloader,271.117,-773.281,1072.867,-179.994,0.0,90.046,-60.13,36.932,-98.498,0.008,-44.573,-119.83,-0.05,0.501,-0.183,-0.0,0.682,0.036,-0.05,-10.23,1.08,0.06,-0.01,0.07,0.194,-0.896,0.052,-0.0,-0.955,-0.182,,
2026-01-29 03:12:30.086,place_on_unloader,271.087,-773.313,1072.374,-179.994,0.0,90.045,-60.133,36.961,-98.509,0.008,-44.533,-119.828,-0.045,0.451,-0.164,-0.0,0.613,0.032,0.01,-10.14,0.99,0.1,-0.01,-0.1,0.178,-0.841,0.06,-0.0,-0.907,-0.167,,
2026-01-29 03:12:30.187,place_on_unloader,271.063,-773.34,1071.962,-179.994,-0.0,90.044,-60.136,36.986,-98.518,0.008,-44.499,-119.826,-0.04,0.401,-0.146,-0.0,0.545,0.028,0.08,-10.24,0.98,0.04,-0.14,0.02,0.165,-0.806,0.072,-0.0,-0.884,-0.153,,
2026-01-29 03:12:30.288,place_on_unloader,271.041,-773.363,1071.59,-179.994,-0.0,90.043,-60.138,37.009,-98.527,0.008,-44.468,-119.825,-0.035,0.357,-0.13,-0.0,0.485,0.025,0.01,-10.23,1.04,-0.03,0.08,0.02,0.151,-0.75,0.074,-0.0,-0.828,-0.14,,
2026-01-29 03:12:30.391,place_on_unloader,271.019,-773.386,1071.231,-179.993,-0.001,90.043,-60.14,37.031,-98.535,0.008,-44.439,-119.823,-0.032,0.322,-0.118,-0.0,0.437,0.022,-0.01,-10.15,1.0,0.14,0.0,-0.09,0.136,-0.682,0.069,-0.0,-0.755,-0.126,,
2026-01-29 03:12:30.492,place_on_unloader,271.001,-773.405,1070.93,-179.993,-0.001,90.042,-60.142,37.049,-98.541,0.008,-44.414,-119.822,-0.028,0.287,-0.105,-0.0,0.39,0.019,0.05,-10.16,1.02,0.03,-0.02,0.03,0.126,-0.65,0.075,-0.0,-0.729,-0.116,,
2026-01-29 03:12:30.598,place_on_unloader,270.983,-773.423,1070.639,-179.993,-0.001,90.041,-60.144,37.067,-98.548,0.008,-44.39,-119.821,-0.026,0.26,-0.095,-0.0,0.352,0.017,0.02,-10.19,0.98,0.1,0.07,0.0,0.114,-0.591,0.07,-0.0,-0.664,-0.105,,
2026-01-29 03:12:30.700,place_on_unloader,270.968,-773.438,1070.397,-179.993,-0.001,90.041,-60.145,37.081,-98.553,0.008,-44.371,-119.82,-0.023,0.231,-0.085,-0.0,0.314,0.015,-0.03,-10.03,0.96,0.11,0.05,0.0,0.106,-0.561,0.074,0.0,-0.637,-0.097,,
2026-01-29 03:12:30.807,place_on_unloader,270.954,-773.452,1070.162,-179.993,-0.002,90.04,-60.146,37.096,-98.558,0.008,-44.351,-119.819,-0.021,0.209,-0.077,-0.0,0.283,0.014,0.02,-10.2,0.99,0.0,-0.03,0.09,0.096,-0.509,0.068,0.0,-0.58,-0.087,,
2026-01-29 03:12:30.911,place_on_unloader,270.941,-773.465,1069.951,-179.993,-0.002,90.04,-60.148,37.108,-98.563,0.008,-44.334,-119.818,-0.019,0.189,-0.069,-0.0,0.255,0.012,-0.05,-10.19,1.0,0.07,-0.04,0.01,0.088,-0.473,0.067,0.0,-0.542,-0.08,,
2026-01-29 03:12:31.016,place_on_unloader,270.929,-773.476,1069.763,-179.993,-0.002,90.039,-60.149,37.12,-98.567,0.008,-44.319,-119.818,-0.017,0.17,-0.062,-0.0,0.23,0.011,0.1,-10.21,0.94,0.03,0.09,-0.02,0.08,-0.439,0.065,0.0,-0.506,-0.072,,
2026-01-29 03:12:31.123,place_on_unloader,270.918,-773.487,1069.594,-179.993,-0.002,90.039,-60.15,37.13,-98.571,0.008,-44.305,-119.817,-0.015,0.153,-0.056,-0.0,0.207,0.01,-0.08,-10.01,1.08,0.02,0.01,-0.03,0.073,-0.407,0.063,0.0,-0.472,-0.066,,
2026-01-29 03:12:31.223,place_on_unloader,270.91,-773.495,1069.453,-179.993,-0.002,90.039,-60.151,37.139,-98.574,0.008,-44.293,-119.816,-0.013,0.136,-0.05,-0.0,0.184,0.009,-0.0,-10.15,0.98,0.02,0.04,0.0,0.068,-0.384,0.063,0.0,-0.447,-0.06,,
2026-01-29 03:12:31.327,place_on_unloader,270.901,-773.503,1069.316,-179.992,-0.003,90.038,-60.151,37.147,-98.577,0.008,-44.282,-119.816,-0.012,0.123,-0.045,-0.0,0.166,0.008,-0.09,-10.19,1.0,0.07,-0.13,0.01,0.061,-0.348,0.057,0.0,-0.406,-0.055,,
2026-01-29 03:12:31.432,place_on_unloader,270.894,-773.51,1069.194,-179.992,-0.003,90.038,-60.152,37.154,-98.58,0.008,-44.272,-119.816,-0.011,0.111,-0.041,-0.0,0.149,0.007,-0.02,-10.13,0.95,0.0,-0.01,-0.06,0.056,-0.322,0.055,0.0,-0.377,-0.05,,
2026-01-29 03:12:31.744,place_on_unloader,270.875,-773.528,1068.899,-179.992,-0.003,90.037,-60.154,37.172,-98.586,0.008,-44.248,-119.814,-0.008,0.081,-0.029,-0.0,0.108,0.005,-0.02,-10.11,0.98,0.03,0.06,-0.06,0.043,-0.253,0.047,0.0,-0.3,-0.037,,
2026-01-29 03:12:32.052,place_on_unloader,270.861,-773.54,1068.687,-179.992,-0.004,90.037,-60.155,37.185,-98.591,0.008,-44.231,-119.814,-0.006,0.058,-0.021,-0.0,0.078,0.003,0.06,-10.19,0.99,-0.01,0.04,-0.05,0.032,-0.198,0.039,0.0,-0.237,-0.028,,
2026-01-29 03:12:32.460,place_on_unloader,270.849,-773.551,1068.497,-179.992,-0.004,90.036,-60.156,37.197,-98.595,0.008,-44.216,-119.813,-0.004,0.038,-0.014,-0.0,0.05,0.002,0.08,-10.17,0.96,0.09,-0.08,-0.02,0.022,-0.141,0.03,0.0,-0.171,-0.019,,
2026-01-29 03:12:32.772,place_on_unloader,270.843,-773.556,1068.398,-179.992,-0.004,90.036,-60.157,37.203,-98.597,0.008,-44.208,-119.813,-0.003,0.027,-0.01,-0.0,0.036,0.001,0.03,-10.1,1.08,0.02,-0.02,0.02,0.017,-0.109,0.024,0.0,-0.133,-0.014,,
2026-01-29 03:12:33.081,place_on_unloader,270.838,-773.56,1068.327,-179.992,-0.004,90.036,-60.157,37.207,-98.599,0.008,-44.202,-119.813,-0.002,0.02,-0.007,-0.0,0.026,0.001,0.08,-10.21,1.05,0.01,0.01,0.03,0.013,-0.084,0.019,0.0,-0.103,-0.011,,
2026-01-29 03:12:33.486,place_on_unloader,270.834,-773.564,1068.263,-179.991,-0.004,90.036,-60.158,37.211,-98.6,0.008,-44.197,-119.812,-0.001,0.013,-0.005,-0.0,0.017,0.001,-0.1,-10.16,0.92,0.05,0.01,0.0,0.009,-0.059,0.014,0.0,-0.073,-0.007,,
2026-01-29 03:12:33.793,place_on_unloader,270.832,-773.566,1068.23,-179.991,-0.005,90.035,-60.158,37.213,-98.601,0.008,-44.194,-119.812,-0.001,0.009,-0.003,-0.0,0.012,0.0,0.07,-10.2,0.91,0.03,0.04,-0.04,0.007,-0.045,0.011,0.0,-0.056,-0.005,,
2026-01-29 03:12:34.104,place_on_unloader,270.831,-773.567,1068.206,-179.991,-0.005,90.035,-60.158,37.214,-98.602,0.008,-44.193,-119.812,-0.001,0.007,-0.002,-0.0,0.009,0.0,-0.02,-10.13,0.93,0.01,0.04,-0.1,0.005,-0.034,0.009,0.0,-0.043,-0.004,,
2026-01-29 03:12:34.513,place_on_unloader,270.829,-773.568,1068.185,-179.991,-0.005,90.035,-60.158,37.216,-98.602,0.008,-44.191,-119.812,-0.0,0.004,-0.002,-0.0,0.006,0.0,-0.02,-10.27,0.99,0.1,-0.05,-0.05,0.003,-0.024,0.006,0.0,-0.03,-0.003,,
2026-01-29 03:12:34.617,place_to_retreat_unloader,271.566,-766.718,1068.2,-179.977,-0.037,90.174,-59.869,36.862,-99.356,0.003,-43.826,-119.96,0.723,-0.882,-1.887,-0.013,0.915,-0.368,0.28,-11.1,0.88,0.04,0.02,0.06,2.896,-3.566,-7.536,-0.051,3.615,-1.476,,
2026-01-29 03:12:34.721,place_to_retreat_unloader,272.869,-753.176,1068.231,-179.972,-0.048,90.301,-59.293,36.156,-100.859,-0.001,-43.04,-120.405,1.982,-2.425,-5.172,-0.018,2.651,-1.391,0.2,-10.63,0.9,0.03,-0.02,-0.08,5.474,-6.721,-14.269,-0.029,7.468,-4.313,,
2026-01-29 03:12:34.821,place_to_retreat_unloader,273.821,-740.593,1068.256,-179.976,-0.041,90.31,-58.758,35.501,-102.255,-0.0,-42.292,-120.932,2.824,-3.456,-7.37,-0.012,3.861,-2.359,-0.01,-10.16,0.89,0.07,0.06,-0.04,4.516,-5.546,-11.774,0.014,6.35,-4.688,,
2026-01-29 03:12:34.923,place_to_retreat_unloader,274.447,-729.268,1068.272,-179.979,-0.033,90.274,-58.278,34.913,-103.508,0.002,-41.618,-121.45,3.318,-4.062,-8.659,-0.005,4.58,-3.065,-0.16,-9.88,0.88,-0.05,-0.03,0.0,3.516,-4.319,-9.164,0.024,4.965,-4.136,,
2026-01-29 03:12:35.026,place_to_retreat_unloader,274.822,-719.095,1068.281,-179.982,-0.025,90.225,-57.848,34.387,-104.63,0.004,-41.014,-121.93,3.564,-4.363,-9.3,0.001,4.943,-3.498,-0.25,-9.67,0.99,0.09,-0.02,-0.13,2.663,-3.274,-6.94,0.024,3.763,-3.338,,
2026-01-29 03:12:35.131,place_to_retreat_unloader,275.008,-709.963,1068.285,-179.984,-0.019,90.179,-57.463,33.915,-105.635,0.005,-40.475,-122.363,3.636,-4.451,-9.487,0.006,5.057,-3.706,-0.17,-9.48,1.02,0.0,-0.04,0.04,1.948,-2.397,-5.074,0.02,2.752,-2.54,,
2026-01-29 03:12:35.234,place_to_retreat_unloader,275.054,-702.325,1068.285,-179.986,-0.014,90.14,-57.141,33.522,-106.474,0.007,-40.024,-122.724,3.53,-4.322,-9.212,0.008,4.918,-3.683,-0.31,-9.25,0.97,0.02,-0.03,0.0,1.117,-1.378,-2.907,0.015,1.581,-1.565,,
2026-01-29 03:12:35.341,place_to_retreat_unloader,275.005,-694.917,1068.282,-179.987,-0.01,90.105,-56.83,33.141,-107.286,0.008,-39.589,-123.072,3.426,-4.194,-8.94,0.01,4.778,-3.631,-0.23,-9.05,0.96,-0.02,0.05,-0.04,0.903,-1.116,-2.35,0.012,1.276,-1.274,,
2026-01-29 03:12:35.447,place_to_retreat_unloader,274.882,-688.275,1068.277,-179.989,-0.007,90.076,-56.551,32.799,-108.014,0.009,-39.199,-123.381,3.266,-3.999,-8.524,0.01,4.558,-3.496,-0.26,-9.04,0.99,0.13,0.04,-0.08,0.488,-0.606,-1.267,0.009,0.69,-0.759,,
2026-01-29 03:12:35.549,place_to_retreat_unloader,274.722,-682.724,1068.27,-179.99,-0.004,90.054,-56.318,32.514,-108.621,0.01,-38.874,-123.636,3.032,-3.712,-7.911,0.01,4.231,-3.261,-0.24,-8.96,0.9,0.05,0.04,0.05,-0.021,0.019,0.062,0.005,-0.025,-0.15,,
2026-01-29 03:12:35.659,place_to_retreat_unloader,274.517,-677.344,1068.263,-179.991,-0.002,90.034,-56.093,32.238,-109.209,0.011,-38.559,-123.882,2.837,-3.474,-7.403,0.009,3.959,-3.059,-0.29,-8.81,0.96,0.13,-0.05,0.0,-0.093,0.107,0.248,0.004,-0.129,-0.032,,
2026-01-29 03:12:35.759,place_to_retreat_unloader,274.309,-672.849,1068.256,-179.991,0.0,90.02,-55.905,32.008,-109.7,0.012,-38.297,-124.085,2.598,-3.181,-6.78,0.009,3.625,-2.802,-0.18,-8.81,0.97,-0.01,-0.03,-0.08,-0.456,0.552,1.195,0.001,-0.638,0.395,,
2026-01-29 03:12:35.863,place_to_retreat_unloader,274.075,-668.495,1068.247,-179.992,0.001,90.008,-55.723,31.785,-110.175,0.012,-38.043,-124.279,2.404,-2.943,-6.273,0.008,3.354,-2.588,-0.24,-8.68,0.97,0.02,-0.05,0.05,-0.47,0.57,1.231,0.001,-0.659,0.438,,
2026-01-29 03:12:35.970,place_to_retreat_unloader,273.838,-664.593,1068.239,-179.992,0.003,89.999,-55.56,31.585,-110.601,0.013,-37.816,-124.452,2.211,-2.707,-5.769,0.007,3.083,-2.373,-0.18,-8.69,1.01,-0.01,0.01,-0.1,-0.613,0.746,1.604,-0.001,-0.86,0.615,,
2026-01-29 03:12:36.071,place_to_retreat_unloader,273.62,-661.335,1068.232,-179.993,0.003,89.992,-55.423,31.419,-110.956,0.013,-37.627,-124.595,1.999,-2.447,-5.215,0.006,2.786,-2.136,-0.13,-8.57,0.9,0.1,-0.02,0.01,-0.821,1.001,2.147,-0.002,-1.151,0.852,,
2026-01-29 03:12:36.174,place_to_retreat_unloader,273.408,-658.392,1068.225,-179.993,0.004,89.988,-55.301,31.268,-111.277,0.013,-37.456,-124.722,1.806,-2.212,-4.713,0.005,2.516,-1.922,-0.11,-8.56,0.95,0.06,0.01,0.05,-0.872,1.063,2.278,-0.002,-1.222,0.917,,
2026-01-29 03:12:36.279,place_to_retreat_unloader,273.189,-655.542,1068.217,-179.993,0.004,89.985,-55.181,31.122,-111.588,0.014,-37.291,-124.845,1.652,-2.023,-4.311,0.004,2.3,-1.748,-0.17,-8.59,0.96,0.11,0.02,0.01,-0.824,1.005,2.152,-0.003,-1.155,0.878,,
2026-01-29 03:12:36.382,place_to_retreat_unloader,272.996,-653.162,1068.211,-179.993,0.005,89.983,-55.082,31.001,-111.847,0.014,-37.153,-124.946,1.488,-1.821,-3.882,0.004,2.07,-1.564,-0.08,-8.54,0.96,0.03,-0.01,-0.0,-0.938,1.145,2.45,-0.003,-1.314,1.002,,
2026-01-29 03:12:36.485,place_to_retreat_unloader,272.799,-650.857,1068.204,-179.993,0.005,89.982,-54.986,30.883,-112.098,0.014,-37.02,-125.044,1.356,-1.661,-3.539,0.003,1.886,-1.416,-0.08,-8.54,0.9,0.02,0.01,0.03,-0.876,1.069,2.287,-0.003,-1.227,0.943,,
2026-01-29 03:12:36.592,place_to_retreat_unloader,272.616,-648.793,1068.198,-179.993,0.005,89.982,-54.9,30.777,-112.323,0.014,-36.9,-125.13,1.233,-1.509,-3.216,0.002,1.713,-1.277,-0.15,-8.44,0.92,0.1,-0.05,0.0,-0.889,1.085,2.321,-0.003,-1.245,0.959,,
2026-01-29 03:12:36.694,place_to_retreat_unloader,272.457,-647.069,1068.193,-179.993,0.005,89.983,-54.828,30.689,-112.511,0.014,-36.801,-125.201,1.104,-1.352,-2.882,0.002,1.533,-1.136,-0.08,-8.51,0.85,0.06,0.05,-0.03,-0.942,1.151,2.46,-0.003,-1.318,1.012,,
2026-01-29 03:12:36.798,place_to_retreat_unloader,272.298,-645.399,1068.188,-179.993,0.004,89.984,-54.758,30.604,-112.692,0.014,-36.704,-125.269,1.002,-1.227,-2.616,0.001,1.391,-1.023,-0.13,-8.42,0.85,0.03,0.1,-0.06,-0.871,1.064,2.274,-0.003,-1.219,0.94,,
2026-01-29 03:12:36.899,place_to_retreat_unloader,272.162,-644.005,1068.183,-179.993,0.004,89.985,-54.7,30.533,-112.844,0.014,-36.624,-125.326,0.897,-1.099,-2.341,0.001,1.244,-0.909,-0.03,-8.43,0.91,0.05,-0.0,-0.04,-0.899,1.098,2.346,-0.003,-1.257,0.964,,
2026-01-29 03:12:37.002,place_to_retreat_unloader,272.027,-642.655,1068.179,-179.993,0.004,89.987,-54.644,30.464,-112.991,0.014,-36.546,-125.38,0.814,-0.996,-2.123,0.001,1.127,-0.817,-0.1,-8.45,0.82,0.03,-0.07,-0.04,-0.827,1.011,2.16,-0.003,-1.157,0.891,waypoint,
2026-01-29 03:12:37.109,place_to_retreat_unloader,272.106,-640.737,1069.529,179.999,0.015,90.019,-54.545,30.274,-113.152,0.013,-36.561,-125.447,0.858,-1.222,-1.995,-0.0,0.808,-0.781,0.29,-21.05,1.22,0.13,0.05,0.04,-0.318,-0.299,1.802,-0.006,-1.97,0.672,,
2026-01-29 03:12:37.212,place_to_retreat_unloader,273.909,-631.417,1084.444,179.964,0.06,90.223,-53.959,28.793,-113.599,0.01,-37.539,-125.825,2.106,-4.618,-2.612,-0.01,-1.837,-1.53,0.32,-18.43,1.21,0.01,0.01,-0.0,4.577,-13.176,-1.232,-0.041,-11.394,-2.499,,
2026-01-29 03:12:37.315,place_to_retreat_unloader,275.346,-621.338,1099.936,179.965,0.055,90.285,-53.348,27.236,-114.052,0.007,-38.647,-126.374,3.11,-7.357,-3.092,-0.013,-4.15,-2.519,0.03,-15.54,1.04,0.02,-0.01,-0.01,4.386,-12.627,-1.174,-0.02,-11.568,-3.959,,
2026-01-29 03:12:37.416,place_to_retreat_unloader,276.28,-612.011,1113.665,179.973,0.044,90.266,-52.795,25.83,-114.46,0.007,-39.659,-126.944,3.713,-9.033,-3.34,-0.011,-5.642,-3.316,0.12,-13.51,0.95,-0.02,-0.01,-0.02,3.352,-9.852,-0.609,0.002,-9.444,-3.785,,
2026-01-29 03:12:37.518,place_to_retreat_unloader,276.834,-603.494,1125.747,179.98,0.033,90.222,-52.3,24.57,-114.826,0.008,-40.566,-127.484,4.022,-9.924,-3.419,-0.007,-6.499,-3.835,0.03,-11.72,0.96,0.12,-0.02,0.02,2.442,-7.403,-0.123,0.009,-7.452,-3.091,,
2026-01-29 03:12:37.621,place_to_retreat_unloader,277.104,-595.747,1136.388,179.987,0.025,90.175,-51.857,23.442,-115.153,0.008,-41.378,-127.975,4.125,-10.264,-3.383,-0.003,-6.904,-4.104,-0.08,-10.26,0.99,0.07,-0.12,0.01,1.681,-5.348,0.271,0.01,-5.754,-2.302,,
2026-01-29 03:12:37.723,place_to_retreat_unloader,277.165,-588.719,1145.77,179.993,0.018,90.131,-51.46,22.431,-115.447,0.009,-42.105,-128.416,4.086,-10.224,-3.271,-0.001,-6.994,-4.18,-0.05,-9.11,1.0,0.03,0.07,0.04,1.05,-3.634,0.586,0.009,-4.324,-1.567,,
2026-01-29 03:12:37.828,place_to_retreat_unloader,277.073,-582.356,1154.052,179.999,0.012,90.094,-51.105,21.526,-115.709,0.009,-42.755,-128.808,3.953,-9.93,-3.11,0.001,-6.87,-4.117,-0.13,-8.23,0.89,0.02,-0.03,0.06,0.53,-2.216,0.834,0.007,-3.127,-0.932,,
2026-01-29 03:12:37.929,place_to_retreat_unloader,276.875,-576.606,1161.372,-179.997,0.007,90.064,-50.786,20.716,-115.945,0.01,-43.336,-129.158,3.761,-9.474,-2.921,0.002,-6.607,-3.961,-0.06,-7.5,0.95,0.08,0.05,-0.04,0.106,-1.049,1.025,0.005,-2.131,-0.402,,
2026-01-29 03:12:38.032,place_to_retreat_unloader,276.604,-571.417,1167.848,-179.994,0.003,90.039,-50.501,19.99,-116.155,0.01,-43.856,-129.468,3.533,-8.92,-2.717,0.002,-6.256,-3.746,0.01,-6.89,0.79,0.05,-0.04,0.0,-0.237,-0.098,1.168,0.004,-1.305,0.031,,
2026-01-29 03:12:38.139,place_to_retreat_unloader,276.287,-566.741,1173.583,-179.991,0.0,90.019,-50.246,19.34,-116.344,0.01,-44.322,-129.743,3.288,-8.315,-2.51,0.002,-5.856,-3.497,-0.04,-6.43,0.96,0.09,-0.03,0.01,-0.511,0.67,1.271,0.002,-0.627,0.377,,
2026-01-29 03:12:38.246,place_to_retreat_unloader,275.943,-562.529,1178.667,-179.988,-0.003,90.004,-50.017,18.758,-116.513,0.011,-44.739,-129.987,3.038,-7.691,-2.305,0.002,-5.433,-3.232,0.09,-6.08,0.95,-0.01,-0.09,0.02,-0.727,1.282,1.341,0.001,-0.074,0.65,,
2026-01-29 03:12:38.346,place_to_retreat_unloader,275.612,-558.998,1182.874,-179.987,-0.004,89.993,-49.826,18.272,-116.654,0.011,-45.086,-130.188,2.756,-6.983,-2.081,0.002,-4.943,-2.929,-0.13,-5.83,0.86,0.04,0.03,-0.05,-1.032,2.115,1.486,0.001,0.624,1.007,,
2026-01-29 03:12:38.453,place_to_retreat_unloader,275.255,-555.566,1186.914,-179.985,-0.006,89.985,-49.641,17.802,-116.791,0.011,-45.422,-130.382,2.529,-6.414,-1.903,0.002,-4.548,-2.68,-0.04,-5.63,0.99,0.0,0.0,0.05,-0.989,2.058,1.382,0.0,0.675,0.989,,
2026-01-29 03:12:38.560,place_to_retreat_unloader,274.904,-552.481,1190.504,-179.984,-0.007,89.978,-49.476,17.38,-116.913,0.011,-45.723,-130.553,2.31,-5.864,-1.733,0.001,-4.163,-2.439,0.03,-5.44,0.99,0.04,0.05,-0.03,-1.083,2.343,1.387,-0.0,0.961,1.109,,
2026-01-29 03:12:38.664,place_to_retreat_unloader,274.564,-549.711,1193.697,-179.983,-0.008,89.974,-49.328,17.003,-117.023,0.011,-45.992,-130.706,2.103,-5.341,-1.573,0.001,-3.795,-2.21,0.05,-5.3,0.89,0.07,-0.05,-0.01,-1.148,2.549,1.376,-0.001,1.182,1.192,,
2026-01-29 03:12:38.771,place_to_retreat_unloader,274.24,-547.224,1196.539,-179.982,-0.009,89.972,-49.195,16.665,-117.121,0.011,-46.233,-130.841,1.909,-4.851,-1.425,0.001,-3.448,-1.995,-0.05,-5.09,0.89,0.06,-0.03,-0.06,-1.188,2.688,1.353,-0.001,1.347,1.245,,
2026-01-29 03:12:38.877,place_to_retreat_unloader,273.934,-544.991,1199.069,-179.982,-0.009,89.971,-49.076,16.363,-117.209,0.011,-46.448,-130.96,1.729,-4.395,-1.289,0.0,-3.125,-1.795,-0.01,-5.05,0.98,-0.0,0.05,-0.03,-1.208,2.772,1.32,-0.001,1.466,1.274,,
2026-01-29 03:12:38.981,place_to_retreat_unloader,273.788,-543.963,1200.228,-179.982,-0.009,89.971,-49.021,16.223,-117.249,0.011,-46.547,-131.015,1.434,-3.644,-1.068,0.0,-2.591,-1.483,-0.07,-4.99,1.01,0.05,0.0,0.08,-1.729,4.129,1.662,-0.001,2.483,1.796,,
2026-01-29 03:12:39.093,place_to_retreat_unloader,273.628,-542.853,1201.474,-179.982,-0.01,89.972,-48.962,16.073,-117.293,0.011,-46.654,-131.074,1.223,-3.108,-0.91,-0.0,-2.21,-1.259,0.03,-4.91,0.86,-0.02,-0.08,-0.01,-1.514,3.609,1.465,-0.001,2.158,1.578,,
2026-01-29 03:12:39.196,place_to_retreat_unloader,273.381,-541.192,1203.332,-179.982,-0.01,89.973,-48.874,15.849,-117.358,0.011,-46.813,-131.161,1.137,-2.892,-0.845,-0.0,-2.056,-1.162,0.1,-4.84,1.11,0.03,0.05,0.04,-1.07,2.503,1.102,-0.001,1.414,1.135,,
2026-01-29 03:12:39.299,place_to_retreat_unloader,273.202,-540.023,1204.632,-179.981,-0.01,89.974,-48.812,15.691,-117.404,0.011,-46.925,-131.221,1.008,-2.564,-0.748,-0.0,-1.822,-1.023,0.06,-4.81,1.02,0.05,0.11,0.03,-1.225,2.921,1.186,-0.001,1.748,1.286,,
2026-01-29 03:12:39.401,place_to_retreat_unloader,272.985,-538.634,1206.172,-179.982,-0.01,89.976,-48.739,15.504,-117.458,0.01,-47.058,-131.293,0.94,-2.391,-0.697,-0.0,-1.699,-0.946,0.05,-4.8,0.97,0.01,0.01,-0.07,-0.986,2.333,0.981,-0.001,1.364,1.049,,
2026-01-29 03:12:39.502,place_to_retreat_unloader,272.799,-537.471,1207.455,-179.982,-0.01,89.978,-48.677,15.347,-117.503,0.01,-47.169,-131.352,0.859,-2.185,-0.637,-0.001,-1.552,-0.857,-0.02,-4.7,1.0,0.03,-0.02,-0.04,-1.008,2.406,0.972,-0.001,1.446,1.066,,
2026-01-29 03:12:39.609,place_to_retreat_unloader,272.612,-536.328,1208.712,-179.982,-0.009,89.981,-48.617,15.193,-117.548,0.01,-47.278,-131.41,0.795,-2.023,-0.589,-0.001,-1.436,-0.787,0.04,-4.74,0.95,0.04,0.03,0.06,-0.919,2.194,0.883,-0.001,1.323,0.976,,
2026-01-29 03:12:39.715,place_to_retreat_unloader,272.44,-535.296,1209.843,-179.982,-0.009,89.984,-48.562,15.054,-117.588,0.01,-47.376,-131.461,0.733,-1.864,-0.543,-0.001,-1.323,-0.719,0.01,-4.81,1.06,0.07,-0.05,0.0,-0.885,2.124,0.838,-0.001,1.297,0.939,,
2026-01-29 03:12:39.818,place_to_retreat_unloader,272.283,-534.363,1210.862,-179.982,-0.009,89.987,-48.513,14.929,-117.625,0.01,-47.465,-131.507,0.673,-1.712,-0.498,-0.001,-1.213,-0.655,-0.05,-4.72,1.04,0.06,0.02,-0.03,-0.85,2.047,0.794,-0.001,1.264,0.899,waypoint,
2026-01-29 03:12:39.923,retreat_unloader_to_end,264.222,-538.076,1226.949,179.935,0.103,89.594,-49.351,13.913,-116.806,0.024,-49.161,-131.071,-1.59,-3.823,1.674,0.035,-5.15,0.599,-0.39,-6.09,1.17,0.04,-0.02,0.13,-9.634,-7.062,9.269,0.143,-14.937,5.63,,
2026-01-29 03:12:40.040,retreat_unloader_to_end,253.683,-542.043,1246.446,179.924,0.126,89.371,-50.398,12.72,-115.785,0.03,-51.351,-130.25,-3.811,-5.852,3.807,0.041,-9.337,2.502,-0.1,-5.26,1.13,0.05,-0.07,0.07,-10.769,-8.136,10.357,0.045,-18.379,8.92,,
2026-01-29 03:12:40.144,retreat_unloader_to_end,246.045,-544.295,1260.057,179.934,0.118,89.33,-51.125,11.894,-115.077,0.03,-52.896,-129.564,-4.675,-6.453,4.625,0.031,-10.867,3.593,0.27,-4.32,0.95,0.06,-0.05,0.0,-6.482,-3.64,6.194,-0.016,-10.102,6.681,,
2026-01-29 03:12:40.248,retreat_unloader_to_end,235.033,-546.781,1279.129,179.952,0.097,89.37,-52.135,10.746,-114.092,0.028,-55.056,-128.511,-6.033,-7.71,5.931,0.018,-13.549,5.325,0.41,-3.54,0.89,0.04,-0.02,-0.0,-8.677,-6.503,8.345,-0.04,-15.229,9.67,,
2026-01-29 03:12:40.351,retreat_unloader_to_end,223.815,-548.486,1298.004,179.968,0.076,89.468,-53.128,9.618,-113.125,0.025,-57.178,-127.417,-7.007,-8.602,6.867,0.004,-15.467,6.729,0.57,-2.93,0.86,0.06,-0.04,0.04,-7.631,-5.648,7.336,-0.048,-13.332,9.119,,
2026-01-29 03:12:40.452,retreat_unloader_to_end,213.373,-549.381,1315.143,179.981,0.056,89.578,-54.025,8.6,-112.252,0.021,-59.092,-126.408,-7.496,-8.997,7.333,-0.005,-16.385,7.57,0.72,-2.47,0.87,0.08,-0.09,0.05,-5.902,-3.986,5.661,-0.043,-9.92,7.364,,
2026-01-29 03:12:40.554,retreat_unloader_to_end,203.707,-549.65,1330.683,179.991,0.039,89.683,-54.834,7.681,-111.463,0.018,-60.818,-125.492,-7.645,-9.045,7.471,-0.012,-16.605,7.968,0.78,-2.2,0.96,0.14,-0.12,-0.04,-4.439,-2.596,4.245,-0.035,-7.05,5.692,,
2026-01-29 03:12:40.659,retreat_unloader_to_end,194.145,-549.41,1345.781,179.999,0.024,89.782,-55.617,6.791,-110.7,0.015,-62.489,-124.607,-7.692,-9.008,7.511,-0.016,-16.629,8.187,0.76,-1.96,0.91,0.02,-0.04,0.08,-3.739,-2.045,3.57,-0.029,-5.784,4.809,,
2026-01-29 03:12:40.783,retreat_unloader_to_end,190.307,-549.177,1351.77,-179.998,0.018,89.82,-55.928,6.439,-110.398,0.014,-63.149,-124.259,-6.545,-7.637,6.389,-0.015,-14.124,7.012,0.71,-1.69,0.93,0.07,-0.03,-0.03,1.368,3.534,-1.397,-0.008,4.888,-1.031,,
2026-01-29 03:12:40.901,retreat_unloader_to_end,186.621,-548.88,1357.487,-179.995,0.013,89.855,-56.223,6.103,-110.11,0.013,-63.78,-123.927,-5.648,-6.568,5.512,-0.014,-12.168,6.088,0.76,-1.46,0.95,0.02,-0.1,0.01,1.374,3.343,-1.397,-0.006,4.707,-1.1,,
2026-01-29 03:12:41.007,retreat_unloader_to_end,178.584,-547.991,1369.834,-179.99,0.002,89.927,-56.862,5.378,-109.488,0.011,-65.138,-123.216,-5.832,-6.738,5.689,-0.015,-12.523,6.343,0.7,-1.31,1.02,0.05,-0.09,0.04,-2.188,-0.88,2.079,-0.016,-3.048,2.805,,
2026-01-29 03:12:41.112,retreat_unloader_to_end,170.804,-546.819,1381.647,-179.986,-0.007,89.989,-57.472,4.685,-108.893,0.009,-66.436,-122.543,-5.899,-6.786,5.753,-0.016,-12.636,6.441,0.65,-1.2,1.03,0.12,-0.06,0.03,-1.687,-0.472,1.596,-0.012,-2.132,2.148,,
2026-01-29 03:12:41.212,retreat_unloader_to_end,164.258,-545.6,1391.487,-179.983,-0.014,90.036,-57.98,4.108,-108.399,0.008,-67.515,-121.988,-5.694,-6.532,5.551,-0.015,-12.174,6.219,0.61,-1.06,0.98,0.05,-0.17,0.02,-0.496,0.736,0.441,-0.006,0.265,0.752,,
2026-01-29 03:12:41.314,retreat_unloader_to_end,158.749,-544.412,1399.701,-179.981,-0.02,90.071,-58.404,3.627,-107.986,0.007,-68.415,-121.528,-5.331,-6.103,5.196,-0.014,-11.381,5.812,0.6,-1.02,1.03,0.0,-0.08,0.02,0.393,1.615,-0.421,-0.003,2.028,-0.282,,
2026-01-29 03:12:41.415,retreat_unloader_to_end,153.744,-543.205,1407.115,-179.979,-0.024,90.098,-58.787,3.192,-107.613,0.006,-69.226,-121.117,-4.955,-5.664,4.829,-0.013,-10.565,5.387,0.52,-1.07,1.02,0.1,-0.14,0.03,0.766,1.922,-0.781,-0.0,2.708,-0.737,,
2026-01-29 03:12:41.521,retreat_unloader_to_end,148.871,-541.913,1414.291,-179.978,-0.027,90.122,-59.157,2.771,-107.252,0.005,-70.012,-120.723,-4.643,-5.3,4.525,-0.011,-9.887,5.026,0.45,-1.07,1.1,-0.06,-0.03,0.01,0.811,1.868,-0.821,0.001,2.701,-0.83,,
2026-01-29 03:12:41.622,retreat_unloader_to_end,144.784,-540.741,1420.28,-179.978,-0.03,90.138,-59.467,2.42,-106.95,0.005,-70.667,-120.397,-4.255,-4.854,4.147,-0.01,-9.053,4.585,0.42,-0.96,1.18,0.07,-0.01,-0.06,1.342,2.376,-1.335,0.002,3.734,-1.428,,
2026-01-29 03:12:41.726,retreat_unloader_to_end,141.081,-539.611,1425.682,-179.978,-0.031,90.151,-59.746,2.102,-106.678,0.004,-71.258,-120.105,-3.89,-4.433,3.79,-0.009,-8.267,4.168,0.5,-1.02,1.2,0.05,-0.01,0.05,1.509,2.481,-1.495,0.003,4.003,-1.629,,
2026-01-29 03:12:41.830,retreat_unloader_to_end,137.483,-538.45,1430.91,-179.978,-0.032,90.16,-60.016,1.795,-106.415,0.004,-71.829,-119.825,-3.593,-4.093,3.501,-0.007,-7.629,3.826,0.25,-0.98,1.22,0.06,-0.08,0.07,1.447,2.333,-1.432,0.003,3.795,-1.584,,
2026-01-29 03:12:41.932,retreat_unloader_to_end,134.253,-537.355,1435.589,-179.978,-0.033,90.166,-60.258,1.52,-106.179,0.003,-72.341,-119.576,-3.3,-3.757,3.216,-0.006,-7.001,3.491,0.32,-0.99,1.21,-0.01,0.03,-0.07,1.584,2.421,-1.564,0.004,4.017,-1.742,,
2026-01-29 03:12:42.034,retreat_unloader_to_end,131.352,-536.33,1439.776,-179.978,-0.033,90.17,-60.475,1.274,-105.968,0.003,-72.799,-119.356,-3.017,-3.434,2.94,-0.005,-6.395,3.169,0.33,-0.98,1.25,0.14,-0.06,0.06,1.679,2.466,-1.654,0.004,4.154,-1.848,,
2026-01-29 03:12:42.139,retreat_unloader_to_end,128.75,-535.376,1443.524,-179.978,-0.033,90.171,-60.669,1.053,-105.779,0.003,-73.208,-119.16,-2.749,-3.127,2.678,-0.004,-5.82,2.866,0.29,-0.99,1.25,0.04,-0.12,0.02,1.738,2.477,-1.709,0.004,4.22,-1.912,,
2026-01-29 03:12:42.241,retreat_unloader_to_end,126.415,-534.493,1446.878,-179.979,-0.033,90.171,-60.843,0.856,-105.609,0.003,-73.574,-118.987,-2.496,-2.839,2.432,-0.004,-5.281,2.583,0.29,-1.03,1.2,0.08,-0.01,-0.06,1.767,2.459,-1.736,0.004,4.229,-1.941,,
2026-01-29 03:12:42.345,retreat_unloader_to_end,124.322,-533.68,1449.88,-179.979,-0.032,90.169,-60.999,0.679,-105.457,0.003,-73.902,-118.833,-2.262,-2.572,2.203,-0.003,-4.78,2.322,0.19,-0.99,1.31,0.01,-0.05,0.0,1.772,2.42,-1.739,0.004,4.191,-1.943,,
2026-01-29 03:12:42.449,retreat_unloader_to_end,122.445,-532.933,1452.567,-179.98,-0.032,90.166,-61.139,0.52,-105.322,0.003,-74.196,-118.697,-2.045,-2.325,1.992,-0.002,-4.318,2.083,0.17,-1.03,1.27,-0.03,0.02,0.08,1.757,2.363,-1.724,0.004,4.117,-1.922,,
2026-01-29 03:12:42.549,retreat_unloader_to_end,120.762,-532.249,1454.972,-179.981,-0.031,90.162,-61.264,0.379,-105.2,0.003,-74.458,-118.575,-1.846,-2.098,1.798,-0.002,-3.895,1.865,0.23,-1.07,1.27,0.1,0.02,0.09,1.727,2.292,-1.693,0.004,4.014,-1.884,,
2026-01-29 03:12:42.653,retreat_unloader_to_end,119.254,-531.625,1457.125,-179.981,-0.03,90.158,-61.375,0.251,-105.091,0.003,-74.693,-118.468,-1.664,-1.891,1.621,-0.002,-3.508,1.667,0.1,-1.03,1.27,0.06,-0.09,0.02,1.685,2.211,-1.651,0.004,3.889,-1.832,,
2026-01-29 03:12:42.760,retreat_unloader_to_end,117.902,-531.056,1459.052,-179.982,-0.029,90.153,-61.476,0.138,-104.993,0.003,-74.903,-118.373,-1.499,-1.703,1.46,-0.001,-3.157,1.489,0.07,-1.04,1.31,-0.09,-0.02,0.02,1.633,2.122,-1.6,0.004,3.747,-1.77,,
2026-01-29 03:12:42.860,retreat_unloader_to_end,116.773,-530.575,1460.66,-179.983,-0.028,90.148,-61.559,0.043,-104.912,0.003,-75.078,-118.294,-1.333,-1.515,1.299,-0.001,-2.806,1.314,0.17,-1.04,1.37,0.04,-0.08,0.11,1.635,2.098,-1.601,0.003,3.721,-1.758,,
2026-01-29 03:12:42.966,retreat_unloader_to_end,115.68,-530.103,1462.217,-179.983,-0.026,90.143,-61.64,-0.049,-104.833,0.003,-75.248,-118.218,-1.202,-1.366,1.171,-0.001,-2.528,1.175,0.13,-1.06,1.33,0.08,-0.07,0.03,1.498,1.919,-1.467,0.003,3.406,-1.614,,
2026-01-29 03:12:43.067,retreat_unloader_to_end,114.767,-529.705,1463.515,-179.984,-0.025,90.138,-61.708,-0.126,-104.767,0.003,-75.389,-118.155,-1.071,-1.217,1.043,-0.0,-2.25,1.038,0.13,-1.05,1.35,0.07,0.04,0.02,1.482,1.879,-1.451,0.003,3.347,-1.583,,
2026-01-29 03:12:43.169,retreat_unloader_to_end,113.882,-529.315,1464.773,-179.984,-0.024,90.132,-61.773,-0.201,-104.703,0.003,-75.526,-118.095,-0.967,-1.098,0.942,-0.0,-2.029,0.928,0.17,-1.05,1.35,0.11,0.06,0.0,1.356,1.715,-1.326,0.003,3.058,-1.45,waypoint,
2026-01-29 03:12:43.270,home_end,113.143,-528.987,1465.822,-179.985,-0.023,90.127,-61.828,-0.263,-104.65,0.003,-75.64,-118.046,-0.862,-0.979,0.839,-0.0,-1.807,0.821,0.08,-1.02,1.39,0.04,-0.05,-0.09,1.328,1.666,-1.299,0.002,2.979,-1.409,,
2026-01-29 03:12:43.372,home_end,112.476,-528.689,1466.769,-179.986,-0.022,90.122,-61.877,-0.319,-104.602,0.003,-75.743,-118.001,-0.77,-0.874,0.75,-0.0,-1.613,0.727,0.02,-1.03,1.33,0.11,0.03,-0.03,1.249,1.56,-1.221,0.002,2.793,-1.32,,
2026-01-29 03:12:43.473,home_end,111.874,-528.418,1467.624,-179.986,-0.021,90.118,-61.922,-0.369,-104.559,0.003,-75.836,-117.961,-0.688,-0.782,0.671,-0.0,-1.442,0.644,0.08,-1.07,1.25,0.09,-0.03,-0.0,1.172,1.459,-1.146,0.002,2.615,-1.235,,
2026-01-29 03:12:43.574,home_end,111.331,-528.172,1468.395,-179.987,-0.02,90.113,-61.962,-0.415,-104.52,0.003,-75.92,-117.926,-0.617,-0.701,0.601,0.0,-1.291,0.572,0.1,-1.13,1.29,0.07,0.09,-0.05,1.098,1.362,-1.073,0.002,2.445,-1.154,,
2026-01-29 03:12:43.678,home_end,110.804,-527.932,1469.142,-179.987,-0.019,90.108,-62.001,-0.459,-104.482,0.003,-76.001,-117.892,-0.56,-0.636,0.545,0.0,-1.171,0.515,0.16,-1.1,1.3,0.09,0.06,-0.07,1.001,1.24,-0.978,0.002,2.227,-1.053,,
2026-01-29 03:12:43.784,home_end,110.333,-527.717,1469.81,-179.987,-0.018,90.104,-62.036,-0.499,-104.448,0.003,-76.073,-117.861,-0.507,-0.576,0.494,0.0,-1.059,0.462,-0.01,-1.07,1.35,0.06,0.0,-0.04,0.941,1.163,-0.92,0.001,2.09,-0.986,,
2026-01-29 03:12:43.887,home_end,109.911,-527.523,1470.409,-179.988,-0.018,90.1,-62.067,-0.534,-104.417,0.003,-76.138,-117.834,-0.458,-0.521,0.446,0.0,-0.957,0.414,0.06,-1.06,1.41,0.04,0.01,0.03,0.884,1.088,-0.864,0.001,1.957,-0.921,,
2026-01-29 03:12:43.995,home_end,109.533,-527.349,1470.945,-179.988,-0.017,90.096,-62.095,-0.566,-104.39,0.003,-76.196,-117.81,-0.414,-0.47,0.403,0.0,-0.862,0.37,0.07,-1.06,1.23,0.05,-0.09,0.05,0.828,1.016,-0.809,0.001,1.83,-0.86,,
2026-01-29 03:12:44.096,home_end,109.217,-527.203,1471.392,-179.989,-0.016,90.092,-62.118,-0.592,-104.367,0.003,-76.245,-117.791,-0.369,-0.419,0.359,0.0,-0.768,0.327,-0.05,-1.15,1.32,0.02,0.03,0.04,0.791,0.967,-0.773,0.001,1.743,-0.815,,
2026-01-29 03:12:44.204,home_end,108.932,-527.071,1471.796,-179.989,-0.015,90.089,-62.139,-0.616,-104.347,0.003,-76.288,-117.773,-0.329,-0.374,0.321,0.0,-0.685,0.289,0.08,-1.12,1.37,-0.0,0.01,0.01,0.735,0.896,-0.718,0.001,1.616,-0.754,,
2026-01-29 03:12:44.309,home_end,108.656,-526.942,1472.187,-179.989,-0.015,90.085,-62.16,-0.64,-104.327,0.003,-76.331,-117.756,-0.298,-0.338,0.29,0.0,-0.619,0.259,-0.03,-1.1,1.33,-0.03,0.1,0.06,0.668,0.814,-0.653,0.001,1.469,-0.686,,
2026-01-29 03:12:44.411,home_end,108.426,-526.835,1472.513,-179.99,-0.014,90.082,-62.177,-0.659,-104.31,0.003,-76.366,-117.742,-0.266,-0.302,0.259,0.0,-0.553,0.23,-0.04,-1.2,1.31,-0.0,-0.03,-0.05,0.635,0.771,-0.62,0.001,1.392,-0.647,,
2026-01-29 03:12:44.514,home_end,108.218,-526.738,1472.808,-179.99,-0.013,90.079,-62.192,-0.676,-104.295,0.003,-76.398,-117.73,-0.238,-0.27,0.232,0.0,-0.494,0.204,-0.02,-1.18,1.25,0.06,0.06,-0.02,0.588,0.713,-0.574,0.001,1.287,-0.597,,
2026-01-29 03:12:44.621,home_end,108.017,-526.644,1473.093,-179.99,-0.013,90.077,-62.207,-0.693,-104.281,0.003,-76.428,-117.717,-0.216,-0.245,0.21,0.0,-0.447,0.183,-0.01,-1.08,1.35,0.11,-0.1,-0.01,0.534,0.647,-0.522,0.001,1.169,-0.542,,
2026-01-29 03:12:44.722,home_end,107.837,-526.56,1473.348,-179.991,-0.012,90.074,-62.22,-0.708,-104.268,0.003,-76.456,-117.707,-0.195,-0.222,0.19,0.0,-0.404,0.164,-0.07,-1.1,1.26,0.14,0.02,-0.02,0.496,0.6,-0.485,0.001,1.084,-0.501,,
2026-01-29 03:12:44.828,home_end,107.675,-526.484,1473.577,-179.991,-0.012,90.071,-62.232,-0.722,-104.256,0.003,-76.48,-117.697,-0.176,-0.2,0.171,0.0,-0.365,0.147,0.01,-1.12,1.25,0.08,0.03,-0.01,0.461,0.556,-0.45,0.0,1.005,-0.463,,
2026-01-29 03:12:44.930,home_end,107.541,-526.421,1473.768,-179.991,-0.011,90.069,-62.242,-0.733,-104.247,0.003,-76.501,-117.689,-0.157,-0.178,0.153,0.0,-0.325,0.13,-0.04,-1.17,1.39,0.1,0.03,-0.07,0.434,0.522,-0.424,0.0,0.945,-0.433,,
2026-01-29 03:12:45.033,home_end,107.41,-526.36,1473.953,-179.991,-0.011,90.067,-62.252,-0.744,-104.237,0.003,-76.521,-117.682,-0.142,-0.161,0.138,0.0,-0.293,0.116,0.08,-1.16,1.33,0.12,-0.03,0.11,0.394,0.474,-0.385,0.0,0.857,-0.393,,
2026-01-29 03:12:45.140,home_end,107.294,-526.305,1474.118,-179.991,-0.01,90.065,-62.26,-0.754,-104.229,0.003,-76.539,-117.675,-0.128,-0.145,0.125,0.0,-0.264,0.104,0.03,-1.11,1.35,0.01,-0.02,0.05,0.365,0.438,-0.356,0.0,0.793,-0.362,,
2026-01-29 03:12:45.247,home_end,107.189,-526.256,1474.266,-179.992,-0.01,90.063,-62.268,-0.763,-104.221,0.003,-76.555,-117.669,-0.115,-0.131,0.112,0.0,-0.238,0.093,-0.01,-1.22,1.39,0.19,-0.05,-0.0,0.337,0.404,-0.329,0.0,0.732,-0.334,,
2026-01-29 03:12:45.355,home_end,107.095,-526.212,1474.399,-179.992,-0.01,90.062,-62.275,-0.771,-104.215,0.003,-76.569,-117.664,-0.104,-0.118,0.101,0.0,-0.214,0.083,0.04,-1.17,1.28,-0.01,-0.04,0.0,0.312,0.373,-0.304,0.0,0.676,-0.307,,
2026-01-29 03:12:45.461,home_end,107.011,-526.172,1474.518,-179.992,-0.009,90.06,-62.281,-0.778,-104.209,0.003,-76.582,-117.659,-0.093,-0.106,0.091,0.0,-0.192,0.074,0.07,-1.17,1.36,0.17,-0.08,0.01,0.288,0.344,-0.281,0.0,0.623,-0.282,,
2026-01-29 03:12:45.568,home_end,106.936,-526.137,1474.624,-179.992,-0.009,90.059,-62.287,-0.784,-104.203,0.003,-76.593,-117.655,-0.084,-0.095,0.082,0.0,-0.173,0.066,0.08,-1.13,1.43,0.06,0.01,0.02,0.265,0.317,-0.259,0.0,0.574,-0.259,,
2026-01-29 03:12:45.672,home_end,106.869,-526.105,1474.72,-179.992,-0.009,90.057,-62.292,-0.79,-104.198,0.003,-76.603,-117.652,-0.075,-0.086,0.073,0.0,-0.155,0.058,0.03,-1.18,1.36,0.09,-0.01,0.02,0.245,0.292,-0.239,0.0,0.529,-0.238,,
2026-01-29 03:12:45.773,home_end,106.813,-526.079,1474.799,-179.992,-0.009,90.056,-62.296,-0.794,-104.194,0.003,-76.612,-117.649,-0.067,-0.076,0.065,0.0,-0.138,0.051,0.06,-1.15,1.38,0.02,0.03,-0.06,0.228,0.272,-0.223,0.0,0.493,-0.221,,
2026-01-29 03:12:46.498,home_end,106.539,-525.95,1475.188,-179.993,-0.007,90.05,-62.316,-0.817,-104.174,0.003,-76.653,-117.634,-0.032,-0.036,0.031,0.0,-0.065,0.023,0.02,-1.15,1.47,0.12,-0.04,0.04,0.124,0.147,-0.121,0.0,0.266,-0.117,,
2026-01-29 03:12:47.223,home_end,106.407,-525.887,1475.376,-179.993,-0.007,90.047,-62.326,-0.829,-104.165,0.003,-76.673,-117.628,-0.015,-0.017,0.015,0.0,-0.03,0.01,0.02,-1.24,1.37,0.1,-0.02,-0.06,0.067,0.079,-0.066,-0.0,0.144,-0.062,,
2026-01-29 03:12:48.061,home_end,106.342,-525.857,1475.468,-179.993,-0.006,90.045,-62.331,-0.834,-104.16,0.003,-76.683,-117.625,-0.006,-0.007,0.006,0.0,-0.013,0.004,0.04,-1.21,1.39,0.06,-0.04,0.04,0.033,0.038,-0.032,-0.0,0.069,-0.029,,
2026-01-29 03:12:48.785,home_end,106.317,-525.845,1475.504,-179.994,-0.006,90.045,-62.333,-0.836,-104.158,0.003,-76.686,-117.624,-0.003,-0.003,0.003,0.0,-0.006,0.002,0.02,-1.26,1.39,-0.04,0.04,-0.05,0.017,0.02,-0.017,-0.0,0.036,-0.015,,
2026-01-29 03:12:49.618,home_end,106.303,-525.839,1475.523,-179.994,-0.006,90.044,-62.334,-0.837,-104.157,0.003,-76.688,-117.623,-0.001,-0.001,0.001,0.0,-0.002,0.001,0.0,-1.09,1.3,-0.0,0.03,-0.02,0.008,0.01,-0.008,-0.0,0.017,-0.007,,
2026-01-29 03:12:50.335,home_end,106.298,-525.837,1475.53,-179.994,-0.006,90.044,-62.334,-0.838,-104.157,0.003,-76.689,-117.623,-0.001,-0.001,0.001,0.0,-0.001,0.0,-0.0,-1.14,1.35,0.13,-0.01,0.0,0.004,0.005,-0.004,-0.0,0.009,-0.003,,
2026-01-29 03:12:51.171,home_end,106.295,-525.835,1475.534,-179.994,-0.006,90.044,-62.334,-0.838,-104.157,0.003,-76.689,-117.623,-0.0,-0.0,0.0,0.0,-0.0,0.0,-0.02,-1.12,1.31,0.02,0.02,-0.04,0.002,0.002,-0.002,-0.0,0.004,-0.002,,
2026-01-29 03:12:51.886,home_end,106.294,-525.835,1475.536,-179.994,-0.006,90.044,-62.334,-0.838,-104.157,0.003,-76.69,-117.623,-0.0,-0.0,0.0,0.0,-0.0,0.0,0.04,-1.08,1.32,0.11,-0.05,0.03,0.001,0.001,-0.001,-0.0,0.002,-0.001,,
2026-01-29 03:12:52.713,home_end,106.294,-525.835,1475.536,-179.994,-0.006,90.044,-62.334,-0.838,-104.157,0.003,-76.69,-117.623,-0.0,-0.0,0.0,0.0,-0.0,0.0,0.06,-1.29,1.39,0.08,0.01,-0.06,0.0,0.001,-0.0,-0.0,0.001,-0.0,,
