timestamp,current_task,EE_x,EE_y,EE_z,EE_rx,EE_ry,EE_rz,joint1_angle,joint2_angle,joint3_angle,joint4_angle,joint5_angle,joint6_angle,joint1_velocity,joint2_velocity,joint3_velocity,joint4_velocity,joint5_velocity,joint6_velocity,joint1_torque,joint2_torque,joint3_torque,joint4_torque,joint5_torque,joint6_torque,joint1_acceleration,joint2_acceleration,joint3_acceleration,joint4_acceleration,joint5_acceleration,joint6_acceleration,waypoint,description
2026-01-27 20:36:44.044,home_start,-3.667,-357.4,2271.935,0.001,-1.018,-90.589,-90.588,34.916,-96.491,0.001,-117.408,0.001,0.0,0.0,0.0,0.0,0.0,0.0,-0.05,-1.86,-0.89,0.07,-0.13,-0.02,0.0,0.0,0.0,0.0,0.0,0.0,waypoint,
2026-01-27 20:36:44.139,home_start,-3.667,-357.4,2271.935,0.001,-1.018,-90.589,-90.588,34.916,-96.491,0.001,-117.408,0.001,0.0,0.0,0.0,0.0,0.0,0.0,-0.03,-3.27,-1.55,0.16,-0.03,0.03,0.0,0.0,0.0,0.0,0.0,0.0,,
2026-01-27 20:36:44.242,home_start,-3.667,-357.4,2271.935,0.001,-1.018,-90.589,-90.588,34.916,-96.491,0.001,-117.408,0.001,0.0,0.0,0.0,0.0,0.0,0.0,-0.03,-4.57,-2.12,0.26,-0.24,0.09,0.0,0.0,0.0,0.0,0.0,0.0,,
2026-01-27 20:36:44.444,home_start,-3.667,-357.4,2271.935,0.001,-1.018,-90.589,-90.588,34.916,-96.491,0.001,-117.408,0.001,0.0,0.0,0.0,0.0,0.0,0.0,-0.03,-6.24,-2.93,0.42,-0.24,0.02,0.0,0.0,0.0,0.0,0.0,0.0,,
2026-01-27 20:36:44.649,home_start,-3.667,-357.4,2271.935,0.001,-1.018,-90.589,-90.588,34.916,-96.491,0.001,-117.408,0.001,0.0,0.0,0.0,0.0,0.0,0.0,-0.05,-7.22,-3.46,0.4,-0.37,0.03,0.0,0.0,0.0,0.0,0.0,0.0,,
2026-01-27 20:36:44.850,home_start,-3.667,-357.4,2271.935,0.001,-1.018,-90.589,-90.588,34.916,-96.491,0.001,-117.408,0.001,0.0,0.0,0.0,0.0,0.0,0.0,-0.02,-8.06,-3.79,0.42,-0.33,0.0,0.0,0.0,0.0,0.0,0.0,0.0,,
2026-01-27 20:36:44.951,home_start,-3.667,-357.4,2271.935,0.001,-1.018,-90.589,-90.588,34.916,-96.491,0.001,-117.408,0.001,0.0,0.0,0.0,0.0,0.0,0.0,0.02,-8.26,-3.86,0.51,-0.3,-0.04,0.0,0.0,0.0,0.0,0.0,0.0,,
2026-01-27 20:36:45.155,home_start,-3.667,-357.4,2271.935,0.001,-1.018,-90.589,-90.588,34.916,-96.491,0.001,-117.408,0.001,0.0,0.0,0.0,0.0,0.0,0.0,-0.06,-8.5,-4.12,0.52,-0.3,-0.0,0.0,0.0,0.0,0.0,0.0,0.0,,
2026-01-27 20:36:45.358,home_start,-3.667,-357.4,2271.935,0.001,-1.018,-90.589,-90.588,34.916,-96.491,0.001,-117.408,0.001,0.0,0.0,0.0,0.0,0.0,0.0,-0.03,-8.82,-4.21,0.66,-0.29,-0.01,0.0,0.0,0.0,0.0,0.0,0.0,,
2026-01-27 20:36:45.560,home_start,-3.667,-357.4,2271.935,0.001,-1.018,-90.589,-90.588,34.916,-96.491,0.001,-117.408,0.001,0.0,0.0,0.0,0.0,0.0,0.0,-0.03,-8.98,-4.3,0.64,-0.36,0.08,0.0,0.0,0.0,0.0,0.0,0.0,,
2026-01-27 20:36:45.767,home_start,-3.667,-357.4,2271.935,0.001,-1.018,-90.589,-90.588,34.916,-96.491,0.001,-117.408,0.001,0.0,0.0,0.0,0.0,0.0,0.0,0.05,-9.01,-4.41,0.54,-0.29,-0.03,0.0,0.0,0.0,0.0,0.0,0.0,,
2026-01-27 20:36:45.868,home_to_approach_feeder,-39.323,-389.367,2273.438,-0.082,-0.935,-90.533,-95.768,32.84,-95.668,0.004,-116.234,-5.232,-12.949,-5.19,2.058,0.007,2.935,-13.084,0.71,-8.4,-3.65,0.64,-0.08,-0.05,-51.795,-20.758,8.231,0.03,11.742,-52.336,,
2026-01-27 20:36:45.969,home_to_approach_feeder,-84.553,-419.981,2273.844,-0.156,-0.839,-90.457,-101.384,30.589,-94.776,0.007,-114.961,-10.923,-23.753,-9.52,3.775,0.012,5.385,-24.039,1.31,-7.91,-3.2,0.68,0.15,0.06,-50.985,-20.434,8.102,0.022,11.558,-51.67,,
2026-01-27 20:36:46.072,home_to_approach_feeder,-131.07,-443.23,2273.097,-0.207,-0.748,-90.389,-106.475,28.549,-93.967,0.009,-113.806,-16.08,-30.542,-12.241,4.853,0.015,6.924,-30.924,1.75,-7.52,-2.92,0.73,0.23,0.03,-40.632,-16.285,6.457,0.018,9.211,-41.178,,
2026-01-27 20:36:46.174,home_to_approach_feeder,-174.213,-458.996,2271.629,-0.239,-0.67,-90.332,-110.786,26.821,-93.281,0.011,-112.829,-20.448,-33.684,-13.5,5.353,0.016,7.636,-34.111,1.95,-7.2,-2.81,0.73,0.29,-0.09,-28.767,-11.529,4.571,0.013,6.521,-29.155,,
2026-01-27 20:36:46.276,home_to_approach_feeder,-219.35,-470.492,2269.449,-0.26,-0.593,-90.277,-114.997,25.133,-92.612,0.013,-111.874,-24.714,-35.791,-14.344,5.688,0.017,8.114,-36.25,2.1,-6.96,-2.77,0.67,0.41,-0.03,-24.896,-9.978,3.956,0.011,5.644,-25.231,,
2026-01-27 20:36:46.378,home_to_approach_feeder,-262.52,-477.268,2266.831,-0.27,-0.524,-90.226,-118.815,23.603,-92.006,0.015,-111.009,-28.582,-36.387,-14.583,5.782,0.017,8.249,-36.856,2.09,-6.74,-2.69,0.68,0.41,0.03,-18.466,-7.401,2.935,0.008,4.186,-18.716,,
2026-01-27 20:36:46.479,home_to_approach_feeder,-303.251,-480.196,2263.928,-0.272,-0.463,-90.181,-122.275,22.217,-91.456,0.016,-110.225,-32.087,-35.941,-14.404,5.711,0.017,8.147,-36.405,2.09,-6.53,-2.76,0.67,0.43,-0.15,-13.048,-5.229,2.074,0.006,2.958,-13.225,,
2026-01-27 20:36:46.583,home_to_approach_feeder,-340.017,-480.111,2260.967,-0.269,-0.411,-90.141,-125.308,21.001,-90.974,0.018,-109.537,-35.16,-34.539,-13.843,5.489,0.016,7.83,-34.986,1.97,-6.5,-2.87,0.64,0.32,0.01,-7.475,-2.996,1.188,0.003,1.695,-7.578,,
2026-01-27 20:36:46.686,home_to_approach_feeder,-375.338,-477.674,2257.826,-0.261,-0.363,-90.104,-128.161,19.858,-90.52,0.019,-108.89,-38.05,-33.036,-13.24,5.25,0.015,7.489,-33.464,1.98,-6.29,-3.03,0.5,0.31,-0.05,-4.921,-1.972,0.782,0.002,1.115,-4.989,,
2026-01-27 20:36:46.789,home_to_approach_feeder,-406.777,-473.597,2254.789,-0.252,-0.323,-90.072,-130.662,18.855,-90.123,0.02,-108.323,-40.583,-31.029,-12.436,4.931,0.014,7.034,-31.431,1.75,-6.24,-3.13,0.47,0.38,0.04,-0.91,-0.365,0.145,0.0,0.206,-0.925,,
2026-01-27 20:36:46.891,home_to_approach_feeder,-435.667,-468.274,2251.794,-0.24,-0.288,-90.042,-132.936,17.944,-89.762,0.021,-107.808,-42.887,-28.958,-11.606,4.602,0.013,6.565,-29.334,1.72,-6.22,-3.1,0.43,0.28,-0.01,1.444,0.579,-0.23,-0.001,-0.327,1.46,,
2026-01-27 20:36:46.993,home_to_approach_feeder,-462.116,-462.071,2248.88,-0.228,-0.258,-90.015,-135.005,17.115,-89.433,0.022,-107.339,-44.983,-26.89,-10.777,4.273,0.012,6.096,-27.239,1.61,-6.18,-3.31,0.45,0.27,0.01,3.358,1.346,-0.534,-0.002,-0.761,3.399,,
2026-01-27 20:36:47.095,home_to_approach_feeder,-485.438,-455.536,2246.168,-0.215,-0.232,-89.992,-136.822,16.386,-89.144,0.023,-106.927,-46.823,-24.711,-9.904,3.927,0.011,5.602,-25.031,1.44,-6.12,-3.34,0.43,0.18,-0.01,5.536,2.219,-0.88,-0.003,-1.255,5.606,,
2026-01-27 20:36:47.196,home_to_approach_feeder,-505.24,-449.191,2243.759,-0.203,-0.211,-89.972,-138.363,15.769,-88.899,0.024,-106.578,-48.384,-22.385,-8.972,3.557,0.01,5.075,-22.675,1.35,-6.05,-3.42,0.42,0.22,-0.09,7.748,3.105,-1.231,-0.004,-1.756,7.847,,
2026-01-27 20:36:47.314,home_to_approach_feeder,-518.496,-444.528,2242.089,-0.195,-0.198,-89.959,-139.395,15.355,-88.735,0.024,-106.344,-49.429,-19.367,-7.762,3.078,0.009,4.39,-19.618,1.21,-6.05,-3.51,0.41,0.14,-0.03,12.068,4.837,-1.918,-0.006,-2.736,12.223,,
2026-01-27 20:36:47.416,home_to_approach_feeder,-537.559,-437.228,2239.607,-0.182,-0.179,-89.939,-140.879,14.76,-88.499,0.025,-106.007,-50.932,-18.236,-7.309,2.898,0.008,4.134,-18.472,1.16,-6.01,-3.54,0.32,0.09,-0.06,6.331,2.537,-1.006,-0.003,-1.435,6.412,,
2026-01-27 20:36:47.516,home_to_approach_feeder,-554.272,-430.24,2237.348,-0.17,-0.163,-89.923,-142.183,14.238,-88.292,0.026,-105.712,-52.253,-16.937,-6.788,2.692,0.008,3.84,-17.156,0.99,-6.0,-3.74,0.31,0.14,0.01,7.501,3.006,-1.192,-0.003,-1.7,7.598,,
2026-01-27 20:36:47.617,home_to_approach_feeder,-568.944,-423.64,2235.299,-0.159,-0.15,-89.908,-143.331,13.778,-88.11,0.026,-105.451,-53.416,-15.573,-6.241,2.475,0.007,3.53,-15.774,1.07,-5.92,-3.72,0.31,0.08,-0.04,8.312,3.331,-1.321,-0.004,-1.884,8.42,,
2026-01-27 20:36:47.720,home_to_approach_feeder,-583.317,-416.744,2233.231,-0.148,-0.137,-89.894,-144.459,13.326,-87.93,0.027,-105.196,-54.558,-14.5,-5.811,2.304,0.007,3.287,-14.687,0.9,-5.85,-3.78,0.36,0.12,-0.02,7.678,3.077,-1.22,-0.004,-1.741,7.777,,
2026-01-27 20:36:47.820,home_to_approach_feeder,-595.897,-410.351,2231.368,-0.138,-0.126,-89.881,-145.45,12.928,-87.773,0.027,-104.971,-55.562,-13.353,-5.352,2.122,0.006,3.027,-13.525,0.92,-5.94,-3.88,0.32,0.11,-0.03,8.281,3.319,-1.316,-0.004,-1.877,8.388,,
2026-01-27 20:36:47.922,home_to_approach_feeder,-607.332,-404.242,2229.632,-0.128,-0.117,-89.869,-146.355,12.566,-87.629,0.028,-104.766,-56.478,-12.276,-4.92,1.951,0.006,2.783,-12.434,0.74,-5.91,-3.98,0.2,0.07,-0.01,8.319,3.334,-1.322,-0.004,-1.886,8.427,,
2026-01-27 20:36:48.022,home_to_approach_feeder,-617.725,-398.439,2228.017,-0.119,-0.108,-89.859,-147.18,12.235,-87.498,0.028,-104.579,-57.314,-11.271,-4.517,1.791,0.005,2.555,-11.415,0.76,-5.91,-4.02,0.35,-0.0,-0.04,8.278,3.317,-1.315,-0.004,-1.876,8.385,,
2026-01-27 20:36:48.124,home_to_approach_feeder,-627.503,-392.756,2226.464,-0.11,-0.101,-89.849,-147.96,11.923,-87.374,0.028,-104.402,-58.104,-10.403,-4.169,1.653,0.005,2.358,-10.536,0.68,-5.83,-4.02,0.3,-0.1,-0.05,7.905,3.168,-1.256,-0.004,-1.792,8.008,,
2026-01-27 20:36:48.228,home_to_approach_feeder,-636.358,-387.418,2225.029,-0.102,-0.094,-89.84,-148.669,11.638,-87.261,0.029,-104.241,-58.822,-9.575,-3.838,1.522,0.004,2.171,-9.698,0.56,-5.83,-3.97,0.28,-0.04,-0.09,7.82,3.134,-1.243,-0.004,-1.773,7.922,,
2026-01-27 20:36:48.330,home_to_approach_feeder,-644.378,-382.423,2223.706,-0.094,-0.088,-89.832,-149.315,11.38,-87.159,0.029,-104.095,-59.476,-8.794,-3.525,1.398,0.004,1.994,-8.907,0.52,-5.89,-4.15,0.25,-0.0,0.06,7.68,3.078,-1.22,-0.004,-1.741,7.78,,
2026-01-27 20:36:48.432,home_to_approach_feeder,-651.396,-377.925,2222.528,-0.088,-0.083,-89.824,-149.881,11.153,-87.069,0.029,-103.967,-60.05,-8.013,-3.211,1.273,0.004,1.816,-8.115,0.45,-5.8,-4.06,0.33,-0.08,-0.01,7.696,3.084,-1.223,-0.004,-1.745,7.796,,
2026-01-27 20:36:48.535,home_to_approach_feeder,-658.0,-373.581,2221.403,-0.081,-0.079,-89.818,-150.417,10.938,-86.984,0.03,-103.845,-60.592,-7.348,-2.945,1.168,0.003,1.666,-7.442,0.38,-5.78,-4.21,0.37,-0.07,0.0,7.239,2.901,-1.15,-0.003,-1.641,7.333,,
2026-01-27 20:36:48.636,home_to_approach_feeder,-663.781,-369.69,2220.404,-0.076,-0.075,-89.812,-150.887,10.749,-86.909,0.03,-103.739,-61.068,-6.687,-2.68,1.063,0.003,1.516,-6.772,0.33,-5.79,-4.14,0.39,-0.08,0.12,7.166,2.872,-1.139,-0.003,-1.624,7.259,,
2026-01-27 20:36:48.737,home_to_approach_feeder,-668.479,-366.465,2219.583,-0.071,-0.072,-89.807,-151.271,10.596,-86.848,0.03,-103.652,-61.457,-5.974,-2.394,0.949,0.003,1.354,-6.05,0.39,-5.73,-4.18,0.43,-0.01,0.04,7.318,2.933,-1.163,-0.003,-1.659,7.413,,
2026-01-27 20:36:48.839,home_to_approach_feeder,-672.624,-363.572,2218.85,-0.067,-0.069,-89.803,-151.61,10.46,-86.794,0.03,-103.575,-61.8,-5.329,-2.136,0.847,0.003,1.208,-5.397,0.31,-5.79,-4.24,0.45,-0.02,-0.0,7.028,2.817,-1.117,-0.003,-1.593,7.118,,
2026-01-27 20:36:48.940,home_to_approach_feeder,-676.448,-360.864,2218.169,-0.063,-0.066,-89.799,-151.924,10.334,-86.744,0.03,-103.503,-62.118,-4.782,-1.917,0.76,0.002,1.084,-4.843,0.31,-5.83,-4.23,0.28,-0.15,-0.16,6.579,2.637,-1.046,-0.003,-1.491,6.664,,
2026-01-27 20:36:49.041,home_to_approach_feeder,-680.416,-358.012,2217.455,-0.059,-0.064,-89.795,-152.251,10.203,-86.692,0.03,-103.429,-62.449,-4.403,-1.765,0.7,0.002,0.998,-4.459,0.28,-5.86,-4.2,0.3,-0.08,-0.05,5.794,2.322,-0.921,-0.003,-1.313,5.869,,
2026-01-27 20:36:49.143,home_to_approach_feeder,-684.173,-355.274,2216.773,-0.055,-0.062,-89.791,-152.561,10.079,-86.643,0.031,-103.359,-62.763,-4.078,-1.634,0.648,0.002,0.924,-4.129,0.22,-5.74,-4.26,0.41,-0.12,-0.01,5.38,2.156,-0.855,-0.002,-1.22,5.45,,
2026-01-27 20:36:49.244,home_to_approach_feeder,-687.472,-352.838,2216.17,-0.051,-0.06,-89.787,-152.834,9.969,-86.6,0.031,-103.297,-63.04,-3.741,-1.499,0.594,0.002,0.848,-3.788,0.18,-5.77,-4.22,0.39,-0.05,-0.06,5.214,2.09,-0.828,-0.002,-1.182,5.281,,
2026-01-27 20:36:49.344,home_to_approach_feeder,-690.706,-350.421,2215.574,-0.048,-0.058,-89.784,-153.102,9.862,-86.557,0.031,-103.236,-63.311,-3.476,-1.393,0.552,0.002,0.788,-3.52,0.2,-5.83,-4.32,0.27,-0.18,-0.05,4.739,1.899,-0.753,-0.002,-1.074,4.8,,
2026-01-27 20:36:49.448,home_to_approach_feeder,-693.64,-348.202,2215.029,-0.045,-0.056,-89.781,-153.346,9.764,-86.518,0.031,-103.181,-63.558,-3.217,-1.289,0.511,0.002,0.729,-3.258,0.26,-5.72,-4.33,0.46,-0.14,0.07,4.508,1.807,-0.716,-0.002,-1.022,4.566,,
2026-01-27 20:36:49.550,home_to_approach_feeder,-696.303,-346.169,2214.531,-0.042,-0.054,-89.778,-153.568,9.675,-86.483,0.031,-103.131,-63.783,-2.968,-1.19,0.472,0.001,0.673,-3.005,0.26,-5.69,-4.35,0.4,-0.17,0.02,4.278,1.715,-0.68,-0.002,-0.97,4.333,,
2026-01-27 20:36:49.651,home_to_approach_feeder,-698.638,-344.369,2214.091,-0.039,-0.053,-89.776,-153.763,9.597,-86.452,0.031,-103.087,-63.981,-2.714,-1.088,0.431,0.001,0.615,-2.748,0.14,-5.7,-4.37,0.4,-0.09,-0.04,4.12,1.651,-0.655,-0.002,-0.934,4.173,,
2026-01-27 20:36:49.753,home_to_approach_feeder,-700.84,-342.658,2213.675,-0.037,-0.052,-89.773,-153.948,9.523,-86.423,0.031,-103.045,-64.167,-2.496,-1.0,0.397,0.001,0.566,-2.527,0.15,-5.82,-4.29,0.41,-0.12,0.01,3.815,1.529,-0.606,-0.002,-0.865,3.865,,
2026-01-27 20:36:49.857,home_to_approach_feeder,-702.839,-341.092,2213.295,-0.035,-0.051,-89.771,-154.115,9.456,-86.396,0.031,-103.007,-64.337,-2.291,-0.918,0.364,0.001,0.519,-2.319,0.07,-5.76,-4.25,0.41,-0.18,-0.06,3.601,1.443,-0.572,-0.002,-0.816,3.647,,
2026-01-27 20:36:49.959,home_to_approach_feeder,-704.593,-339.709,2212.96,-0.033,-0.05,-89.77,-154.262,9.397,-86.373,0.031,-102.973,-64.486,-2.086,-0.836,0.331,0.001,0.473,-2.112,0.16,-5.78,-4.37,0.43,-0.04,0.05,3.444,1.38,-0.547,-0.002,-0.781,3.488,,
2026-01-27 20:36:50.061,home_to_approach_feeder,-706.247,-338.396,2212.643,-0.031,-0.049,-89.768,-154.401,9.341,-86.35,0.031,-102.942,-64.627,-1.912,-0.766,0.304,0.001,0.433,-1.936,0.07,-5.66,-4.34,0.44,-0.21,-0.04,3.181,1.275,-0.505,-0.001,-0.721,3.222,,
2026-01-27 20:36:50.162,home_to_approach_feeder,-707.75,-337.197,2212.354,-0.029,-0.048,-89.766,-154.528,9.29,-86.33,0.031,-102.913,-64.755,-1.75,-0.702,0.278,0.001,0.397,-1.772,0.13,-5.65,-4.33,0.42,-0.15,-0.02,2.989,1.198,-0.475,-0.001,-0.678,3.027,,
2026-01-27 20:36:50.264,home_to_approach_feeder,-709.161,-336.064,2212.081,-0.028,-0.047,-89.765,-154.647,9.243,-86.311,0.032,-102.886,-64.875,-1.61,-0.645,0.256,0.001,0.365,-1.63,0.1,-5.67,-4.28,0.41,-0.21,-0.01,2.765,1.108,-0.439,-0.001,-0.627,2.801,,
2026-01-27 20:36:50.364,home_to_approach_feeder,-710.397,-335.068,2211.842,-0.027,-0.046,-89.764,-154.751,9.201,-86.295,0.032,-102.863,-64.981,-1.468,-0.589,0.233,0.001,0.333,-1.487,0.1,-5.62,-4.38,0.49,-0.13,0.02,2.635,1.056,-0.419,-0.001,-0.597,2.669,,
2026-01-27 20:36:50.466,home_to_approach_feeder,-711.52,-334.159,2211.623,-0.025,-0.046,-89.762,-154.846,9.163,-86.28,0.032,-102.841,-65.077,-1.338,-0.536,0.213,0.001,0.303,-1.355,0.13,-5.66,-4.37,0.43,-0.17,-0.03,2.466,0.988,-0.392,-0.001,-0.559,2.498,,
2026-01-27 20:36:50.566,home_to_approach_feeder,-712.505,-333.358,2211.431,-0.024,-0.045,-89.761,-154.929,9.129,-86.267,0.032,-102.822,-65.161,-1.212,-0.486,0.193,0.001,0.275,-1.227,0.06,-5.64,-4.37,0.38,-0.17,-0.05,2.335,0.936,-0.371,-0.001,-0.529,2.365,waypoint,
2026-01-27 20:36:50.669,approach_feeder_to_pick,-714.555,-343.314,2211.65,-0.024,-0.045,-89.758,-154.34,8.69,-85.881,0.032,-102.769,-64.575,0.563,-1.461,1.109,0.0,0.339,0.544,-0.06,-5.6,-4.27,0.54,-0.11,-0.04,8.825,-3.212,3.39,-0.002,-0.135,8.829,,
2026-01-27 20:36:50.772,approach_feeder_to_pick,-717.005,-359.634,2212.01,-0.023,-0.046,-89.758,-153.365,8.014,-85.278,0.032,-102.696,-63.601,2.86,-2.786,2.338,0.0,0.438,2.844,-0.18,-5.53,-4.28,0.52,-0.1,0.02,11.803,-5.264,5.222,-0.0,0.086,11.833,,
2026-01-27 20:36:50.874,approach_feeder_to_pick,-718.877,-374.127,2212.239,-0.023,-0.047,-89.757,-152.509,7.42,-84.749,0.032,-102.631,-62.745,4.287,-3.575,3.078,0.001,0.491,4.273,-0.22,-5.4,-4.22,0.55,-0.08,0.0,9.438,-3.916,3.967,-0.001,-0.013,9.466,,
2026-01-27 20:36:50.975,approach_feeder_to_pick,-720.306,-387.0,2212.372,-0.022,-0.047,-89.757,-151.755,6.898,-84.283,0.032,-102.574,-61.991,5.1,-3.988,3.473,0.001,0.511,5.089,-0.33,-5.36,-4.36,0.49,-0.13,-0.06,7.468,-2.813,2.937,-0.001,-0.089,7.494,,
2026-01-27 20:36:51.077,approach_feeder_to_pick,-721.468,-399.319,2212.439,-0.022,-0.047,-89.756,-151.039,6.401,-83.84,0.032,-102.52,-61.276,5.614,-4.232,3.711,0.001,0.518,5.605,-0.19,-5.26,-4.18,0.56,-0.06,0.08,6.339,-2.267,2.407,-0.001,-0.109,6.363,,
2026-01-27 20:36:51.180,approach_feeder_to_pick,-722.391,-411.042,2212.449,-0.021,-0.048,-89.756,-150.363,5.932,-83.422,0.032,-102.468,-60.6,5.902,-4.347,3.829,0.001,0.517,5.893,-0.4,-5.15,-4.26,0.59,-0.06,0.07,5.311,-1.766,1.922,-0.001,-0.128,5.332,,
2026-01-27 20:36:51.280,approach_feeder_to_pick,-723.059,-421.407,2212.415,-0.021,-0.048,-89.755,-149.768,5.52,-83.055,0.032,-102.424,-60.006,5.912,-4.29,3.79,0.001,0.5,5.904,-0.32,-5.13,-4.25,0.58,-0.01,0.02,3.958,-1.02,1.222,-0.001,-0.177,3.977,,
2026-01-27 20:36:51.382,approach_feeder_to_pick,-723.551,-430.918,2212.35,-0.021,-0.049,-89.755,-149.226,5.144,-82.719,0.032,-102.383,-59.464,5.789,-4.157,3.68,0.0,0.477,5.783,-0.33,-5.18,-4.16,0.58,-0.1,-0.06,3.043,-0.558,0.779,-0.001,-0.199,3.061,,
2026-01-27 20:36:51.485,approach_feeder_to_pick,-723.911,-439.948,2212.258,-0.02,-0.049,-89.755,-148.714,4.789,-82.403,0.032,-102.344,-58.953,5.623,-4.006,3.552,0.0,0.455,5.617,-0.36,-5.13,-4.26,0.52,-0.07,0.02,2.439,-0.295,0.516,-0.0,-0.201,2.455,,
2026-01-27 20:36:51.586,approach_feeder_to_pick,-724.143,-447.915,2212.152,-0.02,-0.049,-89.754,-148.264,4.477,-82.125,0.032,-102.31,-58.503,5.342,-3.785,3.359,0.0,0.426,5.337,-0.29,-5.04,-4.31,0.64,-0.03,-0.01,1.573,0.166,0.08,-0.0,-0.228,1.588,,
2026-01-27 20:36:51.688,approach_feeder_to_pick,-724.282,-454.955,2212.04,-0.02,-0.049,-89.754,-147.868,4.202,-81.88,0.032,-102.28,-58.107,4.997,-3.525,3.132,0.0,0.395,4.992,-0.24,-5.0,-4.31,0.59,-0.15,-0.0,0.877,0.523,-0.262,-0.0,-0.246,0.891,,
2026-01-27 20:36:51.791,approach_feeder_to_pick,-724.353,-461.183,2211.927,-0.02,-0.05,-89.754,-147.518,3.96,-81.664,0.032,-102.253,-57.758,4.621,-3.25,2.889,0.0,0.362,4.617,-0.27,-4.99,-4.2,0.55,-0.14,0.08,0.321,0.795,-0.524,-0.0,-0.257,0.334,,
2026-01-27 20:36:51.892,approach_feeder_to_pick,-724.376,-467.361,2211.801,-0.02,-0.05,-89.753,-147.173,3.72,-81.45,0.032,-102.227,-57.413,4.33,-3.036,2.701,0.0,0.337,4.326,-0.23,-5.0,-4.26,0.57,-0.17,-0.01,0.251,0.743,-0.496,-0.0,-0.234,0.262,,
2026-01-27 20:36:51.993,approach_feeder_to_pick,-724.355,-473.014,2211.675,-0.019,-0.05,-89.753,-146.857,3.501,-81.255,0.032,-102.203,-57.097,4.036,-2.824,2.513,0.0,0.312,4.032,-0.23,-4.92,-4.27,0.59,-0.19,0.02,-0.076,0.878,-0.633,-0.0,-0.234,-0.066,,
2026-01-27 20:36:52.094,approach_feeder_to_pick,-724.301,-478.186,2211.55,-0.019,-0.05,-89.753,-146.57,3.302,-81.077,0.032,-102.182,-56.81,3.746,-2.617,2.329,0.0,0.289,3.743,-0.17,-4.95,-4.37,0.48,-0.14,-0.08,-0.344,0.981,-0.74,-0.0,-0.231,-0.335,,
2026-01-27 20:36:52.197,approach_feeder_to_pick,-724.219,-483.082,2211.423,-0.019,-0.05,-89.753,-146.298,3.113,-80.909,0.032,-102.161,-56.538,3.49,-2.434,2.167,0.0,0.268,3.487,-0.22,-4.78,-4.32,0.54,0.01,-0.01,-0.469,0.993,-0.764,-0.0,-0.22,-0.46,,
2026-01-27 20:36:52.298,approach_feeder_to_pick,-724.123,-487.392,2211.304,-0.019,-0.051,-89.752,-146.059,2.948,-80.761,0.032,-102.143,-56.3,3.214,-2.24,1.995,0.0,0.246,3.212,-0.15,-4.91,-4.35,0.42,-0.14,-0.09,-0.752,1.123,-0.892,-0.0,-0.223,-0.744,,
2026-01-27 20:36:52.398,approach_feeder_to_pick,-724.015,-491.333,2211.191,-0.019,-0.051,-89.752,-145.841,2.797,-80.627,0.032,-102.126,-56.082,2.956,-2.058,1.833,0.0,0.226,2.953,-0.18,-4.82,-4.41,0.53,-0.15,0.02,-0.886,1.155,-0.932,-0.0,-0.216,-0.878,,
2026-01-27 20:36:52.501,approach_feeder_to_pick,-723.899,-494.934,2211.082,-0.019,-0.051,-89.752,-145.642,2.659,-80.504,0.032,-102.111,-55.883,2.714,-1.888,1.682,0.0,0.207,2.712,-0.22,-4.78,-4.35,0.51,-0.04,-0.1,-0.988,1.172,-0.956,-0.0,-0.209,-0.981,,
2026-01-27 20:36:52.602,approach_feeder_to_pick,-723.775,-498.341,2210.975,-0.018,-0.051,-89.752,-145.454,2.528,-80.388,0.032,-102.097,-55.695,2.506,-1.742,1.552,0.0,0.191,2.503,-0.19,-4.8,-4.27,0.6,-0.1,0.0,-0.999,1.131,-0.929,-0.0,-0.197,-0.992,,
2026-01-27 20:36:52.703,approach_feeder_to_pick,-723.654,-501.339,2210.879,-0.018,-0.051,-89.752,-145.289,2.414,-80.285,0.032,-102.085,-55.53,2.292,-1.593,1.419,0.0,0.174,2.29,-0.06,-4.79,-4.3,0.57,-0.24,-0.0,-1.127,1.176,-0.977,-0.0,-0.194,-1.121,,
2026-01-27 20:36:52.805,approach_feeder_to_pick,-723.529,-504.174,2210.784,-0.018,-0.051,-89.752,-145.133,2.306,-80.189,0.032,-102.073,-55.374,2.109,-1.465,1.306,0.0,0.16,2.107,-0.12,-4.72,-4.38,0.48,-0.21,-0.03,-1.106,1.122,-0.936,-0.0,-0.182,-1.1,,
2026-01-27 20:36:52.908,approach_feeder_to_pick,-723.407,-506.755,2210.696,-0.018,-0.051,-89.751,-144.991,2.207,-80.101,0.032,-102.062,-55.233,1.937,-1.345,1.198,0.0,0.147,1.935,-0.14,-4.8,-4.34,0.51,-0.1,0.09,-1.136,1.107,-0.929,-0.0,-0.174,-1.131,,
2026-01-27 20:36:53.014,approach_feeder_to_pick,-723.289,-509.105,2210.614,-0.018,-0.051,-89.751,-144.862,2.118,-80.021,0.032,-102.052,-55.104,1.775,-1.232,1.098,0.0,0.135,1.773,-0.1,-4.64,-4.35,0.53,-0.08,0.08,-1.151,1.086,-0.916,-0.0,-0.167,-1.147,,
2026-01-27 20:36:53.115,approach_feeder_to_pick,-723.18,-511.171,2210.54,-0.018,-0.051,-89.751,-144.748,2.039,-79.951,0.032,-102.044,-54.99,1.615,-1.121,0.999,0.0,0.122,1.613,-0.03,-4.62,-4.34,0.5,-0.12,-0.02,-1.193,1.086,-0.921,-0.0,-0.162,-1.189,,
2026-01-27 20:36:53.215,approach_feeder_to_pick,-723.071,-513.124,2210.469,-0.018,-0.051,-89.751,-144.641,1.965,-79.885,0.032,-102.036,-54.883,1.479,-1.026,0.915,0.0,0.112,1.477,-0.1,-4.71,-4.36,0.46,-0.18,0.01,-1.136,1.021,-0.868,-0.0,-0.15,-1.132,,
2026-01-27 20:36:53.318,approach_feeder_to_pick,-722.969,-514.902,2210.403,-0.018,-0.051,-89.751,-144.544,1.897,-79.825,0.032,-102.028,-54.786,1.353,-0.939,0.837,0.0,0.102,1.351,-0.13,-4.64,-4.37,0.47,-0.16,0.06,-1.119,0.986,-0.841,-0.0,-0.143,-1.116,,
2026-01-27 20:36:53.418,approach_feeder_to_pick,-722.872,-516.52,2210.342,-0.018,-0.051,-89.751,-144.455,1.836,-79.77,0.032,-102.022,-54.698,1.236,-0.858,0.764,0.0,0.094,1.235,-0.05,-4.68,-4.43,0.5,-0.14,0.03,-1.096,0.948,-0.811,-0.0,-0.135,-1.092,waypoint,
2026-01-27 20:36:53.520,pick_on_feeder,-722.781,-517.993,2210.286,-0.018,-0.051,-89.751,-144.375,1.78,-79.72,0.032,-102.016,-54.617,1.129,-0.783,0.698,0.0,0.085,1.127,-0.11,-4.7,-4.41,0.58,-0.27,0.02,-1.066,0.909,-0.78,-0.0,-0.128,-1.063,,
2026-01-27 20:36:53.624,pick_on_feeder,-722.696,-519.332,2210.234,-0.018,-0.052,-89.751,-144.301,1.729,-79.675,0.032,-102.01,-54.544,1.03,-0.714,0.637,0.0,0.078,1.029,0.01,-4.62,-4.31,0.47,-0.19,-0.01,-1.032,0.869,-0.747,-0.0,-0.12,-1.03,,
2026-01-27 20:36:53.724,pick_on_feeder,-722.619,-520.51,2210.189,-0.018,-0.052,-89.751,-144.237,1.684,-79.635,0.032,-102.005,-54.479,0.933,-0.647,0.577,0.0,0.071,0.932,-0.11,-4.62,-4.49,0.46,-0.18,0.07,-1.018,0.844,-0.727,-0.0,-0.115,-1.016,,
2026-01-27 20:36:53.828,pick_on_feeder,-722.546,-521.623,2210.145,-0.018,-0.052,-89.751,-144.176,1.642,-79.598,0.032,-102.001,-54.419,0.852,-0.591,0.527,0.0,0.064,0.851,-0.1,-4.68,-4.46,0.57,-0.29,-0.04,-0.952,0.784,-0.676,-0.0,-0.106,-0.95,,
2026-01-27 20:36:53.929,pick_on_feeder,-722.479,-522.601,2210.106,-0.018,-0.052,-89.751,-144.123,1.605,-79.565,0.032,-101.997,-54.365,0.773,-0.536,0.478,0.0,0.058,0.772,-0.15,-4.68,-4.44,0.59,-0.22,0.04,-0.931,0.757,-0.654,-0.0,-0.101,-0.929,,
2026-01-27 20:36:54.032,pick_on_feeder,-722.418,-523.494,2210.07,-0.018,-0.052,-89.751,-144.074,1.571,-79.534,0.032,-101.993,-54.317,0.701,-0.487,0.434,0.0,0.053,0.701,-0.1,-4.67,-4.3,0.48,-0.18,0.08,-0.884,0.714,-0.618,-0.0,-0.095,-0.882,,
2026-01-27 20:36:54.132,pick_on_feeder,-722.361,-524.31,2210.038,-0.018,-0.052,-89.75,-144.029,1.54,-79.507,0.032,-101.989,-54.272,0.637,-0.442,0.394,0.0,0.048,0.637,-0.04,-4.55,-4.41,0.38,-0.18,-0.0,-0.839,0.672,-0.582,-0.0,-0.088,-0.837,,
2026-01-27 20:36:54.232,pick_on_feeder,-722.308,-525.054,2210.007,-0.018,-0.052,-89.75,-143.989,1.512,-79.482,0.032,-101.986,-54.232,0.58,-0.402,0.358,0.0,0.044,0.579,-0.07,-4.63,-4.47,0.47,-0.17,0.02,-0.794,0.632,-0.548,-0.0,-0.082,-0.792,,
2026-01-27 20:36:54.335,pick_on_feeder,-722.258,-525.757,2209.979,-0.018,-0.052,-89.75,-143.95,1.486,-79.458,0.032,-101.983,-54.193,0.531,-0.368,0.328,0.0,0.04,0.53,0.02,-4.66,-4.43,0.54,-0.13,-0.01,-0.737,0.584,-0.507,-0.0,-0.076,-0.735,,
2026-01-27 20:36:54.437,pick_on_feeder,-722.212,-526.397,2209.953,-0.018,-0.052,-89.75,-143.915,1.461,-79.436,0.032,-101.981,-54.158,0.485,-0.337,0.3,0.0,0.037,0.485,0.01,-4.67,-4.4,0.45,-0.18,0.04,-0.698,0.55,-0.478,-0.0,-0.071,-0.696,,
2026-01-27 20:36:54.538,pick_on_feeder,-722.17,-526.959,2209.93,-0.017,-0.052,-89.75,-143.885,1.44,-79.417,0.032,-101.979,-54.128,0.441,-0.306,0.272,0.0,0.033,0.44,-0.08,-4.64,-4.38,0.53,-0.21,0.07,-0.67,0.524,-0.456,-0.0,-0.067,-0.669,,
2026-01-27 20:36:54.638,pick_on_feeder,-722.132,-527.472,2209.908,-0.017,-0.052,-89.75,-143.857,1.421,-79.4,0.032,-101.976,-54.1,0.4,-0.278,0.248,0.0,0.03,0.4,-0.1,-4.57,-4.38,0.57,-0.11,-0.11,-0.63,0.49,-0.427,-0.0,-0.062,-0.629,,
2026-01-27 20:36:54.740,pick_on_feeder,-722.098,-527.941,2209.889,-0.017,-0.052,-89.75,-143.831,1.403,-79.384,0.032,-101.974,-54.074,0.364,-0.253,0.225,0.0,0.028,0.364,-0.09,-4.65,-4.34,0.52,-0.13,0.02,-0.592,0.458,-0.4,-0.0,-0.058,-0.59,,
2026-01-27 20:36:54.843,pick_on_feeder,-722.064,-528.383,2209.871,-0.017,-0.052,-89.75,-143.807,1.386,-79.369,0.032,-101.973,-54.05,0.333,-0.231,0.206,0.0,0.025,0.333,-0.03,-4.62,-4.55,0.53,-0.16,0.07,-0.547,0.422,-0.369,-0.0,-0.053,-0.546,,
2026-01-27 20:36:54.944,pick_on_feeder,-722.035,-528.772,2209.854,-0.017,-0.052,-89.75,-143.786,1.372,-79.356,0.032,-101.971,-54.029,0.303,-0.21,0.187,0.0,0.023,0.303,-0.0,-4.67,-4.35,0.49,-0.17,0.0,-0.521,0.4,-0.35,-0.0,-0.05,-0.52,,
2026-01-27 20:36:55.047,pick_on_feeder,-722.008,-529.127,2209.839,-0.017,-0.052,-89.75,-143.766,1.358,-79.344,0.032,-101.97,-54.01,0.276,-0.191,0.17,0.0,0.021,0.275,-0.0,-4.61,-4.47,0.53,-0.11,-0.05,-0.488,0.373,-0.326,-0.0,-0.047,-0.487,,
2026-01-27 20:36:55.150,pick_on_feeder,-721.983,-529.451,2209.826,-0.017,-0.052,-89.75,-143.749,1.346,-79.333,0.032,-101.968,-53.992,0.251,-0.174,0.155,0.0,0.019,0.251,0.0,-4.61,-4.43,0.58,-0.25,0.1,-0.456,0.348,-0.304,-0.0,-0.043,-0.455,,
2026-01-27 20:36:55.252,pick_on_feeder,-721.96,-529.757,2209.813,-0.017,-0.052,-89.75,-143.732,1.334,-79.323,0.032,-101.967,-53.975,0.23,-0.159,0.142,0.0,0.017,0.23,0.05,-4.6,-4.37,0.5,-0.17,-0.01,-0.42,0.32,-0.28,-0.0,-0.04,-0.419,,
2026-01-27 20:36:55.354,pick_on_feeder,-721.938,-530.035,2209.801,-0.017,-0.052,-89.75,-143.717,1.324,-79.314,0.032,-101.966,-53.96,0.21,-0.146,0.13,0.0,0.016,0.21,0.0,-4.61,-4.36,0.42,-0.26,-0.09,-0.393,0.298,-0.261,-0.0,-0.037,-0.392,,
2026-01-27 20:36:55.456,pick_on_feeder,-721.918,-530.297,2209.79,-0.017,-0.052,-89.75,-143.703,1.314,-79.305,0.032,-101.965,-53.946,0.193,-0.134,0.12,0.0,0.015,0.193,-0.05,-4.61,-4.31,0.56,-0.25,-0.0,-0.363,0.275,-0.241,-0.0,-0.034,-0.362,,
2026-01-27 20:36:55.560,pick_on_feeder,-721.901,-530.519,2209.781,-0.017,-0.052,-89.75,-143.691,1.305,-79.297,0.032,-101.964,-53.934,0.175,-0.122,0.108,0.0,0.013,0.175,0.0,-4.64,-4.5,0.42,-0.19,0.06,-0.348,0.262,-0.23,-0.0,-0.032,-0.348,,
2026-01-27 20:36:55.662,pick_on_feeder,-721.884,-530.729,2209.772,-0.017,-0.052,-89.75,-143.679,1.298,-79.29,0.032,-101.963,-53.922,0.16,-0.111,0.099,0.0,0.012,0.16,-0.12,-4.55,-4.47,0.5,-0.23,-0.02,-0.32,0.241,-0.211,-0.0,-0.029,-0.32,,
2026-01-27 20:36:55.764,pick_on_feeder,-721.87,-530.913,2209.764,-0.017,-0.052,-89.75,-143.669,1.291,-79.284,0.032,-101.962,-53.912,0.145,-0.101,0.09,0.0,0.011,0.145,-0.02,-4.64,-4.39,0.5,-0.19,-0.05,-0.302,0.226,-0.199,-0.0,-0.027,-0.302,,
2026-01-27 20:36:55.866,pick_on_feeder,-721.856,-531.087,2209.757,-0.017,-0.052,-89.75,-143.66,1.284,-79.278,0.032,-101.961,-53.903,0.133,-0.092,0.082,0.0,0.01,0.132,-0.08,-4.63,-4.36,0.34,-0.17,-0.05,-0.277,0.207,-0.182,-0.0,-0.025,-0.277,,
2026-01-27 20:36:56.172,pick_on_feeder,-721.823,-531.506,2209.739,-0.017,-0.052,-89.75,-143.637,1.268,-79.264,0.032,-101.96,-53.88,0.099,-0.069,0.061,0.0,0.007,0.099,-0.04,-4.57,-4.44,0.53,-0.17,-0.03,-0.225,0.167,-0.147,-0.0,-0.02,-0.224,,
2026-01-27 20:36:56.477,pick_on_feeder,-721.798,-531.825,2209.725,-0.017,-0.052,-89.75,-143.619,1.256,-79.254,0.032,-101.958,-53.863,0.075,-0.052,0.046,0.0,0.006,0.075,0.04,-4.62,-4.4,0.51,-0.24,0.08,-0.179,0.132,-0.116,-0.0,-0.016,-0.178,,
2026-01-27 20:36:56.883,pick_on_feeder,-721.773,-532.135,2209.712,-0.017,-0.052,-89.75,-143.603,1.244,-79.243,0.032,-101.957,-53.846,0.052,-0.036,0.032,0.0,0.004,0.051,-0.01,-4.62,-4.48,0.48,-0.18,0.02,-0.131,0.096,-0.085,-0.0,-0.011,-0.131,,
2026-01-27 20:36:57.192,pick_on_feeder,-721.762,-532.273,2209.706,-0.017,-0.052,-89.75,-143.595,1.239,-79.238,0.032,-101.957,-53.838,0.036,-0.025,0.022,0.0,0.003,0.036,0.09,-4.52,-4.3,0.52,-0.19,0.06,-0.104,0.076,-0.067,-0.0,-0.009,-0.104,,
2026-01-27 20:36:57.598,pick_on_feeder,-721.748,-532.448,2209.699,-0.017,-0.052,-89.75,-143.586,1.233,-79.233,0.032,-101.956,-53.829,0.027,-0.019,0.017,0.0,0.002,0.027,-0.06,-4.53,-4.4,0.48,-0.25,0.02,-0.074,0.054,-0.047,-0.0,-0.006,-0.073,,
2026-01-27 20:36:57.902,pick_on_feeder,-721.74,-532.545,2209.694,-0.017,-0.052,-89.75,-143.58,1.229,-79.229,0.032,-101.955,-53.824,0.021,-0.015,0.013,0.0,0.002,0.021,0.04,-4.64,-4.39,0.44,-0.11,0.06,-0.058,0.042,-0.037,-0.0,-0.005,-0.058,,
2026-01-27 20:36:58.312,pick_on_feeder,-721.733,-532.635,2209.69,-0.017,-0.052,-89.75,-143.575,1.226,-79.226,0.032,-101.955,-53.819,0.015,-0.01,0.009,0.0,0.001,0.015,0.02,-4.67,-4.46,0.52,-0.22,0.0,-0.042,0.03,-0.027,-0.0,-0.004,-0.042,,
2026-01-27 20:36:58.618,pick_on_feeder,-721.729,-532.685,2209.688,-0.017,-0.052,-89.75,-143.573,1.224,-79.225,0.032,-101.955,-53.816,0.011,-0.008,0.007,0.0,0.001,0.011,0.01,-4.66,-4.4,0.47,-0.1,-0.01,-0.033,0.024,-0.021,-0.0,-0.003,-0.033,,
2026-01-27 20:36:59.024,pick_on_feeder,-721.725,-532.732,2209.686,-0.017,-0.052,-89.75,-143.57,1.222,-79.223,0.032,-101.955,-53.814,0.008,-0.005,0.005,0.0,0.001,0.008,-0.09,-4.64,-4.45,0.47,-0.12,0.01,-0.024,0.017,-0.015,-0.0,-0.002,-0.024,,
2026-01-27 20:36:59.124,pick_to_retreat_feeder,-722.025,-532.961,2213.301,-0.017,-0.052,-89.75,-143.57,1.086,-78.815,0.032,-102.227,-53.813,0.007,-0.344,1.024,0.0,-0.681,0.007,-0.03,-4.63,-4.45,0.46,-0.17,-0.01,-0.023,-1.34,4.066,0.0,-2.726,-0.023,,
2026-01-27 20:36:59.228,pick_to_retreat_feeder,-723.114,-533.768,2228.03,-0.017,-0.052,-89.749,-143.569,0.529,-77.139,0.033,-103.346,-53.812,0.006,-1.652,4.959,0.001,-3.308,0.007,-0.02,-4.73,-4.53,0.47,-0.23,0.08,-0.023,-5.421,16.338,0.002,-10.92,-0.019,,
2026-01-27 20:36:59.331,pick_to_retreat_feeder,-723.906,-534.356,2241.257,-0.017,-0.052,-89.749,-143.569,0.022,-75.614,0.033,-104.364,-53.812,0.005,-2.506,7.53,0.001,-5.025,0.006,-0.04,-4.68,-4.59,0.52,-0.15,0.02,-0.021,-4.374,13.188,0.002,-8.815,-0.017,,
2026-01-27 20:36:59.434,pick_to_retreat_feeder,-724.464,-534.77,2253.143,-0.017,-0.052,-89.749,-143.569,-0.44,-74.227,0.033,-105.29,-53.811,0.004,-3.032,9.114,0.001,-6.083,0.006,0.01,-4.7,-4.67,0.49,-0.2,0.02,-0.019,-3.478,10.49,0.001,-7.013,-0.016,,
2026-01-27 20:36:59.536,pick_to_retreat_feeder,-724.837,-535.048,2263.832,-0.016,-0.052,-89.749,-143.569,-0.859,-72.966,0.033,-106.132,-53.811,0.003,-3.323,9.988,0.001,-6.667,0.006,-0.08,-4.65,-4.7,0.44,-0.16,0.09,-0.017,-2.713,8.186,0.001,-5.474,-0.015,,
2026-01-27 20:36:59.637,pick_to_retreat_feeder,-725.065,-535.219,2273.451,-0.016,-0.051,-89.749,-143.569,-1.24,-71.819,0.033,-106.897,-53.811,0.003,-3.446,10.359,0.001,-6.915,0.005,0.04,-4.53,-4.67,0.45,-0.13,-0.02,-0.016,-2.062,6.226,0.001,-4.165,-0.014,,
2026-01-27 20:36:59.738,pick_to_retreat_feeder,-725.183,-535.308,2282.113,-0.016,-0.051,-89.749,-143.569,-1.587,-70.776,0.034,-107.594,-53.81,0.002,-3.452,10.377,0.001,-6.927,0.005,0.02,-4.57,-4.74,0.5,-0.15,-0.04,-0.014,-1.511,4.566,0.001,-3.056,-0.013,,
2026-01-27 20:36:59.840,pick_to_retreat_feeder,-725.214,-535.333,2289.918,-0.016,-0.051,-89.748,-143.569,-1.903,-69.827,0.034,-108.227,-53.81,0.002,-3.377,10.155,0.001,-6.779,0.005,0.03,-4.47,-4.66,0.47,-0.1,-0.01,-0.013,-1.046,3.165,0.0,-2.12,-0.012,,
2026-01-27 20:36:59.940,pick_to_retreat_feeder,-725.182,-535.311,2296.957,-0.016,-0.051,-89.748,-143.569,-2.19,-68.964,0.034,-108.803,-53.81,0.002,-3.251,9.774,0.001,-6.525,0.004,0.07,-4.44,-4.71,0.47,-0.18,-0.06,-0.012,-0.656,1.99,0.0,-1.335,-0.011,,
2026-01-27 20:37:00.044,pick_to_retreat_feeder,-725.101,-535.253,2303.307,-0.016,-0.051,-89.748,-143.569,-2.451,-68.179,0.034,-109.327,-53.809,0.001,-3.09,9.292,0.001,-6.204,0.004,0.04,-4.49,-4.7,0.55,-0.22,0.04,-0.011,-0.331,1.01,0.0,-0.68,-0.01,,
2026-01-27 20:37:00.145,pick_to_retreat_feeder,-724.986,-535.169,2309.041,-0.016,-0.051,-89.748,-143.569,-2.688,-67.466,0.034,-109.804,-53.809,0.001,-2.911,8.754,0.001,-5.844,0.004,0.02,-4.4,-4.64,0.46,-0.14,0.04,-0.01,-0.061,0.199,0.0,-0.138,-0.009,,
2026-01-27 20:37:00.247,pick_to_retreat_feeder,-724.847,-535.068,2314.219,-0.015,-0.051,-89.748,-143.568,-2.904,-66.816,0.034,-110.237,-53.809,0.001,-2.723,8.189,0.001,-5.467,0.003,0.03,-4.27,-4.62,0.45,-0.21,0.04,-0.009,0.16,-0.467,-0.0,0.307,-0.009,,
2026-01-27 20:37:00.347,pick_to_retreat_feeder,-724.692,-534.954,2318.9,-0.015,-0.051,-89.748,-143.568,-3.101,-66.226,0.034,-110.632,-53.809,0.001,-2.533,7.618,0.001,-5.086,0.003,0.0,-4.23,-4.64,0.5,-0.26,-0.0,-0.008,0.339,-1.008,-0.0,0.669,-0.008,,
2026-01-27 20:37:00.451,pick_to_retreat_feeder,-724.527,-534.834,2323.132,-0.015,-0.051,-89.748,-143.568,-3.279,-65.689,0.034,-110.99,-53.808,0.001,-2.347,7.056,0.001,-4.711,0.003,0.02,-4.18,-4.68,0.43,-0.22,-0.12,-0.007,0.483,-1.441,-0.0,0.959,-0.007,,
2026-01-27 20:37:00.552,pick_to_retreat_feeder,-724.358,-534.71,2326.961,-0.015,-0.051,-89.748,-143.568,-3.442,-65.2,0.034,-111.316,-53.808,0.001,-2.166,6.513,0.001,-4.348,0.002,0.12,-4.16,-4.65,0.49,-0.17,0.05,-0.006,0.596,-1.783,-0.0,1.187,-0.007,,
2026-01-27 20:37:00.654,pick_to_retreat_feeder,-724.189,-534.586,2330.425,-0.015,-0.051,-89.748,-143.568,-3.589,-64.756,0.034,-111.613,-53.808,0.001,-1.994,5.996,0.001,-4.003,0.002,-0.06,-4.03,-4.58,0.51,-0.17,0.05,-0.006,0.683,-2.047,-0.0,1.364,-0.006,,
2026-01-27 20:37:00.756,pick_to_retreat_feeder,-724.033,-534.472,2333.349,-0.015,-0.051,-89.748,-143.568,-3.715,-64.379,0.034,-111.864,-53.808,0.001,-1.808,5.438,0.001,-3.63,0.002,0.02,-4.07,-4.58,0.47,-0.22,-0.06,-0.005,0.841,-2.52,-0.0,1.68,-0.006,,
2026-01-27 20:37:00.857,pick_to_retreat_feeder,-723.887,-534.364,2335.917,-0.015,-0.051,-89.747,-143.568,-3.825,-64.047,0.034,-112.086,-53.808,0.001,-1.632,4.909,0.001,-3.277,0.002,0.01,-4.11,-4.56,0.52,-0.15,-0.03,-0.005,0.904,-2.713,-0.0,1.809,-0.006,,
2026-01-27 20:37:00.959,pick_to_retreat_feeder,-723.728,-534.248,2338.537,-0.015,-0.051,-89.747,-143.568,-3.938,-63.707,0.034,-112.313,-53.808,0.0,-1.507,4.531,0.001,-3.025,0.002,-0.01,-4.02,-4.45,0.38,-0.26,-0.02,-0.004,0.788,-2.362,-0.0,1.575,-0.005,,
2026-01-27 20:37:01.061,pick_to_retreat_feeder,-723.592,-534.148,2340.668,-0.015,-0.051,-89.747,-143.568,-4.03,-63.43,0.034,-112.498,-53.808,0.0,-1.361,4.092,0.001,-2.732,0.001,0.0,-3.95,-4.5,0.53,-0.22,0.04,-0.004,0.917,-2.751,-0.0,1.835,-0.005,,
2026-01-27 20:37:01.165,pick_to_retreat_feeder,-723.478,-534.064,2342.395,-0.015,-0.05,-89.747,-143.568,-4.105,-63.204,0.035,-112.649,-53.807,0.0,-1.208,3.633,0.0,-2.425,0.001,0.06,-3.89,-4.49,0.45,-0.11,0.04,-0.004,0.998,-2.996,-0.0,1.998,-0.004,,
2026-01-27 20:37:01.265,pick_to_retreat_feeder,-723.348,-533.969,2344.271,-0.015,-0.05,-89.747,-143.568,-4.187,-62.959,0.035,-112.813,-53.807,0.0,-1.11,3.339,0.0,-2.229,0.001,0.02,-3.94,-4.45,0.41,-0.14,-0.08,-0.003,0.831,-2.494,-0.0,1.663,-0.004,,
2026-01-27 20:37:01.365,pick_to_retreat_feeder,-723.221,-533.876,2346.048,-0.015,-0.05,-89.747,-143.568,-4.265,-62.725,0.035,-112.969,-53.807,0.0,-1.027,3.087,0.0,-2.061,0.001,-0.05,-3.94,-4.51,0.45,-0.2,-0.01,-0.003,0.789,-2.369,-0.0,1.58,-0.004,,
2026-01-27 20:37:01.466,pick_to_retreat_feeder,-723.101,-533.788,2347.666,-0.015,-0.05,-89.747,-143.568,-4.335,-62.513,0.035,-113.111,-53.807,0.0,-0.947,2.848,0.0,-1.901,0.001,0.14,-3.89,-4.51,0.46,-0.23,0.08,-0.003,0.778,-2.336,-0.0,1.558,-0.003,,
2026-01-27 20:37:01.568,pick_to_retreat_feeder,-722.989,-533.705,2349.138,-0.015,-0.05,-89.747,-143.568,-4.4,-62.318,0.035,-113.24,-53.807,0.0,-0.872,2.621,0.0,-1.75,0.001,0.01,-3.84,-4.46,0.49,-0.19,-0.04,-0.002,0.762,-2.288,-0.0,1.527,-0.003,,
2026-01-27 20:37:01.669,pick_to_retreat_feeder,-722.884,-533.628,2350.48,-0.015,-0.05,-89.747,-143.568,-4.459,-62.141,0.035,-113.359,-53.807,0.0,-0.801,2.409,0.0,-1.608,0.001,0.01,-3.73,-4.54,0.5,-0.24,0.07,-0.002,0.742,-2.229,-0.0,1.487,-0.003,,
2026-01-27 20:37:01.769,pick_to_retreat_feeder,-722.786,-533.556,2351.701,-0.015,-0.05,-89.747,-143.568,-4.513,-61.979,0.035,-113.467,-53.807,0.0,-0.735,2.211,0.0,-1.476,0.001,-0.0,-3.81,-4.46,0.49,-0.25,0.04,-0.002,0.72,-2.161,-0.0,1.442,-0.003,,
2026-01-27 20:37:01.872,pick_to_retreat_feeder,-722.699,-533.492,2352.775,-0.015,-0.05,-89.747,-143.568,-4.56,-61.837,0.035,-113.562,-53.807,0.0,-0.67,2.015,0.0,-1.345,0.001,0.01,-3.82,-4.49,0.46,-0.12,-0.05,-0.002,0.712,-2.139,-0.0,1.427,-0.002,,
2026-01-27 20:37:01.975,pick_to_retreat_feeder,-722.614,-533.429,2353.792,-0.015,-0.05,-89.747,-143.568,-4.605,-61.702,0.035,-113.652,-53.807,0.0,-0.615,1.849,0.0,-1.234,0.001,0.01,-3.77,-4.49,0.43,-0.12,-0.02,-0.002,0.665,-1.997,-0.0,1.333,-0.002,,
2026-01-27 20:37:02.076,pick_to_retreat_feeder,-722.538,-533.374,2354.687,-0.015,-0.05,-89.747,-143.568,-4.645,-61.583,0.035,-113.732,-53.807,0.0,-0.56,1.684,0.0,-1.124,0.001,-0.04,-3.74,-4.4,0.47,-0.18,-0.05,-0.001,0.652,-1.959,-0.0,1.307,-0.002,,
2026-01-27 20:37:02.179,pick_to_retreat_feeder,-722.465,-533.32,2355.534,-0.015,-0.05,-89.747,-143.568,-4.682,-61.47,0.035,-113.807,-53.807,0.0,-0.514,1.546,0.0,-1.032,0.001,-0.02,-3.66,-4.3,0.48,-0.25,0.03,-0.001,0.607,-1.824,-0.0,1.217,-0.002,,
2026-01-27 20:37:02.280,pick_to_retreat_feeder,-722.398,-533.271,2356.307,-0.015,-0.05,-89.747,-143.568,-4.716,-61.367,0.035,-113.876,-53.807,0.0,-0.471,1.417,0.0,-0.946,0.001,-0.05,-3.77,-4.4,0.49,-0.14,0.06,-0.001,0.579,-1.74,-0.0,1.161,-0.002,,
2026-01-27 20:37:02.382,pick_to_retreat_feeder,-722.338,-533.227,2356.987,-0.015,-0.05,-89.747,-143.568,-4.747,-61.276,0.035,-113.936,-53.807,0.0,-0.429,1.29,0.0,-0.861,0.0,-0.01,-3.65,-4.31,0.36,-0.19,-0.08,-0.001,0.562,-1.69,-0.0,1.127,-0.002,,
2026-01-27 20:37:02.483,pick_to_retreat_feeder,-722.279,-533.183,2357.654,-0.015,-0.05,-89.747,-143.568,-4.776,-61.187,0.035,-113.996,-53.807,0.0,-0.396,1.19,0.0,-0.795,0.0,0.02,-3.78,-4.46,0.4,-0.25,-0.06,-0.001,0.511,-1.536,-0.0,1.025,-0.001,waypoint,
2026-01-27 20:37:02.586,pick_to_retreat_feeder,-723.492,-523.519,2358.525,-0.015,-0.05,-89.749,-144.113,-4.45,-61.469,0.035,-114.04,-54.349,-1.363,0.519,0.187,0.001,-0.706,-1.356,0.03,-3.83,-4.41,0.41,-0.22,0.03,-5.452,4.022,-5.099,0.005,1.078,-5.427,,
2026-01-27 20:37:02.690,pick_to_retreat_feeder,-725.561,-504.841,2359.556,-0.016,-0.051,-89.749,-145.173,-3.789,-62.096,0.036,-114.073,-55.409,-3.671,2.041,-1.428,0.003,-0.613,-3.666,0.1,-3.77,-4.37,0.42,-0.17,-0.05,-10.052,6.962,-8.038,0.007,1.078,-10.056,,
2026-01-27 20:37:02.792,pick_to_retreat_feeder,-727.054,-487.941,2360.404,-0.016,-0.051,-89.748,-146.136,-3.188,-62.667,0.037,-114.103,-56.373,-5.163,3.034,-2.498,0.004,-0.535,-5.159,0.19,-3.89,-4.28,0.26,-0.28,0.02,-8.088,5.668,-6.666,0.006,1.001,-8.092,,
2026-01-27 20:37:02.892,pick_to_retreat_feeder,-728.034,-473.69,2361.057,-0.017,-0.052,-89.748,-146.953,-2.679,-63.15,0.037,-114.129,-57.19,-5.914,3.548,-3.082,0.005,-0.465,-5.911,0.23,-3.84,-4.44,0.26,-0.3,0.01,-5.808,4.184,-5.129,0.004,0.947,-5.811,,
2026-01-27 20:37:02.993,pick_to_retreat_feeder,-728.682,-461.181,2361.582,-0.018,-0.052,-89.748,-147.673,-2.23,-63.577,0.038,-114.152,-57.91,-6.236,3.784,-3.377,0.005,-0.405,-6.234,0.28,-3.89,-4.4,0.25,-0.25,0.04,-4.263,3.164,-4.045,0.003,0.882,-4.266,,
2026-01-27 20:37:03.095,pick_to_retreat_feeder,-729.139,-448.432,2362.071,-0.018,-0.052,-89.748,-148.411,-1.77,-64.013,0.039,-114.175,-58.647,-6.52,3.988,-3.625,0.005,-0.362,-6.519,0.19,-4.06,-4.44,0.22,-0.25,-0.05,-4.009,2.955,-3.743,0.003,0.789,-4.011,,
2026-01-27 20:37:03.198,pick_to_retreat_feeder,-729.373,-436.893,2362.472,-0.019,-0.052,-89.747,-149.081,-1.352,-64.41,0.039,-114.196,-59.318,-6.567,4.036,-3.711,0.005,-0.324,-6.566,0.33,-4.04,-4.4,0.24,-0.31,0.08,-2.941,2.244,-2.974,0.002,0.731,-2.943,,
2026-01-27 20:37:03.300,pick_to_retreat_feeder,-729.438,-426.446,2362.802,-0.019,-0.053,-89.747,-149.691,-0.971,-64.772,0.04,-114.215,-59.928,-6.451,3.978,-3.686,0.005,-0.291,-6.45,0.24,-4.18,-4.34,0.26,-0.27,-0.1,-2.04,1.641,-2.317,0.001,0.677,-2.042,,
2026-01-27 20:37:03.403,pick_to_retreat_feeder,-729.376,-416.986,2363.072,-0.02,-0.053,-89.747,-150.246,-0.625,-65.1,0.04,-114.232,-60.483,-6.225,3.849,-3.586,0.005,-0.261,-6.225,0.29,-4.17,-4.41,0.33,-0.27,0.0,-1.284,1.133,-1.758,0.001,0.626,-1.285,,
2026-01-27 20:37:03.505,pick_to_retreat_feeder,-729.226,-408.709,2363.286,-0.02,-0.053,-89.747,-150.734,-0.321,-65.389,0.04,-114.247,-60.97,-5.887,3.646,-3.411,0.005,-0.234,-5.887,0.07,-4.15,-4.34,0.21,-0.21,0.08,-0.482,0.599,-1.183,0.0,0.585,-0.482,,
2026-01-27 20:37:03.605,pick_to_retreat_feeder,-729.022,-401.451,2363.456,-0.02,-0.053,-89.747,-151.163,-0.054,-65.643,0.041,-114.261,-61.399,-5.488,3.404,-3.193,0.004,-0.209,-5.488,0.18,-4.23,-4.44,0.33,-0.24,-0.02,0.15,0.175,-0.72,-0.0,0.545,0.149,,
2026-01-27 20:37:03.708,pick_to_retreat_feeder,-728.766,-394.584,2363.603,-0.021,-0.053,-89.747,-151.57,0.2,-65.884,0.041,-114.274,-61.807,-5.135,3.188,-2.998,0.004,-0.189,-5.134,0.18,-4.41,-4.39,0.36,-0.19,0.05,0.353,0.022,-0.519,-0.0,0.497,0.352,,
2026-01-27 20:37:03.810,pick_to_retreat_feeder,-728.467,-388.119,2363.727,-0.021,-0.054,-89.746,-151.955,0.44,-66.112,0.041,-114.286,-62.192,-4.813,2.991,-2.818,0.004,-0.172,-4.813,0.18,-4.43,-4.43,0.38,-0.14,0.06,0.542,-0.12,-0.334,-0.001,0.454,0.542,,
2026-01-27 20:37:03.912,pick_to_retreat_feeder,-728.161,-382.457,2363.825,-0.021,-0.054,-89.746,-152.293,0.651,-66.312,0.042,-114.296,-62.53,-4.455,2.77,-2.614,0.003,-0.155,-4.455,0.21,-4.38,-4.39,0.29,-0.21,0.03,0.955,-0.4,-0.024,-0.001,0.423,0.955,,
2026-01-27 20:37:04.015,pick_to_retreat_feeder,-727.846,-377.304,2363.905,-0.021,-0.054,-89.746,-152.602,0.844,-66.495,0.042,-114.306,-62.838,-4.113,2.559,-2.417,0.003,-0.141,-4.112,0.24,-4.49,-4.33,0.32,-0.29,0.09,1.155,-0.544,0.154,-0.001,0.39,1.155,,
2026-01-27 20:37:04.117,pick_to_retreat_feeder,-727.528,-372.615,2363.971,-0.022,-0.054,-89.746,-152.883,1.019,-66.661,0.042,-114.315,-63.12,-3.788,2.358,-2.23,0.003,-0.128,-3.788,0.11,-4.36,-4.41,0.38,-0.25,-0.04,1.31,-0.658,0.298,-0.001,0.36,1.309,,
2026-01-27 20:37:04.218,pick_to_retreat_feeder,-727.213,-368.347,2364.024,-0.022,-0.054,-89.746,-153.14,1.18,-66.813,0.042,-114.323,-63.377,-3.484,2.169,-2.053,0.003,-0.116,-3.483,0.14,-4.41,-4.37,0.38,-0.14,0.1,1.425,-0.746,0.414,-0.001,0.332,1.424,,
2026-01-27 20:37:04.321,pick_to_retreat_feeder,-726.905,-364.46,2364.068,-0.022,-0.054,-89.746,-153.375,1.326,-66.952,0.042,-114.33,-63.611,-3.199,1.992,-1.887,0.002,-0.105,-3.199,0.09,-4.5,-4.33,0.39,-0.12,0.05,1.507,-0.811,0.505,-0.001,0.305,1.507,,
2026-01-27 20:37:04.423,pick_to_retreat_feeder,-726.607,-360.921,2364.104,-0.022,-0.054,-89.746,-153.589,1.459,-67.079,0.043,-114.337,-63.825,-2.934,1.828,-1.732,0.002,-0.096,-2.934,0.17,-4.57,-4.34,0.4,-0.15,0.03,1.561,-0.858,0.576,-0.001,0.281,1.561,,
2026-01-27 20:37:04.525,pick_to_retreat_feeder,-726.321,-357.698,2364.132,-0.022,-0.054,-89.746,-153.784,1.581,-67.195,0.043,-114.343,-64.02,-2.689,1.675,-1.588,0.002,-0.087,-2.689,0.14,-4.54,-4.35,0.41,-0.14,-0.04,1.592,-0.889,0.629,-0.001,0.259,1.592,,
2026-01-27 20:37:04.626,pick_to_retreat_feeder,-726.048,-354.761,2364.156,-0.023,-0.054,-89.746,-153.962,1.692,-67.3,0.043,-114.349,-64.199,-2.462,1.534,-1.455,0.002,-0.079,-2.462,0.1,-4.6,-4.3,0.39,-0.18,-0.04,1.604,-0.906,0.667,-0.001,0.238,1.603,,
2026-01-27 20:37:04.728,pick_to_retreat_feeder,-725.79,-352.086,2364.174,-0.023,-0.054,-89.746,-154.125,1.794,-67.396,0.043,-114.354,-64.361,-2.253,1.404,-1.332,0.002,-0.072,-2.253,0.05,-4.62,-4.39,0.44,-0.22,-0.0,1.599,-0.913,0.693,-0.001,0.22,1.599,,
2026-01-27 20:37:04.829,pick_to_retreat_feeder,-725.537,-349.563,2364.19,-0.023,-0.054,-89.746,-154.279,1.889,-67.487,0.043,-114.359,-64.515,-2.074,1.293,-1.226,0.002,-0.066,-2.074,-0.0,-4.55,-4.34,0.46,-0.11,-0.05,1.529,-0.877,0.677,-0.001,0.2,1.529,,
2026-01-27 20:37:04.931,pick_to_retreat_feeder,-725.3,-347.271,2364.202,-0.023,-0.054,-89.746,-154.419,1.977,-67.57,0.043,-114.363,-64.655,-1.905,1.188,-1.127,0.001,-0.061,-1.905,0.05,-4.63,-4.37,0.41,-0.1,0.1,1.515,-0.876,0.691,-0.001,0.185,1.515,,
2026-01-27 20:37:05.032,pick_to_retreat_feeder,-725.093,-345.331,2364.211,-0.023,-0.054,-89.746,-154.537,2.05,-67.64,0.043,-114.367,-64.773,-1.725,1.075,-1.02,0.001,-0.055,-1.725,0.04,-4.51,-4.32,0.45,-0.21,-0.07,1.577,-0.922,0.749,-0.001,0.173,1.577,,
2026-01-27 20:37:05.135,pick_to_retreat_feeder,-724.893,-343.492,2364.218,-0.023,-0.054,-89.746,-154.649,2.121,-67.707,0.043,-114.37,-64.885,-1.575,0.982,-0.932,0.001,-0.05,-1.574,0.14,-4.62,-4.38,0.34,-0.26,-0.03,1.479,-0.867,0.709,-0.001,0.157,1.479,,
2026-01-27 20:37:05.238,pick_to_retreat_feeder,-724.7,-341.757,2364.224,-0.023,-0.054,-89.746,-154.756,2.187,-67.77,0.043,-114.374,-64.992,-1.447,0.902,-0.856,0.001,-0.046,-1.446,0.19,-4.65,-4.33,0.48,-0.1,-0.04,1.393,-0.819,0.675,-0.001,0.144,1.393,,
2026-01-27 20:37:05.344,pick_to_retreat_feeder,-724.533,-340.288,2364.228,-0.023,-0.054,-89.746,-154.846,2.243,-67.823,0.044,-114.376,-65.082,-1.31,0.817,-0.775,0.001,-0.041,-1.31,-0.02,-4.64,-4.29,0.43,-0.14,0.06,1.416,-0.838,0.704,-0.001,0.134,1.416,,
2026-01-27 20:37:05.447,pick_to_retreat_feeder,-724.372,-338.894,2364.231,-0.023,-0.055,-89.746,-154.931,2.296,-67.874,0.044,-114.379,-65.167,-1.196,0.746,-0.708,0.001,-0.038,-1.196,0.08,-4.63,-4.27,0.28,-0.15,0.02,1.32,-0.783,0.66,-0.001,0.122,1.32,waypoint,
2026-01-27 20:37:05.547,pick_to_retreat_feeder,-680.034,-355.394,2373.167,-0.023,-0.053,-89.735,-152.411,4.176,-68.864,0.041,-115.268,-62.659,5.402,5.26,-3.006,-0.006,-2.252,5.373,-0.38,-5.07,-4.27,0.9,-0.19,-0.03,27.242,17.564,-8.8,-0.03,-8.757,27.124,,
2026-01-27 20:37:05.648,pick_to_retreat_feeder,-602.671,-377.287,2386.548,-0.021,-0.052,-89.736,-147.956,7.419,-70.555,0.037,-116.819,-58.203,15.191,12.051,-6.483,-0.015,-5.565,15.169,-0.75,-5.47,-4.2,1.15,-0.26,0.05,43.875,29.432,-14.935,-0.041,-14.492,43.886,,
2026-01-27 20:37:05.751,pick_to_retreat_feeder,-532.798,-388.718,2396.315,-0.02,-0.05,-89.737,-143.889,10.378,-72.099,0.033,-118.234,-54.137,21.559,16.437,-8.722,-0.021,-7.711,21.542,-0.79,-5.94,-4.2,1.39,-0.25,0.05,35.594,23.655,-11.963,-0.033,-11.688,35.603,,
2026-01-27 20:37:05.853,pick_to_retreat_feeder,-470.414,-392.273,2403.198,-0.02,-0.049,-89.738,-140.178,13.079,-73.508,0.029,-119.525,-50.426,25.446,19.079,-10.063,-0.025,-9.012,25.434,-0.9,-6.19,-4.3,1.41,-0.33,0.05,28.48,18.703,-9.418,-0.026,-9.282,28.488,,
2026-01-27 20:37:05.954,pick_to_retreat_feeder,-415.189,-390.036,2407.796,-0.019,-0.048,-89.739,-136.792,15.543,-74.793,0.026,-120.704,-47.04,27.551,20.471,-10.762,-0.027,-9.705,27.541,-1.09,-6.7,-4.25,1.42,-0.42,-0.08,22.389,14.473,-7.245,-0.021,-7.225,22.396,,
2026-01-27 20:37:06.056,pick_to_retreat_feeder,-366.613,-383.655,2410.599,-0.019,-0.048,-89.74,-133.701,17.793,-75.967,0.023,-121.779,-43.95,28.39,20.976,-11.004,-0.027,-9.967,28.382,-1.15,-6.95,-4.4,1.43,-0.5,0.02,17.191,10.871,-5.397,-0.016,-5.473,17.196,,
2026-01-27 20:37:06.158,pick_to_retreat_feeder,-324.081,-374.414,2412.004,-0.019,-0.047,-89.74,-130.881,19.845,-77.037,0.02,-122.761,-41.13,28.343,20.863,-10.93,-0.027,-9.929,28.337,-1.06,-7.3,-4.39,1.46,-0.48,-0.0,12.77,7.819,-3.832,-0.012,-3.986,12.775,,
2026-01-27 20:37:06.258,pick_to_retreat_feeder,-286.966,-363.301,2412.333,-0.018,-0.047,-89.741,-128.307,21.718,-78.014,0.018,-123.656,-38.556,27.693,20.33,-10.641,-0.027,-9.686,27.687,-1.13,-7.62,-4.39,1.27,-0.54,0.05,9.028,5.243,-2.513,-0.008,-2.729,9.032,,
2026-01-27 20:37:06.358,pick_to_retreat_feeder,-255.767,-351.529,2411.877,-0.018,-0.047,-89.742,-126.041,23.367,-78.875,0.016,-124.445,-36.29,26.434,19.37,-10.131,-0.025,-9.236,26.429,-1.06,-7.85,-4.52,1.25,-0.48,-0.05,5.044,2.476,-1.091,-0.005,-1.384,5.047,,
2026-01-27 20:37:06.459,pick_to_retreat_feeder,-227.522,-338.739,2410.802,-0.018,-0.047,-89.743,-123.89,24.933,-79.691,0.014,-125.193,-34.14,25.203,18.441,-9.64,-0.024,-8.798,25.198,-1.03,-8.08,-4.45,1.15,-0.54,-0.01,3.391,1.393,-0.546,-0.003,-0.846,3.394,,
2026-01-27 20:37:06.561,pick_to_retreat_feeder,-202.136,-325.301,2409.218,-0.018,-0.047,-89.743,-121.858,26.412,-80.463,0.012,-125.9,-32.108,23.983,17.528,-9.159,-0.023,-8.366,23.978,-1.13,-8.33,-4.46,1.05,-0.55,0.07,1.865,0.39,-0.041,-0.002,-0.349,1.868,,
2026-01-27 20:37:06.663,pick_to_retreat_feeder,-180.198,-312.013,2407.3,-0.018,-0.047,-89.744,-120.009,27.757,-81.164,0.01,-126.544,-30.26,22.608,16.509,-8.623,-0.022,-7.883,22.604,-0.93,-8.49,-4.47,0.93,-0.56,-0.02,-0.16,-0.987,0.661,0.0,0.326,-0.158,,
2026-01-27 20:37:06.766,pick_to_retreat_feeder,-161.233,-299.106,2405.165,-0.018,-0.047,-89.744,-118.328,28.98,-81.803,0.008,-127.129,-28.579,21.159,15.441,-8.063,-0.02,-7.375,21.155,-0.97,-8.66,-4.48,1.04,-0.52,-0.03,-1.816,-2.106,1.23,0.002,0.876,-1.815,,
2026-01-27 20:37:06.868,pick_to_retreat_feeder,-144.827,-286.733,2402.903,-0.018,-0.047,-89.745,-116.799,30.093,-82.383,0.007,-127.661,-27.05,19.692,14.362,-7.498,-0.019,-6.861,19.688,-0.94,-8.72,-4.47,0.86,-0.54,-0.07,-3.156,-3.002,1.684,0.003,1.317,-3.154,,
2026-01-27 20:37:06.971,pick_to_retreat_feeder,-130.149,-274.584,2400.499,-0.018,-0.047,-89.745,-115.361,31.14,-82.929,0.005,-128.161,-25.613,18.364,13.388,-6.989,-0.018,-6.397,18.36,-0.9,-8.82,-4.42,0.81,-0.52,0.06,-3.751,-3.365,1.862,0.004,1.503,-3.75,,
2026-01-27 20:37:07.074,pick_to_retreat_feeder,-117.891,-263.552,2398.172,-0.018,-0.047,-89.746,-114.101,32.057,-83.408,0.004,-128.6,-24.352,16.924,12.334,-6.438,-0.016,-5.894,16.921,-0.8,-8.96,-4.49,0.84,-0.54,0.07,-5.15,-4.319,2.349,0.005,1.97,-5.149,,
2026-01-27 20:37:07.177,pick_to_retreat_feeder,-106.893,-252.873,2395.799,-0.018,-0.047,-89.746,-112.915,32.92,-83.858,0.003,-129.012,-23.167,15.657,11.408,-5.954,-0.015,-5.452,15.653,-0.8,-8.97,-4.45,0.8,-0.45,-0.03,-5.386,-4.434,2.399,0.005,2.034,-5.385,,
2026-01-27 20:37:07.277,pick_to_retreat_feeder,-97.679,-243.286,2393.572,-0.017,-0.047,-89.746,-111.876,33.676,-84.252,0.002,-129.374,-22.128,14.341,10.447,-5.452,-0.014,-4.993,14.337,-0.71,-9.1,-4.31,0.66,-0.57,0.05,-6.31,-5.055,2.714,0.006,2.339,-6.308,,
2026-01-27 20:37:07.378,pick_to_retreat_feeder,-89.649,-234.394,2391.428,-0.017,-0.047,-89.746,-110.931,34.364,-84.611,0.001,-129.703,-21.183,13.119,9.555,-4.986,-0.013,-4.567,13.115,-0.62,-9.15,-4.45,0.77,-0.45,-0.04,-6.619,-5.234,2.8,0.006,2.433,-6.618,,
2026-01-27 20:37:07.478,pick_to_retreat_feeder,-82.637,-226.173,2389.381,-0.017,-0.048,-89.747,-110.071,34.99,-84.937,0.0,-130.002,-20.324,11.988,8.73,-4.555,-0.012,-4.173,11.985,-0.53,-9.15,-4.39,0.65,-0.45,-0.05,-6.812,-5.333,2.845,0.007,2.487,-6.811,,
2026-01-27 20:37:07.580,pick_to_retreat_feeder,-76.503,-218.593,2387.439,-0.017,-0.048,-89.747,-109.289,35.559,-85.234,-0.0,-130.274,-19.542,10.946,7.97,-4.159,-0.011,-3.81,10.943,-0.62,-9.21,-4.3,0.69,-0.3,-0.02,-6.909,-5.365,2.855,0.007,2.509,-6.908,,
2026-01-27 20:37:07.683,pick_to_retreat_feeder,-70.948,-211.379,2385.543,-0.017,-0.048,-89.747,-108.554,36.094,-85.513,-0.001,-130.53,-18.807,10.048,7.315,-3.817,-0.01,-3.497,10.045,-0.57,-9.25,-4.33,0.55,-0.4,-0.02,-6.684,-5.168,2.747,0.006,2.42,-6.683,,
2026-01-27 20:37:07.784,pick_to_retreat_feeder,-66.248,-204.991,2383.826,-0.017,-0.048,-89.747,-107.909,36.563,-85.758,-0.002,-130.754,-18.163,9.147,6.659,-3.474,-0.009,-3.184,9.144,-0.55,-9.21,-4.42,0.67,-0.4,-0.08,-6.923,-5.311,2.816,0.007,2.494,-6.921,,
2026-01-27 20:37:07.887,pick_to_retreat_feeder,-61.974,-198.932,2382.165,-0.017,-0.048,-89.747,-107.303,37.004,-85.988,-0.002,-130.965,-17.557,8.376,6.098,-3.181,-0.008,-2.915,8.373,-0.39,-9.34,-4.34,0.57,-0.37,-0.11,-6.614,-5.06,2.681,0.006,2.378,-6.613,,
2026-01-27 20:37:07.990,pick_to_retreat_feeder,-58.343,-193.582,2380.672,-0.017,-0.048,-89.747,-106.771,37.391,-86.19,-0.003,-131.15,-17.026,7.611,5.54,-2.89,-0.007,-2.649,7.608,-0.35,-9.35,-4.17,0.54,-0.34,-0.01,-6.701,-5.098,2.696,0.006,2.4,-6.699,,
2026-01-27 20:37:08.091,pick_to_retreat_feeder,-55.244,-188.854,2379.332,-0.017,-0.048,-89.747,-106.305,37.731,-86.367,-0.003,-131.312,-16.559,6.875,5.004,-2.611,-0.007,-2.393,6.872,-0.38,-9.33,-4.24,0.5,-0.43,-0.04,-6.676,-5.058,2.672,0.006,2.385,-6.675,,
2026-01-27 20:37:08.193,pick_to_retreat_feeder,-52.393,-184.363,2378.041,-0.017,-0.049,-89.747,-105.863,38.052,-86.535,-0.004,-131.466,-16.118,6.259,4.556,-2.377,-0.006,-2.178,6.257,-0.27,-9.4,-4.22,0.63,-0.37,-0.02,-6.266,-4.74,2.502,0.006,2.236,-6.265,,
2026-01-27 20:37:08.296,pick_to_retreat_feeder,-49.866,-180.26,2376.847,-0.017,-0.049,-89.748,-105.462,38.344,-86.687,-0.004,-131.605,-15.717,5.697,4.147,-2.163,-0.006,-1.983,5.695,-0.32,-9.3,-4.17,0.59,-0.4,-0.01,-6.039,-4.556,2.404,0.006,2.151,-6.038,,
2026-01-27 20:37:08.399,pick_to_retreat_feeder,-47.547,-176.385,2375.706,-0.017,-0.049,-89.748,-105.085,38.618,-86.83,-0.004,-131.737,-15.34,5.216,3.797,-1.981,-0.005,-1.815,5.214,-0.2,-9.39,-4.22,0.56,-0.37,-0.03,-5.674,-4.274,2.254,0.005,2.019,-5.673,,
2026-01-27 20:37:08.502,pick_to_retreat_feeder,-45.559,-172.977,2374.691,-0.017,-0.049,-89.748,-104.754,38.859,-86.956,-0.005,-131.852,-15.01,4.739,3.449,-1.799,-0.005,-1.649,4.737,-0.36,-9.36,-4.13,0.43,-0.42,0.07,-5.572,-4.186,2.205,0.005,1.979,-5.571,,
2026-01-27 20:37:08.604,pick_to_retreat_feeder,-43.788,-169.868,2373.757,-0.017,-0.049,-89.748,-104.453,39.078,-87.07,-0.005,-131.957,-14.709,4.306,3.134,-1.635,-0.004,-1.499,4.304,-0.23,-9.42,-4.23,0.44,-0.31,0.0,-5.314,-3.985,2.098,0.005,1.886,-5.313,,
2026-01-27 20:37:08.706,pick_to_retreat_feeder,-42.208,-167.032,2372.898,-0.017,-0.049,-89.748,-104.18,39.277,-87.174,-0.005,-132.052,-14.436,3.914,2.848,-1.486,-0.004,-1.362,3.912,-0.22,-9.47,-4.06,0.58,-0.32,-0.04,-5.055,-3.785,1.992,0.005,1.792,-5.054,,
2026-01-27 20:37:08.807,pick_to_retreat_feeder,-40.892,-164.624,2372.164,-0.017,-0.049,-89.748,-103.948,39.446,-87.262,-0.006,-132.132,-14.204,3.515,2.558,-1.335,-0.003,-1.223,3.513,-0.24,-9.44,-4.03,0.52,-0.24,0.02,-4.967,-3.71,1.951,0.005,1.758,-4.966,,
2026-01-27 20:37:08.909,pick_to_retreat_feeder,-39.661,-162.334,2371.46,-0.017,-0.049,-89.748,-103.728,39.606,-87.346,-0.006,-132.209,-13.984,3.187,2.319,-1.21,-0.003,-1.109,3.185,-0.13,-9.43,-4.07,0.49,-0.34,-0.0,-4.588,-3.424,1.801,0.004,1.623,-4.587,,
2026-01-27 20:37:09.010,pick_to_retreat_feeder,-38.594,-160.315,2370.836,-0.017,-0.049,-89.748,-103.534,39.747,-87.419,-0.006,-132.276,-13.79,2.874,2.092,-1.091,-0.003,-1.0,2.873,-0.19,-9.42,-4.02,0.58,-0.24,0.01,-4.392,-3.274,1.721,0.004,1.552,-4.391,,
2026-01-27 20:37:09.110,pick_to_retreat_feeder,-37.63,-158.463,2370.26,-0.017,-0.049,-89.748,-103.357,39.876,-87.487,-0.006,-132.338,-13.613,2.599,1.892,-0.987,-0.003,-0.904,2.598,-0.11,-9.45,-4.08,0.51,-0.25,-0.02,-4.117,-3.065,1.611,0.004,1.454,-4.115,,
2026-01-27 20:37:09.210,pick_to_retreat_feeder,-36.758,-156.765,2369.73,-0.017,-0.049,-89.748,-103.194,39.994,-87.548,-0.006,-132.395,-13.451,2.356,1.714,-0.894,-0.002,-0.82,2.354,-0.04,-9.43,-3.98,0.55,-0.26,0.0,-3.854,-2.868,1.506,0.004,1.361,-3.853,,
2026-01-27 20:37:09.314,pick_to_retreat_feeder,-35.91,-155.094,2369.206,-0.016,-0.049,-89.748,-103.034,40.11,-87.609,-0.006,-132.45,-13.291,2.166,1.576,-0.822,-0.002,-0.754,2.164,-0.04,-9.4,-4.02,0.51,-0.24,0.03,-3.497,-2.601,1.366,0.003,1.234,-3.496,,
2026-01-27 20:37:09.417,pick_to_retreat_feeder,-35.174,-153.624,2368.743,-0.016,-0.049,-89.748,-102.894,40.212,-87.662,-0.007,-132.499,-13.151,1.975,1.437,-0.75,-0.002,-0.687,1.974,-0.12,-9.41,-4.0,0.44,-0.37,-0.07,-3.341,-2.482,1.303,0.003,1.178,-3.34,,
2026-01-27 20:37:09.517,pick_to_retreat_feeder,-34.509,-152.282,2368.318,-0.016,-0.049,-89.748,-102.766,40.306,-87.711,-0.007,-132.544,-13.023,1.801,1.311,-0.684,-0.002,-0.627,1.8,-0.08,-9.4,-4.04,0.43,-0.23,-0.04,-3.13,-2.323,1.22,0.003,1.103,-3.129,,
2026-01-27 20:37:09.619,pick_to_retreat_feeder,-33.887,-151.013,2367.916,-0.016,-0.049,-89.748,-102.645,40.394,-87.757,-0.007,-132.586,-12.902,1.653,1.203,-0.628,-0.002,-0.575,1.652,-0.1,-9.41,-3.97,0.51,-0.23,-0.06,-2.887,-2.142,1.124,0.003,1.017,-2.886,,
2026-01-27 20:37:09.721,pick_to_retreat_feeder,-33.345,-149.896,2367.56,-0.016,-0.049,-89.748,-102.539,40.471,-87.797,-0.007,-132.623,-12.796,1.506,1.096,-0.572,-0.001,-0.524,1.505,-0.08,-9.44,-3.97,0.46,-0.37,-0.03,-2.746,-2.035,1.068,0.003,0.967,-2.745,,
2026-01-27 20:37:09.824,pick_to_retreat_feeder,-32.836,-148.841,2367.223,-0.016,-0.049,-89.748,-102.439,40.544,-87.835,-0.007,-132.658,-12.696,1.38,1.004,-0.524,-0.001,-0.48,1.379,-0.09,-9.46,-4.03,0.48,-0.35,0.01,-2.53,-1.874,0.983,0.002,0.891,-2.529,,
2026-01-27 20:37:09.927,pick_to_retreat_feeder,-32.378,-147.881,2366.916,-0.016,-0.049,-89.748,-102.347,40.61,-87.87,-0.007,-132.689,-12.604,1.263,0.919,-0.48,-0.001,-0.44,1.263,-0.05,-9.36,-4.02,0.52,-0.26,-0.02,-2.368,-1.753,0.919,0.002,0.833,-2.367,waypoint,
2026-01-27 20:37:10.027,retreat_feeder_to_approach_machine,-21.348,-148.798,2366.645,-0.016,-0.049,-85.889,-98.162,40.676,-87.9,-0.007,-132.725,-12.278,11.411,0.853,-0.435,-0.002,-0.418,1.763,-1.12,-8.52,-0.31,0.4,0.04,0.02,38.809,-1.589,0.872,-0.0,0.714,0.224,,
2026-01-27 20:37:10.128,retreat_feeder_to_approach_machine,21.22,-147.369,2366.399,-0.016,-0.048,-70.592,-81.803,40.757,-87.927,-0.008,-132.78,-11.216,49.454,0.842,-0.394,-0.003,-0.451,3.976,-2.52,-7.81,1.89,0.4,0.09,-0.03,156.66,-1.275,0.818,-0.002,0.446,7.55,,
2026-01-27 20:37:10.230,retreat_feeder_to_approach_machine,59.183,-135.145,2366.165,-0.015,-0.047,-56.14,-66.347,40.833,-87.952,-0.008,-132.832,-10.213,75.731,0.822,-0.359,-0.003,-0.468,5.49,-3.59,-7.61,3.27,0.45,0.2,-0.05,131.972,-1.192,0.751,-0.002,0.431,6.21,,
2026-01-27 20:37:10.332,retreat_feeder_to_approach_machine,89.485,-115.748,2365.951,-0.014,-0.047,-42.994,-52.289,40.902,-87.975,-0.009,-132.879,-9.301,91.943,0.79,-0.327,-0.003,-0.47,6.398,-4.35,-7.45,3.84,0.41,0.22,0.05,104.789,-1.142,0.699,-0.001,0.435,4.681,,
2026-01-27 20:37:10.434,retreat_feeder_to_approach_machine,112.018,-92.363,2365.755,-0.014,-0.046,-31.038,-39.504,40.966,-87.996,-0.009,-132.922,-8.472,100.922,0.751,-0.298,-0.004,-0.46,6.872,-4.73,-7.45,4.09,0.43,0.23,0.02,81.591,-1.091,0.65,-0.0,0.435,3.387,,
2026-01-27 20:37:10.537,retreat_feeder_to_approach_machine,127.437,-67.413,2365.576,-0.013,-0.045,-20.164,-27.875,41.023,-88.016,-0.01,-132.961,-7.717,104.763,0.707,-0.271,-0.004,-0.443,7.041,-4.89,-7.58,3.8,0.34,0.18,-0.04,61.863,-1.039,0.604,-0.0,0.43,2.298,,
2026-01-27 20:37:10.638,retreat_feeder_to_approach_machine,136.763,-42.601,2365.413,-0.013,-0.045,-10.274,-17.298,41.075,-88.033,-0.01,-132.997,-7.031,105.014,0.661,-0.247,-0.003,-0.421,6.996,-5.02,-7.6,3.45,0.39,0.22,-0.01,45.154,-0.987,0.561,0.0,0.423,1.385,,
2026-01-27 20:37:10.742,retreat_feeder_to_approach_machine,140.196,-26.428,2365.31,-0.013,-0.044,-4.078,-10.672,41.108,-88.044,-0.01,-133.019,-6.601,95.327,0.577,-0.213,-0.003,-0.371,6.322,-4.99,-7.73,2.94,0.38,0.12,0.01,1.138,-1.083,0.57,0.001,0.513,-1.316,,
2026-01-27 20:37:10.844,retreat_feeder_to_approach_machine,141.771,-8.713,2365.198,-0.012,-0.044,2.616,-3.513,41.143,-88.056,-0.01,-133.043,-6.136,89.392,0.521,-0.189,-0.003,-0.339,5.903,-4.92,-7.89,2.45,0.38,0.1,-0.0,6.344,-0.949,0.504,0.001,0.444,-0.84,,
2026-01-27 20:37:10.947,retreat_feeder_to_approach_machine,140.883,11.26,2365.072,-0.012,-0.044,10.178,4.574,41.183,-88.069,-0.011,-133.07,-5.612,87.261,0.491,-0.175,-0.003,-0.322,5.739,-4.74,-7.98,2.0,0.46,0.1,0.02,14.992,-0.808,0.438,0.001,0.368,-0.154,,
2026-01-27 20:37:11.047,retreat_feeder_to_approach_machine,137.944,27.879,2364.965,-0.012,-0.043,16.589,11.43,41.217,-88.08,-0.011,-133.093,-5.167,82.586,0.453,-0.159,-0.003,-0.299,5.416,-4.55,-8.2,1.36,0.45,-0.02,0.01,1.187,-0.788,0.415,0.001,0.373,-0.937,,
2026-01-27 20:37:11.148,retreat_feeder_to_approach_machine,133.727,42.122,2364.87,-0.012,-0.043,22.254,17.488,41.247,-88.09,-0.011,-133.114,-4.774,77.084,0.415,-0.144,-0.002,-0.275,5.045,-4.42,-8.34,0.89,0.45,0.01,0.0,-6.917,-0.749,0.386,0.001,0.362,-1.361,,
2026-01-27 20:37:11.248,retreat_feeder_to_approach_machine,128.079,55.726,2364.775,-0.011,-0.042,27.892,23.517,41.277,-88.1,-0.011,-133.134,-4.383,72.888,0.385,-0.133,-0.002,-0.257,4.761,-4.18,-8.54,0.37,0.45,-0.12,0.08,-6.503,-0.675,0.348,0.001,0.327,-1.243,,
2026-01-27 20:37:11.349,retreat_feeder_to_approach_machine,121.446,67.979,2364.684,-0.011,-0.042,33.245,29.242,41.305,-88.11,-0.011,-133.153,-4.011,68.977,0.36,-0.123,-0.002,-0.241,4.5,-3.93,-8.65,-0.14,0.49,0.01,-0.05,-8.908,-0.623,0.318,0.001,0.305,-1.317,,
2026-01-27 20:37:11.453,retreat_feeder_to_approach_machine,114.109,78.855,2364.599,-0.011,-0.042,38.303,34.65,41.332,-88.119,-0.012,-133.172,-3.66,65.254,0.337,-0.115,-0.002,-0.226,4.252,-3.67,-8.72,-0.64,0.48,-0.13,0.02,-11.175,-0.576,0.292,0.001,0.285,-1.39,,
2026-01-27 20:37:11.553,retreat_feeder_to_approach_machine,106.865,87.772,2364.523,-0.011,-0.042,42.746,39.402,41.356,-88.126,-0.012,-133.188,-3.352,60.819,0.311,-0.106,-0.002,-0.21,3.96,-3.37,-8.74,-0.91,0.45,-0.17,0.03,-16.629,-0.551,0.273,0.001,0.278,-1.678,,
2026-01-27 20:37:11.657,retreat_feeder_to_approach_machine,99.385,95.596,2364.452,-0.011,-0.041,46.944,43.891,41.378,-88.134,-0.012,-133.203,-3.061,56.837,0.289,-0.098,-0.002,-0.195,3.698,-3.26,-8.97,-1.33,0.6,-0.16,0.02,-17.588,-0.509,0.25,0.001,0.259,-1.68,,
2026-01-27 20:37:11.759,retreat_feeder_to_approach_machine,92.343,101.949,2364.389,-0.011,-0.041,50.632,47.835,41.397,-88.14,-0.012,-133.216,-2.805,52.488,0.265,-0.09,-0.002,-0.179,3.413,-2.91,-9.02,-1.64,0.49,-0.13,-0.1,-21.284,-0.485,0.234,0.001,0.252,-1.866,,
2026-01-27 20:37:11.861,retreat_feeder_to_approach_machine,85.565,107.299,2364.332,-0.011,-0.041,53.997,51.434,41.415,-88.146,-0.012,-133.228,-2.572,48.364,0.243,-0.082,-0.002,-0.165,3.143,-2.77,-9.0,-1.98,0.51,-0.21,0.01,-22.602,-0.453,0.217,0.001,0.238,-1.903,,
2026-01-27 20:37:11.963,retreat_feeder_to_approach_machine,79.112,111.792,2364.28,-0.011,-0.041,57.069,54.719,41.431,-88.152,-0.012,-133.239,-2.358,44.484,0.223,-0.075,-0.001,-0.151,2.89,-2.52,-9.15,-2.25,0.43,-0.2,0.02,-23.487,-0.424,0.2,0.001,0.225,-1.917,,
2026-01-27 20:37:12.065,retreat_feeder_to_approach_machine,73.018,115.554,2364.232,-0.01,-0.04,59.872,57.716,41.446,-88.157,-0.012,-133.249,-2.164,40.857,0.204,-0.069,-0.001,-0.139,2.654,-2.41,-9.11,-2.54,0.46,-0.1,0.1,-24.009,-0.395,0.185,0.001,0.212,-1.911,,
2026-01-27 20:37:12.166,retreat_feeder_to_approach_machine,67.302,118.7,2364.188,-0.01,-0.04,62.43,60.452,41.46,-88.161,-0.012,-133.258,-1.987,37.482,0.187,-0.063,-0.001,-0.127,2.434,-2.15,-9.26,-2.71,0.49,-0.19,-0.01,-24.228,-0.369,0.171,0.001,0.2,-1.89,,
2026-01-27 20:37:12.270,retreat_feeder_to_approach_machine,61.778,121.413,2364.147,-0.01,-0.04,64.847,63.036,41.472,-88.165,-0.012,-133.267,-1.819,34.573,0.172,-0.058,-0.001,-0.117,2.245,-2.02,-9.29,-2.83,0.45,-0.18,0.0,-23.315,-0.339,0.156,0.001,0.185,-1.799,,
2026-01-27 20:37:12.370,retreat_feeder_to_approach_machine,58.262,122.983,2364.121,-0.01,-0.04,66.361,64.656,41.48,-88.168,-0.012,-133.272,-1.714,29.978,0.149,-0.05,-0.001,-0.101,1.946,-1.82,-9.25,-2.99,0.51,-0.23,-0.01,-30.636,-0.353,0.156,0.001,0.199,-2.245,,
2026-01-27 20:37:12.474,retreat_feeder_to_approach_machine,54.251,124.63,2364.091,-0.01,-0.04,68.068,66.481,41.489,-88.171,-0.013,-133.279,-1.595,27.048,0.134,-0.045,-0.001,-0.091,1.756,-1.62,-9.36,-3.09,0.47,-0.21,0.05,-25.508,-0.308,0.137,0.001,0.172,-1.887,,
2026-01-27 20:37:12.577,retreat_feeder_to_approach_machine,49.873,126.261,2364.06,-0.01,-0.04,69.91,68.451,41.499,-88.174,-0.013,-133.285,-1.468,25.21,0.125,-0.042,-0.001,-0.085,1.636,-1.56,-9.44,-3.2,0.51,-0.2,-0.03,-21.52,-0.27,0.121,0.001,0.15,-1.605,,
2026-01-27 20:37:12.678,retreat_feeder_to_approach_machine,45.835,127.616,2364.031,-0.01,-0.04,71.591,70.248,41.508,-88.177,-0.013,-133.291,-1.351,23.401,0.116,-0.039,-0.001,-0.079,1.518,-1.51,-9.32,-3.37,0.52,-0.25,0.04,-21.089,-0.251,0.112,0.001,0.141,-1.556,,
2026-01-27 20:37:12.781,retreat_feeder_to_approach_machine,42.516,128.625,2364.007,-0.01,-0.04,72.961,71.714,41.515,-88.18,-0.013,-133.296,-1.256,21.214,0.105,-0.035,-0.001,-0.072,1.376,-1.32,-9.38,-3.45,0.51,-0.27,-0.06,-22.301,-0.243,0.106,0.001,0.138,-1.616,,
2026-01-27 20:37:12.883,retreat_feeder_to_approach_machine,39.315,129.511,2363.985,-0.01,-0.04,74.275,73.119,41.522,-88.182,-0.013,-133.301,-1.165,19.423,0.096,-0.032,-0.001,-0.065,1.26,-1.17,-9.46,-3.54,0.58,-0.25,-0.07,-20.675,-0.221,0.097,0.001,0.126,-1.494,,
2026-01-27 20:37:12.984,retreat_feeder_to_approach_machine,36.243,130.283,2363.963,-0.01,-0.039,75.528,74.459,41.529,-88.184,-0.013,-133.305,-1.078,17.917,0.089,-0.03,-0.001,-0.06,1.162,-1.09,-9.48,-3.58,0.5,-0.28,0.08,-19.254,-0.202,0.088,0.001,0.116,-1.386,,
2026-01-27 20:37:13.086,retreat_feeder_to_approach_machine,33.314,130.948,2363.943,-0.01,-0.039,76.718,75.731,41.535,-88.186,-0.013,-133.31,-0.996,16.619,0.082,-0.027,-0.001,-0.056,1.078,-1.03,-9.47,-3.64,0.51,-0.32,-0.03,-18.008,-0.185,0.08,0.001,0.106,-1.292,,
2026-01-27 20:37:13.187,retreat_feeder_to_approach_machine,30.631,131.497,2363.924,-0.01,-0.039,77.804,76.892,41.541,-88.188,-0.013,-133.314,-0.92,15.367,0.076,-0.025,-0.0,-0.052,0.997,-0.97,-9.41,-3.62,0.43,-0.21,-0.09,-17.319,-0.172,0.074,0.001,0.1,-1.235,,
2026-01-27 20:37:13.289,retreat_feeder_to_approach_machine,28.175,131.951,2363.907,-0.01,-0.039,78.794,77.952,41.546,-88.19,-0.013,-133.317,-0.852,14.174,0.07,-0.023,-0.0,-0.048,0.919,-0.97,-9.52,-3.68,0.49,-0.24,0.0,-16.602,-0.16,0.068,0.001,0.093,-1.177,,
2026-01-27 20:37:13.391,retreat_feeder_to_approach_machine,25.848,132.337,2363.891,-0.01,-0.039,79.731,78.953,41.551,-88.191,-0.013,-133.321,-0.787,13.134,0.065,-0.022,-0.0,-0.044,0.852,-0.86,-9.49,-3.67,0.5,-0.21,-0.06,-15.526,-0.147,0.062,0.001,0.086,-1.097,,
2026-01-27 20:37:13.493,retreat_feeder_to_approach_machine,23.728,132.653,2363.876,-0.01,-0.039,80.582,79.864,41.556,-88.193,-0.013,-133.324,-0.728,12.127,0.06,-0.02,-0.0,-0.041,0.787,-0.66,-9.49,-3.74,0.49,-0.22,0.01,-14.88,-0.137,0.058,0.001,0.08,-1.046,,
2026-01-27 20:37:13.595,retreat_feeder_to_approach_machine,21.796,132.911,2363.863,-0.01,-0.039,81.357,80.692,41.56,-88.194,-0.013,-133.326,-0.674,11.165,0.055,-0.018,-0.0,-0.038,0.724,-0.63,-9.54,-3.79,0.41,-0.23,-0.0,-14.216,-0.127,0.053,0.001,0.075,-0.995,,
2026-01-27 20:37:13.695,retreat_feeder_to_approach_machine,20.037,133.121,2363.851,-0.01,-0.039,82.061,81.445,41.563,-88.196,-0.013,-133.329,-0.625,10.257,0.051,-0.017,-0.0,-0.035,0.665,-0.53,-9.48,-3.81,0.44,-0.25,0.02,-13.543,-0.118,0.049,0.0,0.07,-0.944,,
2026-01-27 20:37:13.797,retreat_feeder_to_approach_machine,18.491,133.286,2363.84,-0.01,-0.039,82.68,82.107,41.567,-88.197,-0.013,-133.331,-0.582,9.347,0.046,-0.015,-0.0,-0.031,0.606,-0.57,-9.42,-3.74,0.48,-0.29,0.05,-13.104,-0.111,0.046,0.0,0.066,-0.909,,
2026-01-27 20:37:13.900,retreat_feeder_to_approach_machine,17.028,133.426,2363.83,-0.01,-0.039,83.265,82.732,41.57,-88.198,-0.013,-133.333,-0.542,8.573,0.042,-0.014,-0.0,-0.029,0.556,-0.51,-9.55,-3.84,0.54,-0.18,0.1,-12.159,-0.102,0.042,0.0,0.061,-0.842,,
2026-01-27 20:37:14.000,retreat_feeder_to_approach_machine,15.743,133.536,2363.821,-0.01,-0.039,83.778,83.281,41.572,-88.199,-0.013,-133.335,-0.506,7.803,0.039,-0.013,-0.0,-0.026,0.506,-0.52,-9.58,-3.81,0.49,-0.25,-0.01,-11.703,-0.095,0.039,0.0,0.057,-0.807,,
2026-01-27 20:37:14.103,retreat_feeder_to_approach_machine,14.528,133.628,2363.813,-0.01,-0.039,84.263,83.8,41.575,-88.199,-0.013,-133.337,-0.472,7.15,0.035,-0.012,-0.0,-0.024,0.464,-0.36,-9.44,-3.88,0.55,-0.18,-0.1,-10.835,-0.087,0.036,0.0,0.052,-0.746,,
2026-01-27 20:37:14.207,retreat_feeder_to_approach_machine,13.423,133.702,2363.805,-0.01,-0.039,84.705,84.272,41.577,-88.2,-0.013,-133.338,-0.442,6.542,0.032,-0.011,-0.0,-0.022,0.424,-0.44,-9.53,-3.89,0.48,-0.23,0.0,-10.221,-0.081,0.033,0.0,0.049,-0.702,,
2026-01-27 20:37:14.307,retreat_feeder_to_approach_machine,12.451,133.76,2363.798,-0.01,-0.039,85.093,84.687,41.579,-88.201,-0.013,-133.34,-0.415,5.943,0.029,-0.01,-0.0,-0.02,0.385,-0.29,-9.42,-3.79,0.43,-0.31,-0.08,-9.773,-0.076,0.03,0.0,0.046,-0.669,,
2026-01-27 20:37:14.411,retreat_feeder_to_approach_machine,11.596,133.804,2363.792,-0.01,-0.039,85.434,85.052,41.581,-88.202,-0.013,-133.341,-0.391,5.37,0.027,-0.009,-0.0,-0.018,0.348,-0.25,-9.59,-3.89,0.5,-0.32,0.02,-9.292,-0.07,0.028,0.0,0.043,-0.634,,
2026-01-27 20:37:14.514,retreat_feeder_to_approach_machine,10.784,133.842,2363.787,-0.01,-0.039,85.758,85.398,41.583,-88.202,-0.013,-133.342,-0.369,4.894,0.024,-0.008,-0.0,-0.016,0.317,-0.39,-9.44,-3.84,0.47,-0.24,-0.05,-8.548,-0.064,0.026,0.0,0.039,-0.583,,
2026-01-27 20:37:14.615,retreat_feeder_to_approach_machine,10.044,133.872,2363.782,-0.01,-0.039,86.054,85.715,41.584,-88.203,-0.013,-133.343,-0.348,4.461,0.022,-0.007,-0.0,-0.015,0.289,-0.21,-9.46,-3.86,0.46,-0.16,0.05,-7.996,-0.059,0.024,0.0,0.036,-0.544,,
2026-01-27 20:37:14.717,retreat_feeder_to_approach_machine,9.343,133.897,2363.777,-0.01,-0.039,86.333,86.013,41.586,-88.203,-0.013,-133.344,-0.329,4.093,0.02,-0.007,-0.0,-0.014,0.265,-0.27,-9.49,-3.87,0.65,-0.22,-0.06,-7.371,-0.054,0.022,0.0,0.033,-0.501,,
2026-01-27 20:37:14.820,retreat_feeder_to_approach_machine,8.707,133.916,2363.772,-0.01,-0.039,86.587,86.285,41.587,-88.204,-0.013,-133.345,-0.311,3.749,0.019,-0.006,-0.0,-0.013,0.243,-0.31,-9.48,-3.92,0.42,-0.29,-0.02,-6.904,-0.05,0.02,0.0,0.031,-0.468,,
2026-01-27 20:37:14.924,retreat_feeder_to_approach_machine,8.128,133.931,2363.768,-0.01,-0.039,86.818,86.532,41.588,-88.204,-0.013,-133.346,-0.295,3.43,0.017,-0.006,-0.0,-0.012,0.222,-0.17,-9.51,-3.88,0.57,-0.22,-0.01,-6.459,-0.046,0.018,0.0,0.029,-0.438,,
2026-01-27 20:37:15.027,retreat_feeder_to_approach_machine,7.601,133.942,2363.765,-0.01,-0.039,87.028,86.757,41.59,-88.204,-0.013,-133.347,-0.281,3.134,0.015,-0.005,-0.0,-0.011,0.203,-0.23,-9.52,-3.92,0.42,-0.26,0.02,-6.037,-0.043,0.017,0.0,0.027,-0.408,,
2026-01-27 20:37:15.127,retreat_feeder_to_approach_machine,7.171,133.949,2363.762,-0.01,-0.039,87.2,86.94,41.59,-88.205,-0.013,-133.347,-0.269,2.809,0.014,-0.005,-0.0,-0.009,0.182,-0.11,-9.46,-3.9,0.55,-0.16,-0.03,-5.847,-0.041,0.016,0.0,0.025,-0.394,,
2026-01-27 20:37:15.228,retreat_feeder_to_approach_machine,6.746,133.956,2363.759,-0.01,-0.039,87.37,87.122,41.591,-88.205,-0.013,-133.348,-0.257,2.561,0.013,-0.004,-0.0,-0.009,0.166,-0.11,-9.45,-3.9,0.51,-0.26,-0.02,-5.282,-0.037,0.014,0.0,0.023,-0.356,,
2026-01-27 20:37:15.330,retreat_feeder_to_approach_machine,6.359,133.96,2363.756,-0.01,-0.039,87.525,87.287,41.592,-88.205,-0.013,-133.349,-0.246,2.334,0.012,-0.004,-0.0,-0.008,0.151,-0.16,-9.51,-3.88,0.54,-0.25,0.04,-4.913,-0.034,0.013,0.0,0.021,-0.331,,
2026-01-27 20:37:15.430,retreat_feeder_to_approach_machine,6.017,133.963,2363.754,-0.01,-0.039,87.661,87.433,41.593,-88.205,-0.013,-133.349,-0.237,2.115,0.01,-0.003,-0.0,-0.007,0.137,-0.14,-9.45,-3.85,0.48,-0.21,0.08,-4.62,-0.031,0.012,0.0,0.02,-0.311,,
2026-01-27 20:37:15.531,retreat_feeder_to_approach_machine,5.693,133.965,2363.752,-0.01,-0.039,87.79,87.572,41.594,-88.206,-0.013,-133.35,-0.228,1.932,0.01,-0.003,-0.0,-0.007,0.125,-0.13,-9.42,-3.91,0.59,-0.17,-0.1,-4.231,-0.029,0.011,0.0,0.018,-0.284,,
2026-01-27 20:37:15.633,retreat_feeder_to_approach_machine,5.397,133.967,2363.749,-0.01,-0.039,87.908,87.698,41.594,-88.206,-0.013,-133.35,-0.22,1.765,0.009,-0.003,-0.0,-0.006,0.114,-0.09,-9.53,-3.87,0.42,-0.27,0.06,-3.929,-0.026,0.01,0.0,0.017,-0.264,,
2026-01-27 20:37:15.737,retreat_feeder_to_approach_machine,5.118,133.967,2363.748,-0.01,-0.039,88.02,87.817,41.595,-88.206,-0.013,-133.35,-0.212,1.622,0.008,-0.003,-0.0,-0.005,0.105,-0.07,-9.42,-3.91,0.47,-0.22,0.01,-3.606,-0.024,0.009,0.0,0.015,-0.242,,
2026-01-27 20:37:15.837,retreat_feeder_to_approach_machine,4.873,133.967,2363.746,-0.01,-0.039,88.118,87.922,41.595,-88.206,-0.013,-133.351,-0.205,1.479,0.007,-0.002,-0.0,-0.005,0.096,-0.03,-9.5,-3.87,0.57,-0.29,-0.03,-3.39,-0.022,0.009,0.0,0.014,-0.227,,
2026-01-27 20:37:15.940,retreat_feeder_to_approach_machine,4.649,133.967,2363.744,-0.01,-0.039,88.207,88.018,41.596,-88.206,-0.013,-133.351,-0.199,1.348,0.007,-0.002,-0.0,-0.005,0.087,-0.02,-9.44,-3.87,0.41,-0.18,-0.05,-3.143,-0.021,0.008,0.0,0.013,-0.21,,
2026-01-27 20:37:16.043,retreat_feeder_to_approach_machine,4.444,133.966,2363.743,-0.01,-0.039,88.289,88.105,41.596,-88.207,-0.013,-133.351,-0.193,1.229,0.006,-0.002,-0.0,-0.004,0.08,-0.01,-9.47,-3.87,0.44,-0.28,-0.05,-2.912,-0.019,0.007,0.0,0.012,-0.195,waypoint,
2026-01-27 20:37:16.145,retreat_feeder_to_approach_machine,4.958,158.054,2359.09,-0.01,-0.039,88.392,88.208,40.766,-88.771,-0.013,-131.957,-0.193,1.179,-2.07,-1.412,0.0,3.482,0.061,-0.09,-8.53,-3.1,0.45,0.03,0.06,-2.468,-8.319,-5.633,0.001,13.955,-0.228,,
2026-01-27 20:37:16.248,retreat_feeder_to_approach_machine,6.921,241.937,2338.58,-0.01,-0.04,88.562,88.364,37.821,-90.772,-0.013,-127.008,-0.205,1.276,-8.917,-6.063,0.001,14.984,0.015,-0.11,-7.76,-2.42,0.41,0.33,-0.04,-1.68,-28.646,-19.446,0.002,48.106,-0.332,,
2026-01-27 20:37:16.349,retreat_feeder_to_approach_machine,8.243,315.75,2314.68,-0.011,-0.042,88.716,88.507,35.142,-92.593,-0.013,-122.507,-0.216,1.313,-13.385,-9.099,0.001,22.49,-0.017,-0.07,-7.04,-2.04,0.38,0.55,0.07,-1.654,-23.117,-15.69,0.002,38.818,-0.288,,
2026-01-27 20:37:16.450,retreat_feeder_to_approach_machine,9.025,376.186,2290.694,-0.011,-0.043,88.848,88.628,32.871,-94.136,-0.013,-118.693,-0.226,1.287,-15.715,-10.681,0.001,26.403,-0.037,-0.13,-6.58,-1.61,0.41,0.6,0.06,-1.706,-16.716,-11.342,0.001,28.066,-0.242,,
2026-01-27 20:37:16.553,retreat_feeder_to_approach_machine,9.499,433.494,2263.941,-0.011,-0.044,88.976,88.747,30.64,-95.652,-0.012,-114.945,-0.235,1.262,-17.364,-11.801,0.001,29.174,-0.051,-0.16,-6.21,-1.53,0.46,0.65,0.04,-1.556,-14.655,-9.944,0.001,24.606,-0.216,,
2026-01-27 20:37:16.653,retreat_feeder_to_approach_machine,9.682,481.989,2237.963,-0.012,-0.045,89.09,88.851,28.68,-96.984,-0.012,-111.651,-0.243,1.207,-17.924,-12.181,0.001,30.113,-0.059,-0.06,-5.97,-1.56,0.48,0.61,-0.02,-1.545,-10.478,-7.107,0.001,17.59,-0.183,,
2026-01-27 20:37:16.753,retreat_feeder_to_approach_machine,9.666,524.636,2212.336,-0.012,-0.046,89.193,88.946,26.891,-98.2,-0.012,-108.646,-0.251,1.144,-17.915,-12.175,0.001,30.098,-0.063,-0.13,-5.78,-1.68,0.51,0.74,0.02,-1.481,-7.717,-5.232,0.001,12.953,-0.158,,
2026-01-27 20:37:16.854,retreat_feeder_to_approach_machine,9.503,562.145,2187.429,-0.012,-0.046,89.287,89.033,25.258,-99.309,-0.012,-105.903,-0.258,1.075,-17.518,-11.904,0.001,29.431,-0.064,-0.1,-5.66,-1.74,0.51,0.67,-0.0,-1.416,-5.382,-3.646,0.0,9.031,-0.135,,
2026-01-27 20:37:16.956,retreat_feeder_to_approach_machine,9.237,595.15,2163.495,-0.012,-0.047,89.373,89.112,23.768,-100.321,-0.012,-103.4,-0.264,1.004,-16.863,-11.459,0.001,28.33,-0.064,-0.08,-5.56,-1.79,0.46,0.7,0.07,-1.351,-3.417,-2.312,0.0,5.731,-0.116,,
2026-01-27 20:37:17.058,retreat_feeder_to_approach_machine,8.899,624.214,2140.7,-0.012,-0.048,89.452,89.185,22.409,-101.245,-0.012,-101.116,-0.27,0.934,-16.046,-10.904,0.001,26.958,-0.062,-0.06,-5.46,-1.95,0.57,0.62,0.03,-1.285,-1.773,-1.196,0.0,2.97,-0.099,,
2026-01-27 20:37:17.160,retreat_feeder_to_approach_machine,8.529,648.94,2119.916,-0.012,-0.048,89.521,89.248,21.212,-102.059,-0.012,-99.105,-0.275,0.86,-15.027,-10.212,0.001,25.246,-0.059,-0.06,-5.44,-2.2,0.5,0.48,-0.11,-1.243,0.032,0.03,0.0,-0.061,-0.082,,
2026-01-27 20:37:17.263,retreat_feeder_to_approach_machine,8.103,672.44,2098.865,-0.012,-0.049,89.589,89.311,20.036,-102.858,-0.012,-97.129,-0.28,0.801,-14.211,-9.657,0.001,23.875,-0.057,-0.06,-5.47,-2.32,0.68,0.43,0.08,-1.13,0.234,0.166,0.0,-0.4,-0.073,,
2026-01-27 20:37:17.364,retreat_feeder_to_approach_machine,7.662,693.109,2079.206,-0.012,-0.049,89.651,89.368,18.966,-103.585,-0.012,-95.332,-0.284,0.743,-13.333,-9.06,0.001,22.4,-0.054,-0.04,-5.44,-2.45,0.54,0.41,0.03,-1.073,1.275,0.873,-0.0,-2.148,-0.061,,
2026-01-27 20:37:17.466,retreat_feeder_to_approach_machine,7.22,711.315,2060.922,-0.012,-0.05,89.707,89.42,17.993,-104.246,-0.011,-93.697,-0.288,0.687,-12.433,-8.448,0.001,20.887,-0.05,-0.11,-5.38,-2.61,0.52,0.3,0.03,-1.018,2.116,1.443,-0.0,-3.56,-0.051,,
2026-01-27 20:37:17.566,retreat_feeder_to_approach_machine,6.8,726.836,2044.556,-0.012,-0.05,89.756,89.465,17.138,-104.827,-0.011,-92.261,-0.292,0.629,-11.462,-7.789,0.001,19.256,-0.047,-0.1,-5.43,-2.78,0.63,0.32,-0.05,-0.979,3.086,2.102,-0.0,-5.19,-0.041,,
2026-01-27 20:37:17.669,retreat_feeder_to_approach_machine,6.392,740.609,2029.382,-0.012,-0.051,89.801,89.507,16.358,-105.357,-0.011,-90.95,-0.295,0.576,-10.547,-7.167,0.001,17.718,-0.043,-0.02,-5.44,-2.86,0.47,0.16,-0.02,-0.921,3.525,2.4,-0.0,-5.926,-0.034,,
2026-01-27 20:37:17.771,retreat_feeder_to_approach_machine,5.971,753.701,2014.349,-0.012,-0.051,89.845,89.547,15.595,-105.875,-0.011,-89.669,-0.298,0.533,-9.815,-6.67,0.001,16.49,-0.04,0.01,-5.35,-2.97,0.58,0.23,-0.0,-0.838,3.352,2.282,-0.0,-5.636,-0.03,,
2026-01-27 20:37:17.873,retreat_feeder_to_approach_machine,5.598,764.502,2001.463,-0.012,-0.051,89.883,89.581,14.95,-106.314,-0.011,-88.585,-0.301,0.486,-8.975,-6.099,0.001,15.078,-0.037,-0.0,-5.26,-3.06,0.61,0.17,0.06,-0.816,4.185,2.848,-0.0,-7.035,-0.022,,
2026-01-27 20:37:17.976,retreat_feeder_to_approach_machine,5.232,774.467,1989.162,-0.011,-0.052,89.918,89.614,14.34,-106.728,-0.011,-87.561,-0.303,0.445,-8.256,-5.61,0.001,13.87,-0.034,-0.01,-5.42,-3.14,0.66,0.11,0.03,-0.754,4.123,2.805,-0.0,-6.929,-0.018,,
2026-01-27 20:37:18.079,retreat_feeder_to_approach_machine,4.9,783.026,1978.257,-0.011,-0.052,89.949,89.642,13.805,-107.092,-0.011,-86.661,-0.306,0.405,-7.531,-5.117,0.001,12.652,-0.031,-0.05,-5.44,-3.3,0.66,0.08,0.01,-0.718,4.451,3.028,-0.0,-7.481,-0.013,,
2026-01-27 20:37:18.182,retreat_feeder_to_approach_machine,4.578,790.945,1967.873,-0.011,-0.052,89.978,89.669,13.298,-107.436,-0.011,-85.811,-0.308,0.371,-6.913,-4.698,0.001,11.615,-0.029,-0.02,-5.36,-3.38,0.63,-0.01,0.03,-0.662,4.302,2.926,-0.0,-7.23,-0.011,,
2026-01-27 20:37:18.284,retreat_feeder_to_approach_machine,4.277,798.005,1958.361,-0.011,-0.052,90.005,89.694,12.838,-107.749,-0.011,-85.037,-0.31,0.34,-6.336,-4.305,0.0,10.644,-0.026,-0.01,-5.44,-3.39,0.62,0.01,-0.03,-0.62,4.329,2.944,-0.0,-7.276,-0.008,,
2026-01-27 20:37:18.388,retreat_feeder_to_approach_machine,3.998,804.308,1949.657,-0.011,-0.053,90.029,89.716,12.419,-108.033,-0.011,-84.334,-0.311,0.31,-5.799,-3.94,0.0,9.742,-0.024,-0.05,-5.35,-3.55,0.66,0.04,0.1,-0.58,4.313,2.933,-0.0,-7.248,-0.005,,
2026-01-27 20:37:18.489,retreat_feeder_to_approach_machine,3.748,809.751,1941.97,-0.011,-0.053,90.05,89.736,12.052,-108.283,-0.011,-83.716,-0.313,0.282,-5.268,-3.58,0.0,8.851,-0.022,-0.05,-5.37,-3.56,0.55,-0.1,0.06,-0.549,4.39,2.985,-0.0,-7.378,-0.003,,
2026-01-27 20:37:18.589,retreat_feeder_to_approach_machine,3.509,814.814,1934.673,-0.011,-0.053,90.07,89.754,11.704,-108.519,-0.011,-83.132,-0.314,0.258,-4.82,-3.275,0.0,8.098,-0.02,-0.04,-5.39,-3.62,0.65,-0.0,0.03,-0.505,4.154,2.825,-0.0,-6.981,-0.001,,
2026-01-27 20:37:18.690,retreat_feeder_to_approach_machine,3.295,819.197,1928.235,-0.011,-0.053,90.088,89.77,11.399,-108.727,-0.011,-82.619,-0.316,0.234,-4.378,-2.975,0.0,7.356,-0.018,0.0,-5.31,-3.69,0.59,-0.16,-0.01,-0.477,4.161,2.829,-0.0,-6.992,0.0,,
2026-01-27 20:37:18.793,retreat_feeder_to_approach_machine,3.091,823.282,1922.131,-0.011,-0.053,90.104,89.786,11.11,-108.923,-0.011,-82.135,-0.317,0.214,-4.005,-2.721,0.0,6.728,-0.017,0.01,-5.41,-3.69,0.62,-0.03,0.07,-0.438,3.913,2.661,-0.0,-6.576,0.001,,
2026-01-27 20:37:18.895,retreat_feeder_to_approach_machine,2.929,826.45,1917.325,-0.011,-0.053,90.117,89.798,10.884,-109.077,-0.011,-81.754,-0.318,0.19,-3.57,-2.426,0.0,5.997,-0.015,-0.08,-5.28,-3.71,0.65,-0.14,-0.07,-0.427,4.143,2.816,-0.0,-6.961,0.004,,
2026-01-27 20:37:18.997,retreat_feeder_to_approach_machine,2.76,829.684,1912.352,-0.011,-0.053,90.131,89.81,10.65,-109.235,-0.011,-81.362,-0.319,0.174,-3.261,-2.216,0.0,5.479,-0.014,0.01,-5.33,-3.77,0.62,-0.13,-0.11,-0.381,3.656,2.486,-0.0,-6.143,0.003,,
2026-01-27 20:37:19.100,retreat_feeder_to_approach_machine,2.6,832.707,1907.641,-0.011,-0.054,90.144,89.822,10.43,-109.385,-0.011,-80.991,-0.32,0.16,-2.998,-2.037,0.0,5.036,-0.013,0.07,-5.38,-3.82,0.64,-0.16,0.02,-0.35,3.419,2.325,-0.0,-5.746,0.003,,
2026-01-27 20:37:19.201,retreat_feeder_to_approach_machine,2.457,835.336,1903.493,-0.011,-0.054,90.155,89.832,10.236,-109.517,-0.011,-80.665,-0.321,0.146,-2.733,-1.857,0.0,4.592,-0.011,0.05,-5.35,-3.71,0.57,-0.13,0.01,-0.329,3.346,2.274,-0.0,-5.622,0.004,,
2026-01-27 20:37:19.302,retreat_feeder_to_approach_machine,2.317,837.881,1899.431,-0.011,-0.054,90.166,89.842,10.046,-109.646,-0.011,-80.347,-0.321,0.134,-2.523,-1.715,0.0,4.239,-0.011,0.03,-5.28,-3.84,0.72,-0.22,-0.09,-0.298,3.056,2.077,-0.0,-5.135,0.004,,
2026-01-27 20:37:19.404,retreat_feeder_to_approach_machine,2.198,840.018,1895.986,-0.011,-0.054,90.175,89.851,9.886,-109.755,-0.011,-80.078,-0.322,0.122,-2.294,-1.559,0.0,3.853,-0.01,0.01,-5.34,-3.79,0.78,-0.16,-0.1,-0.284,3.041,2.067,-0.0,-5.109,0.005,,
2026-01-27 20:37:19.507,retreat_feeder_to_approach_machine,2.085,842.02,1892.725,-0.011,-0.054,90.184,89.859,9.734,-109.858,-0.011,-79.823,-0.323,0.112,-2.099,-1.426,0.0,3.526,-0.009,0.05,-5.31,-3.92,0.65,-0.17,-0.01,-0.26,2.825,1.92,-0.0,-4.747,0.005,,
2026-01-27 20:37:19.609,retreat_feeder_to_approach_machine,1.981,843.829,1889.754,-0.011,-0.054,90.192,89.866,9.597,-109.951,-0.011,-79.592,-0.323,0.102,-1.919,-1.304,0.0,3.224,-0.008,-0.06,-5.31,-3.88,0.6,-0.14,-0.03,-0.242,2.68,1.821,-0.0,-4.502,0.005,,
2026-01-27 20:37:19.711,retreat_feeder_to_approach_machine,1.886,845.463,1887.049,-0.011,-0.054,90.199,89.873,9.471,-110.037,-0.011,-79.381,-0.324,0.093,-1.753,-1.191,0.0,2.944,-0.007,-0.01,-5.38,-3.84,0.65,-0.1,0.01,-0.224,2.536,1.724,-0.0,-4.262,0.005,,
2026-01-27 20:37:19.813,retreat_feeder_to_approach_machine,1.803,846.89,1884.669,-0.011,-0.054,90.205,89.879,9.361,-110.112,-0.011,-79.196,-0.324,0.085,-1.59,-1.08,0.0,2.671,-0.007,0.04,-5.34,-4.0,0.55,-0.25,-0.1,-0.21,2.435,1.655,-0.0,-4.091,0.005,,
2026-01-27 20:37:19.915,retreat_feeder_to_approach_machine,1.724,848.231,1882.418,-0.011,-0.054,90.211,89.884,9.257,-110.182,-0.011,-79.021,-0.325,0.077,-1.452,-0.987,0.0,2.44,-0.006,0.04,-5.36,-4.07,0.63,-0.17,0.0,-0.192,2.252,1.531,-0.0,-3.784,0.005,,
2026-01-27 20:37:20.018,retreat_feeder_to_approach_machine,1.652,849.444,1880.369,-0.011,-0.054,90.217,89.889,9.162,-110.247,-0.011,-78.862,-0.325,0.071,-1.326,-0.901,0.0,2.228,-0.006,0.02,-5.22,-3.88,0.65,-0.19,0.04,-0.178,2.121,1.442,-0.0,-3.564,0.005,,
2026-01-27 20:37:20.120,retreat_feeder_to_approach_machine,1.586,850.543,1878.504,-0.011,-0.054,90.222,89.894,9.076,-110.305,-0.011,-78.717,-0.325,0.064,-1.21,-0.822,0.0,2.032,-0.005,-0.03,-5.28,-4.02,0.5,-0.21,0.01,-0.165,1.995,1.356,-0.0,-3.352,0.004,,
2026-01-27 20:37:20.222,retreat_feeder_to_approach_machine,1.526,851.537,1876.806,-0.011,-0.054,90.226,89.898,8.998,-110.358,-0.011,-78.586,-0.326,0.059,-1.103,-0.75,0.0,1.853,-0.005,-0.02,-5.24,-4.0,0.71,-0.21,0.09,-0.152,1.873,1.273,-0.0,-3.147,0.004,,
2026-01-27 20:37:20.323,retreat_feeder_to_approach_machine,1.471,852.439,1875.26,-0.011,-0.054,90.23,89.902,8.927,-110.407,-0.011,-78.466,-0.326,0.054,-1.005,-0.683,0.0,1.689,-0.004,-0.02,-5.34,-3.93,0.66,-0.17,-0.08,-0.141,1.757,1.194,-0.0,-2.952,0.004,,
2026-01-27 20:37:20.424,retreat_feeder_to_approach_machine,1.421,853.255,1873.853,-0.011,-0.054,90.234,89.905,8.862,-110.451,-0.011,-78.357,-0.326,0.049,-0.916,-0.622,0.0,1.539,-0.004,0.03,-5.31,-3.95,0.67,-0.25,0.06,-0.13,1.645,1.118,-0.0,-2.765,0.004,,
2026-01-27 20:37:20.527,retreat_feeder_to_approach_machine,1.374,854.021,1872.53,-0.011,-0.054,90.238,89.909,8.801,-110.492,-0.011,-78.255,-0.327,0.045,-0.839,-0.57,0.0,1.41,-0.004,-0.05,-5.21,-3.87,0.69,-0.15,0.01,-0.119,1.519,1.033,-0.0,-2.553,0.004,,
2026-01-27 20:37:20.630,retreat_feeder_to_approach_machine,1.332,854.69,1871.369,-0.011,-0.054,90.241,89.912,8.748,-110.528,-0.011,-78.165,-0.327,0.041,-0.763,-0.518,0.0,1.282,-0.003,0.02,-5.27,-3.99,0.67,-0.3,-0.04,-0.111,1.443,0.981,-0.0,-2.424,0.004,waypoint,
2026-01-27 20:37:20.731,approach_machine_to_place,1.297,855.765,1865.506,-0.011,-0.054,90.243,89.914,8.65,-110.859,-0.011,-77.738,-0.327,0.037,-0.816,-1.215,-0.0,2.031,-0.002,0.11,-5.09,-3.88,0.58,-0.17,-0.06,-0.104,0.858,-2.059,-0.002,1.201,0.006,,
2026-01-27 20:37:20.832,approach_machine_to_place,1.267,857.34,1852.812,-0.011,-0.055,90.245,89.916,8.485,-111.613,-0.011,-76.817,-0.326,0.033,-1.025,-2.798,-0.001,3.824,-0.001,0.1,-5.04,-3.77,0.67,-0.25,0.05,-0.096,0.092,-6.094,-0.003,6.004,0.009,,
2026-01-27 20:37:20.932,approach_machine_to_place,1.239,858.596,1841.231,-0.012,-0.055,90.247,89.918,8.334,-112.302,-0.012,-75.978,-0.326,0.03,-1.146,-3.82,-0.002,4.967,0.0,-0.04,-4.94,-3.7,0.62,-0.17,0.03,-0.088,0.227,-4.826,-0.003,4.599,0.007,,
2026-01-27 20:37:21.032,approach_machine_to_place,1.213,859.591,1830.668,-0.012,-0.055,90.249,89.92,8.196,-112.93,-0.012,-75.211,-0.326,0.027,-1.204,-4.436,-0.002,5.641,0.001,0.04,-4.84,-3.77,0.7,-0.23,0.04,-0.081,0.337,-3.741,-0.002,3.405,0.006,,
2026-01-27 20:37:21.134,approach_machine_to_place,1.188,860.398,1820.696,-0.012,-0.055,90.251,89.922,8.066,-113.524,-0.012,-74.487,-0.326,0.025,-1.229,-4.811,-0.002,6.041,0.001,0.05,-4.81,-3.63,0.58,-0.22,-0.01,-0.074,0.379,-3.02,-0.002,2.642,0.006,,
2026-01-27 20:37:21.238,approach_machine_to_place,1.166,861.021,1811.633,-0.012,-0.055,90.252,89.923,7.948,-114.064,-0.012,-73.828,-0.325,0.022,-1.218,-4.959,-0.002,6.178,0.002,0.04,-4.78,-3.58,0.65,-0.09,-0.02,-0.068,0.459,-2.181,-0.001,1.722,0.005,,
2026-01-27 20:37:21.338,approach_machine_to_place,1.145,861.495,1803.397,-0.012,-0.055,90.254,89.925,7.84,-114.555,-0.013,-73.229,-0.325,0.02,-1.182,-4.947,-0.002,6.131,0.002,0.03,-4.77,-3.66,0.63,-0.22,0.07,-0.063,0.52,-1.474,-0.001,0.954,0.004,,
2026-01-27 20:37:21.441,approach_machine_to_place,1.126,861.851,1795.914,-0.013,-0.056,90.255,89.926,7.742,-115.002,-0.013,-72.685,-0.325,0.019,-1.132,-4.827,-0.002,5.96,0.002,0.03,-4.7,-3.67,0.57,-0.24,0.01,-0.058,0.566,-0.882,-0.001,0.317,0.003,,
2026-01-27 20:37:21.542,approach_machine_to_place,1.109,862.103,1789.345,-0.013,-0.056,90.256,89.927,7.656,-115.395,-0.013,-72.206,-0.325,0.017,-1.064,-4.601,-0.002,5.666,0.002,0.06,-4.75,-3.68,0.55,-0.2,-0.01,-0.054,0.628,-0.251,-0.0,-0.377,0.003,,
2026-01-27 20:37:21.646,approach_machine_to_place,1.093,862.29,1783.145,-0.013,-0.056,90.257,89.928,7.575,-115.765,-0.013,-71.754,-0.325,0.015,-1.001,-4.378,-0.002,5.38,0.002,0.04,-4.62,-3.61,0.56,-0.2,-0.03,-0.049,0.613,-0.01,-0.0,-0.603,0.002,,
2026-01-27 20:37:21.746,approach_machine_to_place,1.079,862.413,1777.702,-0.013,-0.056,90.258,89.929,7.503,-116.091,-0.013,-71.357,-0.324,0.014,-0.929,-4.098,-0.002,5.028,0.002,-0.01,-4.7,-3.66,0.71,-0.19,-0.03,-0.045,0.65,0.442,-0.0,-1.092,0.002,,
2026-01-27 20:37:21.847,approach_machine_to_place,1.066,862.492,1772.739,-0.013,-0.056,90.259,89.93,7.438,-116.388,-0.013,-70.994,-0.324,0.013,-0.86,-3.817,-0.002,4.678,0.002,-0.02,-4.66,-3.6,0.65,-0.2,-0.07,-0.042,0.648,0.682,0.0,-1.33,0.002,,
2026-01-27 20:37:21.949,approach_machine_to_place,1.054,862.537,1768.054,-0.013,-0.056,90.26,89.931,7.376,-116.669,-0.014,-70.652,-0.324,0.011,-0.799,-3.565,-0.002,4.365,0.002,0.0,-4.68,-3.64,0.63,-0.22,-0.0,-0.038,0.619,0.778,0.0,-1.397,0.001,,
2026-01-27 20:37:22.052,approach_machine_to_place,1.043,862.553,1763.796,-0.013,-0.056,90.26,89.932,7.32,-116.925,-0.014,-70.34,-0.324,0.01,-0.739,-3.312,-0.002,4.052,0.001,-0.01,-4.66,-3.61,0.64,-0.27,0.03,-0.035,0.613,0.954,0.0,-1.567,0.001,,
2026-01-27 20:37:22.155,approach_machine_to_place,1.033,862.548,1759.926,-0.013,-0.056,90.261,89.932,7.269,-117.157,-0.014,-70.057,-0.324,0.01,-0.682,-3.065,-0.001,3.748,0.001,-0.02,-4.73,-3.56,0.62,-0.22,-0.11,-0.032,0.602,1.09,0.0,-1.693,0.001,,
2026-01-27 20:37:22.258,approach_machine_to_place,1.023,862.524,1756.289,-0.013,-0.056,90.262,89.933,7.222,-117.376,-0.014,-69.79,-0.324,0.009,-0.631,-2.845,-0.001,3.477,0.001,0.02,-4.67,-3.7,0.63,-0.31,-0.0,-0.029,0.572,1.12,0.0,-1.692,0.001,,
2026-01-27 20:37:22.359,approach_machine_to_place,1.015,862.49,1753.103,-0.013,-0.056,90.262,89.934,7.18,-117.567,-0.014,-69.557,-0.324,0.008,-0.578,-2.613,-0.001,3.192,0.001,-0.03,-4.57,-3.61,0.61,-0.16,0.03,-0.027,0.574,1.277,0.0,-1.852,0.001,,
2026-01-27 20:37:22.461,approach_machine_to_place,1.007,862.447,1750.208,-0.014,-0.056,90.263,89.934,7.141,-117.741,-0.014,-69.344,-0.324,0.007,-0.529,-2.395,-0.001,2.925,0.001,-0.04,-4.74,-3.64,0.6,-0.25,0.04,-0.025,0.555,1.323,0.0,-1.878,0.0,,
2026-01-27 20:37:22.565,approach_machine_to_place,1.0,862.399,1747.575,-0.014,-0.056,90.263,89.935,7.107,-117.9,-0.014,-69.151,-0.324,0.007,-0.484,-2.192,-0.001,2.677,0.001,0.06,-4.6,-3.64,0.63,-0.25,-0.07,-0.023,0.534,1.348,0.001,-1.882,0.0,,
2026-01-27 20:37:22.668,approach_machine_to_place,0.994,862.347,1745.182,-0.014,-0.056,90.264,89.935,7.075,-118.044,-0.014,-68.975,-0.324,0.006,-0.442,-2.005,-0.001,2.447,0.001,-0.05,-4.62,-3.7,0.6,-0.26,-0.05,-0.021,0.512,1.357,0.001,-1.869,0.0,,
2026-01-27 20:37:22.771,approach_machine_to_place,0.988,862.293,1743.007,-0.014,-0.056,90.264,89.935,7.046,-118.175,-0.014,-68.815,-0.323,0.005,-0.403,-1.831,-0.001,2.235,0.001,-0.01,-4.68,-3.65,0.65,-0.31,-0.06,-0.019,0.489,1.351,0.001,-1.841,0.0,,
2026-01-27 20:37:22.872,approach_machine_to_place,0.983,862.241,1741.097,-0.014,-0.056,90.264,89.936,7.021,-118.29,-0.014,-68.675,-0.323,0.005,-0.366,-1.661,-0.001,2.027,0.001,0.03,-4.66,-3.61,0.59,-0.31,-0.02,-0.018,0.475,1.376,0.001,-1.851,0.0,,
2026-01-27 20:37:22.972,approach_machine_to_place,0.978,862.189,1739.354,-0.014,-0.056,90.265,89.936,6.998,-118.395,-0.014,-68.547,-0.323,0.004,-0.332,-1.509,-0.001,1.841,0.001,-0.03,-4.65,-3.69,0.64,-0.27,0.05,-0.016,0.45,1.339,0.001,-1.789,0.0,,
2026-01-27 20:37:23.074,approach_machine_to_place,0.974,862.139,1737.764,-0.014,-0.056,90.265,89.936,6.977,-118.491,-0.014,-68.43,-0.323,0.004,-0.301,-1.371,-0.001,1.673,0.001,-0.05,-4.66,-3.63,0.6,-0.19,0.05,-0.015,0.425,1.297,0.001,-1.722,-0.0,,
2026-01-27 20:37:23.175,approach_machine_to_place,0.97,862.089,1736.314,-0.014,-0.057,90.265,89.937,6.958,-118.579,-0.014,-68.323,-0.323,0.004,-0.274,-1.247,-0.001,1.522,0.001,-0.03,-4.65,-3.64,0.56,-0.25,-0.07,-0.014,0.401,1.251,0.001,-1.652,-0.0,,
2026-01-27 20:37:23.276,approach_machine_to_place,0.966,862.04,1734.944,-0.014,-0.057,90.265,89.937,6.94,-118.661,-0.015,-68.222,-0.323,0.003,-0.251,-1.142,-0.001,1.393,0.001,0.08,-4.58,-3.56,0.68,-0.25,0.03,-0.013,0.371,1.174,0.0,-1.546,-0.0,,
2026-01-27 20:37:23.376,approach_machine_to_place,0.963,861.995,1733.741,-0.014,-0.057,90.266,89.937,6.924,-118.734,-0.015,-68.134,-0.323,0.003,-0.228,-1.038,-0.0,1.266,0.0,-0.01,-4.67,-3.65,0.71,-0.3,0.01,-0.012,0.356,1.157,0.0,-1.514,-0.0,waypoint,
2026-01-27 20:37:23.477,place_on_machine,0.96,861.953,1732.644,-0.014,-0.057,90.266,89.937,6.909,-118.8,-0.015,-68.053,-0.323,0.003,-0.207,-0.944,-0.0,1.152,0.0,-0.04,-4.65,-3.63,0.62,-0.24,-0.12,-0.011,0.335,1.105,0.0,-1.44,-0.0,,
2026-01-27 20:37:23.580,place_on_machine,0.957,861.911,1731.607,-0.014,-0.057,90.266,89.937,6.895,-118.863,-0.015,-67.976,-0.323,0.003,-0.19,-0.865,-0.0,1.055,0.0,-0.07,-4.64,-3.73,0.59,-0.21,0.05,-0.01,0.309,1.031,0.0,-1.34,-0.0,,
2026-01-27 20:37:23.684,place_on_machine,0.955,861.871,1730.664,-0.014,-0.057,90.266,89.938,6.883,-118.92,-0.015,-67.907,-0.323,0.002,-0.174,-0.791,-0.0,0.965,0.0,0.04,-4.66,-3.64,0.5,-0.23,-0.0,-0.009,0.291,0.985,0.0,-1.275,-0.0,,
2026-01-27 20:37:23.787,place_on_machine,0.953,861.835,1729.807,-0.014,-0.057,90.266,89.938,6.872,-118.972,-0.015,-67.844,-0.323,0.002,-0.159,-0.723,-0.0,0.882,0.0,0.03,-4.7,-3.62,0.6,-0.19,-0.02,-0.008,0.273,0.938,0.0,-1.211,-0.0,,
2026-01-27 20:37:23.890,place_on_machine,0.95,861.8,1729.028,-0.014,-0.057,90.267,89.938,6.861,-119.019,-0.015,-67.786,-0.323,0.002,-0.145,-0.66,-0.0,0.805,0.0,0.04,-4.66,-3.57,0.58,-0.19,-0.05,-0.007,0.256,0.891,0.0,-1.147,-0.0,,
2026-01-27 20:37:23.992,place_on_machine,0.948,861.768,1728.319,-0.014,-0.057,90.267,89.938,6.852,-119.062,-0.015,-67.734,-0.323,0.002,-0.132,-0.602,-0.0,0.734,0.0,-0.08,-4.63,-3.61,0.64,-0.31,0.01,-0.007,0.24,0.844,0.0,-1.084,-0.0,,
2026-01-27 20:37:24.094,place_on_machine,0.947,861.74,1727.696,-0.014,-0.057,90.267,89.938,6.844,-119.099,-0.015,-67.688,-0.323,0.002,-0.12,-0.546,-0.0,0.666,0.0,0.03,-4.59,-3.69,0.59,-0.25,0.02,-0.006,0.227,0.812,0.0,-1.039,-0.0,,
2026-01-27 20:37:24.196,place_on_machine,0.945,861.713,1727.128,-0.014,-0.057,90.267,89.938,6.836,-119.134,-0.015,-67.646,-0.323,0.001,-0.109,-0.495,-0.0,0.604,0.0,-0.06,-4.61,-3.62,0.61,-0.22,-0.03,-0.006,0.212,0.764,0.0,-0.975,-0.0,,
2026-01-27 20:37:24.298,place_on_machine,0.944,861.687,1726.573,-0.014,-0.057,90.267,89.938,6.829,-119.167,-0.015,-67.605,-0.323,0.001,-0.1,-0.455,-0.0,0.555,0.0,0.0,-4.65,-3.67,0.59,-0.28,0.01,-0.005,0.192,0.695,0.0,-0.888,-0.0,,
2026-01-27 20:37:24.402,place_on_machine,0.942,861.662,1726.054,-0.014,-0.057,90.267,89.938,6.822,-119.199,-0.015,-67.567,-0.323,0.001,-0.092,-0.42,-0.0,0.512,0.0,0.02,-4.69,-3.67,0.63,-0.25,0.03,-0.005,0.178,0.647,0.0,-0.825,-0.0,,
2026-01-27 20:37:24.502,place_on_machine,0.941,861.642,1725.629,-0.014,-0.057,90.267,89.939,6.816,-119.224,-0.015,-67.535,-0.323,0.001,-0.083,-0.379,-0.0,0.463,0.0,0.02,-4.65,-3.58,0.59,-0.26,-0.05,-0.004,0.172,0.64,0.0,-0.813,-0.0,,
2026-01-27 20:37:24.605,place_on_machine,0.94,861.621,1725.215,-0.014,-0.057,90.267,89.939,6.811,-119.25,-0.015,-67.505,-0.323,0.001,-0.076,-0.347,-0.0,0.423,0.0,0.05,-4.69,-3.67,0.57,-0.26,0.04,-0.004,0.157,0.582,0.0,-0.739,-0.0,,
2026-01-27 20:37:24.708,place_on_machine,0.939,861.603,1724.852,-0.014,-0.057,90.267,89.939,6.806,-119.272,-0.015,-67.478,-0.323,0.001,-0.069,-0.315,-0.0,0.385,0.0,-0.04,-4.58,-3.65,0.62,-0.19,0.03,-0.004,0.148,0.555,0.0,-0.702,-0.0,,
2026-01-27 20:37:24.810,place_on_machine,0.938,861.586,1724.521,-0.014,-0.057,90.267,89.939,6.801,-119.292,-0.015,-67.454,-0.323,0.001,-0.063,-0.287,-0.0,0.349,0.0,0.01,-4.63,-3.61,0.61,-0.24,0.01,-0.003,0.137,0.519,0.0,-0.656,-0.0,,
2026-01-27 20:37:24.911,place_on_machine,0.937,861.572,1724.231,-0.014,-0.057,90.267,89.939,6.798,-119.309,-0.015,-67.432,-0.323,0.001,-0.057,-0.259,-0.0,0.316,0.0,-0.0,-4.69,-3.67,0.56,-0.13,-0.08,-0.003,0.129,0.491,0.0,-0.62,-0.0,,
2026-01-27 20:37:25.012,place_on_machine,0.937,861.558,1723.966,-0.014,-0.057,90.267,89.939,6.794,-119.325,-0.015,-67.413,-0.323,0.001,-0.051,-0.234,-0.0,0.286,0.0,-0.08,-4.61,-3.63,0.69,-0.19,-0.01,-0.003,0.119,0.458,0.0,-0.577,-0.0,,
2026-01-27 20:37:25.114,place_on_machine,0.936,861.545,1723.716,-0.014,-0.057,90.267,89.939,6.791,-119.34,-0.015,-67.394,-0.323,0.001,-0.047,-0.214,-0.0,0.26,0.0,0.05,-4.64,-3.53,0.65,-0.27,0.05,-0.003,0.109,0.421,0.0,-0.53,-0.0,,
2026-01-27 20:37:25.217,place_on_machine,0.935,861.534,1723.488,-0.014,-0.057,90.268,89.939,6.788,-119.354,-0.015,-67.377,-0.323,0.001,-0.043,-0.195,-0.0,0.237,0.0,0.08,-4.61,-3.63,0.54,-0.23,0.0,-0.002,0.101,0.392,0.0,-0.494,-0.0,,
2026-01-27 20:37:25.319,place_on_machine,0.935,861.523,1723.281,-0.014,-0.057,90.268,89.939,6.785,-119.367,-0.015,-67.362,-0.323,0.001,-0.039,-0.177,-0.0,0.216,0.0,-0.05,-4.63,-3.66,0.6,-0.29,0.1,-0.002,0.094,0.366,0.0,-0.46,-0.0,,
2026-01-27 20:37:25.421,place_on_machine,0.934,861.513,1723.093,-0.014,-0.057,90.268,89.939,6.783,-119.378,-0.015,-67.348,-0.323,0.0,-0.035,-0.161,-0.0,0.197,0.0,0.06,-4.61,-3.71,0.66,-0.21,-0.0,-0.002,0.087,0.34,0.0,-0.428,-0.0,,
2026-01-27 20:37:25.521,place_on_machine,0.934,861.504,1722.927,-0.014,-0.057,90.268,89.939,6.78,-119.388,-0.015,-67.336,-0.323,0.0,-0.032,-0.146,-0.0,0.178,0.0,-0.1,-4.62,-3.76,0.6,-0.22,0.05,-0.002,0.081,0.32,0.0,-0.402,-0.0,,
2026-01-27 20:37:25.626,place_on_machine,0.934,861.496,1722.771,-0.014,-0.057,90.268,89.939,6.778,-119.397,-0.015,-67.324,-0.323,0.0,-0.029,-0.133,-0.0,0.163,0.0,0.08,-4.58,-3.7,0.61,-0.24,0.02,-0.002,0.074,0.294,0.0,-0.368,-0.0,,
2026-01-27 20:37:25.729,place_on_machine,0.933,861.489,1722.629,-0.014,-0.057,90.268,89.939,6.776,-119.406,-0.015,-67.314,-0.323,0.0,-0.027,-0.121,-0.0,0.148,0.0,-0.0,-4.68,-3.67,0.62,-0.19,0.0,-0.002,0.069,0.273,0.0,-0.342,-0.0,,
2026-01-27 20:37:25.831,place_on_machine,0.933,861.482,1722.5,-0.014,-0.057,90.268,89.939,6.775,-119.414,-0.015,-67.304,-0.323,0.0,-0.024,-0.111,-0.0,0.135,0.0,0.23,-4.63,-3.72,0.59,-0.24,0.11,-0.001,0.064,0.253,0.0,-0.317,-0.0,,
2026-01-27 20:37:26.141,place_on_machine,0.932,861.465,1722.178,-0.014,-0.057,90.268,89.939,6.77,-119.433,-0.015,-67.281,-0.323,0.0,-0.018,-0.083,-0.0,0.102,0.0,0.03,-4.67,-3.73,0.54,-0.15,-0.0,-0.001,0.051,0.205,0.0,-0.255,-0.0,,
2026-01-27 20:37:26.446,place_on_machine,0.931,861.452,1721.944,-0.014,-0.057,90.268,89.939,6.767,-119.448,-0.015,-67.263,-0.323,0.0,-0.014,-0.062,-0.0,0.076,0.0,0.02,-4.66,-3.68,0.51,-0.15,0.0,-0.001,0.04,0.161,0.0,-0.201,-0.0,,
2026-01-27 20:37:26.857,place_on_machine,0.931,861.44,1721.712,-0.014,-0.057,90.268,89.939,6.764,-119.462,-0.015,-67.246,-0.323,0.0,-0.009,-0.043,-0.0,0.052,0.0,0.06,-4.68,-3.7,0.64,-0.23,0.03,-0.001,0.029,0.117,0.0,-0.146,-0.0,,
2026-01-27 20:37:27.161,place_on_machine,0.93,861.433,1721.59,-0.014,-0.057,90.268,89.939,6.763,-119.469,-0.015,-67.237,-0.323,0.0,-0.007,-0.032,-0.0,0.039,0.0,0.0,-4.67,-3.65,0.53,-0.37,-0.07,-0.0,0.022,0.092,0.0,-0.114,-0.0,,
2026-01-27 20:37:27.568,place_on_machine,0.93,861.427,1721.482,-0.014,-0.057,90.268,89.939,6.761,-119.476,-0.015,-67.229,-0.323,0.0,-0.005,-0.021,-0.0,0.025,0.0,0.02,-4.65,-3.58,0.69,-0.17,-0.02,-0.0,0.016,0.068,0.0,-0.084,-0.0,,
2026-01-27 20:37:27.876,place_on_machine,0.93,861.423,1721.412,-0.014,-0.057,90.268,89.939,6.76,-119.48,-0.015,-67.224,-0.323,0.0,-0.004,-0.017,-0.0,0.02,0.0,0.03,-4.64,-3.61,0.67,-0.36,-0.06,-0.0,0.012,0.051,0.0,-0.063,-0.0,,
2026-01-27 20:37:28.282,place_on_machine,0.93,861.42,1721.346,-0.014,-0.057,90.268,89.939,6.759,-119.484,-0.015,-67.219,-0.323,0.0,-0.003,-0.012,-0.0,0.015,0.0,0.01,-4.65,-3.62,0.59,-0.24,0.05,-0.0,0.009,0.036,0.0,-0.045,-0.0,,
2026-01-27 20:37:28.589,place_on_machine,0.93,861.418,1721.31,-0.014,-0.057,90.268,89.939,6.759,-119.486,-0.015,-67.217,-0.323,0.0,-0.002,-0.009,-0.0,0.011,0.0,0.01,-4.65,-3.7,0.62,-0.23,-0.0,-0.0,0.007,0.028,0.0,-0.035,-0.0,,
2026-01-27 20:37:28.999,place_on_machine,0.93,861.416,1721.277,-0.014,-0.057,90.268,89.939,6.758,-119.488,-0.015,-67.214,-0.323,0.0,-0.001,-0.006,-0.0,0.008,0.0,0.05,-4.64,-3.71,0.56,-0.21,0.02,-0.0,0.005,0.021,0.0,-0.025,-0.0,,
2026-01-27 20:37:29.102,place_to_retreat_machine,0.949,857.446,1721.609,-0.014,-0.057,90.268,89.938,7.07,-119.739,-0.015,-67.275,-0.325,-0.004,0.778,-0.633,0.0,-0.146,-0.004,-0.03,-4.78,-3.77,0.58,-0.31,-0.01,-0.016,3.123,-2.489,0.002,-0.634,-0.018,,
2026-01-27 20:37:29.203,place_to_retreat_machine,1.0,846.769,1722.405,-0.014,-0.057,90.268,89.933,7.91,-120.415,-0.014,-67.439,-0.329,-0.014,2.683,-2.164,0.001,-0.519,-0.015,0.01,-4.92,-3.89,0.58,-0.33,0.05,-0.041,8.088,-6.485,0.004,-1.605,-0.046,,
2026-01-27 20:37:29.305,place_to_retreat_machine,1.048,836.353,1723.025,-0.013,-0.057,90.269,89.929,8.73,-121.075,-0.014,-67.599,-0.334,-0.021,4.062,-3.273,0.002,-0.79,-0.023,-0.08,-5.13,-3.8,0.7,-0.34,-0.05,-0.036,7.086,-5.681,0.003,-1.406,-0.04,,
2026-01-27 20:37:29.406,place_to_retreat_machine,1.088,827.548,1723.429,-0.013,-0.056,90.269,89.926,9.424,-121.634,-0.014,-67.734,-0.338,-0.024,4.783,-3.852,0.002,-0.932,-0.027,-0.02,-5.14,-3.88,0.64,-0.47,0.05,-0.026,5.12,-4.101,0.002,-1.02,-0.029,,
2026-01-27 20:37:29.507,place_to_retreat_machine,1.125,819.241,1723.71,-0.013,-0.056,90.269,89.922,10.081,-122.162,-0.013,-67.863,-0.342,-0.027,5.228,-4.209,0.003,-1.019,-0.03,-0.07,-5.35,-3.96,0.64,-0.35,-0.02,-0.022,4.225,-3.382,0.002,-0.843,-0.024,,
2026-01-27 20:37:29.608,place_to_retreat_machine,1.156,811.955,1723.875,-0.012,-0.056,90.269,89.919,10.657,-122.626,-0.013,-67.975,-0.345,-0.027,5.362,-4.317,0.003,-1.046,-0.03,-0.05,-5.38,-3.89,0.52,-0.36,0.04,-0.015,3.005,-2.403,0.001,-0.603,-0.017,,
2026-01-27 20:37:29.711,place_to_retreat_machine,1.185,805.082,1723.961,-0.012,-0.056,90.27,89.917,11.202,-123.064,-0.013,-68.081,-0.348,-0.027,5.383,-4.333,0.003,-1.05,-0.031,0.04,-5.47,-3.83,0.57,-0.33,0.03,-0.012,2.387,-1.906,0.001,-0.481,-0.014,,
2026-01-27 20:37:29.811,place_to_retreat_machine,1.211,798.839,1723.981,-0.012,-0.056,90.27,89.914,11.697,-123.463,-0.012,-68.178,-0.351,-0.027,5.276,-4.247,0.003,-1.03,-0.03,0.07,-5.51,-3.93,0.68,-0.33,0.0,-0.008,1.655,-1.319,0.001,-0.336,-0.009,,
2026-01-27 20:37:29.911,place_to_retreat_machine,1.233,793.363,1723.952,-0.012,-0.056,90.27,89.912,12.132,-123.813,-0.012,-68.263,-0.353,-0.026,5.045,-4.061,0.002,-0.985,-0.029,-0.06,-5.56,-3.85,0.65,-0.31,-0.0,-0.005,0.888,-0.703,0.0,-0.185,-0.005,,
2026-01-27 20:37:30.014,place_to_retreat_machine,1.254,788.196,1723.885,-0.012,-0.056,90.27,89.91,12.543,-124.144,-0.012,-68.344,-0.356,-0.024,4.811,-3.873,0.002,-0.939,-0.027,0.06,-5.57,-3.88,0.65,-0.32,0.04,-0.003,0.559,-0.439,0.0,-0.12,-0.003,,
2026-01-27 20:37:30.117,place_to_retreat_machine,1.272,783.503,1723.791,-0.011,-0.056,90.27,89.908,12.917,-124.445,-0.012,-68.417,-0.358,-0.023,4.543,-3.657,0.002,-0.887,-0.026,0.01,-5.68,-4.0,0.53,-0.27,-0.01,-0.001,0.131,-0.096,0.0,-0.035,-0.001,,
2026-01-27 20:37:30.219,place_to_retreat_machine,1.289,779.239,1723.678,-0.011,-0.056,90.27,89.906,13.257,-124.719,-0.012,-68.483,-0.36,-0.022,4.258,-3.427,0.002,-0.831,-0.024,-0.04,-5.72,-3.85,0.65,-0.33,-0.04,0.001,-0.22,0.186,-0.0,0.034,0.001,,
2026-01-27 20:37:30.321,place_to_retreat_machine,1.304,775.366,1723.552,-0.011,-0.056,90.27,89.905,13.567,-124.968,-0.012,-68.543,-0.361,-0.02,3.967,-3.193,0.002,-0.775,-0.023,-0.0,-5.81,-3.77,0.66,-0.37,0.03,0.003,-0.506,0.415,-0.0,0.091,0.003,,
2026-01-27 20:37:30.421,place_to_retreat_machine,1.317,771.847,1723.419,-0.011,-0.056,90.27,89.903,13.848,-125.194,-0.011,-68.598,-0.363,-0.019,3.678,-2.961,0.002,-0.718,-0.021,-0.03,-5.84,-3.82,0.61,-0.37,0.06,0.004,-0.735,0.599,-0.0,0.137,0.004,,
2026-01-27 20:37:30.524,place_to_retreat_machine,1.329,768.65,1723.282,-0.011,-0.056,90.271,89.902,14.104,-125.4,-0.011,-68.648,-0.365,-0.017,3.399,-2.735,0.002,-0.664,-0.019,-0.04,-5.84,-3.91,0.59,-0.27,0.04,0.005,-0.916,0.744,-0.0,0.173,0.005,,
2026-01-27 20:37:30.625,place_to_retreat_machine,1.339,765.744,1723.145,-0.011,-0.056,90.271,89.901,14.337,-125.587,-0.011,-68.694,-0.366,-0.016,3.131,-2.52,0.002,-0.611,-0.018,0.09,-5.87,-3.79,0.63,-0.27,-0.01,0.005,-1.056,0.856,-0.001,0.201,0.006,,
2026-01-27 20:37:30.728,place_to_retreat_machine,1.349,763.104,1723.01,-0.011,-0.056,90.271,89.9,14.548,-125.758,-0.011,-68.735,-0.367,-0.015,2.877,-2.316,0.001,-0.562,-0.016,-0.01,-5.86,-3.83,0.58,-0.28,0.06,0.006,-1.161,0.94,-0.001,0.222,0.007,,
2026-01-27 20:37:30.832,place_to_retreat_machine,1.358,760.705,1722.878,-0.011,-0.056,90.271,89.899,14.741,-125.913,-0.011,-68.773,-0.368,-0.013,2.639,-2.124,0.001,-0.515,-0.015,0.0,-5.88,-3.85,0.69,-0.26,-0.01,0.006,-1.237,1.0,-0.001,0.237,0.007,,
2026-01-27 20:37:30.934,place_to_retreat_machine,1.366,758.524,1722.751,-0.011,-0.056,90.271,89.898,14.916,-126.054,-0.011,-68.807,-0.369,-0.012,2.417,-1.945,0.001,-0.472,-0.014,-0.07,-5.93,-3.81,0.56,-0.25,0.03,0.007,-1.287,1.04,-0.001,0.247,0.007,,
2026-01-27 20:37:31.036,place_to_retreat_machine,1.373,756.61,1722.634,-0.01,-0.056,90.271,89.897,15.07,-126.177,-0.011,-68.837,-0.37,-0.011,2.197,-1.769,0.001,-0.429,-0.012,-0.01,-5.89,-3.88,0.68,-0.21,0.05,0.007,-1.371,1.107,-0.001,0.264,0.008,,
2026-01-27 20:37:31.139,place_to_retreat_machine,1.379,754.741,1722.514,-0.01,-0.056,90.271,89.896,15.22,-126.298,-0.011,-68.866,-0.371,-0.01,2.024,-1.629,0.001,-0.395,-0.011,0.02,-6.07,-3.8,0.65,-0.22,0.03,0.006,-1.27,1.025,-0.001,0.245,0.007,,
2026-01-27 20:37:31.239,place_to_retreat_machine,1.385,753.159,1722.409,-0.01,-0.056,90.271,89.896,15.347,-126.401,-0.011,-68.891,-0.372,-0.009,1.836,-1.478,0.001,-0.359,-0.01,-0.05,-6.01,-3.77,0.61,-0.26,-0.03,0.007,-1.373,1.108,-0.001,0.265,0.008,,
2026-01-27 20:37:31.341,place_to_retreat_machine,1.39,751.666,1722.306,-0.01,-0.056,90.271,89.895,15.468,-126.498,-0.011,-68.915,-0.372,-0.009,1.678,-1.35,0.001,-0.328,-0.01,0.02,-6.09,-3.75,0.63,-0.25,-0.01,0.007,-1.306,1.054,-0.001,0.252,0.007,,
2026-01-27 20:37:31.442,place_to_retreat_machine,1.395,750.308,1722.209,-0.01,-0.056,90.271,89.894,15.577,-126.586,-0.011,-68.936,-0.373,-0.008,1.532,-1.233,0.001,-0.299,-0.009,-0.05,-6.01,-3.84,0.65,-0.36,0.03,0.007,-1.284,1.036,-0.001,0.248,0.007,,
2026-01-27 20:37:31.543,place_to_retreat_machine,1.399,749.073,1722.119,-0.01,-0.056,90.271,89.894,15.676,-126.666,-0.011,-68.955,-0.373,-0.007,1.397,-1.125,0.001,-0.273,-0.008,0.09,-6.02,-3.8,0.65,-0.3,-0.12,0.006,-1.255,1.012,-0.001,0.243,0.007,,
2026-01-27 20:37:31.643,place_to_retreat_machine,1.403,747.989,1722.039,-0.01,-0.056,90.271,89.893,15.764,-126.736,-0.011,-68.973,-0.374,-0.006,1.266,-1.019,0.001,-0.247,-0.007,0.05,-6.02,-3.68,0.62,-0.25,0.04,0.006,-1.25,1.008,-0.001,0.242,0.007,,
2026-01-27 20:37:31.745,place_to_retreat_machine,1.406,746.966,1721.961,-0.01,-0.056,90.271,89.893,15.846,-126.802,-0.01,-68.989,-0.374,-0.006,1.156,-0.931,0.001,-0.226,-0.007,0.11,-6.1,-3.81,0.59,-0.28,-0.01,0.006,-1.173,0.946,-0.001,0.227,0.007,,
2026-01-27 20:37:31.848,place_to_retreat_machine,1.41,746.003,1721.886,-0.01,-0.056,90.271,89.893,15.924,-126.865,-0.01,-69.004,-0.375,-0.005,1.061,-0.854,0.001,-0.207,-0.006,-0.09,-6.0,-3.8,0.6,-0.19,-0.04,0.006,-1.105,0.891,-0.001,0.214,0.006,,
2026-01-27 20:37:31.948,place_to_retreat_machine,1.412,745.16,1721.819,-0.01,-0.056,90.271,89.892,15.992,-126.92,-0.01,-69.017,-0.375,-0.005,0.966,-0.778,0.0,-0.189,-0.005,-0.14,-5.99,-3.8,0.67,-0.26,-0.11,0.006,-1.09,0.879,-0.001,0.212,0.006,,
2026-01-27 20:37:32.050,place_to_retreat_machine,1.415,744.393,1721.758,-0.01,-0.056,90.271,89.892,16.054,-126.97,-0.01,-69.029,-0.376,-0.004,0.879,-0.708,0.0,-0.172,-0.005,-0.05,-6.04,-3.84,0.63,-0.22,-0.01,0.005,-1.043,0.841,-0.001,0.202,0.006,,
2026-01-27 20:37:32.151,place_to_retreat_machine,1.417,743.719,1721.703,-0.01,-0.056,90.271,89.892,16.108,-127.013,-0.01,-69.04,-0.376,-0.004,0.795,-0.64,0.0,-0.155,-0.005,-0.03,-6.05,-3.71,0.58,-0.32,0.05,0.005,-1.014,0.817,-0.0,0.197,0.006,,
2026-01-27 20:37:32.255,place_to_retreat_machine,1.42,743.083,1721.651,-0.01,-0.056,90.271,89.891,16.16,-127.055,-0.01,-69.05,-0.376,-0.004,0.725,-0.584,0.0,-0.142,-0.004,0.06,-6.08,-3.79,0.59,-0.28,0.02,0.005,-0.942,0.76,-0.0,0.183,0.005,,
2026-01-27 20:37:32.357,place_to_retreat_machine,1.421,742.524,1721.604,-0.01,-0.056,90.271,89.891,16.205,-127.091,-0.01,-69.059,-0.376,-0.003,0.657,-0.528,0.0,-0.128,-0.004,-0.1,-6.03,-3.67,0.57,-0.19,0.01,0.005,-0.911,0.734,-0.0,0.177,0.005,,
2026-01-27 20:37:32.457,place_to_retreat_machine,1.423,742.032,1721.563,-0.01,-0.056,90.271,89.891,16.245,-127.123,-0.01,-69.066,-0.377,-0.003,0.592,-0.476,0.0,-0.116,-0.003,-0.04,-6.11,-3.73,0.65,-0.27,0.02,0.004,-0.874,0.704,-0.0,0.17,0.005,,
2026-01-27 20:37:32.560,place_to_retreat_machine,1.425,741.566,1721.523,-0.01,-0.056,90.271,89.891,16.282,-127.153,-0.01,-69.074,-0.377,-0.003,0.538,-0.433,0.0,-0.105,-0.003,0.06,-6.1,-3.72,0.68,-0.32,-0.02,0.004,-0.806,0.65,-0.0,0.157,0.005,waypoint,
2026-01-27 20:37:32.662,place_to_retreat_machine,1.604,738.297,1729.159,-0.01,-0.056,90.271,89.876,16.668,-126.886,-0.01,-69.727,-0.391,-0.038,1.369,0.344,-0.0,-1.713,-0.038,0.1,2.38,1.89,0.36,0.45,-0.01,-0.139,2.758,3.564,-0.002,-6.321,-0.136,,
2026-01-27 20:37:32.766,place_to_retreat_machine,2.877,713.784,1785.885,-0.011,-0.056,90.271,89.77,19.319,-124.711,-0.011,-74.552,-0.498,-0.294,7.654,5.694,-0.002,-13.347,-0.296,0.07,-0.26,0.3,0.51,0.32,-0.03,-1.043,25.131,22.274,-0.009,-47.402,-1.05,,
2026-01-27 20:37:32.866,place_to_retreat_machine,3.933,686.874,1836.806,-0.012,-0.056,90.271,89.673,21.74,-122.727,-0.012,-78.957,-0.596,-0.463,11.791,9.233,-0.004,-21.022,-0.466,-0.06,-2.52,-0.9,0.47,0.34,0.0,-0.846,20.31,18.154,-0.008,-38.462,-0.852,,
2026-01-27 20:37:32.968,place_to_retreat_machine,4.79,658.571,1882.249,-0.013,-0.056,90.271,89.585,23.948,-120.915,-0.013,-82.977,-0.685,-0.569,14.365,11.453,-0.005,-25.816,-0.572,-0.07,-4.29,-1.99,0.61,0.17,-0.0,-0.677,16.164,14.604,-0.006,-30.766,-0.681,,
2026-01-27 20:37:33.070,place_to_retreat_machine,5.47,629.661,1922.634,-0.014,-0.057,90.271,89.504,25.964,-119.262,-0.014,-86.646,-0.766,-0.629,15.813,12.723,-0.005,-28.534,-0.633,-0.09,-5.66,-2.95,0.53,0.12,-0.04,-0.532,12.617,11.56,-0.005,-24.176,-0.535,,
2026-01-27 20:37:33.173,place_to_retreat_machine,5.993,600.755,1958.412,-0.015,-0.057,90.271,89.43,27.803,-117.753,-0.014,-89.994,-0.84,-0.656,16.459,13.314,-0.006,-29.77,-0.66,-0.09,-6.9,-3.56,0.62,-0.01,-0.16,-0.408,9.594,8.959,-0.004,-18.552,-0.411,,
2026-01-27 20:37:33.274,place_to_retreat_machine,6.383,572.313,1990.035,-0.016,-0.057,90.27,89.363,29.482,-116.376,-0.015,-93.049,-0.908,-0.66,16.541,13.427,-0.006,-29.966,-0.664,-0.07,-7.81,-4.15,0.69,0.0,-0.08,-0.303,7.027,6.745,-0.003,-13.771,-0.305,,
2026-01-27 20:37:33.376,place_to_retreat_machine,6.66,544.676,2017.94,-0.016,-0.057,90.27,89.301,31.014,-115.12,-0.015,-95.837,-0.97,-0.649,16.236,13.212,-0.006,-29.445,-0.653,-0.03,-8.56,-4.59,0.72,-0.16,-0.1,-0.214,4.857,4.867,-0.002,-9.724,-0.215,,
2026-01-27 20:37:33.480,place_to_retreat_machine,6.849,517.124,2043.392,-0.017,-0.057,90.269,89.243,32.462,-113.933,-0.016,-98.472,-1.028,-0.631,15.795,12.877,-0.005,-28.67,-0.636,-0.1,-9.12,-4.76,0.66,-0.2,-0.01,-0.158,3.526,3.687,-0.002,-7.213,-0.159,,
2026-01-27 20:37:33.582,place_to_retreat_machine,6.952,491.792,2064.963,-0.017,-0.058,90.269,89.192,33.733,-112.89,-0.016,-100.786,-1.08,-0.601,15.026,12.265,-0.005,-27.289,-0.605,-0.08,-9.61,-5.01,0.64,-0.35,0.09,-0.072,1.415,1.876,-0.001,-3.291,-0.072,,
2026-01-27 20:37:33.684,place_to_retreat_machine,6.994,467.776,2083.964,-0.017,-0.058,90.269,89.146,34.894,-111.938,-0.017,-102.898,-1.127,-0.567,14.17,11.578,-0.005,-25.747,-0.571,-0.11,-9.98,-5.11,0.75,-0.35,-0.05,-0.02,0.162,0.777,-0.0,-0.939,-0.02,,
2026-01-27 20:37:33.787,place_to_retreat_machine,6.986,445.13,2100.705,-0.018,-0.058,90.268,89.103,35.953,-111.069,-0.017,-104.826,-1.169,-0.531,13.275,10.855,-0.005,-24.129,-0.535,-0.02,-10.26,-5.32,0.66,-0.39,0.03,0.022,-0.868,-0.133,0.0,1.001,0.023,,
2026-01-27 20:37:33.889,place_to_retreat_machine,6.94,423.869,2115.461,-0.018,-0.058,90.268,89.065,36.919,-110.277,-0.017,-106.585,-1.208,-0.495,12.373,10.123,-0.004,-22.494,-0.499,-0.02,-10.4,-5.35,0.66,-0.28,0.03,0.057,-1.707,-0.878,0.0,2.585,0.058,,
2026-01-27 20:37:33.989,place_to_retreat_machine,6.865,403.983,2128.477,-0.018,-0.058,90.268,89.029,37.801,-109.553,-0.018,-108.19,-1.244,-0.46,11.485,9.401,-0.004,-20.884,-0.463,-0.09,-10.68,-5.41,0.62,-0.37,-0.03,0.085,-2.381,-1.483,0.001,3.864,0.086,,
2026-01-27 20:37:34.092,place_to_retreat_machine,6.765,384.782,2140.365,-0.018,-0.058,90.267,88.996,38.635,-108.87,-0.018,-109.707,-1.277,-0.428,10.697,8.759,-0.004,-19.455,-0.431,-0.03,-10.7,-5.39,0.71,-0.46,-0.02,0.096,-2.63,-1.734,0.001,4.364,0.097,,
2026-01-27 20:37:34.192,place_to_retreat_machine,6.652,367.589,2150.471,-0.018,-0.058,90.267,88.967,39.367,-108.269,-0.018,-111.039,-1.307,-0.395,9.853,8.071,-0.003,-17.922,-0.397,0.01,-10.84,-5.47,0.65,-0.46,0.08,0.127,-3.379,-2.391,0.001,5.77,0.128,,
2026-01-27 20:37:34.293,place_to_retreat_machine,6.528,351.639,2159.413,-0.018,-0.058,90.267,88.94,40.035,-107.721,-0.018,-112.255,-1.334,-0.363,9.06,7.423,-0.003,-16.482,-0.365,-0.11,-10.96,-5.37,0.68,-0.53,-0.1,0.14,-3.681,-2.677,0.001,6.358,0.141,,
2026-01-27 20:37:34.396,place_to_retreat_machine,6.399,336.873,2167.332,-0.018,-0.058,90.266,88.915,40.645,-107.221,-0.019,-113.365,-1.359,-0.333,8.319,6.817,-0.003,-15.136,-0.335,-0.0,-10.9,-5.35,0.63,-0.51,-0.03,0.15,-3.897,-2.888,0.001,6.785,0.151,,
2026-01-27 20:37:34.499,place_to_retreat_machine,6.266,323.225,2174.356,-0.019,-0.058,90.266,88.893,41.201,-106.765,-0.019,-114.378,-1.381,-0.306,7.631,6.254,-0.003,-13.884,-0.308,-0.02,-10.98,-5.33,0.66,-0.43,-0.02,0.156,-4.04,-3.036,0.001,7.076,0.157,,
2026-01-27 20:37:34.602,place_to_retreat_machine,6.134,310.628,2180.593,-0.019,-0.058,90.266,88.873,41.709,-106.348,-0.019,-115.302,-1.401,-0.28,6.993,5.732,-0.002,-12.723,-0.282,-0.02,-10.89,-5.21,0.71,-0.49,-0.04,0.16,-4.123,-3.132,0.001,7.254,0.161,,
2026-01-27 20:37:34.702,place_to_retreat_machine,5.997,298.605,2186.332,-0.019,-0.059,90.266,88.853,42.189,-105.955,-0.019,-116.175,-1.421,-0.258,6.444,5.283,-0.002,-11.726,-0.26,0.04,-10.91,-5.15,0.58,-0.5,-0.08,0.155,-3.99,-3.048,0.001,7.038,0.156,,
2026-01-27 20:37:34.802,place_to_retreat_machine,5.869,287.947,2191.249,-0.019,-0.059,90.266,88.837,42.61,-105.609,-0.019,-116.943,-1.438,-0.236,5.887,4.826,-0.002,-10.712,-0.237,0.05,-10.86,-5.2,0.57,-0.32,-0.03,0.163,-4.174,-3.221,0.001,7.395,0.164,,
2026-01-27 20:37:34.902,place_to_retreat_machine,5.745,278.144,2195.634,-0.019,-0.059,90.265,88.821,42.995,-105.294,-0.019,-117.643,-1.453,-0.215,5.377,4.408,-0.002,-9.784,-0.217,-0.0,-10.82,-5.18,0.66,-0.38,0.02,0.161,-4.125,-3.201,0.001,7.326,0.163,,
2026-01-27 20:37:35.005,place_to_retreat_machine,5.621,268.815,2199.685,-0.019,-0.059,90.265,88.807,43.358,-104.996,-0.02,-118.304,-1.468,-0.198,4.941,4.051,-0.002,-8.992,-0.199,0.03,-10.83,-5.1,0.57,-0.39,0.0,0.154,-3.925,-3.055,0.001,6.98,0.155,,
2026-01-27 20:37:35.107,place_to_retreat_machine,5.503,260.275,2203.292,-0.019,-0.059,90.265,88.793,43.689,-104.725,-0.02,-118.906,-1.481,-0.182,4.532,3.716,-0.002,-8.248,-0.183,-0.07,-10.77,-4.99,0.67,-0.45,-0.04,0.152,-3.861,-3.02,0.001,6.88,0.153,,
2026-01-27 20:37:35.209,place_to_retreat_machine,5.392,252.462,2206.507,-0.019,-0.059,90.265,88.781,43.99,-104.478,-0.02,-119.453,-1.493,-0.166,4.151,3.404,-0.001,-7.554,-0.167,0.04,-10.8,-4.85,0.62,-0.42,0.0,0.148,-3.774,-2.963,0.001,6.737,0.149,,
2026-01-27 20:37:35.311,place_to_retreat_machine,5.287,245.32,2209.378,-0.019,-0.059,90.265,88.77,44.263,-104.254,-0.02,-119.951,-1.504,-0.152,3.797,3.113,-0.001,-6.91,-0.153,0.02,-10.84,-4.89,0.61,-0.43,-0.0,0.144,-3.669,-2.89,0.001,6.558,0.145,,
2026-01-27 20:37:35.411,place_to_retreat_machine,5.192,239.017,2211.857,-0.019,-0.059,90.265,88.761,44.503,-104.057,-0.02,-120.388,-1.514,-0.138,3.448,2.828,-0.001,-6.275,-0.139,-0.04,-10.72,-4.71,0.61,-0.3,0.06,0.143,-3.634,-2.873,0.001,6.507,0.144,,
2026-01-27 20:37:35.511,place_to_retreat_machine,5.1,233.037,2214.162,-0.019,-0.059,90.265,88.752,44.73,-103.871,-0.02,-120.801,-1.523,-0.126,3.153,2.586,-0.001,-5.739,-0.127,-0.03,-10.71,-4.82,0.61,-0.3,-0.03,0.134,-3.403,-2.695,0.001,6.098,0.135,,
2026-01-27 20:37:35.614,place_to_retreat_machine,5.013,227.578,2216.227,-0.019,-0.059,90.265,88.743,44.937,-103.701,-0.02,-121.177,-1.532,-0.115,2.881,2.363,-0.001,-5.244,-0.116,0.04,-10.72,-4.74,0.6,-0.29,-0.05,0.129,-3.268,-2.594,0.001,5.862,0.13,,
2026-01-27 20:37:35.714,place_to_retreat_machine,4.933,222.596,2218.079,-0.019,-0.059,90.264,88.736,45.124,-103.547,-0.02,-121.518,-1.539,-0.105,2.63,2.157,-0.001,-4.787,-0.106,0.02,-10.64,-4.78,0.51,-0.29,-0.04,0.124,-3.128,-2.487,0.001,5.615,0.125,,
2026-01-27 20:37:35.816,place_to_retreat_machine,4.859,218.051,2219.742,-0.019,-0.059,90.264,88.729,45.295,-103.407,-0.02,-121.829,-1.546,-0.096,2.4,1.968,-0.001,-4.367,-0.097,-0.0,-10.66,-4.69,0.62,-0.36,-0.01,0.118,-2.985,-2.378,0.001,5.363,0.119,,
2026-01-27 20:37:35.917,place_to_retreat_machine,4.79,213.907,2221.236,-0.019,-0.059,90.264,88.723,45.451,-103.28,-0.02,-122.112,-1.552,-0.088,2.188,1.794,-0.001,-3.982,-0.088,-0.02,-10.55,-4.56,0.61,-0.32,0.06,0.113,-2.841,-2.267,0.001,5.108,0.113,,
2026-01-27 20:37:36.021,place_to_retreat_machine,4.727,210.128,2222.581,-0.019,-0.059,90.264,88.717,45.592,-103.164,-0.02,-122.369,-1.558,-0.08,1.994,1.635,-0.001,-3.629,-0.08,0.04,-10.54,-4.59,0.53,-0.32,-0.08,0.107,-2.698,-2.155,0.001,4.853,0.108,,
2026-01-27 20:37:36.122,place_to_retreat_machine,4.67,206.801,2223.75,-0.019,-0.059,90.264,88.712,45.716,-103.062,-0.02,-122.595,-1.563,-0.072,1.806,1.481,-0.001,-3.287,-0.073,0.06,-10.53,-4.54,0.64,-0.34,-0.04,0.103,-2.6,-2.081,0.001,4.68,0.104,,
2026-01-27 20:37:36.224,place_to_retreat_machine,4.616,203.651,2224.844,-0.019,-0.059,90.264,88.707,45.833,-102.966,-0.02,-122.808,-1.568,-0.066,1.648,1.351,-0.001,-2.998,-0.066,0.03,-10.67,-4.5,0.59,-0.25,0.08,0.096,-2.408,-1.929,0.001,4.337,0.096,,
2026-01-27 20:37:36.327,place_to_retreat_machine,4.566,200.781,2225.831,-0.019,-0.059,90.264,88.703,45.94,-102.879,-0.02,-123.002,-1.572,-0.06,1.502,1.232,-0.001,-2.734,-0.061,0.01,-10.51,-4.47,0.65,-0.38,-0.06,0.09,-2.273,-1.823,0.001,4.096,0.091,,
2026-01-27 20:37:36.430,place_to_retreat_machine,4.521,198.167,2226.722,-0.019,-0.059,90.264,88.699,46.037,-102.799,-0.02,-123.179,-1.576,-0.055,1.369,1.123,-0.0,-2.492,-0.055,-0.07,-10.48,-4.45,0.58,-0.29,0.02,0.085,-2.143,-1.72,0.001,3.862,0.086,,
2026-01-27 20:37:36.532,place_to_retreat_machine,4.479,195.786,2227.526,-0.019,-0.059,90.264,88.696,46.125,-102.727,-0.02,-123.339,-1.58,-0.05,1.247,1.023,-0.0,-2.27,-0.05,0.03,-10.54,-4.32,0.61,-0.39,-0.1,0.08,-2.016,-1.62,0.001,3.636,0.081,,
2026-01-27 20:37:36.634,place_to_retreat_machine,4.44,193.617,2228.252,-0.019,-0.059,90.264,88.692,46.205,-102.661,-0.021,-123.485,-1.583,-0.046,1.136,0.932,-0.0,-2.068,-0.046,0.0,-10.45,-4.44,0.54,-0.31,0.03,0.075,-1.894,-1.523,0.001,3.417,0.076,,
2026-01-27 20:37:36.735,place_to_retreat_machine,4.406,191.71,2228.886,-0.019,-0.059,90.264,88.69,46.276,-102.603,-0.021,-123.614,-1.586,-0.041,1.028,0.843,-0.0,-1.872,-0.041,-0.05,-10.48,-4.34,0.62,-0.29,-0.04,0.072,-1.802,-1.451,0.001,3.253,0.072,,
2026-01-27 20:37:36.838,place_to_retreat_machine,4.374,189.906,2229.482,-0.019,-0.059,90.264,88.687,46.342,-102.548,-0.021,-123.735,-1.588,-0.038,0.938,0.769,-0.0,-1.707,-0.038,-0.03,-10.45,-4.44,0.58,-0.29,-0.0,0.066,-1.661,-1.338,0.001,2.998,0.066,,
2026-01-27 20:37:36.939,place_to_retreat_machine,4.344,188.263,2230.021,-0.019,-0.059,90.264,88.685,46.403,-102.499,-0.021,-123.845,-1.591,-0.034,0.855,0.701,-0.0,-1.556,-0.034,-0.07,-10.38,-4.27,0.51,-0.19,-0.05,0.062,-1.555,-1.253,0.001,2.808,0.062,,
2026-01-27 20:37:37.042,place_to_retreat_machine,4.317,186.768,2230.509,-0.019,-0.059,90.264,88.682,46.458,-102.454,-0.021,-123.945,-1.593,-0.031,0.779,0.639,-0.0,-1.417,-0.031,-0.05,-10.52,-4.32,0.59,-0.2,0.03,0.058,-1.454,-1.173,0.0,2.627,0.058,,
2026-01-27 20:37:37.142,place_to_retreat_machine,4.293,185.453,2230.936,-0.019,-0.059,90.264,88.68,46.506,-102.414,-0.021,-124.033,-1.595,-0.028,0.705,0.578,-0.0,-1.283,-0.028,-0.05,-10.41,-4.29,0.58,-0.21,-0.03,0.055,-1.376,-1.111,0.0,2.486,0.055,waypoint,
2026-01-27 20:37:37.243,wait_for_machining,4.271,184.251,2231.324,-0.019,-0.059,90.264,88.679,46.551,-102.378,-0.021,-124.114,-1.597,-0.026,0.639,0.524,-0.0,-1.164,-0.026,-0.06,-10.48,-4.29,0.55,-0.29,0.01,0.05,-1.28,-1.035,0.001,2.314,0.052,,
2026-01-27 20:37:37.344,wait_for_machining,4.251,183.109,2231.688,-0.018,-0.059,90.263,88.676,46.593,-102.344,-0.02,-124.19,-1.598,-0.025,0.585,0.478,0.001,-1.063,-0.022,-0.08,-10.42,-4.34,0.6,-0.2,-0.11,0.042,-1.172,-0.952,0.004,2.125,0.052,,
2026-01-27 20:37:37.447,wait_for_machining,4.233,182.069,2232.018,-0.018,-0.059,90.262,88.674,46.631,-102.313,-0.02,-124.259,-1.599,-0.023,0.535,0.436,0.001,-0.971,-0.019,-0.02,-10.41,-4.22,0.5,-0.24,-0.07,0.04,-1.093,-0.888,0.003,1.981,0.048,,
2026-01-27 20:37:37.548,wait_for_machining,4.217,181.123,2232.317,-0.018,-0.059,90.262,88.673,46.666,-102.285,-0.02,-124.322,-1.6,-0.022,0.488,0.398,0.002,-0.886,-0.017,-0.01,-10.42,-4.24,0.56,-0.23,0.04,0.038,-1.019,-0.827,0.003,1.846,0.044,,
2026-01-27 20:37:37.648,wait_for_machining,4.202,180.291,2232.579,-0.018,-0.059,90.261,88.671,46.697,-102.26,-0.019,-124.378,-1.601,-0.02,0.443,0.36,0.002,-0.803,-0.015,0.06,-10.41,-4.27,0.56,-0.21,-0.1,0.036,-0.959,-0.779,0.002,1.738,0.041,,
2026-01-27 20:37:37.752,wait_for_machining,4.188,179.505,2232.826,-0.017,-0.059,90.26,88.67,46.726,-102.236,-0.019,-124.43,-1.602,-0.019,0.405,0.328,0.002,-0.733,-0.013,-0.04,-10.32,-4.23,0.54,-0.26,0.0,0.033,-0.88,-0.714,0.002,1.595,0.037,,
2026-01-27 20:37:37.854,wait_for_machining,4.176,178.839,2233.034,-0.017,-0.059,90.26,88.668,46.75,-102.217,-0.019,-124.474,-1.602,-0.017,0.365,0.296,0.002,-0.66,-0.012,0.0,-10.4,-4.2,0.6,-0.27,0.03,0.032,-0.836,-0.679,0.001,1.515,0.035,,
2026-01-27 20:37:37.956,wait_for_machining,4.165,178.206,2233.232,-0.017,-0.059,90.26,88.667,46.774,-102.198,-0.019,-124.517,-1.603,-0.016,0.332,0.269,0.002,-0.601,-0.011,-0.03,-10.29,-4.26,0.55,-0.31,-0.11,0.03,-0.765,-0.621,0.001,1.386,0.032,,
2026-01-27 20:37:38.058,wait_for_machining,4.155,177.629,2233.412,-0.017,-0.059,90.259,88.666,46.795,-102.181,-0.019,-124.555,-1.604,-0.015,0.302,0.245,0.002,-0.546,-0.009,-0.11,-10.32,-4.25,0.51,-0.28,-0.07,0.028,-0.709,-0.575,0.001,1.284,0.029,,
2026-01-27 20:37:38.160,wait_for_machining,4.145,177.101,2233.576,-0.017,-0.059,90.259,88.665,46.814,-102.165,-0.018,-124.59,-1.604,-0.013,0.275,0.223,0.002,-0.498,-0.008,0.01,-10.33,-4.29,0.49,-0.22,-0.02,0.026,-0.657,-0.533,0.0,1.189,0.027,,
2026-01-27 20:37:38.260,wait_for_machining,4.137,176.62,2233.726,-0.017,-0.059,90.259,88.664,46.832,-102.151,-0.018,-124.622,-1.605,-0.012,0.251,0.203,0.002,-0.453,-0.008,-0.02,-10.34,-4.21,0.5,-0.2,-0.07,0.024,-0.608,-0.493,0.0,1.101,0.024,,
2026-01-27 20:37:38.361,wait_for_machining,4.129,176.181,2233.862,-0.017,-0.059,90.258,88.663,46.848,-102.138,-0.018,-124.651,-1.605,-0.011,0.228,0.185,0.002,-0.413,-0.007,0.01,-10.44,-4.28,0.56,-0.3,-0.05,0.023,-0.563,-0.456,0.0,1.019,0.022,,
2026-01-27 20:37:38.462,wait_for_machining,4.122,175.794,2233.982,-0.017,-0.059,90.258,88.663,46.862,-102.126,-0.018,-124.677,-1.606,-0.01,0.207,0.167,0.001,-0.374,-0.006,-0.01,-10.36,-4.25,0.6,-0.25,0.02,0.021,-0.526,-0.426,-0.0,0.952,0.021,,
2026-01-27 20:37:38.562,wait_for_machining,4.115,175.426,2234.095,-0.016,-0.059,90.258,88.662,46.876,-102.115,-0.018,-124.701,-1.606,-0.009,0.189,0.153,0.001,-0.341,-0.006,0.06,-10.35,-4.19,0.56,-0.21,-0.06,0.02,-0.48,-0.39,-0.0,0.87,0.019,,
2026-01-27 20:37:38.663,wait_for_machining,4.109,175.103,2234.195,-0.016,-0.059,90.258,88.661,46.888,-102.106,-0.018,-124.723,-1.606,-0.009,0.171,0.138,0.001,-0.31,-0.005,-0.08,-10.35,-4.16,0.59,-0.27,-0.07,0.018,-0.449,-0.364,-0.0,0.812,0.017,,
2026-01-27 20:37:38.764,wait_for_machining,4.104,174.796,2234.29,-0.016,-0.059,90.257,88.661,46.899,-102.096,-0.018,-124.743,-1.607,-0.008,0.157,0.127,0.001,-0.283,-0.005,-0.05,-10.35,-4.2,0.6,-0.21,0.02,0.017,-0.41,-0.332,-0.0,0.742,0.016,,
2026-01-27 20:37:38.866,wait_for_machining,4.099,174.515,2234.376,-0.016,-0.059,90.257,88.66,46.909,-102.088,-0.018,-124.762,-1.607,-0.007,0.143,0.116,0.001,-0.259,-0.004,-0.04,-10.33,-4.2,0.52,-0.33,-0.04,0.016,-0.379,-0.307,-0.0,0.685,0.015,,
2026-01-27 20:37:38.966,wait_for_machining,4.094,174.251,2234.458,-0.016,-0.059,90.257,88.66,46.919,-102.08,-0.018,-124.779,-1.607,-0.007,0.132,0.106,0.001,-0.238,-0.004,0.05,-10.36,-4.18,0.56,-0.24,0.06,0.014,-0.346,-0.281,-0.0,0.627,0.013,,
2026-01-27 20:37:39.070,wait_for_machining,4.09,174.026,2234.527,-0.016,-0.059,90.257,88.659,46.927,-102.074,-0.018,-124.794,-1.607,-0.006,0.12,0.097,0.001,-0.216,-0.003,-0.05,-10.36,-4.16,0.54,-0.31,-0.02,0.014,-0.327,-0.265,-0.0,0.591,0.012,,
2026-01-27 20:37:39.173,wait_for_machining,4.086,173.805,2234.595,-0.016,-0.059,90.257,88.659,46.935,-102.067,-0.017,-124.809,-1.608,-0.006,0.11,0.089,0.001,-0.199,-0.003,0.03,-10.38,-4.21,0.55,-0.28,0.02,0.012,-0.295,-0.239,-0.0,0.535,0.011,,
2026-01-27 20:37:39.274,wait_for_machining,4.083,173.618,2234.652,-0.016,-0.059,90.257,88.659,46.942,-102.062,-0.017,-124.821,-1.608,-0.005,0.1,0.08,0.001,-0.18,-0.003,-0.03,-10.26,-4.13,0.56,-0.25,0.01,0.012,-0.278,-0.225,-0.0,0.504,0.01,,
2026-01-27 20:37:39.376,wait_for_machining,4.079,173.435,2234.709,-0.016,-0.059,90.257,88.658,46.949,-102.056,-0.017,-124.833,-1.608,-0.005,0.092,0.074,0.001,-0.165,-0.003,-0.09,-10.39,-4.26,0.66,-0.18,-0.1,0.011,-0.252,-0.204,-0.0,0.455,0.009,,
2026-01-27 20:37:39.478,wait_for_machining,4.076,173.273,2234.758,-0.016,-0.06,90.256,88.658,46.955,-102.051,-0.017,-124.844,-1.608,-0.004,0.084,0.067,0.001,-0.151,-0.002,-0.02,-10.27,-4.2,0.44,-0.25,-0.0,0.01,-0.235,-0.19,-0.0,0.425,0.009,,
2026-01-27 20:37:39.579,wait_for_machining,4.074,173.126,2234.803,-0.016,-0.06,90.256,88.658,46.96,-102.047,-0.017,-124.854,-1.608,-0.004,0.076,0.061,0.001,-0.138,-0.002,-0.03,-10.32,-4.13,0.55,-0.36,-0.01,0.009,-0.216,-0.175,-0.0,0.392,0.008,,
2026-01-27 20:37:45.472,wait_for_machining,4.046,171.594,2235.271,-0.015,-0.06,90.255,88.655,47.017,-102.002,-0.017,-124.956,-1.61,-0.0,0.0,0.0,0.0,-0.001,-0.0,0.05,-10.27,-4.15,0.46,-0.22,-0.07,0.0,-0.002,-0.001,-0.0,0.003,0.0,,
2026-01-27 20:37:51.489,wait_for_machining,4.046,171.586,2235.274,-0.015,-0.06,90.255,88.655,47.017,-102.001,-0.017,-124.956,-1.61,-0.0,0.0,0.0,0.0,-0.0,-0.0,0.06,-10.32,-4.1,0.55,-0.18,-0.04,0.0,-0.0,-0.0,-0.0,0.0,0.0,,
2026-01-27 20:37:57.515,wait_for_machining,4.046,171.586,2235.274,-0.015,-0.06,90.255,88.655,47.017,-102.001,-0.017,-124.956,-1.61,-0.0,0.0,0.0,0.0,-0.0,-0.0,0.07,-10.32,-4.14,0.42,-0.24,0.06,0.0,-0.0,-0.0,-0.0,0.0,0.0,,
2026-01-27 20:38:03.530,wait_for_machining,4.046,171.586,2235.274,-0.015,-0.06,90.255,88.655,47.017,-102.001,-0.017,-124.956,-1.61,-0.0,0.0,0.0,0.0,-0.0,-0.0,0.02,-10.33,-4.2,0.49,-0.23,-0.03,0.0,-0.0,-0.0,-0.0,0.0,0.0,,
2026-01-27 20:38:09.427,wait_for_machining,4.046,171.586,2235.274,-0.015,-0.06,90.255,88.655,47.017,-102.001,-0.017,-124.956,-1.61,-0.0,0.0,0.0,0.0,-0.0,-0.0,-0.07,-10.41,-4.1,0.52,-0.31,0.06,0.0,-0.0,-0.0,-0.0,0.0,0.0,,
2026-01-27 20:38:15.429,wait_for_machining,4.046,171.586,2235.274,-0.015,-0.06,90.255,88.655,47.017,-102.001,-0.017,-124.956,-1.61,-0.0,0.0,0.0,0.0,-0.0,-0.0,0.01,-10.21,-4.11,0.57,-0.35,-0.04,0.0,-0.0,-0.0,-0.0,0.0,0.0,,
2026-01-27 20:38:21.440,wait_for_machining,4.046,171.586,2235.274,-0.015,-0.06,90.255,88.655,47.017,-102.001,-0.017,-124.956,-1.61,-0.0,0.0,0.0,0.0,-0.0,-0.0,0.04,-10.38,-4.1,0.57,-0.34,0.04,0.0,-0.0,-0.0,-0.0,0.0,0.0,,
2026-01-27 20:38:27.448,wait_for_machining,4.046,171.586,2235.274,-0.015,-0.06,90.255,88.655,47.017,-102.001,-0.017,-124.956,-1.61,-0.0,0.0,0.0,0.0,-0.0,-0.0,0.09,-10.29,-4.09,0.56,-0.29,0.01,0.0,-0.0,-0.0,-0.0,0.0,0.0,,
2026-01-27 20:38:33.449,wait_for_machining,4.046,171.586,2235.274,-0.015,-0.06,90.255,88.655,47.017,-102.001,-0.017,-124.956,-1.61,-0.0,0.0,0.0,0.0,-0.0,-0.0,0.0,-10.25,-4.19,0.5,-0.18,-0.01,0.0,-0.0,-0.0,-0.0,0.0,0.0,waypoint,
2026-01-27 20:38:33.552,machining_end_to_approach_machine,4.273,184.5,2229.295,-0.016,-0.06,90.252,88.678,46.642,-102.581,-0.017,-124.002,-1.583,0.059,-0.936,-1.448,0.0,2.385,0.069,0.05,-10.51,-4.08,0.55,-0.14,-0.06,0.235,-3.746,-5.794,0.001,9.539,0.276,,
2026-01-27 20:38:33.655,machining_end_to_approach_machine,5.162,243.361,2198.808,-0.016,-0.059,90.232,88.789,44.88,-105.306,-0.016,-119.514,-1.451,0.321,-5.108,-7.901,0.001,13.008,0.38,-0.05,-9.47,-3.43,0.6,0.11,0.05,1.083,-17.248,-26.678,0.004,43.925,1.284,,
2026-01-27 20:38:33.756,machining_end_to_approach_machine,5.718,294.186,2167.762,-0.016,-0.059,90.215,88.89,43.272,-107.794,-0.016,-115.418,-1.332,0.493,-7.852,-12.145,0.002,19.996,0.584,-0.14,-8.8,-2.87,0.57,0.32,0.01,0.878,-13.984,-21.629,0.003,35.612,1.041,,
2026-01-27 20:38:33.856,machining_end_to_approach_machine,6.016,336.479,2138.071,-0.016,-0.059,90.199,88.979,41.856,-109.984,-0.016,-111.813,-1.226,0.592,-9.428,-14.583,0.002,24.011,0.701,-0.04,-8.27,-2.53,0.46,0.54,0.04,0.669,-10.66,-16.488,0.002,27.147,0.794,,
2026-01-27 20:38:33.957,machining_end_to_approach_machine,6.14,374.395,2107.989,-0.016,-0.059,90.184,89.063,40.512,-112.063,-0.015,-108.39,-1.126,0.655,-10.431,-16.134,0.002,26.565,0.776,-0.08,-7.93,-2.49,0.53,0.4,0.04,0.557,-8.876,-13.73,0.002,22.606,0.661,,
2026-01-27 20:38:34.060,machining_end_to_approach_machine,6.127,407.016,2079.051,-0.016,-0.059,90.171,89.14,39.286,-113.96,-0.015,-105.266,-1.035,0.683,-10.89,-16.844,0.002,27.733,0.81,-0.05,-7.73,-2.35,0.53,0.48,0.04,0.428,-6.814,-10.54,0.001,17.354,0.507,,
2026-01-27 20:38:34.163,machining_end_to_approach_machine,6.008,436.039,2050.51,-0.016,-0.059,90.158,89.213,38.127,-115.752,-0.015,-102.315,-0.949,0.694,-11.064,-17.114,0.002,28.178,0.823,-0.01,-7.54,-2.31,0.57,0.51,0.1,0.342,-5.456,-8.439,0.001,13.895,0.406,,
2026-01-27 20:38:34.266,machining_end_to_approach_machine,5.817,460.875,2023.623,-0.015,-0.059,90.147,89.279,37.073,-117.383,-0.015,-99.631,-0.87,0.686,-10.933,-16.911,0.002,27.844,0.814,-0.08,-7.47,-2.36,0.57,0.48,0.0,0.242,-3.862,-5.973,0.001,9.835,0.288,,
2026-01-27 20:38:34.368,machining_end_to_approach_machine,5.588,481.439,1999.336,-0.015,-0.059,90.137,89.337,36.147,-118.815,-0.015,-97.273,-0.801,0.66,-10.515,-16.264,0.002,26.778,0.783,-0.0,-7.39,-2.39,0.52,0.35,0.0,0.138,-2.195,-3.395,0.0,5.59,0.163,,
2026-01-27 20:38:34.469,machining_end_to_approach_machine,5.34,498.553,1977.483,-0.015,-0.059,90.128,89.388,35.332,-120.075,-0.014,-95.197,-0.741,0.623,-9.924,-15.35,0.002,25.273,0.739,-0.09,-7.34,-2.52,0.43,0.26,0.01,0.054,-0.867,-1.341,0.0,2.208,0.065,,
2026-01-27 20:38:34.571,machining_end_to_approach_machine,5.069,513.931,1956.36,-0.015,-0.059,90.119,89.437,34.558,-121.272,-0.014,-93.226,-0.683,0.589,-9.377,-14.504,0.002,23.882,0.698,0.0,-7.29,-2.55,0.63,0.33,-0.09,0.023,-0.367,-0.568,0.0,0.935,0.027,,
2026-01-27 20:38:34.674,machining_end_to_approach_machine,4.791,527.219,1936.79,-0.015,-0.059,90.111,89.481,33.852,-122.365,-0.014,-91.428,-0.63,0.552,-8.798,-13.609,0.002,22.407,0.655,0.04,-7.34,-2.65,0.55,0.33,-0.13,-0.022,0.346,0.535,-0.0,-0.881,-0.026,,
2026-01-27 20:38:34.775,machining_end_to_approach_machine,4.515,538.718,1918.707,-0.015,-0.059,90.104,89.522,33.207,-123.361,-0.014,-89.787,-0.582,0.515,-8.21,-12.699,0.002,20.908,0.611,-0.07,-7.31,-2.71,0.65,0.23,-0.05,-0.058,0.928,1.436,-0.0,-2.364,-0.069,,
2026-01-27 20:38:34.875,machining_end_to_approach_machine,4.254,548.341,1902.628,-0.014,-0.059,90.098,89.557,32.64,-124.239,-0.014,-88.342,-0.54,0.475,-7.576,-11.718,0.002,19.293,0.564,-0.04,-7.4,-2.81,0.53,0.23,0.03,-0.101,1.607,2.486,-0.0,-4.093,-0.12,,
2026-01-27 20:38:34.977,machining_end_to_approach_machine,3.993,557.041,1887.235,-0.014,-0.059,90.092,89.591,32.101,-125.072,-0.014,-86.97,-0.5,0.441,-7.028,-10.871,0.001,17.899,0.523,-0.09,-7.4,-2.94,0.58,0.07,0.03,-0.109,1.734,2.682,-0.0,-4.416,-0.129,,
2026-01-27 20:38:35.080,machining_end_to_approach_machine,3.743,564.61,1873.087,-0.014,-0.059,90.087,89.622,31.61,-125.832,-0.014,-85.719,-0.464,0.408,-6.5,-10.053,0.001,16.553,0.484,-0.08,-7.33,-3.1,0.66,0.18,-0.04,-0.127,2.031,3.142,-0.0,-5.173,-0.151,,
2026-01-27 20:38:35.183,machining_end_to_approach_machine,3.505,571.206,1860.1,-0.014,-0.059,90.082,89.65,31.161,-126.526,-0.013,-84.577,-0.43,0.376,-5.996,-9.274,0.001,15.27,0.446,0.01,-7.42,-3.16,0.58,-0.0,-0.03,-0.142,2.258,3.492,-0.0,-5.749,-0.168,,
2026-01-27 20:38:35.284,machining_end_to_approach_machine,3.282,576.966,1848.19,-0.014,-0.059,90.077,89.676,30.752,-127.159,-0.013,-83.534,-0.4,0.346,-5.52,-8.539,0.001,14.059,0.411,0.06,-7.44,-3.24,0.7,0.08,-0.03,-0.152,2.424,3.749,-0.001,-6.173,-0.18,,
2026-01-27 20:38:35.386,machining_end_to_approach_machine,3.072,582.006,1837.277,-0.014,-0.059,90.073,89.699,30.379,-127.737,-0.013,-82.583,-0.372,0.318,-5.074,-7.848,0.001,12.923,0.378,0.0,-7.48,-3.32,0.6,-0.02,0.06,-0.159,2.539,3.927,-0.001,-6.466,-0.189,,
2026-01-27 20:38:35.488,machining_end_to_approach_machine,2.876,586.424,1827.284,-0.013,-0.059,90.069,89.721,30.038,-128.264,-0.013,-81.715,-0.347,0.292,-4.658,-7.205,0.001,11.862,0.347,-0.04,-7.44,-3.37,0.68,0.08,-0.05,-0.164,2.612,4.04,-0.001,-6.651,-0.194,,
2026-01-27 20:38:35.589,machining_end_to_approach_machine,2.694,590.306,1818.139,-0.013,-0.059,90.066,89.74,29.727,-128.745,-0.013,-80.922,-0.323,0.268,-4.271,-6.606,0.001,10.878,0.318,0.0,-7.45,-3.34,0.57,-0.0,-0.0,-0.166,2.648,4.097,-0.001,-6.745,-0.197,,
2026-01-27 20:38:35.691,machining_end_to_approach_machine,2.518,593.841,1809.479,-0.013,-0.059,90.062,89.759,29.433,-129.2,-0.013,-80.174,-0.302,0.247,-3.938,-6.091,0.001,10.03,0.293,0.04,-7.56,-3.45,0.6,0.02,0.02,-0.16,2.555,3.952,-0.001,-6.508,-0.19,,
2026-01-27 20:38:35.793,machining_end_to_approach_machine,2.356,596.945,1801.586,-0.013,-0.059,90.059,89.775,29.165,-129.613,-0.013,-79.493,-0.282,0.227,-3.622,-5.602,0.001,9.224,0.27,-0.02,-7.6,-3.57,0.74,-0.15,0.03,-0.161,2.566,3.969,-0.001,-6.534,-0.191,,
2026-01-27 20:38:35.894,machining_end_to_approach_machine,2.207,599.675,1794.396,-0.013,-0.059,90.057,89.791,28.922,-129.989,-0.013,-78.874,-0.264,0.209,-3.324,-5.142,0.001,8.466,0.247,0.03,-7.53,-3.56,0.68,-0.07,-0.06,-0.16,2.551,3.946,-0.001,-6.497,-0.19,,
2026-01-27 20:38:35.994,machining_end_to_approach_machine,2.07,602.081,1787.847,-0.013,-0.059,90.054,89.804,28.701,-130.332,-0.013,-78.31,-0.247,0.191,-3.046,-4.712,0.001,7.758,0.227,-0.05,-7.6,-3.57,0.71,-0.15,0.05,-0.158,2.516,3.892,-0.001,-6.407,-0.187,,
2026-01-27 20:38:36.096,machining_end_to_approach_machine,1.944,604.207,1781.884,-0.013,-0.059,90.052,89.817,28.5,-130.643,-0.013,-77.798,-0.232,0.175,-2.788,-4.312,0.001,7.099,0.207,0.02,-7.57,-3.53,0.68,-0.14,0.05,-0.155,2.464,3.812,-0.001,-6.276,-0.183,,
2026-01-27 20:38:36.197,machining_end_to_approach_machine,1.833,606.024,1776.64,-0.013,-0.059,90.05,89.828,28.323,-130.916,-0.013,-77.348,-0.219,0.159,-2.532,-3.917,0.001,6.449,0.188,0.03,-7.52,-3.56,0.74,-0.11,0.02,-0.155,2.462,3.809,-0.001,-6.271,-0.183,,
2026-01-27 20:38:36.301,machining_end_to_approach_machine,1.726,607.698,1771.683,-0.013,-0.059,90.048,89.839,28.156,-131.174,-0.013,-76.923,-0.207,0.145,-2.317,-3.583,0.0,5.9,0.172,-0.04,-7.5,-3.6,0.62,-0.14,-0.04,-0.145,2.314,3.579,-0.0,-5.892,-0.172,,
2026-01-27 20:38:36.402,machining_end_to_approach_machine,1.632,609.135,1767.325,-0.013,-0.059,90.047,89.848,28.01,-131.401,-0.013,-76.549,-0.196,0.132,-2.104,-3.255,0.0,5.359,0.157,-0.14,-7.58,-3.69,0.53,-0.14,-0.03,-0.143,2.285,3.535,-0.0,-5.82,-0.17,,
2026-01-27 20:38:36.503,machining_end_to_approach_machine,1.546,610.418,1763.345,-0.013,-0.059,90.045,89.856,27.876,-131.608,-0.013,-76.209,-0.186,0.12,-1.913,-2.959,0.0,4.871,0.142,0.0,-7.58,-3.72,0.7,-0.14,-0.1,-0.137,2.185,3.379,-0.0,-5.564,-0.163,,
2026-01-27 20:38:36.606,machining_end_to_approach_machine,1.467,611.565,1759.712,-0.013,-0.059,90.044,89.864,27.754,-131.797,-0.013,-75.897,-0.177,0.109,-1.74,-2.691,0.0,4.431,0.129,0.04,-7.6,-3.72,0.62,-0.2,-0.06,-0.131,2.083,3.222,-0.0,-5.306,-0.155,,
2026-01-27 20:38:36.709,machining_end_to_approach_machine,1.395,612.593,1756.395,-0.013,-0.059,90.042,89.871,27.642,-131.969,-0.013,-75.614,-0.168,0.099,-1.584,-2.45,0.0,4.033,0.118,0.05,-7.54,-3.78,0.59,-0.14,-0.01,-0.124,1.982,3.065,-0.0,-5.047,-0.147,,
2026-01-27 20:38:36.812,machining_end_to_approach_machine,1.329,613.515,1753.367,-0.012,-0.059,90.041,89.877,27.54,-132.127,-0.013,-75.354,-0.161,0.091,-1.442,-2.231,0.0,3.673,0.107,0.02,-7.63,-3.76,0.65,-0.19,-0.03,-0.118,1.881,2.909,-0.0,-4.79,-0.14,,
2026-01-27 20:38:36.913,machining_end_to_approach_machine,1.268,614.343,1750.603,-0.012,-0.059,90.04,89.883,27.447,-132.27,-0.013,-75.118,-0.154,0.082,-1.314,-2.032,0.0,3.346,0.098,0.06,-7.64,-3.73,0.64,-0.17,-0.06,-0.112,1.782,2.756,-0.0,-4.538,-0.133,,
2026-01-27 20:38:37.015,machining_end_to_approach_machine,1.212,615.087,1748.08,-0.012,-0.059,90.039,89.888,27.363,-132.401,-0.013,-74.902,-0.148,0.075,-1.197,-1.852,0.0,3.049,0.089,0.06,-7.57,-3.82,0.66,-0.21,-0.03,-0.106,1.685,2.606,-0.0,-4.291,-0.125,,
2026-01-27 20:38:37.117,machining_end_to_approach_machine,1.161,615.757,1745.778,-0.012,-0.059,90.038,89.893,27.285,-132.521,-0.013,-74.705,-0.142,0.068,-1.091,-1.688,0.0,2.779,0.081,0.03,-7.56,-3.81,0.65,-0.16,0.09,-0.1,1.59,2.46,-0.0,-4.05,-0.118,,
2026-01-27 20:38:37.218,machining_end_to_approach_machine,1.115,616.36,1743.676,-0.012,-0.059,90.038,89.898,27.215,-132.63,-0.013,-74.526,-0.137,0.062,-0.995,-1.539,0.0,2.533,0.074,0.04,-7.61,-3.84,0.65,-0.28,0.08,-0.094,1.499,2.318,-0.0,-3.817,-0.112,,
2026-01-27 20:38:37.321,machining_end_to_approach_machine,1.072,616.905,1741.757,-0.012,-0.059,90.037,89.902,27.15,-132.73,-0.013,-74.362,-0.132,0.057,-0.907,-1.403,0.0,2.31,0.067,-0.05,-7.61,-3.79,0.61,-0.24,0.06,-0.089,1.411,2.182,-0.0,-3.593,-0.105,,
2026-01-27 20:38:37.421,machining_end_to_approach_machine,1.035,617.379,1740.068,-0.012,-0.059,90.036,89.905,27.094,-132.818,-0.013,-74.217,-0.128,0.052,-0.822,-1.271,0.0,2.093,0.061,0.08,-7.64,-3.8,0.63,-0.11,-0.06,-0.085,1.347,2.083,-0.0,-3.43,-0.1,,
2026-01-27 20:38:37.524,machining_end_to_approach_machine,0.999,617.824,1738.465,-0.012,-0.059,90.036,89.909,27.04,-132.901,-0.013,-74.08,-0.124,0.047,-0.751,-1.162,0.0,1.913,0.056,-0.12,-7.62,-3.81,0.55,-0.19,-0.13,-0.078,1.241,1.919,-0.0,-3.16,-0.092,,
2026-01-27 20:38:37.625,machining_end_to_approach_machine,0.966,618.227,1737.001,-0.012,-0.059,90.035,89.912,26.991,-132.977,-0.013,-73.955,-0.12,0.043,-0.686,-1.061,0.0,1.747,0.051,-0.03,-7.62,-3.74,0.64,-0.29,-0.01,-0.073,1.164,1.8,-0.0,-2.964,-0.087,,
2026-01-27 20:38:37.728,machining_end_to_approach_machine,0.935,618.604,1735.619,-0.012,-0.059,90.035,89.915,26.944,-133.048,-0.013,-73.837,-0.116,0.04,-0.631,-0.975,0.0,1.606,0.047,0.03,-7.65,-3.8,0.66,-0.21,0.04,-0.067,1.074,1.662,-0.0,-2.736,-0.08,,
2026-01-27 20:38:37.831,machining_end_to_approach_machine,0.908,618.933,1734.404,-0.012,-0.059,90.034,89.917,26.904,-133.112,-0.013,-73.733,-0.113,0.036,-0.575,-0.889,0.0,1.464,0.043,0.01,-7.59,-3.83,0.69,-0.23,-0.02,-0.064,1.023,1.583,-0.0,-2.606,-0.076,,
2026-01-27 20:38:37.934,machining_end_to_approach_machine,0.883,619.231,1733.295,-0.012,-0.059,90.034,89.92,26.866,-133.169,-0.013,-73.638,-0.111,0.033,-0.524,-0.811,0.0,1.335,0.039,-0.01,-7.58,-3.76,0.68,-0.27,-0.02,-0.06,0.957,1.48,-0.0,-2.436,-0.071,,
2026-01-27 20:38:38.036,machining_end_to_approach_machine,0.861,619.501,1732.283,-0.012,-0.059,90.033,89.922,26.833,-133.222,-0.013,-73.552,-0.108,0.03,-0.478,-0.739,0.0,1.217,0.036,-0.03,-7.62,-3.85,0.6,-0.19,0.02,-0.056,0.894,1.382,-0.0,-2.276,-0.066,waypoint,
2026-01-27 20:38:38.139,approach_machine_to_pick,0.842,628.436,1732.966,-0.012,-0.06,90.033,89.925,26.052,-132.724,-0.013,-73.268,-0.105,0.03,-2.311,0.689,-0.001,1.623,0.034,-0.02,-7.28,-3.72,0.69,-0.14,0.01,-0.044,-6.665,6.744,-0.003,-0.073,-0.055,,
2026-01-27 20:38:38.239,approach_machine_to_pick,0.827,648.056,1735.247,-0.013,-0.061,90.034,89.928,24.363,-131.561,-0.013,-72.742,-0.101,0.031,-5.953,3.426,-0.002,2.532,0.035,-0.0,-6.93,-3.58,0.66,-0.09,0.08,-0.031,-15.071,12.73,-0.006,2.353,-0.042,,
2026-01-27 20:38:38.339,approach_machine_to_pick,0.811,666.143,1736.806,-0.013,-0.062,90.034,89.932,22.823,-130.499,-0.014,-72.262,-0.098,0.032,-8.317,5.224,-0.003,3.098,0.035,0.02,-6.85,-3.56,0.68,-0.13,0.05,-0.031,-12.089,10.44,-0.004,1.658,-0.041,,
2026-01-27 20:38:38.441,approach_machine_to_pick,0.795,682.79,1737.787,-0.014,-0.063,90.034,89.935,21.417,-129.53,-0.014,-71.824,-0.095,0.032,-9.752,6.341,-0.003,3.419,0.034,0.0,-6.56,-3.37,0.73,-0.12,0.0,-0.031,-9.533,8.468,-0.004,1.073,-0.04,,
2026-01-27 20:38:38.544,approach_machine_to_pick,0.778,698.631,1738.324,-0.014,-0.064,90.034,89.938,20.089,-128.614,-0.015,-71.411,-0.092,0.031,-10.635,7.044,-0.003,3.598,0.033,0.06,-6.31,-3.29,0.65,-0.03,0.02,-0.029,-7.804,7.087,-0.003,0.724,-0.038,,
2026-01-27 20:38:38.646,approach_machine_to_pick,0.763,712.133,1738.48,-0.014,-0.065,90.034,89.94,18.963,-127.838,-0.015,-71.06,-0.089,0.029,-10.791,7.223,-0.003,3.575,0.031,0.04,-6.15,-3.29,0.58,-0.04,-0.04,-0.031,-4.996,4.981,-0.002,0.02,-0.039,,
2026-01-27 20:38:38.750,approach_machine_to_pick,0.746,725.468,1738.364,-0.015,-0.066,90.034,89.942,17.857,-127.076,-0.015,-70.715,-0.087,0.028,-10.859,7.324,-0.004,3.543,0.029,0.12,-5.99,-3.28,0.58,-0.02,0.07,-0.028,-4.304,4.35,-0.002,-0.042,-0.035,,
2026-01-27 20:38:38.853,approach_machine_to_pick,0.731,737.233,1738.04,-0.015,-0.067,90.035,89.945,16.885,-126.406,-0.016,-70.413,-0.085,0.026,-10.574,7.167,-0.003,3.414,0.027,0.02,-5.86,-3.29,0.59,-0.01,0.03,-0.028,-2.529,2.988,-0.001,-0.457,-0.035,,
2026-01-27 20:38:38.954,approach_machine_to_pick,0.717,748.006,1737.563,-0.015,-0.067,90.035,89.947,15.998,-125.794,-0.016,-70.136,-0.083,0.025,-10.148,6.904,-0.003,3.251,0.025,0.09,-5.76,-3.27,0.58,-0.11,0.06,-0.027,-1.427,2.104,-0.001,-0.675,-0.033,,
2026-01-27 20:38:39.058,approach_machine_to_pick,0.703,757.865,1736.976,-0.015,-0.068,90.035,89.948,15.188,-125.237,-0.016,-69.884,-0.081,0.023,-9.635,6.573,-0.003,3.069,0.024,0.02,-5.7,-3.27,0.7,-0.08,0.05,-0.026,-0.509,1.359,-0.0,-0.849,-0.031,,
2026-01-27 20:38:39.158,approach_machine_to_pick,0.69,766.885,1736.313,-0.016,-0.068,90.035,89.95,14.449,-124.727,-0.017,-69.654,-0.079,0.021,-9.073,6.202,-0.003,2.877,0.022,0.11,-5.55,-3.28,0.65,-0.12,-0.07,-0.025,0.249,0.736,-0.0,-0.985,-0.03,,
2026-01-27 20:38:39.260,approach_machine_to_pick,0.677,775.133,1735.602,-0.016,-0.069,90.035,89.951,13.775,-124.263,-0.017,-69.444,-0.078,0.02,-8.49,5.813,-0.003,2.682,0.02,-0.08,-5.38,-3.38,0.53,-0.12,-0.0,-0.024,0.87,0.217,0.0,-1.087,-0.028,,
2026-01-27 20:38:39.363,approach_machine_to_pick,0.665,782.94,1734.836,-0.016,-0.069,90.035,89.953,13.138,-123.824,-0.017,-69.246,-0.076,0.018,-7.96,5.458,-0.003,2.508,0.019,-0.01,-5.42,-3.38,0.6,-0.19,0.04,-0.022,1.155,-0.061,0.0,-1.095,-0.026,,
2026-01-27 20:38:39.464,approach_machine_to_pick,0.654,789.808,1734.089,-0.016,-0.07,90.035,89.954,12.579,-123.438,-0.017,-69.072,-0.075,0.017,-7.369,5.057,-0.002,2.317,0.017,0.0,-5.34,-3.44,0.6,-0.12,0.07,-0.022,1.813,-0.588,0.0,-1.226,-0.025,,
2026-01-27 20:38:39.565,approach_machine_to_pick,0.644,795.861,1733.373,-0.016,-0.07,90.035,89.955,12.086,-123.098,-0.017,-68.918,-0.074,0.015,-6.758,4.642,-0.002,2.121,0.016,0.03,-5.37,-3.34,0.56,-0.13,-0.04,-0.021,2.302,-0.991,0.001,-1.312,-0.024,,
2026-01-27 20:38:39.665,approach_machine_to_pick,0.635,801.409,1732.67,-0.016,-0.07,90.035,89.956,11.635,-122.788,-0.018,-68.778,-0.073,0.014,-6.196,4.259,-0.002,1.942,0.014,0.01,-5.16,-3.43,0.62,-0.2,0.01,-0.02,2.487,-1.178,0.001,-1.31,-0.023,,
2026-01-27 20:38:39.769,approach_machine_to_pick,0.626,806.681,1731.96,-0.017,-0.071,90.036,89.957,11.207,-122.492,-0.018,-68.644,-0.072,0.013,-5.718,3.932,-0.002,1.79,0.013,0.05,-5.15,-3.36,0.55,-0.19,0.03,-0.018,2.467,-1.218,0.001,-1.25,-0.021,,
2026-01-27 20:38:39.872,approach_machine_to_pick,0.618,811.325,1731.301,-0.017,-0.071,90.036,89.958,10.83,-122.233,-0.018,-68.527,-0.071,0.012,-5.231,3.598,-0.002,1.636,0.012,0.04,-5.08,-3.32,0.56,-0.09,-0.02,-0.018,2.733,-1.45,0.001,-1.285,-0.02,,
2026-01-27 20:38:39.974,approach_machine_to_pick,0.61,815.736,1730.645,-0.017,-0.071,90.036,89.959,10.472,-121.986,-0.018,-68.415,-0.07,0.011,-4.817,3.315,-0.002,1.506,0.011,0.01,-5.05,-3.55,0.56,-0.14,0.03,-0.016,2.651,-1.436,0.001,-1.216,-0.018,,
2026-01-27 20:38:40.076,approach_machine_to_pick,0.603,819.764,1730.022,-0.017,-0.071,90.036,89.959,10.146,-121.761,-0.018,-68.314,-0.07,0.01,-4.429,3.049,-0.001,1.383,0.01,0.02,-5.06,-3.45,0.53,-0.09,-0.01,-0.015,2.698,-1.508,0.001,-1.192,-0.017,,
2026-01-27 20:38:40.177,approach_machine_to_pick,0.596,823.311,1729.453,-0.017,-0.072,90.036,89.96,9.858,-121.563,-0.018,-68.224,-0.069,0.009,-4.041,2.782,-0.001,1.261,0.009,-0.03,-4.93,-3.48,0.53,-0.22,0.02,-0.015,2.819,-1.627,0.001,-1.194,-0.016,,
2026-01-27 20:38:40.278,approach_machine_to_pick,0.59,826.68,1728.896,-0.017,-0.072,90.036,89.961,9.585,-121.375,-0.018,-68.139,-0.068,0.008,-3.713,2.557,-0.001,1.159,0.008,0.06,-4.93,-3.61,0.56,-0.22,-0.07,-0.014,2.683,-1.565,0.001,-1.12,-0.015,,
2026-01-27 20:38:40.379,approach_machine_to_pick,0.584,829.864,1728.354,-0.017,-0.072,90.036,89.961,9.327,-121.197,-0.018,-68.059,-0.068,0.008,-3.429,2.362,-0.001,1.07,0.008,0.02,-4.99,-3.46,0.61,-0.21,0.01,-0.013,2.565,-1.512,0.001,-1.055,-0.014,,
2026-01-27 20:38:40.482,approach_machine_to_pick,0.579,832.76,1727.847,-0.017,-0.072,90.036,89.962,9.093,-121.035,-0.018,-67.986,-0.067,0.007,-3.158,2.176,-0.001,0.985,0.007,0.03,-4.98,-3.54,0.67,-0.18,0.01,-0.012,2.542,-1.521,0.001,-1.022,-0.013,,
2026-01-27 20:38:40.585,approach_machine_to_pick,0.574,835.306,1727.393,-0.017,-0.072,90.036,89.962,8.887,-120.893,-0.018,-67.922,-0.067,0.006,-2.884,1.987,-0.001,0.899,0.006,0.04,-4.88,-3.54,0.57,-0.18,0.01,-0.011,2.573,-1.566,0.001,-1.009,-0.012,,
2026-01-27 20:38:40.685,approach_machine_to_pick,0.57,837.629,1726.969,-0.017,-0.072,90.036,89.962,8.699,-120.764,-0.018,-67.863,-0.067,0.006,-2.633,1.814,-0.001,0.821,0.006,0.05,-4.97,-3.61,0.5,-0.31,0.01,-0.011,2.496,-1.533,0.001,-0.964,-0.012,,
2026-01-27 20:38:40.785,approach_machine_to_pick,0.566,839.825,1726.562,-0.017,-0.073,90.036,89.963,8.521,-120.641,-0.019,-67.808,-0.066,0.005,-2.419,1.667,-0.001,0.754,0.005,0.03,-4.88,-3.45,0.57,-0.17,0.01,-0.01,2.35,-1.451,0.001,-0.9,-0.011,,
2026-01-27 20:38:40.889,approach_machine_to_pick,0.562,841.617,1726.224,-0.017,-0.073,90.036,89.963,8.376,-120.541,-0.019,-67.763,-0.066,0.005,-2.176,1.5,-0.001,0.678,0.005,0.05,-4.82,-3.56,0.62,-0.1,-0.07,-0.009,2.441,-1.531,0.001,-0.912,-0.01,,
2026-01-27 20:38:40.990,approach_machine_to_pick,0.559,843.39,1725.885,-0.017,-0.073,90.036,89.963,8.233,-120.443,-0.019,-67.718,-0.065,0.004,-1.991,1.372,-0.001,0.62,0.004,0.04,-4.86,-3.55,0.6,-0.18,0.02,-0.009,2.213,-1.389,0.001,-0.825,-0.009,,
2026-01-27 20:38:41.091,approach_machine_to_pick,0.556,844.777,1725.616,-0.017,-0.073,90.036,89.964,8.121,-120.365,-0.019,-67.683,-0.065,0.004,-1.774,1.222,-0.001,0.553,0.004,0.03,-4.75,-3.66,0.6,-0.2,0.06,-0.008,2.304,-1.465,0.001,-0.84,-0.009,,
2026-01-27 20:38:41.191,approach_machine_to_pick,0.553,846.327,1725.313,-0.017,-0.073,90.036,89.964,7.995,-120.279,-0.019,-67.644,-0.065,0.004,-1.644,1.133,-0.001,0.512,0.004,-0.02,-4.7,-3.6,0.55,-0.18,0.04,-0.007,1.942,-1.228,0.001,-0.715,-0.008,,
2026-01-27 20:38:41.292,approach_machine_to_pick,0.55,847.736,1725.034,-0.017,-0.073,90.036,89.964,7.881,-120.2,-0.019,-67.609,-0.065,0.003,-1.518,1.046,-0.0,0.473,0.003,-0.04,-4.73,-3.58,0.57,-0.23,-0.01,-0.007,1.861,-1.184,0.001,-0.679,-0.007,,
2026-01-27 20:38:41.394,approach_machine_to_pick,0.548,849.018,1724.778,-0.017,-0.073,90.036,89.964,7.778,-120.129,-0.019,-67.576,-0.064,0.003,-1.397,0.963,-0.0,0.435,0.003,0.07,-4.82,-3.69,0.61,-0.14,-0.09,-0.006,1.778,-1.136,0.001,-0.643,-0.007,,
2026-01-27 20:38:41.495,approach_machine_to_pick,0.545,850.145,1724.551,-0.017,-0.073,90.036,89.965,7.687,-120.066,-0.019,-67.548,-0.064,0.003,-1.276,0.879,-0.0,0.397,0.003,-0.02,-4.86,-3.53,0.52,-0.2,-0.01,-0.006,1.726,-1.11,0.001,-0.618,-0.006,,
2026-01-27 20:38:41.596,approach_machine_to_pick,0.543,851.137,1724.35,-0.018,-0.073,90.036,89.965,7.607,-120.011,-0.019,-67.523,-0.064,0.003,-1.157,0.798,-0.0,0.36,0.003,-0.05,-4.74,-3.69,0.64,-0.25,-0.03,-0.006,1.663,-1.074,0.001,-0.59,-0.006,waypoint,
2026-01-27 20:38:41.699,pick_on_machine,0.542,852.111,1724.15,-0.018,-0.073,90.036,89.965,7.528,-119.957,-0.019,-67.498,-0.064,0.002,-1.065,0.734,-0.0,0.332,0.002,0.0,-4.64,-3.63,0.58,-0.19,-0.03,-0.005,1.51,-0.976,0.0,-0.536,-0.005,,
2026-01-27 20:38:41.800,pick_on_machine,0.54,852.998,1723.968,-0.018,-0.073,90.036,89.965,7.456,-119.907,-0.019,-67.476,-0.064,0.002,-0.978,0.674,-0.0,0.305,0.002,-0.02,-4.75,-3.7,0.66,-0.18,-0.05,-0.005,1.431,-0.927,0.0,-0.504,-0.005,,
2026-01-27 20:38:41.901,pick_on_machine,0.538,853.777,1723.806,-0.018,-0.073,90.036,89.965,7.393,-119.864,-0.019,-67.456,-0.064,0.002,-0.891,0.614,-0.0,0.277,0.002,0.06,-4.7,-3.54,0.63,-0.31,-0.03,-0.004,1.375,-0.895,0.0,-0.481,-0.005,,
2026-01-27 20:38:42.001,pick_on_machine,0.537,854.487,1723.658,-0.018,-0.073,90.036,89.965,7.336,-119.824,-0.019,-67.439,-0.063,0.002,-0.812,0.559,-0.0,0.253,0.002,0.03,-4.8,-3.61,0.63,-0.21,0.06,-0.004,1.292,-0.843,0.0,-0.45,-0.004,,
2026-01-27 20:38:42.103,pick_on_machine,0.535,855.159,1723.518,-0.018,-0.073,90.036,89.966,7.281,-119.787,-0.019,-67.422,-0.063,0.002,-0.744,0.513,-0.0,0.232,0.002,0.09,-4.76,-3.56,0.58,-0.27,-0.05,-0.004,1.195,-0.781,0.0,-0.415,-0.004,,
2026-01-27 20:38:42.205,pick_on_machine,0.534,855.77,1723.389,-0.018,-0.073,90.036,89.966,7.232,-119.753,-0.019,-67.406,-0.063,0.001,-0.682,0.47,-0.0,0.212,0.002,-0.01,-4.7,-3.7,0.61,-0.22,0.0,-0.003,1.124,-0.736,0.0,-0.389,-0.004,,
2026-01-27 20:38:42.307,pick_on_machine,0.533,856.325,1723.272,-0.018,-0.073,90.036,89.966,7.187,-119.722,-0.019,-67.392,-0.063,0.001,-0.624,0.43,-0.0,0.194,0.001,-0.01,-4.55,-3.61,0.64,-0.18,0.06,-0.003,1.057,-0.694,0.0,-0.364,-0.003,,
2026-01-27 20:38:42.408,pick_on_machine,0.532,856.831,1723.165,-0.018,-0.073,90.036,89.966,7.146,-119.694,-0.019,-67.38,-0.063,0.001,-0.57,0.393,-0.0,0.177,0.001,0.04,-4.79,-3.57,0.62,-0.23,0.03,-0.003,0.992,-0.652,0.0,-0.34,-0.003,,
2026-01-27 20:38:42.512,pick_on_machine,0.531,857.275,1723.071,-0.018,-0.074,90.036,89.966,7.11,-119.669,-0.019,-67.368,-0.063,0.001,-0.517,0.356,-0.0,0.161,0.001,0.0,-4.63,-3.72,0.6,-0.23,0.03,-0.003,0.942,-0.621,0.0,-0.321,-0.003,,
2026-01-27 20:38:42.613,pick_on_machine,0.53,857.694,1722.981,-0.018,-0.074,90.036,89.966,7.076,-119.646,-0.019,-67.358,-0.063,0.001,-0.473,0.326,-0.0,0.147,0.001,0.04,-4.65,-3.69,0.63,-0.26,-0.08,-0.003,0.868,-0.573,0.0,-0.295,-0.003,,
2026-01-27 20:38:42.715,pick_on_machine,0.53,858.063,1722.902,-0.018,-0.074,90.036,89.966,7.047,-119.625,-0.019,-67.349,-0.063,0.001,-0.429,0.296,-0.0,0.134,0.001,0.02,-4.71,-3.65,0.6,-0.19,0.04,-0.002,0.822,-0.544,0.0,-0.279,-0.003,,
2026-01-27 20:38:42.815,pick_on_machine,0.529,858.399,1722.83,-0.018,-0.074,90.036,89.966,7.02,-119.606,-0.019,-67.34,-0.063,0.001,-0.39,0.269,-0.0,0.121,0.001,-0.04,-4.63,-3.59,0.58,-0.33,-0.07,-0.002,0.766,-0.507,0.0,-0.259,-0.002,,
2026-01-27 20:38:42.917,pick_on_machine,0.528,858.706,1722.764,-0.018,-0.074,90.036,89.966,6.995,-119.589,-0.019,-67.332,-0.063,0.001,-0.354,0.244,-0.0,0.11,0.001,0.05,-4.66,-3.58,0.61,-0.19,0.02,-0.002,0.713,-0.473,0.0,-0.24,-0.002,,
2026-01-27 20:38:43.018,pick_on_machine,0.528,858.996,1722.702,-0.018,-0.074,90.036,89.966,6.971,-119.573,-0.019,-67.325,-0.063,0.001,-0.324,0.223,-0.0,0.101,0.001,0.02,-4.67,-3.6,0.58,-0.32,-0.01,-0.002,0.655,-0.435,0.0,-0.221,-0.002,,
2026-01-27 20:38:43.120,pick_on_machine,0.527,859.223,1722.653,-0.018,-0.074,90.036,89.966,6.953,-119.56,-0.019,-67.319,-0.063,0.001,-0.289,0.199,-0.0,0.09,0.001,0.09,-4.69,-3.56,0.57,-0.23,-0.07,-0.002,0.64,-0.426,0.0,-0.214,-0.002,,
2026-01-27 20:38:43.221,pick_on_machine,0.527,859.466,1722.6,-0.018,-0.074,90.036,89.966,6.933,-119.547,-0.019,-67.313,-0.063,0.001,-0.266,0.183,-0.0,0.083,0.001,-0.02,-4.67,-3.6,0.55,-0.27,-0.01,-0.002,0.564,-0.375,0.0,-0.189,-0.002,,
2026-01-27 20:38:43.323,pick_on_machine,0.526,859.672,1722.556,-0.018,-0.074,90.036,89.966,6.917,-119.535,-0.019,-67.308,-0.063,0.001,-0.241,0.166,-0.0,0.075,0.001,-0.03,-4.71,-3.6,0.58,-0.33,0.01,-0.002,0.537,-0.358,0.0,-0.179,-0.002,,
2026-01-27 20:38:43.425,pick_on_machine,0.526,859.882,1722.51,-0.018,-0.074,90.036,89.966,6.9,-119.524,-0.019,-67.303,-0.063,0.0,-0.223,0.154,-0.0,0.07,0.0,-0.02,-4.68,-3.73,0.69,-0.23,0.01,-0.001,0.481,-0.321,0.0,-0.161,-0.001,,
2026-01-27 20:38:43.527,pick_on_machine,0.526,860.059,1722.472,-0.018,-0.074,90.036,89.966,6.885,-119.514,-0.019,-67.298,-0.062,0.0,-0.203,0.14,-0.0,0.063,0.0,0.04,-4.61,-3.71,0.59,-0.3,0.01,-0.001,0.459,-0.306,0.0,-0.153,-0.001,,
2026-01-27 20:38:43.628,pick_on_machine,0.525,860.227,1722.435,-0.018,-0.074,90.036,89.966,6.872,-119.504,-0.019,-67.294,-0.062,0.0,-0.186,0.128,-0.0,0.058,0.0,0.05,-4.62,-3.65,0.55,-0.19,-0.16,-0.001,0.421,-0.281,0.0,-0.14,-0.001,,
2026-01-27 20:38:43.731,pick_on_machine,0.525,860.379,1722.402,-0.018,-0.074,90.036,89.966,6.86,-119.496,-0.019,-67.29,-0.062,0.0,-0.17,0.117,-0.0,0.053,0.0,-0.01,-4.63,-3.62,0.67,-0.19,0.09,-0.001,0.391,-0.262,0.0,-0.13,-0.001,,
2026-01-27 20:38:43.832,pick_on_machine,0.525,860.518,1722.372,-0.018,-0.074,90.036,89.967,6.848,-119.488,-0.019,-67.287,-0.062,0.0,-0.156,0.107,-0.0,0.049,0.0,-0.02,-4.69,-3.68,0.41,-0.23,0.04,-0.001,0.363,-0.243,0.0,-0.12,-0.001,,
2026-01-27 20:38:43.933,pick_on_machine,0.524,860.591,1722.356,-0.018,-0.074,90.036,89.967,6.842,-119.484,-0.019,-67.285,-0.062,0.0,-0.132,0.091,-0.0,0.041,0.0,-0.01,-4.67,-3.65,0.65,-0.29,0.03,-0.001,0.379,-0.255,0.0,-0.125,-0.001,,
2026-01-27 20:38:44.237,pick_on_machine,0.524,860.891,1722.291,-0.018,-0.074,90.036,89.967,6.818,-119.468,-0.019,-67.277,-0.062,0.0,-0.103,0.071,-0.0,0.032,0.0,0.1,-4.64,-3.68,0.54,-0.27,0.07,-0.001,0.258,-0.173,0.0,-0.085,-0.001,,
2026-01-27 20:38:44.645,pick_on_machine,0.523,861.205,1722.222,-0.018,-0.074,90.036,89.967,6.793,-119.45,-0.019,-67.269,-0.062,0.0,-0.074,0.051,-0.0,0.023,0.0,-0.04,-4.62,-3.7,0.65,-0.24,0.02,-0.001,0.195,-0.131,0.0,-0.064,-0.001,,
2026-01-27 20:38:44.951,pick_on_machine,0.523,861.375,1722.185,-0.018,-0.074,90.036,89.967,6.779,-119.441,-0.019,-67.265,-0.062,0.0,-0.057,0.039,-0.0,0.018,0.0,-0.02,-4.62,-3.67,0.58,-0.21,-0.05,-0.0,0.152,-0.102,0.0,-0.05,-0.0,,
2026-01-27 20:38:45.359,pick_on_machine,0.523,861.541,1722.149,-0.018,-0.074,90.036,89.967,6.766,-119.431,-0.019,-67.261,-0.062,0.0,-0.04,0.028,-0.0,0.013,0.0,0.11,-4.6,-3.64,0.62,-0.21,-0.07,-0.0,0.112,-0.076,0.0,-0.036,-0.0,,
2026-01-27 20:38:45.663,pick_on_machine,0.522,861.632,1722.129,-0.018,-0.074,90.036,89.967,6.758,-119.426,-0.019,-67.259,-0.062,0.0,-0.031,0.021,-0.0,0.01,0.0,0.01,-4.58,-3.7,0.63,-0.32,0.07,-0.0,0.086,-0.058,0.0,-0.028,-0.0,,
2026-01-27 20:38:46.071,pick_on_machine,0.522,861.717,1722.11,-0.018,-0.074,90.036,89.967,6.751,-119.422,-0.019,-67.257,-0.062,0.0,-0.021,0.014,-0.0,0.007,0.0,0.0,-4.6,-3.73,0.63,-0.2,0.03,-0.0,0.063,-0.043,0.0,-0.02,-0.0,,
2026-01-27 20:38:46.375,pick_on_machine,0.522,861.764,1722.1,-0.018,-0.074,90.036,89.967,6.748,-119.419,-0.019,-67.255,-0.062,0.0,-0.016,0.011,-0.0,0.005,0.0,0.02,-4.74,-3.63,0.58,-0.23,-0.08,-0.0,0.049,-0.033,0.0,-0.016,-0.0,,
2026-01-27 20:38:46.779,pick_on_machine,0.522,861.81,1722.09,-0.018,-0.074,90.036,89.967,6.744,-119.416,-0.019,-67.254,-0.062,0.0,-0.011,0.008,-0.0,0.003,0.0,-0.02,-4.61,-3.63,0.64,-0.16,-0.06,-0.0,0.035,-0.024,0.0,-0.011,-0.0,,
2026-01-27 20:38:47.185,pick_on_machine,0.522,861.841,1722.083,-0.018,-0.074,90.036,89.967,6.741,-119.415,-0.019,-67.253,-0.062,0.0,-0.008,0.005,-0.0,0.002,0.0,0.01,-4.64,-3.64,0.58,-0.28,0.04,-0.0,0.025,-0.017,0.0,-0.008,-0.0,,
2026-01-27 20:38:47.286,pick_to_retreat_machine,0.522,862.038,1724.835,-0.018,-0.074,90.036,89.967,6.774,-119.244,-0.019,-67.456,-0.062,0.0,0.075,0.43,0.0,-0.505,0.0,0.04,-4.76,-3.76,0.45,-0.18,0.06,0.0,0.351,1.684,0.001,-2.035,0.0,,
2026-01-27 20:38:47.388,pick_to_retreat_machine,0.521,862.644,1734.62,-0.017,-0.074,90.036,89.967,6.89,-118.641,-0.019,-68.175,-0.062,0.0,0.346,1.831,0.001,-2.177,0.0,-0.05,-4.82,-3.73,0.71,-0.23,0.05,0.001,1.153,5.849,0.003,-6.998,0.0,,
2026-01-27 20:38:47.490,pick_to_retreat_machine,0.52,863.086,1743.54,-0.017,-0.075,90.036,89.967,6.995,-118.092,-0.018,-68.829,-0.062,0.0,0.523,2.746,0.001,-3.268,0.0,0.05,-4.98,-3.82,0.62,-0.23,0.01,0.001,0.933,4.718,0.002,-5.648,0.0,,
2026-01-27 20:38:47.592,pick_to_retreat_machine,0.519,863.37,1750.834,-0.017,-0.075,90.036,89.967,7.081,-117.644,-0.018,-69.363,-0.062,0.0,0.608,3.18,0.002,-3.786,0.0,-0.06,-4.91,-3.84,0.65,-0.24,-0.01,0.0,0.645,3.237,0.002,-3.88,0.0,,
2026-01-27 20:38:47.695,pick_to_retreat_machine,0.518,863.589,1758.314,-0.017,-0.075,90.035,89.967,7.169,-117.185,-0.018,-69.91,-0.062,0.0,0.676,3.532,0.002,-4.206,0.0,-0.0,-4.99,-3.94,0.63,-0.32,0.08,0.0,0.601,3.02,0.002,-3.62,0.0,,
2026-01-27 20:38:47.797,pick_to_retreat_machine,0.517,863.726,1765.126,-0.017,-0.075,90.035,89.967,7.25,-116.767,-0.018,-70.407,-0.062,0.0,0.708,3.692,0.002,-4.398,0.0,-0.03,-5.02,-3.96,0.58,-0.17,0.03,0.0,0.462,2.303,0.001,-2.763,0.0,,
2026-01-27 20:38:47.899,pick_to_retreat_machine,0.516,863.797,1771.33,-0.017,-0.076,90.035,89.967,7.323,-116.388,-0.018,-70.86,-0.062,0.0,0.713,3.718,0.002,-4.429,0.0,-0.05,-5.0,-3.91,0.58,-0.22,0.02,0.0,0.343,1.695,0.001,-2.037,0.0,,
2026-01-27 20:38:48.003,pick_to_retreat_machine,0.515,863.819,1776.978,-0.017,-0.076,90.035,89.967,7.389,-116.043,-0.017,-71.271,-0.062,0.0,0.701,3.651,0.002,-4.35,0.0,-0.07,-5.13,-3.92,0.65,-0.19,-0.04,0.0,0.243,1.182,0.001,-1.424,-0.0,,
2026-01-27 20:38:48.103,pick_to_retreat_machine,0.514,863.805,1781.945,-0.016,-0.076,90.035,89.967,7.447,-115.739,-0.017,-71.632,-0.062,0.0,0.671,3.497,0.002,-4.166,0.0,-0.0,-5.06,-4.01,0.58,-0.17,0.03,0.0,0.138,0.645,0.0,-0.782,-0.0,,
2026-01-27 20:38:48.204,pick_to_retreat_machine,0.514,863.763,1786.481,-0.016,-0.076,90.035,89.967,7.5,-115.463,-0.017,-71.962,-0.062,0.0,0.636,3.314,0.002,-3.949,0.0,-0.0,-5.05,-4.09,0.75,-0.22,0.08,0.0,0.073,0.315,0.0,-0.388,-0.0,,
2026-01-27 20:38:48.306,pick_to_retreat_machine,0.513,863.7,1790.769,-0.016,-0.076,90.035,89.967,7.551,-115.201,-0.017,-72.274,-0.062,0.0,0.603,3.14,0.002,-3.74,0.0,0.04,-5.06,-4.03,0.64,-0.25,0.02,-0.0,0.036,0.131,0.0,-0.167,-0.0,,
2026-01-27 20:38:48.406,pick_to_retreat_machine,0.513,863.627,1794.405,-0.016,-0.076,90.034,89.967,7.593,-114.98,-0.017,-72.538,-0.062,0.0,0.559,2.909,0.001,-3.465,0.0,-0.05,-5.2,-3.92,0.67,-0.28,-0.06,-0.0,-0.044,-0.281,-0.0,0.325,-0.0,,
2026-01-27 20:38:48.508,pick_to_retreat_machine,0.512,863.543,1797.859,-0.016,-0.077,90.034,89.967,7.634,-114.769,-0.017,-72.788,-0.062,0.0,0.52,2.707,0.001,-3.226,0.0,0.07,-5.13,-3.92,0.73,-0.25,0.04,-0.0,-0.061,-0.365,-0.0,0.426,-0.0,,
2026-01-27 20:38:48.610,pick_to_retreat_machine,0.511,863.452,1801.012,-0.016,-0.077,90.034,89.967,7.671,-114.577,-0.017,-73.017,-0.062,0.0,0.482,2.51,0.001,-2.991,0.0,-0.05,-5.11,-4.02,0.6,-0.17,0.04,-0.0,-0.09,-0.513,-0.0,0.603,-0.0,,
2026-01-27 20:38:48.710,pick_to_retreat_machine,0.511,863.369,1803.583,-0.016,-0.077,90.034,89.967,7.701,-114.421,-0.017,-73.203,-0.062,0.0,0.437,2.274,0.001,-2.709,0.0,-0.1,-5.13,-4.02,0.73,-0.29,-0.07,-0.0,-0.149,-0.816,-0.0,0.965,-0.0,,
2026-01-27 20:38:48.811,pick_to_retreat_machine,0.511,863.274,1806.238,-0.016,-0.077,90.034,89.967,7.732,-114.259,-0.017,-73.396,-0.062,0.0,0.405,2.109,0.001,-2.513,0.0,0.06,-5.12,-3.91,0.61,-0.21,0.03,-0.0,-0.125,-0.684,-0.0,0.809,-0.0,,
2026-01-27 20:38:48.913,pick_to_retreat_machine,0.51,863.18,1808.661,-0.016,-0.077,90.034,89.967,7.76,-114.112,-0.016,-73.571,-0.062,0.0,0.375,1.95,0.001,-2.324,0.0,-0.02,-5.15,-3.94,0.65,-0.28,0.04,-0.0,-0.14,-0.757,-0.0,0.896,-0.0,,
2026-01-27 20:38:49.013,pick_to_retreat_machine,0.51,863.09,1810.795,-0.016,-0.077,90.034,89.967,7.785,-113.982,-0.016,-73.726,-0.062,0.0,0.343,1.787,0.001,-2.129,0.0,0.03,-5.1,-3.96,0.66,-0.33,-0.02,-0.0,-0.159,-0.858,-0.0,1.017,-0.0,,
2026-01-27 20:38:49.114,pick_to_retreat_machine,0.51,863.0,1812.821,-0.016,-0.077,90.034,89.967,7.809,-113.859,-0.016,-73.873,-0.062,0.0,0.317,1.648,0.001,-1.964,0.0,0.05,-5.14,-4.02,0.63,-0.23,0.01,-0.0,-0.156,-0.838,-0.0,0.993,-0.0,,
2026-01-27 20:38:49.217,pick_to_retreat_machine,0.509,862.91,1814.736,-0.016,-0.077,90.034,89.967,7.831,-113.743,-0.016,-74.011,-0.062,0.0,0.293,1.527,0.001,-1.82,0.0,0.0,-5.2,-3.96,0.63,-0.25,0.05,-0.0,-0.154,-0.822,-0.0,0.975,-0.0,,
2026-01-27 20:38:49.320,pick_to_retreat_machine,0.509,862.824,1816.478,-0.016,-0.077,90.034,89.967,7.851,-113.637,-0.016,-74.138,-0.062,0.0,0.271,1.41,0.001,-1.68,0.0,-0.07,-5.27,-4.05,0.62,-0.3,-0.02,-0.0,-0.158,-0.845,-0.0,1.003,-0.0,,
2026-01-27 20:38:49.420,pick_to_retreat_machine,0.509,862.745,1818.008,-0.016,-0.077,90.034,89.967,7.869,-113.544,-0.016,-74.248,-0.062,0.0,0.248,1.29,0.001,-1.537,0.0,-0.09,-5.17,-4.0,0.67,-0.24,0.05,-0.0,-0.167,-0.889,-0.0,1.056,-0.0,,
2026-01-27 20:38:49.522,pick_to_retreat_machine,0.508,862.667,1819.454,-0.016,-0.077,90.034,89.967,7.886,-113.456,-0.016,-74.353,-0.062,0.0,0.228,1.187,0.001,-1.414,0.0,0.03,-5.21,-3.98,0.54,-0.25,0.04,-0.0,-0.16,-0.852,-0.0,1.012,-0.0,,
2026-01-27 20:38:49.625,pick_to_retreat_machine,0.508,862.6,1820.68,-0.016,-0.077,90.034,89.968,7.9,-113.382,-0.016,-74.442,-0.062,0.0,0.207,1.076,0.001,-1.283,0.0,-0.03,-5.13,-4.01,0.6,-0.19,0.08,-0.0,-0.17,-0.901,-0.0,1.07,-0.0,,
2026-01-27 20:38:49.725,pick_to_retreat_machine,0.508,862.534,1821.843,-0.016,-0.077,90.034,89.968,7.914,-113.311,-0.016,-74.526,-0.062,0.0,0.189,0.984,0.0,-1.172,0.0,0.07,-5.22,-3.97,0.63,-0.26,0.02,-0.0,-0.16,-0.848,-0.0,1.008,-0.0,waypoint,
2026-01-27 20:38:49.828,pick_to_retreat_machine,0.574,834.636,1844.076,-0.016,-0.078,90.034,89.962,10.177,-113.662,-0.017,-76.438,-0.068,-0.014,5.799,-0.14,-0.001,-5.658,-0.016,-0.06,-5.94,-4.27,0.58,-0.28,-0.04,-0.056,22.348,-4.981,-0.005,-17.366,-0.064,,
2026-01-27 20:38:49.931,pick_to_retreat_machine,0.656,794.367,1872.91,-0.017,-0.078,90.035,89.954,13.349,-114.185,-0.017,-79.087,-0.077,-0.03,12.28,-1.412,-0.002,-10.867,-0.035,-0.11,-6.66,-4.66,0.73,-0.41,0.08,-0.073,29.209,-6.201,-0.007,-23.009,-0.084,,
2026-01-27 20:38:50.034,pick_to_retreat_machine,0.714,760.612,1894.764,-0.018,-0.078,90.035,89.948,15.938,-114.612,-0.018,-81.249,-0.085,-0.038,15.683,-2.126,-0.003,-13.556,-0.044,-0.21,-7.23,-4.86,0.58,-0.45,-0.07,-0.051,20.455,-4.619,-0.005,-15.836,-0.059,,
2026-01-27 20:38:50.137,pick_to_retreat_machine,0.765,725.3,1915.548,-0.018,-0.078,90.036,89.941,18.589,-115.049,-0.018,-83.463,-0.092,-0.045,18.39,-2.687,-0.004,-15.702,-0.052,-0.05,-7.75,-5.15,0.71,-0.47,0.03,-0.047,19.029,-4.259,-0.004,-14.77,-0.055,,
2026-01-27 20:38:50.238,pick_to_retreat_machine,0.802,693.71,1932.457,-0.019,-0.078,90.036,89.936,20.918,-115.432,-0.019,-85.408,-0.099,-0.048,19.615,-2.975,-0.004,-16.639,-0.056,-0.1,-8.12,-5.22,0.7,-0.58,-0.03,-0.035,13.905,-3.303,-0.003,-10.603,-0.04,,
2026-01-27 20:38:50.339,pick_to_retreat_machine,0.832,663.424,1947.262,-0.019,-0.078,90.036,89.93,23.119,-115.795,-0.019,-87.246,-0.105,-0.05,20.212,-3.138,-0.004,-17.074,-0.058,-0.19,-8.62,-5.29,0.74,-0.53,-0.04,-0.028,11.23,-2.761,-0.003,-8.47,-0.033,,
2026-01-27 20:38:50.441,pick_to_retreat_machine,0.852,636.5,1959.319,-0.02,-0.078,90.037,89.925,25.052,-116.114,-0.019,-88.861,-0.111,-0.049,19.992,-3.15,-0.004,-16.842,-0.057,-0.06,-8.86,-5.4,0.67,-0.63,0.07,-0.019,7.433,-2.044,-0.002,-5.39,-0.022,,
2026-01-27 20:38:50.543,pick_to_retreat_machine,0.867,610.817,1969.89,-0.02,-0.078,90.037,89.921,26.878,-116.415,-0.02,-90.386,-0.116,-0.048,19.56,-3.115,-0.004,-16.445,-0.056,-0.16,-9.13,-5.41,0.7,-0.57,-0.05,-0.014,5.623,-1.664,-0.002,-3.96,-0.016,,
2026-01-27 20:38:50.644,pick_to_retreat_machine,0.877,587.272,1978.808,-0.02,-0.078,90.037,89.917,28.54,-116.688,-0.02,-91.773,-0.121,-0.046,18.823,-3.021,-0.004,-15.802,-0.054,-0.01,-9.5,-5.47,0.68,-0.56,-0.03,-0.009,3.408,-1.225,-0.001,-2.184,-0.01,,
2026-01-27 20:38:50.746,pick_to_retreat_machine,0.882,565.721,1986.342,-0.021,-0.078,90.037,89.913,30.05,-116.937,-0.02,-93.035,-0.125,-0.044,17.895,-2.888,-0.004,-15.006,-0.051,0.02,-9.54,-5.37,0.63,-0.64,0.03,-0.004,1.564,-0.855,-0.001,-0.71,-0.005,,
2026-01-27 20:38:50.849,pick_to_retreat_machine,0.885,546.693,1992.504,-0.021,-0.078,90.037,89.91,31.378,-117.156,-0.021,-94.144,-0.129,-0.041,16.739,-2.713,-0.003,-14.026,-0.048,-0.14,-9.7,-5.38,0.64,-0.59,-0.11,0.001,-0.428,-0.467,-0.0,0.894,0.001,,
2026-01-27 20:38:50.950,pick_to_retreat_machine,0.885,529.258,1997.756,-0.021,-0.078,90.037,89.907,32.589,-117.356,-0.021,-95.155,-0.132,-0.038,15.583,-2.534,-0.003,-13.048,-0.044,-0.11,-9.9,-5.41,0.74,-0.6,-0.03,0.004,-1.545,-0.229,0.0,1.773,0.004,,
2026-01-27 20:38:51.052,pick_to_retreat_machine,0.884,513.295,2002.237,-0.021,-0.078,90.037,89.904,33.694,-117.538,-0.021,-96.079,-0.135,-0.035,14.451,-2.356,-0.003,-12.094,-0.041,-0.02,-9.98,-5.43,0.79,-0.56,0.03,0.006,-2.449,-0.031,0.0,2.48,0.007,,
2026-01-27 20:38:51.153,pick_to_retreat_machine,0.881,498.688,2006.068,-0.021,-0.078,90.038,89.902,34.703,-117.704,-0.021,-96.921,-0.138,-0.033,13.36,-2.183,-0.003,-11.177,-0.038,-0.08,-10.04,-5.31,0.62,-0.44,-0.02,0.008,-3.17,0.131,0.0,3.039,0.009,,
2026-01-27 20:38:51.254,pick_to_retreat_machine,0.878,485.331,2009.348,-0.022,-0.078,90.038,89.899,35.624,-117.856,-0.022,-97.69,-0.141,-0.03,12.322,-2.016,-0.002,-10.305,-0.035,-0.08,-10.13,-5.34,0.62,-0.52,0.02,0.009,-3.735,0.263,0.001,3.472,0.01,,
2026-01-27 20:38:51.356,pick_to_retreat_machine,0.873,472.688,2012.257,-0.022,-0.078,90.038,89.897,36.494,-117.999,-0.022,-98.416,-0.143,-0.028,11.416,-1.871,-0.002,-9.545,-0.033,0.02,-10.25,-5.22,0.68,-0.51,0.01,0.009,-3.869,0.321,0.001,3.549,0.011,,
2026-01-27 20:38:51.457,pick_to_retreat_machine,0.869,461.567,2014.662,-0.022,-0.078,90.038,89.895,37.258,-118.125,-0.022,-99.055,-0.146,-0.026,10.472,-1.718,-0.002,-8.754,-0.03,-0.15,-10.3,-5.13,0.66,-0.43,-0.01,0.011,-4.539,0.463,0.001,4.076,0.013,,
2026-01-27 20:38:51.561,pick_to_retreat_machine,0.864,451.406,2016.732,-0.022,-0.078,90.038,89.894,37.955,-118.24,-0.022,-99.637,-0.148,-0.024,9.598,-1.576,-0.002,-8.022,-0.027,0.03,-10.34,-5.1,0.65,-0.52,0.01,0.012,-4.753,0.527,0.001,4.227,0.013,,
2026-01-27 20:38:51.662,pick_to_retreat_machine,0.859,442.126,2018.518,-0.022,-0.078,90.038,89.892,38.592,-118.345,-0.022,-100.169,-0.149,-0.022,8.789,-1.444,-0.002,-7.345,-0.025,-0.06,-10.37,-5.07,0.67,-0.46,0.0,0.012,-4.888,0.574,0.001,4.313,0.014,,
2026-01-27 20:38:51.763,pick_to_retreat_machine,0.853,433.352,2020.116,-0.022,-0.078,90.038,89.891,39.193,-118.444,-0.022,-100.671,-0.151,-0.02,8.095,-1.331,-0.002,-6.764,-0.023,-0.01,-10.39,-5.14,0.64,-0.43,-0.01,0.012,-4.75,0.575,0.001,4.175,0.013,,
2026-01-27 20:38:51.865,pick_to_retreat_machine,0.849,425.913,2021.401,-0.022,-0.078,90.038,89.889,39.703,-118.528,-0.022,-101.096,-0.153,-0.018,7.345,-1.208,-0.001,-6.137,-0.021,-0.03,-10.44,-4.93,0.67,-0.43,-0.0,0.013,-5.193,0.669,0.001,4.524,0.015,,
2026-01-27 20:38:51.966,pick_to_retreat_machine,0.844,418.849,2022.562,-0.022,-0.078,90.038,89.888,40.186,-118.608,-0.023,-101.5,-0.154,-0.016,6.718,-1.105,-0.001,-5.613,-0.019,-0.1,-10.42,-5.06,0.64,-0.47,-0.05,0.012,-4.932,0.644,0.001,4.287,0.014,,
2026-01-27 20:38:52.069,pick_to_retreat_machine,0.839,412.4,2023.573,-0.022,-0.078,90.038,89.887,40.628,-118.681,-0.023,-101.869,-0.155,-0.015,6.142,-1.011,-0.001,-5.131,-0.018,-0.03,-10.45,-4.96,0.64,-0.39,-0.02,0.012,-4.861,0.65,0.001,4.211,0.014,,
2026-01-27 20:38:52.171,pick_to_retreat_machine,0.834,406.306,2024.484,-0.022,-0.078,90.038,89.886,41.045,-118.75,-0.023,-102.217,-0.156,-0.014,5.65,-0.93,-0.001,-4.719,-0.016,0.03,-10.45,-4.87,0.67,-0.4,0.02,0.011,-4.619,0.625,0.001,3.994,0.013,,
2026-01-27 20:38:52.271,pick_to_retreat_machine,0.83,400.951,2025.25,-0.022,-0.078,90.038,89.885,41.411,-118.81,-0.023,-102.523,-0.157,-0.013,5.153,-0.849,-0.001,-4.305,-0.015,0.02,-10.53,-4.82,0.72,-0.36,0.06,0.011,-4.664,0.646,0.001,4.018,0.013,,
2026-01-27 20:38:52.374,pick_to_retreat_machine,0.826,395.891,2025.944,-0.022,-0.078,90.038,89.884,41.758,-118.867,-0.023,-102.813,-0.158,-0.012,4.73,-0.779,-0.001,-3.951,-0.013,-0.03,-10.53,-4.79,0.7,-0.29,-0.13,0.011,-4.399,0.614,0.001,3.785,0.012,,
2026-01-27 20:38:52.475,pick_to_retreat_machine,0.822,391.445,2026.529,-0.023,-0.078,90.038,89.884,42.062,-118.917,-0.023,-103.067,-0.159,-0.011,4.308,-0.71,-0.001,-3.598,-0.012,0.01,-10.54,-4.77,0.68,-0.36,-0.09,0.011,-4.38,0.622,0.001,3.758,0.012,,
2026-01-27 20:38:52.577,pick_to_retreat_machine,0.818,387.388,2027.044,-0.023,-0.078,90.038,89.883,42.339,-118.963,-0.023,-103.298,-0.16,-0.01,3.925,-0.647,-0.001,-3.278,-0.011,-0.02,-10.42,-4.78,0.72,-0.39,0.05,0.01,-4.208,0.604,0.001,3.604,0.012,,
2026-01-27 20:38:52.679,pick_to_retreat_machine,0.815,383.686,2027.498,-0.023,-0.078,90.038,89.882,42.593,-119.005,-0.023,-103.51,-0.161,-0.009,3.577,-0.589,-0.001,-2.988,-0.01,-0.02,-10.42,-4.76,0.66,-0.37,0.01,0.01,-4.03,0.584,0.001,3.446,0.011,,
2026-01-27 20:38:52.782,pick_to_retreat_machine,0.812,380.188,2027.912,-0.023,-0.078,90.038,89.882,42.832,-119.044,-0.023,-103.71,-0.162,-0.008,3.281,-0.541,-0.001,-2.74,-0.009,-0.04,-10.41,-4.72,0.72,-0.41,-0.05,0.009,-3.766,0.548,0.001,3.218,0.011,,
2026-01-27 20:38:52.882,pick_to_retreat_machine,0.809,377.224,2028.252,-0.023,-0.078,90.038,89.881,43.035,-119.077,-0.023,-103.879,-0.162,-0.007,2.968,-0.489,-0.001,-2.479,-0.008,0.0,-10.46,-4.69,0.78,-0.33,-0.08,0.009,-3.755,0.554,0.001,3.201,0.011,,
2026-01-27 20:38:52.983,pick_to_retreat_machine,0.806,374.31,2028.577,-0.023,-0.078,90.038,89.881,43.234,-119.11,-0.023,-104.046,-0.163,-0.007,2.724,-0.449,-0.001,-2.275,-0.008,0.05,-10.47,-4.71,0.63,-0.25,0.01,0.008,-3.414,0.504,0.001,2.91,0.01,,
2026-01-27 20:38:53.085,pick_to_retreat_machine,0.804,371.751,2028.854,-0.023,-0.078,90.038,89.88,43.409,-119.139,-0.023,-104.192,-0.163,-0.006,2.481,-0.409,-0.0,-2.072,-0.007,-0.05,-10.47,-4.61,0.71,-0.24,0.0,0.008,-3.315,0.493,0.001,2.821,0.009,,
2026-01-27 20:38:53.188,pick_to_retreat_machine,0.801,369.333,2029.11,-0.023,-0.078,90.038,89.88,43.575,-119.166,-0.023,-104.33,-0.164,-0.006,2.274,-0.375,-0.0,-1.899,-0.006,0.03,-10.49,-4.63,0.66,-0.27,-0.04,0.008,-3.08,0.46,0.001,2.62,0.009,,
2026-01-27 20:38:53.289,pick_to_retreat_machine,0.799,367.209,2029.329,-0.023,-0.078,90.038,89.88,43.72,-119.19,-0.023,-104.451,-0.164,-0.005,2.069,-0.341,-0.0,-1.728,-0.006,-0.1,-10.41,-4.76,0.59,-0.27,0.04,0.007,-2.973,0.447,0.001,2.526,0.008,,
2026-01-27 20:38:53.392,pick_to_retreat_machine,0.797,365.202,2029.531,-0.023,-0.079,90.038,89.879,43.857,-119.213,-0.023,-104.566,-0.164,-0.005,1.895,-0.312,-0.0,-1.583,-0.005,-0.08,-10.39,-4.62,0.66,-0.35,-0.06,0.007,-2.756,0.416,0.001,2.34,0.008,,
2026-01-27 20:38:53.493,pick_to_retreat_machine,0.795,363.44,2029.704,-0.023,-0.079,90.038,89.879,43.978,-119.233,-0.023,-104.667,-0.165,-0.004,1.723,-0.284,-0.0,-1.439,-0.005,-0.03,-10.44,-4.59,0.7,-0.27,-0.04,0.006,-2.647,0.402,0.001,2.246,0.008,,
2026-01-27 20:38:53.594,pick_to_retreat_machine,0.794,361.831,2029.86,-0.023,-0.079,90.038,89.879,44.088,-119.251,-0.023,-104.759,-0.165,-0.004,1.567,-0.258,-0.0,-1.309,-0.004,-0.02,-10.45,-4.66,0.64,-0.29,0.12,0.006,-2.488,0.379,0.0,2.109,0.007,,
2026-01-27 20:38:53.694,pick_to_retreat_machine,0.792,360.363,2029.999,-0.023,-0.079,90.038,89.878,44.188,-119.268,-0.023,-104.843,-0.165,-0.004,1.427,-0.235,-0.0,-1.192,-0.004,-0.09,-10.37,-4.52,0.6,-0.3,0.06,0.006,-2.335,0.357,0.0,1.979,0.007,,
2026-01-27 20:38:53.796,pick_to_retreat_machine,0.791,358.976,2030.129,-0.023,-0.079,90.038,89.878,44.283,-119.283,-0.023,-104.922,-0.166,-0.003,1.307,-0.215,-0.0,-1.092,-0.004,0.03,-10.46,-4.56,0.7,-0.3,0.02,0.005,-2.157,0.33,0.0,1.827,0.006,,
2026-01-27 20:38:53.897,pick_to_retreat_machine,0.789,357.758,2030.241,-0.023,-0.079,90.038,89.878,44.367,-119.297,-0.023,-104.992,-0.166,-0.003,1.189,-0.196,-0.0,-0.993,-0.003,-0.0,-10.4,-4.56,0.64,-0.21,0.04,0.005,-2.057,0.316,0.0,1.741,0.006,waypoint,
2026-01-27 20:38:54.002,retreat_machine_to_approach_unloader,75.157,337.543,2043.924,-0.022,-0.078,77.623,77.452,44.748,-118.326,-0.023,-106.344,-0.178,-31.068,1.844,2.281,0.001,-4.126,-0.032,2.39,-10.85,-3.0,0.25,0.35,0.07,-124.255,1.123,10.135,0.003,-11.263,-0.109,,
2026-01-27 20:38:54.103,retreat_machine_to_approach_unloader,144.996,299.651,2058.269,-0.022,-0.077,64.366,64.183,45.137,-117.286,-0.023,-107.774,-0.19,-56.473,2.356,4.311,0.001,-6.669,-0.055,4.08,-11.05,-1.98,-0.04,0.82,0.08,-120.257,1.095,9.809,0.003,-10.909,-0.107,,
2026-01-27 20:38:54.203,retreat_machine_to_approach_unloader,197.311,252.801,2071.178,-0.022,-0.077,52.227,52.033,45.493,-116.333,-0.023,-109.083,-0.202,-72.73,2.658,5.614,0.002,-8.275,-0.07,5.31,-11.12,-1.25,-0.24,0.97,-0.01,-97.046,0.657,7.951,0.003,-8.613,-0.086,,
2026-01-27 20:38:54.306,retreat_machine_to_approach_unloader,235.915,198.56,2083.644,-0.021,-0.076,40.296,40.091,45.844,-115.397,-0.022,-110.37,-0.213,-84.403,2.869,6.551,0.002,-9.424,-0.081,6.02,-11.12,-0.93,-0.37,0.94,0.04,-85.258,0.53,6.993,0.002,-7.527,-0.075,,
2026-01-27 20:38:54.407,retreat_machine_to_approach_unloader,259.063,144.93,2094.785,-0.021,-0.076,29.444,29.229,46.162,-114.546,-0.022,-111.541,-0.223,-90.456,2.948,7.041,0.002,-9.994,-0.086,6.5,-11.11,-0.77,-0.39,0.98,-0.01,-65.927,0.16,5.447,0.002,-5.61,-0.057,,
2026-01-27 20:38:54.509,retreat_machine_to_approach_unloader,269.776,96.501,2104.413,-0.02,-0.076,19.911,19.687,46.442,-113.798,-0.022,-112.569,-0.232,-91.696,2.911,7.151,0.002,-10.066,-0.087,6.71,-11.0,-0.92,-0.45,0.85,0.02,-46.137,-0.243,3.868,0.001,-3.627,-0.039,,
2026-01-27 20:38:54.609,retreat_machine_to_approach_unloader,271.843,52.716,2113.065,-0.02,-0.075,11.211,10.98,46.698,-113.115,-0.022,-113.507,-0.241,-90.542,2.822,7.07,0.002,-9.895,-0.086,6.7,-11.01,-1.01,-0.34,0.89,-0.08,-33.184,-0.463,2.827,0.001,-2.366,-0.027,,
2026-01-27 20:38:54.711,retreat_machine_to_approach_unloader,267.363,12.829,2121.12,-0.02,-0.075,2.992,2.752,46.939,-112.471,-0.021,-114.394,-0.248,-88.475,2.72,6.914,0.002,-9.638,-0.084,6.56,-10.96,-1.12,-0.27,0.83,-0.01,-25.061,-0.558,2.168,0.001,-1.611,-0.02,,
2026-01-27 20:38:54.813,retreat_machine_to_approach_unloader,258.255,-21.396,2128.343,-0.02,-0.075,-4.484,-4.731,47.158,-111.884,-0.021,-115.2,-0.255,-85.064,2.589,6.652,0.002,-9.244,-0.081,6.33,-10.85,-1.48,-0.28,0.72,0.07,-15.111,-0.72,1.368,0.001,-0.648,-0.011,,
2026-01-27 20:38:54.915,retreat_machine_to_approach_unloader,246.193,-50.277,2134.826,-0.019,-0.074,-11.284,-11.537,47.358,-111.351,-0.021,-115.934,-0.262,-80.812,2.441,6.323,0.002,-8.767,-0.077,6.05,-10.9,-1.75,-0.19,0.56,-0.08,-6.829,-0.847,0.7,0.0,0.146,-0.004,,
2026-01-27 20:38:55.016,retreat_machine_to_approach_unloader,232.439,-74.325,2140.648,-0.019,-0.074,-17.468,-17.727,47.54,-110.865,-0.021,-116.601,-0.268,-76.085,2.284,5.955,0.002,-8.243,-0.072,5.73,-10.84,-2.03,-0.24,0.42,0.02,0.012,-0.943,0.147,0.0,0.795,0.003,,
2026-01-27 20:38:55.117,retreat_machine_to_approach_unloader,218.438,-93.488,2145.705,-0.019,-0.074,-22.901,-23.165,47.699,-110.439,-0.021,-117.187,-0.273,-70.658,2.112,5.532,0.002,-7.647,-0.067,5.39,-10.82,-2.31,-0.05,0.36,0.01,7.532,-1.069,-0.457,-0.0,1.526,0.01,,
2026-01-27 20:38:55.218,retreat_machine_to_approach_unloader,203.788,-109.766,2150.432,-0.019,-0.074,-28.035,-28.303,47.85,-110.036,-0.021,-117.74,-0.278,-65.839,1.961,5.156,0.001,-7.119,-0.062,5.17,-10.79,-2.48,-0.02,0.34,0.08,9.779,-1.05,-0.646,-0.0,1.697,0.011,,
2026-01-27 20:38:55.321,retreat_machine_to_approach_unloader,189.448,-122.941,2154.688,-0.018,-0.073,-32.703,-32.976,47.987,-109.67,-0.021,-118.244,-0.282,-61.062,1.813,4.783,0.001,-6.598,-0.058,4.72,-10.85,-2.75,0.07,0.22,0.07,13.45,-1.082,-0.946,-0.0,2.028,0.015,,
2026-01-27 20:38:55.422,retreat_machine_to_approach_unloader,175.708,-133.523,2158.523,-0.018,-0.073,-36.95,-37.226,48.112,-109.337,-0.021,-118.702,-0.286,-56.422,1.672,4.42,0.001,-6.094,-0.053,4.34,-10.81,-2.95,0.08,0.12,0.09,16.333,-1.098,-1.183,-0.0,2.281,0.017,,
2026-01-27 20:38:55.525,retreat_machine_to_approach_unloader,162.747,-141.96,2161.98,-0.018,-0.073,-40.812,-41.092,48.225,-109.034,-0.02,-119.118,-0.29,-51.98,1.537,4.072,0.001,-5.612,-0.049,3.98,-10.78,-3.16,0.11,0.1,-0.0,18.546,-1.101,-1.366,-0.0,2.467,0.019,,
2026-01-27 20:38:55.628,retreat_machine_to_approach_unloader,150.242,-148.848,2165.205,-0.018,-0.073,-44.444,-44.727,48.332,-108.749,-0.02,-119.51,-0.293,-48.074,1.42,3.767,0.001,-5.188,-0.046,3.83,-10.72,-3.32,0.16,0.07,0.09,18.994,-1.058,-1.41,-0.0,2.469,0.019,,
2026-01-27 20:38:55.729,retreat_machine_to_approach_unloader,139.093,-154.044,2168.01,-0.018,-0.073,-47.628,-47.914,48.425,-108.499,-0.02,-119.853,-0.296,-44.023,1.298,3.449,0.001,-4.75,-0.042,3.4,-10.73,-3.32,0.26,-0.01,-0.04,21.579,-1.084,-1.62,-0.0,2.705,0.022,,
2026-01-27 20:38:55.832,retreat_machine_to_approach_unloader,128.499,-158.214,2170.631,-0.018,-0.073,-50.622,-50.911,48.513,-108.264,-0.02,-120.176,-0.299,-40.51,1.194,3.174,0.001,-4.37,-0.038,3.1,-10.72,-3.6,0.27,-0.02,-0.08,21.319,-1.031,-1.607,-0.0,2.639,0.021,,
2026-01-27 20:38:55.935,retreat_machine_to_approach_unloader,119.162,-161.299,2172.913,-0.018,-0.072,-53.247,-53.538,48.59,-108.058,-0.02,-120.46,-0.302,-36.951,1.088,2.896,0.001,-3.985,-0.035,2.76,-10.77,-3.7,0.26,-0.12,-0.01,22.885,-1.036,-1.736,-0.0,2.774,0.023,,
2026-01-27 20:38:56.038,retreat_machine_to_approach_unloader,110.365,-163.717,2175.047,-0.018,-0.072,-55.716,-56.009,48.663,-107.865,-0.02,-120.726,-0.304,-33.89,0.997,2.656,0.001,-3.654,-0.032,2.69,-10.71,-3.84,0.23,-0.1,0.0,22.161,-0.979,-1.685,-0.0,2.665,0.022,,
2026-01-27 20:38:56.140,retreat_machine_to_approach_unloader,102.66,-165.455,2176.908,-0.018,-0.072,-57.88,-58.175,48.726,-107.695,-0.02,-120.959,-0.306,-30.833,0.907,2.416,0.001,-3.324,-0.029,2.43,-10.63,-3.92,0.33,-0.17,0.0,22.993,-0.97,-1.756,-0.0,2.727,0.023,,
2026-01-27 20:38:56.241,retreat_machine_to_approach_unloader,95.673,-166.728,2178.592,-0.017,-0.072,-59.848,-60.145,48.784,-107.541,-0.02,-121.172,-0.308,-28.05,0.824,2.198,0.001,-3.024,-0.027,2.17,-10.73,-3.99,0.41,-0.13,-0.0,22.654,-0.931,-1.734,-0.0,2.665,0.022,,
2026-01-27 20:38:56.344,retreat_machine_to_approach_unloader,89.345,-167.635,2180.117,-0.017,-0.072,-61.638,-61.937,48.836,-107.4,-0.02,-121.365,-0.31,-25.517,0.75,2.0,0.001,-2.751,-0.024,1.97,-10.72,-4.01,0.37,-0.28,0.1,22.171,-0.89,-1.7,-0.0,2.591,0.022,,
2026-01-27 20:38:56.447,retreat_machine_to_approach_unloader,83.426,-168.273,2181.545,-0.017,-0.072,-63.322,-63.622,48.886,-107.268,-0.02,-121.546,-0.311,-23.35,0.686,1.83,0.001,-2.517,-0.022,1.83,-10.66,-4.01,0.42,-0.22,0.0,21.021,-0.832,-1.614,-0.0,2.447,0.021,,
2026-01-27 20:38:56.549,retreat_machine_to_approach_unloader,78.268,-168.661,2182.792,-0.017,-0.072,-64.798,-65.1,48.929,-107.152,-0.02,-121.705,-0.313,-21.206,0.623,1.662,0.0,-2.286,-0.02,1.68,-10.61,-4.06,0.39,-0.16,0.01,20.998,-0.81,-1.615,-0.0,2.426,0.02,,
2026-01-27 20:38:56.650,retreat_machine_to_approach_unloader,73.607,-168.878,2183.922,-0.017,-0.072,-66.14,-66.443,48.969,-107.047,-0.02,-121.85,-0.314,-19.263,0.566,1.51,0.0,-2.076,-0.018,1.5,-10.71,-4.16,0.42,-0.2,0.05,20.235,-0.768,-1.559,-0.0,2.328,0.02,,
2026-01-27 20:38:56.752,retreat_machine_to_approach_unloader,69.395,-168.964,2184.947,-0.017,-0.072,-67.361,-67.665,49.005,-106.951,-0.02,-121.982,-0.315,-17.503,0.514,1.372,0.0,-1.886,-0.017,1.34,-10.69,-4.11,0.5,-0.23,-0.01,19.427,-0.727,-1.498,-0.0,2.226,0.019,,
2026-01-27 20:38:56.853,retreat_machine_to_approach_unloader,65.719,-168.953,2185.845,-0.017,-0.072,-68.433,-68.739,49.036,-106.867,-0.02,-122.098,-0.316,-15.811,0.464,1.239,0.0,-1.704,-0.015,1.27,-10.66,-4.19,0.52,-0.28,-0.01,18.969,-0.698,-1.465,-0.0,2.163,0.018,,
2026-01-27 20:38:56.954,retreat_machine_to_approach_unloader,62.267,-168.869,2186.691,-0.017,-0.072,-69.447,-69.753,49.066,-106.787,-0.02,-122.207,-0.317,-14.394,0.422,1.128,0.0,-1.551,-0.014,1.11,-10.58,-4.14,0.5,-0.25,0.03,17.664,-0.645,-1.365,-0.0,2.011,0.017,,
2026-01-27 20:38:57.054,retreat_machine_to_approach_unloader,59.148,-168.731,2187.459,-0.017,-0.072,-70.368,-70.676,49.093,-106.715,-0.02,-122.306,-0.318,-13.102,0.384,1.027,0.0,-1.412,-0.012,0.97,-10.7,-4.31,0.51,-0.15,-0.02,16.816,-0.608,-1.3,-0.0,1.909,0.016,,
2026-01-27 20:38:57.156,retreat_machine_to_approach_unloader,56.233,-168.548,2188.179,-0.017,-0.072,-71.235,-71.543,49.118,-106.647,-0.02,-122.4,-0.319,-11.995,0.352,0.94,0.0,-1.293,-0.011,0.98,-10.68,-4.22,0.53,-0.2,0.05,15.684,-0.563,-1.213,-0.0,1.777,0.015,,
2026-01-27 20:38:57.258,retreat_machine_to_approach_unloader,53.607,-168.339,2188.831,-0.017,-0.072,-72.021,-72.329,49.141,-106.586,-0.02,-122.484,-0.319,-10.962,0.322,0.859,0.0,-1.181,-0.01,0.85,-10.63,-4.26,0.45,-0.28,0.06,14.927,-0.531,-1.155,-0.0,1.687,0.014,,
2026-01-27 20:38:57.358,retreat_machine_to_approach_unloader,51.396,-168.129,2189.382,-0.017,-0.072,-72.686,-72.995,49.161,-106.533,-0.02,-122.556,-0.32,-9.886,0.29,0.775,0.0,-1.065,-0.009,0.8,-10.7,-4.16,0.6,-0.2,0.07,14.639,-0.513,-1.134,-0.0,1.648,0.014,,
2026-01-27 20:38:57.462,retreat_machine_to_approach_unloader,49.318,-167.904,2189.901,-0.017,-0.072,-73.315,-73.625,49.179,-106.484,-0.02,-122.624,-0.321,-8.988,0.264,0.704,0.0,-0.969,-0.008,0.66,-10.65,-4.17,0.49,-0.28,0.04,13.543,-0.472,-1.05,-0.0,1.523,0.013,,
2026-01-27 20:38:57.563,retreat_machine_to_approach_unloader,47.501,-167.685,2190.357,-0.017,-0.072,-73.867,-74.177,49.196,-106.441,-0.02,-122.684,-0.321,-8.123,0.238,0.637,0.0,-0.875,-0.008,0.77,-10.62,-4.25,0.52,-0.24,0.04,12.953,-0.448,-1.005,-0.0,1.453,0.012,,
2026-01-27 20:38:57.665,retreat_machine_to_approach_unloader,45.793,-167.459,2190.787,-0.017,-0.072,-74.388,-74.699,49.211,-106.4,-0.02,-122.74,-0.322,-7.397,0.217,0.58,0.0,-0.797,-0.007,0.59,-10.59,-4.22,0.51,-0.14,-0.01,11.963,-0.412,-0.928,-0.0,1.34,0.011,,
2026-01-27 20:38:57.766,retreat_machine_to_approach_unloader,44.298,-167.246,2191.165,-0.017,-0.072,-74.847,-75.158,49.224,-106.364,-0.02,-122.789,-0.322,-6.695,0.196,0.525,0.0,-0.721,-0.006,0.55,-10.58,-4.09,0.48,-0.33,0.09,11.401,-0.389,-0.885,-0.0,1.275,0.011,,
2026-01-27 20:38:57.868,retreat_machine_to_approach_unloader,42.94,-167.041,2191.509,-0.017,-0.072,-75.265,-75.577,49.237,-106.331,-0.02,-122.834,-0.322,-6.068,0.178,0.476,0.0,-0.654,-0.006,0.5,-10.61,-4.3,0.57,-0.28,0.0,10.662,-0.362,-0.828,-0.0,1.19,0.01,,
2026-01-27 20:38:57.969,retreat_machine_to_approach_unloader,41.705,-166.843,2191.822,-0.017,-0.072,-75.647,-75.959,49.248,-106.301,-0.02,-122.876,-0.323,-5.506,0.162,0.432,0.0,-0.593,-0.005,0.34,-10.67,-4.18,0.56,-0.3,-0.08,9.961,-0.337,-0.774,-0.0,1.111,0.01,,
2026-01-27 20:38:58.069,retreat_machine_to_approach_unloader,40.582,-166.654,2192.108,-0.017,-0.072,-75.995,-76.308,49.258,-106.274,-0.02,-122.913,-0.323,-5.001,0.147,0.392,0.0,-0.539,-0.005,0.4,-10.76,-4.22,0.55,-0.29,-0.04,9.299,-0.313,-0.723,-0.0,1.036,0.009,,
2026-01-27 20:38:58.172,retreat_machine_to_approach_unloader,39.56,-166.476,2192.369,-0.017,-0.071,-76.313,-76.626,49.267,-106.249,-0.02,-122.947,-0.323,-4.546,0.133,0.356,0.0,-0.49,-0.004,0.33,-10.58,-4.17,0.52,-0.22,-0.0,8.674,-0.29,-0.674,-0.0,0.965,0.008,,
2026-01-27 20:38:58.276,retreat_machine_to_approach_unloader,38.598,-166.301,2192.615,-0.017,-0.071,-76.613,-76.926,49.276,-106.225,-0.02,-122.98,-0.324,-4.161,0.122,0.326,0.0,-0.448,-0.004,0.3,-10.64,-4.22,0.55,-0.21,0.12,7.982,-0.267,-0.621,-0.0,0.887,0.008,,
2026-01-27 20:38:58.378,retreat_machine_to_approach_unloader,37.755,-166.143,2192.831,-0.017,-0.071,-76.877,-77.191,49.284,-106.204,-0.02,-123.008,-0.324,-3.781,0.111,0.296,0.0,-0.407,-0.004,0.32,-10.61,-4.17,0.44,-0.27,0.07,7.549,-0.251,-0.587,-0.0,0.838,0.007,,
2026-01-27 20:38:58.479,retreat_machine_to_approach_unloader,36.987,-165.994,2193.028,-0.017,-0.071,-77.118,-77.432,49.291,-106.186,-0.02,-123.034,-0.324,-3.439,0.101,0.27,0.0,-0.371,-0.003,0.39,-10.56,-4.28,0.53,-0.23,0.01,7.025,-0.232,-0.547,-0.0,0.779,0.007,,
2026-01-27 20:38:58.580,retreat_machine_to_approach_unloader,36.289,-165.856,2193.208,-0.017,-0.071,-77.338,-77.652,49.297,-106.168,-0.02,-123.058,-0.324,-3.129,0.092,0.245,0.0,-0.337,-0.003,0.24,-10.57,-4.28,0.5,-0.23,-0.04,6.533,-0.215,-0.508,-0.0,0.724,0.006,,
2026-01-27 20:38:58.680,retreat_machine_to_approach_unloader,35.653,-165.727,2193.372,-0.017,-0.071,-77.538,-77.852,49.303,-106.153,-0.02,-123.08,-0.325,-2.849,0.084,0.223,0.0,-0.307,-0.003,0.26,-10.66,-4.23,0.69,-0.29,-0.01,6.072,-0.199,-0.473,-0.0,0.672,0.006,,
2026-01-27 20:38:58.782,retreat_machine_to_approach_unloader,35.073,-165.607,2193.521,-0.017,-0.071,-77.721,-78.036,49.309,-106.138,-0.02,-123.099,-0.325,-2.594,0.076,0.203,0.0,-0.28,-0.002,0.14,-10.56,-4.15,0.54,-0.26,-0.0,5.64,-0.185,-0.439,-0.0,0.624,0.005,,
2026-01-27 20:38:58.884,retreat_machine_to_approach_unloader,34.545,-165.496,2193.658,-0.017,-0.071,-77.889,-78.203,49.314,-106.125,-0.02,-123.117,-0.325,-2.364,0.069,0.185,0.0,-0.255,-0.002,0.16,-10.61,-4.18,0.51,-0.18,-0.04,5.237,-0.171,-0.408,-0.0,0.579,0.005,,
2026-01-27 20:38:58.986,retreat_machine_to_approach_unloader,34.064,-165.393,2193.782,-0.017,-0.071,-78.041,-78.355,49.318,-106.113,-0.02,-123.134,-0.325,-2.154,0.063,0.169,0.0,-0.232,-0.002,0.16,-10.5,-4.2,0.59,-0.21,-0.05,4.859,-0.158,-0.378,-0.0,0.537,0.005,,
2026-01-27 20:38:59.087,retreat_machine_to_approach_unloader,33.657,-165.304,2193.887,-0.017,-0.071,-78.17,-78.485,49.322,-106.103,-0.02,-123.148,-0.325,-1.939,0.057,0.152,0.0,-0.209,-0.002,0.19,-10.63,-4.28,0.57,-0.25,0.0,4.605,-0.149,-0.359,-0.0,0.508,0.004,,
2026-01-27 20:38:59.191,retreat_machine_to_approach_unloader,33.255,-165.216,2193.992,-0.017,-0.071,-78.298,-78.613,49.326,-106.093,-0.02,-123.162,-0.325,-1.774,0.052,0.139,0.0,-0.191,-0.002,0.2,-10.51,-4.2,0.57,-0.25,0.01,4.159,-0.135,-0.324,-0.0,0.459,0.004,,
2026-01-27 20:38:59.291,retreat_machine_to_approach_unloader,32.981,-165.155,2194.063,-0.017,-0.071,-78.385,-78.7,49.328,-106.086,-0.02,-123.171,-0.325,-1.549,0.045,0.121,0.0,-0.167,-0.001,0.06,-10.71,-4.23,0.59,-0.29,0.01,4.147,-0.133,-0.323,-0.0,0.456,0.004,,
2026-01-27 20:38:59.393,retreat_machine_to_approach_unloader,32.687,-165.089,2194.139,-0.017,-0.071,-78.479,-78.794,49.331,-106.079,-0.02,-123.181,-0.325,-1.396,0.041,0.109,0.0,-0.15,-0.001,0.18,-10.52,-4.24,0.49,-0.27,0.04,3.672,-0.118,-0.286,-0.0,0.404,0.003,,
2026-01-27 20:38:59.494,retreat_machine_to_approach_unloader,32.36,-165.015,2194.224,-0.017,-0.071,-78.583,-78.898,49.334,-106.071,-0.02,-123.192,-0.326,-1.308,0.038,0.103,0.0,-0.141,-0.001,0.05,-10.68,-4.19,0.58,-0.34,-0.07,3.196,-0.103,-0.249,-0.0,0.352,0.003,,
2026-01-27 20:38:59.597,retreat_machine_to_approach_unloader,32.062,-164.947,2194.302,-0.017,-0.071,-78.678,-78.993,49.337,-106.063,-0.02,-123.203,-0.326,-1.219,0.036,0.096,0.0,-0.131,-0.001,0.22,-10.56,-4.26,0.55,-0.3,-0.02,2.971,-0.095,-0.232,-0.0,0.327,0.003,,
2026-01-27 20:38:59.700,retreat_machine_to_approach_unloader,31.783,-164.882,2194.374,-0.017,-0.071,-78.768,-79.083,49.339,-106.056,-0.02,-123.212,-0.326,-1.138,0.033,0.089,0.0,-0.123,-0.001,0.07,-10.72,-4.35,0.57,-0.21,-0.04,2.73,-0.087,-0.213,-0.0,0.3,0.003,waypoint,
2026-01-27 20:38:59.802,retreat_machine_to_approach_unloader,22.278,-212.685,2222.075,-0.025,-0.061,-79.639,-84.014,45.415,-103.197,-0.024,-122.155,-4.387,-13.181,-9.786,7.215,-0.01,2.55,-10.154,1.11,-9.65,-3.38,0.78,-0.07,0.07,-45.96,-39.349,28.331,-0.042,10.934,-40.61,,
2026-01-27 20:38:59.903,retreat_machine_to_approach_unloader,2.763,-266.871,2249.273,-0.033,-0.049,-80.567,-89.4,41.116,-100.066,-0.029,-120.996,-8.848,-23.353,-18.087,13.238,-0.021,4.81,-18.768,1.77,-8.88,-3.04,0.86,-0.07,-0.15,-45.92,-39.161,28.213,-0.048,10.864,-40.547,,
2026-01-27 20:39:00.005,retreat_machine_to_approach_unloader,-22.781,-314.804,2270.297,-0.038,-0.038,-81.382,-94.133,37.339,-97.316,-0.034,-119.978,-12.767,-29.345,-23.007,16.805,-0.027,6.153,-23.874,2.21,-8.25,-2.58,1.0,0.2,-0.13,-34.783,-30.021,21.588,-0.037,8.369,-31.071,,
2026-01-27 20:39:00.106,retreat_machine_to_approach_unloader,-54.399,-359.267,2287.567,-0.043,-0.027,-82.152,-98.604,33.771,-94.717,-0.038,-119.016,-16.47,-33.187,-26.176,19.1,-0.031,7.02,-27.162,2.53,-7.77,-2.49,0.91,0.27,-0.09,-28.694,-24.936,17.912,-0.031,6.971,-25.801,,
2026-01-27 20:39:00.209,retreat_machine_to_approach_unloader,-89.55,-398.12,2300.994,-0.045,-0.017,-82.853,-102.67,30.525,-92.354,-0.042,-118.141,-19.837,-35.056,-27.746,20.234,-0.033,7.453,-28.79,2.62,-7.33,-2.32,1.01,0.41,-0.07,-21.779,-19.213,13.769,-0.024,5.403,-19.87,,
2026-01-27 20:39:00.312,retreat_machine_to_approach_unloader,-128.132,-432.538,2311.573,-0.047,-0.007,-83.511,-106.495,27.473,-90.131,-0.045,-117.318,-23.004,-35.853,-28.44,20.732,-0.034,7.647,-29.51,2.52,-6.91,-2.45,0.96,0.32,-0.01,-17.179,-15.359,10.984,-0.019,4.342,-15.876,,
2026-01-27 20:39:00.413,retreat_machine_to_approach_unloader,-166.269,-460.48,2319.169,-0.048,0.002,-84.089,-109.847,24.797,-88.182,-0.049,-116.597,-25.78,-35.271,-28.019,20.421,-0.034,7.539,-29.073,2.58,-6.64,-2.44,0.89,0.42,-0.04,-10.743,-10.058,7.144,-0.012,2.892,-10.381,,
2026-01-27 20:39:00.514,retreat_machine_to_approach_unloader,-204.345,-483.688,2324.688,-0.047,0.01,-84.614,-112.897,22.364,-86.41,-0.052,-115.941,-28.305,-34.077,-27.098,19.746,-0.033,7.294,-28.117,2.38,-6.38,-2.51,0.95,0.4,-0.02,-6.636,-6.631,4.667,-0.008,1.95,-6.831,,
2026-01-27 20:39:00.618,retreat_machine_to_approach_unloader,-239.037,-501.454,2328.311,-0.047,0.017,-85.059,-115.48,20.302,-84.908,-0.054,-115.385,-30.445,-32.017,-25.479,18.564,-0.031,6.861,-26.437,2.34,-6.17,-2.59,0.82,0.4,-0.1,-1.318,-2.254,1.495,-0.003,0.754,-2.294,,
2026-01-27 20:39:00.719,retreat_machine_to_approach_unloader,-273.938,-516.518,2330.843,-0.046,0.023,-85.481,-117.933,18.344,-83.483,-0.057,-114.857,-32.476,-30.145,-24.003,17.487,-0.029,6.465,-24.905,2.18,-5.92,-2.63,0.69,0.39,-0.06,0.123,-0.983,0.585,-0.001,0.397,-0.98,,
2026-01-27 20:39:00.821,retreat_machine_to_approach_unloader,-306.167,-528.194,2332.333,-0.045,0.029,-85.853,-120.093,16.621,-82.228,-0.059,-114.392,-34.264,-28.007,-22.311,16.253,-0.027,6.01,-23.149,1.97,-5.89,-2.82,0.71,0.39,-0.06,3.047,1.459,-1.181,0.002,-0.275,1.55,,
2026-01-27 20:39:00.921,retreat_machine_to_approach_unloader,-337.997,-537.803,2333.101,-0.044,0.034,-86.206,-122.142,14.985,-81.036,-0.061,-113.951,-35.961,-26.13,-20.823,15.168,-0.025,5.61,-21.605,1.83,-5.64,-2.89,0.63,0.45,-0.05,3.837,2.186,-1.699,0.003,-0.483,2.302,,
2026-01-27 20:39:01.023,retreat_machine_to_approach_unloader,-368.035,-545.241,2333.25,-0.042,0.039,-86.528,-124.013,13.492,-79.949,-0.062,-113.548,-37.51,-24.274,-19.35,14.094,-0.023,5.214,-20.076,1.76,-5.51,-3.03,0.52,0.36,-0.03,5.245,3.397,-2.57,0.004,-0.82,3.555,,
2026-01-27 20:39:01.124,retreat_machine_to_approach_unloader,-396.221,-550.865,2332.923,-0.041,0.043,-86.822,-125.72,12.129,-78.957,-0.064,-113.181,-38.924,-22.474,-17.918,13.051,-0.022,4.829,-18.59,1.52,-5.39,-3.13,0.54,0.37,-0.04,6.355,4.362,-3.263,0.005,-1.09,4.553,,
2026-01-27 20:39:01.227,retreat_machine_to_approach_unloader,-422.546,-554.986,2332.236,-0.039,0.047,-87.09,-127.278,10.886,-78.051,-0.065,-112.846,-40.213,-20.75,-16.547,12.052,-0.02,4.46,-17.168,1.4,-5.35,-3.19,0.57,0.34,-0.04,7.212,5.117,-3.804,0.006,-1.302,5.334,,
2026-01-27 20:39:01.328,retreat_machine_to_approach_unloader,-447.912,-557.96,2331.247,-0.038,0.051,-87.344,-128.75,9.711,-77.196,-0.067,-112.529,-41.432,-19.243,-15.348,11.178,-0.018,4.137,-15.923,1.28,-5.15,-3.32,0.47,0.28,0.07,7.35,5.291,-3.923,0.006,-1.357,5.512,,
2026-01-27 20:39:01.430,retreat_machine_to_approach_unloader,-470.565,-559.814,2330.103,-0.036,0.054,-87.566,-130.043,8.679,-76.444,-0.068,-112.251,-42.503,-17.665,-14.091,10.263,-0.017,3.798,-14.619,1.12,-5.11,-3.42,0.53,0.21,-0.0,8.404,6.19,-4.57,0.007,-1.606,6.442,,
2026-01-27 20:39:01.532,retreat_machine_to_approach_unloader,-491.519,-560.871,2328.834,-0.035,0.057,-87.77,-131.224,7.737,-75.758,-0.069,-111.997,-43.48,-16.199,-12.923,9.412,-0.016,3.484,-13.407,1.06,-5.03,-3.56,0.47,0.18,0.01,8.693,6.473,-4.77,0.008,-1.688,6.734,,
2026-01-27 20:39:01.634,retreat_machine_to_approach_unloader,-511.546,-561.301,2327.438,-0.033,0.059,-87.962,-132.339,6.847,-75.11,-0.07,-111.757,-44.403,-14.937,-11.917,8.679,-0.014,3.212,-12.363,0.91,-4.95,-3.66,0.4,0.18,0.03,8.475,6.345,-4.672,0.008,-1.66,6.6,,
2026-01-27 20:39:01.738,retreat_machine_to_approach_unloader,-530.568,-561.191,2325.951,-0.032,0.062,-88.142,-133.387,6.01,-74.501,-0.071,-111.531,-45.271,-13.824,-11.03,8.033,-0.013,2.973,-11.442,0.8,-4.95,-3.67,0.36,0.2,0.01,8.292,6.241,-4.591,0.008,-1.637,6.49,,
2026-01-27 20:39:01.841,retreat_machine_to_approach_unloader,-547.383,-560.677,2324.506,-0.03,0.064,-88.301,-134.307,5.277,-73.966,-0.072,-111.334,-46.032,-12.666,-10.107,7.36,-0.012,2.725,-10.484,0.74,-4.84,-3.71,0.51,0.22,-0.02,8.756,6.649,-4.883,0.008,-1.751,6.912,,
2026-01-27 20:39:01.943,retreat_machine_to_approach_unloader,-562.781,-559.867,2323.079,-0.029,0.066,-88.445,-135.143,4.609,-73.48,-0.073,-111.154,-46.724,-11.59,-9.248,6.735,-0.011,2.493,-9.594,0.71,-4.79,-3.85,0.35,0.16,-0.09,8.712,6.648,-4.878,0.008,-1.755,6.909,,
2026-01-27 20:39:02.045,retreat_machine_to_approach_unloader,-576.866,-558.844,2321.687,-0.028,0.068,-88.576,-135.903,4.003,-73.038,-0.074,-110.99,-47.354,-10.594,-8.453,6.156,-0.01,2.279,-8.769,0.6,-4.69,-3.94,0.38,0.07,0.06,8.598,6.587,-4.83,0.008,-1.742,6.845,,
2026-01-27 20:39:02.147,retreat_machine_to_approach_unloader,-590.177,-557.63,2320.296,-0.027,0.069,-88.699,-136.618,3.432,-72.623,-0.074,-110.836,-47.946,-9.733,-7.767,5.656,-0.009,2.094,-8.057,0.6,-4.72,-3.91,0.45,0.04,0.03,8.191,6.29,-4.611,0.008,-1.666,6.535,,
2026-01-27 20:39:02.248,retreat_machine_to_approach_unloader,-601.894,-556.362,2319.012,-0.026,0.071,-88.807,-137.245,2.931,-72.258,-0.075,-110.701,-48.465,-8.867,-7.076,5.153,-0.008,1.908,-7.34,0.48,-4.61,-3.94,0.44,-0.07,0.03,8.254,6.365,-4.662,0.008,-1.689,6.612,,
2026-01-27 20:39:02.348,retreat_machine_to_approach_unloader,-612.587,-555.044,2317.791,-0.025,0.072,-88.905,-137.815,2.476,-71.927,-0.076,-110.579,-48.937,-8.076,-6.445,4.693,-0.008,1.737,-6.685,0.49,-4.55,-4.06,0.42,-0.02,-0.04,7.996,6.181,-4.526,0.007,-1.642,6.421,,
2026-01-27 20:39:02.450,retreat_machine_to_approach_unloader,-622.341,-553.707,2316.636,-0.024,0.073,-88.995,-138.334,2.063,-71.626,-0.076,-110.467,-49.366,-7.353,-5.868,4.274,-0.007,1.582,-6.087,0.4,-4.55,-4.1,0.37,-0.0,0.03,7.712,5.975,-4.373,0.007,-1.589,6.206,,
2026-01-27 20:39:02.551,retreat_machine_to_approach_unloader,-631.233,-552.376,2315.55,-0.023,0.074,-89.076,-138.806,1.686,-71.351,-0.076,-110.365,-49.756,-6.694,-5.342,3.891,-0.006,1.44,-5.541,0.36,-4.56,-4.06,0.43,-0.03,-0.0,7.41,5.752,-4.208,0.007,-1.531,5.974,,
2026-01-27 20:39:02.652,retreat_machine_to_approach_unloader,-639.337,-551.07,2314.532,-0.022,0.075,-89.15,-139.235,1.344,-71.102,-0.077,-110.273,-50.112,-6.093,-4.863,3.541,-0.006,1.311,-5.044,0.35,-4.48,-4.22,0.38,-0.01,0.09,7.096,5.517,-4.036,0.007,-1.47,5.73,,
2026-01-27 20:39:02.754,retreat_machine_to_approach_unloader,-646.721,-549.803,2313.581,-0.022,0.076,-89.217,-139.625,1.032,-70.875,-0.077,-110.189,-50.434,-5.545,-4.426,3.223,-0.005,1.193,-4.59,0.27,-4.4,-3.96,0.3,-0.09,0.08,6.775,5.275,-3.858,0.006,-1.406,5.478,,
2026-01-27 20:39:02.857,retreat_machine_to_approach_unloader,-653.447,-548.584,2312.696,-0.021,0.077,-89.278,-139.98,0.749,-70.669,-0.078,-110.113,-50.728,-5.046,-4.027,2.933,-0.005,1.086,-4.177,0.29,-4.39,-4.11,0.35,-0.06,-0.06,6.45,5.029,-3.677,0.006,-1.342,5.223,,
2026-01-27 20:39:02.959,retreat_machine_to_approach_unloader,-659.572,-547.422,2311.874,-0.02,0.078,-89.334,-140.303,0.491,-70.481,-0.078,-110.043,-50.995,-4.592,-3.664,2.669,-0.004,0.988,-3.801,0.34,-4.38,-4.25,0.46,-0.06,0.12,6.126,4.783,-3.496,0.006,-1.277,4.966,,
2026-01-27 20:39:03.062,retreat_machine_to_approach_unloader,-665.148,-546.319,2311.112,-0.02,0.078,-89.384,-140.596,0.257,-70.311,-0.078,-109.98,-51.238,-4.178,-3.334,2.428,-0.004,0.899,-3.458,0.2,-4.37,-4.2,0.35,-0.11,-0.0,5.806,4.538,-3.316,0.005,-1.212,4.711,,
2026-01-27 20:39:03.164,retreat_machine_to_approach_unloader,-670.224,-545.278,2310.407,-0.019,0.079,-89.431,-140.863,0.044,-70.156,-0.078,-109.923,-51.459,-3.801,-3.033,2.209,-0.004,0.818,-3.146,0.33,-4.32,-4.24,0.45,-0.11,0.05,5.491,4.296,-3.139,0.005,-1.148,4.46,,
2026-01-27 20:39:03.264,retreat_machine_to_approach_unloader,-674.688,-544.334,2309.779,-0.019,0.079,-89.471,-141.098,-0.143,-70.019,-0.079,-109.872,-51.653,-3.437,-2.743,1.998,-0.003,0.74,-2.845,0.2,-4.27,-4.21,0.41,-0.09,0.02,5.266,4.125,-3.014,0.005,-1.103,4.283,,
2026-01-27 20:39:03.367,retreat_machine_to_approach_unloader,-679.051,-543.385,2309.158,-0.019,0.08,-89.51,-141.327,-0.326,-69.886,-0.079,-109.823,-51.843,-3.151,-2.514,1.831,-0.003,0.678,-2.608,0.23,-4.28,-4.21,0.36,-0.05,-0.01,4.794,3.756,-2.744,0.005,-1.004,3.899,,
2026-01-27 20:39:03.468,retreat_machine_to_approach_unloader,-682.747,-542.56,2308.625,-0.018,0.08,-89.544,-141.521,-0.481,-69.773,-0.079,-109.781,-52.004,-2.848,-2.273,1.655,-0.003,0.613,-2.357,0.18,-4.25,-4.33,0.45,-0.1,-0.06,4.665,3.661,-2.673,0.004,-0.979,3.8,,
2026-01-27 20:39:03.569,retreat_machine_to_approach_unloader,-686.122,-541.791,2308.133,-0.018,0.081,-89.574,-141.698,-0.622,-69.67,-0.079,-109.743,-52.15,-2.579,-2.058,1.499,-0.002,0.555,-2.134,0.15,-4.24,-4.37,0.41,-0.1,-0.08,4.368,3.43,-2.505,0.004,-0.918,3.56,,
2026-01-27 20:39:03.670,retreat_machine_to_approach_unloader,-689.204,-541.076,2307.681,-0.018,0.081,-89.602,-141.86,-0.751,-69.576,-0.079,-109.708,-52.284,-2.338,-1.866,1.359,-0.002,0.503,-1.935,0.12,-4.25,-4.35,0.43,-0.04,-0.08,4.086,3.21,-2.344,0.004,-0.859,3.332,,
2026-01-27 20:39:03.774,retreat_machine_to_approach_unloader,-692.116,-540.387,2307.249,-0.017,0.081,-89.629,-142.012,-0.873,-69.488,-0.079,-109.676,-52.41,-2.135,-1.704,1.241,-0.002,0.459,-1.767,0.09,-4.2,-4.34,0.46,-0.21,-0.02,3.767,2.96,-2.162,0.004,-0.793,3.073,,
2026-01-27 20:39:03.876,retreat_machine_to_approach_unloader,-694.676,-539.773,2306.867,-0.017,0.081,-89.652,-142.146,-0.98,-69.41,-0.08,-109.647,-52.521,-1.937,-1.546,1.126,-0.002,0.417,-1.603,0.16,-4.19,-4.25,0.39,-0.2,0.07,3.576,2.812,-2.053,0.003,-0.753,2.919,,
2026-01-27 20:39:03.978,retreat_machine_to_approach_unloader,-697.012,-539.204,2306.516,-0.017,0.082,-89.673,-142.269,-1.078,-69.339,-0.08,-109.62,-52.623,-1.759,-1.404,1.022,-0.002,0.378,-1.455,0.15,-4.14,-4.34,0.35,-0.17,0.04,3.335,2.625,-1.916,0.003,-0.703,2.724,,
2026-01-27 20:39:04.081,retreat_machine_to_approach_unloader,-699.145,-538.678,2306.194,-0.017,0.082,-89.692,-142.38,-1.167,-69.274,-0.08,-109.596,-52.715,-1.598,-1.276,0.929,-0.002,0.344,-1.323,0.06,-4.18,-4.22,0.46,-0.15,-0.03,3.109,2.448,-1.787,0.003,-0.656,2.54,,
2026-01-27 20:39:04.183,retreat_machine_to_approach_unloader,-701.091,-538.193,2305.898,-0.016,0.082,-89.71,-142.482,-1.248,-69.214,-0.08,-109.574,-52.799,-1.454,-1.16,0.845,-0.001,0.313,-1.203,0.04,-4.22,-4.42,0.43,-0.14,-0.05,2.896,2.281,-1.665,0.003,-0.611,2.367,,
2026-01-27 20:39:04.285,retreat_machine_to_approach_unloader,-702.868,-537.745,2305.627,-0.016,0.082,-89.726,-142.575,-1.323,-69.16,-0.08,-109.554,-52.876,-1.323,-1.056,0.769,-0.001,0.285,-1.095,0.05,-4.13,-4.3,0.52,-0.11,0.01,2.695,2.124,-1.55,0.003,-0.569,2.204,,
2026-01-27 20:39:04.387,retreat_machine_to_approach_unloader,-704.49,-537.333,2305.378,-0.016,0.083,-89.741,-142.66,-1.39,-69.111,-0.08,-109.536,-52.947,-1.204,-0.961,0.7,-0.001,0.259,-0.997,0.04,-4.2,-4.37,0.49,-0.12,-0.06,2.507,1.976,-1.442,0.002,-0.53,2.051,waypoint,
2026-01-27 20:39:04.494,approach_unloader_to_place,-705.942,-537.143,2301.751,-0.016,0.083,-89.752,-142.727,-1.315,-69.481,-0.08,-109.241,-53.001,-1.07,-0.534,-0.4,-0.001,0.932,-0.884,0.1,-4.15,-4.2,0.45,-0.2,0.02,2.44,3.205,-5.493,0.001,2.293,2.002,,
2026-01-27 20:39:04.598,approach_unloader_to_place,-707.054,-537.091,2296.732,-0.016,0.083,-89.76,-142.773,-1.171,-70.034,-0.081,-108.833,-53.039,-0.917,-0.039,-1.682,-0.002,1.719,-0.757,0.04,-4.04,-4.23,0.4,-0.2,-0.01,2.401,3.583,-6.769,0.0,3.192,1.973,,
2026-01-27 20:39:04.698,approach_unloader_to_place,-708.53,-536.982,2289.816,-0.017,0.084,-89.771,-142.836,-0.973,-70.791,-0.081,-108.274,-53.09,-0.846,0.467,-3.154,-0.002,2.687,-0.696,0.1,-4.02,-4.21,0.5,-0.16,0.0,1.99,3.759,-8.136,-0.001,4.382,1.636,,
2026-01-27 20:39:04.799,approach_unloader_to_place,-709.986,-536.825,2282.688,-0.017,0.084,-89.783,-142.901,-0.77,-71.566,-0.081,-107.701,-53.143,-0.796,0.857,-4.303,-0.003,3.446,-0.654,-0.04,-4.06,-4.23,0.5,-0.12,0.01,1.776,3.431,-7.503,-0.001,4.077,1.46,,
2026-01-27 20:39:04.901,approach_unloader_to_place,-711.218,-536.649,2276.387,-0.017,0.084,-89.792,-142.958,-0.591,-72.247,-0.082,-107.199,-53.189,-0.739,1.089,-4.93,-0.003,3.842,-0.606,0.06,-4.09,-4.18,0.4,-0.3,-0.05,1.677,2.841,-5.811,-0.0,2.974,1.378,,
2026-01-27 20:39:05.002,approach_unloader_to_place,-712.303,-536.457,2270.605,-0.018,0.085,-89.801,-143.009,-0.429,-72.868,-0.082,-106.74,-53.231,-0.684,1.223,-5.251,-0.003,4.028,-0.56,0.06,-4.05,-4.15,0.43,-0.1,-0.07,1.559,2.401,-4.635,0.0,2.237,1.281,,
2026-01-27 20:39:05.105,approach_unloader_to_place,-713.229,-536.264,2265.491,-0.018,0.085,-89.809,-143.055,-0.285,-73.415,-0.082,-106.336,-53.269,-0.627,1.275,-5.306,-0.003,4.031,-0.513,-0.05,-4.1,-4.11,0.41,-0.1,-0.01,1.465,1.966,-3.427,0.0,1.464,1.204,,
2026-01-27 20:39:05.206,approach_unloader_to_place,-714.11,-536.052,2260.443,-0.018,0.085,-89.817,-143.1,-0.145,-73.953,-0.082,-105.939,-53.305,-0.582,1.308,-5.324,-0.003,4.016,-0.476,0.02,-4.22,-4.16,0.46,-0.19,0.0,1.326,1.745,-2.991,0.0,1.248,1.09,,
2026-01-27 20:39:05.306,approach_unloader_to_place,-714.887,-535.84,2255.832,-0.019,0.085,-89.824,-143.141,-0.017,-74.442,-0.083,-105.578,-53.338,-0.539,1.301,-5.215,-0.003,3.914,-0.44,0.01,-4.17,-4.16,0.52,-0.11,-0.02,1.234,1.443,-2.205,0.001,0.764,1.014,,
2026-01-27 20:39:05.407,approach_unloader_to_place,-715.574,-535.631,2251.624,-0.019,0.086,-89.831,-143.178,0.1,-74.887,-0.083,-105.249,-53.369,-0.497,1.267,-5.023,-0.002,3.757,-0.406,0.06,-4.14,-4.22,0.57,-0.25,0.01,1.148,1.183,-1.542,0.001,0.361,0.942,,
2026-01-27 20:39:05.510,approach_unloader_to_place,-716.14,-535.442,2248.046,-0.019,0.086,-89.836,-143.209,0.198,-75.264,-0.083,-104.971,-53.394,-0.451,1.197,-4.71,-0.002,3.513,-0.368,0.06,-4.18,-4.17,0.46,-0.22,-0.05,1.09,0.887,-0.709,0.001,-0.176,0.894,,
2026-01-27 20:39:05.610,approach_unloader_to_place,-716.666,-535.253,2244.64,-0.019,0.086,-89.841,-143.239,0.292,-75.622,-0.083,-104.707,-53.419,-0.413,1.132,-4.427,-0.002,3.295,-0.337,0.07,-4.2,-4.17,0.59,-0.18,0.06,0.997,0.748,-0.447,0.001,-0.299,0.818,,
2026-01-27 20:39:05.711,approach_unloader_to_place,-717.117,-535.079,2241.634,-0.019,0.086,-89.846,-143.265,0.375,-75.937,-0.083,-104.474,-53.44,-0.375,1.055,-4.107,-0.002,3.053,-0.306,0.04,-4.24,-4.28,0.46,-0.11,-0.01,0.933,0.561,0.026,0.001,-0.586,0.765,,
2026-01-27 20:39:05.812,approach_unloader_to_place,-717.552,-534.9,2238.673,-0.019,0.086,-89.85,-143.291,0.456,-76.246,-0.083,-104.246,-53.461,-0.346,0.994,-3.854,-0.002,2.861,-0.282,0.02,-4.3,-4.22,0.45,-0.24,0.04,0.844,0.491,0.077,0.001,-0.567,0.692,,
2026-01-27 20:39:05.913,approach_unloader_to_place,-717.926,-534.736,2236.066,-0.019,0.087,-89.854,-143.314,0.527,-76.518,-0.084,-104.045,-53.479,-0.316,0.923,-3.571,-0.002,2.648,-0.258,-0.04,-4.33,-4.23,0.54,-0.26,-0.01,0.791,0.344,0.446,0.001,-0.788,0.649,,
2026-01-27 20:39:06.016,approach_unloader_to_place,-718.273,-534.577,2233.598,-0.02,0.087,-89.858,-143.335,0.594,-76.775,-0.084,-103.855,-53.497,-0.291,0.861,-3.32,-0.002,2.46,-0.237,0.02,-4.29,-4.28,0.45,-0.21,0.0,0.724,0.27,0.551,0.001,-0.82,0.594,,
2026-01-27 20:39:06.118,approach_unloader_to_place,-718.582,-534.427,2231.349,-0.02,0.087,-89.862,-143.355,0.655,-77.009,-0.084,-103.683,-53.513,-0.267,0.798,-3.074,-0.001,2.276,-0.218,0.03,-4.3,-4.24,0.5,-0.16,-0.04,0.671,0.182,0.728,0.001,-0.91,0.55,,
2026-01-27 20:39:06.218,approach_unloader_to_place,-718.85,-534.293,2229.371,-0.02,0.087,-89.865,-143.372,0.709,-77.214,-0.084,-103.531,-53.527,-0.243,0.733,-2.819,-0.001,2.086,-0.198,-0.01,-4.27,-4.37,0.5,-0.13,0.05,0.628,0.09,0.94,0.001,-1.028,0.515,,
2026-01-27 20:39:06.319,approach_unloader_to_place,-719.099,-534.162,2227.499,-0.02,0.087,-89.867,-143.388,0.76,-77.408,-0.084,-103.388,-53.54,-0.223,0.677,-2.599,-0.001,1.923,-0.181,-0.05,-4.38,-4.19,0.57,-0.1,-0.04,0.574,0.051,0.959,0.001,-1.009,0.471,,
2026-01-27 20:39:06.421,approach_unloader_to_place,-719.322,-534.041,2225.794,-0.02,0.087,-89.87,-143.403,0.806,-77.584,-0.084,-103.258,-53.552,-0.204,0.623,-2.39,-0.001,1.768,-0.166,0.03,-4.49,-4.33,0.37,-0.15,0.1,0.532,-0.0,1.038,0.001,-1.038,0.436,,
2026-01-27 20:39:06.523,approach_unloader_to_place,-719.515,-533.933,2224.294,-0.02,0.087,-89.872,-143.415,0.847,-77.739,-0.084,-103.143,-53.562,-0.185,0.569,-2.18,-0.001,1.612,-0.151,0.02,-4.44,-4.28,0.49,-0.16,0.11,0.496,-0.056,1.149,0.001,-1.092,0.407,,
2026-01-27 20:39:06.623,approach_unloader_to_place,-719.69,-533.833,2222.924,-0.02,0.087,-89.874,-143.427,0.884,-77.881,-0.084,-103.039,-53.572,-0.168,0.519,-1.989,-0.001,1.47,-0.137,-0.08,-4.35,-4.32,0.46,-0.19,0.0,0.458,-0.086,1.17,0.001,-1.083,0.375,,
2026-01-27 20:39:06.724,approach_unloader_to_place,-719.847,-533.74,2221.672,-0.02,0.087,-89.876,-143.438,0.917,-78.01,-0.084,-102.944,-53.581,-0.153,0.474,-1.814,-0.001,1.341,-0.125,0.03,-4.54,-4.3,0.5,-0.2,-0.01,0.422,-0.11,1.176,0.001,-1.066,0.346,,
2026-01-27 20:39:06.826,approach_unloader_to_place,-719.984,-533.657,2220.57,-0.02,0.087,-89.878,-143.447,0.947,-78.123,-0.084,-102.86,-53.589,-0.139,0.43,-1.645,-0.001,1.215,-0.113,0.02,-4.51,-4.26,0.52,-0.13,-0.11,0.393,-0.139,1.213,0.001,-1.074,0.322,,
2026-01-27 20:39:06.930,approach_unloader_to_place,-720.114,-533.578,2219.522,-0.02,0.087,-89.879,-143.456,0.975,-78.231,-0.084,-102.78,-53.596,-0.126,0.393,-1.503,-0.001,1.111,-0.103,0.03,-4.47,-4.36,0.45,-0.26,0.02,0.359,-0.14,1.149,0.001,-1.009,0.294,,
2026-01-27 20:39:07.033,approach_unloader_to_place,-720.234,-533.502,2218.532,-0.02,0.087,-89.881,-143.465,1.002,-78.333,-0.084,-102.705,-53.603,-0.116,0.361,-1.382,-0.001,1.021,-0.095,0.01,-4.49,-4.42,0.44,-0.21,-0.0,0.328,-0.142,1.094,0.001,-0.952,0.268,,
2026-01-27 20:39:07.135,approach_unloader_to_place,-720.34,-533.434,2217.661,-0.02,0.087,-89.882,-143.472,1.025,-78.423,-0.085,-102.639,-53.609,-0.106,0.33,-1.26,-0.001,0.931,-0.086,-0.04,-4.47,-4.28,0.49,-0.18,0.03,0.305,-0.16,1.108,0.001,-0.948,0.25,waypoint,
2026-01-27 20:39:07.235,place_on_unloader,-720.435,-533.372,2216.866,-0.02,0.088,-89.883,-143.479,1.047,-78.504,-0.085,-102.578,-53.614,-0.096,0.301,-1.15,-0.001,0.849,-0.078,0.01,-4.55,-4.2,0.51,-0.22,0.05,0.281,-0.165,1.076,0.001,-0.911,0.23,,
2026-01-27 20:39:07.338,place_on_unloader,-720.525,-533.313,2216.114,-0.02,0.088,-89.884,-143.486,1.067,-78.582,-0.085,-102.521,-53.62,-0.088,0.276,-1.055,-0.0,0.779,-0.072,-0.05,-4.53,-4.4,0.42,-0.21,0.03,0.257,-0.16,1.013,0.001,-0.853,0.21,,
2026-01-27 20:39:07.439,place_on_unloader,-720.606,-533.259,2215.43,-0.02,0.088,-89.885,-143.492,1.085,-78.652,-0.085,-102.47,-53.624,-0.081,0.253,-0.967,-0.0,0.714,-0.066,0.07,-4.55,-4.39,0.54,-0.1,0.02,0.237,-0.162,0.982,0.001,-0.819,0.194,,
2026-01-27 20:39:07.540,place_on_unloader,-720.679,-533.209,2214.808,-0.02,0.088,-89.886,-143.497,1.102,-78.716,-0.085,-102.422,-53.629,-0.074,0.232,-0.885,-0.0,0.653,-0.06,0.03,-4.52,-4.4,0.46,-0.14,0.05,0.219,-0.163,0.947,0.001,-0.784,0.179,,
2026-01-27 20:39:07.641,place_on_unloader,-720.743,-533.166,2214.261,-0.02,0.088,-89.887,-143.502,1.117,-78.772,-0.085,-102.381,-53.633,-0.067,0.21,-0.804,-0.0,0.594,-0.055,0.02,-4.5,-4.39,0.43,-0.2,0.01,0.203,-0.167,0.93,0.001,-0.763,0.166,,
2026-01-27 20:39:07.744,place_on_unloader,-720.805,-533.123,2213.727,-0.021,0.088,-89.888,-143.506,1.131,-78.827,-0.085,-102.341,-53.636,-0.062,0.194,-0.74,-0.0,0.546,-0.05,-0.1,-4.51,-4.32,0.47,-0.22,0.02,0.184,-0.153,0.85,0.001,-0.696,0.151,,
2026-01-27 20:39:07.845,place_on_unloader,-720.857,-533.086,2213.274,-0.021,0.088,-89.889,-143.51,1.143,-78.873,-0.085,-102.306,-53.639,-0.056,0.176,-0.671,-0.0,0.495,-0.046,0.0,-4.61,-4.36,0.52,-0.17,0.02,0.173,-0.16,0.849,0.001,-0.689,0.141,,
2026-01-27 20:39:07.947,place_on_unloader,-720.907,-533.051,2212.846,-0.021,0.088,-89.889,-143.514,1.155,-78.917,-0.085,-102.274,-53.642,-0.051,0.16,-0.613,-0.0,0.453,-0.042,-0.03,-4.57,-4.3,0.51,-0.1,0.01,0.157,-0.151,0.79,0.0,-0.639,0.129,,
2026-01-27 20:39:08.047,place_on_unloader,-720.951,-533.02,2212.456,-0.021,0.088,-89.89,-143.517,1.165,-78.957,-0.085,-102.244,-53.645,-0.047,0.146,-0.559,-0.0,0.413,-0.038,-0.03,-4.57,-4.45,0.45,-0.11,-0.06,0.145,-0.146,0.75,0.0,-0.604,0.119,,
2026-01-27 20:39:08.151,place_on_unloader,-720.992,-532.991,2212.102,-0.021,0.088,-89.89,-143.52,1.175,-78.993,-0.085,-102.218,-53.648,-0.043,0.134,-0.51,-0.0,0.377,-0.035,-0.05,-4.55,-4.37,0.49,-0.16,-0.01,0.134,-0.141,0.711,0.0,-0.571,0.109,,
2026-01-27 20:39:08.253,place_on_unloader,-721.028,-532.964,2211.78,-0.021,0.088,-89.891,-143.523,1.183,-79.026,-0.085,-102.193,-53.65,-0.039,0.122,-0.465,-0.0,0.343,-0.032,-0.02,-4.59,-4.28,0.5,-0.13,-0.03,0.123,-0.135,0.673,0.0,-0.538,0.101,,
2026-01-27 20:39:08.354,place_on_unloader,-721.062,-532.94,2211.487,-0.021,0.088,-89.891,-143.525,1.191,-79.056,-0.085,-102.171,-53.652,-0.035,0.111,-0.424,-0.0,0.313,-0.029,0.02,-4.56,-4.39,0.51,-0.26,-0.03,0.113,-0.13,0.636,0.0,-0.506,0.093,,
2026-01-27 20:39:08.455,place_on_unloader,-721.092,-532.918,2211.22,-0.021,0.088,-89.892,-143.528,1.198,-79.083,-0.085,-102.151,-53.654,-0.032,0.101,-0.386,-0.0,0.285,-0.026,0.1,-4.52,-4.5,0.55,-0.14,-0.06,0.104,-0.124,0.599,0.0,-0.475,0.085,,
2026-01-27 20:39:08.558,place_on_unloader,-721.12,-532.897,2210.969,-0.021,0.088,-89.892,-143.53,1.205,-79.109,-0.085,-102.132,-53.656,-0.03,0.093,-0.354,-0.0,0.261,-0.024,-0.05,-4.59,-4.33,0.55,-0.19,-0.0,0.095,-0.116,0.556,0.0,-0.44,0.078,,
2026-01-27 20:39:08.659,place_on_unloader,-721.145,-532.879,2210.749,-0.021,0.088,-89.892,-143.532,1.211,-79.131,-0.085,-102.115,-53.657,-0.027,0.084,-0.322,-0.0,0.237,-0.022,-0.12,-4.61,-4.42,0.52,-0.16,-0.02,0.088,-0.112,0.532,0.0,-0.419,0.072,,
2026-01-27 20:39:08.763,place_on_unloader,-721.168,-532.862,2210.543,-0.021,0.088,-89.893,-143.533,1.217,-79.153,-0.085,-102.1,-53.658,-0.025,0.077,-0.294,-0.0,0.217,-0.02,0.01,-4.63,-4.32,0.51,-0.21,0.11,0.08,-0.105,0.492,0.0,-0.387,0.066,,
2026-01-27 20:39:08.863,place_on_unloader,-721.187,-532.848,2210.374,-0.021,0.088,-89.893,-143.535,1.221,-79.17,-0.085,-102.087,-53.66,-0.022,0.069,-0.264,-0.0,0.195,-0.018,-0.01,-4.62,-4.45,0.42,-0.16,-0.03,0.076,-0.104,0.481,0.0,-0.377,0.062,,
2026-01-27 20:39:08.965,place_on_unloader,-721.205,-532.835,2210.213,-0.021,0.088,-89.893,-143.536,1.225,-79.186,-0.085,-102.075,-53.661,-0.02,0.063,-0.239,-0.0,0.176,-0.016,-0.07,-4.5,-4.33,0.42,-0.22,-0.01,0.069,-0.096,0.442,0.0,-0.346,0.056,,
2026-01-27 20:39:09.066,place_on_unloader,-721.222,-532.822,2210.062,-0.021,0.088,-89.893,-143.537,1.229,-79.202,-0.085,-102.063,-53.662,-0.018,0.057,-0.218,-0.0,0.161,-0.015,0.05,-4.68,-4.38,0.55,-0.19,-0.01,0.063,-0.089,0.407,0.0,-0.318,0.051,,
2026-01-27 20:39:09.168,place_on_unloader,-721.238,-532.81,2209.924,-0.021,0.088,-89.894,-143.539,1.233,-79.216,-0.085,-102.053,-53.663,-0.017,0.052,-0.199,-0.0,0.147,-0.013,0.01,-4.58,-4.45,0.51,-0.13,0.07,0.058,-0.084,0.38,0.0,-0.297,0.047,,
2026-01-27 20:39:09.269,place_on_unloader,-721.252,-532.8,2209.798,-0.021,0.088,-89.894,-143.54,1.237,-79.229,-0.085,-102.044,-53.664,-0.015,0.047,-0.181,-0.0,0.134,-0.012,0.02,-4.52,-4.51,0.37,-0.3,-0.05,0.053,-0.079,0.355,0.0,-0.276,0.043,,
2026-01-27 20:39:09.370,place_on_unloader,-721.264,-532.79,2209.684,-0.021,0.088,-89.894,-143.541,1.24,-79.24,-0.085,-102.035,-53.664,-0.014,0.043,-0.165,-0.0,0.122,-0.011,-0.05,-4.53,-4.38,0.5,-0.07,0.1,0.049,-0.074,0.331,0.0,-0.257,0.04,,
2026-01-27 20:39:09.472,place_on_unloader,-721.276,-532.782,2209.58,-0.021,0.088,-89.894,-143.542,1.242,-79.251,-0.085,-102.027,-53.665,-0.013,0.039,-0.15,-0.0,0.111,-0.01,0.03,-4.6,-4.48,0.53,-0.15,-0.02,0.045,-0.069,0.309,0.0,-0.239,0.036,,
2026-01-27 20:39:09.575,place_on_unloader,-721.286,-532.774,2209.486,-0.021,0.088,-89.894,-143.542,1.245,-79.261,-0.085,-102.02,-53.666,-0.011,0.036,-0.137,-0.0,0.101,-0.009,0.0,-4.56,-4.41,0.49,-0.16,-0.0,0.041,-0.065,0.287,0.0,-0.222,0.033,,
2026-01-27 20:39:09.880,place_on_unloader,-721.312,-532.754,2209.253,-0.021,0.088,-89.895,-143.544,1.251,-79.284,-0.085,-102.002,-53.667,-0.009,0.027,-0.103,-0.0,0.076,-0.007,0.04,-4.64,-4.44,0.52,-0.14,-0.07,0.032,-0.053,0.23,0.0,-0.178,0.026,,
2026-01-27 20:39:10.187,place_on_unloader,-721.331,-532.74,2209.08,-0.021,0.088,-89.895,-143.546,1.256,-79.302,-0.085,-101.989,-53.669,-0.006,0.02,-0.077,-0.0,0.057,-0.005,0.03,-4.56,-4.31,0.55,-0.22,-0.05,0.024,-0.042,0.183,0.0,-0.141,0.02,,
2026-01-27 20:39:10.592,place_on_unloader,-721.35,-532.726,2208.913,-0.021,0.088,-89.895,-143.547,1.26,-79.319,-0.085,-101.977,-53.67,-0.004,0.014,-0.053,-0.0,0.039,-0.004,-0.02,-4.57,-4.44,0.53,-0.1,-0.03,0.017,-0.032,0.136,0.0,-0.104,0.014,,
2026-01-27 20:39:10.896,place_on_unloader,-721.36,-532.718,2208.825,-0.021,0.088,-89.895,-143.548,1.263,-79.328,-0.085,-101.97,-53.67,-0.003,0.01,-0.039,-0.0,0.029,-0.003,-0.06,-4.69,-4.43,0.49,-0.18,0.0,0.013,-0.026,0.108,0.0,-0.082,0.011,,
2026-01-27 20:39:11.299,place_on_unloader,-721.369,-532.711,2208.737,-0.021,0.088,-89.895,-143.549,1.265,-79.337,-0.085,-101.964,-53.671,-0.002,0.007,-0.027,-0.0,0.02,-0.002,0.01,-4.67,-4.48,0.55,-0.17,-0.08,0.009,-0.018,0.077,0.0,-0.059,0.008,,
2026-01-27 20:39:11.603,place_on_unloader,-721.375,-532.707,2208.688,-0.021,0.088,-89.895,-143.549,1.266,-79.342,-0.085,-101.96,-53.671,-0.002,0.005,-0.021,-0.0,0.015,-0.001,-0.01,-4.64,-4.39,0.49,-0.16,-0.03,0.007,-0.015,0.061,0.0,-0.046,0.006,,
2026-01-27 20:39:12.011,place_on_unloader,-721.38,-532.703,2208.642,-0.021,0.088,-89.895,-143.549,1.267,-79.347,-0.085,-101.956,-53.672,-0.001,0.004,-0.014,-0.0,0.011,-0.001,0.04,-4.56,-4.53,0.49,-0.22,0.03,0.005,-0.011,0.044,0.0,-0.033,0.004,,
2026-01-27 20:39:12.316,place_on_unloader,-721.383,-532.701,2208.616,-0.021,0.088,-89.895,-143.55,1.268,-79.35,-0.085,-101.954,-53.672,-0.001,0.003,-0.011,-0.0,0.008,-0.001,-0.02,-4.63,-4.35,0.5,-0.16,-0.01,0.004,-0.008,0.034,0.0,-0.026,0.003,,
2026-01-27 20:39:12.724,place_on_unloader,-721.385,-532.699,2208.591,-0.021,0.088,-89.895,-143.55,1.269,-79.352,-0.085,-101.953,-53.672,-0.001,0.002,-0.008,-0.0,0.006,-0.001,-0.06,-4.6,-4.36,0.45,-0.12,0.04,0.003,-0.006,0.024,0.0,-0.018,0.002,,
2026-01-27 20:39:12.826,place_to_retreat_unloader,-721.639,-528.838,2208.67,-0.021,0.088,-89.897,-143.758,1.42,-79.494,-0.085,-101.962,-53.879,-0.522,0.38,-0.36,0.0,-0.018,-0.519,-0.0,-4.66,-4.43,0.53,-0.26,0.11,-2.082,1.507,-1.39,0.001,-0.111,-2.072,,
2026-01-27 20:39:12.927,place_to_retreat_unloader,-722.16,-519.81,2208.841,-0.021,0.087,-89.896,-144.247,1.775,-79.825,-0.085,-101.983,-54.368,-1.613,1.171,-1.099,0.0,-0.068,-1.612,0.11,-4.77,-4.4,0.51,-0.24,-0.02,-4.676,3.388,-3.149,0.001,-0.225,-4.681,,
2026-01-27 20:39:13.029,place_to_retreat_unloader,-722.561,-511.268,2208.976,-0.022,0.086,-89.896,-144.711,2.111,-80.14,-0.085,-102.004,-54.833,-2.37,1.72,-1.611,0.001,-0.102,-2.369,0.08,-4.72,-4.5,0.48,-0.19,0.1,-3.961,2.87,-2.666,0.001,-0.192,-3.965,,
2026-01-27 20:39:13.131,place_to_retreat_unloader,-722.849,-503.497,2209.076,-0.022,0.085,-89.896,-145.134,2.419,-80.427,-0.085,-102.022,-55.256,-2.836,2.058,-1.926,0.001,-0.123,-2.836,0.01,-4.85,-4.49,0.44,-0.09,0.05,-3.159,2.289,-2.124,0.001,-0.155,-3.163,,
2026-01-27 20:39:13.231,place_to_retreat_unloader,-723.047,-496.426,2209.147,-0.022,0.085,-89.896,-145.521,2.699,-80.689,-0.085,-102.039,-55.643,-3.093,2.244,-2.1,0.001,-0.135,-3.094,0.09,-4.84,-4.52,0.34,-0.26,-0.05,-2.473,1.791,-1.661,0.0,-0.123,-2.476,,
2026-01-27 20:39:13.334,place_to_retreat_unloader,-723.177,-489.765,2209.198,-0.023,0.084,-89.895,-145.886,2.964,-80.937,-0.084,-102.056,-56.008,-3.232,2.346,-2.194,0.001,-0.142,-3.234,0.16,-4.81,-4.44,0.44,-0.19,0.02,-2.013,1.458,-1.35,0.0,-0.101,-2.015,,
2026-01-27 20:39:13.437,place_to_retreat_unloader,-723.247,-483.928,2209.229,-0.023,0.084,-89.895,-146.207,3.197,-81.155,-0.084,-102.07,-56.329,-3.226,2.341,-2.189,0.001,-0.142,-3.227,0.19,-4.79,-4.48,0.31,-0.25,0.01,-1.368,0.99,-0.914,0.0,-0.072,-1.37,,
2026-01-27 20:39:13.539,place_to_retreat_unloader,-723.274,-478.241,2209.247,-0.023,0.083,-89.895,-146.52,3.424,-81.367,-0.084,-102.084,-56.643,-3.203,2.324,-2.173,0.001,-0.141,-3.204,0.13,-4.92,-4.45,0.34,-0.21,-0.03,-1.157,0.837,-0.773,0.0,-0.061,-1.159,,
2026-01-27 20:39:13.642,place_to_retreat_unloader,-723.264,-473.267,2209.253,-0.023,0.083,-89.895,-146.795,3.623,-81.553,-0.084,-102.096,-56.917,-3.089,2.241,-2.096,0.001,-0.136,-3.09,0.15,-5.0,-4.41,0.45,-0.23,-0.07,-0.655,0.473,-0.433,0.0,-0.038,-0.656,,
2026-01-27 20:39:13.746,place_to_retreat_unloader,-723.231,-468.907,2209.25,-0.024,0.083,-89.895,-147.036,3.798,-81.717,-0.084,-102.106,-57.159,-2.92,2.119,-1.981,0.001,-0.129,-2.921,0.23,-5.1,-4.42,0.35,-0.31,0.02,-0.256,0.184,-0.163,0.0,-0.019,-0.256,,
2026-01-27 20:39:13.848,place_to_retreat_unloader,-723.18,-464.936,2209.242,-0.024,0.082,-89.895,-147.256,3.958,-81.866,-0.084,-102.116,-57.379,-2.74,1.988,-1.859,0.001,-0.121,-2.742,0.12,-5.04,-4.35,0.44,-0.21,-0.01,-0.019,0.012,-0.004,-0.0,-0.008,-0.02,,
2026-01-27 20:39:13.949,place_to_retreat_unloader,-723.117,-461.318,2209.229,-0.024,0.082,-89.895,-147.457,4.104,-82.003,-0.084,-102.125,-57.58,-2.558,1.856,-1.735,0.001,-0.113,-2.559,0.18,-4.96,-4.47,0.39,-0.2,-0.04,0.175,-0.129,0.127,-0.0,0.001,0.175,,
2026-01-27 20:39:14.052,place_to_retreat_unloader,-723.045,-458.022,2209.212,-0.024,0.082,-89.894,-147.641,4.237,-82.127,-0.084,-102.133,-57.764,-2.377,1.725,-1.612,0.0,-0.105,-2.378,0.01,-5.07,-4.47,0.33,-0.14,-0.08,0.333,-0.243,0.233,-0.0,0.009,0.333,,
2026-01-27 20:39:14.152,place_to_retreat_unloader,-722.967,-455.019,2209.194,-0.024,0.082,-89.894,-147.808,4.358,-82.241,-0.084,-102.141,-57.931,-2.201,1.597,-1.493,0.0,-0.097,-2.202,0.1,-4.9,-4.46,0.42,-0.22,0.04,0.46,-0.335,0.319,-0.0,0.015,0.46,,
2026-01-27 20:39:14.258,place_to_retreat_unloader,-722.917,-453.267,2209.181,-0.025,0.082,-89.894,-147.906,4.429,-82.307,-0.084,-102.145,-58.029,-1.895,1.375,-1.286,0.0,-0.084,-1.896,0.1,-5.09,-4.47,0.34,-0.23,0.01,1.11,-0.806,0.759,-0.0,0.044,1.11,,
2026-01-27 20:39:14.359,place_to_retreat_unloader,-722.851,-451.145,2209.165,-0.025,0.081,-89.894,-148.024,4.515,-82.387,-0.084,-102.15,-58.148,-1.718,1.246,-1.165,0.0,-0.076,-1.718,0.05,-5.09,-4.42,0.48,-0.19,-0.05,0.792,-0.576,0.543,-0.0,0.031,0.792,,
2026-01-27 20:39:14.460,place_to_retreat_unloader,-722.769,-448.752,2209.144,-0.025,0.081,-89.894,-148.158,4.612,-82.478,-0.084,-102.156,-58.281,-1.623,1.177,-1.101,0.0,-0.072,-1.624,0.08,-5.12,-4.46,0.48,-0.19,0.03,0.559,-0.407,0.384,-0.0,0.021,0.559,,
2026-01-27 20:39:14.561,place_to_retreat_unloader,-722.686,-446.493,2209.122,-0.025,0.081,-89.894,-148.284,4.704,-82.564,-0.084,-102.162,-58.408,-1.533,1.112,-1.04,0.0,-0.068,-1.534,0.08,-5.14,-4.34,0.42,-0.23,0.03,0.577,-0.42,0.396,-0.0,0.022,0.577,,
2026-01-27 20:39:14.663,place_to_retreat_unloader,-722.604,-444.441,2209.101,-0.025,0.081,-89.894,-148.399,4.788,-82.642,-0.084,-102.167,-58.523,-1.437,1.043,-0.975,0.0,-0.064,-1.438,0.11,-5.11,-4.58,0.45,-0.21,-0.07,0.634,-0.461,0.434,-0.0,0.025,0.634,,
2026-01-27 20:39:14.764,place_to_retreat_unloader,-722.526,-442.576,2209.08,-0.025,0.081,-89.894,-148.504,4.863,-82.713,-0.084,-102.171,-58.628,-1.34,0.972,-0.909,0.0,-0.059,-1.34,-0.01,-5.1,-4.39,0.47,-0.17,0.01,0.675,-0.49,0.461,-0.0,0.027,0.675,,
2026-01-27 20:39:14.865,place_to_retreat_unloader,-722.451,-440.882,2209.06,-0.025,0.081,-89.894,-148.599,4.932,-82.778,-0.084,-102.176,-58.723,-1.243,0.902,-0.843,0.0,-0.055,-1.243,0.13,-5.02,-4.37,0.51,-0.14,-0.04,0.702,-0.51,0.479,-0.0,0.028,0.702,,
2026-01-27 20:39:14.966,place_to_retreat_unloader,-722.379,-439.342,2209.04,-0.025,0.08,-89.894,-148.686,4.995,-82.836,-0.084,-102.179,-58.809,-1.148,0.833,-0.779,0.0,-0.051,-1.149,0.08,-5.16,-4.51,0.52,-0.27,-0.06,0.718,-0.521,0.49,-0.0,0.029,0.718,waypoint,
2026-01-27 20:39:15.066,place_to_retreat_unloader,-724.244,-423.839,2209.333,-0.025,0.08,-89.896,-149.656,5.444,-83.221,-0.084,-102.242,-59.778,-3.288,1.746,-1.545,-0.0,-0.194,-3.283,0.21,-5.18,-4.45,0.45,-0.16,-0.03,-8.194,3.388,-2.817,-0.002,-0.561,-8.175,,
2026-01-27 20:39:15.169,place_to_retreat_unloader,-726.102,-405.638,2209.63,-0.026,0.08,-89.895,-150.803,5.969,-83.669,-0.084,-102.316,-60.926,-5.333,2.622,-2.281,-0.001,-0.331,-5.332,0.3,-5.25,-4.49,0.32,-0.16,-0.0,-9.137,3.812,-3.178,-0.004,-0.621,-9.149,,
2026-01-27 20:39:15.270,place_to_retreat_unloader,-727.379,-389.73,2209.837,-0.026,0.08,-89.895,-151.811,6.43,-84.064,-0.085,-102.381,-61.934,-6.518,3.119,-2.696,-0.002,-0.411,-6.52,0.27,-5.29,-4.44,0.34,-0.27,0.02,-6.83,2.793,-2.315,-0.003,-0.469,-6.839,,
2026-01-27 20:39:15.371,place_to_retreat_unloader,-728.283,-374.776,2209.987,-0.026,0.08,-89.894,-152.762,6.865,-84.436,-0.085,-102.443,-62.887,-7.268,3.428,-2.953,-0.002,-0.462,-7.271,0.27,-5.4,-4.5,0.27,-0.28,0.02,-5.591,2.26,-1.866,-0.002,-0.386,-5.599,,
2026-01-27 20:39:15.472,place_to_retreat_unloader,-728.853,-361.245,2210.084,-0.026,0.08,-89.893,-153.628,7.261,-84.775,-0.085,-102.499,-63.753,-7.616,3.561,-3.062,-0.002,-0.487,-7.62,0.33,-5.47,-4.41,0.32,-0.23,-0.12,-4.171,1.639,-1.342,-0.002,-0.292,-4.177,,
2026-01-27 20:39:15.575,place_to_retreat_unloader,-729.164,-349.0,2210.141,-0.026,0.08,-89.893,-154.416,7.622,-85.083,-0.085,-102.55,-64.541,-7.68,3.572,-3.067,-0.002,-0.493,-7.685,0.39,-5.46,-4.41,0.32,-0.29,-0.02,-2.97,1.117,-0.902,-0.001,-0.212,-2.975,,
2026-01-27 20:39:15.678,place_to_retreat_unloader,-729.278,-337.916,2210.166,-0.026,0.08,-89.892,-155.132,7.949,-85.363,-0.086,-102.596,-65.258,-7.551,3.498,-3.001,-0.002,-0.485,-7.555,0.35,-5.45,-4.44,0.33,-0.23,-0.02,-1.961,0.679,-0.533,-0.001,-0.145,-1.964,,
2026-01-27 20:39:15.780,place_to_retreat_unloader,-729.243,-327.881,2210.167,-0.026,0.08,-89.892,-155.783,8.247,-85.618,-0.086,-102.638,-65.91,-7.291,3.369,-2.888,-0.002,-0.469,-7.296,0.36,-5.58,-4.4,0.22,-0.18,-0.03,-1.117,0.315,-0.226,-0.001,-0.088,-1.119,,
2026-01-27 20:39:15.882,place_to_retreat_unloader,-729.097,-318.793,2210.15,-0.026,0.08,-89.892,-156.376,8.519,-85.85,-0.086,-102.677,-66.503,-6.95,3.204,-2.745,-0.002,-0.448,-6.954,0.26,-5.65,-4.45,0.36,-0.2,-0.06,-0.416,0.014,0.027,-0.0,-0.041,-0.417,,
2026-01-27 20:39:15.984,place_to_retreat_unloader,-728.88,-310.842,2210.121,-0.027,0.08,-89.891,-156.896,8.757,-86.054,-0.086,-102.71,-67.024,-6.513,2.999,-2.568,-0.002,-0.42,-6.518,0.24,-5.71,-4.45,0.35,-0.21,-0.09,0.346,-0.317,0.306,-0.0,0.009,0.345,,
2026-01-27 20:39:16.086,place_to_retreat_unloader,-728.621,-303.869,2210.085,-0.027,0.08,-89.891,-157.354,8.966,-86.233,-0.086,-102.74,-67.482,-6.03,2.773,-2.374,-0.002,-0.389,-6.034,0.23,-5.74,-4.48,0.32,-0.2,0.03,0.934,-0.571,0.519,-0.0,0.049,0.934,,
2026-01-27 20:39:16.186,place_to_retreat_unloader,-728.317,-297.272,2210.04,-0.027,0.08,-89.891,-157.789,9.165,-86.403,-0.086,-102.768,-67.917,-5.61,2.577,-2.206,-0.002,-0.362,-5.614,0.22,-5.67,-4.49,0.42,-0.21,-0.03,1.073,-0.62,0.558,0.0,0.059,1.073,,
2026-01-27 20:39:16.287,place_to_retreat_unloader,-727.989,-291.271,2209.992,-0.027,0.08,-89.891,-158.186,9.347,-86.558,-0.087,-102.794,-68.314,-5.2,2.387,-2.043,-0.001,-0.336,-5.203,0.32,-5.72,-4.47,0.27,-0.17,0.03,1.346,-0.732,0.651,0.0,0.078,1.346,,
2026-01-27 20:39:16.391,place_to_retreat_unloader,-727.636,-285.618,2209.939,-0.027,0.08,-89.891,-158.561,9.519,-86.705,-0.087,-102.818,-68.69,-4.837,2.219,-1.899,-0.001,-0.313,-4.841,0.21,-5.72,-4.47,0.38,-0.19,-0.02,1.43,-0.759,0.672,0.0,0.084,1.431,,
2026-01-27 20:39:16.492,place_to_retreat_unloader,-727.292,-280.667,2209.887,-0.027,0.08,-89.89,-158.89,9.669,-86.834,-0.087,-102.839,-69.019,-4.452,2.041,-1.747,-0.001,-0.288,-4.455,0.16,-5.81,-4.44,0.39,-0.19,0.01,1.743,-0.891,0.783,0.0,0.105,1.744,,
2026-01-27 20:39:16.594,place_to_retreat_unloader,-726.949,-276.161,2209.834,-0.027,0.08,-89.89,-159.191,9.807,-86.952,-0.087,-102.859,-69.32,-4.09,1.875,-1.604,-0.001,-0.264,-4.093,0.21,-5.82,-4.47,0.39,-0.11,-0.03,1.856,-0.934,0.817,0.0,0.113,1.857,,
2026-01-27 20:39:16.695,place_to_retreat_unloader,-726.614,-272.059,2209.783,-0.027,0.08,-89.89,-159.465,9.933,-87.059,-0.087,-102.877,-69.595,-3.754,1.72,-1.471,-0.001,-0.243,-3.756,0.24,-5.77,-4.46,0.34,-0.12,-0.08,1.934,-0.961,0.838,0.0,0.119,1.935,,
2026-01-27 20:39:16.797,place_to_retreat_unloader,-726.288,-268.323,2209.733,-0.027,0.08,-89.89,-159.716,10.047,-87.157,-0.087,-102.893,-69.845,-3.441,1.577,-1.349,-0.001,-0.223,-3.443,0.27,-5.8,-4.33,0.35,-0.1,-0.11,1.98,-0.974,0.848,0.0,0.123,1.981,,
2026-01-27 20:39:16.897,place_to_retreat_unloader,-725.975,-264.922,2209.684,-0.027,0.08,-89.89,-159.944,10.152,-87.247,-0.087,-102.908,-70.074,-3.152,1.444,-1.235,-0.001,-0.204,-3.154,0.16,-5.84,-4.43,0.42,-0.2,-0.05,2.001,-0.977,0.849,0.0,0.124,2.002,,
2026-01-27 20:39:16.993,place_to_retreat_unloader,-725.676,-261.823,2209.638,-0.027,0.081,-89.89,-160.153,10.247,-87.328,-0.087,-102.921,-70.283,-2.886,1.321,-1.13,-0.001,-0.187,-2.887,0.15,-5.85,-4.39,0.38,-0.13,0.07,2.0,-0.971,0.842,0.0,0.125,2.002,,
2026-01-27 20:39:17.102,place_to_retreat_unloader,-725.392,-259.001,2209.593,-0.027,0.081,-89.89,-160.343,10.334,-87.403,-0.087,-102.933,-70.473,-2.64,1.209,-1.034,-0.001,-0.171,-2.641,0.22,-5.87,-4.39,0.38,-0.27,-0.03,1.983,-0.957,0.83,0.0,0.124,1.984,,
2026-01-27 20:39:17.204,place_to_retreat_unloader,-725.114,-256.338,2209.55,-0.027,0.081,-89.89,-160.523,10.416,-87.473,-0.087,-102.945,-70.653,-2.43,1.112,-0.951,-0.001,-0.157,-2.431,0.2,-5.85,-4.38,0.4,-0.22,0.06,1.889,-0.909,0.788,0.0,0.119,1.891,,
2026-01-27 20:39:17.306,place_to_retreat_unloader,-724.854,-253.921,2209.509,-0.027,0.081,-89.89,-160.687,10.491,-87.537,-0.087,-102.956,-70.816,-2.231,1.021,-0.873,-0.001,-0.144,-2.232,0.08,-5.9,-4.43,0.39,-0.23,0.04,1.863,-0.893,0.773,0.0,0.117,1.864,,
2026-01-27 20:39:17.407,place_to_retreat_unloader,-724.61,-251.725,2209.471,-0.027,0.081,-89.89,-160.835,10.559,-87.595,-0.087,-102.965,-70.965,-2.045,0.936,-0.801,-0.001,-0.132,-2.046,0.19,-5.88,-4.37,0.49,-0.28,0.11,1.825,-0.871,0.753,0.0,0.115,1.826,,
2026-01-27 20:39:17.510,place_to_retreat_unloader,-724.383,-249.73,2209.435,-0.027,0.081,-89.89,-160.971,10.621,-87.648,-0.087,-102.974,-71.101,-1.872,0.857,-0.733,-0.001,-0.121,-1.873,0.16,-5.97,-4.36,0.5,-0.13,-0.06,1.777,-0.846,0.731,0.0,0.112,1.778,,
2026-01-27 20:39:17.612,place_to_retreat_unloader,-724.171,-247.919,2209.402,-0.027,0.081,-89.89,-161.094,10.678,-87.696,-0.087,-102.982,-71.224,-1.712,0.783,-0.67,-0.0,-0.111,-1.712,0.09,-5.89,-4.34,0.38,-0.14,0.04,1.722,-0.817,0.705,0.0,0.109,1.723,,
2026-01-27 20:39:17.713,place_to_retreat_unloader,-723.982,-246.329,2209.372,-0.027,0.081,-89.89,-161.202,10.727,-87.739,-0.087,-102.989,-71.332,-1.554,0.711,-0.608,-0.0,-0.101,-1.555,0.08,-5.89,-4.38,0.47,-0.21,-0.02,1.699,-0.804,0.693,0.0,0.108,1.7,,
2026-01-27 20:39:17.813,place_to_retreat_unloader,-723.8,-244.828,2209.343,-0.027,0.081,-89.89,-161.304,10.774,-87.779,-0.087,-102.995,-71.434,-1.421,0.65,-0.556,-0.0,-0.092,-1.421,0.12,-5.92,-4.34,0.36,-0.13,-0.06,1.589,-0.751,0.647,0.0,0.101,1.59,,
2026-01-27 20:39:17.915,place_to_retreat_unloader,-723.632,-243.464,2209.316,-0.027,0.081,-89.89,-161.397,10.816,-87.815,-0.088,-103.002,-71.527,-1.298,0.594,-0.508,-0.0,-0.084,-1.298,0.04,-5.96,-4.26,0.32,-0.11,-0.04,1.522,-0.718,0.619,0.0,0.097,1.523,waypoint,
2026-01-27 20:39:18.017,retreat_unloader_to_end,-719.844,-246.029,2210.489,-0.028,0.081,-89.88,-161.123,10.975,-87.853,-0.088,-103.122,-71.263,-0.288,0.843,-0.476,-0.001,-0.365,-0.314,49.66,35.47,20.94,-17.85,9.24,0.73,5.04,0.517,0.54,-0.001,-1.06,4.939,,
2026-01-27 20:39:18.119,retreat_unloader_to_end,-652.504,-305.87,2230.802,-0.029,0.077,-89.879,-154.877,13.129,-87.97,-0.085,-105.166,-65.02,15.399,6.017,-0.651,0.007,-5.382,15.373,39.21,26.82,16.03,-13.67,7.55,0.53,64.257,20.418,-0.309,0.029,-20.182,64.239,,
2026-01-27 20:39:18.220,retreat_unloader_to_end,-591.572,-347.396,2246.889,-0.029,0.074,-89.882,-149.569,14.96,-88.07,-0.082,-106.902,-59.711,24.819,9.089,-0.738,0.011,-8.378,24.803,30.75,19.76,11.99,-10.44,6.14,0.43,48.448,15.139,-0.101,0.023,-15.095,48.475,,
2026-01-27 20:39:18.323,retreat_unloader_to_end,-529.533,-379.668,2261.635,-0.029,0.072,-89.885,-144.352,16.759,-88.168,-0.08,-108.609,-54.492,31.656,11.314,-0.798,0.015,-10.551,31.647,24.1,14.14,8.74,-7.95,4.85,0.35,42.693,13.311,-0.073,0.02,-13.288,42.716,,
2026-01-27 20:39:18.424,retreat_unloader_to_end,-474.132,-400.997,2273.708,-0.029,0.071,-89.887,-139.769,18.339,-88.254,-0.078,-110.109,-49.908,35.2,12.436,-0.814,0.016,-11.662,35.195,18.74,9.59,6.13,-5.97,3.92,0.33,32.085,9.794,0.053,0.015,-9.885,32.104,,
2026-01-27 20:39:18.525,retreat_unloader_to_end,-423.484,-414.782,2284.0,-0.029,0.07,-89.889,-135.586,19.781,-88.333,-0.076,-111.477,-45.725,36.856,12.933,-0.807,0.017,-12.167,36.855,14.64,5.94,4.0,-4.48,3.14,0.28,24.871,7.433,0.123,0.012,-7.586,24.886,,
2026-01-27 20:39:18.626,retreat_unloader_to_end,-376.055,-422.918,2293.082,-0.029,0.07,-89.891,-131.635,21.144,-88.407,-0.074,-112.77,-41.773,37.521,13.106,-0.791,0.018,-12.358,37.522,11.2,3.05,2.29,-3.2,2.26,0.2,20.076,5.894,0.154,0.009,-6.072,20.089,,
2026-01-27 20:39:18.728,retreat_unloader_to_end,-333.654,-426.303,2300.797,-0.029,0.07,-89.892,-128.041,22.383,-88.475,-0.072,-113.946,-38.178,37.126,12.928,-0.762,0.017,-12.208,37.129,8.62,0.54,0.96,-2.35,1.98,0.24,14.493,4.072,0.206,0.007,-4.295,14.503,,
2026-01-27 20:39:18.831,retreat_unloader_to_end,-295.978,-426.169,2307.36,-0.029,0.07,-89.893,-124.772,23.511,-88.536,-0.071,-115.015,-34.909,36.017,12.514,-0.725,0.017,-11.83,36.02,6.62,-1.39,-0.23,-1.6,1.41,0.13,9.792,2.543,0.246,0.005,-2.802,9.799,,
2026-01-27 20:39:18.934,retreat_unloader_to_end,-262.648,-423.486,2312.953,-0.029,0.071,-89.894,-121.799,24.536,-88.592,-0.069,-115.988,-31.935,34.446,11.949,-0.684,0.016,-11.304,34.449,4.94,-2.83,-1.11,-0.96,1.12,0.14,5.855,1.269,0.277,0.003,-1.554,5.86,,
2026-01-27 20:39:19.035,retreat_unloader_to_end,-234.238,-419.196,2317.569,-0.03,0.071,-89.895,-119.187,25.436,-88.641,-0.068,-116.843,-29.323,32.364,11.213,-0.636,0.015,-10.615,32.367,3.68,-4.02,-1.84,-0.59,0.78,0.17,1.657,-0.104,0.318,0.001,-0.216,1.661,,
2026-01-27 20:39:19.136,retreat_unloader_to_end,-208.246,-413.551,2321.674,-0.03,0.071,-89.895,-116.719,26.287,-88.688,-0.067,-117.65,-26.855,30.442,10.538,-0.593,0.014,-9.979,30.445,2.72,-5.07,-2.27,-0.27,0.65,0.03,0.05,-0.59,0.313,-0.0,0.277,0.053,,
2026-01-27 20:39:19.238,retreat_unloader_to_end,-185.398,-407.129,2325.191,-0.031,0.072,-89.896,-114.474,27.061,-88.73,-0.066,-118.384,-24.61,28.443,9.838,-0.55,0.013,-9.32,28.446,1.87,-5.89,-2.77,-0.12,0.44,0.05,-2.188,-1.301,0.324,-0.001,0.98,-2.186,,
2026-01-27 20:39:19.340,retreat_unloader_to_end,-165.325,-400.271,2328.209,-0.031,0.073,-89.896,-112.433,27.765,-88.768,-0.065,-119.052,-22.569,26.436,9.138,-0.508,0.012,-8.66,26.438,1.31,-6.43,-3.21,0.14,0.25,0.08,-4.0,-1.871,0.329,-0.002,1.546,-3.999,,
2026-01-27 20:39:19.442,retreat_unloader_to_end,-147.692,-393.228,2330.805,-0.032,0.073,-89.896,-110.576,28.406,-88.803,-0.064,-119.66,-20.712,24.469,8.454,-0.469,0.011,-8.014,24.47,0.85,-6.95,-3.47,0.19,0.17,0.08,-5.447,-2.321,0.331,-0.003,1.996,-5.446,,
2026-01-27 20:39:19.543,retreat_unloader_to_end,-132.198,-386.186,2333.043,-0.032,0.074,-89.896,-108.888,28.988,-88.835,-0.063,-120.212,-19.023,22.573,7.797,-0.431,0.011,-7.392,22.575,0.57,-7.37,-3.6,0.45,0.07,0.01,-6.582,-2.668,0.33,-0.003,2.346,-6.582,,
2026-01-27 20:39:19.644,retreat_unloader_to_end,-119.033,-379.52,2334.912,-0.033,0.074,-89.896,-107.404,29.5,-88.863,-0.063,-120.698,-17.54,20.639,7.126,-0.393,0.01,-6.757,20.64,0.3,-7.76,-3.8,0.44,-0.02,0.15,-7.976,-3.109,0.335,-0.004,2.783,-7.976,,
2026-01-27 20:39:19.744,retreat_unloader_to_end,-106.991,-372.827,2336.593,-0.034,0.075,-89.896,-106.002,29.983,-88.889,-0.062,-121.156,-16.138,18.983,6.553,-0.361,0.009,-6.214,18.984,0.09,-7.95,-3.97,0.45,-0.07,0.05,-7.997,-3.08,0.317,-0.004,2.772,-7.997,,
2026-01-27 20:39:19.846,retreat_unloader_to_end,-96.739,-366.643,2338.004,-0.034,0.075,-89.896,-104.771,30.408,-88.912,-0.061,-121.559,-14.907,17.316,5.976,-0.328,0.008,-5.668,17.316,0.0,-8.2,-4.1,0.53,-0.28,0.01,-8.9,-3.36,0.317,-0.004,3.052,-8.901,,
2026-01-27 20:39:19.949,retreat_unloader_to_end,-87.342,-360.55,2339.279,-0.035,0.075,-89.896,-103.608,30.809,-88.934,-0.061,-121.94,-13.743,15.895,5.485,-0.301,0.007,-5.202,15.895,-0.19,-8.28,-4.12,0.61,-0.26,0.1,-8.69,-3.258,0.298,-0.004,2.969,-8.69,,
2026-01-27 20:39:20.053,retreat_unloader_to_end,-79.044,-354.804,2340.389,-0.035,0.076,-89.896,-102.55,31.174,-88.954,-0.06,-122.286,-12.685,14.567,5.026,-0.275,0.007,-4.767,14.567,-0.28,-8.47,-4.17,0.57,-0.31,0.01,-8.873,-3.295,0.288,-0.004,3.017,-8.874,,
2026-01-27 20:39:20.156,retreat_unloader_to_end,-71.953,-349.603,2341.327,-0.036,0.076,-89.896,-101.62,31.494,-88.972,-0.06,-122.59,-11.756,13.249,4.571,-0.25,0.006,-4.336,13.249,-0.23,-8.59,-4.38,0.55,-0.23,0.01,-9.272,-3.409,0.284,-0.004,3.136,-9.272,,
2026-01-27 20:39:20.258,retreat_unloader_to_end,-65.647,-344.734,2342.151,-0.036,0.076,-89.896,-100.772,31.787,-88.988,-0.059,-122.868,-10.908,12.058,4.16,-0.228,0.006,-3.946,12.057,-0.26,-8.62,-4.19,0.65,-0.33,0.07,-9.157,-3.348,0.271,-0.004,3.088,-9.158,,
2026-01-27 20:39:20.360,retreat_unloader_to_end,-60.031,-340.193,2342.877,-0.037,0.077,-89.896,-99.997,32.054,-89.002,-0.059,-123.121,-10.134,10.979,3.787,-0.207,0.005,-3.593,10.978,-0.33,-8.69,-4.38,0.61,-0.27,-0.02,-8.983,-3.269,0.258,-0.004,3.022,-8.983,,
2026-01-27 20:39:20.461,retreat_unloader_to_end,-55.023,-335.97,2343.518,-0.037,0.077,-89.896,-99.291,32.297,-89.015,-0.059,-123.352,-9.427,10.0,3.449,-0.188,0.005,-3.272,10.0,-0.35,-8.8,-4.4,0.6,-0.24,0.01,-8.761,-3.176,0.244,-0.004,2.941,-8.762,,
2026-01-27 20:39:20.563,retreat_unloader_to_end,-50.552,-332.052,2344.084,-0.037,0.077,-89.896,-98.646,32.52,-89.028,-0.059,-123.563,-8.783,9.112,3.143,-0.172,0.004,-2.982,9.111,-0.39,-8.83,-4.35,0.69,-0.22,-0.02,-8.502,-3.071,0.232,-0.004,2.849,-8.503,,
2026-01-27 20:39:20.663,retreat_unloader_to_end,-46.694,-328.554,2344.569,-0.038,0.077,-89.896,-98.078,32.715,-89.038,-0.058,-123.749,-8.215,8.253,2.847,-0.155,0.004,-2.7,8.252,-0.36,-8.9,-4.43,0.54,-0.23,0.01,-8.424,-3.03,0.223,-0.004,2.817,-8.425,,
2026-01-27 20:39:20.764,retreat_unloader_to_end,-43.101,-325.192,2345.016,-0.038,0.078,-89.896,-97.54,32.901,-89.048,-0.058,-123.925,-7.676,7.537,2.599,-0.142,0.003,-2.466,7.536,-0.38,-8.99,-4.35,0.6,-0.19,-0.05,-7.869,-2.826,0.206,-0.004,2.629,-7.87,,
2026-01-27 20:39:20.866,retreat_unloader_to_end,-39.993,-322.2,2345.4,-0.038,0.078,-89.896,-97.065,33.065,-89.057,-0.058,-124.08,-7.202,6.839,2.358,-0.129,0.003,-2.238,6.837,-0.34,-8.89,-4.3,0.58,-0.29,-0.04,-7.728,-2.766,0.198,-0.004,2.577,-7.728,,
2026-01-27 20:39:20.967,retreat_unloader_to_end,-37.092,-319.332,2345.756,-0.039,0.078,-89.895,-96.615,33.22,-89.066,-0.058,-124.228,-6.752,6.255,2.157,-0.118,0.003,-2.046,6.253,-0.25,-8.95,-4.31,0.62,-0.23,-0.02,-7.195,-2.572,0.182,-0.003,2.398,-7.195,,
2026-01-27 20:39:21.071,retreat_unloader_to_end,-34.577,-316.786,2346.063,-0.039,0.078,-89.895,-96.219,33.357,-89.073,-0.057,-124.357,-6.356,5.682,1.959,-0.107,0.003,-1.859,5.681,-0.29,-8.9,-4.25,0.58,-0.17,0.06,-7.015,-2.501,0.174,-0.003,2.335,-7.015,,
2026-01-27 20:39:21.173,retreat_unloader_to_end,-32.223,-314.35,2346.347,-0.039,0.078,-89.895,-95.842,33.486,-89.08,-0.057,-124.48,-5.98,5.202,1.794,-0.098,0.002,-1.702,5.201,-0.27,-9.01,-4.26,0.55,-0.29,0.03,-6.514,-2.32,0.161,-0.003,2.167,-6.514,,
2026-01-27 20:39:21.275,retreat_unloader_to_end,-30.105,-312.112,2346.602,-0.04,0.078,-89.895,-95.499,33.605,-89.087,-0.057,-124.593,-5.636,4.76,1.642,-0.09,0.002,-1.557,4.759,-0.23,-8.98,-4.3,0.58,-0.39,0.01,-6.192,-2.202,0.151,-0.003,2.058,-6.192,,
2026-01-27 20:39:21.377,retreat_unloader_to_end,-28.196,-310.056,2346.83,-0.04,0.079,-89.895,-95.186,33.713,-89.093,-0.057,-124.695,-5.323,4.354,1.501,-0.082,0.002,-1.424,4.352,-0.24,-8.95,-4.25,0.58,-0.24,0.08,-5.872,-2.085,0.141,-0.003,1.95,-5.873,,
2026-01-27 20:39:21.480,retreat_unloader_to_end,-26.475,-308.171,2347.035,-0.04,0.079,-89.895,-94.9,33.812,-89.098,-0.057,-124.789,-5.037,3.98,1.373,-0.075,0.002,-1.302,3.979,-0.26,-8.98,-4.34,0.69,-0.18,0.07,-5.559,-1.971,0.132,-0.003,1.845,-5.559,,
2026-01-27 20:39:21.582,retreat_unloader_to_end,-24.92,-306.441,2347.219,-0.04,0.079,-89.895,-94.639,33.902,-89.103,-0.057,-124.874,-4.776,3.638,1.254,-0.068,0.002,-1.19,3.637,-0.27,-9.03,-4.25,0.61,-0.35,0.01,-5.253,-1.86,0.124,-0.002,1.742,-5.253,,
2026-01-27 20:39:21.682,retreat_unloader_to_end,-23.566,-304.912,2347.378,-0.04,0.079,-89.895,-94.409,33.981,-89.107,-0.057,-124.949,-4.547,3.303,1.139,-0.062,0.001,-1.081,3.302,-0.22,-8.97,-4.25,0.48,-0.29,-0.04,-5.04,-1.782,0.117,-0.002,1.67,-5.04,,
2026-01-27 20:39:21.783,retreat_unloader_to_end,-22.292,-303.455,2347.527,-0.04,0.079,-89.895,-94.191,34.056,-89.111,-0.057,-125.021,-4.329,3.022,1.042,-0.057,0.001,-0.989,3.021,-0.11,-9.03,-4.25,0.51,-0.27,-0.02,-4.653,-1.644,0.108,-0.002,1.541,-4.653,,
2026-01-27 20:39:21.887,retreat_unloader_to_end,-21.261,-302.263,2347.647,-0.041,0.079,-89.895,-94.013,34.117,-89.115,-0.056,-125.079,-4.151,2.711,0.935,-0.051,0.001,-0.887,2.71,-0.15,-8.97,-4.23,0.55,-0.23,0.01,-4.59,-1.618,0.105,-0.002,1.519,-4.59,,
2026-01-27 20:39:21.990,retreat_unloader_to_end,-20.243,-301.073,2347.766,-0.041,0.079,-89.894,-93.836,34.178,-89.118,-0.056,-125.137,-3.974,2.476,0.854,-0.047,0.001,-0.81,2.475,-0.16,-8.97,-4.3,0.59,-0.26,0.05,-4.139,-1.459,0.094,-0.002,1.37,-4.139,,
2026-01-27 20:39:22.092,retreat_unloader_to_end,-19.317,-299.98,2347.873,-0.041,0.079,-89.894,-93.674,34.234,-89.121,-0.056,-125.19,-3.812,2.262,0.78,-0.043,0.001,-0.74,2.261,-0.13,-9.02,-4.18,0.59,-0.31,-0.01,-3.875,-1.365,0.088,-0.002,1.282,-3.875,,
2026-01-27 20:39:22.193,retreat_unloader_to_end,-18.537,-299.051,2347.963,-0.041,0.079,-89.894,-93.536,34.282,-89.124,-0.056,-125.235,-3.674,2.04,0.704,-0.038,0.001,-0.668,2.039,-0.07,-9.05,-4.24,0.58,-0.2,-0.01,-3.733,-1.313,0.083,-0.002,1.234,-3.733,,
2026-01-27 20:39:22.295,retreat_unloader_to_end,-17.709,-298.056,2348.059,-0.041,0.079,-89.894,-93.389,34.332,-89.126,-0.056,-125.283,-3.528,1.897,0.654,-0.036,0.001,-0.621,1.897,-0.07,-8.96,-4.2,0.57,-0.25,-0.06,-3.266,-1.149,0.073,-0.002,1.08,-3.266,,
2026-01-27 20:39:22.395,retreat_unloader_to_end,-16.96,-297.149,2348.145,-0.041,0.079,-89.894,-93.256,34.378,-89.129,-0.056,-125.327,-3.394,1.757,0.606,-0.033,0.001,-0.575,1.756,-0.06,-9.02,-4.23,0.46,-0.25,0.03,-3.072,-1.08,0.069,-0.001,1.015,-3.072,,
2026-01-27 20:39:22.499,retreat_unloader_to_end,-16.283,-296.322,2348.222,-0.041,0.079,-89.894,-93.134,34.42,-89.131,-0.056,-125.366,-3.273,1.621,0.559,-0.03,0.001,-0.531,1.621,-0.16,-8.97,-4.16,0.58,-0.23,-0.02,-2.886,-1.014,0.064,-0.001,0.953,-2.886,,
2026-01-27 20:39:22.602,retreat_unloader_to_end,-15.67,-295.569,2348.292,-0.041,0.079,-89.894,-93.024,34.458,-89.133,-0.056,-125.403,-3.162,1.492,0.515,-0.028,0.001,-0.488,1.492,-0.09,-8.98,-4.25,0.63,-0.11,0.03,-2.707,-0.95,0.06,-0.001,0.894,-2.707,,
2026-01-27 20:39:22.702,retreat_unloader_to_end,-15.133,-294.907,2348.353,-0.041,0.079,-89.894,-92.927,34.492,-89.135,-0.056,-125.434,-3.065,1.362,0.47,-0.026,0.001,-0.446,1.361,-0.1,-8.98,-4.2,0.53,-0.22,-0.02,-2.571,-0.902,0.056,-0.001,0.848,-2.571,,
2026-01-27 20:39:22.805,retreat_unloader_to_end,-14.681,-294.344,2348.405,-0.042,0.079,-89.894,-92.845,34.52,-89.137,-0.056,-125.461,-2.983,1.227,0.423,-0.023,0.001,-0.402,1.227,-0.03,-8.91,-4.26,0.58,-0.2,-0.02,-2.461,-0.863,0.053,-0.001,0.812,-2.461,waypoint,
2026-01-27 20:39:22.905,home_end,-14.235,-293.787,2348.456,-0.042,0.079,-89.894,-92.763,34.548,-89.138,-0.056,-125.488,-2.902,1.124,0.388,-0.021,0.0,-0.368,1.123,-0.06,-8.91,-4.21,0.48,-0.28,0.03,-2.224,-0.779,0.048,-0.001,0.734,-2.224,,
2026-01-27 20:39:23.007,home_end,-13.829,-293.278,2348.502,-0.042,0.079,-89.894,-92.689,34.574,-89.14,-0.056,-125.512,-2.827,1.029,0.355,-0.019,0.0,-0.337,1.028,-0.04,-9.0,-4.14,0.59,-0.27,0.02,-2.073,-0.726,0.045,-0.001,0.684,-2.073,,
2026-01-27 20:39:23.110,home_end,-13.447,-292.796,2348.545,-0.042,0.079,-89.894,-92.619,34.598,-89.141,-0.056,-125.535,-2.757,0.947,0.327,-0.018,0.0,-0.31,0.946,-0.08,-8.89,-4.22,0.64,-0.25,0.08,-1.907,-0.668,0.041,-0.001,0.629,-1.907,,
2026-01-27 20:39:23.211,home_end,-13.112,-292.373,2348.583,-0.042,0.08,-89.894,-92.557,34.619,-89.142,-0.056,-125.555,-2.696,0.864,0.298,-0.016,0.0,-0.283,0.864,-0.13,-8.92,-4.27,0.53,-0.26,-0.02,-1.801,-0.63,0.039,-0.001,0.594,-1.801,,
2026-01-27 20:39:23.314,home_end,-12.797,-291.973,2348.618,-0.042,0.08,-89.894,-92.499,34.64,-89.143,-0.056,-125.574,-2.637,0.794,0.274,-0.015,0.0,-0.26,0.793,-0.08,-8.95,-4.27,0.58,-0.23,0.03,-1.655,-0.579,0.035,-0.001,0.545,-1.655,,
2026-01-27 20:39:23.414,home_end,-12.511,-291.608,2348.65,-0.042,0.08,-89.894,-92.446,34.658,-89.144,-0.056,-125.592,-2.585,0.728,0.251,-0.014,0.0,-0.238,0.727,0.02,-9.03,-4.22,0.55,-0.25,-0.02,-1.542,-0.539,0.033,-0.001,0.508,-1.542,,
2026-01-27 20:39:23.515,home_end,-12.26,-291.288,2348.679,-0.042,0.08,-89.894,-92.399,34.674,-89.145,-0.056,-125.607,-2.538,0.662,0.228,-0.012,0.0,-0.217,0.662,-0.02,-8.95,-4.14,0.58,-0.28,-0.0,-1.453,-0.507,0.031,-0.001,0.478,-1.452,,
2026-01-27 20:39:23.616,home_end,-12.031,-290.995,2348.704,-0.042,0.08,-89.894,-92.357,34.688,-89.146,-0.056,-125.621,-2.496,0.603,0.208,-0.011,0.0,-0.197,0.602,-0.07,-8.87,-4.05,0.55,-0.22,0.06,-1.348,-0.471,0.028,-0.001,0.444,-1.348,,
2026-01-27 20:39:23.717,home_end,-11.823,-290.728,2348.728,-0.042,0.08,-89.894,-92.318,34.702,-89.147,-0.056,-125.633,-2.457,0.549,0.189,-0.01,0.0,-0.18,0.549,-0.04,-9.0,-4.23,0.51,-0.23,0.08,-1.25,-0.436,0.026,-0.001,0.412,-1.25,,
2026-01-27 20:39:23.818,home_end,-11.627,-290.475,2348.75,-0.042,0.08,-89.894,-92.281,34.714,-89.147,-0.056,-125.645,-2.42,0.503,0.174,-0.009,0.0,-0.165,0.503,0.02,-8.92,-4.21,0.58,-0.14,-0.04,-1.147,-0.4,0.024,-0.001,0.377,-1.146,,
2026-01-27 20:39:23.919,home_end,-11.449,-290.245,2348.77,-0.042,0.08,-89.893,-92.248,34.726,-89.148,-0.056,-125.656,-2.387,0.461,0.159,-0.009,0.0,-0.151,0.46,-0.15,-9.0,-4.17,0.54,-0.31,-0.08,-1.065,-0.372,0.022,-0.0,0.351,-1.065,,
2026-01-27 20:39:24.021,home_end,-11.287,-290.036,2348.788,-0.042,0.08,-89.893,-92.218,34.736,-89.148,-0.056,-125.666,-2.357,0.421,0.145,-0.008,0.0,-0.138,0.421,-0.14,-9.0,-4.32,0.55,-0.22,-0.0,-0.989,-0.345,0.021,-0.0,0.325,-0.989,,
2026-01-27 20:39:24.124,home_end,-11.14,-289.846,2348.804,-0.042,0.08,-89.893,-92.19,34.746,-89.149,-0.056,-125.675,-2.329,0.385,0.133,-0.007,0.0,-0.126,0.385,-0.06,-8.93,-4.13,0.52,-0.25,0.0,-0.917,-0.32,0.019,-0.0,0.302,-0.917,,
2026-01-27 20:39:24.226,home_end,-11.007,-289.673,2348.819,-0.042,0.08,-89.893,-92.165,34.755,-89.149,-0.056,-125.683,-2.304,0.351,0.121,-0.007,0.0,-0.115,0.351,0.05,-8.9,-4.09,0.55,-0.21,0.02,-0.851,-0.296,0.018,-0.0,0.28,-0.85,,
2026-01-27 20:39:24.329,home_end,-10.885,-289.515,2348.833,-0.042,0.08,-89.893,-92.142,34.762,-89.15,-0.056,-125.691,-2.281,0.321,0.111,-0.006,0.0,-0.105,0.32,-0.08,-8.96,-4.2,0.45,-0.25,-0.1,-0.788,-0.275,0.016,-0.0,0.259,-0.788,,
2026-01-27 20:39:24.432,home_end,-10.775,-289.372,2348.845,-0.042,0.08,-89.893,-92.122,34.77,-89.15,-0.056,-125.698,-2.261,0.292,0.101,-0.005,0.0,-0.096,0.292,-0.08,-8.96,-4.1,0.54,-0.22,-0.04,-0.73,-0.254,0.015,-0.0,0.24,-0.73,,
2026-01-27 20:39:24.533,home_end,-10.678,-289.246,2348.856,-0.042,0.08,-89.893,-92.103,34.776,-89.151,-0.056,-125.704,-2.242,0.265,0.091,-0.005,0.0,-0.087,0.264,-0.13,-8.95,-4.22,0.47,-0.18,-0.02,-0.682,-0.238,0.014,-0.0,0.224,-0.682,,
2026-01-27 20:39:24.634,home_end,-10.59,-289.131,2348.866,-0.042,0.08,-89.893,-92.087,34.782,-89.151,-0.056,-125.709,-2.226,0.24,0.083,-0.005,0.0,-0.079,0.24,-0.05,-8.97,-4.15,0.54,-0.24,0.03,-0.63,-0.219,0.013,-0.0,0.207,-0.63,,
2026-01-27 20:39:24.735,home_end,-10.51,-289.026,2348.875,-0.042,0.08,-89.893,-92.072,34.787,-89.151,-0.056,-125.714,-2.211,0.218,0.075,-0.004,0.0,-0.071,0.218,-0.02,-8.88,-4.11,0.61,-0.21,-0.0,-0.581,-0.202,0.012,-0.0,0.191,-0.581,,
2026-01-27 20:39:24.838,home_end,-10.439,-288.934,2348.883,-0.042,0.08,-89.893,-92.058,34.791,-89.151,-0.056,-125.718,-2.197,0.197,0.068,-0.004,0.0,-0.064,0.197,0.02,-8.98,-4.11,0.55,-0.21,0.01,-0.541,-0.188,0.011,-0.0,0.178,-0.541,,
2026-01-27 20:39:24.941,home_end,-10.369,-288.843,2348.89,-0.042,0.08,-89.893,-92.045,34.796,-89.152,-0.056,-125.723,-2.184,0.18,0.062,-0.003,0.0,-0.059,0.18,0.06,-8.87,-4.18,0.54,-0.2,-0.03,-0.49,-0.17,0.01,-0.0,0.161,-0.489,,
2026-01-27 20:39:25.045,home_end,-10.31,-288.766,2348.897,-0.042,0.08,-89.893,-92.034,34.8,-89.152,-0.056,-125.726,-2.173,0.163,0.056,-0.003,0.0,-0.053,0.163,-0.09,-8.93,-4.04,0.48,-0.21,0.02,-0.461,-0.16,0.009,-0.0,0.151,-0.46,,
2026-01-27 20:39:25.145,home_end,-10.256,-288.695,2348.903,-0.042,0.08,-89.893,-92.024,34.803,-89.152,-0.056,-125.73,-2.163,0.148,0.051,-0.003,0.0,-0.048,0.148,0.07,-8.88,-4.18,0.55,-0.31,0.02,-0.424,-0.147,0.009,-0.0,0.139,-0.424,,
2026-01-27 20:39:25.247,home_end,-10.204,-288.626,2348.909,-0.042,0.08,-89.893,-92.014,34.807,-89.152,-0.056,-125.733,-2.153,0.136,0.047,-0.003,0.0,-0.044,0.136,0.01,-8.92,-4.11,0.56,-0.2,-0.01,-0.383,-0.133,0.008,-0.0,0.126,-0.383,,
2026-01-27 20:39:25.348,home_end,-10.157,-288.565,2348.914,-0.042,0.08,-89.893,-92.005,34.81,-89.152,-0.056,-125.736,-2.144,0.124,0.043,-0.002,0.0,-0.041,0.124,0.06,-8.87,-4.06,0.57,-0.25,0.01,-0.357,-0.124,0.007,-0.0,0.117,-0.357,,
2026-01-27 20:39:25.552,home_end,-10.075,-288.457,2348.923,-0.042,0.08,-89.893,-91.989,34.815,-89.153,-0.056,-125.741,-2.129,0.104,0.036,-0.002,0.0,-0.034,0.104,0.02,-8.98,-4.15,0.46,-0.2,0.03,-0.301,-0.104,0.006,-0.0,0.099,-0.301,,
2026-01-27 20:39:25.753,home_end,-10.007,-288.369,2348.931,-0.042,0.08,-89.893,-91.977,34.82,-89.153,-0.056,-125.745,-2.116,0.086,0.03,-0.002,0.0,-0.028,0.086,0.09,-8.91,-4.01,0.47,-0.3,0.06,-0.258,-0.089,0.005,-0.0,0.085,-0.258,,
2026-01-27 20:39:26.056,home_end,-9.924,-288.26,2348.94,-0.042,0.08,-89.893,-91.961,34.825,-89.153,-0.056,-125.75,-2.1,0.066,0.023,-0.001,0.0,-0.022,0.066,-0.09,-8.94,-4.17,0.47,-0.27,-0.03,-0.2,-0.069,0.004,-0.0,0.066,-0.2,,
2026-01-27 20:39:26.261,home_end,-9.881,-288.203,2348.945,-0.042,0.08,-89.893,-91.953,34.828,-89.153,-0.056,-125.753,-2.092,0.055,0.019,-0.001,0.0,-0.018,0.055,0.04,-9.06,-4.14,0.54,-0.23,-0.01,-0.17,-0.059,0.003,-0.0,0.056,-0.17,,
2026-01-27 20:39:26.465,home_end,-9.846,-288.157,2348.949,-0.042,0.08,-89.893,-91.946,34.83,-89.154,-0.056,-125.755,-2.085,0.045,0.016,-0.001,0.0,-0.015,0.045,0.04,-8.91,-4.09,0.55,-0.3,-0.04,-0.145,-0.05,0.003,-0.0,0.048,-0.145,,
2026-01-27 20:39:26.768,home_end,-9.804,-288.102,2348.953,-0.042,0.08,-89.893,-91.938,34.833,-89.154,-0.056,-125.758,-2.077,0.034,0.012,-0.001,0.0,-0.011,0.034,0.08,-8.96,-4.12,0.59,-0.15,0.01,-0.113,-0.039,0.002,-0.0,0.037,-0.112,,
2026-01-27 20:39:26.973,home_end,-9.781,-288.072,2348.956,-0.042,0.08,-89.893,-91.934,34.834,-89.154,-0.056,-125.759,-2.073,0.029,0.01,-0.001,0.0,-0.009,0.029,0.01,-8.88,-4.17,0.6,-0.17,-0.04,-0.094,-0.033,0.002,-0.0,0.031,-0.094,,
2026-01-27 20:39:27.177,home_end,-9.763,-288.047,2348.958,-0.042,0.08,-89.893,-91.93,34.836,-89.154,-0.056,-125.76,-2.069,0.024,0.008,-0.0,0.0,-0.008,0.024,0.01,-9.02,-4.02,0.5,-0.21,0.05,-0.08,-0.028,0.002,-0.0,0.026,-0.08,,
2026-01-27 20:39:27.484,home_end,-9.741,-288.018,2348.96,-0.042,0.08,-89.893,-91.926,34.837,-89.154,-0.056,-125.762,-2.065,0.018,0.006,-0.0,0.0,-0.006,0.018,0.02,-8.95,-4.16,0.59,-0.24,0.02,-0.062,-0.021,0.001,-0.0,0.02,-0.062,,
