timestamp,current_task,EE_x,EE_y,EE_z,EE_rx,EE_ry,EE_rz,joint1_angle,joint2_angle,joint3_angle,joint4_angle,joint5_angle,joint6_angle,joint1_velocity,joint2_velocity,joint3_velocity,joint4_velocity,joint5_velocity,joint6_velocity,joint1_torque,joint2_torque,joint3_torque,joint4_torque,joint5_torque,joint6_torque,joint1_acceleration,joint2_acceleration,joint3_acceleration,joint4_acceleration,joint5_acceleration,joint6_acceleration,waypoint,description
2026-01-27 19:57:15.508,home_start,343.83,-43.73,1359.853,-179.802,0.025,-89.798,-91.524,19.997,-115.572,0.008,-84.227,88.273,0.0,0.0,0.0,0.0,0.0,0.0,-0.15,0.41,0.87,0.0,-0.03,0.08,0.0,0.0,0.0,0.0,0.0,0.0,waypoint,
2026-01-27 19:57:15.596,home_start,343.83,-43.73,1359.853,-179.802,0.025,-89.798,-91.524,19.997,-115.572,0.008,-84.227,88.273,0.0,0.0,0.0,0.0,0.0,0.0,0.02,0.61,1.54,-0.04,-0.06,-0.04,0.0,0.0,0.0,0.0,0.0,0.0,,
2026-01-27 19:57:15.808,home_start,343.83,-43.73,1359.853,-179.802,0.025,-89.798,-91.524,19.997,-115.572,0.008,-84.227,88.273,0.0,0.0,0.0,0.0,0.0,0.0,-0.02,1.05,2.31,-0.06,0.01,-0.0,0.0,0.0,0.0,0.0,0.0,0.0,,
2026-01-27 19:57:16.119,home_start,343.83,-43.73,1359.853,-179.802,0.025,-89.798,-91.524,19.997,-115.572,0.008,-84.227,88.273,0.0,0.0,0.0,0.0,0.0,0.0,0.02,1.47,3.21,0.03,0.06,0.06,0.0,0.0,0.0,0.0,0.0,0.0,,
2026-01-27 19:57:16.426,home_start,343.83,-43.73,1359.853,-179.802,0.025,-89.798,-91.524,19.997,-115.572,0.008,-84.227,88.273,0.0,0.0,0.0,0.0,0.0,0.0,0.01,1.61,3.59,0.03,0.03,-0.02,0.0,0.0,0.0,0.0,0.0,0.0,,
2026-01-27 19:57:16.631,home_start,343.83,-43.73,1359.853,-179.802,0.025,-89.798,-91.524,19.997,-115.572,0.008,-84.227,88.273,0.0,0.0,0.0,0.0,0.0,0.0,-0.04,1.6,3.78,0.03,-0.01,0.01,0.0,0.0,0.0,0.0,0.0,0.0,,
2026-01-27 19:57:16.943,home_start,343.83,-43.73,1359.853,-179.802,0.025,-89.798,-91.524,19.997,-115.572,0.008,-84.227,88.273,0.0,0.0,0.0,0.0,0.0,0.0,-0.06,1.72,3.89,-0.06,-0.03,0.02,0.0,0.0,0.0,0.0,0.0,0.0,,
2026-01-27 19:57:17.255,home_start,343.83,-43.73,1359.853,-179.802,0.025,-89.798,-91.524,19.997,-115.572,0.008,-84.227,88.273,0.0,0.0,0.0,0.0,0.0,0.0,0.0,1.7,4.07,-0.06,0.08,0.04,0.0,0.0,0.0,0.0,0.0,0.0,,
2026-01-27 19:57:17.460,home_start,343.83,-43.73,1359.853,-179.802,0.025,-89.798,-91.524,19.997,-115.572,0.008,-84.227,88.273,0.0,0.0,0.0,0.0,0.0,0.0,0.07,1.71,4.11,0.03,0.04,-0.01,0.0,0.0,0.0,0.0,0.0,0.0,,
2026-01-27 19:57:17.764,home_start,343.83,-43.73,1359.853,-179.802,0.025,-89.798,-91.524,19.997,-115.572,0.008,-84.227,88.273,0.0,0.0,0.0,0.0,0.0,0.0,-0.09,1.75,4.15,0.02,0.08,0.0,0.0,0.0,0.0,0.0,0.0,0.0,,
2026-01-27 19:57:18.067,home_start,343.83,-43.73,1359.853,-179.802,0.025,-89.798,-91.524,19.997,-115.572,0.008,-84.227,88.273,0.0,0.0,0.0,0.0,0.0,0.0,-0.04,1.69,4.11,0.02,-0.03,0.02,0.0,0.0,0.0,0.0,0.0,0.0,,
2026-01-27 19:57:18.171,home_to_approach_feeder,350.748,-38.755,1353.998,179.947,0.033,-88.99,-90.684,19.236,-115.7,0.008,-83.591,88.305,2.101,-1.901,-0.319,0.0,1.592,0.08,0.32,1.43,3.91,-0.01,0.21,0.14,8.405,-7.605,-1.274,0.001,6.37,0.321,,
2026-01-27 19:57:18.274,home_to_approach_feeder,370.436,-23.801,1337.164,179.924,0.027,-86.951,-88.332,17.127,-116.068,0.002,-81.135,88.619,7.456,-6.7,-1.159,-0.014,7.332,0.845,0.37,1.59,3.9,-0.05,0.39,0.15,22.68,-20.334,-3.553,-0.059,23.916,3.106,,
2026-01-27 19:57:18.376,home_to_approach_feeder,387.169,-8.941,1321.346,179.976,0.02,-85.425,-86.2,15.216,-116.403,-0.003,-78.837,89.226,10.922,-9.801,-1.707,-0.024,11.244,2.153,0.46,1.75,3.98,0.03,0.5,0.33,18.213,-16.313,-2.868,-0.046,19.95,5.735,,
2026-01-27 19:57:18.479,home_to_approach_feeder,401.864,6.216,1305.879,-179.977,0.015,-84.304,-84.177,13.403,-116.721,-0.008,-76.659,90.129,13.249,-11.883,-2.075,-0.03,13.878,3.871,0.41,2.0,3.99,0.04,0.5,0.56,15.299,-13.701,-2.409,-0.039,16.756,8.109,,
2026-01-27 19:57:18.582,home_to_approach_feeder,414.068,20.684,1291.574,-179.937,0.012,-83.602,-82.353,11.77,-117.007,-0.013,-74.699,91.252,14.495,-12.996,-2.272,-0.035,15.309,5.71,0.49,2.16,3.94,0.08,0.65,0.76,11.773,-10.541,-1.854,-0.034,12.903,9.502,,
2026-01-27 19:57:18.682,home_to_approach_feeder,423.748,33.694,1279.003,-179.904,0.01,-83.262,-80.784,10.364,-117.254,-0.018,-73.015,92.483,14.794,-13.261,-2.32,-0.038,15.693,7.361,0.5,2.25,4.01,0.08,0.49,0.9,8.052,-7.206,-1.268,-0.03,8.855,9.634,,
2026-01-27 19:57:18.786,home_to_approach_feeder,431.837,45.886,1267.417,-179.877,0.01,-83.19,-79.363,9.091,-117.477,-0.023,-71.491,93.834,14.648,-13.128,-2.298,-0.041,15.579,8.898,0.51,2.42,3.94,0.09,0.65,1.06,5.769,-5.16,-0.909,-0.03,6.361,9.868,,
2026-01-27 19:57:18.888,home_to_approach_feeder,437.973,56.138,1257.791,-179.856,0.01,-83.314,-78.199,8.048,-117.66,-0.028,-70.245,95.124,13.897,-12.453,-2.181,-0.043,14.8,9.899,0.34,2.61,3.95,-0.01,0.57,1.22,2.623,-2.342,-0.414,-0.025,2.954,8.274,,
2026-01-27 19:57:18.989,home_to_approach_feeder,443.72,66.73,1247.936,-179.836,0.011,-83.621,-77.021,6.994,-117.844,-0.034,-68.985,96.612,13.366,-11.976,-2.098,-0.047,14.248,11.144,0.49,2.69,4.07,0.08,0.57,1.47,2.494,-2.227,-0.393,-0.032,2.785,9.425,,
2026-01-27 19:57:19.091,home_to_approach_feeder,448.521,76.499,1238.91,-179.82,0.012,-84.071,-75.955,6.039,-118.012,-0.04,-67.846,98.131,12.691,-11.37,-1.992,-0.051,13.534,12.155,0.33,2.71,3.89,0.03,0.6,1.44,1.135,-1.009,-0.179,-0.032,1.305,8.793,,
2026-01-27 19:57:19.194,home_to_approach_feeder,452.533,85.479,1230.658,-179.806,0.013,-84.627,-74.989,5.173,-118.163,-0.046,-66.816,99.657,11.934,-10.691,-1.873,-0.054,12.726,12.931,0.36,2.96,3.82,0.01,0.52,1.66,0.017,-0.008,-0.003,-0.032,0.087,7.982,,
2026-01-27 19:57:19.297,home_to_approach_feeder,455.888,93.711,1223.121,-179.794,0.015,-85.26,-74.114,4.39,-118.301,-0.053,-65.884,101.168,11.138,-9.977,-1.748,-0.057,11.874,13.478,0.27,2.99,3.91,0.08,0.53,1.69,-0.895,0.809,0.14,-0.031,-0.906,7.042,,
2026-01-27 19:57:19.399,home_to_approach_feeder,458.697,101.24,1216.246,-179.785,0.017,-85.944,-73.321,3.68,-118.425,-0.06,-65.041,102.648,10.335,-9.257,-1.621,-0.06,11.013,13.807,0.22,3.14,3.84,-0.01,0.45,1.75,-1.63,1.467,0.256,-0.029,-1.705,6.017,,
2026-01-27 19:57:19.506,home_to_approach_feeder,461.05,108.114,1209.98,-179.777,0.018,-86.655,-72.603,3.037,-118.537,-0.067,-64.279,104.08,9.546,-8.55,-1.497,-0.062,10.166,13.937,0.24,3.06,3.87,0.01,0.49,1.77,-2.214,1.989,0.348,-0.026,-2.339,4.943,,
2026-01-27 19:57:19.605,home_to_approach_feeder,463.025,114.381,1204.273,-179.771,0.019,-87.373,-71.953,2.455,-118.639,-0.073,-63.589,105.453,8.785,-7.868,-1.378,-0.063,9.348,13.884,0.3,3.21,3.73,-0.03,0.38,1.79,-2.67,2.396,0.419,-0.023,-2.833,3.852,,
2026-01-27 19:57:19.708,home_to_approach_feeder,464.684,120.087,1199.081,-179.765,0.02,-88.084,-71.364,1.928,-118.732,-0.08,-62.966,106.756,8.061,-7.219,-1.264,-0.064,8.57,13.671,0.22,3.22,3.73,0.04,0.44,1.75,-3.016,2.706,0.474,-0.019,-3.208,2.769,,
2026-01-27 19:57:19.808,home_to_approach_feeder,466.08,125.279,1194.358,-179.761,0.021,-88.772,-70.83,1.45,-118.815,-0.086,-62.402,107.982,7.38,-6.608,-1.157,-0.064,7.838,13.317,0.28,3.28,3.71,-0.02,0.4,1.66,-3.269,2.932,0.513,-0.015,-3.483,1.718,,
2026-01-27 19:57:19.909,home_to_approach_feeder,467.148,129.546,1190.475,-179.759,0.022,-89.364,-70.393,1.059,-118.884,-0.092,-61.94,109.013,6.627,-5.934,-1.039,-0.062,7.033,12.567,0.22,3.34,3.85,0.07,0.24,1.62,-3.907,3.503,0.613,-0.005,-4.161,-0.39,,
2026-01-27 19:57:20.013,home_to_approach_feeder,468.158,133.874,1186.537,-179.756,0.022,-89.983,-69.951,0.663,-118.953,-0.098,-61.474,110.077,6.075,-5.44,-0.952,-0.061,6.44,12.086,0.16,3.42,3.71,-0.01,0.29,1.6,-3.467,3.108,0.544,-0.007,-3.698,-0.03,,
2026-01-27 19:57:20.117,home_to_approach_feeder,468.973,137.616,1183.13,-179.754,0.023,-90.527,-69.57,0.322,-119.013,-0.103,-61.072,111.006,5.509,-4.933,-0.863,-0.058,5.834,11.385,0.14,3.32,3.7,0.01,0.27,1.53,-3.728,3.341,0.585,0.0,-3.975,-1.384,,
2026-01-27 19:57:20.218,home_to_approach_feeder,469.703,141.2,1179.865,-179.753,0.023,-91.049,-69.206,-0.004,-119.07,-0.108,-60.689,111.895,5.043,-4.515,-0.79,-0.056,5.334,10.762,0.08,3.43,3.69,0.02,0.27,1.43,-3.523,3.158,0.553,0.002,-3.76,-1.634,,
2026-01-27 19:57:20.322,home_to_approach_feeder,470.295,144.297,1177.043,-179.752,0.023,-91.494,-68.892,-0.285,-119.119,-0.112,-60.359,112.657,4.568,-4.09,-0.715,-0.053,4.826,9.977,0.11,3.54,3.72,0.04,0.22,1.28,-3.672,3.29,0.576,0.008,-3.915,-2.745,,
2026-01-27 19:57:20.424,home_to_approach_feeder,470.851,147.401,1174.213,-179.752,0.023,-91.926,-68.577,-0.567,-119.168,-0.116,-60.028,113.407,4.212,-3.771,-0.66,-0.05,4.445,9.357,0.02,3.51,3.58,-0.07,0.22,1.27,-3.301,2.958,0.518,0.008,-3.524,-2.594,,
2026-01-27 19:57:20.529,home_to_approach_feeder,471.279,149.948,1171.889,-179.752,0.022,-92.263,-68.319,-0.798,-119.208,-0.12,-59.758,114.004,3.803,-3.406,-0.595,-0.046,4.009,8.51,0.06,3.61,3.68,0.03,0.12,1.16,-3.54,3.171,0.556,0.016,-3.772,-3.863,,
2026-01-27 19:57:20.635,home_to_approach_feeder,471.684,152.5,1169.559,-179.752,0.022,-92.576,-68.061,-1.029,-119.249,-0.123,-59.488,114.577,3.498,-3.132,-0.547,-0.043,3.682,7.815,0.16,3.65,3.61,0.02,0.3,1.02,-3.183,2.851,0.5,0.016,-3.395,-3.714,,
2026-01-27 19:57:20.738,home_to_approach_feeder,471.997,154.593,1167.647,-179.753,0.022,-92.807,-67.85,-1.218,-119.282,-0.125,-59.267,115.021,3.152,-2.822,-0.493,-0.038,3.314,6.971,0.08,3.59,3.62,-0.02,0.2,0.92,-3.331,2.983,0.523,0.022,-3.547,-4.635,,
2026-01-27 19:57:20.841,home_to_approach_feeder,472.282,156.595,1165.817,-179.754,0.021,-92.999,-67.648,-1.399,-119.313,-0.128,-59.056,115.416,2.869,-2.569,-0.449,-0.034,3.013,6.215,0.05,3.72,3.62,-0.04,0.17,0.86,-3.092,2.769,0.485,0.023,-3.292,-4.662,,
2026-01-27 19:57:20.946,home_to_approach_feeder,472.468,157.973,1164.558,-179.755,0.021,-93.109,-67.509,-1.523,-119.335,-0.129,-58.911,115.666,2.499,-2.238,-0.391,-0.029,2.622,5.287,0.04,3.71,3.68,0.02,0.19,0.76,-3.414,3.057,0.535,0.029,-3.624,-5.642,,
2026-01-27 19:57:21.051,home_to_approach_feeder,472.603,159.004,1163.615,-179.755,0.021,-93.178,-67.405,-1.617,-119.351,-0.13,-58.803,115.839,2.134,-1.911,-0.334,-0.024,2.237,4.399,0.03,3.63,3.7,-0.02,0.16,0.6,-3.422,3.065,0.536,0.03,-3.627,-5.846,,
2026-01-27 19:57:21.156,home_to_approach_feeder,472.727,159.976,1162.725,-179.756,0.02,-93.23,-67.307,-1.704,-119.366,-0.131,-58.701,115.99,1.845,-1.653,-0.289,-0.02,1.933,3.676,0.13,3.65,3.63,0.07,0.0,0.6,-3.14,2.812,0.492,0.029,-3.328,-5.487,,
2026-01-27 19:57:21.257,home_to_approach_feeder,472.867,161.113,1161.685,-179.757,0.02,-93.274,-67.193,-1.807,-119.384,-0.131,-58.582,116.149,1.67,-1.496,-0.261,-0.017,1.747,3.153,0.04,3.68,3.58,-0.01,0.1,0.58,-2.66,2.382,0.417,0.026,-2.824,-4.861,,
2026-01-27 19:57:21.360,home_to_approach_feeder,473.015,162.37,1160.534,-179.759,0.02,-93.296,-67.066,-1.92,-119.404,-0.132,-58.45,116.298,1.569,-1.406,-0.245,-0.014,1.64,2.738,0.14,3.68,3.55,0.14,0.17,0.42,-2.273,2.035,0.356,0.025,-2.416,-4.469,,
2026-01-27 19:57:21.463,home_to_approach_feeder,473.153,163.582,1159.424,-179.76,0.019,-93.286,-66.944,-2.03,-119.423,-0.132,-58.324,116.411,1.481,-1.327,-0.232,-0.011,1.546,2.335,0.05,3.66,3.63,-0.02,0.12,0.36,-2.093,1.874,0.328,0.025,-2.225,-4.385,,
2026-01-27 19:57:21.567,home_to_approach_feeder,473.273,164.686,1158.414,-179.762,0.019,-93.246,-66.834,-2.129,-119.44,-0.132,-58.209,116.482,1.388,-1.244,-0.217,-0.008,1.447,1.93,0.05,3.7,3.58,-0.03,0.04,0.34,-1.993,1.784,0.313,0.025,-2.118,-4.36,,
2026-01-27 19:57:21.671,home_to_approach_feeder,473.373,165.64,1157.54,-179.763,0.019,-93.184,-66.738,-2.215,-119.455,-0.132,-58.109,116.516,1.281,-1.148,-0.2,-0.006,1.334,1.532,0.05,3.75,3.52,0.03,-0.02,0.21,-1.944,1.741,0.305,0.025,-2.063,-4.303,,
2026-01-27 19:57:21.774,home_to_approach_feeder,473.424,166.135,1157.086,-179.764,0.019,-93.14,-66.688,-2.26,-119.463,-0.132,-58.058,116.521,1.085,-0.972,-0.17,-0.004,1.129,1.163,0.13,3.7,3.55,0.05,0.05,0.18,-2.212,1.981,0.346,0.023,-2.336,-4.152,,
2026-01-27 19:57:21.884,home_to_approach_feeder,473.471,166.606,1156.655,-179.765,0.018,-93.09,-66.641,-2.302,-119.471,-0.132,-58.009,116.519,0.932,-0.835,-0.146,-0.002,0.969,0.865,0.06,3.79,3.53,-0.02,0.08,0.19,-2.015,1.804,0.316,0.021,-2.128,-3.822,,
2026-01-27 19:57:21.991,home_to_approach_feeder,473.552,167.439,1155.892,-179.767,0.018,-92.98,-66.557,-2.377,-119.484,-0.131,-57.923,116.492,0.908,-0.814,-0.142,-0.0,0.943,0.582,-0.04,3.81,3.55,0.04,0.09,0.11,-1.45,1.298,0.227,0.023,-1.539,-3.677,,
2026-01-27 19:57:22.096,home_to_approach_feeder,473.624,168.197,1155.197,-179.768,0.018,-92.853,-66.481,-2.445,-119.495,-0.13,-57.844,116.441,0.871,-0.781,-0.136,0.002,0.904,0.309,0.04,3.74,3.48,0.0,0.05,0.07,-1.38,1.235,0.216,0.022,-1.464,-3.555,,
2026-01-27 19:57:22.199,home_to_approach_feeder,473.686,168.888,1154.564,-179.77,0.018,-92.712,-66.412,-2.507,-119.506,-0.129,-57.772,116.369,0.826,-0.741,-0.129,0.004,0.856,0.052,-0.05,3.78,3.51,-0.01,0.06,0.04,-1.311,1.173,0.205,0.021,-1.389,-3.408,,
2026-01-27 19:57:22.302,home_to_approach_feeder,473.745,169.548,1153.959,-179.772,0.018,-92.552,-66.346,-2.567,-119.517,-0.128,-57.704,116.274,0.785,-0.704,-0.123,0.006,0.813,-0.197,0.02,3.75,3.52,-0.01,0.08,0.02,-1.21,1.083,0.19,0.021,-1.283,-3.291,,
2026-01-27 19:57:22.405,home_to_approach_feeder,473.794,170.118,1153.437,-179.774,0.018,-92.392,-66.289,-2.618,-119.526,-0.127,-57.646,116.17,0.731,-0.656,-0.114,0.007,0.756,-0.408,-0.05,3.85,3.44,-0.01,0.02,-0.04,-1.18,1.057,0.185,0.019,-1.249,-3.058,,
2026-01-27 19:57:22.509,home_to_approach_feeder,473.839,170.663,1152.937,-179.775,0.017,-92.217,-66.234,-2.667,-119.534,-0.126,-57.59,116.049,0.685,-0.615,-0.107,0.009,0.707,-0.609,-0.01,3.76,3.59,0.07,-0.08,0.07,-1.088,0.974,0.17,0.019,-1.151,-2.923,,
2026-01-27 19:57:22.613,home_to_approach_feeder,473.877,171.133,1152.507,-179.777,0.017,-92.047,-66.187,-2.709,-119.541,-0.124,-57.541,115.926,0.631,-0.567,-0.099,0.01,0.651,-0.765,-0.05,3.84,3.5,0.03,0.11,-0.01,-1.054,0.944,0.165,0.017,-1.113,-2.653,,
2026-01-27 19:57:22.715,home_to_approach_feeder,473.911,171.561,1152.115,-179.779,0.017,-91.876,-66.144,-2.748,-119.548,-0.123,-57.497,115.797,0.58,-0.521,-0.091,0.01,0.598,-0.895,0.07,3.79,3.6,-0.0,0.04,-0.09,-0.991,0.887,0.155,0.015,-1.046,-2.443,,
2026-01-27 19:57:22.818,home_to_approach_feeder,473.941,171.95,1151.758,-179.78,0.018,-91.706,-66.105,-2.783,-119.554,-0.122,-57.457,115.665,0.533,-0.478,-0.083,0.011,0.548,-1.002,0.03,3.73,3.58,0.01,0.03,-0.13,-0.93,0.833,0.146,0.014,-0.981,-2.231,,
2026-01-27 19:57:22.919,home_to_approach_feeder,473.968,172.305,1151.433,-179.782,0.018,-91.537,-66.07,-2.815,-119.56,-0.12,-57.421,115.532,0.488,-0.438,-0.076,0.012,0.502,-1.085,0.0,3.77,3.47,0.02,0.07,-0.18,-0.872,0.781,0.137,0.012,-0.92,-2.021,,
2026-01-27 19:57:23.019,home_to_approach_feeder,473.99,172.612,1151.152,-179.783,0.018,-91.382,-66.039,-2.842,-119.564,-0.119,-57.39,115.406,0.442,-0.398,-0.069,0.012,0.455,-1.128,-0.02,3.81,3.44,0.0,-0.06,-0.1,-0.833,0.746,0.13,0.01,-0.877,-1.744,,
2026-01-27 19:57:23.126,home_to_approach_feeder,474.013,172.922,1150.868,-179.784,0.018,-91.213,-66.008,-2.87,-119.569,-0.118,-57.358,115.268,0.409,-0.368,-0.064,0.012,0.42,-1.191,0.06,3.81,3.55,-0.11,0.08,-0.09,-0.746,0.668,0.117,0.01,-0.786,-1.689,,
2026-01-27 19:57:23.229,home_to_approach_feeder,474.032,173.19,1150.623,-179.785,0.018,-91.06,-65.982,-2.894,-119.573,-0.117,-57.331,115.141,0.374,-0.336,-0.058,0.012,0.383,-1.212,-0.06,3.88,3.52,-0.03,0.03,-0.26,-0.714,0.64,0.112,0.008,-0.752,-1.418,,
2026-01-27 19:57:23.334,home_to_approach_feeder,474.05,173.446,1150.389,-179.787,0.018,-90.905,-65.956,-2.917,-119.577,-0.115,-57.305,115.011,0.344,-0.309,-0.054,0.012,0.352,-1.233,-0.07,3.77,3.49,0.04,0.05,-0.22,-0.655,0.586,0.102,0.007,-0.689,-1.296,,
2026-01-27 19:57:23.435,home_to_approach_feeder,474.064,173.655,1150.197,-179.788,0.018,-90.773,-65.935,-2.936,-119.581,-0.114,-57.284,114.899,0.31,-0.279,-0.048,0.012,0.318,-1.204,0.12,3.83,3.57,-0.07,0.0,-0.16,-0.635,0.569,0.099,0.005,-0.667,-0.986,,
2026-01-27 19:57:23.535,home_to_approach_feeder,474.078,173.857,1150.012,-179.789,0.018,-90.642,-65.915,-2.954,-119.584,-0.113,-57.263,114.787,0.283,-0.255,-0.044,0.011,0.289,-1.182,-0.01,3.86,3.48,0.03,-0.08,-0.22,-0.58,0.519,0.091,0.004,-0.609,-0.891,waypoint,
2026-01-27 19:57:23.636,approach_feeder_to_pick,483.408,174.756,1150.559,-179.764,0.028,-90.851,-66.249,-3.729,-118.682,-0.114,-57.363,114.663,-0.622,-2.13,2.221,0.007,-0.032,-1.197,-0.11,3.81,3.55,0.05,0.05,-0.21,-4.059,-7.108,9.131,-0.011,-1.747,-0.925,,
2026-01-27 19:57:23.744,approach_feeder_to_pick,493.743,175.578,1151.068,-179.769,0.025,-91.05,-66.623,-4.59,-117.678,-0.114,-57.511,114.488,-1.401,-3.749,4.177,0.006,-0.395,-1.336,-0.03,3.83,3.56,-0.01,-0.03,-0.2,-4.054,-7.246,9.244,-0.005,-2.064,-1.344,,
2026-01-27 19:57:23.848,approach_feeder_to_pick,502.689,176.181,1151.397,-179.773,0.023,-91.172,-66.946,-5.334,-116.809,-0.113,-57.641,114.287,-1.858,-4.671,5.303,0.006,-0.62,-1.505,-0.08,3.9,3.58,0.1,-0.03,-0.14,-3.142,-5.354,6.958,-0.0,-1.664,-1.466,,
2026-01-27 19:57:23.949,approach_feeder_to_pick,510.882,176.646,1151.609,-179.777,0.021,-91.24,-67.241,-6.014,-116.015,-0.112,-57.759,114.058,-2.132,-5.204,5.963,0.006,-0.76,-1.7,0.03,3.85,3.62,-0.05,-0.08,-0.3,-2.553,-4.184,5.522,0.003,-1.385,-1.595,,
2026-01-27 19:57:24.050,approach_feeder_to_pick,518.781,177.015,1151.731,-179.781,0.019,-91.261,-67.526,-6.669,-115.25,-0.111,-57.872,113.794,-2.311,-5.542,6.385,0.008,-0.854,-1.937,-0.03,4.05,3.66,0.03,-0.08,-0.27,-2.189,-3.515,4.677,0.007,-1.202,-1.798,,
2026-01-27 19:57:24.152,approach_feeder_to_pick,525.975,177.283,1151.773,-179.784,0.018,-91.238,-67.785,-7.266,-114.554,-0.11,-57.975,113.511,-2.381,-5.647,6.529,0.009,-0.898,-2.16,-0.03,3.92,3.79,0.01,0.07,-0.28,-1.714,-2.575,3.522,0.008,-0.978,-1.798,,
2026-01-27 19:57:24.253,approach_feeder_to_pick,532.527,177.471,1151.755,-179.787,0.017,-91.18,-68.021,-7.809,-113.92,-0.108,-58.069,113.216,-2.375,-5.593,6.481,0.011,-0.908,-2.358,-0.14,4.11,3.65,-0.01,-0.08,-0.28,-1.31,-1.782,2.545,0.01,-0.786,-1.742,,
2026-01-27 19:57:24.357,approach_feeder_to_pick,538.492,177.595,1151.69,-179.79,0.016,-91.093,-68.236,-8.303,-113.343,-0.106,-58.154,112.913,-2.318,-5.43,6.303,0.013,-0.894,-2.524,-0.01,4.14,3.64,0.02,0.05,-0.31,-0.968,-1.116,1.721,0.01,-0.622,-1.641,,
2026-01-27 19:57:24.459,approach_feeder_to_pick,543.923,177.669,1151.593,-179.793,0.015,-90.984,-68.431,-8.753,-112.818,-0.104,-58.231,112.608,-2.227,-5.197,6.039,0.014,-0.864,-2.656,-0.03,4.21,3.71,0.03,-0.06,-0.41,-0.678,-0.561,1.031,0.01,-0.482,-1.504,,
2026-01-27 19:57:24.563,approach_feeder_to_pick,548.866,177.704,1151.471,-179.795,0.015,-90.859,-68.609,-9.162,-112.341,-0.103,-58.302,112.304,-2.115,-4.921,5.724,0.015,-0.824,-2.752,-0.16,4.26,3.59,-0.01,-0.1,-0.38,-0.435,-0.101,0.456,0.009,-0.363,-1.342,,
2026-01-27 19:57:24.667,approach_feeder_to_pick,553.366,177.71,1151.334,-179.797,0.015,-90.723,-68.771,-9.535,-111.906,-0.101,-58.366,112.005,-1.991,-4.622,5.38,0.016,-0.778,-2.813,-0.06,4.37,3.73,0.07,-0.08,-0.38,-0.232,0.277,-0.019,0.009,-0.262,-1.161,,
2026-01-27 19:57:24.768,approach_feeder_to_pick,557.461,177.693,1151.187,-179.799,0.015,-90.58,-68.918,-9.874,-111.51,-0.099,-58.424,111.713,-1.862,-4.314,5.025,0.017,-0.728,-2.839,-0.04,4.35,3.69,-0.05,-0.03,-0.31,-0.063,0.584,-0.407,0.008,-0.178,-0.968,,
2026-01-27 19:57:24.869,approach_feeder_to_pick,561.001,177.661,1151.043,-179.8,0.015,-90.441,-69.046,-10.167,-111.168,-0.097,-58.474,111.446,-1.715,-3.969,4.624,0.017,-0.672,-2.797,-0.02,4.43,3.67,-0.06,-0.05,-0.26,0.143,0.985,-0.904,0.006,-0.08,-0.625,,
2026-01-27 19:57:24.969,approach_feeder_to_pick,564.238,177.618,1150.897,-179.801,0.015,-90.302,-69.162,-10.435,-110.855,-0.095,-58.52,111.19,-1.578,-3.647,4.25,0.017,-0.618,-2.738,-0.15,4.55,3.57,-0.0,-0.02,-0.36,0.237,1.137,-1.105,0.004,-0.029,-0.454,,
2026-01-27 19:57:25.071,approach_feeder_to_pick,567.356,177.564,1150.744,-179.803,0.015,-90.159,-69.274,-10.693,-110.553,-0.093,-58.564,110.933,-1.464,-3.381,3.941,0.017,-0.574,-2.696,-0.08,4.58,3.65,0.02,-0.03,-0.34,0.256,1.122,-1.11,0.004,-0.008,-0.418,,
2026-01-27 19:57:25.172,approach_feeder_to_pick,570.051,177.507,1150.602,-179.804,0.015,-90.027,-69.371,-10.916,-110.293,-0.092,-58.602,110.703,-1.34,-3.094,3.607,0.017,-0.525,-2.597,0.02,4.54,3.63,0.02,-0.11,-0.35,0.383,1.36,-1.408,0.002,0.053,-0.102,,
2026-01-27 19:57:25.278,approach_feeder_to_pick,572.646,177.444,1150.457,-179.805,0.015,-89.894,-69.465,-11.131,-110.042,-0.09,-58.638,110.476,-1.239,-2.858,3.333,0.017,-0.485,-2.515,-0.11,4.55,3.69,-0.0,-0.02,-0.34,0.38,1.306,-1.363,0.002,0.062,-0.065,,
2026-01-27 19:57:25.378,approach_feeder_to_pick,575.008,177.379,1150.317,-179.805,0.016,-89.769,-69.55,-11.327,-109.814,-0.089,-58.671,110.265,-1.142,-2.633,3.071,0.016,-0.447,-2.412,-0.05,4.78,3.62,0.02,-0.08,-0.33,0.426,1.369,-1.452,0.0,0.089,0.108,,
2026-01-27 19:57:25.480,approach_feeder_to_pick,577.049,177.317,1150.191,-179.806,0.016,-89.66,-69.623,-11.496,-109.616,-0.088,-58.7,110.082,-1.04,-2.397,2.797,0.015,-0.407,-2.268,-0.03,4.71,3.6,0.07,-0.03,-0.32,0.499,1.497,-1.617,-0.001,0.126,0.364,,
2026-01-27 19:57:25.584,approach_feeder_to_pick,579.015,177.253,1150.064,-179.807,0.016,-89.554,-69.694,-11.659,-109.426,-0.086,-58.728,109.904,-0.957,-2.205,2.573,0.015,-0.374,-2.145,0.02,4.7,3.68,-0.01,-0.05,-0.31,0.476,1.41,-1.528,-0.002,0.124,0.392,,
2026-01-27 19:57:25.683,approach_feeder_to_pick,580.624,177.196,1149.957,-179.807,0.016,-89.469,-69.752,-11.793,-109.27,-0.085,-58.75,109.76,-0.863,-1.987,2.319,0.013,-0.337,-1.969,0.05,4.76,3.59,-0.04,0.0,-0.31,0.557,1.565,-1.72,-0.004,0.162,0.684,,
2026-01-27 19:57:25.790,approach_feeder_to_pick,582.35,177.131,1149.838,-179.808,0.017,-89.379,-69.814,-11.936,-109.103,-0.084,-58.774,109.608,-0.803,-1.848,2.157,0.013,-0.313,-1.858,-0.06,4.85,3.53,0.03,0.01,-0.26,0.459,1.31,-1.434,-0.003,0.13,0.533,,
2026-01-27 19:57:25.891,approach_feeder_to_pick,583.839,177.073,1149.733,-179.808,0.017,-89.305,-69.868,-12.059,-108.959,-0.083,-58.795,109.48,-0.736,-1.695,1.978,0.012,-0.286,-1.713,-0.1,4.87,3.57,0.06,0.0,-0.29,0.499,1.376,-1.52,-0.004,0.15,0.724,,
2026-01-27 19:57:25.996,approach_feeder_to_pick,585.126,177.02,1149.639,-179.808,0.017,-89.245,-69.914,-12.166,-108.835,-0.083,-58.813,109.373,-0.668,-1.538,1.795,0.011,-0.26,-1.552,-0.05,4.82,3.56,-0.0,0.01,-0.16,0.521,1.406,-1.564,-0.005,0.164,0.865,,
2026-01-27 19:57:26.101,approach_feeder_to_pick,586.304,176.969,1149.552,-179.808,0.017,-89.195,-69.957,-12.264,-108.721,-0.082,-58.829,109.28,-0.607,-1.397,1.631,0.009,-0.236,-1.396,-0.06,4.87,3.55,0.03,-0.09,-0.25,0.509,1.356,-1.513,-0.006,0.163,0.914,waypoint,
2026-01-27 19:57:26.201,pick_on_feeder,587.38,176.922,1149.471,-179.808,0.017,-89.154,-69.996,-12.353,-108.616,-0.082,-58.844,109.2,-0.552,-1.271,1.484,0.008,-0.214,-1.248,0.0,4.89,3.57,0.05,0.03,-0.13,0.494,1.304,-1.459,-0.006,0.161,0.952,,
2026-01-27 19:57:26.302,pick_on_feeder,588.365,176.877,1149.395,-179.809,0.018,-89.122,-70.031,-12.434,-108.521,-0.081,-58.858,109.132,-0.503,-1.158,1.351,0.007,-0.195,-1.106,-0.05,4.96,3.63,0.01,-0.01,-0.17,0.478,1.25,-1.402,-0.007,0.158,0.979,,
2026-01-27 19:57:26.406,pick_on_feeder,589.314,176.832,1149.321,-179.809,0.018,-89.097,-70.065,-12.513,-108.429,-0.081,-58.871,109.073,-0.463,-1.065,1.243,0.006,-0.179,-0.977,-0.05,4.98,3.57,0.04,0.11,-0.1,0.443,1.155,-1.297,-0.007,0.147,0.968,,
2026-01-27 19:57:26.506,pick_on_feeder,590.134,176.792,1149.256,-179.809,0.018,-89.081,-70.095,-12.581,-108.35,-0.08,-58.882,109.028,-0.421,-0.969,1.13,0.006,-0.162,-0.846,-0.05,4.94,3.6,0.11,-0.05,-0.14,0.445,1.146,-1.292,-0.007,0.15,1.012,,
2026-01-27 19:57:26.611,pick_on_feeder,590.923,176.753,1149.193,-179.809,0.018,-89.073,-70.123,-12.647,-108.274,-0.08,-58.893,108.991,-0.387,-0.89,1.039,0.005,-0.149,-0.727,-0.1,5.01,3.56,0.05,-0.02,-0.11,0.412,1.056,-1.192,-0.007,0.14,0.992,,
2026-01-27 19:57:26.713,pick_on_feeder,591.606,176.719,1149.137,-179.809,0.018,-89.072,-70.148,-12.703,-108.208,-0.08,-58.902,108.965,-0.352,-0.809,0.944,0.004,-0.135,-0.61,0.02,4.99,3.43,-0.04,-0.02,0.0,0.409,1.04,-1.176,-0.007,0.141,1.005,,
2026-01-27 19:57:26.817,pick_on_feeder,592.263,176.685,1149.083,-179.809,0.018,-89.077,-70.172,-12.758,-108.144,-0.08,-58.912,108.946,-0.323,-0.743,0.867,0.003,-0.124,-0.504,0.06,5.03,3.54,0.03,-0.02,-0.11,0.377,0.957,-1.083,-0.007,0.13,0.978,,
2026-01-27 19:57:26.923,pick_on_feeder,592.861,176.654,1149.034,-179.808,0.018,-89.088,-70.193,-12.807,-108.086,-0.08,-58.92,108.936,-0.296,-0.681,0.795,0.002,-0.114,-0.403,-0.01,5.13,3.54,-0.03,0.04,0.05,0.361,0.91,-1.032,-0.007,0.125,0.962,,
2026-01-27 19:57:27.026,pick_on_feeder,593.406,176.625,1148.988,-179.808,0.018,-89.105,-70.213,-12.853,-108.033,-0.08,-58.927,108.933,-0.271,-0.624,0.728,0.002,-0.104,-0.31,-0.05,5.1,3.52,-0.06,0.05,-0.17,0.344,0.863,-0.981,-0.007,0.12,0.938,,
2026-01-27 19:57:27.131,pick_on_feeder,593.902,176.599,1148.947,-179.808,0.018,-89.126,-70.231,-12.894,-107.985,-0.08,-58.934,108.936,-0.248,-0.571,0.666,0.001,-0.095,-0.224,-0.04,5.02,3.55,0.01,0.07,-0.1,0.327,0.818,-0.93,-0.006,0.115,0.908,,
2026-01-27 19:57:27.236,pick_on_feeder,594.353,176.574,1148.908,-179.808,0.018,-89.151,-70.247,-12.931,-107.942,-0.08,-58.94,108.945,-0.227,-0.522,0.609,0.0,-0.086,-0.146,0.02,4.98,3.5,0.01,0.01,0.05,0.311,0.773,-0.88,-0.006,0.11,0.872,,
2026-01-27 19:57:27.339,pick_on_feeder,594.784,176.55,1148.872,-179.808,0.018,-89.181,-70.262,-12.967,-107.9,-0.08,-58.946,108.959,-0.209,-0.481,0.561,-0.0,-0.08,-0.074,0.01,5.06,3.58,0.02,0.07,-0.08,0.287,0.712,-0.811,-0.006,0.102,0.84,,
2026-01-27 19:57:27.440,pick_on_feeder,595.137,176.53,1148.841,-179.808,0.018,-89.21,-70.275,-12.996,-107.866,-0.081,-58.951,108.976,-0.188,-0.434,0.506,-0.001,-0.072,-0.014,0.02,4.96,3.63,-0.07,-0.06,-0.03,0.286,0.706,-0.806,-0.005,0.102,0.779,,
2026-01-27 19:57:27.541,pick_on_feeder,595.477,176.511,1148.812,-179.808,0.017,-89.243,-70.287,-13.024,-107.833,-0.081,-58.955,108.997,-0.172,-0.396,0.462,-0.001,-0.065,0.041,0.04,5.01,3.57,0.05,-0.03,-0.07,0.262,0.646,-0.738,-0.005,0.094,0.742,,
2026-01-27 19:57:27.645,pick_on_feeder,595.787,176.493,1148.785,-179.808,0.017,-89.277,-70.299,-13.05,-107.803,-0.081,-58.96,109.02,-0.157,-0.361,0.421,-0.001,-0.059,0.089,0.09,5.05,3.54,0.05,-0.06,0.03,0.247,0.607,-0.694,-0.005,0.089,0.693,,
2026-01-27 19:57:27.745,pick_on_feeder,596.069,176.477,1148.761,-179.807,0.017,-89.312,-70.309,-13.073,-107.776,-0.081,-58.963,109.045,-0.143,-0.329,0.384,-0.002,-0.054,0.13,0.02,5.09,3.59,-0.05,0.05,0.03,0.232,0.569,-0.651,-0.005,0.084,0.644,,
2026-01-27 19:57:27.851,pick_on_feeder,596.338,176.462,1148.737,-179.807,0.017,-89.35,-70.318,-13.096,-107.749,-0.082,-58.967,109.073,-0.131,-0.303,0.353,-0.002,-0.05,0.167,-0.0,4.97,3.52,-0.01,-0.05,0.02,0.214,0.522,-0.598,-0.004,0.077,0.608,,
2026-01-27 19:57:27.952,pick_on_feeder,596.571,176.448,1148.717,-179.807,0.017,-89.385,-70.327,-13.115,-107.727,-0.082,-58.97,109.101,-0.119,-0.275,0.321,-0.002,-0.045,0.195,-0.02,4.94,3.46,-0.01,0.11,0.02,0.206,0.501,-0.574,-0.004,0.074,0.542,,
2026-01-27 19:57:28.066,pick_on_feeder,596.696,176.441,1148.706,-179.807,0.017,-89.406,-70.331,-13.125,-107.715,-0.082,-58.972,109.117,-0.101,-0.232,0.271,-0.002,-0.038,0.186,-0.01,5.13,3.6,-0.09,0.05,0.05,0.224,0.54,-0.621,-0.002,0.081,0.374,,
2026-01-27 19:57:28.173,pick_on_feeder,596.824,176.433,1148.694,-179.807,0.017,-89.428,-70.336,-13.136,-107.702,-0.082,-58.974,109.135,-0.087,-0.201,0.234,-0.002,-0.033,0.184,-0.03,5.13,3.56,-0.06,0.01,0.02,0.2,0.483,-0.555,-0.002,0.073,0.352,,
2026-01-27 19:57:28.274,pick_on_feeder,596.985,176.424,1148.68,-179.807,0.017,-89.458,-70.342,-13.149,-107.687,-0.082,-58.976,109.158,-0.08,-0.184,0.215,-0.002,-0.03,0.197,-0.03,5.15,3.53,-0.03,0.0,-0.02,0.169,0.408,-0.469,-0.003,0.061,0.376,,
2026-01-27 19:57:28.379,pick_on_feeder,597.168,176.413,1148.664,-179.807,0.017,-89.493,-70.348,-13.164,-107.669,-0.083,-58.978,109.187,-0.076,-0.176,0.205,-0.002,-0.029,0.221,0.09,5.07,3.55,0.0,0.07,0.02,0.144,0.349,-0.4,-0.003,0.052,0.394,,
2026-01-27 19:57:28.480,pick_on_feeder,597.326,176.403,1148.65,-179.807,0.017,-89.526,-70.354,-13.178,-107.654,-0.083,-58.98,109.215,-0.071,-0.165,0.192,-0.002,-0.027,0.234,0.07,5.0,3.56,-0.04,-0.03,0.05,0.138,0.335,-0.384,-0.002,0.05,0.334,,
2026-01-27 19:57:28.581,pick_on_feeder,597.469,176.395,1148.637,-179.806,0.017,-89.557,-70.359,-13.189,-107.64,-0.083,-58.982,109.241,-0.066,-0.153,0.179,-0.002,-0.025,0.241,0.0,5.08,3.53,-0.02,-0.0,0.12,0.13,0.313,-0.36,-0.002,0.047,0.292,,
2026-01-27 19:57:28.685,pick_on_feeder,597.607,176.386,1148.625,-179.806,0.017,-89.589,-70.364,-13.201,-107.627,-0.083,-58.984,109.267,-0.062,-0.143,0.167,-0.002,-0.023,0.247,0.05,5.08,3.56,-0.01,0.02,-0.01,0.119,0.287,-0.33,-0.002,0.043,0.265,,
2026-01-27 19:57:28.787,pick_on_feeder,597.731,176.379,1148.614,-179.806,0.016,-89.618,-70.368,-13.211,-107.615,-0.084,-58.986,109.293,-0.058,-0.133,0.156,-0.002,-0.022,0.248,0.02,5.12,3.53,-0.08,0.06,-0.07,0.112,0.269,-0.309,-0.001,0.041,0.225,,
2026-01-27 19:57:28.893,pick_on_feeder,597.839,176.372,1148.604,-179.806,0.016,-89.645,-70.372,-13.22,-107.604,-0.084,-58.987,109.315,-0.053,-0.122,0.143,-0.002,-0.02,0.243,0.03,5.05,3.56,-0.05,0.06,-0.01,0.107,0.256,-0.295,-0.001,0.039,0.176,,
2026-01-27 19:57:28.994,pick_on_feeder,597.941,176.366,1148.595,-179.806,0.016,-89.67,-70.376,-13.229,-107.594,-0.084,-58.989,109.337,-0.049,-0.113,0.132,-0.002,-0.018,0.237,0.01,5.13,3.51,-0.03,0.03,0.03,0.098,0.235,-0.27,-0.001,0.036,0.155,,
2026-01-27 19:57:29.094,pick_on_feeder,598.025,176.361,1148.588,-179.806,0.016,-89.692,-70.379,-13.236,-107.586,-0.084,-58.99,109.356,-0.044,-0.102,0.119,-0.002,-0.016,0.224,-0.04,5.04,3.53,0.02,0.08,0.03,0.095,0.226,-0.261,-0.001,0.035,0.103,,
2026-01-27 19:57:29.198,pick_on_feeder,598.11,176.356,1148.58,-179.806,0.016,-89.714,-70.382,-13.243,-107.578,-0.084,-58.991,109.375,-0.041,-0.094,0.11,-0.002,-0.015,0.215,-0.04,5.1,3.55,0.0,-0.08,0.01,0.085,0.203,-0.234,-0.001,0.031,0.097,,
2026-01-27 19:57:29.303,pick_on_feeder,598.187,176.351,1148.573,-179.806,0.016,-89.733,-70.385,-13.249,-107.571,-0.085,-58.992,109.392,-0.038,-0.087,0.101,-0.002,-0.014,0.204,0.06,5.05,3.67,0.02,0.05,0.03,0.079,0.189,-0.218,-0.0,0.029,0.069,,
2026-01-27 19:57:29.407,pick_on_feeder,598.257,176.347,1148.567,-179.806,0.016,-89.751,-70.387,-13.255,-107.564,-0.085,-58.993,109.407,-0.034,-0.079,0.093,-0.002,-0.013,0.192,0.04,5.13,3.54,-0.01,-0.02,-0.0,0.074,0.176,-0.204,-0.0,0.027,0.045,,
2026-01-27 19:57:29.507,pick_on_feeder,598.317,176.343,1148.561,-179.806,0.016,-89.766,-70.389,-13.26,-107.558,-0.085,-58.994,109.42,-0.031,-0.072,0.084,-0.002,-0.012,0.177,-0.05,5.04,3.62,0.03,0.04,-0.04,0.07,0.167,-0.192,0.0,0.026,0.017,,
2026-01-27 19:57:29.610,pick_on_feeder,598.372,176.339,1148.557,-179.806,0.016,-89.78,-70.391,-13.264,-107.553,-0.085,-58.994,109.432,-0.028,-0.065,0.076,-0.001,-0.01,0.161,0.06,5.13,3.53,-0.02,-0.0,0.04,0.065,0.155,-0.178,0.0,0.024,0.0,,
2026-01-27 19:57:29.712,pick_on_feeder,598.422,176.336,1148.552,-179.806,0.016,-89.792,-70.393,-13.268,-107.548,-0.085,-58.995,109.442,-0.026,-0.059,0.069,-0.001,-0.009,0.146,0.09,5.06,3.49,-0.03,-0.04,0.03,0.06,0.143,-0.165,0.0,0.022,-0.014,,
2026-01-27 19:57:29.813,pick_on_feeder,598.467,176.334,1148.548,-179.805,0.016,-89.802,-70.395,-13.272,-107.544,-0.085,-58.995,109.451,-0.023,-0.054,0.063,-0.001,-0.009,0.132,-0.1,5.16,3.55,0.11,-0.05,0.04,0.056,0.133,-0.153,0.0,0.021,-0.026,,
2026-01-27 19:57:29.917,pick_on_feeder,598.508,176.331,1148.544,-179.805,0.016,-89.811,-70.396,-13.276,-107.54,-0.085,-58.996,109.458,-0.021,-0.049,0.057,-0.001,-0.008,0.117,0.05,5.14,3.53,0.0,0.05,0.06,0.052,0.123,-0.142,0.0,0.019,-0.037,,
2026-01-27 19:57:30.125,pick_on_feeder,598.582,176.327,1148.538,-179.805,0.016,-89.825,-70.399,-13.282,-107.533,-0.085,-58.997,109.47,-0.018,-0.041,0.048,-0.001,-0.006,0.091,-0.02,5.04,3.55,-0.03,0.03,0.01,0.044,0.105,-0.122,0.001,0.016,-0.053,,
2026-01-27 19:57:30.333,pick_on_feeder,598.644,176.323,1148.532,-179.805,0.016,-89.835,-70.401,-13.287,-107.527,-0.085,-58.998,109.477,-0.015,-0.034,0.04,-0.001,-0.005,0.066,0.07,5.07,3.55,0.05,-0.02,0.01,0.038,0.089,-0.103,0.001,0.014,-0.062,,
2026-01-27 19:57:30.542,pick_on_feeder,598.694,176.32,1148.527,-179.805,0.016,-89.84,-70.403,-13.291,-107.522,-0.085,-58.998,109.48,-0.012,-0.028,0.033,-0.0,-0.004,0.044,0.07,4.98,3.52,0.01,-0.03,0.04,0.033,0.077,-0.089,0.001,0.012,-0.068,,
2026-01-27 19:57:30.746,pick_on_feeder,598.734,176.317,1148.524,-179.805,0.016,-89.841,-70.404,-13.294,-107.518,-0.085,-58.999,109.481,-0.01,-0.023,0.027,-0.0,-0.004,0.026,-0.0,5.1,3.57,0.09,-0.03,-0.05,0.028,0.066,-0.076,0.001,0.01,-0.067,,
2026-01-27 19:57:30.949,pick_on_feeder,598.766,176.315,1148.521,-179.805,0.016,-89.841,-70.406,-13.297,-107.515,-0.085,-58.999,109.479,-0.008,-0.019,0.022,-0.0,-0.003,0.011,-0.12,5.16,3.55,-0.09,-0.1,-0.01,0.024,0.056,-0.065,0.001,0.009,-0.063,,
2026-01-27 19:57:31.152,pick_on_feeder,598.793,176.314,1148.518,-179.805,0.016,-89.839,-70.407,-13.299,-107.512,-0.085,-59.0,109.476,-0.007,-0.016,0.018,-0.0,-0.002,-0.001,0.05,5.07,3.53,-0.03,-0.06,0.06,0.02,0.047,-0.055,0.001,0.007,-0.058,,
2026-01-27 19:57:31.358,pick_on_feeder,598.817,176.313,1148.516,-179.805,0.016,-89.835,-70.407,-13.301,-107.51,-0.085,-59.0,109.471,-0.006,-0.013,0.015,0.0,-0.002,-0.01,0.02,5.16,3.46,-0.04,0.06,-0.08,0.017,0.04,-0.046,0.0,0.006,-0.052,,
2026-01-27 19:57:31.564,pick_on_feeder,598.836,176.311,1148.515,-179.805,0.016,-89.831,-70.408,-13.303,-107.508,-0.085,-59.0,109.466,-0.005,-0.011,0.013,0.0,-0.002,-0.017,0.05,5.07,3.56,0.01,0.02,-0.01,0.014,0.034,-0.039,0.0,0.005,-0.044,,
2026-01-27 19:57:31.666,pick_to_retreat_feeder,598.893,176.329,1148.861,-179.788,0.022,-89.828,-70.408,-13.287,-107.487,-0.085,-59.019,109.464,-0.004,0.031,0.063,0.0,-0.048,-0.019,-0.07,7.28,4.94,0.04,-0.05,0.04,0.014,0.193,0.169,0.001,-0.18,-0.04,,
2026-01-27 19:57:31.769,pick_to_retreat_feeder,599.246,176.458,1154.418,-179.733,0.041,-89.826,-70.408,-13.035,-107.151,-0.085,-59.547,109.461,-0.002,0.652,0.885,0.001,-1.357,-0.021,-0.09,6.87,4.65,0.02,-0.05,0.09,0.019,2.536,3.291,0.003,-5.262,-0.037,,
2026-01-27 19:57:31.869,pick_to_retreat_feeder,599.413,176.521,1159.618,-179.744,0.037,-89.824,-70.407,-12.802,-106.837,-0.085,-60.108,109.458,-0.0,1.073,1.45,0.002,-2.418,-0.023,0.07,6.39,4.47,0.03,-0.08,0.01,0.017,2.1,2.756,0.003,-5.052,-0.034,,
2026-01-27 19:57:31.972,pick_to_retreat_feeder,599.527,176.565,1164.365,-179.755,0.033,-89.822,-70.407,-12.59,-106.55,-0.084,-60.618,109.455,0.001,1.336,1.804,0.002,-3.09,-0.024,-0.05,6.31,4.38,-0.06,-0.11,0.07,0.015,1.68,2.198,0.002,-4.049,-0.031,,
2026-01-27 19:57:32.075,pick_to_retreat_feeder,599.599,176.594,1168.696,-179.764,0.03,-89.819,-70.407,-12.396,-106.29,-0.084,-61.082,109.453,0.001,1.486,2.004,0.002,-3.477,-0.025,-0.03,6.0,4.2,0.02,-0.08,-0.05,0.013,1.321,1.721,0.002,-3.18,-0.028,,
2026-01-27 19:57:32.178,pick_to_retreat_feeder,599.639,176.611,1172.647,-179.772,0.027,-89.817,-70.406,-12.22,-106.052,-0.084,-61.504,109.45,0.002,1.554,2.096,0.002,-3.662,-0.026,0.01,5.75,3.99,-0.04,-0.19,-0.02,0.012,1.016,1.315,0.002,-2.439,-0.025,,
2026-01-27 19:57:32.281,pick_to_retreat_feeder,599.655,176.619,1176.61,-179.78,0.024,-89.814,-70.406,-12.044,-105.815,-0.083,-61.925,109.447,0.002,1.606,2.166,0.002,-3.801,-0.027,0.01,5.54,4.02,0.02,-0.15,0.03,0.01,0.916,1.186,0.001,-2.194,-0.025,,
2026-01-27 19:57:32.382,pick_to_retreat_feeder,599.65,176.62,1179.863,-179.785,0.022,-89.812,-70.406,-11.899,-105.62,-0.083,-62.27,109.444,0.002,1.566,2.111,0.002,-3.713,-0.026,-0.01,5.49,3.9,0.13,-0.1,-0.0,0.009,0.506,0.638,0.001,-1.208,-0.018,,
2026-01-27 19:57:32.485,pick_to_retreat_feeder,599.63,176.615,1182.977,-179.79,0.02,-89.809,-70.406,-11.761,-105.435,-0.083,-62.6,109.442,0.002,1.52,2.048,0.002,-3.608,-0.026,-0.04,5.38,3.91,-0.04,-0.35,0.03,0.008,0.392,0.488,0.001,-0.931,-0.017,,
2026-01-27 19:57:32.586,pick_to_retreat_feeder,599.601,176.606,1185.667,-179.794,0.019,-89.807,-70.405,-11.642,-105.274,-0.083,-62.883,109.439,0.002,1.437,1.937,0.002,-3.415,-0.026,-0.01,5.35,3.79,0.02,-0.14,-0.02,0.007,0.163,0.183,0.0,-0.381,-0.013,,
2026-01-27 19:57:32.689,pick_to_retreat_feeder,599.563,176.595,1188.241,-179.798,0.018,-89.805,-70.405,-11.528,-105.121,-0.083,-63.154,109.437,0.002,1.363,1.836,0.002,-3.238,-0.025,0.0,5.31,3.8,-0.01,-0.18,-0.03,0.006,0.094,0.094,0.0,-0.214,-0.011,,
2026-01-27 19:57:32.793,pick_to_retreat_feeder,599.52,176.581,1190.574,-179.8,0.017,-89.803,-70.405,-11.425,-104.982,-0.083,-63.399,109.435,0.002,1.28,1.724,0.002,-3.041,-0.024,0.03,5.14,3.87,-0.01,-0.06,0.08,0.005,-0.023,-0.06,0.0,0.066,-0.008,,
2026-01-27 19:57:32.897,pick_to_retreat_feeder,599.473,176.566,1192.69,-179.803,0.016,-89.801,-70.405,-11.332,-104.856,-0.082,-63.62,109.433,0.002,1.193,1.607,0.002,-2.834,-0.023,0.03,5.19,3.85,0.04,-0.17,-0.01,0.004,-0.118,-0.185,-0.0,0.294,-0.006,,
2026-01-27 19:57:32.995,pick_to_retreat_feeder,599.428,176.551,1194.516,-179.804,0.015,-89.8,-70.405,-11.251,-104.748,-0.082,-63.811,109.431,0.002,1.096,1.476,0.002,-2.603,-0.022,0.04,5.1,3.81,-0.01,-0.11,0.03,0.004,-0.234,-0.339,-0.0,0.571,-0.003,,
2026-01-27 19:57:33.105,pick_to_retreat_feeder,599.38,176.535,1196.263,-179.806,0.015,-89.798,-70.404,-11.174,-104.644,-0.082,-63.993,109.429,0.002,1.015,1.366,0.001,-2.407,-0.021,0.1,5.14,3.73,-0.05,-0.14,0.04,0.003,-0.246,-0.354,-0.0,0.601,-0.002,,
2026-01-27 19:57:33.206,pick_to_retreat_feeder,599.336,176.52,1197.771,-179.807,0.014,-89.797,-70.404,-11.108,-104.555,-0.082,-64.15,109.428,0.002,0.927,1.248,0.001,-2.197,-0.019,0.02,5.1,3.72,-0.05,-0.15,0.06,0.003,-0.328,-0.461,-0.0,0.793,0.001,,
2026-01-27 19:57:33.307,pick_to_retreat_feeder,599.29,176.505,1199.212,-179.808,0.014,-89.796,-70.404,-11.045,-104.47,-0.082,-64.3,109.427,0.002,0.854,1.149,0.001,-2.022,-0.018,0.05,5.05,3.75,-0.03,-0.03,-0.06,0.002,-0.324,-0.454,-0.0,0.785,0.002,,
2026-01-27 19:57:33.408,pick_to_retreat_feeder,599.248,176.491,1200.457,-179.808,0.014,-89.795,-70.404,-10.99,-104.396,-0.082,-64.429,109.425,0.001,0.777,1.046,0.001,-1.839,-0.016,-0.0,5.1,3.77,-0.05,-0.07,0.03,0.002,-0.379,-0.526,-0.001,0.914,0.004,,
2026-01-27 19:57:33.511,pick_to_retreat_feeder,599.205,176.477,1201.647,-179.808,0.014,-89.794,-70.404,-10.937,-104.326,-0.082,-64.552,109.424,0.001,0.714,0.961,0.001,-1.687,-0.015,0.03,5.0,3.79,0.01,-0.17,-0.05,0.002,-0.365,-0.506,-0.001,0.882,0.004,waypoint,
2026-01-27 19:57:33.618,pick_to_retreat_feeder,587.437,177.771,1204.098,-179.828,0.009,-89.341,-69.921,-9.897,-105.32,-0.08,-64.618,109.454,1.208,3.137,-1.764,0.005,-1.432,0.062,-0.02,5.06,3.56,0.03,-0.01,0.07,4.828,9.555,-11.098,0.017,1.356,0.306,,
2026-01-27 19:57:33.723,pick_to_retreat_feeder,570.91,179.281,1206.707,-179.827,0.011,-88.79,-69.242,-8.452,-106.751,-0.079,-64.63,109.581,2.605,5.964,-4.902,0.007,-1.103,0.366,0.01,4.9,3.42,-0.03,0.01,0.1,6.316,12.638,-14.365,0.01,1.771,1.262,,
2026-01-27 19:57:33.829,pick_to_retreat_feeder,558.048,180.187,1208.468,-179.826,0.012,-88.44,-68.713,-7.328,-107.865,-0.078,-64.638,109.76,3.276,7.283,-6.462,0.006,-0.848,0.722,-0.06,4.9,3.5,-0.06,-0.06,0.15,4.176,8.169,-9.753,0.001,1.629,1.647,,
2026-01-27 19:57:33.931,pick_to_retreat_feeder,545.043,180.866,1210.009,-179.824,0.014,-88.166,-68.178,-6.191,-108.992,-0.078,-64.647,110.022,3.795,8.305,-7.663,0.005,-0.657,1.196,-0.01,4.81,3.45,-0.0,-0.03,0.09,3.819,7.48,-8.905,-0.005,1.465,2.309,,
2026-01-27 19:57:34.035,pick_to_retreat_feeder,533.836,181.261,1211.142,-179.822,0.014,-88.004,-67.716,-5.211,-109.964,-0.079,-64.654,110.321,4.0,8.68,-8.177,0.002,-0.511,1.644,0.07,4.71,3.43,-0.0,-0.04,0.3,2.702,5.169,-6.465,-0.009,1.329,2.451,,
2026-01-27 19:57:34.135,pick_to_retreat_feeder,524.161,181.461,1211.977,-179.821,0.015,-87.924,-67.317,-4.363,-110.804,-0.08,-64.66,110.64,3.997,8.629,-8.232,-0.001,-0.399,2.032,0.05,4.66,3.37,-0.03,0.04,0.31,1.806,3.323,-4.501,-0.012,1.206,2.411,,
2026-01-27 19:57:34.236,pick_to_retreat_feeder,515.323,181.529,1212.621,-179.82,0.016,-87.905,-66.952,-3.588,-111.572,-0.081,-64.666,110.987,3.91,8.41,-8.095,-0.004,-0.314,2.391,0.08,4.53,3.46,0.04,0.06,0.3,1.285,2.267,-3.334,-0.013,1.09,2.443,,
2026-01-27 19:57:34.339,pick_to_retreat_feeder,506.4,181.488,1213.158,-179.818,0.016,-87.944,-66.583,-2.804,-112.349,-0.083,-64.672,111.396,3.856,8.268,-8.014,-0.007,-0.25,2.815,-0.05,4.44,3.46,0.06,-0.02,0.38,1.199,2.129,-3.088,-0.016,0.98,2.82,,
2026-01-27 19:57:34.445,pick_to_retreat_feeder,499.103,181.373,1213.512,-179.817,0.016,-88.023,-66.281,-2.162,-112.986,-0.084,-64.677,111.778,3.648,7.806,-7.602,-0.009,-0.2,3.067,0.03,4.38,3.4,0.05,0.1,0.33,0.411,0.498,-1.374,-0.015,0.893,2.272,,
2026-01-27 19:57:34.546,pick_to_retreat_feeder,491.736,181.181,1213.79,-179.815,0.016,-88.15,-65.975,-1.512,-113.629,-0.086,-64.682,112.212,3.5,7.479,-7.311,-0.012,-0.162,3.384,0.11,4.19,3.41,-0.04,0.05,0.49,0.405,0.521,-1.309,-0.017,0.802,2.556,,
2026-01-27 19:57:34.646,pick_to_retreat_feeder,485.713,180.968,1213.959,-179.814,0.016,-88.291,-65.724,-0.98,-114.157,-0.088,-64.686,112.604,3.252,6.939,-6.801,-0.014,-0.132,3.518,0.08,4.22,3.49,-0.06,0.02,0.56,-0.189,-0.706,-0.013,-0.014,0.731,1.889,,
2026-01-27 19:57:34.746,pick_to_retreat_feeder,479.631,180.703,1214.075,-179.813,0.016,-88.469,-65.471,-0.442,-114.69,-0.09,-64.69,113.037,3.072,6.55,-6.434,-0.016,-0.109,3.721,0.02,4.19,3.47,0.06,-0.06,0.54,-0.141,-0.575,-0.072,-0.015,0.657,2.105,,
2026-01-27 19:57:34.850,pick_to_retreat_feeder,474.396,180.433,1214.131,-179.812,0.016,-88.653,-65.252,0.022,-115.15,-0.092,-64.694,113.44,2.851,6.073,-5.976,-0.017,-0.091,3.799,0.08,4.05,3.51,0.1,-0.0,0.46,-0.475,-1.257,0.669,-0.013,0.597,1.601,,
2026-01-27 19:57:34.952,pick_to_retreat_feeder,469.4,180.14,1214.147,-179.811,0.016,-88.856,-65.043,0.466,-115.589,-0.095,-64.697,113.852,2.66,5.664,-5.581,-0.018,-0.077,3.88,0.06,3.96,3.53,-0.07,-0.02,0.43,-0.524,-1.337,0.805,-0.012,0.539,1.53,,
2026-01-27 19:57:35.052,pick_to_retreat_feeder,465.098,179.86,1214.131,-179.81,0.015,-89.051,-64.863,0.849,-115.969,-0.097,-64.7,114.229,2.446,5.204,-5.133,-0.018,-0.065,3.852,0.08,3.92,3.47,0.02,0.08,0.49,-0.759,-1.813,1.329,-0.01,0.489,1.02,,
2026-01-27 19:57:35.155,pick_to_retreat_feeder,460.994,179.569,1214.09,-179.809,0.015,-89.256,-64.691,1.214,-116.331,-0.099,-64.703,114.607,2.265,4.817,-4.756,-0.019,-0.056,3.833,-0.0,3.96,3.57,-0.02,0.06,0.5,-0.763,-1.801,1.364,-0.009,0.442,0.929,,
2026-01-27 19:57:35.258,pick_to_retreat_feeder,457.281,179.285,1214.031,-179.808,0.015,-89.455,-64.535,1.546,-116.659,-0.1,-64.706,114.963,2.089,4.441,-4.388,-0.019,-0.049,3.765,0.06,3.9,3.57,-0.03,0.01,0.52,-0.849,-1.966,1.569,-0.007,0.4,0.62,,
2026-01-27 19:57:35.359,pick_to_retreat_feeder,453.924,179.012,1213.959,-179.807,0.015,-89.646,-64.393,1.846,-116.956,-0.102,-64.708,115.295,1.92,4.081,-4.034,-0.019,-0.043,3.655,0.11,3.72,3.49,0.01,-0.04,0.42,-0.911,-2.082,1.722,-0.005,0.362,0.324,,
2026-01-27 19:57:35.463,pick_to_retreat_feeder,450.887,178.752,1213.88,-179.806,0.014,-89.825,-64.265,2.117,-117.226,-0.104,-64.71,115.604,1.76,3.74,-3.698,-0.018,-0.038,3.512,0.04,3.62,3.57,0.07,-0.07,0.48,-0.953,-2.156,1.83,-0.004,0.328,0.045,,
2026-01-27 19:57:35.564,pick_to_retreat_feeder,448.14,178.505,1213.796,-179.805,0.014,-89.991,-64.15,2.363,-117.47,-0.106,-64.712,115.886,1.61,3.42,-3.383,-0.018,-0.033,3.34,0.06,3.64,3.59,-0.01,-0.04,0.39,-0.978,-2.197,1.901,-0.002,0.297,-0.213,,
2026-01-27 19:57:35.665,pick_to_retreat_feeder,445.774,178.284,1213.715,-179.805,0.014,-90.135,-64.05,2.576,-117.68,-0.107,-64.714,116.131,1.457,3.096,-3.063,-0.017,-0.029,3.117,0.1,3.57,3.65,0.01,0.03,0.3,-1.04,-2.316,2.046,0.0,0.27,-0.571,,
2026-01-27 19:57:35.770,pick_to_retreat_feeder,443.407,178.056,1213.625,-179.804,0.014,-90.278,-63.949,2.788,-117.89,-0.108,-64.716,116.375,1.343,2.853,-2.824,-0.016,-0.026,2.947,0.01,3.53,3.49,-0.08,-0.02,0.34,-0.935,-2.082,1.839,0.0,0.243,-0.525,,
2026-01-27 19:57:35.871,pick_to_retreat_feeder,441.373,177.853,1213.54,-179.804,0.014,-90.398,-63.863,2.971,-118.072,-0.109,-64.717,116.581,1.223,2.597,-2.571,-0.015,-0.024,2.726,0.12,3.55,3.66,0.05,0.13,0.37,-0.981,-2.17,1.949,0.003,0.221,-0.847,,
2026-01-27 19:57:35.975,pick_to_retreat_feeder,439.532,177.665,1213.458,-179.803,0.014,-90.501,-63.785,3.136,-118.236,-0.11,-64.719,116.762,1.112,2.361,-2.338,-0.013,-0.021,2.498,0.04,3.5,3.68,0.01,-0.05,0.24,-0.964,-2.126,1.925,0.004,0.2,-1.008,,
2026-01-27 19:57:36.076,pick_to_retreat_feeder,437.945,177.498,1213.384,-179.803,0.013,-90.584,-63.718,3.279,-118.377,-0.111,-64.72,116.913,1.002,2.128,-2.107,-0.012,-0.019,2.25,0.09,3.57,3.59,-0.0,-0.01,0.29,-0.975,-2.141,1.958,0.005,0.182,-1.217,,
2026-01-27 19:57:36.176,pick_to_retreat_feeder,436.43,177.337,1213.309,-179.802,0.013,-90.656,-63.654,3.416,-118.512,-0.112,-64.721,117.049,0.912,1.937,-1.919,-0.011,-0.017,2.029,0.07,3.49,3.61,-0.02,-0.11,0.32,-0.907,-1.99,1.825,0.005,0.164,-1.237,,
2026-01-27 19:57:36.278,pick_to_retreat_feeder,435.059,177.187,1213.238,-179.802,0.013,-90.712,-63.596,3.539,-118.635,-0.112,-64.722,117.165,0.83,1.762,-1.745,-0.01,-0.015,1.809,0.05,3.4,3.56,-0.02,0.01,0.21,-0.877,-1.919,1.77,0.006,0.149,-1.327,waypoint,
2026-01-27 19:57:36.378,pick_to_retreat_feeder,426.771,164.752,1215.27,-179.75,0.036,-91.684,-64.531,4.823,-119.575,-0.116,-65.009,117.201,-1.717,4.532,-3.66,-0.016,-0.729,1.449,-0.02,3.4,3.51,-0.03,-0.12,0.15,-10.728,9.877,-6.585,-0.026,-2.727,-1.976,,
2026-01-27 19:57:36.482,pick_to_retreat_feeder,415.331,148.06,1217.652,-179.753,0.031,-92.842,-65.855,6.541,-120.818,-0.119,-65.49,117.036,-4.597,7.694,-5.851,-0.019,-1.747,0.673,0.04,3.34,3.47,0.05,-0.2,0.12,-13.535,13.229,-8.951,-0.012,-4.384,-3.803,,
2026-01-27 19:57:36.585,pick_to_retreat_feeder,404.468,133.414,1219.353,-179.759,0.025,-93.706,-67.06,8.105,-121.949,-0.12,-65.93,116.695,-6.46,9.68,-7.216,-0.017,-2.412,-0.347,-0.04,3.31,3.51,-0.05,-0.14,-0.09,-10.994,10.363,-6.939,0.005,-3.548,-5.176,,
2026-01-27 19:57:36.687,pick_to_retreat_feeder,393.718,119.921,1220.564,-179.765,0.019,-94.34,-68.211,9.6,-123.03,-0.119,-66.35,116.176,-7.724,10.996,-8.115,-0.011,-2.86,-1.558,-0.14,3.05,3.43,0.05,-0.15,-0.18,-9.363,8.635,-5.745,0.019,-2.994,-6.441,,
2026-01-27 19:57:36.789,pick_to_retreat_feeder,384.178,108.69,1221.283,-179.771,0.016,-94.715,-69.205,10.889,-123.962,-0.118,-66.713,115.557,-8.277,11.47,-8.417,-0.005,-3.051,-2.717,-0.02,3.02,3.44,0.04,-0.12,-0.31,-6.844,5.716,-3.684,0.028,-2.113,-6.801,,
2026-01-27 19:57:36.891,pick_to_retreat_feeder,375.294,98.8,1221.677,-179.776,0.013,-94.902,-70.109,12.062,-124.811,-0.115,-67.042,114.837,-8.468,11.535,-8.434,0.003,-3.111,-3.836,-0.12,2.94,3.46,-0.04,-0.13,-0.48,-5.268,3.987,-2.478,0.035,-1.572,-7.118,,
2026-01-27 19:57:36.994,pick_to_retreat_feeder,367.053,90.078,1221.821,-179.78,0.01,-94.929,-70.932,13.13,-125.583,-0.112,-67.342,114.04,-8.409,11.321,-8.257,0.01,-3.082,-4.871,-0.21,2.72,3.34,0.12,-0.17,-0.54,-3.93,2.535,-1.468,0.038,-1.116,-7.191,,
2026-01-27 19:57:37.099,pick_to_retreat_feeder,359.433,82.374,1221.775,-179.784,0.009,-94.824,-71.682,14.102,-126.286,-0.108,-67.614,113.183,-8.18,10.921,-7.95,0.017,-2.992,-5.795,-0.15,2.58,3.44,0.02,-0.14,-0.79,-2.799,1.322,-0.628,0.04,-0.732,-7.061,,
2026-01-27 19:57:37.202,pick_to_retreat_feeder,352.404,75.559,1221.586,-179.788,0.008,-94.61,-72.364,14.986,-126.926,-0.104,-67.861,112.285,-7.841,10.402,-7.562,0.023,-2.863,-6.591,-0.17,2.48,3.56,-0.02,-0.04,-0.91,-1.847,0.317,0.067,0.04,-0.412,-6.766,,
2026-01-27 19:57:37.303,pick_to_retreat_feeder,345.934,69.52,1221.293,-179.791,0.007,-94.31,-72.985,15.792,-127.508,-0.1,-68.086,111.362,-7.433,9.815,-7.128,0.028,-2.71,-7.25,-0.08,2.47,3.58,0.05,-0.1,-0.9,-1.05,-0.509,0.635,0.039,-0.146,-6.342,,
2026-01-27 19:57:37.405,pick_to_retreat_feeder,339.99,64.161,1220.927,-179.795,0.007,-93.943,-73.55,16.524,-128.039,-0.095,-68.291,110.428,-6.988,9.193,-6.671,0.032,-2.544,-7.773,-0.18,2.34,3.54,0.02,-0.16,-1.01,-0.388,-1.182,1.094,0.036,0.073,-5.818,,
2026-01-27 19:57:37.508,pick_to_retreat_feeder,334.262,59.161,1220.489,-179.797,0.007,-93.504,-74.09,17.225,-128.545,-0.09,-68.486,109.447,-6.592,8.646,-6.27,0.036,-2.396,-8.283,-0.18,2.2,3.56,-0.03,-0.07,-0.99,-0.1,-1.388,1.219,0.036,0.159,-5.71,,
2026-01-27 19:57:37.613,pick_to_retreat_feeder,329.038,54.736,1220.017,-179.8,0.007,-93.029,-74.58,17.859,-129.004,-0.086,-68.663,108.48,-6.167,8.071,-5.85,0.039,-2.239,-8.63,-0.14,2.21,3.67,0.02,-0.16,-1.12,0.419,-1.91,1.575,0.032,0.329,-4.995,,
2026-01-27 19:57:37.715,pick_to_retreat_feeder,324.506,50.999,1219.554,-179.802,0.008,-92.557,-75.002,18.407,-129.4,-0.081,-68.815,107.584,-5.681,7.421,-5.377,0.041,-2.06,-8.711,-0.18,2.16,3.55,0.05,-0.12,-1.12,1.049,-2.591,2.049,0.026,0.541,-3.781,,
2026-01-27 19:57:37.820,pick_to_retreat_feeder,320.153,47.497,1219.062,-179.803,0.009,-92.053,-75.406,18.929,-129.778,-0.076,-68.961,106.675,-5.27,6.873,-4.978,0.042,-1.908,-8.808,-0.06,1.96,3.6,-0.11,-0.06,-1.15,1.131,-2.574,2.019,0.024,0.556,-3.544,,
2026-01-27 19:57:37.923,pick_to_retreat_feeder,316.382,44.53,1218.6,-179.805,0.009,-91.577,-75.754,19.381,-130.104,-0.072,-69.086,105.848,-4.823,6.283,-4.549,0.042,-1.744,-8.671,-0.04,2.03,3.73,-0.04,0.03,-1.2,1.572,-3.036,2.337,0.018,0.701,-2.355,,
2026-01-27 19:57:38.025,pick_to_retreat_feeder,312.938,41.874,1218.149,-179.806,0.01,-91.111,-76.071,19.791,-130.401,-0.068,-69.2,105.064,-4.409,5.738,-4.154,0.042,-1.593,-8.463,-0.13,1.83,3.71,0.05,-0.04,-1.13,1.727,-3.137,2.396,0.014,0.745,-1.697,,
2026-01-27 19:57:38.127,pick_to_retreat_feeder,309.794,39.492,1217.713,-179.807,0.011,-90.663,-76.359,20.165,-130.672,-0.064,-69.303,104.327,-4.028,5.238,-3.791,0.041,-1.453,-8.192,-0.08,1.76,3.66,-0.03,0.01,-1.02,1.839,-3.192,2.423,0.01,0.774,-1.065,,
2026-01-27 19:57:38.233,pick_to_retreat_feeder,306.924,37.355,1217.294,-179.807,0.012,-90.238,-76.622,20.505,-130.918,-0.061,-69.397,103.638,-3.677,4.779,-3.459,0.039,-1.325,-7.866,-0.17,1.7,3.68,0.04,-0.02,-1.05,1.914,-3.209,2.424,0.006,0.79,-0.468,,
2026-01-27 19:57:38.337,pick_to_retreat_feeder,304.045,35.243,1216.856,-179.808,0.013,-89.801,-76.884,20.845,-131.164,-0.057,-69.491,102.936,-3.415,4.435,-3.21,0.038,-1.229,-7.654,-0.15,1.69,3.76,0.03,-0.1,-1.0,1.719,-2.884,2.179,0.006,0.711,-0.552,,
2026-01-27 19:57:38.443,pick_to_retreat_feeder,301.445,33.365,1216.444,-179.808,0.014,-89.401,-77.121,21.152,-131.386,-0.054,-69.576,102.298,-3.154,4.094,-2.962,0.037,-1.134,-7.336,-0.08,1.61,3.66,0.02,-0.07,-1.01,1.807,-2.932,2.204,0.002,0.734,0.14,,
2026-01-27 19:57:38.544,pick_to_retreat_feeder,299.204,31.768,1216.076,-179.808,0.014,-89.057,-77.325,21.416,-131.577,-0.051,-69.649,101.75,-2.875,3.73,-2.699,0.035,-1.032,-6.872,-0.05,1.58,3.83,0.05,-0.09,-0.96,1.957,-3.067,2.294,-0.002,0.78,1.024,,
2026-01-27 19:57:38.647,pick_to_retreat_feeder,297.171,30.336,1215.733,-179.808,0.015,-88.752,-77.51,21.655,-131.75,-0.049,-69.715,101.259,-2.618,3.396,-2.457,0.032,-0.939,-6.381,0.02,1.48,3.74,0.01,-0.04,-0.81,1.954,-3.009,2.244,-0.005,0.771,1.496,,
2026-01-27 19:57:38.748,pick_to_retreat_feeder,295.415,29.113,1215.429,-179.808,0.016,-88.498,-77.669,21.862,-131.899,-0.047,-69.771,100.845,-2.361,3.062,-2.215,0.029,-0.846,-5.821,-0.08,1.44,3.72,-0.05,-0.09,-0.76,2.012,-3.037,2.258,-0.009,0.785,2.113,,
2026-01-27 19:57:38.850,pick_to_retreat_feeder,293.896,28.064,1215.16,-179.808,0.016,-88.289,-77.807,22.04,-132.028,-0.045,-69.82,100.498,-2.115,2.742,-1.984,0.026,-0.757,-5.234,-0.1,1.45,3.72,0.04,-0.05,-0.72,2.027,-3.013,2.234,-0.011,0.784,2.574,,
2026-01-27 19:57:38.950,pick_to_retreat_feeder,292.358,27.01,1214.883,-179.808,0.017,-88.093,-77.946,22.22,-132.158,-0.043,-69.87,100.162,-1.934,2.508,-1.814,0.024,-0.691,-4.765,-0.12,1.56,3.8,-0.03,0.02,-0.67,1.809,-2.692,1.996,-0.011,0.701,2.428,,
2026-01-27 19:57:39.053,pick_to_retreat_feeder,290.898,26.019,1214.615,-179.808,0.017,-87.927,-78.078,22.391,-132.282,-0.042,-69.917,99.863,-1.781,2.308,-1.67,0.022,-0.636,-4.321,-0.04,1.47,3.7,-0.11,-0.07,-0.58,1.7,-2.515,1.863,-0.012,0.657,2.554,,
2026-01-27 19:57:39.157,pick_to_retreat_feeder,289.761,25.252,1214.403,-179.807,0.017,-87.815,-78.18,22.524,-132.378,-0.041,-69.953,99.648,-1.592,2.064,-1.493,0.019,-0.568,-3.778,-0.17,1.42,3.83,0.04,-0.05,-0.53,1.823,-2.643,1.952,-0.015,0.695,3.137,,
2026-01-27 19:57:39.258,pick_to_retreat_feeder,288.556,24.444,1214.175,-179.807,0.018,-87.718,-78.289,22.665,-132.48,-0.04,-69.992,99.442,-1.466,1.901,-1.375,0.017,-0.522,-3.349,0.01,1.38,3.83,0.11,-0.01,-0.55,1.58,-2.3,1.699,-0.014,0.605,2.913,,
2026-01-27 19:57:39.360,pick_to_retreat_feeder,287.519,23.753,1213.976,-179.807,0.018,-87.657,-78.383,22.787,-132.568,-0.039,-70.025,99.287,-1.333,1.729,-1.251,0.014,-0.475,-2.899,-0.04,1.33,3.82,0.06,-0.03,-0.44,1.574,-2.266,1.672,-0.015,0.598,3.135,waypoint,
2026-01-27 19:57:39.463,retreat_feeder_to_approach_machine,285.087,36.008,1213.789,-179.804,0.021,-85.019,-75.88,22.916,-132.659,-0.036,-70.06,99.151,5.256,1.619,-1.164,0.018,-0.445,-2.514,0.82,1.46,3.77,0.02,-0.15,-0.27,27.375,-1.962,1.477,0.009,0.514,3.009,,
2026-01-27 19:57:39.566,retreat_feeder_to_approach_machine,277.193,70.914,1213.629,-179.802,0.016,-77.628,-68.697,23.056,-132.752,-0.04,-70.106,98.944,21.9,1.566,-1.106,0.004,-0.449,-2.403,0.98,1.43,3.71,0.06,0.0,-0.35,71.446,-1.652,1.302,-0.062,0.359,1.999,,
2026-01-27 19:57:39.668,retreat_feeder_to_approach_machine,266.372,101.358,1213.482,-179.801,0.012,-70.825,-62.186,23.184,-132.836,-0.044,-70.149,98.653,32.702,1.493,-1.041,-0.006,-0.443,-2.529,1.23,1.46,3.64,-0.03,-0.03,-0.35,57.579,-1.619,1.259,-0.05,0.359,0.96,,
2026-01-27 19:57:39.770,retreat_feeder_to_approach_machine,254.368,126.398,1213.353,-179.8,0.009,-64.868,-56.571,23.293,-132.909,-0.046,-70.185,98.313,38.566,1.394,-0.963,-0.011,-0.423,-2.748,1.25,1.45,3.56,0.05,-0.08,-0.48,42.867,-1.632,1.25,-0.035,0.382,0.37,,
2026-01-27 19:57:39.871,retreat_feeder_to_approach_machine,242.106,146.947,1213.24,-179.8,0.006,-59.645,-51.717,23.388,-132.972,-0.048,-70.217,97.944,41.059,1.283,-0.879,-0.012,-0.396,-2.983,1.41,1.51,3.58,-0.0,-0.08,-0.41,30.964,-1.618,1.224,-0.024,0.394,0.048,,
2026-01-27 19:57:39.973,retreat_feeder_to_approach_machine,228.735,165.639,1213.129,-179.799,0.003,-54.542,-47.042,23.48,-133.033,-0.049,-70.247,97.517,42.482,1.19,-0.811,-0.012,-0.373,-3.306,1.37,1.44,3.68,0.09,0.01,-0.47,26.079,-1.491,1.124,-0.017,0.366,-0.546,,
2026-01-27 19:57:40.076,retreat_feeder_to_approach_machine,215.318,181.615,1213.028,-179.798,0.001,-49.83,-42.787,23.563,-133.088,-0.05,-70.275,97.059,42.499,1.101,-0.746,-0.011,-0.349,-3.623,1.39,1.44,3.64,0.01,-0.14,-0.48,19.271,-1.424,1.067,-0.01,0.357,-0.787,,
2026-01-27 19:57:40.179,retreat_feeder_to_approach_machine,202.826,194.561,1212.939,-179.798,-0.001,-45.7,-39.109,23.635,-133.136,-0.05,-70.298,96.607,41.069,1.005,-0.679,-0.009,-0.321,-3.847,1.37,1.42,3.55,-0.04,0.04,-0.54,11.572,-1.395,1.035,-0.005,0.359,-0.656,,
2026-01-27 19:57:40.282,retreat_feeder_to_approach_machine,189.405,206.788,1212.848,-179.798,-0.002,-41.465,-35.389,23.708,-133.184,-0.05,-70.323,96.092,40.101,0.936,-0.63,-0.007,-0.301,-4.173,1.3,1.44,3.71,-0.06,0.01,-0.55,10.833,-1.247,0.926,-0.001,0.321,-1.221,,
2026-01-27 19:57:40.382,retreat_feeder_to_approach_machine,176.619,217.07,1212.765,-179.797,-0.004,-37.576,-32.02,23.773,-133.228,-0.05,-70.344,95.572,38.498,0.866,-0.582,-0.004,-0.28,-4.431,1.21,1.4,3.74,-0.03,0.03,-0.64,6.241,-1.191,0.879,0.002,0.312,-1.151,,
2026-01-27 19:57:40.483,retreat_feeder_to_approach_machine,164.56,225.704,1212.689,-179.797,-0.005,-34.007,-28.969,23.833,-133.267,-0.049,-70.364,95.054,36.501,0.799,-0.535,-0.002,-0.259,-4.618,1.26,1.4,3.72,-0.06,0.1,-0.56,2.439,-1.134,0.832,0.004,0.301,-1.013,,
2026-01-27 19:57:40.587,retreat_feeder_to_approach_machine,153.277,232.95,1212.62,-179.797,-0.006,-30.735,-26.206,23.887,-133.303,-0.048,-70.382,94.545,34.283,0.734,-0.491,0.001,-0.239,-4.736,1.0,1.28,3.73,-0.01,0.01,-0.54,-0.683,-1.077,0.786,0.005,0.29,-0.823,,
2026-01-27 19:57:40.693,retreat_feeder_to_approach_machine,142.282,239.304,1212.554,-179.796,-0.007,-27.595,-23.585,23.938,-133.337,-0.048,-70.398,94.026,32.266,0.679,-0.453,0.003,-0.221,-4.85,0.98,1.26,3.71,0.0,-0.02,-0.63,-2.034,-0.997,0.726,0.007,0.27,-0.84,,
2026-01-27 19:57:40.795,retreat_feeder_to_approach_machine,132.612,244.358,1212.497,-179.796,-0.008,-24.865,-21.33,23.982,-133.366,-0.047,-70.413,93.551,29.837,0.619,-0.413,0.004,-0.202,-4.825,1.05,1.24,3.76,0.03,0.02,-0.52,-5.491,-0.969,0.701,0.006,0.267,-0.314,,
2026-01-27 19:57:40.900,retreat_feeder_to_approach_machine,123.275,248.792,1212.442,-179.796,-0.009,-22.252,-19.19,24.024,-133.394,-0.046,-70.427,93.077,27.727,0.569,-0.379,0.006,-0.186,-4.804,0.95,1.28,3.72,-0.05,0.06,-0.57,-6.1,-0.895,0.646,0.006,0.248,-0.274,,
2026-01-27 19:57:41.006,retreat_feeder_to_approach_machine,115.124,252.323,1212.395,-179.796,-0.009,-19.987,-17.35,24.06,-133.418,-0.045,-70.438,92.652,25.397,0.517,-0.344,0.007,-0.169,-4.665,0.78,1.25,3.78,-0.04,0.06,-0.62,-8.477,-0.863,0.62,0.005,0.243,0.243,,
2026-01-27 19:57:41.109,retreat_feeder_to_approach_machine,107.299,255.426,1212.35,-179.795,-0.01,-17.825,-15.604,24.094,-133.441,-0.044,-70.449,92.235,23.413,0.473,-0.315,0.008,-0.154,-4.54,0.78,1.14,3.87,-0.09,0.02,-0.57,-8.575,-0.796,0.57,0.005,0.224,0.306,,
2026-01-27 19:57:41.209,retreat_feeder_to_approach_machine,100.501,257.903,1212.312,-179.795,-0.01,-15.956,-14.101,24.123,-133.46,-0.043,-70.459,91.869,21.316,0.428,-0.285,0.008,-0.14,-4.321,0.74,1.31,3.78,0.0,0.01,-0.55,-10.155,-0.764,0.545,0.004,0.218,0.776,,
2026-01-27 19:57:41.309,retreat_feeder_to_approach_machine,94.0,260.085,1212.275,-179.795,-0.011,-14.179,-12.676,24.151,-133.479,-0.042,-70.468,91.517,19.55,0.391,-0.26,0.008,-0.127,-4.12,0.68,1.23,3.84,-0.04,-0.03,-0.57,-9.911,-0.702,0.5,0.003,0.201,0.841,,
2026-01-27 19:57:41.411,retreat_feeder_to_approach_machine,88.37,261.831,1212.243,-179.795,-0.011,-12.65,-11.45,24.175,-133.494,-0.041,-70.476,91.213,17.728,0.353,-0.234,0.008,-0.115,-3.85,0.54,1.15,3.84,0.01,-0.03,-0.62,-10.91,-0.671,0.476,0.002,0.194,1.239,,
2026-01-27 19:57:41.512,retreat_feeder_to_approach_machine,82.999,263.376,1212.213,-179.795,-0.011,-11.201,-10.286,24.198,-133.509,-0.04,-70.483,90.927,16.204,0.321,-0.214,0.008,-0.105,-3.603,0.62,1.18,3.84,0.05,0.0,-0.41,-10.449,-0.616,0.437,0.001,0.178,1.292,,
2026-01-27 19:57:41.614,retreat_feeder_to_approach_machine,78.579,264.559,1212.188,-179.794,-0.012,-10.017,-9.333,24.217,-133.522,-0.04,-70.489,90.697,14.536,0.288,-0.191,0.007,-0.094,-3.278,0.46,1.2,3.86,-0.01,0.03,-0.38,-11.505,-0.596,0.42,-0.001,0.174,1.72,,
2026-01-27 19:57:41.717,retreat_feeder_to_approach_machine,74.138,265.67,1212.163,-179.794,-0.012,-8.839,-8.379,24.235,-133.534,-0.039,-70.495,90.473,13.287,0.262,-0.174,0.007,-0.085,-3.018,0.56,1.18,3.85,-0.06,-0.04,-0.34,-10.344,-0.536,0.378,-0.001,0.157,1.612,,
2026-01-27 19:57:41.819,retreat_feeder_to_approach_machine,70.671,266.482,1212.143,-179.794,-0.012,-7.93,-7.637,24.25,-133.544,-0.039,-70.5,90.306,11.822,0.233,-0.155,0.006,-0.076,-2.682,0.43,1.18,3.91,0.01,0.04,-0.28,-11.427,-0.524,0.368,-0.002,0.154,2.017,,
2026-01-27 19:57:41.921,retreat_feeder_to_approach_machine,66.989,267.294,1212.122,-179.794,-0.012,-6.976,-6.85,24.265,-133.554,-0.038,-70.505,90.138,10.833,0.213,-0.142,0.006,-0.069,-2.431,0.42,1.13,3.84,-0.03,0.03,-0.3,-9.843,-0.463,0.325,-0.002,0.136,1.811,,
2026-01-27 19:57:42.022,retreat_feeder_to_approach_machine,63.966,267.921,1212.105,-179.794,-0.013,-6.203,-6.206,24.278,-133.562,-0.038,-70.509,90.01,9.736,0.191,-0.127,0.005,-0.062,-2.142,0.28,1.23,4.01,-0.03,-0.02,-0.32,-10.28,-0.444,0.311,-0.003,0.132,2.03,,
2026-01-27 19:57:42.122,retreat_feeder_to_approach_machine,61.071,268.489,1212.089,-179.794,-0.013,-5.476,-5.59,24.29,-133.57,-0.038,-70.513,89.899,8.842,0.174,-0.115,0.004,-0.056,-1.885,0.28,1.16,3.82,-0.03,-0.03,-0.19,-9.537,-0.405,0.284,-0.004,0.12,1.991,,
2026-01-27 19:57:42.225,retreat_feeder_to_approach_machine,58.446,268.976,1212.074,-179.793,-0.013,-4.829,-5.032,24.301,-133.578,-0.038,-70.516,89.809,8.026,0.157,-0.104,0.003,-0.051,-1.637,0.35,1.16,3.86,0.03,0.0,-0.26,-9.164,-0.376,0.263,-0.004,0.112,2.012,,
2026-01-27 19:57:42.330,retreat_feeder_to_approach_machine,55.952,269.414,1212.06,-179.793,-0.013,-4.228,-4.503,24.311,-133.584,-0.038,-70.52,89.737,7.343,0.144,-0.096,0.003,-0.047,-1.408,0.29,1.2,3.86,0.08,-0.05,-0.16,-8.534,-0.344,0.24,-0.004,0.103,1.984,,
2026-01-27 19:57:42.433,retreat_feeder_to_approach_machine,53.803,269.772,1212.048,-179.793,-0.013,-3.723,-4.047,24.32,-133.59,-0.038,-70.523,89.688,6.645,0.13,-0.086,0.002,-0.042,-1.181,0.22,1.23,3.89,-0.01,0.12,-0.22,-8.419,-0.324,0.226,-0.004,0.097,2.008,,
2026-01-27 19:57:42.539,retreat_feeder_to_approach_machine,51.763,270.097,1212.037,-179.793,-0.014,-3.256,-3.615,24.328,-133.596,-0.038,-70.525,89.653,6.064,0.119,-0.079,0.001,-0.038,-0.972,0.17,1.11,3.82,0.01,0.02,-0.12,-7.811,-0.296,0.206,-0.005,0.089,1.96,,
2026-01-27 19:57:42.639,retreat_feeder_to_approach_machine,50.174,270.338,1212.028,-179.793,-0.014,-2.903,-3.279,24.335,-133.6,-0.038,-70.527,89.636,5.388,0.105,-0.07,0.001,-0.034,-0.77,0.16,1.07,3.91,0.01,-0.06,-0.12,-7.988,-0.285,0.198,-0.005,0.086,1.943,,
2026-01-27 19:57:42.741,retreat_feeder_to_approach_machine,48.72,270.551,1212.02,-179.793,-0.014,-2.59,-2.972,24.341,-133.604,-0.038,-70.529,89.63,4.81,0.094,-0.062,0.0,-0.03,-0.593,0.23,1.11,3.93,0.01,0.07,-0.16,-7.476,-0.262,0.182,-0.004,0.079,1.854,,
2026-01-27 19:57:42.841,retreat_feeder_to_approach_machine,47.461,270.73,1212.013,-179.793,-0.014,-2.326,-2.705,24.346,-133.608,-0.038,-70.531,89.633,4.273,0.084,-0.055,-0.0,-0.027,-0.437,0.19,1.13,3.92,0.1,0.05,-0.08,-7.141,-0.244,0.169,-0.004,0.074,1.759,,
2026-01-27 19:57:42.943,retreat_feeder_to_approach_machine,46.108,270.914,1212.005,-179.793,-0.014,-2.053,-2.419,24.352,-133.611,-0.038,-70.533,89.646,3.92,0.077,-0.051,-0.001,-0.025,-0.296,0.26,1.05,3.86,-0.07,0.01,-0.12,-6.231,-0.216,0.15,-0.004,0.065,1.682,,
2026-01-27 19:57:43.046,retreat_feeder_to_approach_machine,44.999,271.06,1211.999,-179.793,-0.014,-1.838,-2.185,24.356,-133.614,-0.039,-70.534,89.665,3.525,0.069,-0.046,-0.001,-0.022,-0.174,0.07,1.12,3.86,-0.02,0.04,-0.13,-6.125,-0.204,0.141,-0.004,0.062,1.575,,
2026-01-27 19:57:43.149,retreat_feeder_to_approach_machine,43.824,271.21,1211.992,-179.793,-0.014,-1.619,-1.937,24.361,-133.618,-0.039,-70.536,89.695,3.264,0.064,-0.042,-0.002,-0.02,-0.057,-0.01,1.06,3.87,0.06,0.01,-0.03,-5.373,-0.181,0.125,-0.004,0.055,1.524,,
2026-01-27 19:57:43.253,retreat_feeder_to_approach_machine,42.813,271.335,1211.987,-179.792,-0.015,-1.44,-1.724,24.365,-133.62,-0.039,-70.537,89.729,2.982,0.058,-0.039,-0.002,-0.019,0.043,0.06,1.15,4.01,0.03,-0.05,-0.03,-5.182,-0.17,0.117,-0.004,0.052,1.419,,
2026-01-27 19:57:43.354,retreat_feeder_to_approach_machine,41.853,271.45,1211.981,-179.792,-0.015,-1.278,-1.521,24.369,-133.623,-0.04,-70.538,89.77,2.743,0.054,-0.036,-0.002,-0.017,0.135,0.01,1.15,3.97,0.01,-0.03,-0.11,-4.773,-0.155,0.107,-0.004,0.047,1.345,,
2026-01-27 19:57:43.458,retreat_feeder_to_approach_machine,41.027,271.547,1211.977,-179.792,-0.015,-1.147,-1.347,24.373,-133.625,-0.04,-70.539,89.813,2.493,0.049,-0.032,-0.002,-0.016,0.208,0.13,1.18,3.91,0.03,0.06,0.05,-4.579,-0.145,0.1,-0.003,0.044,1.227,,
2026-01-27 19:57:43.573,retreat_feeder_to_approach_machine,40.533,271.603,1211.974,-179.792,-0.015,-1.072,-1.243,24.375,-133.627,-0.04,-70.54,89.842,2.13,0.042,-0.028,-0.002,-0.013,0.229,0.06,1.13,3.9,0.01,-0.01,0.01,-4.82,-0.144,0.099,-0.002,0.044,0.968,,
2026-01-27 19:57:43.678,retreat_feeder_to_approach_machine,40.104,271.651,1211.971,-179.792,-0.015,-1.009,-1.152,24.376,-133.628,-0.04,-70.541,89.87,1.824,0.036,-0.024,-0.002,-0.011,0.241,0.02,1.1,3.86,0.1,0.06,0.04,-4.476,-0.133,0.091,-0.002,0.041,0.856,,
2026-01-27 19:57:43.783,retreat_feeder_to_approach_machine,39.602,271.707,1211.969,-179.792,-0.015,-0.938,-1.046,24.378,-133.629,-0.04,-70.541,89.905,1.633,0.032,-0.021,-0.002,-0.01,0.269,0.03,1.1,3.91,0.04,0.02,-0.01,-3.875,-0.116,0.08,-0.002,0.036,0.846,,
2026-01-27 19:57:43.887,retreat_feeder_to_approach_machine,39.076,271.764,1211.966,-179.792,-0.015,-0.867,-0.935,24.381,-133.631,-0.041,-70.542,89.945,1.502,0.029,-0.019,-0.002,-0.009,0.302,0.07,1.07,3.88,0.0,0.03,0.03,-3.438,-0.104,0.071,-0.002,0.032,0.813,,
2026-01-27 19:57:43.988,retreat_feeder_to_approach_machine,38.539,271.822,1211.963,-179.792,-0.015,-0.799,-0.822,24.383,-133.632,-0.041,-70.543,89.991,1.41,0.028,-0.018,-0.003,-0.009,0.34,0.07,1.1,3.91,0.05,0.1,0.05,-3.069,-0.093,0.064,-0.002,0.028,0.78,waypoint,
2026-01-27 19:57:44.088,retreat_feeder_to_approach_machine,33.695,310.989,1224.323,-179.835,0.001,0.079,0.168,20.375,-130.074,-0.024,-70.136,90.096,3.531,-9.999,8.881,0.04,1.011,0.519,0.09,0.93,3.89,0.01,0.09,0.07,6.0,-40.183,35.65,0.168,4.104,1.309,,
2026-01-27 19:57:44.190,retreat_feeder_to_approach_machine,26.875,355.023,1234.612,-179.826,0.019,0.904,1.243,15.989,-126.18,-0.006,-69.635,90.341,5.337,-18.464,16.397,0.075,2.01,1.001,0.24,0.96,4.05,0.03,0.12,0.15,6.259,-39.948,35.452,0.166,4.629,2.566,,
2026-01-27 19:57:44.290,retreat_feeder_to_approach_machine,20.039,391.701,1240.452,-179.818,0.033,1.462,2.124,12.396,-122.99,0.008,-69.224,90.659,6.205,-22.83,20.272,0.092,2.534,1.545,0.19,0.9,4.05,-0.0,0.07,0.29,3.689,-28.019,24.862,0.111,3.267,3.039,,
2026-01-27 19:57:44.396,retreat_feeder_to_approach_machine,11.958,429.164,1243.947,-179.811,0.048,1.906,3.015,8.763,-119.764,0.022,-68.809,91.101,6.882,-26.206,23.27,0.104,2.938,2.266,0.25,1.26,4.05,-0.02,0.16,0.38,3.422,-25.626,22.739,0.096,2.983,3.987,,
2026-01-27 19:57:44.498,retreat_feeder_to_approach_machine,4.456,459.996,1244.983,-179.806,0.059,2.167,3.746,5.787,-117.121,0.033,-68.469,91.566,6.987,-27.095,24.059,0.105,3.053,2.861,0.24,1.39,4.18,-0.05,0.1,0.39,1.469,-16.491,14.629,0.056,1.931,3.806,,
2026-01-27 19:57:44.602,retreat_feeder_to_approach_machine,-3.52,489.716,1244.414,-179.801,0.071,2.323,4.449,2.92,-114.576,0.043,-68.143,92.11,6.999,-27.488,24.408,0.104,3.107,3.505,0.33,1.74,4.14,0.03,0.15,0.49,1.054,-13.746,12.193,0.041,1.61,4.219,,
2026-01-27 19:57:44.704,retreat_feeder_to_approach_machine,-11.007,515.353,1242.679,-179.797,0.08,2.374,5.057,0.442,-112.375,0.051,-67.86,92.664,6.769,-26.811,23.806,0.098,3.036,4.014,0.26,2.1,4.19,0.11,0.08,0.57,-0.005,-8.483,7.521,0.018,1.003,3.897,,
2026-01-27 19:57:44.806,retreat_feeder_to_approach_machine,-18.331,538.708,1240.081,-179.795,0.089,2.346,5.613,-1.825,-110.363,0.058,-67.602,93.245,6.467,-25.775,22.886,0.091,2.922,4.463,0.2,2.37,4.17,-0.03,0.2,0.48,-0.523,-5.522,4.893,0.005,0.66,3.777,,
2026-01-27 19:57:44.908,retreat_feeder_to_approach_machine,-25.811,561.073,1236.666,-179.793,0.097,2.247,6.149,-4.008,-108.425,0.064,-67.354,93.877,6.19,-24.789,22.01,0.084,2.812,4.927,0.2,2.71,4.23,0.05,0.15,0.59,-0.675,-4.135,3.662,-0.002,0.497,3.909,,
2026-01-27 19:57:45.011,retreat_feeder_to_approach_machine,-32.976,581.286,1232.781,-179.791,0.104,2.091,6.636,-5.995,-106.66,0.07,-67.128,94.518,5.861,-23.559,20.919,0.076,2.674,5.298,0.19,2.91,4.18,0.07,0.11,0.8,-1.088,-1.76,1.555,-0.012,0.222,3.613,,
2026-01-27 19:57:45.114,retreat_feeder_to_approach_machine,-39.439,598.622,1228.827,-179.79,0.111,1.903,7.058,-7.712,-105.135,0.074,-66.933,95.126,5.45,-21.963,19.501,0.068,2.493,5.494,0.19,3.28,4.17,0.01,0.09,0.71,-1.64,1.11,-0.993,-0.021,-0.108,2.92,,
2026-01-27 19:57:45.219,retreat_feeder_to_approach_machine,-46.226,616.009,1224.269,-179.789,0.117,1.659,7.484,-9.449,-103.593,0.078,-66.736,95.795,5.153,-20.815,18.482,0.061,2.362,5.792,0.17,3.61,4.3,-0.05,0.04,0.76,-1.428,0.803,-0.72,-0.022,-0.077,3.23,,
2026-01-27 19:57:45.321,retreat_feeder_to_approach_machine,-51.969,630.127,1220.119,-179.789,0.122,1.418,7.834,-10.872,-102.33,0.081,-66.575,96.383,4.738,-19.169,17.02,0.053,2.175,5.816,0.12,3.92,4.16,-0.08,0.06,0.83,-2.056,3.865,-3.438,-0.029,-0.427,2.11,,
2026-01-27 19:57:45.421,retreat_feeder_to_approach_machine,-57.365,642.932,1215.995,-179.789,0.127,1.165,8.153,-12.174,-101.174,0.084,-66.428,96.955,4.352,-17.63,15.654,0.046,2.0,5.791,0.07,4.15,4.29,0.03,0.13,0.73,-2.148,4.693,-4.172,-0.031,-0.523,1.728,,
2026-01-27 19:57:45.523,retreat_feeder_to_approach_machine,-62.418,654.548,1211.95,-179.789,0.131,0.906,8.445,-13.364,-100.117,0.086,-66.293,97.505,3.995,-16.199,14.383,0.04,1.837,5.719,0.1,4.31,4.19,-0.01,0.06,0.73,-2.206,5.333,-4.741,-0.032,-0.597,1.343,,
2026-01-27 19:57:45.626,retreat_feeder_to_approach_machine,-67.389,665.643,1207.809,-179.79,0.134,0.632,8.727,-14.511,-99.099,0.088,-66.163,98.059,3.7,-15.016,13.333,0.035,1.702,5.675,0.08,4.59,4.19,-0.07,0.09,0.82,-2.093,5.239,-4.656,-0.031,-0.588,1.247,,
2026-01-27 19:57:45.728,retreat_feeder_to_approach_machine,-71.531,674.65,1204.243,-179.79,0.138,0.392,8.957,-15.449,-98.266,0.089,-66.057,98.53,3.351,-13.608,12.082,0.03,1.541,5.431,-0.02,4.76,4.18,-0.03,0.02,0.82,-2.395,6.797,-6.04,-0.033,-0.766,0.282,,
2026-01-27 19:57:45.833,retreat_feeder_to_approach_machine,-75.834,683.788,1200.431,-179.791,0.141,0.132,9.193,-16.409,-97.414,0.09,-65.949,99.024,3.102,-12.604,11.191,0.026,1.427,5.31,0.07,4.9,4.14,0.05,0.01,0.73,-2.104,5.908,-5.249,-0.03,-0.666,0.497,,
2026-01-27 19:57:45.933,retreat_feeder_to_approach_machine,-79.609,691.626,1197.002,-179.791,0.143,-0.102,9.396,-17.238,-96.677,0.092,-65.855,99.461,2.835,-11.527,10.234,0.022,1.304,5.075,0.05,5.11,4.1,-0.03,0.07,0.72,-2.213,6.618,-5.879,-0.03,-0.747,-0.129,,
2026-01-27 19:57:46.036,retreat_feeder_to_approach_machine,-83.105,698.746,1193.758,-179.792,0.146,-0.321,9.583,-17.997,-96.004,0.093,-65.77,99.866,2.592,-10.541,9.36,0.019,1.192,4.819,-0.01,5.3,4.1,-0.03,0.07,0.66,-2.165,6.663,-5.92,-0.028,-0.753,-0.433,,
2026-01-27 19:57:46.138,retreat_feeder_to_approach_machine,-86.166,704.871,1190.866,-179.793,0.148,-0.514,9.744,-18.653,-95.421,0.093,-65.696,100.219,2.347,-9.548,8.478,0.016,1.079,4.497,0.0,5.48,4.18,-0.0,0.02,0.56,-2.198,7.014,-6.23,-0.027,-0.793,-0.911,,
2026-01-27 19:57:46.240,retreat_feeder_to_approach_machine,-89.327,711.094,1187.829,-179.794,0.15,-0.71,9.909,-19.325,-94.824,0.094,-65.62,100.58,2.173,-8.84,7.849,0.014,0.998,4.274,-0.04,5.5,4.07,0.07,0.02,0.58,-1.942,6.165,-5.476,-0.024,-0.697,-0.746,,
2026-01-27 19:57:46.345,retreat_feeder_to_approach_machine,-92.085,716.44,1185.139,-179.794,0.152,-0.876,10.051,-19.906,-94.309,0.095,-65.555,100.888,1.986,-8.082,7.175,0.013,0.912,3.977,0.07,5.65,4.03,-0.05,-0.0,0.49,-1.972,6.459,-5.738,-0.022,-0.731,-1.19,,
2026-01-27 19:57:46.446,retreat_feeder_to_approach_machine,-94.628,721.302,1182.627,-179.795,0.153,-1.023,10.182,-20.437,-93.837,0.096,-65.495,101.165,1.815,-7.389,6.56,0.011,0.833,3.675,-0.01,5.74,4.07,0.03,0.03,0.57,-1.896,6.309,-5.603,-0.021,-0.714,-1.386,,
2026-01-27 19:57:46.550,retreat_feeder_to_approach_machine,-97.095,725.96,1180.16,-179.796,0.155,-1.157,10.307,-20.948,-93.383,0.096,-65.438,101.425,1.675,-6.82,6.055,0.01,0.769,3.405,0.04,5.82,3.93,0.02,0.02,0.53,-1.755,5.873,-5.217,-0.018,-0.665,-1.425,,
2026-01-27 19:57:46.654,retreat_feeder_to_approach_machine,-99.583,730.597,1177.645,-179.796,0.156,-1.281,10.433,-21.46,-92.929,0.097,-65.38,101.673,1.571,-6.395,5.678,0.01,0.72,3.175,0.03,5.91,3.98,0.0,0.01,0.47,-1.578,5.28,-4.69,-0.016,-0.598,-1.391,,
2026-01-27 19:57:46.756,retreat_feeder_to_approach_machine,-101.634,734.378,1175.549,-179.797,0.158,-1.37,10.536,-21.88,-92.556,0.098,-65.333,101.865,1.436,-5.845,5.19,0.009,0.658,2.861,-0.06,6.08,4.0,0.14,0.04,0.39,-1.647,5.677,-5.042,-0.015,-0.643,-1.817,,
2026-01-27 19:57:46.857,retreat_feeder_to_approach_machine,-103.322,737.459,1173.812,-179.798,0.159,-1.433,10.62,-22.223,-92.251,0.099,-65.295,102.012,1.287,-5.242,4.654,0.009,0.589,2.513,0.06,6.08,3.91,-0.01,-0.0,0.35,-1.669,5.872,-5.215,-0.014,-0.664,-2.088,,
2026-01-27 19:57:46.959,retreat_feeder_to_approach_machine,-104.968,740.438,1172.105,-179.798,0.16,-1.482,10.702,-22.556,-91.955,0.099,-65.257,102.143,1.17,-4.765,4.231,0.008,0.535,2.212,0.0,6.12,4.06,-0.07,0.02,0.36,-1.527,5.384,-4.782,-0.012,-0.609,-2.035,,
2026-01-27 19:57:47.061,retreat_feeder_to_approach_machine,-106.48,743.154,1170.527,-179.799,0.161,-1.516,10.777,-22.861,-91.685,0.1,-65.223,102.251,1.065,-4.336,3.85,0.008,0.487,1.928,0.02,6.22,3.94,-0.03,0.01,0.33,-1.444,5.13,-4.556,-0.011,-0.58,-2.065,,
2026-01-27 19:57:47.163,retreat_feeder_to_approach_machine,-107.868,745.63,1169.069,-179.799,0.162,-1.534,10.845,-23.14,-91.437,0.101,-65.192,102.337,0.97,-3.949,3.506,0.008,0.443,1.662,0.06,6.2,3.96,0.04,-0.03,0.17,-1.364,4.877,-4.331,-0.01,-0.552,-2.075,,
2026-01-27 19:57:47.266,retreat_feeder_to_approach_machine,-109.21,748.006,1167.653,-179.8,0.163,-1.537,10.911,-23.409,-91.199,0.102,-65.162,102.406,0.892,-3.634,3.226,0.008,0.407,1.419,-0.04,6.31,3.86,0.08,-0.02,0.19,-1.252,4.492,-3.989,-0.008,-0.508,-2.036,,
2026-01-27 19:57:47.367,retreat_feeder_to_approach_machine,-110.374,750.054,1166.418,-179.8,0.163,-1.528,10.968,-23.641,-90.992,0.102,-65.136,102.453,0.811,-3.306,2.935,0.008,0.37,1.182,-0.09,6.28,3.93,0.02,0.1,0.23,-1.217,4.407,-3.914,-0.007,-0.498,-2.056,,
2026-01-27 19:57:47.468,retreat_feeder_to_approach_machine,-111.441,751.923,1165.281,-179.8,0.164,-1.506,11.02,-23.854,-90.804,0.103,-65.112,102.483,0.739,-3.01,2.673,0.008,0.337,0.962,-0.0,6.35,4.05,-0.04,0.05,0.17,-1.144,4.165,-3.698,-0.007,-0.471,-2.015,,
2026-01-27 19:57:47.568,retreat_feeder_to_approach_machine,-112.42,753.628,1164.234,-179.801,0.165,-1.475,11.068,-24.048,-90.631,0.104,-65.091,102.499,0.673,-2.744,2.436,0.008,0.307,0.761,-0.04,6.37,3.9,0.03,0.02,0.15,-1.074,3.929,-3.489,-0.006,-0.444,-1.961,,
2026-01-27 19:57:47.670,retreat_feeder_to_approach_machine,-113.318,755.184,1163.27,-179.801,0.166,-1.434,11.112,-24.226,-90.474,0.105,-65.071,102.501,0.614,-2.502,2.221,0.008,0.28,0.577,-0.0,6.39,3.91,-0.06,-0.03,0.05,-1.007,3.702,-3.288,-0.005,-0.418,-1.897,,
2026-01-27 19:57:47.773,retreat_feeder_to_approach_machine,-114.141,756.604,1162.384,-179.801,0.166,-1.385,11.151,-24.388,-90.329,0.106,-65.053,102.492,0.56,-2.283,2.027,0.008,0.255,0.41,0.02,6.52,3.81,-0.0,0.01,0.08,-0.944,3.483,-3.093,-0.005,-0.393,-1.823,,
2026-01-27 19:57:47.875,retreat_feeder_to_approach_machine,-114.895,757.9,1161.569,-179.802,0.167,-1.33,11.188,-24.537,-90.197,0.107,-65.036,102.473,0.511,-2.084,1.85,0.008,0.233,0.26,-0.0,6.4,3.81,0.02,0.1,0.12,-0.883,3.274,-2.907,-0.004,-0.37,-1.741,,
2026-01-27 19:57:47.978,retreat_feeder_to_approach_machine,-115.586,759.084,1160.821,-179.802,0.168,-1.269,11.221,-24.673,-90.076,0.107,-65.021,102.445,0.467,-1.903,1.689,0.008,0.212,0.125,0.02,6.37,3.91,0.05,-0.08,0.11,-0.826,3.073,-2.729,-0.004,-0.347,-1.654,,
2026-01-27 19:57:48.082,retreat_feeder_to_approach_machine,-116.219,760.165,1160.134,-179.802,0.168,-1.204,11.252,-24.797,-89.966,0.108,-65.007,102.41,0.426,-1.738,1.543,0.008,0.194,0.006,0.06,6.52,3.73,0.09,-0.02,-0.09,-0.772,2.882,-2.559,-0.003,-0.325,-1.561,,
2026-01-27 19:57:48.187,retreat_feeder_to_approach_machine,-116.799,761.152,1159.503,-179.802,0.169,-1.135,11.28,-24.911,-89.865,0.109,-64.995,102.369,0.39,-1.588,1.41,0.008,0.177,-0.098,0.03,6.54,3.78,-0.01,-0.06,-0.04,-0.721,2.7,-2.397,-0.003,-0.305,-1.465,waypoint,
2026-01-27 19:57:48.290,approach_machine_to_place,-117.344,762.093,1156.65,-179.872,0.154,-1.064,11.305,-25.12,-89.871,0.11,-64.851,102.323,0.357,-1.713,1.043,0.009,0.49,-0.189,-0.01,6.14,3.61,0.01,0.03,0.06,-0.669,1.482,-3.226,-0.0,1.03,-1.368,,
2026-01-27 19:57:48.391,approach_machine_to_place,-117.948,763.407,1147.954,-179.898,0.149,-0.992,11.33,-25.585,-90.148,0.112,-64.136,102.273,0.329,-2.447,0.09,0.012,2.156,-0.266,0.04,6.19,3.61,0.07,0.09,-0.02,-0.615,-1.231,-5.612,0.009,6.651,-1.27,,
2026-01-27 19:57:48.495,approach_machine_to_place,-118.499,764.594,1139.981,-179.882,0.154,-0.919,11.352,-26.01,-90.403,0.114,-63.439,102.221,0.303,-2.899,-0.571,0.013,3.359,-0.332,-0.02,6.48,3.69,-0.09,0.14,0.03,-0.575,-0.713,-4.839,0.007,5.799,-1.172,,
2026-01-27 19:57:48.598,approach_machine_to_place,-118.988,765.606,1132.692,-179.868,0.158,-0.846,11.373,-26.4,-90.637,0.116,-62.802,102.166,0.278,-3.148,-1.012,0.014,4.113,-0.386,-0.01,6.45,3.64,-0.03,0.21,-0.09,-0.537,-0.279,-4.137,0.005,4.625,-1.074,,
2026-01-27 19:57:48.702,approach_machine_to_place,-119.332,766.288,1127.458,-179.859,0.16,-0.789,11.388,-26.679,-90.805,0.117,-62.344,102.122,0.246,-3.06,-1.179,0.014,4.228,-0.398,0.03,6.63,3.71,-0.05,0.19,-0.05,-0.541,0.845,-3.065,-0.0,2.363,-0.854,,
2026-01-27 19:57:48.804,approach_machine_to_place,-119.709,767.012,1121.574,-179.849,0.163,-0.721,11.404,-26.994,-90.993,0.118,-61.83,102.069,0.226,-3.081,-1.356,0.014,4.456,-0.431,-0.03,6.67,3.61,0.08,0.21,-0.09,-0.468,0.412,-2.968,0.002,2.692,-0.866,,
2026-01-27 19:57:48.905,approach_machine_to_place,-120.067,767.669,1115.865,-179.839,0.166,-0.65,11.42,-27.299,-91.177,0.12,-61.332,102.013,0.21,-3.074,-1.475,0.014,4.588,-0.464,0.06,6.75,3.71,-0.11,0.15,-0.09,-0.426,0.462,-2.616,0.001,2.267,-0.81,,
2026-01-27 19:57:49.012,approach_machine_to_place,-120.371,768.203,1110.924,-179.831,0.168,-0.585,11.434,-27.564,-91.335,0.121,-60.901,101.961,0.192,-2.967,-1.503,0.014,4.519,-0.479,0.06,6.79,3.67,0.05,0.25,-0.18,-0.405,0.825,-2.109,-0.0,1.368,-0.691,,
2026-01-27 19:57:49.115,approach_machine_to_place,-120.659,768.689,1106.129,-179.824,0.17,-0.518,11.448,-27.821,-91.489,0.122,-60.483,101.906,0.178,-2.867,-1.513,0.014,4.434,-0.496,0.08,6.73,3.6,-0.05,0.24,-0.03,-0.369,0.819,-1.851,-0.0,1.101,-0.642,,
2026-01-27 19:57:49.216,approach_machine_to_place,-120.917,769.107,1101.747,-179.818,0.172,-0.454,11.46,-28.055,-91.63,0.124,-60.101,101.853,0.164,-2.738,-1.487,0.013,4.28,-0.504,-0.0,6.75,3.76,-0.0,0.19,-0.1,-0.343,0.956,-1.535,-0.001,0.629,-0.562,,
2026-01-27 19:57:49.320,approach_machine_to_place,-121.161,769.484,1097.528,-179.813,0.173,-0.39,11.472,-28.282,-91.766,0.125,-59.734,101.8,0.153,-2.619,-1.454,0.013,4.129,-0.512,-0.04,6.73,3.69,-0.04,0.25,-0.14,-0.314,0.947,-1.329,-0.001,0.421,-0.514,,
2026-01-27 19:57:49.422,approach_machine_to_place,-121.368,769.79,1093.883,-179.809,0.174,-0.332,11.483,-28.477,-91.883,0.126,-59.417,101.751,0.141,-2.453,-1.384,0.012,3.889,-0.505,-0.03,6.78,3.56,-0.01,0.18,-0.01,-0.298,1.159,-1.012,-0.003,-0.123,-0.411,,
2026-01-27 19:57:49.528,approach_machine_to_place,-121.564,770.068,1090.374,-179.805,0.176,-0.275,11.492,-28.666,-91.996,0.127,-59.111,101.703,0.13,-2.311,-1.32,0.012,3.68,-0.5,0.08,6.84,3.57,0.05,0.18,-0.04,-0.272,1.115,-0.868,-0.003,-0.232,-0.369,,
2026-01-27 19:57:49.632,approach_machine_to_place,-121.731,770.295,1087.343,-179.802,0.177,-0.224,11.501,-28.829,-92.094,0.128,-58.848,101.659,0.119,-2.14,-1.234,0.011,3.418,-0.483,-0.03,6.81,3.48,0.07,0.21,-0.07,-0.259,1.259,-0.627,-0.004,-0.626,-0.279,,
2026-01-27 19:57:49.733,approach_machine_to_place,-121.881,770.491,1084.572,-179.8,0.177,-0.177,11.509,-28.978,-92.183,0.129,-58.607,101.619,0.109,-1.978,-1.149,0.01,3.165,-0.463,0.02,6.8,3.61,0.02,0.17,-0.05,-0.24,1.272,-0.481,-0.004,-0.791,-0.222,,
2026-01-27 19:57:49.836,approach_machine_to_place,-122.017,770.661,1082.039,-179.798,0.178,-0.133,11.516,-29.114,-92.265,0.129,-58.388,101.582,0.1,-1.824,-1.066,0.01,2.924,-0.44,0.03,6.86,3.62,0.03,0.25,-0.05,-0.223,1.272,-0.357,-0.004,-0.92,-0.171,,
2026-01-27 19:57:49.938,approach_machine_to_place,-122.139,770.809,1079.722,-179.796,0.178,-0.093,11.523,-29.239,-92.339,0.13,-58.187,101.548,0.091,-1.68,-0.986,0.009,2.695,-0.416,-0.02,6.8,3.56,-0.05,0.17,-0.08,-0.207,1.261,-0.252,-0.004,-1.018,-0.124,,
2026-01-27 19:57:50.043,approach_machine_to_place,-122.25,770.937,1077.604,-179.795,0.179,-0.056,11.529,-29.353,-92.408,0.131,-58.003,101.516,0.083,-1.545,-0.91,0.008,2.48,-0.39,-0.02,6.84,3.58,-0.01,0.17,-0.08,-0.192,1.241,-0.163,-0.004,-1.089,-0.081,,
2026-01-27 19:57:50.144,approach_machine_to_place,-122.35,771.049,1075.668,-179.794,0.179,-0.023,11.534,-29.457,-92.47,0.131,-57.836,101.488,0.076,-1.419,-0.839,0.008,2.279,-0.364,0.06,6.86,3.57,-0.06,0.08,0.03,-0.178,1.214,-0.088,-0.005,-1.139,-0.044,,
2026-01-27 19:57:50.247,approach_machine_to_place,-122.441,771.147,1073.897,-179.794,0.179,0.007,11.539,-29.552,-92.527,0.132,-57.683,101.462,0.07,-1.303,-0.772,0.007,2.092,-0.336,-0.03,6.81,3.53,-0.02,0.18,-0.09,-0.164,1.182,-0.026,-0.005,-1.17,-0.01,,
2026-01-27 19:57:50.352,approach_machine_to_place,-122.528,771.237,1072.192,-179.793,0.18,0.035,11.544,-29.644,-92.582,0.132,-57.535,101.439,0.064,-1.207,-0.717,0.007,1.937,-0.312,-0.05,6.92,3.58,0.02,0.16,-0.09,-0.15,1.099,-0.002,-0.004,-1.111,0.007,,
2026-01-27 19:57:50.453,approach_machine_to_place,-122.602,771.311,1070.719,-179.793,0.18,0.058,11.548,-29.724,-92.63,0.133,-57.408,101.419,0.059,-1.104,-0.656,0.006,1.771,-0.283,-0.06,6.82,3.51,0.08,0.15,-0.1,-0.141,1.113,0.073,-0.005,-1.202,0.047,,
2026-01-27 19:57:50.554,approach_machine_to_place,-122.669,771.376,1069.371,-179.793,0.18,0.079,11.552,-29.796,-92.673,0.133,-57.292,101.402,0.054,-1.01,-0.601,0.005,1.619,-0.255,-0.03,6.84,3.55,0.09,-0.01,0.0,-0.131,1.07,0.106,-0.005,-1.191,0.068,waypoint,
2026-01-27 19:57:50.659,place_on_machine,-122.73,771.434,1068.139,-179.793,0.18,0.097,11.556,-29.863,-92.713,0.133,-57.186,101.387,0.049,-0.923,-0.55,0.005,1.479,-0.228,0.04,6.9,3.57,-0.05,0.02,0.04,-0.121,1.025,0.133,-0.005,-1.173,0.086,,
2026-01-27 19:57:50.763,place_on_machine,-122.785,771.484,1067.013,-179.794,0.18,0.112,11.559,-29.924,-92.75,0.134,-57.089,101.375,0.045,-0.845,-0.504,0.004,1.352,-0.202,0.03,6.79,3.53,-0.01,-0.08,-0.06,-0.112,0.979,0.153,-0.005,-1.147,0.101,,
2026-01-27 19:57:50.863,place_on_machine,-122.828,771.522,1066.148,-179.794,0.18,0.123,11.561,-29.97,-92.778,0.134,-57.014,101.366,0.04,-0.75,-0.448,0.004,1.2,-0.173,0.01,6.86,3.44,-0.04,0.03,-0.07,-0.108,1.022,0.222,-0.005,-1.258,0.128,,
2026-01-27 19:57:50.964,place_on_machine,-122.874,771.562,1065.191,-179.794,0.18,0.134,11.564,-30.022,-92.808,0.134,-56.932,101.357,0.037,-0.692,-0.413,0.004,1.105,-0.151,-0.03,6.91,3.6,0.02,0.11,0.03,-0.095,0.871,0.171,-0.004,-1.055,0.117,,
2026-01-27 19:57:51.064,place_on_machine,-122.914,771.596,1064.363,-179.795,0.18,0.142,11.566,-30.067,-92.835,0.134,-56.861,101.351,0.033,-0.631,-0.377,0.003,1.007,-0.129,0.05,6.86,3.43,-0.04,0.07,-0.05,-0.089,0.853,0.195,-0.004,-1.06,0.127,,
2026-01-27 19:57:51.165,place_on_machine,-122.955,771.629,1063.517,-179.795,0.18,0.149,11.569,-30.112,-92.863,0.134,-56.789,101.346,0.031,-0.587,-0.351,0.003,0.936,-0.11,0.06,6.86,3.52,0.02,0.06,0.0,-0.079,0.757,0.17,-0.004,-0.939,0.125,,
2026-01-27 19:57:51.271,place_on_machine,-122.991,771.658,1062.747,-179.796,0.18,0.155,11.571,-30.154,-92.887,0.135,-56.723,101.342,0.029,-0.544,-0.325,0.003,0.867,-0.091,-0.07,6.9,3.57,-0.01,-0.02,-0.0,-0.074,0.723,0.177,-0.004,-0.911,0.13,,
2026-01-27 19:57:51.376,place_on_machine,-123.025,771.684,1062.046,-179.796,0.18,0.159,11.573,-30.192,-92.91,0.135,-56.663,101.341,0.027,-0.503,-0.301,0.002,0.8,-0.073,-0.11,6.92,3.47,0.07,0.04,-0.02,-0.068,0.688,0.182,-0.004,-0.88,0.133,,
2026-01-27 19:57:51.481,place_on_machine,-123.053,771.706,1061.44,-179.797,0.18,0.161,11.575,-30.225,-92.93,0.135,-56.611,101.34,0.024,-0.459,-0.274,0.002,0.73,-0.056,-0.0,6.91,3.43,0.0,0.02,0.01,-0.064,0.67,0.194,-0.004,-0.874,0.134,,
2026-01-27 19:57:51.581,place_on_machine,-123.08,771.726,1060.886,-179.797,0.18,0.161,11.576,-30.255,-92.948,0.135,-56.564,101.341,0.022,-0.419,-0.251,0.002,0.665,-0.04,0.02,6.81,3.53,-0.0,0.08,0.07,-0.059,0.631,0.192,-0.003,-0.831,0.131,,
2026-01-27 19:57:51.686,place_on_machine,-123.103,771.743,1060.379,-179.798,0.18,0.161,11.578,-30.282,-92.964,0.135,-56.521,101.342,0.02,-0.383,-0.229,0.001,0.607,-0.026,-0.07,6.88,3.39,-0.09,0.09,0.02,-0.055,0.594,0.188,-0.003,-0.789,0.128,,
2026-01-27 19:57:51.788,place_on_machine,-123.126,771.759,1059.891,-179.799,0.179,0.16,11.579,-30.308,-92.98,0.135,-56.479,101.345,0.019,-0.353,-0.211,0.001,0.559,-0.013,0.09,6.92,3.4,-0.09,0.06,-0.06,-0.05,0.544,0.175,-0.003,-0.727,0.125,,
2026-01-27 19:57:51.892,place_on_machine,-123.146,771.773,1059.469,-179.799,0.179,0.158,11.58,-30.331,-92.993,0.135,-56.443,101.348,0.017,-0.322,-0.192,0.001,0.509,-0.002,-0.09,6.85,3.4,0.01,0.05,0.02,-0.047,0.526,0.179,-0.003,-0.711,0.118,,
2026-01-27 19:57:51.997,place_on_machine,-123.165,771.786,1059.063,-179.8,0.179,0.155,11.581,-30.353,-93.006,0.135,-56.409,101.352,0.016,-0.296,-0.177,0.001,0.468,0.008,0.02,6.91,3.58,0.01,0.03,0.03,-0.042,0.482,0.166,-0.003,-0.653,0.114,,
2026-01-27 19:57:52.099,place_on_machine,-123.18,771.796,1058.73,-179.8,0.179,0.152,11.582,-30.371,-93.017,0.135,-56.38,101.356,0.014,-0.267,-0.16,0.001,0.422,0.016,0.01,6.86,3.45,-0.01,0.06,0.03,-0.04,0.473,0.173,-0.003,-0.651,0.103,,
2026-01-27 19:57:52.200,place_on_machine,-123.195,771.806,1058.408,-179.801,0.179,0.148,11.583,-30.389,-93.028,0.135,-56.353,101.361,0.013,-0.244,-0.146,0.001,0.385,0.024,-0.03,6.82,3.49,-0.03,0.02,0.06,-0.037,0.431,0.159,-0.002,-0.594,0.099,,
2026-01-27 19:57:52.303,place_on_machine,-123.208,771.815,1058.112,-179.801,0.179,0.144,11.584,-30.405,-93.037,0.135,-56.328,101.365,0.012,-0.223,-0.133,0.0,0.351,0.03,0.05,6.88,3.33,-0.01,-0.02,0.05,-0.034,0.403,0.152,-0.002,-0.559,0.092,,
2026-01-27 19:57:52.408,place_on_machine,-123.221,771.823,1057.828,-179.802,0.179,0.14,11.585,-30.42,-93.046,0.135,-56.304,101.371,0.011,-0.206,-0.123,0.0,0.323,0.036,0.03,6.95,3.46,-0.06,0.0,0.08,-0.031,0.369,0.14,-0.002,-0.512,0.087,,
2026-01-27 19:57:52.509,place_on_machine,-123.232,771.83,1057.596,-179.802,0.179,0.135,11.586,-30.433,-93.054,0.135,-56.284,101.376,0.01,-0.186,-0.111,0.0,0.292,0.039,0.05,6.84,3.45,0.01,-0.02,0.03,-0.029,0.36,0.143,-0.002,-0.505,0.074,,
2026-01-27 19:57:52.614,place_on_machine,-123.243,771.837,1057.358,-179.803,0.179,0.13,11.586,-30.445,-93.061,0.135,-56.264,101.381,0.009,-0.172,-0.102,0.0,0.269,0.043,-0.01,6.93,3.45,0.05,-0.01,-0.0,-0.026,0.321,0.127,-0.002,-0.45,0.073,,
2026-01-27 19:57:52.717,place_on_machine,-123.252,771.842,1057.152,-179.803,0.178,0.126,11.587,-30.457,-93.068,0.135,-56.247,101.386,0.008,-0.156,-0.093,0.0,0.245,0.045,0.08,6.87,3.48,-0.06,-0.07,0.05,-0.024,0.306,0.125,-0.002,-0.433,0.062,,
2026-01-27 19:57:52.820,place_on_machine,-123.261,771.847,1056.964,-179.804,0.178,0.121,11.587,-30.467,-93.074,0.135,-56.231,101.391,0.008,-0.143,-0.085,0.0,0.223,0.046,-0.01,6.83,3.39,-0.03,0.12,0.07,-0.022,0.285,0.118,-0.001,-0.404,0.055,,
2026-01-27 19:57:52.921,place_on_machine,-123.268,771.852,1056.801,-179.804,0.178,0.117,11.588,-30.476,-93.079,0.135,-56.218,101.396,0.007,-0.129,-0.077,0.0,0.202,0.047,-0.06,6.94,3.43,0.03,-0.0,0.06,-0.021,0.27,0.114,-0.001,-0.385,0.046,,
2026-01-27 19:57:53.026,place_on_machine,-123.275,771.856,1056.643,-179.804,0.178,0.113,11.588,-30.484,-93.085,0.135,-56.204,101.401,0.006,-0.118,-0.071,-0.0,0.184,0.047,-0.0,6.93,3.45,0.01,0.02,0.02,-0.019,0.246,0.104,-0.001,-0.351,0.043,,
2026-01-27 19:57:53.127,place_on_machine,-123.282,771.86,1056.499,-179.805,0.178,0.108,11.589,-30.492,-93.089,0.135,-56.192,101.405,0.006,-0.108,-0.065,-0.0,0.169,0.047,0.05,6.81,3.43,-0.06,-0.01,0.05,-0.017,0.228,0.098,-0.001,-0.327,0.036,,
2026-01-27 19:57:53.230,place_on_machine,-123.288,771.863,1056.359,-179.805,0.178,0.104,11.589,-30.499,-93.094,0.135,-56.18,101.41,0.005,-0.1,-0.06,-0.0,0.156,0.047,0.06,6.94,3.4,-0.01,0.0,-0.0,-0.016,0.209,0.09,-0.001,-0.299,0.033,,
2026-01-27 19:57:53.333,place_on_machine,-123.293,771.866,1056.239,-179.806,0.178,0.1,11.589,-30.506,-93.098,0.135,-56.17,101.414,0.005,-0.091,-0.054,-0.0,0.142,0.046,-0.01,6.82,3.38,-0.07,0.06,-0.02,-0.015,0.198,0.087,-0.001,-0.285,0.025,,
2026-01-27 19:57:53.434,place_on_machine,-123.298,771.869,1056.129,-179.806,0.178,0.097,11.59,-30.512,-93.101,0.135,-56.161,101.418,0.004,-0.083,-0.05,-0.0,0.129,0.044,0.09,6.81,3.34,-0.05,0.08,-0.01,-0.014,0.184,0.082,-0.001,-0.265,0.02,,
2026-01-27 19:57:53.743,place_on_machine,-123.311,771.876,1055.847,-179.807,0.178,0.087,11.591,-30.527,-93.11,0.135,-56.138,101.428,0.003,-0.064,-0.038,-0.0,0.099,0.038,-0.05,6.93,3.4,0.07,-0.05,0.02,-0.011,0.147,0.068,-0.001,-0.214,0.007,,
2026-01-27 19:57:54.053,place_on_machine,-123.32,771.881,1055.64,-179.807,0.177,0.08,11.591,-30.538,-93.117,0.135,-56.121,101.436,0.003,-0.048,-0.029,-0.0,0.074,0.03,-0.07,7.03,3.46,0.08,-0.08,-0.0,-0.008,0.116,0.055,-0.0,-0.17,-0.002,,
2026-01-27 19:57:54.359,place_on_machine,-123.327,771.885,1055.475,-179.808,0.177,0.075,11.592,-30.547,-93.122,0.135,-56.107,101.441,0.002,-0.037,-0.022,-0.0,0.057,0.023,0.01,6.92,3.42,0.0,-0.11,-0.08,-0.006,0.092,0.044,-0.0,-0.136,-0.008,,
2026-01-27 19:57:54.661,place_on_machine,-123.333,771.888,1055.349,-179.809,0.177,0.072,11.592,-30.554,-93.126,0.135,-56.097,101.445,0.002,-0.029,-0.017,-0.0,0.044,0.016,0.08,6.92,3.4,0.04,-0.0,0.05,-0.005,0.073,0.036,-0.0,-0.108,-0.012,,
2026-01-27 19:57:54.965,place_on_machine,-123.337,771.89,1055.254,-179.809,0.177,0.071,11.592,-30.559,-93.129,0.135,-56.089,101.446,0.001,-0.022,-0.013,-0.0,0.033,0.01,0.01,6.87,3.36,0.04,0.02,-0.09,-0.004,0.057,0.028,-0.0,-0.084,-0.013,,
2026-01-27 19:57:55.274,place_on_machine,-123.34,771.891,1055.177,-179.809,0.177,0.071,11.593,-30.564,-93.132,0.135,-56.082,101.447,0.001,-0.017,-0.01,0.0,0.026,0.005,0.02,6.88,3.38,0.03,0.01,0.01,-0.003,0.046,0.023,-0.0,-0.068,-0.013,,
2026-01-27 19:57:55.584,place_on_machine,-123.343,771.892,1055.122,-179.81,0.177,0.071,11.593,-30.567,-93.134,0.135,-56.078,101.446,0.001,-0.013,-0.008,0.0,0.019,0.001,0.0,6.96,3.4,0.04,-0.01,0.03,-0.002,0.036,0.018,-0.0,-0.054,-0.012,,
2026-01-27 19:57:55.888,place_on_machine,-123.345,771.893,1055.081,-179.81,0.177,0.073,11.593,-30.569,-93.135,0.135,-56.075,101.445,0.001,-0.01,-0.006,0.0,0.014,-0.002,-0.05,6.8,3.39,-0.02,-0.11,-0.04,-0.002,0.028,0.015,-0.0,-0.042,-0.01,,
2026-01-27 19:57:56.197,place_on_machine,-123.346,771.894,1055.049,-179.81,0.177,0.074,11.593,-30.57,-93.136,0.135,-56.072,101.444,0.0,-0.007,-0.004,0.0,0.011,-0.004,-0.08,6.92,3.39,0.01,0.04,0.02,-0.001,0.022,0.011,0.0,-0.032,-0.008,,
2026-01-27 19:57:56.298,place_to_retreat_machine,-123.39,771.056,1055.09,-179.83,0.173,0.09,11.608,-30.508,-93.235,0.135,-56.055,101.444,0.039,0.15,-0.251,0.0,0.051,-0.003,1.27,10.45,1.34,-0.0,-0.03,-0.01,0.153,0.646,-0.977,0.001,0.133,-0.004,,
2026-01-27 19:57:56.399,place_to_retreat_machine,-124.046,758.715,1055.715,-179.893,0.161,0.302,11.841,-29.558,-94.745,0.137,-55.56,101.462,0.612,2.488,-3.962,0.004,1.275,0.045,1.03,9.64,1.61,0.05,-0.12,-0.05,2.314,9.462,-14.984,0.016,4.897,0.187,,
2026-01-27 19:57:56.506,place_to_retreat_machine,-124.599,746.548,1056.204,-179.878,0.164,0.48,12.072,-28.618,-96.239,0.138,-54.99,101.512,1.034,4.215,-6.708,0.006,2.381,0.158,0.82,9.15,1.89,0.06,-0.03,0.01,2.053,8.412,-13.336,0.011,5.159,0.476,,
2026-01-27 19:57:56.609,place_to_retreat_machine,-124.979,735.943,1056.533,-179.865,0.167,0.607,12.271,-27.806,-97.531,0.139,-54.497,101.583,1.273,5.192,-8.261,0.007,3.02,0.296,0.7,8.6,2.07,-0.0,0.05,0.1,1.536,6.296,-9.976,0.005,3.88,0.644,,
2026-01-27 19:57:56.714,place_to_retreat_machine,-125.246,726.17,1056.758,-179.853,0.17,0.697,12.453,-27.063,-98.713,0.139,-54.046,101.674,1.41,5.752,-9.15,0.006,3.392,0.45,0.49,8.18,2.26,0.03,0.08,0.05,1.213,4.974,-7.876,0.002,3.065,0.777,,
2026-01-27 19:57:56.815,place_to_retreat_machine,-125.407,718.134,1056.887,-179.844,0.172,0.75,12.601,-26.456,-99.678,0.14,-53.678,101.769,1.429,5.832,-9.276,0.005,3.464,0.574,0.45,7.8,2.33,-0.02,0.06,0.09,0.759,3.117,-4.926,-0.001,1.928,0.737,,
2026-01-27 19:57:56.917,place_to_retreat_machine,-125.518,709.778,1056.968,-179.835,0.173,0.783,12.755,-25.828,-100.677,0.14,-53.298,101.888,1.456,5.943,-9.453,0.004,3.548,0.729,0.26,7.52,2.51,-0.05,0.14,0.19,0.734,3.013,-4.764,-0.003,1.856,0.91,,
2026-01-27 19:57:57.018,place_to_retreat_machine,-125.57,702.504,1056.996,-179.828,0.175,0.793,12.888,-25.284,-101.541,0.14,-52.97,102.011,1.425,5.817,-9.252,0.003,3.482,0.853,0.18,7.25,2.61,-0.08,0.05,0.15,0.454,1.87,-2.949,-0.004,1.157,0.851,,
2026-01-27 19:57:57.121,place_to_retreat_machine,-125.579,695.408,1056.984,-179.821,0.176,0.785,13.018,-24.756,-102.381,0.139,-52.651,102.149,1.392,5.682,-9.037,0.001,3.408,0.984,0.09,7.05,2.68,0.03,0.16,0.14,0.37,1.525,-2.403,-0.006,0.942,0.917,,
2026-01-27 19:57:57.223,place_to_retreat_machine,-125.553,688.891,1056.941,-179.816,0.177,0.759,13.136,-24.274,-103.149,0.139,-52.36,102.292,1.34,5.469,-8.698,0.0,3.284,1.097,0.08,6.84,2.7,-0.03,0.1,0.14,0.223,0.922,-1.446,-0.007,0.572,0.882,,
2026-01-27 19:57:57.325,place_to_retreat_machine,-125.5,682.906,1056.873,-179.811,0.178,0.72,13.244,-23.832,-103.851,0.138,-52.094,102.439,1.276,5.206,-8.279,-0.001,3.127,1.19,0.09,6.74,2.86,0.04,0.13,0.1,0.1,0.418,-0.647,-0.007,0.262,0.829,,
2026-01-27 19:57:57.426,place_to_retreat_machine,-125.427,677.414,1056.788,-179.807,0.178,0.671,13.343,-23.428,-104.494,0.138,-51.851,102.587,1.204,4.914,-7.816,-0.003,2.953,1.263,0.12,6.61,2.86,0.05,0.07,0.19,-0.002,-0.001,0.017,-0.007,0.006,0.761,,
2026-01-27 19:57:57.529,place_to_retreat_machine,-125.339,672.374,1056.691,-179.804,0.179,0.613,13.434,-23.058,-105.081,0.137,-51.629,102.736,1.13,4.61,-7.331,-0.004,2.769,1.318,0.1,6.48,2.95,0.05,0.22,0.22,-0.087,-0.345,0.564,-0.007,-0.205,0.682,,
2026-01-27 19:57:57.633,place_to_retreat_machine,-125.242,667.752,1056.586,-179.801,0.179,0.55,13.517,-22.72,-105.619,0.136,-51.427,102.882,1.054,4.302,-6.842,-0.005,2.583,1.354,0.07,6.31,2.86,0.03,0.11,0.21,-0.155,-0.626,1.009,-0.007,-0.376,0.595,,
2026-01-27 19:57:57.740,place_to_retreat_machine,-125.133,663.288,1056.47,-179.798,0.179,0.479,13.596,-22.395,-106.136,0.135,-51.232,103.033,0.99,4.041,-6.426,-0.006,2.425,1.393,0.03,6.25,2.99,0.06,0.03,0.2,-0.17,-0.688,1.106,-0.007,-0.416,0.582,,
2026-01-27 19:57:57.841,place_to_retreat_machine,-125.026,659.421,1056.358,-179.797,0.179,0.41,13.665,-22.113,-106.584,0.135,-51.064,103.171,0.915,3.734,-5.938,-0.006,2.239,1.391,0.04,6.24,3.07,-0.01,0.09,0.23,-0.261,-1.061,1.698,-0.006,-0.641,0.4,,
2026-01-27 19:57:57.946,place_to_retreat_machine,-124.906,655.502,1056.233,-179.795,0.179,0.332,13.735,-21.829,-107.036,0.134,-50.894,103.319,0.861,3.512,-5.585,-0.007,2.104,1.412,-0.01,6.19,2.96,0.01,0.11,0.13,-0.227,-0.923,1.477,-0.006,-0.56,0.451,,
2026-01-27 19:57:58.046,place_to_retreat_machine,-124.811,652.629,1056.135,-179.794,0.179,0.271,13.786,-21.62,-107.368,0.133,-50.77,103.431,0.773,3.155,-5.016,-0.007,1.888,1.341,0.06,6.11,3.01,-0.01,0.05,0.23,-0.392,-1.594,2.544,-0.004,-0.962,0.056,,
2026-01-27 19:57:58.150,place_to_retreat_machine,-124.705,649.653,1056.027,-179.793,0.179,0.204,13.839,-21.405,-107.71,0.132,-50.642,103.552,0.712,2.904,-4.618,-0.007,1.737,1.306,-0.02,5.96,3.05,-0.03,0.07,0.19,-0.335,-1.363,2.176,-0.004,-0.825,0.128,,
2026-01-27 19:57:58.251,place_to_retreat_machine,-124.603,646.926,1055.923,-179.793,0.179,0.139,13.887,-21.208,-108.023,0.132,-50.525,103.665,0.655,2.671,-4.247,-0.007,1.595,1.263,0.02,5.84,3.07,0.04,0.08,0.2,-0.347,-1.411,2.251,-0.003,-0.853,0.043,,
2026-01-27 19:57:58.355,place_to_retreat_machine,-124.494,644.165,1055.812,-179.792,0.179,0.071,13.936,-21.009,-108.34,0.131,-50.406,103.782,0.613,2.501,-3.977,-0.007,1.492,1.239,0.03,5.84,3.0,-0.07,0.05,0.13,-0.306,-1.247,1.99,-0.003,-0.756,0.076,,
2026-01-27 19:57:58.457,place_to_retreat_machine,-124.401,641.9,1055.717,-179.792,0.179,0.015,13.976,-20.846,-108.6,0.13,-50.31,103.879,0.56,2.284,-3.632,-0.007,1.361,1.172,0.04,5.77,2.97,0.09,0.06,0.14,-0.364,-1.483,2.364,-0.002,-0.896,-0.13,,
2026-01-27 19:57:58.561,place_to_retreat_machine,-124.307,639.716,1055.622,-179.792,0.179,-0.04,14.015,-20.689,-108.849,0.129,-50.217,103.973,0.516,2.106,-3.348,-0.007,1.253,1.113,0.08,5.72,2.97,-0.02,0.06,0.23,-0.342,-1.395,2.223,-0.001,-0.843,-0.149,,
2026-01-27 19:57:58.662,place_to_retreat_machine,-124.227,637.927,1055.542,-179.792,0.179,-0.085,14.046,-20.56,-109.054,0.129,-50.14,104.049,0.466,1.901,-3.023,-0.006,1.13,1.026,0.01,5.66,3.09,-0.02,0.09,0.17,-0.378,-1.541,2.455,-0.0,-0.929,-0.307,,
2026-01-27 19:57:58.764,place_to_retreat_machine,-124.144,636.096,1055.458,-179.792,0.178,-0.13,14.078,-20.428,-109.263,0.128,-50.063,104.126,0.43,1.754,-2.79,-0.006,1.041,0.963,0.06,5.56,2.99,0.11,0.06,0.11,-0.333,-1.358,2.164,-0.0,-0.82,-0.268,,
2026-01-27 19:57:58.867,place_to_retreat_machine,-124.069,634.512,1055.383,-179.792,0.178,-0.168,14.106,-20.315,-109.444,0.128,-49.996,104.192,0.392,1.6,-2.544,-0.006,0.949,0.886,0.02,5.62,3.11,-0.03,0.08,0.13,-0.344,-1.401,2.231,0.001,-0.844,-0.36,,
2026-01-27 19:57:58.970,place_to_retreat_machine,-123.996,632.985,1055.309,-179.792,0.178,-0.202,14.133,-20.205,-109.618,0.128,-49.931,104.253,0.361,1.474,-2.343,-0.005,0.873,0.817,0.04,5.66,3.12,-0.07,0.1,0.11,-0.32,-1.302,2.074,0.001,-0.786,-0.368,,
2026-01-27 19:57:59.071,place_to_retreat_machine,-123.934,631.734,1055.248,-179.792,0.178,-0.227,14.155,-20.116,-109.76,0.127,-49.879,104.301,0.326,1.329,-2.114,-0.005,0.786,0.733,-0.09,5.62,3.13,-0.02,0.0,0.08,-0.336,-1.371,2.183,0.002,-0.825,-0.463,,
2026-01-27 19:57:59.173,place_to_retreat_machine,-123.874,630.519,1055.187,-179.793,0.178,-0.25,14.176,-20.029,-109.899,0.127,-49.828,104.345,0.298,1.214,-1.931,-0.004,0.717,0.66,-0.04,5.57,3.08,0.06,-0.03,0.08,-0.309,-1.26,2.006,0.002,-0.758,-0.454,,
2026-01-27 19:57:59.275,place_to_retreat_machine,-123.817,629.407,1055.13,-179.793,0.177,-0.268,14.196,-19.949,-110.025,0.127,-49.781,104.383,0.272,1.11,-1.764,-0.004,0.654,0.589,-0.02,5.64,3.08,0.0,-0.04,0.09,-0.296,-1.208,1.924,0.002,-0.727,-0.473,,
2026-01-27 19:57:59.383,place_to_retreat_machine,-123.793,628.943,1055.106,-179.793,0.177,-0.275,14.204,-19.916,-110.078,0.127,-49.762,104.397,0.224,0.915,-1.455,-0.003,0.539,0.479,0.01,5.52,3.09,-0.02,0.1,0.05,-0.381,-1.551,2.469,0.003,-0.926,-0.655,,
2026-01-27 19:57:59.492,place_to_retreat_machine,-123.773,628.552,1055.086,-179.793,0.177,-0.28,14.211,-19.888,-110.122,0.127,-49.745,104.409,0.185,0.756,-1.202,-0.002,0.445,0.389,0.03,5.61,3.06,-0.04,0.0,0.12,-0.355,-1.448,2.305,0.003,-0.864,-0.618,,
2026-01-27 19:57:59.593,place_to_retreat_machine,-123.732,627.759,1055.045,-179.794,0.177,-0.289,14.225,-19.831,-110.212,0.127,-49.712,104.432,0.174,0.709,-1.127,-0.002,0.417,0.349,-0.02,5.53,3.14,0.01,0.07,0.06,-0.249,-1.016,1.617,0.002,-0.61,-0.448,waypoint,
2026-01-27 19:57:59.698,place_to_retreat_machine,-130.123,607.474,1080.271,-179.506,0.258,0.65,15.256,-16.784,-111.298,0.13,-51.375,104.527,2.709,8.15,-3.56,0.007,-3.844,0.499,-0.09,5.3,2.79,0.1,-0.13,0.2,9.953,28.991,-8.5,0.037,-17.509,0.317,,
2026-01-27 19:57:59.800,place_to_retreat_machine,-136.413,580.852,1109.446,-179.554,0.252,1.637,16.513,-13.084,-112.583,0.131,-53.838,104.799,5.173,15.363,-5.881,0.009,-9.041,1.055,-0.03,5.28,2.63,-0.03,-0.28,0.15,11.206,32.621,-9.639,0.014,-23.759,2.061,,
2026-01-27 19:57:59.903,place_to_retreat_machine,-140.247,559.215,1130.811,-179.599,0.245,2.265,17.491,-10.205,-113.582,0.131,-55.762,105.154,6.324,18.72,-6.909,0.005,-11.59,1.676,-0.08,5.0,2.56,0.04,-0.45,0.24,7.298,21.149,-5.823,-0.009,-15.992,2.672,,
2026-01-27 19:58:00.008,place_to_retreat_machine,-143.164,536.632,1151.194,-179.642,0.238,2.756,18.48,-7.293,-114.593,0.128,-57.705,105.656,7.216,21.32,-7.709,-0.002,-13.551,2.513,-0.12,4.81,2.43,-0.03,-0.55,0.32,6.68,19.363,-5.355,-0.025,-14.588,3.885,,
2026-01-27 19:58:00.111,place_to_retreat_machine,-144.824,517.678,1166.949,-179.675,0.231,3.039,19.29,-4.907,-115.421,0.125,-59.295,106.188,7.437,21.953,-7.852,-0.01,-14.138,3.215,-0.06,4.69,2.57,-0.04,-0.55,0.45,4.224,12.159,-2.992,-0.031,-9.593,3.798,,
2026-01-27 19:58:00.214,place_to_retreat_machine,-145.799,499.087,1181.308,-179.705,0.224,3.197,20.07,-2.61,-116.219,0.121,-60.824,106.815,7.528,22.209,-7.883,-0.018,-14.426,3.979,-0.02,4.47,2.63,0.04,-0.54,0.49,3.504,10.065,-2.388,-0.038,-8.029,4.369,,
2026-01-27 19:58:00.315,place_to_retreat_machine,-146.152,481.921,1193.673,-179.731,0.217,3.233,20.78,-0.519,-116.945,0.116,-62.214,107.494,7.422,21.884,-7.728,-0.026,-14.295,4.682,0.02,4.42,2.71,0.0,-0.61,0.72,2.453,6.995,-1.434,-0.04,-5.835,4.447,,
2026-01-27 19:58:00.415,place_to_retreat_machine,-146.014,465.332,1204.856,-179.754,0.21,3.162,21.459,1.48,-117.639,0.11,-63.541,108.248,7.264,21.41,-7.531,-0.033,-14.039,5.397,0.0,4.17,2.85,0.01,-0.59,0.69,1.894,5.371,-0.97,-0.043,-4.619,4.756,,
2026-01-27 19:58:00.519,place_to_retreat_machine,-145.524,450.905,1213.999,-179.772,0.204,3.012,22.045,3.204,-118.237,0.105,-64.684,108.989,6.912,20.367,-7.145,-0.039,-13.386,5.898,0.09,4.01,2.89,0.04,-0.5,0.63,0.772,2.086,0.081,-0.038,-2.318,4.142,,
2026-01-27 19:58:00.622,place_to_retreat_machine,-144.735,437.034,1222.298,-179.788,0.197,2.785,22.605,4.851,-118.81,0.099,-65.775,109.78,6.583,19.394,-6.789,-0.044,-12.767,6.402,0.09,3.83,3.03,0.07,-0.52,0.87,0.436,1.115,0.337,-0.038,-1.566,4.237,,
2026-01-27 19:58:00.722,place_to_retreat_machine,-143.858,425.624,1228.775,-179.8,0.192,2.534,23.063,6.201,-119.278,0.094,-66.668,110.493,6.084,17.92,-6.263,-0.046,-11.807,6.584,0.01,3.73,3.11,-0.04,-0.61,0.87,-0.62,-1.977,1.338,-0.028,0.575,3.029,,
2026-01-27 19:58:00.826,place_to_retreat_machine,-142.875,415.158,1234.445,-179.81,0.187,2.251,23.483,7.435,-119.707,0.089,-67.483,111.198,5.612,16.526,-5.769,-0.047,-10.894,6.702,0.02,3.46,3.19,0.0,-0.52,0.92,-0.949,-2.93,1.604,-0.024,1.288,2.653,,
2026-01-27 19:58:00.929,place_to_retreat_machine,-141.767,405.059,1239.676,-179.818,0.182,1.928,23.887,8.625,-120.12,0.084,-68.268,111.928,5.219,15.367,-5.36,-0.048,-10.131,6.85,0.15,3.39,3.28,0.03,-0.54,0.82,-1.008,-3.092,1.601,-0.022,1.469,2.626,,
2026-01-27 19:58:01.032,place_to_retreat_machine,-140.56,395.395,1244.464,-179.825,0.178,1.574,24.273,9.761,-120.515,0.078,-69.016,112.671,4.88,14.367,-5.007,-0.049,-9.471,6.996,0.02,3.2,3.34,-0.0,-0.45,0.91,-1.086,-3.308,1.624,-0.02,1.679,2.505,,
2026-01-27 19:58:01.135,place_to_retreat_machine,-139.404,387.056,1248.427,-179.831,0.174,1.232,24.606,10.741,-120.855,0.074,-69.661,113.349,4.493,13.225,-4.606,-0.048,-8.716,6.941,0.11,3.17,3.45,-0.04,-0.36,0.89,-1.508,-4.54,2.004,-0.013,2.549,1.595,,
2026-01-27 19:58:01.238,place_to_retreat_machine,-138.142,378.707,1252.24,-179.835,0.17,0.857,24.94,11.723,-121.196,0.069,-70.306,114.06,4.203,12.372,-4.307,-0.048,-8.149,6.983,0.01,2.89,3.56,-0.0,-0.34,0.96,-1.353,-4.075,1.799,-0.013,2.295,1.768,,
2026-01-27 19:58:01.341,place_to_retreat_machine,-137.031,371.869,1255.248,-179.838,0.168,0.527,25.213,12.527,-121.476,0.065,-70.834,114.664,3.836,11.289,-3.928,-0.046,-7.431,6.749,0.09,2.98,3.51,0.02,-0.3,0.9,-1.82,-5.44,2.235,-0.004,3.237,0.532,,
2026-01-27 19:58:01.446,place_to_retreat_machine,-135.849,365.028,1258.156,-179.841,0.165,0.18,25.486,13.332,-121.755,0.061,-71.362,115.288,3.561,10.48,-3.646,-0.045,-6.893,6.62,0.15,2.83,3.52,-0.06,-0.34,0.81,-1.635,-4.887,2.008,-0.004,2.914,0.661,,
2026-01-27 19:58:01.551,place_to_retreat_machine,-134.829,359.427,1260.461,-179.842,0.163,-0.116,25.711,13.991,-121.984,0.058,-71.794,115.808,3.231,9.509,-3.307,-0.042,-6.249,6.267,0.09,2.67,3.58,-0.09,-0.24,0.89,-1.966,-5.852,2.313,0.004,3.582,-0.428,,
2026-01-27 19:58:01.656,place_to_retreat_machine,-133.763,353.826,1262.698,-179.843,0.161,-0.417,25.935,14.651,-122.214,0.054,-72.225,116.335,2.985,8.782,-3.054,-0.04,-5.766,6.017,0.15,2.64,3.65,-0.04,-0.29,0.81,-1.766,-5.26,2.079,0.003,3.224,-0.325,,
2026-01-27 19:58:01.761,place_to_retreat_machine,-132.855,349.241,1264.479,-179.843,0.16,-0.664,26.119,15.193,-122.402,0.052,-72.579,116.768,2.698,7.939,-2.76,-0.037,-5.208,5.594,0.0,2.54,3.7,0.02,-0.23,0.76,-1.995,-5.926,2.285,0.009,3.686,-1.239,,
2026-01-27 19:58:01.865,place_to_retreat_machine,-131.916,344.656,1266.214,-179.843,0.159,-0.908,26.303,15.734,-122.59,0.049,-72.932,117.196,2.484,7.309,-2.541,-0.034,-4.789,5.268,0.06,2.41,3.69,-0.13,-0.28,0.73,-1.794,-5.328,2.054,0.009,3.318,-1.148,,
2026-01-27 19:58:01.970,place_to_retreat_machine,-131.124,340.903,1267.601,-179.843,0.159,-1.101,26.454,16.178,-122.744,0.047,-73.221,117.541,2.24,6.591,-2.291,-0.031,-4.314,4.812,0.08,2.33,3.74,0.0,-0.18,0.67,-1.947,-5.773,2.189,0.013,3.628,-1.875,,
2026-01-27 19:58:02.075,place_to_retreat_machine,-130.349,337.321,1268.897,-179.842,0.158,-1.275,26.598,16.602,-122.892,0.045,-73.497,117.861,2.04,6.004,-2.087,-0.028,-3.926,4.408,0.14,2.33,3.74,0.0,-0.26,0.53,-1.819,-5.392,2.038,0.014,3.396,-1.938,,
2026-01-27 19:58:02.180,place_to_retreat_machine,-129.631,334.08,1270.046,-179.841,0.158,-1.421,26.729,16.986,-123.025,0.043,-73.747,118.138,1.857,5.463,-1.899,-0.025,-3.568,3.999,0.1,2.27,3.78,-0.02,-0.09,0.49,-1.773,-5.253,1.973,0.015,3.32,-2.17,,
2026-01-27 19:58:02.281,place_to_retreat_machine,-128.968,331.148,1271.065,-179.84,0.158,-1.539,26.847,17.334,-123.146,0.042,-73.972,118.374,1.688,4.967,-1.726,-0.023,-3.241,3.591,0.06,2.14,3.77,0.04,-0.16,0.44,-1.719,-5.09,1.902,0.016,3.226,-2.359,,
2026-01-27 19:58:02.382,place_to_retreat_machine,-128.358,328.495,1271.972,-179.839,0.159,-1.63,26.954,17.649,-123.256,0.04,-74.177,118.573,1.534,4.513,-1.569,-0.02,-2.941,3.189,0.04,2.19,3.81,0.0,-0.14,0.41,-1.659,-4.909,1.826,0.016,3.119,-2.505,,
2026-01-27 19:58:02.483,place_to_retreat_machine,-127.824,326.209,1272.742,-179.838,0.159,-1.692,27.046,17.921,-123.35,0.039,-74.352,118.728,1.381,4.065,-1.413,-0.017,-2.646,2.78,0.05,2.1,3.87,0.07,-0.15,0.44,-1.64,-4.851,1.794,0.017,3.09,-2.684,,
2026-01-27 19:58:02.586,place_to_retreat_machine,-127.281,323.922,1273.5,-179.836,0.159,-1.736,27.139,18.193,-123.445,0.038,-74.528,118.865,1.267,3.729,-1.296,-0.015,-2.424,2.427,-0.03,2.03,3.84,-0.0,-0.09,0.32,-1.475,-4.363,1.613,0.017,2.782,-2.6,,
2026-01-27 19:58:02.691,place_to_retreat_machine,-126.809,321.957,1274.143,-179.835,0.16,-1.756,27.218,18.428,-123.526,0.038,-74.679,118.964,1.149,3.382,-1.175,-0.013,-2.196,2.069,0.08,2.05,3.85,0.01,-0.1,0.34,-1.457,-4.307,1.584,0.017,2.751,-2.716,,
2026-01-27 19:58:02.793,place_to_retreat_machine,-126.377,320.178,1274.718,-179.833,0.161,-1.755,27.29,18.64,-123.6,0.037,-74.816,119.036,1.042,3.067,-1.066,-0.011,-1.989,1.731,-0.01,1.93,3.85,0.07,-0.08,0.28,-1.387,-4.097,1.502,0.017,2.62,-2.72,,
2026-01-27 19:58:02.894,place_to_retreat_machine,-126.001,318.645,1275.208,-179.832,0.161,-1.738,27.352,18.823,-123.663,0.037,-74.934,119.081,0.936,2.757,-0.958,-0.009,-1.786,1.411,0.12,2.03,3.91,-0.01,-0.09,0.18,-1.347,-3.979,1.453,0.017,2.548,-2.714,,
2026-01-27 19:58:02.998,place_to_retreat_machine,-125.639,317.181,1275.671,-179.83,0.162,-1.705,27.412,18.997,-123.724,0.037,-75.046,119.107,0.851,2.505,-0.871,-0.008,-1.621,1.123,0.05,1.81,3.86,0.08,-0.12,0.17,-1.24,-3.662,1.336,0.016,2.346,-2.635,,
2026-01-27 19:58:03.102,place_to_retreat_machine,-125.308,315.856,1276.086,-179.829,0.162,-1.657,27.465,19.156,-123.779,0.036,-75.148,119.113,0.772,2.274,-0.791,-0.006,-1.47,0.858,0.07,1.8,3.93,0.03,-0.06,0.11,-1.172,-3.461,1.26,0.015,2.219,-2.568,,
2026-01-27 19:58:03.205,place_to_retreat_machine,-125.007,314.657,1276.459,-179.827,0.163,-1.598,27.514,19.299,-123.829,0.036,-75.24,119.103,0.701,2.064,-0.718,-0.005,-1.332,0.617,0.05,1.91,3.93,0.1,-0.04,0.12,-1.106,-3.264,1.186,0.015,2.094,-2.481,,
2026-01-27 19:58:03.306,place_to_retreat_machine,-124.732,313.572,1276.794,-179.826,0.164,-1.528,27.558,19.429,-123.874,0.036,-75.323,119.077,0.636,1.873,-0.651,-0.004,-1.207,0.399,0.05,1.75,3.98,0.04,-0.13,0.11,-1.041,-3.073,1.114,0.014,1.973,-2.379,,
2026-01-27 19:58:03.411,wait_for_machining,-124.482,312.589,1277.094,-179.825,0.164,-1.451,27.598,19.547,-123.915,0.036,-75.399,119.04,0.576,1.699,-0.59,-0.003,-1.094,0.205,-0.08,1.89,3.96,0.03,0.02,-0.0,-0.979,-2.888,1.045,0.013,1.855,-2.265,,
2026-01-27 19:58:03.512,wait_for_machining,-124.277,311.785,1277.339,-179.823,0.165,-1.375,27.631,19.643,-123.948,0.036,-75.46,118.997,0.514,1.515,-0.527,-0.002,-0.974,0.047,0.03,1.77,3.94,0.04,0.01,-0.05,-0.953,-2.812,1.015,0.012,1.806,-2.088,,
2026-01-27 19:58:03.615,wait_for_machining,-124.078,311.01,1277.573,-179.822,0.166,-1.291,27.662,19.736,-123.981,0.037,-75.519,118.944,0.464,1.368,-0.476,-0.001,-0.879,-0.096,-0.06,1.67,3.89,0.01,-0.02,0.01,-0.87,-2.566,0.926,0.012,1.649,-1.976,,
2026-01-27 19:58:03.718,wait_for_machining,-123.887,310.271,1277.796,-179.821,0.166,-1.2,27.692,19.824,-124.011,0.037,-75.576,118.883,0.423,1.248,-0.434,-0.0,-0.8,-0.226,-0.02,1.81,4.03,-0.06,-0.01,-0.07,-0.797,-2.351,0.847,0.011,1.511,-1.87,,
2026-01-27 19:58:03.818,wait_for_machining,-123.722,309.633,1277.987,-179.82,0.167,-1.111,27.718,19.901,-124.038,0.037,-75.625,118.82,0.382,1.127,-0.392,0.0,-0.722,-0.327,0.06,1.68,4.05,0.03,0.03,-0.03,-0.759,-2.237,0.805,0.01,1.438,-1.698,,
2026-01-27 19:58:03.920,wait_for_machining,-123.564,309.024,1278.169,-179.819,0.167,-1.017,27.743,19.974,-124.063,0.037,-75.671,118.75,0.348,1.028,-0.357,0.001,-0.658,-0.419,0.08,1.84,3.96,-0.02,0.01,-0.01,-0.694,-2.048,0.736,0.009,1.316,-1.595,,
2026-01-27 19:58:04.022,wait_for_machining,-123.434,308.525,1278.317,-179.818,0.168,-0.932,27.763,20.034,-124.084,0.037,-75.709,118.686,0.312,0.921,-0.32,0.001,-0.588,-0.476,0.02,1.78,4.03,0.1,0.01,-0.07,-0.67,-1.975,0.709,0.008,1.269,-1.384,,
2026-01-27 19:58:04.124,wait_for_machining,-123.302,308.02,1278.466,-179.817,0.168,-0.839,27.783,20.094,-124.105,0.038,-75.748,118.613,0.285,0.842,-0.293,0.001,-0.537,-0.538,-0.0,1.72,3.91,-0.01,-0.06,0.05,-0.6,-1.771,0.635,0.008,1.139,-1.326,,
2026-01-27 19:58:04.228,wait_for_machining,-123.183,307.564,1278.601,-179.816,0.169,-0.748,27.802,20.149,-124.124,0.038,-75.782,118.541,0.26,0.769,-0.267,0.002,-0.49,-0.585,-0.03,1.82,3.94,0.03,-0.03,-0.09,-0.56,-1.651,0.592,0.007,1.061,-1.192,,
2026-01-27 19:58:04.333,wait_for_machining,-123.069,307.131,1278.728,-179.815,0.169,-0.655,27.82,20.201,-124.143,0.038,-75.815,118.466,0.239,0.707,-0.246,0.002,-0.45,-0.626,-0.02,1.75,3.92,0.07,-0.07,-0.09,-0.513,-1.514,0.542,0.006,0.974,-1.098,,
2026-01-27 19:58:04.438,wait_for_machining,-122.966,306.74,1278.842,-179.814,0.17,-0.567,27.835,20.248,-124.159,0.038,-75.845,118.393,0.219,0.647,-0.225,0.002,-0.411,-0.652,-0.04,1.73,4.09,0.01,0.02,-0.11,-0.479,-1.414,0.506,0.006,0.909,-0.967,,
2026-01-27 19:58:04.541,wait_for_machining,-122.878,306.405,1278.941,-179.813,0.17,-0.486,27.849,20.289,-124.173,0.039,-75.87,118.326,0.198,0.586,-0.204,0.002,-0.372,-0.656,-0.02,1.69,3.92,0.04,0.04,-0.05,-0.454,-1.338,0.478,0.005,0.86,-0.809,,
2026-01-27 19:58:04.645,wait_for_machining,-122.798,306.101,1279.029,-179.812,0.17,-0.41,27.861,20.325,-124.186,0.039,-75.893,118.262,0.18,0.531,-0.185,0.002,-0.337,-0.651,0.09,1.71,3.94,-0.05,-0.04,-0.08,-0.421,-1.242,0.443,0.004,0.798,-0.697,,
2026-01-27 19:58:04.746,wait_for_machining,-122.729,305.839,1279.105,-179.811,0.171,-0.342,27.872,20.357,-124.197,0.039,-75.913,118.205,0.161,0.477,-0.166,0.002,-0.302,-0.631,0.05,1.67,4.03,-0.01,0.05,-0.04,-0.396,-1.168,0.417,0.004,0.75,-0.563,,
2026-01-27 19:58:04.848,wait_for_machining,-122.666,305.601,1279.175,-179.811,0.171,-0.279,27.882,20.385,-124.207,0.039,-75.931,118.151,0.145,0.43,-0.149,0.002,-0.272,-0.608,-0.04,1.67,3.96,-0.03,0.0,-0.08,-0.366,-1.08,0.385,0.003,0.693,-0.472,,
2026-01-27 19:58:04.949,wait_for_machining,-122.611,305.395,1279.235,-179.81,0.171,-0.223,27.89,20.41,-124.215,0.039,-75.947,118.104,0.13,0.384,-0.134,0.002,-0.243,-0.575,-0.03,1.54,4.07,0.03,-0.05,-0.12,-0.343,-1.011,0.36,0.003,0.649,-0.363,,
2026-01-27 19:58:05.049,wait_for_machining,-122.561,305.206,1279.289,-179.81,0.172,-0.171,27.898,20.433,-124.223,0.04,-75.961,118.06,0.116,0.345,-0.12,0.002,-0.218,-0.541,-0.04,1.64,4.05,0.03,0.01,-0.16,-0.315,-0.931,0.331,0.002,0.597,-0.293,,
2026-01-27 19:58:05.150,wait_for_machining,-122.511,305.016,1279.344,-179.809,0.172,-0.119,27.905,20.456,-124.231,0.04,-75.976,118.015,0.107,0.316,-0.11,0.002,-0.199,-0.518,-0.03,1.61,4.0,-0.02,-0.02,-0.2,-0.283,-0.835,0.297,0.002,0.536,-0.272,,
2026-01-27 19:58:05.251,wait_for_machining,-122.467,304.852,1279.392,-179.809,0.172,-0.073,27.912,20.476,-124.238,0.04,-75.988,117.976,0.097,0.286,-0.1,0.002,-0.18,-0.486,0.02,1.74,3.99,-0.02,0.04,-0.07,-0.265,-0.783,0.278,0.002,0.502,-0.183,,
2026-01-27 19:58:05.354,wait_for_machining,-122.424,304.687,1279.439,-179.808,0.172,-0.028,27.919,20.495,-124.245,0.04,-76.0,117.938,0.089,0.264,-0.092,0.002,-0.166,-0.46,0.01,1.62,4.0,-0.05,-0.05,-0.03,-0.239,-0.705,0.251,0.001,0.452,-0.16,,
2026-01-27 19:58:05.457,wait_for_machining,-122.388,304.552,1279.478,-179.808,0.172,0.008,27.924,20.512,-124.25,0.04,-76.01,117.907,0.081,0.239,-0.083,0.002,-0.15,-0.422,0.03,1.67,4.05,-0.02,0.02,-0.1,-0.227,-0.67,0.238,0.001,0.429,-0.068,,
2026-01-27 19:58:05.562,wait_for_machining,-122.352,304.418,1279.517,-179.807,0.173,0.043,27.93,20.528,-124.256,0.04,-76.021,117.877,0.074,0.22,-0.076,0.001,-0.138,-0.391,-0.02,1.63,3.93,0.01,-0.04,-0.06,-0.204,-0.603,0.214,0.001,0.387,-0.052,,
2026-01-27 19:58:05.663,wait_for_machining,-122.323,304.307,1279.549,-179.807,0.173,0.071,27.934,20.541,-124.261,0.04,-76.029,117.854,0.067,0.198,-0.069,0.001,-0.124,-0.352,-0.06,1.59,3.97,0.06,-0.03,-0.09,-0.194,-0.572,0.203,0.001,0.366,0.019,,
2026-01-27 19:58:05.767,wait_for_machining,-122.293,304.197,1279.581,-179.806,0.173,0.097,27.939,20.555,-124.265,0.04,-76.037,117.832,0.061,0.182,-0.063,0.001,-0.114,-0.318,0.02,1.7,3.99,0.02,0.07,-0.01,-0.174,-0.514,0.183,0.0,0.33,0.031,,
2026-01-27 19:58:05.873,wait_for_machining,-122.268,304.102,1279.608,-179.806,0.173,0.119,27.943,20.566,-124.269,0.04,-76.044,117.815,0.056,0.165,-0.057,0.001,-0.103,-0.282,-0.02,1.71,3.96,0.0,0.02,-0.08,-0.163,-0.482,0.171,0.0,0.308,0.073,,
2026-01-27 19:58:05.973,wait_for_machining,-122.245,304.016,1279.633,-179.806,0.173,0.136,27.946,20.576,-124.273,0.041,-76.051,117.8,0.051,0.15,-0.052,0.001,-0.094,-0.247,-0.03,1.58,4.05,-0.08,0.04,0.01,-0.15,-0.444,0.157,0.0,0.284,0.098,,
2026-01-27 19:58:06.077,wait_for_machining,-122.227,303.949,1279.652,-179.805,0.173,0.149,27.949,20.584,-124.276,0.041,-76.056,117.791,0.045,0.133,-0.046,0.001,-0.083,-0.209,-0.11,1.59,4.02,0.04,-0.08,0.05,-0.143,-0.423,0.15,-0.0,0.27,0.133,,
2026-01-27 19:58:14.590,wait_for_machining,-122.024,303.191,1279.869,-179.802,0.175,0.089,27.98,20.676,-124.308,0.04,-76.112,117.881,0.0,0.0,-0.0,-0.0,-0.0,0.0,0.1,1.67,3.98,0.0,0.0,-0.08,-0.0,-0.0,0.0,-0.0,0.0,0.001,,
2026-01-27 19:58:23.224,wait_for_machining,-122.024,303.191,1279.869,-179.802,0.175,0.089,27.98,20.676,-124.308,0.04,-76.112,117.882,0.0,0.0,-0.0,-0.0,-0.0,0.0,0.02,1.6,4.06,-0.01,-0.03,-0.01,-0.0,-0.0,0.0,0.0,0.0,-0.0,,
2026-01-27 19:58:31.863,wait_for_machining,-122.024,303.191,1279.869,-179.802,0.175,0.089,27.98,20.676,-124.308,0.04,-76.112,117.882,0.0,0.0,-0.0,0.0,-0.0,-0.0,0.04,1.57,3.96,0.04,-0.05,0.01,-0.0,-0.0,0.0,0.0,0.0,-0.0,,
2026-01-27 19:58:40.562,wait_for_machining,-122.024,303.191,1279.869,-179.802,0.175,0.089,27.98,20.676,-124.308,0.04,-76.112,117.882,0.0,0.0,-0.0,0.0,-0.0,-0.0,0.06,1.72,4.01,0.01,-0.06,-0.0,-0.0,-0.0,0.0,0.0,0.0,-0.0,,
2026-01-27 19:58:49.213,wait_for_machining,-122.024,303.191,1279.869,-179.802,0.175,0.089,27.98,20.676,-124.308,0.04,-76.112,117.882,0.0,0.0,-0.0,-0.0,-0.0,0.0,0.01,1.58,4.1,-0.07,0.09,-0.09,-0.0,-0.0,0.0,0.0,0.0,-0.0,,
2026-01-27 19:58:57.817,wait_for_machining,-122.024,303.191,1279.869,-179.802,0.175,0.089,27.98,20.676,-124.308,0.04,-76.112,117.882,0.0,0.0,-0.0,-0.0,-0.0,0.0,0.06,1.67,4.08,-0.0,0.02,0.0,-0.0,-0.0,0.0,0.0,0.0,-0.0,,
2026-01-27 19:59:06.340,wait_for_machining,-122.024,303.191,1279.869,-179.802,0.175,0.089,27.98,20.676,-124.308,0.04,-76.112,117.882,0.0,0.0,-0.0,-0.0,-0.0,0.0,0.02,1.62,3.96,-0.05,-0.01,-0.03,-0.0,-0.0,0.0,0.0,0.0,-0.0,,
2026-01-27 19:59:14.981,wait_for_machining,-122.024,303.191,1279.869,-179.802,0.175,0.089,27.98,20.676,-124.308,0.04,-76.112,117.882,0.0,0.0,-0.0,-0.0,-0.0,0.0,-0.02,1.54,4.01,-0.05,0.0,0.06,-0.0,-0.0,0.0,0.0,0.0,-0.0,,
2026-01-27 19:59:23.641,wait_for_machining,-122.024,303.191,1279.869,-179.802,0.175,0.089,27.98,20.676,-124.308,0.04,-76.112,117.882,0.0,0.0,-0.0,-0.0,-0.0,0.0,-0.03,1.59,4.01,0.02,-0.03,-0.0,-0.0,-0.0,0.0,0.0,0.0,-0.0,waypoint,
2026-01-27 19:59:23.744,machining_end_to_approach_machine,-126.044,318.597,1276.799,179.984,0.062,-0.503,27.361,18.823,-123.495,0.04,-75.314,117.854,-1.546,-4.634,2.033,0.0,1.995,-0.07,-0.08,1.28,3.98,-0.03,0.21,0.02,-6.186,-18.534,8.13,0.002,7.981,-0.278,,
2026-01-27 19:59:23.845,machining_end_to_approach_machine,-133.693,351.349,1268.754,179.984,0.066,-1.589,26.095,15.048,-121.843,0.044,-73.189,117.671,-4.327,-12.911,5.654,0.01,6.808,-0.51,-0.19,1.39,4.01,0.08,0.37,-0.11,-12.051,-35.892,15.705,0.037,20.449,-1.805,,
2026-01-27 19:59:23.946,machining_end_to_approach_machine,-139.464,381.631,1259.36,-179.98,0.088,-2.412,24.941,11.613,-120.34,0.048,-71.214,117.337,-6.13,-18.273,7.998,0.016,10.043,-1.217,-0.24,1.46,4.03,-0.02,0.43,-0.12,-9.713,-28.915,12.646,0.032,16.905,-3.129,,
2026-01-27 19:59:24.048,machining_end_to_approach_machine,-143.828,410.78,1248.531,-179.946,0.108,-3.029,23.838,8.329,-118.903,0.052,-69.328,116.849,-7.354,-21.914,9.59,0.022,12.247,-2.133,-0.31,1.72,3.94,0.02,0.53,-0.32,-8.233,-24.504,10.716,0.031,14.325,-4.361,,
2026-01-27 19:59:24.151,machining_end_to_approach_machine,-146.65,435.978,1237.738,-179.918,0.124,-3.412,22.887,5.496,-117.664,0.055,-67.704,116.277,-7.894,-23.516,10.29,0.026,13.247,-3.028,-0.32,1.99,4.03,-0.04,0.45,-0.38,-5.894,-17.539,7.67,0.028,10.28,-4.755,,
2026-01-27 19:59:24.256,machining_end_to_approach_machine,-148.579,461.164,1225.585,-179.892,0.138,-3.639,21.934,2.661,-116.424,0.06,-66.079,115.549,-8.301,-24.726,10.818,0.031,13.996,-4.092,-0.39,2.15,3.96,-0.0,0.55,-0.53,-5.317,-15.817,6.917,0.032,9.251,-5.852,,
2026-01-27 19:59:24.358,machining_end_to_approach_machine,-149.504,482.733,1214.055,-179.87,0.15,-3.695,21.115,0.221,-115.357,0.064,-64.683,114.782,-8.275,-24.644,10.782,0.034,13.987,-4.985,-0.34,2.53,3.96,0.01,0.62,-0.66,-3.456,-10.277,4.494,0.029,6.04,-5.647,,
2026-01-27 19:59:24.461,machining_end_to_approach_machine,-149.749,502.136,1202.76,-179.851,0.159,-3.623,20.372,-1.988,-114.39,0.069,-63.421,113.965,-8.062,-24.007,10.503,0.038,13.647,-5.783,-0.31,2.72,3.95,-0.04,0.48,-0.75,-2.338,-6.948,3.038,0.029,4.104,-5.593,,
2026-01-27 19:59:24.567,machining_end_to_approach_machine,-149.455,520.384,1191.3,-179.835,0.168,-3.437,19.668,-4.085,-113.473,0.074,-62.224,113.071,-7.807,-23.246,10.17,0.042,13.226,-6.573,-0.27,3.06,3.92,0.04,0.48,-0.85,-1.724,-5.12,2.238,0.031,3.03,-5.799,,
2026-01-27 19:59:24.668,machining_end_to_approach_machine,-148.831,535.196,1181.375,-179.822,0.174,-3.192,19.091,-5.802,-112.722,0.079,-61.245,112.245,-7.298,-21.728,9.506,0.044,12.367,-6.994,-0.28,3.15,3.96,0.02,0.51,-0.9,-0.28,-0.821,0.358,0.025,0.554,-4.535,,
2026-01-27 19:59:24.773,machining_end_to_approach_machine,-147.962,548.547,1171.926,-179.811,0.178,-2.892,18.566,-7.365,-112.038,0.085,-60.355,111.416,-6.787,-20.204,8.839,0.046,11.501,-7.318,-0.36,3.42,3.9,0.08,0.58,-0.94,0.266,0.803,-0.352,0.024,-0.391,-4.117,,
2026-01-27 19:59:24.879,machining_end_to_approach_machine,-146.864,561.178,1162.527,-179.801,0.183,-2.532,18.064,-8.86,-111.384,0.09,-59.506,110.55,-6.345,-18.889,8.264,0.048,10.75,-7.653,-0.29,3.6,3.95,-0.01,0.47,-0.95,0.472,1.414,-0.619,0.025,-0.756,-4.068,,
2026-01-27 19:59:24.978,machining_end_to_approach_machine,-145.644,572.496,1153.707,-179.793,0.186,-2.143,17.609,-10.213,-110.792,0.096,-58.737,109.703,-5.896,-17.55,7.678,0.05,9.984,-7.859,-0.22,3.92,3.81,-0.09,0.48,-0.99,0.898,2.682,-1.174,0.023,-1.492,-3.483,,
2026-01-27 19:59:25.080,machining_end_to_approach_machine,-144.355,582.638,1145.469,-179.786,0.189,-1.738,17.197,-11.439,-110.256,0.101,-58.042,108.881,-5.452,-16.227,7.099,0.051,9.226,-7.947,-0.24,4.08,3.86,0.08,0.44,-0.82,1.237,3.69,-1.614,0.02,-2.076,-2.869,,
2026-01-27 19:59:25.181,machining_end_to_approach_machine,-143.036,591.727,1137.805,-179.78,0.191,-1.327,16.824,-12.549,-109.77,0.106,-57.413,108.094,-5.022,-14.945,6.539,0.052,8.491,-7.929,-0.29,4.27,3.78,0.02,0.43,-1.04,1.501,4.477,-1.958,0.017,-2.532,-2.245,,
2026-01-27 19:59:25.283,machining_end_to_approach_machine,-141.719,599.876,1130.698,-179.776,0.193,-0.921,16.486,-13.554,-109.33,0.112,-56.844,107.346,-4.611,-13.722,6.004,0.052,7.79,-7.816,-0.18,4.37,3.72,-0.01,0.4,-1.06,1.703,5.076,-2.221,0.013,-2.879,-1.625,,
2026-01-27 19:59:25.387,machining_end_to_approach_machine,-140.425,607.185,1124.127,-179.772,0.194,-0.527,16.18,-14.465,-108.932,0.117,-56.33,106.642,-4.223,-12.568,5.499,0.051,7.129,-7.621,-0.21,4.56,3.75,-0.09,0.29,-0.97,1.851,5.516,-2.413,0.01,-3.134,-1.022,,
2026-01-27 19:59:25.492,machining_end_to_approach_machine,-139.11,614.052,1117.775,-179.77,0.195,-0.133,15.89,-15.329,-108.554,0.121,-55.842,105.955,-3.893,-11.586,5.069,0.051,6.565,-7.436,-0.13,4.75,3.75,-0.02,0.38,-0.87,1.823,5.432,-2.376,0.009,-3.091,-0.761,,
2026-01-27 19:59:25.592,machining_end_to_approach_machine,-137.911,619.906,1112.22,-179.768,0.196,0.218,15.64,-16.072,-108.229,0.126,-55.423,105.35,-3.544,-10.548,4.615,0.049,5.971,-7.087,-0.1,4.81,3.63,0.06,0.25,-1.0,2.046,6.095,-2.666,0.002,-3.468,0.153,,
2026-01-27 19:59:25.692,machining_end_to_approach_machine,-136.77,625.164,1107.116,-179.766,0.196,0.542,15.414,-16.745,-107.934,0.13,-55.045,104.797,-3.224,-9.594,4.198,0.047,5.425,-6.698,-0.07,4.89,3.65,0.06,0.19,-0.85,2.077,6.186,-2.706,-0.001,-3.521,0.648,,
2026-01-27 19:59:25.795,machining_end_to_approach_machine,-135.692,629.889,1102.435,-179.765,0.197,0.836,15.209,-17.355,-107.667,0.134,-54.702,104.296,-2.93,-8.719,3.815,0.044,4.926,-6.278,-0.08,4.94,3.63,-0.07,0.17,-0.73,2.083,6.202,-2.713,-0.005,-3.531,1.097,,
2026-01-27 19:59:25.897,machining_end_to_approach_machine,-134.68,634.136,1098.147,-179.765,0.197,1.099,15.023,-17.907,-107.425,0.137,-54.392,103.845,-2.662,-7.92,3.466,0.042,4.469,-5.835,-0.03,5.23,3.57,-0.04,0.12,-0.8,2.068,6.157,-2.693,-0.008,-3.505,1.499,,
2026-01-27 19:59:25.999,machining_end_to_approach_machine,-133.78,637.775,1094.413,-179.765,0.197,1.318,14.863,-18.383,-107.217,0.14,-54.125,103.464,-2.396,-7.131,3.12,0.038,4.019,-5.33,-0.13,5.25,3.5,-0.0,0.12,-0.78,2.116,6.301,-2.756,-0.012,-3.584,2.04,,
2026-01-27 19:59:26.103,machining_end_to_approach_machine,-132.895,641.231,1090.813,-179.765,0.197,1.517,14.71,-18.838,-107.018,0.142,-53.87,103.11,-2.18,-6.486,2.838,0.035,3.652,-4.882,-0.09,5.27,3.6,-0.05,0.2,-0.73,1.975,5.881,-2.573,-0.013,-3.347,2.111,,
2026-01-27 19:59:26.207,machining_end_to_approach_machine,-132.074,644.342,1087.525,-179.766,0.197,1.684,14.572,-19.251,-106.837,0.145,-53.64,102.802,-1.981,-5.895,2.58,0.032,3.315,-4.429,-0.0,5.3,3.5,0.04,0.14,-0.63,1.922,5.722,-2.503,-0.015,-3.256,2.369,,
2026-01-27 19:59:26.307,machining_end_to_approach_machine,-131.35,647.011,1084.67,-179.766,0.197,1.813,14.452,-19.606,-106.682,0.147,-53.441,102.552,-1.785,-5.311,2.324,0.029,2.983,-3.948,0.02,5.45,3.45,-0.1,0.09,-0.57,1.921,5.717,-2.501,-0.018,-3.25,2.7,,
2026-01-27 19:59:26.410,machining_end_to_approach_machine,-130.646,649.549,1081.924,-179.767,0.197,1.92,14.338,-19.946,-106.533,0.148,-53.251,102.33,-1.624,-4.833,2.115,0.026,2.711,-3.516,-0.07,5.42,3.43,-0.02,0.14,-0.56,1.781,5.303,-2.32,-0.019,-3.015,2.71,,
2026-01-27 19:59:26.515,machining_end_to_approach_machine,-130.027,651.727,1079.542,-179.769,0.196,1.995,14.239,-20.239,-106.405,0.149,-53.088,102.155,-1.464,-4.357,1.907,0.022,2.441,-3.074,0.01,5.48,3.42,0.03,0.11,-0.38,1.76,5.24,-2.292,-0.02,-2.976,2.917,,
2026-01-27 19:59:26.616,machining_end_to_approach_machine,-129.456,653.702,1077.363,-179.77,0.196,2.045,14.15,-20.506,-106.288,0.15,-52.94,102.014,-1.322,-3.935,1.722,0.019,2.202,-2.658,0.06,5.45,3.41,0.04,0.06,-0.39,1.673,4.979,-2.178,-0.021,-2.827,2.957,,
2026-01-27 19:59:26.718,machining_end_to_approach_machine,-128.929,655.493,1075.37,-179.771,0.196,2.074,14.068,-20.749,-106.182,0.151,-52.805,101.904,-1.196,-3.558,1.557,0.016,1.989,-2.27,-0.0,5.51,3.43,0.02,0.14,-0.36,1.586,4.721,-2.065,-0.022,-2.679,2.968,,
2026-01-27 19:59:26.822,machining_end_to_approach_machine,-128.443,657.116,1073.55,-179.772,0.195,2.081,13.994,-20.97,-106.085,0.152,-52.682,101.821,-1.082,-3.221,1.41,0.013,1.798,-1.909,-0.1,5.61,3.36,-0.03,0.14,-0.21,1.501,4.467,-1.954,-0.022,-2.534,2.952,,
2026-01-27 19:59:26.925,machining_end_to_approach_machine,-127.997,658.589,1071.886,-179.774,0.195,2.071,13.926,-21.171,-105.997,0.152,-52.571,101.764,-0.981,-2.919,1.278,0.011,1.628,-1.574,-0.05,5.65,3.42,0.0,-0.0,-0.28,1.418,4.219,-1.846,-0.022,-2.392,2.912,,
2026-01-27 19:59:27.026,machining_end_to_approach_machine,-127.627,659.791,1070.521,-179.775,0.194,2.047,13.871,-21.336,-105.925,0.152,-52.479,101.732,-0.874,-2.601,1.138,0.008,1.449,-1.26,-0.01,5.68,3.33,-0.03,0.07,-0.2,1.399,4.162,-1.821,-0.021,-2.357,2.875,,
2026-01-27 19:59:27.130,machining_end_to_approach_machine,-127.228,661.078,1069.051,-179.776,0.193,2.003,13.812,-21.513,-105.847,0.152,-52.382,101.716,-0.804,-2.393,1.047,0.006,1.331,-0.985,0.0,5.69,3.42,-0.01,0.08,-0.09,1.218,3.625,-1.586,-0.021,-2.055,2.742,,
2026-01-27 19:59:27.233,machining_end_to_approach_machine,-126.862,662.24,1067.715,-179.778,0.193,1.946,13.758,-21.673,-105.777,0.152,-52.293,101.72,-0.737,-2.195,0.961,0.004,1.219,-0.729,-0.06,5.68,3.38,0.07,0.04,-0.09,1.152,3.429,-1.5,-0.021,-1.943,2.669,,
2026-01-27 19:59:27.337,machining_end_to_approach_machine,-126.529,663.29,1066.503,-179.779,0.192,1.876,13.709,-21.818,-105.714,0.151,-52.213,101.741,-0.674,-2.009,0.879,0.002,1.114,-0.494,-0.0,5.76,3.39,0.01,0.01,-0.09,1.088,3.237,-1.416,-0.02,-1.833,2.575,,
2026-01-27 19:59:27.440,machining_end_to_approach_machine,-126.225,664.239,1065.402,-179.781,0.191,1.796,13.665,-21.949,-105.656,0.151,-52.141,101.777,-0.616,-1.835,0.803,-0.0,1.017,-0.28,0.0,5.77,3.31,-0.04,0.03,-0.09,1.025,3.05,-1.335,-0.019,-1.726,2.464,waypoint,
2026-01-27 19:59:27.543,approach_machine_to_pick,-125.973,665.284,1064.461,-179.777,0.192,1.709,13.624,-22.078,-105.581,0.15,-52.083,101.823,-0.566,-1.698,0.79,-0.002,0.908,-0.097,-0.94,2.27,6.57,-0.05,0.23,-0.02,0.948,2.769,-1.027,-0.018,-1.693,2.314,,
2026-01-27 19:59:27.644,approach_machine_to_pick,-126.129,674.889,1064.028,-179.728,0.202,1.491,13.447,-22.815,-104.507,0.149,-52.37,101.866,-0.865,-3.116,3.278,-0.004,-0.037,0.036,-0.69,2.9,5.88,-0.11,0.14,-0.07,-0.495,-3.589,9.072,-0.022,-4.979,2.059,,
2026-01-27 19:59:27.745,approach_machine_to_pick,-126.199,684.279,1063.559,-179.739,0.199,1.284,13.273,-23.546,-103.435,0.148,-52.722,101.9,-1.085,-4.166,5.139,-0.006,-0.908,0.112,-0.54,3.6,5.45,0.01,-0.0,-0.03,-0.426,-3.173,8.138,-0.018,-5.131,1.762,,
2026-01-27 19:59:27.848,approach_machine_to_pick,-126.203,692.741,1063.064,-179.75,0.197,1.104,13.115,-24.209,-102.464,0.147,-53.042,101.924,-1.208,-4.78,6.281,-0.007,-1.48,0.143,-0.4,3.98,5.15,-0.02,0.09,-0.11,-0.219,-2.166,6.314,-0.015,-4.293,1.48,,
2026-01-27 19:59:27.950,approach_machine_to_pick,-126.158,700.37,1062.559,-179.76,0.195,0.948,12.972,-24.809,-101.585,0.146,-53.331,101.938,-1.264,-5.085,6.909,-0.007,-1.833,0.142,-0.35,4.49,4.73,0.04,0.01,0.02,-0.048,-1.325,4.767,-0.012,-3.558,1.237,,
2026-01-27 19:59:28.051,approach_machine_to_pick,-126.083,706.923,1062.081,-179.767,0.193,0.819,12.849,-25.326,-100.827,0.146,-53.58,101.943,-1.256,-5.107,7.077,-0.006,-1.997,0.12,-0.16,4.79,4.54,0.02,0.05,-0.01,0.153,-0.368,3.081,-0.009,-2.801,1.028,,
2026-01-27 19:59:28.156,approach_machine_to_pick,-125.98,713.163,1061.586,-179.775,0.192,0.704,12.731,-25.821,-100.102,0.145,-53.817,101.942,-1.237,-5.067,7.12,-0.006,-2.091,0.087,-0.24,5.04,4.3,-0.05,-0.15,-0.01,0.193,-0.102,2.437,-0.007,-2.407,0.856,,
2026-01-27 19:59:28.262,approach_machine_to_pick,-125.859,718.794,1061.107,-179.781,0.19,0.605,12.624,-26.269,-99.445,0.145,-54.032,101.934,-1.195,-4.92,6.981,-0.005,-2.106,0.046,-0.17,5.38,4.16,-0.09,0.02,0.06,0.285,0.375,1.51,-0.005,-1.939,0.707,,
2026-01-27 19:59:28.366,approach_machine_to_pick,-125.735,723.635,1060.669,-179.786,0.189,0.526,12.532,-26.655,-98.879,0.145,-54.217,101.922,-1.126,-4.656,6.651,-0.005,-2.042,0.003,-0.17,5.54,4.07,-0.0,-0.1,0.07,0.403,0.953,0.456,-0.004,-1.447,0.589,,
2026-01-27 19:59:28.471,approach_machine_to_pick,-125.599,728.248,1060.231,-179.79,0.188,0.456,12.444,-27.024,-98.338,0.144,-54.393,101.904,-1.065,-4.415,6.341,-0.004,-1.973,-0.042,-0.18,5.76,3.9,0.01,-0.12,0.04,0.403,1.029,0.16,-0.003,-1.217,0.479,,
2026-01-27 19:59:28.572,approach_machine_to_pick,-125.467,732.216,1059.836,-179.794,0.188,0.401,12.368,-27.343,-97.872,0.144,-54.545,101.884,-0.989,-4.107,5.922,-0.003,-1.859,-0.082,-0.05,5.77,3.84,-0.04,-0.03,-0.03,0.484,1.434,-0.6,-0.002,-0.851,0.405,,
2026-01-27 19:59:28.676,approach_machine_to_pick,-125.337,735.818,1059.464,-179.797,0.187,0.355,12.299,-27.632,-97.447,0.144,-54.684,101.861,-0.914,-3.805,5.504,-0.003,-1.74,-0.118,-0.11,5.95,3.74,0.09,-0.0,-0.04,0.504,1.576,-0.959,-0.001,-0.627,0.338,,
2026-01-27 19:59:28.779,approach_machine_to_pick,-125.209,739.09,1059.115,-179.8,0.187,0.317,12.236,-27.896,-97.06,0.144,-54.809,101.836,-0.843,-3.513,5.094,-0.002,-1.619,-0.151,-0.08,6.06,3.81,-0.01,-0.13,-0.09,0.516,1.679,-1.245,-0.0,-0.438,0.283,,
2026-01-27 19:59:28.883,approach_machine_to_pick,-125.085,742.061,1058.788,-179.802,0.186,0.287,12.179,-28.136,-96.708,0.144,-54.923,101.81,-0.775,-3.235,4.7,-0.001,-1.499,-0.18,-0.05,6.14,3.73,0.02,0.01,-0.19,0.52,1.748,-1.468,-0.0,-0.28,0.24,,
2026-01-27 19:59:28.984,approach_machine_to_pick,-124.96,744.895,1058.468,-179.804,0.186,0.261,12.124,-28.366,-96.372,0.144,-55.032,101.781,-0.718,-3.0,4.366,-0.001,-1.397,-0.207,-0.06,6.24,3.61,0.11,-0.09,-0.01,0.494,1.68,-1.477,0.0,-0.2,0.191,,
2026-01-27 19:59:29.088,approach_machine_to_pick,-124.847,747.336,1058.186,-179.806,0.186,0.242,12.077,-28.564,-96.082,0.144,-55.126,101.752,-0.657,-2.745,3.999,-0.0,-1.282,-0.226,0.11,6.31,3.5,-0.02,-0.05,-0.09,0.52,1.827,-1.792,0.0,-0.029,0.181,,
2026-01-27 19:59:29.189,approach_machine_to_pick,-124.745,749.442,1057.937,-179.807,0.185,0.228,12.036,-28.735,-95.831,0.144,-55.207,101.726,-0.595,-2.486,3.626,-0.0,-1.164,-0.236,0.02,6.38,3.61,0.01,-0.04,-0.04,0.532,1.913,-2.006,0.001,0.103,0.176,,
2026-01-27 19:59:29.294,approach_machine_to_pick,-124.644,751.467,1057.694,-179.808,0.185,0.217,11.997,-28.9,-95.59,0.145,-55.285,101.698,-0.544,-2.277,3.323,0.0,-1.068,-0.247,0.04,6.49,3.52,-0.04,0.01,-0.06,0.494,1.785,-1.898,0.001,0.123,0.146,,
2026-01-27 19:59:29.399,approach_machine_to_pick,-124.544,753.401,1057.457,-179.809,0.185,0.208,11.959,-29.057,-95.359,0.145,-55.359,101.669,-0.502,-2.101,3.069,0.0,-0.986,-0.258,0.01,6.48,3.6,-0.03,-0.08,0.03,0.462,1.679,-1.815,0.001,0.147,0.122,,
2026-01-27 19:59:29.503,approach_machine_to_pick,-124.451,755.149,1057.24,-179.81,0.185,0.203,11.925,-29.2,-95.15,0.145,-55.426,101.641,-0.462,-1.933,2.825,0.001,-0.908,-0.264,-0.06,6.55,3.52,0.01,-0.06,-0.05,0.451,1.66,-1.851,0.001,0.203,0.118,,
2026-01-27 19:59:29.607,approach_machine_to_pick,-124.368,756.656,1057.05,-179.81,0.185,0.199,11.896,-29.323,-94.97,0.145,-55.484,101.615,-0.42,-1.757,2.569,0.001,-0.825,-0.262,-0.03,6.53,3.49,0.08,-0.05,-0.03,0.453,1.69,-1.953,0.001,0.276,0.131,,
2026-01-27 19:59:29.712,approach_machine_to_pick,-124.292,758.026,1056.876,-179.811,0.185,0.197,11.869,-29.435,-94.806,0.145,-55.537,101.59,-0.381,-1.598,2.337,0.001,-0.751,-0.258,0.0,6.58,3.51,0.04,-0.11,-0.08,0.434,1.631,-1.92,0.001,0.301,0.13,,
2026-01-27 19:59:29.814,approach_machine_to_pick,-124.221,759.272,1056.715,-179.811,0.185,0.196,11.845,-29.537,-94.657,0.145,-55.584,101.567,-0.347,-1.453,2.126,0.001,-0.682,-0.251,-0.07,6.63,3.57,0.09,0.04,-0.09,0.414,1.569,-1.875,0.0,0.319,0.13,,
2026-01-27 19:59:29.920,approach_machine_to_pick,-124.151,760.462,1056.561,-179.811,0.185,0.195,11.821,-29.634,-94.514,0.145,-55.63,101.545,-0.318,-1.333,1.951,0.001,-0.626,-0.245,0.05,6.56,3.48,-0.02,0.01,0.04,0.384,1.457,-1.754,0.0,0.309,0.12,,
2026-01-27 19:59:30.021,approach_machine_to_pick,-124.094,761.435,1056.433,-179.811,0.185,0.195,11.802,-29.714,-94.397,0.145,-55.667,101.525,-0.286,-1.199,1.756,0.001,-0.563,-0.232,-0.09,6.67,3.47,-0.06,0.02,-0.0,0.387,1.488,-1.837,0.0,0.361,0.145,waypoint,
2026-01-27 19:59:30.122,pick_on_machine,-124.041,762.326,1056.315,-179.811,0.185,0.196,11.785,-29.787,-94.29,0.146,-55.701,101.508,-0.258,-1.082,1.584,0.001,-0.507,-0.218,-0.06,6.68,3.44,0.01,-0.04,-0.05,0.365,1.407,-1.753,0.0,0.357,0.145,,
2026-01-27 19:59:30.224,pick_on_machine,-123.992,763.139,1056.207,-179.811,0.185,0.196,11.769,-29.853,-94.192,0.146,-55.732,101.491,-0.233,-0.978,1.433,0.001,-0.458,-0.204,0.01,6.69,3.49,0.0,-0.03,-0.01,0.343,1.328,-1.669,0.0,0.351,0.144,,
2026-01-27 19:59:30.328,pick_on_machine,-123.944,763.923,1056.102,-179.811,0.185,0.196,11.754,-29.918,-94.098,0.146,-55.762,101.476,-0.213,-0.894,1.31,0.001,-0.418,-0.192,0.06,6.67,3.43,-0.03,-0.03,-0.03,0.315,1.22,-1.538,-0.0,0.328,0.136,,
2026-01-27 19:59:30.428,pick_on_machine,-123.9,764.635,1056.006,-179.811,0.185,0.196,11.74,-29.976,-94.012,0.146,-55.79,101.462,-0.195,-0.817,1.197,0.001,-0.382,-0.18,-0.0,6.63,3.37,-0.06,-0.02,0.0,0.297,1.156,-1.469,-0.0,0.322,0.138,,
2026-01-27 19:59:30.529,pick_on_machine,-123.859,765.284,1055.918,-179.811,0.185,0.196,11.727,-30.03,-93.934,0.146,-55.814,101.449,-0.178,-0.746,1.093,0.001,-0.348,-0.166,-0.0,6.63,3.48,-0.09,0.03,-0.08,0.28,1.093,-1.399,-0.0,0.315,0.14,,
2026-01-27 19:59:30.630,pick_on_machine,-123.822,765.874,1055.838,-179.811,0.185,0.196,11.715,-30.078,-93.863,0.146,-55.837,101.438,-0.162,-0.681,0.997,0.001,-0.317,-0.152,-0.06,6.75,3.48,-0.03,-0.02,-0.02,0.263,1.031,-1.329,-0.0,0.306,0.141,,
2026-01-27 19:59:30.733,pick_on_machine,-123.788,766.411,1055.764,-179.811,0.186,0.195,11.705,-30.122,-93.799,0.146,-55.857,101.428,-0.148,-0.621,0.909,0.001,-0.289,-0.138,0.03,6.79,3.51,-0.0,-0.12,0.03,0.247,0.972,-1.26,-0.0,0.296,0.141,,
2026-01-27 19:59:30.833,pick_on_machine,-123.757,766.899,1055.697,-179.811,0.186,0.194,11.695,-30.162,-93.74,0.146,-55.876,101.42,-0.135,-0.566,0.829,0.001,-0.263,-0.124,-0.09,6.73,3.39,0.11,-0.03,-0.05,0.232,0.914,-1.192,-0.0,0.285,0.14,,
2026-01-27 19:59:30.938,pick_on_machine,-123.727,767.366,1055.633,-179.811,0.186,0.192,11.686,-30.201,-93.684,0.146,-55.893,101.413,-0.124,-0.52,0.762,0.001,-0.242,-0.112,-0.03,6.84,3.45,-0.01,0.1,-0.03,0.213,0.841,-1.099,-0.0,0.265,0.136,,
2026-01-27 19:59:31.040,pick_on_machine,-123.701,767.768,1055.577,-179.811,0.186,0.19,11.678,-30.234,-93.635,0.146,-55.909,101.407,-0.113,-0.473,0.693,0.0,-0.219,-0.098,-0.08,6.77,3.45,0.02,-0.06,0.05,0.204,0.809,-1.066,-0.0,0.263,0.138,,
2026-01-27 19:59:31.142,pick_on_machine,-123.677,768.134,1055.527,-179.81,0.186,0.187,11.671,-30.264,-93.591,0.146,-55.923,101.402,-0.103,-0.43,0.63,0.0,-0.199,-0.085,-0.05,6.77,3.49,0.01,0.01,0.04,0.191,0.758,-1.003,-0.001,0.251,0.136,,
2026-01-27 19:59:31.245,pick_on_machine,-123.655,768.467,1055.48,-179.81,0.186,0.184,11.665,-30.291,-93.551,0.146,-55.935,101.399,-0.093,-0.391,0.573,0.0,-0.181,-0.073,0.04,6.87,3.43,0.04,-0.1,-0.02,0.178,0.709,-0.943,-0.001,0.238,0.132,,
2026-01-27 19:59:31.346,pick_on_machine,-123.635,768.771,1055.438,-179.81,0.186,0.181,11.659,-30.316,-93.514,0.146,-55.947,101.396,-0.085,-0.356,0.521,0.0,-0.164,-0.061,0.05,6.73,3.42,0.01,0.03,-0.08,0.166,0.663,-0.884,-0.001,0.226,0.129,,
2026-01-27 19:59:31.448,pick_on_machine,-123.617,769.047,1055.399,-179.81,0.186,0.177,11.653,-30.339,-93.481,0.146,-55.957,101.394,-0.077,-0.324,0.474,0.0,-0.149,-0.05,-0.06,6.78,3.4,0.05,0.02,-0.08,0.155,0.619,-0.829,-0.001,0.214,0.124,,
2026-01-27 19:59:31.553,pick_on_machine,-123.6,769.31,1055.362,-179.81,0.186,0.173,11.648,-30.361,-93.449,0.146,-55.967,101.393,-0.071,-0.297,0.435,0.0,-0.137,-0.04,-0.02,6.87,3.44,-0.01,0.01,0.06,0.142,0.567,-0.761,-0.001,0.197,0.119,,
2026-01-27 19:59:31.654,pick_on_machine,-123.585,769.526,1055.332,-179.81,0.186,0.169,11.644,-30.379,-93.423,0.146,-55.975,101.393,-0.064,-0.267,0.391,0.0,-0.123,-0.031,0.04,6.84,3.45,-0.04,0.06,0.09,0.137,0.55,-0.742,-0.001,0.195,0.115,,
2026-01-27 19:59:31.756,pick_on_machine,-123.572,769.724,1055.304,-179.809,0.186,0.165,11.64,-30.395,-93.399,0.146,-55.982,101.393,-0.058,-0.241,0.353,-0.0,-0.111,-0.023,-0.01,6.85,3.39,0.07,-0.07,0.03,0.127,0.51,-0.69,-0.001,0.183,0.109,,
2026-01-27 19:59:31.860,pick_on_machine,-123.559,769.914,1055.278,-179.809,0.186,0.161,11.636,-30.41,-93.376,0.146,-55.99,101.394,-0.052,-0.22,0.322,-0.0,-0.101,-0.015,0.08,6.87,3.48,-0.04,0.01,-0.01,0.116,0.465,-0.63,-0.0,0.167,0.103,,
2026-01-27 19:59:31.965,pick_on_machine,-123.547,770.096,1055.252,-179.809,0.186,0.156,11.633,-30.425,-93.354,0.146,-55.996,101.395,-0.048,-0.202,0.297,-0.0,-0.093,-0.008,0.0,6.86,3.34,-0.05,0.05,-0.07,0.106,0.425,-0.577,-0.0,0.154,0.098,,
2026-01-27 19:59:32.069,pick_on_machine,-123.537,770.245,1055.231,-179.809,0.186,0.152,11.63,-30.438,-93.336,0.146,-56.002,101.397,-0.044,-0.182,0.267,-0.0,-0.083,-0.003,-0.08,6.91,3.37,0.03,-0.02,-0.04,0.102,0.41,-0.559,-0.0,0.151,0.09,,
2026-01-27 19:59:32.172,pick_on_machine,-123.528,770.389,1055.211,-179.809,0.186,0.147,11.627,-30.449,-93.319,0.146,-56.007,101.399,-0.04,-0.166,0.244,-0.0,-0.076,0.003,0.04,6.82,3.41,-0.02,-0.07,-0.09,0.093,0.374,-0.51,-0.0,0.138,0.085,,
2026-01-27 19:59:32.275,pick_on_machine,-123.519,770.519,1055.192,-179.809,0.186,0.142,11.624,-30.46,-93.303,0.146,-56.012,101.401,-0.036,-0.152,0.222,-0.0,-0.069,0.007,-0.01,6.89,3.41,-0.07,-0.05,0.01,0.086,0.347,-0.474,-0.0,0.129,0.079,,
2026-01-27 19:59:32.375,pick_on_machine,-123.511,770.632,1055.176,-179.809,0.186,0.138,11.622,-30.47,-93.29,0.146,-56.016,101.403,-0.033,-0.137,0.201,-0.0,-0.062,0.011,-0.0,6.86,3.5,-0.01,0.04,0.0,0.081,0.327,-0.448,-0.0,0.123,0.072,,
2026-01-27 19:59:32.476,pick_on_machine,-123.504,770.741,1055.161,-179.809,0.186,0.133,11.62,-30.478,-93.277,0.146,-56.02,101.405,-0.03,-0.125,0.183,-0.0,-0.057,0.014,0.06,6.84,3.51,-0.11,-0.0,0.06,0.074,0.297,-0.408,-0.0,0.112,0.067,,
2026-01-27 19:59:32.583,pick_on_machine,-123.497,770.84,1055.147,-179.808,0.186,0.129,11.618,-30.487,-93.265,0.146,-56.024,101.408,-0.027,-0.114,0.167,-0.0,-0.052,0.017,0.02,6.89,3.36,-0.04,-0.04,0.04,0.068,0.276,-0.379,-0.0,0.105,0.061,,
2026-01-27 19:59:32.684,pick_on_machine,-123.491,770.925,1055.135,-179.808,0.186,0.125,11.616,-30.494,-93.254,0.146,-56.027,101.41,-0.025,-0.103,0.151,-0.0,-0.047,0.019,0.07,6.79,3.5,-0.1,-0.04,0.01,0.064,0.259,-0.358,-0.0,0.099,0.054,,
2026-01-27 19:59:32.789,pick_on_machine,-123.486,771.008,1055.123,-179.808,0.186,0.121,11.615,-30.5,-93.244,0.146,-56.03,101.413,-0.023,-0.094,0.138,-0.0,-0.043,0.021,-0.05,6.76,3.44,0.05,-0.02,0.01,0.058,0.236,-0.326,-0.0,0.09,0.051,,
2026-01-27 19:59:33.102,pick_on_machine,-123.472,771.213,1055.094,-179.808,0.186,0.109,11.611,-30.517,-93.22,0.146,-56.038,101.421,-0.017,-0.072,0.105,-0.0,-0.032,0.023,-0.04,6.83,3.39,-0.0,-0.04,-0.03,0.046,0.187,-0.259,-0.0,0.073,0.036,,
2026-01-27 19:59:33.420,pick_on_machine,-123.463,771.349,1055.075,-179.808,0.186,0.101,11.608,-30.529,-93.203,0.146,-56.043,101.426,-0.012,-0.05,0.074,-0.0,-0.023,0.021,0.06,6.85,3.52,-0.01,-0.05,-0.09,0.04,0.163,-0.229,0.0,0.065,0.014,,
2026-01-27 19:59:33.727,pick_on_machine,-123.456,771.446,1055.061,-179.808,0.186,0.094,11.606,-30.536,-93.192,0.146,-56.046,101.431,-0.009,-0.037,0.055,-0.0,-0.017,0.018,0.03,6.84,3.53,-0.02,0.04,-0.05,0.027,0.11,-0.153,-0.0,0.043,0.017,,
2026-01-27 19:59:34.041,pick_on_machine,-123.449,771.543,1055.047,-179.807,0.186,0.087,11.604,-30.545,-93.18,0.145,-56.05,101.436,-0.007,-0.031,0.045,-0.0,-0.014,0.017,-0.01,6.97,3.37,0.01,0.03,0.01,0.021,0.087,-0.122,0.0,0.035,0.008,,
2026-01-27 19:59:34.347,pick_on_machine,-123.444,771.616,1055.037,-179.807,0.186,0.082,11.603,-30.551,-93.171,0.145,-56.053,101.439,-0.006,-0.024,0.036,-0.0,-0.011,0.014,0.04,6.84,3.43,-0.08,-0.02,0.03,0.017,0.069,-0.097,0.0,0.028,0.002,,
2026-01-27 19:59:34.656,pick_on_machine,-123.441,771.672,1055.029,-179.807,0.186,0.079,11.602,-30.555,-93.164,0.145,-56.055,101.442,-0.005,-0.019,0.028,-0.0,-0.008,0.01,0.02,6.94,3.42,-0.04,0.05,-0.04,0.013,0.054,-0.076,0.0,0.022,-0.002,,
2026-01-27 19:59:34.967,pick_on_machine,-123.438,771.714,1055.023,-179.807,0.186,0.077,11.601,-30.559,-93.159,0.145,-56.056,101.443,-0.003,-0.015,0.021,-0.0,-0.006,0.007,-0.04,6.87,3.39,0.03,-0.02,0.04,0.011,0.043,-0.061,0.0,0.018,-0.004,,
2026-01-27 19:59:35.275,pick_on_machine,-123.436,771.746,1055.018,-179.807,0.186,0.076,11.6,-30.561,-93.155,0.145,-56.057,101.444,-0.003,-0.011,0.016,-0.0,-0.005,0.004,-0.03,6.9,3.44,-0.03,-0.0,-0.01,0.008,0.033,-0.047,0.0,0.014,-0.005,,
2026-01-27 19:59:35.583,pick_on_machine,-123.434,771.77,1055.015,-179.807,0.186,0.075,11.6,-30.563,-93.153,0.145,-56.058,101.444,-0.002,-0.008,0.012,-0.0,-0.004,0.002,0.05,6.84,3.35,0.04,-0.01,0.0,0.006,0.026,-0.037,0.0,0.011,-0.005,,
2026-01-27 19:59:35.684,pick_to_retreat_machine,-123.439,771.805,1055.208,-179.798,0.188,0.075,11.6,-30.554,-93.143,0.145,-56.066,101.444,-0.002,0.016,0.032,-0.0,-0.024,0.001,-0.07,13.78,7.07,0.01,0.07,0.0,0.005,0.117,0.049,-0.0,-0.071,-0.005,,
2026-01-27 19:59:35.789,pick_to_retreat_machine,-123.533,772.369,1062.618,-179.713,0.205,0.076,11.598,-30.208,-92.814,0.144,-56.656,101.443,-0.005,0.879,0.847,-0.003,-1.492,0.0,-0.02,12.47,6.43,0.06,-0.09,0.01,-0.007,3.487,3.246,-0.012,-5.879,-0.005,,
2026-01-27 19:59:35.890,pick_to_retreat_machine,-123.574,772.664,1069.73,-179.726,0.202,0.077,11.597,-29.878,-92.496,0.143,-57.318,101.443,-0.007,1.484,1.432,-0.005,-2.775,0.0,-0.07,11.22,5.69,-0.02,-0.07,-0.05,-0.006,2.968,2.814,-0.011,-6.016,-0.004,,
2026-01-27 19:59:35.990,pick_to_retreat_machine,-123.598,772.871,1076.253,-179.74,0.199,0.078,11.596,-29.576,-92.204,0.142,-57.926,101.443,-0.008,1.867,1.803,-0.007,-3.6,-0.0,-0.09,10.3,5.41,-0.11,-0.14,-0.02,-0.004,2.39,2.262,-0.009,-4.866,-0.003,,
2026-01-27 19:59:36.091,pick_to_retreat_machine,-123.61,773.017,1082.552,-179.753,0.197,0.078,11.594,-29.285,-91.923,0.141,-58.51,101.443,-0.009,2.127,2.054,-0.008,-4.161,-0.0,0.06,9.76,5.02,0.1,-0.12,-0.04,-0.003,2.04,1.928,-0.007,-4.148,-0.003,,
2026-01-27 19:59:36.195,pick_to_retreat_machine,-123.611,773.1,1088.008,-179.763,0.194,0.079,11.593,-29.034,-91.681,0.14,-59.015,101.443,-0.009,2.223,2.147,-0.008,-4.382,-0.0,-0.03,9.13,4.66,-0.05,-0.11,-0.02,-0.001,1.442,1.354,-0.005,-2.934,-0.002,,
2026-01-27 19:59:36.300,pick_to_retreat_machine,-123.605,773.143,1093.274,-179.773,0.192,0.079,11.592,-28.792,-91.447,0.139,-59.5,101.443,-0.009,2.272,2.194,-0.008,-4.499,-0.0,-0.02,8.51,4.36,-0.03,-0.14,0.07,-0.001,1.205,1.129,-0.004,-2.449,-0.002,,
2026-01-27 19:59:36.404,pick_to_retreat_machine,-123.594,773.151,1097.834,-179.78,0.191,0.08,11.592,-28.583,-91.245,0.138,-59.919,101.443,-0.009,2.227,2.151,-0.008,-4.422,-0.0,0.0,8.21,4.29,0.05,-0.27,0.04,0.0,0.756,0.699,-0.003,-1.54,-0.002,,
2026-01-27 19:59:36.507,pick_to_retreat_machine,-123.577,773.133,1102.232,-179.787,0.189,0.08,11.591,-28.381,-91.051,0.137,-60.322,101.443,-0.009,2.174,2.099,-0.008,-4.324,-0.0,-0.03,7.94,4.01,0.02,-0.2,0.05,0.001,0.604,0.555,-0.002,-1.227,-0.001,,
2026-01-27 19:59:36.607,pick_to_retreat_machine,-123.559,773.096,1106.039,-179.793,0.188,0.08,11.59,-28.207,-90.883,0.137,-60.67,101.443,-0.008,2.066,1.995,-0.008,-4.112,-0.0,-0.03,7.63,4.02,-0.0,-0.25,0.02,0.002,0.27,0.235,-0.001,-0.553,-0.001,,
2026-01-27 19:59:36.710,pick_to_retreat_machine,-123.538,773.043,1109.71,-179.798,0.187,0.08,11.589,-28.039,-90.721,0.136,-61.004,101.443,-0.008,1.969,1.901,-0.007,-3.921,0.0,0.08,7.48,3.87,-0.01,-0.18,0.01,0.002,0.179,0.15,-0.001,-0.366,-0.001,,
2026-01-27 19:59:36.815,pick_to_retreat_machine,-123.516,772.983,1112.886,-179.801,0.186,0.081,11.589,-27.894,-90.581,0.136,-61.293,101.443,-0.007,1.839,1.775,-0.007,-3.663,0.0,-0.03,7.37,3.86,-0.06,-0.28,-0.02,0.003,-0.066,-0.085,0.0,0.129,-0.001,,
2026-01-27 19:59:36.916,pick_to_retreat_machine,-123.495,772.917,1115.794,-179.805,0.185,0.081,11.588,-27.762,-90.453,0.135,-61.557,101.443,-0.007,1.711,1.651,-0.006,-3.407,0.0,-0.0,7.18,3.82,-0.01,-0.22,-0.06,0.003,-0.183,-0.196,0.001,0.365,-0.001,,
2026-01-27 19:59:37.017,pick_to_retreat_machine,-123.474,772.851,1118.315,-179.807,0.184,0.081,11.588,-27.647,-90.342,0.135,-61.785,101.443,-0.006,1.571,1.516,-0.006,-3.126,0.0,0.01,7.11,3.78,-0.03,-0.2,0.05,0.003,-0.343,-0.348,0.001,0.685,-0.001,,
2026-01-27 19:59:37.122,pick_to_retreat_machine,-123.45,772.771,1121.023,-179.809,0.184,0.081,11.587,-27.524,-90.223,0.134,-62.03,101.443,-0.006,1.486,1.434,-0.005,-2.956,0.0,0.01,6.98,3.75,0.08,-0.12,0.02,0.003,-0.224,-0.232,0.001,0.452,-0.0,,
2026-01-27 19:59:37.226,pick_to_retreat_machine,-123.427,772.694,1123.36,-179.811,0.183,0.081,11.587,-27.417,-90.12,0.134,-62.241,101.444,-0.006,1.381,1.332,-0.005,-2.744,0.0,-0.11,6.85,3.78,0.0,-0.16,0.01,0.003,-0.371,-0.372,0.001,0.746,-0.0,,
2026-01-27 19:59:37.329,pick_to_retreat_machine,-123.404,772.615,1125.596,-179.813,0.183,0.082,11.587,-27.315,-90.022,0.133,-62.442,101.444,-0.005,1.29,1.244,-0.005,-2.561,0.0,0.07,6.85,3.69,-0.08,-0.13,0.14,0.003,-0.381,-0.38,0.001,0.767,-0.0,,
2026-01-27 19:59:37.434,pick_to_retreat_machine,-123.384,772.541,1127.525,-179.814,0.182,0.082,11.586,-27.228,-89.938,0.133,-62.615,101.444,-0.005,1.187,1.144,-0.004,-2.354,0.0,0.05,6.83,3.76,-0.03,-0.1,0.04,0.003,-0.482,-0.477,0.002,0.97,-0.0,,
2026-01-27 19:59:37.538,pick_to_retreat_machine,-123.363,772.466,1129.37,-179.814,0.182,0.082,11.586,-27.144,-89.857,0.133,-62.781,101.444,-0.004,1.1,1.06,-0.004,-2.179,0.0,-0.03,6.82,3.68,-0.05,-0.11,-0.0,0.003,-0.473,-0.467,0.002,0.952,-0.0,,
2026-01-27 19:59:37.643,pick_to_retreat_machine,-123.345,772.398,1130.962,-179.815,0.182,0.082,11.586,-27.072,-89.787,0.133,-62.923,101.444,-0.004,1.005,0.969,-0.004,-1.991,0.0,-0.06,6.8,3.68,0.05,-0.11,0.04,0.003,-0.541,-0.532,0.002,1.086,-0.0,,
2026-01-27 19:59:37.748,pick_to_retreat_machine,-123.326,772.33,1132.484,-179.815,0.182,0.082,11.585,-27.003,-89.721,0.132,-63.059,101.444,-0.004,0.927,0.894,-0.003,-1.833,0.001,0.03,6.8,3.68,-0.01,-0.05,-0.05,0.003,-0.519,-0.509,0.002,1.042,-0.0,,
2026-01-27 19:59:37.854,pick_to_retreat_machine,-123.31,772.27,1133.797,-179.815,0.182,0.082,11.585,-26.943,-89.663,0.132,-63.176,101.444,-0.003,0.844,0.814,-0.003,-1.667,0.001,-0.04,6.68,3.64,0.02,-0.04,-0.01,0.003,-0.562,-0.55,0.002,1.126,-0.0,waypoint,
2026-01-27 19:59:37.957,pick_to_retreat_machine,-125.501,755.814,1138.028,-179.915,0.163,0.466,11.993,-25.472,-91.456,0.134,-62.957,101.466,1.017,4.31,-3.871,0.002,-0.701,0.057,-0.04,6.76,3.39,0.09,0.01,0.07,4.083,13.607,-18.993,0.022,4.383,0.225,,
2026-01-27 19:59:38.057,pick_to_retreat_machine,-128.228,732.245,1142.758,-179.906,0.166,0.952,12.576,-23.394,-94.061,0.136,-62.42,101.561,2.221,8.428,-9.415,0.006,0.816,0.28,-0.05,6.54,3.23,0.05,0.07,0.05,5.432,18.317,-25.22,0.019,7.115,0.926,,
2026-01-27 19:59:38.161,pick_to_retreat_machine,-130.431,708.088,1146.802,-179.888,0.171,1.36,13.167,-21.292,-96.696,0.137,-61.867,101.743,3.142,11.575,-13.65,0.007,1.994,0.663,-0.03,6.46,3.03,0.01,0.15,0.01,4.956,16.724,-23.0,0.012,6.563,1.696,,
2026-01-27 19:59:38.266,pick_to_retreat_machine,-131.876,687.008,1149.684,-179.872,0.174,1.633,13.676,-19.479,-98.969,0.137,-61.391,101.977,3.629,13.214,-15.919,0.007,2.686,1.083,-0.09,6.41,3.07,0.0,0.14,0.14,3.649,12.162,-17.076,0.004,5.141,2.058,,
2026-01-27 19:59:38.366,pick_to_retreat_machine,-132.823,667.646,1151.815,-179.859,0.177,1.811,14.139,-17.829,-101.037,0.137,-60.958,102.261,3.88,14.035,-17.111,0.005,3.096,1.523,-0.17,6.31,2.89,0.01,0.1,0.27,2.827,9.317,-13.327,-0.002,4.192,2.352,,
2026-01-27 19:59:38.470,pick_to_retreat_machine,-133.38,649.894,1153.341,-179.848,0.18,1.908,14.561,-16.328,-102.92,0.137,-60.565,102.586,3.965,14.281,-17.54,0.002,3.305,1.954,-0.04,6.2,2.95,0.08,0.07,0.23,2.128,6.903,-10.136,-0.007,3.377,2.519,,
2026-01-27 19:59:38.572,pick_to_retreat_machine,-133.633,633.642,1154.386,-179.839,0.182,1.936,14.945,-14.961,-104.634,0.136,-60.208,102.941,3.933,14.128,-17.439,-0.001,3.372,2.355,-0.02,5.93,2.95,0.03,0.28,0.3,1.537,4.864,-7.431,-0.01,2.681,2.579,,
2026-01-27 19:59:38.675,pick_to_retreat_machine,-133.654,618.78,1155.05,-179.831,0.184,1.907,15.294,-13.717,-106.193,0.135,-59.883,103.32,3.824,13.706,-16.979,-0.004,3.341,2.713,-0.07,5.84,2.95,-0.0,0.23,0.38,1.039,3.15,-5.148,-0.012,2.087,2.551,,
2026-01-27 19:59:38.777,pick_to_retreat_machine,-133.5,605.203,1155.414,-179.824,0.185,1.831,15.612,-12.584,-107.613,0.133,-59.588,103.714,3.663,13.111,-16.283,-0.006,3.243,3.02,-0.03,5.75,2.93,0.08,0.13,0.37,0.621,1.717,-3.232,-0.014,1.582,2.451,,
2026-01-27 19:59:38.880,pick_to_retreat_machine,-133.216,592.808,1155.547,-179.819,0.186,1.718,15.902,-11.554,-108.905,0.131,-59.32,104.118,3.471,12.41,-15.442,-0.009,3.103,3.273,0.06,5.49,2.98,-0.06,0.13,0.45,0.273,0.529,-1.634,-0.015,1.154,2.295,,
2026-01-27 19:59:38.982,pick_to_retreat_machine,-132.839,581.501,1155.502,-179.814,0.187,1.576,16.165,-10.615,-110.081,0.129,-59.076,104.524,3.262,11.652,-14.522,-0.012,2.936,3.47,0.09,5.31,3.08,0.04,0.15,0.46,-0.014,-0.45,-0.31,-0.015,0.794,2.095,,
2026-01-27 19:59:39.084,pick_to_retreat_machine,-132.397,571.189,1155.324,-179.81,0.188,1.412,16.405,-9.762,-111.151,0.127,-58.855,104.927,3.046,10.874,-13.567,-0.014,2.755,3.612,-0.08,5.3,3.04,-0.1,0.2,0.47,-0.249,-1.248,0.778,-0.014,0.492,1.863,,
2026-01-27 19:59:39.187,pick_to_retreat_machine,-131.889,561.32,1155.031,-179.807,0.188,1.225,16.635,-8.946,-112.174,0.125,-58.644,105.345,2.858,10.196,-12.733,-0.016,2.595,3.753,-0.01,5.16,3.05,-0.01,0.11,0.43,-0.33,-1.501,1.174,-0.015,0.342,1.815,,
2026-01-27 19:59:39.290,pick_to_retreat_machine,-131.355,552.371,1154.661,-179.804,0.189,1.027,16.842,-8.207,-113.101,0.123,-58.453,105.751,2.663,9.494,-11.866,-0.017,2.424,3.829,0.03,5.07,3.13,0.07,0.12,0.44,-0.513,-2.12,2.021,-0.013,0.105,1.514,,
2026-01-27 19:59:39.391,pick_to_retreat_machine,-130.839,544.646,1154.263,-179.802,0.189,0.836,17.021,-7.569,-113.9,0.121,-58.288,106.122,2.445,8.714,-10.897,-0.018,2.229,3.799,-0.01,4.95,3.18,-0.0,0.02,0.46,-0.747,-2.925,3.093,-0.011,-0.171,1.015,,
2026-01-27 19:59:39.493,pick_to_retreat_machine,-130.324,537.611,1153.837,-179.8,0.189,0.646,17.184,-6.989,-114.627,0.119,-58.139,106.476,2.241,7.986,-9.991,-0.019,2.045,3.735,0.05,4.85,3.17,0.03,0.2,0.47,-0.833,-3.205,3.502,-0.009,-0.304,0.746,,
2026-01-27 19:59:39.593,pick_to_retreat_machine,-129.819,531.204,1153.395,-179.799,0.189,0.46,17.333,-6.461,-115.289,0.117,-58.003,106.812,2.052,7.31,-9.148,-0.019,1.874,3.64,-0.01,4.71,3.29,0.03,0.06,0.49,-0.896,-3.405,3.805,-0.008,-0.41,0.483,,
2026-01-27 19:59:39.697,pick_to_retreat_machine,-129.303,525.079,1152.926,-179.798,0.189,0.272,17.475,-5.956,-115.922,0.115,-57.873,107.142,1.894,6.744,-8.443,-0.019,1.729,3.557,-0.07,4.61,3.17,0.03,0.15,0.52,-0.872,-3.298,3.717,-0.007,-0.431,0.39,,
2026-01-27 19:59:39.798,pick_to_retreat_machine,-128.833,519.795,1152.484,-179.797,0.189,0.102,17.597,-5.521,-116.468,0.113,-57.762,107.435,1.726,6.146,-7.696,-0.019,1.576,3.398,0.02,4.54,3.23,0.04,0.19,0.43,-0.98,-3.663,4.216,-0.004,-0.568,-0.036,,
2026-01-27 19:59:39.901,pick_to_retreat_machine,-128.407,515.227,1152.075,-179.797,0.188,-0.047,17.703,-5.145,-116.939,0.111,-57.665,107.691,1.559,5.551,-6.951,-0.018,1.423,3.19,0.02,4.52,3.23,0.03,0.1,0.38,-1.048,-3.887,4.534,-0.002,-0.664,-0.392,,
2026-01-27 19:59:40.003,pick_to_retreat_machine,-127.981,510.826,1151.656,-179.796,0.188,-0.193,17.805,-4.782,-117.394,0.11,-57.573,107.939,1.424,5.069,-6.349,-0.017,1.299,3.013,0.0,4.4,3.28,0.07,0.07,0.5,-0.982,-3.637,4.254,-0.001,-0.634,-0.431,,
2026-01-27 19:59:40.108,pick_to_retreat_machine,-127.578,506.821,1151.253,-179.796,0.188,-0.326,17.897,-4.452,-117.807,0.109,-57.488,108.165,1.3,4.626,-5.796,-0.016,1.184,2.824,0.06,4.39,3.23,0.03,0.06,0.4,-0.975,-3.598,4.237,0.0,-0.656,-0.615,,
2026-01-27 19:59:40.211,pick_to_retreat_machine,-127.181,502.993,1150.851,-179.796,0.188,-0.45,17.986,-4.137,-118.202,0.107,-57.408,108.378,1.196,4.258,-5.335,-0.016,1.089,2.651,0.1,4.29,3.37,0.05,0.06,0.36,-0.919,-3.385,3.996,0.001,-0.629,-0.678,,
2026-01-27 19:59:40.314,pick_to_retreat_machine,-126.828,499.691,1150.489,-179.796,0.188,-0.553,18.063,-3.865,-118.543,0.106,-57.339,108.558,1.088,3.873,-4.853,-0.014,0.99,2.438,0.04,4.18,3.35,-0.05,0.04,0.41,-0.949,-3.48,4.14,0.003,-0.677,-0.943,,
2026-01-27 19:59:40.420,pick_to_retreat_machine,-126.483,496.535,1150.13,-179.796,0.187,-0.646,18.136,-3.605,-118.869,0.105,-57.273,108.725,0.999,3.555,-4.454,-0.013,0.907,2.245,-0.04,4.12,3.34,-0.03,-0.04,0.33,-0.888,-3.252,3.877,0.004,-0.641,-0.985,,
2026-01-27 19:59:40.520,pick_to_retreat_machine,-126.178,493.813,1149.811,-179.797,0.187,-0.719,18.199,-3.381,-119.15,0.104,-57.216,108.862,0.907,3.226,-4.043,-0.012,0.823,2.026,-0.01,4.12,3.34,0.01,-0.05,0.42,-0.9,-3.284,3.937,0.005,-0.669,-1.18,,
2026-01-27 19:59:40.626,pick_to_retreat_machine,-125.881,491.212,1149.497,-179.797,0.187,-0.782,18.259,-3.167,-119.418,0.104,-57.162,108.985,0.831,2.955,-3.704,-0.011,0.753,1.828,0.06,4.13,3.42,0.04,0.02,0.27,-0.838,-3.055,3.668,0.006,-0.628,-1.2,,
2026-01-27 19:59:40.725,pick_to_retreat_machine,-125.621,488.969,1149.22,-179.797,0.187,-0.828,18.311,-2.982,-119.65,0.103,-57.115,109.083,0.753,2.678,-3.357,-0.009,0.681,1.616,0.01,4.05,3.4,0.06,0.02,0.27,-0.837,-3.044,3.67,0.007,-0.64,-1.33,,
2026-01-27 19:59:40.833,pick_to_retreat_machine,-125.368,486.825,1148.949,-179.797,0.187,-0.863,18.36,-2.805,-119.871,0.103,-57.071,109.168,0.689,2.45,-3.071,-0.008,0.622,1.425,-0.02,4.0,3.41,0.01,-0.01,0.28,-0.776,-2.821,3.406,0.007,-0.598,-1.33,,
2026-01-27 19:59:40.937,pick_to_retreat_machine,-125.147,484.975,1148.711,-179.798,0.187,-0.885,18.403,-2.653,-120.062,0.102,-57.032,109.233,0.623,2.219,-2.78,-0.007,0.563,1.229,-0.05,4.01,3.42,0.04,0.04,0.22,-0.767,-2.782,3.37,0.008,-0.6,-1.403,,
2026-01-27 19:59:41.041,pick_to_retreat_machine,-124.943,483.292,1148.491,-179.798,0.186,-0.896,18.442,-2.514,-120.236,0.102,-56.997,109.282,0.565,2.01,-2.52,-0.006,0.509,1.046,-0.04,3.88,3.43,0.02,0.06,0.18,-0.728,-2.641,3.204,0.008,-0.575,-1.409,,
2026-01-27 19:59:41.143,pick_to_retreat_machine,-124.756,481.76,1148.287,-179.798,0.186,-0.896,18.478,-2.388,-120.394,0.102,-56.966,109.319,0.512,1.823,-2.285,-0.005,0.461,0.876,0.0,3.88,3.44,-0.12,0.06,0.18,-0.691,-2.501,3.04,0.008,-0.549,-1.401,,
2026-01-27 19:59:41.245,pick_to_retreat_machine,-124.575,480.296,1148.09,-179.799,0.186,-0.888,18.511,-2.268,-120.545,0.102,-56.935,109.344,0.469,1.669,-2.092,-0.003,0.421,0.72,-0.05,3.81,3.35,-0.01,0.01,0.04,-0.637,-2.307,2.806,0.008,-0.509,-1.372,,
2026-01-27 19:59:41.348,pick_to_retreat_machine,-124.418,479.034,1147.917,-179.799,0.186,-0.872,18.541,-2.164,-120.676,0.102,-56.909,109.357,0.425,1.512,-1.895,-0.002,0.381,0.572,0.06,3.82,3.36,-0.04,0.03,0.16,-0.62,-2.242,2.733,0.008,-0.5,-1.358,,
2026-01-27 19:59:41.451,pick_to_retreat_machine,-124.274,477.884,1147.759,-179.799,0.186,-0.849,18.567,-2.069,-120.794,0.102,-56.886,109.36,0.385,1.371,-1.718,-0.001,0.345,0.438,0.15,3.88,3.46,-0.03,0.09,0.1,-0.584,-2.111,2.577,0.008,-0.474,-1.318,waypoint,
2026-01-27 19:59:41.555,retreat_machine_to_approach_unloader,-85.699,477.948,1148.823,-179.775,0.186,-5.154,14.225,-1.255,-121.509,0.092,-56.961,109.33,-10.566,3.062,-3.076,-0.027,0.071,0.253,-0.42,4.28,2.92,0.06,0.03,0.06,-44.209,5.288,-3.645,-0.098,-1.415,-1.521,,
2026-01-27 19:59:41.657,retreat_machine_to_approach_unloader,-5.578,469.087,1150.901,-179.77,0.175,-14.292,4.887,0.384,-122.913,0.079,-57.197,109.136,-31.271,6.394,-5.815,-0.052,-0.537,-0.295,-0.41,4.32,2.65,0.02,-0.11,-0.04,-89.759,13.017,-10.161,-0.112,-2.883,-3.005,,
2026-01-27 19:59:41.760,retreat_machine_to_approach_unloader,59.451,451.019,1152.291,-179.77,0.165,-22.012,-3.17,1.798,-124.123,0.07,-57.405,108.804,-43.595,8.331,-7.387,-0.063,-0.922,-1.051,-0.64,4.46,2.36,-0.01,-0.2,-0.16,-67.963,9.464,-7.217,-0.067,-2.309,-4.089,,
2026-01-27 19:59:41.865,retreat_machine_to_approach_unloader,114.184,426.999,1153.232,-179.77,0.157,-28.887,-10.503,3.085,-125.225,0.063,-57.593,108.351,-51.03,9.466,-8.294,-0.065,-1.163,-1.923,-0.7,4.27,2.3,0.01,-0.13,-0.18,-53.932,7.248,-5.408,-0.038,-1.89,-4.896,,
2026-01-27 19:59:41.970,retreat_machine_to_approach_unloader,159.57,399.573,1153.819,-179.77,0.149,-35.005,-17.178,4.257,-126.227,0.057,-57.765,107.796,-54.959,10.028,-8.727,-0.062,-1.302,-2.828,-0.79,4.27,2.29,-0.02,-0.15,-0.32,-41.953,5.367,-3.878,-0.016,-1.53,-5.413,,
2026-01-27 19:59:42.072,retreat_machine_to_approach_unloader,196.741,370.596,1154.131,-179.77,0.143,-40.442,-23.254,5.323,-127.14,0.054,-57.921,107.16,-56.408,10.187,-8.827,-0.056,-1.367,-3.71,-0.91,4.04,2.43,0.11,-0.09,-0.58,-31.764,3.778,-2.59,0.002,-1.221,-5.685,,
2026-01-27 19:59:42.177,retreat_machine_to_approach_unloader,228.264,339.853,1154.231,-179.77,0.137,-45.51,-29.06,6.342,-128.012,0.051,-58.07,106.423,-56.823,10.188,-8.801,-0.048,-1.398,-4.626,-0.96,3.94,2.48,-0.07,-0.07,-0.52,-25.9,2.928,-1.927,0.014,-1.029,-6.132,,
2026-01-27 19:59:42.280,retreat_machine_to_approach_unloader,253.245,309.866,1154.155,-179.769,0.133,-49.98,-34.319,7.265,-128.802,0.05,-58.205,105.635,-55.765,9.949,-8.576,-0.039,-1.385,-5.44,-1.01,3.75,2.52,0.05,-0.08,-0.76,-17.835,1.674,-0.912,0.025,-0.784,-6.03,,
2026-01-27 19:59:42.382,retreat_machine_to_approach_unloader,271.967,282.671,1153.963,-179.769,0.129,-53.735,-38.855,8.061,-129.483,0.05,-58.321,104.854,-53.164,9.452,-8.135,-0.03,-1.33,-6.032,-1.0,3.52,2.54,0.04,-0.08,-0.81,-8.821,0.238,0.266,0.033,-0.519,-5.35,,
2026-01-27 19:59:42.483,retreat_machine_to_approach_unloader,286.683,257.069,1153.685,-179.769,0.126,-57.066,-42.984,8.786,-130.104,0.05,-58.427,104.056,-50.195,8.9,-7.652,-0.021,-1.261,-6.519,-0.87,3.33,2.77,0.04,-0.08,-0.84,-3.865,-0.501,0.851,0.037,-0.362,-4.989,,
2026-01-27 19:59:42.587,retreat_machine_to_approach_unloader,298.655,232.023,1153.33,-179.768,0.123,-60.167,-46.93,9.478,-130.696,0.051,-58.528,103.21,-47.511,8.407,-7.221,-0.013,-1.198,-7.005,-0.92,3.26,2.81,0.04,-0.11,-0.9,-1.653,-0.771,1.04,0.04,-0.278,-4.97,,
2026-01-27 19:59:42.688,retreat_machine_to_approach_unloader,307.331,210.096,1152.952,-179.767,0.121,-62.772,-50.334,10.076,-131.208,0.053,-58.615,102.411,-44.142,7.798,-6.694,-0.006,-1.116,-7.251,-1.0,3.07,2.92,0.04,-0.12,-0.92,3.938,-1.647,1.751,0.04,-0.11,-4.0,,
2026-01-27 19:59:42.791,retreat_machine_to_approach_unloader,313.901,189.969,1152.551,-179.767,0.12,-65.086,-53.432,10.619,-131.673,0.055,-58.694,101.626,-40.852,7.208,-6.184,0.0,-1.035,-7.4,-0.92,2.98,3.04,-0.04,-0.05,-1.04,6.601,-2.018,2.035,0.039,-0.021,-3.461,,
2026-01-27 19:59:42.892,retreat_machine_to_approach_unloader,318.789,171.577,1152.139,-179.766,0.118,-67.143,-56.251,11.114,-132.096,0.057,-58.766,100.863,-37.688,6.643,-5.696,0.005,-0.956,-7.459,-0.9,2.86,3.01,-0.08,-0.07,-0.91,8.723,-2.305,2.25,0.037,0.053,-2.9,,
2026-01-27 19:59:42.999,retreat_machine_to_approach_unloader,322.339,154.828,1151.725,-179.765,0.117,-68.975,-58.818,11.565,-132.482,0.059,-58.831,100.127,-34.682,6.108,-5.236,0.01,-0.88,-7.433,-0.86,2.66,3.15,-0.02,-0.07,-0.98,10.383,-2.519,2.405,0.035,0.113,-2.332,,
2026-01-27 19:59:43.100,retreat_machine_to_approach_unloader,324.834,139.611,1151.316,-179.765,0.116,-70.61,-61.154,11.975,-132.833,0.061,-58.891,99.425,-31.852,5.606,-4.804,0.013,-0.809,-7.331,-0.79,2.57,3.22,0.03,-0.04,-0.92,11.649,-2.671,2.511,0.032,0.161,-1.769,,
2026-01-27 19:59:43.203,retreat_machine_to_approach_unloader,326.502,125.813,1150.917,-179.764,0.115,-72.072,-63.28,12.348,-133.152,0.064,-58.945,98.759,-29.204,5.137,-4.402,0.015,-0.742,-7.162,-0.76,2.56,3.1,0.0,-0.11,-0.89,12.582,-2.772,2.575,0.029,0.199,-1.22,,
2026-01-27 19:59:43.304,retreat_machine_to_approach_unloader,327.527,113.318,1150.531,-179.763,0.115,-73.383,-65.215,12.687,-133.443,0.066,-58.994,98.134,-26.741,4.702,-4.028,0.017,-0.679,-6.934,-0.78,2.49,3.33,-0.02,-0.03,-0.93,13.234,-2.83,2.604,0.025,0.228,-0.695,,
2026-01-27 19:59:43.405,retreat_machine_to_approach_unloader,328.057,102.011,1150.162,-179.762,0.114,-74.563,-66.977,12.996,-133.707,0.068,-59.038,97.551,-24.46,4.299,-3.682,0.018,-0.621,-6.657,-0.74,2.37,3.23,0.0,-0.07,-0.85,13.648,-2.852,2.605,0.022,0.25,-0.2,,
2026-01-27 19:59:43.511,retreat_machine_to_approach_unloader,328.208,91.277,1149.793,-179.762,0.113,-75.682,-68.66,13.292,-133.96,0.07,-59.081,96.986,-22.553,3.963,-3.394,0.019,-0.573,-6.407,-0.68,2.24,3.3,0.02,-0.13,-0.82,13.063,-2.704,2.461,0.019,0.245,-0.009,,
2026-01-27 19:59:43.611,retreat_machine_to_approach_unloader,328.064,82.084,1149.462,-179.761,0.113,-76.644,-70.112,13.547,-134.178,0.072,-59.118,96.495,-20.545,3.609,-3.091,0.019,-0.521,-6.033,-0.59,2.2,3.37,-0.01,-0.06,-0.8,14.071,-2.84,2.563,0.015,0.279,0.735,,
2026-01-27 19:59:43.715,retreat_machine_to_approach_unloader,327.691,73.361,1149.134,-179.76,0.112,-77.564,-71.5,13.79,-134.387,0.074,-59.153,96.026,-18.878,3.316,-2.839,0.018,-0.479,-5.696,-0.6,2.27,3.33,0.05,-0.0,-0.79,13.307,-2.668,2.403,0.012,0.268,0.889,,
2026-01-27 19:59:43.819,retreat_machine_to_approach_unloader,327.188,65.891,1148.843,-179.76,0.112,-78.362,-72.697,14.0,-134.567,0.075,-59.183,95.627,-17.151,3.012,-2.579,0.017,-0.435,-5.27,-0.59,2.15,3.42,0.06,0.07,-0.76,13.884,-2.736,2.449,0.008,0.29,1.492,,
2026-01-27 19:59:43.922,retreat_machine_to_approach_unloader,326.585,59.138,1148.571,-179.759,0.112,-79.097,-73.786,14.191,-134.73,0.076,-59.211,95.271,-15.587,2.737,-2.343,0.016,-0.395,-4.841,-0.6,1.97,3.44,-0.06,-0.07,-0.64,13.571,-2.651,2.366,0.005,0.288,1.779,,
2026-01-27 19:59:44.024,retreat_machine_to_approach_unloader,325.918,53.033,1148.318,-179.758,0.111,-79.775,-74.778,14.366,-134.879,0.077,-59.236,94.958,-14.169,2.488,-2.13,0.015,-0.359,-4.414,-0.39,2.16,3.46,0.07,0.02,-0.59,13.193,-2.558,2.276,0.003,0.284,2.024,,
2026-01-27 19:59:44.128,retreat_machine_to_approach_unloader,325.214,47.512,1148.083,-179.758,0.111,-80.406,-75.68,14.524,-135.015,0.078,-59.259,94.685,-12.883,2.262,-1.936,0.013,-0.326,-3.993,-0.36,2.07,3.51,-0.01,-0.05,-0.53,12.764,-2.458,2.182,0.001,0.279,2.227,,
2026-01-27 19:59:44.231,retreat_machine_to_approach_unloader,324.493,42.518,1147.864,-179.757,0.11,-80.993,-76.502,14.668,-135.138,0.079,-59.279,94.451,-11.716,2.057,-1.761,0.011,-0.296,-3.58,-0.4,2.0,3.45,0.0,-0.03,-0.51,12.298,-2.355,2.086,-0.001,0.271,2.391,,
2026-01-27 19:59:44.333,retreat_machine_to_approach_unloader,323.772,37.998,1147.663,-179.757,0.11,-81.544,-77.249,14.799,-135.25,0.079,-59.298,94.254,-10.656,1.871,-1.601,0.01,-0.269,-3.179,-0.34,1.91,3.52,0.08,-0.1,-0.44,11.807,-2.249,1.988,-0.003,0.263,2.517,,
2026-01-27 19:59:44.439,retreat_machine_to_approach_unloader,323.025,33.704,1147.467,-179.756,0.11,-82.087,-77.964,14.925,-135.358,0.079,-59.316,94.083,-9.778,1.717,-1.469,0.008,-0.247,-2.812,-0.34,1.94,3.5,0.01,0.02,-0.36,10.957,-2.082,1.839,-0.005,0.245,2.531,,
2026-01-27 19:59:44.543,retreat_machine_to_approach_unloader,322.301,29.835,1147.287,-179.756,0.109,-82.598,-78.611,15.038,-135.455,0.08,-59.332,93.947,-8.951,1.571,-1.345,0.006,-0.226,-2.448,-0.25,1.99,3.44,-0.02,0.04,-0.43,10.535,-1.992,1.756,-0.006,0.238,2.629,,
2026-01-27 19:59:44.647,retreat_machine_to_approach_unloader,321.605,26.349,1147.122,-179.756,0.109,-83.081,-79.197,15.141,-135.543,0.08,-59.347,93.843,-8.179,1.436,-1.229,0.005,-0.206,-2.096,-0.38,1.84,3.59,0.04,0.01,-0.3,10.092,-1.9,1.672,-0.007,0.229,2.688,,
2026-01-27 19:59:44.747,retreat_machine_to_approach_unloader,320.976,23.356,1146.978,-179.755,0.108,-83.515,-79.703,15.23,-135.619,0.079,-59.36,93.772,-7.398,1.299,-1.112,0.003,-0.186,-1.75,-0.11,1.97,3.53,0.01,-0.01,-0.2,9.889,-1.851,1.626,-0.008,0.227,2.742,,
2026-01-27 19:59:44.850,retreat_machine_to_approach_unloader,320.379,20.644,1146.846,-179.755,0.108,-83.927,-80.163,15.311,-135.688,0.079,-59.371,93.724,-6.698,1.176,-1.007,0.001,-0.168,-1.432,-0.14,1.89,3.57,0.02,-0.03,-0.13,9.354,-1.746,1.532,-0.008,0.216,2.707,,
2026-01-27 19:59:44.953,retreat_machine_to_approach_unloader,319.816,18.184,1146.725,-179.755,0.107,-84.319,-80.581,15.384,-135.751,0.079,-59.382,93.698,-6.071,1.066,-0.912,-0.0,-0.153,-1.139,-0.2,1.84,3.53,-0.01,-0.0,-0.23,8.832,-1.644,1.441,-0.008,0.205,2.65,,
2026-01-27 19:59:45.056,retreat_machine_to_approach_unloader,319.288,15.954,1146.614,-179.755,0.107,-84.693,-80.962,15.451,-135.808,0.078,-59.391,93.691,-5.506,0.967,-0.827,-0.001,-0.138,-0.872,-0.19,1.8,3.5,-0.0,-0.01,-0.24,8.325,-1.546,1.353,-0.009,0.194,2.575,,
2026-01-27 19:59:45.158,retreat_machine_to_approach_unloader,318.794,13.93,1146.512,-179.755,0.106,-85.049,-81.309,15.512,-135.861,0.077,-59.4,93.7,-4.996,0.877,-0.751,-0.003,-0.125,-0.631,-0.22,1.77,3.56,0.03,0.04,-0.1,7.835,-1.451,1.269,-0.009,0.183,2.484,,
2026-01-27 19:59:45.261,retreat_machine_to_approach_unloader,318.334,12.094,1146.419,-179.755,0.106,-85.388,-81.625,15.568,-135.908,0.077,-59.408,93.724,-4.536,0.797,-0.682,-0.004,-0.114,-0.413,-0.09,1.75,3.54,0.08,0.03,-0.04,7.363,-1.361,1.189,-0.008,0.172,2.379,,
2026-01-27 19:59:45.363,retreat_machine_to_approach_unloader,317.905,10.427,1146.333,-179.755,0.105,-85.711,-81.912,15.618,-135.951,0.076,-59.415,93.76,-4.121,0.724,-0.619,-0.005,-0.103,-0.22,-0.14,1.8,3.56,0.01,0.0,-0.03,6.911,-1.274,1.113,-0.008,0.162,2.264,,
2026-01-27 19:59:45.464,retreat_machine_to_approach_unloader,317.508,8.914,1146.255,-179.755,0.105,-86.018,-82.174,15.664,-135.99,0.075,-59.422,93.807,-3.744,0.657,-0.563,-0.005,-0.094,-0.049,-0.14,1.8,3.53,-0.03,-0.06,0.04,6.478,-1.192,1.04,-0.008,0.153,2.141,,
2026-01-27 19:59:45.569,retreat_machine_to_approach_unloader,317.122,7.472,1146.18,-179.754,0.104,-86.326,-82.424,15.708,-136.028,0.074,-59.428,93.865,-3.433,0.603,-0.516,-0.006,-0.086,0.108,-0.14,1.68,3.55,-0.03,0.09,0.03,5.946,-1.093,0.954,-0.008,0.14,2.042,,
2026-01-27 19:59:45.671,retreat_machine_to_approach_unloader,316.767,6.168,1146.112,-179.754,0.104,-86.617,-82.65,15.748,-136.062,0.074,-59.433,93.93,-3.14,0.552,-0.472,-0.007,-0.078,0.245,-0.09,1.79,3.53,0.03,-0.03,0.1,5.587,-1.025,0.894,-0.007,0.132,1.911,,
2026-01-27 19:59:45.776,retreat_machine_to_approach_unloader,316.44,4.99,1146.05,-179.754,0.103,-86.892,-82.855,15.784,-136.093,0.073,-59.438,94.001,-2.868,0.504,-0.431,-0.007,-0.072,0.36,-0.15,1.7,3.48,0.0,0.0,0.05,5.242,-0.96,0.836,-0.007,0.124,1.775,,
2026-01-27 19:59:45.877,retreat_machine_to_approach_unloader,316.155,3.976,1145.996,-179.754,0.103,-87.139,-83.032,15.815,-136.119,0.072,-59.443,94.071,-2.593,0.455,-0.39,-0.008,-0.065,0.447,-0.16,1.77,3.55,0.12,-0.07,0.03,5.0,-0.914,0.795,-0.005,0.119,1.598,,
2026-01-27 19:59:45.978,retreat_machine_to_approach_unloader,315.893,3.054,1145.947,-179.754,0.103,-87.373,-83.193,15.843,-136.144,0.071,-59.447,94.144,-2.347,0.412,-0.353,-0.008,-0.059,0.518,-0.01,1.68,3.55,0.0,-0.01,0.06,4.659,-0.85,0.74,-0.005,0.111,1.46,,
2026-01-27 19:59:46.081,retreat_machine_to_approach_unloader,315.653,2.216,1145.902,-179.754,0.102,-87.593,-83.339,15.869,-136.166,0.07,-59.45,94.219,-2.126,0.374,-0.32,-0.008,-0.053,0.574,-0.04,1.78,3.52,-0.04,0.0,0.1,4.337,-0.791,0.687,-0.004,0.104,1.324,,
2026-01-27 19:59:46.185,retreat_machine_to_approach_unloader,315.42,1.417,1145.859,-179.754,0.102,-87.81,-83.479,15.893,-136.187,0.069,-59.454,94.296,-1.944,0.342,-0.292,-0.008,-0.048,0.625,-0.1,1.7,3.55,-0.01,0.06,0.06,3.968,-0.723,0.628,-0.004,0.095,1.231,,
2026-01-27 19:59:46.285,retreat_machine_to_approach_unloader,315.218,0.728,1145.822,-179.754,0.102,-88.004,-83.6,15.914,-136.205,0.069,-59.457,94.37,-1.76,0.309,-0.265,-0.008,-0.044,0.652,0.05,1.66,3.6,-0.01,-0.07,0.12,3.764,-0.685,0.594,-0.003,0.09,1.06,waypoint,
2026-01-27 19:59:46.386,retreat_machine_to_approach_unloader,325.217,3.861,1150.581,-179.662,0.109,-87.743,-83.246,15.101,-135.106,0.069,-59.649,94.463,-0.435,-1.803,2.549,-0.006,-0.514,0.721,0.09,1.33,3.98,-0.0,-0.03,0.04,8.135,-8.967,11.705,0.007,-1.813,1.153,,
2026-01-27 19:59:46.490,retreat_machine_to_approach_unloader,351.635,14.083,1162.766,-179.652,0.112,-86.821,-82.094,12.897,-132.145,0.069,-60.395,94.694,2.552,-6.862,9.314,-0.004,-2.25,1.118,0.21,1.5,3.92,0.01,-0.05,0.11,15.296,-21.971,29.156,0.006,-7.165,2.417,,
2026-01-27 19:59:46.593,retreat_machine_to_approach_unloader,376.69,24.862,1173.633,-179.67,0.112,-86.119,-80.992,10.788,-129.312,0.067,-61.138,95.094,4.669,-10.418,14.068,-0.007,-3.544,1.84,0.19,1.47,3.95,-0.02,-0.15,0.23,13.269,-18.82,24.961,-0.011,-6.417,3.872,,
2026-01-27 19:59:46.697,retreat_machine_to_approach_unloader,398.13,34.946,1182.377,-179.686,0.112,-85.673,-80.042,8.97,-126.868,0.065,-61.778,95.6,5.878,-12.36,16.66,-0.012,-4.258,2.646,0.15,1.71,3.89,0.08,-0.16,0.28,10.429,-14.038,18.57,-0.022,-4.749,4.54,,
2026-01-27 19:59:46.800,retreat_machine_to_approach_unloader,417.473,44.754,1189.827,-179.7,0.111,-85.412,-79.177,7.314,-124.644,0.061,-62.359,96.207,6.571,-13.408,18.055,-0.018,-4.647,3.5,0.26,1.8,3.98,-0.02,-0.2,0.48,8.534,-11.001,14.518,-0.029,-3.691,5.089,,
2026-01-27 19:59:46.905,retreat_machine_to_approach_unloader,434.913,54.197,1196.184,-179.711,0.109,-85.308,-78.389,5.808,-122.62,0.057,-62.888,96.894,6.897,-13.822,18.602,-0.024,-4.807,4.342,0.22,2.08,3.95,0.0,-0.24,0.59,6.904,-8.414,11.068,-0.033,-2.792,5.384,,
2026-01-27 19:59:47.009,retreat_machine_to_approach_unloader,450.632,63.215,1201.617,-179.722,0.108,-85.338,-77.672,4.436,-120.778,0.052,-63.369,97.642,6.965,-13.795,18.558,-0.03,-4.807,5.129,0.28,2.12,3.99,0.0,-0.27,0.71,5.507,-6.219,8.143,-0.036,-2.032,5.465,,
2026-01-27 19:59:47.110,retreat_machine_to_approach_unloader,464.795,71.77,1206.269,-179.73,0.106,-85.476,-77.02,3.188,-119.101,0.047,-63.805,98.436,6.856,-13.466,18.111,-0.036,-4.697,5.831,0.27,2.3,4.01,0.05,-0.19,0.81,4.314,-4.366,5.674,-0.036,-1.391,5.37,,
2026-01-27 19:59:47.211,retreat_machine_to_approach_unloader,477.558,79.842,1210.259,-179.737,0.104,-85.703,-76.425,2.052,-117.574,0.041,-64.202,99.26,6.627,-12.94,17.399,-0.041,-4.515,6.433,0.24,2.68,4.04,0.01,-0.25,0.73,3.297,-2.808,3.6,-0.035,-0.854,5.132,,
2026-01-27 19:59:47.314,retreat_machine_to_approach_unloader,489.632,87.806,1213.856,-179.744,0.102,-86.017,-75.858,0.967,-116.116,0.035,-64.581,100.145,6.39,-12.419,16.696,-0.046,-4.333,7.036,0.22,2.69,4.03,-0.05,-0.16,0.89,2.705,-2.025,2.565,-0.036,-0.587,5.226,,
2026-01-27 19:59:47.416,retreat_machine_to_approach_unloader,499.944,94.87,1216.788,-179.749,0.1,-86.369,-75.368,0.03,-114.857,0.029,-64.907,100.989,6.017,-11.655,15.667,-0.049,-4.066,7.388,0.26,2.89,4.05,0.04,-0.17,0.9,1.654,-0.329,0.302,-0.03,-0.003,4.301,,
2026-01-27 19:59:47.518,retreat_machine_to_approach_unloader,509.243,101.454,1219.318,-179.753,0.098,-86.758,-74.922,-0.822,-113.712,0.024,-65.204,101.827,5.627,-10.872,14.613,-0.051,-3.791,7.635,0.09,2.99,4.1,0.07,-0.22,1.05,1.049,0.545,-0.858,-0.026,0.295,3.802,,
2026-01-27 19:59:47.622,retreat_machine_to_approach_unloader,518.05,107.883,1221.614,-179.756,0.095,-87.194,-74.496,-1.637,-112.618,0.018,-65.487,102.691,5.286,-10.191,13.696,-0.053,-3.551,7.886,0.1,3.2,4.01,0.02,-0.29,0.93,0.747,0.867,-1.279,-0.025,0.401,3.689,,
2026-01-27 19:59:47.723,retreat_machine_to_approach_unloader,525.955,113.82,1223.59,-179.759,0.093,-87.643,-74.11,-2.374,-111.627,0.012,-65.743,103.528,4.93,-9.487,12.75,-0.054,-3.303,8.008,0.1,3.32,4.04,-0.01,-0.17,1.05,0.271,1.549,-2.184,-0.021,0.632,3.053,,
2026-01-27 19:59:47.830,retreat_machine_to_approach_unloader,533.055,119.289,1225.295,-179.761,0.092,-88.094,-73.76,-3.042,-110.729,0.007,-65.974,104.332,4.571,-8.786,11.807,-0.054,-3.056,8.015,0.16,3.47,4.01,0.08,-0.03,1.13,-0.12,2.09,-2.9,-0.016,0.813,2.407,,
2026-01-27 19:59:47.931,retreat_machine_to_approach_unloader,539.131,124.077,1226.701,-179.762,0.09,-88.517,-73.458,-3.619,-109.955,0.002,-66.174,105.058,4.182,-8.03,10.791,-0.052,-2.79,7.826,0.13,3.6,4.01,0.03,-0.15,1.08,-0.589,2.8,-3.845,-0.009,1.053,1.394,,
2026-01-27 19:59:48.033,retreat_machine_to_approach_unloader,544.622,128.49,1227.928,-179.763,0.089,-88.927,-73.184,-4.143,-109.25,-0.003,-66.355,105.744,3.823,-7.334,9.855,-0.051,-2.545,7.585,0.05,3.72,4.0,0.06,-0.17,0.95,-0.801,3.037,-4.156,-0.005,1.13,0.853,,
2026-01-27 19:59:48.134,retreat_machine_to_approach_unloader,549.587,132.552,1229.002,-179.763,0.087,-89.318,-72.934,-4.621,-108.608,-0.007,-66.519,106.386,3.492,-6.694,8.995,-0.049,-2.321,7.295,0.04,3.81,4.0,0.04,-0.13,1.04,-0.967,3.205,-4.373,-0.002,1.182,0.335,,
2026-01-27 19:59:48.240,retreat_machine_to_approach_unloader,554.303,136.476,1229.99,-179.764,0.086,-89.705,-72.695,-5.077,-107.995,-0.011,-66.676,107.014,3.216,-6.161,8.279,-0.047,-2.133,7.04,0.02,3.94,3.93,-0.04,-0.02,0.96,-0.981,3.096,-4.22,-0.0,1.139,0.149,,
2026-01-27 19:59:48.343,retreat_machine_to_approach_unloader,558.548,140.063,1230.852,-179.763,0.085,-90.063,-72.479,-5.49,-107.44,-0.015,-66.818,107.589,2.953,-5.654,7.597,-0.045,-1.955,6.719,-0.02,4.03,3.97,-0.04,-0.15,0.95,-1.108,3.216,-4.376,0.003,1.175,-0.383,,
2026-01-27 19:59:48.444,retreat_machine_to_approach_unloader,562.19,143.184,1231.571,-179.763,0.084,-90.373,-72.293,-5.847,-106.961,-0.018,-66.941,108.088,2.681,-5.132,6.895,-0.042,-1.772,6.286,0.0,4.16,3.96,0.03,-0.07,0.86,-1.295,3.463,-4.702,0.008,1.255,-1.118,,
2026-01-27 19:59:48.548,retreat_machine_to_approach_unloader,565.653,146.188,1232.237,-179.763,0.084,-90.668,-72.114,-6.187,-106.504,-0.021,-67.058,108.562,2.456,-4.7,6.315,-0.039,-1.621,5.898,0.08,4.2,3.9,0.04,-0.1,0.81,-1.248,3.274,-4.444,0.009,1.185,-1.254,,
2026-01-27 19:59:48.660,retreat_machine_to_approach_unloader,568.625,148.797,1232.794,-179.762,0.083,-90.915,-71.96,-6.481,-106.109,-0.024,-67.158,108.964,2.227,-4.26,5.723,-0.036,-1.467,5.429,0.06,4.26,3.91,-0.1,-0.03,0.73,-1.368,3.415,-4.629,0.013,1.229,-1.843,,
2026-01-27 19:59:48.766,retreat_machine_to_approach_unloader,570.775,150.7,1233.189,-179.762,0.083,-91.088,-71.849,-6.694,-105.822,-0.026,-67.231,109.249,1.949,-3.728,5.009,-0.031,-1.283,4.786,0.0,4.33,3.87,-0.0,-0.06,0.77,-1.653,3.88,-5.249,0.019,1.383,-2.826,,
2026-01-27 19:59:48.870,retreat_machine_to_approach_unloader,573.269,152.926,1233.638,-179.761,0.083,-91.28,-71.719,-6.943,-105.489,-0.028,-67.316,109.571,1.787,-3.417,4.59,-0.029,-1.174,4.395,-0.03,4.33,3.92,-0.01,-0.03,0.68,-1.304,3.141,-4.253,0.015,1.126,-2.176,,
2026-01-27 19:59:48.974,retreat_machine_to_approach_unloader,575.531,154.963,1234.037,-179.76,0.082,-91.441,-71.601,-7.169,-105.185,-0.03,-67.393,109.851,1.636,-3.127,4.202,-0.026,-1.073,3.996,-0.03,4.33,3.96,-0.01,0.0,0.63,-1.291,3.05,-4.127,0.016,1.09,-2.382,,
2026-01-27 19:59:49.079,retreat_machine_to_approach_unloader,576.31,155.669,1234.173,-179.76,0.082,-91.493,-71.56,-7.247,-105.08,-0.03,-67.419,109.944,1.329,-2.541,3.413,-0.021,-0.871,3.229,-0.05,4.45,3.95,0.06,0.0,0.57,-1.936,4.224,-5.702,0.027,1.486,-4.014,,
2026-01-27 19:59:49.196,retreat_machine_to_approach_unloader,577.479,156.731,1234.375,-179.76,0.082,-91.566,-71.499,-7.364,-104.923,-0.031,-67.459,110.079,1.15,-2.199,2.954,-0.018,-0.753,2.759,0.07,4.5,3.9,0.0,-0.06,0.43,-1.537,3.409,-4.604,0.021,1.204,-3.19,,
2026-01-27 19:59:49.298,retreat_machine_to_approach_unloader,579.257,158.355,1234.678,-179.759,0.082,-91.666,-71.405,-7.542,-104.683,-0.032,-67.52,110.273,1.096,-2.096,2.816,-0.017,-0.717,2.554,0.06,4.55,3.88,0.04,-0.04,0.43,-1.062,2.455,-3.319,0.015,0.875,-2.284,,
2026-01-27 19:59:49.400,retreat_machine_to_approach_unloader,580.964,159.924,1234.965,-179.758,0.082,-91.745,-71.315,-7.715,-104.452,-0.033,-67.578,110.443,1.047,-2.002,2.69,-0.015,-0.683,2.34,-0.02,4.54,3.89,-0.02,-0.06,0.33,-0.99,2.275,-3.076,0.015,0.811,-2.296,,
2026-01-27 19:59:49.504,retreat_machine_to_approach_unloader,582.436,161.285,1235.208,-179.757,0.082,-91.797,-71.237,-7.863,-104.252,-0.034,-67.629,110.573,0.98,-1.873,2.517,-0.014,-0.639,2.08,0.13,4.54,3.98,0.04,-0.06,0.37,-1.013,2.281,-3.082,0.016,0.81,-2.463,,
2026-01-27 19:59:49.606,retreat_machine_to_approach_unloader,583.85,162.6,1235.438,-179.757,0.082,-91.829,-71.162,-8.007,-104.059,-0.035,-67.677,110.68,0.922,-1.763,2.369,-0.012,-0.6,1.828,0.01,4.58,3.82,0.04,-0.01,0.24,-0.941,2.108,-2.847,0.016,0.748,-2.443,,
2026-01-27 19:59:49.709,retreat_machine_to_approach_unloader,585.135,163.8,1235.645,-179.756,0.082,-91.84,-71.094,-8.137,-103.884,-0.035,-67.721,110.759,0.862,-1.648,2.215,-0.01,-0.56,1.57,0.09,4.65,3.92,0.04,-0.09,0.23,-0.914,2.026,-2.735,0.016,0.718,-2.48,,
2026-01-27 19:59:49.815,retreat_machine_to_approach_unloader,586.36,164.95,1235.839,-179.755,0.083,-91.831,-71.029,-8.262,-103.717,-0.036,-67.763,110.815,0.81,-1.548,2.079,-0.009,-0.525,1.317,-0.13,4.7,3.9,-0.06,-0.09,0.18,-0.853,1.881,-2.539,0.016,0.666,-2.465,,
2026-01-27 19:59:49.915,retreat_machine_to_approach_unloader,587.415,165.945,1236.005,-179.754,0.083,-91.805,-70.973,-8.369,-103.572,-0.036,-67.8,110.845,0.748,-1.43,1.921,-0.007,-0.485,1.063,0.01,4.68,3.84,0.08,-0.07,0.2,-0.857,1.864,-2.516,0.016,0.658,-2.48,,
2026-01-27 19:59:50.019,retreat_machine_to_approach_unloader,588.421,166.897,1236.161,-179.754,0.083,-91.76,-70.919,-8.472,-103.434,-0.036,-67.834,110.855,0.695,-1.329,1.785,-0.005,-0.45,0.821,0.01,4.74,3.9,-0.01,0.03,0.19,-0.797,1.725,-2.328,0.016,0.608,-2.434,,
2026-01-27 19:59:50.123,retreat_machine_to_approach_unloader,589.288,167.72,1236.294,-179.753,0.083,-91.705,-70.873,-8.56,-103.315,-0.036,-67.864,110.846,0.637,-1.218,1.637,-0.004,-0.412,0.594,0.05,4.73,3.98,0.09,-0.01,0.1,-0.791,1.694,-2.285,0.015,0.596,-2.376,waypoint,
2026-01-27 19:59:50.227,approach_unloader_to_place,590.173,168.507,1232.627,-179.844,0.049,-91.639,-70.83,-8.803,-103.434,-0.036,-67.599,110.822,0.583,-1.521,0.931,-0.002,0.354,0.385,-0.01,4.72,3.82,0.06,0.05,0.06,-0.753,-0.018,-4.434,0.016,3.483,-2.29,,
2026-01-27 19:59:50.330,approach_unloader_to_place,591.369,169.363,1224.998,-179.842,0.05,-91.563,-70.792,-9.204,-103.805,-0.035,-66.825,110.785,0.534,-2.142,-0.23,-0.001,2.2,0.196,0.03,4.79,3.84,-0.04,0.08,-0.03,-0.714,-1.592,-6.517,0.017,8.225,-2.191,,
2026-01-27 19:59:50.431,approach_unloader_to_place,592.407,170.126,1218.059,-179.824,0.057,-91.48,-70.757,-9.568,-104.144,-0.035,-66.103,110.737,0.488,-2.517,-1.019,0.001,3.455,0.027,0.02,4.79,3.8,-0.05,0.13,0.0,-0.678,-1.071,-5.538,0.015,6.882,-2.081,,
2026-01-27 19:59:50.532,approach_unloader_to_place,593.24,170.765,1212.068,-179.809,0.064,-91.396,-70.726,-9.883,-104.437,-0.034,-65.48,110.684,0.442,-2.675,-1.496,0.002,4.15,-0.114,-0.04,4.93,3.78,0.05,0.17,0.02,-0.657,-0.47,-4.525,0.014,5.21,-1.93,,
2026-01-27 19:59:50.636,approach_unloader_to_place,593.987,171.362,1206.305,-179.796,0.069,-91.303,-70.697,-10.186,-104.719,-0.034,-64.88,110.62,0.404,-2.764,-1.827,0.003,4.612,-0.244,0.07,4.94,3.7,0.07,0.23,0.08,-0.603,-0.307,-3.964,0.013,4.452,-1.836,,
2026-01-27 19:59:50.741,approach_unloader_to_place,594.619,171.89,1201.067,-179.784,0.074,-91.207,-70.671,-10.462,-104.975,-0.033,-64.335,110.551,0.37,-2.763,-2.012,0.004,4.822,-0.356,-0.01,5.04,3.81,0.01,0.18,0.0,-0.569,-0.004,-3.315,0.012,3.461,-1.708,,
2026-01-27 19:59:50.843,approach_unloader_to_place,595.156,172.357,1196.304,-179.774,0.078,-91.11,-70.647,-10.713,-105.209,-0.033,-63.839,110.478,0.338,-2.701,-2.092,0.004,4.856,-0.45,-0.06,4.94,3.74,0.07,0.22,-0.06,-0.536,0.244,-2.753,0.011,2.619,-1.577,,
2026-01-27 19:59:50.944,approach_unloader_to_place,595.589,172.751,1192.192,-179.766,0.081,-91.018,-70.626,-10.931,-105.411,-0.032,-63.411,110.406,0.306,-2.569,-2.074,0.005,4.711,-0.516,-0.05,4.98,3.72,-0.04,0.24,-0.04,-0.515,0.56,-2.16,0.01,1.679,-1.405,,
2026-01-27 19:59:51.044,approach_unloader_to_place,595.961,173.103,1188.435,-179.759,0.084,-90.926,-70.607,-11.129,-105.595,-0.031,-63.02,110.333,0.277,-2.423,-2.017,0.005,4.511,-0.57,0.09,5.1,3.71,0.02,0.2,-0.08,-0.481,0.689,-1.772,0.009,1.142,-1.277,,
2026-01-27 19:59:51.147,approach_unloader_to_place,596.28,173.418,1185.002,-179.753,0.087,-90.835,-70.589,-11.311,-105.764,-0.031,-62.663,110.26,0.251,-2.272,-1.935,0.005,4.276,-0.61,0.05,4.99,3.81,-0.01,0.13,-0.06,-0.45,0.79,-1.437,0.008,0.69,-1.153,,
2026-01-27 19:59:51.247,approach_unloader_to_place,596.569,173.715,1181.698,-179.747,0.089,-90.741,-70.572,-11.486,-105.927,-0.03,-62.319,110.183,0.231,-2.141,-1.858,0.005,4.066,-0.65,-0.04,4.97,3.73,-0.04,0.21,-0.04,-0.411,0.778,-1.231,0.007,0.485,-1.073,,
2026-01-27 19:59:51.351,approach_unloader_to_place,596.816,173.98,1178.694,-179.743,0.091,-90.651,-70.557,-11.645,-106.075,-0.03,-62.007,110.108,0.211,-2.004,-1.763,0.005,3.83,-0.676,0.03,5.08,3.71,-0.01,0.25,-0.11,-0.385,0.857,-0.962,0.006,0.124,-0.952,,
2026-01-27 19:59:51.455,approach_unloader_to_place,597.028,174.217,1175.962,-179.739,0.093,-90.564,-70.543,-11.791,-106.209,-0.029,-61.723,110.034,0.193,-1.866,-1.659,0.006,3.582,-0.69,0.05,5.03,3.69,0.0,0.12,-0.15,-0.36,0.914,-0.733,0.006,-0.173,-0.836,,
2026-01-27 19:59:51.555,approach_unloader_to_place,597.201,174.418,1173.603,-179.736,0.094,-90.485,-70.531,-11.916,-106.326,-0.029,-61.478,109.967,0.175,-1.713,-1.535,0.005,3.299,-0.685,-0.05,5.12,3.71,-0.04,0.13,-0.12,-0.343,1.02,-0.477,0.004,-0.543,-0.689,,
2026-01-27 19:59:51.656,approach_unloader_to_place,597.359,174.609,1171.332,-179.733,0.095,-90.406,-70.519,-12.037,-106.438,-0.028,-61.242,109.9,0.16,-1.587,-1.432,0.005,3.064,-0.683,0.06,5.08,3.63,0.03,0.13,-0.12,-0.313,0.964,-0.386,0.004,-0.582,-0.626,,
2026-01-27 19:59:51.757,approach_unloader_to_place,597.481,174.763,1169.475,-179.731,0.096,-90.339,-70.51,-12.136,-106.529,-0.028,-61.05,109.842,0.144,-1.437,-1.303,0.005,2.78,-0.656,-0.03,5.04,3.68,-0.04,0.16,-0.09,-0.303,1.087,-0.144,0.003,-0.955,-0.462,,
2026-01-27 19:59:51.858,approach_unloader_to_place,597.6,174.918,1167.577,-179.73,0.097,-90.269,-70.5,-12.237,-106.623,-0.027,-60.853,109.782,0.132,-1.33,-1.212,0.005,2.577,-0.643,0.01,5.12,3.67,-0.04,0.1,-0.05,-0.271,0.956,-0.15,0.003,-0.818,-0.447,,
2026-01-27 19:59:51.962,approach_unloader_to_place,597.703,175.058,1165.852,-179.728,0.097,-90.203,-70.491,-12.329,-106.709,-0.027,-60.674,109.725,0.121,-1.228,-1.122,0.005,2.38,-0.624,0.01,5.09,3.64,0.11,0.18,0.01,-0.252,0.951,-0.051,0.002,-0.916,-0.361,,
2026-01-27 19:59:52.062,approach_unloader_to_place,597.788,175.177,1164.361,-179.727,0.098,-90.146,-70.484,-12.408,-106.782,-0.026,-60.52,109.675,0.11,-1.12,-1.026,0.005,2.171,-0.592,-0.01,5.14,3.63,-0.07,0.1,-0.11,-0.239,0.981,0.07,0.002,-1.069,-0.257,,
2026-01-27 19:59:52.164,approach_unloader_to_place,597.862,175.285,1162.997,-179.726,0.098,-90.094,-70.477,-12.481,-106.85,-0.026,-60.379,109.63,0.1,-1.022,-0.938,0.004,1.981,-0.558,-0.0,4.96,3.55,0.07,0.05,-0.03,-0.222,0.95,0.126,0.001,-1.095,-0.192,,
2026-01-27 19:59:52.267,approach_unloader_to_place,597.931,175.388,1161.685,-179.726,0.099,-90.043,-70.47,-12.551,-106.915,-0.026,-60.243,109.586,0.092,-0.941,-0.866,0.004,1.825,-0.529,-0.05,5.12,3.69,0.01,0.15,-0.08,-0.202,0.882,0.139,0.001,-1.039,-0.156,,
2026-01-27 19:59:52.369,approach_unloader_to_place,597.99,175.48,1160.491,-179.726,0.099,-89.997,-70.464,-12.615,-106.974,-0.025,-60.12,109.546,0.084,-0.865,-0.797,0.004,1.677,-0.496,-0.03,5.12,3.65,0.07,0.16,-0.07,-0.188,0.857,0.183,0.0,-1.059,-0.098,waypoint,
2026-01-27 19:59:52.475,place_on_unloader,598.045,175.568,1159.351,-179.725,0.099,-89.954,-70.458,-12.676,-107.03,-0.025,-60.002,109.509,0.078,-0.801,-0.739,0.004,1.552,-0.465,-0.03,5.03,3.55,-0.04,0.03,-0.07,-0.172,0.799,0.191,0.0,-1.009,-0.063,,
2026-01-27 19:59:52.576,place_on_unloader,598.09,175.643,1158.367,-179.725,0.099,-89.918,-70.453,-12.728,-107.079,-0.025,-59.9,109.477,0.071,-0.732,-0.676,0.003,1.418,-0.427,-0.04,5.17,3.58,0.07,0.16,-0.09,-0.163,0.803,0.25,-0.0,-1.071,0.004,,
2026-01-27 19:59:52.680,place_on_unloader,598.131,175.714,1157.428,-179.725,0.099,-89.885,-70.448,-12.778,-107.126,-0.024,-59.804,109.449,0.065,-0.675,-0.624,0.003,1.305,-0.392,0.01,5.06,3.63,-0.06,0.07,-0.13,-0.149,0.746,0.246,-0.0,-1.01,0.03,,
2026-01-27 19:59:52.782,place_on_unloader,598.166,175.775,1156.618,-179.725,0.099,-89.857,-70.444,-12.822,-107.166,-0.024,-59.72,109.425,0.059,-0.615,-0.568,0.003,1.187,-0.352,0.08,5.06,3.57,-0.03,0.06,-0.06,-0.14,0.741,0.286,-0.001,-1.044,0.08,,
2026-01-27 19:59:52.884,place_on_unloader,598.196,175.83,1155.881,-179.726,0.099,-89.834,-70.44,-12.861,-107.203,-0.024,-59.645,109.406,0.054,-0.56,-0.518,0.003,1.08,-0.314,-0.03,5.14,3.51,-0.08,0.14,-0.04,-0.13,0.705,0.293,-0.001,-1.015,0.107,,
2026-01-27 19:59:52.986,place_on_unloader,598.223,175.879,1155.21,-179.726,0.099,-89.814,-70.437,-12.897,-107.236,-0.024,-59.576,109.389,0.049,-0.509,-0.471,0.002,0.982,-0.276,0.02,5.15,3.6,0.04,0.01,-0.07,-0.12,0.67,0.297,-0.001,-0.983,0.13,,
2026-01-27 19:59:53.086,place_on_unloader,598.245,175.922,1154.631,-179.726,0.099,-89.798,-70.434,-12.928,-107.265,-0.024,-59.516,109.377,0.044,-0.46,-0.425,0.002,0.885,-0.239,-0.07,5.11,3.53,0.05,0.06,-0.05,-0.113,0.652,0.312,-0.001,-0.979,0.154,,
2026-01-27 19:59:53.190,place_on_unloader,598.264,175.959,1154.129,-179.727,0.099,-89.786,-70.431,-12.955,-107.289,-0.024,-59.465,109.367,0.04,-0.412,-0.381,0.002,0.793,-0.203,0.06,5.14,3.63,-0.07,0.04,0.01,-0.106,0.628,0.32,-0.001,-0.961,0.17,,
2026-01-27 19:59:53.290,place_on_unloader,598.283,175.996,1153.616,-179.727,0.099,-89.775,-70.429,-12.983,-107.315,-0.024,-59.412,109.359,0.036,-0.378,-0.35,0.001,0.726,-0.173,0.07,5.08,3.53,-0.0,-0.02,-0.07,-0.095,0.559,0.282,-0.001,-0.854,0.167,,
2026-01-27 19:59:53.391,place_on_unloader,598.298,176.028,1153.173,-179.727,0.099,-89.767,-70.426,-13.006,-107.337,-0.024,-59.367,109.353,0.033,-0.343,-0.317,0.001,0.658,-0.143,-0.04,5.07,3.52,0.03,0.01,0.05,-0.089,0.541,0.288,-0.002,-0.84,0.177,,
2026-01-27 19:59:53.494,place_on_unloader,598.313,176.059,1152.746,-179.728,0.099,-89.761,-70.424,-13.029,-107.358,-0.024,-59.323,109.349,0.03,-0.314,-0.291,0.001,0.602,-0.117,-0.03,5.16,3.56,-0.03,0.01,-0.0,-0.081,0.495,0.268,-0.002,-0.774,0.177,,
2026-01-27 19:59:53.597,place_on_unloader,598.326,176.087,1152.357,-179.728,0.099,-89.758,-70.422,-13.05,-107.377,-0.024,-59.284,109.348,0.028,-0.288,-0.266,0.001,0.551,-0.092,0.02,5.05,3.55,-0.04,0.01,0.01,-0.075,0.466,0.26,-0.002,-0.736,0.179,,
2026-01-27 19:59:53.701,place_on_unloader,598.338,176.112,1152.004,-179.729,0.098,-89.756,-70.42,-13.069,-107.395,-0.024,-59.248,109.348,0.025,-0.263,-0.244,0.001,0.503,-0.069,-0.03,5.05,3.48,0.03,-0.01,0.05,-0.069,0.438,0.251,-0.002,-0.698,0.179,,
2026-01-27 19:59:53.806,place_on_unloader,598.348,176.134,1151.698,-179.729,0.098,-89.756,-70.419,-13.085,-107.41,-0.024,-59.216,109.349,0.023,-0.238,-0.221,0.0,0.455,-0.048,-0.03,5.07,3.57,-0.05,0.04,0.06,-0.065,0.42,0.25,-0.001,-0.678,0.175,,
2026-01-27 19:59:53.910,place_on_unloader,598.357,176.156,1151.389,-179.73,0.098,-89.757,-70.417,-13.102,-107.425,-0.024,-59.185,109.352,0.021,-0.22,-0.204,0.0,0.42,-0.029,0.06,5.16,3.55,0.01,0.04,-0.06,-0.058,0.376,0.223,-0.001,-0.607,0.172,,
2026-01-27 19:59:54.011,place_on_unloader,598.366,176.175,1151.123,-179.73,0.098,-89.759,-70.416,-13.116,-107.439,-0.024,-59.158,109.356,0.019,-0.201,-0.186,0.0,0.383,-0.012,-0.01,5.05,3.56,-0.02,-0.02,0.08,-0.054,0.362,0.222,-0.001,-0.59,0.165,,
2026-01-27 19:59:54.112,place_on_unloader,598.373,176.192,1150.88,-179.73,0.098,-89.763,-70.414,-13.129,-107.451,-0.024,-59.133,109.361,0.018,-0.183,-0.17,-0.0,0.349,0.003,-0.01,5.05,3.43,-0.05,0.01,0.04,-0.05,0.338,0.212,-0.001,-0.555,0.158,,
2026-01-27 19:59:54.219,place_on_unloader,598.379,176.207,1150.659,-179.731,0.098,-89.767,-70.413,-13.141,-107.462,-0.024,-59.111,109.366,0.016,-0.167,-0.155,-0.0,0.317,0.016,0.0,5.12,3.54,0.04,0.01,0.03,-0.046,0.316,0.201,-0.001,-0.522,0.149,,
2026-01-27 19:59:54.322,place_on_unloader,598.385,176.221,1150.459,-179.731,0.098,-89.772,-70.412,-13.152,-107.472,-0.024,-59.091,109.372,0.015,-0.152,-0.141,-0.0,0.289,0.027,0.0,4.95,3.62,0.06,0.03,-0.01,-0.043,0.295,0.191,-0.001,-0.49,0.14,,
2026-01-27 19:59:54.422,place_on_unloader,598.39,176.233,1150.285,-179.732,0.097,-89.778,-70.411,-13.161,-107.48,-0.024,-59.073,109.379,0.013,-0.137,-0.127,-0.0,0.261,0.036,-0.07,5.12,3.49,0.05,0.01,0.02,-0.04,0.28,0.186,-0.001,-0.469,0.127,,
2026-01-27 19:59:54.522,place_on_unloader,598.395,176.245,1150.118,-179.732,0.097,-89.784,-70.41,-13.17,-107.489,-0.024,-59.056,109.385,0.012,-0.126,-0.116,-0.0,0.238,0.044,-0.05,5.16,3.54,0.03,-0.01,-0.01,-0.036,0.256,0.17,-0.001,-0.429,0.121,,
2026-01-27 19:59:54.627,place_on_unloader,598.399,176.256,1149.966,-179.732,0.097,-89.79,-70.41,-13.178,-107.496,-0.024,-59.041,109.392,0.011,-0.115,-0.106,-0.0,0.217,0.051,-0.08,5.1,3.52,0.03,-0.05,-0.03,-0.033,0.238,0.161,-0.001,-0.401,0.111,,
2026-01-27 19:59:54.731,place_on_unloader,598.403,176.265,1149.827,-179.733,0.097,-89.796,-70.409,-13.186,-107.503,-0.024,-59.027,109.399,0.01,-0.105,-0.097,-0.0,0.197,0.056,-0.05,5.13,3.53,0.09,-0.0,0.03,-0.031,0.222,0.151,-0.001,-0.375,0.1,,
2026-01-27 19:59:54.832,place_on_unloader,598.406,176.273,1149.707,-179.733,0.097,-89.802,-70.408,-13.192,-107.509,-0.024,-59.015,109.406,0.009,-0.094,-0.087,-0.0,0.178,0.059,0.04,5.16,3.62,0.0,-0.02,0.06,-0.029,0.21,0.146,-0.001,-0.357,0.086,,
2026-01-27 19:59:54.936,place_on_unloader,598.409,176.282,1149.586,-179.733,0.097,-89.809,-70.408,-13.199,-107.515,-0.024,-59.003,109.414,0.008,-0.087,-0.081,-0.001,0.164,0.062,-0.01,5.13,3.54,-0.02,-0.0,-0.02,-0.026,0.188,0.13,-0.001,-0.32,0.084,,
2026-01-27 19:59:55.041,place_on_unloader,598.412,176.289,1149.482,-179.734,0.097,-89.815,-70.407,-13.204,-107.52,-0.024,-58.992,109.42,0.008,-0.079,-0.073,-0.001,0.149,0.064,-0.02,5.12,3.53,-0.0,0.05,-0.09,-0.024,0.178,0.126,-0.001,-0.305,0.07,,
2026-01-27 19:59:55.143,place_on_unloader,598.415,176.295,1149.387,-179.734,0.096,-89.821,-70.407,-13.209,-107.525,-0.024,-58.983,109.427,0.007,-0.072,-0.067,-0.001,0.136,0.064,0.14,5.08,3.56,-0.02,-0.01,-0.06,-0.022,0.165,0.118,-0.001,-0.284,0.061,,
2026-01-27 19:59:55.450,place_on_unloader,598.42,176.311,1149.154,-179.735,0.096,-89.838,-70.405,-13.222,-107.537,-0.024,-58.959,109.445,0.005,-0.054,-0.05,-0.0,0.101,0.061,-0.06,5.1,3.44,0.05,0.06,-0.02,-0.017,0.134,0.098,-0.0,-0.232,0.033,,
2026-01-27 19:59:55.759,place_on_unloader,598.425,176.323,1148.974,-179.735,0.096,-89.851,-70.405,-13.232,-107.545,-0.025,-58.941,109.459,0.004,-0.041,-0.038,-0.0,0.077,0.054,0.02,4.92,3.56,0.03,0.04,0.01,-0.013,0.104,0.078,-0.0,-0.182,0.016,,
2026-01-27 19:59:56.065,place_on_unloader,598.428,176.332,1148.843,-179.736,0.096,-89.861,-70.404,-13.239,-107.552,-0.025,-58.928,109.47,0.003,-0.031,-0.028,-0.0,0.057,0.043,-0.07,5.15,3.61,-0.05,-0.02,-0.08,-0.01,0.083,0.063,-0.0,-0.146,-0.0,,
2026-01-27 19:59:56.367,place_on_unloader,598.43,176.339,1148.741,-179.736,0.096,-89.869,-70.403,-13.244,-107.557,-0.025,-58.918,109.478,0.002,-0.023,-0.021,-0.0,0.043,0.033,0.03,5.13,3.56,0.0,0.04,-0.02,-0.008,0.064,0.05,0.0,-0.114,-0.008,,
2026-01-27 19:59:56.670,place_on_unloader,598.432,176.344,1148.666,-179.737,0.095,-89.873,-70.403,-13.248,-107.561,-0.025,-58.911,109.483,0.002,-0.018,-0.016,-0.0,0.032,0.023,-0.06,5.11,3.52,0.08,-0.02,-0.04,-0.006,0.051,0.04,0.0,-0.091,-0.015,,
2026-01-27 19:59:56.977,place_on_unloader,598.433,176.348,1148.608,-179.737,0.095,-89.875,-70.403,-13.251,-107.564,-0.025,-58.905,109.485,0.001,-0.013,-0.012,-0.0,0.024,0.014,0.01,5.14,3.58,0.03,0.04,0.02,-0.005,0.04,0.032,0.0,-0.071,-0.017,,
2026-01-27 19:59:57.285,place_on_unloader,598.434,176.351,1148.564,-179.737,0.095,-89.876,-70.402,-13.254,-107.566,-0.025,-58.901,109.486,0.001,-0.01,-0.009,-0.0,0.019,0.007,-0.03,5.1,3.52,0.04,0.02,0.02,-0.004,0.031,0.025,0.0,-0.055,-0.017,,
2026-01-27 19:59:57.587,place_on_unloader,598.434,176.353,1148.53,-179.737,0.095,-89.875,-70.402,-13.255,-107.567,-0.025,-58.898,109.486,0.001,-0.008,-0.007,-0.0,0.014,0.002,0.03,5.07,3.56,-0.04,0.05,0.04,-0.003,0.024,0.019,0.0,-0.043,-0.016,,
2026-01-27 19:59:57.897,place_on_unloader,598.435,176.355,1148.505,-179.737,0.095,-89.874,-70.402,-13.257,-107.569,-0.025,-58.895,109.484,0.001,-0.006,-0.005,0.0,0.01,-0.002,-0.03,5.07,3.6,-0.03,-0.08,0.06,-0.002,0.019,0.015,0.0,-0.034,-0.013,,
2026-01-27 19:59:58.004,place_to_retreat_unloader,590.631,177.091,1149.157,-179.765,0.086,-89.582,-70.094,-12.622,-108.309,-0.024,-58.818,109.5,0.77,1.582,-1.855,0.002,0.2,0.037,0.03,5.2,3.4,0.02,-0.02,-0.04,3.077,6.365,-7.385,0.01,0.731,0.146,,
2026-01-27 19:59:58.107,place_to_retreat_unloader,577.804,178.149,1150.063,-179.763,0.088,-89.153,-69.585,-11.573,-109.535,-0.023,-58.639,109.58,1.849,3.81,-4.455,0.004,0.598,0.228,0.16,5.11,3.25,-0.06,-0.0,-0.01,4.777,9.877,-11.502,0.006,1.681,0.781,,
2026-01-27 19:59:58.208,place_to_retreat_unloader,566.122,178.914,1150.713,-179.758,0.091,-88.83,-69.122,-10.618,-110.651,-0.023,-58.473,109.72,2.545,5.245,-6.131,0.003,0.864,0.521,-0.01,5.01,3.28,0.0,0.07,0.12,3.843,7.949,-9.252,-0.001,1.385,1.3,,
2026-01-27 19:59:58.311,place_to_retreat_unloader,555.482,179.444,1151.16,-179.753,0.093,-88.599,-68.701,-9.749,-111.666,-0.023,-58.322,109.91,2.962,6.107,-7.138,0.001,1.026,0.867,-0.08,5.04,3.32,-0.0,0.15,0.09,3.043,6.296,-7.325,-0.006,1.095,1.673,,
2026-01-27 19:59:58.412,place_to_retreat_unloader,545.796,179.789,1151.445,-179.749,0.095,-88.447,-68.317,-8.957,-112.591,-0.024,-58.184,110.142,3.181,6.559,-7.664,-0.001,1.113,1.23,-0.01,4.91,3.27,-0.04,0.14,0.13,2.36,4.885,-5.68,-0.01,0.847,1.923,,
2026-01-27 19:59:58.514,place_to_retreat_unloader,537.425,179.983,1151.6,-179.746,0.096,-88.365,-67.986,-8.273,-113.39,-0.026,-58.066,110.393,3.215,6.629,-7.746,-0.004,1.131,1.55,0.03,4.81,3.34,0.03,0.09,0.19,1.604,3.324,-3.858,-0.012,0.574,1.92,,
2026-01-27 19:59:58.615,place_to_retreat_unloader,529.364,180.078,1151.667,-179.743,0.097,-88.335,-67.666,-7.614,-114.159,-0.027,-57.952,110.684,3.21,6.619,-7.733,-0.007,1.134,1.889,0.03,4.76,3.11,0.01,-0.03,0.16,1.322,2.739,-3.178,-0.014,0.471,2.125,,
2026-01-27 19:59:58.720,place_to_retreat_unloader,522.03,180.086,1151.658,-179.741,0.098,-88.354,-67.375,-7.015,-114.86,-0.029,-57.848,110.994,3.134,6.463,-7.551,-0.01,1.109,2.192,0.05,4.74,3.27,-0.11,0.07,0.24,0.903,1.874,-2.169,-0.015,0.32,2.109,,
2026-01-27 19:59:58.824,place_to_retreat_unloader,515.36,180.03,1151.593,-179.738,0.099,-88.412,-67.111,-6.469,-115.497,-0.031,-57.754,111.318,3.013,6.212,-7.257,-0.012,1.067,2.454,0.05,4.66,3.27,-0.01,0.09,0.28,0.552,1.148,-1.323,-0.016,0.193,2.033,,
2026-01-27 19:59:58.926,place_to_retreat_unloader,509.597,179.931,1151.492,-179.737,0.1,-88.496,-66.882,-5.997,-116.048,-0.033,-57.673,111.632,2.831,5.838,-6.821,-0.014,1.003,2.626,0.03,4.56,3.25,0.06,0.09,0.3,0.138,0.293,-0.326,-0.014,0.045,1.734,,
2026-01-27 19:59:59.030,place_to_retreat_unloader,504.051,179.793,1151.355,-179.735,0.1,-88.609,-66.661,-5.543,-116.579,-0.035,-57.594,111.967,2.675,5.515,-6.442,-0.016,0.948,2.806,0.08,4.51,3.24,-0.06,0.01,0.42,0.04,0.09,-0.09,-0.015,0.009,1.765,,
2026-01-27 19:59:59.136,place_to_retreat_unloader,499.007,179.631,1151.198,-179.733,0.1,-88.741,-66.461,-5.129,-117.062,-0.037,-57.523,112.3,2.508,5.17,-6.04,-0.018,0.888,2.938,-0.01,4.28,3.35,0.01,0.07,0.38,-0.162,-0.327,0.395,-0.014,-0.063,1.577,,
2026-01-27 19:59:59.239,place_to_retreat_unloader,494.19,179.444,1151.018,-179.732,0.101,-88.894,-66.269,-4.734,-117.524,-0.04,-57.456,112.646,2.36,4.866,-5.684,-0.019,0.836,3.068,0.18,4.22,3.28,-0.02,0.15,0.34,-0.234,-0.478,0.57,-0.014,-0.089,1.541,,
2026-01-27 19:59:59.340,place_to_retreat_unloader,490.247,179.266,1150.849,-179.731,0.101,-89.038,-66.112,-4.41,-117.902,-0.042,-57.4,112.949,2.163,4.459,-5.208,-0.02,0.765,3.059,0.0,4.27,3.34,-0.04,0.04,0.45,-0.558,-1.145,1.348,-0.01,-0.204,0.962,,
2026-01-27 19:59:59.442,place_to_retreat_unloader,486.452,179.075,1150.668,-179.73,0.101,-89.195,-65.961,-4.099,-118.266,-0.044,-57.347,113.258,2.0,4.123,-4.817,-0.02,0.707,3.067,0.06,4.19,3.3,0.05,0.09,0.4,-0.56,-1.15,1.353,-0.01,-0.205,0.927,,
2026-01-27 19:59:59.544,place_to_retreat_unloader,483.0,178.884,1150.487,-179.729,0.101,-89.352,-65.823,-3.815,-118.598,-0.046,-57.299,113.554,1.845,3.802,-4.442,-0.021,0.651,3.041,0.02,4.16,3.24,0.07,0.05,0.44,-0.64,-1.315,1.544,-0.008,-0.233,0.702,,
2026-01-27 19:59:59.648,place_to_retreat_unloader,479.703,178.686,1150.301,-179.729,0.101,-89.515,-65.691,-3.543,-118.915,-0.048,-57.253,113.85,1.713,3.53,-4.123,-0.021,0.604,3.019,-0.0,4.18,3.39,-0.05,0.06,0.29,-0.636,-1.309,1.537,-0.007,-0.232,0.624,,
2026-01-27 19:59:59.748,place_to_retreat_unloader,476.861,178.504,1150.129,-179.728,0.101,-89.664,-65.578,-3.309,-119.188,-0.05,-57.213,114.113,1.568,3.232,-3.776,-0.02,0.552,2.923,0.02,4.0,3.38,-0.06,0.04,0.34,-0.754,-1.551,1.819,-0.004,-0.273,0.244,,
2026-01-27 19:59:59.853,place_to_retreat_unloader,474.277,178.328,1149.964,-179.728,0.101,-89.805,-65.474,-3.097,-119.437,-0.052,-57.177,114.359,1.435,2.957,-3.454,-0.02,0.504,2.807,-0.04,4.01,3.33,-0.03,-0.11,0.37,-0.78,-1.606,1.882,-0.003,-0.282,0.044,,
2026-01-27 19:59:59.953,place_to_retreat_unloader,472.044,178.169,1149.814,-179.727,0.101,-89.931,-65.385,-2.912,-119.652,-0.054,-57.146,114.575,1.299,2.678,-3.128,-0.019,0.456,2.646,0.01,4.07,3.32,0.01,0.04,0.33,-0.842,-1.734,2.032,-0.0,-0.303,-0.259,,
2026-01-27 20:00:00.053,place_to_retreat_unloader,470.002,178.018,1149.672,-179.727,0.101,-90.048,-65.303,-2.744,-119.849,-0.055,-57.117,114.775,1.179,2.429,-2.838,-0.018,0.413,2.483,-0.01,3.94,3.47,-0.03,-0.0,0.48,-0.834,-1.718,2.012,0.001,-0.3,-0.4,,
2026-01-27 20:00:00.157,place_to_retreat_unloader,468.037,177.866,1149.53,-179.727,0.101,-90.161,-65.225,-2.582,-120.038,-0.056,-57.09,114.967,1.081,2.227,-2.602,-0.017,0.378,2.343,0.0,3.82,3.38,-0.04,0.07,0.37,-0.781,-1.608,1.883,0.001,-0.281,-0.432,,
2026-01-27 20:00:00.259,place_to_retreat_unloader,466.248,177.724,1149.396,-179.726,0.101,-90.262,-65.153,-2.434,-120.21,-0.058,-57.065,115.141,0.99,2.039,-2.382,-0.016,0.346,2.191,0.05,3.94,3.27,-0.02,0.04,0.31,-0.774,-1.593,1.865,0.003,-0.278,-0.575,,
2026-01-27 20:00:00.365,place_to_retreat_unloader,464.622,177.591,1149.271,-179.726,0.1,-90.352,-65.088,-2.3,-120.367,-0.059,-57.042,115.296,0.905,1.865,-2.179,-0.015,0.316,2.032,0.06,3.88,3.39,0.04,-0.04,0.36,-0.761,-1.566,1.833,0.004,-0.273,-0.701,,
2026-01-27 20:00:00.466,place_to_retreat_unloader,463.141,177.467,1149.154,-179.726,0.1,-90.429,-65.028,-2.178,-120.51,-0.06,-57.022,115.433,0.827,1.705,-1.991,-0.014,0.288,1.867,0.04,3.75,3.39,0.07,-0.06,0.28,-0.743,-1.53,1.791,0.005,-0.266,-0.809,,
2026-01-27 20:00:00.570,place_to_retreat_unloader,461.795,177.351,1149.045,-179.726,0.1,-90.495,-64.974,-2.066,-120.64,-0.061,-57.003,115.554,0.756,1.557,-1.819,-0.012,0.263,1.701,0.05,3.81,3.41,0.03,0.06,0.23,-0.722,-1.487,1.74,0.006,-0.258,-0.9,,
2026-01-27 20:00:00.674,place_to_retreat_unloader,460.569,177.244,1148.944,-179.726,0.1,-90.549,-64.925,-1.965,-120.759,-0.061,-56.986,115.657,0.69,1.421,-1.66,-0.011,0.24,1.535,-0.02,3.79,3.48,0.02,0.02,0.2,-0.698,-1.438,1.683,0.006,-0.249,-0.974,waypoint,
2026-01-27 20:00:00.778,retreat_unloader_to_end,452.487,163.833,1160.316,-179.453,0.227,-91.624,-65.966,-0.133,-121.26,-0.066,-58.016,115.693,-2.084,5.646,-2.499,-0.019,-2.395,1.241,0.1,3.75,3.18,0.02,-0.23,0.18,-11.525,16.012,-2.318,-0.03,-10.693,-1.556,,
2026-01-27 20:00:00.879,retreat_unloader_to_end,437.153,140.863,1179.114,-179.463,0.215,-93.26,-67.81,2.955,-122.022,-0.069,-60.356,115.485,-6.174,11.956,-3.778,-0.022,-7.647,0.41,-0.08,3.73,3.02,-0.06,-0.35,0.07,-18.41,26.977,-4.687,-0.017,-22.727,-3.843,,
2026-01-27 20:00:00.979,retreat_unloader_to_end,420.737,119.578,1195.951,-179.511,0.186,-94.578,-69.587,5.93,-122.754,-0.069,-62.654,115.023,-9.072,16.403,-4.665,-0.017,-11.479,-0.847,-0.03,3.59,3.04,0.02,-0.54,-0.03,-15.893,23.14,-3.926,0.017,-20.028,-5.993,,
2026-01-27 20:00:01.082,retreat_unloader_to_end,403.7,100.148,1210.851,-179.555,0.161,-95.565,-71.285,8.773,-123.454,-0.066,-64.848,114.309,-11.049,19.41,-5.249,-0.005,-14.094,-2.421,-0.06,3.38,2.9,-0.06,-0.56,-0.36,-13.519,19.511,-3.21,0.045,-16.988,-7.919,,
2026-01-27 20:00:01.184,retreat_unloader_to_end,388.025,84.179,1222.752,-179.592,0.141,-96.175,-72.75,11.226,-124.058,-0.061,-66.737,113.45,-11.949,20.688,-5.446,0.008,-15.295,-3.963,-0.07,3.3,3.02,0.01,-0.62,-0.5,-9.834,13.651,-1.927,0.059,-12.248,-8.574,,
2026-01-27 20:00:01.285,retreat_unloader_to_end,373.025,70.33,1232.813,-179.625,0.125,-96.511,-74.083,13.458,-124.608,-0.055,-68.455,112.448,-12.295,21.096,-5.459,0.021,-15.766,-5.477,-0.1,3.01,3.16,0.05,-0.71,-0.7,-7.536,10.083,-1.193,0.068,-9.304,-9.143,,
2026-01-27 20:00:01.386,retreat_unloader_to_end,358.811,58.325,1241.325,-179.653,0.112,-96.614,-75.297,15.489,-125.108,-0.048,-70.017,111.334,-12.256,20.901,-5.345,0.034,-15.728,-6.893,-0.1,2.78,3.16,0.09,-0.64,-0.92,-5.586,7.071,-0.58,0.071,-6.811,-9.354,,
2026-01-27 20:00:01.487,retreat_unloader_to_end,344.762,47.412,1248.884,-179.678,0.102,-96.515,-76.457,17.431,-125.586,-0.04,-71.507,110.07,-12.093,20.53,-5.205,0.046,-15.522,-8.33,-0.15,2.69,3.24,0.09,-0.71,-1.05,-4.492,5.465,-0.301,0.074,-5.42,-9.917,,
2026-01-27 20:00:01.590,retreat_unloader_to_end,331.679,38.018,1255.242,-179.7,0.095,-96.24,-77.508,19.189,-126.02,-0.031,-72.855,108.741,-11.697,19.794,-4.987,0.056,-15.012,-9.569,-0.04,2.4,3.26,-0.02,-0.61,-1.19,-2.95,3.087,0.18,0.07,-3.454,-9.574,,
2026-01-27 20:00:01.693,retreat_unloader_to_end,319.558,29.924,1260.599,-179.719,0.09,-95.827,-78.46,20.782,-126.412,-0.023,-74.075,107.374,-11.153,18.827,-4.721,0.063,-14.308,-10.596,-0.12,2.33,3.37,0.1,-0.62,-1.4,-1.665,1.12,0.57,0.063,-1.821,-9.004,,
2026-01-27 20:00:01.796,retreat_unloader_to_end,308.914,23.266,1264.912,-179.734,0.086,-95.337,-79.281,22.156,-126.751,-0.015,-75.125,106.06,-10.417,17.555,-4.387,0.068,-13.357,-11.232,-0.23,2.13,3.47,0.06,-0.46,-1.55,-0.191,-1.182,1.052,0.051,0.051,-7.567,,
2026-01-27 20:00:01.896,retreat_unloader_to_end,299.084,17.473,1268.591,-179.746,0.084,-94.776,-80.029,23.406,-127.059,-0.007,-76.08,104.749,-9.682,16.292,-4.06,0.07,-12.405,-11.7,-0.1,2.06,3.53,0.09,-0.57,-1.42,0.565,-2.297,1.251,0.044,1.001,-6.776,,
2026-01-27 20:00:01.999,retreat_unloader_to_end,290.029,12.422,1271.734,-179.756,0.083,-94.167,-80.709,24.544,-127.339,0.001,-76.948,103.457,-8.963,15.064,-3.747,0.071,-11.474,-12.005,-0.27,1.82,3.56,0.04,-0.56,-1.53,1.179,-3.19,1.402,0.036,1.769,-5.912,,
2026-01-27 20:00:02.101,retreat_unloader_to_end,281.286,7.797,1274.556,-179.764,0.083,-93.493,-81.36,25.632,-127.607,0.008,-77.777,102.132,-8.348,14.018,-3.48,0.072,-10.677,-12.317,-0.27,1.75,3.61,0.03,-0.39,-1.64,1.361,-3.375,1.386,0.032,1.987,-5.657,,
2026-01-27 20:00:02.208,retreat_unloader_to_end,273.681,3.967,1276.848,-179.77,0.083,-92.84,-81.921,26.57,-127.839,0.015,-78.491,100.917,-7.664,12.859,-3.188,0.07,-9.793,-12.276,-0.13,1.54,3.62,0.09,-0.42,-1.61,2.119,-4.533,1.616,0.02,2.936,-3.987,,
2026-01-27 20:00:02.311,retreat_unloader_to_end,266.361,0.445,1278.914,-179.775,0.083,-92.155,-82.457,27.467,-128.06,0.021,-79.172,99.694,-7.089,11.886,-2.944,0.069,-9.048,-12.263,-0.16,1.44,3.75,0.05,-0.44,-1.5,2.154,-4.494,1.556,0.017,2.967,-3.664,,
2026-01-27 20:00:02.411,retreat_unloader_to_end,260.011,-2.482,1280.6,-179.779,0.084,-91.518,-82.92,28.241,-128.25,0.027,-79.759,98.594,-6.473,10.848,-2.684,0.066,-8.253,-11.948,-0.16,1.29,3.73,0.08,-0.36,-1.58,2.676,-5.278,1.704,0.007,3.614,-2.075,,
2026-01-27 20:00:02.517,retreat_unloader_to_end,254.203,-5.058,1282.056,-179.781,0.084,-90.905,-83.341,28.945,-128.424,0.032,-80.293,97.559,-5.908,9.896,-2.447,0.062,-7.524,-11.549,-0.15,1.32,3.81,-0.03,-0.29,-1.51,2.824,-5.445,1.705,0.002,3.787,-1.216,,
2026-01-27 20:00:02.617,retreat_unloader_to_end,248.896,-7.328,1283.317,-179.783,0.085,-90.322,-83.724,29.585,-128.582,0.036,-80.778,96.592,-5.389,9.024,-2.23,0.058,-6.856,-11.077,-0.03,1.13,3.87,0.02,-0.41,-1.46,2.919,-5.532,1.69,-0.003,3.893,-0.403,,
2026-01-27 20:00:02.721,retreat_unloader_to_end,243.807,-9.431,1284.465,-179.783,0.086,-89.75,-84.09,30.198,-128.733,0.041,-81.241,95.653,-4.958,8.299,-2.05,0.055,-6.3,-10.656,-0.14,1.07,3.84,0.02,-0.33,-1.47,2.797,-5.263,1.591,-0.005,3.724,-0.095,,
2026-01-27 20:00:02.825,retreat_unloader_to_end,239.405,-11.194,1285.41,-179.783,0.086,-89.249,-84.406,30.726,-128.863,0.045,-81.64,94.836,-4.508,7.545,-1.863,0.051,-5.722,-10.035,-0.22,1.06,3.9,-0.01,-0.16,-1.3,3.021,-5.578,1.639,-0.011,3.993,1.137,,
2026-01-27 20:00:02.930,retreat_unloader_to_end,235.187,-12.833,1286.275,-179.783,0.087,-88.771,-84.708,31.231,-128.987,0.048,-82.021,94.056,-4.136,6.921,-1.709,0.047,-5.244,-9.478,-0.12,0.91,3.9,0.02,-0.2,-1.21,2.859,-5.254,1.533,-0.012,3.775,1.389,,
2026-01-27 20:00:03.033,retreat_unloader_to_end,231.542,-14.211,1286.99,-179.782,0.087,-88.365,-84.969,31.666,-129.095,0.051,-82.349,93.389,-3.753,6.279,-1.55,0.043,-4.753,-8.774,-0.11,0.82,3.91,-0.08,-0.19,-1.1,2.988,-5.423,1.551,-0.017,3.925,2.391,,
2026-01-27 20:00:03.138,retreat_unloader_to_end,227.887,-15.558,1287.678,-179.781,0.088,-87.972,-85.23,32.102,-129.202,0.054,-82.677,92.736,-3.467,5.799,-1.431,0.039,-4.385,-8.214,-0.06,0.71,3.94,0.05,-0.22,-1.11,2.686,-4.876,1.394,-0.016,3.533,2.283,,
2026-01-27 20:00:03.242,retreat_unloader_to_end,224.888,-16.637,1288.22,-179.779,0.088,-87.668,-85.443,32.459,-129.29,0.057,-82.945,92.218,-3.134,5.242,-1.294,0.035,-3.96,-7.455,-0.13,0.72,3.91,0.02,-0.18,-1.05,2.889,-5.175,1.449,-0.02,3.776,3.408,,
2026-01-27 20:00:03.344,retreat_unloader_to_end,222.018,-17.648,1288.721,-179.778,0.088,-87.399,-85.648,32.801,-129.374,0.059,-83.202,91.744,-2.861,4.785,-1.181,0.032,-3.61,-6.775,-0.13,0.65,3.95,-0.06,-0.17,-0.88,2.695,-4.816,1.343,-0.02,3.52,3.514,,
2026-01-27 20:00:03.447,retreat_unloader_to_end,219.541,-18.503,1289.14,-179.776,0.089,-87.19,-85.824,33.095,-129.447,0.06,-83.422,91.36,-2.586,4.325,-1.067,0.028,-3.26,-6.043,-0.03,0.58,3.96,-0.01,-0.15,-0.78,2.706,-4.804,1.325,-0.022,3.523,4.05,,
2026-01-27 20:00:03.551,retreat_unloader_to_end,217.171,-19.306,1289.527,-179.774,0.089,-87.018,-85.992,33.377,-129.517,0.062,-83.633,91.02,-2.36,3.948,-0.974,0.025,-2.971,-5.383,-0.1,0.53,4.02,-0.03,-0.06,-0.79,2.514,-4.453,1.224,-0.021,3.271,4.088,,
2026-01-27 20:00:03.654,retreat_unloader_to_end,215.126,-19.988,1289.852,-179.773,0.089,-86.897,-86.137,33.62,-129.576,0.063,-83.815,90.754,-2.133,3.568,-0.88,0.022,-2.682,-4.702,-0.11,0.48,4.12,0.03,-0.18,-0.66,2.494,-4.395,1.197,-0.022,3.236,4.423,,
2026-01-27 20:00:03.755,retreat_unloader_to_end,213.263,-20.6,1290.141,-179.771,0.09,-86.815,-86.269,33.84,-129.631,0.065,-83.98,90.54,-1.93,3.228,-0.796,0.019,-2.424,-4.062,-0.11,0.48,4.02,-0.01,-0.13,-0.51,2.375,-4.174,1.131,-0.022,3.077,4.499,,
2026-01-27 20:00:03.860,retreat_unloader_to_end,211.567,-21.149,1290.397,-179.769,0.09,-86.769,-86.389,34.042,-129.681,0.065,-84.13,90.373,-1.748,2.924,-0.721,0.017,-2.193,-3.462,-0.0,0.45,4.05,-0.02,-0.11,-0.56,2.257,-3.955,1.067,-0.021,2.919,4.527,,
2026-01-27 20:00:03.963,retreat_unloader_to_end,210.023,-21.643,1290.625,-179.767,0.09,-86.756,-86.498,34.225,-129.726,0.066,-84.266,90.251,-1.584,2.651,-0.654,0.015,-1.986,-2.903,0.01,0.44,3.95,0.03,-0.14,-0.45,2.139,-3.74,1.005,-0.021,2.764,4.511,,
2026-01-27 20:00:04.066,retreat_unloader_to_end,208.547,-22.11,1290.838,-179.766,0.091,-86.773,-86.603,34.4,-129.769,0.067,-84.396,90.164,-1.449,2.425,-0.598,0.013,-1.815,-2.394,0.06,0.41,4.15,-0.05,-0.17,-0.43,1.974,-3.447,0.924,-0.02,2.549,4.421,,
2026-01-27 20:00:04.168,retreat_unloader_to_end,207.21,-22.528,1291.027,-179.764,0.091,-86.82,-86.697,34.558,-129.808,0.068,-84.514,90.117,-1.323,2.215,-0.546,0.011,-1.656,-1.914,-0.16,0.33,4.04,-0.01,-0.09,-0.33,1.875,-3.267,0.873,-0.019,2.419,4.369,,
2026-01-27 20:00:04.269,retreat_unloader_to_end,206.114,-22.867,1291.179,-179.763,0.091,-86.885,-86.775,34.688,-129.84,0.068,-84.61,90.104,-1.186,1.986,-0.49,0.009,-1.483,-1.468,-0.09,0.33,4.11,0.04,-0.05,-0.16,1.859,-3.227,0.856,-0.019,2.391,4.276,,
2026-01-27 20:00:04.373,retreat_unloader_to_end,205.006,-23.207,1291.331,-179.761,0.092,-86.977,-86.853,34.819,-129.872,0.068,-84.708,90.118,-1.085,1.818,-0.448,0.008,-1.355,-1.066,-0.1,0.28,4.05,-0.06,-0.11,-0.11,1.665,-2.889,0.767,-0.017,2.142,4.121,,
2026-01-27 20:00:04.491,retreat_unloader_to_end,204.593,-23.333,1291.387,-179.761,0.092,-87.019,-86.882,34.868,-129.884,0.068,-84.744,90.131,-0.887,1.486,-0.366,0.006,-1.107,-0.766,-0.1,0.31,4.21,-0.06,-0.05,-0.07,1.989,-3.424,0.893,-0.018,2.538,3.699,,
2026-01-27 20:00:04.593,retreat_unloader_to_end,204.147,-23.469,1291.446,-179.76,0.092,-87.07,-86.914,34.921,-129.897,0.069,-84.783,90.151,-0.744,1.246,-0.307,0.005,-0.928,-0.526,0.02,0.29,4.05,0.02,-0.0,-0.03,1.767,-3.043,0.794,-0.016,2.256,3.393,,
2026-01-27 20:00:04.695,retreat_unloader_to_end,203.446,-23.681,1291.54,-179.759,0.093,-87.162,-86.963,35.004,-129.918,0.069,-84.845,90.193,-0.682,1.142,-0.282,0.004,-0.85,-0.288,-0.02,0.37,4.09,0.05,-0.11,-0.1,1.411,-2.437,0.64,-0.014,1.808,3.284,,
2026-01-27 20:00:04.796,retreat_unloader_to_end,202.589,-23.938,1291.652,-179.758,0.093,-87.297,-87.024,35.105,-129.943,0.069,-84.92,90.267,-0.662,1.11,-0.274,0.004,-0.825,-0.031,-0.02,0.22,3.97,-0.03,-0.13,-0.05,1.16,-2.008,0.531,-0.013,1.491,3.268,,
2026-01-27 20:00:04.900,retreat_unloader_to_end,201.85,-24.159,1291.748,-179.756,0.094,-87.434,-87.076,35.193,-129.965,0.069,-84.984,90.352,-0.627,1.052,-0.259,0.003,-0.78,0.19,-0.01,0.2,4.13,-0.03,0.04,0.09,1.127,-1.947,0.512,-0.012,1.446,3.055,,
2026-01-27 20:00:05.003,retreat_unloader_to_end,201.144,-24.369,1291.839,-179.755,0.094,-87.586,-87.126,35.277,-129.985,0.069,-85.046,90.454,-0.595,0.998,-0.246,0.002,-0.739,0.398,-0.03,0.22,4.12,-0.01,-0.0,-0.05,1.038,-1.791,0.47,-0.011,1.33,2.92,waypoint,
2026-01-27 20:00:05.106,home_end,200.535,-24.549,1291.916,-179.754,0.095,-87.735,-87.169,35.349,-130.003,0.069,-85.099,90.561,-0.553,0.929,-0.229,0.002,-0.687,0.564,-0.02,0.25,4.15,-0.01,-0.04,0.04,1.003,-1.727,0.452,-0.01,1.283,2.669,,
2026-01-27 20:00:05.206,home_end,199.953,-24.72,1291.989,-179.753,0.095,-87.895,-87.21,35.418,-130.02,0.069,-85.15,90.68,-0.518,0.869,-0.214,0.001,-0.642,0.721,-0.06,0.18,4.07,-0.03,-0.11,0.06,0.922,-1.586,0.414,-0.01,1.179,2.528,,
2026-01-27 20:00:05.311,home_end,199.426,-24.874,1292.055,-179.752,0.096,-88.056,-87.247,35.48,-130.035,0.069,-85.196,90.803,-0.481,0.808,-0.199,0.001,-0.597,0.85,-0.04,0.24,4.1,-0.02,0.03,0.11,0.868,-1.492,0.389,-0.009,1.109,2.322,,
2026-01-27 20:00:05.413,home_end,198.926,-25.019,1292.117,-179.751,0.096,-88.223,-87.282,35.54,-130.05,0.069,-85.239,90.936,-0.449,0.754,-0.186,0.001,-0.556,0.968,-0.1,0.19,4.11,0.02,0.0,0.13,0.801,-1.375,0.358,-0.008,1.022,2.177,,
2026-01-27 20:00:05.514,home_end,198.516,-25.138,1292.167,-179.75,0.097,-88.372,-87.311,35.588,-130.062,0.069,-85.275,91.056,-0.409,0.687,-0.17,0.0,-0.506,1.027,-0.09,0.18,4.04,0.08,-0.0,0.07,0.784,-1.345,0.349,-0.008,0.999,1.837,,
2026-01-27 20:00:05.615,home_end,198.143,-25.246,1292.212,-179.75,0.097,-88.518,-87.337,35.632,-130.073,0.069,-85.307,91.175,-0.372,0.626,-0.154,0.0,-0.46,1.067,0.01,0.09,4.23,0.08,0.04,0.09,0.732,-1.254,0.325,-0.007,0.932,1.642,,
2026-01-27 20:00:05.715,home_end,197.821,-25.339,1292.251,-179.749,0.098,-88.651,-87.36,35.671,-130.082,0.069,-85.335,91.286,-0.336,0.565,-0.139,-0.0,-0.415,1.077,0.02,0.15,4.06,0.0,-0.11,0.1,0.694,-1.188,0.307,-0.006,0.883,1.393,,
2026-01-27 20:00:05.821,home_end,197.495,-25.433,1292.291,-179.748,0.098,-88.793,-87.383,35.709,-130.092,0.069,-85.363,91.405,-0.309,0.52,-0.128,-0.0,-0.382,1.106,-0.03,0.25,4.05,0.05,0.0,0.22,0.622,-1.065,0.275,-0.006,0.791,1.34,,
2026-01-27 20:00:05.925,home_end,197.214,-25.513,1292.324,-179.748,0.099,-88.921,-87.402,35.742,-130.1,0.069,-85.388,91.513,-0.281,0.473,-0.117,-0.0,-0.347,1.101,-0.03,0.19,4.16,0.07,-0.01,0.1,0.592,-1.012,0.261,-0.005,0.751,1.101,,
2026-01-27 20:00:06.027,home_end,196.959,-25.587,1292.355,-179.747,0.099,-89.043,-87.42,35.773,-130.108,0.069,-85.41,91.617,-0.256,0.431,-0.106,-0.0,-0.316,1.084,-0.01,0.14,4.09,0.03,0.02,0.1,0.55,-0.941,0.242,-0.005,0.698,0.94,,
2026-01-27 20:00:06.132,home_end,196.726,-25.653,1292.382,-179.747,0.099,-89.157,-87.437,35.8,-130.114,0.069,-85.43,91.715,-0.233,0.392,-0.097,-0.001,-0.287,1.058,0.03,0.27,4.2,-0.04,0.04,0.08,0.511,-0.874,0.225,-0.004,0.649,0.788,,
2026-01-27 20:00:06.237,home_end,196.504,-25.717,1292.409,-179.746,0.1,-89.269,-87.452,35.827,-130.121,0.069,-85.449,91.811,-0.214,0.36,-0.089,-0.001,-0.263,1.034,0.02,0.2,4.14,-0.01,0.02,0.26,0.468,-0.799,0.205,-0.004,0.593,0.695,,
2026-01-27 20:00:06.338,home_end,196.312,-25.771,1292.431,-179.746,0.1,-89.367,-87.466,35.85,-130.127,0.068,-85.465,91.896,-0.194,0.327,-0.081,-0.001,-0.239,0.988,-0.12,0.1,4.07,-0.03,0.05,0.17,0.442,-0.755,0.194,-0.003,0.56,0.511,,
2026-01-27 20:00:06.443,home_end,196.129,-25.823,1292.453,-179.745,0.1,-89.462,-87.479,35.871,-130.132,0.068,-85.481,91.978,-0.178,0.3,-0.074,-0.001,-0.218,0.946,-0.02,0.17,4.11,0.06,-0.05,0.2,0.404,-0.69,0.177,-0.003,0.512,0.432,,
2026-01-27 20:00:06.546,home_end,195.97,-25.868,1292.471,-179.745,0.101,-89.544,-87.49,35.89,-130.137,0.068,-85.495,92.049,-0.161,0.272,-0.067,-0.001,-0.198,0.887,0.05,0.18,4.08,-0.14,0.03,0.14,0.381,-0.651,0.166,-0.003,0.482,0.279,,
2026-01-27 20:00:06.649,home_end,195.819,-25.911,1292.489,-179.744,0.101,-89.622,-87.501,35.908,-130.141,0.068,-85.508,92.117,-0.147,0.249,-0.061,-0.001,-0.181,0.835,0.02,0.21,4.08,-0.02,0.09,0.13,0.348,-0.594,0.152,-0.002,0.44,0.216,,
2026-01-27 20:00:06.754,home_end,195.689,-25.948,1292.504,-179.744,0.101,-89.689,-87.51,35.924,-130.145,0.068,-85.519,92.174,-0.133,0.225,-0.056,-0.001,-0.164,0.769,0.04,0.19,4.06,0.05,0.03,0.04,0.328,-0.559,0.143,-0.002,0.414,0.092,,
2026-01-27 20:00:06.857,home_end,195.571,-25.982,1292.518,-179.744,0.101,-89.748,-87.518,35.938,-130.148,0.068,-85.529,92.225,-0.121,0.204,-0.05,-0.001,-0.148,0.704,-0.08,0.06,4.11,0.02,0.03,0.1,0.303,-0.517,0.132,-0.002,0.383,0.019,,
2026-01-27 20:00:06.961,home_end,195.463,-26.012,1292.531,-179.743,0.102,-89.801,-87.526,35.95,-130.151,0.068,-85.538,92.27,-0.11,0.185,-0.046,-0.0,-0.134,0.64,-0.09,0.22,4.09,0.02,-0.02,0.15,0.281,-0.478,0.122,-0.001,0.354,-0.046,,
2026-01-27 20:00:07.065,home_end,195.365,-26.04,1292.542,-179.743,0.102,-89.846,-87.533,35.962,-130.154,0.068,-85.547,92.309,-0.1,0.168,-0.041,-0.0,-0.122,0.577,-0.0,0.19,4.13,0.05,0.01,0.12,0.259,-0.442,0.112,-0.001,0.327,-0.101,,
2026-01-27 20:00:07.168,home_end,195.275,-26.065,1292.552,-179.743,0.102,-89.886,-87.539,35.973,-130.157,0.068,-85.554,92.342,-0.09,0.153,-0.038,-0.0,-0.11,0.515,0.03,0.12,4.14,-0.03,-0.04,0.06,0.24,-0.408,0.104,-0.001,0.302,-0.147,,
2026-01-27 20:00:07.271,home_end,195.194,-26.088,1292.562,-179.742,0.102,-89.919,-87.545,35.982,-130.159,0.068,-85.561,92.369,-0.082,0.139,-0.034,-0.0,-0.1,0.456,0.05,0.09,4.07,-0.05,0.01,0.06,0.221,-0.377,0.096,-0.001,0.279,-0.186,,
2026-01-27 20:00:07.373,home_end,195.12,-26.109,1292.57,-179.742,0.102,-89.947,-87.55,35.991,-130.162,0.068,-85.568,92.392,-0.075,0.126,-0.031,-0.0,-0.091,0.399,-0.01,0.25,4.05,0.04,0.05,0.08,0.204,-0.348,0.088,-0.001,0.257,-0.217,,
2026-01-27 20:00:07.477,home_end,195.053,-26.128,1292.578,-179.742,0.102,-89.97,-87.555,35.999,-130.164,0.068,-85.573,92.41,-0.068,0.114,-0.028,-0.0,-0.082,0.344,-0.02,0.21,4.01,0.05,0.04,0.09,0.188,-0.321,0.081,-0.001,0.237,-0.242,,
2026-01-27 20:00:07.582,home_end,194.992,-26.145,1292.585,-179.742,0.102,-89.988,-87.559,36.006,-130.165,0.068,-85.579,92.424,-0.062,0.104,-0.026,-0.0,-0.075,0.293,-0.02,0.16,4.12,-0.06,0.0,0.07,0.174,-0.296,0.075,-0.001,0.219,-0.26,,
2026-01-27 20:00:07.682,home_end,194.936,-26.161,1292.591,-179.741,0.102,-90.002,-87.563,36.013,-130.167,0.068,-85.583,92.434,-0.056,0.095,-0.023,-0.0,-0.068,0.245,-0.01,0.15,4.05,-0.04,-0.02,0.01,0.16,-0.273,0.069,-0.0,0.201,-0.273,,
2026-01-27 20:00:07.783,home_end,194.885,-26.175,1292.597,-179.741,0.102,-90.012,-87.566,36.019,-130.168,0.068,-85.588,92.441,-0.051,0.086,-0.021,-0.0,-0.062,0.2,0.02,0.14,4.12,0.03,0.04,0.06,0.148,-0.252,0.064,-0.0,0.186,-0.28,,
2026-01-27 20:00:07.890,home_end,194.839,-26.188,1292.603,-179.741,0.102,-90.019,-87.57,36.025,-130.17,0.068,-85.592,92.444,-0.047,0.078,-0.019,-0.0,-0.056,0.158,0.03,0.08,4.08,0.04,-0.08,-0.05,0.136,-0.232,0.059,-0.0,0.171,-0.284,,
2026-01-27 20:00:07.993,home_end,194.797,-26.2,1292.607,-179.741,0.102,-90.022,-87.573,36.03,-130.171,0.068,-85.595,92.445,-0.042,0.071,-0.018,0.0,-0.051,0.12,0.04,0.23,4.07,0.11,0.03,0.01,0.126,-0.214,0.054,-0.0,0.157,-0.283,,
2026-01-27 20:00:08.096,home_end,194.759,-26.211,1292.612,-179.741,0.102,-90.023,-87.575,36.034,-130.172,0.068,-85.598,92.443,-0.039,0.065,-0.016,0.0,-0.046,0.086,-0.02,0.17,4.1,0.09,0.03,0.07,0.116,-0.197,0.05,-0.0,0.145,-0.279,,
2026-01-27 20:00:08.202,home_end,194.724,-26.221,1292.616,-179.74,0.102,-90.022,-87.578,36.038,-130.173,0.068,-85.601,92.439,-0.035,0.059,-0.015,0.0,-0.042,0.055,-0.02,0.11,4.09,-0.01,-0.06,0.07,0.106,-0.181,0.046,-0.0,0.133,-0.272,,
2026-01-27 20:00:08.305,home_end,194.692,-26.229,1292.619,-179.74,0.102,-90.018,-87.58,36.042,-130.174,0.068,-85.604,92.433,-0.032,0.054,-0.013,0.0,-0.038,0.027,-0.04,0.19,4.17,0.03,0.04,0.08,0.098,-0.167,0.042,-0.0,0.123,-0.262,,
2026-01-27 20:00:08.406,home_end,194.663,-26.238,1292.623,-179.74,0.102,-90.013,-87.582,36.046,-130.175,0.068,-85.606,92.426,-0.029,0.049,-0.012,0.0,-0.035,0.002,-0.07,0.13,4.09,0.02,0.05,-0.02,0.09,-0.153,0.039,-0.0,0.113,-0.251,,
2026-01-27 20:00:08.512,home_end,194.636,-26.245,1292.626,-179.74,0.102,-90.007,-87.584,36.049,-130.176,0.068,-85.609,92.417,-0.027,0.045,-0.011,0.0,-0.032,-0.02,-0.08,0.23,4.07,0.04,-0.0,0.0,0.082,-0.14,0.035,-0.0,0.103,-0.243,,
2026-01-27 20:00:08.614,home_end,194.612,-26.252,1292.629,-179.74,0.102,-89.999,-87.586,36.052,-130.176,0.068,-85.611,92.408,-0.024,0.041,-0.01,0.0,-0.029,-0.039,0.03,0.1,4.06,0.05,0.01,0.03,0.077,-0.13,0.033,-0.0,0.096,-0.224,,
2026-01-27 20:00:08.717,home_end,194.59,-26.258,1292.631,-179.74,0.102,-89.99,-87.587,36.054,-130.177,0.068,-85.613,92.398,-0.022,0.037,-0.009,0.0,-0.026,-0.054,0.01,0.12,4.03,-0.05,-0.0,0.0,0.07,-0.12,0.03,-0.0,0.088,-0.208,,
2026-01-27 20:00:08.819,home_end,194.571,-26.264,1292.633,-179.739,0.102,-89.981,-87.589,36.057,-130.178,0.068,-85.614,92.387,-0.02,0.034,-0.008,0.0,-0.024,-0.067,-0.09,0.04,4.09,-0.04,-0.01,-0.01,0.065,-0.11,0.028,-0.0,0.081,-0.192,,
2026-01-27 20:00:08.922,home_end,194.553,-26.269,1292.635,-179.739,0.102,-89.972,-87.59,36.059,-130.178,0.068,-85.616,92.377,-0.018,0.031,-0.008,0.0,-0.022,-0.077,-0.0,0.13,4.18,-0.07,-0.02,0.01,0.06,-0.101,0.025,-0.0,0.074,-0.176,,
2026-01-27 20:00:09.023,home_end,194.537,-26.273,1292.637,-179.739,0.102,-89.962,-87.591,36.061,-130.179,0.068,-85.617,92.366,-0.017,0.028,-0.007,0.0,-0.02,-0.085,0.09,0.12,4.04,-0.02,-0.05,-0.04,0.055,-0.093,0.023,-0.0,0.068,-0.16,,
2026-01-27 20:00:09.128,home_end,194.522,-26.277,1292.639,-179.739,0.102,-89.952,-87.592,36.062,-130.179,0.068,-85.618,92.355,-0.015,0.025,-0.006,0.0,-0.018,-0.091,0.03,0.12,4.14,-0.1,-0.04,-0.02,0.05,-0.085,0.022,-0.0,0.063,-0.144,,
2026-01-27 20:00:09.229,home_end,194.508,-26.281,1292.641,-179.739,0.102,-89.942,-87.593,36.064,-130.18,0.068,-85.619,92.344,-0.014,0.023,-0.006,0.0,-0.016,-0.096,-0.03,0.12,4.15,0.01,-0.07,0.0,0.046,-0.078,0.02,-0.0,0.057,-0.128,,
2026-01-27 20:00:09.336,home_end,194.496,-26.285,1292.642,-179.739,0.102,-89.932,-87.594,36.065,-130.18,0.068,-85.621,92.333,-0.013,0.021,-0.005,0.0,-0.015,-0.098,-0.04,0.15,4.13,-0.06,0.01,-0.04,0.042,-0.072,0.018,-0.0,0.053,-0.113,,
2026-01-27 20:00:09.437,home_end,194.485,-26.288,1292.643,-179.739,0.102,-89.923,-87.595,36.067,-130.18,0.068,-85.621,92.323,-0.011,0.019,-0.005,0.0,-0.013,-0.099,-0.09,0.14,4.08,-0.06,-0.05,0.01,0.039,-0.066,0.017,-0.0,0.048,-0.098,,
2026-01-27 20:00:09.538,home_end,194.475,-26.291,1292.644,-179.739,0.102,-89.914,-87.596,36.068,-130.181,0.068,-85.622,92.314,-0.01,0.017,-0.004,0.0,-0.012,-0.098,0.02,0.16,4.07,-0.04,0.11,-0.12,0.036,-0.061,0.015,-0.0,0.045,-0.079,,
2026-01-27 20:00:09.744,home_end,194.457,-26.296,1292.646,-179.739,0.102,-89.897,-87.597,36.07,-130.181,0.068,-85.624,92.295,-0.009,0.014,-0.004,0.0,-0.01,-0.096,-0.03,0.15,4.11,0.06,-0.05,-0.04,0.03,-0.051,0.013,-0.0,0.037,-0.064,,
2026-01-27 20:00:09.948,home_end,194.442,-26.3,1292.648,-179.738,0.102,-89.882,-87.598,36.072,-130.182,0.068,-85.625,92.278,-0.007,0.012,-0.003,0.0,-0.008,-0.09,-0.01,0.2,4.14,0.09,0.01,-0.05,0.025,-0.043,0.011,-0.0,0.031,-0.039,,
2026-01-27 20:00:10.255,home_end,194.424,-26.305,1292.65,-179.738,0.102,-89.863,-87.599,36.074,-130.182,0.068,-85.627,92.259,-0.006,0.009,-0.002,0.0,-0.006,-0.075,-0.02,0.08,4.14,0.03,-0.01,-0.01,0.02,-0.033,0.008,-0.0,0.024,-0.01,,
2026-01-27 20:00:10.457,home_end,194.414,-26.308,1292.651,-179.738,0.102,-89.854,-87.6,36.075,-130.182,0.069,-85.627,92.249,-0.005,0.008,-0.002,0.0,-0.005,-0.064,0.12,0.0,4.11,-0.05,0.02,0.05,0.017,-0.028,0.007,-0.0,0.02,0.004,,
2026-01-27 20:00:10.661,home_end,194.407,-26.31,1292.652,-179.738,0.102,-89.847,-87.601,36.076,-130.183,0.069,-85.628,92.241,-0.004,0.006,-0.002,0.0,-0.004,-0.052,-0.11,0.21,4.11,-0.0,-0.03,-0.06,0.014,-0.024,0.006,-0.0,0.017,0.015,,
2026-01-27 20:00:10.964,home_end,194.398,-26.312,1292.653,-179.738,0.102,-89.841,-87.601,36.077,-130.183,0.069,-85.629,92.234,-0.003,0.005,-0.001,0.0,-0.003,-0.035,-0.09,0.06,4.09,-0.01,0.02,-0.05,0.011,-0.018,0.005,-0.0,0.013,0.024,,
2026-01-27 20:00:11.172,home_end,194.394,-26.314,1292.654,-179.738,0.102,-89.839,-87.602,36.078,-130.183,0.069,-85.629,92.232,-0.002,0.004,-0.001,0.0,-0.003,-0.025,0.04,0.08,4.11,0.03,0.03,0.01,0.009,-0.015,0.004,-0.0,0.011,0.028,,
2026-01-27 20:00:11.374,home_end,194.39,-26.315,1292.654,-179.738,0.102,-89.838,-87.602,36.078,-130.183,0.069,-85.629,92.231,-0.002,0.003,-0.001,0.0,-0.002,-0.016,-0.05,0.14,4.16,0.11,-0.07,-0.04,0.007,-0.013,0.003,-0.0,0.009,0.028,,
2026-01-27 20:00:11.682,home_end,194.385,-26.316,1292.655,-179.738,0.102,-89.838,-87.602,36.079,-130.183,0.069,-85.63,92.231,-0.001,0.002,-0.001,0.0,-0.002,-0.006,0.04,0.16,4.1,0.0,0.04,0.03,0.006,-0.01,0.002,-0.0,0.007,0.028,,
