timestamp,current_task,EE_x,EE_y,EE_z,EE_rx,EE_ry,EE_rz,joint1_angle,joint2_angle,joint3_angle,joint4_angle,joint5_angle,joint6_angle,joint1_velocity,joint2_velocity,joint3_velocity,joint4_velocity,joint5_velocity,joint6_velocity,joint1_torque,joint2_torque,joint3_torque,joint4_torque,joint5_torque,joint6_torque,joint1_acceleration,joint2_acceleration,joint3_acceleration,joint4_acceleration,joint5_acceleration,joint6_acceleration,waypoint,description
2026-01-27 20:21:45.551,home_start,-169.502,-308.769,1564.82,-179.795,-0.031,-179.772,-34.446,-17.856,93.011,0.119,104.659,-124.643,0.0,0.0,0.0,0.0,0.0,0.0,0.02,-0.37,-0.66,0.0,-0.0,0.07,0.0,0.0,0.0,0.0,0.0,0.0,waypoint,
2026-01-27 20:21:45.641,home_start,-169.502,-308.769,1564.82,-179.795,-0.031,-179.772,-34.446,-17.856,93.011,0.119,104.659,-124.643,0.0,0.0,0.0,0.0,0.0,0.0,-0.01,-0.66,-1.44,-0.01,-0.0,-0.0,0.0,0.0,0.0,0.0,0.0,0.0,,
2026-01-27 20:21:45.948,home_start,-169.502,-308.769,1564.82,-179.795,-0.031,-179.772,-34.446,-17.856,93.011,0.119,104.659,-124.643,0.0,0.0,0.0,0.0,0.0,0.0,0.07,-1.33,-2.7,-0.03,0.04,0.02,0.0,0.0,0.0,0.0,0.0,0.0,,
2026-01-27 20:21:46.313,home_start,-169.502,-308.769,1564.82,-179.795,-0.031,-179.772,-34.446,-17.856,93.011,0.119,104.659,-124.643,0.0,0.0,0.0,0.0,0.0,0.0,-0.0,-1.55,-3.31,0.02,-0.05,0.02,0.0,0.0,0.0,0.0,0.0,0.0,,
2026-01-27 20:21:46.625,home_start,-169.502,-308.769,1564.82,-179.795,-0.031,-179.772,-34.446,-17.856,93.011,0.119,104.659,-124.643,0.0,0.0,0.0,0.0,0.0,0.0,-0.04,-1.89,-3.64,0.04,0.01,-0.07,0.0,0.0,0.0,0.0,0.0,0.0,,
2026-01-27 20:21:46.928,home_start,-169.502,-308.769,1564.82,-179.795,-0.031,-179.772,-34.446,-17.856,93.011,0.119,104.659,-124.643,0.0,0.0,0.0,0.0,0.0,0.0,0.06,-1.84,-3.79,-0.01,0.04,0.01,0.0,0.0,0.0,0.0,0.0,0.0,,
2026-01-27 20:21:47.241,home_start,-169.502,-308.769,1564.82,-179.795,-0.031,-179.772,-34.446,-17.856,93.011,0.119,104.659,-124.643,0.0,0.0,0.0,0.0,0.0,0.0,0.08,-1.85,-3.87,0.03,0.02,0.0,0.0,0.0,0.0,0.0,0.0,0.0,,
2026-01-27 20:21:47.549,home_start,-169.502,-308.769,1564.82,-179.795,-0.031,-179.772,-34.446,-17.856,93.011,0.119,104.659,-124.643,0.0,0.0,0.0,0.0,0.0,0.0,0.03,-1.8,-4.0,-0.05,-0.01,0.04,0.0,0.0,0.0,0.0,0.0,0.0,,
2026-01-27 20:21:47.860,home_start,-169.502,-308.769,1564.82,-179.795,-0.031,-179.772,-34.446,-17.856,93.011,0.119,104.659,-124.643,0.0,0.0,0.0,0.0,0.0,0.0,0.03,-1.87,-3.93,-0.01,0.01,0.01,0.0,0.0,0.0,0.0,0.0,0.0,,
2026-01-27 20:21:48.175,home_start,-169.502,-308.769,1564.82,-179.795,-0.031,-179.772,-34.446,-17.856,93.011,0.119,104.659,-124.643,0.0,0.0,0.0,0.0,0.0,0.0,0.05,-1.92,-3.99,0.02,0.06,-0.02,0.0,0.0,0.0,0.0,0.0,0.0,,
2026-01-27 20:21:48.481,home_start,-169.502,-308.769,1564.82,-179.795,-0.031,-179.772,-34.446,-17.856,93.011,0.119,104.659,-124.643,0.0,0.0,0.0,0.0,0.0,0.0,0.04,-1.99,-3.96,-0.02,-0.0,0.04,0.0,0.0,0.0,0.0,0.0,0.0,,
2026-01-27 20:21:48.582,home_to_approach_feeder,-168.144,-309.776,1563.212,-179.857,0.013,-179.503,-34.17,-17.859,93.183,0.119,104.566,-124.637,0.69,-0.007,0.43,0.001,-0.235,0.015,1.58,-0.86,-2.37,0.06,-0.17,0.02,2.758,-0.027,1.721,0.006,-0.939,0.062,,
2026-01-27 20:21:48.683,home_to_approach_feeder,-159.953,-316.213,1553.332,-179.983,0.091,-177.921,-32.476,-17.883,94.243,0.111,103.678,-124.529,4.752,-0.065,2.973,-0.019,-2.395,0.283,1.47,-1.03,-2.67,0.13,-0.21,0.04,16.665,-0.238,10.428,-0.081,-8.781,1.08,,
2026-01-27 20:21:48.783,home_to_approach_feeder,-152.321,-322.011,1544.257,-179.982,0.079,-176.592,-30.926,-17.908,95.214,0.102,102.723,-124.312,7.438,-0.111,4.658,-0.039,-4.183,0.753,1.32,-1.35,-2.86,0.1,-0.34,0.25,13.551,-0.223,8.499,-0.09,-8.577,2.048,,
2026-01-27 20:21:48.888,home_to_approach_feeder,-143.791,-327.952,1534.419,-179.965,0.057,-175.294,-29.253,-17.935,96.264,0.092,101.674,-123.941,9.761,-0.152,6.117,-0.053,-5.76,1.494,1.13,-1.54,-3.02,-0.02,-0.39,0.32,13.435,-0.224,8.428,-0.081,-8.66,3.397,,
2026-01-27 20:21:48.990,home_to_approach_feeder,-134.469,-333.81,1524.002,-179.946,0.033,-174.094,-27.488,-17.964,97.37,0.082,100.566,-123.379,11.734,-0.186,7.355,-0.064,-7.089,2.525,1.04,-1.72,-3.08,0.01,-0.34,0.43,13.011,-0.216,8.162,-0.07,-8.381,4.96,,
2026-01-27 20:21:49.092,home_to_approach_feeder,-124.502,-339.404,1513.193,-179.926,0.011,-173.055,-25.663,-17.994,98.515,0.073,99.422,-122.596,13.364,-0.213,8.378,-0.07,-8.178,3.851,0.97,-1.77,-3.3,-0.0,-0.38,0.48,12.311,-0.204,7.722,-0.057,-7.91,6.673,,
2026-01-27 20:21:49.192,home_to_approach_feeder,-116.852,-343.265,1505.093,-179.911,-0.004,-172.425,-24.299,-18.016,99.37,0.067,98.568,-121.864,13.432,-0.216,8.421,-0.067,-8.269,4.718,0.88,-1.9,-3.38,-0.03,-0.34,0.76,6.466,-0.109,4.056,-0.023,-4.218,5.496,,
2026-01-27 20:21:49.292,home_to_approach_feeder,-108.162,-347.227,1496.07,-179.895,-0.019,-171.885,-22.783,-18.04,100.321,0.061,97.619,-120.89,13.864,-0.223,8.692,-0.066,-8.573,5.974,0.78,-2.02,-3.52,-0.0,-0.25,0.9,7.34,-0.122,4.603,-0.022,-4.739,7.373,,
2026-01-27 20:21:49.394,home_to_approach_feeder,-100.758,-350.265,1488.514,-179.881,-0.031,-171.575,-21.516,-18.061,101.115,0.057,96.827,-119.934,13.566,-0.219,8.505,-0.061,-8.41,6.869,0.79,-1.95,-3.45,-0.01,-0.3,0.98,4.116,-0.069,2.581,-0.005,-2.699,6.445,,
2026-01-27 20:21:49.497,home_to_approach_feeder,-93.305,-353.025,1481.014,-179.867,-0.04,-171.405,-20.26,-18.081,101.902,0.052,96.043,-118.85,13.313,-0.215,8.346,-0.057,-8.267,7.862,0.53,-2.13,-3.62,0.01,-0.34,1.09,3.591,-0.06,2.251,-0.001,-2.35,7.086,,
2026-01-27 20:21:49.604,home_to_approach_feeder,-85.865,-355.493,1473.623,-179.854,-0.049,-171.38,-19.025,-18.101,102.677,0.048,95.273,-117.64,13.074,-0.211,8.196,-0.052,-8.128,8.922,0.54,-2.02,-3.74,-0.03,-0.39,1.21,3.033,-0.051,1.901,0.003,-1.983,7.642,,
2026-01-27 20:21:49.707,home_to_approach_feeder,-78.501,-357.665,1466.387,-179.841,-0.055,-171.505,-17.816,-18.121,103.434,0.045,94.52,-116.308,12.826,-0.207,8.04,-0.048,-7.978,10.021,0.57,-2.12,-3.76,0.07,-0.41,1.32,2.455,-0.041,1.538,0.006,-1.605,8.092,,
2026-01-27 20:21:49.808,home_to_approach_feeder,-71.935,-359.38,1459.997,-179.829,-0.06,-171.745,-16.75,-18.138,104.102,0.042,93.856,-115.002,12.285,-0.199,7.701,-0.044,-7.643,10.781,0.56,-2.08,-3.91,-0.04,-0.31,1.43,0.789,-0.014,0.493,0.011,-0.552,7.024,,
2026-01-27 20:21:49.909,home_to_approach_feeder,-65.774,-360.805,1454.046,-179.819,-0.062,-172.086,-15.758,-18.154,104.724,0.039,93.239,-113.669,11.695,-0.189,7.33,-0.04,-7.274,11.418,0.5,-2.1,-3.82,0.02,-0.47,1.59,-0.03,-0.0,-0.021,0.014,-0.03,6.59,,
2026-01-27 20:21:50.011,home_to_approach_feeder,-60.59,-361.867,1449.069,-179.81,-0.064,-172.463,-14.929,-18.167,105.243,0.037,92.724,-112.464,10.844,-0.175,6.796,-0.035,-6.743,11.578,0.54,-2.12,-3.68,-0.06,-0.37,1.68,-1.656,0.026,-1.04,0.017,0.992,4.661,,
2026-01-27 20:21:50.112,home_to_approach_feeder,-55.704,-362.757,1444.401,-179.802,-0.065,-172.897,-14.151,-18.18,105.731,0.035,92.242,-111.253,10.077,-0.163,6.315,-0.031,-6.264,11.709,0.38,-2.14,-3.92,-0.02,-0.37,1.62,-2.007,0.032,-1.26,0.017,1.218,4.241,,
2026-01-27 20:21:50.214,home_to_approach_feeder,-51.366,-363.456,1440.273,-179.795,-0.065,-173.347,-13.463,-18.191,106.161,0.033,91.815,-110.116,9.277,-0.15,5.813,-0.028,-5.763,11.625,0.33,-2.1,-3.91,-0.05,-0.3,1.68,-2.707,0.043,-1.699,0.018,1.659,3.085,,
2026-01-27 20:21:50.317,home_to_approach_feeder,-46.525,-364.138,1435.683,-179.788,-0.064,-173.923,-12.699,-18.203,106.64,0.031,91.342,-108.776,8.868,-0.143,5.557,-0.026,-5.506,12.07,0.41,-2.12,-4.01,0.08,-0.34,1.67,-1.67,0.027,-1.049,0.014,1.023,4.809,,
2026-01-27 20:21:50.419,home_to_approach_feeder,-42.467,-364.63,1431.846,-179.782,-0.063,-174.469,-12.061,-18.214,107.04,0.029,90.947,-107.592,8.248,-0.133,5.168,-0.024,-5.117,12.012,0.32,-2.19,-4.0,-0.0,-0.28,1.73,-2.758,0.044,-1.731,0.016,1.702,2.763,,
2026-01-27 20:21:50.522,home_to_approach_feeder,-38.652,-365.027,1428.248,-179.777,-0.061,-175.034,-11.462,-18.223,107.415,0.028,90.577,-106.428,7.683,-0.124,4.813,-0.022,-4.763,11.919,0.24,-2.06,-3.9,0.01,-0.2,1.76,-2.88,0.047,-1.807,0.015,1.781,2.287,,
2026-01-27 20:21:50.625,home_to_approach_feeder,-35.067,-365.341,1424.875,-179.772,-0.059,-175.612,-10.9,-18.232,107.767,0.026,90.23,-105.288,7.166,-0.115,4.489,-0.02,-4.439,11.788,0.37,-2.1,-3.95,-0.01,-0.24,1.72,-2.965,0.048,-1.861,0.014,1.837,1.813,,
2026-01-27 20:21:50.726,home_to_approach_feeder,-31.318,-365.611,1421.352,-179.768,-0.057,-176.265,-10.314,-18.241,108.134,0.025,89.868,-104.049,6.841,-0.11,4.285,-0.019,-4.234,11.94,0.31,-2.05,-3.95,0.02,-0.24,1.69,-2.421,0.039,-1.52,0.012,1.504,2.631,,
2026-01-27 20:21:50.830,home_to_approach_feeder,-27.824,-365.807,1418.074,-179.764,-0.054,-176.919,-9.768,-18.25,108.476,0.023,89.532,-102.85,6.495,-0.104,4.068,-0.018,-4.016,11.951,0.26,-2.11,-3.97,0.07,-0.21,1.68,-2.586,0.042,-1.623,0.011,1.608,1.961,,
2026-01-27 20:21:50.933,home_to_approach_feeder,-24.569,-365.942,1415.024,-179.76,-0.051,-177.565,-9.26,-18.258,108.794,0.022,89.219,-101.696,6.14,-0.098,3.846,-0.018,-3.793,11.848,0.19,-2.01,-3.97,0.05,-0.16,1.65,-2.706,0.044,-1.698,0.01,1.684,1.315,,
2026-01-27 20:21:51.036,home_to_approach_feeder,-21.538,-366.027,1412.186,-179.757,-0.049,-178.197,-8.788,-18.266,109.089,0.02,88.929,-100.591,5.787,-0.093,3.624,-0.017,-3.572,11.649,0.15,-2.01,-4.03,-0.0,-0.17,1.68,-2.788,0.045,-1.749,0.01,1.736,0.698,,
2026-01-27 20:21:51.138,home_to_approach_feeder,-18.572,-366.072,1409.411,-179.755,-0.046,-178.843,-8.326,-18.273,109.379,0.019,88.645,-99.483,5.495,-0.088,3.441,-0.016,-3.388,11.506,0.25,-2.03,-4.02,-0.01,-0.14,1.61,-2.614,0.042,-1.64,0.009,1.63,0.655,,
2026-01-27 20:21:51.239,home_to_approach_feeder,-15.954,-366.079,1406.963,-179.753,-0.043,-179.433,-7.918,-18.28,109.634,0.017,88.395,-98.486,5.141,-0.082,3.219,-0.016,-3.166,11.123,0.25,-2.06,-3.92,-0.1,-0.18,1.58,-2.896,0.047,-1.816,0.009,1.803,-0.516,,
2026-01-27 20:21:51.344,home_to_approach_feeder,-13.394,-366.058,1404.57,-179.751,-0.04,179.976,-7.519,-18.286,109.883,0.016,88.151,-97.496,4.852,-0.077,3.038,-0.015,-2.986,10.817,0.1,-2.06,-4.04,0.05,-0.25,1.51,-2.698,0.044,-1.692,0.008,1.681,-0.537,,
2026-01-27 20:21:51.448,home_to_approach_feeder,-11.021,-366.013,1402.352,-179.75,-0.038,179.418,-7.15,-18.292,110.115,0.015,87.924,-96.569,4.563,-0.073,2.857,-0.015,-2.805,10.431,0.16,-2.01,-3.99,-0.01,-0.1,1.42,-2.719,0.044,-1.705,0.008,1.694,-1.11,,
2026-01-27 20:21:51.552,home_to_approach_feeder,-8.821,-365.95,1400.296,-179.749,-0.035,178.896,-6.807,-18.297,110.329,0.013,87.715,-95.704,4.278,-0.068,2.679,-0.014,-2.627,9.984,0.19,-2.05,-4.15,0.03,-0.09,1.3,-2.716,0.044,-1.703,0.008,1.692,-1.632,,
2026-01-27 20:21:51.655,home_to_approach_feeder,-6.88,-365.877,1398.482,-179.748,-0.033,178.436,-6.505,-18.302,110.518,0.012,87.53,-94.942,3.964,-0.063,2.482,-0.013,-2.432,9.393,0.16,-2.07,-4.06,0.05,-0.08,1.29,-2.848,0.046,-1.785,0.008,1.771,-2.488,,
2026-01-27 20:21:51.759,home_to_approach_feeder,-5.074,-365.793,1396.794,-179.748,-0.031,178.013,-6.224,-18.307,110.694,0.011,87.358,-94.237,3.677,-0.059,2.301,-0.013,-2.253,8.808,0.11,-1.98,-4.08,0.0,-0.08,1.22,-2.773,0.045,-1.738,0.008,1.724,-2.809,,
2026-01-27 20:21:51.863,home_to_approach_feeder,-3.309,-365.698,1395.144,-179.747,-0.029,177.606,-5.949,-18.311,110.866,0.01,87.191,-93.556,3.445,-0.055,2.156,-0.012,-2.109,8.309,0.17,-2.07,-3.9,-0.03,-0.1,1.2,-2.558,0.041,-1.603,0.007,1.592,-2.765,,
2026-01-27 20:21:51.966,home_to_approach_feeder,-1.595,-365.593,1393.541,-179.747,-0.027,177.224,-5.682,-18.315,111.034,0.009,87.028,-92.906,3.252,-0.052,2.035,-0.012,-1.989,7.856,0.14,-1.93,-4.05,0.03,-0.07,1.02,-2.381,0.038,-1.492,0.007,1.482,-2.808,,
2026-01-27 20:21:52.067,home_to_approach_feeder,-0.23,-365.5,1392.265,-179.748,-0.026,176.932,-5.469,-18.319,111.167,0.008,86.899,-92.402,2.97,-0.047,1.859,-0.011,-1.815,7.153,0.13,-1.99,-4.05,-0.03,-0.09,0.99,-2.688,0.043,-1.684,0.008,1.667,-3.98,,
2026-01-27 20:21:52.168,home_to_approach_feeder,1.112,-365.4,1391.01,-179.748,-0.024,176.66,-5.26,-18.322,111.298,0.007,86.771,-91.921,2.751,-0.044,1.722,-0.01,-1.679,6.568,0.19,-1.95,-4.1,-0.0,-0.02,0.97,-2.453,0.039,-1.537,0.008,1.522,-3.812,,
2026-01-27 20:21:52.270,home_to_approach_feeder,2.36,-365.3,1389.842,-179.748,-0.023,176.424,-5.065,-18.325,111.42,0.007,86.653,-91.49,2.55,-0.04,1.596,-0.009,-1.555,6.002,0.16,-1.96,-4.06,-0.01,-0.06,0.84,-2.353,0.038,-1.474,0.007,1.459,-3.938,,
2026-01-27 20:21:52.373,home_to_approach_feeder,3.58,-365.196,1388.7,-179.749,-0.022,176.214,-4.875,-18.328,111.539,0.006,86.538,-91.09,2.388,-0.038,1.495,-0.009,-1.455,5.502,0.0,-1.98,-4.06,-0.0,-0.12,0.71,-2.161,0.035,-1.354,0.007,1.341,-3.845,,
2026-01-27 20:21:52.477,home_to_approach_feeder,4.601,-365.104,1387.744,-179.749,-0.021,176.058,-4.715,-18.331,111.639,0.005,86.441,-90.774,2.19,-0.035,1.371,-0.008,-1.333,4.917,0.08,-1.99,-4.06,-0.05,-0.03,0.64,-2.255,0.036,-1.412,0.008,1.396,-4.304,,
2026-01-27 20:21:52.579,home_to_approach_feeder,5.504,-365.018,1386.899,-179.75,-0.021,175.937,-4.574,-18.333,111.727,0.005,86.356,-90.512,1.995,-0.032,1.249,-0.007,-1.213,4.342,0.04,-2.0,-4.12,0.04,-0.06,0.66,-2.214,0.036,-1.387,0.008,1.369,-4.417,,
2026-01-27 20:21:52.683,home_to_approach_feeder,6.301,-364.939,1386.151,-179.75,-0.02,175.846,-4.45,-18.335,111.805,0.004,86.28,-90.297,1.807,-0.029,1.131,-0.007,-1.098,3.794,0.17,-2.0,-4.09,0.05,-0.07,0.59,-2.156,0.035,-1.35,0.008,1.332,-4.441,,
2026-01-27 20:21:52.793,home_to_approach_feeder,6.682,-364.901,1385.795,-179.751,-0.02,175.809,-4.39,-18.336,111.842,0.004,86.244,-90.2,1.504,-0.024,0.942,-0.005,-0.914,3.088,0.04,-2.0,-4.08,-0.04,-0.09,0.46,-2.591,0.041,-1.623,0.009,1.593,-5.182,,
2026-01-27 20:21:52.896,home_to_approach_feeder,6.96,-364.872,1385.534,-179.751,-0.02,175.785,-4.347,-18.336,111.869,0.004,86.218,-90.132,1.237,-0.02,0.774,-0.004,-0.751,2.485,0.05,-1.92,-4.07,0.03,-0.07,0.44,-2.493,0.04,-1.561,0.009,1.53,-4.952,,
2026-01-27 20:21:53.003,home_to_approach_feeder,7.454,-364.821,1385.071,-179.751,-0.02,175.748,-4.27,-18.338,111.918,0.004,86.171,-90.018,1.12,-0.018,0.702,-0.004,-0.68,2.15,0.01,-2.01,-4.16,-0.03,-0.04,0.4,-1.907,0.03,-1.194,0.007,1.174,-3.991,,
2026-01-27 20:21:53.106,home_to_approach_feeder,8.26,-364.734,1384.316,-179.752,-0.019,175.705,-4.144,-18.34,111.997,0.004,86.095,-89.849,1.155,-0.018,0.723,-0.004,-0.7,2.033,0.1,-2.01,-4.08,0.07,-0.08,0.43,-1.228,0.02,-0.769,0.005,0.762,-3.053,,
2026-01-27 20:21:53.210,home_to_approach_feeder,9.085,-364.642,1383.542,-179.753,-0.019,175.689,-4.015,-18.342,112.077,0.003,86.017,-89.704,1.189,-0.019,0.744,-0.004,-0.72,1.889,0.04,-1.98,-4.14,0.02,0.0,0.3,-1.075,0.017,-0.673,0.005,0.668,-2.977,,
2026-01-27 20:21:53.310,home_to_approach_feeder,9.812,-364.559,1382.861,-179.754,-0.019,175.701,-3.901,-18.343,112.148,0.003,85.949,-89.602,1.176,-0.019,0.736,-0.003,-0.711,1.67,0.13,-1.93,-4.12,0.04,-0.01,0.3,-1.121,0.018,-0.701,0.005,0.695,-3.117,,
2026-01-27 20:21:53.412,home_to_approach_feeder,10.518,-364.475,1382.198,-179.755,-0.019,175.74,-3.791,-18.345,112.218,0.003,85.882,-89.531,1.158,-0.018,0.725,-0.003,-0.699,1.431,0.09,-2.01,-4.13,-0.04,-0.08,0.2,-1.041,0.017,-0.652,0.005,0.645,-3.11,,
2026-01-27 20:21:53.512,home_to_approach_feeder,11.139,-364.4,1381.615,-179.756,-0.019,175.801,-3.694,-18.347,112.279,0.003,85.824,-89.495,1.111,-0.018,0.696,-0.003,-0.671,1.165,0.0,-2.06,-4.1,0.06,-0.02,0.13,-1.068,0.017,-0.669,0.005,0.66,-3.143,,
2026-01-27 20:21:53.613,home_to_approach_feeder,11.688,-364.332,1381.1,-179.757,-0.019,175.877,-3.608,-18.348,112.332,0.002,85.772,-89.485,1.048,-0.017,0.657,-0.002,-0.632,0.897,0.13,-2.01,-4.03,0.04,0.0,0.14,-1.076,0.017,-0.673,0.005,0.664,-3.102,,
2026-01-27 20:21:53.715,home_to_approach_feeder,12.224,-364.264,1380.597,-179.757,-0.019,175.975,-3.524,-18.349,112.385,0.002,85.722,-89.499,0.996,-0.016,0.624,-0.002,-0.6,0.637,0.01,-2.01,-4.1,0.03,-0.0,0.09,-0.988,0.016,-0.618,0.005,0.609,-3.029,,
2026-01-27 20:21:53.816,home_to_approach_feeder,12.697,-364.203,1380.153,-179.758,-0.019,176.083,-3.45,-18.35,112.431,0.002,85.678,-89.534,0.932,-0.015,0.584,-0.002,-0.561,0.392,-0.02,-1.96,-4.18,0.08,0.04,0.13,-0.988,0.016,-0.618,0.005,0.608,-2.926,,
2026-01-27 20:21:53.920,home_to_approach_feeder,13.114,-364.149,1379.76,-179.759,-0.019,176.198,-3.385,-18.352,112.472,0.002,85.638,-89.583,0.862,-0.014,0.54,-0.001,-0.519,0.171,-0.02,-2.0,-4.17,0.1,-0.09,0.08,-0.976,0.016,-0.61,0.005,0.6,-2.782,,
2026-01-27 20:21:54.020,home_to_approach_feeder,13.504,-364.097,1379.394,-179.76,-0.019,176.322,-3.324,-18.352,112.511,0.002,85.602,-89.646,0.799,-0.013,0.501,-0.001,-0.48,-0.03,-0.03,-1.93,-4.17,-0.03,-0.1,0.05,-0.921,0.015,-0.576,0.004,0.566,-2.648,,
2026-01-27 20:21:54.124,home_to_approach_feeder,13.888,-364.045,1379.034,-179.761,-0.02,176.463,-3.264,-18.353,112.548,0.002,85.566,-89.727,0.749,-0.012,0.47,-0.0,-0.45,-0.225,0.07,-2.1,-4.09,-0.01,-0.03,-0.03,-0.839,0.013,-0.525,0.004,0.515,-2.556,,
2026-01-27 20:21:54.225,home_to_approach_feeder,14.244,-363.996,1378.698,-179.761,-0.02,176.612,-3.208,-18.354,112.583,0.003,85.532,-89.82,0.702,-0.011,0.44,-0.0,-0.421,-0.402,0.02,-1.99,-4.1,0.03,-0.03,-0.04,-0.797,0.013,-0.499,0.004,0.489,-2.423,,
2026-01-27 20:21:54.326,home_to_approach_feeder,14.576,-363.95,1378.386,-179.762,-0.02,176.768,-3.156,-18.355,112.616,0.003,85.501,-89.924,0.656,-0.01,0.412,0.0,-0.394,-0.56,0.09,-2.03,-4.08,0.0,-0.08,-0.07,-0.756,0.012,-0.473,0.004,0.464,-2.286,,
2026-01-27 20:21:54.429,home_to_approach_feeder,14.916,-363.903,1378.066,-179.763,-0.021,176.946,-3.103,-18.356,112.649,0.003,85.47,-90.049,0.625,-0.01,0.392,0.0,-0.375,-0.732,-0.01,-2.02,-4.1,0.06,-0.04,-0.08,-0.668,0.011,-0.418,0.004,0.41,-2.268,,
2026-01-27 20:21:54.531,home_to_approach_feeder,15.202,-363.862,1377.798,-179.764,-0.021,177.111,-3.058,-18.357,112.677,0.003,85.443,-90.169,0.58,-0.009,0.364,0.001,-0.348,-0.85,0.06,-2.01,-4.06,-0.06,0.04,-0.13,-0.687,0.011,-0.43,0.004,0.421,-1.998,,
2026-01-27 20:21:54.631,home_to_approach_feeder,15.467,-363.824,1377.548,-179.764,-0.022,177.278,-3.017,-18.357,112.703,0.003,85.418,-90.295,0.539,-0.009,0.338,0.001,-0.323,-0.952,-0.04,-2.07,-4.11,0.08,0.02,-0.17,-0.649,0.01,-0.406,0.003,0.397,-1.854,,
2026-01-27 20:21:54.733,home_to_approach_feeder,15.714,-363.789,1377.316,-179.765,-0.022,177.447,-2.978,-18.358,112.728,0.003,85.395,-90.425,0.501,-0.008,0.314,0.001,-0.299,-1.04,0.1,-2.02,-4.13,0.02,0.02,-0.04,-0.613,0.01,-0.384,0.003,0.375,-1.71,,
2026-01-27 20:21:54.835,home_to_approach_feeder,15.955,-363.753,1377.089,-179.766,-0.022,177.625,-2.94,-18.359,112.751,0.003,85.373,-90.565,0.47,-0.007,0.295,0.001,-0.281,-1.13,0.03,-2.02,-4.11,0.02,0.01,-0.15,-0.561,0.009,-0.351,0.003,0.343,-1.639,,
2026-01-27 20:21:54.936,home_to_approach_feeder,16.157,-363.724,1376.899,-179.766,-0.023,177.784,-2.909,-18.359,112.771,0.004,85.354,-90.693,0.431,-0.007,0.271,0.001,-0.258,-1.167,0.03,-2.02,-4.11,-0.01,0.08,-0.22,-0.566,0.009,-0.354,0.003,0.345,-1.351,,
2026-01-27 20:21:55.042,home_to_approach_feeder,16.366,-363.693,1376.702,-179.767,-0.023,177.959,-2.876,-18.36,112.792,0.004,85.334,-90.836,0.405,-0.006,0.255,0.002,-0.242,-1.232,-0.08,-1.94,-4.07,0.02,-0.08,-0.08,-0.499,0.008,-0.312,0.003,0.305,-1.365,,
2026-01-27 20:21:55.142,home_to_approach_feeder,16.541,-363.667,1376.538,-179.768,-0.023,178.115,-2.849,-18.36,112.809,0.004,85.318,-90.964,0.372,-0.006,0.234,0.002,-0.222,-1.244,-0.02,-1.94,-4.14,-0.05,-0.03,-0.17,-0.502,0.008,-0.314,0.002,0.306,-1.083,,
2026-01-27 20:21:55.247,home_to_approach_feeder,16.713,-363.641,1376.376,-179.768,-0.024,178.275,-2.822,-18.36,112.826,0.004,85.302,-91.098,0.347,-0.005,0.218,0.002,-0.206,-1.268,0.02,-2.05,-4.17,-0.06,-0.03,-0.19,-0.456,0.007,-0.286,0.002,0.278,-1.034,,
2026-01-27 20:21:55.351,home_to_approach_feeder,16.873,-363.617,1376.225,-179.769,-0.024,178.432,-2.797,-18.361,112.842,0.004,85.287,-91.23,0.323,-0.005,0.203,0.002,-0.192,-1.281,0.02,-1.9,-4.14,0.09,-0.03,-0.18,-0.429,0.007,-0.269,0.002,0.262,-0.911,,
2026-01-27 20:21:55.453,home_to_approach_feeder,17.014,-363.596,1376.092,-179.769,-0.024,178.577,-2.775,-18.361,112.856,0.004,85.274,-91.352,0.297,-0.005,0.187,0.002,-0.177,-1.267,-0.06,-2.03,-4.16,0.06,-0.1,-0.17,-0.416,0.007,-0.26,0.001,0.253,-0.725,,
2026-01-27 20:21:55.557,home_to_approach_feeder,17.153,-363.574,1375.961,-179.77,-0.025,178.725,-2.753,-18.362,112.869,0.005,85.261,-91.478,0.277,-0.004,0.174,0.002,-0.165,-1.266,0.03,-2.01,-4.18,-0.05,0.0,-0.18,-0.378,0.006,-0.237,0.001,0.23,-0.689,,
2026-01-27 20:21:55.659,home_to_approach_feeder,17.283,-363.554,1375.839,-179.77,-0.025,178.868,-2.733,-18.362,112.882,0.005,85.249,-91.601,0.259,-0.004,0.163,0.002,-0.154,-1.255,0.05,-2.05,-4.08,-0.02,0.02,-0.19,-0.355,0.006,-0.222,0.001,0.216,-0.582,,
2026-01-27 20:21:55.764,home_to_approach_feeder,17.397,-363.537,1375.731,-179.771,-0.025,178.997,-2.715,-18.362,112.893,0.005,85.239,-91.713,0.239,-0.004,0.15,0.002,-0.142,-1.221,-0.05,-2.08,-4.06,-0.03,0.11,-0.14,-0.343,0.005,-0.215,0.001,0.208,-0.42,,
2026-01-27 20:21:55.869,home_to_approach_feeder,17.504,-363.52,1375.63,-179.771,-0.025,179.122,-2.698,-18.362,112.904,0.005,85.229,-91.821,0.221,-0.004,0.139,0.002,-0.131,-1.186,0.03,-1.95,-4.12,-0.0,-0.07,-0.23,-0.321,0.005,-0.201,0.001,0.195,-0.336,waypoint,
2026-01-27 20:21:55.972,approach_feeder_to_pick,17.589,-364.784,1375.642,-179.784,-0.025,179.242,-2.675,-18.233,112.818,0.005,85.197,-91.918,0.222,0.322,-0.11,0.002,-0.177,-1.133,0.07,-1.44,-4.18,0.07,0.08,-0.17,-0.229,1.305,-1.142,0.001,-0.041,-0.2,,
2026-01-27 20:21:56.073,approach_feeder_to_pick,17.646,-370.247,1375.953,-179.796,-0.025,179.387,-2.627,-17.685,112.427,0.005,85.054,-92.014,0.288,1.61,-1.061,0.001,-0.491,-1.09,-0.03,-1.53,-4.14,-0.06,-0.01,-0.08,0.052,5.35,-4.087,-0.0,-1.156,-0.167,,
2026-01-27 20:21:56.175,approach_feeder_to_pick,17.706,-375.456,1376.2,-179.795,-0.025,179.521,-2.581,-17.167,112.056,0.005,84.906,-92.103,0.33,2.502,-1.722,0.001,-0.74,-1.039,-0.05,-1.74,-4.21,-0.0,-0.13,-0.17,0.02,4.52,-3.469,-0.001,-1.091,-0.073,,
2026-01-27 20:21:56.278,approach_feeder_to_pick,17.777,-380.855,1376.405,-179.793,-0.026,179.658,-2.534,-16.632,111.673,0.005,84.751,-92.192,0.366,3.215,-2.249,0.001,-0.94,-1.003,0.07,-1.67,-4.15,0.0,-0.04,-0.17,0.033,4.244,-3.248,-0.001,-1.04,-0.075,,
2026-01-27 20:21:56.379,approach_feeder_to_pick,17.842,-385.385,1376.537,-179.792,-0.026,179.77,-2.494,-16.184,111.352,0.005,84.622,-92.265,0.374,3.532,-2.489,0.001,-1.028,-0.934,-0.08,-1.8,-4.18,0.02,-0.08,-0.09,-0.047,2.95,-2.3,-0.001,-0.685,0.1,,
2026-01-27 20:21:56.480,approach_feeder_to_pick,17.916,-390.078,1376.636,-179.79,-0.027,179.883,-2.453,-15.72,111.021,0.005,84.489,-92.337,0.383,3.809,-2.696,0.0,-1.105,-0.881,0.03,-1.82,-4.26,0.12,-0.05,-0.13,-0.029,2.807,-2.179,-0.001,-0.659,0.093,,
2026-01-27 20:21:56.582,approach_feeder_to_pick,17.987,-394.225,1376.69,-179.789,-0.027,179.98,-2.417,-15.311,110.728,0.005,84.371,-92.398,0.377,3.879,-2.754,0.0,-1.123,-0.813,-0.0,-1.98,-4.14,-0.06,-0.04,0.01,-0.074,1.981,-1.571,-0.001,-0.435,0.199,,
2026-01-27 20:21:56.683,approach_feeder_to_pick,18.057,-398.09,1376.714,-179.788,-0.027,-179.932,-2.383,-14.93,110.455,0.005,84.262,-92.452,0.367,3.861,-2.747,0.0,-1.115,-0.744,-0.07,-2.09,-4.27,0.01,-0.14,-0.14,-0.092,1.499,-1.211,-0.001,-0.309,0.253,,
2026-01-27 20:21:56.785,approach_feeder_to_pick,18.126,-401.69,1376.712,-179.787,-0.027,-179.855,-2.352,-14.576,110.202,0.005,84.16,-92.498,0.354,3.782,-2.694,0.0,-1.091,-0.674,0.04,-2.08,-4.31,0.07,-0.09,-0.12,-0.106,1.084,-0.9,-0.001,-0.201,0.298,,
2026-01-27 20:21:56.887,approach_feeder_to_pick,18.194,-405.044,1376.69,-179.787,-0.028,-179.786,-2.323,-14.246,109.966,0.005,84.066,-92.538,0.338,3.66,-2.61,0.0,-1.054,-0.605,-0.04,-2.19,-4.25,-0.09,0.03,-0.15,-0.117,0.73,-0.634,-0.001,-0.11,0.334,,
2026-01-27 20:21:56.993,approach_feeder_to_pick,18.26,-408.169,1376.651,-179.786,-0.028,-179.725,-2.296,-13.939,109.746,0.005,83.978,-92.571,0.321,3.512,-2.506,-0.0,-1.01,-0.537,-0.01,-2.22,-4.27,0.03,-0.03,-0.15,-0.126,0.428,-0.407,-0.001,-0.032,0.364,,
2026-01-27 20:21:57.098,approach_feeder_to_pick,18.328,-411.226,1376.598,-179.786,-0.028,-179.67,-2.269,-13.639,109.532,0.005,83.892,-92.6,0.307,3.384,-2.416,-0.0,-0.972,-0.475,0.03,-2.24,-4.24,0.02,0.02,-0.0,-0.119,0.317,-0.317,-0.001,-0.009,0.374,,
2026-01-27 20:21:57.200,approach_feeder_to_pick,18.389,-413.926,1376.536,-179.785,-0.028,-179.625,-2.246,-13.375,109.343,0.005,83.816,-92.622,0.289,3.2,-2.286,-0.0,-0.918,-0.411,-0.02,-2.35,-4.22,-0.07,-0.07,-0.01,-0.138,-0.068,-0.033,-0.001,0.094,0.408,,
2026-01-27 20:21:57.305,approach_feeder_to_pick,18.452,-416.567,1376.464,-179.785,-0.028,-179.584,-2.223,-13.116,109.157,0.005,83.742,-92.639,0.274,3.047,-2.177,-0.0,-0.874,-0.351,0.03,-2.35,-4.19,-0.06,-0.06,-0.02,-0.13,-0.12,0.012,-0.001,0.102,0.411,,
2026-01-27 20:21:57.406,approach_feeder_to_pick,18.505,-418.781,1376.394,-179.785,-0.028,-179.554,-2.204,-12.899,109.002,0.005,83.68,-92.65,0.253,2.827,-2.02,-0.0,-0.81,-0.291,0.05,-2.42,-4.16,-0.07,-0.05,-0.01,-0.154,-0.529,0.312,-0.0,0.213,0.433,,
2026-01-27 20:21:57.511,approach_feeder_to_pick,18.563,-421.071,1376.313,-179.785,-0.028,-179.527,-2.184,-12.675,108.842,0.005,83.617,-92.658,0.24,2.68,-1.916,-0.0,-0.767,-0.238,-0.01,-2.44,-4.07,0.04,-0.0,-0.02,-0.132,-0.402,0.228,-0.001,0.171,0.424,,
2026-01-27 20:21:57.615,approach_feeder_to_pick,18.617,-423.196,1376.229,-179.784,-0.028,-179.505,-2.166,-12.467,108.693,0.005,83.557,-92.661,0.226,2.53,-1.809,-0.0,-0.723,-0.186,-0.03,-2.41,-4.21,-0.04,-0.07,-0.08,-0.133,-0.525,0.322,-0.0,0.201,0.426,,
2026-01-27 20:21:57.720,approach_feeder_to_pick,18.669,-425.166,1376.145,-179.784,-0.028,-179.489,-2.149,-12.275,108.556,0.005,83.503,-92.661,0.212,2.379,-1.701,-0.0,-0.68,-0.138,-0.09,-2.41,-4.1,-0.06,-0.1,-0.05,-0.133,-0.624,0.398,-0.0,0.224,0.424,,
2026-01-27 20:21:57.823,approach_feeder_to_pick,18.713,-426.816,1376.069,-179.784,-0.028,-179.478,-2.134,-12.113,108.44,0.005,83.457,-92.657,0.195,2.187,-1.564,-0.0,-0.624,-0.094,-0.01,-2.57,-4.18,-0.09,-0.02,0.01,-0.148,-0.875,0.583,-0.0,0.292,0.412,,
2026-01-27 20:21:57.926,approach_feeder_to_pick,18.757,-428.442,1375.989,-179.785,-0.028,-179.471,-2.12,-11.955,108.327,0.005,83.412,-92.65,0.181,2.037,-1.457,-0.0,-0.581,-0.053,0.02,-2.64,-4.24,-0.06,-0.06,-0.09,-0.135,-0.813,0.543,-0.0,0.27,0.401,,
2026-01-27 20:21:58.031,approach_feeder_to_pick,18.799,-429.954,1375.911,-179.785,-0.029,-179.468,-2.107,-11.807,108.221,0.005,83.37,-92.64,0.168,1.897,-1.357,-0.0,-0.541,-0.016,-0.07,-2.56,-4.13,-0.0,-0.06,-0.03,-0.131,-0.842,0.567,-0.0,0.275,0.387,,
2026-01-27 20:21:58.135,approach_feeder_to_pick,18.84,-431.434,1375.831,-179.785,-0.029,-179.468,-2.094,-11.663,108.118,0.005,83.329,-92.628,0.158,1.784,-1.276,-0.001,-0.508,0.02,-0.04,-2.57,-4.11,0.0,-0.09,0.1,-0.121,-0.791,0.534,-0.0,0.257,0.379,,
2026-01-27 20:21:58.238,approach_feeder_to_pick,18.877,-432.739,1375.757,-179.785,-0.029,-179.47,-2.083,-11.535,108.026,0.005,83.293,-92.614,0.147,1.656,-1.185,-0.001,-0.471,0.05,-0.04,-2.51,-4.12,0.02,-0.06,0.04,-0.124,-0.881,0.602,-0.0,0.28,0.355,,
2026-01-27 20:21:58.340,approach_feeder_to_pick,18.912,-433.955,1375.686,-179.785,-0.029,-179.476,-2.073,-11.417,107.942,0.005,83.259,-92.598,0.136,1.539,-1.101,-0.001,-0.437,0.077,-0.05,-2.72,-4.15,-0.03,-0.02,0.02,-0.119,-0.882,0.605,-0.0,0.277,0.337,waypoint,
2026-01-27 20:21:58.447,pick_on_feeder,18.945,-435.086,1375.617,-179.785,-0.029,-179.483,-2.063,-11.306,107.863,0.005,83.228,-92.581,0.127,1.43,-1.023,-0.001,-0.406,0.1,0.02,-2.66,-4.06,-0.0,0.05,0.02,-0.115,-0.876,0.604,-0.0,0.273,0.317,,
2026-01-27 20:21:58.552,pick_on_feeder,18.978,-436.192,1375.547,-179.785,-0.028,-179.493,-2.053,-11.198,107.786,0.004,83.197,-92.561,0.119,1.342,-0.96,-0.001,-0.381,0.124,-0.02,-2.66,-4.12,0.05,0.03,0.1,-0.105,-0.813,0.561,-0.0,0.253,0.308,,
2026-01-27 20:21:58.656,pick_on_feeder,19.007,-437.168,1375.484,-179.786,-0.028,-179.504,-2.045,-11.103,107.717,0.004,83.17,-92.542,0.11,1.245,-0.89,-0.001,-0.353,0.141,0.04,-2.7,-4.09,0.01,-0.02,0.0,-0.106,-0.859,0.596,-0.0,0.264,0.277,,
2026-01-27 20:21:58.760,pick_on_feeder,19.036,-438.123,1375.421,-179.786,-0.028,-179.517,-2.037,-11.01,107.651,0.004,83.144,-92.521,0.103,1.166,-0.834,-0.001,-0.33,0.159,0.04,-2.73,-4.16,0.01,-0.03,0.03,-0.097,-0.794,0.551,-0.0,0.244,0.267,,
2026-01-27 20:21:58.860,pick_on_feeder,19.06,-438.923,1375.367,-179.786,-0.028,-179.529,-2.03,-10.932,107.595,0.004,83.122,-92.501,0.095,1.069,-0.765,-0.001,-0.303,0.168,-0.14,-2.78,-4.1,-0.08,-0.02,0.01,-0.101,-0.866,0.604,-0.0,0.262,0.224,,
2026-01-27 20:21:58.961,pick_on_feeder,19.083,-439.67,1375.315,-179.786,-0.028,-179.543,-2.023,-10.86,107.543,0.004,83.102,-92.481,0.087,0.984,-0.704,-0.001,-0.278,0.175,-0.01,-2.7,-4.14,0.01,-0.03,0.06,-0.095,-0.831,0.581,-0.0,0.251,0.205,,
2026-01-27 20:21:59.062,pick_on_feeder,19.104,-440.367,1375.266,-179.787,-0.028,-179.557,-2.017,-10.792,107.494,0.004,83.083,-92.461,0.08,0.908,-0.65,-0.001,-0.256,0.182,-0.07,-2.65,-4.11,-0.09,-0.01,0.03,-0.09,-0.795,0.557,-0.0,0.239,0.186,,
2026-01-27 20:21:59.162,pick_on_feeder,19.125,-441.054,1375.217,-179.787,-0.028,-179.572,-2.011,-10.725,107.446,0.004,83.064,-92.44,0.075,0.848,-0.607,-0.001,-0.239,0.189,-0.03,-2.78,-4.09,0.06,0.0,0.03,-0.082,-0.727,0.509,-0.0,0.218,0.179,,
2026-01-27 20:21:59.267,pick_on_feeder,19.145,-441.693,1375.17,-179.787,-0.028,-179.587,-2.006,-10.662,107.402,0.004,83.046,-92.419,0.07,0.792,-0.567,-0.001,-0.223,0.194,0.08,-2.81,-4.11,0.08,-0.02,0.07,-0.078,-0.701,0.491,-0.0,0.21,0.159,,
2026-01-27 20:21:59.369,pick_on_feeder,19.163,-442.258,1375.128,-179.787,-0.028,-179.602,-2.001,-10.607,107.363,0.004,83.031,-92.4,0.065,0.731,-0.523,-0.001,-0.206,0.195,-0.08,-2.79,-4.15,0.03,0.02,-0.01,-0.077,-0.703,0.494,-0.0,0.209,0.13,,
2026-01-27 20:21:59.470,pick_on_feeder,19.179,-442.757,1375.091,-179.787,-0.028,-179.616,-1.997,-10.559,107.328,0.004,83.017,-92.382,0.059,0.67,-0.479,-0.001,-0.189,0.192,0.0,-2.79,-4.18,-0.06,0.04,-0.02,-0.075,-0.697,0.49,0.0,0.207,0.103,,
2026-01-27 20:21:59.575,pick_on_feeder,19.195,-443.278,1375.052,-179.788,-0.028,-179.631,-1.992,-10.508,107.291,0.004,83.003,-92.362,0.056,0.629,-0.45,-0.001,-0.177,0.194,-0.04,-2.92,-4.15,0.07,-0.02,0.07,-0.065,-0.606,0.426,-0.0,0.18,0.11,,
2026-01-27 20:21:59.678,pick_on_feeder,19.209,-443.713,1375.018,-179.788,-0.028,-179.645,-1.988,-10.466,107.261,0.004,82.991,-92.344,0.051,0.578,-0.414,-0.001,-0.162,0.189,-0.02,-2.77,-4.18,-0.07,0.11,-0.01,-0.066,-0.628,0.443,0.0,0.185,0.073,,
2026-01-27 20:21:59.781,pick_on_feeder,19.223,-444.145,1374.985,-179.788,-0.028,-179.659,-1.985,-10.423,107.231,0.004,82.979,-92.326,0.048,0.539,-0.385,-0.001,-0.151,0.186,-0.04,-2.88,-4.11,0.01,-0.1,-0.04,-0.06,-0.569,0.402,0.0,0.168,0.071,,
2026-01-27 20:21:59.883,pick_on_feeder,19.236,-444.548,1374.954,-179.788,-0.028,-179.673,-1.981,-10.384,107.203,0.004,82.968,-92.309,0.045,0.502,-0.359,-0.001,-0.141,0.183,-0.0,-2.83,-4.14,0.1,-0.01,-0.01,-0.056,-0.54,0.381,0.0,0.159,0.058,,
2026-01-27 20:21:59.985,pick_on_feeder,19.249,-444.965,1374.921,-179.788,-0.028,-179.688,-1.978,-10.344,107.174,0.004,82.957,-92.291,0.042,0.478,-0.342,-0.001,-0.134,0.183,0.04,-2.77,-4.13,0.07,0.08,0.07,-0.05,-0.473,0.334,0.0,0.14,0.063,,
2026-01-27 20:22:00.089,pick_on_feeder,19.261,-445.333,1374.892,-179.789,-0.028,-179.701,-1.974,-10.308,107.148,0.004,82.947,-92.274,0.04,0.448,-0.321,-0.0,-0.125,0.179,0.05,-2.88,-4.21,0.02,-0.04,0.02,-0.049,-0.473,0.334,0.0,0.139,0.04,,
2026-01-27 20:22:00.189,pick_on_feeder,19.272,-445.675,1374.864,-179.789,-0.028,-179.714,-1.971,-10.274,107.124,0.004,82.938,-92.258,0.037,0.419,-0.3,-0.0,-0.117,0.174,0.02,-2.75,-4.16,-0.06,-0.0,0.0,-0.046,-0.451,0.319,0.0,0.132,0.027,,
2026-01-27 20:22:00.295,pick_on_feeder,19.282,-445.993,1374.839,-179.789,-0.028,-179.726,-1.969,-10.243,107.102,0.004,82.929,-92.243,0.035,0.392,-0.281,-0.0,-0.11,0.168,0.03,-2.96,-4.15,-0.03,-0.06,0.04,-0.044,-0.429,0.303,0.0,0.125,0.016,,
2026-01-27 20:22:00.398,pick_on_feeder,19.292,-446.29,1374.815,-179.789,-0.028,-179.738,-1.966,-10.215,107.082,0.004,82.921,-92.229,0.032,0.366,-0.262,-0.0,-0.102,0.161,-0.1,-2.89,-4.16,-0.02,0.06,-0.06,-0.041,-0.408,0.289,0.0,0.119,0.006,,
2026-01-27 20:22:00.504,pick_on_feeder,19.301,-446.579,1374.791,-179.789,-0.028,-179.749,-1.964,-10.186,107.061,0.004,82.913,-92.215,0.031,0.345,-0.247,-0.0,-0.096,0.156,0.04,-2.87,-4.11,0.02,0.01,0.07,-0.038,-0.373,0.264,0.0,0.109,0.003,,
2026-01-27 20:22:00.606,pick_on_feeder,19.31,-446.835,1374.77,-179.789,-0.028,-179.759,-1.961,-10.161,107.044,0.003,82.906,-92.203,0.028,0.321,-0.23,-0.0,-0.09,0.147,-0.05,-2.9,-4.13,-0.04,-0.02,-0.05,-0.037,-0.369,0.262,0.0,0.107,-0.014,,
2026-01-27 20:22:00.711,pick_on_feeder,19.314,-446.95,1374.76,-179.79,-0.028,-179.764,-1.96,-10.15,107.036,0.003,82.903,-92.197,0.024,0.269,-0.192,-0.0,-0.075,0.124,0.01,-2.86,-4.05,-0.03,0.03,-0.03,-0.045,-0.469,0.334,0.0,0.135,-0.08,,
2026-01-27 20:22:00.817,pick_on_feeder,19.317,-447.061,1374.751,-179.79,-0.028,-179.768,-1.959,-10.139,107.028,0.003,82.9,-92.192,0.02,0.229,-0.164,-0.0,-0.064,0.106,-0.02,-2.95,-4.09,0.06,0.03,0.01,-0.041,-0.426,0.303,0.0,0.122,-0.074,,
2026-01-27 20:22:00.919,pick_on_feeder,19.321,-447.192,1374.74,-179.79,-0.028,-179.773,-1.958,-10.127,107.019,0.003,82.897,-92.186,0.018,0.203,-0.145,-0.0,-0.057,0.095,-0.08,-2.87,-4.08,-0.01,-0.08,0.04,-0.035,-0.364,0.259,0.0,0.105,-0.057,,
2026-01-27 20:22:01.020,pick_on_feeder,19.328,-447.394,1374.724,-179.79,-0.028,-179.781,-1.957,-10.107,107.005,0.003,82.891,-92.176,0.018,0.202,-0.144,-0.0,-0.056,0.095,-0.11,-2.86,-4.03,0.06,0.01,0.09,-0.026,-0.258,0.183,0.0,0.075,-0.018,,
2026-01-27 20:22:01.125,pick_on_feeder,19.335,-447.593,1374.707,-179.79,-0.028,-179.788,-1.955,-10.088,106.991,0.003,82.886,-92.167,0.018,0.2,-0.143,-0.0,-0.055,0.095,0.04,-2.96,-4.07,0.03,-0.06,-0.05,-0.023,-0.235,0.167,0.0,0.068,-0.02,,
2026-01-27 20:22:01.233,pick_on_feeder,19.341,-447.778,1374.692,-179.79,-0.028,-179.795,-1.953,-10.07,106.978,0.003,82.881,-92.159,0.017,0.195,-0.139,-0.0,-0.054,0.092,-0.07,-2.84,-4.07,0.05,0.02,0.09,-0.022,-0.225,0.16,0.0,0.065,-0.026,,
2026-01-27 20:22:01.334,pick_on_feeder,19.346,-447.942,1374.678,-179.79,-0.028,-179.801,-1.952,-10.054,106.966,0.003,82.877,-92.152,0.017,0.186,-0.133,-0.0,-0.052,0.087,-0.05,-2.85,-4.09,-0.07,-0.0,0.07,-0.022,-0.224,0.159,0.0,0.065,-0.036,,
2026-01-27 20:22:01.437,pick_on_feeder,19.351,-448.095,1374.665,-179.79,-0.028,-179.806,-1.95,-10.039,106.956,0.003,82.872,-92.145,0.016,0.177,-0.126,-0.0,-0.049,0.081,0.01,-2.87,-4.03,-0.07,0.04,0.02,-0.021,-0.212,0.151,0.0,0.061,-0.039,,
2026-01-27 20:22:01.538,pick_on_feeder,19.356,-448.238,1374.653,-179.79,-0.028,-179.811,-1.949,-10.025,106.946,0.003,82.869,-92.139,0.015,0.167,-0.12,-0.0,-0.046,0.075,-0.07,-2.9,-4.19,0.08,-0.01,-0.06,-0.019,-0.201,0.143,0.0,0.058,-0.042,,
2026-01-27 20:22:01.640,pick_on_feeder,19.361,-448.385,1374.64,-179.791,-0.028,-179.815,-1.948,-10.01,106.936,0.003,82.865,-92.134,0.014,0.161,-0.116,-0.0,-0.045,0.071,0.06,-2.87,-4.15,0.03,0.07,0.05,-0.017,-0.176,0.125,0.0,0.051,-0.039,,
2026-01-27 20:22:01.742,pick_on_feeder,19.365,-448.522,1374.629,-179.791,-0.028,-179.819,-1.947,-9.997,106.926,0.003,82.861,-92.129,0.014,0.154,-0.11,-0.0,-0.043,0.065,-0.02,-3.01,-4.15,0.03,-0.08,-0.01,-0.016,-0.169,0.12,0.0,0.049,-0.043,,
2026-01-27 20:22:01.843,pick_on_feeder,19.369,-448.643,1374.618,-179.791,-0.028,-179.822,-1.946,-9.985,106.918,0.003,82.858,-92.125,0.013,0.145,-0.104,-0.0,-0.04,0.059,-0.02,-2.91,-4.1,-0.05,-0.05,0.05,-0.016,-0.168,0.119,0.0,0.048,-0.048,,
2026-01-27 20:22:01.949,pick_on_feeder,19.374,-448.767,1374.608,-179.791,-0.028,-179.824,-1.945,-9.973,106.909,0.003,82.854,-92.121,0.012,0.139,-0.099,-0.0,-0.038,0.053,-0.0,-2.9,-4.13,-0.13,0.04,-0.01,-0.014,-0.148,0.105,0.0,0.042,-0.046,,
2026-01-27 20:22:02.051,pick_on_feeder,19.377,-448.876,1374.598,-179.791,-0.028,-179.826,-1.944,-9.963,106.901,0.003,82.851,-92.118,0.012,0.131,-0.094,-0.0,-0.036,0.047,0.08,-2.88,-4.13,0.02,-0.03,0.07,-0.014,-0.147,0.105,0.0,0.042,-0.05,,
2026-01-27 20:22:02.155,pick_on_feeder,19.381,-448.977,1374.59,-179.791,-0.028,-179.827,-1.943,-9.953,106.894,0.003,82.849,-92.116,0.011,0.123,-0.088,-0.0,-0.034,0.041,0.03,-2.99,-4.13,-0.01,0.08,-0.02,-0.013,-0.14,0.1,0.0,0.04,-0.051,,
2026-01-27 20:22:02.256,pick_on_feeder,19.384,-449.066,1374.582,-179.791,-0.028,-179.828,-1.942,-9.944,106.888,0.003,82.846,-92.115,0.01,0.114,-0.081,-0.0,-0.031,0.034,-0.02,-2.84,-4.03,-0.04,-0.05,-0.03,-0.013,-0.138,0.098,0.0,0.039,-0.052,,
2026-01-27 20:22:02.460,pick_on_feeder,19.389,-449.226,1374.568,-179.791,-0.028,-179.828,-1.941,-9.929,106.877,0.003,82.842,-92.113,0.009,0.098,-0.07,-0.0,-0.027,0.023,0.04,-2.89,-4.1,-0.02,-0.02,0.1,-0.012,-0.123,0.087,0.0,0.035,-0.051,,
2026-01-27 20:22:02.664,pick_on_feeder,19.394,-449.368,1374.556,-179.792,-0.028,-179.827,-1.939,-9.915,106.867,0.003,82.838,-92.113,0.008,0.085,-0.061,-0.0,-0.023,0.013,0.0,-2.9,-4.21,-0.0,-0.05,0.0,-0.01,-0.11,0.078,0.0,0.031,-0.049,,
2026-01-27 20:22:02.869,pick_on_feeder,19.398,-449.494,1374.545,-179.792,-0.028,-179.825,-1.938,-9.903,106.858,0.003,82.835,-92.114,0.007,0.074,-0.053,-0.0,-0.02,0.004,-0.02,-3.01,-4.07,0.02,0.01,0.1,-0.009,-0.095,0.068,0.0,0.027,-0.046,,
2026-01-27 20:22:03.071,pick_on_feeder,19.401,-449.591,1374.536,-179.792,-0.028,-179.822,-1.938,-9.893,106.852,0.003,82.832,-92.116,0.006,0.062,-0.045,-0.0,-0.017,-0.002,0.01,-2.89,-4.1,-0.01,-0.05,0.01,-0.008,-0.091,0.065,0.0,0.026,-0.04,,
2026-01-27 20:22:03.275,pick_on_feeder,19.404,-449.685,1374.528,-179.792,-0.028,-179.818,-1.937,-9.884,106.845,0.003,82.83,-92.119,0.005,0.055,-0.039,0.0,-0.015,-0.008,-0.06,-2.88,-4.11,0.03,0.14,0.01,-0.007,-0.074,0.053,0.0,0.021,-0.038,,
2026-01-27 20:22:03.482,pick_on_feeder,19.407,-449.766,1374.521,-179.792,-0.028,-179.813,-1.936,-9.876,106.839,0.003,82.828,-92.123,0.004,0.048,-0.034,0.0,-0.013,-0.013,-0.0,-2.96,-4.09,-0.05,-0.02,-0.02,-0.006,-0.066,0.047,0.0,0.018,-0.033,,
2026-01-27 20:22:03.686,pick_on_feeder,19.409,-449.834,1374.515,-179.792,-0.028,-179.809,-1.935,-9.869,106.835,0.003,82.826,-92.127,0.004,0.042,-0.03,0.0,-0.011,-0.016,0.03,-2.87,-4.06,-0.03,-0.02,-0.04,-0.005,-0.058,0.041,0.0,0.016,-0.029,,
2026-01-27 20:22:03.892,pick_on_feeder,19.411,-449.893,1374.51,-179.792,-0.028,-179.804,-1.935,-9.864,106.831,0.003,82.824,-92.132,0.003,0.036,-0.026,0.0,-0.01,-0.019,-0.02,-2.96,-4.02,0.01,-0.04,-0.02,-0.005,-0.053,0.038,0.0,0.015,-0.023,,
2026-01-27 20:22:03.993,pick_to_retreat_feeder,19.408,-450.049,1375.184,-179.759,-0.029,-179.802,-1.935,-9.863,106.761,0.003,82.86,-92.134,0.003,0.028,-0.194,0.0,0.083,-0.019,0.01,-3.96,-5.58,0.06,-0.05,-0.07,-0.004,-0.07,-0.646,-0.0,0.38,-0.019,,
2026-01-27 20:22:04.095,pick_to_retreat_feeder,19.381,-450.994,1382.631,-179.648,-0.033,-179.799,-1.934,-9.877,106.003,0.003,83.52,-92.136,0.004,-0.013,-2.039,-0.0,1.711,-0.019,0.0,-3.74,-5.33,0.14,0.15,-0.01,-0.001,-0.201,-7.455,-0.002,6.578,-0.017,,
2026-01-27 20:22:04.195,pick_to_retreat_feeder,19.366,-451.62,1390.291,-179.659,-0.033,-179.797,-1.934,-9.888,105.223,0.003,84.322,-92.138,0.004,-0.038,-3.479,-0.001,3.289,-0.019,-0.04,-3.64,-5.11,-0.04,0.11,0.04,-0.001,-0.16,-6.937,-0.002,7.35,-0.016,,
2026-01-27 20:22:04.298,pick_to_retreat_feeder,19.354,-452.115,1397.791,-179.678,-0.033,-179.794,-1.933,-9.899,104.46,0.003,85.115,-92.14,0.004,-0.055,-4.516,-0.001,4.449,-0.02,0.03,-3.42,-4.99,-0.04,0.17,0.01,-0.001,-0.14,-6.072,-0.002,6.517,-0.015,,
2026-01-27 20:22:04.399,pick_to_retreat_feeder,19.347,-452.468,1404.415,-179.694,-0.032,-179.792,-1.933,-9.908,103.787,0.002,85.814,-92.142,0.004,-0.066,-5.07,-0.001,5.084,-0.019,-0.07,-3.28,-4.9,-0.08,0.12,-0.0,-0.001,-0.113,-4.567,-0.001,4.929,-0.011,,
2026-01-27 20:22:04.506,pick_to_retreat_feeder,19.342,-452.737,1410.897,-179.71,-0.032,-179.789,-1.932,-9.918,103.129,0.002,86.497,-92.143,0.004,-0.073,-5.448,-0.002,5.52,-0.019,0.04,-3.27,-4.78,0.02,0.24,-0.02,-0.001,-0.1,-3.96,-0.001,4.273,-0.01,,
2026-01-27 20:22:04.608,pick_to_retreat_feeder,19.341,-452.914,1416.619,-179.723,-0.032,-179.787,-1.932,-9.926,102.549,0.002,87.099,-92.145,0.004,-0.075,-5.537,-0.002,5.645,-0.019,0.08,-3.15,-4.64,-0.05,0.26,0.01,-0.002,-0.079,-2.789,-0.001,3.036,-0.008,,
2026-01-27 20:22:04.714,pick_to_retreat_feeder,19.341,-453.03,1422.216,-179.735,-0.031,-179.785,-1.931,-9.934,101.981,0.002,87.687,-92.147,0.004,-0.077,-5.572,-0.002,5.703,-0.018,0.06,-3.04,-4.48,-0.05,0.34,-0.02,-0.002,-0.069,-2.381,-0.001,2.592,-0.007,,
2026-01-27 20:22:04.814,pick_to_retreat_feeder,19.342,-453.087,1427.157,-179.745,-0.031,-179.783,-1.931,-9.941,101.48,0.002,88.205,-92.148,0.004,-0.076,-5.431,-0.002,5.573,-0.017,-0.07,-3.03,-4.39,0.04,0.16,-0.02,-0.002,-0.053,-1.475,-0.0,1.636,-0.004,,
2026-01-27 20:22:04.915,pick_to_retreat_feeder,19.345,-453.102,1431.755,-179.754,-0.031,-179.781,-1.931,-9.948,101.014,0.002,88.687,-92.15,0.004,-0.073,-5.238,-0.001,5.384,-0.017,0.04,-3.03,-4.4,0.08,0.31,-0.0,-0.002,-0.043,-0.979,-0.0,1.108,-0.003,,
2026-01-27 20:22:05.016,pick_to_retreat_feeder,19.349,-453.082,1436.035,-179.762,-0.031,-179.78,-1.93,-9.954,100.581,0.002,89.134,-92.151,0.004,-0.071,-5.013,-0.001,5.157,-0.016,-0.05,-3.03,-4.41,0.03,0.19,0.02,-0.002,-0.034,-0.558,-0.0,0.658,-0.002,,
2026-01-27 20:22:05.121,pick_to_retreat_feeder,19.353,-453.032,1440.219,-179.769,-0.031,-179.778,-1.93,-9.96,100.157,0.001,89.572,-92.152,0.004,-0.068,-4.82,-0.001,4.961,-0.015,0.02,-2.98,-4.47,0.03,0.24,0.01,-0.002,-0.029,-0.405,-0.0,0.488,-0.001,,
2026-01-27 20:22:05.222,pick_to_retreat_feeder,19.358,-452.962,1443.911,-179.775,-0.031,-179.777,-1.93,-9.966,99.783,0.001,89.957,-92.154,0.003,-0.065,-4.55,-0.001,4.684,-0.014,0.1,-2.93,-4.29,-0.0,0.2,-0.0,-0.002,-0.019,0.134,0.0,-0.08,0.001,,
2026-01-27 20:22:05.325,pick_to_retreat_feeder,19.364,-452.871,1447.521,-179.78,-0.03,-179.775,-1.93,-9.971,99.417,0.001,90.333,-92.155,0.003,-0.062,-4.327,-0.001,4.454,-0.013,-0.02,-2.86,-4.36,0.06,0.24,-0.11,-0.002,-0.016,0.205,0.0,-0.162,0.001,,
2026-01-27 20:22:05.426,pick_to_retreat_feeder,19.369,-452.772,1450.706,-179.785,-0.03,-179.774,-1.929,-9.976,99.094,0.001,90.665,-92.156,0.003,-0.058,-4.052,-0.001,4.17,-0.012,0.05,-2.91,-4.35,-0.02,0.15,-0.08,-0.002,-0.008,0.614,0.0,-0.592,0.002,,
2026-01-27 20:22:05.531,pick_to_retreat_feeder,19.375,-452.658,1453.82,-179.789,-0.03,-179.773,-1.929,-9.98,98.779,0.001,90.989,-92.156,0.003,-0.055,-3.828,-0.001,3.938,-0.011,0.08,-2.9,-4.25,-0.02,0.18,-0.02,-0.002,-0.007,0.625,0.0,-0.61,0.003,,
2026-01-27 20:22:05.634,pick_to_retreat_feeder,19.381,-452.544,1456.566,-179.792,-0.03,-179.772,-1.929,-9.984,98.5,0.001,91.275,-92.157,0.003,-0.051,-3.567,-0.001,3.667,-0.011,-0.02,-2.96,-4.23,0.1,0.15,-0.11,-0.002,-0.001,0.934,0.0,-0.933,0.004,,
2026-01-27 20:22:05.736,pick_to_retreat_feeder,19.387,-452.425,1459.122,-179.794,-0.03,-179.771,-1.929,-9.988,98.241,0.001,91.54,-92.158,0.002,-0.048,-3.322,-0.001,3.414,-0.01,-0.04,-2.9,-4.24,0.03,0.21,0.02,-0.002,0.002,1.034,0.0,-1.041,0.004,,
2026-01-27 20:22:05.839,pick_to_retreat_feeder,19.393,-452.305,1461.5,-179.797,-0.03,-179.77,-1.929,-9.992,98.0,0.001,91.787,-92.158,0.002,-0.045,-3.094,-0.001,3.178,-0.009,-0.05,-2.93,-4.24,0.03,0.14,0.06,-0.002,0.005,1.11,0.0,-1.124,0.004,,
2026-01-27 20:22:05.944,pick_to_retreat_feeder,19.398,-452.185,1463.712,-179.799,-0.03,-179.77,-1.928,-9.995,97.776,0.001,92.017,-92.159,0.002,-0.042,-2.882,-0.001,2.957,-0.008,0.08,-2.93,-4.19,-0.01,0.11,0.1,-0.002,0.007,1.167,0.0,-1.185,0.005,,
2026-01-27 20:22:06.047,pick_to_retreat_feeder,19.404,-452.065,1465.771,-179.8,-0.03,-179.769,-1.928,-9.998,97.567,0.001,92.23,-92.159,0.002,-0.039,-2.683,-0.001,2.751,-0.007,-0.05,-2.95,-4.13,0.08,0.19,-0.06,-0.002,0.008,1.206,0.0,-1.228,0.005,,
2026-01-27 20:22:06.149,pick_to_retreat_feeder,19.409,-451.948,1467.686,-179.801,-0.03,-179.769,-1.928,-10.001,97.373,0.001,92.428,-92.16,0.002,-0.036,-2.498,-0.001,2.559,-0.006,-0.03,-2.87,-4.21,0.03,0.21,-0.05,-0.002,0.009,1.23,0.0,-1.256,0.005,,
2026-01-27 20:22:06.253,pick_to_retreat_feeder,19.414,-451.833,1469.468,-179.802,-0.03,-179.768,-1.928,-10.003,97.192,0.001,92.613,-92.16,0.002,-0.034,-2.325,-0.001,2.38,-0.005,0.1,-2.98,-4.13,-0.01,0.07,-0.08,-0.002,0.01,1.242,0.0,-1.27,0.005,,
2026-01-27 20:22:06.358,pick_to_retreat_feeder,19.419,-451.715,1471.21,-179.803,-0.03,-179.768,-1.928,-10.006,97.016,0.001,92.793,-92.16,0.002,-0.032,-2.185,-0.001,2.235,-0.005,-0.06,-2.96,-4.18,-0.0,0.18,0.11,-0.001,0.01,1.158,0.0,-1.186,0.005,,
2026-01-27 20:22:06.462,pick_to_retreat_feeder,19.424,-451.607,1472.747,-179.804,-0.03,-179.767,-1.928,-10.008,96.86,0.0,92.951,-92.161,0.001,-0.03,-2.029,-0.001,2.073,-0.004,0.07,-2.85,-4.15,-0.13,0.06,0.04,-0.001,0.012,1.25,0.0,-1.281,0.005,,
2026-01-27 20:22:06.562,pick_to_retreat_feeder,19.429,-451.503,1474.177,-179.804,-0.03,-179.767,-1.928,-10.011,96.715,0.0,93.099,-92.161,0.001,-0.028,-1.884,-0.001,1.923,-0.003,-0.0,-2.84,-4.19,0.01,0.14,-0.05,-0.001,0.012,1.234,0.0,-1.264,0.005,,
2026-01-27 20:22:06.667,pick_to_retreat_feeder,19.433,-451.403,1475.507,-179.804,-0.03,-179.767,-1.928,-10.012,96.58,0.0,93.236,-92.161,0.001,-0.026,-1.751,-0.0,1.785,-0.003,-0.02,-2.96,-4.19,-0.06,0.05,-0.04,-0.001,0.012,1.211,0.0,-1.242,0.005,,
2026-01-27 20:22:06.767,pick_to_retreat_feeder,19.437,-451.307,1476.745,-179.804,-0.03,-179.767,-1.928,-10.014,96.454,0.0,93.363,-92.161,0.001,-0.024,-1.627,-0.0,1.658,-0.002,-0.0,-2.91,-4.1,-0.04,0.1,0.07,-0.001,0.013,1.184,0.0,-1.214,0.005,,
2026-01-27 20:22:06.868,pick_to_retreat_feeder,19.441,-451.216,1477.896,-179.804,-0.03,-179.767,-1.927,-10.016,96.337,0.0,93.482,-92.161,0.001,-0.022,-1.512,-0.0,1.54,-0.002,-0.0,-2.87,-4.21,0.0,0.16,-0.01,-0.001,0.013,1.153,0.0,-1.182,0.005,waypoint,
2026-01-27 20:22:06.972,pick_to_retreat_feeder,19.203,-447.059,1479.896,-179.743,-0.033,-179.814,-1.976,-10.403,96.443,0.0,93.702,-92.162,-0.12,-0.984,-0.871,-0.001,1.706,-0.004,-0.01,-4.85,-4.28,-0.07,0.3,-0.04,-0.487,-3.842,3.259,-0.001,-0.042,-0.008,,
2026-01-27 20:22:07.077,pick_to_retreat_feeder,18.225,-428.486,1484.393,-179.686,-0.034,179.987,-2.193,-12.114,97.319,0.001,94.48,-92.18,-0.633,-5.015,1.538,0.002,3.223,-0.049,-0.05,-4.44,-4.13,0.09,0.2,-0.03,-2.125,-16.696,10.647,0.01,5.528,-0.176,,
2026-01-27 20:22:07.178,pick_to_retreat_feeder,17.437,-410.856,1488.114,-179.699,-0.033,179.82,-2.398,-13.725,98.146,0.002,95.277,-92.218,-0.987,-7.789,3.22,0.004,4.41,-0.132,-0.03,-3.99,-3.95,-0.01,0.26,0.04,-1.789,-14.027,9.08,0.012,5.173,-0.356,,
2026-01-27 20:22:07.283,pick_to_retreat_feeder,16.789,-393.624,1491.282,-179.714,-0.031,179.679,-2.598,-15.3,98.954,0.003,96.059,-92.277,-1.241,-9.779,4.435,0.006,5.263,-0.246,-0.07,-3.73,-3.89,0.03,0.19,-0.05,-1.565,-12.265,7.988,0.01,4.508,-0.531,,
2026-01-27 20:22:07.385,pick_to_retreat_feeder,16.294,-377.673,1493.806,-179.728,-0.03,179.57,-2.784,-16.76,99.703,0.005,96.784,-92.354,-1.395,-10.985,5.199,0.007,5.759,-0.375,-0.03,-3.4,-3.8,-0.08,0.22,-0.01,-1.262,-9.889,6.599,0.009,3.481,-0.65,,
2026-01-27 20:22:07.486,pick_to_retreat_feeder,15.926,-362.915,1495.792,-179.74,-0.029,179.489,-2.956,-18.114,100.397,0.006,97.455,-92.445,-1.477,-11.622,5.635,0.008,5.997,-0.509,-0.06,-2.99,-3.83,-0.0,0.27,-0.03,-1.0,-7.835,5.393,0.007,2.598,-0.734,,
2026-01-27 20:22:07.586,pick_to_retreat_feeder,15.674,-349.924,1497.262,-179.75,-0.028,179.436,-3.108,-19.308,101.01,0.006,98.047,-92.543,-1.487,-11.703,5.758,0.008,5.977,-0.628,-0.02,-2.77,-3.82,-0.03,0.19,-0.15,-0.698,-5.459,4.037,0.005,1.542,-0.733,,
2026-01-27 20:22:07.687,pick_to_retreat_feeder,15.499,-337.866,1498.395,-179.759,-0.027,179.403,-3.249,-20.419,101.58,0.007,98.597,-92.651,-1.469,-11.556,5.744,0.008,5.858,-0.741,-0.12,-2.62,-3.68,-0.07,0.25,-0.07,-0.523,-4.084,3.208,0.004,0.972,-0.757,,
2026-01-27 20:22:07.790,pick_to_retreat_feeder,15.384,-326.11,1499.284,-179.767,-0.027,179.387,-3.388,-21.506,102.138,0.008,99.134,-92.774,-1.447,-11.383,5.702,0.008,5.736,-0.862,-0.05,-2.33,-3.74,-0.08,0.17,-0.21,-0.439,-3.428,2.76,0.003,0.747,-0.825,,
2026-01-27 20:22:07.892,pick_to_retreat_feeder,15.328,-315.768,1499.889,-179.773,-0.026,179.388,-3.509,-22.465,102.63,0.009,99.607,-92.897,-1.39,-10.934,5.506,0.008,5.486,-0.954,-0.05,-2.15,-3.8,0.03,0.32,-0.07,-0.233,-1.807,1.828,0.002,0.036,-0.748,,
2026-01-27 20:22:07.992,pick_to_retreat_feeder,15.313,-305.687,1500.32,-179.779,-0.026,179.404,-3.629,-23.402,103.11,0.009,100.07,-93.031,-1.341,-10.544,5.332,0.007,5.271,-1.053,-0.08,-2.19,-3.63,0.13,0.11,-0.22,-0.182,-1.412,1.535,0.001,-0.078,-0.792,,
2026-01-27 20:22:08.095,pick_to_retreat_feeder,15.335,-296.372,1500.577,-179.785,-0.026,179.433,-3.739,-24.271,103.556,0.01,100.498,-93.17,-1.282,-10.081,5.113,0.007,5.024,-1.137,-0.08,-1.86,-3.76,-0.01,0.24,-0.16,-0.077,-0.587,1.031,0.0,-0.412,-0.753,,
2026-01-27 20:22:08.201,pick_to_retreat_feeder,15.389,-287.351,1500.698,-179.789,-0.025,179.474,-3.847,-25.116,103.99,0.01,100.914,-93.319,-1.23,-9.671,4.918,0.007,4.808,-1.224,-0.12,-1.69,-3.83,0.03,0.21,-0.11,-0.038,-0.282,0.801,-0.0,-0.497,-0.774,,
2026-01-27 20:22:08.314,pick_to_retreat_feeder,15.424,-283.311,1500.71,-179.791,-0.025,179.497,-3.895,-25.495,104.184,0.011,101.101,-93.39,-1.043,-8.201,4.175,0.005,4.072,-1.096,-0.1,-1.65,-3.8,0.01,0.22,-0.14,0.558,4.399,-1.666,-0.003,-2.74,0.076,,
2026-01-27 20:22:08.417,pick_to_retreat_feeder,15.455,-280.191,1500.702,-179.793,-0.025,179.517,-3.932,-25.788,104.334,0.011,101.245,-93.447,-0.876,-6.884,3.507,0.004,3.414,-0.965,0.04,-1.48,-3.75,-0.09,0.23,-0.14,0.611,4.819,-1.94,-0.003,-2.889,0.21,,
2026-01-27 20:22:08.521,pick_to_retreat_feeder,15.525,-274.24,1500.645,-179.795,-0.025,179.56,-4.003,-26.348,104.622,0.011,101.52,-93.562,-0.835,-6.563,3.349,0.004,3.249,-1.01,-0.09,-1.43,-3.83,0.02,0.17,-0.17,0.21,1.666,-0.376,-0.002,-1.288,-0.383,,
2026-01-27 20:22:08.623,pick_to_retreat_feeder,15.624,-267.31,1500.507,-179.798,-0.025,179.619,-4.087,-27.002,104.957,0.011,101.841,-93.704,-0.834,-6.558,3.35,0.004,3.24,-1.112,-0.09,-1.34,-3.79,0.08,0.18,-0.26,0.07,0.56,0.144,-0.001,-0.701,-0.623,,
2026-01-27 20:22:08.725,pick_to_retreat_feeder,15.727,-261.213,1500.322,-179.8,-0.025,179.679,-4.16,-27.579,105.253,0.012,102.125,-93.837,-0.809,-6.361,3.253,0.004,3.138,-1.168,-0.04,-1.19,-3.85,-0.03,0.09,-0.16,0.161,1.274,-0.266,-0.002,-1.011,-0.474,,
2026-01-27 20:22:08.826,pick_to_retreat_feeder,15.835,-255.555,1500.098,-179.802,-0.025,179.742,-4.229,-28.116,105.529,0.012,102.388,-93.968,-0.778,-6.114,3.129,0.003,3.012,-1.204,-0.01,-1.11,-3.9,0.03,0.14,-0.17,0.195,1.547,-0.445,-0.002,-1.109,-0.403,,
2026-01-27 20:22:08.930,pick_to_retreat_feeder,15.959,-249.773,1499.816,-179.803,-0.026,179.814,-4.299,-28.667,105.811,0.012,102.657,-94.11,-0.758,-5.961,3.052,0.003,2.932,-1.256,-0.04,-1.09,-3.81,0.02,0.16,-0.14,0.159,1.26,-0.332,-0.002,-0.936,-0.466,,
2026-01-27 20:22:09.032,pick_to_retreat_feeder,16.079,-244.692,1499.524,-179.804,-0.026,179.883,-4.36,-29.152,106.06,0.012,102.895,-94.24,-0.723,-5.683,2.911,0.003,2.792,-1.269,-0.13,-1.06,-3.87,-0.01,0.15,-0.16,0.226,1.788,-0.634,-0.002,-1.165,-0.311,,
2026-01-27 20:22:09.135,pick_to_retreat_feeder,16.193,-240.22,1499.231,-179.805,-0.026,179.948,-4.415,-29.58,106.28,0.012,103.104,-94.36,-0.679,-5.332,2.732,0.002,2.617,-1.251,-0.02,-1.02,-3.77,0.03,0.15,-0.19,0.276,2.179,-0.864,-0.002,-1.33,-0.172,,
2026-01-27 20:22:09.235,pick_to_retreat_feeder,16.306,-236.068,1498.931,-179.806,-0.026,-179.987,-4.465,-29.978,106.484,0.013,103.298,-94.475,-0.636,-4.995,2.56,0.002,2.449,-1.227,-0.05,-0.89,-3.84,-0.1,0.09,-0.16,0.286,2.259,-0.93,-0.002,-1.344,-0.11,,
2026-01-27 20:22:09.339,pick_to_retreat_feeder,16.423,-232.017,1498.611,-179.806,-0.027,-179.921,-4.515,-30.367,106.684,0.013,103.488,-94.591,-0.601,-4.719,2.419,0.002,2.311,-1.21,-0.06,-0.83,-3.82,-0.06,0.03,-0.2,0.269,2.122,-0.882,-0.002,-1.254,-0.106,,
2026-01-27 20:22:09.444,pick_to_retreat_feeder,16.542,-228.091,1498.275,-179.806,-0.027,-179.853,-4.563,-30.745,106.878,0.013,103.672,-94.707,-0.571,-4.485,2.3,0.002,2.194,-1.197,-0.04,-0.8,-3.86,-0.03,0.09,-0.29,0.256,2.02,-0.851,-0.002,-1.185,-0.092,,
2026-01-27 20:22:09.547,pick_to_retreat_feeder,16.653,-224.638,1497.958,-179.806,-0.027,-179.792,-4.606,-31.079,107.049,0.013,103.835,-94.811,-0.534,-4.197,2.152,0.001,2.051,-1.157,-0.1,-0.63,-3.89,-0.07,0.07,-0.07,0.288,2.267,-0.996,-0.002,-1.287,0.034,,
2026-01-27 20:22:09.649,pick_to_retreat_feeder,16.759,-221.444,1497.648,-179.806,-0.028,-179.733,-4.645,-31.388,107.207,0.013,103.985,-94.909,-0.499,-3.92,2.01,0.001,1.914,-1.113,-0.04,-0.72,-3.97,-0.01,0.1,-0.24,0.29,2.284,-1.021,-0.002,-1.278,0.093,,
2026-01-27 20:22:09.753,pick_to_retreat_feeder,16.861,-218.488,1497.345,-179.806,-0.028,-179.678,-4.681,-31.674,107.354,0.013,104.124,-95.0,-0.465,-3.657,1.875,0.001,1.784,-1.063,-0.03,-0.62,-3.97,0.02,0.15,-0.22,0.29,2.281,-1.035,-0.002,-1.261,0.146,,
2026-01-27 20:22:09.853,pick_to_retreat_feeder,16.954,-215.885,1497.067,-179.805,-0.028,-179.629,-4.714,-31.927,107.484,0.013,104.247,-95.081,-0.429,-3.374,1.731,0.001,1.644,-1.0,-0.07,-0.56,-4.02,0.08,0.05,-0.09,0.304,2.39,-1.104,-0.002,-1.3,0.236,,
2026-01-27 20:22:09.954,pick_to_retreat_feeder,17.047,-213.344,1496.784,-179.805,-0.028,-179.581,-4.745,-32.174,107.611,0.013,104.367,-95.161,-0.401,-3.149,1.615,0.001,1.533,-0.948,-0.01,-0.53,-3.97,0.02,0.08,-0.1,0.28,2.207,-1.023,-0.002,-1.199,0.232,,
2026-01-27 20:22:10.054,pick_to_retreat_feeder,17.135,-210.992,1496.513,-179.804,-0.029,-179.538,-4.774,-32.403,107.728,0.013,104.478,-95.233,-0.373,-2.934,1.505,0.001,1.427,-0.893,-0.13,-0.62,-3.94,0.0,0.08,-0.12,0.275,2.167,-1.013,-0.002,-1.167,0.272,,
2026-01-27 20:22:10.160,pick_to_retreat_feeder,17.219,-208.814,1496.253,-179.804,-0.029,-179.498,-4.801,-32.616,107.837,0.013,104.58,-95.3,-0.348,-2.732,1.401,0.0,1.327,-0.836,0.05,-0.58,-3.83,-0.08,-0.01,-0.14,0.269,2.117,-0.997,-0.001,-1.133,0.307,,
2026-01-27 20:22:10.266,pick_to_retreat_feeder,17.299,-206.799,1496.006,-179.803,-0.029,-179.463,-4.826,-32.812,107.938,0.013,104.675,-95.36,-0.323,-2.541,1.303,0.0,1.233,-0.778,-0.01,-0.52,-4.06,-0.0,0.08,-0.07,0.262,2.06,-0.977,-0.001,-1.095,0.338,,
2026-01-27 20:22:10.370,pick_to_retreat_feeder,17.374,-204.933,1495.77,-179.802,-0.03,-179.432,-4.849,-32.995,108.032,0.013,104.764,-95.415,-0.301,-2.362,1.212,0.0,1.145,-0.72,0.04,-0.34,-4.01,0.03,0.14,-0.08,0.254,1.998,-0.953,-0.001,-1.056,0.363,,
2026-01-27 20:22:10.474,pick_to_retreat_feeder,17.445,-203.205,1495.547,-179.802,-0.03,-179.404,-4.871,-33.164,108.119,0.013,104.845,-95.464,-0.279,-2.195,1.126,0.0,1.063,-0.662,-0.0,-0.38,-4.03,-0.02,0.05,-0.08,0.246,1.931,-0.926,-0.001,-1.016,0.385,,
2026-01-27 20:22:10.574,pick_to_retreat_feeder,17.512,-201.605,1495.336,-179.801,-0.03,-179.381,-4.891,-33.321,108.199,0.013,104.921,-95.507,-0.259,-2.038,1.045,0.0,0.986,-0.604,-0.04,-0.42,-3.88,-0.01,0.02,-0.05,0.237,1.862,-0.897,-0.001,-0.974,0.402,,
2026-01-27 20:22:10.675,pick_to_retreat_feeder,17.574,-200.123,1495.137,-179.8,-0.03,-179.362,-4.909,-33.467,108.274,0.013,104.991,-95.545,-0.241,-1.892,0.971,0.0,0.915,-0.548,-0.06,-0.3,-3.95,0.04,-0.04,-0.09,0.228,1.79,-0.866,-0.001,-0.933,0.415,,
2026-01-27 20:22:10.778,pick_to_retreat_feeder,17.633,-198.751,1494.949,-179.799,-0.03,-179.346,-4.927,-33.601,108.343,0.013,105.056,-95.577,-0.223,-1.756,0.901,0.0,0.848,-0.493,-0.04,-0.31,-3.98,-0.04,0.06,-0.06,0.218,1.717,-0.834,-0.001,-0.891,0.424,,
2026-01-27 20:22:10.879,pick_to_retreat_feeder,17.688,-197.481,1494.772,-179.798,-0.03,-179.334,-4.943,-33.726,108.407,0.013,105.116,-95.605,-0.207,-1.63,0.836,0.0,0.786,-0.439,0.03,-0.3,-3.9,0.04,0.11,-0.15,0.209,1.644,-0.801,-0.001,-0.85,0.43,waypoint,
2026-01-27 20:22:10.981,pick_to_retreat_feeder,15.526,-197.351,1496.423,-179.751,-0.035,-179.93,-5.579,-33.723,108.23,0.014,105.242,-95.645,-1.746,-1.213,0.185,0.001,0.905,-0.429,-0.84,0.14,-4.41,0.05,0.08,-0.04,-6.016,2.767,-3.131,0.003,-0.106,0.266,,
2026-01-27 20:22:11.082,pick_to_retreat_feeder,5.56,-200.329,1504.358,-179.708,-0.024,177.531,-8.374,-33.29,107.228,0.031,105.77,-95.897,-8.297,0.171,-2.367,0.044,1.999,-0.951,-0.95,0.05,-4.34,0.01,0.1,-0.16,-27.0,6.775,-11.071,0.172,3.926,-1.877,,
2026-01-27 20:22:11.182,pick_to_retreat_feeder,-4.043,-202.553,1511.799,-179.719,-0.008,175.403,-11.009,-32.881,106.282,0.049,106.319,-96.398,-12.812,1.152,-4.14,0.079,2.871,-1.967,-0.94,0.05,-4.41,0.02,0.07,-0.31,-22.708,5.869,-9.4,0.164,3.74,-4.188,,
2026-01-27 20:22:11.285,pick_to_retreat_feeder,-13.613,-204.246,1519.035,-179.731,0.007,173.599,-13.587,-32.481,105.357,0.066,106.858,-97.167,-16.052,1.865,-5.417,0.102,3.5,-3.396,-0.84,-0.06,-4.36,0.03,0.1,-0.42,-19.852,5.191,-8.249,0.137,3.267,-6.436,,
2026-01-27 20:22:11.389,pick_to_retreat_feeder,-22.623,-205.385,1525.708,-179.742,0.018,172.2,-15.976,-32.109,104.5,0.082,107.357,-98.152,-18.012,2.326,-6.206,0.114,3.873,-5.01,-0.87,-0.05,-4.3,-0.02,0.16,-0.61,-15.989,4.38,-6.75,0.103,2.544,-7.96,,
2026-01-27 20:22:11.491,pick_to_retreat_feeder,-31.077,-206.063,1531.864,-179.751,0.027,171.162,-18.191,-31.765,103.705,0.095,107.819,-99.324,-19.047,2.605,-6.641,0.119,4.061,-6.689,-0.87,-0.06,-4.27,0.05,0.15,-0.86,-12.649,3.671,-5.449,0.073,1.92,-9.042,,
2026-01-27 20:22:11.595,pick_to_retreat_feeder,-39.368,-206.369,1537.817,-179.759,0.033,170.418,-20.344,-31.431,102.933,0.107,108.268,-100.728,-19.667,2.789,-6.911,0.119,4.167,-8.526,-0.78,-0.23,-4.25,0.0,0.23,-1.1,-10.756,3.206,-4.678,0.053,1.592,-10.446,,
2026-01-27 20:22:11.698,pick_to_retreat_feeder,-47.08,-206.338,1543.289,-179.765,0.038,169.984,-22.332,-31.123,102.22,0.117,108.682,-102.279,-19.72,2.863,-6.966,0.114,4.16,-10.271,-0.83,-0.14,-4.19,-0.03,0.24,-1.3,-8.036,2.629,-3.62,0.029,1.085,-10.871,,
2026-01-27 20:22:11.800,pick_to_retreat_feeder,-53.58,-206.077,1547.859,-179.77,0.04,169.826,-23.999,-30.864,101.622,0.124,109.028,-103.785,-18.959,2.794,-6.72,0.105,3.987,-11.468,-0.78,-0.24,-4.24,0.04,0.17,-1.43,-4.028,1.869,-2.108,0.002,0.305,-9.339,,
2026-01-27 20:22:11.902,pick_to_retreat_feeder,-59.649,-205.641,1552.097,-179.774,0.042,169.861,-25.551,-30.623,101.066,0.131,109.351,-105.369,-18.099,2.698,-6.431,0.095,3.796,-12.561,-0.82,-0.36,-4.2,0.02,0.15,-1.57,-2.468,1.502,-1.481,-0.011,0.031,-9.185,,
2026-01-27 20:22:12.006,pick_to_retreat_feeder,-65.307,-205.066,1556.026,-179.777,0.041,170.063,-26.996,-30.399,100.548,0.136,109.65,-107.013,-17.185,2.584,-6.118,0.084,3.596,-13.531,-0.69,-0.38,-4.18,0.07,0.19,-1.78,-1.145,1.184,-0.947,-0.021,-0.199,-8.866,,
2026-01-27 20:22:12.111,pick_to_retreat_feeder,-70.578,-204.385,1559.671,-179.78,0.04,170.408,-28.34,-30.19,100.066,0.14,109.929,-108.7,-16.249,2.459,-5.793,0.074,3.394,-14.366,-0.63,-0.31,-4.2,-0.03,0.22,-1.82,-0.029,0.91,-0.492,-0.029,-0.39,-8.411,,
2026-01-27 20:22:12.213,pick_to_retreat_feeder,-75.236,-203.664,1562.881,-179.782,0.038,170.847,-29.527,-30.006,99.64,0.143,110.175,-110.324,-15.155,2.305,-5.409,0.063,3.16,-14.835,-0.63,-0.44,-4.13,0.03,0.06,-1.92,1.543,0.576,0.12,-0.037,-0.679,-6.94,,
2026-01-27 20:22:12.314,pick_to_retreat_feeder,-79.585,-202.891,1565.871,-179.784,0.035,171.376,-30.636,-29.834,99.243,0.146,110.404,-111.961,-14.139,2.159,-5.051,0.053,2.944,-15.219,-0.48,-0.32,-4.1,0.05,0.22,-2.04,2.17,0.397,0.388,-0.041,-0.775,-6.374,,
2026-01-27 20:22:12.415,pick_to_retreat_feeder,-83.645,-202.081,1568.657,-179.786,0.031,171.98,-31.672,-29.674,98.871,0.147,110.618,-113.6,-13.194,2.021,-4.716,0.044,2.743,-15.511,-0.45,-0.39,-4.16,0.09,0.21,-2.18,2.683,0.243,0.611,-0.044,-0.851,-5.754,,
2026-01-27 20:22:12.515,pick_to_retreat_feeder,-87.433,-201.247,1571.253,-179.787,0.027,172.643,-32.64,-29.523,98.524,0.148,110.818,-115.23,-12.315,1.891,-4.404,0.036,2.557,-15.709,-0.49,-0.33,-4.04,-0.07,0.09,-2.14,3.097,0.113,0.795,-0.045,-0.909,-5.095,,
2026-01-27 20:22:12.616,pick_to_retreat_feeder,-90.586,-200.496,1573.412,-179.788,0.023,173.272,-33.446,-29.398,98.235,0.149,110.985,-116.665,-11.253,1.731,-4.026,0.028,2.333,-15.369,-0.41,-0.44,-4.06,-0.01,0.17,-2.16,4.399,-0.148,1.293,-0.046,-1.152,-2.63,,
2026-01-27 20:22:12.717,pick_to_retreat_feeder,-93.549,-199.741,1575.44,-179.79,0.019,173.928,-34.206,-29.281,97.963,0.149,111.141,-118.08,-10.338,1.592,-3.7,0.021,2.141,-15.065,-0.47,-0.49,-4.06,-0.02,0.12,-2.21,4.433,-0.207,1.334,-0.045,-1.136,-2.17,,
2026-01-27 20:22:12.821,pick_to_retreat_feeder,-96.334,-198.99,1577.345,-179.791,0.014,174.604,-34.92,-29.17,97.707,0.149,111.288,-119.471,-9.54,1.471,-3.415,0.016,1.974,-14.774,-0.37,-0.41,-4.04,0.01,0.08,-2.22,4.436,-0.256,1.361,-0.044,-1.116,-1.705,,
2026-01-27 20:22:12.922,pick_to_retreat_feeder,-99.266,-198.153,1579.352,-179.793,0.009,175.379,-35.674,-29.053,97.437,0.149,111.443,-120.999,-9.04,1.396,-3.236,0.011,1.868,-14.902,-0.38,-0.45,-3.94,-0.07,0.07,-2.25,3.6,-0.169,1.084,-0.043,-0.925,-2.916,,
2026-01-27 20:22:13.028,pick_to_retreat_feeder,-102.0,-197.331,1581.222,-179.794,0.004,176.16,-36.378,-28.944,97.185,0.148,111.588,-122.484,-8.54,1.32,-3.058,0.006,1.763,-14.889,-0.34,-0.5,-3.97,0.05,0.07,-2.19,3.736,-0.229,1.154,-0.041,-0.936,-2.192,,
2026-01-27 20:22:13.131,pick_to_retreat_feeder,-104.685,-196.483,1583.06,-179.796,-0.002,176.982,-37.071,-28.836,96.936,0.147,111.73,-123.999,-8.138,1.258,-2.914,0.002,1.678,-14.955,-0.29,-0.48,-4.0,-0.02,0.1,-2.21,3.474,-0.224,1.079,-0.04,-0.867,-2.271,,
2026-01-27 20:22:13.234,pick_to_retreat_feeder,-107.051,-195.703,1584.681,-179.798,-0.007,177.751,-37.684,-28.742,96.717,0.146,111.856,-125.38,-7.634,1.181,-2.734,-0.001,1.572,-14.669,-0.36,-0.49,-3.96,-0.0,0.05,-2.07,3.936,-0.327,1.261,-0.037,-0.947,-0.703,,
2026-01-27 20:22:13.334,pick_to_retreat_feeder,-109.138,-194.988,1586.111,-179.799,-0.012,178.462,-38.225,-28.658,96.523,0.144,111.966,-126.633,-7.078,1.095,-2.535,-0.004,1.456,-14.132,-0.27,-0.6,-3.99,0.04,0.04,-2.14,4.253,-0.404,1.389,-0.034,-0.999,0.654,,
2026-01-27 20:22:13.438,pick_to_retreat_feeder,-111.202,-194.258,1587.526,-179.801,-0.017,179.194,-38.761,-28.575,96.331,0.143,112.076,-127.901,-6.649,1.029,-2.382,-0.006,1.366,-13.77,-0.32,-0.49,-4.04,0.05,0.12,-2.1,3.877,-0.372,1.268,-0.032,-0.911,0.43,,
2026-01-27 20:22:13.541,pick_to_retreat_feeder,-113.125,-193.555,1588.847,-179.803,-0.022,179.899,-39.262,-28.497,96.152,0.142,112.179,-129.107,-6.239,0.966,-2.235,-0.008,1.281,-13.343,-0.24,-0.52,-3.88,-0.0,0.04,-1.99,3.842,-0.389,1.268,-0.029,-0.893,1.004,,
2026-01-27 20:22:13.647,pick_to_retreat_feeder,-115.014,-192.844,1590.144,-179.805,-0.027,-179.39,-39.755,-28.421,95.975,0.14,112.279,-130.312,-5.912,0.915,-2.117,-0.01,1.212,-13.019,-0.23,-0.58,-3.98,0.01,0.12,-1.85,3.538,-0.363,1.17,-0.027,-0.821,0.923,,
2026-01-27 20:22:13.750,pick_to_retreat_feeder,-116.768,-192.166,1591.351,-179.806,-0.031,-178.717,-40.213,-28.35,95.811,0.139,112.373,-131.444,-5.581,0.864,-1.999,-0.011,1.143,-12.595,-0.16,-0.49,-3.91,0.0,0.04,-1.77,3.526,-0.379,1.175,-0.024,-0.81,1.552,,
2026-01-27 20:22:13.852,pick_to_retreat_feeder,-118.397,-191.52,1592.472,-179.808,-0.036,-178.085,-40.64,-28.283,95.658,0.137,112.46,-132.503,-5.253,0.813,-1.881,-0.012,1.075,-12.095,-0.21,-0.46,-3.9,-0.02,0.04,-1.74,3.492,-0.391,1.172,-0.021,-0.795,2.127,,
2026-01-27 20:22:13.955,pick_to_retreat_feeder,-119.986,-190.875,1593.567,-179.81,-0.04,-177.466,-41.058,-28.219,95.509,0.136,112.545,-133.539,-4.983,0.772,-1.785,-0.012,1.019,-11.661,-0.23,-0.61,-3.91,0.0,0.12,-1.66,3.238,-0.367,1.089,-0.019,-0.735,2.148,,
2026-01-27 20:22:14.057,pick_to_retreat_feeder,-121.385,-190.294,1594.532,-179.811,-0.044,-176.925,-41.426,-28.162,95.377,0.135,112.62,-134.449,-4.658,0.721,-1.668,-0.012,0.951,-11.019,-0.09,-0.5,-3.9,-0.04,0.08,-1.57,3.405,-0.406,1.156,-0.016,-0.763,3.199,,
2026-01-27 20:22:14.162,pick_to_retreat_feeder,-122.684,-189.745,1595.429,-179.813,-0.048,-176.431,-41.768,-28.109,95.254,0.133,112.689,-135.286,-4.35,0.674,-1.558,-0.012,0.887,-10.358,-0.23,-0.55,-3.88,0.01,0.05,-1.6,3.321,-0.405,1.132,-0.013,-0.739,3.6,,
2026-01-27 20:22:14.264,pick_to_retreat_feeder,-123.952,-189.199,1596.306,-179.814,-0.051,-175.961,-42.103,-28.057,95.134,0.132,112.757,-136.091,-4.1,0.635,-1.469,-0.012,0.836,-9.78,-0.08,-0.73,-3.91,0.0,0.04,-1.46,3.065,-0.376,1.046,-0.011,-0.681,3.566,,
2026-01-27 20:22:14.368,pick_to_retreat_feeder,-125.181,-188.66,1597.156,-179.815,-0.054,-175.525,-42.429,-28.006,95.017,0.131,112.823,-136.853,-3.888,0.602,-1.393,-0.011,0.792,-9.241,-0.03,-0.55,-3.89,-0.03,-0.01,-1.29,2.854,-0.353,0.975,-0.009,-0.633,3.633,,
2026-01-27 20:22:14.470,pick_to_retreat_feeder,-126.314,-188.156,1597.942,-179.816,-0.057,-175.145,-42.729,-27.96,94.91,0.131,112.884,-137.534,-3.668,0.568,-1.314,-0.01,0.746,-8.631,-0.09,-0.59,-3.89,0.05,0.08,-1.17,2.818,-0.357,0.967,-0.006,-0.621,4.091,,
2026-01-27 20:22:14.571,pick_to_retreat_feeder,-127.263,-187.728,1598.6,-179.817,-0.059,-174.85,-42.981,-27.921,94.819,0.13,112.935,-138.081,-3.381,0.524,-1.211,-0.009,0.687,-7.842,-0.08,-0.57,-3.87,-0.1,0.1,-1.12,3.021,-0.396,1.044,-0.003,-0.658,5.012,,
2026-01-27 20:22:14.671,pick_to_retreat_feeder,-128.144,-187.326,1599.212,-179.818,-0.061,-174.6,-43.216,-27.884,94.735,0.13,112.983,-138.566,-3.122,0.484,-1.118,-0.008,0.634,-7.093,-0.17,-0.63,-3.89,0.04,0.07,-1.02,2.894,-0.384,1.002,-0.001,-0.628,5.134,,
2026-01-27 20:22:14.776,pick_to_retreat_feeder,-129.045,-186.909,1599.838,-179.818,-0.063,-174.374,-43.456,-27.847,94.649,0.13,113.031,-139.032,-2.942,0.456,-1.054,-0.006,0.597,-6.486,-0.18,-0.63,-3.81,-0.05,0.1,-0.95,2.547,-0.336,0.881,0.0,-0.554,4.804,,
2026-01-27 20:22:14.881,pick_to_retreat_feeder,-129.838,-186.539,1600.39,-179.819,-0.065,-174.205,-43.668,-27.814,94.573,0.129,113.074,-139.412,-2.736,0.424,-0.98,-0.005,0.554,-5.815,-0.14,-0.53,-3.84,-0.03,0.06,-0.89,2.578,-0.347,0.896,0.002,-0.557,5.189,,
2026-01-27 20:22:14.983,pick_to_retreat_feeder,-130.536,-186.21,1600.877,-179.819,-0.066,-174.086,-43.855,-27.785,94.506,0.13,113.111,-139.718,-2.519,0.39,-0.903,-0.003,0.51,-5.126,-0.3,-0.59,-3.79,-0.06,-0.02,-0.76,2.57,-0.351,0.895,0.003,-0.552,5.41,,
2026-01-27 20:22:15.084,pick_to_retreat_feeder,-131.152,-185.917,1601.307,-179.819,-0.067,-174.007,-44.02,-27.76,94.447,0.13,113.145,-139.961,-2.301,0.357,-0.825,-0.002,0.465,-4.453,-0.08,-0.63,-3.86,0.01,0.07,-0.64,2.531,-0.35,0.884,0.004,-0.541,5.497,,
2026-01-27 20:22:15.189,pick_to_retreat_feeder,-131.726,-185.642,1601.708,-179.818,-0.067,-173.961,-44.174,-27.736,94.392,0.13,113.176,-140.162,-2.111,0.327,-0.757,-0.001,0.427,-3.841,-0.14,-0.63,-3.77,-0.01,-0.05,-0.54,2.387,-0.331,0.834,0.005,-0.509,5.375,,
2026-01-27 20:22:15.294,pick_to_retreat_feeder,-132.291,-185.37,1602.102,-179.818,-0.068,-173.944,-44.325,-27.712,94.338,0.131,113.206,-140.33,-1.962,0.304,-0.703,0.001,0.396,-3.301,-0.07,-0.62,-3.87,-0.1,0.04,-0.42,2.173,-0.302,0.76,0.006,-0.463,5.161,,
2026-01-27 20:22:15.396,pick_to_retreat_feeder,-132.815,-185.116,1602.469,-179.818,-0.068,-173.958,-44.466,-27.69,94.287,0.131,113.235,-140.456,-1.824,0.283,-0.654,0.002,0.368,-2.792,-0.04,-0.61,-3.75,0.09,-0.09,-0.48,2.061,-0.288,0.722,0.007,-0.438,5.061,,
2026-01-27 20:22:15.498,pick_to_retreat_feeder,-133.303,-184.878,1602.811,-179.817,-0.069,-174.001,-44.598,-27.67,94.24,0.132,113.261,-140.544,-1.696,0.263,-0.608,0.003,0.342,-2.313,-0.01,-0.65,-3.73,-0.02,-0.02,-0.25,1.953,-0.275,0.685,0.007,-0.415,4.941,,
2026-01-27 20:22:15.599,pick_to_retreat_feeder,-133.778,-184.644,1603.145,-179.816,-0.069,-174.075,-44.726,-27.65,94.194,0.133,113.287,-140.598,-1.593,0.247,-0.571,0.005,0.321,-1.871,-0.16,-0.61,-3.84,0.02,0.03,-0.37,1.787,-0.252,0.627,0.008,-0.379,4.783,,
2026-01-27 20:22:15.705,pick_to_retreat_feeder,-134.198,-184.437,1603.439,-179.815,-0.068,-174.169,-44.839,-27.633,94.153,0.134,113.309,-140.617,-1.478,0.229,-0.53,0.006,0.297,-1.449,-0.12,-0.57,-3.89,-0.04,-0.02,-0.25,1.76,-0.25,0.618,0.008,-0.372,4.664,,
2026-01-27 20:22:15.811,pick_to_retreat_feeder,-134.587,-184.244,1603.713,-179.814,-0.068,-174.285,-44.944,-27.616,94.116,0.135,113.33,-140.606,-1.371,0.213,-0.492,0.007,0.276,-1.059,-0.06,-0.53,-3.83,0.06,-0.05,-0.17,1.662,-0.237,0.584,0.008,-0.351,4.492,,
2026-01-27 20:22:15.916,pick_to_retreat_feeder,-134.986,-184.046,1603.994,-179.813,-0.067,-174.436,-45.052,-27.6,94.077,0.136,113.352,-140.563,-1.298,0.201,-0.466,0.008,0.261,-0.687,-0.1,-0.54,-3.84,0.05,0.03,-0.13,1.471,-0.209,0.517,0.009,-0.311,4.362,,
2026-01-27 20:22:16.019,pick_to_retreat_feeder,-135.337,-183.871,1604.241,-179.812,-0.067,-174.598,-45.147,-27.585,94.043,0.137,113.371,-140.495,-1.211,0.188,-0.435,0.009,0.243,-0.346,-0.04,-0.53,-3.73,-0.02,0.08,-0.05,1.452,-0.208,0.511,0.008,-0.305,4.173,,
2026-01-27 20:22:16.120,pick_to_retreat_feeder,-135.661,-183.708,1604.47,-179.811,-0.066,-174.776,-45.235,-27.571,94.011,0.139,113.388,-140.404,-1.128,0.175,-0.405,0.01,0.226,-0.033,-0.02,-0.65,-3.8,-0.08,-0.01,-0.04,1.376,-0.198,0.485,0.008,-0.289,3.985,,
2026-01-27 20:22:16.223,pick_to_retreat_feeder,-135.976,-183.55,1604.692,-179.809,-0.065,-174.978,-45.321,-27.558,93.98,0.14,113.406,-140.288,-1.06,0.165,-0.381,0.011,0.212,0.267,-0.02,-0.69,-3.85,-0.03,-0.03,-0.0,1.264,-0.182,0.445,0.008,-0.265,3.846,,
2026-01-27 20:22:16.326,pick_to_retreat_feeder,-136.267,-183.403,1604.898,-179.808,-0.064,-175.191,-45.4,-27.546,93.952,0.141,113.421,-140.152,-0.993,0.154,-0.356,0.012,0.199,0.539,0.02,-0.68,-3.84,0.08,0.04,-0.01,1.203,-0.174,0.424,0.008,-0.252,3.65,,
2026-01-27 20:22:16.429,pick_to_retreat_feeder,-136.535,-183.268,1605.087,-179.807,-0.063,-175.415,-45.472,-27.534,93.926,0.143,113.436,-140.001,-0.927,0.144,-0.333,0.013,0.185,0.782,0.02,-0.64,-3.73,-0.08,-0.05,0.0,1.143,-0.166,0.404,0.007,-0.239,3.442,,
2026-01-27 20:22:16.532,pick_to_retreat_feeder,-136.782,-183.143,1605.263,-179.805,-0.062,-175.646,-45.54,-27.524,93.902,0.144,113.449,-139.837,-0.863,0.134,-0.31,0.013,0.172,0.997,0.0,-0.72,-3.8,0.11,-0.0,0.13,1.085,-0.158,0.383,0.007,-0.226,3.227,,
2026-01-27 20:22:16.636,pick_to_retreat_feeder,-137.01,-183.027,1605.424,-179.804,-0.061,-175.881,-45.602,-27.514,93.879,0.146,113.462,-139.663,-0.803,0.125,-0.288,0.014,0.16,1.183,0.05,-0.66,-3.82,-0.05,0.05,0.14,1.028,-0.15,0.363,0.006,-0.214,3.006,,
2026-01-27 20:22:16.736,pick_to_retreat_feeder,-137.211,-182.925,1605.567,-179.802,-0.059,-176.109,-45.657,-27.506,93.86,0.147,113.472,-139.49,-0.739,0.115,-0.266,0.014,0.147,1.32,0.07,-0.57,-3.77,-0.01,0.08,0.2,0.999,-0.147,0.354,0.005,-0.207,2.694,,
2026-01-27 20:22:16.840,pick_to_retreat_feeder,-137.405,-182.826,1605.705,-179.801,-0.058,-176.348,-45.71,-27.497,93.841,0.149,113.483,-139.302,-0.687,0.107,-0.247,0.014,0.137,1.458,0.01,-0.59,-3.79,-0.04,-0.03,0.18,0.915,-0.135,0.324,0.005,-0.19,2.565,,
2026-01-27 20:22:16.943,pick_to_retreat_feeder,-137.585,-182.735,1605.833,-179.8,-0.057,-176.587,-45.759,-27.49,93.823,0.15,113.493,-139.112,-0.638,0.099,-0.229,0.014,0.127,1.57,0.04,-0.58,-3.79,-0.02,-0.02,0.23,0.864,-0.127,0.306,0.004,-0.179,2.342,,
2026-01-27 20:22:17.043,pick_to_retreat_feeder,-137.743,-182.654,1605.946,-179.798,-0.056,-176.813,-45.802,-27.483,93.807,0.152,113.501,-138.929,-0.587,0.091,-0.211,0.014,0.117,1.635,-0.06,-0.69,-3.88,0.02,0.01,0.17,0.836,-0.124,0.297,0.003,-0.173,2.032,,
2026-01-27 20:22:17.144,pick_to_retreat_feeder,-137.889,-182.579,1606.05,-179.797,-0.054,-177.035,-45.842,-27.477,93.793,0.153,113.509,-138.746,-0.54,0.084,-0.194,0.014,0.107,1.683,-0.09,-0.63,-3.71,0.03,0.05,0.25,0.784,-0.116,0.278,0.002,-0.162,1.827,,
2026-01-27 20:22:17.244,pick_to_retreat_feeder,-138.025,-182.51,1606.147,-179.796,-0.053,-177.253,-45.879,-27.471,93.779,0.154,113.517,-138.565,-0.498,0.078,-0.179,0.014,0.099,1.715,0.02,-0.62,-3.73,-0.1,-0.01,0.17,0.735,-0.109,0.261,0.002,-0.152,1.629,,
2026-01-27 20:22:17.346,pick_to_retreat_feeder,-138.156,-182.443,1606.241,-179.795,-0.052,-177.476,-45.916,-27.465,93.766,0.156,113.524,-138.378,-0.464,0.072,-0.167,0.014,0.092,1.755,-0.02,-0.65,-3.71,-0.03,-0.01,0.2,0.672,-0.1,0.239,0.002,-0.139,1.528,,
2026-01-27 20:22:17.450,pick_to_retreat_feeder,-138.278,-182.381,1606.328,-179.793,-0.051,-177.692,-45.949,-27.46,93.754,0.157,113.53,-138.194,-0.431,0.067,-0.155,0.013,0.085,1.774,-0.06,-0.62,-3.73,0.02,0.06,0.26,0.633,-0.094,0.225,0.001,-0.13,1.333,,
2026-01-27 20:22:17.555,pick_to_retreat_feeder,-138.39,-182.323,1606.408,-179.792,-0.049,-177.9,-45.98,-27.455,93.743,0.158,113.536,-138.016,-0.4,0.062,-0.144,0.013,0.079,1.776,0.07,-0.68,-3.74,0.03,0.02,0.21,0.595,-0.089,0.211,0.001,-0.122,1.148,,
2026-01-27 20:22:17.658,pick_to_retreat_feeder,-138.493,-182.27,1606.482,-179.791,-0.048,-178.1,-46.008,-27.451,93.733,0.159,113.542,-137.844,-0.371,0.058,-0.134,0.013,0.073,1.761,-0.05,-0.62,-3.86,0.05,-0.01,0.17,0.559,-0.084,0.199,-0.0,-0.115,0.971,,
2026-01-27 20:22:17.759,pick_to_retreat_feeder,-138.584,-182.224,1606.547,-179.79,-0.047,-178.282,-46.033,-27.447,93.724,0.16,113.547,-137.687,-0.341,0.053,-0.123,0.012,0.067,1.714,0.06,-0.69,-3.76,-0.02,0.03,0.11,0.537,-0.081,0.191,-0.001,-0.11,0.728,,
2026-01-27 20:22:17.860,pick_to_retreat_feeder,-138.668,-182.181,1606.607,-179.789,-0.046,-178.455,-46.056,-27.443,93.716,0.161,113.551,-137.537,-0.314,0.049,-0.113,0.012,0.062,1.662,0.02,-0.62,-3.8,-0.02,-0.02,0.21,0.502,-0.075,0.179,-0.002,-0.103,0.587,,
2026-01-27 20:22:17.962,pick_to_retreat_feeder,-138.739,-182.144,1606.658,-179.788,-0.045,-178.603,-46.076,-27.44,93.709,0.162,113.555,-137.408,-0.284,0.044,-0.102,0.011,0.056,1.569,0.06,-0.72,-3.65,-0.02,-0.07,0.23,0.489,-0.074,0.174,-0.003,-0.1,0.316,,
2026-01-27 20:22:18.063,pick_to_retreat_feeder,-138.801,-182.112,1606.703,-179.788,-0.044,-178.736,-46.093,-27.437,93.702,0.163,113.559,-137.291,-0.256,0.04,-0.092,0.01,0.05,1.468,0.01,-0.67,-3.83,0.03,-0.01,0.26,0.463,-0.07,0.165,-0.003,-0.094,0.156,,
2026-01-27 20:22:18.167,pick_to_retreat_feeder,-138.866,-182.079,1606.75,-179.787,-0.043,-178.877,-46.111,-27.435,93.696,0.164,113.562,-137.168,-0.237,0.037,-0.085,0.01,0.047,1.409,-0.03,-0.59,-3.75,-0.0,-0.02,0.1,0.409,-0.062,0.146,-0.003,-0.083,0.21,,
2026-01-27 20:22:18.270,pick_to_retreat_feeder,-138.93,-182.046,1606.795,-179.786,-0.043,-179.016,-46.128,-27.432,93.69,0.165,113.566,-137.046,-0.221,0.035,-0.08,0.009,0.044,1.362,-0.06,-0.64,-3.76,0.01,0.01,0.26,0.372,-0.056,0.133,-0.003,-0.076,0.176,waypoint,
2026-01-27 20:22:18.375,retreat_feeder_to_approach_machine,-129.552,-187.749,1606.852,-179.767,-0.042,-176.413,-43.428,-27.509,93.717,0.18,113.602,-136.942,6.585,-0.167,0.009,0.046,0.125,1.28,0.5,-0.8,-3.87,0.08,-0.04,0.1,27.513,-0.85,0.459,0.146,0.267,-0.026,,
2026-01-27 20:22:18.478,retreat_feeder_to_approach_machine,-108.644,-198.348,1606.916,-179.763,-0.04,-170.639,-37.612,-27.675,93.783,0.185,113.701,-136.899,19.479,-0.539,0.171,0.047,0.34,1.07,0.9,-0.85,-3.78,0.03,-0.01,0.13,55.919,-1.649,0.791,0.023,0.856,-0.62,,
2026-01-27 20:22:18.580,retreat_feeder_to_approach_machine,-87.518,-206.461,1606.973,-179.763,-0.037,-164.959,-31.95,-27.836,93.846,0.188,113.801,-136.915,28.764,-0.807,0.287,0.041,0.505,0.761,1.05,-0.88,-3.76,-0.1,-0.02,0.07,48.787,-1.439,0.694,-0.001,0.785,-1.162,,
2026-01-27 20:22:18.682,retreat_feeder_to_approach_machine,-68.455,-211.773,1607.019,-179.763,-0.034,-159.9,-26.961,-27.978,93.902,0.19,113.889,-136.984,34.046,-0.96,0.355,0.036,0.599,0.398,1.19,-0.77,-3.8,-0.08,0.09,0.11,37.181,-1.104,0.549,-0.007,0.589,-1.573,,
2026-01-27 20:22:18.787,retreat_feeder_to_approach_machine,-48.829,-215.389,1607.062,-179.764,-0.032,-154.7,-21.892,-28.122,93.959,0.192,113.979,-137.114,38.206,-1.081,0.409,0.032,0.673,-0.025,1.17,-0.79,-3.84,0.04,0.03,-0.07,34.257,-1.016,0.503,-0.008,0.543,-2.019,,
2026-01-27 20:22:18.887,retreat_feeder_to_approach_machine,-32.27,-217.035,1607.095,-179.764,-0.03,-150.284,-17.637,-28.243,94.007,0.193,114.054,-137.274,39.293,-1.113,0.426,0.027,0.693,-0.42,1.33,-0.77,-3.79,-0.02,-0.01,-0.14,22.697,-0.683,0.361,-0.012,0.344,-2.125,,
2026-01-27 20:22:18.990,retreat_feeder_to_approach_machine,-16.943,-217.434,1607.123,-179.765,-0.029,-146.143,-13.692,-28.356,94.052,0.194,114.123,-137.47,39.331,-1.116,0.431,0.023,0.693,-0.804,1.31,-0.75,-3.76,0.0,0.04,-0.21,17.322,-0.527,0.29,-0.014,0.254,-2.265,,
2026-01-27 20:22:19.091,retreat_feeder_to_approach_machine,-2.822,-216.844,1607.147,-179.765,-0.029,-142.26,-10.035,-28.46,94.093,0.195,114.188,-137.696,38.64,-1.097,0.426,0.019,0.681,-1.167,1.29,-0.68,-3.88,-0.08,0.04,-0.11,12.711,-0.392,0.229,-0.015,0.178,-2.341,,
2026-01-27 20:22:19.195,retreat_feeder_to_approach_machine,10.14,-215.484,1607.167,-179.766,-0.029,-138.618,-6.645,-28.556,94.131,0.195,114.247,-137.947,37.455,-1.064,0.415,0.016,0.66,-1.504,1.36,-0.62,-3.85,-0.04,-0.02,-0.15,8.771,-0.277,0.176,-0.016,0.112,-2.363,,
2026-01-27 20:22:19.298,retreat_feeder_to_approach_machine,22.569,-213.425,1607.185,-179.767,-0.029,-135.038,-3.352,-28.65,94.168,0.196,114.305,-138.234,36.325,-1.032,0.403,0.013,0.64,-1.845,1.24,-0.65,-3.84,0.05,0.09,-0.12,6.929,-0.222,0.148,-0.017,0.084,-2.479,,
2026-01-27 20:22:19.401,retreat_feeder_to_approach_machine,32.319,-211.277,1607.198,-179.767,-0.029,-132.155,-0.73,-28.725,94.197,0.196,114.351,-138.494,33.798,-0.961,0.376,0.01,0.595,-2.035,1.22,-0.66,-3.8,-0.04,0.04,-0.33,-0.481,-0.008,0.057,-0.017,-0.043,-1.971,,
2026-01-27 20:22:19.505,retreat_feeder_to_approach_machine,41.769,-208.729,1607.21,-179.768,-0.03,-129.288,1.85,-28.798,94.226,0.196,114.397,-138.781,31.799,-0.904,0.355,0.007,0.559,-2.244,1.15,-0.61,-3.69,0.05,0.03,-0.27,-0.849,0.004,0.047,-0.017,-0.047,-2.036,,
2026-01-27 20:22:19.609,retreat_feeder_to_approach_machine,49.979,-206.129,1607.22,-179.769,-0.03,-126.729,4.129,-28.863,94.252,0.196,114.437,-139.061,29.546,-0.841,0.33,0.005,0.519,-2.383,0.92,-0.58,-3.75,-0.05,0.0,-0.24,-3.778,0.09,0.008,-0.016,-0.095,-1.765,,
2026-01-27 20:22:19.713,retreat_feeder_to_approach_machine,57.521,-203.411,1607.228,-179.77,-0.031,-124.315,6.257,-28.923,94.276,0.195,114.474,-139.347,27.481,-0.782,0.307,0.003,0.483,-2.502,1.03,-0.53,-3.75,0.02,0.03,-0.32,-4.902,0.123,-0.009,-0.016,-0.112,-1.645,,
2026-01-27 20:22:19.822,retreat_feeder_to_approach_machine,64.446,-200.623,1607.235,-179.77,-0.032,-122.037,8.245,-28.98,94.298,0.195,114.509,-139.637,25.581,-0.728,0.286,0.002,0.449,-2.6,0.94,-0.5,-3.73,0.05,0.04,-0.26,-5.815,0.151,-0.024,-0.015,-0.126,-1.515,,
2026-01-27 20:22:19.923,retreat_feeder_to_approach_machine,71.475,-197.494,1607.242,-179.771,-0.033,-119.659,10.301,-29.039,94.321,0.195,114.545,-139.959,24.325,-0.692,0.273,0.0,0.427,-2.757,0.85,-0.5,-3.7,0.0,-0.06,-0.47,-4.558,0.117,-0.014,-0.015,-0.102,-1.7,,
2026-01-27 20:22:20.028,retreat_feeder_to_approach_machine,76.945,-194.84,1607.247,-179.772,-0.035,-117.756,11.93,-29.085,94.34,0.194,114.573,-140.233,22.316,-0.635,0.25,-0.001,0.391,-2.752,0.96,-0.51,-3.82,-0.03,-0.03,-0.37,-8.37,0.226,-0.061,-0.013,-0.167,-1.04,,
2026-01-27 20:22:20.131,retreat_feeder_to_approach_machine,82.556,-191.909,1607.251,-179.773,-0.036,-115.752,13.631,-29.134,94.359,0.194,114.603,-140.537,20.989,-0.598,0.236,-0.002,0.368,-2.823,0.84,-0.42,-3.72,-0.07,0.03,-0.34,-6.816,0.183,-0.047,-0.013,-0.138,-1.233,,
2026-01-27 20:22:20.234,retreat_feeder_to_approach_machine,87.682,-189.036,1607.255,-179.774,-0.037,-113.87,15.213,-29.179,94.377,0.193,114.63,-140.836,19.698,-0.561,0.221,-0.003,0.345,-2.866,0.74,-0.44,-3.75,-0.01,0.05,-0.45,-7.316,0.199,-0.055,-0.012,-0.145,-1.066,,
2026-01-27 20:22:20.337,retreat_feeder_to_approach_machine,92.366,-186.241,1607.258,-179.775,-0.038,-112.104,16.686,-29.221,94.393,0.193,114.656,-141.129,18.455,-0.526,0.207,-0.004,0.323,-2.882,0.76,-0.55,-3.79,0.02,0.03,-0.38,-7.684,0.21,-0.062,-0.011,-0.15,-0.9,,
2026-01-27 20:22:20.439,retreat_feeder_to_approach_machine,96.648,-183.536,1607.261,-179.775,-0.04,-110.448,18.056,-29.26,94.409,0.192,114.68,-141.415,17.267,-0.492,0.194,-0.004,0.302,-2.877,0.63,-0.5,-3.71,-0.05,-0.02,-0.49,-7.938,0.218,-0.067,-0.01,-0.153,-0.736,,
2026-01-27 20:22:20.543,retreat_feeder_to_approach_machine,100.761,-180.797,1607.263,-179.776,-0.041,-108.817,19.396,-29.298,94.424,0.191,114.703,-141.707,16.3,-0.464,0.183,-0.005,0.285,-2.886,0.71,-0.53,-3.74,-0.04,0.04,-0.42,-7.45,0.205,-0.064,-0.009,-0.143,-0.72,,
2026-01-27 20:22:20.646,retreat_feeder_to_approach_machine,104.327,-178.304,1607.265,-179.777,-0.042,-107.368,20.578,-29.331,94.437,0.191,114.724,-141.974,15.18,-0.432,0.171,-0.005,0.265,-2.833,0.5,-0.5,-3.84,-0.01,0.03,-0.4,-8.282,0.229,-0.075,-0.008,-0.156,-0.403,,
2026-01-27 20:22:20.747,retreat_feeder_to_approach_machine,107.261,-176.167,1607.267,-179.778,-0.043,-106.15,21.566,-29.36,94.448,0.19,114.741,-142.204,13.855,-0.395,0.156,-0.005,0.242,-2.7,0.53,-0.46,-3.67,0.02,-0.04,-0.37,-9.396,0.262,-0.09,-0.007,-0.175,0.008,,
2026-01-27 20:22:20.849,retreat_feeder_to_approach_machine,110.43,-173.768,1607.268,-179.778,-0.045,-104.808,22.65,-29.39,94.46,0.19,114.76,-142.463,13.1,-0.373,0.147,-0.005,0.228,-2.672,0.54,-0.4,-3.73,0.04,0.02,-0.3,-7.499,0.208,-0.07,-0.007,-0.141,-0.283,,
2026-01-27 20:22:20.951,retreat_feeder_to_approach_machine,113.183,-171.604,1607.269,-179.779,-0.046,-103.618,23.606,-29.418,94.471,0.189,114.776,-142.697,12.215,-0.348,0.137,-0.005,0.213,-2.589,0.5,-0.39,-3.84,-0.02,-0.0,-0.29,-8.024,0.224,-0.077,-0.005,-0.149,-0.003,,
2026-01-27 20:22:21.054,retreat_feeder_to_approach_machine,115.835,-169.446,1607.27,-179.78,-0.047,-102.45,24.541,-29.444,94.482,0.188,114.793,-142.93,11.498,-0.328,0.129,-0.006,0.2,-2.524,0.5,-0.43,-3.8,-0.1,-0.02,-0.42,-7.435,0.207,-0.072,-0.005,-0.138,0.007,,
2026-01-27 20:22:21.157,retreat_feeder_to_approach_machine,117.907,-167.707,1607.271,-179.78,-0.048,-101.523,25.281,-29.466,94.49,0.188,114.805,-143.117,10.476,-0.299,0.118,-0.005,0.182,-2.361,0.52,-0.42,-3.82,-0.0,-0.04,-0.37,-8.632,0.242,-0.087,-0.003,-0.158,0.466,,
2026-01-27 20:22:21.263,retreat_feeder_to_approach_machine,120.044,-165.865,1607.271,-179.781,-0.049,-100.553,26.055,-29.488,94.499,0.188,114.819,-143.314,9.79,-0.279,0.11,-0.005,0.17,-2.263,0.32,-0.45,-3.82,-0.04,0.05,-0.36,-7.443,0.209,-0.074,-0.003,-0.136,0.321,,
2026-01-27 20:22:21.368,retreat_feeder_to_approach_machine,122.007,-164.126,1607.272,-179.781,-0.05,-99.649,26.774,-29.508,94.507,0.187,114.831,-143.498,9.142,-0.261,0.103,-0.005,0.159,-2.157,0.51,-0.33,-3.71,-0.03,-0.06,-0.25,-7.236,0.203,-0.073,-0.002,-0.132,0.418,,
2026-01-27 20:22:21.467,retreat_feeder_to_approach_machine,123.902,-162.404,1607.272,-179.782,-0.051,-98.766,27.478,-29.528,94.515,0.187,114.843,-143.677,8.615,-0.246,0.097,-0.005,0.149,-2.066,0.39,-0.46,-3.68,0.02,-0.01,-0.34,-6.673,0.187,-0.067,-0.002,-0.122,0.42,,
2026-01-27 20:22:21.569,retreat_feeder_to_approach_machine,125.471,-160.945,1607.272,-179.782,-0.051,-98.028,28.067,-29.545,94.521,0.186,114.854,-143.827,7.934,-0.226,0.089,-0.004,0.137,-1.923,0.46,-0.43,-3.72,0.05,0.04,-0.34,-7.149,0.201,-0.074,-0.001,-0.13,0.679,,
2026-01-27 20:22:21.671,retreat_feeder_to_approach_machine,126.921,-159.569,1607.272,-179.782,-0.052,-97.34,28.617,-29.561,94.528,0.186,114.863,-143.965,7.327,-0.209,0.082,-0.004,0.127,-1.787,0.4,-0.49,-3.77,-0.15,0.04,-0.29,-6.822,0.192,-0.071,-0.001,-0.123,0.726,,
2026-01-27 20:22:21.775,retreat_feeder_to_approach_machine,128.262,-158.272,1607.272,-179.783,-0.053,-96.699,29.131,-29.575,94.533,0.186,114.872,-144.091,6.78,-0.193,0.076,-0.004,0.117,-1.657,0.25,-0.37,-3.77,0.05,0.07,-0.23,-6.503,0.183,-0.068,-0.0,-0.117,0.766,,
2026-01-27 20:22:21.876,retreat_feeder_to_approach_machine,129.436,-157.115,1607.272,-179.783,-0.053,-96.135,29.586,-29.588,94.538,0.186,114.88,-144.201,6.221,-0.177,0.07,-0.003,0.107,-1.517,0.25,-0.33,-3.73,0.0,0.02,-0.17,-6.45,0.182,-0.068,0.0,-0.116,0.86,,
2026-01-27 20:22:21.978,retreat_feeder_to_approach_machine,130.528,-156.024,1607.273,-179.783,-0.054,-95.609,30.012,-29.6,94.543,0.185,114.887,-144.301,5.731,-0.163,0.065,-0.003,0.099,-1.388,0.22,-0.37,-3.71,0.13,-0.02,-0.19,-6.088,0.172,-0.064,0.001,-0.109,0.87,,
2026-01-27 20:22:22.080,retreat_feeder_to_approach_machine,131.602,-154.934,1607.273,-179.783,-0.054,-95.091,30.434,-29.612,94.548,0.185,114.894,-144.397,5.353,-0.153,0.06,-0.003,0.092,-1.28,0.26,-0.38,-3.76,0.03,0.09,-0.12,-5.518,0.156,-0.058,0.001,-0.099,0.826,,
2026-01-27 20:22:22.181,retreat_feeder_to_approach_machine,132.596,-153.91,1607.272,-179.784,-0.055,-94.611,30.828,-29.624,94.552,0.185,114.901,-144.483,5.001,-0.143,0.056,-0.002,0.086,-1.174,0.22,-0.39,-3.77,0.06,-0.16,-0.14,-5.245,0.148,-0.055,0.001,-0.094,0.844,,
2026-01-27 20:22:22.282,retreat_feeder_to_approach_machine,133.518,-152.948,1607.272,-179.784,-0.055,-94.167,31.197,-29.634,94.557,0.185,114.907,-144.559,4.672,-0.133,0.053,-0.002,0.08,-1.071,0.18,-0.43,-3.71,-0.0,0.02,-0.11,-4.98,0.141,-0.053,0.001,-0.089,0.856,,
2026-01-27 20:22:22.383,retreat_feeder_to_approach_machine,134.281,-152.141,1607.272,-179.784,-0.055,-93.8,31.504,-29.643,94.56,0.185,114.913,-144.618,4.271,-0.122,0.048,-0.001,0.073,-0.953,0.13,-0.45,-3.75,0.04,0.11,-0.15,-5.096,0.144,-0.054,0.002,-0.091,0.933,,
2026-01-27 20:22:22.483,retreat_feeder_to_approach_machine,135.123,-151.241,1607.272,-179.784,-0.056,-93.397,31.845,-29.653,94.564,0.185,114.918,-144.68,4.056,-0.116,0.046,-0.001,0.07,-0.869,0.21,-0.41,-3.74,-0.07,0.07,-0.1,-4.244,0.12,-0.045,0.002,-0.076,0.819,,
2026-01-27 20:22:22.588,retreat_feeder_to_approach_machine,135.941,-150.356,1607.272,-179.784,-0.056,-93.008,32.178,-29.662,94.568,0.185,114.924,-144.735,3.876,-0.111,0.044,-0.001,0.067,-0.789,0.14,-0.34,-3.65,-0.08,-0.03,-0.06,-3.896,0.11,-0.041,0.002,-0.07,0.805,,
2026-01-27 20:22:22.692,retreat_feeder_to_approach_machine,136.658,-149.571,1607.272,-179.784,-0.056,-92.671,32.473,-29.671,94.571,0.185,114.929,-144.778,3.643,-0.104,0.041,-0.0,0.062,-0.7,0.15,-0.31,-3.69,0.07,-0.04,-0.06,-3.899,0.11,-0.042,0.002,-0.069,0.843,,
2026-01-27 20:22:22.795,retreat_feeder_to_approach_machine,137.288,-148.875,1607.272,-179.784,-0.056,-92.378,32.733,-29.678,94.574,0.185,114.934,-144.812,3.382,-0.096,0.038,-0.0,0.058,-0.608,0.04,-0.37,-3.75,-0.0,0.05,-0.16,-3.852,0.109,-0.041,0.002,-0.068,0.858,,
2026-01-27 20:22:22.902,retreat_feeder_to_approach_machine,137.873,-148.223,1607.272,-179.784,-0.056,-92.108,32.975,-29.685,94.577,0.185,114.938,-144.838,3.144,-0.09,0.035,0.0,0.054,-0.522,0.15,-0.37,-3.73,0.06,-0.03,-0.05,-3.639,0.103,-0.039,0.002,-0.065,0.842,,
2026-01-27 20:22:23.005,retreat_feeder_to_approach_machine,138.358,-147.678,1607.272,-179.784,-0.056,-91.888,33.178,-29.691,94.579,0.185,114.941,-144.856,2.864,-0.082,0.032,0.0,0.049,-0.436,0.08,-0.38,-3.8,-0.09,-0.05,-0.1,-3.679,0.104,-0.04,0.002,-0.065,0.842,,
2026-01-27 20:22:23.108,retreat_feeder_to_approach_machine,138.868,-147.1,1607.272,-179.783,-0.056,-91.66,33.391,-29.697,94.581,0.186,114.945,-144.87,2.681,-0.076,0.03,0.001,0.046,-0.363,0.11,-0.44,-3.74,0.05,-0.03,-0.11,-3.2,0.091,-0.035,0.002,-0.057,0.792,,
2026-01-27 20:22:23.209,retreat_feeder_to_approach_machine,139.342,-146.56,1607.272,-179.783,-0.056,-91.452,33.591,-29.702,94.584,0.186,114.948,-144.879,2.51,-0.072,0.028,0.001,0.043,-0.294,0.07,-0.37,-3.73,-0.03,-0.01,-0.05,-3.021,0.086,-0.033,0.002,-0.053,0.769,,
2026-01-27 20:22:23.313,retreat_feeder_to_approach_machine,139.806,-146.026,1607.272,-179.783,-0.056,-91.252,33.787,-29.708,94.586,0.186,114.952,-144.883,2.373,-0.068,0.027,0.001,0.04,-0.23,0.13,-0.44,-3.84,-0.02,0.0,-0.07,-2.75,0.078,-0.03,0.002,-0.049,0.744,,
2026-01-27 20:22:23.417,retreat_feeder_to_approach_machine,140.259,-145.503,1607.272,-179.783,-0.056,-91.062,33.979,-29.714,94.588,0.186,114.955,-144.881,2.259,-0.064,0.025,0.001,0.039,-0.168,0.09,-0.34,-3.7,-0.02,-0.03,-0.08,-2.519,0.071,-0.027,0.002,-0.045,0.724,,
2026-01-27 20:22:23.524,retreat_feeder_to_approach_machine,140.472,-145.255,1607.271,-179.783,-0.056,-90.974,34.069,-29.716,94.589,0.186,114.956,-144.878,1.921,-0.055,0.022,0.001,0.033,-0.119,0.08,-0.35,-3.71,-0.02,-0.01,-0.03,-3.28,0.093,-0.036,0.001,-0.057,0.663,,
2026-01-27 20:22:23.634,retreat_feeder_to_approach_machine,140.616,-145.087,1607.271,-179.783,-0.056,-90.915,34.131,-29.718,94.59,0.186,114.957,-144.875,1.594,-0.045,0.018,0.001,0.027,-0.082,0.13,-0.31,-3.71,-0.03,0.01,-0.05,-3.244,0.092,-0.036,0.001,-0.057,0.595,,
2026-01-27 20:22:23.735,retreat_feeder_to_approach_machine,140.949,-144.697,1607.271,-179.783,-0.056,-90.782,34.273,-29.722,94.591,0.187,114.96,-144.866,1.552,-0.044,0.017,0.001,0.026,-0.039,0.1,-0.45,-3.68,-0.06,-0.04,0.01,-2.108,0.06,-0.023,0.002,-0.037,0.599,,
2026-01-27 20:22:23.837,retreat_feeder_to_approach_machine,141.297,-144.288,1607.271,-179.782,-0.056,-90.646,34.422,-29.726,94.593,0.187,114.962,-144.853,1.536,-0.044,0.017,0.002,0.026,0.005,0.08,-0.34,-3.8,-0.06,0.01,0.03,-1.834,0.052,-0.02,0.002,-0.032,0.586,,
2026-01-27 20:22:23.939,retreat_feeder_to_approach_machine,141.651,-143.869,1607.271,-179.782,-0.056,-90.513,34.575,-29.731,94.595,0.187,114.965,-144.833,1.533,-0.044,0.017,0.002,0.026,0.052,0.09,-0.39,-3.68,0.04,-0.0,0.02,-1.614,0.046,-0.018,0.002,-0.029,0.581,,
2026-01-27 20:22:24.040,retreat_feeder_to_approach_machine,141.948,-143.516,1607.271,-179.782,-0.056,-90.405,34.703,-29.734,94.596,0.187,114.967,-144.813,1.47,-0.042,0.017,0.002,0.025,0.09,0.09,-0.38,-3.79,0.02,-0.02,0.11,-1.699,0.048,-0.019,0.002,-0.03,0.535,,
2026-01-27 20:22:24.143,retreat_feeder_to_approach_machine,142.251,-143.154,1607.271,-179.782,-0.055,-90.299,34.834,-29.738,94.597,0.188,114.969,-144.788,1.43,-0.041,0.016,0.002,0.024,0.131,0.07,-0.29,-3.69,-0.03,-0.02,0.02,-1.497,0.043,-0.016,0.002,-0.026,0.532,waypoint,
2026-01-27 20:22:24.245,retreat_feeder_to_approach_machine,154.521,-154.144,1603.367,179.96,0.312,-89.345,35.844,-28.401,94.493,0.187,114.187,-144.735,3.599,3.311,-0.25,-0.001,-1.939,0.23,0.82,4.22,-2.26,0.05,-0.37,0.06,7.448,13.441,-1.076,-0.013,-7.873,0.753,,
2026-01-27 20:22:24.348,retreat_feeder_to_approach_machine,207.851,-196.754,1583.904,179.754,0.554,-86.029,39.56,-23.083,94.073,0.155,109.604,-144.362,11.988,15.78,-1.237,-0.08,-12.912,1.105,0.94,3.0,-2.53,0.03,-0.69,0.19,33.75,51.917,-4.121,-0.318,-45.089,3.878,,
2026-01-27 20:22:24.450,retreat_feeder_to_approach_machine,259.724,-228.592,1561.383,179.773,0.479,-83.439,42.861,-18.365,93.703,0.128,105.183,-143.668,17.245,23.628,-1.853,-0.126,-20.735,2.563,1.2,2.07,-2.92,0.11,-0.93,0.42,26.237,40.714,-3.21,-0.233,-38.954,6.699,,
2026-01-27 20:22:24.554,retreat_feeder_to_approach_machine,312.959,-253.115,1534.902,179.798,0.399,-81.286,46.069,-13.782,93.344,0.107,100.878,-142.626,20.953,29.179,-2.288,-0.147,-26.313,4.527,1.27,1.02,-3.09,0.01,-1.08,0.59,22.678,35.3,-2.78,-0.156,-33.904,9.511,,
2026-01-27 20:22:24.657,retreat_feeder_to_approach_machine,361.46,-269.173,1507.913,179.821,0.333,-79.72,48.896,-9.743,93.027,0.092,97.088,-141.373,22.783,31.981,-2.507,-0.149,-29.211,6.528,1.43,0.13,-3.31,0.1,-1.21,0.82,16.601,26.326,-2.075,-0.082,-25.366,10.673,,
2026-01-27 20:22:24.757,retreat_feeder_to_approach_machine,409.378,-279.622,1478.518,179.843,0.273,-78.531,51.643,-5.819,92.72,0.08,93.409,-139.822,23.954,33.796,-2.648,-0.142,-31.105,8.775,1.39,-0.62,-3.5,0.07,-1.35,1.07,14.139,22.546,-1.777,-0.043,-21.715,12.588,,
2026-01-27 20:22:24.858,retreat_feeder_to_approach_machine,447.682,-284.245,1452.958,179.861,0.229,-77.842,53.83,-2.695,92.475,0.072,90.484,-138.328,23.433,33.157,-2.598,-0.127,-30.643,10.315,1.46,-1.42,-3.54,-0.1,-1.29,1.26,7.124,12.289,-0.972,0.001,-12.013,10.751,,
2026-01-27 20:22:24.959,retreat_feeder_to_approach_machine,488.963,-285.541,1423.177,179.881,0.184,-77.378,56.2,0.69,92.21,0.064,87.316,-136.426,23.499,33.331,-2.611,-0.114,-30.901,12.491,1.38,-1.92,-3.68,0.05,-1.28,1.54,8.243,13.675,-1.08,0.006,-13.229,13.759,,
2026-01-27 20:22:25.065,retreat_feeder_to_approach_machine,524.842,-283.495,1395.207,179.898,0.149,-77.233,58.288,3.673,91.976,0.058,84.528,-134.484,22.846,32.456,-2.543,-0.101,-30.146,14.223,1.3,-2.55,-3.79,0.01,-1.25,1.77,4.604,8.286,-0.657,0.022,-8.115,12.78,,
2026-01-27 20:22:25.168,retreat_feeder_to_approach_machine,558.99,-278.684,1366.545,179.914,0.117,-77.351,60.318,6.571,91.749,0.052,81.821,-132.339,22.207,31.588,-2.475,-0.09,-29.376,16.031,1.29,-3.08,-3.97,0.06,-1.23,1.92,3.551,6.61,-0.525,0.024,-6.483,13.54,,
2026-01-27 20:22:25.273,retreat_feeder_to_approach_machine,586.913,-272.545,1341.424,179.927,0.092,-77.662,62.02,9.002,91.559,0.047,79.554,-130.327,20.91,29.769,-2.332,-0.079,-27.701,17.052,1.16,-3.53,-3.98,0.1,-1.22,2.11,-0.076,1.275,-0.106,0.03,-1.447,10.846,,
2026-01-27 20:22:25.378,retreat_feeder_to_approach_machine,613.438,-264.731,1315.948,179.94,0.071,-78.166,63.684,11.379,91.373,0.043,77.339,-128.16,19.843,28.268,-2.214,-0.072,-26.312,18.206,0.95,-3.94,-4.02,-0.03,-1.09,2.26,-0.447,0.606,-0.054,0.025,-0.775,11.316,,
2026-01-27 20:22:25.480,retreat_feeder_to_approach_machine,637.231,-255.931,1291.557,179.95,0.052,-78.82,65.226,13.583,91.2,0.037,75.288,-125.963,18.739,26.71,-2.092,-0.066,-24.862,19.147,0.96,-4.37,-4.04,0.07,-0.99,2.38,-1.616,-1.188,0.087,0.022,0.939,10.484,,
2026-01-27 20:22:25.585,retreat_feeder_to_approach_machine,656.494,-247.446,1270.581,179.959,0.038,-79.514,66.518,15.428,91.056,0.033,73.572,-123.977,17.284,24.646,-1.931,-0.062,-22.937,19.327,0.89,-4.7,-4.1,-0.05,-1.05,2.47,-3.962,-4.651,0.359,0.023,4.195,7.335,,
2026-01-27 20:22:25.688,retreat_feeder_to_approach_machine,673.889,-238.629,1250.553,179.966,0.025,-80.289,67.725,17.152,90.92,0.028,71.97,-121.994,15.981,22.794,-1.786,-0.059,-21.207,19.452,0.73,-5.02,-4.06,-0.04,-0.97,2.59,-4.417,-5.401,0.418,0.018,4.922,6.559,,
2026-01-27 20:22:25.792,retreat_feeder_to_approach_machine,690.399,-229.139,1230.449,179.972,0.014,-81.176,68.913,18.848,90.787,0.022,70.396,-119.919,14.955,21.337,-1.672,-0.058,-19.842,19.777,0.7,-5.19,-4.14,0.01,-0.84,2.58,-4.166,-5.134,0.397,0.01,4.698,6.83,,
2026-01-27 20:22:25.892,retreat_feeder_to_approach_machine,703.702,-220.611,1213.359,179.976,0.004,-82.013,69.906,20.266,90.676,0.017,69.081,-118.087,13.698,19.547,-1.532,-0.057,-18.168,19.412,0.52,-5.43,-4.0,0.02,-0.77,2.6,-5.7,-7.407,0.576,0.013,6.827,3.712,,
2026-01-27 20:22:25.995,retreat_feeder_to_approach_machine,717.086,-211.147,1195.248,179.98,-0.005,-82.984,70.942,21.746,90.56,0.011,67.71,-116.078,12.865,18.361,-1.439,-0.058,-17.054,19.582,0.47,-5.68,-4.0,-0.02,-0.73,2.75,-4.693,-6.042,0.469,0.002,5.579,5.115,,
2026-01-27 20:22:26.096,retreat_feeder_to_approach_machine,728.456,-202.33,1179.032,179.982,-0.013,-83.924,71.858,23.054,90.458,0.005,66.499,-114.22,11.937,17.039,-1.336,-0.058,-15.816,19.331,0.46,-5.91,-4.1,-0.12,-0.7,2.68,-5.434,-7.166,0.557,0.003,6.634,3.09,,
2026-01-27 20:22:26.199,retreat_feeder_to_approach_machine,738.679,-193.719,1163.705,179.984,-0.02,-84.873,72.713,24.275,90.362,-0.001,65.37,-112.414,11.091,15.833,-1.241,-0.059,-14.685,19.013,0.29,-6.1,-3.96,-0.02,-0.69,2.66,-5.494,-7.311,0.569,0.001,6.778,2.263,,
2026-01-27 20:22:26.304,retreat_feeder_to_approach_machine,747.87,-185.36,1149.237,179.985,-0.027,-85.819,73.512,25.416,90.272,-0.008,64.316,-110.666,10.315,14.727,-1.155,-0.061,-13.648,18.63,0.36,-6.15,-3.95,0.04,-0.65,2.64,-5.508,-7.385,0.575,-0.001,6.855,1.456,,
2026-01-27 20:22:26.405,retreat_feeder_to_approach_machine,756.132,-177.287,1135.596,179.985,-0.033,-86.754,74.258,26.482,90.188,-0.014,63.333,-108.981,9.602,13.709,-1.075,-0.062,-12.695,18.184,0.24,-6.24,-3.9,-0.0,-0.74,2.65,-5.483,-7.398,0.576,-0.002,6.873,0.676,,
2026-01-27 20:22:26.506,retreat_feeder_to_approach_machine,763.56,-169.523,1122.747,179.985,-0.039,-87.671,74.955,27.477,90.11,-0.021,62.415,-107.365,8.944,12.77,-1.002,-0.063,-11.816,17.68,0.3,-6.48,-4.01,0.02,-0.57,2.49,-5.427,-7.36,0.574,-0.002,6.843,-0.07,,
2026-01-27 20:22:26.609,retreat_feeder_to_approach_machine,770.591,-161.68,1110.004,179.984,-0.045,-88.61,75.641,28.457,90.033,-0.028,61.513,-105.736,8.423,12.027,-0.944,-0.064,-11.117,17.332,0.22,-6.44,-3.94,-0.06,-0.45,2.51,-4.994,-6.782,0.528,-0.005,6.313,0.058,,
2026-01-27 20:22:26.714,retreat_feeder_to_approach_machine,776.88,-154.208,1098.063,179.983,-0.051,-89.514,76.279,29.368,89.962,-0.035,60.674,-104.19,7.913,11.299,-0.887,-0.065,-10.435,16.863,0.12,-6.56,-3.85,-0.04,-0.55,2.46,-4.971,-6.784,0.529,-0.004,6.317,-0.78,,
2026-01-27 20:22:26.818,retreat_feeder_to_approach_machine,782.507,-147.109,1086.88,179.981,-0.056,-90.376,76.873,30.217,89.895,-0.041,59.894,-102.731,7.42,10.595,-0.832,-0.066,-9.776,16.297,0.3,-6.72,-3.93,-0.03,-0.46,2.39,-4.917,-6.738,0.525,-0.002,6.275,-1.559,,
2026-01-27 20:22:26.923,retreat_feeder_to_approach_machine,787.294,-140.727,1076.949,179.979,-0.061,-91.15,77.398,30.966,89.836,-0.047,59.206,-101.428,6.876,9.82,-0.771,-0.065,-9.052,15.479,0.14,-6.75,-3.76,-0.04,-0.42,2.24,-5.119,-7.055,0.55,0.003,6.565,-2.977,,
2026-01-27 20:22:27.026,retreat_feeder_to_approach_machine,791.835,-134.347,1067.127,179.977,-0.066,-91.919,77.914,31.703,89.778,-0.054,58.53,-100.139,6.448,9.208,-0.724,-0.064,-8.48,14.831,0.09,-6.85,-3.86,0.06,-0.33,2.09,-4.69,-6.468,0.505,0.002,6.024,-2.816,,
2026-01-27 20:22:27.127,retreat_feeder_to_approach_machine,795.704,-128.634,1058.414,179.974,-0.07,-92.599,78.37,32.355,89.727,-0.059,57.933,-99.0,5.976,8.535,-0.671,-0.062,-7.852,13.971,0.07,-6.95,-3.74,0.04,-0.39,1.99,-4.824,-6.682,0.522,0.008,6.218,-4.03,,
2026-01-27 20:22:27.230,retreat_feeder_to_approach_machine,799.379,-122.941,1049.804,179.971,-0.075,-93.263,78.819,32.996,89.676,-0.065,57.346,-97.884,5.604,8.004,-0.629,-0.061,-7.356,13.27,0.05,-6.97,-3.76,0.06,-0.38,1.91,-4.414,-6.117,0.477,0.007,5.697,-3.855,,
2026-01-27 20:22:27.336,retreat_feeder_to_approach_machine,802.349,-118.131,1042.584,179.969,-0.078,-93.809,79.194,33.532,89.634,-0.07,56.856,-96.959,5.141,7.342,-0.577,-0.058,-6.742,12.264,0.06,-7.04,-3.65,0.01,-0.29,1.82,-4.71,-6.559,0.512,0.015,6.096,-5.387,,
2026-01-27 20:22:27.442,retreat_feeder_to_approach_machine,804.126,-115.158,1038.142,179.967,-0.081,-94.139,79.424,33.86,89.608,-0.073,56.556,-96.397,4.431,6.328,-0.498,-0.05,-5.808,10.602,0.05,-6.97,-3.56,-0.01,-0.35,1.71,-5.688,-7.973,0.624,0.032,7.382,-8.481,,
2026-01-27 20:22:27.546,retreat_feeder_to_approach_machine,805.5,-112.803,1034.638,179.965,-0.083,-94.394,79.605,34.119,89.588,-0.075,56.319,-95.959,3.776,5.394,-0.424,-0.044,-4.947,9.046,0.06,-7.13,-3.56,-0.0,-0.37,1.7,-5.608,-7.873,0.617,0.035,7.282,-8.866,,
2026-01-27 20:22:27.647,retreat_feeder_to_approach_machine,807.089,-110.019,1030.507,179.963,-0.085,-94.689,79.819,34.424,89.564,-0.078,56.041,-95.45,3.366,4.807,-0.378,-0.039,-4.406,8.059,0.02,-7.14,-3.61,0.0,-0.29,1.59,-4.727,-6.628,0.519,0.028,6.137,-7.264,,
2026-01-27 20:22:27.748,retreat_feeder_to_approach_machine,808.977,-106.621,1025.483,179.96,-0.087,-95.036,80.078,34.794,89.535,-0.081,55.704,-94.841,3.172,4.53,-0.357,-0.038,-4.148,7.565,0.08,-7.24,-3.57,0.01,-0.2,1.35,-3.798,-5.313,0.416,0.02,4.931,-5.55,,
2026-01-27 20:22:27.856,retreat_feeder_to_approach_machine,811.319,-102.259,1019.062,179.957,-0.09,-95.458,80.408,35.266,89.497,-0.085,55.274,-94.086,3.204,4.577,-0.36,-0.038,-4.186,7.562,-0.07,-7.16,-3.5,0.01,-0.27,1.41,-2.706,-3.764,0.294,0.01,3.513,-3.528,,
2026-01-27 20:22:27.957,retreat_feeder_to_approach_machine,813.326,-98.38,1013.378,179.953,-0.093,-95.806,80.699,35.682,89.465,-0.088,54.894,-93.444,3.132,4.474,-0.353,-0.037,-4.088,7.278,0.05,-7.23,-3.45,0.0,-0.24,1.19,-2.821,-3.939,0.308,0.015,3.668,-4.301,,
2026-01-27 20:22:28.059,retreat_feeder_to_approach_machine,815.147,-94.734,1008.058,179.95,-0.095,-96.106,80.972,36.071,89.434,-0.091,54.54,-92.869,3.03,4.328,-0.341,-0.035,-3.951,6.894,0.03,-7.23,-3.39,0.09,-0.35,1.24,-2.731,-3.819,0.298,0.018,3.555,-4.554,,
2026-01-27 20:22:28.162,retreat_feeder_to_approach_machine,816.803,-91.31,1003.079,179.946,-0.097,-96.358,81.226,36.435,89.405,-0.094,54.21,-92.361,2.909,4.155,-0.328,-0.033,-3.789,6.442,-0.02,-7.32,-3.44,0.06,-0.16,1.12,-2.637,-3.694,0.289,0.02,3.436,-4.756,,
2026-01-27 20:22:28.264,retreat_feeder_to_approach_machine,818.148,-88.443,998.922,179.943,-0.099,-96.544,81.438,36.738,89.381,-0.096,53.935,-91.962,2.712,3.874,-0.306,-0.03,-3.529,5.829,0.0,-7.3,-3.41,-0.03,-0.16,0.98,-2.798,-3.93,0.308,0.024,3.645,-5.374,,
2026-01-27 20:22:28.368,retreat_feeder_to_approach_machine,819.46,-85.568,994.767,179.939,-0.1,-96.703,81.65,37.04,89.357,-0.097,53.661,-91.59,2.563,3.661,-0.289,-0.026,-3.333,5.302,-0.01,-7.43,-3.46,0.07,-0.23,0.97,-2.522,-3.543,0.277,0.024,3.288,-5.108,,
2026-01-27 20:22:28.469,retreat_feeder_to_approach_machine,820.796,-82.555,990.423,179.935,-0.101,-96.836,81.871,37.356,89.332,-0.099,53.375,-91.234,2.475,3.535,-0.279,-0.024,-3.215,4.865,0.09,-7.36,-3.49,-0.04,-0.16,0.8,-2.177,-3.055,0.239,0.023,2.841,-4.764,,
2026-01-27 20:22:28.572,retreat_feeder_to_approach_machine,821.947,-79.883,986.581,179.931,-0.102,-96.921,82.066,37.635,89.31,-0.1,53.122,-90.953,2.344,3.349,-0.264,-0.021,-3.042,4.351,-0.02,-7.35,-3.46,0.03,-0.2,0.67,-2.217,-3.118,0.244,0.026,2.894,-5.032,,
2026-01-27 20:22:28.673,retreat_feeder_to_approach_machine,822.998,-77.378,982.988,179.927,-0.103,-96.967,82.248,37.895,89.29,-0.101,52.887,-90.723,2.214,3.163,-0.25,-0.017,-2.87,3.838,-0.02,-7.37,-3.34,0.03,-0.19,0.63,-2.124,-2.99,0.234,0.027,2.773,-5.038,,
2026-01-27 20:22:28.774,retreat_feeder_to_approach_machine,823.959,-75.031,979.627,179.923,-0.103,-96.979,82.419,38.139,89.27,-0.101,52.667,-90.541,2.086,2.98,-0.235,-0.014,-2.702,3.334,0.05,-7.45,-3.34,0.03,-0.19,0.58,-2.032,-2.863,0.224,0.027,2.653,-5.012,,
2026-01-27 20:22:28.879,retreat_feeder_to_approach_machine,824.838,-72.832,976.485,179.919,-0.103,-96.957,82.578,38.366,89.252,-0.101,52.462,-90.404,1.962,2.803,-0.222,-0.011,-2.54,2.844,0.09,-7.38,-3.41,0.02,-0.1,0.43,-1.941,-2.737,0.214,0.028,2.535,-4.957,,
2026-01-27 20:22:28.981,retreat_feeder_to_approach_machine,825.642,-70.772,973.548,179.915,-0.103,-96.904,82.726,38.578,89.236,-0.101,52.27,-90.308,1.843,2.633,-0.208,-0.007,-2.383,2.374,0.03,-7.4,-3.45,0.03,-0.18,0.4,-1.852,-2.613,0.205,0.028,2.418,-4.876,,
2026-01-27 20:22:29.084,retreat_feeder_to_approach_machine,826.301,-69.051,971.097,179.912,-0.102,-96.834,82.85,38.755,89.222,-0.101,52.111,-90.254,1.692,2.417,-0.191,-0.004,-2.186,1.913,-0.04,-7.42,-3.31,0.07,-0.03,0.27,-1.914,-2.705,0.212,0.027,2.497,-4.818,,
2026-01-27 20:22:29.184,retreat_feeder_to_approach_machine,826.947,-67.33,968.65,179.908,-0.102,-96.736,82.974,38.932,89.208,-0.1,51.952,-90.229,1.578,2.255,-0.178,-0.002,-2.037,1.499,0.04,-7.5,-3.35,-0.04,-0.18,0.24,-1.725,-2.438,0.191,0.027,2.252,-4.61,,
2026-01-27 20:22:29.284,retreat_feeder_to_approach_machine,827.543,-65.712,966.353,179.905,-0.101,-96.617,83.089,39.097,89.195,-0.099,51.803,-90.232,1.473,2.105,-0.167,0.001,-1.9,1.116,-0.01,-7.53,-3.4,-0.11,-0.04,0.22,-1.63,-2.304,0.181,0.027,2.127,-4.441,,
2026-01-27 20:22:29.387,retreat_feeder_to_approach_machine,828.154,-64.02,963.953,179.901,-0.099,-96.462,83.21,39.27,89.181,-0.098,51.648,-90.267,1.407,2.011,-0.159,0.004,-1.813,0.749,0.01,-7.47,-3.28,0.02,-0.16,0.2,-1.416,-2.001,0.157,0.027,1.85,-4.315,,
2026-01-27 20:22:29.488,retreat_feeder_to_approach_machine,828.658,-62.603,961.947,179.897,-0.098,-96.304,83.311,39.415,89.169,-0.096,51.518,-90.324,1.308,1.869,-0.148,0.006,-1.684,0.419,-0.01,-7.44,-3.28,-0.02,-0.08,0.08,-1.473,-2.085,0.164,0.025,1.922,-4.102,,
2026-01-27 20:22:29.595,retreat_feeder_to_approach_machine,829.123,-61.272,960.064,179.894,-0.097,-96.132,83.406,39.55,89.159,-0.095,51.397,-90.403,1.218,1.741,-0.138,0.008,-1.567,0.117,0.0,-7.49,-3.31,-0.01,-0.04,0.04,-1.389,-1.967,0.154,0.024,1.811,-3.908,,
2026-01-27 20:22:29.697,retreat_feeder_to_approach_machine,829.553,-60.022,958.298,179.89,-0.095,-95.946,83.495,39.677,89.149,-0.093,51.283,-90.501,1.135,1.623,-0.129,0.01,-1.459,-0.157,0.02,-7.52,-3.24,-0.03,-0.19,0.03,-1.309,-1.854,0.146,0.023,1.707,-3.711,,
2026-01-27 20:22:29.803,retreat_feeder_to_approach_machine,829.996,-58.716,956.454,179.887,-0.093,-95.724,83.588,39.81,89.138,-0.091,51.164,-90.631,1.083,1.549,-0.123,0.013,-1.391,-0.443,-0.03,-7.52,-3.21,-0.01,-0.1,0.04,-1.139,-1.613,0.127,0.025,1.487,-3.658,,
2026-01-27 20:22:29.903,retreat_feeder_to_approach_machine,830.381,-57.559,954.824,179.883,-0.091,-95.503,83.67,39.927,89.129,-0.089,51.06,-90.771,1.017,1.455,-0.115,0.015,-1.305,-0.683,-0.07,-7.63,-3.23,0.07,-0.01,0.07,-1.134,-1.607,0.126,0.022,1.478,-3.396,,
2026-01-27 20:22:30.007,retreat_feeder_to_approach_machine,830.756,-56.42,953.219,179.88,-0.089,-95.26,83.75,40.042,89.12,-0.087,50.957,-90.935,0.964,1.379,-0.109,0.017,-1.236,-0.921,0.04,-7.43,-3.23,0.03,-0.05,-0.14,-1.033,-1.464,0.115,0.022,1.348,-3.289,,
2026-01-27 20:22:30.109,retreat_feeder_to_approach_machine,831.048,-55.521,951.953,179.877,-0.087,-95.05,83.814,40.133,89.112,-0.085,50.876,-91.083,0.882,1.262,-0.1,0.017,-1.13,-1.061,0.03,-7.52,-3.28,0.05,-0.2,-0.1,-1.101,-1.562,0.123,0.017,1.432,-2.807,,
2026-01-27 20:22:30.210,retreat_feeder_to_approach_machine,831.353,-54.571,950.618,179.874,-0.085,-94.808,83.881,40.229,89.105,-0.083,50.79,-91.259,0.829,1.186,-0.094,0.019,-1.061,-1.237,0.0,-7.5,-3.25,0.06,-0.02,-0.16,-0.956,-1.356,0.107,0.019,1.245,-2.807,,
2026-01-27 20:22:30.314,retreat_feeder_to_approach_machine,831.65,-53.636,949.304,179.871,-0.082,-94.548,83.947,40.323,89.097,-0.08,50.706,-91.454,0.787,1.125,-0.089,0.02,-1.006,-1.415,-0.06,-7.56,-3.19,-0.04,0.11,-0.26,-0.871,-1.236,0.097,0.019,1.135,-2.712,,
2026-01-27 20:22:30.416,retreat_feeder_to_approach_machine,831.923,-52.764,948.08,179.868,-0.08,-94.287,84.008,40.411,89.09,-0.078,50.628,-91.656,0.743,1.063,-0.084,0.021,-0.949,-1.566,0.02,-7.49,-3.23,-0.05,-0.04,-0.3,-0.83,-1.178,0.093,0.017,1.081,-2.511,,
2026-01-27 20:22:30.517,retreat_feeder_to_approach_machine,832.162,-51.993,946.999,179.865,-0.077,-94.038,84.062,40.489,89.084,-0.075,50.559,-91.852,0.693,0.991,-0.079,0.022,-0.884,-1.664,-0.05,-7.43,-3.22,0.11,-0.06,-0.18,-0.818,-1.162,0.091,0.014,1.065,-2.199,,
2026-01-27 20:22:30.622,retreat_feeder_to_approach_machine,832.395,-51.234,945.935,179.863,-0.075,-93.776,84.115,40.565,89.078,-0.073,50.492,-92.062,0.653,0.934,-0.074,0.023,-0.832,-1.772,0.01,-7.6,-3.21,0.01,-0.1,-0.19,-0.745,-1.058,0.083,0.014,0.97,-2.119,,
2026-01-27 20:22:30.725,retreat_feeder_to_approach_machine,832.599,-50.563,944.995,179.86,-0.072,-93.531,84.163,40.632,89.073,-0.071,50.432,-92.262,0.607,0.869,-0.069,0.023,-0.774,-1.829,-0.05,-7.57,-3.21,-0.04,-0.03,-0.23,-0.733,-1.042,0.082,0.012,0.952,-1.81,,
2026-01-27 20:22:30.830,retreat_feeder_to_approach_machine,832.798,-49.902,944.069,179.858,-0.07,-93.275,84.209,40.699,89.067,-0.068,50.373,-92.473,0.571,0.818,-0.065,0.023,-0.727,-1.9,-0.04,-7.57,-3.21,0.11,-0.04,-0.17,-0.667,-0.948,0.075,0.011,0.867,-1.74,,
2026-01-27 20:22:30.935,retreat_feeder_to_approach_machine,832.982,-49.286,943.208,179.855,-0.067,-93.023,84.252,40.76,89.062,-0.066,50.319,-92.683,0.536,0.768,-0.061,0.024,-0.682,-1.949,-0.06,-7.62,-3.22,-0.0,0.04,-0.28,-0.633,-0.899,0.071,0.01,0.822,-1.552,,
2026-01-27 20:22:31.040,retreat_feeder_to_approach_machine,833.152,-48.713,942.406,179.853,-0.065,-92.778,84.292,40.818,89.058,-0.063,50.268,-92.89,0.503,0.719,-0.057,0.024,-0.638,-1.98,-0.06,-7.61,-3.21,0.03,-0.05,-0.21,-0.599,-0.852,0.067,0.009,0.778,-1.37,,
2026-01-27 20:22:31.142,retreat_feeder_to_approach_machine,833.309,-48.179,941.66,179.851,-0.062,-92.539,84.329,40.871,89.054,-0.061,50.221,-93.093,0.47,0.673,-0.054,0.024,-0.597,-1.993,-0.01,-7.57,-3.22,0.01,-0.02,-0.31,-0.567,-0.807,0.064,0.007,0.736,-1.195,,
2026-01-27 20:22:31.243,retreat_feeder_to_approach_machine,833.446,-47.707,941.0,179.849,-0.06,-92.319,84.362,40.918,89.05,-0.059,50.179,-93.281,0.435,0.623,-0.05,0.023,-0.552,-1.965,-0.05,-7.62,-3.29,-0.02,0.02,-0.28,-0.554,-0.789,0.062,0.005,0.718,-0.924,,
2026-01-27 20:22:31.343,retreat_feeder_to_approach_machine,833.574,-47.265,940.385,179.847,-0.058,-92.106,84.393,40.963,89.046,-0.057,50.14,-93.464,0.403,0.577,-0.046,0.023,-0.511,-1.931,-0.02,-7.61,-3.1,-0.02,-0.08,-0.28,-0.52,-0.741,0.058,0.003,0.674,-0.781,,
2026-01-27 20:22:31.447,retreat_feeder_to_approach_machine,833.699,-46.831,939.778,179.845,-0.055,-91.89,84.423,41.006,89.043,-0.054,50.102,-93.651,0.378,0.541,-0.043,0.022,-0.479,-1.916,0.02,-7.59,-3.15,-0.03,-0.04,-0.1,-0.473,-0.674,0.053,0.003,0.613,-0.742,,
2026-01-27 20:22:31.552,retreat_feeder_to_approach_machine,833.815,-46.426,939.214,179.844,-0.053,-91.684,84.452,41.046,89.04,-0.052,50.066,-93.831,0.354,0.507,-0.04,0.022,-0.448,-1.887,-0.09,-7.55,-3.2,0.04,-0.05,-0.18,-0.447,-0.637,0.05,0.002,0.579,-0.597,,
2026-01-27 20:22:31.654,retreat_feeder_to_approach_machine,833.922,-46.05,938.689,179.842,-0.051,-91.486,84.478,41.084,89.037,-0.05,50.033,-94.004,0.331,0.474,-0.038,0.021,-0.418,-1.846,0.07,-7.56,-3.18,0.03,-0.01,-0.26,-0.422,-0.601,0.047,0.001,0.546,-0.462,,
2026-01-27 20:22:31.755,retreat_feeder_to_approach_machine,834.016,-45.717,938.225,179.841,-0.049,-91.308,84.501,41.117,89.034,-0.049,50.004,-94.159,0.306,0.439,-0.035,0.02,-0.386,-1.774,-0.0,-7.58,-3.14,0.03,0.02,-0.28,-0.41,-0.585,0.046,-0.001,0.53,-0.251,,
2026-01-27 20:22:31.856,retreat_feeder_to_approach_machine,834.103,-45.406,937.792,179.839,-0.047,-91.139,84.523,41.148,89.032,-0.047,49.977,-94.308,0.284,0.407,-0.032,0.02,-0.358,-1.702,-0.09,-7.52,-3.11,-0.06,-0.08,-0.23,-0.385,-0.548,0.043,-0.002,0.497,-0.151,,
2026-01-27 20:22:31.961,retreat_feeder_to_approach_machine,834.189,-45.1,937.365,179.838,-0.045,-90.971,84.544,41.179,89.029,-0.045,49.95,-94.456,0.266,0.381,-0.03,0.019,-0.335,-1.647,-0.07,-7.61,-3.13,-0.01,-0.06,-0.21,-0.35,-0.498,0.039,-0.002,0.451,-0.134,,
2026-01-27 20:22:32.061,retreat_feeder_to_approach_machine,834.265,-44.829,936.989,179.837,-0.044,-90.821,84.563,41.206,89.027,-0.044,49.927,-94.588,0.247,0.353,-0.028,0.018,-0.31,-1.566,0.05,-7.65,-3.16,-0.04,0.03,-0.26,-0.34,-0.484,0.038,-0.003,0.438,0.038,,
2026-01-27 20:22:32.164,retreat_feeder_to_approach_machine,834.339,-44.563,936.618,179.835,-0.042,-90.672,84.581,41.232,89.025,-0.042,49.904,-94.719,0.231,0.331,-0.026,0.017,-0.291,-1.502,0.08,-7.58,-3.23,0.06,-0.06,-0.19,-0.309,-0.44,0.035,-0.003,0.398,0.047,,
2026-01-27 20:22:32.264,retreat_feeder_to_approach_machine,834.404,-44.328,936.29,179.834,-0.041,-90.541,84.598,41.255,89.023,-0.041,49.883,-94.835,0.214,0.307,-0.025,0.016,-0.269,-1.416,0.02,-7.64,-3.11,0.04,-0.01,-0.14,-0.299,-0.427,0.034,-0.004,0.385,0.194,,
2026-01-27 20:22:32.370,retreat_feeder_to_approach_machine,834.467,-44.096,935.968,179.833,-0.039,-90.412,84.614,41.279,89.021,-0.04,49.863,-94.949,0.201,0.288,-0.023,0.015,-0.252,-1.346,-0.03,-7.6,-3.18,0.01,-0.01,-0.17,-0.272,-0.388,0.031,-0.004,0.35,0.197,waypoint,
2026-01-27 20:22:32.474,approach_machine_to_place,834.761,-43.919,930.28,179.746,-0.031,-90.298,84.628,41.653,89.052,-0.039,49.546,-95.048,0.186,1.152,0.06,0.013,-0.983,-1.258,0.07,-7.62,-3.2,-0.03,-0.03,-0.21,-0.266,3.165,0.354,-0.012,-2.658,0.319,,
2026-01-27 20:22:32.578,approach_machine_to_place,835.27,-43.766,923.014,179.744,-0.03,-90.188,84.642,42.129,89.096,-0.039,49.027,-95.145,0.174,2.053,0.156,0.01,-2.033,-1.185,-0.08,-7.69,-3.09,-0.01,-0.06,-0.18,-0.242,3.859,0.456,-0.014,-4.403,0.318,,
2026-01-27 20:22:32.680,approach_machine_to_place,835.688,-43.628,916.591,179.754,-0.03,-90.092,84.654,42.548,89.136,-0.039,48.558,-95.228,0.161,2.59,0.217,0.008,-2.699,-1.097,-0.06,-7.59,-3.18,-0.09,-0.11,-0.13,-0.234,2.917,0.364,-0.013,-3.475,0.416,,
2026-01-27 20:22:32.780,approach_machine_to_place,836.035,-43.495,910.592,179.763,-0.03,-90.005,84.665,42.941,89.173,-0.039,48.118,-95.304,0.149,2.923,0.256,0.006,-3.122,-1.013,0.04,-7.66,-3.12,-0.0,-0.12,-0.23,-0.218,2.349,0.301,-0.012,-2.82,0.45,,
2026-01-27 20:22:32.883,approach_machine_to_place,836.319,-43.366,904.988,179.772,-0.031,-89.926,84.676,43.307,89.208,-0.039,47.709,-95.373,0.138,3.108,0.279,0.005,-3.366,-0.931,-0.07,-7.76,-3.13,0.0,-0.08,-0.12,-0.204,1.856,0.246,-0.011,-2.245,0.478,,
2026-01-27 20:22:32.983,approach_machine_to_place,836.55,-43.243,899.753,179.779,-0.031,-89.854,84.685,43.649,89.241,-0.039,47.326,-95.434,0.128,3.187,0.29,0.004,-3.48,-0.852,0.01,-7.69,-3.21,0.01,-0.15,-0.14,-0.19,1.429,0.199,-0.01,-1.747,0.501,,
2026-01-27 20:22:33.087,approach_machine_to_place,836.745,-43.119,894.601,179.787,-0.031,-89.787,84.695,43.986,89.273,-0.038,46.951,-95.492,0.121,3.232,0.297,0.003,-3.55,-0.782,-0.05,-7.75,-3.07,0.07,-0.15,-0.11,-0.173,1.231,0.173,-0.009,-1.508,0.491,,
2026-01-27 20:22:33.189,approach_machine_to_place,836.89,-43.007,890.052,179.792,-0.031,-89.731,84.704,44.284,89.301,-0.038,46.619,-95.539,0.112,3.168,0.294,0.002,-3.492,-0.706,0.02,-7.71,-3.13,0.05,-0.22,-0.17,-0.167,0.715,0.119,-0.009,-0.915,0.539,,
2026-01-27 20:22:33.292,approach_machine_to_place,837.003,-42.9,885.802,179.798,-0.032,-89.681,84.712,44.562,89.327,-0.038,46.309,-95.581,0.104,3.071,0.286,0.002,-3.392,-0.633,0.06,-7.7,-3.0,0.0,-0.18,-0.15,-0.156,0.447,0.088,-0.008,-0.601,0.548,,
2026-01-27 20:22:33.397,approach_machine_to_place,837.093,-42.793,881.621,179.802,-0.032,-89.635,84.72,44.835,89.353,-0.038,46.005,-95.618,0.098,2.987,0.279,0.001,-3.305,-0.568,-0.04,-7.72,-3.03,0.03,-0.17,-0.11,-0.142,0.359,0.075,-0.008,-0.489,0.534,,
2026-01-27 20:22:33.498,approach_machine_to_place,837.157,-42.692,877.731,179.807,-0.032,-89.597,84.727,45.09,89.377,-0.039,45.722,-95.649,0.092,2.877,0.27,0.001,-3.186,-0.504,-0.05,-7.74,-3.11,0.03,-0.17,-0.18,-0.133,0.133,0.049,-0.007,-0.226,0.543,,
2026-01-27 20:22:33.604,approach_machine_to_place,837.199,-42.596,874.111,179.81,-0.032,-89.564,84.734,45.327,89.4,-0.039,45.459,-95.675,0.086,2.75,0.258,0.0,-3.047,-0.441,0.02,-7.72,-2.96,0.02,-0.15,-0.07,-0.125,-0.057,0.028,-0.007,-0.004,0.547,,
2026-01-27 20:22:33.708,approach_machine_to_place,837.225,-42.505,870.743,179.813,-0.032,-89.538,84.74,45.547,89.42,-0.039,45.215,-95.694,0.08,2.613,0.246,-0.0,-2.896,-0.381,-0.01,-7.78,-2.94,0.05,-0.15,-0.04,-0.117,-0.216,0.009,-0.006,0.182,0.547,,
2026-01-27 20:22:33.815,approach_machine_to_place,837.236,-42.42,867.61,179.816,-0.033,-89.517,84.746,45.752,89.44,-0.039,44.988,-95.709,0.075,2.473,0.233,-0.001,-2.74,-0.322,-0.05,-7.86,-3.02,-0.01,-0.05,-0.02,-0.11,-0.347,-0.006,-0.006,0.335,0.543,,
2026-01-27 20:22:33.915,approach_machine_to_place,837.236,-42.347,864.992,179.818,-0.033,-89.503,84.751,45.924,89.456,-0.039,44.798,-95.718,0.069,2.283,0.215,-0.001,-2.529,-0.265,0.01,-7.76,-2.96,0.02,-0.1,-0.06,-0.109,-0.649,-0.038,-0.006,0.677,0.544,,
2026-01-27 20:22:34.018,approach_machine_to_place,837.228,-42.279,862.537,179.82,-0.033,-89.492,84.756,46.084,89.471,-0.039,44.62,-95.724,0.063,2.114,0.199,-0.001,-2.341,-0.213,-0.06,-7.79,-2.97,-0.07,-0.22,-0.04,-0.101,-0.691,-0.044,-0.005,0.729,0.525,,
2026-01-27 20:22:34.123,approach_machine_to_place,837.214,-42.214,860.236,179.821,-0.033,-89.485,84.76,46.235,89.485,-0.04,44.454,-95.726,0.058,1.962,0.185,-0.001,-2.172,-0.166,0.02,-7.7,-3.01,-0.06,-0.14,0.01,-0.094,-0.722,-0.049,-0.005,0.769,0.505,,
2026-01-27 20:22:34.225,approach_machine_to_place,837.196,-42.157,858.202,179.823,-0.034,-89.482,84.764,46.368,89.498,-0.04,44.307,-95.726,0.053,1.805,0.17,-0.002,-1.996,-0.123,0.01,-7.69,-2.95,0.04,-0.03,0.03,-0.089,-0.825,-0.061,-0.004,0.886,0.483,,
2026-01-27 20:22:34.329,approach_machine_to_place,837.171,-42.095,856.056,179.824,-0.034,-89.481,84.768,46.509,89.511,-0.04,44.152,-95.723,0.05,1.705,0.161,-0.002,-1.885,-0.084,0.1,-7.83,-2.88,-0.04,-0.1,-0.04,-0.078,-0.669,-0.048,-0.004,0.718,0.464,,
2026-01-27 20:22:34.430,approach_machine_to_place,837.146,-42.044,854.268,179.824,-0.034,-89.482,84.772,46.626,89.522,-0.04,44.023,-95.717,0.046,1.572,0.148,-0.002,-1.736,-0.05,0.01,-7.8,-2.81,-0.06,-0.08,-0.02,-0.077,-0.836,-0.065,-0.004,0.906,0.437,,
2026-01-27 20:22:34.532,approach_machine_to_place,837.117,-41.992,852.484,179.825,-0.034,-89.486,84.775,46.743,89.533,-0.041,43.894,-95.71,0.043,1.471,0.139,-0.002,-1.624,-0.018,0.05,-7.75,-2.91,-0.06,-0.12,-0.07,-0.07,-0.755,-0.059,-0.004,0.819,0.419,,
2026-01-27 20:22:34.636,approach_machine_to_place,837.085,-41.941,850.716,179.826,-0.034,-89.493,84.778,46.859,89.544,-0.041,43.767,-95.699,0.041,1.393,0.131,-0.002,-1.536,0.013,0.04,-7.81,-2.92,0.03,-0.04,0.01,-0.063,-0.69,-0.054,-0.004,0.75,0.403,,
2026-01-27 20:22:34.743,approach_machine_to_place,837.053,-41.895,849.154,179.826,-0.035,-89.502,84.781,46.961,89.554,-0.041,43.655,-95.687,0.038,1.301,0.123,-0.003,-1.433,0.039,-0.01,-7.74,-2.86,-0.03,-0.11,0.02,-0.06,-0.756,-0.061,-0.003,0.824,0.375,,
2026-01-27 20:22:34.845,approach_machine_to_place,837.031,-41.866,848.195,179.826,-0.035,-89.508,84.783,47.024,89.56,-0.041,43.586,-95.679,0.033,1.133,0.107,-0.002,-1.247,0.05,0.11,-7.75,-2.77,0.02,0.03,-0.06,-0.066,-1.076,-0.092,-0.002,1.177,0.305,,
2026-01-27 20:22:34.953,approach_machine_to_place,837.004,-41.832,847.032,179.826,-0.035,-89.517,84.785,47.1,89.567,-0.042,43.502,-95.667,0.03,1.04,0.098,-0.002,-1.144,0.067,-0.05,-7.8,-3.0,0.07,-0.04,-0.01,-0.055,-0.834,-0.071,-0.002,0.912,0.306,waypoint,
2026-01-27 20:22:35.054,place_on_machine,836.974,-41.797,845.852,179.826,-0.035,-89.528,84.788,47.178,89.574,-0.042,43.417,-95.654,0.028,0.974,0.092,-0.003,-1.07,0.083,0.05,-7.85,-2.97,-0.03,-0.04,0.05,-0.05,-0.74,-0.063,-0.002,0.81,0.293,,
2026-01-27 20:22:35.160,place_on_machine,836.957,-41.777,845.175,179.826,-0.035,-89.535,84.789,47.222,89.578,-0.042,43.369,-95.646,0.024,0.841,0.079,-0.002,-0.924,0.084,-0.14,-7.81,-2.81,-0.07,-0.13,-0.0,-0.054,-0.996,-0.087,-0.001,1.091,0.215,,
2026-01-27 20:22:35.260,place_on_machine,836.941,-41.759,844.593,179.826,-0.035,-89.542,84.79,47.26,89.582,-0.042,43.327,-95.638,0.021,0.726,0.068,-0.002,-0.797,0.082,0.02,-7.74,-2.73,-0.02,-0.01,0.07,-0.051,-0.958,-0.084,-0.001,1.049,0.186,,
2026-01-27 20:22:35.362,place_on_machine,836.914,-41.73,843.616,179.826,-0.036,-89.554,84.792,47.324,89.588,-0.043,43.257,-95.624,0.02,0.705,0.066,-0.002,-0.773,0.097,0.09,-7.88,-2.92,-0.11,-0.01,0.05,-0.038,-0.603,-0.052,-0.002,0.661,0.23,,
2026-01-27 20:22:35.463,place_on_machine,836.881,-41.697,842.497,179.826,-0.036,-89.569,84.794,47.398,89.595,-0.043,43.177,-95.606,0.021,0.712,0.067,-0.003,-0.78,0.117,0.04,-7.77,-2.87,-0.05,0.0,-0.02,-0.031,-0.45,-0.038,-0.002,0.494,0.244,,
2026-01-27 20:22:35.567,place_on_machine,836.846,-41.663,841.389,179.826,-0.036,-89.586,84.796,47.471,89.602,-0.043,43.097,-95.587,0.021,0.716,0.067,-0.003,-0.784,0.136,-0.0,-7.86,-2.91,-0.04,-0.08,0.06,-0.029,-0.411,-0.035,-0.002,0.453,0.237,,
2026-01-27 20:22:35.669,place_on_machine,836.815,-41.634,840.409,179.826,-0.036,-89.603,84.798,47.535,89.608,-0.044,43.027,-95.568,0.02,0.698,0.066,-0.003,-0.763,0.149,-0.05,-7.81,-2.83,-0.03,0.01,0.01,-0.028,-0.455,-0.039,-0.002,0.5,0.207,,
2026-01-27 20:22:35.775,place_on_machine,836.784,-41.606,839.491,179.826,-0.036,-89.62,84.8,47.595,89.613,-0.044,42.962,-95.549,0.02,0.674,0.063,-0.003,-0.736,0.16,0.01,-7.84,-2.87,-0.02,-0.05,0.06,-0.026,-0.449,-0.039,-0.002,0.495,0.19,,
2026-01-27 20:22:35.877,place_on_machine,836.754,-41.579,838.63,179.825,-0.037,-89.637,84.801,47.652,89.618,-0.044,42.9,-95.529,0.019,0.647,0.061,-0.003,-0.706,0.168,-0.07,-7.84,-2.85,0.04,-0.0,0.03,-0.025,-0.442,-0.039,-0.001,0.487,0.173,,
2026-01-27 20:22:35.981,place_on_machine,836.724,-41.553,837.776,179.825,-0.037,-89.656,84.803,47.708,89.624,-0.045,42.839,-95.509,0.018,0.625,0.059,-0.003,-0.682,0.178,-0.02,-7.75,-2.81,0.03,-0.1,0.02,-0.023,-0.403,-0.035,-0.001,0.444,0.168,,
2026-01-27 20:22:36.084,place_on_machine,836.696,-41.53,837.022,179.824,-0.037,-89.673,84.804,47.757,89.628,-0.045,42.786,-95.489,0.017,0.593,0.056,-0.003,-0.646,0.182,0.1,-7.84,-2.8,-0.12,-0.07,0.05,-0.022,-0.428,-0.038,-0.001,0.471,0.139,,
2026-01-27 20:22:36.189,place_on_machine,836.667,-41.507,836.275,179.824,-0.037,-89.692,84.806,47.806,89.633,-0.045,42.732,-95.469,0.016,0.567,0.053,-0.003,-0.617,0.187,-0.03,-7.8,-2.82,-0.06,-0.06,0.01,-0.02,-0.389,-0.035,-0.001,0.429,0.135,,
2026-01-27 20:22:36.292,place_on_machine,836.642,-41.487,835.615,179.824,-0.038,-89.71,84.807,47.85,89.637,-0.045,42.685,-95.45,0.015,0.534,0.05,-0.003,-0.58,0.188,0.05,-7.72,-2.83,-0.03,-0.05,0.14,-0.02,-0.407,-0.036,-0.001,0.449,0.107,,
2026-01-27 20:22:36.396,place_on_machine,836.617,-41.468,834.996,179.823,-0.038,-89.727,84.808,47.89,89.641,-0.046,42.641,-95.431,0.015,0.502,0.047,-0.003,-0.545,0.187,0.04,-7.86,-2.76,0.03,-0.01,-0.03,-0.019,-0.394,-0.035,-0.0,0.434,0.093,,
2026-01-27 20:22:36.499,place_on_machine,836.592,-41.449,834.382,179.823,-0.038,-89.745,84.809,47.93,89.645,-0.046,42.598,-95.412,0.014,0.477,0.045,-0.003,-0.518,0.189,0.01,-7.83,-2.87,-0.01,0.0,0.02,-0.017,-0.358,-0.032,-0.001,0.395,0.091,,
2026-01-27 20:22:36.606,place_on_machine,836.57,-41.432,833.84,179.822,-0.038,-89.761,84.81,47.966,89.648,-0.046,42.559,-95.394,0.013,0.447,0.042,-0.003,-0.485,0.186,0.03,-7.72,-2.83,0.02,-0.0,-0.04,-0.016,-0.369,-0.033,-0.0,0.406,0.066,,
2026-01-27 20:22:36.707,place_on_machine,836.548,-41.417,833.332,179.822,-0.038,-89.777,84.811,47.999,89.651,-0.047,42.523,-95.377,0.012,0.419,0.039,-0.003,-0.454,0.182,0.02,-7.76,-2.78,0.08,-0.03,0.02,-0.015,-0.354,-0.032,-0.0,0.39,0.054,,
2026-01-27 20:22:36.811,place_on_machine,836.526,-41.401,832.828,179.821,-0.038,-89.794,84.812,48.033,89.654,-0.047,42.488,-95.36,0.012,0.397,0.037,-0.003,-0.429,0.181,-0.02,-7.7,-2.9,0.11,-0.03,0.04,-0.014,-0.322,-0.029,-0.0,0.355,0.053,,
2026-01-27 20:22:36.915,place_on_machine,836.506,-41.386,832.357,179.821,-0.039,-89.809,84.813,48.063,89.657,-0.047,42.454,-95.343,0.011,0.375,0.035,-0.003,-0.405,0.178,-0.02,-7.72,-2.69,0.01,-0.06,0.11,-0.013,-0.311,-0.028,0.0,0.343,0.041,,
2026-01-27 20:22:37.017,place_on_machine,836.486,-41.373,831.918,179.82,-0.039,-89.824,84.814,48.092,89.66,-0.047,42.423,-95.327,0.01,0.353,0.033,-0.003,-0.382,0.174,-0.01,-7.79,-2.74,0.01,-0.01,0.07,-0.013,-0.301,-0.027,0.0,0.331,0.029,,
2026-01-27 20:22:37.120,place_on_machine,836.469,-41.361,831.53,179.82,-0.039,-89.838,84.815,48.118,89.662,-0.048,42.396,-95.312,0.01,0.329,0.031,-0.003,-0.355,0.167,0.0,-7.85,-2.72,0.05,0.03,0.02,-0.012,-0.304,-0.028,0.0,0.334,0.01,,
2026-01-27 20:22:37.225,place_on_machine,836.452,-41.349,831.165,179.819,-0.039,-89.851,84.816,48.142,89.664,-0.048,42.37,-95.298,0.009,0.306,0.029,-0.002,-0.33,0.16,-0.03,-7.76,-2.8,-0.05,-0.16,-0.05,-0.011,-0.29,-0.026,0.0,0.318,0.002,,
2026-01-27 20:22:37.326,place_on_machine,836.437,-41.339,830.843,179.819,-0.039,-89.863,84.816,48.163,89.666,-0.048,42.348,-95.286,0.008,0.283,0.026,-0.002,-0.304,0.151,0.01,-7.8,-2.75,-0.01,-0.06,0.1,-0.011,-0.288,-0.026,0.001,0.316,-0.013,,
2026-01-27 20:22:37.428,place_on_machine,836.422,-41.329,830.522,179.818,-0.039,-89.875,84.817,48.184,89.668,-0.048,42.325,-95.273,0.008,0.265,0.025,-0.002,-0.285,0.144,0.08,-7.84,-2.71,0.01,-0.04,0.03,-0.01,-0.26,-0.024,0.001,0.285,-0.011,,
2026-01-27 20:22:37.531,place_on_machine,836.409,-41.32,830.238,179.818,-0.039,-89.885,84.817,48.203,89.67,-0.048,42.305,-95.262,0.007,0.245,0.023,-0.002,-0.264,0.136,-0.01,-7.76,-2.72,0.05,-0.03,0.02,-0.01,-0.258,-0.024,0.001,0.283,-0.024,,
2026-01-27 20:22:37.632,place_on_machine,836.396,-41.311,829.955,179.818,-0.039,-89.895,84.818,48.221,89.672,-0.049,42.285,-95.251,0.007,0.231,0.021,-0.002,-0.248,0.13,-0.15,-7.89,-2.78,0.05,0.01,0.08,-0.009,-0.233,-0.021,0.001,0.255,-0.021,,
2026-01-27 20:22:37.735,place_on_machine,836.383,-41.303,829.689,179.817,-0.039,-89.905,84.818,48.239,89.673,-0.049,42.266,-95.241,0.006,0.217,0.02,-0.002,-0.232,0.123,0.02,-7.86,-2.8,0.04,0.07,-0.03,-0.008,-0.221,-0.02,0.001,0.242,-0.027,,
2026-01-27 20:22:37.839,place_on_machine,836.372,-41.296,829.454,179.817,-0.039,-89.914,84.819,48.254,89.675,-0.049,42.25,-95.232,0.006,0.201,0.019,-0.002,-0.216,0.115,0.06,-7.87,-2.74,-0.04,-0.1,-0.02,-0.008,-0.219,-0.02,0.001,0.24,-0.037,,
2026-01-27 20:22:37.944,place_on_machine,836.36,-41.288,829.219,179.816,-0.04,-89.922,84.819,48.27,89.676,-0.049,42.233,-95.223,0.006,0.189,0.018,-0.002,-0.203,0.109,-0.08,-7.81,-2.82,0.09,-0.01,0.06,-0.007,-0.198,-0.018,0.001,0.216,-0.034,,
2026-01-27 20:22:38.046,place_on_machine,836.35,-41.282,829.012,179.816,-0.04,-89.929,84.82,48.283,89.677,-0.049,42.219,-95.215,0.005,0.176,0.016,-0.002,-0.188,0.101,0.06,-7.78,-2.81,-0.01,0.08,-0.01,-0.007,-0.196,-0.018,0.001,0.214,-0.043,,
2026-01-27 20:22:38.149,place_on_machine,836.34,-41.275,828.816,179.816,-0.04,-89.936,84.82,48.296,89.679,-0.049,42.205,-95.208,0.005,0.164,0.015,-0.001,-0.175,0.094,-0.06,-7.72,-2.71,0.07,0.01,-0.06,-0.007,-0.184,-0.017,0.001,0.201,-0.044,,
2026-01-27 20:22:38.251,place_on_machine,836.331,-41.27,828.633,179.815,-0.04,-89.942,84.82,48.308,89.68,-0.049,42.192,-95.201,0.004,0.153,0.014,-0.001,-0.164,0.087,0.03,-7.79,-2.73,0.03,-0.06,-0.05,-0.006,-0.173,-0.016,0.001,0.189,-0.046,,
2026-01-27 20:22:38.356,place_on_machine,836.321,-41.264,828.439,179.815,-0.04,-89.948,84.821,48.321,89.681,-0.049,42.179,-95.195,0.004,0.147,0.014,-0.001,-0.157,0.082,0.08,-7.81,-2.73,0.02,-0.04,-0.0,-0.005,-0.149,-0.014,0.001,0.163,-0.04,,
2026-01-27 20:22:38.461,place_on_machine,836.313,-41.258,828.268,179.815,-0.04,-89.953,84.821,48.332,89.682,-0.049,42.167,-95.189,0.004,0.138,0.013,-0.001,-0.147,0.075,0.0,-7.7,-2.73,-0.02,-0.04,0.02,-0.005,-0.149,-0.014,0.001,0.163,-0.046,,
2026-01-27 20:22:38.566,place_on_machine,836.304,-41.253,828.107,179.814,-0.04,-89.958,84.821,48.343,89.683,-0.05,42.156,-95.184,0.004,0.13,0.012,-0.001,-0.139,0.069,-0.03,-7.86,-2.71,0.03,-0.0,0.03,-0.005,-0.141,-0.013,0.001,0.154,-0.048,,
2026-01-27 20:22:38.667,place_on_machine,836.297,-41.248,827.956,179.814,-0.04,-89.962,84.822,48.353,89.684,-0.05,42.145,-95.179,0.004,0.122,0.011,-0.001,-0.13,0.063,-0.02,-7.9,-2.75,0.02,-0.05,0.07,-0.005,-0.134,-0.012,0.001,0.146,-0.049,,
2026-01-27 20:22:38.767,place_on_machine,836.289,-41.243,827.807,179.814,-0.04,-89.966,84.822,48.362,89.685,-0.05,42.135,-95.175,0.003,0.116,0.011,-0.001,-0.124,0.058,0.05,-7.83,-2.71,-0.03,0.02,0.03,-0.004,-0.121,-0.011,0.001,0.132,-0.047,,
2026-01-27 20:22:38.869,place_on_machine,836.282,-41.239,827.668,179.813,-0.04,-89.969,84.822,48.372,89.686,-0.05,42.125,-95.172,0.003,0.11,0.01,-0.001,-0.117,0.052,0.08,-7.7,-2.79,0.08,-0.03,-0.02,-0.004,-0.116,-0.011,0.001,0.126,-0.049,,
2026-01-27 20:22:39.076,place_on_machine,836.268,-41.231,827.409,179.813,-0.04,-89.974,84.823,48.389,89.687,-0.05,42.107,-95.166,0.003,0.099,0.009,-0.001,-0.105,0.041,-0.03,-7.84,-2.78,-0.01,0.1,-0.04,-0.004,-0.106,-0.01,0.001,0.115,-0.05,,
2026-01-27 20:22:39.394,place_on_machine,836.256,-41.223,827.174,179.812,-0.04,-89.977,84.823,48.404,89.689,-0.05,42.091,-95.163,0.002,0.069,0.006,-0.0,-0.073,0.023,-0.02,-7.79,-2.84,0.01,0.07,0.02,-0.004,-0.127,-0.012,0.001,0.137,-0.054,,
2026-01-27 20:22:39.699,place_on_machine,836.246,-41.217,826.99,179.812,-0.04,-89.978,84.823,48.416,89.69,-0.05,42.078,-95.161,0.002,0.054,0.005,-0.0,-0.057,0.013,0.0,-7.87,-2.73,-0.05,0.02,0.03,-0.002,-0.067,-0.006,0.001,0.073,-0.039,,
2026-01-27 20:22:39.909,place_on_machine,836.238,-41.212,826.829,179.811,-0.04,-89.978,84.824,48.427,89.691,-0.05,42.067,-95.161,0.002,0.054,0.005,-0.0,-0.056,0.007,0.04,-7.88,-2.77,0.01,0.0,0.02,-0.002,-0.055,-0.005,0.001,0.06,-0.038,,
2026-01-27 20:22:40.213,place_on_machine,836.227,-41.205,826.629,179.811,-0.04,-89.976,84.824,48.44,89.692,-0.05,42.053,-95.163,0.001,0.048,0.004,-0.0,-0.05,-0.001,0.01,-7.84,-2.78,0.0,-0.04,0.04,-0.002,-0.051,-0.005,0.001,0.055,-0.034,,
2026-01-27 20:22:40.521,place_on_machine,836.218,-41.2,826.465,179.81,-0.04,-89.972,84.824,48.451,89.693,-0.05,42.042,-95.167,0.001,0.041,0.004,0.0,-0.043,-0.008,-0.01,-7.85,-2.7,0.06,0.01,0.03,-0.001,-0.041,-0.004,0.0,0.044,-0.03,,
2026-01-27 20:22:40.728,place_on_machine,836.213,-41.197,826.371,179.81,-0.04,-89.969,84.825,48.457,89.693,-0.05,42.036,-95.17,0.001,0.036,0.003,0.0,-0.038,-0.011,-0.05,-7.81,-2.71,0.04,-0.06,-0.01,-0.001,-0.037,-0.003,0.0,0.04,-0.027,,
2026-01-27 20:22:41.050,place_on_machine,836.207,-41.194,826.271,179.809,-0.04,-89.964,84.825,48.463,89.694,-0.05,42.029,-95.174,0.001,0.028,0.003,0.0,-0.029,-0.013,0.08,-7.85,-2.77,0.0,0.02,-0.07,-0.001,-0.034,-0.003,0.0,0.037,-0.02,,
2026-01-27 20:22:41.360,place_on_machine,836.202,-41.19,826.173,179.809,-0.039,-89.958,84.825,48.47,89.695,-0.05,42.022,-95.18,0.001,0.024,0.002,0.0,-0.025,-0.017,-0.05,-7.82,-2.76,0.01,-0.07,-0.06,-0.001,-0.025,-0.002,0.0,0.027,-0.018,,
2026-01-27 20:22:41.464,place_to_retreat_machine,833.725,-41.215,826.132,179.751,-0.034,-89.972,84.808,48.328,90.019,-0.05,41.898,-95.182,-0.042,-0.336,0.813,-0.001,-0.33,-0.019,-0.04,-7.91,-2.71,-0.03,-0.13,-0.07,-0.171,-1.462,3.243,-0.004,-1.198,-0.022,,
2026-01-27 20:22:41.565,place_to_retreat_machine,829.098,-41.273,826.075,179.738,-0.033,-89.999,84.775,48.051,90.652,-0.051,41.555,-95.188,-0.114,-0.946,2.191,-0.003,-1.103,-0.028,0.01,-7.9,-2.65,-0.02,-0.08,-0.03,-0.313,-2.672,5.995,-0.008,-3.257,-0.049,,
2026-01-27 20:22:41.669,place_to_retreat_machine,825.246,-41.319,826.031,179.746,-0.034,-90.019,84.748,47.819,91.181,-0.052,41.251,-95.195,-0.154,-1.289,2.966,-0.004,-1.589,-0.039,-0.08,-7.92,-2.53,-0.05,-0.15,-0.0,-0.228,-1.95,4.361,-0.005,-2.554,-0.06,,
2026-01-27 20:22:41.769,place_to_retreat_machine,821.607,-41.358,825.993,179.754,-0.035,-90.035,84.722,47.601,91.679,-0.052,40.963,-95.204,-0.18,-1.512,3.469,-0.004,-1.912,-0.052,0.1,-7.86,-2.59,-0.02,-0.14,0.01,-0.189,-1.619,3.615,-0.004,-2.131,-0.074,,
2026-01-27 20:22:41.882,place_to_retreat_machine,818.588,-41.386,825.964,179.761,-0.036,-90.046,84.7,47.42,92.09,-0.053,40.725,-95.213,-0.189,-1.585,3.631,-0.004,-2.028,-0.062,0.02,-7.84,-2.54,0.12,-0.14,-0.13,-0.125,-1.079,2.39,-0.002,-1.417,-0.069,,
2026-01-27 20:22:41.979,place_to_retreat_machine,815.715,-41.41,825.94,179.767,-0.037,-90.056,84.68,47.249,92.48,-0.053,40.5,-95.224,-0.192,-1.617,3.699,-0.004,-2.085,-0.073,-0.02,-7.84,-2.53,-0.07,-0.17,-0.05,-0.101,-0.877,1.938,-0.002,-1.151,-0.074,,
2026-01-27 20:22:42.081,place_to_retreat_machine,813.555,-41.426,825.924,179.771,-0.037,-90.061,84.665,47.121,92.773,-0.053,40.331,-95.233,-0.182,-1.533,3.505,-0.004,-1.985,-0.077,0.05,-7.78,-2.49,-0.05,-0.16,-0.06,-0.041,-0.361,0.766,-0.0,-0.47,-0.052,,
2026-01-27 20:22:42.186,place_to_retreat_machine,810.199,-41.447,825.901,179.778,-0.038,-90.068,84.641,46.922,93.226,-0.054,40.07,-95.249,-0.195,-1.646,3.761,-0.004,-2.142,-0.098,0.03,-7.72,-2.45,-0.05,-0.14,0.01,-0.12,-1.029,2.295,-0.002,-1.347,-0.117,,
2026-01-27 20:22:42.291,place_to_retreat_machine,806.884,-41.464,825.882,179.784,-0.038,-90.073,84.618,46.727,93.672,-0.054,39.813,-95.268,-0.204,-1.723,3.936,-0.004,-2.248,-0.12,-0.05,-7.67,-2.54,-0.07,-0.08,-0.07,-0.104,-0.894,1.994,-0.001,-1.168,-0.129,,
2026-01-27 20:22:42.395,place_to_retreat_machine,803.631,-41.477,825.866,179.79,-0.039,-90.074,84.596,46.536,94.108,-0.055,39.562,-95.288,-0.21,-1.77,4.041,-0.004,-2.313,-0.142,0.1,-7.7,-2.56,-0.1,-0.04,0.06,-0.089,-0.761,1.695,-0.001,-0.991,-0.14,,
2026-01-27 20:22:42.495,place_to_retreat_machine,800.898,-41.484,825.855,179.795,-0.039,-90.073,84.577,46.376,94.473,-0.055,39.352,-95.308,-0.205,-1.728,3.944,-0.004,-2.259,-0.156,0.04,-7.65,-2.44,0.02,-0.06,-0.07,-0.043,-0.374,0.817,0.0,-0.482,-0.114,,
2026-01-27 20:22:42.595,place_to_retreat_machine,798.2,-41.49,825.847,179.799,-0.039,-90.07,84.558,46.218,94.832,-0.055,39.146,-95.33,-0.2,-1.69,3.856,-0.003,-2.21,-0.171,-0.02,-7.62,-2.52,-0.0,-0.1,-0.01,-0.036,-0.312,0.677,0.001,-0.398,-0.121,,
2026-01-27 20:22:42.699,place_to_retreat_machine,795.682,-41.492,825.842,179.803,-0.04,-90.065,84.541,46.072,95.166,-0.055,38.955,-95.352,-0.194,-1.634,3.727,-0.003,-2.136,-0.183,-0.04,-7.53,-2.48,0.05,-0.21,-0.04,-0.019,-0.171,0.36,0.001,-0.213,-0.115,,
2026-01-27 20:22:42.801,place_to_retreat_machine,793.332,-41.492,825.838,179.806,-0.04,-90.058,84.524,45.935,95.477,-0.055,38.777,-95.374,-0.186,-1.566,3.573,-0.003,-2.047,-0.194,0.01,-7.53,-2.36,-0.11,-0.09,-0.02,-0.005,-0.052,0.092,0.001,-0.056,-0.107,,
2026-01-27 20:22:42.904,place_to_retreat_machine,791.141,-41.491,825.836,179.809,-0.04,-90.051,84.509,45.808,95.767,-0.055,38.611,-95.397,-0.177,-1.492,3.403,-0.002,-1.949,-0.202,-0.02,-7.52,-2.44,-0.15,-0.05,0.04,0.007,0.048,-0.134,0.001,0.075,-0.098,,
2026-01-27 20:22:43.005,place_to_retreat_machine,789.41,-41.489,825.836,179.812,-0.04,-90.043,84.497,45.708,95.995,-0.056,38.481,-95.416,-0.162,-1.369,3.123,-0.002,-1.788,-0.199,-0.06,-7.51,-2.45,-0.01,-0.14,-0.01,0.038,0.312,-0.734,0.002,0.42,-0.053,,
2026-01-27 20:22:43.106,place_to_retreat_machine,787.778,-41.486,825.836,179.814,-0.04,-90.035,84.486,45.614,96.209,-0.056,38.358,-95.435,-0.15,-1.262,2.879,-0.001,-1.647,-0.197,0.01,-7.5,-2.45,0.02,-0.03,-0.03,0.041,0.34,-0.795,0.002,0.456,-0.047,,
2026-01-27 20:22:43.210,place_to_retreat_machine,786.239,-41.482,825.837,179.815,-0.04,-90.027,84.476,45.526,96.411,-0.056,38.243,-95.454,-0.138,-1.168,2.664,-0.001,-1.523,-0.195,-0.04,-7.52,-2.59,-0.01,0.02,-0.07,0.043,0.361,-0.841,0.002,0.483,-0.04,,
2026-01-27 20:22:43.310,place_to_retreat_machine,784.877,-41.478,825.838,179.817,-0.04,-90.019,84.467,45.447,96.59,-0.056,38.141,-95.471,-0.127,-1.072,2.445,-0.001,-1.397,-0.19,0.0,-7.43,-2.4,0.0,-0.11,-0.11,0.051,0.428,-0.992,0.002,0.569,-0.022,,
2026-01-27 20:22:43.412,place_to_retreat_machine,783.505,-41.473,825.841,179.818,-0.04,-90.01,84.457,45.369,96.769,-0.056,38.039,-95.49,-0.119,-1.001,2.282,-0.001,-1.303,-0.188,0.03,-7.53,-2.49,-0.06,-0.11,0.03,0.046,0.38,-0.882,0.002,0.508,-0.029,,
2026-01-27 20:22:43.516,place_to_retreat_machine,782.211,-41.468,825.843,179.819,-0.04,-90.0,84.448,45.295,96.939,-0.056,37.943,-95.507,-0.111,-0.936,2.135,-0.001,-1.218,-0.186,-0.05,-7.35,-2.48,0.05,-0.09,-0.11,0.047,0.389,-0.9,0.002,0.518,-0.022,,
2026-01-27 20:22:43.619,place_to_retreat_machine,780.918,-41.462,825.846,179.82,-0.04,-89.99,84.44,45.221,97.107,-0.056,37.847,-95.526,-0.105,-0.887,2.023,-0.0,-1.153,-0.186,0.03,-7.35,-2.41,-0.02,-0.13,0.01,0.042,0.351,-0.813,0.002,0.469,-0.026,,
2026-01-27 20:22:43.720,place_to_retreat_machine,779.704,-41.456,825.849,179.821,-0.04,-89.981,84.431,45.151,97.265,-0.056,37.757,-95.544,-0.099,-0.839,1.913,-0.0,-1.089,-0.184,0.02,-7.41,-2.5,-0.0,-0.09,-0.04,0.043,0.362,-0.837,0.001,0.483,-0.018,,
2026-01-27 20:22:43.826,place_to_retreat_machine,778.565,-41.451,825.853,179.822,-0.04,-89.971,84.424,45.086,97.414,-0.056,37.673,-95.562,-0.094,-0.792,1.805,-0.0,-1.027,-0.182,0.05,-7.4,-2.45,0.02,-0.07,-0.01,0.044,0.369,-0.852,0.001,0.491,-0.01,,
2026-01-27 20:22:43.931,place_to_retreat_machine,777.495,-41.445,825.856,179.823,-0.04,-89.961,84.416,45.025,97.553,-0.056,37.594,-95.578,-0.088,-0.746,1.702,-0.0,-0.967,-0.178,-0.02,-7.46,-2.51,-0.05,-0.01,-0.03,0.045,0.373,-0.859,0.001,0.495,-0.003,,
2026-01-27 20:22:44.032,place_to_retreat_machine,776.779,-41.44,825.859,179.823,-0.04,-89.955,84.412,44.984,97.646,-0.056,37.542,-95.59,-0.078,-0.661,1.509,0.0,-0.857,-0.162,0.09,-7.4,-2.41,0.05,-0.03,0.04,0.064,0.538,-1.235,0.001,0.708,0.051,,
2026-01-27 20:22:44.136,place_to_retreat_machine,775.929,-41.435,825.862,179.824,-0.04,-89.947,84.406,44.936,97.756,-0.056,37.479,-95.604,-0.073,-0.617,1.407,0.0,-0.799,-0.156,0.01,-7.28,-2.56,0.01,-0.05,-0.04,0.049,0.408,-0.937,0.001,0.539,0.022,,
2026-01-27 20:22:44.239,place_to_retreat_machine,775.125,-41.43,825.865,179.824,-0.04,-89.939,84.4,44.89,97.86,-0.055,37.42,-95.617,-0.068,-0.577,1.316,0.0,-0.746,-0.15,-0.02,-7.32,-2.47,0.1,-0.07,-0.03,0.047,0.394,-0.904,0.001,0.52,0.025,,
2026-01-27 20:22:44.340,place_to_retreat_machine,774.315,-41.425,825.869,179.824,-0.04,-89.931,84.395,44.844,97.965,-0.055,37.361,-95.63,-0.065,-0.548,1.249,0.0,-0.708,-0.147,0.03,-7.4,-2.44,0.02,-0.15,0.0,0.042,0.352,-0.808,0.001,0.465,0.02,,
2026-01-27 20:22:44.440,place_to_retreat_machine,773.414,-41.418,825.873,179.825,-0.04,-89.921,84.389,44.793,98.082,-0.055,37.296,-95.646,-0.064,-0.539,1.228,0.0,-0.695,-0.148,-0.0,-7.3,-2.52,-0.07,-0.04,-0.04,0.032,0.265,-0.61,0.001,0.353,0.002,waypoint,
2026-01-27 20:22:44.543,place_to_retreat_machine,769.017,-42.763,837.959,-179.957,-0.063,-90.037,84.257,43.625,98.698,-0.057,37.629,-95.661,-0.377,-3.325,2.462,-0.004,0.311,-0.15,-0.38,-10.49,-2.67,0.03,0.14,0.03,-1.227,-10.935,4.447,-0.015,4.305,-0.004,,
2026-01-27 20:22:44.645,place_to_retreat_machine,754.801,-46.543,874.138,-179.8,-0.083,-90.384,83.864,40.137,100.379,-0.062,39.277,-95.704,-1.265,-11.213,6.048,-0.015,4.355,-0.22,-0.19,-9.69,-2.14,0.08,0.29,-0.02,-3.717,-33.033,14.648,-0.048,17.029,-0.275,,
2026-01-27 20:22:44.746,place_to_retreat_machine,739.262,-49.728,907.323,-179.828,-0.085,-90.683,83.491,36.823,101.97,-0.066,41.028,-95.776,-1.883,-16.694,8.513,-0.022,7.642,-0.345,-0.19,-8.94,-1.88,-0.03,0.36,-0.03,-3.152,-27.99,12.284,-0.035,16.348,-0.54,,
2026-01-27 20:22:44.850,place_to_retreat_machine,722.153,-52.516,939.173,-179.873,-0.084,-90.949,83.118,33.516,103.557,-0.07,42.792,-95.882,-2.344,-20.789,10.353,-0.026,10.143,-0.523,-0.09,-8.44,-1.72,0.06,0.48,-0.04,-2.83,-25.129,11.019,-0.026,14.852,-0.821,,
2026-01-27 20:22:44.957,place_to_retreat_machine,703.743,-54.875,969.4,-179.917,-0.084,-91.177,82.749,30.239,105.13,-0.073,44.541,-96.023,-2.682,-23.785,11.697,-0.027,11.978,-0.745,-0.14,-8.02,-1.69,-0.03,0.65,-0.09,-2.513,-22.316,9.773,-0.017,13.206,-1.094,,
2026-01-27 20:22:45.058,place_to_retreat_machine,686.342,-56.614,994.952,-179.955,-0.083,-91.346,82.422,27.342,106.52,-0.075,46.084,-96.181,-2.828,-25.081,12.248,-0.025,12.844,-0.953,0.01,-7.55,-1.63,0.03,0.65,-0.13,-1.833,-16.277,6.97,-0.007,9.841,-1.151,,
2026-01-27 20:22:45.158,place_to_retreat_machine,671.137,-57.805,1015.307,-179.985,-0.082,-91.46,82.151,24.936,107.674,-0.076,47.365,-96.337,-2.799,-24.825,12.072,-0.023,12.835,-1.107,0.08,-7.22,-1.61,-0.04,0.65,-0.18,-1.096,-9.738,3.916,0.001,6.227,-1.025,,
2026-01-27 20:22:45.259,place_to_retreat_machine,654.208,-58.815,1036.126,179.984,-0.08,-91.555,81.861,22.37,108.906,-0.077,48.731,-96.532,-2.822,-25.034,12.133,-0.02,13.04,-1.317,0.03,-6.85,-1.78,0.03,0.71,-0.19,-1.167,-10.369,4.295,0.004,6.447,-1.305,,
2026-01-27 20:22:45.359,place_to_retreat_machine,638.669,-59.481,1053.742,179.958,-0.079,-91.614,81.606,20.101,109.995,-0.078,49.937,-96.73,-2.756,-24.447,11.822,-0.016,12.795,-1.483,0.06,-6.66,-1.83,0.04,0.72,-0.18,-0.715,-6.359,2.439,0.008,4.209,-1.205,,
2026-01-27 20:22:45.464,place_to_retreat_machine,621.737,-59.951,1071.5,179.931,-0.077,-91.648,81.336,17.708,111.143,-0.078,51.208,-96.967,-2.742,-24.319,11.738,-0.013,12.773,-1.705,-0.02,-6.36,-1.85,0.02,0.61,-0.27,-0.784,-6.969,2.793,0.011,4.438,-1.475,,
2026-01-27 20:22:45.566,place_to_retreat_machine,605.455,-60.172,1087.307,179.907,-0.074,-91.652,81.084,15.472,112.216,-0.078,52.394,-97.217,-2.686,-23.828,11.486,-0.01,12.545,-1.902,-0.04,-6.1,-1.93,-0.1,0.59,-0.26,-0.528,-4.694,1.757,0.013,3.145,-1.452,,
2026-01-27 20:22:45.669,place_to_retreat_machine,589.024,-60.184,1102.112,179.885,-0.072,-91.627,80.836,13.272,113.273,-0.078,53.56,-97.491,-2.635,-23.371,11.255,-0.007,12.324,-2.111,-0.08,-5.96,-2.15,-0.0,0.5,-0.3,-0.435,-3.871,1.412,0.015,2.631,-1.551,,
2026-01-27 20:22:45.769,place_to_retreat_machine,575.008,-60.036,1113.905,179.868,-0.069,-91.584,80.628,11.434,114.155,-0.078,54.533,-97.743,-2.495,-22.125,10.648,-0.004,11.677,-2.213,0.03,-5.58,-2.22,-0.01,0.54,-0.26,0.016,0.131,-0.464,0.015,0.443,-1.177,,
2026-01-27 20:22:45.872,place_to_retreat_machine,560.884,-59.749,1125.063,179.851,-0.066,-91.519,80.423,9.611,115.03,-0.077,55.497,-98.014,-2.385,-21.149,10.172,-0.001,11.167,-2.339,-0.13,-5.43,-2.41,0.0,0.51,-0.4,0.033,0.284,-0.497,0.016,0.301,-1.256,,
2026-01-27 20:22:45.973,place_to_retreat_machine,547.495,-59.355,1135.005,179.836,-0.064,-91.438,80.231,7.909,115.847,-0.076,56.396,-98.289,-2.268,-20.117,9.672,0.002,10.624,-2.441,-0.11,-5.27,-2.4,-0.01,0.54,-0.27,0.165,1.457,-1.024,0.016,-0.373,-1.161,,
2026-01-27 20:22:46.074,place_to_retreat_machine,534.833,-58.878,1143.87,179.824,-0.061,-91.343,80.052,6.32,116.61,-0.075,57.236,-98.565,-2.149,-19.062,9.162,0.004,10.066,-2.52,0.05,-5.03,-2.59,-0.0,0.51,-0.23,0.275,2.433,-1.46,0.015,-0.937,-1.055,,
2026-01-27 20:22:46.179,place_to_retreat_machine,522.88,-58.337,1151.779,179.812,-0.058,-91.237,79.884,4.835,117.323,-0.074,58.019,-98.84,-2.031,-18.009,8.654,0.006,9.508,-2.578,0.07,-4.9,-2.58,0.01,0.47,-0.37,0.365,3.237,-1.817,0.015,-1.404,-0.943,,
2026-01-27 20:22:46.283,place_to_retreat_machine,512.224,-57.784,1158.469,179.803,-0.055,-91.129,79.736,3.522,117.953,-0.073,58.711,-99.097,-1.893,-16.788,8.066,0.007,8.86,-2.578,-0.08,-4.76,-2.73,0.02,0.46,-0.38,0.523,4.638,-2.463,0.013,-2.18,-0.675,,
2026-01-27 20:22:46.389,place_to_retreat_machine,501.587,-57.166,1164.818,179.795,-0.052,-91.007,79.59,2.221,118.577,-0.072,59.395,-99.367,-1.787,-15.843,7.61,0.008,8.357,-2.606,0.04,-4.49,-2.86,-0.03,0.42,-0.43,0.484,4.293,-2.273,0.013,-2.031,-0.723,,
2026-01-27 20:22:46.492,place_to_retreat_machine,492.669,-56.598,1169.896,179.788,-0.05,-90.896,79.467,1.137,119.098,-0.07,59.965,-99.602,-1.646,-14.592,7.009,0.009,7.693,-2.543,0.05,-4.42,-2.85,0.02,0.4,-0.39,0.68,6.031,-3.086,0.01,-2.973,-0.31,,
2026-01-27 20:22:46.598,place_to_retreat_machine,482.704,-55.912,1175.312,179.781,-0.047,-90.76,79.331,-0.067,119.676,-0.069,60.598,-99.875,-1.574,-13.956,6.703,0.01,7.352,-2.59,-0.07,-4.19,-2.91,-0.01,0.37,-0.38,0.476,4.22,-2.198,0.011,-2.047,-0.658,,
2026-01-27 20:22:46.705,place_to_retreat_machine,473.388,-55.222,1180.135,179.776,-0.044,-90.622,79.205,-1.189,120.215,-0.068,61.187,-100.14,-1.497,-13.27,6.373,0.01,6.986,-2.605,-0.04,-4.1,-3.06,-0.0,0.38,-0.41,0.523,4.634,-2.379,0.01,-2.287,-0.513,,
2026-01-27 20:22:46.810,place_to_retreat_machine,465.127,-54.572,1184.22,179.771,-0.041,-90.492,79.093,-2.179,120.69,-0.067,61.706,-100.383,-1.402,-12.428,5.968,0.011,6.537,-2.562,0.01,-4.15,-3.13,0.11,0.26,-0.39,0.618,5.48,-2.77,0.008,-2.751,-0.24,,
2026-01-27 20:22:46.915,place_to_retreat_machine,456.971,-53.895,1188.082,179.767,-0.039,-90.356,78.983,-3.153,121.158,-0.066,62.217,-100.63,-1.326,-11.757,5.646,0.011,6.179,-2.539,0.01,-3.81,-3.21,-0.03,0.35,-0.37,0.574,5.089,-2.568,0.008,-2.563,-0.256,,
2026-01-27 20:22:47.017,place_to_retreat_machine,450.137,-53.3,1191.187,179.765,-0.037,-90.237,78.891,-3.968,121.549,-0.065,62.643,-100.842,-1.224,-10.854,5.212,0.011,5.7,-2.434,-0.03,-3.78,-3.25,-0.03,0.26,-0.35,0.697,6.181,-3.08,0.005,-3.15,0.118,,
2026-01-27 20:22:47.120,place_to_retreat_machine,442.625,-52.62,1194.465,179.762,-0.035,-90.1,78.791,-4.861,121.978,-0.063,63.11,-101.081,-1.17,-10.374,4.981,0.011,5.443,-2.421,0.01,-3.6,-3.26,0.04,0.29,-0.4,0.538,4.773,-2.393,0.006,-2.426,-0.154,,
2026-01-27 20:22:47.220,place_to_retreat_machine,435.984,-51.994,1197.247,179.76,-0.033,-89.975,78.702,-5.649,122.356,-0.062,63.522,-101.295,-1.1,-9.751,4.682,0.011,5.112,-2.352,0.07,-3.55,-3.38,0.02,0.25,-0.35,0.603,5.347,-2.658,0.004,-2.737,0.099,,
2026-01-27 20:22:47.323,place_to_retreat_machine,429.795,-51.392,1199.743,179.758,-0.031,-89.857,78.619,-6.383,122.709,-0.061,63.905,-101.498,-1.032,-9.147,4.392,0.011,4.791,-2.271,-0.1,-3.53,-3.38,0.04,0.18,-0.32,0.604,5.36,-2.655,0.003,-2.753,0.208,,
2026-01-27 20:22:47.426,place_to_retreat_machine,424.323,-50.843,1201.872,179.757,-0.029,-89.75,78.546,-7.031,123.02,-0.061,64.243,-101.678,-0.957,-8.48,4.072,0.01,4.438,-2.155,-0.05,-3.27,-3.43,-0.01,0.14,-0.26,0.641,5.68,-2.801,0.002,-2.928,0.406,,
2026-01-27 20:22:47.528,place_to_retreat_machine,418.933,-50.288,1203.899,179.757,-0.028,-89.643,78.474,-7.668,123.326,-0.06,64.575,-101.857,-0.897,-7.954,3.819,0.01,4.159,-2.063,-0.03,-3.27,-3.35,-0.05,0.15,-0.32,0.588,5.215,-2.57,0.001,-2.692,0.384,,
2026-01-27 20:22:47.632,place_to_retreat_machine,414.426,-49.813,1205.54,179.757,-0.027,-89.555,78.414,-8.201,123.582,-0.059,64.852,-102.007,-0.823,-7.298,3.504,0.009,3.812,-1.921,0.05,-3.17,-3.51,-0.06,0.13,-0.18,0.647,5.741,-2.816,-0.0,-2.971,0.638,,
2026-01-27 20:22:47.733,place_to_retreat_machine,409.957,-49.332,1207.12,179.757,-0.025,-89.467,78.354,-8.729,123.835,-0.058,65.127,-102.154,-0.766,-6.794,3.262,0.008,3.546,-1.81,-0.04,-3.2,-3.45,0.03,0.26,-0.31,0.588,5.215,-2.557,-0.0,-2.701,0.594,,
2026-01-27 20:22:47.833,place_to_retreat_machine,406.458,-48.949,1208.324,179.757,-0.025,-89.4,78.307,-9.143,124.034,-0.058,65.341,-102.269,-0.691,-6.129,2.943,0.008,3.196,-1.644,-0.01,-3.02,-3.63,-0.02,0.18,-0.27,0.659,5.84,-2.852,-0.002,-3.029,0.864,,
2026-01-27 20:22:47.937,place_to_retreat_machine,402.301,-48.486,1209.718,179.757,-0.024,-89.321,78.252,-9.634,124.27,-0.057,65.596,-102.403,-0.657,-5.824,2.797,0.007,3.034,-1.569,-0.07,-2.97,-3.48,-0.03,0.18,-0.29,0.505,4.48,-2.194,-0.001,-2.325,0.579,,
2026-01-27 20:22:48.039,place_to_retreat_machine,398.629,-48.07,1210.915,179.758,-0.023,-89.254,78.203,-10.067,124.478,-0.057,65.821,-102.52,-0.615,-5.452,2.618,0.007,2.838,-1.468,-0.06,-2.94,-3.6,-0.15,0.19,-0.3,0.519,4.605,-2.25,-0.002,-2.393,0.701,,
2026-01-27 20:22:48.139,place_to_retreat_machine,395.198,-47.676,1212.004,179.758,-0.022,-89.194,78.157,-10.472,124.672,-0.056,66.031,-102.626,-0.576,-5.102,2.45,0.006,2.653,-1.366,0.0,-2.91,-3.59,0.05,0.12,-0.19,0.5,4.431,-2.162,-0.002,-2.303,0.735,,
2026-01-27 20:22:48.240,place_to_retreat_machine,391.994,-47.302,1212.998,179.759,-0.022,-89.141,78.115,-10.851,124.854,-0.056,66.227,-102.722,-0.538,-4.772,2.292,0.006,2.479,-1.265,0.03,-2.84,-3.6,0.05,0.14,-0.2,0.48,4.255,-2.074,-0.003,-2.213,0.762,,
2026-01-27 20:22:48.341,place_to_retreat_machine,389.001,-46.949,1213.904,179.76,-0.021,-89.095,78.075,-11.204,125.024,-0.055,66.41,-102.808,-0.504,-4.463,2.143,0.005,2.316,-1.165,-0.04,-2.76,-3.6,0.06,0.15,-0.23,0.46,4.079,-1.987,-0.003,-2.123,0.783,,
2026-01-27 20:22:48.443,place_to_retreat_machine,386.507,-46.652,1214.643,179.761,-0.021,-89.059,78.042,-11.499,125.165,-0.055,66.562,-102.877,-0.461,-4.083,1.961,0.004,2.118,-1.045,-0.11,-2.7,-3.6,-0.01,0.03,-0.29,0.481,4.259,-2.071,-0.003,-2.216,0.88,,
2026-01-27 20:22:48.544,place_to_retreat_machine,384.018,-46.352,1215.366,179.762,-0.021,-89.027,78.008,-11.793,125.306,-0.055,66.714,-102.943,-0.428,-3.798,1.824,0.004,1.968,-0.947,-0.07,-2.65,-3.66,0.03,0.08,-0.18,0.433,3.839,-1.866,-0.003,-1.999,0.827,,
2026-01-27 20:22:48.650,place_to_retreat_machine,381.419,-46.036,1216.106,179.763,-0.021,-88.998,77.974,-12.1,125.454,-0.055,66.872,-103.006,-0.408,-3.616,1.736,0.003,1.872,-0.87,-0.03,-2.62,-3.66,0.1,0.07,-0.13,0.375,3.326,-1.617,-0.003,-1.733,0.759,,
2026-01-27 20:22:48.759,place_to_retreat_machine,379.872,-45.846,1216.539,179.764,-0.021,-88.984,77.953,-12.283,125.542,-0.055,66.966,-103.042,-0.357,-3.169,1.522,0.003,1.639,-0.741,0.01,-2.55,-3.68,-0.02,0.02,-0.14,0.478,4.235,-2.052,-0.004,-2.201,0.966,,
2026-01-27 20:22:48.865,place_to_retreat_machine,377.916,-45.605,1217.079,179.765,-0.021,-88.968,77.927,-12.514,125.653,-0.055,67.085,-103.084,-0.333,-2.954,1.419,0.002,1.527,-0.661,0.03,-2.63,-3.7,-0.01,0.05,-0.15,0.375,3.328,-1.615,-0.003,-1.733,0.806,,
2026-01-27 20:22:48.968,place_to_retreat_machine,375.964,-45.363,1217.609,179.766,-0.021,-88.956,77.901,-12.745,125.764,-0.054,67.204,-103.122,-0.315,-2.793,1.341,0.002,1.442,-0.591,-0.05,-2.41,-3.67,0.04,0.1,-0.07,0.338,2.999,-1.455,-0.003,-1.563,0.765,,
2026-01-27 20:22:49.068,place_to_retreat_machine,374.239,-45.147,1218.07,179.767,-0.021,-88.949,77.878,-12.949,125.862,-0.054,67.309,-103.152,-0.294,-2.604,1.251,0.002,1.344,-0.518,-0.04,-2.45,-3.7,-0.07,-0.01,-0.03,0.335,2.967,-1.438,-0.003,-1.545,0.769,,
2026-01-27 20:22:49.172,place_to_retreat_machine,372.813,-44.967,1218.446,179.768,-0.021,-88.947,77.859,-13.117,125.943,-0.054,67.395,-103.173,-0.268,-2.375,1.141,0.001,1.224,-0.443,-0.02,-2.44,-3.69,-0.07,0.04,-0.08,0.341,3.024,-1.464,-0.003,-1.573,0.773,,
2026-01-27 20:22:49.275,place_to_retreat_machine,371.461,-44.796,1218.798,179.769,-0.021,-88.947,77.841,-13.277,126.019,-0.054,67.477,-103.191,-0.246,-2.181,1.047,0.001,1.124,-0.377,-0.0,-2.37,-3.74,0.01,0.03,-0.04,0.317,2.808,-1.359,-0.003,-1.461,0.735,,
2026-01-27 20:22:49.376,place_to_retreat_machine,370.09,-44.622,1219.151,179.77,-0.022,-88.95,77.823,-13.439,126.097,-0.054,67.561,-103.206,-0.23,-2.041,0.98,0.001,1.051,-0.32,-0.03,-2.35,-3.76,-0.04,0.11,-0.07,0.283,2.505,-1.213,-0.003,-1.304,0.69,,
2026-01-27 20:22:49.478,place_to_retreat_machine,368.795,-44.457,1219.481,179.771,-0.022,-88.956,77.806,-13.593,126.171,-0.054,67.639,-103.217,-0.216,-1.914,0.919,0.0,0.984,-0.268,-0.08,-2.39,-3.75,0.02,0.05,-0.12,0.265,2.344,-1.134,-0.003,-1.22,0.66,,
2026-01-27 20:22:49.579,place_to_retreat_machine,367.257,-44.259,1219.867,179.773,-0.022,-88.968,77.785,-13.775,126.258,-0.054,67.732,-103.226,-0.213,-1.891,0.908,0.0,0.971,-0.223,-0.01,-2.34,-3.81,-0.0,0.1,-0.12,0.206,1.822,-0.883,-0.003,-0.951,0.618,,
2026-01-27 20:22:49.685,place_to_retreat_machine,365.9,-44.084,1220.203,179.774,-0.023,-88.983,77.767,-13.935,126.335,-0.055,67.815,-103.229,-0.205,-1.82,0.874,-0.0,0.934,-0.175,-0.02,-2.31,-3.82,-0.05,-0.04,-0.06,0.209,1.852,-0.896,-0.003,-0.966,0.611,,
2026-01-27 20:22:49.786,place_to_retreat_machine,364.632,-43.92,1220.513,179.775,-0.023,-89.001,77.75,-14.085,126.408,-0.055,67.891,-103.228,-0.196,-1.74,0.836,-0.0,0.892,-0.128,0.04,-2.13,-3.74,-0.07,0.07,-0.04,0.2,1.773,-0.858,-0.003,-0.924,0.595,,
2026-01-27 20:22:49.890,place_to_retreat_machine,363.511,-43.774,1220.785,179.776,-0.023,-89.021,77.735,-14.218,126.471,-0.055,67.959,-103.223,-0.184,-1.637,0.786,-0.001,0.839,-0.084,0.02,-2.27,-3.72,-0.06,0.14,-0.06,0.2,1.77,-0.856,-0.003,-0.921,0.572,,
2026-01-27 20:22:49.991,place_to_retreat_machine,362.401,-43.629,1221.051,179.778,-0.024,-89.045,77.72,-14.35,126.535,-0.055,68.026,-103.214,-0.175,-1.557,0.748,-0.001,0.797,-0.041,0.06,-2.26,-3.76,0.03,0.02,-0.11,0.181,1.605,-0.776,-0.003,-0.836,0.554,,
2026-01-27 20:22:50.093,place_to_retreat_machine,361.476,-43.508,1221.27,179.779,-0.024,-89.068,77.708,-14.459,126.587,-0.055,68.082,-103.204,-0.162,-1.441,0.692,-0.001,0.737,-0.004,-0.03,-2.14,-3.82,-0.0,0.03,0.0,0.188,1.664,-0.804,-0.002,-0.865,0.516,,
2026-01-27 20:22:50.198,place_to_retreat_machine,360.501,-43.38,1221.499,179.78,-0.025,-89.096,77.695,-14.575,126.643,-0.055,68.141,-103.189,-0.154,-1.37,0.658,-0.001,0.7,0.034,-0.01,-2.25,-3.77,-0.03,-0.01,0.03,0.162,1.437,-0.694,-0.002,-0.748,0.506,,
2026-01-27 20:22:50.303,place_to_retreat_machine,359.59,-43.259,1221.711,179.781,-0.025,-89.125,77.683,-14.683,126.695,-0.055,68.196,-103.172,-0.146,-1.298,0.623,-0.001,0.663,0.069,0.01,-2.15,-3.67,0.0,-0.03,0.1,0.155,1.37,-0.661,-0.002,-0.713,0.482,,
2026-01-27 20:22:50.404,wait_for_machining,358.785,-43.153,1221.897,179.782,-0.026,-89.154,77.672,-14.778,126.74,-0.056,68.245,-103.153,-0.136,-1.212,0.582,-0.001,0.618,0.098,0.01,-2.16,-3.86,0.06,0.16,0.01,0.153,1.358,-0.656,-0.002,-0.706,0.445,,
2026-01-27 20:22:50.505,wait_for_machining,357.988,-43.047,1222.08,179.783,-0.026,-89.186,77.662,-14.873,126.786,-0.056,68.293,-103.132,-0.129,-1.145,0.55,-0.002,0.584,0.127,0.02,-2.13,-3.83,-0.04,-0.04,0.06,0.139,1.231,-0.594,-0.002,-0.64,0.43,,
2026-01-27 20:22:50.607,wait_for_machining,357.203,-42.943,1222.258,179.784,-0.027,-89.221,77.651,-14.966,126.831,-0.056,68.34,-103.107,-0.123,-1.092,0.524,-0.002,0.556,0.157,-0.03,-2.09,-3.69,0.02,0.02,-0.02,0.127,1.123,-0.542,-0.002,-0.584,0.417,,
2026-01-27 20:22:50.713,wait_for_machining,356.473,-42.846,1222.423,179.785,-0.028,-89.257,77.641,-15.053,126.872,-0.056,68.384,-103.081,-0.116,-1.035,0.497,-0.002,0.527,0.183,-0.06,-2.04,-3.74,-0.03,0.08,0.01,0.121,1.075,-0.519,-0.002,-0.559,0.391,,
2026-01-27 20:22:50.816,wait_for_machining,355.794,-42.755,1222.575,179.786,-0.028,-89.293,77.632,-15.133,126.911,-0.056,68.425,-103.054,-0.11,-0.978,0.47,-0.002,0.497,0.205,-0.06,-2.01,-3.79,0.13,0.04,0.1,0.116,1.028,-0.496,-0.002,-0.534,0.364,,
2026-01-27 20:22:50.917,wait_for_machining,355.194,-42.675,1222.709,179.787,-0.029,-89.328,77.624,-15.205,126.945,-0.057,68.461,-103.027,-0.102,-0.912,0.438,-0.002,0.463,0.22,-0.03,-2.02,-3.89,-0.07,0.01,-0.07,0.115,1.019,-0.491,-0.001,-0.528,0.321,,
2026-01-27 20:22:51.019,wait_for_machining,354.604,-42.596,1222.839,179.788,-0.029,-89.365,77.616,-15.275,126.979,-0.057,68.496,-102.998,-0.097,-0.859,0.413,-0.002,0.436,0.237,0.04,-2.05,-3.81,-0.03,0.14,0.05,0.105,0.929,-0.448,-0.001,-0.482,0.31,,
2026-01-27 20:22:51.122,wait_for_machining,354.055,-42.522,1222.96,179.789,-0.03,-89.401,77.609,-15.34,127.01,-0.057,68.529,-102.969,-0.091,-0.807,0.388,-0.002,0.409,0.251,-0.01,-2.07,-3.85,0.02,0.05,-0.05,0.1,0.884,-0.426,-0.001,-0.458,0.283,,
2026-01-27 20:22:51.223,wait_for_machining,353.571,-42.457,1223.066,179.789,-0.03,-89.435,77.603,-15.397,127.038,-0.057,68.558,-102.941,-0.084,-0.749,0.36,-0.002,0.38,0.257,0.03,-2.09,-3.83,-0.02,0.03,0.15,0.098,0.872,-0.42,-0.001,-0.451,0.241,,
2026-01-27 20:22:51.327,wait_for_machining,353.142,-42.399,1223.159,179.79,-0.031,-89.467,77.597,-15.448,127.062,-0.057,68.584,-102.915,-0.077,-0.689,0.331,-0.002,0.349,0.259,-0.07,-2.06,-3.86,-0.04,0.01,0.06,0.096,0.852,-0.41,-0.001,-0.44,0.201,,
2026-01-27 20:22:51.428,wait_for_machining,352.741,-42.345,1223.246,179.791,-0.031,-89.498,77.592,-15.496,127.085,-0.058,68.608,-102.889,-0.071,-0.636,0.306,-0.002,0.322,0.259,-0.03,-2.13,-3.81,0.09,-0.03,0.05,0.09,0.798,-0.385,-0.001,-0.412,0.179,,
2026-01-27 20:22:51.529,wait_for_machining,352.364,-42.294,1223.328,179.791,-0.031,-89.529,77.587,-15.541,127.107,-0.058,68.63,-102.864,-0.066,-0.589,0.283,-0.002,0.298,0.258,-0.02,-2.07,-3.81,-0.02,-0.03,0.01,0.084,0.748,-0.36,-0.001,-0.386,0.158,,
2026-01-27 20:22:51.633,wait_for_machining,352.011,-42.247,1223.404,179.792,-0.032,-89.559,77.582,-15.583,127.127,-0.058,68.651,-102.838,-0.061,-0.547,0.263,-0.002,0.276,0.257,0.02,-2.09,-3.74,0.01,0.01,0.01,0.079,0.701,-0.338,-0.0,-0.362,0.138,,
2026-01-27 20:22:51.735,wait_for_machining,351.68,-42.202,1223.475,179.793,-0.032,-89.588,77.577,-15.622,127.146,-0.058,68.671,-102.813,-0.057,-0.508,0.244,-0.002,0.256,0.255,0.0,-1.98,-3.82,0.01,-0.08,0.1,0.074,0.657,-0.317,-0.0,-0.339,0.119,,
2026-01-27 20:22:51.842,wait_for_machining,351.352,-42.158,1223.545,179.793,-0.033,-89.618,77.573,-15.661,127.164,-0.058,68.691,-102.788,-0.054,-0.479,0.23,-0.002,0.241,0.255,0.01,-2.07,-3.7,-0.02,-0.05,0.03,0.067,0.595,-0.287,-0.0,-0.307,0.115,,
2026-01-27 20:22:51.946,wait_for_machining,351.046,-42.116,1223.61,179.794,-0.033,-89.647,77.569,-15.698,127.182,-0.059,68.709,-102.763,-0.05,-0.45,0.216,-0.002,0.227,0.253,-0.04,-2.0,-3.87,-0.03,0.07,0.03,0.063,0.561,-0.27,-0.0,-0.289,0.096,,
2026-01-27 20:22:52.047,wait_for_machining,350.76,-42.077,1223.671,179.795,-0.033,-89.674,77.565,-15.732,127.198,-0.059,68.726,-102.739,-0.047,-0.423,0.203,-0.002,0.213,0.25,-0.02,-1.99,-3.89,-0.01,-0.05,0.0,0.06,0.529,-0.255,-0.0,-0.273,0.078,,
2026-01-27 20:22:52.149,wait_for_machining,350.493,-42.041,1223.727,179.795,-0.034,-89.701,77.562,-15.763,127.214,-0.059,68.742,-102.716,-0.044,-0.396,0.19,-0.002,0.199,0.245,0.0,-2.03,-3.85,0.02,0.02,-0.05,0.056,0.499,-0.24,-0.0,-0.257,0.061,,
2026-01-27 20:22:52.254,wait_for_machining,350.244,-42.007,1223.78,179.796,-0.034,-89.726,77.558,-15.793,127.228,-0.059,68.757,-102.694,-0.042,-0.372,0.178,-0.002,0.187,0.239,0.03,-2.11,-3.85,-0.07,0.03,0.03,0.053,0.47,-0.226,0.0,-0.242,0.045,,
2026-01-27 20:22:52.360,wait_for_machining,350.023,-41.977,1223.826,179.796,-0.035,-89.749,77.555,-15.819,127.24,-0.059,68.77,-102.674,-0.039,-0.344,0.165,-0.002,0.173,0.229,-0.02,-2.1,-3.8,0.02,0.0,0.17,0.052,0.457,-0.22,0.0,-0.235,0.019,,
2026-01-27 20:22:52.464,wait_for_machining,349.817,-41.949,1223.87,179.797,-0.035,-89.771,77.553,-15.844,127.252,-0.059,68.782,-102.655,-0.036,-0.32,0.154,-0.002,0.16,0.219,0.04,-1.95,-3.77,-0.04,-0.08,0.04,0.048,0.428,-0.206,0.0,-0.22,0.008,,
2026-01-27 20:22:52.564,wait_for_machining,349.634,-41.924,1223.908,179.797,-0.035,-89.79,77.55,-15.866,127.263,-0.059,68.793,-102.638,-0.033,-0.294,0.141,-0.001,0.147,0.206,0.01,-2.04,-3.87,-0.02,-0.05,0.07,0.047,0.414,-0.199,0.0,-0.212,-0.013,,
2026-01-27 20:22:52.666,wait_for_machining,349.452,-41.9,1223.946,179.798,-0.035,-89.809,77.548,-15.887,127.273,-0.059,68.804,-102.621,-0.031,-0.275,0.132,-0.001,0.138,0.197,0.05,-1.95,-3.75,-0.05,-0.04,0.08,0.042,0.373,-0.179,0.0,-0.191,-0.011,,
2026-01-27 20:22:52.769,wait_for_machining,349.281,-41.876,1223.982,179.798,-0.036,-89.828,77.545,-15.908,127.283,-0.06,68.814,-102.605,-0.029,-0.257,0.123,-0.001,0.128,0.188,-0.04,-1.96,-3.92,-0.02,0.08,0.03,0.039,0.349,-0.168,0.0,-0.179,-0.02,,
2026-01-27 20:22:52.871,wait_for_machining,349.121,-41.854,1224.015,179.798,-0.036,-89.845,77.543,-15.927,127.292,-0.06,68.824,-102.59,-0.027,-0.24,0.116,-0.001,0.12,0.179,0.01,-2.07,-3.85,0.01,0.01,0.04,0.037,0.327,-0.157,0.0,-0.167,-0.028,,
2026-01-27 20:22:52.982,wait_for_machining,348.987,-41.836,1224.043,179.799,-0.036,-89.859,77.542,-15.943,127.3,-0.06,68.832,-102.578,-0.025,-0.22,0.106,-0.001,0.11,0.165,-0.01,-2.05,-3.79,0.04,0.09,0.02,0.037,0.326,-0.157,0.001,-0.167,-0.051,,
2026-01-27 20:22:53.088,wait_for_machining,348.87,-41.82,1224.067,179.799,-0.036,-89.871,77.54,-15.957,127.306,-0.06,68.838,-102.567,-0.022,-0.2,0.096,-0.001,0.1,0.151,-0.07,-2.04,-3.87,0.02,-0.08,0.04,0.035,0.312,-0.15,0.001,-0.159,-0.061,,
2026-01-27 20:22:53.191,wait_for_machining,348.743,-41.803,1224.094,179.799,-0.036,-89.885,77.538,-15.972,127.314,-0.06,68.846,-102.555,-0.021,-0.188,0.09,-0.001,0.094,0.143,-0.02,-2.04,-3.83,-0.06,0.04,-0.0,0.03,0.27,-0.13,0.0,-0.138,-0.047,,
2026-01-27 20:22:53.298,wait_for_machining,348.609,-41.785,1224.121,179.8,-0.037,-89.899,77.537,-15.988,127.321,-0.06,68.854,-102.543,-0.02,-0.181,0.087,-0.001,0.09,0.137,0.03,-1.93,-3.78,0.0,0.0,0.01,0.026,0.235,-0.113,0.0,-0.12,-0.038,,
2026-01-27 20:22:53.401,wait_for_machining,348.498,-41.769,1224.144,179.8,-0.037,-89.91,77.535,-16.001,127.328,-0.06,68.86,-102.533,-0.019,-0.169,0.081,-0.001,0.084,0.128,0.02,-1.91,-3.82,0.03,-0.04,0.04,0.027,0.238,-0.114,0.0,-0.121,-0.057,,
2026-01-27 20:22:53.502,wait_for_machining,348.399,-41.756,1224.165,179.8,-0.037,-89.92,77.534,-16.013,127.333,-0.06,68.866,-102.525,-0.017,-0.156,0.075,-0.001,0.078,0.117,0.01,-1.98,-3.82,-0.01,0.05,0.06,0.026,0.229,-0.11,0.001,-0.117,-0.064,,
2026-01-27 20:22:53.604,wait_for_machining,348.288,-41.741,1224.188,179.801,-0.037,-89.931,77.532,-16.026,127.34,-0.06,68.873,-102.515,-0.017,-0.15,0.072,-0.001,0.075,0.111,-0.01,-1.98,-3.88,0.0,0.04,0.01,0.022,0.191,-0.092,0.0,-0.098,-0.05,,
2026-01-27 20:22:53.704,wait_for_machining,348.179,-41.726,1224.21,179.801,-0.037,-89.941,77.531,-16.039,127.346,-0.06,68.879,-102.507,-0.016,-0.145,0.07,-0.001,0.072,0.105,0.04,-2.05,-3.85,-0.01,0.02,-0.03,0.02,0.174,-0.084,0.0,-0.089,-0.05,,
2026-01-27 20:22:53.809,wait_for_machining,348.077,-41.712,1224.231,179.801,-0.037,-89.95,77.529,-16.051,127.352,-0.06,68.885,-102.499,-0.016,-0.139,0.067,-0.001,0.069,0.098,0.04,-1.88,-3.87,-0.01,0.03,0.02,0.019,0.166,-0.08,0.0,-0.085,-0.056,,
2026-01-27 20:22:53.909,wait_for_machining,347.997,-41.701,1224.248,179.801,-0.037,-89.957,77.528,-16.061,127.356,-0.06,68.89,-102.493,-0.014,-0.128,0.062,-0.001,0.064,0.088,-0.01,-1.94,-3.83,-0.08,-0.0,0.03,0.02,0.175,-0.084,0.001,-0.089,-0.07,,
2026-01-27 20:23:03.892,wait_for_machining,346.719,-41.525,1224.509,179.806,-0.038,-89.93,77.511,-16.213,127.43,-0.06,68.964,-102.537,-0.0,-0.0,0.0,-0.0,0.0,0.001,0.03,-1.98,-3.89,0.06,-0.01,-0.01,0.0,0.0,-0.0,0.0,-0.0,-0.0,,
2026-01-27 20:23:14.031,wait_for_machining,346.716,-41.525,1224.51,179.806,-0.038,-89.93,77.511,-16.214,127.43,-0.06,68.965,-102.537,-0.0,-0.0,0.0,-0.0,0.0,0.0,-0.05,-1.87,-3.84,-0.03,0.01,0.03,0.0,0.0,-0.0,0.0,-0.0,-0.0,,
2026-01-27 20:23:24.166,wait_for_machining,346.716,-41.525,1224.51,179.806,-0.038,-89.93,77.511,-16.214,127.43,-0.06,68.965,-102.537,0.0,-0.0,0.0,-0.0,0.0,0.0,0.01,-1.99,-3.85,0.14,-0.07,0.04,0.0,0.0,-0.0,0.0,-0.0,-0.0,,
2026-01-27 20:23:34.303,wait_for_machining,346.716,-41.525,1224.51,179.806,-0.038,-89.93,77.511,-16.214,127.43,-0.06,68.965,-102.537,0.0,-0.0,0.0,-0.0,0.0,0.0,0.01,-1.98,-3.82,-0.07,-0.06,-0.05,0.0,0.0,-0.0,-0.0,-0.0,0.0,,
2026-01-27 20:23:44.400,wait_for_machining,346.716,-41.525,1224.51,179.806,-0.038,-89.93,77.511,-16.214,127.43,-0.06,68.965,-102.537,0.0,-0.0,0.0,-0.0,0.0,0.0,-0.04,-1.94,-3.79,-0.0,-0.03,0.01,-0.0,0.0,-0.0,-0.0,-0.0,0.0,,
2026-01-27 20:23:54.642,wait_for_machining,346.716,-41.525,1224.51,179.806,-0.038,-89.93,77.511,-16.214,127.43,-0.06,68.965,-102.537,0.0,-0.0,0.0,0.0,0.0,-0.0,-0.05,-1.97,-3.86,-0.05,-0.03,0.02,-0.0,0.0,-0.0,-0.0,-0.0,0.0,,
2026-01-27 20:24:04.944,wait_for_machining,346.716,-41.525,1224.51,179.806,-0.038,-89.93,77.511,-16.214,127.43,-0.06,68.965,-102.537,0.0,-0.0,0.0,-0.0,0.0,-0.0,0.01,-1.97,-3.77,0.0,-0.02,-0.05,-0.0,0.0,-0.0,0.0,-0.0,0.0,,
2026-01-27 20:24:15.116,wait_for_machining,346.716,-41.525,1224.51,179.806,-0.038,-89.93,77.511,-16.214,127.43,-0.06,68.965,-102.537,0.0,-0.0,0.0,-0.0,0.0,-0.0,0.01,-1.87,-3.87,0.08,0.02,0.01,-0.0,0.0,-0.0,0.0,-0.0,0.0,,
2026-01-27 20:24:25.188,wait_for_machining,346.716,-41.525,1224.51,179.806,-0.038,-89.93,77.511,-16.214,127.43,-0.06,68.965,-102.537,0.0,-0.0,0.0,-0.0,0.0,-0.0,0.08,-2.0,-3.86,0.05,0.02,0.08,-0.0,0.0,-0.0,0.0,-0.0,0.0,waypoint,
2026-01-27 20:24:25.292,machining_end_to_approach_machine,366.422,-44.103,1219.49,179.495,0.033,-89.671,77.783,-13.785,126.308,-0.058,67.977,-102.525,0.679,6.073,-2.806,0.005,-2.469,0.029,0.12,-1.46,-3.92,0.04,-0.16,0.04,2.714,24.292,-11.225,0.022,-9.877,0.118,,
2026-01-27 20:24:25.395,machining_end_to_approach_machine,403.486,-48.522,1207.793,179.474,0.041,-89.234,78.281,-9.361,124.269,-0.055,65.614,-102.462,1.754,15.614,-7.2,0.011,-7.759,0.179,0.11,-1.54,-3.89,0.1,-0.37,0.08,4.711,41.808,-19.259,0.025,-22.641,0.616,,
2026-01-27 20:24:25.498,machining_end_to_approach_machine,437.734,-52.016,1194.095,179.525,0.032,-88.884,78.741,-5.273,122.387,-0.053,63.357,-102.351,2.467,21.93,-10.105,0.014,-11.462,0.413,0.14,-1.63,-3.79,-0.01,-0.52,0.08,3.864,34.268,-15.772,0.019,-19.318,1.041,,
2026-01-27 20:24:25.601,machining_end_to_approach_machine,469.05,-54.682,1178.989,179.572,0.023,-88.612,79.167,-1.498,120.649,-0.051,61.272,-102.197,2.914,25.886,-11.924,0.016,-13.809,0.695,0.17,-1.75,-3.8,-0.0,-0.62,0.09,3.126,27.715,-12.755,0.014,-15.668,1.364,,
2026-01-27 20:24:25.705,machining_end_to_approach_machine,497.55,-56.647,1162.954,179.614,0.015,-88.41,79.56,1.989,119.044,-0.049,59.348,-102.006,3.168,28.131,-12.956,0.016,-15.167,0.999,0.14,-2.02,-3.76,-0.04,-0.58,0.15,2.488,22.057,-10.151,0.009,-12.488,1.598,,
2026-01-27 20:24:25.806,machining_end_to_approach_machine,522.219,-57.97,1147.179,179.649,0.008,-88.274,79.906,5.061,117.629,-0.048,57.654,-101.794,3.242,28.779,-13.253,0.015,-15.609,1.278,0.19,-2.27,-3.81,-0.04,-0.48,0.13,1.773,15.71,-7.229,0.004,-8.937,1.641,,
2026-01-27 20:24:25.910,machining_end_to_approach_machine,545.696,-58.883,1130.395,179.682,0.002,-88.185,80.243,8.046,116.255,-0.047,56.011,-101.546,3.272,29.047,-13.376,0.014,-15.816,1.579,0.17,-2.64,-3.78,-0.03,-0.63,0.26,1.497,13.266,-6.104,0.001,-7.545,1.843,,
2026-01-27 20:24:26.014,machining_end_to_approach_machine,564.952,-59.362,1115.223,179.708,-0.004,-88.146,80.525,10.55,115.102,-0.046,54.633,-101.303,3.16,28.044,-12.914,0.012,-15.306,1.793,0.22,-2.86,-3.74,0.05,-0.57,0.17,0.805,7.125,-3.277,-0.003,-4.126,1.612,,
2026-01-27 20:24:26.116,machining_end_to_approach_machine,583.346,-59.575,1099.441,179.732,-0.009,-88.141,80.801,12.998,113.975,-0.046,53.288,-101.031,3.06,27.153,-12.503,0.01,-14.842,2.024,0.11,-3.2,-3.72,0.01,-0.66,0.2,0.662,5.854,-2.693,-0.006,-3.393,1.736,,
2026-01-27 20:24:26.217,machining_end_to_approach_machine,599.183,-59.554,1084.747,179.753,-0.013,-88.167,81.044,15.158,112.981,-0.046,52.102,-100.761,2.904,25.764,-11.863,0.007,-14.097,2.193,0.15,-3.45,-3.66,0.02,-0.58,0.28,0.271,2.389,-1.098,-0.008,-1.459,1.543,,
2026-01-27 20:24:26.321,machining_end_to_approach_machine,614.282,-59.344,1069.697,179.771,-0.018,-88.221,81.282,17.269,112.009,-0.046,50.944,-100.467,2.773,24.602,-11.328,0.005,-13.468,2.378,0.19,-3.81,-3.57,0.11,-0.59,0.25,0.19,1.669,-0.767,-0.01,-1.038,1.622,,
2026-01-27 20:24:26.422,machining_end_to_approach_machine,627.264,-59.004,1055.866,179.787,-0.021,-88.295,81.492,19.132,111.151,-0.047,49.923,-100.183,2.605,23.11,-10.641,0.003,-12.654,2.495,0.15,-3.97,-3.59,0.12,-0.49,0.28,-0.109,-0.983,0.454,-0.011,0.439,1.371,,
2026-01-27 20:24:26.525,machining_end_to_approach_machine,639.63,-58.532,1041.851,179.801,-0.025,-88.391,81.698,20.954,110.312,-0.047,48.925,-99.88,2.467,21.887,-10.078,0.0,-11.983,2.628,0.17,-4.27,-3.49,-0.01,-0.47,0.32,-0.145,-1.3,0.6,-0.012,0.633,1.418,,
2026-01-27 20:24:26.628,machining_end_to_approach_machine,650.257,-58.002,1029.09,179.813,-0.028,-88.498,81.879,22.562,109.572,-0.048,48.046,-99.591,2.303,20.433,-9.409,-0.002,-11.185,2.693,0.1,-4.51,-3.5,-0.0,-0.5,0.31,-0.372,-3.313,1.526,-0.013,1.752,1.134,,
2026-01-27 20:24:26.733,machining_end_to_approach_machine,658.925,-57.478,1018.145,179.822,-0.031,-88.602,82.03,23.905,108.953,-0.049,47.313,-99.334,2.106,18.683,-8.603,-0.004,-10.224,2.663,0.07,-4.79,-3.39,-0.02,-0.37,0.39,-0.633,-5.622,2.589,-0.012,3.027,0.707,,
2026-01-27 20:24:26.837,machining_end_to_approach_machine,665.518,-57.021,1009.472,179.829,-0.033,-88.694,82.148,24.948,108.473,-0.05,46.743,-99.124,1.874,16.62,-7.653,-0.005,-9.091,2.523,0.03,-4.91,-3.39,0.08,-0.36,0.31,-0.908,-8.062,3.713,-0.01,4.369,0.166,,
2026-01-27 20:24:26.940,machining_end_to_approach_machine,673.743,-56.375,998.199,179.837,-0.035,-88.825,82.298,26.278,107.86,-0.051,46.018,-98.842,1.78,15.791,-7.271,-0.006,-8.632,2.596,0.09,-5.01,-3.39,0.04,-0.33,0.38,-0.494,-4.387,2.02,-0.013,2.372,0.864,,
2026-01-27 20:24:27.045,machining_end_to_approach_machine,681.583,-55.674,986.945,179.844,-0.037,-88.967,82.445,27.579,107.261,-0.052,45.309,-98.552,1.702,15.094,-6.95,-0.008,-8.246,2.674,0.06,-5.26,-3.35,-0.04,-0.48,0.37,-0.478,-4.244,1.954,-0.013,2.304,0.866,,
2026-01-27 20:24:27.148,machining_end_to_approach_machine,688.666,-54.966,976.313,179.849,-0.04,-89.113,82.581,28.784,106.706,-0.054,44.653,-98.269,1.616,14.334,-6.601,-0.01,-7.825,2.713,0.11,-5.37,-3.25,-0.01,-0.39,0.36,-0.537,-4.769,2.196,-0.012,2.597,0.703,,
2026-01-27 20:24:27.253,machining_end_to_approach_machine,694.765,-54.294,966.775,179.854,-0.042,-89.252,82.701,29.848,106.216,-0.055,44.074,-98.008,1.512,13.41,-6.175,-0.011,-7.314,2.686,-0.0,-5.62,-3.14,0.05,-0.33,0.4,-0.643,-5.71,2.629,-0.011,3.116,0.408,,
2026-01-27 20:24:27.354,machining_end_to_approach_machine,699.751,-53.699,958.692,179.857,-0.043,-89.376,82.801,30.737,105.807,-0.056,43.592,-97.783,1.385,12.28,-5.655,-0.011,-6.693,2.577,0.07,-5.77,-3.14,0.0,-0.34,0.36,-0.776,-6.886,3.171,-0.009,3.759,0.016,,
2026-01-27 20:24:27.455,machining_end_to_approach_machine,704.847,-53.046,950.146,179.861,-0.045,-89.512,82.905,31.665,105.38,-0.058,43.088,-97.54,1.3,11.53,-5.31,-0.012,-6.279,2.539,0.16,-5.73,-3.19,-0.0,-0.28,0.35,-0.654,-5.806,2.673,-0.009,3.175,0.186,,
2026-01-27 20:24:27.559,machining_end_to_approach_machine,709.718,-52.376,941.688,179.863,-0.046,-89.652,83.008,32.572,104.962,-0.059,42.596,-97.297,1.231,10.916,-5.027,-0.013,-5.939,2.514,0.01,-5.9,-3.08,-0.02,-0.32,0.28,-0.612,-5.433,2.501,-0.009,2.975,0.181,,
2026-01-27 20:24:27.662,machining_end_to_approach_machine,713.923,-51.76,934.141,179.865,-0.048,-89.781,83.098,33.373,104.593,-0.06,42.162,-97.076,1.149,10.189,-4.692,-0.013,-5.539,2.436,0.03,-5.99,-3.04,0.01,-0.34,0.27,-0.671,-5.957,2.743,-0.007,3.261,-0.073,,
2026-01-27 20:24:27.767,machining_end_to_approach_machine,716.782,-51.319,928.872,179.866,-0.048,-89.872,83.161,33.927,104.338,-0.061,41.862,-96.922,1.018,9.027,-4.157,-0.012,-4.904,2.214,0.17,-6.0,-3.01,0.01,-0.27,0.37,-0.882,-7.826,3.604,-0.003,4.272,-0.719,,
2026-01-27 20:24:27.872,machining_end_to_approach_machine,719.269,-50.921,924.193,179.867,-0.049,-89.954,83.216,34.416,104.112,-0.062,41.598,-96.783,0.901,7.993,-3.681,-0.011,-4.339,2.006,0.05,-6.14,-3.06,0.09,-0.25,0.26,-0.867,-7.696,3.544,-0.001,4.2,-0.815,,
2026-01-27 20:24:27.977,machining_end_to_approach_machine,722.635,-50.36,917.709,179.867,-0.05,-90.069,83.292,35.089,103.803,-0.064,41.235,-96.592,0.866,7.676,-3.535,-0.012,-4.162,1.984,0.07,-6.18,-2.96,0.03,-0.21,0.27,-0.573,-5.089,2.343,-0.005,2.79,-0.197,,
2026-01-27 20:24:28.077,machining_end_to_approach_machine,725.243,-49.906,912.562,179.868,-0.051,-90.16,83.351,35.619,103.559,-0.065,40.948,-96.44,0.799,7.082,-3.262,-0.011,-3.837,1.868,0.04,-6.32,-2.95,0.11,-0.24,0.22,-0.677,-6.006,2.765,-0.002,3.284,-0.574,,
2026-01-27 20:24:28.178,machining_end_to_approach_machine,728.093,-49.389,906.804,179.868,-0.052,-90.262,83.418,36.208,103.287,-0.066,40.631,-96.27,0.765,6.785,-3.125,-0.011,-3.672,1.824,0.04,-6.35,-2.88,-0.08,-0.18,0.37,-0.543,-4.815,2.217,-0.003,2.64,-0.344,,
2026-01-27 20:24:28.282,machining_end_to_approach_machine,730.701,-48.898,901.409,179.867,-0.053,-90.357,83.48,36.756,103.035,-0.067,40.335,-96.113,0.728,6.459,-2.975,-0.011,-3.492,1.761,-0.03,-6.3,-2.85,0.02,-0.2,0.2,-0.534,-4.742,2.183,-0.002,2.599,-0.431,,
2026-01-27 20:24:28.385,machining_end_to_approach_machine,733.207,-48.407,896.102,179.867,-0.053,-90.448,83.54,37.292,102.788,-0.068,40.047,-95.961,0.697,6.184,-2.848,-0.011,-3.34,1.702,-0.03,-6.44,-2.93,0.07,-0.15,0.2,-0.495,-4.39,2.021,-0.001,2.408,-0.436,,
2026-01-27 20:24:28.486,machining_end_to_approach_machine,735.274,-47.988,891.633,179.866,-0.054,-90.522,83.591,37.741,102.581,-0.069,39.806,-95.835,0.65,5.76,-2.653,-0.01,-3.109,1.591,-0.02,-6.57,-2.87,-0.02,-0.1,0.29,-0.544,-4.823,2.22,0.001,2.639,-0.658,,
2026-01-27 20:24:28.589,machining_end_to_approach_machine,737.278,-47.569,887.212,179.865,-0.054,-90.593,83.64,38.183,102.377,-0.069,39.568,-95.713,0.612,5.425,-2.499,-0.01,-2.925,1.497,-0.01,-6.65,-2.74,-0.03,-0.14,0.21,-0.497,-4.411,2.031,0.001,2.415,-0.636,,
2026-01-27 20:24:28.692,machining_end_to_approach_machine,739.024,-47.194,883.29,179.864,-0.055,-90.653,83.684,38.573,102.198,-0.07,39.359,-95.609,0.569,5.044,-2.323,-0.009,-2.717,1.384,0.03,-6.69,-2.76,-0.03,-0.12,0.21,-0.506,-4.486,2.066,0.002,2.453,-0.741,,
2026-01-27 20:24:28.796,machining_end_to_approach_machine,740.288,-46.915,880.409,179.863,-0.055,-90.694,83.717,38.859,102.066,-0.071,39.206,-95.534,0.507,4.497,-2.072,-0.008,-2.42,1.224,-0.03,-6.67,-2.77,0.02,-0.12,0.22,-0.573,-5.083,2.341,0.004,2.77,-0.968,,
2026-01-27 20:24:28.903,machining_end_to_approach_machine,741.226,-46.705,878.244,179.863,-0.055,-90.724,83.741,39.073,101.967,-0.071,39.091,-95.48,0.441,3.908,-1.8,-0.007,-2.102,1.054,-0.14,-6.74,-2.74,-0.05,-0.16,0.18,-0.596,-5.291,2.437,0.005,2.878,-1.072,,
2026-01-27 20:24:29.006,machining_end_to_approach_machine,742.666,-46.376,874.88,179.861,-0.055,-90.768,83.778,39.404,101.815,-0.071,38.914,-95.399,0.424,3.76,-1.732,-0.006,-2.02,0.994,-0.01,-6.66,-2.75,-0.01,-0.16,0.19,-0.404,-3.587,1.651,0.003,1.962,-0.695,,
2026-01-27 20:24:29.108,machining_end_to_approach_machine,744.067,-46.049,871.559,179.86,-0.055,-90.807,83.815,39.731,101.664,-0.072,38.739,-95.323,0.41,3.636,-1.675,-0.006,-1.951,0.936,0.02,-6.7,-2.75,0.08,-0.14,0.16,-0.37,-3.28,1.51,0.003,1.795,-0.68,,
2026-01-27 20:24:29.208,machining_end_to_approach_machine,745.421,-45.725,868.3,179.858,-0.056,-90.84,83.851,40.05,101.517,-0.072,38.569,-95.253,0.397,3.524,-1.624,-0.005,-1.889,0.875,0.03,-6.79,-2.65,0.04,-0.16,0.14,-0.341,-3.025,1.393,0.004,1.657,-0.677,,
2026-01-27 20:24:29.311,machining_end_to_approach_machine,746.422,-45.481,865.858,179.857,-0.056,-90.861,83.878,40.288,101.408,-0.072,38.442,-95.205,0.365,3.239,-1.492,-0.005,-1.735,0.777,-0.01,-6.79,-2.66,-0.01,-0.04,0.1,-0.398,-3.529,1.625,0.005,1.923,-0.822,,
2026-01-27 20:24:29.417,machining_end_to_approach_machine,747.242,-45.278,863.835,179.856,-0.056,-90.875,83.9,40.485,101.317,-0.073,38.337,-95.168,0.329,2.922,-1.346,-0.004,-1.564,0.675,0.04,-6.85,-2.72,-0.03,-0.07,0.11,-0.405,-3.589,1.653,0.005,1.952,-0.851,,
2026-01-27 20:24:29.521,machining_end_to_approach_machine,748.228,-45.031,861.381,179.854,-0.055,-90.889,83.927,40.723,101.207,-0.073,38.21,-95.127,0.314,2.788,-1.284,-0.003,-1.491,0.609,0.03,-6.85,-2.77,-0.01,-0.03,0.18,-0.318,-2.816,1.297,0.005,1.537,-0.728,,
2026-01-27 20:24:29.629,machining_end_to_approach_machine,748.893,-44.861,859.707,179.853,-0.055,-90.896,83.945,40.886,101.132,-0.073,38.123,-95.102,0.281,2.497,-1.15,-0.003,-1.334,0.519,-0.08,-7.03,-2.66,-0.06,-0.06,0.11,-0.372,-3.295,1.518,0.005,1.789,-0.813,,
2026-01-27 20:24:29.746,machining_end_to_approach_machine,749.381,-44.735,858.472,179.853,-0.055,-90.899,83.959,41.005,101.077,-0.073,38.06,-95.085,0.245,2.172,-1.001,-0.002,-1.16,0.431,0.1,-6.84,-2.6,0.01,-0.04,0.13,-0.383,-3.394,1.563,0.005,1.839,-0.814,,
2026-01-27 20:24:29.857,machining_end_to_approach_machine,749.71,-44.65,857.635,179.852,-0.055,-90.9,83.968,41.086,101.04,-0.073,38.016,-95.075,0.206,1.831,-0.844,-0.001,-0.977,0.35,-0.0,-6.84,-2.67,0.05,-0.08,0.15,-0.388,-3.44,1.584,0.004,1.86,-0.795,,
2026-01-27 20:24:29.962,machining_end_to_approach_machine,750.252,-44.508,856.248,179.851,-0.055,-90.901,83.983,41.221,100.978,-0.073,37.945,-95.059,0.193,1.709,-0.787,-0.001,-0.911,0.302,0.05,-6.93,-2.7,0.1,-0.03,0.17,-0.289,-2.566,1.182,0.004,1.393,-0.663,,
2026-01-27 20:24:30.065,machining_end_to_approach_machine,750.892,-44.339,854.598,179.85,-0.055,-90.899,84.001,41.38,100.904,-0.073,37.861,-95.043,0.189,1.679,-0.774,-0.001,-0.895,0.267,0.06,-6.89,-2.56,-0.01,-0.09,-0.07,-0.232,-2.058,0.948,0.004,1.12,-0.595,,
2026-01-27 20:24:30.169,machining_end_to_approach_machine,751.647,-44.137,852.635,179.848,-0.055,-90.892,84.022,41.569,100.817,-0.073,37.76,-95.028,0.195,1.732,-0.798,-0.0,-0.922,0.236,0.05,-6.93,-2.62,0.02,0.01,0.04,-0.175,-1.553,0.715,0.004,0.85,-0.55,,
2026-01-27 20:24:30.273,machining_end_to_approach_machine,752.345,-43.948,850.805,179.846,-0.054,-90.881,84.042,41.745,100.736,-0.072,37.667,-95.02,0.196,1.739,-0.801,0.0,-0.925,0.199,0.04,-6.98,-2.61,-0.0,0.05,0.07,-0.172,-1.529,0.704,0.005,0.836,-0.555,,
2026-01-27 20:24:30.374,machining_end_to_approach_machine,752.989,-43.771,849.099,179.845,-0.054,-90.866,84.06,41.909,100.661,-0.072,37.58,-95.016,0.193,1.714,-0.79,0.001,-0.91,0.157,0.03,-6.97,-2.62,-0.06,-0.08,0.05,-0.169,-1.498,0.69,0.005,0.818,-0.553,,
2026-01-27 20:24:30.476,machining_end_to_approach_machine,753.585,-43.606,847.51,179.843,-0.054,-90.847,84.078,42.061,100.59,-0.072,37.5,-95.018,0.188,1.666,-0.768,0.001,-0.884,0.113,-0.04,-7.02,-2.6,0.08,-0.14,0.08,-0.165,-1.462,0.673,0.005,0.797,-0.547,,
2026-01-27 20:24:30.579,machining_end_to_approach_machine,754.164,-43.444,845.953,179.842,-0.053,-90.824,84.094,42.21,100.522,-0.072,37.421,-95.025,0.183,1.622,-0.748,0.002,-0.86,0.068,-0.01,-6.97,-2.48,0.0,0.0,-0.11,-0.152,-1.35,0.622,0.005,0.736,-0.542,,
2026-01-27 20:24:30.679,machining_end_to_approach_machine,754.672,-43.299,844.578,179.84,-0.053,-90.799,84.109,42.342,100.461,-0.071,37.352,-95.035,0.174,1.545,-0.712,0.002,-0.818,0.025,-0.0,-7.08,-2.56,0.03,-0.04,0.07,-0.157,-1.39,0.64,0.005,0.756,-0.525,,
2026-01-27 20:24:30.781,machining_end_to_approach_machine,755.142,-43.165,843.297,179.839,-0.052,-90.772,84.123,42.464,100.405,-0.071,37.287,-95.049,0.165,1.465,-0.675,0.003,-0.775,-0.016,0.07,-6.98,-2.52,0.01,-0.03,0.06,-0.151,-1.342,0.618,0.004,0.729,-0.508,,
2026-01-27 20:24:30.881,machining_end_to_approach_machine,755.555,-43.046,842.164,179.838,-0.052,-90.744,84.135,42.572,100.355,-0.07,37.23,-95.065,0.154,1.369,-0.631,0.003,-0.724,-0.052,-0.02,-7.04,-2.53,0.07,-0.01,-0.02,-0.152,-1.351,0.622,0.004,0.732,-0.479,waypoint,
2026-01-27 20:24:30.984,approach_machine_to_pick,759.747,-42.99,841.062,179.903,-0.057,-90.69,84.172,42.884,99.841,-0.069,37.366,-95.084,0.207,1.807,-1.757,0.005,-0.203,-0.086,-0.04,-7.07,-2.59,0.08,0.02,-0.03,0.105,0.823,-4.078,0.01,2.587,-0.455,,
2026-01-27 20:24:31.085,approach_machine_to_pick,765.226,-42.94,840.046,179.904,-0.057,-90.628,84.217,43.271,99.143,-0.068,37.676,-95.102,0.268,2.323,-3.063,0.007,0.623,-0.108,-0.01,-7.07,-2.49,0.05,-0.03,0.02,0.184,1.493,-5.517,0.011,4.069,-0.401,,
2026-01-27 20:24:31.186,approach_machine_to_pick,770.281,-42.881,839.095,179.894,-0.055,-90.57,84.259,43.632,98.493,-0.067,37.976,-95.118,0.307,2.644,-3.924,0.008,1.218,-0.123,-0.04,-7.02,-2.65,0.04,0.03,0.03,0.134,1.077,-4.488,0.009,3.565,-0.351,,
2026-01-27 20:24:31.291,approach_machine_to_pick,775.198,-42.814,838.158,179.884,-0.054,-90.514,84.3,43.984,97.857,-0.066,38.27,-95.135,0.333,2.864,-4.533,0.009,1.648,-0.133,0.02,-7.07,-2.76,-0.08,0.05,0.01,0.111,0.889,-3.894,0.008,3.145,-0.314,,
2026-01-27 20:24:31.396,approach_machine_to_pick,779.735,-42.743,837.284,179.874,-0.052,-90.461,84.338,44.311,97.267,-0.065,38.542,-95.15,0.345,2.965,-4.874,0.009,1.917,-0.139,-0.1,-7.07,-2.64,0.02,0.25,-0.01,0.07,0.543,-3.04,0.007,2.613,-0.272,,
2026-01-27 20:24:31.498,approach_machine_to_pick,783.721,-42.674,836.509,179.866,-0.051,-90.415,84.372,44.599,96.747,-0.064,38.782,-95.164,0.343,2.945,-4.956,0.01,2.037,-0.138,0.04,-7.08,-2.67,0.02,0.15,-0.02,0.018,0.104,-2.042,0.005,2.029,-0.226,,
2026-01-27 20:24:31.603,approach_machine_to_pick,787.603,-42.6,835.747,179.859,-0.05,-90.369,84.405,44.881,96.238,-0.063,39.017,-95.177,0.34,2.913,-4.988,0.009,2.113,-0.137,-0.0,-7.26,-2.63,-0.02,-0.03,0.0,0.009,0.029,-1.722,0.004,1.77,-0.2,,
2026-01-27 20:24:31.709,approach_machine_to_pick,790.842,-42.533,835.106,179.853,-0.049,-90.331,84.433,45.117,95.812,-0.062,39.212,-95.188,0.324,2.775,-4.806,0.009,2.075,-0.13,0.05,-7.17,-2.68,0.06,0.14,-0.03,-0.046,-0.432,-0.723,0.002,1.21,-0.158,,
2026-01-27 20:24:31.813,approach_machine_to_pick,792.544,-42.497,834.768,179.85,-0.049,-90.312,84.447,45.242,95.588,-0.062,39.316,-95.194,0.279,2.392,-4.165,0.008,1.814,-0.112,0.02,-7.18,-2.66,-0.0,0.08,-0.07,-0.172,-1.506,1.365,-0.002,0.161,-0.089,,
2026-01-27 20:24:31.919,approach_machine_to_pick,795.131,-42.439,834.25,179.845,-0.048,-90.281,84.469,45.431,95.246,-0.061,39.473,-95.202,0.265,2.268,-3.979,0.007,1.753,-0.105,0.03,-7.22,-2.75,0.04,0.1,-0.03,-0.079,-0.704,0.054,0.0,0.683,-0.109,,
2026-01-27 20:24:32.019,approach_machine_to_pick,797.559,-42.382,833.762,179.841,-0.047,-90.253,84.49,45.609,94.924,-0.06,39.62,-95.21,0.251,2.147,-3.788,0.007,1.684,-0.099,0.02,-7.22,-2.79,-0.02,0.16,-0.05,-0.084,-0.745,0.25,-0.0,0.521,-0.091,,
2026-01-27 20:24:32.123,approach_machine_to_pick,800.114,-42.319,833.245,179.837,-0.047,-90.224,84.512,45.797,94.585,-0.06,39.776,-95.218,0.243,2.08,-3.689,0.007,1.651,-0.094,0.01,-7.33,-2.8,-0.08,0.14,0.04,-0.064,-0.573,0.049,0.0,0.548,-0.084,,
2026-01-27 20:24:32.233,approach_machine_to_pick,802.494,-42.258,832.76,179.833,-0.046,-90.196,84.533,45.973,94.268,-0.059,39.921,-95.226,0.234,1.999,-3.559,0.007,1.601,-0.089,-0.07,-7.33,-2.73,0.01,-0.0,-0.05,-0.072,-0.64,0.267,-0.0,0.389,-0.068,,
2026-01-27 20:24:32.338,approach_machine_to_pick,804.712,-42.199,832.306,179.83,-0.046,-90.171,84.552,46.137,93.972,-0.059,40.056,-95.232,0.223,1.91,-3.41,0.006,1.539,-0.083,0.05,-7.43,-2.79,0.04,0.04,0.05,-0.078,-0.692,0.45,-0.001,0.253,-0.053,,
2026-01-27 20:24:32.444,approach_machine_to_pick,806.445,-42.152,831.95,179.827,-0.045,-90.152,84.567,46.266,93.74,-0.058,40.162,-95.237,0.205,1.753,-3.136,0.006,1.419,-0.075,-0.01,-7.38,-2.71,0.0,0.04,-0.02,-0.112,-0.979,1.048,-0.002,-0.067,-0.031,,
2026-01-27 20:24:32.547,approach_machine_to_pick,808.289,-42.099,831.569,179.824,-0.045,-90.131,84.583,46.403,93.493,-0.058,40.275,-95.242,0.194,1.658,-2.97,0.005,1.346,-0.068,0.05,-7.3,-2.8,0.02,0.07,0.02,-0.091,-0.795,0.788,-0.001,0.009,-0.029,,
2026-01-27 20:24:32.649,approach_machine_to_pick,810.016,-42.049,831.212,179.822,-0.044,-90.112,84.598,46.531,93.262,-0.057,40.38,-95.246,0.183,1.564,-2.807,0.005,1.274,-0.062,-0.06,-7.44,-2.77,0.0,0.03,-0.05,-0.092,-0.801,0.864,-0.001,-0.064,-0.02,,
2026-01-27 20:24:32.755,approach_machine_to_pick,811.447,-42.007,830.914,179.82,-0.044,-90.096,84.611,46.638,93.069,-0.057,40.468,-95.25,0.168,1.44,-2.587,0.005,1.175,-0.055,0.01,-7.54,-2.82,0.11,0.11,-0.13,-0.108,-0.939,1.17,-0.002,-0.237,-0.008,,
2026-01-27 20:24:32.862,approach_machine_to_pick,812.622,-41.971,830.669,179.819,-0.044,-90.084,84.621,46.726,92.911,-0.057,40.54,-95.252,0.152,1.299,-2.335,0.004,1.061,-0.047,0.04,-7.48,-2.75,-0.01,0.12,0.04,-0.12,-1.035,1.396,-0.002,-0.37,0.001,,
2026-01-27 20:24:32.964,approach_machine_to_pick,814.071,-41.927,830.365,179.817,-0.043,-90.069,84.633,46.834,92.715,-0.057,40.629,-95.255,0.146,1.245,-2.24,0.004,1.018,-0.043,-0.0,-7.48,-2.74,-0.02,0.16,0.0,-0.083,-0.725,0.884,-0.002,-0.165,-0.002,,
2026-01-27 20:24:33.066,approach_machine_to_pick,814.959,-41.899,830.179,179.816,-0.043,-90.06,84.641,46.9,92.596,-0.056,40.683,-95.257,0.129,1.1,-1.98,0.003,0.9,-0.036,-0.03,-7.58,-2.75,0.05,0.01,-0.03,-0.124,-1.071,1.551,-0.003,-0.492,0.011,,
2026-01-27 20:24:33.170,approach_machine_to_pick,816.111,-41.862,829.937,179.815,-0.043,-90.048,84.651,46.987,92.44,-0.056,40.754,-95.258,0.122,1.041,-1.874,0.003,0.851,-0.031,0.07,-7.64,-2.76,0.04,0.12,-0.08,-0.088,-0.766,1.038,-0.002,-0.281,0.007,,
2026-01-27 20:24:33.273,approach_machine_to_pick,816.842,-41.839,829.783,179.814,-0.043,-90.041,84.658,47.041,92.341,-0.056,40.799,-95.259,0.107,0.918,-1.653,0.003,0.751,-0.026,0.01,-7.6,-2.76,-0.07,0.1,0.08,-0.116,-1.004,1.501,-0.003,-0.51,0.015,,
2026-01-27 20:24:33.374,approach_machine_to_pick,817.888,-41.805,829.562,179.813,-0.043,-90.031,84.667,47.12,92.199,-0.056,40.863,-95.261,0.103,0.885,-1.594,0.003,0.723,-0.023,0.03,-7.66,-2.72,-0.01,0.06,-0.02,-0.077,-0.667,0.925,-0.002,-0.267,0.011,,
2026-01-27 20:24:33.479,approach_machine_to_pick,818.938,-41.77,829.339,179.812,-0.042,-90.021,84.676,47.199,92.057,-0.055,40.928,-95.261,0.101,0.861,-1.551,0.003,0.704,-0.019,-0.04,-7.53,-2.67,-0.06,0.06,-0.01,-0.069,-0.596,0.824,-0.002,-0.237,0.013,,
2026-01-27 20:24:33.584,approach_machine_to_pick,819.806,-41.741,829.155,179.811,-0.042,-90.013,84.684,47.264,91.939,-0.055,40.981,-95.262,0.095,0.809,-1.458,0.002,0.661,-0.016,-0.01,-7.57,-2.79,0.05,0.02,-0.01,-0.078,-0.673,0.989,-0.002,-0.325,0.015,,
2026-01-27 20:24:33.688,approach_machine_to_pick,820.798,-41.707,828.944,179.81,-0.042,-90.004,84.693,47.339,91.804,-0.055,41.042,-95.262,0.093,0.793,-1.43,0.002,0.648,-0.013,-0.07,-7.55,-2.71,0.02,-0.08,0.04,-0.059,-0.511,0.719,-0.001,-0.216,0.016,,
2026-01-27 20:24:33.793,approach_machine_to_pick,821.78,-41.673,828.735,179.81,-0.042,-89.995,84.701,47.413,91.671,-0.055,41.102,-95.262,0.091,0.78,-1.407,0.002,0.637,-0.009,-0.03,-7.62,-2.85,0.07,-0.1,0.05,-0.054,-0.467,0.659,-0.001,-0.201,0.018,,
2026-01-27 20:24:33.898,approach_machine_to_pick,822.648,-41.643,828.549,179.809,-0.042,-89.988,84.709,47.478,91.553,-0.055,41.155,-95.262,0.088,0.749,-1.35,0.002,0.611,-0.006,-0.09,-7.58,-2.71,-0.04,-0.02,-0.04,-0.059,-0.506,0.749,-0.001,-0.251,0.019,,
2026-01-27 20:24:34.006,approach_machine_to_pick,823.506,-41.613,828.365,179.808,-0.042,-89.981,84.716,47.543,91.436,-0.055,41.208,-95.261,0.085,0.724,-1.305,0.002,0.59,-0.003,-0.02,-7.59,-2.67,-0.01,0.02,0.03,-0.053,-0.461,0.685,-0.001,-0.232,0.02,,
2026-01-27 20:24:34.108,approach_machine_to_pick,824.308,-41.585,828.194,179.808,-0.042,-89.975,84.724,47.604,91.327,-0.054,41.257,-95.26,0.081,0.694,-1.252,0.002,0.565,0.0,0.0,-7.66,-2.82,0.03,0.05,0.01,-0.053,-0.458,0.693,-0.001,-0.244,0.021,waypoint,
2026-01-27 20:24:34.210,pick_on_machine,824.975,-41.562,828.052,179.808,-0.042,-89.971,84.729,47.654,91.235,-0.054,41.298,-95.259,0.075,0.647,-1.167,0.001,0.526,0.003,0.01,-7.71,-2.83,-0.05,0.02,0.02,-0.061,-0.514,0.806,-0.003,-0.301,0.02,,
2026-01-27 20:24:34.315,pick_on_machine,825.717,-41.54,827.896,179.807,-0.042,-89.966,84.736,47.71,91.134,-0.054,41.344,-95.258,0.072,0.625,-1.128,0.001,0.509,0.006,0.02,-7.63,-2.71,0.04,-0.08,-0.08,-0.049,-0.408,0.623,-0.004,-0.224,0.022,,
2026-01-27 20:24:34.417,pick_on_machine,826.372,-41.519,827.758,179.807,-0.042,-89.961,84.741,47.76,91.045,-0.055,41.384,-95.256,0.068,0.592,-1.07,0.0,0.483,0.008,0.02,-7.64,-2.77,-0.02,0.04,0.05,-0.052,-0.432,0.679,-0.004,-0.255,0.021,,
2026-01-27 20:24:34.523,pick_on_machine,826.983,-41.5,827.63,179.807,-0.042,-89.958,84.746,47.806,90.961,-0.055,41.422,-95.255,0.064,0.559,-1.011,-0.0,0.456,0.01,0.07,-7.71,-2.72,0.02,-0.04,-0.06,-0.05,-0.421,0.67,-0.003,-0.257,0.02,,
2026-01-27 20:24:34.625,pick_on_machine,827.584,-41.481,827.503,179.807,-0.042,-89.955,84.752,47.851,90.879,-0.055,41.459,-95.253,0.061,0.533,-0.964,-0.0,0.435,0.013,0.02,-7.68,-2.74,-0.05,-0.07,-0.03,-0.046,-0.387,0.616,-0.003,-0.237,0.021,,
2026-01-27 20:24:34.726,pick_on_machine,828.115,-41.464,827.391,179.807,-0.042,-89.952,84.756,47.891,90.806,-0.055,41.491,-95.251,0.057,0.5,-0.905,-0.001,0.408,0.014,0.05,-7.63,-2.74,0.02,0.08,0.0,-0.048,-0.401,0.651,-0.002,-0.257,0.019,,
2026-01-27 20:24:34.829,pick_on_machine,828.663,-41.447,827.275,179.807,-0.042,-89.949,84.761,47.933,90.731,-0.055,41.525,-95.248,0.055,0.479,-0.866,-0.001,0.39,0.016,0.04,-7.61,-2.75,0.07,-0.02,0.02,-0.041,-0.347,0.561,-0.002,-0.221,0.02,,
2026-01-27 20:24:34.930,pick_on_machine,829.147,-41.431,827.173,179.807,-0.042,-89.948,84.765,47.969,90.665,-0.055,41.555,-95.246,0.051,0.45,-0.815,-0.001,0.367,0.018,0.08,-7.71,-2.68,0.02,-0.01,-0.04,-0.043,-0.361,0.593,-0.002,-0.239,0.018,,
2026-01-27 20:24:35.030,pick_on_machine,829.528,-41.419,827.092,179.807,-0.042,-89.946,84.768,47.998,90.613,-0.055,41.578,-95.244,0.047,0.41,-0.742,-0.001,0.333,0.018,0.03,-7.68,-2.78,0.1,-0.02,-0.03,-0.047,-0.403,0.674,-0.001,-0.278,0.013,,
2026-01-27 20:24:35.132,pick_on_machine,829.908,-41.407,827.012,179.807,-0.043,-89.945,84.771,48.027,90.56,-0.055,41.602,-95.242,0.043,0.379,-0.687,-0.001,0.308,0.019,0.04,-7.68,-2.75,-0.05,0.07,0.06,-0.042,-0.363,0.608,-0.001,-0.251,0.013,,
2026-01-27 20:24:35.238,pick_on_machine,830.345,-41.393,826.919,179.807,-0.043,-89.944,84.775,48.06,90.5,-0.056,41.628,-95.24,0.042,0.367,-0.665,-0.001,0.298,0.02,0.06,-7.69,-2.74,0.01,0.06,0.01,-0.033,-0.284,0.469,-0.001,-0.191,0.017,,
2026-01-27 20:24:35.341,pick_on_machine,830.73,-41.38,826.837,179.807,-0.043,-89.943,84.779,48.089,90.448,-0.056,41.652,-95.237,0.039,0.348,-0.631,-0.001,0.283,0.021,0.08,-7.75,-2.82,-0.04,-0.03,0.03,-0.034,-0.295,0.494,-0.001,-0.204,0.014,,
2026-01-27 20:24:35.445,pick_on_machine,831.052,-41.369,826.769,179.807,-0.043,-89.942,84.781,48.113,90.403,-0.056,41.672,-95.235,0.037,0.322,-0.584,-0.001,0.261,0.022,-0.01,-7.68,-2.83,0.08,0.05,-0.05,-0.036,-0.312,0.53,-0.001,-0.222,0.01,,
2026-01-27 20:24:35.548,pick_on_machine,831.304,-41.361,826.715,179.807,-0.043,-89.942,84.783,48.132,90.369,-0.056,41.687,-95.233,0.033,0.289,-0.524,-0.001,0.234,0.021,0.07,-7.7,-2.7,0.02,0.05,0.01,-0.039,-0.334,0.573,-0.001,-0.243,0.005,,
2026-01-27 20:24:35.649,pick_on_machine,831.573,-41.352,826.658,179.807,-0.043,-89.941,84.786,48.153,90.332,-0.056,41.703,-95.231,0.03,0.268,-0.486,-0.001,0.217,0.02,0.09,-7.73,-2.76,-0.04,-0.02,0.07,-0.033,-0.288,0.493,-0.001,-0.209,0.006,,
2026-01-27 20:24:35.750,pick_on_machine,831.81,-41.344,826.608,179.807,-0.043,-89.941,84.788,48.171,90.299,-0.056,41.718,-95.229,0.028,0.246,-0.446,-0.001,0.199,0.02,-0.02,-7.73,-2.72,-0.06,-0.03,0.06,-0.033,-0.283,0.486,-0.0,-0.207,0.004,,
2026-01-27 20:24:35.851,pick_on_machine,832.007,-41.338,826.566,179.807,-0.043,-89.941,84.789,48.186,90.272,-0.056,41.73,-95.228,0.025,0.222,-0.402,-0.001,0.179,0.019,-0.06,-7.7,-2.74,-0.0,0.03,-0.0,-0.033,-0.286,0.494,-0.0,-0.212,0.001,,
2026-01-27 20:24:35.952,pick_on_machine,832.193,-41.331,826.526,179.807,-0.043,-89.941,84.791,48.2,90.247,-0.056,41.741,-95.226,0.023,0.202,-0.365,-0.001,0.163,0.018,0.03,-7.68,-2.75,-0.03,0.03,0.04,-0.031,-0.265,0.459,-0.0,-0.197,0.001,,
2026-01-27 20:24:36.053,pick_on_machine,832.345,-41.326,826.494,179.808,-0.043,-89.941,84.792,48.211,90.226,-0.056,41.751,-95.225,0.02,0.18,-0.326,-0.001,0.145,0.017,-0.06,-7.77,-2.68,-0.09,-0.06,0.05,-0.03,-0.264,0.46,-0.0,-0.198,-0.002,,
2026-01-27 20:24:36.157,pick_on_machine,832.537,-41.32,826.453,179.808,-0.043,-89.941,84.794,48.226,90.199,-0.056,41.762,-95.223,0.019,0.171,-0.311,-0.001,0.138,0.017,0.08,-7.76,-2.72,0.01,0.02,0.03,-0.024,-0.207,0.359,-0.0,-0.154,0.002,,
2026-01-27 20:24:36.260,pick_on_machine,832.74,-41.313,826.41,179.808,-0.043,-89.941,84.796,48.241,90.172,-0.056,41.775,-95.222,0.019,0.167,-0.303,-0.001,0.134,0.017,-0.06,-7.81,-2.66,-0.01,-0.02,-0.03,-0.021,-0.179,0.308,-0.0,-0.132,0.003,,
2026-01-27 20:24:36.362,pick_on_machine,832.919,-41.307,826.371,179.808,-0.043,-89.941,84.797,48.255,90.147,-0.056,41.785,-95.22,0.018,0.159,-0.288,-0.001,0.128,0.017,-0.01,-7.77,-2.61,0.11,-0.07,-0.04,-0.021,-0.179,0.31,-0.0,-0.133,0.001,,
2026-01-27 20:24:36.465,pick_on_machine,833.058,-41.302,826.342,179.808,-0.043,-89.941,84.798,48.265,90.128,-0.056,41.794,-95.219,0.016,0.146,-0.264,-0.001,0.117,0.016,0.09,-7.74,-2.74,-0.03,0.0,-0.02,-0.022,-0.191,0.334,-0.0,-0.144,-0.002,,
2026-01-27 20:24:36.567,pick_on_machine,833.208,-41.297,826.31,179.808,-0.044,-89.941,84.8,48.277,90.107,-0.056,41.803,-95.217,0.016,0.138,-0.25,-0.001,0.111,0.015,-0.1,-7.76,-2.68,0.03,-0.0,0.02,-0.019,-0.164,0.285,-0.0,-0.123,-0.001,,
2026-01-27 20:24:36.673,pick_on_machine,833.306,-41.294,826.289,179.808,-0.044,-89.941,84.801,48.284,90.094,-0.056,41.809,-95.216,0.014,0.122,-0.221,-0.0,0.098,0.014,-0.0,-7.81,-2.73,0.02,-0.06,-0.05,-0.021,-0.187,0.328,0.0,-0.143,-0.006,,
2026-01-27 20:24:36.777,pick_on_machine,833.442,-41.289,826.26,179.809,-0.044,-89.941,84.802,48.295,90.075,-0.056,41.817,-95.215,0.013,0.117,-0.212,-0.0,0.094,0.014,-0.02,-7.77,-2.72,0.02,-0.08,0.01,-0.016,-0.14,0.244,-0.0,-0.106,-0.001,,
2026-01-27 20:24:36.884,pick_on_machine,833.585,-41.285,826.229,179.809,-0.044,-89.941,84.803,48.305,90.055,-0.057,41.826,-95.214,0.013,0.115,-0.208,-0.0,0.092,0.014,-0.03,-7.82,-2.75,-0.04,0.04,-0.07,-0.014,-0.12,0.209,-0.0,-0.091,-0.0,,
2026-01-27 20:24:36.989,pick_on_machine,833.725,-41.28,826.199,179.809,-0.044,-89.941,84.804,48.316,90.036,-0.057,41.834,-95.212,0.013,0.113,-0.205,-0.0,0.09,0.014,-0.07,-7.73,-2.7,-0.01,-0.04,0.02,-0.013,-0.11,0.192,-0.0,-0.083,-0.001,,
2026-01-27 20:24:37.092,pick_on_machine,833.836,-41.276,826.176,179.809,-0.044,-89.942,84.805,48.324,90.021,-0.057,41.841,-95.211,0.012,0.106,-0.192,-0.0,0.084,0.013,0.05,-7.76,-2.78,-0.06,-0.01,0.13,-0.014,-0.121,0.213,0.0,-0.093,-0.003,,
2026-01-27 20:24:37.195,pick_on_machine,833.941,-41.272,826.153,179.809,-0.044,-89.942,84.806,48.332,90.006,-0.057,41.847,-95.21,0.011,0.099,-0.18,-0.0,0.079,0.012,0.03,-7.86,-2.74,-0.04,0.09,-0.02,-0.013,-0.114,0.201,0.0,-0.088,-0.004,,
2026-01-27 20:24:37.298,pick_on_machine,834.051,-41.269,826.13,179.809,-0.044,-89.942,84.807,48.341,89.991,-0.057,41.854,-95.209,0.011,0.095,-0.172,-0.0,0.076,0.012,0.04,-7.85,-2.65,-0.0,0.07,0.04,-0.011,-0.098,0.173,0.0,-0.075,-0.003,,
2026-01-27 20:24:37.400,pick_on_machine,834.153,-41.265,826.108,179.809,-0.044,-89.942,84.808,48.349,89.977,-0.057,41.86,-95.208,0.01,0.091,-0.165,-0.0,0.072,0.011,-0.05,-7.73,-2.77,-0.06,0.07,-0.08,-0.011,-0.094,0.166,0.0,-0.072,-0.003,,
2026-01-27 20:24:37.503,pick_on_machine,834.255,-41.262,826.086,179.81,-0.044,-89.942,84.809,48.356,89.963,-0.057,41.866,-95.207,0.01,0.087,-0.158,-0.0,0.069,0.011,0.1,-7.81,-2.73,-0.02,0.05,-0.07,-0.01,-0.086,0.151,0.0,-0.066,-0.004,,
2026-01-27 20:24:37.605,pick_on_machine,834.349,-41.259,826.066,179.81,-0.044,-89.942,84.81,48.363,89.95,-0.057,41.872,-95.206,0.009,0.083,-0.151,-0.0,0.066,0.01,-0.09,-7.83,-2.75,0.0,-0.0,-0.04,-0.009,-0.083,0.146,0.0,-0.064,-0.004,,
2026-01-27 20:24:37.707,pick_on_machine,834.432,-41.256,826.048,179.81,-0.044,-89.942,84.81,48.37,89.939,-0.057,41.877,-95.206,0.009,0.078,-0.142,-0.0,0.062,0.009,0.05,-7.9,-2.69,0.08,0.09,0.05,-0.009,-0.083,0.146,0.0,-0.064,-0.005,,
2026-01-27 20:24:37.810,pick_on_machine,834.51,-41.253,826.032,179.81,-0.044,-89.942,84.811,48.376,89.928,-0.057,41.881,-95.205,0.008,0.073,-0.133,-0.0,0.058,0.009,-0.05,-7.67,-2.75,0.06,0.01,-0.05,-0.009,-0.079,0.139,0.0,-0.061,-0.005,,
2026-01-27 20:24:37.913,pick_on_machine,834.582,-41.251,826.016,179.81,-0.044,-89.942,84.812,48.381,89.918,-0.057,41.886,-95.205,0.008,0.069,-0.125,-0.0,0.054,0.008,0.02,-7.73,-2.78,-0.01,-0.01,-0.03,-0.009,-0.075,0.132,0.0,-0.058,-0.005,,
2026-01-27 20:24:38.124,pick_on_machine,834.71,-41.246,825.989,179.81,-0.044,-89.942,84.813,48.391,89.901,-0.057,41.893,-95.204,0.007,0.06,-0.108,-0.0,0.047,0.006,-0.04,-7.81,-2.72,-0.11,-0.02,0.04,-0.008,-0.073,0.13,0.0,-0.057,-0.006,,
2026-01-27 20:24:38.336,pick_on_machine,834.819,-41.242,825.966,179.811,-0.044,-89.941,84.814,48.399,89.886,-0.057,41.9,-95.203,0.006,0.051,-0.093,-0.0,0.041,0.005,0.11,-7.79,-2.69,0.02,-0.06,-0.01,-0.007,-0.062,0.11,0.0,-0.048,-0.006,,
2026-01-27 20:24:38.644,pick_on_machine,834.967,-41.237,825.934,179.811,-0.044,-89.941,84.815,48.41,89.865,-0.057,41.909,-95.202,0.005,0.043,-0.078,-0.0,0.034,0.003,-0.02,-7.86,-2.61,0.01,0.0,0.06,-0.006,-0.05,0.09,0.0,-0.039,-0.006,,
2026-01-27 20:24:38.848,pick_on_machine,835.052,-41.234,825.916,179.811,-0.044,-89.94,84.816,48.417,89.854,-0.057,41.914,-95.202,0.004,0.038,-0.069,-0.0,0.03,0.002,-0.03,-7.77,-2.79,-0.02,-0.0,0.03,-0.005,-0.045,0.081,0.0,-0.035,-0.005,,
2026-01-27 20:24:39.052,pick_on_machine,835.114,-41.232,825.902,179.811,-0.044,-89.939,84.816,48.421,89.845,-0.057,41.917,-95.202,0.004,0.032,-0.057,-0.0,0.025,0.001,0.02,-7.79,-2.72,-0.01,0.02,-0.04,-0.005,-0.044,0.079,0.0,-0.035,-0.005,,
2026-01-27 20:24:39.363,pick_on_machine,835.202,-41.229,825.883,179.812,-0.044,-89.938,84.817,48.428,89.833,-0.057,41.923,-95.202,0.003,0.026,-0.047,-0.0,0.02,0.0,0.06,-7.85,-2.8,-0.01,0.05,0.02,-0.004,-0.037,0.066,0.0,-0.029,-0.004,,
2026-01-27 20:24:39.571,pick_on_machine,835.252,-41.228,825.873,179.812,-0.044,-89.938,84.817,48.432,89.826,-0.057,41.925,-95.203,0.003,0.023,-0.041,-0.0,0.018,-0.0,0.06,-7.75,-2.76,-0.02,0.0,0.05,-0.003,-0.027,0.049,0.0,-0.021,-0.004,,
2026-01-27 20:24:39.775,pick_on_machine,835.3,-41.226,825.863,179.812,-0.044,-89.937,84.818,48.435,89.82,-0.057,41.928,-95.203,0.002,0.021,-0.038,-0.0,0.016,-0.001,-0.08,-7.75,-2.83,0.04,-0.07,0.01,-0.003,-0.025,0.044,0.0,-0.019,-0.004,,
2026-01-27 20:24:40.086,pick_on_machine,835.351,-41.224,825.852,179.812,-0.044,-89.936,84.818,48.439,89.813,-0.057,41.931,-95.203,0.002,0.016,-0.029,-0.0,0.013,-0.001,0.07,-7.8,-2.74,0.11,-0.01,-0.0,-0.002,-0.022,0.039,0.0,-0.017,-0.003,,
2026-01-27 20:24:40.192,pick_to_retreat_machine,835.497,-41.234,826.838,179.844,-0.047,-89.936,84.818,48.376,89.803,-0.057,41.972,-95.204,0.002,-0.146,-0.047,0.0,0.111,-0.002,0.01,-9.58,-3.41,0.1,-0.01,0.06,-0.002,-0.664,-0.041,0.001,0.379,-0.003,,
2026-01-27 20:24:40.296,pick_to_retreat_machine,836.093,-41.28,833.691,179.912,-0.053,-89.936,84.819,47.934,89.741,-0.056,42.407,-95.204,0.002,-1.214,-0.189,0.003,1.171,-0.002,-0.02,-9.18,-3.28,-0.06,-0.03,0.01,0.001,-4.386,-0.551,0.01,4.291,-0.003,,
2026-01-27 20:24:40.396,pick_to_retreat_machine,836.483,-41.307,840.323,179.905,-0.052,-89.937,84.819,47.508,89.679,-0.055,42.902,-95.204,0.003,-1.976,-0.297,0.005,2.116,-0.002,0.04,-8.93,-3.18,-0.07,0.17,0.1,0.0,-3.787,-0.504,0.009,4.459,-0.002,,
2026-01-27 20:24:40.498,pick_to_retreat_machine,836.791,-41.328,846.548,179.893,-0.051,-89.937,84.82,47.109,89.621,-0.054,43.373,-95.204,0.003,-2.48,-0.369,0.006,2.763,-0.002,0.02,-8.69,-3.05,0.05,0.01,0.08,0.0,-3.142,-0.418,0.008,3.766,-0.002,,
2026-01-27 20:24:40.599,pick_to_retreat_machine,837.037,-41.343,852.39,179.881,-0.049,-89.937,84.82,46.734,89.566,-0.053,43.814,-95.205,0.003,-2.796,-0.414,0.007,3.175,-0.002,-0.04,-8.43,-3.0,-0.08,0.1,0.02,-0.0,-2.579,-0.34,0.006,3.096,-0.002,,
2026-01-27 20:24:40.702,pick_to_retreat_machine,837.251,-41.355,858.495,179.87,-0.048,-89.938,84.82,46.343,89.508,-0.052,44.274,-95.205,0.003,-3.075,-0.454,0.007,3.532,-0.002,-0.04,-8.32,-2.98,-0.04,0.11,0.07,0.0,-2.486,-0.33,0.006,2.977,-0.003,,
2026-01-27 20:24:40.805,pick_to_retreat_machine,837.404,-41.362,863.89,179.86,-0.047,-89.938,84.821,45.998,89.458,-0.051,44.68,-95.205,0.003,-3.169,-0.467,0.008,3.664,-0.003,0.0,-8.16,-2.89,-0.06,0.21,0.08,-0.0,-1.781,-0.229,0.004,2.137,-0.002,,
2026-01-27 20:24:40.907,pick_to_retreat_machine,837.517,-41.366,868.933,179.851,-0.046,-89.938,84.821,45.676,89.41,-0.05,45.059,-95.206,0.003,-3.183,-0.469,0.008,3.695,-0.003,0.03,-8.19,-2.89,-0.02,0.08,-0.02,-0.001,-1.375,-0.173,0.003,1.652,-0.002,,
2026-01-27 20:24:41.008,pick_to_retreat_machine,837.591,-41.367,873.392,179.843,-0.045,-89.938,84.821,45.39,89.369,-0.05,45.393,-95.206,0.003,-3.1,-0.456,0.007,3.607,-0.003,0.02,-7.9,-2.96,0.03,0.22,-0.02,-0.001,-0.863,-0.101,0.002,1.044,-0.002,,
2026-01-27 20:24:41.111,pick_to_retreat_machine,837.642,-41.367,877.813,179.836,-0.044,-89.938,84.821,45.108,89.327,-0.049,45.724,-95.206,0.003,-3.031,-0.445,0.007,3.533,-0.003,0.08,-7.98,-2.92,-0.05,0.14,-0.1,-0.001,-0.751,-0.087,0.002,0.906,-0.002,,
2026-01-27 20:24:41.214,pick_to_retreat_machine,837.67,-41.364,882.165,179.829,-0.043,-89.938,84.822,44.83,89.286,-0.048,46.05,-95.206,0.003,-2.969,-0.436,0.007,3.464,-0.003,0.03,-7.82,-2.88,0.06,0.28,-0.02,-0.001,-0.631,-0.071,0.002,0.759,-0.002,,
2026-01-27 20:24:41.317,pick_to_retreat_machine,837.676,-41.359,886.217,179.824,-0.042,-89.938,84.822,44.571,89.249,-0.048,46.352,-95.207,0.003,-2.873,-0.422,0.007,3.354,-0.003,0.04,-7.83,-2.87,-0.07,0.11,-0.05,-0.001,-0.375,-0.036,0.001,0.454,-0.002,,
2026-01-27 20:24:41.422,pick_to_retreat_machine,837.665,-41.354,889.988,179.818,-0.041,-89.938,84.822,44.33,89.213,-0.047,46.633,-95.207,0.003,-2.757,-0.404,0.007,3.219,-0.003,0.09,-7.82,-2.9,-0.08,0.13,-0.09,-0.001,-0.158,-0.006,0.0,0.195,-0.001,,
2026-01-27 20:24:41.524,pick_to_retreat_machine,837.64,-41.347,893.499,179.814,-0.04,-89.938,84.822,44.106,89.181,-0.047,46.895,-95.207,0.003,-2.628,-0.385,0.006,3.068,-0.003,0.0,-7.83,-2.9,-0.03,0.14,0.03,-0.001,0.025,0.019,-0.0,-0.022,-0.001,,
2026-01-27 20:24:41.625,pick_to_retreat_machine,837.61,-41.341,896.266,179.81,-0.04,-89.938,84.823,43.93,89.155,-0.046,47.101,-95.208,0.002,-2.412,-0.353,0.006,2.815,-0.003,0.04,-7.8,-2.88,-0.04,0.28,0.04,-0.001,0.497,0.087,-0.001,-0.576,-0.0,,
2026-01-27 20:24:41.728,pick_to_retreat_machine,837.571,-41.334,899.029,179.807,-0.039,-89.938,84.823,43.754,89.129,-0.046,47.306,-95.208,0.002,-2.25,-0.329,0.005,2.625,-0.003,0.05,-7.75,-3.02,-0.02,0.2,0.04,-0.001,0.451,0.079,-0.001,-0.524,-0.001,,
2026-01-27 20:24:41.832,pick_to_retreat_machine,837.525,-41.326,901.767,179.804,-0.039,-89.938,84.823,43.579,89.103,-0.045,47.509,-95.208,0.002,-2.124,-0.311,0.005,2.476,-0.003,-0.0,-7.81,-2.96,0.06,0.1,-0.02,-0.001,0.422,0.073,-0.001,-0.493,-0.001,,
2026-01-27 20:24:41.936,pick_to_retreat_machine,837.47,-41.318,904.462,179.801,-0.039,-89.938,84.823,43.407,89.078,-0.045,47.709,-95.209,0.002,-2.023,-0.296,0.005,2.357,-0.003,-0.02,-7.71,-2.99,0.03,0.17,-0.02,-0.001,0.407,0.07,-0.001,-0.478,-0.001,,
2026-01-27 20:24:42.042,pick_to_retreat_machine,837.412,-41.309,906.97,179.799,-0.038,-89.938,84.823,43.247,89.055,-0.044,47.895,-95.209,0.002,-1.917,-0.28,0.005,2.232,-0.003,0.01,-7.69,-2.98,0.14,0.05,0.04,-0.001,0.486,0.081,-0.001,-0.571,-0.0,,
2026-01-27 20:24:42.146,pick_to_retreat_machine,837.352,-41.301,909.304,179.797,-0.038,-89.938,84.823,43.098,89.033,-0.044,48.067,-95.209,0.002,-1.81,-0.265,0.004,2.105,-0.003,-0.1,-7.68,-3.06,-0.05,0.11,0.06,-0.001,0.548,0.089,-0.001,-0.644,-0.0,,
2026-01-27 20:24:42.247,pick_to_retreat_machine,837.299,-41.294,911.144,179.796,-0.037,-89.938,84.823,42.981,89.016,-0.044,48.203,-95.209,0.002,-1.651,-0.241,0.004,1.919,-0.003,-0.02,-7.74,-2.97,-0.04,0.03,-0.03,-0.001,0.809,0.126,-0.002,-0.947,0.0,,
2026-01-27 20:24:42.352,pick_to_retreat_machine,837.244,-41.287,912.98,179.794,-0.037,-89.938,84.824,42.864,88.999,-0.044,48.339,-95.21,0.001,-1.531,-0.224,0.004,1.778,-0.003,0.03,-7.68,-3.0,-0.09,0.13,0.0,-0.001,0.73,0.114,-0.002,-0.856,0.0,,
2026-01-27 20:24:42.456,pick_to_retreat_machine,837.182,-41.279,914.898,179.793,-0.037,-89.938,84.824,42.742,88.981,-0.043,48.48,-95.21,0.001,-1.454,-0.212,0.004,1.687,-0.003,-0.07,-7.7,-3.03,-0.09,0.1,-0.1,-0.001,0.606,0.095,-0.001,-0.712,0.0,,
2026-01-27 20:24:42.558,pick_to_retreat_machine,837.12,-41.271,916.682,179.792,-0.037,-89.938,84.824,42.628,88.965,-0.043,48.611,-95.21,0.001,-1.375,-0.201,0.003,1.593,-0.002,-0.09,-7.7,-3.05,-0.03,0.07,0.0,-0.001,0.63,0.098,-0.002,-0.741,0.0,,
2026-01-27 20:24:42.663,pick_to_retreat_machine,837.066,-41.264,918.173,179.791,-0.037,-89.938,84.824,42.533,88.951,-0.043,48.721,-95.21,0.001,-1.269,-0.185,0.003,1.469,-0.002,-0.05,-7.79,-3.07,0.02,0.1,-0.12,-0.001,0.754,0.115,-0.002,-0.884,0.001,,
2026-01-27 20:24:42.768,pick_to_retreat_machine,837.01,-41.257,919.651,179.791,-0.036,-89.938,84.824,42.439,88.937,-0.043,48.83,-95.21,0.001,-1.187,-0.173,0.003,1.373,-0.002,-0.01,-7.65,-3.03,-0.0,0.09,-0.03,-0.001,0.687,0.105,-0.002,-0.806,0.001,waypoint,
2026-01-27 20:24:42.874,pick_to_retreat_machine,823.361,-42.332,922.234,179.568,-0.018,-90.087,84.664,41.375,90.701,-0.046,48.352,-95.218,-0.399,-3.549,4.281,-0.007,-0.164,-0.02,0.04,-7.8,-2.76,-0.07,-0.06,-0.04,-1.599,-9.074,17.876,-0.04,-6.588,-0.071,,
2026-01-27 20:24:42.975,pick_to_retreat_machine,803.929,-43.763,924.945,179.553,-0.02,-90.285,84.434,39.891,93.264,-0.051,47.288,-95.246,-0.873,-6.372,9.618,-0.018,-2.783,-0.085,0.04,-7.72,-2.59,-0.03,-0.12,0.0,-2.139,-12.373,24.073,-0.053,-11.791,-0.27,,
2026-01-27 20:24:43.077,pick_to_retreat_machine,784.477,-44.989,927.428,179.584,-0.026,-90.457,84.208,38.429,95.79,-0.056,46.192,-95.296,-1.221,-8.434,13.528,-0.026,-4.826,-0.189,0.05,-7.57,-2.47,0.01,-0.27,-0.01,-1.891,-10.917,21.296,-0.045,-10.931,-0.465,,
2026-01-27 20:24:43.178,pick_to_retreat_machine,765.091,-45.999,929.68,179.617,-0.031,-90.601,83.987,36.999,98.26,-0.061,45.119,-95.369,-1.469,-9.9,16.32,-0.032,-6.303,-0.325,0.12,-7.59,-2.39,0.06,-0.33,-0.08,-1.651,-9.499,18.604,-0.037,-9.613,-0.648,,
2026-01-27 20:24:43.278,pick_to_retreat_machine,748.582,-46.7,931.43,179.644,-0.035,-90.701,83.802,35.802,100.328,-0.065,44.221,-95.451,-1.565,-10.418,17.411,-0.033,-6.972,-0.447,-0.03,-7.48,-2.33,-0.04,-0.31,-0.01,-1.127,-6.225,12.729,-0.024,-6.898,-0.667,,
2026-01-27 20:24:43.378,pick_to_retreat_machine,732.095,-47.259,933.029,179.669,-0.038,-90.78,83.619,34.624,102.363,-0.068,43.339,-95.551,-1.629,-10.759,18.146,-0.034,-7.435,-0.586,-0.0,-7.35,-2.3,-0.0,-0.33,0.02,-0.985,-5.413,11.127,-0.019,-6.055,-0.786,,
2026-01-27 20:24:43.480,pick_to_retreat_machine,718.94,-47.607,934.202,179.688,-0.041,-90.827,83.476,33.695,103.967,-0.071,42.644,-95.645,-1.581,-10.39,17.619,-0.032,-7.313,-0.674,0.03,-7.31,-2.27,-0.04,-0.4,-0.21,-0.5,-2.374,5.7,-0.008,-3.571,-0.647,,
2026-01-27 20:24:43.580,pick_to_retreat_machine,705.671,-47.871,935.294,179.706,-0.043,-90.86,83.332,32.769,105.568,-0.073,41.951,-95.753,-1.545,-10.109,17.217,-0.03,-7.217,-0.776,-0.02,-7.09,-2.2,0.09,-0.43,0.0,-0.447,-2.119,5.1,-0.005,-3.194,-0.725,,
2026-01-27 20:24:43.683,pick_to_retreat_machine,694.548,-48.028,936.142,179.721,-0.045,-90.876,83.213,31.999,106.897,-0.075,41.376,-95.855,-1.456,-9.506,16.236,-0.027,-6.849,-0.836,0.07,-7.03,-2.14,-0.07,-0.34,-0.08,-0.159,-0.336,1.875,0.001,-1.694,-0.586,,
2026-01-27 20:24:43.787,pick_to_retreat_machine,683.267,-48.127,936.94,179.735,-0.046,-90.88,83.093,31.225,108.235,-0.077,40.799,-95.968,-1.392,-9.065,15.52,-0.025,-6.581,-0.912,0.01,-6.86,-2.16,0.08,-0.33,-0.11,-0.15,-0.347,1.765,0.002,-1.553,-0.649,,
2026-01-27 20:24:43.888,pick_to_retreat_machine,670.622,-48.169,937.761,179.75,-0.048,-90.871,82.96,30.365,109.721,-0.079,40.158,-96.109,-1.377,-8.949,15.355,-0.023,-6.538,-1.036,-0.06,-6.8,-2.22,-0.0,-0.33,-0.19,-0.269,-1.175,3.078,0.001,-2.034,-0.855,,
2026-01-27 20:24:43.989,pick_to_retreat_machine,658.152,-48.138,938.497,179.764,-0.049,-90.845,82.83,29.524,111.173,-0.08,39.532,-96.263,-1.358,-8.815,15.148,-0.021,-6.469,-1.161,0.05,-6.72,-2.18,-0.02,-0.34,-0.15,-0.212,-0.865,2.438,0.004,-1.68,-0.896,,
2026-01-27 20:24:44.090,pick_to_retreat_machine,647.064,-48.053,939.09,179.776,-0.05,-90.81,82.715,28.782,112.455,-0.082,38.98,-96.412,-1.306,-8.466,14.566,-0.019,-6.231,-1.244,-0.07,-6.5,-2.16,-0.03,-0.36,-0.16,-0.038,0.211,0.485,0.007,-0.768,-0.764,,
2026-01-27 20:24:44.192,pick_to_retreat_machine,636.148,-47.917,939.62,179.787,-0.05,-90.761,82.603,28.056,113.709,-0.082,38.441,-96.571,-1.26,-8.163,14.058,-0.016,-6.02,-1.331,0.0,-6.39,-2.1,0.04,-0.28,-0.16,-0.008,0.356,0.15,0.008,-0.562,-0.788,,
2026-01-27 20:24:44.297,pick_to_retreat_machine,625.471,-47.733,940.087,179.797,-0.051,-90.701,82.493,27.351,114.926,-0.083,37.918,-96.74,-1.218,-7.885,13.587,-0.014,-5.822,-1.419,-0.07,-6.22,-2.15,-0.1,-0.24,-0.27,0.024,0.526,-0.222,0.009,-0.346,-0.798,,
2026-01-27 20:24:44.398,pick_to_retreat_machine,616.007,-47.53,940.458,179.805,-0.051,-90.637,82.397,26.73,115.999,-0.084,37.458,-96.9,-1.154,-7.467,12.873,-0.012,-5.517,-1.464,-0.01,-6.15,-2.14,0.04,-0.29,-0.15,0.151,1.311,-1.646,0.011,0.316,-0.634,,
2026-01-27 20:24:44.502,pick_to_retreat_machine,607.186,-47.307,940.769,179.812,-0.051,-90.567,82.308,26.154,116.994,-0.084,37.032,-97.058,-1.088,-7.039,12.141,-0.01,-5.202,-1.493,-0.11,-6.04,-2.16,0.11,-0.34,-0.16,0.206,1.633,-2.265,0.012,0.625,-0.554,,
2026-01-27 20:24:44.605,pick_to_retreat_machine,598.575,-47.058,941.041,179.818,-0.051,-90.49,82.221,25.595,117.96,-0.084,36.619,-97.221,-1.033,-6.678,11.522,-0.008,-4.935,-1.528,0.05,-5.93,-2.23,-0.12,-0.16,-0.22,0.211,1.634,-2.321,0.012,0.689,-0.55,,
2026-01-27 20:24:44.710,pick_to_retreat_machine,590.953,-46.812,941.254,179.823,-0.051,-90.414,82.145,25.102,118.812,-0.084,36.255,-97.373,-0.966,-6.241,10.77,-0.006,-4.611,-1.526,0.07,-5.82,-2.17,0.04,-0.21,-0.17,0.293,2.135,-3.237,0.012,1.116,-0.381,,
2026-01-27 20:24:44.812,pick_to_retreat_machine,583.859,-46.561,941.431,179.827,-0.05,-90.337,82.074,24.645,119.601,-0.084,35.919,-97.52,-0.901,-5.823,10.051,-0.004,-4.3,-1.513,-0.03,-5.74,-2.08,-0.05,-0.26,-0.21,0.319,2.281,-3.535,0.012,1.274,-0.3,,
2026-01-27 20:24:44.927,pick_to_retreat_machine,578.541,-46.36,941.55,179.83,-0.05,-90.275,82.021,24.303,120.191,-0.084,35.667,-97.635,-0.808,-5.221,9.013,-0.003,-3.853,-1.421,-0.08,-5.58,-2.09,-0.02,-0.17,-0.21,0.466,3.209,-5.177,0.011,2.001,0.061,,
2026-01-27 20:24:45.037,pick_to_retreat_machine,575.682,-46.247,941.609,179.832,-0.05,-90.241,81.993,24.12,120.507,-0.084,35.532,-97.698,-0.677,-4.374,7.551,-0.002,-3.227,-1.223,-0.12,-5.65,-2.12,-0.05,-0.26,-0.22,0.665,4.471,-7.394,0.01,2.967,0.571,,
2026-01-27 20:24:45.140,pick_to_retreat_machine,572.313,-46.11,941.674,179.834,-0.05,-90.199,81.96,23.905,120.88,-0.084,35.374,-97.773,-0.591,-3.819,6.594,-0.001,-2.816,-1.106,-0.07,-5.38,-2.25,-0.08,-0.07,-0.16,0.548,3.7,-6.095,0.009,2.433,0.39,,
2026-01-27 20:24:45.243,pick_to_retreat_machine,567.364,-45.9,941.761,179.836,-0.049,-90.135,81.911,23.589,121.425,-0.084,35.142,-97.886,-0.566,-3.654,6.31,-0.001,-2.692,-1.111,-0.05,-5.41,-2.17,-0.01,-0.12,-0.21,0.338,2.326,-3.751,0.009,1.454,-0.024,,
2026-01-27 20:24:45.347,pick_to_retreat_machine,562.978,-45.706,941.83,179.838,-0.049,-90.076,81.867,23.309,121.908,-0.084,34.937,-97.988,-0.533,-3.439,5.938,0.0,-2.532,-1.089,-0.02,-5.37,-2.14,0.04,-0.13,-0.3,0.361,2.459,-4.009,0.008,1.579,0.086,,
2026-01-27 20:24:45.450,pick_to_retreat_machine,558.341,-45.493,941.894,179.839,-0.049,-90.012,81.822,23.015,122.417,-0.083,34.721,-98.098,-0.513,-3.316,5.726,0.001,-2.439,-1.091,0.06,-5.3,-2.16,-0.02,-0.16,-0.11,0.301,2.06,-3.343,0.008,1.311,-0.001,,
2026-01-27 20:24:45.550,pick_to_retreat_machine,554.0,-45.285,941.946,179.841,-0.048,-89.95,81.779,22.739,122.892,-0.083,34.519,-98.202,-0.492,-3.175,5.483,0.001,-2.333,-1.079,-0.08,-5.28,-2.14,-0.05,-0.13,-0.21,0.301,2.048,-3.344,0.007,1.325,0.054,,
2026-01-27 20:24:45.650,pick_to_retreat_machine,550.376,-45.106,941.984,179.841,-0.048,-89.898,81.744,22.51,123.288,-0.083,34.352,-98.29,-0.458,-2.955,5.103,0.001,-2.169,-1.029,-0.13,-5.17,-2.23,0.04,-0.11,-0.2,0.342,2.302,-3.802,0.006,1.53,0.212,,
2026-01-27 20:24:45.752,pick_to_retreat_machine,547.166,-44.943,942.013,179.842,-0.047,-89.851,81.712,22.307,123.639,-0.083,34.203,-98.369,-0.422,-2.723,4.703,0.002,-1.997,-0.968,-0.0,-5.05,-2.14,-0.1,-0.11,-0.12,0.349,2.338,-3.881,0.006,1.573,0.287,,
2026-01-27 20:24:45.856,pick_to_retreat_machine,543.933,-44.775,942.038,179.843,-0.047,-89.803,81.681,22.103,123.991,-0.083,34.055,-98.448,-0.395,-2.552,4.408,0.002,-1.87,-0.924,-0.05,-5.06,-2.17,0.02,-0.06,-0.19,0.312,2.092,-3.473,0.005,1.408,0.25,,
2026-01-27 20:24:45.956,pick_to_retreat_machine,540.701,-44.603,942.059,179.843,-0.046,-89.756,81.649,21.9,124.343,-0.082,33.906,-98.527,-0.375,-2.423,4.185,0.002,-1.774,-0.891,0.0,-5.06,-2.32,0.03,-0.13,-0.13,0.282,1.887,-3.132,0.005,1.272,0.225,,
2026-01-27 20:24:46.062,pick_to_retreat_machine,537.494,-44.429,942.076,179.843,-0.046,-89.709,81.618,21.698,124.691,-0.082,33.759,-98.605,-0.36,-2.322,4.01,0.002,-1.698,-0.864,-0.04,-5.0,-2.12,0.0,-0.13,-0.15,0.256,1.717,-2.851,0.004,1.16,0.212,,
2026-01-27 20:24:46.168,pick_to_retreat_machine,534.332,-44.252,942.088,179.843,-0.045,-89.663,81.587,21.499,125.034,-0.082,33.615,-98.682,-0.347,-2.238,3.865,0.002,-1.634,-0.839,-0.01,-4.86,-2.17,0.11,-0.09,-0.11,0.236,1.577,-2.621,0.004,1.069,0.209,,
2026-01-27 20:24:46.269,pick_to_retreat_machine,531.237,-44.076,942.096,179.843,-0.045,-89.619,81.557,21.305,125.369,-0.082,33.474,-98.756,-0.335,-2.164,3.737,0.002,-1.579,-0.814,0.09,-4.84,-2.16,-0.07,-0.15,-0.1,0.219,1.464,-2.435,0.003,0.996,0.216,,
2026-01-27 20:24:46.373,pick_to_retreat_machine,528.226,-43.901,942.101,179.843,-0.044,-89.579,81.528,21.117,125.695,-0.082,33.337,-98.826,-0.324,-2.094,3.617,0.002,-1.526,-0.785,-0.0,-4.92,-2.18,0.05,-0.08,-0.12,0.206,1.372,-2.287,0.002,0.938,0.231,,
2026-01-27 20:24:46.476,pick_to_retreat_machine,525.441,-43.737,942.101,179.843,-0.044,-89.543,81.501,20.942,125.996,-0.081,33.21,-98.888,-0.311,-2.006,3.465,0.002,-1.46,-0.746,-0.05,-4.88,-2.16,0.02,-0.1,-0.09,0.207,1.379,-2.308,0.002,0.951,0.281,,
2026-01-27 20:24:46.578,pick_to_retreat_machine,523.222,-43.603,942.1,179.842,-0.044,-89.516,81.479,20.804,126.235,-0.081,33.11,-98.936,-0.287,-1.851,3.197,0.002,-1.346,-0.68,0.03,-4.87,-2.15,-0.05,-0.05,-0.06,0.242,1.597,-2.69,0.001,1.114,0.399,,
2026-01-27 20:24:46.681,pick_to_retreat_machine,521.147,-43.477,942.097,179.842,-0.043,-89.493,81.459,20.674,126.459,-0.081,33.016,-98.98,-0.265,-1.712,2.957,0.001,-1.244,-0.618,0.02,-4.78,-2.14,-0.08,-0.03,-0.15,0.232,1.528,-2.579,0.001,1.07,0.409,,
2026-01-27 20:24:46.788,pick_to_retreat_machine,519.103,-43.351,942.092,179.841,-0.043,-89.473,81.439,20.547,126.679,-0.081,32.924,-99.02,-0.248,-1.603,2.768,0.001,-1.163,-0.564,-0.01,-4.81,-2.2,-0.03,-0.0,-0.1,0.212,1.396,-2.357,0.0,0.979,0.396,,
2026-01-27 20:24:46.889,pick_to_retreat_machine,517.885,-43.275,942.089,179.841,-0.043,-89.461,81.428,20.471,126.81,-0.081,32.87,-99.043,-0.216,-1.392,2.404,0.001,-1.009,-0.48,0.02,-4.74,-2.21,0.02,-0.11,0.0,0.27,1.772,-3.012,0.0,1.254,0.532,,
2026-01-27 20:24:46.991,pick_to_retreat_machine,516.157,-43.166,942.083,179.84,-0.043,-89.448,81.411,20.363,126.996,-0.081,32.792,-99.073,-0.203,-1.313,2.267,0.0,-0.951,-0.436,0.09,-4.67,-2.21,-0.06,-0.02,0.01,0.194,1.278,-2.163,-0.0,0.901,0.402,,
2026-01-27 20:24:47.093,pick_to_retreat_machine,514.542,-43.064,942.076,179.84,-0.042,-89.437,81.396,20.263,127.169,-0.081,32.72,-99.099,-0.191,-1.236,2.134,0.0,-0.894,-0.393,0.04,-4.59,-2.1,-0.07,-0.05,-0.08,0.186,1.221,-2.07,-0.0,0.863,0.404,,
2026-01-27 20:24:47.198,pick_to_retreat_machine,513.775,-43.015,942.072,179.839,-0.042,-89.433,81.388,20.215,127.252,-0.081,32.685,-99.111,-0.162,-1.046,1.807,0.0,-0.756,-0.323,0.05,-4.69,-2.13,0.0,-0.1,-0.09,0.249,1.627,-2.774,-0.0,1.157,0.51,,
2026-01-27 20:24:47.298,pick_to_retreat_machine,512.472,-42.931,942.066,179.839,-0.042,-89.427,81.376,20.134,127.391,-0.082,32.627,-99.129,-0.153,-0.987,1.704,-0.0,-0.713,-0.288,-0.06,-4.75,-2.22,0.08,-0.04,-0.05,0.173,1.132,-1.923,-0.001,0.802,0.393,,
2026-01-27 20:24:47.401,pick_to_retreat_machine,511.024,-42.837,942.058,179.838,-0.042,-89.423,81.362,20.044,127.547,-0.082,32.563,-99.147,-0.149,-0.965,1.667,-0.001,-0.696,-0.26,-0.04,-4.57,-2.22,-0.0,0.03,-0.05,0.141,0.929,-1.575,-0.001,0.658,0.358,,
2026-01-27 20:24:47.504,pick_to_retreat_machine,509.676,-42.749,942.05,179.837,-0.042,-89.422,81.349,19.96,127.691,-0.082,32.502,-99.161,-0.145,-0.933,1.611,-0.001,-0.672,-0.23,-0.14,-4.52,-2.2,0.07,0.02,-0.16,0.137,0.898,-1.525,-0.001,0.638,0.361,,
2026-01-27 20:24:47.606,pick_to_retreat_machine,508.357,-42.662,942.041,179.836,-0.042,-89.423,81.336,19.879,127.833,-0.082,32.444,-99.171,-0.14,-0.904,1.562,-0.001,-0.651,-0.199,0.01,-4.63,-2.21,-0.01,0.01,-0.07,0.126,0.827,-1.405,-0.002,0.588,0.357,,
2026-01-27 20:24:47.709,pick_to_retreat_machine,507.192,-42.585,942.033,179.835,-0.041,-89.428,81.325,19.806,127.957,-0.082,32.392,-99.178,-0.133,-0.859,1.483,-0.001,-0.617,-0.166,0.02,-4.61,-2.25,-0.01,-0.13,-0.09,0.128,0.841,-1.431,-0.002,0.599,0.36,,
2026-01-27 20:24:47.812,pick_to_retreat_machine,506.163,-42.517,942.025,179.835,-0.041,-89.434,81.315,19.743,128.067,-0.082,32.347,-99.182,-0.124,-0.804,1.388,-0.002,-0.577,-0.134,-0.04,-4.43,-2.13,0.04,0.04,-0.03,0.129,0.841,-1.433,-0.001,0.6,0.356,waypoint,
2026-01-27 20:24:47.917,pick_to_retreat_machine,507.667,-50.159,960.789,-179.418,-0.172,-90.22,80.492,17.948,127.533,-0.094,33.916,-99.212,-2.151,-5.089,-0.295,-0.03,3.492,-0.176,-0.21,-5.57,-2.45,0.05,0.42,-0.01,-8.015,-16.55,-7.732,-0.113,16.694,0.054,,
2026-01-27 20:24:48.018,pick_to_retreat_machine,506.67,-66.945,1004.774,-179.203,-0.234,-91.885,78.62,13.937,126.11,-0.121,39.128,-99.404,-6.294,-13.843,-3.779,-0.089,15.648,-0.613,-0.33,-5.46,-2.27,-0.06,0.84,-0.19,-17.707,-37.058,-15.851,-0.256,51.442,-1.575,,
2026-01-27 20:24:48.123,pick_to_retreat_machine,500.802,-82.37,1048.828,-179.332,-0.242,-93.333,76.784,10.008,124.702,-0.143,44.59,-99.784,-9.31,-20.205,-6.355,-0.122,25.392,-1.409,-0.25,-5.42,-2.29,0.05,1.19,-0.2,-15.57,-32.536,-14.114,-0.181,48.806,-3.288,,
2026-01-27 20:24:48.228,pick_to_retreat_machine,491.518,-95.479,1090.159,-179.465,-0.245,-94.492,75.082,6.366,123.396,-0.158,49.667,-100.325,-11.237,-24.26,-8.03,-0.131,31.737,-2.409,-0.28,-5.23,-2.27,0.01,1.35,-0.49,-12.674,-26.414,-11.679,-0.104,40.072,-4.573,,
2026-01-27 20:24:48.333,pick_to_retreat_machine,479.645,-106.322,1128.637,-179.584,-0.246,-95.39,73.505,2.99,122.186,-0.17,54.369,-101.008,-12.371,-26.636,-9.048,-0.126,35.556,-3.514,-0.27,-5.11,-2.37,-0.04,1.5,-0.47,-10.165,-21.115,-9.556,-0.045,32.31,-5.532,,
2026-01-27 20:24:48.435,pick_to_retreat_machine,467.319,-114.241,1160.802,-179.679,-0.244,-95.998,72.183,0.162,121.173,-0.176,58.302,-101.728,-12.582,-27.046,-9.319,-0.112,36.499,-4.435,-0.23,-4.91,-2.65,-0.02,1.62,-0.61,-6.585,-13.515,-6.631,0.003,21.391,-5.351,,
2026-01-27 20:24:48.536,pick_to_retreat_machine,453.111,-120.848,1192.258,-179.769,-0.24,-96.453,70.883,-2.621,120.176,-0.181,62.168,-102.581,-12.687,-27.242,-9.482,-0.095,37.04,-5.459,-0.3,-4.66,-2.66,-0.01,1.57,-0.75,-5.718,-11.715,-5.805,0.026,18.585,-6.148,,
2026-01-27 20:24:48.637,pick_to_retreat_machine,438.091,-125.819,1221.229,-179.849,-0.232,-96.738,69.673,-5.211,119.248,-0.183,65.761,-103.515,-12.541,-26.906,-9.431,-0.077,36.763,-6.43,-0.29,-4.46,-2.82,-0.07,1.55,-0.82,-4.244,-8.612,-4.531,0.045,14.001,-6.347,,
2026-01-27 20:24:48.741,pick_to_retreat_machine,425.071,-128.866,1243.781,-179.909,-0.224,-96.859,68.719,-7.252,118.517,-0.184,68.59,-104.355,-11.79,-25.281,-8.9,-0.059,34.645,-6.922,-0.26,-4.19,-2.93,-0.06,1.62,-0.98,-1.255,-2.262,-2.11,0.057,4.955,-4.765,,
2026-01-27 20:24:48.843,pick_to_retreat_machine,410.244,-131.189,1267.237,-179.969,-0.213,-96.882,67.713,-9.404,117.746,-0.183,71.572,-105.347,-11.358,-24.343,-8.602,-0.044,33.437,-7.672,-0.23,-4.05,-3.16,0.02,1.54,-1.03,-1.653,-3.156,-2.299,0.061,5.983,-5.812,,
2026-01-27 20:24:48.944,pick_to_retreat_machine,395.421,-132.485,1288.781,179.978,-0.201,-96.799,66.773,-11.415,117.026,-0.182,74.354,-106.379,-10.868,-23.285,-8.252,-0.03,32.033,-8.334,-0.3,-3.79,-3.26,0.05,1.5,-1.19,-0.826,-1.422,-1.56,0.064,3.391,-5.632,,
2026-01-27 20:24:49.054,pick_to_retreat_machine,384.808,-132.861,1303.222,179.943,-0.191,-96.68,66.133,-12.785,116.536,-0.181,76.246,-107.144,-9.751,-20.887,-7.414,-0.019,28.756,-8.163,-0.18,-3.49,-3.39,-0.11,1.51,-1.32,2.255,5.136,0.894,0.058,-5.84,-2.395,,
2026-01-27 20:24:49.158,pick_to_retreat_machine,371.139,-132.739,1320.779,179.903,-0.177,-96.46,65.342,-14.477,115.931,-0.179,78.583,-108.162,-9.291,-19.895,-7.075,-0.009,27.409,-8.667,-0.24,-3.44,-3.4,0.08,1.41,-1.3,0.521,1.396,-0.35,0.059,-0.817,-4.688,,
2026-01-27 20:24:49.261,pick_to_retreat_machine,355.467,-131.834,1339.639,179.862,-0.161,-96.121,64.475,-16.333,115.266,-0.176,81.143,-109.377,-9.137,-19.562,-6.966,-0.001,26.958,-9.537,-0.27,-3.22,-3.59,0.01,1.34,-1.41,-0.298,-0.384,-0.901,0.06,1.504,-6.186,,
2026-01-27 20:24:49.362,pick_to_retreat_machine,341.081,-130.342,1355.901,179.828,-0.145,-95.732,63.709,-17.971,114.68,-0.174,83.4,-110.538,-8.767,-18.766,-6.69,0.006,25.861,-10.057,-0.13,-2.97,-3.69,-0.0,1.32,-1.43,0.752,1.838,-0.028,0.054,-1.684,-5.036,,
2026-01-27 20:24:49.463,pick_to_retreat_machine,327.247,-128.355,1370.69,179.799,-0.129,-95.291,62.996,-19.495,114.135,-0.171,85.498,-111.699,-8.356,-17.884,-6.38,0.011,24.64,-10.443,-0.28,-2.8,-3.71,-0.02,1.12,-1.44,1.208,2.791,0.382,0.048,-3.104,-4.519,,
2026-01-27 20:24:49.567,pick_to_retreat_machine,313.33,-125.841,1384.807,179.773,-0.112,-94.782,62.3,-20.985,113.602,-0.169,87.547,-112.91,-8.009,-17.139,-6.118,0.015,23.603,-10.861,-0.26,-2.56,-3.7,-0.06,1.21,-1.44,1.245,2.851,0.466,0.044,-3.283,-4.579,,
2026-01-27 20:24:49.669,pick_to_retreat_machine,300.746,-123.145,1396.964,179.753,-0.097,-94.268,61.685,-22.3,113.132,-0.166,89.353,-114.045,-7.544,-16.141,-5.764,0.017,22.217,-10.982,-0.17,-2.41,-3.85,-0.01,1.16,-1.41,1.94,4.319,1.047,0.036,-5.384,-3.35,,
2026-01-27 20:24:49.775,pick_to_retreat_machine,288.184,-120.068,1408.565,179.735,-0.082,-93.705,61.084,-23.585,112.672,-0.164,91.117,-115.214,-7.16,-15.32,-5.472,0.018,21.073,-11.161,-0.22,-2.22,-3.79,0.12,0.99,-1.43,1.882,4.18,1.048,0.032,-5.267,-3.369,,
2026-01-27 20:24:49.877,pick_to_retreat_machine,276.323,-116.822,1419.057,179.72,-0.068,-93.128,60.527,-24.777,112.246,-0.162,92.751,-116.353,-6.763,-14.469,-5.169,0.019,19.889,-11.218,-0.16,-2.05,-3.84,-0.09,1.02,-1.4,2.132,4.7,1.279,0.026,-6.044,-2.722,,
2026-01-27 20:24:49.978,pick_to_retreat_machine,265.696,-113.64,1428.096,179.709,-0.056,-92.575,60.035,-25.828,111.87,-0.16,94.191,-117.401,-6.302,-13.481,-4.817,0.018,18.516,-11.034,-0.18,-1.86,-3.82,-0.04,0.79,-1.6,2.574,5.632,1.653,0.02,-7.377,-1.544,,
2026-01-27 20:24:50.082,pick_to_retreat_machine,255.169,-110.238,1436.728,179.699,-0.044,-91.996,59.554,-26.857,111.503,-0.159,95.597,-118.465,-5.928,-12.681,-4.531,0.017,17.403,-10.934,-0.19,-1.71,-3.92,-0.03,0.74,-1.44,2.426,5.303,1.572,0.016,-6.974,-1.542,,
2026-01-27 20:24:50.188,pick_to_retreat_machine,245.296,-106.825,1444.544,179.692,-0.033,-91.427,59.108,-27.81,111.162,-0.158,96.9,-119.484,-5.561,-11.894,-4.25,0.016,16.308,-10.747,-0.23,-1.47,-4.03,-0.05,0.83,-1.47,2.534,5.522,1.683,0.011,-7.317,-0.941,,
2026-01-27 20:24:50.292,pick_to_retreat_machine,235.162,-103.101,1452.295,179.686,-0.022,-90.818,58.655,-28.778,110.816,-0.157,98.221,-120.549,-5.303,-11.341,-4.053,0.014,15.535,-10.724,-0.11,-1.45,-4.02,0.04,0.75,-1.38,2.21,4.818,1.461,0.008,-6.392,-1.312,,
2026-01-27 20:24:50.396,pick_to_retreat_machine,225.75,-99.446,1459.254,179.682,-0.013,-90.234,58.239,-29.669,110.498,-0.156,99.436,-121.553,-5.019,-10.733,-3.835,0.012,14.688,-10.553,-0.12,-1.3,-4.04,0.03,0.73,-1.37,2.351,5.11,1.591,0.005,-6.823,-0.57,,
2026-01-27 20:24:50.497,pick_to_retreat_machine,218.949,-96.687,1464.142,179.679,-0.007,-89.802,57.94,-30.309,110.269,-0.156,100.307,-122.286,-4.512,-9.649,-3.448,0.01,13.193,-9.746,-0.1,-1.16,-3.95,0.05,0.65,-1.22,3.292,7.115,2.331,0.001,-9.58,2.203,,
2026-01-27 20:24:50.597,pick_to_retreat_machine,213.272,-94.309,1468.135,179.678,-0.002,-89.438,57.691,-30.84,110.08,-0.156,101.029,-122.9,-4.005,-8.564,-3.06,0.008,11.701,-8.845,-0.23,-1.07,-4.01,0.01,0.57,-1.35,3.47,7.487,2.486,-0.001,-10.104,3.165,,
2026-01-27 20:24:50.701,pick_to_retreat_machine,207.537,-91.838,1472.087,179.677,0.003,-89.068,57.442,-31.374,109.889,-0.156,101.755,-123.522,-3.628,-7.758,-2.772,0.006,10.591,-8.188,-0.18,-0.91,-3.99,0.02,0.59,-1.24,3.108,6.707,2.226,-0.001,-9.057,2.775,,
2026-01-27 20:24:50.811,pick_to_retreat_machine,202.448,-89.587,1475.528,179.677,0.007,-88.74,57.221,-31.846,109.72,-0.156,102.397,-124.073,-3.273,-6.999,-2.501,0.005,9.547,-7.519,-0.14,-0.83,-4.02,0.02,0.57,-1.16,3.087,6.656,2.225,-0.002,-8.999,3.202,,
2026-01-27 20:24:50.914,pick_to_retreat_machine,197.312,-87.26,1478.939,179.677,0.01,-88.409,56.999,-32.321,109.551,-0.156,103.042,-124.627,-3.01,-6.437,-2.3,0.003,8.772,-7.025,-0.22,-0.82,-3.97,0.05,0.49,-1.12,2.766,5.963,1.993,-0.003,-8.066,2.852,,
2026-01-27 20:24:51.016,pick_to_retreat_machine,191.583,-84.599,1482.668,179.678,0.013,-88.045,56.752,-32.849,109.362,-0.156,103.757,-125.24,-2.875,-6.147,-2.196,0.002,8.369,-6.801,-0.14,-0.67,-4.06,0.07,0.4,-1.01,2.242,4.837,1.604,-0.003,-6.548,1.979,,
2026-01-27 20:24:51.122,pick_to_retreat_machine,186.235,-82.054,1486.081,179.679,0.016,-87.712,56.522,-33.34,109.187,-0.156,104.423,-125.804,-2.73,-5.839,-2.086,0.001,7.94,-6.512,-0.05,-0.49,-4.05,0.04,0.46,-1.02,2.189,4.72,1.575,-0.003,-6.397,2.266,,
2026-01-27 20:24:51.224,pick_to_retreat_machine,182.01,-80.0,1488.73,179.681,0.018,-87.456,56.341,-33.727,109.048,-0.156,104.947,-126.243,-2.5,-5.347,-1.91,0.0,7.265,-5.98,-0.06,-0.46,-3.96,-0.05,0.43,-1.03,2.457,5.289,1.789,-0.003,-7.172,3.301,,
2026-01-27 20:24:51.327,pick_to_retreat_machine,178.267,-78.15,1491.043,179.682,0.019,-87.237,56.181,-34.069,108.926,-0.156,105.41,-126.623,-2.275,-4.866,-1.738,-0.0,6.606,-5.437,-0.09,-0.44,-3.97,-0.05,0.32,-0.8,2.421,5.209,1.771,-0.003,-7.067,3.547,,
2026-01-27 20:24:51.435,pick_to_retreat_machine,174.039,-76.025,1493.617,179.684,0.02,-86.999,56.001,-34.455,108.788,-0.157,105.931,-127.043,-2.157,-4.614,-1.648,-0.001,6.258,-5.126,-0.06,-0.46,-3.99,-0.01,0.37,-0.89,1.975,4.252,1.438,-0.003,-5.775,2.807,,
2026-01-27 20:24:51.543,pick_to_retreat_machine,170.509,-74.222,1495.734,179.686,0.021,-86.812,55.85,-34.777,108.674,-0.157,106.365,-127.382,-1.994,-4.264,-1.523,-0.001,5.779,-4.692,-0.1,-0.31,-4.01,0.0,0.21,-0.76,2.079,4.47,1.524,-0.002,-6.07,3.329,,
2026-01-27 20:24:51.643,pick_to_retreat_machine,166.981,-72.393,1497.823,179.688,0.021,-86.637,55.7,-35.098,108.559,-0.157,106.798,-127.708,-1.87,-4.001,-1.429,-0.001,5.416,-4.335,-0.08,-0.19,-3.97,0.07,0.29,-0.7,1.874,4.029,1.374,-0.002,-5.474,3.12,,
2026-01-27 20:24:51.746,pick_to_retreat_machine,163.857,-70.752,1499.649,179.691,0.021,-86.494,55.568,-35.382,108.458,-0.157,107.181,-127.985,-1.734,-3.71,-1.325,-0.001,5.018,-3.943,-0.12,-0.25,-3.95,0.08,0.36,-0.66,1.86,3.998,1.369,-0.002,-5.432,3.307,,
2026-01-27 20:24:51.850,pick_to_retreat_machine,160.558,-68.997,1501.553,179.693,0.021,-86.357,55.428,-35.681,108.351,-0.157,107.584,-128.262,-1.651,-3.531,-1.261,-0.002,4.772,-3.65,-0.07,-0.21,-3.94,-0.03,0.25,-0.54,1.601,3.442,1.177,-0.001,-4.682,2.971,,
2026-01-27 20:24:51.954,pick_to_retreat_machine,157.308,-67.246,1503.406,179.696,0.02,-86.241,55.29,-35.976,108.246,-0.158,107.98,-128.517,-1.582,-3.385,-1.208,-0.002,4.57,-3.375,-0.03,-0.22,-3.94,-0.0,0.28,-0.51,1.464,3.145,1.076,-0.001,-4.282,2.896,,
2026-01-27 20:24:52.064,pick_to_retreat_machine,154.434,-65.678,1505.024,179.699,0.019,-86.156,55.169,-36.236,108.153,-0.158,108.33,-128.725,-1.49,-3.189,-1.139,-0.001,4.301,-3.051,-0.03,-0.1,-3.99,-0.03,0.18,-0.39,1.478,3.175,1.091,-0.0,-4.32,3.079,,
2026-01-27 20:24:52.173,pick_to_retreat_machine,151.893,-64.278,1506.44,179.702,0.018,-86.097,55.061,-36.466,108.071,-0.158,108.639,-128.893,-1.386,-2.967,-1.059,-0.001,3.998,-2.707,0.05,-0.08,-3.95,0.1,0.28,-0.37,1.472,3.159,1.09,0.0,-4.297,3.173,,
2026-01-27 20:24:52.275,pick_to_retreat_machine,150.056,-63.256,1507.455,179.704,0.017,-86.064,54.984,-36.632,108.011,-0.158,108.862,-129.003,-1.234,-2.641,-0.943,-0.001,3.556,-2.306,-0.07,-0.02,-3.96,-0.05,0.18,-0.45,1.623,3.482,1.209,0.001,-4.726,3.429,,
2026-01-27 20:24:52.378,pick_to_retreat_machine,148.175,-62.203,1508.487,179.706,0.016,-86.042,54.904,-36.802,107.951,-0.158,109.09,-129.105,-1.124,-2.406,-0.859,-0.001,3.237,-1.985,-0.05,-0.01,-3.86,0.06,0.14,-0.33,1.443,3.095,1.074,0.001,-4.203,3.166,,
2026-01-27 20:24:52.480,pick_to_retreat_machine,146.143,-61.057,1509.592,179.709,0.015,-86.032,54.819,-36.986,107.885,-0.158,109.336,-129.202,-1.057,-2.263,-0.808,-0.0,3.043,-1.731,-0.09,0.14,-3.93,0.03,0.16,-0.31,1.235,2.65,0.918,0.001,-3.603,2.902,,
2026-01-27 20:24:52.586,pick_to_retreat_machine,143.999,-59.839,1510.749,179.712,0.013,-86.037,54.728,-37.179,107.816,-0.157,109.595,-129.287,-1.019,-2.182,-0.779,0.0,2.93,-1.511,-0.12,0.06,-3.96,0.0,0.32,-0.25,1.065,2.284,0.791,0.002,-3.11,2.73,,
2026-01-27 20:24:52.689,pick_to_retreat_machine,141.996,-58.69,1511.821,179.715,0.012,-86.061,54.644,-37.36,107.752,-0.157,109.837,-129.349,-0.975,-2.088,-0.745,0.001,2.802,-1.287,-0.1,0.09,-3.87,0.0,0.17,-0.17,1.018,2.183,0.757,0.002,-2.972,2.693,,
2026-01-27 20:24:52.791,pick_to_retreat_machine,140.224,-57.668,1512.761,179.718,0.01,-86.098,54.569,-37.52,107.694,-0.157,110.05,-129.387,-0.918,-1.966,-0.702,0.001,2.636,-1.061,-0.02,0.19,-3.91,0.05,0.12,-0.2,1.014,2.175,0.756,0.002,-2.958,2.659,,
2026-01-27 20:24:52.895,pick_to_retreat_machine,138.281,-56.539,1513.785,179.721,0.008,-86.158,54.487,-37.696,107.632,-0.157,110.284,-129.409,-0.893,-1.913,-0.683,0.002,2.562,-0.85,-0.07,0.28,-3.91,0.03,0.13,-0.12,0.841,1.803,0.625,0.003,-2.457,2.555,,
2026-01-27 20:24:53.001,pick_to_retreat_machine,136.478,-55.484,1514.727,179.725,0.006,-86.235,54.411,-37.858,107.574,-0.156,110.501,-129.408,-0.859,-1.841,-0.657,0.002,2.464,-0.635,-0.08,0.16,-3.82,0.05,0.15,-0.19,0.817,1.75,0.609,0.003,-2.384,2.526,,
2026-01-27 20:24:53.104,pick_to_retreat_machine,134.808,-54.499,1515.595,179.728,0.004,-86.327,54.341,-38.009,107.52,-0.156,110.702,-129.387,-0.82,-1.758,-0.627,0.003,2.35,-0.424,0.01,0.18,-3.76,-0.01,0.16,-0.02,0.791,1.694,0.59,0.004,-2.306,2.478,,
2026-01-27 20:24:53.206,pick_to_retreat_machine,133.333,-53.626,1516.355,179.731,0.002,-86.427,54.279,-38.142,107.473,-0.155,110.879,-129.35,-0.77,-1.651,-0.589,0.003,2.205,-0.225,-0.08,0.3,-3.9,-0.05,0.05,-0.08,0.794,1.702,0.594,0.003,-2.314,2.388,,
2026-01-27 20:24:53.308,pick_to_retreat_machine,131.891,-52.767,1517.094,179.734,0.0,-86.542,54.219,-38.272,107.426,-0.155,111.052,-129.295,-0.729,-1.563,-0.558,0.004,2.086,-0.032,-0.06,0.29,-3.78,0.04,0.03,-0.06,0.729,1.561,0.546,0.004,-2.123,2.326,,
2026-01-27 20:24:53.410,pick_to_retreat_machine,130.684,-52.043,1517.71,179.737,-0.001,-86.655,54.168,-38.381,107.387,-0.154,111.196,-129.233,-0.674,-1.445,-0.515,0.004,1.926,0.13,-0.07,0.28,-3.85,-0.03,0.14,0.02,0.755,1.617,0.566,0.003,-2.193,2.161,,
2026-01-27 20:24:53.515,pick_to_retreat_machine,129.436,-51.292,1518.343,179.74,-0.003,-86.787,54.115,-38.493,107.347,-0.154,111.346,-129.153,-0.636,-1.365,-0.487,0.005,1.818,0.298,-0.03,0.35,-3.82,0.02,0.08,0.07,0.662,1.418,0.497,0.004,-1.926,2.131,,
2026-01-27 20:24:53.614,pick_to_retreat_machine,128.39,-50.661,1518.871,179.743,-0.005,-86.913,54.071,-38.588,107.314,-0.153,111.471,-129.072,-0.587,-1.26,-0.449,0.005,1.676,0.426,0.02,0.26,-3.87,-0.03,0.16,0.01,0.681,1.459,0.512,0.003,-1.978,1.929,,
2026-01-27 20:24:53.721,pick_to_retreat_machine,127.361,-50.036,1519.388,179.746,-0.007,-87.05,54.028,-38.681,107.28,-0.153,111.594,-128.978,-0.548,-1.177,-0.42,0.005,1.564,0.554,-0.15,0.34,-3.93,-0.02,0.09,0.05,0.62,1.328,0.466,0.003,-1.801,1.861,,
2026-01-27 20:24:53.825,pick_to_retreat_machine,126.453,-49.483,1519.843,179.748,-0.008,-87.183,53.99,-38.763,107.251,-0.152,111.702,-128.883,-0.507,-1.088,-0.388,0.006,1.444,0.653,-0.01,0.37,-3.83,0.05,0.1,0.12,0.609,1.304,0.458,0.003,-1.765,1.688,,
2026-01-27 20:24:53.929,pick_to_retreat_machine,125.559,-48.937,1520.289,179.751,-0.01,-87.326,53.953,-38.843,107.222,-0.151,111.809,-128.778,-0.474,-1.017,-0.363,0.006,1.35,0.754,0.01,0.32,-3.79,0.01,0.06,0.1,0.554,1.186,0.417,0.003,-1.607,1.625,,
2026-01-27 20:24:54.030,pick_to_retreat_machine,124.769,-48.453,1520.681,179.753,-0.012,-87.463,53.919,-38.915,107.197,-0.151,111.903,-128.674,-0.438,-0.941,-0.336,0.006,1.247,0.825,-0.11,0.41,-3.82,-0.02,0.04,0.18,0.543,1.162,0.409,0.003,-1.572,1.447,,
2026-01-27 20:24:54.135,pick_to_retreat_machine,123.992,-47.975,1521.066,179.756,-0.013,-87.609,53.887,-38.985,107.172,-0.15,111.995,-128.561,-0.41,-0.881,-0.314,0.006,1.167,0.901,0.02,0.42,-3.78,-0.03,0.13,0.2,0.494,1.057,0.372,0.003,-1.43,1.391,,
2026-01-27 20:24:54.240,pick_to_retreat_machine,123.306,-47.552,1521.405,179.758,-0.015,-87.746,53.858,-39.047,107.15,-0.149,112.077,-128.452,-0.38,-0.816,-0.291,0.006,1.079,0.948,0.01,0.37,-3.9,-0.09,0.18,0.15,0.482,1.033,0.364,0.002,-1.396,1.212,,
2026-01-27 20:24:54.341,pick_to_retreat_machine,122.7,-47.177,1521.704,179.76,-0.016,-87.876,53.833,-39.101,107.13,-0.149,112.149,-128.348,-0.348,-0.749,-0.267,0.006,0.99,0.971,-0.01,0.46,-3.82,-0.03,0.09,0.13,0.468,1.002,0.353,0.002,-1.352,1.041,,
2026-01-27 20:24:54.443,pick_to_retreat_machine,122.131,-46.825,1521.983,179.763,-0.017,-88.004,53.809,-39.153,107.112,-0.148,112.217,-128.244,-0.321,-0.69,-0.246,0.006,0.911,0.989,-0.05,0.33,-3.85,-0.04,0.06,0.18,0.437,0.936,0.33,0.001,-1.262,0.94,,
2026-01-27 20:24:54.544,pick_to_retreat_machine,121.598,-46.494,1522.244,179.765,-0.018,-88.13,53.786,-39.201,107.095,-0.147,112.28,-128.14,-0.296,-0.638,-0.227,0.006,0.841,1.002,-0.04,0.41,-3.84,0.04,0.08,0.04,0.408,0.874,0.309,0.001,-1.179,0.843,,
2026-01-27 20:24:54.646,pick_to_retreat_machine,121.07,-46.165,1522.503,179.767,-0.02,-88.261,53.764,-39.249,107.078,-0.147,112.342,-128.03,-0.278,-0.598,-0.213,0.006,0.788,1.024,-0.01,0.46,-3.81,0.04,0.0,0.16,0.369,0.791,0.279,0.001,-1.067,0.811,,
2026-01-27 20:24:54.750,pick_to_retreat_machine,120.604,-45.875,1522.73,179.769,-0.021,-88.382,53.745,-39.291,107.063,-0.146,112.398,-127.929,-0.257,-0.554,-0.197,0.006,0.729,1.023,0.01,0.57,-3.85,-0.0,-0.01,0.19,0.358,0.767,0.271,0.001,-1.034,0.656,,
2026-01-27 20:24:54.854,pick_to_retreat_machine,120.092,-45.555,1522.98,179.771,-0.022,-88.521,53.723,-39.337,107.046,-0.145,112.458,-127.811,-0.247,-0.531,-0.189,0.006,0.698,1.061,-0.1,0.38,-3.82,0.02,-0.07,0.17,0.303,0.65,0.229,0.002,-0.877,0.747,waypoint,
2026-01-27 20:24:54.956,retreat_machine_to_approach_unloader,117.365,-50.616,1523.212,179.769,-0.031,-91.265,51.097,-39.387,107.033,-0.154,112.518,-127.697,-6.75,-0.523,-0.176,-0.017,0.673,1.081,-0.86,0.46,-3.87,-0.07,0.0,0.22,-25.771,0.546,0.234,-0.093,-0.8,0.639,,
2026-01-27 20:24:55.059,retreat_machine_to_approach_unloader,110.912,-62.133,1523.42,179.772,-0.033,-97.38,45.082,-39.444,107.023,-0.153,112.581,-127.597,-20.101,-0.534,-0.156,-0.011,0.662,1.061,-1.06,0.45,-3.86,-0.07,0.03,0.09,-57.089,0.428,0.252,0.011,-0.685,0.435,,
2026-01-27 20:24:55.161,retreat_machine_to_approach_unloader,104.64,-71.181,1523.593,179.775,-0.033,-102.503,40.04,-39.491,107.015,-0.151,112.635,-127.516,-27.682,-0.519,-0.137,-0.003,0.631,0.999,-1.21,0.51,-3.85,0.09,-0.01,0.16,-41.651,0.477,0.243,0.024,-0.71,0.204,,
2026-01-27 20:24:55.263,retreat_machine_to_approach_unloader,96.924,-80.392,1523.783,179.777,-0.032,-108.12,34.508,-39.543,107.006,-0.149,112.694,-127.429,-34.589,-0.519,-0.125,0.004,0.62,0.965,-1.42,0.56,-3.9,-0.08,0.07,0.06,-42.372,0.383,0.211,0.023,-0.587,0.232,,
2026-01-27 20:24:55.363,retreat_machine_to_approach_unloader,89.057,-88.201,1523.958,179.78,-0.032,-113.323,29.381,-39.591,106.998,-0.147,112.748,-127.353,-38.76,-0.509,-0.114,0.008,0.602,0.914,-1.47,0.39,-3.92,0.09,0.05,0.17,-34.099,0.383,0.196,0.018,-0.572,0.109,,
2026-01-27 20:24:55.463,retreat_machine_to_approach_unloader,80.821,-95.061,1524.127,179.782,-0.032,-118.374,24.399,-39.638,106.99,-0.145,112.801,-127.283,-41.525,-0.499,-0.105,0.011,0.584,0.86,-1.44,0.45,-3.99,-0.02,0.18,0.08,-29.231,0.358,0.179,0.015,-0.531,0.034,,
2026-01-27 20:24:55.568,retreat_machine_to_approach_unloader,72.754,-100.723,1524.283,179.785,-0.032,-123.034,19.799,-39.681,106.983,-0.143,112.85,-127.224,-42.645,-0.482,-0.097,0.012,0.56,0.795,-1.57,0.44,-3.89,0.04,0.04,0.08,-22.498,0.358,0.167,0.012,-0.519,-0.069,,
2026-01-27 20:24:55.669,retreat_machine_to_approach_unloader,64.959,-105.35,1524.427,179.787,-0.032,-127.332,15.55,-39.721,106.976,-0.142,112.895,-127.173,-42.606,-0.461,-0.09,0.013,0.532,0.722,-1.54,0.6,-3.89,0.03,0.05,0.12,-16.73,0.355,0.156,0.008,-0.505,-0.157,,
2026-01-27 20:24:55.771,retreat_machine_to_approach_unloader,57.853,-108.932,1524.553,179.789,-0.032,-131.116,11.806,-39.756,106.97,-0.141,112.935,-127.133,-41.315,-0.434,-0.082,0.013,0.498,0.641,-1.49,0.42,-3.9,0.01,0.03,0.08,-10.009,0.367,0.148,0.005,-0.508,-0.247,,
2026-01-27 20:24:55.873,retreat_machine_to_approach_unloader,53.754,-110.744,1524.624,179.79,-0.032,-133.25,9.692,-39.776,106.967,-0.14,112.957,-127.113,-36.271,-0.375,-0.07,0.011,0.43,0.531,-1.39,0.36,-3.79,0.01,0.09,0.1,7.293,0.483,0.159,-0.001,-0.63,-0.418,,
2026-01-27 20:24:55.974,retreat_machine_to_approach_unloader,48.494,-112.816,1524.714,179.791,-0.032,-135.946,7.019,-39.801,106.963,-0.139,112.985,-127.09,-33.886,-0.344,-0.063,0.011,0.393,0.456,-1.32,0.47,-3.81,-0.06,0.05,0.02,0.971,0.383,0.135,0.0,-0.508,-0.349,,
2026-01-27 20:24:56.079,retreat_machine_to_approach_unloader,44.087,-114.34,1524.788,179.792,-0.032,-138.172,4.809,-39.821,106.959,-0.139,113.009,-127.074,-30.939,-0.31,-0.056,0.01,0.353,0.383,-1.35,0.43,-3.82,0.07,0.02,0.16,5.509,0.388,0.128,-0.001,-0.507,-0.379,,
2026-01-27 20:24:56.181,retreat_machine_to_approach_unloader,39.278,-115.794,1524.868,179.793,-0.032,-140.572,2.423,-39.844,106.955,-0.138,113.034,-127.059,-29.169,-0.288,-0.051,0.009,0.328,0.325,-1.31,0.49,-3.87,-0.1,0.02,-0.01,3.195,0.333,0.113,-0.001,-0.438,-0.356,,
2026-01-27 20:24:56.288,retreat_machine_to_approach_unloader,33.881,-117.172,1524.957,179.795,-0.033,-143.237,-0.229,-39.869,106.951,-0.137,113.062,-127.046,-28.506,-0.278,-0.049,0.008,0.316,0.275,-1.12,0.55,-3.86,-0.02,0.03,0.1,0.218,0.274,0.097,-0.001,-0.366,-0.342,,
2026-01-27 20:24:56.389,retreat_machine_to_approach_unloader,28.82,-118.23,1525.039,179.796,-0.033,-145.712,-2.697,-39.892,106.947,-0.137,113.088,-127.038,-27.549,-0.267,-0.047,0.008,0.302,0.226,-1.12,0.45,-3.88,-0.1,0.08,0.05,2.038,0.264,0.09,-0.001,-0.349,-0.358,,
2026-01-27 20:24:56.491,retreat_machine_to_approach_unloader,24.085,-119.019,1525.116,179.797,-0.033,-148.011,-4.993,-39.913,106.944,-0.136,113.112,-127.035,-26.402,-0.254,-0.044,0.007,0.287,0.177,-1.01,0.4,-3.85,0.05,0.03,0.01,3.548,0.254,0.084,-0.002,-0.333,-0.368,,
2026-01-27 20:24:56.593,retreat_machine_to_approach_unloader,19.663,-119.583,1525.187,179.798,-0.033,-150.147,-7.13,-39.933,106.94,-0.136,113.134,-127.036,-25.144,-0.24,-0.042,0.006,0.271,0.13,-1.0,0.55,-3.84,0.08,-0.0,0.06,4.788,0.243,0.078,-0.003,-0.316,-0.373,,
2026-01-27 20:24:56.694,retreat_machine_to_approach_unloader,15.54,-119.96,1525.253,179.799,-0.033,-152.13,-9.118,-39.952,106.937,-0.135,113.155,-127.041,-23.829,-0.227,-0.039,0.006,0.256,0.086,-0.99,0.57,-3.96,-0.01,-0.01,0.05,5.793,0.233,0.073,-0.003,-0.3,-0.374,,
2026-01-27 20:24:56.796,retreat_machine_to_approach_unloader,11.701,-120.184,1525.315,179.8,-0.034,-153.972,-10.968,-39.969,106.934,-0.135,113.175,-127.049,-22.497,-0.214,-0.037,0.005,0.24,0.044,-0.9,0.59,-3.8,0.05,0.06,0.02,6.595,0.223,0.068,-0.004,-0.285,-0.37,,
2026-01-27 20:24:56.899,retreat_machine_to_approach_unloader,8.13,-120.282,1525.372,179.801,-0.034,-155.683,-12.69,-39.985,106.931,-0.135,113.193,-127.06,-21.177,-0.201,-0.034,0.004,0.225,0.005,-0.87,0.56,-3.81,0.05,0.0,0.09,7.22,0.212,0.063,-0.004,-0.27,-0.363,,
2026-01-27 20:24:57.003,retreat_machine_to_approach_unloader,4.811,-120.279,1525.425,179.801,-0.034,-157.271,-14.292,-40.001,106.929,-0.134,113.209,-127.074,-19.888,-0.188,-0.032,0.004,0.211,-0.031,-0.82,0.53,-3.8,-0.07,0.08,0.01,7.694,0.202,0.059,-0.004,-0.256,-0.353,,
2026-01-27 20:24:57.105,retreat_machine_to_approach_unloader,1.572,-120.187,1525.477,179.802,-0.035,-158.821,-15.859,-40.015,106.926,-0.134,113.226,-127.091,-18.832,-0.178,-0.03,0.003,0.199,-0.066,-0.68,0.65,-3.82,0.07,-0.03,0.04,7.282,0.186,0.053,-0.004,-0.234,-0.35,,
2026-01-27 20:24:57.210,retreat_machine_to_approach_unloader,-1.422,-120.024,1525.525,179.803,-0.035,-160.254,-17.311,-40.029,106.924,-0.134,113.241,-127.11,-17.755,-0.167,-0.028,0.003,0.187,-0.097,-0.61,0.58,-3.77,0.05,-0.04,-0.1,7.697,0.178,0.05,-0.004,-0.223,-0.337,,
2026-01-27 20:24:57.315,retreat_machine_to_approach_unloader,-4.19,-119.806,1525.57,179.803,-0.035,-161.579,-18.657,-40.041,106.922,-0.134,113.255,-127.131,-16.681,-0.157,-0.027,0.002,0.176,-0.125,-0.72,0.57,-3.77,0.03,-0.01,-0.1,7.987,0.17,0.046,-0.004,-0.212,-0.321,,
2026-01-27 20:24:57.421,retreat_machine_to_approach_unloader,-6.748,-119.548,1525.611,179.804,-0.035,-162.804,-19.905,-40.053,106.92,-0.134,113.268,-127.154,-15.631,-0.147,-0.025,0.002,0.164,-0.15,-0.62,0.62,-3.78,-0.04,0.07,-0.12,8.17,0.162,0.043,-0.004,-0.201,-0.303,,
2026-01-27 20:24:57.524,retreat_machine_to_approach_unloader,-9.111,-119.259,1525.649,179.804,-0.036,-163.938,-21.062,-40.064,106.918,-0.134,113.28,-127.177,-14.615,-0.137,-0.023,0.001,0.153,-0.172,-0.59,0.58,-3.83,-0.07,0.04,-0.09,8.264,0.154,0.04,-0.004,-0.191,-0.285,,
2026-01-27 20:24:57.626,retreat_machine_to_approach_unloader,-11.189,-118.966,1525.683,179.805,-0.036,-164.935,-22.083,-40.074,106.917,-0.134,113.291,-127.2,-13.513,-0.127,-0.022,0.001,0.141,-0.187,-0.45,0.63,-3.88,0.04,0.07,-0.04,8.799,0.152,0.039,-0.004,-0.186,-0.252,,
2026-01-27 20:24:57.746,retreat_machine_to_approach_unloader,-12.722,-118.725,1525.708,179.805,-0.036,-165.672,-22.838,-40.081,106.915,-0.134,113.299,-127.219,-12.024,-0.113,-0.019,0.001,0.126,-0.187,-0.54,0.54,-3.84,0.04,0.01,0.06,10.571,0.161,0.039,-0.003,-0.195,-0.182,,
2026-01-27 20:24:57.857,retreat_machine_to_approach_unloader,-13.213,-118.644,1525.716,179.805,-0.036,-165.908,-23.081,-40.083,106.915,-0.134,113.301,-127.226,-9.624,-0.09,-0.015,0.0,0.101,-0.156,-0.5,0.59,-3.77,0.04,-0.0,-0.02,14.645,0.193,0.043,-0.003,-0.229,-0.04,,
2026-01-27 20:24:57.971,retreat_machine_to_approach_unloader,-14.073,-118.497,1525.73,179.805,-0.036,-166.322,-23.506,-40.087,106.914,-0.134,113.305,-127.237,-8.281,-0.078,-0.013,0.0,0.086,-0.145,-0.45,0.49,-3.85,0.09,0.12,-0.07,11.355,0.157,0.036,-0.003,-0.187,-0.087,,
2026-01-27 20:24:58.072,retreat_machine_to_approach_unloader,-15.79,-118.183,1525.758,179.806,-0.037,-167.149,-24.357,-40.095,106.913,-0.134,113.314,-127.261,-8.338,-0.078,-0.013,0.0,0.087,-0.17,-0.4,0.55,-3.82,0.01,0.04,-0.02,5.959,0.101,0.026,-0.003,-0.124,-0.206,,
2026-01-27 20:24:58.173,retreat_machine_to_approach_unloader,-17.382,-117.868,1525.784,179.806,-0.037,-167.916,-25.148,-40.102,106.912,-0.134,113.323,-127.285,-8.233,-0.077,-0.013,-0.0,0.086,-0.188,-0.36,0.52,-3.94,0.03,-0.02,-0.04,5.954,0.097,0.024,-0.003,-0.118,-0.186,,
2026-01-27 20:24:58.277,retreat_machine_to_approach_unloader,-18.933,-117.54,1525.81,179.806,-0.037,-168.665,-25.923,-40.11,106.91,-0.134,113.331,-127.311,-8.111,-0.076,-0.013,-0.0,0.084,-0.204,-0.42,0.58,-3.71,-0.05,-0.05,-0.06,5.536,0.089,0.022,-0.003,-0.108,-0.179,,
2026-01-27 20:24:58.377,retreat_machine_to_approach_unloader,-20.297,-117.234,1525.832,179.807,-0.037,-169.325,-26.606,-40.116,106.909,-0.134,113.338,-127.334,-7.791,-0.073,-0.012,-0.0,0.081,-0.213,-0.18,0.59,-3.77,0.01,-0.1,-0.06,5.893,0.088,0.021,-0.002,-0.107,-0.145,,
2026-01-27 20:24:58.478,retreat_machine_to_approach_unloader,-21.562,-116.934,1525.853,179.807,-0.038,-169.937,-27.242,-40.122,106.908,-0.135,113.344,-127.358,-7.432,-0.07,-0.012,-0.001,0.077,-0.218,-0.33,0.57,-3.89,0.07,-0.02,-0.13,5.778,0.084,0.02,-0.002,-0.101,-0.126,,
2026-01-27 20:24:58.581,retreat_machine_to_approach_unloader,-22.795,-116.629,1525.873,179.807,-0.038,-170.535,-27.863,-40.128,106.907,-0.135,113.351,-127.382,-7.128,-0.067,-0.011,-0.001,0.074,-0.224,-0.32,0.53,-3.76,0.04,-0.03,-0.02,5.342,0.077,0.018,-0.002,-0.092,-0.12,,
2026-01-27 20:24:58.685,retreat_machine_to_approach_unloader,-23.935,-116.333,1525.892,179.807,-0.038,-171.087,-28.439,-40.133,106.906,-0.135,113.356,-127.405,-6.786,-0.064,-0.011,-0.001,0.07,-0.226,-0.35,0.48,-3.72,0.05,0.01,0.08,5.262,0.073,0.017,-0.002,-0.088,-0.101,,
2026-01-27 20:24:58.788,retreat_machine_to_approach_unloader,-24.988,-116.05,1525.91,179.808,-0.038,-171.599,-28.973,-40.138,106.906,-0.135,113.362,-127.428,-6.425,-0.06,-0.01,-0.001,0.066,-0.226,-0.2,0.56,-3.75,-0.01,0.02,-0.11,5.156,0.07,0.016,-0.002,-0.084,-0.083,,
2026-01-27 20:24:58.888,retreat_machine_to_approach_unloader,-25.914,-115.792,1525.925,179.808,-0.039,-172.05,-29.445,-40.143,106.905,-0.135,113.367,-127.448,-5.997,-0.056,-0.01,-0.001,0.062,-0.221,-0.15,0.53,-3.81,0.01,0.1,0.06,5.269,0.069,0.015,-0.002,-0.082,-0.055,,
2026-01-27 20:24:58.992,retreat_machine_to_approach_unloader,-26.774,-115.545,1525.94,179.808,-0.039,-172.469,-29.883,-40.147,106.904,-0.135,113.371,-127.468,-5.594,-0.052,-0.009,-0.001,0.058,-0.215,-0.17,0.58,-3.79,0.1,-0.04,-0.05,5.069,0.065,0.014,-0.001,-0.077,-0.041,,
2026-01-27 20:24:59.099,retreat_machine_to_approach_unloader,-27.45,-115.346,1525.951,179.808,-0.039,-172.799,-30.229,-40.15,106.904,-0.135,113.375,-127.484,-5.06,-0.047,-0.008,-0.001,0.052,-0.201,-0.1,0.59,-3.84,0.06,0.01,-0.1,5.492,0.067,0.014,-0.001,-0.079,0.002,,
2026-01-27 20:24:59.201,retreat_machine_to_approach_unloader,-28.085,-115.155,1525.962,179.808,-0.039,-173.109,-30.554,-40.153,106.903,-0.135,113.378,-127.499,-4.608,-0.043,-0.007,-0.001,0.047,-0.188,-0.28,0.6,-3.79,-0.01,0.03,-0.05,5.146,0.062,0.013,-0.001,-0.073,0.008,,
2026-01-27 20:24:59.306,retreat_machine_to_approach_unloader,-28.825,-114.928,1525.974,179.808,-0.039,-173.471,-30.934,-40.156,106.902,-0.135,113.382,-127.517,-4.405,-0.041,-0.007,-0.001,0.045,-0.186,-0.17,0.61,-3.74,-0.05,-0.05,0.01,4.086,0.051,0.011,-0.001,-0.06,-0.02,,
2026-01-27 20:24:59.409,retreat_machine_to_approach_unloader,-29.509,-114.713,1525.986,179.809,-0.039,-173.806,-31.286,-40.16,106.902,-0.136,113.386,-127.534,-4.184,-0.039,-0.007,-0.001,0.043,-0.182,-0.14,0.6,-3.84,-0.02,0.0,-0.09,3.954,0.049,0.01,-0.001,-0.057,-0.007,,
2026-01-27 20:24:59.512,retreat_machine_to_approach_unloader,-30.111,-114.52,1525.996,179.809,-0.04,-174.102,-31.597,-40.163,106.901,-0.136,113.389,-127.549,-3.915,-0.037,-0.006,-0.001,0.04,-0.174,-0.09,0.55,-3.88,-0.04,-0.05,-0.04,3.973,0.048,0.01,-0.001,-0.056,0.012,,
2026-01-27 20:24:59.616,retreat_machine_to_approach_unloader,-30.699,-114.328,1526.006,179.809,-0.04,-174.391,-31.9,-40.165,106.901,-0.136,113.392,-127.563,-3.695,-0.035,-0.006,-0.001,0.038,-0.167,-0.15,0.58,-3.76,-0.05,0.04,-0.05,3.645,0.044,0.009,-0.001,-0.051,0.014,,
2026-01-27 20:24:59.720,retreat_machine_to_approach_unloader,-31.243,-114.148,1526.015,179.809,-0.04,-174.659,-32.182,-40.168,106.9,-0.136,113.395,-127.577,-3.475,-0.033,-0.006,-0.001,0.036,-0.159,-0.24,0.64,-3.74,-0.03,-0.05,-0.04,3.502,0.041,0.009,-0.001,-0.048,0.024,,
2026-01-27 20:24:59.821,retreat_machine_to_approach_unloader,-31.722,-113.987,1526.023,179.809,-0.04,-174.896,-32.43,-40.17,106.9,-0.136,113.397,-127.589,-3.228,-0.03,-0.005,-0.001,0.033,-0.148,-0.15,0.59,-3.84,-0.05,-0.01,-0.05,3.483,0.04,0.008,-0.0,-0.047,0.039,,
2026-01-27 20:24:59.924,retreat_machine_to_approach_unloader,-32.167,-113.835,1526.031,179.809,-0.04,-175.116,-32.661,-40.173,106.9,-0.136,113.4,-127.599,-2.999,-0.028,-0.005,-0.001,0.031,-0.138,-0.21,0.53,-3.74,0.02,0.07,-0.01,3.308,0.038,0.008,-0.0,-0.044,0.045,,
2026-01-27 20:25:00.024,retreat_machine_to_approach_unloader,-32.539,-113.706,1526.037,179.809,-0.04,-175.301,-32.855,-40.174,106.899,-0.136,113.402,-127.608,-2.732,-0.026,-0.004,-0.001,0.028,-0.126,-0.09,0.6,-3.74,0.04,-0.11,-0.04,3.357,0.038,0.008,-0.0,-0.043,0.06,,
2026-01-27 20:25:00.125,retreat_machine_to_approach_unloader,-32.946,-113.564,1526.044,179.809,-0.04,-175.503,-33.067,-40.176,106.899,-0.136,113.404,-127.618,-2.579,-0.024,-0.004,-0.001,0.026,-0.118,-0.17,0.51,-3.71,0.06,-0.04,-0.12,2.834,0.032,0.006,-0.0,-0.037,0.048,,
2026-01-27 20:25:00.228,retreat_machine_to_approach_unloader,-33.322,-113.431,1526.051,179.809,-0.04,-175.691,-33.263,-40.178,106.899,-0.136,113.406,-127.626,-2.425,-0.023,-0.004,-0.001,0.025,-0.109,-0.25,0.61,-3.83,0.03,-0.01,-0.07,2.705,0.03,0.006,-0.0,-0.035,0.054,,
2026-01-27 20:25:00.330,retreat_machine_to_approach_unloader,-33.671,-113.307,1526.057,179.809,-0.041,-175.866,-33.445,-40.18,106.898,-0.136,113.408,-127.633,-2.274,-0.021,-0.004,-0.001,0.023,-0.1,-0.03,0.62,-3.85,0.0,-0.02,-0.08,2.578,0.029,0.006,-0.0,-0.033,0.058,,
2026-01-27 20:25:00.431,retreat_machine_to_approach_unloader,-33.994,-113.19,1526.062,179.809,-0.041,-176.028,-33.614,-40.182,106.898,-0.136,113.409,-127.64,-2.128,-0.02,-0.003,-0.001,0.022,-0.091,-0.07,0.47,-3.79,0.01,0.1,-0.05,2.453,0.027,0.005,-0.0,-0.031,0.062,,
2026-01-27 20:25:00.534,retreat_machine_to_approach_unloader,-34.293,-113.082,1526.067,179.81,-0.041,-176.179,-33.771,-40.183,106.898,-0.136,113.411,-127.645,-1.987,-0.019,-0.003,-0.001,0.02,-0.082,0.01,0.58,-3.71,-0.02,0.05,0.09,2.331,0.025,0.005,0.0,-0.029,0.065,,
2026-01-27 20:25:00.636,retreat_machine_to_approach_unloader,-34.569,-112.98,1526.072,179.81,-0.041,-176.32,-33.916,-40.184,106.898,-0.136,113.412,-127.65,-1.853,-0.017,-0.003,-0.001,0.019,-0.074,-0.04,0.6,-3.86,-0.03,-0.0,-0.02,2.212,0.024,0.005,0.0,-0.027,0.067,,
2026-01-27 20:25:00.739,retreat_machine_to_approach_unloader,-34.826,-112.886,1526.076,179.81,-0.041,-176.451,-34.05,-40.186,106.898,-0.136,113.414,-127.654,-1.726,-0.016,-0.003,-0.001,0.017,-0.065,-0.11,0.59,-3.72,0.0,0.01,-0.05,2.097,0.023,0.004,0.0,-0.026,0.068,,
2026-01-27 20:25:00.843,retreat_machine_to_approach_unloader,-35.052,-112.802,1526.08,179.81,-0.041,-176.566,-34.169,-40.187,106.897,-0.137,113.415,-127.657,-1.591,-0.015,-0.003,-0.001,0.016,-0.056,-0.08,0.64,-3.77,-0.04,-0.01,0.07,2.045,0.022,0.004,0.0,-0.025,0.07,waypoint,
2026-01-27 20:25:00.949,retreat_machine_to_approach_unloader,-36.909,-116.984,1526.521,179.718,0.032,-176.183,-33.775,-39.727,106.745,-0.135,113.225,-127.645,-0.209,1.138,-0.383,0.004,-0.462,-0.013,0.55,2.66,-3.55,0.03,-0.01,0.01,6.966,4.628,-1.52,0.018,-1.932,0.211,,
2026-01-27 20:25:01.050,retreat_machine_to_approach_unloader,-42.959,-133.872,1527.861,179.627,0.096,-174.492,-31.932,-38.002,106.17,-0.137,112.186,-127.492,4.451,5.167,-1.724,-0.004,-2.945,0.373,0.57,2.24,-3.63,-0.01,-0.2,0.02,20.762,16.82,-5.588,-0.027,-10.233,1.601,,
2026-01-27 20:25:01.152,retreat_machine_to_approach_unloader,-48.721,-153.897,1528.741,179.638,0.08,-172.793,-29.849,-36.058,105.522,-0.141,110.872,-127.106,8.546,8.735,-2.912,-0.011,-5.493,1.245,0.65,1.93,-3.78,-0.0,-0.32,0.19,21.084,17.324,-5.761,-0.032,-11.954,3.772,,
2026-01-27 20:25:01.254,retreat_machine_to_approach_unloader,-53.063,-174.179,1528.946,179.657,0.057,-171.375,-27.812,-34.158,104.889,-0.142,109.578,-126.485,11.501,11.302,-3.768,-0.012,-7.355,2.487,0.66,1.54,-3.7,-0.05,-0.34,0.29,18.514,15.157,-5.04,-0.009,-10.566,5.749,,
2026-01-27 20:25:01.354,retreat_machine_to_approach_unloader,-55.781,-192.569,1528.584,179.675,0.039,-170.346,-26.015,-32.481,104.33,-0.142,108.437,-125.714,13.119,12.668,-4.222,-0.008,-8.37,3.793,0.75,1.23,-3.9,0.07,-0.27,0.5,14.267,11.406,-3.791,0.01,-7.98,6.669,,
2026-01-27 20:25:01.455,retreat_machine_to_approach_unloader,-57.341,-210.043,1527.785,179.692,0.022,-169.595,-24.342,-30.92,103.81,-0.14,107.376,-124.789,14.021,13.402,-4.467,-0.001,-8.93,5.156,0.69,0.85,-3.98,0.05,-0.4,0.71,11.594,9.101,-3.024,0.022,-6.379,7.54,,
2026-01-27 20:25:01.563,retreat_machine_to_approach_unloader,-57.86,-222.314,1526.97,179.704,0.012,-169.203,-23.185,-29.84,103.451,-0.138,106.642,-124.021,13.41,12.752,-4.25,0.004,-8.532,5.786,0.63,0.54,-3.97,0.04,-0.42,0.79,5.286,3.387,-1.121,0.022,-2.468,5.215,,
2026-01-27 20:25:01.671,retreat_machine_to_approach_unloader,-57.93,-233.245,1526.071,179.715,0.003,-168.95,-22.163,-28.888,103.133,-0.136,105.995,-123.251,12.611,11.946,-3.981,0.008,-8.017,6.266,0.69,0.38,-4.04,0.04,-0.43,1.03,3.395,1.777,-0.585,0.023,-1.353,4.723,,
2026-01-27 20:25:01.772,retreat_machine_to_approach_unloader,-57.622,-244.518,1524.977,179.726,-0.006,-168.787,-21.118,-27.913,102.808,-0.133,105.333,-122.366,12.072,11.397,-3.798,0.013,-7.667,6.911,0.59,0.17,-4.06,0.03,-0.4,1.18,3.294,1.821,-0.6,0.026,-1.364,5.393,,
2026-01-27 20:25:01.875,retreat_machine_to_approach_unloader,-56.968,-255.279,1523.775,179.736,-0.013,-168.728,-20.126,-26.988,102.5,-0.13,104.706,-121.432,11.532,10.859,-3.619,0.018,-7.318,7.52,0.56,-0.01,-4.02,0.08,-0.37,1.19,2.425,1.135,-0.372,0.026,-0.882,5.352,,
2026-01-27 20:25:01.977,retreat_machine_to_approach_unloader,-55.944,-266.251,1522.392,179.747,-0.021,-168.769,-19.121,-26.05,102.188,-0.126,104.071,-120.383,11.163,10.489,-3.495,0.022,-7.077,8.262,0.58,-0.21,-4.08,-0.0,-0.38,1.37,2.324,1.153,-0.379,0.028,-0.878,5.958,,
2026-01-27 20:25:02.078,retreat_machine_to_approach_unloader,-54.543,-277.336,1520.835,179.757,-0.027,-168.919,-18.109,-25.107,101.873,-0.122,103.432,-119.219,10.901,10.225,-3.407,0.027,-6.904,9.106,0.65,-0.29,-4.1,0.01,-0.34,1.36,2.151,1.093,-0.359,0.03,-0.822,6.512,,
2026-01-27 20:25:02.179,retreat_machine_to_approach_unloader,-53.102,-286.526,1519.421,179.766,-0.033,-169.13,-17.273,-24.327,101.614,-0.119,102.904,-118.17,10.266,9.618,-3.205,0.029,-6.497,9.453,0.52,-0.54,-4.07,0.02,-0.4,1.54,0.183,-0.652,0.222,0.023,0.371,4.716,,
2026-01-27 20:25:02.280,retreat_machine_to_approach_unloader,-51.136,-297.069,1517.662,179.776,-0.038,-169.474,-16.316,-23.434,101.316,-0.114,102.301,-116.866,10.094,9.446,-3.147,0.033,-6.382,10.349,0.51,-0.69,-4.15,0.12,-0.37,1.69,1.379,0.545,-0.178,0.03,-0.427,6.792,,
2026-01-27 20:25:02.387,retreat_machine_to_approach_unloader,-48.984,-306.967,1515.874,179.786,-0.042,-169.902,-15.418,-22.597,101.037,-0.11,101.735,-115.538,9.815,9.178,-3.058,0.036,-6.2,11.081,0.59,-0.75,-4.23,-0.0,-0.31,1.8,0.645,-0.066,0.026,0.027,-0.003,6.349,,
2026-01-27 20:25:02.489,retreat_machine_to_approach_unloader,-46.969,-315.187,1514.289,179.793,-0.046,-170.338,-14.672,-21.902,100.805,-0.106,101.266,-114.355,9.226,8.621,-2.873,0.037,-5.823,11.27,0.5,-0.94,-4.28,-0.12,-0.29,1.8,-0.942,-1.479,0.496,0.019,0.96,4.274,,
2026-01-27 20:25:02.593,retreat_machine_to_approach_unloader,-44.448,-324.45,1512.392,179.801,-0.049,-170.922,-13.831,-21.118,100.544,-0.101,100.737,-112.928,9.021,8.426,-2.807,0.04,-5.689,12.019,0.41,-1.1,-4.28,0.01,-0.28,1.9,0.102,-0.446,0.151,0.025,0.271,6.278,,
2026-01-27 20:25:02.694,retreat_machine_to_approach_unloader,-42.291,-331.692,1510.826,179.808,-0.051,-171.451,-13.173,-20.504,100.34,-0.097,100.324,-111.74,8.411,7.853,-2.617,0.04,-5.3,11.985,0.44,-1.24,-4.18,-0.02,-0.28,1.98,-1.734,-2.104,0.704,0.014,1.395,3.263,,
2026-01-27 20:25:02.797,retreat_machine_to_approach_unloader,-39.372,-340.713,1508.77,179.816,-0.054,-172.201,-12.352,-19.738,100.085,-0.092,99.808,-110.166,8.362,7.804,-2.6,0.042,-5.264,12.923,0.34,-1.31,-4.21,-0.04,-0.2,1.86,0.072,-0.372,0.126,0.024,0.235,6.793,,
2026-01-27 20:25:02.900,retreat_machine_to_approach_unloader,-36.586,-348.654,1506.864,179.822,-0.055,-172.95,-11.627,-19.063,99.86,-0.087,99.354,-108.691,8.084,7.543,-2.513,0.043,-5.084,13.38,0.35,-1.44,-4.28,-0.02,-0.31,1.88,-0.901,-1.235,0.414,0.017,0.823,5.129,,
2026-01-27 20:25:03.003,retreat_machine_to_approach_unloader,-33.818,-356.021,1505.012,179.828,-0.057,-173.722,-10.952,-18.434,99.65,-0.083,98.932,-107.243,7.749,7.229,-2.409,0.044,-4.869,13.654,0.36,-1.57,-4.2,0.01,-0.25,1.98,-1.314,-1.581,0.529,0.013,1.06,4.34,,
2026-01-27 20:25:03.107,retreat_machine_to_approach_unloader,-31.373,-362.16,1503.406,179.832,-0.058,-174.423,-10.388,-17.908,99.475,-0.079,98.579,-105.977,7.221,6.735,-2.244,0.042,-4.534,13.405,0.33,-1.6,-4.26,-0.07,-0.26,1.96,-2.29,-2.456,0.82,0.005,1.651,2.09,,
2026-01-27 20:25:03.209,retreat_machine_to_approach_unloader,-29.113,-367.572,1501.942,179.836,-0.058,-175.085,-9.89,-17.444,99.32,-0.076,98.267,-104.815,6.662,6.213,-2.07,0.04,-4.179,12.959,0.23,-1.75,-4.19,-0.07,-0.18,1.88,-2.714,-2.819,0.941,0.001,1.897,0.842,,
2026-01-27 20:25:03.310,retreat_machine_to_approach_unloader,-27.037,-372.342,1500.614,179.839,-0.059,-175.705,-9.449,-17.033,99.183,-0.073,97.992,-103.755,6.098,5.687,-1.895,0.038,-3.823,12.37,0.25,-1.76,-4.22,-0.01,-0.16,1.9,-3.021,-3.076,1.026,-0.003,2.071,-0.258,,
2026-01-27 20:25:03.413,retreat_machine_to_approach_unloader,-24.744,-377.414,1499.162,179.842,-0.059,-176.399,-8.979,-16.595,99.037,-0.069,97.699,-102.59,5.749,5.36,-1.786,0.036,-3.6,12.19,0.25,-1.82,-4.29,0.01,-0.31,1.87,-2.425,-2.494,0.832,-0.0,1.683,0.812,,
2026-01-27 20:25:03.516,retreat_machine_to_approach_unloader,-22.261,-382.692,1497.606,179.845,-0.059,-177.159,-8.488,-16.138,98.885,-0.066,97.393,-101.338,5.539,5.164,-1.721,0.036,-3.465,12.273,0.38,-1.88,-4.2,-0.13,-0.09,1.8,-1.975,-2.052,0.685,0.002,1.388,1.602,,
2026-01-27 20:25:03.619,retreat_machine_to_approach_unloader,-19.748,-387.832,1496.047,179.848,-0.06,-177.936,-8.009,-15.69,98.736,-0.062,97.094,-100.081,5.354,4.991,-1.663,0.035,-3.346,12.348,0.34,-1.96,-4.22,-0.01,-0.14,1.76,-1.887,-1.949,0.65,0.001,1.32,1.495,,
2026-01-27 20:25:03.722,retreat_machine_to_approach_unloader,-17.459,-392.35,1494.64,179.85,-0.06,-178.646,-7.585,-15.296,98.604,-0.06,96.83,-98.947,5.074,4.73,-1.576,0.034,-3.168,12.096,0.18,-2.02,-4.17,0.04,-0.17,1.73,-2.263,-2.28,0.76,-0.003,1.543,0.112,,
2026-01-27 20:25:03.827,retreat_machine_to_approach_unloader,-15.495,-396.112,1493.44,179.851,-0.06,-179.254,-7.231,-14.966,98.494,-0.057,96.61,-97.984,4.69,4.372,-1.457,0.032,-2.926,11.479,0.2,-2.12,-4.14,-0.0,-0.2,1.73,-2.732,-2.7,0.9,-0.008,1.823,-1.609,,
2026-01-27 20:25:03.933,retreat_machine_to_approach_unloader,-13.829,-399.227,1492.429,179.852,-0.06,-179.768,-6.937,-14.692,98.403,-0.055,96.428,-97.175,4.252,3.964,-1.321,0.029,-2.651,10.63,0.22,-2.13,-4.21,-0.01,-0.1,1.67,-3.059,-2.989,0.997,-0.011,2.015,-2.996,,
2026-01-27 20:25:04.037,retreat_machine_to_approach_unloader,-12.331,-401.972,1491.523,179.853,-0.06,179.773,-6.678,-14.45,98.323,-0.053,96.266,-96.457,3.838,3.578,-1.192,0.026,-2.391,9.77,0.19,-2.21,-4.23,-0.03,-0.16,1.56,-3.095,-3.01,1.003,-0.013,2.028,-3.59,,
2026-01-27 20:25:04.143,retreat_machine_to_approach_unloader,-10.787,-404.748,1490.593,179.854,-0.06,179.305,-6.415,-14.205,98.241,-0.051,96.103,-95.725,3.537,3.297,-1.098,0.024,-2.202,9.157,0.14,-2.29,-4.22,0.07,-0.15,1.53,-2.749,-2.674,0.892,-0.011,1.803,-3.101,,
2026-01-27 20:25:04.249,retreat_machine_to_approach_unloader,-9.401,-407.193,1489.762,179.854,-0.06,178.89,-6.182,-13.988,98.169,-0.05,95.959,-95.077,3.234,3.014,-1.004,0.022,-2.012,8.486,0.18,-2.29,-4.12,0.06,-0.14,1.45,-2.781,-2.693,0.898,-0.013,1.814,-3.637,,
2026-01-27 20:25:04.349,retreat_machine_to_approach_unloader,-7.698,-410.145,1488.744,179.855,-0.06,178.391,-5.901,-13.725,98.081,-0.048,95.785,-94.296,3.129,2.917,-0.972,0.021,-1.945,8.318,0.19,-2.3,-4.07,-0.02,-0.12,1.35,-2.014,-1.968,0.656,-0.008,1.331,-1.932,,
2026-01-27 20:25:04.453,retreat_machine_to_approach_unloader,-5.993,-413.041,1487.73,179.855,-0.06,177.905,-5.624,-13.467,97.995,-0.046,95.613,-93.533,3.039,2.833,-0.944,0.02,-1.887,8.146,0.12,-2.31,-4.16,0.04,-0.01,1.32,-1.857,-1.813,0.604,-0.008,1.227,-1.921,,
2026-01-27 20:25:04.556,retreat_machine_to_approach_unloader,-4.881,-414.9,1487.07,179.855,-0.061,177.597,-5.445,-13.301,97.94,-0.045,95.503,-93.047,2.725,2.54,-0.846,0.018,-1.691,7.325,0.08,-2.29,-4.19,0.05,-0.11,1.17,-2.658,-2.551,0.85,-0.014,1.716,-4.499,,
2026-01-27 20:25:04.659,retreat_machine_to_approach_unloader,-3.49,-417.192,1486.247,179.855,-0.061,177.226,-5.225,-13.096,97.871,-0.044,95.367,-92.455,2.595,2.419,-0.806,0.017,-1.609,6.974,0.11,-2.39,-4.19,0.07,-0.09,1.05,-1.972,-1.904,0.635,-0.01,1.286,-2.988,,
2026-01-27 20:25:04.763,retreat_machine_to_approach_unloader,-1.945,-419.699,1485.336,179.854,-0.061,176.833,-4.983,-12.87,97.796,-0.042,95.218,-91.82,2.55,2.377,-0.792,0.017,-1.579,6.818,0.14,-2.51,-4.23,-0.07,-0.03,1.08,-1.562,-1.515,0.505,-0.008,1.027,-2.262,,
2026-01-27 20:25:04.864,retreat_machine_to_approach_unloader,-0.564,-421.905,1484.523,179.854,-0.061,176.503,-4.77,-12.671,97.73,-0.041,95.086,-91.277,2.446,2.28,-0.76,0.016,-1.513,6.471,0.05,-2.5,-4.14,-0.02,-0.11,1.07,-1.69,-1.628,0.543,-0.009,1.101,-2.956,,
2026-01-27 20:25:04.965,retreat_machine_to_approach_unloader,0.736,-423.952,1483.76,179.853,-0.061,176.215,-4.571,-12.486,97.668,-0.04,94.964,-90.79,2.331,2.173,-0.724,0.015,-1.441,6.069,0.12,-2.49,-4.22,0.05,0.04,0.9,-1.669,-1.603,0.534,-0.009,1.083,-3.228,,
2026-01-27 20:25:05.068,retreat_machine_to_approach_unloader,1.895,-425.756,1483.081,179.853,-0.061,175.981,-4.396,-12.323,97.614,-0.039,94.856,-90.38,2.186,2.038,-0.679,0.014,-1.35,5.577,0.1,-2.54,-4.12,-0.04,-0.09,0.83,-1.734,-1.659,0.553,-0.01,1.119,-3.666,,
2026-01-27 20:25:05.168,retreat_machine_to_approach_unloader,3.047,-427.526,1482.408,179.852,-0.061,175.771,-4.224,-12.162,97.56,-0.038,94.75,-89.998,2.071,1.931,-0.643,0.013,-1.278,5.137,0.11,-2.5,-4.2,0.05,-0.1,0.76,-1.589,-1.519,0.506,-0.01,1.025,-3.582,,
2026-01-27 20:25:05.271,retreat_machine_to_approach_unloader,4.184,-429.254,1481.745,179.851,-0.061,175.592,-4.055,-12.005,97.508,-0.037,94.646,-89.651,1.974,1.841,-0.613,0.012,-1.217,4.723,0.19,-2.58,-4.11,0.01,-0.05,0.65,-1.468,-1.403,0.468,-0.009,0.947,-3.564,,
2026-01-27 20:25:05.372,retreat_machine_to_approach_unloader,5.195,-430.774,1481.156,179.85,-0.061,175.459,-3.906,-11.866,97.462,-0.036,94.555,-89.369,1.853,1.728,-0.576,0.011,-1.141,4.246,-0.0,-2.58,-4.11,-0.06,-0.03,0.65,-1.52,-1.448,0.483,-0.01,0.975,-3.869,,
2026-01-27 20:25:05.477,retreat_machine_to_approach_unloader,6.191,-432.258,1480.576,179.849,-0.061,175.357,-3.761,-11.731,97.416,-0.035,94.466,-89.121,1.753,1.635,-0.545,0.01,-1.079,3.805,0.1,-2.6,-4.18,-0.03,-0.1,0.65,-1.401,-1.334,0.445,-0.009,0.899,-3.818,,
2026-01-27 20:25:05.578,retreat_machine_to_approach_unloader,7.076,-433.564,1480.062,179.848,-0.061,175.293,-3.633,-11.611,97.377,-0.035,94.387,-88.928,1.635,1.525,-0.508,0.009,-1.006,3.335,-0.03,-2.63,-4.22,-0.03,-0.05,0.52,-1.432,-1.36,0.453,-0.009,0.915,-3.993,,
2026-01-27 20:25:05.682,retreat_machine_to_approach_unloader,7.905,-434.777,1479.581,179.847,-0.061,175.259,-3.513,-11.5,97.339,-0.034,94.314,-88.775,1.525,1.422,-0.474,0.008,-0.937,2.884,0.05,-2.65,-4.14,-0.03,-0.07,0.44,-1.378,-1.307,0.436,-0.009,0.879,-3.988,,
2026-01-27 20:25:05.787,retreat_machine_to_approach_unloader,8.681,-435.904,1479.131,179.846,-0.06,175.254,-3.402,-11.396,97.305,-0.034,94.246,-88.659,1.421,1.326,-0.442,0.007,-0.873,2.454,0.08,-2.74,-4.06,-0.01,-0.03,0.46,-1.324,-1.254,0.418,-0.009,0.842,-3.956,,
2026-01-27 20:25:05.889,retreat_machine_to_approach_unloader,9.258,-436.738,1478.797,179.846,-0.06,175.269,-3.32,-11.319,97.279,-0.033,94.196,-88.591,1.272,1.186,-0.395,0.006,-0.78,2.009,0.11,-2.77,-4.1,-0.02,-0.01,0.32,-1.48,-1.398,0.466,-0.009,0.935,-4.047,,
2026-01-27 20:25:05.995,retreat_machine_to_approach_unloader,9.84,-437.574,1478.46,179.845,-0.06,175.301,-3.237,-11.242,97.254,-0.033,94.145,-88.541,1.16,1.083,-0.361,0.006,-0.711,1.633,-0.01,-2.71,-4.17,0.02,-0.09,0.22,-1.327,-1.253,0.418,-0.008,0.839,-3.816,,
2026-01-27 20:25:06.096,retreat_machine_to_approach_unloader,10.49,-438.503,1478.084,179.844,-0.06,175.36,-3.146,-11.156,97.225,-0.032,94.089,-88.508,1.1,1.026,-0.342,0.005,-0.674,1.306,-0.0,-2.72,-4.15,-0.01,-0.08,0.32,-1.103,-1.042,0.347,-0.007,0.699,-3.612,,
2026-01-27 20:25:06.202,retreat_machine_to_approach_unloader,11.036,-439.278,1477.768,179.843,-0.06,175.431,-3.069,-11.085,97.201,-0.032,94.042,-88.502,1.017,0.949,-0.316,0.005,-0.622,0.995,0.0,-2.71,-4.18,0.02,-0.01,0.24,-1.143,-1.079,0.36,-0.007,0.722,-3.515,,
2026-01-27 20:25:06.307,retreat_machine_to_approach_unloader,11.491,-439.921,1477.506,179.842,-0.059,175.506,-3.005,-11.025,97.181,-0.032,94.003,-88.513,0.922,0.86,-0.287,0.004,-0.564,0.718,0.04,-2.75,-4.03,-0.01,-0.07,0.17,-1.159,-1.092,0.364,-0.007,0.729,-3.336,,
2026-01-27 20:25:06.407,retreat_machine_to_approach_unloader,11.865,-440.449,1477.289,179.841,-0.059,175.58,-2.953,-10.976,97.165,-0.032,93.971,-88.535,0.822,0.768,-0.256,0.004,-0.503,0.485,0.04,-2.78,-4.04,-0.01,0.05,0.11,-1.157,-1.089,0.363,-0.007,0.726,-3.104,,
2026-01-27 20:25:06.516,retreat_machine_to_approach_unloader,12.223,-440.952,1477.083,179.84,-0.059,175.661,-2.903,-10.93,97.15,-0.032,93.941,-88.566,0.741,0.692,-0.231,0.003,-0.453,0.286,0.08,-2.73,-4.21,0.02,0.01,0.01,-1.066,-1.004,0.335,-0.006,0.669,-2.892,,
2026-01-27 20:25:06.623,retreat_machine_to_approach_unloader,12.538,-441.393,1476.901,179.84,-0.059,175.742,-2.859,-10.889,97.136,-0.031,93.914,-88.603,0.666,0.622,-0.207,0.003,-0.407,0.122,0.01,-2.85,-4.21,-0.05,0.01,0.12,-1.019,-0.959,0.32,-0.006,0.638,-2.661,,
2026-01-27 20:25:06.728,retreat_machine_to_approach_unloader,12.84,-441.815,1476.727,179.839,-0.058,175.828,-2.817,-10.849,97.123,-0.031,93.889,-88.647,0.604,0.564,-0.188,0.002,-0.369,-0.019,0.05,-2.85,-4.17,0.03,-0.1,0.1,-0.937,-0.881,0.294,-0.006,0.587,-2.467,,
2026-01-27 20:25:06.832,retreat_machine_to_approach_unloader,13.106,-442.185,1476.573,179.838,-0.058,175.911,-2.78,-10.815,97.111,-0.031,93.866,-88.693,0.545,0.509,-0.17,0.002,-0.332,-0.13,0.0,-2.85,-4.09,0.08,-0.05,-0.01,-0.895,-0.841,0.28,-0.005,0.559,-2.242,,
2026-01-27 20:25:06.933,retreat_machine_to_approach_unloader,13.451,-442.665,1476.374,179.838,-0.058,176.03,-2.733,-10.77,97.096,-0.031,93.837,-88.765,0.528,0.493,-0.164,0.002,-0.322,-0.276,0.01,-2.74,-4.24,-0.05,-0.06,-0.08,-0.696,-0.655,0.218,-0.004,0.437,-2.27,,
2026-01-27 20:25:07.037,retreat_machine_to_approach_unloader,13.841,-443.205,1476.149,179.837,-0.057,176.181,-2.679,-10.72,97.08,-0.031,93.805,-88.862,0.531,0.496,-0.165,0.002,-0.323,-0.45,0.03,-2.8,-4.02,0.01,0.01,-0.02,-0.565,-0.532,0.177,-0.004,0.357,-2.299,,
2026-01-27 20:25:07.139,retreat_machine_to_approach_unloader,14.207,-443.71,1475.939,179.836,-0.057,176.339,-2.628,-10.673,97.064,-0.031,93.774,-88.97,0.524,0.489,-0.163,0.002,-0.319,-0.607,0.03,-2.77,-4.13,0.06,-0.02,-0.13,-0.544,-0.512,0.171,-0.004,0.343,-2.176,,
2026-01-27 20:25:07.245,retreat_machine_to_approach_unloader,14.567,-444.206,1475.731,179.835,-0.057,176.512,-2.579,-10.627,97.049,-0.031,93.744,-89.094,0.516,0.483,-0.161,0.002,-0.314,-0.764,0.08,-2.76,-4.1,0.0,0.0,-0.09,-0.498,-0.468,0.156,-0.003,0.314,-2.116,,
2026-01-27 20:25:07.347,retreat_machine_to_approach_unloader,14.869,-444.62,1475.557,179.834,-0.056,176.672,-2.538,-10.588,97.036,-0.031,93.719,-89.211,0.491,0.459,-0.153,0.001,-0.298,-0.868,0.01,-2.78,-4.14,-0.02,-0.07,-0.22,-0.53,-0.498,0.166,-0.003,0.332,-1.846,,
2026-01-27 20:25:07.454,retreat_machine_to_approach_unloader,15.087,-444.919,1475.431,179.833,-0.056,176.795,-2.508,-10.56,97.026,-0.03,93.701,-89.305,0.443,0.414,-0.138,0.001,-0.269,-0.885,0.05,-2.93,-4.15,0.02,0.07,-0.1,-0.591,-0.555,0.185,-0.003,0.368,-1.422,,
2026-01-27 20:25:07.557,retreat_machine_to_approach_unloader,15.28,-445.182,1475.32,179.833,-0.055,176.91,-2.482,-10.536,97.018,-0.03,93.685,-89.394,0.398,0.372,-0.124,0.001,-0.241,-0.886,-0.02,-2.78,-4.12,0.0,-0.02,-0.28,-0.568,-0.533,0.178,-0.003,0.353,-1.231,,
2026-01-27 20:25:07.661,retreat_machine_to_approach_unloader,15.464,-445.434,1475.214,179.832,-0.055,177.026,-2.456,-10.512,97.01,-0.03,93.67,-89.485,0.361,0.338,-0.112,0.001,-0.219,-0.892,-0.01,-2.86,-4.09,-0.07,-0.03,-0.11,-0.523,-0.491,0.164,-0.003,0.325,-1.127,,
2026-01-27 20:25:07.762,retreat_machine_to_approach_unloader,15.64,-445.674,1475.113,179.832,-0.055,177.143,-2.432,-10.49,97.003,-0.03,93.655,-89.577,0.331,0.309,-0.103,0.001,-0.201,-0.9,0.09,-2.94,-4.04,-0.03,0.06,-0.16,-0.482,-0.452,0.151,-0.003,0.299,-1.03,,
2026-01-27 20:25:07.864,retreat_machine_to_approach_unloader,15.808,-445.903,1475.016,179.831,-0.055,177.259,-2.41,-10.468,96.996,-0.03,93.642,-89.671,0.305,0.286,-0.095,0.001,-0.185,-0.909,0.01,-2.86,-4.14,-0.02,0.04,-0.13,-0.444,-0.417,0.139,-0.002,0.276,-0.939,,
2026-01-27 20:25:07.966,retreat_machine_to_approach_unloader,16.021,-446.193,1474.893,179.83,-0.054,177.414,-2.381,-10.441,96.987,-0.03,93.624,-89.797,0.301,0.282,-0.094,0.001,-0.183,-0.997,0.02,-2.9,-4.17,-0.1,-0.03,-0.23,-0.339,-0.318,0.106,-0.002,0.212,-1.17,,
2026-01-27 20:25:08.070,retreat_machine_to_approach_unloader,16.21,-446.449,1474.784,179.83,-0.054,177.559,-2.355,-10.417,96.979,-0.03,93.609,-89.916,0.29,0.271,-0.09,0.001,-0.176,-1.045,0.02,-2.8,-4.16,0.07,-0.06,-0.1,-0.339,-0.318,0.106,-0.002,0.211,-0.981,,
2026-01-27 20:25:08.170,retreat_machine_to_approach_unloader,16.354,-446.643,1474.702,179.829,-0.053,177.674,-2.335,-10.399,96.973,-0.03,93.597,-90.011,0.266,0.249,-0.083,0.0,-0.161,-1.022,0.03,-2.97,-4.05,0.03,-0.04,-0.32,-0.367,-0.344,0.115,-0.002,0.227,-0.647,,
2026-01-27 20:25:08.272,retreat_machine_to_approach_unloader,16.524,-446.874,1474.603,179.829,-0.053,177.816,-2.312,-10.377,96.965,-0.03,93.583,-90.13,0.257,0.241,-0.08,0.0,-0.156,-1.063,0.03,-2.83,-4.17,0.05,0.09,-0.21,-0.293,-0.275,0.092,-0.002,0.182,-0.817,,
2026-01-27 20:25:08.377,retreat_machine_to_approach_unloader,16.686,-447.092,1474.51,179.828,-0.053,177.956,-2.291,-10.357,96.959,-0.03,93.57,-90.248,0.248,0.232,-0.077,0.0,-0.15,-1.093,-0.03,-2.85,-4.17,-0.01,0.01,-0.24,-0.277,-0.26,0.087,-0.002,0.172,-0.728,,
2026-01-27 20:25:08.478,retreat_machine_to_approach_unloader,16.808,-447.258,1474.44,179.828,-0.052,178.066,-2.274,-10.341,96.954,-0.03,93.56,-90.342,0.227,0.213,-0.071,0.0,-0.137,-1.054,-0.01,-2.86,-4.16,0.03,0.06,-0.21,-0.302,-0.283,0.094,-0.001,0.186,-0.411,,
2026-01-27 20:25:08.581,retreat_machine_to_approach_unloader,16.945,-447.442,1474.361,179.827,-0.052,178.192,-2.256,-10.324,96.948,-0.03,93.549,-90.45,0.217,0.203,-0.068,0.0,-0.131,-1.06,0.05,-2.97,-4.09,0.05,-0.01,-0.13,-0.253,-0.237,0.079,-0.001,0.157,-0.513,,
2026-01-27 20:25:08.686,retreat_machine_to_approach_unloader,17.092,-447.641,1474.276,179.827,-0.052,178.333,-2.236,-10.305,96.942,-0.03,93.537,-90.571,0.212,0.199,-0.066,0.0,-0.128,-1.098,-0.04,-2.82,-4.06,0.02,-0.07,-0.23,-0.213,-0.2,0.067,-0.001,0.132,-0.596,,
2026-01-27 20:25:08.792,retreat_machine_to_approach_unloader,17.206,-447.793,1474.211,179.826,-0.051,178.445,-2.22,-10.291,96.937,-0.03,93.528,-90.668,0.197,0.185,-0.062,0.0,-0.119,-1.066,0.06,-2.93,-4.07,0.04,-0.02,-0.22,-0.238,-0.223,0.074,-0.001,0.147,-0.29,,
2026-01-27 20:25:08.897,retreat_machine_to_approach_unloader,17.322,-447.949,1474.144,179.826,-0.051,178.563,-2.205,-10.276,96.932,-0.03,93.518,-90.77,0.187,0.175,-0.058,0.0,-0.113,-1.054,0.01,-2.83,-4.12,0.01,-0.01,-0.15,-0.21,-0.197,0.066,-0.001,0.13,-0.314,,
2026-01-27 20:25:09.002,retreat_machine_to_approach_unloader,17.447,-448.118,1474.072,179.825,-0.051,178.694,-2.188,-10.261,96.927,-0.03,93.508,-90.883,0.183,0.171,-0.057,0.0,-0.11,-1.075,-0.09,-2.99,-4.04,0.02,-0.03,-0.26,-0.177,-0.166,0.055,-0.001,0.11,-0.399,,
2026-01-27 20:25:09.107,retreat_machine_to_approach_unloader,17.551,-448.257,1474.012,179.825,-0.05,178.804,-2.174,-10.247,96.922,-0.03,93.5,-90.98,0.172,0.161,-0.054,0.0,-0.103,-1.048,0.04,-2.96,-4.13,0.04,0.1,-0.28,-0.189,-0.177,0.059,-0.001,0.116,-0.189,,
2026-01-27 20:25:09.216,retreat_machine_to_approach_unloader,17.643,-448.38,1473.959,179.824,-0.05,178.904,-2.161,-10.236,96.918,-0.03,93.492,-91.067,0.16,0.15,-0.05,0.0,-0.096,-1.004,-0.01,-2.89,-4.16,-0.03,-0.01,-0.17,-0.186,-0.174,0.058,-0.001,0.115,-0.076,,
2026-01-27 20:25:09.320,retreat_machine_to_approach_unloader,17.743,-448.514,1473.901,179.824,-0.05,179.015,-2.148,-10.223,96.914,-0.03,93.484,-91.165,0.154,0.144,-0.048,0.0,-0.092,-0.997,-0.01,-2.89,-4.1,0.01,-0.05,-0.2,-0.156,-0.146,0.049,-0.001,0.096,-0.171,,
2026-01-27 20:25:09.419,retreat_machine_to_approach_unloader,17.819,-448.617,1473.858,179.824,-0.049,179.101,-2.138,-10.214,96.911,-0.03,93.478,-91.24,0.141,0.132,-0.044,0.0,-0.085,-0.936,-0.0,-2.98,-4.15,-0.05,0.04,-0.19,-0.173,-0.162,0.054,-0.001,0.106,0.067,,
2026-01-27 20:25:09.520,retreat_machine_to_approach_unloader,17.892,-448.714,1473.816,179.823,-0.049,179.184,-2.128,-10.204,96.908,-0.03,93.472,-91.313,0.13,0.122,-0.041,0.0,-0.078,-0.885,-0.01,-2.92,-4.06,-0.05,0.01,-0.1,-0.16,-0.15,0.05,-0.001,0.098,0.083,,
2026-01-27 20:25:09.621,retreat_machine_to_approach_unloader,17.962,-448.807,1473.775,179.823,-0.049,179.264,-2.119,-10.196,96.905,-0.03,93.466,-91.384,0.121,0.113,-0.038,0.0,-0.073,-0.84,0.02,-2.87,-4.09,0.05,0.0,-0.18,-0.148,-0.139,0.046,-0.001,0.091,0.099,waypoint,
2026-01-27 20:25:09.723,approach_unloader_to_place,18.025,-448.919,1471.945,179.754,-0.047,179.341,-2.11,-10.181,97.081,-0.03,93.345,-91.452,0.112,0.122,0.412,-0.0,-0.358,-0.801,-0.07,-2.59,-3.86,-0.04,-0.11,-0.14,-0.14,-0.065,1.832,-0.001,-1.078,0.114,,
2026-01-27 20:25:09.824,approach_unloader_to_place,18.074,-449.244,1467.76,179.708,-0.046,179.415,-2.102,-10.161,97.495,-0.03,92.957,-91.518,0.104,0.141,1.343,-0.001,-1.237,-0.765,-0.01,-2.79,-3.85,-0.04,-0.11,-0.13,-0.134,-0.007,4.022,-0.002,-3.628,0.127,,
2026-01-27 20:25:09.924,approach_unloader_to_place,18.125,-449.676,1463.045,179.711,-0.046,179.497,-2.093,-10.14,97.961,-0.031,92.466,-91.592,0.1,0.159,2.174,-0.001,-2.157,-0.758,0.03,-2.75,-3.92,-0.01,-0.19,-0.26,-0.112,0.006,4.153,-0.002,-4.308,0.037,,
2026-01-27 20:25:10.025,approach_unloader_to_place,18.175,-450.063,1458.57,179.723,-0.046,179.576,-2.085,-10.12,98.404,-0.031,91.991,-91.662,0.096,0.169,2.737,-0.001,-2.804,-0.744,0.03,-2.85,-3.92,-0.0,-0.13,-0.09,-0.105,-0.007,3.499,-0.002,-3.704,0.067,,
2026-01-27 20:25:10.130,approach_unloader_to_place,18.22,-450.376,1454.622,179.733,-0.046,179.645,-2.078,-10.102,98.795,-0.031,91.572,-91.724,0.09,0.171,3.03,-0.001,-3.15,-0.713,0.06,-2.86,-3.87,0.03,-0.19,-0.23,-0.105,-0.03,2.627,-0.002,-2.78,0.142,,
2026-01-27 20:25:10.237,approach_unloader_to_place,18.264,-450.647,1450.862,179.743,-0.046,179.711,-2.071,-10.086,99.167,-0.031,91.174,-91.783,0.085,0.17,3.202,-0.001,-3.359,-0.682,0.01,-2.88,-4.03,-0.02,-0.24,-0.2,-0.098,-0.035,2.177,-0.001,-2.299,0.158,,
2026-01-27 20:25:10.343,approach_unloader_to_place,18.306,-450.88,1447.282,179.753,-0.047,179.774,-2.064,-10.07,99.521,-0.031,90.794,-91.839,0.08,0.167,3.287,-0.002,-3.468,-0.652,0.1,-3.03,-3.94,-0.04,-0.25,-0.08,-0.091,-0.04,1.78,-0.001,-1.875,0.172,,
2026-01-27 20:25:10.443,approach_unloader_to_place,18.345,-451.066,1444.131,179.761,-0.047,179.829,-2.058,-10.056,99.833,-0.031,90.461,-91.888,0.075,0.161,3.244,-0.001,-3.435,-0.611,0.01,-2.97,-4.01,-0.01,-0.23,-0.28,-0.09,-0.055,1.179,-0.001,-1.232,0.224,,
2026-01-27 20:25:10.550,approach_unloader_to_place,18.385,-451.238,1440.875,179.768,-0.047,179.886,-2.052,-10.041,100.155,-0.032,90.116,-91.938,0.071,0.157,3.238,-0.001,-3.438,-0.584,-0.09,-2.97,-3.91,-0.08,-0.2,-0.13,-0.079,-0.044,1.165,-0.001,-1.217,0.189,,
2026-01-27 20:25:10.651,approach_unloader_to_place,18.421,-451.374,1438.008,179.775,-0.047,179.935,-2.047,-10.028,100.438,-0.032,89.813,-91.982,0.067,0.15,3.138,-0.001,-3.336,-0.548,-0.07,-3.04,-3.92,-0.07,-0.2,-0.1,-0.078,-0.057,0.663,-0.0,-0.681,0.235,,
2026-01-27 20:25:10.757,approach_unloader_to_place,18.459,-451.498,1435.046,179.782,-0.047,179.986,-2.041,-10.015,100.731,-0.032,89.5,-92.027,0.064,0.145,3.086,-0.001,-3.285,-0.523,0.03,-3.02,-4.04,-0.02,-0.16,-0.12,-0.069,-0.047,0.691,-0.0,-0.712,0.202,,
2026-01-27 20:25:10.861,approach_unloader_to_place,18.493,-451.594,1432.438,179.788,-0.048,-179.971,-2.036,-10.003,100.989,-0.032,89.225,-92.066,0.06,0.138,2.959,-0.001,-3.152,-0.489,0.0,-3.06,-3.99,-0.07,-0.16,-0.15,-0.069,-0.058,0.271,-0.0,-0.264,0.242,,
2026-01-27 20:25:10.969,approach_unloader_to_place,18.529,-451.679,1429.744,179.794,-0.048,-179.926,-2.031,-9.991,101.255,-0.032,88.94,-92.105,0.057,0.134,2.885,-0.001,-3.075,-0.465,0.02,-3.06,-4.04,0.06,-0.22,-0.11,-0.06,-0.049,0.33,-0.0,-0.328,0.212,,
2026-01-27 20:25:11.070,approach_unloader_to_place,18.56,-451.743,1427.373,179.799,-0.048,-179.888,-2.027,-9.981,101.49,-0.032,88.69,-92.139,0.054,0.127,2.75,-0.001,-2.932,-0.434,0.0,-3.14,-4.05,0.05,-0.18,-0.06,-0.06,-0.058,-0.022,0.0,0.047,0.245,,
2026-01-27 20:25:11.178,approach_unloader_to_place,18.593,-451.798,1424.923,179.804,-0.048,-179.849,-2.023,-9.97,101.732,-0.032,88.432,-92.173,0.052,0.122,2.669,-0.001,-2.844,-0.411,0.03,-2.96,-4.04,-0.04,-0.12,-0.1,-0.053,-0.049,0.058,0.0,-0.039,0.218,,
2026-01-27 20:25:11.285,approach_unloader_to_place,18.625,-451.84,1422.591,179.808,-0.048,-179.813,-2.018,-9.959,101.963,-0.032,88.186,-92.205,0.05,0.118,2.578,-0.001,-2.748,-0.387,-0.04,-3.07,-3.94,-0.01,-0.13,-0.07,-0.049,-0.049,-0.064,0.0,0.091,0.222,,
2026-01-27 20:25:11.386,approach_unloader_to_place,18.654,-451.869,1420.538,179.812,-0.048,-179.782,-2.014,-9.95,102.166,-0.032,87.97,-92.231,0.047,0.111,2.442,-0.001,-2.601,-0.357,0.04,-3.08,-4.02,0.08,-0.17,-0.03,-0.05,-0.057,-0.334,0.0,0.377,0.247,,
2026-01-27 20:25:11.491,approach_unloader_to_place,18.684,-451.89,1418.417,179.816,-0.048,-179.751,-2.01,-9.941,102.376,-0.032,87.747,-92.258,0.045,0.107,2.356,-0.001,-2.509,-0.335,-0.04,-3.06,-3.98,0.09,-0.16,-0.14,-0.043,-0.048,-0.233,0.0,0.269,0.224,,
2026-01-27 20:25:11.592,approach_unloader_to_place,18.714,-451.903,1416.247,179.82,-0.049,-179.721,-2.006,-9.931,102.591,-0.032,87.518,-92.284,0.044,0.105,2.304,-0.001,-2.452,-0.316,0.05,-3.02,-4.04,0.05,-0.24,-0.13,-0.038,-0.041,-0.161,0.0,0.192,0.207,,
2026-01-27 20:25:11.692,approach_unloader_to_place,18.744,-451.907,1414.19,179.823,-0.049,-179.693,-2.003,-9.922,102.795,-0.032,87.302,-92.308,0.042,0.102,2.237,-0.001,-2.38,-0.296,-0.03,-3.04,-4.02,0.05,-0.15,-0.04,-0.036,-0.042,-0.256,0.0,0.292,0.213,,
2026-01-27 20:25:11.794,approach_unloader_to_place,18.776,-451.902,1411.969,179.826,-0.049,-179.665,-1.998,-9.912,103.014,-0.033,87.069,-92.331,0.042,0.101,2.228,-0.001,-2.368,-0.281,-0.01,-2.96,-4.03,-0.01,-0.16,-0.1,-0.03,-0.03,-0.068,0.0,0.092,0.19,,
2026-01-27 20:25:11.899,approach_unloader_to_place,18.803,-451.891,1410.134,179.829,-0.049,-179.644,-1.995,-9.904,103.196,-0.033,86.876,-92.349,0.04,0.096,2.125,-0.001,-2.258,-0.256,-0.11,-2.96,-4.06,-0.07,-0.13,-0.12,-0.034,-0.044,-0.442,0.0,0.489,0.227,,
2026-01-27 20:25:11.999,approach_unloader_to_place,18.825,-451.877,1408.636,179.831,-0.049,-179.627,-1.992,-9.897,103.344,-0.033,86.719,-92.363,0.037,0.089,1.965,-0.001,-2.087,-0.226,0.03,-3.02,-4.02,-0.07,-0.11,-0.12,-0.037,-0.055,-0.733,0.0,0.796,0.249,,
2026-01-27 20:25:12.102,approach_unloader_to_place,18.849,-451.857,1406.974,179.834,-0.049,-179.61,-1.989,-9.889,103.509,-0.033,86.544,-92.377,0.036,0.085,1.885,-0.001,-2.001,-0.204,-0.06,-2.87,-3.98,0.02,-0.09,-0.05,-0.03,-0.042,-0.495,0.0,0.544,0.222,,
2026-01-27 20:25:12.204,approach_unloader_to_place,18.878,-451.827,1405.07,179.836,-0.049,-179.593,-1.986,-9.881,103.698,-0.033,86.345,-92.391,0.036,0.085,1.885,-0.001,-2.0,-0.188,-0.04,-3.04,-4.08,0.07,-0.11,-0.02,-0.023,-0.027,-0.207,0.0,0.238,0.199,,
2026-01-27 20:25:12.307,approach_unloader_to_place,18.906,-451.791,1403.184,179.838,-0.049,-179.578,-1.982,-9.872,103.885,-0.033,86.147,-92.402,0.035,0.085,1.881,-0.001,-1.994,-0.17,-0.04,-3.04,-4.05,-0.0,-0.12,0.05,-0.021,-0.025,-0.203,0.0,0.234,0.203,,
2026-01-27 20:25:12.410,approach_unloader_to_place,18.929,-451.758,1401.708,179.84,-0.049,-179.568,-1.979,-9.866,104.031,-0.033,85.993,-92.41,0.033,0.081,1.777,-0.001,-1.882,-0.145,-0.01,-3.03,-4.09,-0.06,-0.08,-0.01,-0.026,-0.041,-0.589,0.0,0.641,0.226,,
2026-01-27 20:25:12.522,approach_unloader_to_place,18.949,-451.725,1400.404,179.841,-0.05,-179.56,-1.977,-9.86,104.16,-0.033,85.856,-92.414,0.031,0.075,1.656,-0.001,-1.752,-0.121,0.08,-2.99,-4.1,0.02,-0.12,0.05,-0.027,-0.045,-0.701,0.0,0.758,0.226,,
2026-01-27 20:25:12.627,approach_unloader_to_place,18.965,-451.696,1399.34,179.842,-0.05,-179.555,-1.975,-9.855,104.266,-0.033,85.745,-92.417,0.028,0.068,1.505,-0.001,-1.592,-0.098,-0.01,-2.95,-4.1,-0.02,-0.14,0.04,-0.029,-0.051,-0.868,0.0,0.934,0.224,,
2026-01-27 20:25:12.728,approach_unloader_to_place,18.983,-451.661,1398.159,179.843,-0.05,-179.551,-1.973,-9.85,104.383,-0.033,85.622,-92.419,0.027,0.065,1.422,-0.001,-1.503,-0.078,-0.05,-2.98,-4.12,-0.02,-0.1,-0.07,-0.023,-0.04,-0.665,0.0,0.719,0.211,,
2026-01-27 20:25:12.828,approach_unloader_to_place,19.004,-451.617,1396.807,179.844,-0.05,-179.548,-1.97,-9.844,104.517,-0.033,85.481,-92.42,0.026,0.064,1.402,-0.001,-1.48,-0.06,0.06,-2.98,-4.06,0.03,-0.0,-0.07,-0.018,-0.029,-0.429,0.0,0.469,0.205,,
2026-01-27 20:25:12.929,approach_unloader_to_place,19.022,-451.579,1395.685,179.845,-0.05,-179.547,-1.968,-9.839,104.628,-0.033,85.363,-92.418,0.025,0.06,1.33,-0.001,-1.403,-0.041,-0.04,-2.95,-4.13,-0.11,-0.16,0.03,-0.02,-0.036,-0.613,0.0,0.663,0.202,,
2026-01-27 20:25:13.035,approach_unloader_to_place,19.038,-451.54,1394.624,179.845,-0.05,-179.548,-1.966,-9.834,104.734,-0.033,85.253,-92.415,0.024,0.057,1.26,-0.001,-1.329,-0.024,-0.06,-2.96,-4.05,0.02,-0.11,-0.06,-0.02,-0.035,-0.613,0.0,0.662,0.196,,
2026-01-27 20:25:13.137,approach_unloader_to_place,19.054,-451.501,1393.622,179.846,-0.05,-179.55,-1.964,-9.829,104.833,-0.033,85.148,-92.411,0.023,0.054,1.194,-0.0,-1.258,-0.008,-0.02,-2.97,-4.1,0.05,-0.12,-0.11,-0.019,-0.034,-0.61,0.0,0.658,0.189,,
2026-01-27 20:25:13.241,approach_unloader_to_place,19.068,-451.465,1392.737,179.846,-0.05,-179.553,-1.963,-9.825,104.921,-0.033,85.056,-92.407,0.021,0.051,1.115,-0.0,-1.174,0.006,-0.07,-3.0,-4.09,-0.08,0.02,-0.2,-0.019,-0.036,-0.665,0.0,0.714,0.178,,
2026-01-27 20:25:13.345,approach_unloader_to_place,19.081,-451.432,1391.957,179.846,-0.05,-179.557,-1.961,-9.822,104.998,-0.033,84.975,-92.401,0.019,0.047,1.03,-0.0,-1.083,0.018,-0.05,-2.96,-4.16,0.03,-0.04,0.07,-0.019,-0.037,-0.702,0.0,0.752,0.165,,
2026-01-27 20:25:13.450,approach_unloader_to_place,19.094,-451.394,1391.103,179.847,-0.05,-179.562,-1.959,-9.818,105.083,-0.033,84.886,-92.394,0.019,0.045,0.984,-0.0,-1.035,0.031,-0.02,-2.93,-4.09,-0.08,-0.03,-0.03,-0.016,-0.03,-0.559,0.0,0.601,0.166,waypoint,
2026-01-27 20:25:13.555,place_on_unloader,19.107,-451.358,1390.296,179.847,-0.05,-179.569,-1.958,-9.814,105.163,-0.033,84.802,-92.386,0.018,0.043,0.938,-0.0,-0.986,0.043,-0.01,-3.03,-4.02,-0.03,-0.04,0.02,-0.015,-0.029,-0.55,0.0,0.591,0.158,,
2026-01-27 20:25:13.661,place_on_unloader,19.118,-451.326,1389.633,179.847,-0.05,-179.575,-1.957,-9.811,105.229,-0.033,84.733,-92.379,0.016,0.04,0.868,-0.0,-0.912,0.051,0.0,-3.0,-4.02,-0.02,-0.15,-0.02,-0.016,-0.033,-0.637,0.0,0.681,0.138,,
2026-01-27 20:25:13.766,place_on_unloader,19.128,-451.296,1389.002,179.847,-0.05,-179.582,-1.956,-9.808,105.292,-0.033,84.668,-92.371,0.015,0.037,0.808,-0.0,-0.848,0.058,-0.01,-2.94,-4.11,0.1,-0.09,-0.07,-0.015,-0.031,-0.605,0.0,0.647,0.13,,
2026-01-27 20:25:13.873,place_on_unloader,19.138,-451.266,1388.401,179.847,-0.05,-179.589,-1.954,-9.806,105.351,-0.034,84.605,-92.362,0.014,0.034,0.755,-0.0,-0.792,0.065,-0.06,-2.96,-3.98,0.01,-0.04,0.03,-0.014,-0.029,-0.575,0.0,0.614,0.121,,
2026-01-27 20:25:13.980,place_on_unloader,19.147,-451.237,1387.83,179.847,-0.05,-179.597,-1.953,-9.803,105.408,-0.034,84.546,-92.353,0.013,0.032,0.708,-0.0,-0.742,0.071,0.08,-2.95,-4.09,0.01,-0.05,0.01,-0.013,-0.028,-0.546,0.0,0.583,0.113,,
2026-01-27 20:25:14.084,place_on_unloader,19.155,-451.211,1387.326,179.847,-0.051,-179.604,-1.952,-9.801,105.458,-0.034,84.494,-92.345,0.012,0.03,0.656,-0.0,-0.687,0.075,-0.03,-2.9,-4.13,-0.06,-0.06,0.01,-0.013,-0.028,-0.559,0.0,0.596,0.098,,
2026-01-27 20:25:14.184,place_on_unloader,19.164,-451.183,1386.806,179.847,-0.051,-179.613,-1.951,-9.798,105.51,-0.034,84.44,-92.335,0.012,0.028,0.621,-0.0,-0.65,0.08,0.02,-2.98,-4.07,-0.02,-0.04,-0.0,-0.012,-0.024,-0.487,0.0,0.519,0.098,,
2026-01-27 20:25:14.290,place_on_unloader,19.173,-451.15,1386.201,179.847,-0.051,-179.624,-1.95,-9.796,105.57,-0.034,84.377,-92.323,0.012,0.028,0.616,-0.0,-0.644,0.09,-0.04,-2.9,-4.15,0.02,-0.05,0.1,-0.009,-0.018,-0.353,0.0,0.379,0.114,,
2026-01-27 20:25:14.394,place_on_unloader,19.182,-451.12,1385.665,179.846,-0.051,-179.634,-1.949,-9.793,105.623,-0.034,84.322,-92.312,0.011,0.027,0.595,-0.0,-0.622,0.096,-0.03,-2.95,-4.08,-0.04,-0.07,-0.09,-0.009,-0.019,-0.387,0.0,0.414,0.097,,
2026-01-27 20:25:14.495,place_on_unloader,19.189,-451.097,1385.258,179.846,-0.051,-179.643,-1.948,-9.791,105.663,-0.034,84.28,-92.302,0.01,0.025,0.547,-0.0,-0.571,0.096,0.03,-2.97,-4.14,0.0,0.0,0.01,-0.011,-0.023,-0.476,0.0,0.506,0.066,,
2026-01-27 20:25:14.600,place_on_unloader,19.197,-451.07,1384.775,179.846,-0.051,-179.654,-1.948,-9.789,105.711,-0.034,84.23,-92.291,0.01,0.024,0.531,-0.0,-0.553,0.101,0.07,-2.95,-4.09,-0.02,-0.08,-0.07,-0.008,-0.018,-0.353,0.0,0.377,0.084,,
2026-01-27 20:25:14.704,place_on_unloader,19.204,-451.045,1384.348,179.846,-0.051,-179.664,-1.947,-9.787,105.754,-0.034,84.186,-92.279,0.01,0.023,0.504,-0.0,-0.525,0.104,-0.04,-2.97,-4.08,-0.01,-0.02,0.03,-0.008,-0.018,-0.373,0.0,0.398,0.068,,
2026-01-27 20:25:14.813,place_on_unloader,19.21,-451.022,1383.972,179.845,-0.051,-179.674,-1.946,-9.786,105.791,-0.034,84.147,-92.269,0.009,0.022,0.472,-0.0,-0.491,0.104,0.04,-2.89,-4.1,-0.05,-0.09,0.11,-0.009,-0.019,-0.386,0.0,0.41,0.054,,
2026-01-27 20:25:14.916,place_on_unloader,19.216,-451.001,1383.613,179.845,-0.051,-179.683,-1.945,-9.784,105.827,-0.034,84.11,-92.259,0.008,0.02,0.443,-0.0,-0.461,0.104,-0.02,-2.89,-4.12,0.0,0.03,-0.05,-0.008,-0.018,-0.365,0.0,0.388,0.048,,
2026-01-27 20:25:15.021,place_on_unloader,19.222,-450.978,1383.246,179.845,-0.051,-179.694,-1.945,-9.782,105.863,-0.034,84.072,-92.248,0.008,0.019,0.423,-0.0,-0.44,0.105,0.03,-2.96,-4.12,0.05,-0.13,-0.01,-0.007,-0.016,-0.321,0.0,0.341,0.051,,
2026-01-27 20:25:15.121,place_on_unloader,19.227,-450.958,1382.923,179.844,-0.051,-179.703,-1.944,-9.781,105.895,-0.034,84.039,-92.237,0.008,0.018,0.398,-0.0,-0.413,0.105,0.01,-2.92,-4.1,0.08,-0.1,0.02,-0.007,-0.016,-0.332,0.0,0.352,0.037,,
2026-01-27 20:25:15.222,place_on_unloader,19.233,-450.936,1382.569,179.844,-0.051,-179.714,-1.943,-9.779,105.931,-0.034,84.002,-92.226,0.007,0.018,0.386,-0.0,-0.401,0.107,-0.07,-2.98,-4.15,-0.02,0.08,-0.02,-0.006,-0.013,-0.268,0.0,0.285,0.048,,
2026-01-27 20:25:15.329,place_on_unloader,19.239,-450.917,1382.256,179.844,-0.051,-179.724,-1.943,-9.778,105.962,-0.034,83.97,-92.215,0.007,0.017,0.367,-0.0,-0.381,0.107,0.05,-3.05,-4.01,0.01,0.02,0.03,-0.006,-0.014,-0.282,0.0,0.3,0.033,,
2026-01-27 20:25:15.430,place_on_unloader,19.243,-450.9,1382.001,179.843,-0.051,-179.733,-1.942,-9.777,105.987,-0.034,83.944,-92.206,0.006,0.016,0.339,-0.0,-0.352,0.103,-0.02,-2.94,-4.09,0.01,0.02,0.02,-0.007,-0.015,-0.311,0.0,0.329,0.013,,
2026-01-27 20:25:15.537,place_on_unloader,19.247,-450.883,1381.737,179.843,-0.051,-179.742,-1.942,-9.775,106.013,-0.034,83.917,-92.197,0.006,0.015,0.32,-0.0,-0.331,0.101,0.01,-2.91,-4.04,-0.0,-0.01,-0.02,-0.006,-0.013,-0.272,0.0,0.288,0.018,,
2026-01-27 20:25:15.643,place_on_unloader,19.251,-450.867,1381.486,179.843,-0.051,-179.751,-1.941,-9.774,106.038,-0.034,83.891,-92.187,0.006,0.014,0.302,-0.0,-0.313,0.099,0.01,-2.92,-4.11,-0.03,0.0,0.0,-0.005,-0.012,-0.257,0.0,0.272,0.014,,
2026-01-27 20:25:15.744,place_on_unloader,19.255,-450.852,1381.265,179.843,-0.051,-179.759,-1.941,-9.773,106.06,-0.034,83.868,-92.179,0.005,0.013,0.282,-0.0,-0.291,0.096,0.05,-2.94,-4.06,-0.06,-0.12,-0.01,-0.005,-0.012,-0.261,0.0,0.276,0.003,,
2026-01-27 20:25:15.845,place_on_unloader,19.259,-450.838,1381.054,179.842,-0.051,-179.767,-1.941,-9.772,106.081,-0.034,83.847,-92.17,0.005,0.012,0.264,-0.0,-0.273,0.092,0.12,-2.98,-4.1,-0.06,-0.04,0.01,-0.005,-0.012,-0.245,0.0,0.258,0.001,,
2026-01-27 20:25:15.945,place_on_unloader,19.262,-450.825,1380.852,179.842,-0.051,-179.774,-1.94,-9.771,106.101,-0.034,83.826,-92.162,0.005,0.011,0.248,-0.0,-0.256,0.09,0.05,-2.94,-4.08,0.02,-0.02,0.02,-0.005,-0.011,-0.23,0.0,0.242,-0.001,,
2026-01-27 20:25:16.048,place_on_unloader,19.266,-450.81,1380.628,179.842,-0.051,-179.783,-1.94,-9.77,106.124,-0.034,83.803,-92.153,0.005,0.011,0.242,-0.0,-0.249,0.09,0.15,-2.85,-4.08,0.01,-0.09,0.13,-0.004,-0.009,-0.185,0.0,0.195,0.01,,
2026-01-27 20:25:16.153,place_on_unloader,19.27,-450.794,1380.401,179.841,-0.051,-179.792,-1.939,-9.769,106.146,-0.034,83.78,-92.144,0.005,0.011,0.238,-0.0,-0.245,0.091,0.02,-2.98,-4.13,-0.03,-0.05,-0.02,-0.003,-0.008,-0.163,0.0,0.173,0.012,,
2026-01-27 20:25:16.258,place_on_unloader,19.273,-450.781,1380.2,179.841,-0.051,-179.8,-1.939,-9.768,106.166,-0.034,83.759,-92.135,0.004,0.01,0.228,-0.0,-0.235,0.09,-0.05,-3.02,-4.11,0.02,-0.04,0.06,-0.004,-0.008,-0.173,0.0,0.183,0.001,,
2026-01-27 20:25:16.368,place_on_unloader,19.276,-450.767,1379.997,179.84,-0.051,-179.808,-1.939,-9.767,106.186,-0.034,83.738,-92.127,0.004,0.01,0.222,-0.0,-0.228,0.089,-0.0,-2.9,-4.12,-0.03,0.11,-0.02,-0.003,-0.007,-0.153,0.0,0.162,0.003,,
2026-01-27 20:25:16.472,place_on_unloader,19.279,-450.756,1379.842,179.84,-0.052,-179.815,-1.938,-9.767,106.202,-0.034,83.723,-92.12,0.004,0.009,0.205,-0.0,-0.211,0.083,-0.02,-2.87,-4.04,0.0,0.02,-0.01,-0.004,-0.009,-0.186,0.0,0.196,-0.017,,
2026-01-27 20:25:16.573,place_on_unloader,19.281,-450.746,1379.694,179.84,-0.052,-179.821,-1.938,-9.766,106.216,-0.034,83.708,-92.113,0.004,0.009,0.19,-0.0,-0.196,0.079,-0.0,-2.98,-4.12,0.08,-0.06,-0.0,-0.004,-0.008,-0.174,0.0,0.183,-0.018,,
2026-01-27 20:25:16.675,place_on_unloader,19.284,-450.736,1379.553,179.84,-0.052,-179.827,-1.938,-9.765,106.23,-0.034,83.693,-92.107,0.003,0.008,0.178,-0.0,-0.183,0.075,-0.05,-2.98,-4.11,0.03,0.01,0.01,-0.003,-0.008,-0.163,0.0,0.172,-0.019,,
2026-01-27 20:25:16.778,place_on_unloader,19.287,-450.724,1379.385,179.839,-0.052,-179.834,-1.937,-9.765,106.247,-0.034,83.676,-92.1,0.003,0.008,0.175,-0.0,-0.18,0.074,0.02,-2.95,-4.16,0.07,-0.04,-0.02,-0.002,-0.006,-0.121,0.0,0.128,-0.005,,
2026-01-27 20:25:16.878,place_on_unloader,19.289,-450.713,1379.227,179.839,-0.052,-179.841,-1.937,-9.764,106.263,-0.034,83.66,-92.093,0.003,0.008,0.171,-0.0,-0.175,0.073,-0.0,-2.96,-4.1,-0.08,-0.05,0.01,-0.002,-0.006,-0.118,0.0,0.124,-0.008,,
2026-01-27 20:25:16.979,place_on_unloader,19.292,-450.701,1379.067,179.839,-0.052,-179.847,-1.937,-9.763,106.279,-0.034,83.644,-92.086,0.003,0.008,0.168,-0.0,-0.172,0.072,0.01,-2.89,-4.12,-0.02,0.04,-0.05,-0.002,-0.005,-0.105,0.0,0.111,-0.007,,
2026-01-27 20:25:17.079,place_on_unloader,19.295,-450.69,1378.908,179.838,-0.052,-179.854,-1.936,-9.762,106.295,-0.034,83.628,-92.079,0.003,0.008,0.165,-0.0,-0.169,0.072,0.03,-2.95,-4.11,-0.03,-0.06,0.07,-0.002,-0.004,-0.095,0.0,0.1,-0.007,,
2026-01-27 20:25:17.185,place_on_unloader,19.298,-450.678,1378.742,179.838,-0.052,-179.861,-1.936,-9.762,106.311,-0.034,83.611,-92.072,0.003,0.008,0.165,-0.0,-0.169,0.072,-0.02,-2.93,-4.2,-0.05,-0.01,0.04,-0.002,-0.004,-0.079,0.0,0.083,-0.004,,
2026-01-27 20:25:17.287,place_on_unloader,19.3,-450.668,1378.603,179.837,-0.052,-179.866,-1.936,-9.761,106.325,-0.034,83.597,-92.066,0.003,0.007,0.158,-0.0,-0.162,0.069,0.01,-2.81,-4.14,-0.06,0.01,-0.0,-0.002,-0.005,-0.098,0.0,0.103,-0.017,,
2026-01-27 20:25:17.393,place_on_unloader,19.302,-450.658,1378.473,179.837,-0.052,-179.872,-1.936,-9.76,106.338,-0.034,83.583,-92.06,0.003,0.007,0.151,-0.0,-0.155,0.065,-0.04,-2.9,-4.04,-0.02,0.06,-0.04,-0.002,-0.004,-0.097,0.0,0.102,-0.02,,
2026-01-27 20:25:17.493,place_on_unloader,19.304,-450.649,1378.344,179.837,-0.052,-179.876,-1.935,-9.76,106.351,-0.034,83.57,-92.055,0.003,0.007,0.145,-0.0,-0.149,0.062,0.02,-2.96,-4.18,-0.07,0.04,-0.01,-0.002,-0.004,-0.088,0.0,0.093,-0.02,,
2026-01-27 20:25:17.594,place_on_unloader,19.306,-450.64,1378.23,179.836,-0.052,-179.881,-1.935,-9.759,106.362,-0.034,83.559,-92.051,0.003,0.006,0.137,-0.0,-0.14,0.058,-0.08,-2.98,-4.0,-0.03,-0.07,0.01,-0.002,-0.004,-0.094,0.0,0.099,-0.025,,
2026-01-27 20:25:17.694,place_on_unloader,19.308,-450.632,1378.123,179.836,-0.052,-179.885,-1.935,-9.759,106.373,-0.034,83.548,-92.047,0.002,0.006,0.13,-0.0,-0.132,0.053,0.09,-2.89,-4.07,-0.03,-0.03,-0.09,-0.002,-0.004,-0.092,0.0,0.096,-0.027,,
2026-01-27 20:25:17.795,place_on_unloader,19.31,-450.625,1378.023,179.836,-0.052,-179.888,-1.935,-9.758,106.383,-0.034,83.538,-92.043,0.002,0.006,0.122,-0.0,-0.125,0.049,-0.03,-2.88,-4.14,-0.05,-0.04,0.02,-0.002,-0.004,-0.089,0.0,0.093,-0.029,,
2026-01-27 20:25:17.901,place_on_unloader,19.311,-450.618,1377.935,179.836,-0.052,-179.891,-1.935,-9.758,106.391,-0.034,83.529,-92.04,0.002,0.005,0.114,-0.0,-0.116,0.044,-0.01,-2.94,-4.04,0.06,-0.01,-0.01,-0.002,-0.004,-0.092,0.0,0.096,-0.032,,
2026-01-27 20:25:18.210,place_on_unloader,19.315,-450.603,1377.731,179.835,-0.052,-179.896,-1.934,-9.757,106.412,-0.035,83.508,-92.034,0.002,0.004,0.087,-0.0,-0.088,0.03,-0.05,-2.97,-4.05,-0.07,-0.03,-0.05,-0.002,-0.004,-0.086,0.0,0.089,-0.033,,
2026-01-27 20:25:18.528,place_on_unloader,19.318,-450.59,1377.568,179.834,-0.052,-179.9,-1.934,-9.756,106.428,-0.035,83.492,-92.03,0.001,0.003,0.068,-0.0,-0.069,0.02,-0.04,-2.9,-4.17,-0.13,-0.09,0.03,-0.001,-0.003,-0.069,0.0,0.071,-0.029,,
2026-01-27 20:25:18.837,place_on_unloader,19.32,-450.579,1377.42,179.834,-0.052,-179.902,-1.934,-9.756,106.443,-0.035,83.477,-92.028,0.001,0.003,0.057,-0.0,-0.057,0.013,-0.04,-2.85,-4.12,0.04,0.05,0.12,-0.001,-0.003,-0.064,0.0,0.067,-0.027,,
2026-01-27 20:25:19.150,place_on_unloader,19.322,-450.569,1377.296,179.833,-0.052,-179.903,-1.933,-9.755,106.455,-0.035,83.465,-92.027,0.001,0.002,0.048,-0.0,-0.048,0.007,0.01,-2.92,-4.14,0.01,0.0,0.01,-0.001,-0.002,-0.046,0.0,0.048,-0.023,,
2026-01-27 20:25:19.564,place_on_unloader,19.325,-450.557,1377.15,179.833,-0.052,-179.902,-1.933,-9.754,106.47,-0.035,83.45,-92.027,0.001,0.002,0.039,-0.0,-0.04,0.001,-0.14,-3.0,-4.07,-0.03,0.07,0.07,-0.001,-0.002,-0.04,0.0,0.041,-0.019,,
2026-01-27 20:25:19.873,place_on_unloader,19.326,-450.551,1377.067,179.832,-0.052,-179.901,-1.933,-9.754,106.478,-0.035,83.442,-92.028,0.001,0.002,0.032,-0.0,-0.033,-0.002,-0.01,-2.99,-3.99,0.03,-0.03,-0.01,-0.001,-0.002,-0.035,0.0,0.036,-0.016,,
2026-01-27 20:25:20.181,place_on_unloader,19.327,-450.545,1376.995,179.832,-0.052,-179.899,-1.933,-9.754,106.485,-0.035,83.435,-92.03,0.001,0.001,0.027,0.0,-0.027,-0.005,-0.02,-2.99,-4.12,-0.02,-0.0,0.01,-0.001,-0.001,-0.028,0.0,0.029,-0.013,,
2026-01-27 20:25:20.497,place_on_unloader,19.329,-450.54,1376.925,179.832,-0.052,-179.896,-1.933,-9.753,106.492,-0.035,83.428,-92.033,0.0,0.001,0.025,0.0,-0.025,-0.007,0.0,-2.97,-4.15,0.01,0.04,-0.06,-0.0,-0.001,-0.019,0.0,0.02,-0.013,,
2026-01-27 20:25:20.911,place_on_unloader,19.33,-450.534,1376.854,179.831,-0.052,-179.892,-1.933,-9.753,106.499,-0.035,83.421,-92.037,0.0,0.001,0.02,0.0,-0.02,-0.009,0.02,-2.91,-4.13,0.0,-0.07,-0.06,-0.0,-0.001,-0.018,0.0,0.018,-0.008,,
2026-01-27 20:25:21.018,place_to_retreat_unloader,19.325,-450.049,1376.877,179.837,-0.052,-179.894,-1.935,-9.801,106.535,-0.035,83.427,-92.038,-0.007,-0.119,0.106,-0.0,0.0,-0.009,0.02,-4.64,-3.93,0.02,0.01,-0.05,-0.028,-0.48,0.331,-0.001,0.094,-0.008,,
2026-01-27 20:25:21.122,place_to_retreat_unloader,19.284,-446.194,1377.146,179.853,-0.053,-179.913,-1.957,-10.177,106.811,-0.035,83.511,-92.04,-0.06,-1.031,0.769,-0.001,0.211,-0.012,0.0,-4.28,-3.97,0.06,0.04,0.01,-0.217,-3.72,2.693,-0.004,0.866,-0.019,,
2026-01-27 20:25:21.227,place_to_retreat_unloader,19.246,-442.283,1377.389,179.854,-0.053,-179.932,-1.979,-10.557,107.089,-0.035,83.612,-92.044,-0.1,-1.721,1.271,-0.001,0.41,-0.019,0.04,-3.98,-3.92,0.01,0.11,0.05,-0.198,-3.373,2.443,-0.002,0.947,-0.032,,
2026-01-27 20:25:21.330,place_to_retreat_unloader,19.214,-438.556,1377.596,179.852,-0.053,-179.948,-2.0,-10.918,107.353,-0.036,83.711,-92.049,-0.128,-2.193,1.615,-0.002,0.554,-0.026,-0.07,-3.69,-3.92,-0.04,0.05,-0.0,-0.167,-2.855,2.066,-0.002,0.829,-0.042,,
2026-01-27 20:25:21.433,place_to_retreat_unloader,19.185,-435.01,1377.77,179.849,-0.054,-179.962,-2.02,-11.261,107.605,-0.036,83.805,-92.055,-0.146,-2.504,1.841,-0.002,0.651,-0.036,0.0,-3.55,-3.9,0.01,-0.01,-0.1,-0.14,-2.396,1.732,-0.002,0.701,-0.051,,
2026-01-27 20:25:21.535,place_to_retreat_unloader,19.161,-431.892,1377.906,179.847,-0.054,-179.973,-2.038,-11.564,107.827,-0.036,83.888,-92.062,-0.154,-2.635,1.935,-0.002,0.695,-0.044,0.04,-3.46,-3.93,-0.03,0.13,0.02,-0.102,-1.745,1.257,-0.001,0.518,-0.051,,
2026-01-27 20:25:21.636,place_to_retreat_unloader,19.141,-428.914,1378.021,179.845,-0.054,-179.982,-2.055,-11.853,108.039,-0.036,83.967,-92.07,-0.157,-2.699,1.981,-0.002,0.719,-0.052,0.02,-3.29,-3.96,-0.02,0.05,-0.05,-0.084,-1.436,1.033,-0.001,0.429,-0.055,,
2026-01-27 20:25:21.746,place_to_retreat_unloader,19.126,-426.535,1378.101,179.844,-0.054,-179.988,-2.069,-12.084,108.208,-0.036,84.03,-92.077,-0.152,-2.602,1.909,-0.002,0.698,-0.057,-0.0,-3.18,-4.0,-0.07,0.05,-0.03,-0.042,-0.712,0.505,-0.0,0.227,-0.043,,
2026-01-27 20:25:21.845,place_to_retreat_unloader,19.114,-424.697,1378.156,179.843,-0.054,-179.992,-2.079,-12.263,108.339,-0.036,84.079,-92.083,-0.14,-2.398,1.759,-0.002,0.645,-0.058,0.05,-3.1,-3.89,0.01,-0.01,0.04,-0.007,-0.117,0.07,0.0,0.061,-0.028,,
2026-01-27 20:25:21.950,place_to_retreat_unloader,19.1,-422.044,1378.226,179.841,-0.054,-179.998,-2.094,-12.521,108.528,-0.037,84.149,-92.092,-0.143,-2.444,1.792,-0.002,0.66,-0.068,-0.08,-2.96,-3.91,-0.09,0.09,-0.06,-0.053,-0.899,0.645,-0.0,0.271,-0.062,,
2026-01-27 20:25:22.057,place_to_retreat_unloader,19.086,-419.305,1378.285,179.84,-0.054,179.998,-2.11,-12.787,108.723,-0.037,84.222,-92.104,-0.146,-2.499,1.832,-0.002,0.677,-0.079,-0.1,-2.94,-4.0,0.04,0.01,0.04,-0.053,-0.895,0.643,-0.0,0.267,-0.071,,
2026-01-27 20:25:22.159,place_to_retreat_unloader,19.074,-416.896,1378.326,179.838,-0.054,179.995,-2.123,-13.022,108.895,-0.037,84.286,-92.115,-0.144,-2.461,1.804,-0.002,0.668,-0.086,-0.01,-2.89,-3.99,-0.07,0.13,0.04,-0.029,-0.486,0.345,-0.0,0.153,-0.061,,
2026-01-27 20:25:22.260,place_to_retreat_unloader,19.065,-414.595,1378.356,179.837,-0.054,179.993,-2.136,-13.246,109.06,-0.037,84.347,-92.126,-0.141,-2.407,1.764,-0.002,0.654,-0.093,0.05,-2.77,-4.0,-0.04,0.0,0.08,-0.02,-0.333,0.234,-0.0,0.109,-0.06,,
2026-01-27 20:25:22.360,place_to_retreat_unloader,19.055,-412.041,1378.378,179.836,-0.054,179.993,-2.151,-13.496,109.242,-0.037,84.415,-92.14,-0.142,-2.428,1.779,-0.002,0.66,-0.105,0.08,-2.76,-3.92,0.01,-0.02,0.04,-0.032,-0.548,0.393,-0.0,0.165,-0.079,,
2026-01-27 20:25:22.462,place_to_retreat_unloader,19.047,-409.622,1378.389,179.835,-0.054,179.993,-2.165,-13.732,109.415,-0.037,84.48,-92.155,-0.141,-2.412,1.767,-0.002,0.656,-0.115,-0.04,-2.68,-3.92,0.0,0.03,-0.07,-0.022,-0.365,0.259,-0.0,0.113,-0.076,,
2026-01-27 20:25:22.563,place_to_retreat_unloader,19.04,-407.17,1378.39,179.833,-0.054,179.995,-2.179,-13.972,109.591,-0.038,84.545,-92.17,-0.141,-2.408,1.764,-0.002,0.655,-0.126,0.07,-2.7,-3.98,0.09,0.04,-0.11,-0.021,-0.362,0.258,-0.0,0.111,-0.083,,
2026-01-27 20:25:22.665,place_to_retreat_unloader,19.034,-404.705,1378.38,179.832,-0.055,179.998,-2.193,-14.213,109.768,-0.038,84.611,-92.188,-0.141,-2.408,1.765,-0.002,0.656,-0.138,0.04,-2.63,-3.89,0.04,0.02,-0.01,-0.02,-0.34,0.242,-0.0,0.103,-0.09,,
2026-01-27 20:25:22.773,place_to_retreat_unloader,19.03,-402.67,1378.364,179.831,-0.055,-179.998,-2.205,-14.412,109.914,-0.038,84.665,-92.203,-0.135,-2.304,1.688,-0.001,0.627,-0.142,-0.11,-2.51,-4.02,-0.05,0.2,-0.01,0.006,0.112,-0.088,0.0,-0.021,-0.062,,
2026-01-27 20:25:22.879,place_to_retreat_unloader,19.028,-401.01,1378.346,179.83,-0.055,-179.994,-2.214,-14.574,110.033,-0.038,84.709,-92.217,-0.125,-2.135,1.564,-0.001,0.581,-0.14,-0.06,-2.6,-4.0,0.04,0.14,-0.08,0.027,0.468,-0.348,0.0,-0.119,-0.035,,
2026-01-27 20:25:22.981,place_to_retreat_unloader,19.026,-399.296,1378.321,179.83,-0.055,-179.989,-2.224,-14.742,110.156,-0.038,84.755,-92.231,-0.118,-2.021,1.481,-0.001,0.55,-0.142,-0.08,-2.46,-4.0,0.06,0.06,-0.05,0.021,0.367,-0.274,0.0,-0.093,-0.043,,
2026-01-27 20:25:23.085,place_to_retreat_unloader,19.024,-397.422,1378.289,179.829,-0.055,-179.983,-2.235,-14.926,110.29,-0.038,84.804,-92.248,-0.115,-1.975,1.447,-0.001,0.537,-0.149,-0.05,-2.57,-4.06,-0.04,0.12,-0.03,0.01,0.172,-0.13,0.0,-0.041,-0.062,,
2026-01-27 20:25:23.186,place_to_retreat_unloader,19.023,-395.767,1378.255,179.828,-0.055,-179.976,-2.244,-15.089,110.409,-0.038,84.849,-92.264,-0.11,-1.887,1.383,-0.001,0.513,-0.151,-0.11,-2.48,-4.01,0.01,0.12,-0.05,0.021,0.369,-0.274,0.0,-0.095,-0.044,,
2026-01-27 20:25:23.291,place_to_retreat_unloader,19.022,-393.982,1378.214,179.828,-0.055,-179.969,-2.254,-15.264,110.538,-0.038,84.896,-92.282,-0.108,-1.854,1.358,-0.001,0.503,-0.158,-0.01,-2.41,-4.01,0.03,0.03,-0.05,0.012,0.202,-0.152,0.0,-0.051,-0.061,,
2026-01-27 20:25:23.399,place_to_retreat_unloader,19.022,-392.405,1378.172,179.827,-0.055,-179.961,-2.263,-15.419,110.651,-0.038,84.938,-92.299,-0.104,-1.778,1.303,-0.001,0.483,-0.16,-0.02,-2.43,-3.98,0.0,-0.01,-0.05,0.022,0.386,-0.286,0.0,-0.101,-0.042,,
2026-01-27 20:25:23.501,place_to_retreat_unloader,19.022,-391.109,1378.135,179.827,-0.055,-179.954,-2.271,-15.546,110.745,-0.039,84.973,-92.313,-0.097,-1.652,1.21,-0.001,0.448,-0.156,0.01,-2.4,-4.08,0.1,-0.04,-0.13,0.036,0.623,-0.459,0.001,-0.166,-0.014,,
2026-01-27 20:25:23.602,place_to_retreat_unloader,19.023,-389.876,1378.097,179.826,-0.055,-179.947,-2.278,-15.668,110.834,-0.039,85.005,-92.327,-0.09,-1.542,1.13,-0.001,0.418,-0.152,0.09,-2.41,-4.01,-0.06,0.04,-0.05,0.036,0.622,-0.458,0.0,-0.166,-0.011,,
2026-01-27 20:25:23.703,place_to_retreat_unloader,19.024,-388.791,1378.061,179.826,-0.055,-179.941,-2.284,-15.774,110.912,-0.039,85.034,-92.34,-0.083,-1.424,1.043,-0.001,0.386,-0.146,0.09,-2.4,-4.11,0.04,0.09,-0.01,0.041,0.705,-0.519,0.001,-0.189,0.003,,
2026-01-27 20:25:23.804,place_to_retreat_unloader,19.025,-387.755,1378.025,179.826,-0.055,-179.934,-2.29,-15.876,110.987,-0.039,85.062,-92.353,-0.077,-1.323,0.969,-0.001,0.358,-0.141,-0.08,-2.31,-3.99,0.01,0.04,-0.08,0.04,0.682,-0.502,0.001,-0.183,0.005,,
2026-01-27 20:25:23.910,place_to_retreat_unloader,19.026,-386.765,1377.988,179.825,-0.055,-179.928,-2.296,-15.974,111.058,-0.039,85.088,-92.365,-0.072,-1.236,0.905,-0.001,0.335,-0.137,0.07,-2.32,-4.08,0.08,-0.01,-0.07,0.038,0.659,-0.485,0.0,-0.177,0.007,,
2026-01-27 20:25:24.011,place_to_retreat_unloader,19.027,-385.82,1377.952,179.825,-0.055,-179.921,-2.301,-16.067,111.126,-0.039,85.113,-92.377,-0.068,-1.16,0.85,-0.001,0.314,-0.133,-0.08,-2.22,-4.01,-0.01,0.1,-0.04,0.037,0.636,-0.468,0.0,-0.171,0.009,,
2026-01-27 20:25:24.111,place_to_retreat_unloader,19.028,-384.917,1377.916,179.825,-0.055,-179.915,-2.306,-16.156,111.191,-0.039,85.137,-92.389,-0.064,-1.092,0.8,-0.001,0.295,-0.129,-0.03,-2.28,-4.05,0.07,0.02,-0.03,0.036,0.614,-0.451,0.0,-0.166,0.011,,
2026-01-27 20:25:24.217,place_to_retreat_unloader,19.03,-383.985,1377.877,179.825,-0.055,-179.907,-2.312,-16.248,111.259,-0.039,85.162,-92.401,-0.061,-1.049,0.769,-0.001,0.284,-0.128,0.0,-2.22,-4.06,0.03,0.06,-0.09,0.031,0.523,-0.385,0.0,-0.141,0.003,,
2026-01-27 20:25:24.318,place_to_retreat_unloader,19.032,-382.964,1377.833,179.824,-0.055,-179.899,-2.318,-16.349,111.333,-0.039,85.189,-92.415,-0.061,-1.039,0.761,-0.001,0.28,-0.131,-0.05,-2.27,-4.09,0.0,0.06,0.01,0.022,0.384,-0.283,0.0,-0.104,-0.012,,
2026-01-27 20:25:24.419,place_to_retreat_unloader,19.033,-382.189,1377.798,179.824,-0.055,-179.893,-2.322,-16.425,111.389,-0.039,85.21,-92.426,-0.057,-0.97,0.711,-0.001,0.262,-0.125,0.01,-2.31,-3.99,0.01,-0.0,0.01,0.034,0.587,-0.431,0.0,-0.159,0.021,,
2026-01-27 20:25:24.523,place_to_retreat_unloader,19.035,-381.449,1377.763,179.824,-0.055,-179.887,-2.326,-16.498,111.442,-0.039,85.229,-92.436,-0.053,-0.91,0.667,-0.0,0.246,-0.12,-0.01,-2.33,-4.07,-0.06,0.02,-0.05,0.033,0.562,-0.413,0.0,-0.152,0.022,waypoint,
2026-01-27 20:25:24.630,retreat_unloader_to_end,16.675,-381.169,1380.343,179.945,-0.063,179.777,-2.683,-16.584,111.235,-0.042,85.401,-92.457,-0.931,-0.896,-0.018,-0.008,0.613,-0.141,-2.27,-3.46,-6.66,-0.04,0.07,-0.03,-3.49,0.384,-2.978,-0.031,1.382,-0.08,,
2026-01-27 20:25:24.733,retreat_unloader_to_end,2.201,-382.471,1396.403,-179.813,-0.085,177.768,-4.842,-16.646,109.628,-0.053,86.828,-92.607,-6.096,-0.828,-4.031,-0.034,4.027,-0.482,-2.0,-3.19,-6.19,-0.04,0.22,-0.12,-21.171,0.575,-16.681,-0.105,13.796,-1.373,,
2026-01-27 20:25:24.842,retreat_unloader_to_end,-9.154,-382.432,1409.064,-179.817,-0.092,176.306,-6.541,-16.689,108.359,-0.059,88.143,-92.845,-8.818,-0.729,-6.197,-0.041,6.309,-0.955,-1.79,-2.95,-6.01,-0.02,0.4,-0.2,-14.447,0.709,-11.635,-0.047,11.304,-2.104,,
2026-01-27 20:25:24.944,retreat_unloader_to_end,-19.079,-381.841,1420.185,-179.841,-0.096,175.116,-8.031,-16.727,107.244,-0.064,89.319,-93.147,-10.341,-0.641,-7.434,-0.042,7.67,-1.472,-1.63,-2.85,-5.7,-0.06,0.51,-0.41,-10.926,0.695,-8.923,-0.029,8.773,-2.545,,
2026-01-27 20:25:25.052,retreat_unloader_to_end,-30.209,-380.591,1432.746,-179.872,-0.101,173.885,-9.715,-16.769,105.985,-0.069,90.649,-93.602,-11.966,-0.587,-8.722,-0.044,9.079,-2.241,-1.38,-2.73,-5.47,-0.08,0.65,-0.41,-11.763,0.577,-9.473,-0.027,9.447,-3.813,,
2026-01-27 20:25:25.159,retreat_unloader_to_end,-40.698,-378.838,1444.7,-179.901,-0.104,172.833,-11.318,-16.81,104.787,-0.073,91.916,-94.154,-12.982,-0.541,-9.537,-0.043,9.976,-3.061,-1.33,-2.74,-5.4,-0.1,0.67,-0.55,-9.779,0.54,-7.921,-0.016,7.861,-4.406,,
2026-01-27 20:25:25.261,retreat_unloader_to_end,-50.561,-376.666,1456.071,-179.928,-0.106,171.946,-12.845,-16.848,103.646,-0.077,93.121,-94.795,-13.552,-0.502,-10.004,-0.041,10.494,-3.9,-1.18,-2.6,-5.15,-0.04,0.66,-0.75,-8.031,0.505,-6.553,-0.009,6.458,-4.858,,
2026-01-27 20:25:25.364,retreat_unloader_to_end,-61.867,-373.527,1469.301,-179.959,-0.108,171.066,-14.623,-16.893,102.318,-0.08,94.523,-95.696,-14.609,-0.488,-10.826,-0.04,11.377,-5.175,-1.06,-2.46,-5.06,-0.04,0.77,-0.92,-9.748,0.391,-7.78,-0.009,7.79,-6.96,,
2026-01-27 20:25:25.467,retreat_unloader_to_end,-72.293,-369.986,1481.729,-179.987,-0.108,170.4,-16.296,-16.935,101.067,-0.083,95.842,-96.705,-15.141,-0.472,-11.246,-0.038,11.83,-6.404,-0.92,-2.44,-4.93,-0.03,0.7,-1.13,-7.729,0.378,-6.22,-0.003,6.175,-7.354,,
2026-01-27 20:25:25.568,retreat_unloader_to_end,-81.311,-366.392,1492.692,179.989,-0.108,169.951,-17.776,-16.972,99.961,-0.086,97.007,-97.738,-15.055,-0.447,-11.198,-0.035,11.785,-7.385,-0.96,-2.35,-4.72,0.01,0.7,-1.23,-5.016,0.389,-4.147,0.003,4.018,-6.855,,
2026-01-27 20:25:25.672,retreat_unloader_to_end,-90.171,-362.348,1503.691,179.965,-0.107,169.643,-19.264,-17.01,98.849,-0.088,98.178,-98.92,-15.012,-0.429,-11.179,-0.032,11.766,-8.494,-0.73,-2.31,-4.67,-0.1,0.67,-1.45,-4.602,0.347,-3.797,0.004,3.675,-7.661,,
2026-01-27 20:25:25.777,retreat_unloader_to_end,-98.783,-357.895,1514.637,179.943,-0.104,169.488,-20.75,-17.047,97.739,-0.091,99.346,-100.253,-14.973,-0.416,-11.159,-0.03,11.744,-9.703,-0.78,-2.26,-4.59,0.01,0.58,-1.52,-4.115,0.313,-3.396,0.004,3.276,-8.406,,
2026-01-27 20:25:25.882,retreat_unloader_to_end,-106.188,-353.62,1524.285,179.923,-0.101,169.487,-22.064,-17.081,96.758,-0.093,100.378,-101.568,-14.514,-0.395,-10.823,-0.028,11.387,-10.565,-0.82,-2.24,-4.57,-0.01,0.6,-1.67,-1.983,0.325,-1.77,0.006,1.586,-7.384,,
2026-01-27 20:25:25.986,retreat_unloader_to_end,-113.368,-349.047,1533.883,179.905,-0.097,169.622,-23.375,-17.114,95.778,-0.095,101.406,-103.016,-14.164,-0.379,-10.566,-0.026,11.112,-11.545,-0.67,-2.15,-4.58,0.04,0.62,-1.85,-1.761,0.293,-1.575,0.004,1.399,-7.983,,
2026-01-27 20:25:26.087,retreat_unloader_to_end,-119.532,-344.756,1542.341,179.889,-0.094,169.862,-24.535,-17.143,94.912,-0.097,102.315,-104.417,-13.522,-0.358,-10.089,-0.025,10.606,-12.162,-0.61,-2.12,-4.44,0.01,0.53,-1.83,-0.066,0.302,-0.282,0.004,0.059,-6.708,,
2026-01-27 20:25:26.195,retreat_unloader_to_end,-125.165,-340.512,1550.274,179.875,-0.089,170.197,-25.626,-17.171,94.097,-0.099,103.169,-105.845,-12.87,-0.337,-9.605,-0.025,10.091,-12.69,-0.45,-2.05,-4.44,0.01,0.6,-2.01,0.622,0.289,0.255,0.003,-0.488,-6.303,,
2026-01-27 20:25:26.301,retreat_unloader_to_end,-129.383,-337.117,1556.357,179.864,-0.086,170.529,-26.465,-17.192,93.471,-0.101,103.826,-107.018,-11.751,-0.306,-8.77,-0.023,9.21,-12.451,-0.48,-2.02,-4.46,-0.05,0.55,-2.09,3.08,0.324,2.112,0.006,-2.418,-3.129,,
2026-01-27 20:25:26.401,retreat_unloader_to_end,-133.01,-334.035,1561.697,179.855,-0.082,170.878,-27.204,-17.211,92.919,-0.103,104.404,-108.108,-10.66,-0.276,-7.957,-0.022,8.351,-12.062,-0.5,-2.05,-4.41,-0.0,0.46,-2.12,3.775,0.317,2.651,0.006,-2.966,-1.978,,
2026-01-27 20:25:26.502,retreat_unloader_to_end,-136.672,-330.763,1567.201,179.846,-0.079,171.296,-27.968,-17.23,92.349,-0.105,105.0,-109.291,-9.904,-0.256,-7.393,-0.022,7.755,-12.004,-0.53,-1.97,-4.42,-0.08,0.45,-2.23,3.152,0.279,2.203,0.003,-2.481,-2.717,,
2026-01-27 20:25:26.605,retreat_unloader_to_end,-140.575,-327.081,1573.207,179.837,-0.074,171.822,-28.803,-17.251,91.725,-0.108,105.653,-110.655,-9.517,-0.245,-7.105,-0.022,7.447,-12.412,-0.49,-1.96,-4.2,-0.05,0.48,-2.25,2.116,0.232,1.445,-0.001,-1.675,-4.252,,
2026-01-27 20:25:26.706,retreat_unloader_to_end,-144.618,-323.042,1579.592,179.828,-0.07,172.466,-29.695,-17.274,91.059,-0.111,106.348,-112.192,-9.366,-0.24,-6.992,-0.024,7.323,-13.152,-0.48,-1.91,-4.23,0.04,0.47,-2.31,1.347,0.195,0.884,-0.006,-1.078,-5.559,,
2026-01-27 20:25:26.809,retreat_unloader_to_end,-147.876,-319.602,1584.877,179.82,-0.066,173.067,-30.435,-17.293,90.507,-0.113,106.925,-113.534,-8.875,-0.227,-6.626,-0.025,6.935,-13.221,-0.36,-1.85,-4.32,-0.03,0.47,-2.34,2.723,0.214,1.924,-0.003,-2.154,-3.061,,
2026-01-27 20:25:26.915,retreat_unloader_to_end,-150.871,-316.283,1589.855,179.813,-0.062,173.691,-31.134,-17.31,89.985,-0.116,107.469,-114.86,-8.405,-0.215,-6.275,-0.026,6.562,-13.229,-0.3,-1.98,-4.17,0.05,0.35,-2.25,2.86,0.203,2.037,-0.003,-2.262,-2.58,,
2026-01-27 20:25:27.023,retreat_unloader_to_end,-153.092,-313.717,1593.629,179.809,-0.058,174.202,-31.666,-17.324,89.588,-0.119,107.883,-115.905,-7.633,-0.195,-5.698,-0.025,5.956,-12.533,-0.35,-1.92,-4.18,-0.09,0.46,-2.33,4.251,0.225,3.086,0.002,-3.345,0.484,,
2026-01-27 20:25:27.123,retreat_unloader_to_end,-155.336,-311.027,1597.519,179.804,-0.055,174.765,-32.215,-17.338,89.178,-0.121,108.31,-117.018,-7.098,-0.181,-5.299,-0.025,5.535,-12.184,-0.36,-1.85,-4.23,0.05,0.31,-2.34,3.649,0.198,2.646,-0.001,-2.876,-0.254,,
2026-01-27 20:25:27.226,retreat_unloader_to_end,-157.731,-308.039,1601.765,179.799,-0.052,175.421,-32.816,-17.353,88.729,-0.124,108.777,-118.277,-6.826,-0.174,-5.096,-0.027,5.318,-12.285,-0.27,-1.79,-4.18,-0.02,0.32,-2.27,2.766,0.165,1.995,-0.005,-2.189,-1.679,,
2026-01-27 20:25:27.329,retreat_unloader_to_end,-159.935,-305.175,1605.766,179.794,-0.048,176.078,-33.384,-17.368,88.305,-0.127,109.218,-119.504,-6.539,-0.167,-4.881,-0.028,5.091,-12.282,-0.3,-1.84,-4.19,0.03,0.25,-2.2,2.822,0.157,2.043,-0.005,-2.232,-1.198,,
2026-01-27 20:25:27.430,retreat_unloader_to_end,-161.572,-302.973,1608.8,179.791,-0.046,176.602,-33.816,-17.379,87.983,-0.13,109.553,-120.462,-5.984,-0.153,-4.466,-0.027,4.655,-11.605,-0.3,-1.86,-4.05,0.07,0.24,-2.18,3.902,0.176,2.856,0.001,-3.069,1.621,,
2026-01-27 20:25:27.531,retreat_unloader_to_end,-163.472,-300.328,1612.395,179.787,-0.043,177.252,-34.329,-17.392,87.6,-0.133,109.95,-121.626,-5.77,-0.147,-4.307,-0.028,4.485,-11.614,-0.34,-1.78,-3.98,-0.06,0.24,-2.18,2.701,0.137,1.965,-0.005,-2.136,-0.608,,
2026-01-27 20:25:27.635,retreat_unloader_to_end,-165.447,-297.474,1616.22,179.783,-0.04,177.976,-34.876,-17.406,87.192,-0.136,110.374,-122.899,-5.695,-0.145,-4.25,-0.03,4.423,-11.893,-0.28,-1.77,-4.15,-0.05,0.26,-2.17,2.089,0.115,1.514,-0.009,-1.661,-1.635,,
2026-01-27 20:25:27.737,retreat_unloader_to_end,-167.248,-294.769,1619.796,179.78,-0.037,178.682,-35.389,-17.419,86.809,-0.14,110.771,-124.12,-5.553,-0.142,-4.145,-0.031,4.309,-11.972,-0.16,-1.8,-4.02,-0.05,0.26,-2.0,2.221,0.112,1.617,-0.008,-1.762,-0.951,,
2026-01-27 20:25:27.843,retreat_unloader_to_end,-168.707,-292.5,1622.76,179.778,-0.035,179.286,-35.815,-17.43,86.492,-0.143,111.1,-125.152,-5.23,-0.133,-3.903,-0.031,4.055,-11.56,-0.19,-1.86,-4.01,0.02,0.2,-1.96,2.868,0.123,2.104,-0.002,-2.262,1.029,,
2026-01-27 20:25:27.950,retreat_unloader_to_end,-169.967,-290.48,1625.372,179.775,-0.033,179.833,-36.191,-17.439,86.211,-0.146,111.39,-126.077,-4.863,-0.124,-3.629,-0.03,3.768,-10.981,-0.14,-1.86,-4.07,-0.1,0.22,-1.93,3.078,0.123,2.264,0.0,-2.422,2.006,,
2026-01-27 20:25:28.056,retreat_unloader_to_end,-170.975,-288.822,1627.499,179.774,-0.032,-179.714,-36.498,-17.447,85.982,-0.148,111.627,-126.838,-4.415,-0.113,-3.295,-0.028,3.418,-10.14,-0.1,-1.85,-3.98,-0.02,0.19,-1.91,3.463,0.129,2.555,0.005,-2.716,3.432,,
2026-01-27 20:25:28.160,retreat_unloader_to_end,-172.149,-286.839,1630.022,179.772,-0.03,-179.169,-36.863,-17.456,85.71,-0.151,111.909,-127.75,-4.223,-0.108,-3.151,-0.029,3.267,-9.885,-0.18,-1.86,-3.99,-0.03,0.22,-1.8,2.54,0.101,1.869,-0.001,-2.002,1.588,,
2026-01-27 20:25:28.266,retreat_unloader_to_end,-173.165,-285.077,1632.246,179.771,-0.029,-178.682,-37.185,-17.465,85.469,-0.153,112.157,-128.56,-3.972,-0.101,-2.964,-0.028,3.071,-9.439,-0.19,-1.82,-4.02,-0.01,0.22,-1.7,2.711,0.102,1.999,0.002,-2.131,2.446,,
2026-01-27 20:25:28.367,retreat_unloader_to_end,-173.914,-283.75,1633.91,179.769,-0.028,-178.316,-37.426,-17.471,85.289,-0.155,112.343,-129.169,-3.583,-0.092,-2.673,-0.026,2.768,-8.601,-0.14,-1.69,-4.01,0.01,0.23,-1.86,3.247,0.112,2.402,0.008,-2.542,4.216,,
2026-01-27 20:25:28.471,retreat_unloader_to_end,-174.683,-282.359,1635.645,179.768,-0.027,-177.933,-37.678,-17.477,85.101,-0.158,112.537,-129.805,-3.317,-0.085,-2.475,-0.025,2.561,-8.041,-0.28,-1.69,-3.93,-0.06,0.21,-1.64,2.816,0.098,2.082,0.006,-2.206,3.52,,
2026-01-27 20:25:28.570,retreat_unloader_to_end,-175.407,-281.024,1637.302,179.768,-0.026,-177.569,-37.919,-17.484,84.921,-0.16,112.722,-130.412,-3.09,-0.079,-2.306,-0.024,2.384,-7.548,-0.17,-1.7,-3.9,0.04,0.22,-1.53,2.646,0.091,1.957,0.006,-2.073,3.46,,
2026-01-27 20:25:28.675,retreat_unloader_to_end,-176.088,-279.743,1638.882,179.767,-0.026,-177.222,-38.149,-17.489,84.75,-0.161,112.899,-130.99,-2.893,-0.074,-2.159,-0.022,2.231,-7.106,-0.15,-1.7,-3.92,0.06,0.12,-1.52,2.488,0.085,1.841,0.006,-1.949,3.404,,
2026-01-27 20:25:28.776,retreat_unloader_to_end,-176.729,-278.515,1640.39,179.766,-0.025,-176.894,-38.369,-17.495,84.585,-0.163,113.068,-131.539,-2.72,-0.07,-2.029,-0.022,2.095,-6.702,-0.12,-1.79,-3.83,0.0,0.05,-1.48,2.342,0.079,1.734,0.006,-1.834,3.352,,
2026-01-27 20:25:28.882,retreat_unloader_to_end,-177.333,-277.338,1641.83,179.766,-0.024,-176.585,-38.579,-17.5,84.429,-0.165,113.23,-132.059,-2.565,-0.066,-1.914,-0.021,1.975,-6.328,-0.16,-1.73,-3.95,0.07,0.16,-1.4,2.206,0.073,1.633,0.007,-1.727,3.303,,
2026-01-27 20:25:28.990,retreat_unloader_to_end,-177.947,-276.117,1643.315,179.765,-0.024,-176.272,-38.797,-17.506,84.267,-0.167,113.396,-132.591,-2.467,-0.063,-1.841,-0.02,1.898,-6.075,-0.13,-1.61,-3.9,-0.01,0.1,-1.21,1.915,0.064,1.418,0.005,-1.501,2.858,,
2026-01-27 20:25:29.094,retreat_unloader_to_end,-178.524,-274.952,1644.728,179.765,-0.024,-175.98,-39.003,-17.511,84.112,-0.169,113.555,-133.09,-2.367,-0.061,-1.766,-0.019,1.82,-5.805,-0.11,-1.76,-3.77,0.08,0.04,-1.29,1.828,0.061,1.354,0.006,-1.432,2.9,,
2026-01-27 20:25:29.199,retreat_unloader_to_end,-179.303,-273.343,1646.668,179.764,-0.023,-175.594,-39.288,-17.519,83.9,-0.171,113.773,-133.762,-2.486,-0.064,-1.855,-0.02,1.91,-6.033,-0.1,-1.79,-3.88,0.01,0.14,-1.15,0.869,0.035,0.639,-0.001,-0.695,0.882,,
2026-01-27 20:25:29.301,retreat_unloader_to_end,-179.941,-271.994,1648.287,179.764,-0.023,-175.289,-39.525,-17.525,83.723,-0.173,113.955,-134.307,-2.459,-0.063,-1.835,-0.02,1.887,-5.886,-0.15,-1.78,-3.75,-0.01,0.05,-1.08,1.249,0.043,0.924,0.004,-0.986,2.068,,
2026-01-27 20:25:29.405,retreat_unloader_to_end,-180.496,-270.798,1649.716,179.764,-0.023,-175.035,-39.736,-17.53,83.566,-0.174,114.115,-134.772,-2.37,-0.061,-1.768,-0.019,1.817,-5.578,-0.05,-1.74,-3.8,0.12,0.11,-1.15,1.4,0.046,1.037,0.006,-1.099,2.655,,
2026-01-27 20:25:29.509,retreat_unloader_to_end,-180.979,-269.737,1650.978,179.764,-0.023,-174.826,-39.921,-17.535,83.427,-0.176,114.257,-135.168,-2.242,-0.058,-1.673,-0.018,1.718,-5.172,-0.14,-1.57,-3.84,0.03,0.03,-0.94,1.503,0.047,1.115,0.008,-1.177,3.084,,
2026-01-27 20:25:29.614,retreat_unloader_to_end,-181.371,-268.864,1652.014,179.764,-0.024,-174.667,-40.074,-17.539,83.313,-0.177,114.374,-135.48,-2.063,-0.053,-1.539,-0.016,1.58,-4.66,-0.08,-1.79,-3.85,-0.04,0.07,-0.93,1.684,0.051,1.25,0.01,-1.313,3.61,,
2026-01-27 20:25:29.715,retreat_unloader_to_end,-181.739,-268.031,1653.0,179.765,-0.024,-174.528,-40.219,-17.543,83.205,-0.178,114.485,-135.765,-1.91,-0.049,-1.426,-0.014,1.462,-4.207,-0.09,-1.72,-3.83,-0.01,0.07,-0.83,1.589,0.048,1.18,0.01,-1.238,3.524,,
2026-01-27 20:25:29.821,retreat_unloader_to_end,-182.163,-267.059,1654.147,179.765,-0.024,-174.384,-40.389,-17.547,83.079,-0.179,114.614,-136.079,-1.856,-0.048,-1.385,-0.013,1.419,-3.94,-0.03,-1.64,-3.8,0.09,0.11,-0.71,1.19,0.037,0.883,0.009,-0.933,2.879,,
2026-01-27 20:25:29.921,retreat_unloader_to_end,-182.461,-266.367,1654.962,179.765,-0.025,-174.295,-40.509,-17.55,82.989,-0.179,114.706,-136.289,-1.693,-0.044,-1.263,-0.012,1.294,-3.48,-0.09,-1.74,-3.84,0.01,0.05,-0.76,1.56,0.046,1.16,0.011,-1.213,3.631,,
2026-01-27 20:25:30.024,retreat_unloader_to_end,-182.765,-265.651,1655.803,179.766,-0.025,-174.216,-40.633,-17.553,82.896,-0.18,114.8,-136.493,-1.581,-0.041,-1.18,-0.01,1.207,-3.12,-0.18,-1.67,-3.84,-0.05,0.16,-0.55,1.364,0.04,1.014,0.011,-1.062,3.329,,
2026-01-27 20:25:30.129,retreat_unloader_to_end,-183.074,-264.917,1656.664,179.766,-0.025,-174.151,-40.761,-17.557,82.801,-0.181,114.897,-136.686,-1.504,-0.039,-1.122,-0.009,1.148,-2.823,-0.02,-1.61,-3.8,0.01,0.14,-0.59,1.199,0.035,0.891,0.01,-0.934,3.103,,
2026-01-27 20:25:30.230,retreat_unloader_to_end,-183.323,-264.317,1657.365,179.767,-0.026,-174.11,-40.864,-17.559,82.723,-0.181,114.976,-136.831,-1.387,-0.036,-1.035,-0.008,1.058,-2.479,-0.08,-1.67,-3.78,-0.07,0.12,-0.52,1.314,0.038,0.977,0.011,-1.02,3.278,,
2026-01-27 20:25:30.331,retreat_unloader_to_end,-183.577,-263.697,1658.089,179.768,-0.026,-174.082,-40.972,-17.562,82.643,-0.181,115.058,-136.967,-1.309,-0.034,-0.977,-0.007,0.998,-2.199,-0.0,-1.73,-3.78,0.03,0.11,-0.45,1.148,0.033,0.853,0.01,-0.892,3.038,,
2026-01-27 20:25:30.434,retreat_unloader_to_end,-183.818,-263.106,1658.778,179.768,-0.027,-174.069,-41.074,-17.565,82.567,-0.182,115.136,-137.082,-1.237,-0.032,-0.923,-0.005,0.942,-1.937,-0.09,-1.72,-3.74,0.01,0.14,-0.49,1.085,0.031,0.806,0.01,-0.842,2.941,,
2026-01-27 20:25:30.535,retreat_unloader_to_end,-184.111,-262.375,1659.629,179.77,-0.028,-174.074,-41.2,-17.568,82.473,-0.182,115.231,-137.203,-1.243,-0.032,-0.928,-0.005,0.946,-1.756,-0.09,-1.66,-3.84,-0.04,0.02,-0.33,0.736,0.022,0.546,0.01,-0.576,2.588,,
2026-01-27 20:25:30.640,retreat_unloader_to_end,-184.43,-261.573,1660.562,179.771,-0.029,-174.111,-41.338,-17.571,82.37,-0.182,115.336,-137.305,-1.278,-0.033,-0.954,-0.003,0.972,-1.573,-0.01,-1.62,-3.64,-0.08,0.14,-0.32,0.54,0.017,0.4,0.01,-0.427,2.518,,
2026-01-27 20:25:30.742,retreat_unloader_to_end,-184.721,-260.828,1661.425,179.772,-0.03,-174.177,-41.467,-17.575,82.274,-0.182,115.434,-137.368,-1.279,-0.033,-0.955,-0.002,0.972,-1.335,-0.07,-1.75,-3.84,-0.03,0.03,-0.23,0.587,0.017,0.436,0.011,-0.462,2.666,,
2026-01-27 20:25:30.844,retreat_unloader_to_end,-185.013,-260.071,1662.302,179.774,-0.031,-174.281,-41.597,-17.578,82.176,-0.181,115.532,-137.394,-1.285,-0.033,-0.96,-0.001,0.976,-1.067,-0.06,-1.64,-3.8,-0.03,0.07,-0.22,0.508,0.015,0.377,0.012,-0.401,2.758,,
2026-01-27 20:25:30.948,retreat_unloader_to_end,-185.279,-259.374,1663.108,179.776,-0.032,-174.414,-41.717,-17.581,82.087,-0.181,115.623,-137.381,-1.263,-0.033,-0.944,0.001,0.958,-0.768,-0.01,-1.75,-3.64,-0.02,0.05,-0.2,0.562,0.016,0.417,0.013,-0.441,2.878,,
2026-01-27 20:25:31.048,retreat_unloader_to_end,-185.51,-258.76,1663.816,179.778,-0.033,-174.565,-41.822,-17.584,82.008,-0.18,115.703,-137.335,-1.211,-0.031,-0.905,0.002,0.918,-0.462,0.0,-1.59,-3.73,0.0,-0.01,-0.06,0.65,0.018,0.483,0.013,-0.507,2.913,,
2026-01-27 20:25:31.152,retreat_unloader_to_end,-185.73,-258.167,1664.5,179.78,-0.034,-174.744,-41.924,-17.587,81.932,-0.179,115.779,-137.257,-1.163,-0.03,-0.869,0.004,0.881,-0.152,-0.01,-1.64,-3.73,0.06,0.03,-0.16,0.621,0.018,0.462,0.013,-0.484,2.947,,
2026-01-27 20:25:31.257,retreat_unloader_to_end,-185.922,-257.645,1665.101,179.782,-0.035,-174.934,-42.014,-17.589,81.865,-0.178,115.847,-137.158,-1.096,-0.028,-0.819,0.005,0.829,0.136,-0.08,-1.69,-3.8,0.03,0.07,-0.07,0.681,0.019,0.507,0.013,-0.529,2.87,,
2026-01-27 20:25:31.359,retreat_unloader_to_end,-186.098,-257.163,1665.656,179.784,-0.036,-175.137,-42.096,-17.591,81.803,-0.177,115.909,-137.037,-1.029,-0.027,-0.769,0.007,0.778,0.404,-0.04,-1.47,-3.72,-0.02,0.09,0.04,0.682,0.019,0.507,0.012,-0.528,2.796,,
2026-01-27 20:25:31.465,retreat_unloader_to_end,-186.266,-256.697,1666.192,179.786,-0.037,-175.363,-42.176,-17.593,81.744,-0.176,115.969,-136.89,-0.971,-0.025,-0.726,0.008,0.734,0.668,0.0,-1.6,-3.75,0.02,-0.01,-0.01,0.642,0.018,0.478,0.013,-0.498,2.767,,
2026-01-27 20:25:31.564,retreat_unloader_to_end,-186.419,-256.269,1666.684,179.788,-0.038,-175.598,-42.249,-17.595,81.689,-0.175,116.025,-136.728,-0.912,-0.024,-0.682,0.009,0.688,0.908,0.0,-1.63,-3.75,0.03,0.0,0.04,0.642,0.018,0.478,0.012,-0.497,2.654,,
2026-01-27 20:25:31.667,retreat_unloader_to_end,-186.559,-255.875,1667.137,179.79,-0.038,-175.841,-42.317,-17.597,81.638,-0.173,116.075,-136.552,-0.853,-0.022,-0.637,0.01,0.643,1.12,-0.08,-1.75,-3.74,-0.01,0.08,0.08,0.637,0.017,0.474,0.011,-0.492,2.52,,
2026-01-27 20:25:31.768,retreat_unloader_to_end,-186.687,-255.513,1667.554,179.792,-0.039,-176.088,-42.379,-17.598,81.592,-0.172,116.122,-136.367,-0.795,-0.021,-0.594,0.011,0.599,1.304,-0.12,-1.6,-3.76,-0.06,0.01,0.11,0.627,0.017,0.467,0.011,-0.484,2.369,,
2026-01-27 20:25:31.871,retreat_unloader_to_end,-186.803,-255.179,1667.937,179.794,-0.04,-176.338,-42.436,-17.6,81.549,-0.171,116.165,-136.174,-0.739,-0.019,-0.553,0.012,0.556,1.461,-0.12,-1.64,-3.68,0.0,-0.03,0.18,0.614,0.017,0.457,0.01,-0.473,2.206,,
2026-01-27 20:25:31.975,retreat_unloader_to_end,-186.909,-254.873,1668.289,179.796,-0.041,-176.588,-42.489,-17.601,81.51,-0.169,116.204,-135.976,-0.686,-0.018,-0.513,0.012,0.516,1.591,0.01,-1.61,-3.82,0.1,-0.03,0.08,0.599,0.016,0.446,0.009,-0.46,2.034,,
2026-01-27 20:25:32.077,retreat_unloader_to_end,-187.007,-254.591,1668.613,179.798,-0.042,-176.836,-42.537,-17.603,81.473,-0.168,116.24,-135.775,-0.635,-0.017,-0.475,0.013,0.477,1.694,-0.0,-1.71,-3.63,0.06,0.0,0.23,0.581,0.016,0.433,0.008,-0.446,1.856,,
2026-01-27 20:25:32.181,retreat_unloader_to_end,-187.099,-254.32,1668.924,179.8,-0.042,-177.092,-42.584,-17.604,81.439,-0.166,116.275,-135.565,-0.592,-0.015,-0.443,0.013,0.445,1.796,-0.05,-1.6,-3.68,0.03,0.04,0.16,0.542,0.015,0.404,0.008,-0.417,1.766,,
2026-01-27 20:25:32.283,retreat_unloader_to_end,-187.184,-254.072,1669.209,179.802,-0.043,-177.343,-42.626,-17.605,81.407,-0.165,116.307,-135.356,-0.551,-0.014,-0.412,0.013,0.413,1.868,0.04,-1.66,-3.77,-0.02,0.07,0.2,0.527,0.014,0.393,0.007,-0.404,1.574,,
2026-01-27 20:25:32.386,retreat_unloader_to_end,-187.261,-253.845,1669.47,179.804,-0.043,-177.586,-42.665,-17.606,81.378,-0.163,116.336,-135.151,-0.51,-0.013,-0.382,0.014,0.383,1.914,-0.0,-1.65,-3.68,-0.04,0.01,0.28,0.51,0.014,0.38,0.006,-0.391,1.382,,
2026-01-27 20:25:32.488,retreat_unloader_to_end,-187.328,-253.645,1669.699,179.805,-0.044,-177.811,-42.699,-17.607,81.352,-0.162,116.362,-134.96,-0.468,-0.012,-0.351,0.013,0.351,1.914,0.04,-1.62,-3.75,0.01,-0.02,0.15,0.506,0.013,0.377,0.004,-0.387,1.108,,
2026-01-27 20:25:32.591,retreat_unloader_to_end,-187.395,-253.446,1669.929,179.807,-0.045,-178.047,-42.734,-17.608,81.326,-0.161,116.387,-134.758,-0.437,-0.011,-0.327,0.014,0.327,1.941,-0.12,-1.64,-3.74,0.07,-0.02,0.25,0.456,0.012,0.34,0.004,-0.349,1.104,,
2026-01-27 20:25:32.696,retreat_unloader_to_end,-187.451,-253.278,1670.121,179.809,-0.045,-178.254,-42.762,-17.608,81.305,-0.16,116.408,-134.58,-0.4,-0.01,-0.299,0.013,0.299,1.901,0.02,-1.62,-3.7,-0.03,-0.02,0.26,0.465,0.012,0.347,0.002,-0.355,0.753,,
2026-01-27 20:25:32.798,retreat_unloader_to_end,-187.503,-253.124,1670.298,179.81,-0.045,-178.45,-42.789,-17.609,81.285,-0.158,116.428,-134.409,-0.366,-0.01,-0.274,0.013,0.273,1.851,-0.04,-1.63,-3.75,-0.03,0.15,0.16,0.441,0.012,0.329,0.002,-0.337,0.6,,
2026-01-27 20:25:32.900,retreat_unloader_to_end,-187.552,-252.976,1670.468,179.812,-0.046,-178.644,-42.814,-17.61,81.266,-0.157,116.447,-134.24,-0.338,-0.009,-0.253,0.012,0.252,1.811,-0.09,-1.66,-3.78,-0.02,0.03,0.19,0.408,0.011,0.304,0.001,-0.311,0.526,,
2026-01-27 20:25:33.024,retreat_unloader_to_end,-187.597,-252.841,1670.624,179.813,-0.046,-178.826,-42.837,-17.61,81.249,-0.156,116.464,-134.081,-0.311,-0.008,-0.233,0.012,0.232,1.756,-0.04,-1.63,-3.76,0.03,-0.01,0.26,0.388,0.01,0.29,0.0,-0.296,0.375,,
2026-01-27 20:25:33.102,retreat_unloader_to_end,-187.638,-252.717,1670.767,179.814,-0.046,-178.995,-42.859,-17.611,81.233,-0.155,116.48,-133.933,-0.287,-0.007,-0.215,0.011,0.214,1.689,-0.01,-1.64,-3.68,-0.03,0.04,0.22,0.369,0.01,0.275,-0.0,-0.281,0.235,,
2026-01-27 20:25:33.205,retreat_unloader_to_end,-187.677,-252.598,1670.903,179.815,-0.047,-179.159,-42.879,-17.611,81.217,-0.154,116.495,-133.789,-0.266,-0.007,-0.199,0.011,0.198,1.627,-0.09,-1.62,-3.65,-0.04,0.02,0.29,0.342,0.009,0.255,-0.001,-0.26,0.163,waypoint,
2026-01-27 20:25:33.307,home_end,-187.711,-252.495,1671.023,179.817,-0.047,-179.304,-42.897,-17.612,81.204,-0.153,116.508,-133.661,-0.244,-0.006,-0.183,0.01,0.181,1.538,-0.0,-1.58,-3.65,0.01,0.08,0.25,0.333,0.009,0.248,-0.002,-0.253,-0.023,,
2026-01-27 20:25:33.411,home_end,-187.742,-252.399,1671.132,179.818,-0.047,-179.436,-42.913,-17.612,81.192,-0.153,116.52,-133.545,-0.224,-0.006,-0.168,0.01,0.166,1.444,-0.08,-1.7,-3.78,-0.04,0.01,0.15,0.314,0.008,0.235,-0.002,-0.239,-0.128,,
2026-01-27 20:25:33.515,home_end,-187.771,-252.312,1671.232,179.819,-0.048,-179.557,-42.928,-17.613,81.18,-0.152,116.531,-133.44,-0.205,-0.005,-0.154,0.009,0.152,1.347,0.01,-1.6,-3.73,0.05,0.05,0.09,0.296,0.008,0.221,-0.003,-0.225,-0.222,,
2026-01-27 20:25:33.615,home_end,-187.797,-252.232,1671.324,179.819,-0.048,-179.665,-42.942,-17.613,81.17,-0.151,116.541,-133.344,-0.188,-0.005,-0.141,0.008,0.139,1.248,-0.0,-1.61,-3.68,-0.0,0.11,0.12,0.279,0.007,0.209,-0.003,-0.212,-0.305,,
2026-01-27 20:25:33.716,home_end,-187.821,-252.159,1671.409,179.82,-0.048,-179.762,-42.955,-17.613,81.161,-0.151,116.551,-133.26,-0.173,-0.005,-0.13,0.008,0.128,1.148,0.04,-1.67,-3.72,-0.02,-0.11,0.17,0.263,0.007,0.196,-0.003,-0.199,-0.377,,
2026-01-27 20:25:33.821,home_end,-187.844,-252.092,1671.486,179.821,-0.048,-179.849,-42.966,-17.614,81.152,-0.15,116.559,-133.185,-0.158,-0.004,-0.119,0.007,0.117,1.049,-0.08,-1.64,-3.67,-0.01,0.03,0.14,0.247,0.006,0.185,-0.004,-0.187,-0.438,,
2026-01-27 20:25:33.922,home_end,-187.864,-252.03,1671.557,179.822,-0.049,-179.925,-42.977,-17.614,81.144,-0.15,116.567,-133.119,-0.145,-0.004,-0.109,0.006,0.107,0.95,-0.01,-1.6,-3.71,-0.0,0.04,0.1,0.232,0.006,0.173,-0.004,-0.176,-0.489,,
2026-01-27 20:25:34.023,home_end,-187.882,-251.973,1671.621,179.822,-0.049,-179.991,-42.986,-17.614,81.137,-0.149,116.574,-133.063,-0.133,-0.004,-0.1,0.006,0.098,0.854,-0.05,-1.66,-3.68,0.03,0.04,0.08,0.218,0.006,0.163,-0.004,-0.165,-0.531,,
2026-01-27 20:25:34.125,home_end,-187.9,-251.922,1671.681,179.823,-0.049,179.953,-42.995,-17.615,81.13,-0.149,116.581,-133.015,-0.122,-0.003,-0.092,0.005,0.09,0.76,-0.06,-1.55,-3.71,0.04,-0.0,0.13,0.204,0.005,0.152,-0.004,-0.154,-0.564,,
2026-01-27 20:25:34.229,home_end,-187.916,-251.872,1671.738,179.823,-0.049,179.903,-43.004,-17.615,81.124,-0.149,116.587,-132.974,-0.113,-0.003,-0.085,0.005,0.083,0.673,0.02,-1.57,-3.66,0.04,0.08,0.11,0.188,0.005,0.14,-0.004,-0.142,-0.573,,
2026-01-27 20:25:34.332,home_end,-187.93,-251.829,1671.787,179.824,-0.049,179.864,-43.011,-17.615,81.118,-0.149,116.592,-132.942,-0.103,-0.003,-0.077,0.004,0.076,0.584,0.05,-1.58,-3.66,0.02,0.03,0.07,0.179,0.005,0.134,-0.005,-0.135,-0.61,,
2026-01-27 20:25:34.435,home_end,-187.944,-251.787,1671.835,179.824,-0.05,179.831,-43.018,-17.615,81.113,-0.148,116.597,-132.916,-0.095,-0.003,-0.071,0.003,0.07,0.502,0.02,-1.59,-3.89,0.11,0.02,0.11,0.165,0.004,0.123,-0.004,-0.124,-0.61,,
2026-01-27 20:25:34.538,home_end,-187.957,-251.749,1671.878,179.824,-0.05,179.806,-43.025,-17.615,81.108,-0.148,116.602,-132.897,-0.088,-0.002,-0.066,0.003,0.064,0.424,0.02,-1.71,-3.83,0.02,-0.01,0.06,0.154,0.004,0.115,-0.004,-0.116,-0.619,,
2026-01-27 20:25:34.641,home_end,-187.968,-251.714,1671.918,179.825,-0.05,179.788,-43.031,-17.615,81.104,-0.148,116.606,-132.885,-0.081,-0.002,-0.06,0.002,0.059,0.349,-0.06,-1.61,-3.7,-0.02,-0.07,0.03,0.145,0.004,0.108,-0.004,-0.109,-0.62,,
2026-01-27 20:25:34.742,home_end,-187.977,-251.688,1671.948,179.825,-0.05,179.777,-43.035,-17.616,81.1,-0.148,116.61,-132.879,-0.072,-0.002,-0.054,0.002,0.052,0.276,-0.05,-1.72,-3.74,0.04,-0.08,0.07,0.144,0.004,0.108,-0.004,-0.108,-0.623,,
2026-01-27 20:25:34.842,home_end,-187.986,-251.663,1671.976,179.825,-0.05,179.771,-43.04,-17.616,81.097,-0.148,116.613,-132.877,-0.064,-0.002,-0.048,0.002,0.047,0.213,-0.12,-1.53,-3.75,-0.03,-0.02,-0.03,0.133,0.003,0.099,-0.004,-0.1,-0.597,,
2026-01-27 20:25:34.944,home_end,-187.994,-251.637,1672.006,179.825,-0.05,179.768,-43.044,-17.616,81.094,-0.148,116.616,-132.878,-0.06,-0.002,-0.044,0.001,0.043,0.156,-0.02,-1.58,-3.71,-0.02,0.03,0.02,0.117,0.003,0.088,-0.004,-0.088,-0.575,,
2026-01-27 20:25:35.045,home_end,-188.002,-251.614,1672.032,179.825,-0.05,179.769,-43.048,-17.616,81.091,-0.148,116.619,-132.883,-0.054,-0.001,-0.041,0.001,0.04,0.105,0.03,-1.59,-3.69,0.01,0.06,0.01,0.111,0.003,0.083,-0.004,-0.083,-0.553,,
2026-01-27 20:25:35.146,home_end,-188.009,-251.592,1672.056,179.825,-0.051,179.773,-43.052,-17.616,81.088,-0.148,116.621,-132.891,-0.05,-0.001,-0.037,0.0,0.036,0.058,-0.01,-1.66,-3.65,0.0,-0.01,0.03,0.103,0.003,0.077,-0.004,-0.077,-0.528,,
2026-01-27 20:25:35.251,home_end,-188.016,-251.572,1672.08,179.826,-0.051,179.781,-43.055,-17.616,81.085,-0.148,116.624,-132.903,-0.046,-0.001,-0.034,0.0,0.033,0.015,-0.03,-1.6,-3.7,-0.09,0.01,-0.04,0.094,0.002,0.07,-0.004,-0.071,-0.508,,
2026-01-27 20:25:35.354,home_end,-188.023,-251.553,1672.101,179.826,-0.051,179.792,-43.058,-17.616,81.083,-0.148,116.626,-132.916,-0.043,-0.001,-0.032,-0.0,0.031,-0.023,-0.01,-1.68,-3.64,-0.01,0.01,0.05,0.087,0.002,0.065,-0.003,-0.066,-0.482,,
2026-01-27 20:25:35.455,home_end,-188.029,-251.536,1672.12,179.826,-0.051,179.805,-43.061,-17.616,81.081,-0.148,116.628,-132.932,-0.039,-0.001,-0.029,-0.0,0.028,-0.057,0.07,-1.67,-3.64,-0.02,0.04,-0.07,0.081,0.002,0.061,-0.003,-0.061,-0.455,,
2026-01-27 20:25:35.557,home_end,-188.034,-251.52,1672.138,179.826,-0.051,179.819,-43.064,-17.616,81.079,-0.148,116.63,-132.95,-0.036,-0.001,-0.027,-0.0,0.026,-0.087,0.0,-1.61,-3.67,-0.04,0.02,-0.04,0.076,0.002,0.057,-0.003,-0.057,-0.426,,
2026-01-27 20:25:35.660,home_end,-188.039,-251.506,1672.154,179.826,-0.051,179.836,-43.066,-17.616,81.077,-0.149,116.632,-132.969,-0.033,-0.001,-0.025,-0.001,0.024,-0.112,-0.06,-1.59,-3.68,0.01,-0.02,-0.03,0.07,0.002,0.053,-0.003,-0.053,-0.397,,
2026-01-27 20:25:35.761,home_end,-188.044,-251.493,1672.168,179.826,-0.051,179.852,-43.068,-17.616,81.076,-0.149,116.633,-132.987,-0.03,-0.001,-0.022,-0.001,0.022,-0.13,0.01,-1.64,-3.68,-0.1,-0.04,0.01,0.067,0.002,0.05,-0.002,-0.05,-0.349,,
2026-01-27 20:25:35.863,home_end,-188.047,-251.483,1672.18,179.826,-0.051,179.868,-43.07,-17.617,81.074,-0.149,116.635,-133.005,-0.027,-0.001,-0.02,-0.001,0.019,-0.142,-0.05,-1.6,-3.65,-0.02,-0.0,-0.05,0.063,0.002,0.047,-0.002,-0.047,-0.311,,
2026-01-27 20:25:35.966,home_end,-188.051,-251.472,1672.192,179.826,-0.051,179.886,-43.072,-17.617,81.073,-0.149,116.636,-133.025,-0.025,-0.001,-0.019,-0.001,0.018,-0.156,0.04,-1.57,-3.68,0.11,-0.03,0.01,0.056,0.001,0.042,-0.002,-0.042,-0.302,,
2026-01-27 20:25:36.068,home_end,-188.055,-251.462,1672.203,179.826,-0.052,179.903,-43.074,-17.617,81.072,-0.149,116.637,-133.044,-0.023,-0.001,-0.017,-0.001,0.016,-0.165,-0.07,-1.65,-3.68,0.03,-0.05,-0.04,0.053,0.001,0.04,-0.002,-0.039,-0.265,,
2026-01-27 20:25:36.169,home_end,-188.058,-251.453,1672.213,179.826,-0.052,179.921,-43.075,-17.617,81.071,-0.149,116.638,-133.063,-0.021,-0.001,-0.016,-0.001,0.015,-0.172,-0.06,-1.68,-3.65,-0.01,0.04,-0.04,0.049,0.001,0.037,-0.002,-0.036,-0.238,,
2026-01-27 20:25:36.272,home_end,-188.061,-251.444,1672.223,179.826,-0.052,179.94,-43.077,-17.617,81.069,-0.149,116.639,-133.083,-0.019,-0.001,-0.014,-0.001,0.014,-0.179,-0.02,-1.6,-3.72,-0.01,-0.02,-0.1,0.044,0.001,0.033,-0.002,-0.033,-0.222,,
2026-01-27 20:25:36.373,home_end,-188.064,-251.437,1672.231,179.826,-0.052,179.957,-43.078,-17.617,81.068,-0.149,116.64,-133.102,-0.018,-0.0,-0.013,-0.001,0.013,-0.181,-0.04,-1.71,-3.71,-0.0,-0.1,0.01,0.042,0.001,0.031,-0.001,-0.031,-0.187,,
2026-01-27 20:25:36.474,home_end,-188.066,-251.43,1672.239,179.826,-0.052,179.974,-43.079,-17.617,81.068,-0.15,116.641,-133.121,-0.016,-0.0,-0.012,-0.001,0.012,-0.182,0.0,-1.59,-3.61,-0.1,0.1,-0.05,0.039,0.001,0.029,-0.001,-0.029,-0.164,,
2026-01-27 20:25:36.577,home_end,-188.069,-251.423,1672.247,179.826,-0.052,179.992,-43.08,-17.617,81.067,-0.15,116.642,-133.139,-0.015,-0.0,-0.011,-0.001,0.011,-0.183,0.04,-1.69,-3.62,0.07,-0.06,-0.0,0.035,0.001,0.026,-0.001,-0.026,-0.151,,
2026-01-27 20:25:36.680,home_end,-188.071,-251.417,1672.253,179.825,-0.052,-179.992,-43.081,-17.617,81.066,-0.15,116.643,-133.157,-0.014,-0.0,-0.01,-0.001,0.01,-0.181,0.01,-1.65,-3.67,0.01,-0.02,-0.11,0.033,0.001,0.025,-0.001,-0.024,-0.121,,
2026-01-27 20:25:36.782,home_end,-188.073,-251.411,1672.26,179.825,-0.052,-179.976,-43.082,-17.617,81.065,-0.15,116.643,-133.173,-0.013,-0.0,-0.009,-0.001,0.009,-0.177,-0.1,-1.62,-3.6,0.05,-0.06,0.05,0.03,0.001,0.023,-0.001,-0.023,-0.102,,
2026-01-27 20:25:36.886,home_end,-188.075,-251.406,1672.265,179.825,-0.052,-179.961,-43.083,-17.617,81.065,-0.15,116.644,-133.189,-0.012,-0.0,-0.009,-0.001,0.008,-0.174,0.04,-1.71,-3.57,-0.02,0.04,-0.03,0.028,0.001,0.021,-0.001,-0.021,-0.091,,
2026-01-27 20:25:36.987,home_end,-188.076,-251.401,1672.271,179.825,-0.052,-179.947,-43.084,-17.617,81.064,-0.15,116.644,-133.204,-0.011,-0.0,-0.008,-0.001,0.008,-0.168,-0.04,-1.59,-3.61,0.11,-0.05,-0.0,0.026,0.001,0.019,-0.001,-0.019,-0.067,,
2026-01-27 20:25:37.089,home_end,-188.078,-251.397,1672.276,179.825,-0.052,-179.933,-43.085,-17.617,81.064,-0.15,116.645,-133.219,-0.01,-0.0,-0.007,-0.001,0.007,-0.162,-0.04,-1.72,-3.61,-0.02,-0.02,-0.18,0.024,0.001,0.018,-0.0,-0.018,-0.058,,
2026-01-27 20:25:37.192,home_end,-188.08,-251.392,1672.28,179.825,-0.052,-179.92,-43.085,-17.617,81.063,-0.15,116.645,-133.233,-0.009,-0.0,-0.007,-0.001,0.006,-0.156,0.0,-1.6,-3.83,0.01,0.01,-0.02,0.022,0.001,0.016,-0.0,-0.016,-0.042,,
2026-01-27 20:25:37.295,home_end,-188.081,-251.389,1672.284,179.825,-0.052,-179.908,-43.086,-17.617,81.063,-0.15,116.646,-133.245,-0.008,-0.0,-0.006,-0.001,0.006,-0.148,0.1,-1.6,-3.67,-0.04,-0.02,-0.05,0.021,0.001,0.015,-0.0,-0.015,-0.023,,
2026-01-27 20:25:37.399,home_end,-188.082,-251.386,1672.288,179.825,-0.052,-179.899,-43.087,-17.617,81.062,-0.15,116.646,-133.255,-0.008,-0.0,-0.006,-0.001,0.005,-0.136,0.03,-1.59,-3.69,0.01,-0.02,0.04,0.02,0.001,0.015,-0.0,-0.014,-0.001,,
2026-01-27 20:25:37.499,home_end,-188.083,-251.383,1672.291,179.825,-0.052,-179.889,-43.087,-17.617,81.062,-0.15,116.647,-133.265,-0.007,-0.0,-0.005,-0.001,0.005,-0.127,-0.09,-1.66,-3.71,0.01,-0.02,0.04,0.018,0.0,0.013,-0.0,-0.013,0.002,,
2026-01-27 20:25:37.603,home_end,-188.084,-251.379,1672.295,179.825,-0.052,-179.88,-43.088,-17.617,81.061,-0.15,116.647,-133.275,-0.007,-0.0,-0.005,-0.001,0.005,-0.121,0.0,-1.56,-3.69,0.01,-0.05,-0.01,0.016,0.0,0.012,-0.0,-0.012,0.001,,
2026-01-27 20:25:37.708,home_end,-188.085,-251.377,1672.298,179.825,-0.052,-179.871,-43.088,-17.617,81.061,-0.151,116.647,-133.284,-0.006,-0.0,-0.005,-0.001,0.004,-0.113,-0.09,-1.72,-3.67,0.04,-0.05,-0.0,0.015,0.0,0.011,0.0,-0.011,0.01,,
2026-01-27 20:25:37.812,home_end,-188.086,-251.374,1672.3,179.825,-0.052,-179.864,-43.088,-17.617,81.061,-0.151,116.648,-133.292,-0.006,-0.0,-0.004,-0.001,0.004,-0.104,0.03,-1.66,-3.66,0.02,-0.03,-0.04,0.014,0.0,0.01,0.0,-0.01,0.022,,
2026-01-27 20:25:37.914,home_end,-188.087,-251.372,1672.303,179.825,-0.052,-179.858,-43.089,-17.617,81.06,-0.151,116.648,-133.299,-0.005,-0.0,-0.004,-0.001,0.004,-0.095,-0.05,-1.71,-3.73,-0.09,-0.03,0.04,0.013,0.0,0.01,0.0,-0.009,0.031,,
2026-01-27 20:25:38.116,home_end,-188.088,-251.368,1672.307,179.825,-0.053,-179.847,-43.09,-17.617,81.06,-0.151,116.648,-133.31,-0.004,-0.0,-0.003,-0.0,0.003,-0.078,-0.03,-1.66,-3.66,0.01,-0.03,-0.09,0.011,0.0,0.008,0.0,-0.008,0.037,,
2026-01-27 20:25:38.219,home_end,-188.089,-251.366,1672.309,179.825,-0.053,-179.842,-43.09,-17.617,81.06,-0.151,116.648,-133.315,-0.004,-0.0,-0.003,-0.0,0.003,-0.071,0.02,-1.59,-3.64,-0.09,0.01,-0.02,0.01,0.0,0.007,0.0,-0.007,0.038,,
2026-01-27 20:25:38.421,home_end,-188.09,-251.363,1672.313,179.825,-0.053,-179.835,-43.09,-17.617,81.059,-0.151,116.649,-133.323,-0.004,-0.0,-0.003,-0.0,0.002,-0.056,-0.07,-1.58,-3.64,0.0,-0.01,-0.05,0.008,0.0,0.006,0.0,-0.006,0.045,,
2026-01-27 20:25:38.526,home_end,-188.091,-251.361,1672.315,179.825,-0.053,-179.833,-43.091,-17.617,81.059,-0.151,116.649,-133.326,-0.003,-0.0,-0.002,-0.0,0.002,-0.049,-0.01,-1.61,-3.68,-0.06,-0.07,-0.07,0.008,0.0,0.006,0.0,-0.006,0.047,,
2026-01-27 20:25:38.730,home_end,-188.092,-251.359,1672.318,179.825,-0.053,-179.829,-43.091,-17.617,81.059,-0.151,116.649,-133.329,-0.003,-0.0,-0.002,-0.0,0.002,-0.036,0.01,-1.67,-3.65,-0.08,-0.03,0.01,0.007,0.0,0.005,0.0,-0.005,0.05,,
2026-01-27 20:25:38.834,home_end,-188.092,-251.358,1672.319,179.825,-0.053,-179.829,-43.091,-17.617,81.059,-0.151,116.649,-133.33,-0.003,-0.0,-0.002,-0.0,0.002,-0.029,-0.08,-1.62,-3.67,0.01,0.08,-0.07,0.006,0.0,0.005,0.0,-0.005,0.05,,
2026-01-27 20:25:39.035,home_end,-188.093,-251.356,1672.321,179.825,-0.053,-179.828,-43.092,-17.617,81.058,-0.151,116.65,-133.331,-0.002,-0.0,-0.002,-0.0,0.002,-0.018,0.02,-1.69,-3.78,0.02,0.04,0.05,0.005,0.0,0.004,0.0,-0.004,0.049,,
