timestamp,current_task,EE_x,EE_y,EE_z,EE_rx,EE_ry,EE_rz,joint1_angle,joint2_angle,joint3_angle,joint4_angle,joint5_angle,joint6_angle,joint1_velocity,joint2_velocity,joint3_velocity,joint4_velocity,joint5_velocity,joint6_velocity,joint1_torque,joint2_torque,joint3_torque,joint4_torque,joint5_torque,joint6_torque,joint1_acceleration,joint2_acceleration,joint3_acceleration,joint4_acceleration,joint5_acceleration,joint6_acceleration,waypoint
2025-08-06 06:19:08.879,home_start,-617.839,6.77,985.271,125.121,-179.988,124.792,-0.0,-0.001,-90.006,-180.001,90.0,180.0,0.0,0.0,0.0,0.0,0.0,0.0,2.962,81.82,84.996,11.228,0.51,3.086,0.0,0.0,11.941,0.0,0.0,0.0,waypoint
2025-08-06 06:19:08.880,home_start,-617.839,6.77,985.271,125.121,-179.988,124.792,-0.0,-0.001,-90.006,-180.001,90.0,180.0,0.0,0.0,0.012,0.0,0.0,0.0,2.965,81.788,85.004,11.235,0.5,3.09,0.0,0.0,0.0,0.0,0.0,0.0,
2025-08-06 06:19:08.881,home_start,-617.839,6.77,985.271,125.121,-179.988,124.792,-0.0,-0.001,-90.006,-180.001,90.0,180.0,0.0,0.0,0.0,0.0,0.0,0.0,3.023,81.84,84.998,11.242,0.501,3.088,0.0,0.0,-5.97,0.0,0.0,0.0,
2025-08-06 06:19:08.882,home_start,-617.839,6.77,985.271,125.121,-179.988,124.792,-0.0,-0.001,-90.006,-180.001,90.0,180.0,0.0,0.0,0.0,0.0,0.0,0.0,2.945,81.756,84.996,11.244,0.501,3.088,0.0,0.0,0.0,0.0,0.0,0.0,
2025-08-06 06:19:08.883,home_start,-617.839,6.77,985.271,125.121,-179.988,124.792,-0.0,-0.001,-90.006,-180.001,90.0,180.0,0.0,0.0,0.0,0.0,0.0,0.0,2.976,81.768,84.996,11.24,0.513,3.092,0.0,0.0,0.0,0.0,0.0,0.0,
2025-08-06 06:19:08.982,home_start,-617.839,6.77,985.271,125.121,-179.988,124.792,-0.0,-0.001,-90.006,-180.001,90.0,180.0,0.0,0.0,0.0,0.0,0.0,0.0,2.969,81.717,84.995,11.235,0.508,3.086,0.0,0.0,0.0,0.0,0.0,0.0,
2025-08-06 06:19:09.082,home_start,-617.839,6.77,985.271,125.121,-179.988,124.792,-0.0,-0.001,-90.006,-180.001,90.0,180.0,0.0,0.0,0.0,0.0,0.0,0.0,2.956,81.728,85.005,11.24,0.516,3.081,0.0,0.0,0.0,0.0,0.0,0.0,
2025-08-06 06:19:09.182,home_start,-617.839,6.77,985.271,125.121,-179.988,124.792,-0.0,-0.001,-90.006,-180.001,90.0,180.0,0.0,0.0,0.0,0.0,0.0,0.0,2.97,81.738,84.99,11.246,0.514,3.087,0.0,0.0,0.0,0.0,0.0,0.0,
2025-08-06 06:19:09.281,home_start,-617.839,6.77,985.271,125.121,-179.988,124.792,-0.0,-0.001,-90.006,-180.001,90.0,180.0,0.0,0.0,0.0,0.0,0.0,0.0,2.954,81.824,85.008,11.238,0.487,3.086,0.0,0.0,0.0,0.0,0.0,0.0,
2025-08-06 06:19:09.381,home_start,-617.839,6.77,985.271,125.121,-179.988,124.792,-0.0,-0.001,-90.006,-180.001,90.0,180.0,0.0,0.0,0.0,0.0,0.0,0.0,2.989,81.822,85.026,11.242,0.482,3.09,0.0,0.0,0.0,0.0,0.0,0.0,
2025-08-06 06:19:09.481,mobile_move_feeder,-617.839,6.77,985.271,125.121,-179.988,124.792,-0.0,-0.001,-90.006,-180.001,90.0,180.0,0.0,0.0,0.0,0.0,0.0,0.0,2.985,81.813,85.016,11.232,0.484,3.083,0.0,0.0,0.0,0.0,0.0,0.0,
2025-08-06 06:19:09.582,mobile_move_feeder,-617.839,6.77,985.271,125.121,-179.988,124.792,-0.0,-0.001,-90.006,-180.001,90.0,180.0,0.0,0.0,0.0,0.0,0.0,0.0,2.971,81.818,85.013,11.246,0.498,3.086,0.0,0.0,0.0,0.0,0.0,0.0,
2025-08-06 06:19:12.283,mobile_move_feeder,-617.839,6.77,985.271,125.121,-179.988,124.792,-0.0,-0.001,-90.006,-180.001,90.0,180.0,0.0,0.0,0.0,0.0,0.0,0.0,2.997,81.875,84.997,11.238,0.5,3.081,0.0,0.0,0.0,0.0,0.0,0.0,
2025-08-06 06:19:14.881,mobile_move_feeder,-617.839,6.77,985.271,125.121,-179.988,124.792,-0.0,-0.001,-90.006,-180.001,90.0,180.0,0.0,0.0,0.0,0.0,0.0,0.0,3.014,81.839,85.019,11.227,0.497,3.081,0.0,0.0,0.0,0.0,0.0,0.0,
2025-08-06 06:19:17.482,mobile_move_feeder,-617.839,6.77,985.271,125.121,-179.988,124.792,-0.0,-0.001,-90.006,-180.001,90.0,180.0,0.0,0.0,0.0,0.0,0.0,0.0,3.058,81.796,84.995,11.243,0.495,3.087,0.0,0.0,0.0,0.0,0.0,0.0,
2025-08-06 06:19:20.081,mobile_move_feeder,-617.839,6.77,985.271,125.121,-179.988,124.792,-0.0,-0.001,-90.006,-180.001,90.0,180.0,0.0,0.0,0.0,0.0,0.0,0.0,3.053,81.832,85.038,11.244,0.495,3.092,0.0,0.0,0.0,0.0,0.0,0.0,
2025-08-06 06:19:22.685,mobile_move_feeder,-617.839,6.77,985.271,125.121,-179.988,124.792,-0.0,-0.001,-90.006,-180.001,90.0,180.0,0.0,0.0,0.0,0.0,0.0,0.0,3.047,81.754,85.014,11.223,0.498,3.084,0.0,0.0,0.0,0.0,0.0,0.0,
2025-08-06 06:19:25.282,mobile_move_feeder,-617.839,6.77,985.271,125.121,-179.988,124.792,-0.0,-0.001,-90.006,-180.001,90.0,180.0,0.0,0.0,0.0,0.0,0.0,0.0,3.045,81.874,85.019,11.243,0.523,3.082,0.0,0.0,0.0,0.0,0.0,0.0,
2025-08-06 06:19:27.882,mobile_move_feeder,-617.839,6.77,985.271,125.121,-179.988,124.792,-0.0,0.001,-90.006,-180.001,90.0,180.0,0.0,0.007,0.0,0.0,0.0,0.0,3.213,81.228,85.051,11.215,0.465,3.082,0.0,0.0,0.0,0.0,0.0,0.0,
2025-08-06 06:19:30.481,mobile_move_feeder,-617.839,6.77,985.271,125.121,-179.988,124.792,-0.0,0.0,-90.006,-180.001,90.0,180.0,0.0,0.0,0.0,0.0,0.0,0.0,3.495,80.831,85.056,11.252,0.474,3.079,0.0,0.0,0.0,0.0,0.0,0.0,
2025-08-06 06:19:33.085,mobile_move_feeder,-617.839,6.77,985.271,125.121,-179.988,124.792,0.005,-0.004,-90.006,-180.001,90.0,180.0,0.031,0.0,0.0,0.0,0.0,0.0,-2.49,83.785,84.98,11.077,0.508,3.107,-0.054,0.0,0.0,0.0,0.0,0.0,
2025-08-06 06:19:35.782,mobile_move_feeder,-617.839,6.77,985.271,125.121,-179.988,124.792,-0.012,0.006,-90.006,-180.001,90.0,180.0,-0.015,0.205,0.0,0.0,0.0,0.0,11.684,78.339,85.333,11.596,0.512,3.028,0.858,-0.004,0.0,0.0,0.0,0.0,
2025-08-06 06:19:35.881,mobile_move_feeder,-617.839,6.77,985.271,125.121,-179.988,124.792,-0.005,0.005,-90.006,-180.001,90.0,180.0,0.171,-0.001,0.0,0.0,0.0,0.0,7.383,77.999,85.116,11.416,0.431,3.039,0.197,-1.11,0.0,0.0,0.0,0.0,
2025-08-06 06:19:36.384,mobile_move_feeder,-617.839,6.77,985.271,125.121,-179.988,124.792,0.001,0.004,-90.006,-180.001,90.0,180.0,0.0,0.0,0.0,0.0,0.0,0.0,2.556,85.345,84.923,11.248,0.575,3.076,0.0,0.0,0.0,0.0,0.0,0.0,
2025-08-06 06:19:36.782,mobile_move_feeder,-617.839,6.77,985.271,125.121,-179.988,124.792,0.001,0.004,-90.006,-180.001,90.0,180.0,0.0,0.0,0.0,0.0,0.0,0.0,2.35,83.403,84.934,11.214,0.536,3.078,0.0,0.0,0.0,0.0,0.0,0.0,
2025-08-06 06:19:37.182,mobile_move_feeder,-617.839,6.77,985.271,125.121,-179.988,124.792,0.0,0.003,-90.006,-180.001,90.0,180.0,0.0,0.0,0.0,0.0,0.0,0.0,3.585,81.387,84.963,11.24,0.549,3.088,0.0,0.0,0.0,0.0,0.0,0.0,
2025-08-06 06:19:37.682,mobile_move_feeder,-617.839,6.77,985.271,125.121,-179.988,124.792,0.0,0.002,-90.006,-180.001,90.0,180.0,0.0,0.0,0.0,0.0,0.0,0.0,2.817,82.796,85.04,11.242,0.546,3.078,0.0,0.0,0.0,0.0,0.0,0.0,
2025-08-06 06:19:38.082,mobile_move_feeder,-617.839,6.77,985.271,125.121,-179.988,124.792,0.0,0.001,-90.006,-180.001,90.0,180.0,0.0,0.0,0.0,0.0,0.0,0.0,2.595,82.492,84.953,11.233,0.549,3.078,0.0,0.0,0.0,0.0,0.0,0.0,
2025-08-06 06:19:38.482,mobile_move_feeder,-617.839,6.77,985.271,125.121,-179.988,124.792,-0.0,0.0,-90.006,-180.001,90.0,180.0,0.0,0.0,0.0,0.0,0.0,0.0,2.431,82.442,84.912,11.21,0.551,3.084,0.0,0.0,0.0,0.0,0.0,0.0,
2025-08-06 06:19:38.982,mobile_move_feeder,-617.839,6.77,985.271,125.121,-179.988,124.792,-0.0,-0.0,-90.006,-180.001,90.0,180.0,0.0,0.0,0.0,0.0,0.0,0.0,2.214,82.263,84.96,11.21,0.537,3.088,0.0,0.0,0.0,0.0,0.0,0.0,
2025-08-06 06:19:39.383,mobile_move_feeder,-617.839,6.77,985.271,125.121,-179.988,124.792,-0.0,-0.001,-90.006,-180.001,90.0,180.0,0.0,0.0,0.0,0.0,0.0,0.0,2.178,82.003,84.98,11.212,0.53,3.083,0.0,0.0,0.0,0.0,0.0,0.0,
2025-08-06 06:19:39.782,mobile_move_feeder,-617.839,6.77,985.271,125.121,-179.988,124.792,-0.0,-0.001,-90.006,-180.001,90.0,180.0,0.0,0.0,0.0,0.0,0.0,0.0,1.832,82.085,85.003,11.199,0.533,3.09,0.0,0.0,0.0,0.0,0.0,0.0,
2025-08-06 06:19:40.284,mobile_move_feeder,-617.839,6.77,985.271,125.121,-179.988,124.792,-0.0,-0.016,-90.006,-180.001,90.0,180.0,0.0,0.0,0.0,0.0,0.0,0.0,-1.596,96.643,84.912,11.229,0.845,3.095,0.0,0.504,0.0,0.0,0.0,0.0,
2025-08-06 06:19:40.381,mobile_move_feeder,-617.839,6.77,985.271,125.121,-179.988,124.792,-0.0,-0.016,-90.006,-180.001,90.0,180.0,0.0,0.0,0.0,0.0,0.0,0.0,-2.245,92.34,84.887,11.139,0.767,3.094,0.0,0.0,-0.001,0.0,0.0,0.0,
2025-08-06 06:19:40.981,mobile_move_feeder,-617.839,6.77,985.271,125.121,-179.988,124.792,-0.0,-0.014,-90.006,-180.001,90.0,180.0,0.0,0.0,0.0,0.0,0.0,0.0,0.133,90.563,84.714,11.237,0.749,3.089,0.002,0.0,0.0,0.0,0.0,0.0,
2025-08-06 06:19:41.481,mobile_move_feeder,-617.839,6.77,985.271,125.121,-179.988,124.792,-0.001,-0.01,-90.006,-180.001,90.0,180.0,0.0,0.047,0.0,0.0,0.0,0.0,0.083,93.182,84.952,11.287,0.781,3.089,0.0,0.015,0.0,0.0,0.0,0.0,
2025-08-06 06:19:42.081,mobile_move_feeder,-617.839,6.77,985.271,125.121,-179.988,124.792,-0.005,0.009,-90.006,-180.001,90.0,180.0,0.0,0.0,0.0,0.0,0.0,0.0,4.589,81.12,85.142,11.373,0.509,3.076,0.0,0.0,0.0,0.0,0.0,0.0,
2025-08-06 06:19:42.581,mobile_move_feeder,-617.839,6.77,985.271,125.121,-179.988,124.792,-0.003,0.008,-90.006,-180.001,90.0,180.0,0.0,0.0,0.013,0.0,0.0,0.0,4.177,79.588,85.09,11.29,0.448,3.063,0.0,-0.023,0.009,0.0,0.0,0.0,
2025-08-06 06:19:43.083,mobile_move_feeder,-617.839,6.77,985.271,125.121,-179.988,124.792,0.002,-0.003,-90.006,-180.001,90.0,180.0,0.0,0.0,-0.009,0.0,0.0,0.0,2.819,89.956,84.638,11.343,0.71,3.098,-0.024,0.0,0.237,0.0,0.0,0.0,
2025-08-06 06:19:43.681,mobile_move_feeder,-617.839,6.77,985.271,125.121,-179.988,124.792,-0.001,0.002,-90.006,-180.001,90.0,180.0,0.069,-0.006,0.0,0.0,0.0,0.0,4.718,78.455,84.821,11.331,0.438,3.071,0.002,-0.188,0.093,0.0,0.0,0.0,
2025-08-06 06:19:44.181,mobile_move_feeder,-617.839,6.77,985.271,125.121,-179.988,124.792,-0.0,0.002,-90.006,-180.001,90.0,180.0,0.008,0.0,-0.003,0.0,0.0,0.0,2.137,84.719,85.115,11.253,0.547,3.074,0.096,-0.021,-0.21,0.0,0.0,0.0,
2025-08-06 06:19:44.781,mobile_move_feeder,-617.839,6.77,985.271,125.121,-179.988,124.792,0.002,0.001,-90.006,-180.001,90.0,180.0,0.013,0.0,-0.001,0.0,0.0,0.0,1.1,85.954,85.031,11.215,0.578,3.076,-0.001,0.0,0.001,0.0,0.0,0.0,
2025-08-06 06:19:45.286,mobile_move_feeder,-617.839,6.77,985.271,125.121,-179.988,124.792,-0.0,0.001,-90.005,-180.001,90.0,180.0,0.098,0.012,0.0,0.001,0.0,0.0,3.255,84.79,85.392,11.38,0.551,3.071,0.0,0.0,0.0,0.0,0.0,0.0,
2025-08-06 06:19:45.884,mobile_move_feeder,-617.839,6.77,985.271,125.121,-179.988,124.792,-0.004,0.023,-90.006,-180.001,90.0,180.0,0.0,-0.0,0.0,0.0,0.0,0.0,7.936,56.432,84.914,11.145,-0.076,3.043,0.002,-0.199,0.025,0.0,0.0,0.0,
2025-08-06 06:19:45.982,mobile_move_feeder,-617.839,6.77,985.271,125.121,-179.988,124.792,-0.003,0.017,-90.006,-180.001,90.0,180.0,0.0,-0.002,0.005,0.0,0.0,0.0,5.819,70.765,85.782,11.275,0.202,3.054,0.0,-0.069,0.0,0.0,0.0,0.0,
2025-08-06 06:19:47.882,mobile_move_feeder,-617.839,6.77,985.271,125.121,-179.988,124.792,-0.001,-0.006,-90.006,-180.001,90.0,180.0,0.0,0.002,0.0,0.0,0.0,0.0,3.592,78.063,85.236,11.246,0.441,3.061,0.0,0.0,0.0,0.0,0.0,0.0,
2025-08-06 06:19:49.682,mobile_move_feeder,-617.839,6.77,985.271,125.121,-179.988,124.792,-0.0,-0.004,-90.006,-180.001,90.0,180.0,0.0,0.0,0.0,0.0,0.0,0.0,3.193,78.51,85.16,11.199,0.436,3.062,0.0,0.0,0.0,0.0,0.0,0.0,
2025-08-06 06:19:51.483,mobile_move_feeder,-617.839,6.77,985.271,125.121,-179.988,124.792,-0.001,0.003,-90.006,-180.001,90.0,180.0,0.0,0.0,0.0,0.0,0.0,0.0,4.048,74.403,84.955,11.172,0.449,3.065,0.072,0.0,0.0,0.0,0.0,0.0,
2025-08-06 06:19:53.382,mobile_move_feeder,-617.839,6.77,985.271,125.121,-179.988,124.792,-0.001,0.001,-90.006,-180.001,90.0,180.0,0.0,0.0,0.0,0.0,0.0,0.0,3.632,78.605,85.149,11.272,0.46,3.07,0.0,0.0,0.0,0.0,0.0,0.0,
2025-08-06 06:19:55.182,mobile_move_feeder,-617.839,6.77,985.271,125.121,-179.988,124.792,-0.001,-0.001,-90.006,-180.001,90.0,180.0,0.0,0.0,0.0,0.0,0.0,0.0,3.437,79.133,85.137,11.278,0.485,3.078,0.0,0.0,0.0,0.0,0.0,0.0,
2025-08-06 06:19:56.982,mobile_move_feeder,-617.839,6.77,985.271,125.121,-179.988,124.792,-0.0,-0.001,-90.006,-180.001,90.0,180.0,0.0,0.0,0.0,0.0,0.0,0.0,3.471,79.326,85.12,11.298,0.454,3.076,0.0,0.0,0.0,0.0,0.0,0.0,
2025-08-06 06:19:58.882,mobile_move_feeder,-617.839,6.77,985.271,125.121,-179.988,124.792,-0.0,-0.001,-90.006,-180.001,90.0,180.0,0.0,0.0,0.0,0.0,0.0,0.0,3.407,79.442,85.121,11.292,0.452,3.078,0.0,0.0,0.0,0.0,0.0,0.0,
2025-08-06 06:20:00.682,mobile_move_feeder,-617.839,6.77,985.271,125.121,-179.988,124.792,-0.0,-0.001,-90.006,-180.001,90.0,180.0,0.0,0.0,0.0,0.0,0.0,0.0,3.482,79.458,85.116,11.29,0.457,3.079,0.0,0.0,0.0,0.0,0.0,0.0,
2025-08-06 06:20:02.481,mobile_move_feeder,-617.839,6.77,985.271,125.121,-179.988,124.792,-0.0,-0.001,-90.006,-180.001,90.0,180.0,0.0,0.0,0.0,0.0,0.0,0.0,3.334,79.451,85.093,11.294,0.46,3.067,0.0,0.0,0.0,0.0,0.0,0.0,
2025-08-06 06:20:04.383,mobile_move_feeder,-617.839,6.77,985.271,125.121,-179.988,124.792,0.001,-0.014,-90.006,-180.001,90.0,180.0,0.0,-0.044,0.0,0.0,0.0,0.0,-1.254,96.234,84.999,11.285,0.837,3.092,-0.001,0.0,0.0,0.0,0.0,0.0,
2025-08-06 06:20:04.483,mobile_move_feeder,-617.839,6.77,985.271,125.121,-179.988,124.792,0.0,-0.011,-90.006,-180.001,90.0,180.0,-0.0,0.0,0.0,0.0,0.0,0.0,0.679,88.913,84.786,11.255,0.692,3.091,0.0,0.22,0.0,0.0,0.0,0.0,
2025-08-06 06:20:05.683,mobile_move_feeder,-617.839,6.77,985.271,125.121,-179.988,124.792,-0.0,-0.006,-90.006,-180.001,90.0,180.0,0.0,0.0,0.0,0.0,0.0,0.0,3.829,79.716,85.109,11.303,0.448,3.067,0.0,0.0,0.0,0.0,0.0,0.0,
2025-08-06 06:20:06.782,mobile_move_feeder,-617.839,6.77,985.271,125.121,-179.988,124.792,-0.0,0.001,-90.006,-180.001,90.0,180.0,0.0,0.0,0.0,0.0,0.0,0.0,4.064,78.38,85.137,11.288,0.454,3.07,0.0,-0.011,0.0,0.0,0.0,0.0,
2025-08-06 06:20:07.882,mobile_move_feeder,-617.839,6.77,985.271,125.121,-179.988,124.792,-0.001,0.001,-90.006,-180.001,90.0,180.0,0.0,0.0,0.0,0.0,0.0,0.0,4.008,78.115,85.2,11.276,0.436,3.071,0.0,0.0,0.0,0.0,0.0,0.0,
2025-08-06 06:20:09.083,mobile_move_feeder,-617.839,6.77,985.271,125.121,-179.988,124.792,-0.001,0.001,-90.006,-180.001,90.0,180.0,0.0,0.0,0.0,0.0,0.0,0.0,4.202,78.008,85.155,11.293,0.418,3.072,0.0,0.0,0.0,0.0,0.0,0.0,
2025-08-06 06:20:10.182,mobile_move_feeder,-617.839,6.77,985.271,125.121,-179.988,124.792,-0.001,0.002,-90.006,-180.001,90.0,180.0,0.0,0.0,0.0,0.0,0.0,0.0,4.269,76.503,85.122,11.299,0.386,3.063,0.0,0.0,0.0,0.0,0.0,0.0,
2025-08-06 06:20:11.284,mobile_move_feeder,-617.839,6.77,985.271,125.121,-179.988,124.792,-0.001,0.002,-90.006,-180.001,90.0,180.0,0.0,0.0,0.0,0.0,0.0,0.0,4.015,78.3,85.156,11.309,0.389,3.063,0.0,0.0,0.0,0.0,0.0,0.0,
2025-08-06 06:20:12.482,mobile_move_feeder,-617.839,6.77,985.271,125.121,-179.988,124.792,-0.001,0.002,-90.006,-180.001,90.0,180.0,0.0,0.0,0.0,0.0,0.0,0.0,4.387,77.149,85.153,11.31,0.398,3.07,0.0,0.0,0.0,0.0,0.0,0.0,
2025-08-06 06:20:13.582,mobile_move_feeder,-617.839,6.77,985.271,125.121,-179.988,124.792,-0.001,0.001,-90.006,-180.001,90.0,180.0,0.0,0.0,0.0,0.0,0.0,0.0,4.187,77.262,85.177,11.294,0.397,3.068,0.0,0.0,0.0,0.0,0.0,0.0,
2025-08-06 06:20:14.685,mobile_move_feeder,-617.839,6.77,985.271,125.121,-179.988,124.792,-0.001,-0.002,-90.006,-180.001,90.0,180.0,0.0,0.0,0.0,0.0,0.0,0.0,4.121,77.716,85.151,11.285,0.407,3.067,0.0,0.0,0.0,0.0,0.0,0.0,
2025-08-06 06:20:15.882,mobile_move_feeder,-617.851,6.756,985.267,93.912,-179.984,93.576,-0.001,-0.002,-90.006,-180.001,89.999,180.0,0.0,0.0,0.0,0.013,-0.07,0.0,4.155,77.789,85.152,11.305,0.407,3.067,0.0,0.0,-0.455,14.697,-12.898,-14.606,
2025-08-06 06:20:15.982,mobile_move_feeder_to_vision_approach,-618.135,6.442,985.186,51.647,-179.79,51.164,-0.001,-0.002,-90.01,-179.871,89.873,179.896,0.0,0.0,-0.091,2.939,-2.58,-2.921,4.212,77.823,85.29,11.879,0.067,2.859,0.0,0.0,-1.724,36.668,-35.215,-37.371,
2025-08-06 06:20:16.082,mobile_move_feeder_to_vision_approach,-619.132,5.34,984.912,49.187,-179.095,48.19,-0.001,-0.002,-90.033,-179.374,89.399,179.384,0.0,0.0,-0.345,7.347,-7.113,-7.474,4.386,77.827,84.736,12.269,-0.31,2.481,0.0,0.0,-2.791,52.186,-50.36,-51.773,
2025-08-06 06:20:16.182,mobile_move_feeder_to_vision_approach,-621.167,3.091,984.406,48.722,-177.675,46.69,-0.001,-0.002,-90.082,-178.338,88.423,178.354,0.0,0.0,-0.649,13.376,-12.652,-13.276,4.493,77.833,84.353,12.621,-0.569,2.352,0.0,-0.001,-2.944,60.295,-56.842,-59.213,
2025-08-06 06:20:16.283,mobile_move_feeder_to_vision_approach,-624.387,-0.46,983.759,48.542,-175.427,44.91,-0.001,-0.003,-90.162,-176.692,86.86,176.704,0.0,-0.0,-0.937,19.466,-18.538,-19.376,4.448,77.878,84.535,12.929,-0.75,2.321,0.0,-0.002,-2.992,57.448,-55.657,-57.776,
2025-08-06 06:20:16.382,mobile_move_feeder_to_vision_approach,-628.726,-5.217,983.178,48.393,-172.396,42.679,-0.001,-0.006,-90.27,-174.453,84.739,174.467,0.0,-0.0,-1.248,24.866,-23.783,-24.831,4.429,77.404,84.763,13.213,-0.978,2.323,0.0,-0.108,-2.132,45.839,-44.088,-46.706,
2025-08-06 06:20:16.483,mobile_move_feeder_to_vision_approach,-633.922,-10.837,982.922,48.194,-168.763,40.1,-0.001,-0.012,-90.403,-171.755,82.178,171.767,0.0,-0.022,-1.363,28.634,-27.356,-28.717,4.288,76.933,84.993,13.508,-1.235,2.323,0.0,-0.141,-0.894,25.286,-22.646,-26.536,
2025-08-06 06:20:16.584,mobile_move_feeder_to_vision_approach,-639.556,-16.797,983.177,47.917,-164.818,37.376,-0.001,-0.02,-90.547,-168.797,79.376,168.809,0.0,-0.029,-1.428,29.974,-28.357,-30.191,4.075,76.632,85.201,13.614,-1.541,2.32,0.0,-0.118,-0.445,7.921,-5.544,-7.588,
2025-08-06 06:20:16.684,mobile_move_feeder_to_vision_approach,-645.225,-22.601,983.986,47.562,-160.843,34.703,-0.001,-0.03,-90.691,-165.797,76.53,165.809,0.0,-0.046,-1.452,30.226,-28.47,-30.242,3.996,76.597,85.427,13.73,-1.833,2.315,0.0,-0.494,-0.325,0.661,-0.541,1.141,
2025-08-06 06:20:16.784,mobile_move_feeder_to_vision_approach,-650.844,-28.109,985.322,47.125,-156.897,32.114,-0.001,-0.042,-90.835,-162.797,73.684,162.807,0.0,-0.128,-1.493,30.106,-28.466,-29.963,3.928,76.471,85.767,13.883,-2.171,2.26,0.0,-0.099,0.154,-1.39,-0.047,0.612,
2025-08-06 06:20:16.882,mobile_move_feeder_to_vision_approach,-656.401,-33.268,987.153,46.604,-152.986,29.61,-0.0,-0.056,-90.982,-159.795,70.838,159.806,0.0,-0.065,-1.422,29.951,-28.479,-30.121,3.861,76.492,86.185,14.073,-2.504,2.238,0.0,0.238,0.362,0.391,0.109,-2.248,
2025-08-06 06:20:16.982,mobile_move_feeder_to_vision_approach,-661.888,-38.024,989.441,45.997,-149.117,27.192,-0.0,-0.071,-91.125,-156.796,67.994,156.797,0.0,-0.081,-1.421,30.183,-28.444,-30.408,3.91,76.635,86.511,14.187,-2.795,2.22,0.0,-0.222,-0.232,0.577,1.061,0.769,
2025-08-06 06:20:17.084,mobile_move_feeder_to_vision_approach,-667.292,-42.331,992.144,45.299,-145.297,24.864,-0.0,-0.086,-91.267,-153.796,65.148,153.791,0.0,-0.11,-1.469,30.068,-28.265,-29.966,3.856,76.813,86.747,14.241,-3.07,2.192,0.0,0.088,-0.002,-0.692,-0.511,1.786,
2025-08-06 06:20:17.184,mobile_move_feeder_to_vision_approach,-672.602,-46.145,995.215,44.507,-141.534,22.627,-0.0,-0.099,-91.414,-150.796,62.303,150.791,0.0,-0.063,-1.422,30.044,-28.547,-30.048,3.887,76.962,86.95,14.209,-3.299,2.168,0.0,0.383,0.611,0.477,-0.837,-1.231,
2025-08-06 06:20:17.282,mobile_move_feeder_to_vision_approach,-677.808,-49.43,998.604,43.62,-137.836,20.485,-0.0,-0.108,-91.558,-147.796,59.457,147.791,0.0,-0.034,-1.348,30.162,-28.431,-30.21,3.859,77.286,87.253,14.195,-3.529,2.151,0.0,0.186,-0.386,0.152,0.486,0.174,
2025-08-06 06:20:17.382,mobile_move_feeder_to_vision_approach,-682.898,-52.154,1002.255,42.632,-134.212,18.442,-0.0,-0.116,-91.701,-144.796,56.611,144.791,0.0,-0.026,-1.498,30.074,-28.451,-30.013,3.884,77.438,87.417,14.055,-3.684,2.109,0.0,-0.025,-0.616,-1.157,-0.596,1.124,
2025-08-06 06:20:17.482,mobile_move_feeder_to_vision_approach,-687.858,-54.289,1006.112,41.54,-130.67,16.499,-0.0,-0.124,-91.846,-141.797,53.767,141.791,0.0,-0.039,-1.471,29.931,-28.55,-29.985,3.87,77.4,87.727,13.795,-3.798,2.08,0.0,-0.105,0.45,0.329,-0.152,-1.178,
2025-08-06 06:20:17.582,mobile_move_feeder_to_vision_approach,-692.678,-55.816,1010.116,40.341,-127.221,14.662,-0.0,-0.134,-91.992,-138.796,50.92,138.792,0.0,-0.047,-1.408,30.139,-28.481,-30.249,3.859,77.698,88.148,13.503,-3.867,2.054,0.0,0.003,0.168,1.157,0.167,-0.04,
2025-08-06 06:20:17.681,mobile_move_feeder_to_vision_approach,-697.343,-56.721,1014.205,39.031,-123.874,12.933,-0.0,-0.144,-92.137,-135.796,48.075,135.791,0.0,-0.039,-1.438,30.161,-28.517,-29.993,3.885,77.657,88.452,13.103,-3.941,2.004,0.0,-0.099,-0.25,-0.72,0.433,1.229,
2025-08-06 06:20:17.785,mobile_move_feeder_to_vision_approach,-701.841,-56.997,1018.318,37.606,-120.642,11.317,-0.0,-0.155,-92.279,-132.798,45.231,132.791,0.0,-0.067,-1.459,29.993,-28.393,-29.999,3.86,77.821,88.784,12.614,-3.998,1.978,0.0,-0.201,-0.036,-0.078,0.217,-1.289,
2025-08-06 06:20:17.883,mobile_move_feeder_to_vision_approach,-706.159,-56.642,1022.393,36.062,-117.535,9.817,-0.0,-0.168,-92.427,-129.797,42.387,129.796,0.0,-0.079,-1.445,30.145,-28.473,-30.253,3.909,77.798,88.99,12.117,-3.963,1.96,0.0,-0.107,0.404,0.303,0.325,0.033,
2025-08-06 06:20:17.983,mobile_move_feeder_to_vision_approach,-710.283,-55.663,1026.368,34.397,-114.565,8.436,-0.0,-0.18,-92.572,-126.798,39.544,126.794,0.0,-0.088,-1.379,30.053,-28.329,-29.993,3.862,78.01,89.269,11.557,-3.911,1.919,0.0,0.336,0.022,-1.106,0.326,1.301,
2025-08-06 06:20:18.082,mobile_move_feeder_to_vision_approach,-714.198,-54.071,1030.182,32.609,-111.747,7.175,-0.0,-0.189,-92.714,-123.797,36.693,123.795,0.0,-0.012,-1.44,29.925,-28.408,-29.994,3.859,78.37,89.396,10.948,-3.823,1.91,0.0,0.396,-0.606,0.201,-2.075,-1.377,
2025-08-06 06:20:18.183,mobile_move_feeder_to_vision_approach,-717.893,-51.885,1033.776,30.696,-109.094,6.036,-0.0,-0.197,-92.858,-120.796,33.848,120.796,0.0,-0.009,-1.5,30.093,-28.744,-30.268,3.99,78.347,89.384,10.226,-3.635,1.889,0.0,-0.155,0.104,0.927,0.214,0.253,
2025-08-06 06:20:18.282,mobile_move_feeder_to_vision_approach,-721.352,-49.131,1037.094,28.658,-106.62,5.02,-0.0,-0.205,-93.004,-117.798,31.003,117.795,0.0,-0.043,-1.419,30.11,-28.365,-29.944,3.941,78.594,89.536,9.499,-3.449,1.844,0.0,-0.161,0.332,-0.587,1.41,1.517,
2025-08-06 06:20:18.382,mobile_move_feeder_to_vision_approach,-724.563,-45.837,1040.081,26.497,-104.339,4.124,-0.0,-0.213,-93.147,-114.797,28.158,114.795,0.0,-0.041,-1.434,29.977,-28.463,-29.966,4.02,78.652,89.688,8.83,-3.232,1.84,0.0,-0.013,-0.461,-0.051,-0.191,-1.443,
2025-08-06 06:20:18.482,mobile_move_feeder_to_vision_approach,-727.512,-42.041,1042.688,24.216,-102.265,3.345,-0.0,-0.223,-93.29,-111.797,25.313,111.796,0.0,-0.046,-1.512,30.1,-28.404,-30.232,4.011,78.664,89.792,7.99,-3.025,1.827,0.0,-0.219,-0.189,0.374,0.186,-0.099,
2025-08-06 06:20:18.582,mobile_move_feeder_to_vision_approach,-730.186,-37.783,1044.868,21.819,-100.414,2.678,-0.0,-0.234,-93.438,-108.798,22.466,108.794,0.0,-0.085,-1.472,30.051,-28.426,-29.986,4.032,78.646,89.973,7.218,-2.756,1.801,0.0,-0.151,0.415,-1.221,0.103,1.418,
2025-08-06 06:20:18.683,mobile_move_feeder_to_vision_approach,-732.572,-33.11,1046.579,19.316,-98.798,2.116,-0.0,-0.246,-93.583,-105.798,19.623,105.796,0.0,-0.076,-1.428,29.855,-28.383,-29.947,4.114,78.616,90.135,6.447,-2.453,1.791,0.0,-0.064,0.406,0.371,0.87,-1.249,
2025-08-06 06:20:18.782,mobile_move_feeder_to_vision_approach,-734.659,-28.073,1047.785,16.715,-97.431,1.648,-0.0,-0.26,-93.727,-102.798,16.776,102.797,0.0,-0.097,-1.391,30.126,-28.252,-30.236,4.114,78.817,90.406,5.643,-2.137,1.777,0.0,-0.012,-0.59,1.283,-0.48,-0.436,
2025-08-06 06:20:18.881,mobile_move_feeder_to_vision_approach,-736.434,-22.725,1048.455,14.03,-96.324,1.262,-0.0,-0.273,-93.872,-99.798,13.932,99.795,0.0,-0.079,-1.545,30.109,-28.478,-30.033,4.163,78.797,90.57,4.829,-1.778,1.764,0.0,0.296,-0.27,-0.836,-0.493,1.055,
2025-08-06 06:20:18.982,mobile_move_feeder_to_vision_approach,-737.888,-17.124,1048.562,11.275,-95.486,0.942,-0.0,-0.284,-94.018,-96.798,11.086,96.796,0.0,-0.038,-1.445,29.958,-28.351,-30.025,4.191,79.315,90.876,3.938,-1.441,1.757,0.0,0.214,0.757,-0.161,-0.464,-1.026,
2025-08-06 06:20:19.082,mobile_move_feeder_to_vision_approach,-739.011,-11.329,1048.087,8.468,-94.927,0.671,-0.0,-0.292,-94.16,-93.799,8.24,93.797,0.0,-0.036,-1.393,30.077,-28.571,-30.239,4.236,79.306,90.857,3.096,-1.082,1.768,0.0,-0.047,0.014,0.072,0.042,0.09,
2025-08-06 06:20:19.182,mobile_move_feeder_to_vision_approach,-739.793,-5.404,1047.017,5.626,-94.651,0.432,-0.0,-0.3,-94.303,-90.799,5.396,90.795,0.0,-0.048,-1.442,29.973,-28.342,-30.007,4.227,79.221,90.706,2.274,-0.751,1.767,0.0,0.019,-0.407,-0.88,0.659,1.339,
2025-08-06 06:20:19.282,mobile_move_feeder_to_vision_approach,-740.227,0.589,1045.346,2.77,-94.662,0.204,-0.0,-0.309,-94.45,-87.798,2.548,87.798,0.0,-0.032,-1.474,29.901,-28.439,-29.972,4.313,79.356,90.738,1.348,-0.41,1.768,0.0,-0.319,0.083,0.624,-1.104,-1.413,
2025-08-06 06:20:19.381,mobile_move_feeder_to_vision_approach,-740.306,6.586,1043.071,179.919,94.959,179.968,-0.0,-0.32,-94.593,-84.798,-0.295,84.798,0.0,-0.111,-1.425,30.097,-28.562,-30.288,4.333,79.227,90.56,0.57,-0.063,1.783,0.0,-0.166,0.59,0.781,0.263,-0.131,
2025-08-06 06:20:19.485,mobile_move_feeder_to_vision_approach,-740.026,12.523,1040.201,177.092,95.54,179.703,-0.0,-0.331,-94.736,-81.799,-3.142,81.796,0.0,-0.066,-1.354,30.059,-28.386,-29.998,4.385,79.081,90.485,-0.276,0.276,1.784,0.0,0.135,-0.247,-0.728,0.935,1.495,
2025-08-06 06:20:19.582,mobile_move_feeder_to_vision_approach,-739.383,18.336,1036.746,174.31,96.4,179.392,-0.0,-0.345,-94.883,-78.799,-5.986,78.798,0.0,-0.084,-1.475,29.951,-28.374,-29.987,4.433,79.066,90.578,-1.055,0.6,1.798,0.0,0.063,-0.787,0.161,0.207,-1.226,
2025-08-06 06:20:19.684,mobile_move_feeder_to_vision_approach,-738.373,23.964,1032.726,171.588,97.531,179.017,-0.0,-0.358,-95.028,-75.8,-8.828,75.799,0.0,-0.053,-1.511,30.091,-28.345,-30.242,4.421,79.086,90.641,-1.889,0.889,1.829,0.0,0.217,0.263,-0.428,-0.534,0.156,
2025-08-06 06:20:19.785,mobile_move_feeder_to_vision_approach,-736.997,29.346,1028.165,168.941,98.925,178.562,-0.0,-0.368,-95.173,-72.8,-11.675,72.796,0.0,-0.04,-1.422,29.864,-28.483,-29.956,4.47,79.401,90.771,-2.734,1.164,1.854,0.0,0.095,0.362,-0.623,-0.092,1.501,
2025-08-06 06:20:19.882,mobile_move_feeder_to_vision_approach,-735.254,34.424,1023.095,166.382,100.57,178.017,-0.0,-0.374,-95.315,-69.799,-14.518,69.797,0.0,-0.034,-1.439,29.968,-28.363,-29.945,4.495,79.167,90.792,-3.536,1.42,1.896,0.0,0.035,-0.228,0.861,0.683,-1.839,
2025-08-06 06:20:19.982,mobile_move_feeder_to_vision_approach,-733.148,39.145,1017.552,163.922,102.453,177.369,-0.0,-0.382,-95.463,-66.8,-17.365,66.798,0.0,-0.033,-1.467,30.033,-28.348,-30.318,4.537,78.987,90.756,-4.316,1.636,1.946,0.0,-0.119,-0.121,0.106,-0.625,-0.019,
2025-08-06 06:20:20.082,mobile_move_feeder_to_vision_approach,-730.682,43.457,1011.577,161.567,104.561,176.612,-0.0,-0.391,-95.607,-63.803,-20.209,63.797,0.0,-0.058,-1.464,29.989,-28.488,-29.949,4.541,78.875,90.676,-5.029,1.838,1.978,0.0,-0.346,0.323,-0.573,0.179,2.013,
2025-08-06 06:20:20.182,mobile_move_feeder_to_vision_approach,-727.862,47.315,1005.216,159.323,106.88,175.74,-0.0,-0.401,-95.749,-60.803,-23.056,60.798,0.0,-0.102,-1.402,29.919,-28.312,-29.916,4.555,78.554,90.506,-5.71,1.996,2.006,0.0,-0.144,0.241,0.172,0.412,-1.814,
2025-08-06 06:20:20.285,mobile_move_feeder_to_vision_approach,-724.696,50.676,998.521,157.194,109.396,174.75,-0.0,-0.413,-95.896,-57.804,-25.901,57.798,0.0,-0.088,-1.415,30.024,-28.404,-30.317,4.57,78.391,90.174,-6.388,2.156,2.035,0.0,0.189,-0.448,-0.092,0.059,0.202,
2025-08-06 06:20:20.382,mobile_move_feeder_to_vision_approach,-721.192,53.505,991.546,155.181,112.095,173.64,-0.0,-0.427,-96.04,-54.804,-28.745,54.797,0.0,-0.064,-1.492,29.9,-28.3,-29.875,4.637,78.205,89.947,-7.01,2.265,2.053,0.0,0.195,0.01,0.004,0.272,1.77,
2025-08-06 06:20:20.482,mobile_move_feeder_to_vision_approach,-717.361,55.77,984.348,153.283,114.963,172.41,-0.0,-0.438,-96.183,-51.803,-31.591,51.798,0.0,-0.049,-1.413,30.025,-28.351,-29.968,4.653,78.372,89.757,-7.613,2.337,2.087,0.0,0.296,-0.055,0.884,-1.227,-2.319,
2025-08-06 06:20:20.582,mobile_move_feeder_to_vision_approach,-713.216,57.446,976.988,151.499,117.986,171.062,-0.0,-0.446,-96.327,-48.804,-34.435,48.797,0.0,-0.005,-1.503,30.077,-28.546,-30.339,4.636,78.198,89.427,-8.084,2.388,2.119,0.0,0.102,-0.218,-0.502,0.003,0.204,
2025-08-06 06:20:20.681,mobile_move_feeder_to_vision_approach,-708.771,58.515,969.528,149.827,121.153,169.598,-0.0,-0.453,-96.474,-45.805,-37.282,45.797,0.0,-0.029,-1.456,29.925,-28.35,-29.928,4.711,77.954,89.259,-8.581,2.42,2.129,0.0,-0.201,0.119,-0.318,0.358,1.395,
2025-08-06 06:20:20.783,mobile_move_feeder_to_vision_approach,-704.041,58.963,962.032,148.264,124.45,168.021,-0.0,-0.461,-96.619,-42.804,-40.127,42.798,0.0,-0.046,-1.479,30.013,-28.474,-30.059,4.685,77.654,89.138,-9.017,2.407,2.164,0.0,-0.122,0.095,0.495,0.302,-1.758,
2025-08-06 06:20:20.882,mobile_move_feeder_to_vision_approach,-699.042,58.786,954.563,146.806,127.866,166.333,-0.0,-0.469,-96.761,-39.805,-42.972,39.797,0.0,-0.053,-1.437,30.025,-28.289,-30.281,4.709,77.243,88.998,-9.365,2.341,2.209,0.0,-0.076,0.292,-0.823,0.39,0.567,
2025-08-06 06:20:20.987,mobile_move_feeder_to_vision_approach,-693.794,57.983,947.186,145.449,131.391,164.54,-0.0,-0.48,-96.908,-36.805,-45.818,36.798,0.0,-0.061,-1.419,29.845,-28.394,-29.943,4.686,76.847,88.76,-9.715,2.294,2.226,0.0,-0.112,-0.159,0.186,-1.073,1.516,
2025-08-06 06:20:21.083,mobile_move_feeder_to_vision_approach,-688.315,56.561,939.965,144.191,135.014,162.645,-0.0,-0.491,-97.054,-33.804,-48.662,33.798,0.0,-0.076,-1.469,30.062,-28.505,-29.976,4.69,76.661,88.583,-10.005,2.189,2.253,0.0,-0.233,0.023,0.883,-0.782,-1.742,
2025-08-06 06:20:21.183,mobile_move_feeder_to_vision_approach,-682.625,54.535,932.962,143.025,138.726,160.65,-0.0,-0.503,-97.196,-30.805,-51.509,30.797,0.0,-0.107,-1.415,30.018,-28.548,-30.284,4.748,76.369,88.279,-10.246,2.042,2.296,0.0,0.104,-0.266,-0.202,0.268,0.078,
2025-08-06 06:20:21.282,mobile_move_feeder_to_vision_approach,-676.747,51.922,926.238,141.949,142.518,158.561,-0.0,-0.514,-97.34,-27.805,-54.353,27.798,0.0,-0.055,-1.522,30.022,-28.452,-29.961,4.664,76.13,87.784,-10.407,1.856,2.335,0.0,0.417,-0.153,-0.101,0.552,1.123,
2025-08-06 06:20:21.382,mobile_move_feeder_to_vision_approach,-670.702,48.75,919.849,140.959,146.382,156.381,-0.0,-0.523,-97.486,-24.805,-57.199,24.799,0.0,-0.024,-1.445,29.998,-28.438,-30.061,4.651,75.964,87.401,-10.5,1.666,2.364,0.0,0.07,0.611,-0.237,-0.413,-1.786,
2025-08-06 06:20:21.482,mobile_move_feeder_to_vision_approach,-664.513,45.05,913.852,140.052,150.311,154.112,-0.0,-0.53,-97.629,-21.806,-60.045,21.797,0.0,-0.041,-1.4,29.974,-28.534,-30.318,4.668,75.592,86.979,-10.621,1.472,2.398,0.0,-0.117,-0.235,-0.509,-0.182,0.842,
2025-08-06 06:20:21.582,mobile_move_feeder_to_vision_approach,-658.204,40.86,908.295,139.223,154.297,151.758,-0.0,-0.538,-97.771,-18.806,-62.889,18.799,0.0,-0.048,-1.492,29.896,-28.474,-29.892,4.715,75.222,86.56,-10.661,1.238,2.42,0.0,-0.284,-0.331,0.41,-0.371,1.367,
2025-08-06 06:20:21.682,mobile_move_feeder_to_vision_approach,-651.798,36.221,903.227,138.47,158.334,149.322,-0.0,-0.547,-97.918,-15.805,-65.735,15.799,0.0,-0.098,-1.466,30.056,-28.609,-30.044,4.814,74.561,86.195,-10.642,1.029,2.446,0.0,-0.265,0.31,1.084,-0.567,-1.915,
2025-08-06 06:20:21.782,mobile_move_feeder_to_vision_approach,-645.319,31.18,898.688,137.79,162.415,146.804,-0.0,-0.558,-98.065,-12.806,-68.579,12.798,0.0,-0.101,-1.43,30.113,-28.587,-30.275,4.762,74.276,85.849,-10.553,0.814,2.462,0.0,-0.064,0.365,-2.114,2.67,2.024,
2025-08-06 06:20:21.883,mobile_move_feeder_to_vision_approach,-638.805,25.801,894.723,137.18,166.525,144.212,-0.0,-0.571,-98.208,-9.811,-71.422,9.804,0.0,-0.111,-1.392,29.631,-28.072,-29.638,4.792,73.83,85.626,-10.464,0.563,2.485,0.0,0.141,0.354,-14.344,12.543,15.521,
2025-08-06 06:20:21.983,mobile_move_feeder_to_vision_approach,-632.573,20.4,891.497,136.659,170.472,141.666,-0.0,-0.584,-98.346,-6.945,-74.137,6.939,0.0,-0.072,-1.359,27.23,-26.066,-27.156,4.736,73.698,85.67,-10.425,0.332,2.51,0.0,0.405,1.622,-35.179,32.295,34.689,
2025-08-06 06:20:22.082,mobile_move_feeder_to_vision_approach,-627.147,15.521,889.145,136.243,173.928,139.384,-0.0,-0.593,-98.469,-4.442,-76.514,4.435,0.0,-0.03,-1.07,22.631,-21.645,-22.734,4.604,73.769,85.849,-10.447,0.114,2.533,0.0,0.347,2.967,-52.512,51.519,52.398,
2025-08-06 06:20:22.182,mobile_move_feeder_to_vision_approach,-622.909,11.611,887.609,135.919,176.643,137.532,-0.0,-0.598,-98.563,-2.471,-78.382,2.463,0.0,-0.003,-0.768,16.78,-15.814,-16.729,4.453,73.637,85.741,-10.342,-0.088,2.547,0.0,0.142,2.94,-60.088,58.224,61.981,
2025-08-06 06:20:22.281,mobile_move_feeder_to_vision_approach,-620.022,8.904,886.715,135.613,178.501,136.149,-0.0,-0.601,-98.628,-1.116,-79.667,1.109,0.0,-0.002,-0.485,10.673,-10.058,-10.4,4.376,73.469,85.558,-10.316,-0.244,2.567,0.0,0.013,2.534,-59.333,55.551,57.75,
2025-08-06 06:20:22.381,mobile_move_feeder_to_vision_approach,-618.416,7.384,886.272,134.979,179.538,134.903,-0.0,-0.602,-98.663,-0.352,-80.392,0.347,0.0,-0.001,-0.264,4.973,-4.759,-5.236,4.33,73.331,85.18,-10.232,-0.377,2.573,0.0,0.01,2.025,-45.542,42.969,45.403,
2025-08-06 06:20:22.486,mobile_move_feeder_to_vision_approach,-617.799,6.797,886.112,129.905,179.938,129.591,-0.0,-0.603,-98.68,-0.051,-80.678,0.048,0.0,0.0,-0.07,1.337,-1.25,-1.093,4.341,73.214,84.791,-10.107,-0.495,2.568,0.0,0.004,1.308,-24.618,23.56,25.914,
2025-08-06 06:20:22.583,mobile_move_feeder_to_vision_approach,-617.713,6.715,886.09,90.401,179.991,90.054,-0.0,-0.603,-98.683,-0.003,-80.723,0.002,0.0,0.0,0.0,0.0,-0.0,-0.002,4.449,73.157,84.47,-9.962,-0.588,2.579,0.0,0.0,0.348,-6.685,6.249,5.463,waypoint
2025-08-06 06:20:22.686,mobile_move_feeder_to_vision_approach,-617.713,6.715,886.09,90.401,179.991,90.054,-0.0,-0.603,-98.683,-0.003,-80.723,0.001,0.0,0.0,0.0,0.0,0.0,0.0,4.534,73.076,84.303,-9.996,-0.565,2.624,0.0,0.0,0.0,0.0,0.004,0.009,
2025-08-06 06:20:22.883,mobile_move_feeder_to_vision_approach,-617.713,6.715,886.09,90.401,179.991,90.054,-0.0,-0.604,-98.682,-0.006,-80.722,0.001,0.0,0.0,0.0,0.0,0.0,0.0,4.55,73.172,84.406,-10.269,-0.365,2.686,0.0,0.0,0.0,-0.002,-0.003,0.0,
2025-08-06 06:20:22.983,mobile_move_feeder_to_vision_approach,-617.713,6.715,886.09,90.401,179.991,90.054,-0.0,-0.604,-98.682,-0.007,-80.722,0.001,0.0,0.0,0.0,-0.0,0.0,0.0,4.551,73.207,84.474,-10.348,-0.286,2.697,0.0,0.0,0.0,0.0,0.0,0.0,
2025-08-06 06:20:23.082,mobile_move_feeder_to_vision_approach,-617.713,6.715,886.09,90.401,179.991,90.054,-0.0,-0.604,-98.681,-0.008,-80.721,0.001,0.0,0.0,0.0,0.0,0.0,0.0,4.566,73.269,84.527,-10.393,-0.257,2.723,0.0,0.0,0.007,0.002,0.0,0.0,
2025-08-06 06:20:23.183,mobile_move_feeder_to_vision_approach,-617.713,6.715,886.09,90.401,179.991,90.054,-0.0,-0.604,-98.681,-0.009,-80.72,0.001,0.0,0.0,0.001,0.0,0.0,0.0,4.58,73.301,84.578,-10.421,-0.248,2.739,0.0,0.0,0.002,0.0,0.0,0.0,
2025-08-06 06:20:23.282,mobile_move_feeder_to_vision_approach,-617.713,6.715,886.09,90.401,179.991,90.054,-0.0,-0.604,-98.68,-0.01,-80.72,0.002,0.0,0.0,0.0,0.0,0.0,0.0,4.568,73.339,84.609,-10.461,-0.244,2.75,0.0,0.0,-0.007,0.0,0.0,0.0,
2025-08-06 06:20:23.382,mobile_move_feeder_to_vision_approach,-617.713,6.715,886.09,90.401,179.991,90.054,-0.0,-0.604,-98.68,-0.01,-80.72,0.002,0.0,0.0,0.0,0.0,0.0,0.0,4.603,73.392,84.639,-10.47,-0.245,2.752,0.0,0.0,-0.002,0.0,0.0,0.0,
2025-08-06 06:20:23.483,mobile_move_feeder_to_vision_approach,-617.713,6.715,886.09,90.401,179.991,90.054,-0.0,-0.604,-98.68,-0.01,-80.72,0.003,0.0,0.0,0.0,0.0,0.0,0.0,4.596,73.409,84.629,-10.467,-0.244,2.752,0.0,0.0,0.0,0.0,0.0,0.0,
2025-08-06 06:20:23.584,mobile_move_feeder_to_vision_approach,-617.713,6.715,886.09,90.401,179.991,90.054,-0.0,-0.604,-98.68,-0.01,-80.72,0.003,0.0,0.0,0.0,0.0,0.0,0.0,4.594,73.485,84.633,-10.471,-0.244,2.76,0.0,0.0,0.0,0.0,0.0,0.0,
2025-08-06 06:20:23.682,mobile_move_feeder_to_vision_approach,-617.713,6.715,886.09,90.401,179.991,90.054,-0.0,-0.603,-98.68,-0.01,-80.72,0.004,0.0,0.0,0.0,0.0,0.0,0.0,4.604,73.528,84.653,-10.479,-0.238,2.767,-2.513,0.018,-0.217,0.0,0.0,0.0,
2025-08-06 06:20:23.882,mobile_move_feeder_to_vision_approach,-616.724,9.57,886.272,89.937,179.991,89.855,-0.205,-0.582,-98.725,-0.01,-80.731,0.006,-3.809,0.544,-0.871,0.0,-0.277,0.0,-1.591,76.445,83.596,-10.541,-0.463,2.816,-42.355,12.091,-9.939,0.0,-2.681,0.0,
2025-08-06 06:20:23.982,mobile_move_feeder_to_vision_approach,-614.164,16.75,886.726,88.76,179.991,89.349,-0.843,-0.436,-98.869,-0.01,-80.772,0.007,-9.008,2.434,-2.041,0.0,-0.539,0.0,-6.886,86.287,83.697,-10.728,-0.78,2.835,-56.838,18.249,-11.871,0.0,-3.592,0.0,
2025-08-06 06:20:24.082,mobile_move_feeder_to_vision_approach,-609.191,29.925,887.548,86.557,179.991,88.391,-2.056,-0.096,-99.135,-0.01,-80.848,0.008,-15.176,4.193,-3.246,0.0,-0.995,0.0,-8.855,90.438,83.431,-10.779,-0.886,2.865,-62.026,17.263,-13.559,0.02,-4.157,0.0,
2025-08-06 06:20:24.181,mobile_move_feeder_to_vision_approach,-601.223,49.254,888.727,83.215,179.991,86.914,-3.895,0.421,-99.532,-0.008,-80.959,0.009,-21.352,5.869,-4.739,0.004,-1.366,0.0,-8.995,92.011,82.951,-10.692,-0.91,2.862,-55.555,16.092,-12.816,0.166,-2.583,0.0,
2025-08-06 06:20:24.284,mobile_move_feeder_to_vision_approach,-589.978,73.618,890.165,78.795,179.992,84.913,-6.301,1.109,-100.055,-0.003,-81.106,0.009,-26.398,7.444,-5.834,0.034,-1.517,0.0,-7.583,90.874,82.745,-10.426,-0.924,2.871,-39.418,11.979,-7.732,0.124,-1.941,0.0,
2025-08-06 06:20:24.385,mobile_move_feeder_to_vision_approach,-575.669,100.889,891.708,73.527,179.992,82.462,-9.116,1.902,-100.661,0.003,-81.278,0.01,-29.393,8.313,-6.316,0.029,-1.762,0.0,-5.111,90.225,83.085,-10.143,-0.912,2.865,-18.775,5.32,-3.265,-0.071,-1.579,0.0,
2025-08-06 06:20:24.484,mobile_move_feeder_to_vision_approach,-559.149,128.475,893.19,67.789,179.992,79.712,-12.116,2.753,-101.307,0.009,-81.461,0.01,-30.153,8.508,-6.487,0.019,-1.833,0.0,-1.908,86.063,82.781,-9.869,-0.854,2.859,-3.149,-0.503,-0.73,-0.144,-0.698,0.0,
2025-08-06 06:20:24.582,mobile_move_feeder_to_vision_approach,-541.271,154.727,894.519,61.863,179.992,76.785,-15.123,3.589,-101.958,0.014,-81.642,0.01,-30.013,8.214,-6.46,0.001,-1.899,0.0,-0.105,84.77,83.239,-9.818,-0.833,2.852,0.513,-1.858,-0.513,-0.089,0.021,0.0,
2025-08-06 06:20:24.684,mobile_move_feeder_to_vision_approach,-522.21,179.469,895.689,55.763,179.992,73.685,-18.127,4.426,-102.607,0.019,-81.824,0.01,-30.051,8.136,-6.59,0.002,-1.829,0.0,-0.007,85.164,83.17,-9.846,-0.833,2.845,-0.08,1.039,0.404,0.137,0.796,0.0,
2025-08-06 06:20:24.782,mobile_move_feeder_to_vision_approach,-502.077,202.653,896.699,49.484,179.993,70.406,-21.128,5.257,-103.259,0.024,-82.007,0.01,-30.029,8.422,-6.379,0.029,-1.74,0.0,-0.263,86.098,83.138,-9.796,-0.855,2.835,0.114,-0.158,1.148,0.005,0.393,0.0,
2025-08-06 06:20:24.882,mobile_move_feeder_to_vision_approach,-480.983,224.235,897.55,43.021,179.993,66.943,-24.13,6.089,-103.907,0.029,-82.189,0.01,-30.028,8.105,-6.363,0.002,-1.751,0.0,-0.117,86.172,83.589,-9.86,-0.833,2.837,-0.09,-0.435,-0.896,-0.133,-0.389,0.0,
2025-08-06 06:20:24.983,mobile_move_feeder_to_vision_approach,-459.042,244.183,898.241,36.371,179.993,63.293,-27.13,6.925,-104.559,0.034,-82.373,0.01,-30.047,8.334,-6.559,0.002,-1.818,0.0,-0.695,86.8,83.232,-9.804,-0.874,2.848,0.283,1.161,-0.663,0.048,-0.905,0.0,
2025-08-06 06:20:25.084,mobile_move_feeder_to_vision_approach,-436.369,262.47,898.774,29.535,179.993,59.457,-30.13,7.753,-105.208,0.038,-82.555,0.01,-29.971,8.34,-6.496,0.012,-1.934,0.0,-0.398,87.293,83.638,-9.819,-0.864,2.846,-0.285,-0.559,0.026,0.142,-0.019,0.0,
2025-08-06 06:20:25.185,mobile_move_feeder_to_vision_approach,-413.079,279.077,899.149,22.519,179.993,55.441,-33.129,8.589,-105.858,0.044,-82.736,0.01,-30.105,8.221,-6.554,0.031,-1.822,0.0,-1.073,88.19,83.312,-9.828,-0.888,2.846,-0.338,-0.495,0.107,-0.016,0.614,0.0,
2025-08-06 06:20:25.286,mobile_move_feeder_to_vision_approach,-389.285,293.992,899.365,15.332,179.993,51.254,-36.129,9.417,-106.507,0.049,-82.92,0.01,-30.039,8.24,-6.475,0.009,-1.81,0.0,-0.929,88.892,83.771,-9.832,-0.89,2.839,0.224,0.82,-0.224,-0.144,0.452,0.0,
2025-08-06 06:20:25.383,mobile_move_feeder_to_vision_approach,-365.1,307.212,899.423,7.992,179.993,46.914,-39.13,10.252,-107.157,0.053,-83.103,0.01,-30.06,8.384,-6.599,0.002,-1.733,0.0,-1.297,89.442,83.527,-9.838,-0.91,2.835,-0.047,-0.092,0.051,0.096,0.331,0.0,
2025-08-06 06:20:25.483,mobile_move_feeder_to_vision_approach,-340.638,318.741,899.324,0.521,179.993,42.443,-42.127,11.083,-107.809,0.058,-83.287,0.01,-30.049,8.222,-6.465,0.028,-1.744,0.0,-1.615,90.601,83.689,-9.811,-0.911,2.839,-0.143,-1.333,0.501,-0.004,-0.275,0.0,
2025-08-06 06:20:25.582,mobile_move_feeder_to_vision_approach,-316.009,328.589,899.068,172.947,-179.993,-142.131,-45.128,11.918,-108.455,0.062,-83.47,0.01,-30.089,8.118,-6.499,0.001,-1.787,0.0,-1.927,90.915,83.88,-9.861,-0.868,2.839,-0.143,0.688,-0.436,-0.057,-0.652,0.0,
2025-08-06 06:20:25.685,mobile_move_feeder_to_vision_approach,-291.32,336.774,898.655,165.304,-179.993,-146.774,-48.126,12.747,-109.108,0.067,-83.652,0.009,-30.077,8.361,-6.553,0.016,-1.876,0.0,-2.51,92.129,83.677,-9.797,-0.882,2.832,0.382,-0.094,0.747,0.005,-0.541,0.0,
2025-08-06 06:20:25.782,mobile_move_feeder_to_vision_approach,-266.678,343.32,898.086,157.63,-179.993,-151.447,-51.127,13.579,-109.757,0.072,-83.834,0.009,-30.013,8.1,-6.349,0.002,-1.896,0.0,-2.479,92.722,83.9,-9.829,-0.879,2.835,0.143,0.141,0.568,-0.023,0.499,0.0,
2025-08-06 06:20:25.883,mobile_move_feeder_to_vision_approach,-242.186,348.259,897.361,149.965,-179.993,-156.112,-54.125,14.414,-110.408,0.076,-84.016,0.009,-30.049,8.388,-6.441,0.011,-1.777,0.0,-3.183,94.057,83.685,-9.815,-0.908,2.839,-0.101,0.855,-0.641,0.023,0.765,-0.001,
2025-08-06 06:20:25.982,mobile_move_feeder_to_vision_approach,-217.942,351.627,896.481,142.348,-179.993,-160.728,-57.125,15.241,-111.057,0.081,-84.199,0.009,-30.033,8.27,-6.478,0.007,-1.743,-0.0,-3.172,94.913,84.156,-9.823,-0.903,2.837,0.121,-0.061,-0.432,-0.054,-0.117,0.0,
2025-08-06 06:20:26.082,mobile_move_feeder_to_vision_approach,-194.043,353.468,895.447,134.816,-179.993,-165.26,-60.124,16.077,-111.707,0.085,-84.383,0.008,-30.025,8.376,-6.527,0.001,-1.801,0.0,-3.726,96.168,83.797,-9.797,-0.943,2.836,0.279,0.428,0.077,0.018,-0.553,0.001,
2025-08-06 06:20:26.182,mobile_move_feeder_to_vision_approach,-170.579,353.831,894.259,127.401,-179.993,-169.675,-63.123,16.906,-112.358,0.09,-84.565,0.008,-29.977,8.356,-6.462,0.01,-1.853,0.0,-3.884,97.621,84.099,-9.799,-0.966,2.821,-0.104,-0.102,0.276,0.071,-0.663,0.0,
2025-08-06 06:20:26.281,mobile_move_feeder_to_vision_approach,-147.638,352.77,892.917,120.131,-179.992,-173.945,-66.123,17.743,-113.004,0.094,-84.749,0.008,-30.046,8.356,-6.472,0.015,-1.933,0.0,-4.275,98.607,84.08,-9.842,-0.962,2.814,-0.07,-0.334,-0.041,-0.044,-0.07,0.0,
2025-08-06 06:20:26.386,mobile_move_feeder_to_vision_approach,-125.301,350.343,891.423,113.025,-179.992,-178.051,-69.122,18.569,-113.657,0.099,-84.93,0.007,-29.991,8.288,-6.471,0.001,-1.867,0.0,-4.677,100.476,83.987,-9.755,-0.991,2.818,0.389,-0.985,0.224,-0.064,1.126,0.0,
2025-08-06 06:20:26.483,mobile_move_feeder_to_vision_approach,-103.647,346.615,889.777,106.099,-179.992,178.023,-72.122,19.405,-114.305,0.104,-85.113,0.007,-29.967,8.157,-6.426,0.002,-1.705,0.0,-4.852,101.174,84.25,-9.812,-0.952,2.815,-0.014,0.555,0.029,0.001,0.921,-0.001,
2025-08-06 06:20:26.582,mobile_move_feeder_to_vision_approach,-82.746,341.653,887.98,99.36,-179.991,174.285,-75.121,20.236,-114.957,0.108,-85.297,0.006,-29.994,8.397,-6.465,0.002,-1.687,-0.0,-5.465,102.948,84.061,-9.792,-0.985,2.797,-0.12,-0.804,-0.568,0.091,-0.5,0.0,
2025-08-06 06:20:26.683,mobile_move_feeder_to_vision_approach,-62.666,335.53,886.032,92.812,-179.991,170.738,-78.121,21.067,-115.606,0.114,-85.479,0.005,-29.991,7.996,-6.54,0.02,-1.805,0.0,-5.516,103.943,84.32,-9.796,-0.963,2.788,3.746,-0.455,1.083,0.07,-0.688,-0.01,
2025-08-06 06:20:26.782,mobile_move_feeder_to_vision_approach,-43.633,328.388,883.955,86.511,-179.99,167.411,-81.1,21.895,-116.251,0.117,-85.661,0.004,-29.245,8.306,-6.248,0.016,-1.825,-0.002,-5.705,105.512,84.126,-9.794,-0.979,2.771,19.738,-4.102,4.89,-0.085,1.138,0.0,
2025-08-06 06:20:26.882,mobile_move_feeder_to_vision_approach,-26.803,320.877,881.897,80.832,-179.99,164.489,-83.881,22.673,-116.853,0.122,-85.828,0.002,-26.063,7.18,-5.567,0.003,-1.579,0.0,-3.389,104.381,84.747,-9.743,-0.917,2.738,41.155,-12.327,8.14,-0.078,2.881,-0.011,
2025-08-06 06:20:26.982,mobile_move_feeder_to_vision_approach,-13.259,313.93,880.066,76.163,-179.99,162.145,-86.235,23.338,-117.36,0.126,-85.973,0.0,-21.014,5.84,-4.62,0.0,-1.248,-0.004,-1.235,102.708,84.96,-9.765,-0.86,2.71,55.986,-15.632,12.166,-0.008,3.614,0.0,
2025-08-06 06:20:27.082,mobile_move_feeder_to_vision_approach,-3.471,308.357,878.631,72.721,-179.989,160.451,-88.02,23.838,-117.747,0.128,-86.08,-0.001,-14.866,4.054,-3.134,0.001,-0.856,0.0,0.403,102.285,85.2,-9.734,-0.832,2.688,61.67,-18.023,13.9,0.0,3.505,0.022,
2025-08-06 06:20:27.182,mobile_move_feeder_to_vision_approach,2.667,304.606,877.676,70.527,-179.989,159.387,-89.182,24.15,-117.998,0.13,-86.152,-0.002,-8.68,2.236,-1.84,0.0,-0.547,0.0,0.775,103.381,85.538,-9.797,-0.811,2.681,55.446,-15.445,11.573,-0.007,3.163,0.0,
2025-08-06 06:20:27.282,mobile_move_feeder_to_vision_approach,5.735,302.654,877.183,69.419,-179.989,158.855,-89.784,24.318,-118.128,0.13,-86.187,-0.002,-3.777,0.965,-0.819,0.0,-0.223,0.0,0.304,105.212,85.481,-9.851,-0.816,2.691,40.314,-10.736,8.71,0.0,2.638,0.0,
2025-08-06 06:20:27.382,mobile_move_feeder_to_vision_approach,6.689,302.035,877.027,69.073,-179.989,158.689,-89.978,24.371,-118.17,0.131,-86.201,-0.002,-0.617,0.089,-0.098,0.0,-0.02,0.0,-1.337,107.628,85.253,-9.919,-0.847,2.7,18.792,-4.8,4.076,0.0,1.11,0.0,
2025-08-06 06:20:27.483,mobile_move_feeder_to_vision_approach,6.752,301.994,877.016,69.05,-179.989,158.678,-89.988,24.372,-118.174,0.131,-86.202,-0.002,0.0,0.0,0.0,0.0,0.0,0.0,-3.219,109.58,85.115,-9.995,-0.86,2.721,3.136,-0.44,0.489,0.0,0.098,0.0,waypoint
2025-08-06 06:20:27.583,mobile_move_feeder_to_vision_approach,6.752,301.994,877.016,69.05,-179.989,158.678,-89.985,24.372,-118.174,0.131,-86.202,-0.002,0.014,0.0,0.0,0.0,0.0,0.0,-3.362,110.593,85.228,-10.039,-0.823,2.746,3.79,0.0,-0.372,0.0,1.239,0.003,
2025-08-06 06:20:27.682,mobile_move_feeder_to_vision_approach,6.572,302.056,876.911,69.033,-179.989,158.661,-89.957,24.372,-118.175,0.131,-86.196,-0.001,0.754,0.0,-0.074,0.0,0.247,0.001,-2.044,110.74,85.243,-10.04,-0.697,2.764,15.361,-0.095,-3.246,0.0,6.385,18.676,
2025-08-06 06:20:27.781,mobile_move_feeder_to_vision_approach,5.477,302.433,876.27,68.931,-179.989,158.559,-89.768,24.374,-118.214,0.131,-86.122,0.175,3.055,-0.019,-0.643,0.0,1.264,3.698,1.692,110.154,84.556,-9.983,-0.284,3.032,28.803,-5.21,-6.426,0.0,11.213,34.543,
2025-08-06 06:20:27.881,mobile_move_feeder_to_vision_approach,2.804,303.354,874.705,68.685,-179.989,158.313,-89.281,24.337,-118.313,0.13,-85.94,0.69,6.486,-1.037,-1.353,0.0,2.478,6.875,4.613,105.839,83.96,-9.935,0.042,3.312,34.816,-10.097,-6.612,0.0,13.256,32.358,
2025-08-06 06:20:27.985,mobile_move_feeder_to_vision_approach,-1.765,304.927,872.031,68.273,-179.989,157.901,-88.44,24.174,-118.484,0.13,-85.621,1.539,10.158,-2.078,-1.992,0.0,3.969,10.299,6.641,99.246,83.752,-9.9,0.262,3.418,32.395,-7.677,-6.036,0.0,12.775,31.311,
2025-08-06 06:20:28.082,mobile_move_feeder_to_vision_approach,-8.136,307.121,868.303,67.716,-179.988,157.344,-87.267,23.932,-118.718,0.13,-85.169,2.706,12.998,-2.58,-2.566,0.0,5.046,13.168,5.817,99.688,83.701,-9.985,0.285,3.481,22.986,-6.378,-4.014,0.0,10.76,20.232,
2025-08-06 06:20:28.183,mobile_move_feeder_to_vision_approach,-15.822,309.768,863.804,67.071,-179.988,156.699,-85.871,23.639,-118.991,0.129,-84.612,4.097,14.709,-3.341,-2.786,0.0,6.099,14.305,4.665,98.937,83.952,-10.085,0.267,3.503,8.403,-4.563,-1.084,0.0,5.792,6.97,
2025-08-06 06:20:28.283,mobile_move_feeder_to_vision_approach,-24.059,312.604,858.984,66.409,-179.988,156.037,-84.393,23.3,-119.275,0.128,-84.002,5.568,14.687,-3.497,-2.784,0.0,6.21,14.569,3.176,99.143,84.433,-10.216,0.229,3.548,-3.03,-1.552,0.644,-0.099,0.869,-1.385,
2025-08-06 06:20:28.382,mobile_move_feeder_to_vision_approach,-32.33,315.453,854.143,65.774,-179.988,155.403,-82.95,22.937,-119.545,0.124,-83.382,7.005,14.106,-3.65,-2.658,-0.02,6.272,14.029,2.379,99.293,84.535,-10.357,0.211,3.583,-3.651,-2.719,1.729,0.0,0.227,-3.852,
2025-08-06 06:20:28.485,mobile_move_feeder_to_vision_approach,-40.602,318.301,849.302,65.167,-179.987,154.796,-81.538,22.555,-119.8,0.122,-82.752,8.411,13.949,-4.046,-2.435,0.0,6.256,13.791,2.78,98.209,84.458,-10.45,0.171,3.596,-2.82,-2.68,1.234,0.098,1.406,-1.089,
2025-08-06 06:20:28.582,mobile_move_feeder_to_vision_approach,-48.873,321.15,844.461,64.587,-179.987,154.215,-80.165,22.157,-120.042,0.12,-82.113,9.784,13.542,-4.186,-2.411,-0.0,6.553,13.811,2.833,98.12,84.262,-10.49,0.13,3.63,-3.546,-0.979,1.032,-0.034,0.543,-3.321,
2025-08-06 06:20:28.682,mobile_move_feeder_to_vision_approach,-57.145,323.998,839.62,64.03,-179.987,153.659,-78.825,21.742,-120.271,0.118,-81.469,11.118,13.251,-4.239,-2.231,-0.007,6.363,13.137,3.078,97.221,84.071,-10.528,0.144,3.651,-3.895,-1.078,1.752,0.001,-0.04,-4.555,
2025-08-06 06:20:28.782,mobile_move_feeder_to_vision_approach,-65.416,326.847,834.779,63.497,-179.986,153.125,-77.522,21.302,-120.487,0.115,-80.816,12.423,12.763,-4.402,-2.061,0.0,6.545,12.9,3.503,95.241,83.935,-10.529,0.123,3.678,-3.493,-2.168,0.878,0.033,0.544,-3.158,
2025-08-06 06:20:28.883,mobile_move_feeder_to_vision_approach,-73.688,329.695,829.938,62.986,-179.986,152.614,-76.255,20.841,-120.692,0.113,-80.157,13.685,12.548,-4.675,-2.055,0.0,6.472,12.502,3.583,94.133,83.787,-10.505,0.118,3.68,-2.748,-1.895,1.155,0.0,1.356,-4.135,
2025-08-06 06:20:28.982,mobile_move_feeder_to_vision_approach,-81.959,332.543,825.097,62.495,-179.986,152.124,-75.019,20.365,-120.88,0.11,-79.495,14.922,12.213,-4.781,-1.83,0.0,6.816,12.073,3.479,93.738,83.737,-10.507,0.096,3.674,-4.162,-1.375,2.125,-0.051,1.111,-2.648,
2025-08-06 06:20:29.083,mobile_move_feeder_to_vision_approach,-90.231,335.392,820.256,62.024,-179.986,151.652,-73.826,19.874,-121.054,0.107,-78.824,16.118,11.716,-4.95,-1.63,-0.01,6.694,11.973,3.601,91.728,83.545,-10.505,0.097,3.681,-3.594,-2.069,1.593,-0.007,-1.22,-2.36,
2025-08-06 06:20:29.182,mobile_move_feeder_to_vision_approach,-98.502,338.24,815.415,61.571,-179.985,151.199,-72.658,19.361,-121.215,0.105,-78.152,17.283,11.495,-5.195,-1.511,-0.001,6.572,11.601,3.855,89.938,83.238,-10.493,0.109,3.676,-3.227,-2.197,0.828,0.013,0.795,-3.204,
2025-08-06 06:20:29.284,mobile_move_feeder_to_vision_approach,-106.774,341.089,810.574,61.135,-179.985,150.764,-71.526,18.832,-121.36,0.102,-77.478,18.412,11.068,-5.392,-1.463,-0.008,6.854,11.329,3.507,90.306,83.015,-10.487,0.055,3.688,-3.115,-1.5,1.075,0.007,1.606,-3.963,
2025-08-06 06:20:29.382,mobile_move_feeder_to_vision_approach,-115.045,343.937,805.733,60.716,-179.985,150.345,-70.431,18.289,-121.492,0.099,-76.797,19.514,10.872,-5.495,-1.296,0.0,6.893,10.809,4.138,87.635,82.694,-10.442,0.057,3.7,-2.744,-2.004,1.631,-0.017,0.394,-3.579,
2025-08-06 06:20:29.482,mobile_move_feeder_to_vision_approach,-123.317,346.786,800.892,60.312,-179.984,149.941,-69.362,17.723,-121.611,0.096,-76.119,20.578,10.524,-5.788,-1.14,-0.011,6.932,10.62,4.106,86.788,82.483,-10.441,0.058,3.705,-3.184,-1.779,1.903,-0.006,-0.988,-3.872,
2025-08-06 06:20:29.584,mobile_move_feeder_to_vision_approach,-131.588,349.634,796.051,59.923,-179.984,149.552,-68.33,17.148,-121.716,0.094,-75.438,21.614,10.228,-5.854,-0.912,-0.001,6.694,10.027,3.825,87.06,82.228,-10.416,0.012,3.707,-3.027,-1.318,1.708,0.054,-1.394,-4.235,
2025-08-06 06:20:29.682,mobile_move_feeder_to_vision_approach,-139.86,352.483,791.21,59.549,-179.984,149.178,-67.326,16.558,-121.805,0.09,-74.756,22.614,9.919,-6.052,-0.799,-0.0,6.653,9.773,4.593,84.257,82.024,-10.378,0.068,3.693,-3.009,-1.063,1.225,0.007,0.264,-2.299,
2025-08-06 06:20:29.782,mobile_move_feeder_to_vision_approach,-148.131,355.331,786.369,59.187,-179.984,148.816,-66.351,15.951,-121.882,0.087,-74.077,23.594,9.633,-6.064,-0.669,0.0,6.746,9.571,4.231,84.765,81.905,-10.356,0.044,3.698,-3.105,-0.726,0.889,-0.032,1.817,-2.707,
2025-08-06 06:20:29.883,mobile_move_feeder_to_vision_approach,-156.403,358.18,781.528,58.838,-179.983,148.467,-65.41,15.337,-121.944,0.084,-73.395,24.535,9.295,-6.198,-0.62,-0.007,7.019,9.229,4.387,82.626,81.568,-10.325,0.059,3.704,-3.103,-1.485,1.132,-0.003,0.288,-1.838,
2025-08-06 06:20:29.982,mobile_move_feeder_to_vision_approach,-164.674,361.028,776.687,58.501,-179.983,148.13,-64.495,14.703,-121.991,0.08,-72.719,25.454,9.012,-6.361,-0.443,-0.001,6.804,9.204,4.888,81.182,81.391,-10.274,0.086,3.708,-2.855,-1.718,1.788,0.031,-2.025,-1.816,
2025-08-06 06:20:30.086,mobile_move_feeder_to_vision_approach,-172.945,363.876,771.846,58.175,-179.983,147.805,-63.604,14.06,-122.025,0.077,-72.044,26.341,8.715,-6.547,-0.257,-0.0,6.608,8.86,4.289,81.81,81.185,-10.264,0.058,3.706,-3.184,-1.322,1.81,-0.08,-0.409,-3.076,
2025-08-06 06:20:30.183,mobile_move_feeder_to_vision_approach,-181.217,366.725,767.005,57.861,-179.982,147.49,-62.745,13.408,-122.044,0.073,-71.369,27.2,8.372,-6.627,-0.079,-0.017,6.722,8.585,5.23,78.551,80.993,-10.209,0.111,3.691,-2.915,-0.712,1.304,0.0,1.224,-3.649,
2025-08-06 06:20:30.283,mobile_move_feeder_to_vision_approach,-189.488,369.573,762.164,57.556,-179.982,147.186,-61.911,12.741,-122.049,0.07,-70.701,28.041,8.141,-6.687,0.0,-0.0,6.849,8.141,4.574,79.846,80.801,-10.176,0.066,3.678,-2.126,-1.404,0.853,0.055,-0.849,-3.37,
2025-08-06 06:20:30.382,mobile_move_feeder_to_vision_approach,-197.76,372.422,757.323,57.262,-179.982,146.891,-61.101,12.068,-122.044,0.067,-70.037,28.848,7.949,-6.907,0.091,-0.006,6.553,7.915,5.242,76.885,80.817,-10.134,0.1,3.687,-1.555,-1.039,1.796,-0.085,-1.648,-1.648,
2025-08-06 06:20:30.482,mobile_move_feeder_to_vision_approach,-206.031,375.27,752.482,56.977,-179.982,146.606,-60.313,11.379,-122.021,0.063,-69.376,29.636,7.831,-6.894,0.357,-0.017,6.521,7.814,5.122,77.417,81.443,-10.106,0.083,3.688,-2.257,-0.009,1.852,-0.016,-0.149,-2.169,
2025-08-06 06:20:30.586,mobile_move_feeder_to_vision_approach,-214.303,378.119,747.641,56.7,-179.981,146.33,-59.553,10.692,-121.978,0.059,-68.725,30.399,7.488,-6.908,0.468,-0.009,6.522,7.472,5.039,75.943,81.717,-10.057,0.078,3.679,-2.04,-1.399,1.445,0.08,-0.65,-2.933,
2025-08-06 06:20:30.683,mobile_move_feeder_to_vision_approach,-222.573,380.967,742.801,56.433,-179.981,146.063,-58.815,9.987,-121.926,0.056,-68.075,31.134,7.421,-7.175,0.648,-0.001,6.39,7.224,5.592,74.733,81.885,-10.004,0.067,3.687,-4.329,1.718,0.902,0.031,-3.976,-4.247,
2025-08-06 06:20:30.782,mobile_move_feeder_to_vision_approach,-230.573,383.721,738.119,56.182,-179.981,145.812,-58.116,9.3,-121.86,0.051,-67.453,31.836,6.64,-6.572,0.645,-0.003,5.743,6.64,4.765,75.175,81.436,-9.966,0.046,3.687,-10.605,8.179,-0.031,-0.038,-7.319,-9.361,
2025-08-06 06:20:30.882,mobile_move_feeder_to_vision_approach,-237.533,386.119,734.045,55.969,-179.98,145.599,-57.518,8.683,-121.79,0.048,-66.914,32.434,5.311,-5.547,0.642,-0.009,4.934,5.361,4.362,75.988,81.247,-9.967,0.034,3.683,-14.485,13.265,-0.676,0.012,-11.503,-15.664,
2025-08-06 06:20:30.984,mobile_move_feeder_to_vision_approach,-242.84,387.946,730.939,55.811,-179.98,145.441,-57.068,8.208,-121.73,0.046,-66.502,32.876,3.714,-3.892,0.509,-0.0,3.42,3.476,3.072,78.398,80.95,-9.949,-0.021,3.684,-16.104,16.234,-1.675,0.043,-14.732,-15.59,
2025-08-06 06:20:31.083,mobile_move_feeder_to_vision_approach,-246.236,389.116,728.951,55.711,-179.98,145.341,-56.785,7.897,-121.691,0.045,-66.239,33.159,2.074,-2.284,0.305,0.0,1.973,2.227,3.212,77.462,80.593,-9.886,-0.018,3.685,-14.792,15.259,-1.938,0.001,-13.254,-13.385,
2025-08-06 06:20:31.183,mobile_move_feeder_to_vision_approach,-247.885,389.683,727.987,55.663,-179.98,145.293,-56.649,7.744,-121.668,0.044,-66.108,33.3,0.77,-0.855,0.123,0.0,0.782,0.812,3.123,77.441,80.484,-9.878,-0.003,3.696,-10.239,11.356,-1.532,0.0,-9.599,-10.577,
2025-08-06 06:20:31.282,mobile_move_feeder_to_vision_approach,-248.326,389.835,727.728,55.65,-179.98,145.28,-56.614,7.706,-121.659,0.044,-66.073,33.334,0.037,-0.024,0.0,0.0,0.062,0.123,3.754,75.671,80.248,-9.822,0.021,3.682,-3.871,4.299,-0.618,0.0,-3.93,-4.07,waypoint
2025-08-06 06:20:31.382,mobile_move_feeder_to_vision_approach,-248.34,389.84,727.72,55.65,-179.98,145.28,-56.613,7.706,-121.659,0.044,-66.071,33.339,0.0,0.0,0.0,0.0,0.0,0.002,4.499,73.632,79.971,-9.755,0.016,3.646,-0.182,0.12,0.0,0.0,-0.31,-0.611,
2025-08-06 06:20:31.583,mobile_move_feeder_to_vision_approach,-248.34,389.84,727.72,55.65,-179.98,145.28,-56.613,7.706,-121.659,0.044,-66.071,33.34,0.0,0.0,0.0,0.0,0.0,0.0,4.186,73.569,79.747,-9.725,-0.083,3.577,0.0,0.0,0.0,0.0,0.0,0.0,
2025-08-06 06:20:31.682,mobile_move_feeder_to_vision_approach,-248.34,389.84,727.72,55.65,-179.98,145.28,-56.613,7.706,-121.66,0.044,-66.071,33.34,0.0,0.0,0.0,0.0,0.0,0.0,4.006,73.818,79.664,-9.716,-0.155,3.565,0.0,0.0,0.0,0.0,0.0,0.0,
2025-08-06 06:20:31.882,mobile_move_feeder_to_vision_approach,-248.34,389.84,727.72,55.65,-179.98,145.28,-56.615,7.707,-121.661,0.044,-66.072,33.339,0.0,0.0,-0.0,0.0,0.0,0.0,3.524,74.566,79.578,-9.729,-0.302,3.555,0.0,0.0,0.0,0.0,0.0,0.0,
2025-08-06 06:20:31.982,mobile_move_feeder_to_vision_approach,-248.34,389.84,727.72,55.65,-179.98,145.28,-56.616,7.708,-121.661,0.044,-66.072,33.339,0.0,0.0,0.0,0.0,0.0,0.0,3.324,75.075,79.521,-9.716,-0.298,3.538,0.0,0.0,0.001,0.0,0.0,0.0,
2025-08-06 06:20:32.082,mobile_move_feeder_to_vision_approach,-248.34,389.84,727.72,55.65,-179.98,145.28,-56.617,7.71,-121.661,0.044,-66.072,33.339,0.0,0.0,0.0,0.0,0.0,0.0,3.103,75.532,79.48,-9.711,-0.316,3.523,0.0,0.01,0.0,0.0,0.0,0.0,
2025-08-06 06:20:32.283,mobile_move_feeder_to_vision_approach,-248.34,389.84,727.72,55.65,-179.98,145.28,-56.619,7.713,-121.662,0.044,-66.073,33.339,0.0,0.0,0.0,0.0,0.0,0.0,2.743,76.392,79.456,-9.694,-0.311,3.521,0.0,-0.01,0.0,0.0,0.0,0.0,
2025-08-06 06:20:32.382,mobile_move_feeder_to_vision_approach,-248.34,389.84,727.72,55.65,-179.98,145.28,-56.62,7.715,-121.662,0.044,-66.073,33.339,0.0,0.0,0.0,0.0,0.0,0.0,2.618,76.627,79.444,-9.691,-0.313,3.521,0.0,0.0,0.0,0.0,0.0,0.0,
2025-08-06 06:20:32.582,mobile_move_feeder_to_vision_approach,-248.34,389.84,727.72,55.65,-179.98,145.28,-56.621,7.719,-121.662,0.044,-66.073,33.339,0.0,0.002,0.0,0.0,0.0,0.0,2.368,77.089,79.443,-9.68,-0.314,3.487,-0.001,0.005,0.0,0.0,0.0,0.0,
2025-08-06 06:20:32.685,mobile_move_feeder_to_vision_approach,-248.338,389.839,727.72,55.651,-179.98,145.281,-56.622,7.72,-121.662,0.044,-66.073,33.339,-0.0,0.001,0.0,0.0,0.0,0.0,2.307,77.191,79.45,-9.679,-0.321,3.488,-0.905,0.599,-0.658,0.0,0.0,-0.023,
2025-08-06 06:20:32.885,mobile_move_feeder_to_vision_approach,-247.617,389.693,727.719,55.811,-179.98,145.44,-56.674,7.747,-121.691,0.044,-66.079,33.306,-0.757,0.398,-0.396,0.0,-0.035,-0.756,0.325,79.139,78.531,-9.675,-0.391,3.383,-6.353,4.111,-3.254,0.0,-0.614,-7.116,
2025-08-06 06:20:32.983,mobile_move_feeder_to_vision_approach,-246.33,389.431,727.719,56.096,-179.98,145.726,-56.783,7.821,-121.747,0.045,-66.092,33.18,-1.463,0.952,-0.788,0.0,-0.124,-1.442,-1.615,81.495,77.749,-9.684,-0.521,3.125,-7.85,5.223,-4.227,0.0,-1.197,-8.843,
2025-08-06 06:20:33.083,mobile_move_feeder_to_vision_approach,-244.173,388.993,727.717,56.571,-179.98,146.201,-56.97,7.938,-121.848,0.045,-66.114,32.986,-2.311,1.432,-1.232,0.0,-0.272,-2.506,-2.547,82.348,77.45,-9.695,-0.584,2.969,-8.572,5.392,-4.194,0.0,-1.256,-8.717,
2025-08-06 06:20:33.185,mobile_move_feeder_to_vision_approach,-241.108,388.369,727.715,57.241,-179.98,146.871,-57.251,8.11,-121.988,0.045,-66.148,32.703,-3.195,2.041,-1.635,0.0,-0.378,-3.203,-3.137,83.933,77.439,-9.667,-0.689,2.882,-8.331,4.478,-3.753,0.0,-0.853,-8.09,
2025-08-06 06:20:33.283,mobile_move_feeder_to_vision_approach,-237.219,387.579,727.712,58.083,-179.98,147.713,-57.609,8.338,-122.166,0.046,-66.188,32.344,-3.977,2.328,-1.983,0.0,-0.443,-4.124,-2.996,83.976,77.578,-9.644,-0.784,2.826,-6.4,2.666,-2.457,0.0,-0.883,-5.775,
2025-08-06 06:20:33.385,mobile_move_feeder_to_vision_approach,-232.709,386.662,727.709,59.046,-179.98,148.676,-58.03,8.591,-122.37,0.047,-66.24,31.924,-4.475,2.574,-2.127,0.0,-0.554,-4.358,-2.516,83.196,77.74,-9.626,-0.852,2.793,-3.473,2.233,-0.851,0.029,-0.574,-3.03,
2025-08-06 06:20:33.482,mobile_move_feeder_to_vision_approach,-227.867,385.677,727.706,60.066,-179.979,149.695,-58.489,8.865,-122.585,0.049,-66.294,31.463,-4.668,2.772,-2.152,0.006,-0.557,-4.728,-2.641,83.952,77.886,-9.586,-0.913,2.771,-1.295,1.647,0.009,0.0,-0.204,-2.211,
2025-08-06 06:20:33.581,mobile_move_feeder_to_vision_approach,-222.969,384.681,727.703,61.08,-179.979,150.709,-58.96,9.138,-122.8,0.054,-66.354,30.99,-4.729,2.897,-2.125,0.0,-0.594,-4.791,-2.024,83.078,78.129,-9.511,-0.936,2.765,-0.673,-0.607,0.042,-0.026,-0.215,0.468,
2025-08-06 06:20:33.681,mobile_move_feeder_to_vision_approach,-218.071,383.685,727.699,62.078,-179.979,151.707,-59.437,9.413,-123.013,0.054,-66.411,30.512,-4.802,2.651,-2.144,0.001,-0.6,-4.634,-2.134,83.589,77.969,-9.493,-0.952,2.757,-0.661,-1.219,0.647,0.0,0.143,0.675,
2025-08-06 06:20:33.782,mobile_move_feeder_to_vision_approach,-213.173,382.689,727.696,63.059,-179.979,152.688,-59.923,9.683,-123.222,0.054,-66.473,30.028,-4.862,2.652,-1.995,0.0,-0.566,-4.656,-2.032,83.465,77.958,-9.498,-0.939,2.734,-0.632,-0.028,0.403,-0.003,-0.288,-1.111,
2025-08-06 06:20:33.883,mobile_move_feeder_to_vision_approach,-208.275,381.693,727.693,64.023,-179.979,153.652,-60.416,9.95,-123.428,0.055,-66.532,29.536,-4.93,2.646,-2.063,0.0,-0.658,-4.859,-2.294,83.974,77.861,-9.471,-0.94,2.716,-0.499,0.26,-0.044,0.0,-0.221,-1.786,
2025-08-06 06:20:33.983,mobile_move_feeder_to_vision_approach,-203.377,380.697,727.689,64.97,-179.978,154.598,-60.917,10.216,-123.632,0.056,-66.595,29.032,-4.962,2.704,-2.004,0.0,-0.61,-5.015,-2.0,84.095,78.157,-9.461,-0.939,2.712,-0.909,-0.127,0.201,0.005,0.061,0.662,
2025-08-06 06:20:34.084,mobile_move_feeder_to_vision_approach,-198.479,379.701,727.686,65.9,-179.978,155.528,-61.424,10.477,-123.833,0.058,-66.661,28.527,-5.113,2.62,-2.022,0.001,-0.646,-4.726,-2.397,84.74,78.255,-9.465,-0.951,2.704,-1.059,-0.115,0.206,0.008,-0.403,-0.838,
2025-08-06 06:20:34.182,mobile_move_feeder_to_vision_approach,-193.581,378.706,727.683,66.812,-179.978,156.44,-61.937,10.738,-124.03,0.06,-66.723,28.015,-5.173,2.682,-1.963,0.002,-0.69,-5.181,-2.201,84.79,78.353,-9.439,-0.933,2.683,-1.053,-0.726,0.701,-0.005,0.105,-2.984,
2025-08-06 06:20:34.282,mobile_move_feeder_to_vision_approach,-188.683,377.71,727.679,67.708,-179.978,157.335,-62.457,10.999,-124.223,0.062,-66.789,27.492,-5.321,2.476,-1.884,0.0,-0.625,-5.317,-2.324,84.863,78.18,-9.424,-0.921,2.656,-0.67,-0.973,0.537,-0.008,0.004,-1.294,
2025-08-06 06:20:34.382,mobile_move_feeder_to_vision_approach,-183.785,376.714,727.676,68.586,-179.978,158.214,-62.988,11.255,-124.412,0.063,-66.856,26.959,-5.307,2.487,-1.855,0.0,-0.69,-5.44,-2.435,85.432,78.19,-9.454,-0.926,2.64,-0.734,-0.444,0.135,0.0,-0.403,-0.54,
2025-08-06 06:20:34.482,mobile_move_feeder_to_vision_approach,-178.887,375.718,727.673,69.447,-179.977,159.075,-63.528,11.508,-124.599,0.064,-66.921,26.417,-5.468,2.388,-1.857,0.0,-0.706,-5.425,-2.565,85.62,78.071,-9.442,-0.922,2.641,-0.805,-0.339,0.101,0.0,0.206,0.137,
2025-08-06 06:20:34.584,mobile_move_feeder_to_vision_approach,-173.989,374.722,727.669,70.292,-179.977,159.919,-64.074,11.758,-124.782,0.065,-66.99,25.876,-5.469,2.418,-1.835,0.0,-0.648,-5.412,-2.578,86.017,78.15,-9.458,-0.916,2.628,-0.462,-0.404,0.461,0.0,0.142,-2.286,
2025-08-06 06:20:34.683,mobile_move_feeder_to_vision_approach,-169.091,373.726,727.666,71.119,-179.977,160.746,-64.627,12.002,-124.963,0.066,-67.06,25.321,-5.561,2.306,-1.764,0.0,-0.677,-5.884,-2.84,86.3,78.217,-9.452,-0.905,2.623,-1.025,0.174,0.477,0.0,-0.357,-0.916,
2025-08-06 06:20:34.782,mobile_move_feeder_to_vision_approach,-164.193,372.73,727.663,71.93,-179.977,161.557,-65.185,12.248,-125.141,0.067,-67.127,24.757,-5.672,2.453,-1.74,0.0,-0.719,-5.594,-2.819,86.595,78.347,-9.43,-0.899,2.613,-0.928,0.185,0.145,0.0,0.053,0.652,
2025-08-06 06:20:34.882,mobile_move_feeder_to_vision_approach,-159.295,371.734,727.659,72.725,-179.976,162.352,-65.756,12.493,-125.315,0.068,-67.198,24.184,-5.745,2.343,-1.735,0.0,-0.667,-5.754,-3.024,86.665,78.414,-9.448,-0.88,2.617,-0.75,-0.076,0.244,0.002,0.187,-1.411,
2025-08-06 06:20:34.982,mobile_move_feeder_to_vision_approach,-154.397,370.738,727.656,73.503,-179.976,163.13,-66.336,12.734,-125.485,0.069,-67.269,23.611,-5.822,2.438,-1.692,0.0,-0.681,-5.876,-3.094,87.175,78.559,-9.447,-0.877,2.603,-0.715,0.332,0.239,0.0,-0.489,-0.443,
2025-08-06 06:20:35.082,mobile_move_feeder_to_vision_approach,-149.499,369.742,727.653,74.266,-179.976,163.892,-66.923,12.973,-125.652,0.07,-67.339,23.023,-5.888,2.41,-1.688,0.0,-0.765,-5.843,-3.188,87.435,78.534,-9.433,-0.878,2.586,-0.859,-0.252,0.365,-0.002,-0.089,-0.504,
2025-08-06 06:20:35.181,mobile_move_feeder_to_vision_approach,-144.601,368.746,727.649,75.012,-179.976,164.638,-67.517,13.206,-125.815,0.071,-67.408,22.426,-5.993,2.388,-1.619,0.0,-0.699,-5.976,-3.318,87.676,78.593,-9.456,-0.862,2.559,-0.788,-0.908,0.509,0.0,0.424,-1.098,
2025-08-06 06:20:35.282,mobile_move_feeder_to_vision_approach,-139.703,367.75,727.646,75.743,-179.975,165.369,-68.117,13.436,-125.975,0.072,-67.481,21.819,-6.046,2.228,-1.586,0.0,-0.68,-6.062,-3.58,88.085,78.463,-9.452,-0.86,2.553,-0.778,-1.026,0.454,0.0,-0.193,-1.166,
2025-08-06 06:20:35.384,mobile_move_feeder_to_vision_approach,-134.805,366.754,727.643,76.459,-179.975,166.085,-68.728,13.66,-126.132,0.073,-67.552,21.211,-6.151,2.179,-1.527,0.0,-0.738,-6.213,-3.498,88.116,78.495,-9.485,-0.863,2.546,-0.748,0.173,0.228,0.0,-0.321,-1.264,
2025-08-06 06:20:35.483,mobile_move_feeder_to_vision_approach,-129.907,365.759,727.639,77.16,-179.975,166.785,-69.349,13.889,-126.285,0.074,-67.622,20.594,-6.196,2.263,-1.54,0.0,-0.744,-6.316,-4.075,89.144,78.455,-9.494,-0.858,2.542,-0.919,0.176,0.173,0.0,0.346,-1.028,
2025-08-06 06:20:35.583,mobile_move_feeder_to_vision_approach,-125.009,364.763,727.636,77.846,-179.975,167.471,-69.979,14.109,-126.435,0.074,-67.693,19.96,-6.334,2.214,-1.493,0.0,-0.669,-6.417,-3.601,88.214,78.692,-9.489,-0.833,2.528,-0.722,-0.976,0.392,0.018,0.158,-1.727,
2025-08-06 06:20:35.683,mobile_move_feeder_to_vision_approach,-120.111,363.767,727.633,78.517,-179.974,168.142,-70.615,14.328,-126.582,0.075,-67.765,19.326,-6.341,2.068,-1.462,0.004,-0.713,-6.662,-4.245,89.661,78.752,-9.497,-0.847,2.529,-0.527,-0.198,0.591,0.011,-0.423,-0.379,
2025-08-06 06:20:35.782,mobile_move_feeder_to_vision_approach,-115.214,362.771,727.629,79.174,-179.974,168.799,-71.258,14.54,-126.726,0.076,-67.836,18.684,-6.439,2.175,-1.375,0.002,-0.753,-6.493,-3.936,89.062,78.917,-9.504,-0.827,2.509,-1.026,-0.133,0.229,-0.018,0.123,1.308,
2025-08-06 06:20:35.882,mobile_move_feeder_to_vision_approach,-110.316,361.775,727.626,79.817,-179.974,169.442,-71.911,14.748,-126.866,0.077,-67.905,18.025,-6.545,2.041,-1.416,0.0,-0.688,-6.401,-4.358,90.118,78.94,-9.507,-0.833,2.499,-0.908,-0.653,0.258,-0.008,0.462,-1.409,
2025-08-06 06:20:35.982,mobile_move_feeder_to_vision_approach,-105.418,360.779,727.623,80.447,-179.974,170.072,-72.575,14.95,-127.0,0.077,-67.977,17.36,-6.621,2.044,-1.323,0.001,-0.661,-6.775,-4.329,90.224,78.912,-9.508,-0.819,2.487,-1.014,-0.381,0.382,0.0,-0.374,-1.763,
2025-08-06 06:20:36.083,mobile_move_feeder_to_vision_approach,-100.52,359.783,727.619,81.063,-179.973,170.688,-73.246,15.147,-127.133,0.078,-68.046,16.693,-6.749,1.965,-1.339,0.0,-0.763,-6.756,-4.381,90.534,78.807,-9.509,-0.804,2.482,-0.556,-0.442,0.32,-0.003,0.009,0.21,
2025-08-06 06:20:36.182,mobile_move_feeder_to_vision_approach,-95.622,358.787,727.616,81.666,-179.973,171.291,-73.922,15.347,-127.26,0.079,-68.113,16.016,-6.732,1.956,-1.259,0.0,-0.659,-6.733,-4.65,91.292,78.887,-9.55,-0.801,2.479,-0.654,-0.148,0.852,0.005,0.555,-1.668,
2025-08-06 06:20:36.283,mobile_move_feeder_to_vision_approach,-90.724,357.791,727.613,82.257,-179.973,171.881,-74.608,15.541,-127.386,0.079,-68.183,15.324,-6.88,1.935,-1.169,0.001,-0.652,-7.089,-4.354,90.813,78.781,-9.54,-0.783,2.474,-1.495,-0.393,0.115,0.0,-0.074,-0.668,
2025-08-06 06:20:36.382,mobile_move_feeder_to_vision_approach,-85.826,356.795,727.609,82.835,-179.972,172.459,-75.305,15.729,-127.506,0.08,-68.251,14.632,-7.031,1.877,-1.236,0.0,-0.674,-6.866,-4.755,91.86,78.801,-9.552,-0.788,2.476,-1.184,-0.993,-0.082,-0.005,-0.104,0.796,
2025-08-06 06:20:36.482,mobile_move_feeder_to_vision_approach,-80.928,355.799,727.606,83.4,-179.972,173.024,-76.011,15.916,-127.624,0.08,-68.315,13.929,-7.115,1.737,-1.185,0.0,-0.673,-6.931,-4.553,91.85,78.719,-9.54,-0.77,2.455,-0.442,-0.779,0.762,0.0,0.248,-1.93,
2025-08-06 06:20:36.582,mobile_move_feeder_to_vision_approach,-76.03,354.803,727.603,83.954,-179.972,173.577,-76.721,16.095,-127.737,0.081,-68.382,13.212,-7.119,1.721,-1.084,0.0,-0.624,-7.252,-4.8,92.376,78.776,-9.55,-0.762,2.453,-0.532,-0.07,0.324,0.0,0.07,-1.35,
2025-08-06 06:20:36.682,mobile_move_feeder_to_vision_approach,-71.132,353.807,727.599,84.496,-179.971,174.119,-77.439,16.271,-127.849,0.081,-68.448,12.492,-7.222,1.723,-1.12,0.0,-0.659,-7.201,-4.761,92.57,78.849,-9.558,-0.753,2.446,-0.571,-0.836,0.237,0.0,-0.018,0.646,
2025-08-06 06:20:36.782,mobile_move_feeder_to_vision_approach,-66.244,352.813,727.596,85.025,-179.971,174.648,-78.168,16.434,-127.955,0.082,-68.509,11.768,-7.233,1.554,-1.036,0.0,-0.628,-7.123,-4.948,92.746,78.949,-9.565,-0.73,2.443,1.676,-1.116,1.084,0.0,0.587,1.767,
2025-08-06 06:20:36.883,mobile_move_feeder_to_vision_approach,-61.548,351.859,727.593,85.523,-179.971,175.146,-78.878,16.591,-128.055,0.082,-68.571,11.056,-6.885,1.499,-0.902,0.0,-0.541,-6.846,-4.663,93.052,79.133,-9.566,-0.717,2.449,6.088,-1.6,1.397,0.0,0.631,6.207,
2025-08-06 06:20:36.982,mobile_move_feeder_to_vision_approach,-57.355,351.006,727.59,85.959,-179.971,175.582,-79.522,16.736,-128.142,0.082,-68.621,10.418,-6.015,1.234,-0.757,0.0,-0.502,-5.882,-4.329,92.473,79.276,-9.583,-0.699,2.464,10.684,-2.337,1.808,0.0,0.892,10.164,
2025-08-06 06:20:37.089,mobile_move_feeder_to_vision_approach,-53.909,350.305,727.588,86.312,-179.97,175.935,-80.057,16.852,-128.211,0.082,-68.665,9.884,-4.684,1.018,-0.53,0.0,-0.357,-4.752,-3.842,92.257,79.438,-9.582,-0.681,2.454,13.174,-3.245,1.667,0.0,1.265,12.245,
2025-08-06 06:20:37.181,mobile_move_feeder_to_vision_approach,-51.35,349.785,727.586,86.571,-179.97,176.193,-80.459,16.929,-128.26,0.082,-68.694,9.483,-3.394,0.588,-0.425,0.0,-0.25,-3.445,-3.507,91.807,79.46,-9.583,-0.656,2.443,13.88,-3.541,1.513,0.0,1.172,13.459,
2025-08-06 06:20:37.283,mobile_move_feeder_to_vision_approach,-49.693,349.448,727.585,86.737,-179.97,176.359,-80.725,16.981,-128.293,0.082,-68.716,9.217,-1.991,0.33,-0.236,0.0,-0.13,-2.141,-3.717,92.783,79.525,-9.6,-0.656,2.448,12.782,-2.818,1.783,0.0,1.098,13.493,
2025-08-06 06:20:37.382,mobile_move_feeder_to_vision_approach,-48.828,349.272,727.584,86.823,-179.97,176.445,-80.865,16.999,-128.31,0.082,-68.728,9.076,-0.825,0.022,-0.067,0.0,-0.029,-0.733,-3.418,92.2,79.576,-9.59,-0.632,2.449,9.029,-1.641,1.188,0.0,0.652,9.454,
2025-08-06 06:20:37.482,mobile_move_feeder_to_vision_approach,-48.532,349.212,727.584,86.852,-179.97,176.475,-80.909,17.002,-128.318,0.082,-68.731,9.033,-0.195,0.004,0.0,0.0,0.0,-0.26,-3.977,93.095,79.618,-9.611,-0.618,2.467,4.124,-0.109,0.335,0.0,0.147,3.664,waypoint
2025-08-06 06:20:37.582,mobile_move_feeder_to_vision_approach,-48.503,349.206,727.584,86.855,-179.97,176.478,-80.917,17.004,-128.318,0.082,-68.731,9.021,0.0,0.0,0.0,0.0,0.0,0.0,-4.018,93.207,79.732,-9.603,-0.568,2.495,0.973,-0.019,0.0,0.0,0.0,1.298,
2025-08-06 06:20:37.682,mobile_move_feeder_to_vision_approach,-48.503,349.206,727.584,86.855,-179.97,176.478,-80.917,17.006,-128.318,0.082,-68.731,9.021,0.0,0.0,0.0,0.0,0.0,0.0,-3.802,93.408,79.841,-9.618,-0.53,2.536,0.0,0.0,0.0,0.0,0.0,0.0,
2025-08-06 06:20:38.082,mobile_move_feeder_to_vision_approach,-48.503,349.206,727.584,86.855,-179.97,176.478,-80.915,17.014,-128.316,0.082,-68.73,9.021,0.001,0.0,0.0,0.0,0.0,0.0,-2.812,93.641,80.068,-9.651,-0.312,2.625,-0.003,0.0,0.0,0.0,0.0,0.0,
2025-08-06 06:20:38.382,mobile_move_feeder_to_vision_approach,-48.503,349.206,727.584,86.855,-179.97,176.478,-80.91,17.018,-128.315,0.082,-68.73,9.021,0.0,0.0,0.0,0.0,0.0,0.0,-1.993,93.417,80.137,-9.642,-0.29,2.671,0.0,0.0,-0.002,0.0,0.0,0.0,
2025-08-06 06:20:38.683,mobile_move_feeder_to_vision_approach,-48.503,349.206,727.584,86.855,-179.97,176.478,-80.907,17.019,-128.315,0.082,-68.73,9.022,0.0,0.0,0.0,0.0,0.0,0.0,-1.55,93.26,80.161,-9.646,-0.283,2.689,-0.033,0.0,0.0,0.0,0.0,0.0,
2025-08-06 06:20:39.083,mobile_move_feeder_to_vision_approach,-48.503,349.206,727.584,86.855,-179.97,176.478,-80.905,17.019,-128.315,0.082,-68.729,9.024,0.0,0.0,0.0,0.0,0.0,0.0,-1.413,92.968,80.161,-9.658,-0.303,2.707,0.0,0.0,0.0,0.0,0.0,0.0,
2025-08-06 06:20:39.383,mobile_move_feeder_to_vision_approach,-48.503,349.206,727.584,86.855,-179.97,176.478,-80.904,17.019,-128.315,0.082,-68.729,9.025,0.0,0.0,0.0,0.0,0.0,0.0,-1.366,92.865,80.126,-9.653,-0.313,2.718,0.0,0.0,0.0,0.0,0.0,0.0,
2025-08-06 06:20:39.682,mobile_move_feeder_to_vision_approach,-48.503,349.206,727.584,86.855,-179.97,176.478,-80.904,17.019,-128.315,0.082,-68.729,9.026,0.0,0.0,0.0,0.0,0.0,0.001,-1.437,92.786,80.136,-9.662,-0.323,2.739,0.0,0.0,0.0,0.0,0.0,-0.001,
2025-08-06 06:20:40.084,mobile_move_feeder_to_vision_approach,-48.503,349.206,727.584,86.855,-179.97,176.478,-80.903,17.019,-128.315,0.082,-68.729,9.028,0.0,0.0,0.0,0.0,0.0,0.0,-1.49,92.735,80.152,-9.655,-0.331,2.756,0.0,0.0,0.0,0.0,0.0,0.0,
2025-08-06 06:20:40.382,mobile_move_feeder_to_vision_approach,-48.503,349.206,727.584,86.855,-179.97,176.478,-80.903,17.019,-128.315,0.082,-68.73,9.028,0.0,0.0,0.0,0.0,0.0,0.0,-1.504,92.641,80.139,-9.677,-0.33,2.755,0.0,0.0,0.0,0.0,0.0,0.0,
2025-08-06 06:20:40.682,mobile_move_feeder_to_vision_approach,-48.503,349.206,727.584,86.855,-179.97,176.478,-80.903,17.019,-128.315,0.082,-68.73,9.028,0.0,0.0,0.0,0.0,0.0,0.0,-1.537,92.541,80.13,-9.677,-0.331,2.753,0.0,0.0,0.0,0.0,0.0,0.0,
2025-08-06 06:20:41.084,mobile_move_feeder_to_vision_approach,-48.071,349.206,727.584,86.836,-179.97,176.459,-80.944,17.019,-128.316,0.082,-68.73,9.019,-1.112,0.0,0.0,0.0,0.0,-0.597,-3.373,92.533,80.105,-9.688,-0.345,2.716,-17.389,0.054,-0.894,0.0,-0.464,-18.861,
2025-08-06 06:20:41.182,mobile_move_feeder_to_vision_approach,-46.529,349.205,727.586,86.767,-179.97,176.389,-81.168,17.02,-128.326,0.082,-68.737,8.753,-3.495,0.011,-0.18,0.0,-0.093,-3.791,-6.434,92.72,79.609,-9.699,-0.526,2.508,-24.947,2.388,-1.362,0.0,-0.528,-25.955,
2025-08-06 06:20:41.282,mobile_move_feeder_to_vision_approach,-43.483,349.203,727.588,86.628,-179.971,176.251,-81.65,17.045,-128.348,0.082,-68.753,8.263,-6.052,0.473,-0.27,0.0,-0.105,-5.736,-7.463,95.635,79.283,-9.723,-0.662,2.442,-22.751,3.558,-0.589,0.0,-0.377,-21.134,
2025-08-06 06:20:41.382,mobile_move_feeder_to_vision_approach,-39.032,349.199,727.591,86.419,-179.971,176.042,-82.364,17.103,-128.377,0.082,-68.771,7.547,-8.045,0.722,-0.297,0.0,-0.169,-8.018,-7.347,96.164,79.223,-9.711,-0.669,2.408,-14.62,0.347,-0.256,0.0,-0.025,-15.384,
2025-08-06 06:20:41.482,mobile_move_feeder_to_vision_approach,-33.723,349.196,727.595,86.16,-179.972,175.783,-83.225,17.169,-128.407,0.082,-68.79,6.685,-8.976,0.542,-0.321,0.0,-0.11,-8.813,-6.522,95.419,79.224,-9.694,-0.644,2.407,-1.799,-1.546,0.187,0.0,0.432,-2.636,
2025-08-06 06:20:41.582,mobile_move_feeder_to_vision_approach,-28.38,349.192,727.599,85.888,-179.972,175.511,-84.106,17.223,-128.435,0.082,-68.807,5.812,-8.405,0.413,-0.26,0.0,-0.082,-8.545,-5.197,94.191,79.424,-9.691,-0.613,2.411,11.618,-1.601,1.135,0.0,0.319,10.158,
2025-08-06 06:20:41.682,mobile_move_feeder_to_vision_approach,-23.835,349.189,727.602,85.648,-179.973,175.27,-84.868,17.252,-128.454,0.082,-68.821,5.063,-6.652,0.222,-0.094,0.0,-0.046,-6.781,-3.875,93.129,79.536,-9.673,-0.568,2.402,21.632,-1.315,1.096,0.0,0.398,23.718,
2025-08-06 06:20:41.783,mobile_move_feeder_to_vision_approach,-20.666,349.186,727.604,85.475,-179.973,175.097,-85.407,17.27,-128.467,0.082,-68.828,4.529,-4.057,0.149,-0.04,0.0,-0.002,-3.778,-3.2,93.231,79.619,-9.656,-0.549,2.388,24.025,-1.08,0.458,0.0,0.228,24.58,
2025-08-06 06:20:41.883,mobile_move_feeder_to_vision_approach,-19.012,349.185,727.605,85.383,-179.973,175.005,-85.695,17.284,-128.472,0.082,-68.83,4.249,-1.823,0.005,-0.002,0.0,0.0,-1.84,-2.967,93.077,79.719,-9.661,-0.518,2.378,18.744,-0.726,0.193,0.0,0.011,17.69,
2025-08-06 06:20:41.988,mobile_move_feeder_to_vision_approach,-18.526,349.185,727.606,85.355,-179.973,174.978,-85.782,17.287,-128.473,0.082,-68.831,4.168,-0.215,0.0,0.0,0.0,0.0,-0.151,-3.192,93.027,79.805,-9.676,-0.479,2.396,9.162,-0.025,0.009,0.0,0.0,9.248,waypoint
2025-08-06 06:20:42.082,mobile_move_feeder_to_vision_approach,-18.505,349.185,727.606,85.354,-179.973,174.977,-85.786,17.287,-128.473,0.081,-68.831,4.16,0.0,0.0,0.0,0.0,0.0,0.0,-3.813,93.404,79.888,-9.714,-0.44,2.436,1.106,0.0,0.0,0.0,0.0,0.781,
2025-08-06 06:20:42.482,mobile_move_feeder_to_vision_approach,-18.505,349.185,727.606,85.354,-179.973,174.977,-85.782,17.287,-128.473,0.081,-68.83,4.159,0.001,-0.0,0.0,0.0,0.0,0.0,-2.459,93.457,80.063,-9.757,-0.333,2.547,0.021,0.0,0.112,0.0,0.0,0.0,
2025-08-06 06:20:42.782,mobile_move_feeder_to_vision_approach,-18.505,349.185,727.606,85.354,-179.973,174.977,-85.774,17.286,-128.472,0.081,-68.83,4.159,0.0,0.0,0.0,0.0,0.0,0.0,-1.412,93.319,80.166,-9.748,-0.246,2.588,0.001,0.003,0.0,0.0,0.0,0.0,
2025-08-06 06:20:43.082,mobile_move_feeder_to_vision_approach,-18.505,349.185,727.606,85.354,-179.973,174.977,-85.769,17.286,-128.472,0.081,-68.83,4.16,0.0,0.0,0.0,0.0,0.0,0.0,-1.015,93.235,80.189,-9.768,-0.207,2.612,0.004,0.0,0.0,0.0,0.0,0.0,
2025-08-06 06:20:43.382,mobile_move_feeder_to_vision_approach,-18.505,349.185,727.606,85.354,-179.973,174.977,-85.767,17.286,-128.471,0.081,-68.83,4.161,0.001,0.0,0.0,0.0,0.0,0.0,-0.899,93.062,80.222,-9.768,-0.204,2.629,-0.01,0.0,0.0,0.0,0.0,0.0,
2025-08-06 06:20:43.683,mobile_move_feeder_to_vision_approach,-18.505,349.185,727.606,85.354,-179.973,174.977,-85.766,17.285,-128.471,0.081,-68.83,4.162,0.0,0.0,0.0,0.0,0.0,0.0,-0.97,92.843,80.234,-9.753,-0.204,2.654,0.0,0.0,0.0,0.0,0.0,0.0,
2025-08-06 06:20:43.982,mobile_move_feeder_to_vision_approach,-18.505,349.185,727.606,85.354,-179.973,174.977,-85.766,17.285,-128.471,0.081,-68.829,4.163,0.0,0.0,0.0,0.0,0.0,0.0,-1.072,92.471,80.232,-9.748,-0.208,2.655,0.0,-0.0,0.0,0.0,0.0,0.0,
2025-08-06 06:20:44.283,mobile_move_feeder_to_vision_approach,-18.505,349.185,727.606,85.354,-179.973,174.977,-85.766,17.284,-128.471,0.081,-68.829,4.164,0.0,0.0,0.0,0.0,0.0,0.0,-1.105,91.94,80.208,-9.767,-0.212,2.674,0.0,0.0,0.0,0.0,0.0,0.0,
2025-08-06 06:20:44.582,mobile_move_feeder_to_vision_approach,-18.505,349.185,727.606,85.354,-179.973,174.977,-85.766,17.283,-128.471,0.081,-68.83,4.165,0.0,0.0,0.0,0.0,0.0,0.0,-1.118,91.505,80.203,-9.752,-0.215,2.674,0.0,0.0,0.0,0.0,0.0,0.0,
2025-08-06 06:20:44.882,mobile_move_feeder_to_vision_approach,-18.505,349.185,727.606,85.354,-179.973,174.977,-85.766,17.282,-128.471,0.081,-68.83,4.165,0.0,0.0,0.0,0.0,0.0,0.0,-1.154,91.083,80.202,-9.76,-0.211,2.691,0.0,-0.006,0.0,0.0,0.0,0.0,
2025-08-06 06:20:45.282,vision_approach_to_detect_and_pose_estimate,-18.397,349.185,727.606,85.349,-179.973,174.971,-85.772,17.28,-128.471,0.081,-68.83,4.165,-0.27,0.0,0.0,0.0,0.0,0.0,-1.456,90.482,80.183,-9.75,-0.228,2.679,-10.0,0.0,-0.007,0.0,0.0,-13.068,
2025-08-06 06:20:45.384,vision_approach_to_detect_and_pose_estimate,-17.536,349.184,727.607,85.303,-179.974,174.926,-85.878,17.279,-128.472,0.081,-68.83,4.06,-2.01,0.0,-0.001,0.0,0.0,-2.627,-4.89,90.837,80.092,-9.781,-0.239,2.537,-22.453,0.0,-0.241,0.0,-0.149,-24.7,
2025-08-06 06:20:45.482,vision_approach_to_detect_and_pose_estimate,-15.322,349.181,727.609,85.184,-179.974,174.806,-86.224,17.28,-128.476,0.081,-68.832,3.688,-4.76,0.0,-0.048,0.0,-0.03,-4.94,-7.217,91.616,79.805,-9.799,-0.351,2.395,-26.117,0.0,-0.292,0.0,-0.158,-23.699,
2025-08-06 06:20:45.582,vision_approach_to_detect_and_pose_estimate,-11.588,349.177,727.613,84.974,-179.975,174.596,-86.829,17.28,-128.488,0.081,-68.841,3.078,-7.181,0.0,-0.059,0.0,-0.031,-7.319,-7.426,91.982,79.44,-9.81,-0.492,2.364,-19.639,0.0,0.14,0.0,0.113,-17.74,
2025-08-06 06:20:45.686,vision_approach_to_detect_and_pose_estimate,-6.652,349.171,727.618,84.68,-179.975,174.303,-87.638,17.281,-128.496,0.081,-68.846,2.27,-8.767,0.0,-0.02,0.0,-0.007,-8.559,-7.112,92.334,79.346,-9.809,-0.511,2.352,-9.244,0.0,0.296,0.0,0.157,-8.307,
2025-08-06 06:20:45.782,vision_approach_to_detect_and_pose_estimate,-1.218,349.165,727.623,84.334,-179.976,173.956,-88.539,17.282,-128.5,0.081,-68.848,1.378,-9.03,0.0,0.0,0.0,0.0,-8.98,-6.073,92.396,79.507,-9.786,-0.519,2.379,5.04,0.0,0.099,0.0,0.034,4.182,
2025-08-06 06:20:45.883,vision_approach_to_detect_and_pose_estimate,3.851,349.159,727.629,83.986,-179.977,173.608,-89.385,17.283,-128.5,0.081,-68.848,0.538,-7.774,0.0,0.0,0.0,0.0,-7.735,-4.904,92.401,79.727,-9.77,-0.471,2.365,16.929,0.0,0.049,0.0,0.002,16.921,
2025-08-06 06:20:45.983,vision_approach_to_detect_and_pose_estimate,7.811,349.154,727.633,83.695,-179.978,173.317,-90.059,17.284,-128.498,0.08,-68.847,-0.127,-5.627,0.0,0.01,0.0,0.0,-5.579,-3.863,92.06,80.027,-9.754,-0.376,2.334,23.974,0.0,0.062,0.0,0.014,23.937,
2025-08-06 06:20:46.083,vision_approach_to_detect_and_pose_estimate,10.27,349.152,727.635,83.506,-179.978,173.128,-90.484,17.285,-128.492,0.08,-68.844,-0.545,-2.979,0.0,0.012,0.0,0.003,-2.948,-3.288,92.014,80.427,-9.762,-0.196,2.338,23.463,0.0,-0.046,0.0,-0.002,23.701,
2025-08-06 06:20:46.182,vision_approach_to_detect_and_pose_estimate,11.317,349.15,727.636,83.423,-179.978,173.045,-90.673,17.285,-128.489,0.08,-68.842,-0.72,-0.958,0.0,0.001,0.0,0.0,-0.863,-3.345,92.105,80.729,-9.778,-0.106,2.347,14.969,0.0,-0.062,0.0,-0.014,14.761,
2025-08-06 06:20:46.282,vision_approach_to_detect_and_pose_estimate,11.492,349.15,727.637,83.409,-179.978,173.031,-90.705,17.286,-128.488,0.08,-68.841,-0.758,-0.0,0.0,0.0,0.0,0.0,-0.01,-3.89,92.704,80.796,-9.794,-0.071,2.36,4.743,0.0,-0.003,0.0,0.0,4.272,waypoint
2025-08-06 06:20:46.384,vision_approach_to_detect_and_pose_estimate,11.492,349.15,727.637,83.409,-179.978,173.031,-90.705,17.287,-128.488,0.08,-68.841,-0.76,0.0,0.0,0.0,0.0,0.0,0.0,-4.049,93.573,80.728,-9.841,-0.07,2.416,0.0,0.0,0.004,0.0,0.0,0.052,
2025-08-06 06:20:46.782,vision_approach_to_detect_and_pose_estimate,11.492,349.15,727.637,83.409,-179.978,173.031,-90.698,17.296,-128.487,0.079,-68.84,-0.759,0.01,0.005,0.0,0.0,0.0,0.0,-2.341,94.519,80.701,-9.853,-0.103,2.508,0.047,0.001,0.0,0.0,0.0,0.0,
2025-08-06 06:20:47.082,vision_approach_to_detect_and_pose_estimate,11.492,349.15,727.637,83.409,-179.978,173.031,-90.69,17.303,-128.487,0.079,-68.84,-0.759,0.001,0.0,0.0,0.0,0.0,0.0,-1.44,94.509,80.689,-9.845,-0.104,2.55,-0.002,0.0,0.0,0.0,0.0,-0.001,
2025-08-06 06:20:47.382,vision_approach_to_detect_and_pose_estimate,11.492,349.15,727.637,83.409,-179.978,173.031,-90.685,17.306,-128.487,0.079,-68.84,-0.757,0.0,0.0,0.0,0.0,0.0,0.0,-1.158,94.425,80.644,-9.86,-0.12,2.563,-0.026,0.0,0.0,0.0,0.0,0.0,
2025-08-06 06:20:47.683,vision_approach_to_detect_and_pose_estimate,11.492,349.15,727.637,83.409,-179.978,173.031,-90.683,17.307,-128.487,0.079,-68.84,-0.755,0.0,0.0,0.0,0.0,0.0,0.0,-1.154,94.248,80.635,-9.847,-0.13,2.595,0.0,0.0,0.0,0.0,0.0,0.0,
2025-08-06 06:20:47.983,vision_approach_to_detect_and_pose_estimate,11.492,349.15,727.637,83.409,-179.978,173.031,-90.683,17.308,-128.487,0.079,-68.84,-0.753,0.0,0.0,0.0,0.0,0.0,0.0,-1.214,94.234,80.637,-9.831,-0.13,2.622,0.0,0.0,0.0,0.0,0.0,0.0,
2025-08-06 06:20:48.282,vision_approach_to_detect_and_pose_estimate,11.492,349.15,727.637,83.409,-179.978,173.031,-90.683,17.308,-128.488,0.079,-68.84,-0.752,0.0,0.0,0.0,0.0,0.0,0.0,-1.238,94.152,80.626,-9.847,-0.128,2.631,0.0,0.0,-0.002,0.0,0.0,0.0,
2025-08-06 06:20:48.582,vision_approach_to_detect_and_pose_estimate,11.492,349.15,727.637,83.409,-179.978,173.031,-90.683,17.308,-128.488,0.079,-68.84,-0.751,0.0,0.0,0.0,0.0,0.0,0.0,-1.285,94.058,80.6,-9.839,-0.135,2.626,0.0,0.0,0.0,0.0,0.0,0.0,
2025-08-06 06:20:48.882,vision_approach_to_detect_and_pose_estimate,11.492,349.15,727.637,83.409,-179.978,173.031,-90.683,17.308,-128.488,0.079,-68.84,-0.751,0.0,0.0,0.0,0.0,0.0,0.0,-1.25,94.022,80.613,-9.839,-0.146,2.635,0.0,0.0,0.0,0.0,0.0,0.0,
2025-08-06 06:20:49.182,vision_approach_to_detect_and_pose_estimate,11.492,349.15,727.637,83.409,-179.978,173.031,-90.683,17.309,-128.488,0.079,-68.84,-0.751,0.0,0.0,0.0,0.0,0.0,0.0,-1.247,93.978,80.61,-9.851,-0.151,2.631,0.0,0.0,0.016,0.0,0.0,0.0,
2025-08-06 06:20:49.582,vision_approach_to_detect_and_pose_estimate,11.858,349.15,727.637,83.402,-179.978,173.024,-90.715,17.309,-128.488,0.079,-68.84,-0.758,-0.883,0.0,0.0,0.0,0.0,-0.442,-2.789,93.936,80.635,-9.855,-0.149,2.6,-16.199,0.0,0.0,0.0,0.0,-17.81,
2025-08-06 06:20:49.683,vision_approach_to_detect_and_pose_estimate,13.29,349.15,727.637,83.375,-179.979,172.997,-90.92,17.308,-128.487,0.079,-68.84,-1.002,-3.256,0.0,0.0,0.0,0.0,-3.58,-6.448,94.017,80.552,-9.891,-0.131,2.387,-25.113,0.0,0.168,0.0,0.1,-25.74,
2025-08-06 06:20:49.783,vision_approach_to_detect_and_pose_estimate,16.212,349.148,727.638,83.318,-179.979,172.94,-91.391,17.308,-128.478,0.079,-68.834,-1.481,-5.93,0.0,0.034,0.0,0.02,-5.616,-7.677,94.024,80.877,-9.897,-0.039,2.323,-23.398,-0.018,0.583,0.0,0.226,-22.467,
2025-08-06 06:20:49.883,vision_approach_to_detect_and_pose_estimate,20.565,349.147,727.64,83.232,-179.979,172.854,-92.096,17.312,-128.465,0.079,-68.824,-2.195,-7.936,-0.004,0.117,0.0,0.045,-8.073,-7.535,93.876,81.308,-9.892,0.028,2.302,-15.731,-0.219,0.9,0.0,0.231,-15.913,
2025-08-06 06:20:49.982,vision_approach_to_detect_and_pose_estimate,25.833,349.145,727.641,83.126,-179.979,172.748,-92.962,17.307,-128.448,0.079,-68.812,-3.055,-9.061,-0.044,0.213,0.0,0.066,-8.783,-6.915,92.799,81.681,-9.879,0.068,2.324,-3.093,-2.183,0.911,0.0,0.402,-3.512,
2025-08-06 06:20:50.082,vision_approach_to_detect_and_pose_estimate,31.205,349.143,727.643,83.014,-179.98,172.636,-93.856,17.284,-128.424,0.079,-68.797,-3.935,-8.551,-0.438,0.298,0.0,0.125,-8.772,-5.512,89.281,81.965,-9.88,0.101,2.332,11.285,-2.965,0.026,0.0,0.082,9.742,
2025-08-06 06:20:50.183,vision_approach_to_detect_and_pose_estimate,35.839,349.142,727.645,82.915,-179.98,172.537,-94.632,17.218,-128.399,0.078,-68.782,-4.706,-6.793,-0.639,0.218,0.0,0.082,-6.825,-4.017,85.771,82.031,-9.864,0.165,2.331,20.798,-0.012,-0.893,-0.001,-0.404,23.236,
2025-08-06 06:20:50.282,vision_approach_to_detect_and_pose_estimate,39.129,349.14,727.646,82.843,-179.98,172.465,-95.187,17.16,-128.379,0.076,-68.769,-5.252,-4.392,-0.44,0.119,-0.0,0.044,-4.125,-3.724,86.053,81.949,-9.879,0.189,2.331,24.298,2.1,-0.897,-0.028,-0.409,25.179,
2025-08-06 06:20:50.383,vision_approach_to_detect_and_pose_estimate,40.897,349.14,727.647,82.804,-179.98,172.426,-95.495,17.129,-128.367,0.074,-68.762,-5.55,-1.933,-0.22,0.039,-0.006,0.001,-1.789,-3.212,85.45,81.944,-9.936,0.215,2.335,20.517,1.964,-0.596,0.001,-0.222,19.217,
2025-08-06 06:20:50.482,vision_approach_to_detect_and_pose_estimate,41.454,349.14,727.647,82.792,-179.98,172.414,-95.596,17.114,-128.363,0.073,-68.76,-5.651,-0.288,-0.048,0.0,0.0,0.0,-0.282,-3.542,85.602,81.724,-9.962,0.211,2.344,9.617,1.039,-0.193,0.028,-0.003,8.899,waypoint
2025-08-06 06:20:50.584,vision_approach_to_detect_and_pose_estimate,41.486,349.14,727.647,82.791,-179.98,172.413,-95.603,17.107,-128.363,0.074,-68.76,-5.658,0.0,-0.011,0.0,0.0,0.0,0.0,-3.951,86.029,81.524,-9.979,0.193,2.402,1.434,0.232,0.0,0.0,0.0,1.401,
2025-08-06 06:20:50.982,vision_approach_to_detect_and_pose_estimate,41.486,349.14,727.647,82.792,-179.98,172.413,-95.598,17.102,-128.363,0.076,-68.761,-5.658,0.0,0.0,0.0,0.0,0.0,0.0,-2.721,86.877,81.219,-9.88,0.12,2.509,0.001,0.0,0.0,0.0,0.0,0.0,
2025-08-06 06:20:51.283,vision_approach_to_detect_and_pose_estimate,41.486,349.14,727.647,82.792,-179.98,172.413,-95.589,17.102,-128.364,0.076,-68.761,-5.657,0.002,0.0,-0.0,0.0,0.0,0.0,-1.518,87.069,81.128,-9.85,0.074,2.563,-0.014,0.0,0.0,0.0,0.0,0.0,
2025-08-06 06:20:51.584,vision_approach_to_detect_and_pose_estimate,41.486,349.14,727.647,82.792,-179.98,172.413,-95.584,17.102,-128.364,0.076,-68.761,-5.656,0.0,0.0,0.0,0.0,0.0,0.0,-1.154,87.242,81.086,-9.847,0.065,2.58,0.0,0.0,0.0,0.0,0.0,0.001,
2025-08-06 06:20:51.882,vision_approach_to_detect_and_pose_estimate,41.486,349.14,727.647,82.792,-179.98,172.413,-95.582,17.102,-128.364,0.076,-68.761,-5.653,0.0,0.0,0.0,0.0,0.0,0.001,-1.11,87.315,81.075,-9.854,0.069,2.61,-0.0,0.0,0.0,0.0,0.0,0.0,
2025-08-06 06:20:52.283,vision_approach_to_detect_and_pose_estimate,41.486,349.14,727.647,82.792,-179.98,172.413,-95.582,17.102,-128.364,0.076,-68.761,-5.65,0.0,0.0,0.0,0.0,0.0,0.0,-1.229,87.353,81.051,-9.855,0.067,2.656,0.0,0.0,0.0,0.0,0.0,0.0,
2025-08-06 06:20:52.585,vision_approach_to_detect_and_pose_estimate,41.486,349.14,727.647,82.792,-179.98,172.413,-95.582,17.102,-128.364,0.076,-68.761,-5.649,0.0,0.0,0.0,0.0,0.0,0.0,-1.29,87.422,81.057,-9.849,0.052,2.648,0.0,0.0,-0.001,0.0,0.0,0.0,
2025-08-06 06:20:52.885,vision_approach_to_detect_and_pose_estimate,41.486,349.14,727.647,82.792,-179.98,172.413,-95.582,17.102,-128.364,0.076,-68.761,-5.649,0.0,0.0,0.0,0.0,0.0,0.0,-1.319,87.502,81.051,-9.871,0.067,2.651,0.0,0.0,0.0,0.0,0.0,0.0,
2025-08-06 06:20:53.182,vision_approach_to_detect_and_pose_estimate,41.486,349.14,727.647,82.792,-179.98,172.413,-95.582,17.102,-128.364,0.076,-68.761,-5.649,0.0,0.0,0.0,0.0,0.0,0.0,-1.344,87.625,81.027,-9.864,0.054,2.651,0.0,0.015,0.0,0.0,0.0,0.0,
2025-08-06 06:20:53.482,vision_approach_to_detect_and_pose_estimate,41.486,349.14,727.647,82.792,-179.98,172.413,-95.582,17.102,-128.364,0.076,-68.761,-5.649,0.0,0.0,0.0,0.0,0.0,0.0,-1.32,87.745,81.031,-9.876,0.069,2.638,0.0,0.0,0.0,0.0,0.0,0.0,
2025-08-06 06:20:53.883,vision_approach_to_detect_and_pose_estimate,42.342,349.14,727.646,82.794,-179.98,172.416,-95.68,17.102,-128.362,0.076,-68.761,-5.73,-1.948,0.0,0.009,0.0,0.0,-2.48,-4.86,88.091,81.022,-9.903,0.089,2.497,-21.533,-0.328,0.973,0.0,0.44,-22.276,
2025-08-06 06:20:53.985,vision_approach_to_detect_and_pose_estimate,44.435,349.142,727.645,82.8,-179.98,172.422,-96.005,17.1,-128.347,0.076,-68.749,-6.082,-4.53,-0.066,0.197,0.0,0.089,-4.5,-7.301,88.308,81.465,-9.947,0.22,2.339,-24.494,-2.517,1.56,0.0,0.866,-23.215,
2025-08-06 06:20:54.083,vision_approach_to_detect_and_pose_estimate,48.053,349.144,727.642,82.811,-179.979,172.433,-96.584,17.065,-128.32,0.076,-68.732,-6.669,-6.847,-0.503,0.321,0.0,0.173,-7.123,-7.313,86.137,81.771,-9.942,0.324,2.302,-20.345,-3.75,1.157,0.0,0.8,-19.51,
2025-08-06 06:20:54.182,vision_approach_to_detect_and_pose_estimate,52.914,349.148,727.639,82.824,-179.979,172.446,-97.366,16.999,-128.283,0.076,-68.709,-7.451,-8.538,-0.805,0.425,0.0,0.247,-8.343,-7.152,85.753,81.812,-9.919,0.369,2.293,-9.83,-1.97,0.952,0.0,0.592,-7.569,
2025-08-06 06:20:54.282,vision_approach_to_detect_and_pose_estimate,58.339,349.152,727.635,82.838,-179.978,172.46,-98.243,16.917,-128.235,0.076,-68.682,-8.319,-8.803,-0.896,0.51,0.0,0.291,-8.63,-6.11,85.044,81.953,-9.909,0.429,2.291,4.269,-0.288,0.19,-0.015,0.345,2.454,
2025-08-06 06:20:54.383,vision_approach_to_detect_and_pose_estimate,63.468,349.156,727.631,82.851,-179.978,172.473,-99.08,16.83,-128.189,0.075,-68.652,-9.151,-7.68,-0.863,0.463,-0.003,0.316,-7.85,-5.033,84.297,81.879,-9.906,0.47,2.312,16.273,1.039,-0.631,0.0,-0.203,15.917,
2025-08-06 06:20:54.483,vision_approach_to_detect_and_pose_estimate,67.537,349.159,727.628,82.86,-179.977,172.482,-99.749,16.757,-128.145,0.074,-68.624,-9.811,-5.532,-0.687,0.383,0.0,0.25,-5.43,-3.988,84.258,81.918,-9.906,0.466,2.325,22.969,2.297,-1.257,0.015,-1.223,24.246,
2025-08-06 06:20:54.583,vision_approach_to_detect_and_pose_estimate,70.119,349.161,727.626,82.866,-179.977,172.488,-100.179,16.704,-128.117,0.072,-68.605,-10.234,-3.086,-0.404,0.211,0.0,0.071,-3.001,-3.322,83.962,81.872,-9.95,0.453,2.33,22.542,2.558,-1.727,0.0,-1.21,23.139,
2025-08-06 06:20:54.683,vision_approach_to_detect_and_pose_estimate,71.264,349.161,727.625,82.869,-179.977,172.491,-100.375,16.674,-128.102,0.072,-68.597,-10.425,-1.024,-0.175,0.038,0.0,0.008,-0.803,-3.44,84.396,81.784,-9.974,0.434,2.338,15.39,2.018,-1.056,0.0,-0.356,14.964,
2025-08-06 06:20:54.783,vision_approach_to_detect_and_pose_estimate,71.481,349.162,727.625,82.869,-179.977,172.491,-100.41,16.665,-128.098,0.072,-68.596,-10.458,-0.008,0.0,0.0,0.0,0.0,-0.008,-3.777,84.771,81.619,-9.99,0.397,2.359,5.144,0.88,-0.191,0.0,-0.04,4.033,waypoint
2025-08-06 06:20:54.882,vision_approach_to_detect_and_pose_estimate,71.482,349.162,727.625,82.869,-179.977,172.491,-100.41,16.664,-128.098,0.072,-68.596,-10.461,0.0,0.0,0.0,0.0,0.0,0.0,-4.186,85.836,81.387,-10.015,0.357,2.394,0.043,0.0,0.0,0.0,0.0,0.041,
2025-08-06 06:20:55.284,vision_approach_to_detect_and_pose_estimate,71.482,349.162,727.625,82.87,-179.977,172.492,-100.406,16.664,-128.1,0.072,-68.597,-10.462,0.008,0.0,-0.001,0.0,0.0,0.0,-2.722,86.473,81.077,-10.014,0.283,2.467,0.009,0.0,0.0,0.0,0.0,0.0,
2025-08-06 06:20:55.584,vision_approach_to_detect_and_pose_estimate,71.482,349.162,727.625,82.87,-179.977,172.492,-100.399,16.664,-128.101,0.072,-68.597,-10.462,0.0,0.0,0.0,0.0,0.0,0.0,-1.736,86.665,80.986,-9.998,0.256,2.482,0.0,0.0,0.004,0.0,0.0,0.0,
2025-08-06 06:20:55.882,vision_approach_to_detect_and_pose_estimate,71.482,349.162,727.625,82.87,-179.977,172.492,-100.395,16.665,-128.101,0.072,-68.598,-10.462,0.0,0.0,0.0,0.0,0.0,0.0,-1.42,87.042,80.961,-9.975,0.256,2.521,0.0,0.0,0.0,0.0,0.0,0.0,
2025-08-06 06:20:56.182,vision_approach_to_detect_and_pose_estimate,71.482,349.162,727.625,82.87,-179.977,172.492,-100.393,16.666,-128.101,0.072,-68.598,-10.461,0.0,0.0,0.0,0.0,0.0,0.0,-1.383,87.508,80.943,-9.982,0.234,2.537,0.0,0.0,0.01,0.0,0.0,0.0,
2025-08-06 06:20:56.483,vision_approach_to_detect_and_pose_estimate,71.482,349.162,727.625,82.87,-179.977,172.492,-100.393,16.667,-128.101,0.072,-68.598,-10.461,0.0,0.0,0.0,0.0,0.0,0.0,-1.42,87.961,80.957,-9.986,0.258,2.546,0.0,0.009,0.0,0.0,0.0,0.0,
2025-08-06 06:20:56.782,vision_approach_to_detect_and_pose_estimate,71.482,349.162,727.625,82.87,-179.977,172.492,-100.392,16.669,-128.101,0.072,-68.598,-10.461,0.0,0.0,0.0,0.0,0.0,0.0,-1.452,88.382,80.951,-9.97,0.268,2.551,0.0,0.0,0.0,0.0,0.0,0.0,
2025-08-06 06:20:57.083,vision_approach_to_detect_and_pose_estimate,71.482,349.162,727.625,82.87,-179.977,172.492,-100.392,16.67,-128.101,0.072,-68.598,-10.46,0.0,0.0,0.0,0.0,0.0,0.0,-1.497,88.691,80.939,-9.969,0.254,2.555,-0.0,-0.002,0.0,0.0,0.0,0.0,
2025-08-06 06:20:57.382,vision_approach_to_detect_and_pose_estimate,71.482,349.162,727.625,82.87,-179.977,172.492,-100.392,16.672,-128.101,0.072,-68.598,-10.46,0.0,0.0,0.0,0.0,0.0,0.0,-1.545,88.924,80.941,-9.964,0.258,2.568,0.0,0.0,0.0,0.0,0.0,0.0,
2025-08-06 06:20:57.682,vision_approach_to_detect_and_pose_estimate,71.482,349.162,727.625,82.87,-179.977,172.492,-100.392,16.673,-128.101,0.072,-68.598,-10.459,0.0,0.0,0.0,0.0,0.0,0.0,-1.56,89.12,80.937,-9.962,0.261,2.584,0.0,0.001,0.0,0.0,0.0,0.0,
2025-08-06 06:20:58.082,vision_approach_to_detect_and_pose_estimate,71.596,349.237,727.579,82.405,-179.969,173.006,-100.398,16.674,-128.101,0.072,-68.598,-9.521,-0.002,0.0,0.0,0.0,0.0,6.431,-2.153,89.238,80.94,-9.974,0.239,3.001,-0.001,0.0,0.0,0.0,0.0,-0.007,
2025-08-06 06:20:58.183,vision_approach_to_detect_and_pose_estimate,71.6,349.239,727.578,82.388,-179.969,173.024,-100.398,16.674,-128.1,0.072,-68.597,-9.455,-0.0,0.0,0.0,0.0,0.0,0.0,-2.689,89.051,81.06,-9.987,0.261,3.051,0.01,0.0,0.0,0.0,0.0,-31.996,waypoint
2025-08-06 06:20:58.283,vision_approach_to_detect_and_pose_estimate,71.6,349.239,727.578,82.388,-179.969,173.024,-100.399,16.674,-128.1,0.072,-68.597,-9.455,0.0,0.0,0.0,0.0,0.0,0.0,-2.946,88.91,81.058,-9.981,0.275,3.033,0.001,0.0,0.0,0.0,0.0,0.0,
2025-08-06 06:20:58.482,vision_approach_to_detect_and_pose_estimate,71.6,349.239,727.578,82.388,-179.969,173.024,-100.403,16.674,-128.099,0.072,-68.597,-9.455,0.0,0.0,0.0,0.0,0.0,0.0,-3.51,88.854,81.122,-9.981,0.284,3.012,-0.004,0.0,0.0,0.0,0.0,0.0,
2025-08-06 06:20:58.582,vision_approach_to_detect_and_pose_estimate,71.6,349.239,727.578,82.388,-179.969,173.024,-100.405,16.674,-128.099,0.072,-68.597,-9.455,-0.001,0.0,0.0,0.0,0.0,0.0,-3.694,88.827,81.155,-9.981,0.294,2.994,0.0,0.0,0.0,0.0,0.0,0.0,
2025-08-06 06:20:58.683,vision_approach_to_detect_and_pose_estimate,71.6,349.239,727.578,82.388,-179.969,173.024,-100.406,16.674,-128.099,0.072,-68.597,-9.455,0.0,0.0,0.0,0.0,0.0,0.0,-3.866,88.798,81.162,-9.989,0.301,2.988,-0.002,0.0,0.0,0.0,0.0,0.0,
2025-08-06 06:20:58.782,vision_approach_to_detect_and_pose_estimate,71.6,349.239,727.578,82.388,-179.969,173.024,-100.408,16.674,-128.098,0.072,-68.596,-9.456,-0.001,0.0,0.0,0.0,0.0,0.0,-3.929,88.73,81.158,-9.981,0.303,2.983,0.0,0.0,0.0,0.0,0.0,0.0,
2025-08-06 06:20:58.883,vision_approach_to_detect_and_pose_estimate,71.6,349.239,727.578,82.388,-179.969,173.024,-100.409,16.674,-128.098,0.072,-68.596,-9.456,0.0,0.0,0.0,0.0,0.0,0.0,-3.984,88.674,81.177,-9.979,0.311,2.979,0.007,0.0,0.0,0.0,0.0,0.0,
2025-08-06 06:20:58.983,vision_approach_to_detect_and_pose_estimate,71.6,349.239,727.578,82.388,-179.969,173.024,-100.409,16.674,-128.098,0.072,-68.596,-9.456,0.0,0.0,0.0,0.0,0.0,0.0,-4.03,88.598,81.156,-9.982,0.311,2.963,0.0,0.0,0.0,0.0,0.0,0.0,
2025-08-06 06:20:59.083,vision_approach_to_detect_and_pose_estimate,71.6,349.239,727.578,82.388,-179.969,173.024,-100.41,16.674,-128.098,0.072,-68.596,-9.457,0.0,0.0,0.0,0.0,0.0,0.0,-4.049,88.517,81.147,-9.993,0.315,2.961,0.0,0.0,0.0,0.0,0.0,0.0,
2025-08-06 06:20:59.182,vision_approach_to_detect_and_pose_estimate,71.6,349.239,727.578,82.388,-179.969,173.024,-100.41,16.674,-128.098,0.072,-68.596,-9.457,0.0,0.0,0.0,0.0,0.0,0.0,-4.035,88.402,81.112,-9.975,0.321,2.952,-0.033,0.0,0.0,0.0,0.0,0.0,
2025-08-06 06:20:59.283,vision_approach_to_detect_and_pose_estimate,71.612,349.239,727.578,82.388,-179.969,173.024,-100.411,16.673,-128.098,0.072,-68.596,-9.458,-0.007,0.0,0.0,0.0,0.0,0.0,-4.061,88.291,81.103,-9.992,0.311,2.942,-1.992,0.0,0.006,0.0,0.0,-1.992,
2025-08-06 06:20:59.382,vision_approach_to_detect_and_pose_estimate,71.77,349.24,727.578,82.388,-179.969,173.024,-100.43,16.673,-128.098,0.072,-68.596,-9.471,-0.398,0.0,0.001,0.0,0.0,-0.398,-4.798,88.217,81.1,-9.994,0.313,2.899,-4.965,-0.048,0.255,0.0,0.145,-5.005,
2025-08-06 06:20:59.485,vision_approach_to_detect_and_pose_estimate,72.257,349.243,727.578,82.388,-179.969,173.024,-100.501,16.671,-128.09,0.072,-68.592,-9.551,-1.01,-0.01,0.052,0.0,0.029,-1.011,-5.63,87.97,81.383,-10.008,0.351,2.672,-6.603,-0.678,0.675,0.0,0.081,-5.764,
2025-08-06 06:20:59.582,vision_approach_to_detect_and_pose_estimate,73.185,349.249,727.578,82.388,-179.969,173.024,-100.64,16.661,-128.078,0.072,-68.584,-9.694,-1.719,-0.136,0.136,0.0,0.016,-1.551,-5.931,86.73,81.625,-10.017,0.409,2.497,-7.766,-1.489,0.299,0.0,-0.022,-7.8,
2025-08-06 06:20:59.685,vision_approach_to_detect_and_pose_estimate,74.569,349.258,727.578,82.388,-179.969,173.024,-100.856,16.638,-128.062,0.072,-68.574,-9.917,-2.563,-0.307,0.111,0.0,0.025,-2.571,-5.991,85.336,81.72,-9.997,0.431,2.395,-6.281,-1.779,0.285,0.0,0.256,-7.141,
2025-08-06 06:20:59.782,vision_approach_to_detect_and_pose_estimate,76.325,349.269,727.578,82.388,-179.969,173.024,-101.136,16.598,-128.043,0.072,-68.561,-10.191,-2.975,-0.492,0.193,0.0,0.067,-2.979,-5.831,84.751,81.731,-10.001,0.449,2.349,-3.212,-0.637,0.763,-0.004,0.339,-2.027,
2025-08-06 06:20:59.882,vision_approach_to_detect_and_pose_estimate,78.29,349.281,727.578,82.388,-179.969,173.024,-101.445,16.549,-128.021,0.071,-68.546,-10.494,-3.196,-0.433,0.262,-0.001,0.092,-2.97,-5.563,84.742,81.815,-10.005,0.454,2.319,-1.171,0.115,0.397,0.0,0.074,-0.508,
2025-08-06 06:20:59.982,vision_approach_to_detect_and_pose_estimate,80.289,349.293,727.578,82.388,-179.969,173.024,-101.761,16.502,-127.994,0.071,-68.53,-10.812,-3.21,-0.469,0.273,0.0,0.082,-3.081,-5.501,84.667,81.814,-10.023,0.466,2.303,0.752,0.128,-0.061,0.004,0.067,-1.36,
2025-08-06 06:21:00.084,vision_approach_to_detect_and_pose_estimate,82.289,349.306,727.578,82.388,-179.969,173.024,-102.074,16.461,-127.968,0.07,-68.514,-11.125,-3.044,-0.407,0.249,0.0,0.105,-3.245,-5.365,84.809,81.801,-10.045,0.468,2.303,0.561,-0.054,0.026,-0.001,0.028,-0.261,
2025-08-06 06:21:00.182,vision_approach_to_detect_and_pose_estimate,84.289,349.318,727.578,82.388,-179.969,173.024,-102.386,16.416,-127.943,0.07,-68.499,-11.439,-3.097,-0.479,0.278,-0.0,0.088,-3.133,-5.331,84.343,81.751,-10.044,0.479,2.309,-0.352,0.097,0.124,-0.007,-0.086,0.116,
2025-08-06 06:21:00.283,vision_approach_to_detect_and_pose_estimate,86.289,349.331,727.578,82.388,-179.969,173.024,-102.696,16.373,-127.915,0.069,-68.484,-11.749,-3.114,-0.388,0.274,-0.001,0.088,-3.222,-5.391,84.75,81.775,-10.066,0.468,2.308,-0.187,0.139,-0.013,0.001,0.03,-0.189,
2025-08-06 06:21:00.382,vision_approach_to_detect_and_pose_estimate,88.289,349.343,727.578,82.388,-179.969,173.024,-103.009,16.328,-127.887,0.069,-68.468,-12.054,-3.135,-0.452,0.275,0.0,0.094,-3.171,-5.256,84.381,81.687,-10.06,0.466,2.306,0.408,-0.091,-0.058,0.007,0.17,0.665,
2025-08-06 06:21:00.483,vision_approach_to_detect_and_pose_estimate,90.289,349.355,727.578,82.388,-179.969,173.024,-103.317,16.288,-127.861,0.068,-68.451,-12.364,-3.032,-0.406,0.262,0.0,0.122,-3.089,-5.388,84.775,81.676,-10.066,0.475,2.307,0.294,-0.1,0.19,0.0,0.191,0.31,
2025-08-06 06:21:00.583,vision_approach_to_detect_and_pose_estimate,92.288,349.368,727.578,82.388,-179.969,173.024,-103.625,16.241,-127.831,0.068,-68.433,-12.675,-3.076,-0.472,0.314,0.0,0.132,-3.109,-5.123,84.21,81.711,-10.047,0.492,2.307,-0.191,-0.629,0.164,-0.001,0.11,0.829,
2025-08-06 06:21:00.683,vision_approach_to_detect_and_pose_estimate,94.288,349.38,727.578,82.388,-179.969,173.024,-103.93,16.193,-127.801,0.067,-68.415,-12.98,-3.071,-0.532,0.295,-0.0,0.144,-2.923,-5.294,84.559,81.629,-10.052,0.494,2.305,0.38,0.146,-0.048,0.0,-0.154,-0.686,
2025-08-06 06:21:00.782,vision_approach_to_detect_and_pose_estimate,96.288,349.393,727.578,82.388,-179.969,173.024,-104.237,16.142,-127.772,0.067,-68.399,-13.288,-3.0,-0.443,0.304,0.0,0.102,-3.245,-5.095,84.316,81.667,-10.05,0.499,2.297,-0.127,-0.149,0.091,-0.007,-0.098,0.078,
2025-08-06 06:21:00.883,vision_approach_to_detect_and_pose_estimate,98.288,349.405,727.578,82.388,-179.969,173.024,-104.543,16.092,-127.739,0.066,-68.381,-13.592,-3.096,-0.562,0.313,-0.002,0.124,-2.908,-5.329,84.454,81.585,-10.05,0.484,2.29,-0.192,-0.208,-0.114,0.0,0.127,0.233,
2025-08-06 06:21:00.983,vision_approach_to_detect_and_pose_estimate,100.288,349.418,727.578,82.388,-179.969,173.024,-104.85,16.042,-127.709,0.066,-68.363,-13.899,-3.039,-0.485,0.281,0.0,0.127,-3.199,-5.118,84.273,81.556,-10.069,0.494,2.286,0.598,0.254,0.153,0.008,0.128,1.024,
2025-08-06 06:21:01.084,vision_approach_to_detect_and_pose_estimate,102.288,349.43,727.578,82.388,-179.969,173.024,-105.153,15.991,-127.679,0.065,-68.345,-14.203,-2.976,-0.51,0.344,0.0,0.15,-2.702,-5.139,84.248,81.54,-10.074,0.499,2.29,-0.247,-0.167,0.321,0.0,-0.111,0.937,
2025-08-06 06:21:01.183,vision_approach_to_detect_and_pose_estimate,104.288,349.442,727.578,82.388,-179.969,173.024,-105.456,15.943,-127.645,0.065,-68.325,-14.505,-3.088,-0.518,0.345,0.0,0.105,-3.011,-5.143,84.227,81.549,-10.063,0.506,2.287,-0.359,0.182,-0.105,0.0,0.007,-1.511,
2025-08-06 06:21:01.284,vision_approach_to_detect_and_pose_estimate,106.287,349.455,727.578,82.388,-179.969,173.024,-105.759,15.891,-127.613,0.064,-68.307,-14.807,-3.048,-0.474,0.323,0.0,0.152,-3.004,-5.02,83.984,81.543,-10.061,0.487,2.295,0.534,-0.126,0.023,-0.001,0.127,-0.228,
2025-08-06 06:21:01.383,vision_approach_to_detect_and_pose_estimate,108.287,349.467,727.578,82.388,-179.969,173.024,-106.06,15.84,-127.578,0.064,-68.289,-15.103,-2.981,-0.543,0.35,-0.0,0.13,-3.057,-5.123,84.064,81.522,-10.077,0.492,2.296,0.158,-0.061,-0.062,0.0,-0.054,-1.038,
2025-08-06 06:21:01.483,vision_approach_to_detect_and_pose_estimate,110.287,349.48,727.578,82.388,-179.969,173.024,-106.359,15.79,-127.544,0.063,-68.27,-15.407,-3.016,-0.486,0.311,0.0,0.141,-3.211,-5.008,84.022,81.505,-10.067,0.49,2.298,0.025,-0.071,0.078,0.001,0.341,1.803,
2025-08-06 06:21:01.582,vision_approach_to_detect_and_pose_estimate,112.287,349.492,727.578,82.388,-179.969,173.024,-106.658,15.734,-127.51,0.063,-68.251,-15.707,-2.976,-0.557,0.366,0.0,0.198,-2.698,-4.919,83.663,81.518,-10.08,0.497,2.299,0.028,-0.713,0.218,0.0,0.305,0.815,
2025-08-06 06:21:01.685,vision_approach_to_detect_and_pose_estimate,114.287,349.505,727.578,82.388,-179.969,173.024,-106.956,15.676,-127.473,0.062,-68.229,-16.004,-3.01,-0.63,0.355,0.0,0.203,-3.046,-4.852,83.801,81.497,-10.064,0.499,2.293,0.207,0.051,-0.054,-0.009,0.149,-1.215,
2025-08-06 06:21:01.782,vision_approach_to_detect_and_pose_estimate,116.287,349.517,727.578,82.388,-179.969,173.024,-107.252,15.62,-127.439,0.062,-68.209,-16.305,-2.935,-0.547,0.355,-0.002,0.228,-2.941,-4.76,83.862,81.532,-10.08,0.504,2.287,0.187,0.225,0.013,0.0,-0.422,0.341,
2025-08-06 06:21:01.887,vision_approach_to_detect_and_pose_estimate,118.286,349.529,727.578,82.388,-179.969,173.024,-107.549,15.56,-127.401,0.061,-68.19,-16.594,-2.973,-0.585,0.358,0.0,0.117,-2.977,-4.751,83.462,81.511,-10.083,0.518,2.283,0.03,-0.258,-0.109,0.009,-0.091,-0.646,
2025-08-06 06:21:01.982,vision_approach_to_detect_and_pose_estimate,120.286,349.542,727.578,82.388,-179.969,173.024,-107.845,15.502,-127.366,0.061,-68.17,-16.89,-2.929,-0.599,0.333,0.0,0.209,-3.07,-4.89,83.72,81.414,-10.063,0.514,2.287,0.198,0.008,0.354,0.0,0.536,0.859,
2025-08-06 06:21:02.084,vision_approach_to_detect_and_pose_estimate,122.286,349.554,727.578,82.388,-179.969,173.024,-108.139,15.446,-127.326,0.06,-68.149,-17.186,-2.934,-0.583,0.427,0.0,0.223,-2.808,-4.719,83.585,81.533,-10.086,0.526,2.281,-0.379,0.135,0.168,0.0,0.091,1.51,
2025-08-06 06:21:02.182,vision_approach_to_detect_and_pose_estimate,124.286,349.567,727.578,82.388,-179.969,173.024,-108.432,15.386,-127.288,0.06,-68.127,-17.478,-3.005,-0.572,0.367,0.0,0.228,-2.768,-4.819,83.282,81.452,-10.082,0.531,2.275,0.205,-0.111,-0.083,0.0,-0.547,-1.456,
2025-08-06 06:21:02.282,vision_approach_to_detect_and_pose_estimate,126.286,349.579,727.578,82.388,-179.969,173.024,-108.725,15.325,-127.248,0.06,-68.106,-17.77,-2.893,-0.605,0.411,0.0,0.115,-3.096,-4.859,83.293,81.454,-10.085,0.536,2.276,0.44,-0.227,-0.05,0.0,-0.056,-0.397,
2025-08-06 06:21:02.382,vision_approach_to_detect_and_pose_estimate,128.286,349.591,727.578,82.388,-179.969,173.024,-109.016,15.269,-127.209,0.059,-68.086,-18.062,-2.917,-0.617,0.356,0.0,0.216,-2.848,-4.926,83.454,81.36,-10.085,0.536,2.288,0.257,-0.184,0.21,0.0,0.428,1.418,
2025-08-06 06:21:02.483,vision_approach_to_detect_and_pose_estimate,130.285,349.604,727.578,82.388,-179.969,173.024,-109.306,15.206,-127.171,0.059,-68.065,-18.35,-2.841,-0.642,0.453,0.0,0.201,-2.811,-4.796,82.956,81.477,-10.083,0.552,2.282,0.084,0.074,0.242,0.0,0.156,-0.981,
2025-08-06 06:21:02.582,vision_approach_to_detect_and_pose_estimate,132.285,349.616,727.578,82.388,-179.969,173.024,-109.593,15.139,-127.128,0.058,-68.043,-18.644,-2.9,-0.602,0.405,0.0,0.248,-3.044,-4.906,83.097,81.424,-10.086,0.544,2.283,0.244,-0.101,-0.048,0.0,0.079,-0.184,
2025-08-06 06:21:02.683,vision_approach_to_detect_and_pose_estimate,134.285,349.629,727.578,82.388,-179.969,173.024,-109.881,15.072,-127.087,0.058,-68.02,-18.93,-2.793,-0.662,0.443,0.0,0.216,-2.848,-4.839,82.947,81.467,-10.08,0.549,2.287,0.205,-0.44,-0.144,0.0,-0.162,2.163,
2025-08-06 06:21:02.782,vision_approach_to_detect_and_pose_estimate,136.285,349.641,727.578,82.388,-179.969,173.024,-110.166,15.008,-127.044,0.057,-67.998,-19.214,-2.859,-0.69,0.376,0.0,0.215,-2.611,-4.896,83.127,81.392,-10.072,0.548,2.291,-0.485,0.266,0.135,0.0,0.029,0.382,
2025-08-06 06:21:02.883,vision_approach_to_detect_and_pose_estimate,138.285,349.654,727.578,82.388,-179.969,173.024,-110.452,14.949,-127.003,0.057,-67.977,-19.495,-2.89,-0.609,0.471,0.0,0.222,-2.772,-4.837,83.11,81.554,-10.093,0.557,2.3,0.058,0.418,0.128,0.0,0.063,-1.203,
2025-08-06 06:21:02.984,vision_approach_to_detect_and_pose_estimate,140.285,349.666,727.578,82.388,-179.969,173.024,-110.739,14.883,-126.96,0.056,-67.955,-19.784,-2.847,-0.606,0.402,0.0,0.228,-2.854,-4.835,82.741,81.499,-10.07,0.561,2.304,0.159,0.041,-0.013,0.0,0.032,-0.414,
2025-08-06 06:21:03.083,vision_approach_to_detect_and_pose_estimate,142.284,349.678,727.578,82.388,-179.969,173.024,-111.023,14.819,-126.916,0.055,-67.931,-20.068,-2.858,-0.601,0.468,0.0,0.229,-2.855,-4.841,82.876,81.618,-10.072,0.581,2.31,0.174,-0.454,0.024,0.0,-0.515,0.733,
2025-08-06 06:21:03.183,vision_approach_to_detect_and_pose_estimate,144.284,349.691,727.578,82.388,-179.969,173.024,-111.305,14.757,-126.872,0.055,-67.908,-20.346,-2.813,-0.696,0.407,0.0,0.126,-2.708,-4.807,82.679,81.515,-10.079,0.585,2.309,0.301,-0.752,0.095,0.0,-0.185,-0.638,
2025-08-06 06:21:03.283,vision_approach_to_detect_and_pose_estimate,146.284,349.703,727.578,82.388,-179.969,173.024,-111.587,14.689,-126.826,0.054,-67.886,-20.629,-2.797,-0.751,0.487,0.0,0.192,-2.982,-4.72,82.474,81.686,-10.084,0.614,2.305,-0.031,0.07,0.184,0.0,0.436,-0.466,
2025-08-06 06:21:03.382,vision_approach_to_detect_and_pose_estimate,148.284,349.716,727.578,82.388,-179.969,173.024,-111.867,14.617,-126.781,0.054,-67.864,-20.913,-2.819,-0.682,0.444,0.0,0.212,-2.801,-4.72,82.477,81.647,-10.073,0.614,2.302,0.357,0.268,-0.106,0.0,0.241,1.547,
2025-08-06 06:21:03.484,vision_approach_to_detect_and_pose_estimate,150.284,349.728,727.578,82.388,-179.969,173.024,-112.146,14.545,-126.734,0.053,-67.84,-21.191,-2.726,-0.697,0.466,0.0,0.24,-2.671,-4.746,82.487,81.697,-10.088,0.619,2.306,0.16,0.084,0.01,0.0,0.259,0.865,
2025-08-06 06:21:03.582,vision_approach_to_detect_and_pose_estimate,152.284,349.741,727.578,82.388,-179.969,173.024,-112.422,14.475,-126.69,0.053,-67.816,-21.465,-2.787,-0.666,0.446,0.0,0.264,-2.628,-4.796,82.338,81.571,-10.078,0.62,2.309,-0.302,-0.013,0.068,0.0,-0.468,0.117,
2025-08-06 06:21:03.682,vision_approach_to_detect_and_pose_estimate,154.284,349.753,727.578,82.388,-179.969,173.024,-112.698,14.404,-126.641,0.052,-67.793,-21.738,-2.785,-0.7,0.479,0.0,0.147,-2.648,-4.721,81.924,81.605,-10.075,0.635,2.309,0.26,-0.111,0.331,-0.004,0.004,-1.182,
2025-08-06 06:21:03.782,vision_approach_to_detect_and_pose_estimate,156.283,349.765,727.578,82.388,-179.969,173.024,-112.973,14.333,-126.593,0.05,-67.77,-22.016,-2.735,-0.688,0.512,-0.001,0.265,-2.864,-4.807,82.132,81.611,-10.101,0.637,2.304,0.241,-0.17,-0.146,0.0,0.56,-1.061,
2025-08-06 06:21:03.882,vision_approach_to_detect_and_pose_estimate,158.283,349.778,727.578,82.388,-179.969,173.024,-113.247,14.267,-126.544,0.05,-67.746,-22.293,-2.737,-0.734,0.45,0.0,0.259,-2.86,-4.77,81.974,81.562,-10.092,0.639,2.31,-0.242,-0.399,0.081,0.004,-0.178,1.109,
2025-08-06 06:21:03.982,vision_approach_to_detect_and_pose_estimate,160.283,349.79,727.578,82.388,-179.969,173.024,-113.52,14.194,-126.496,0.05,-67.722,-22.564,-2.783,-0.767,0.528,0.0,0.229,-2.643,-4.744,81.78,81.632,-10.085,0.648,2.315,0.015,-0.092,0.247,0.0,-0.126,1.409,
2025-08-06 06:21:04.083,vision_approach_to_detect_and_pose_estimate,162.283,349.803,727.578,82.388,-179.969,173.024,-113.795,14.117,-126.447,0.05,-67.698,-22.836,-2.734,-0.752,0.5,0.0,0.234,-2.577,-4.752,81.852,81.564,-10.061,0.653,2.31,0.813,0.317,-0.037,0.0,0.111,0.019,
2025-08-06 06:21:04.182,vision_approach_to_detect_and_pose_estimate,164.283,349.815,727.578,82.388,-179.969,173.024,-114.066,14.041,-126.396,0.05,-67.676,-23.109,-2.621,-0.704,0.521,0.0,0.252,-2.639,-4.662,81.769,81.57,-10.055,0.66,2.304,0.046,0.221,0.135,-0.002,0.054,-1.946,
2025-08-06 06:21:04.284,vision_approach_to_detect_and_pose_estimate,166.283,349.828,727.578,82.388,-179.969,173.024,-114.335,13.967,-126.348,0.049,-67.652,-23.376,-2.725,-0.708,0.527,-0.0,0.245,-2.968,-4.811,81.756,81.385,-10.066,0.658,2.297,-0.339,-0.306,-0.057,0.0,-0.056,-1.223,
2025-08-06 06:21:04.382,vision_approach_to_detect_and_pose_estimate,168.282,349.84,727.578,82.388,-179.969,173.024,-114.604,13.891,-126.295,0.049,-67.626,-23.644,-2.689,-0.765,0.509,0.0,0.24,-2.884,-4.749,81.386,81.362,-10.073,0.676,2.301,0.415,-0.145,0.184,0.002,-0.035,0.809,
2025-08-06 06:21:04.483,vision_approach_to_detect_and_pose_estimate,170.282,349.852,727.578,82.388,-179.969,173.024,-114.871,13.815,-126.242,0.048,-67.602,-23.913,-2.642,-0.737,0.564,0.0,0.238,-2.807,-4.867,81.577,81.333,-10.082,0.674,2.305,0.348,-0.136,0.013,0.0,-0.551,0.937,
2025-08-06 06:21:04.582,vision_approach_to_detect_and_pose_estimate,172.282,349.865,727.578,82.388,-179.969,173.024,-115.137,13.741,-126.192,0.048,-67.578,-24.179,-2.619,-0.792,0.512,0.0,0.13,-2.696,-4.793,81.349,81.126,-10.063,0.673,2.301,0.275,-0.415,-0.186,0.0,0.062,1.246,
2025-08-06 06:21:04.682,vision_approach_to_detect_and_pose_estimate,174.282,349.877,727.578,82.388,-179.969,173.024,-115.401,13.661,-126.137,0.047,-67.554,-24.44,-2.587,-0.819,0.527,0.0,0.25,-2.56,-4.709,81.14,81.238,-10.077,0.695,2.298,0.009,-0.111,0.331,0.0,0.588,2.011,
2025-08-06 06:21:04.782,vision_approach_to_detect_and_pose_estimate,176.282,349.89,727.578,82.388,-179.969,173.024,-115.664,13.581,-126.084,0.047,-67.528,-24.705,-2.617,-0.814,0.578,0.0,0.248,-2.294,-4.808,81.186,81.227,-10.071,0.689,2.294,-0.136,-0.025,-0.187,0.0,0.057,0.646,
2025-08-06 06:21:04.883,vision_approach_to_detect_and_pose_estimate,178.282,349.902,727.578,82.388,-179.969,173.024,-115.926,13.502,-126.031,0.046,-67.504,-24.967,-2.615,-0.824,0.489,0.0,0.262,-2.43,-4.759,81.03,81.158,-10.059,0.691,2.284,-0.231,0.169,-0.186,0.0,-0.093,-1.184,
2025-08-06 06:21:04.982,vision_approach_to_detect_and_pose_estimate,180.281,349.914,727.578,82.388,-179.969,173.024,-116.186,13.423,-125.975,0.045,-67.481,-25.229,-2.663,-0.781,0.541,0.0,0.229,-2.531,-4.742,81.068,81.281,-10.073,0.702,2.281,-0.142,0.169,0.478,-0.018,-0.065,-0.001,
2025-08-06 06:21:05.083,vision_approach_to_detect_and_pose_estimate,182.281,349.927,727.578,82.388,-179.969,173.024,-116.447,13.346,-125.921,0.044,-67.457,-25.483,-2.643,-0.79,0.585,-0.004,0.249,-2.43,-4.744,81.02,81.308,-10.089,0.71,2.279,0.153,-0.033,-0.156,0.0,0.126,-0.179,
2025-08-06 06:21:05.184,vision_approach_to_detect_and_pose_estimate,184.281,349.939,727.578,82.388,-179.969,173.024,-116.708,13.272,-125.866,0.043,-67.43,-25.746,-2.632,-0.787,0.509,0.0,0.255,-2.567,-4.744,81.081,81.215,-10.072,0.694,2.272,0.421,-0.339,0.019,0.018,-0.029,-1.614,
2025-08-06 06:21:05.282,vision_approach_to_detect_and_pose_estimate,186.281,349.952,727.578,82.388,-179.969,173.024,-116.967,13.191,-125.808,0.043,-67.405,-26.003,-2.559,-0.858,0.588,0.0,0.243,-2.751,-4.561,80.601,81.35,-10.062,0.713,2.277,0.415,-0.36,0.509,0.0,-0.126,-0.451,
2025-08-06 06:21:05.382,vision_approach_to_detect_and_pose_estimate,188.281,349.964,727.578,82.388,-179.969,173.024,-117.222,13.105,-125.751,0.043,-67.382,-26.256,-2.55,-0.859,0.61,0.0,0.23,-2.656,-4.731,80.784,81.307,-10.068,0.71,2.275,0.3,-0.0,-0.284,0.0,0.04,0.668,
2025-08-06 06:21:05.484,vision_approach_to_detect_and_pose_estimate,190.281,349.977,727.578,82.388,-179.969,173.024,-117.478,13.021,-125.695,0.042,-67.358,-26.513,-2.499,-0.858,0.531,0.0,0.251,-2.616,-4.712,80.639,81.206,-10.063,0.701,2.278,0.506,0.204,-0.061,0.0,0.107,-0.015,
2025-08-06 06:21:05.583,vision_approach_to_detect_and_pose_estimate,192.255,349.989,727.578,82.388,-179.969,173.024,-117.73,12.939,-125.636,0.041,-67.331,-26.766,-2.449,-0.817,0.598,0.0,0.251,-2.659,-4.74,80.726,81.315,-10.078,0.709,2.279,1.902,1.043,0.044,0.0,-0.216,2.394,
2025-08-06 06:21:05.683,vision_approach_to_detect_and_pose_estimate,194.04,350.0,727.578,82.388,-179.969,173.024,-117.958,12.864,-125.583,0.041,-67.308,-26.991,-2.12,-0.65,0.54,0.0,0.208,-2.14,-4.525,80.559,81.319,-10.066,0.712,2.276,4.99,1.922,-1.32,0.0,-0.862,5.944,
2025-08-06 06:21:05.782,vision_approach_to_detect_and_pose_estimate,195.467,350.009,727.578,82.388,-179.969,173.024,-118.139,12.804,-125.541,0.04,-67.29,-27.18,-1.456,-0.435,0.335,0.0,0.08,-1.476,-4.29,80.652,81.146,-10.037,0.706,2.283,5.556,1.422,-1.407,0.0,-0.796,6.512,
2025-08-06 06:21:05.884,vision_approach_to_detect_and_pose_estimate,196.441,350.015,727.578,82.388,-179.969,173.024,-118.263,12.763,-125.512,0.04,-67.277,-27.303,-1.003,-0.365,0.257,0.0,0.048,-0.831,-4.223,80.511,81.134,-10.022,0.699,2.287,5.032,1.761,-1.237,0.0,-0.397,4.484,
2025-08-06 06:21:05.982,vision_approach_to_detect_and_pose_estimate,196.969,350.018,727.578,82.388,-179.969,173.024,-118.334,12.738,-125.494,0.04,-67.271,-27.371,-0.449,-0.083,0.088,0.0,0.0,-0.58,-4.148,80.638,81.128,-10.018,0.684,2.292,4.471,1.791,-1.26,0.0,-0.244,4.06,
2025-08-06 06:21:06.082,vision_approach_to_detect_and_pose_estimate,197.153,350.019,727.578,82.388,-179.969,173.024,-118.361,12.73,-125.487,0.04,-67.269,-27.399,-0.118,-0.01,0.008,0.0,0.0,-0.027,-4.136,80.726,80.987,-10.019,0.655,2.314,2.244,0.414,-0.44,0.0,-0.002,2.898,waypoint
2025-08-06 06:21:06.182,vision_approach_to_detect_and_pose_estimate,197.17,350.019,727.578,82.388,-179.969,173.024,-118.365,12.729,-125.487,0.04,-67.269,-27.402,-0.001,0.0,0.0,0.0,0.0,0.0,-3.949,81.074,80.828,-10.025,0.629,2.351,0.59,0.049,-0.038,0.0,0.0,0.135,
2025-08-06 06:21:06.683,vision_approach_to_detect_and_pose_estimate,197.17,350.019,727.578,82.389,-179.969,173.024,-118.365,12.728,-125.488,0.04,-67.269,-27.402,0.0,0.0,0.0,0.0,0.0,0.0,-3.054,81.595,80.455,-10.013,0.533,2.463,0.0,0.0,0.0,0.0,0.0,0.0,
2025-08-06 06:21:07.082,vision_approach_to_detect_and_pose_estimate,197.17,350.019,727.578,82.389,-179.969,173.024,-118.364,12.728,-125.489,0.04,-67.27,-27.401,0.0,0.0,0.0,0.0,0.0,0.0,-2.35,81.797,80.377,-9.987,0.445,2.526,-0.006,0.0,0.0,0.0,0.0,0.0,
2025-08-06 06:21:07.483,vision_approach_to_detect_and_pose_estimate,197.17,350.019,727.578,82.389,-179.969,173.024,-118.361,12.728,-125.489,0.04,-67.27,-27.399,0.001,0.0,0.0,0.0,0.0,0.0,-1.875,81.897,80.375,-9.986,0.441,2.559,-0.007,0.0,0.0,0.0,0.0,0.0,
2025-08-06 06:21:07.882,vision_approach_to_detect_and_pose_estimate,197.17,350.019,727.578,82.389,-179.969,173.024,-118.359,12.728,-125.489,0.04,-67.27,-27.396,0.0,0.0,0.0,0.0,0.0,0.001,-1.615,81.943,80.378,-9.981,0.439,2.587,0.0,0.0,0.0,0.0,0.0,0.008,
2025-08-06 06:21:08.283,vision_approach_to_detect_and_pose_estimate,197.17,350.019,727.578,82.389,-179.969,173.024,-118.358,12.728,-125.489,0.04,-67.27,-27.395,0.0,0.0,0.0,0.0,0.0,0.0,-1.497,82.0,80.386,-9.997,0.443,2.595,0.0,0.0,0.0,0.0,0.0,0.0,
2025-08-06 06:21:08.683,vision_approach_to_detect_and_pose_estimate,197.17,350.019,727.578,82.389,-179.969,173.024,-118.358,12.728,-125.489,0.04,-67.27,-27.394,0.0,0.0,0.0,0.0,0.0,0.0,-1.431,82.064,80.375,-9.982,0.449,2.599,0.0,0.0,0.0,0.0,0.0,0.0,
2025-08-06 06:21:09.083,vision_approach_to_detect_and_pose_estimate,197.17,350.019,727.578,82.389,-179.969,173.024,-118.357,12.728,-125.489,0.04,-67.27,-27.394,0.0,0.0,0.0,0.0,0.0,0.0,-1.488,82.117,80.387,-9.972,0.474,2.583,0.0,0.0,0.0,0.0,0.0,0.0,
2025-08-06 06:21:09.483,vision_approach_to_detect_and_pose_estimate,197.17,350.019,727.578,82.389,-179.969,173.024,-118.357,12.728,-125.489,0.04,-67.27,-27.394,0.0,0.0,0.0,0.0,0.0,0.0,-1.54,82.155,80.381,-9.975,0.48,2.583,0.0,0.0,0.0,0.0,0.0,0.0,
2025-08-06 06:21:09.883,vision_approach_to_detect_and_pose_estimate,197.17,350.019,727.578,82.389,-179.969,173.024,-118.357,12.728,-125.489,0.04,-67.27,-27.394,0.0,0.0,0.0,0.0,0.0,0.0,-1.547,82.218,80.379,-9.986,0.472,2.582,0.0,0.0,0.0,0.0,0.0,0.0,
2025-08-06 06:21:10.382,vision_approach_to_detect_and_pose_estimate,197.183,350.019,727.572,81.989,-179.968,173.043,-118.358,12.728,-125.489,0.04,-67.27,-27.113,0.0,0.0,0.0,0.0,0.0,14.464,-1.589,82.318,80.34,-9.989,0.463,2.706,0.0,0.0,0.0,0.0,0.0,0.0,
2025-08-06 06:21:10.482,vision_approach_to_detect_and_pose_estimate,197.205,350.019,727.56,81.301,-179.967,173.1,-118.358,12.728,-125.489,0.04,-67.27,-26.211,0.0,0.0,0.0,0.0,0.0,0.0,-1.705,82.346,80.397,-10.007,0.477,3.021,0.0,0.0,0.0,0.0,0.0,-71.962,waypoint
2025-08-06 06:21:10.583,vision_approach_to_detect_and_pose_estimate,197.205,350.019,727.56,81.301,-179.967,173.1,-118.358,12.728,-125.489,0.04,-67.27,-26.212,0.0,0.0,0.0,0.0,0.0,0.0,-1.671,82.353,80.385,-9.997,0.464,3.0,0.0,0.0,0.0,0.0,0.0,0.0,
2025-08-06 06:21:10.784,vision_approach_to_detect_and_pose_estimate,197.205,350.019,727.56,81.301,-179.967,173.1,-118.358,12.728,-125.489,0.04,-67.27,-26.216,0.0,0.0,0.0,0.0,0.0,-0.001,-1.835,82.386,80.381,-9.991,0.479,2.912,-0.004,0.0,0.0,0.0,0.0,-0.075,
2025-08-06 06:21:10.883,vision_approach_to_detect_and_pose_estimate,197.205,350.019,727.56,81.301,-179.967,173.1,-118.358,12.728,-125.489,0.04,-67.27,-26.22,-0.001,0.0,0.0,0.0,0.0,-0.015,-1.936,82.383,80.373,-9.98,0.476,2.857,0.0,0.0,0.0,0.0,0.0,-0.08,
2025-08-06 06:21:10.982,vision_approach_to_detect_and_pose_estimate,197.205,350.019,727.56,81.301,-179.967,173.1,-118.359,12.728,-125.489,0.04,-67.27,-26.227,0.0,0.0,0.0,0.0,0.0,-0.016,-2.008,82.377,80.354,-9.992,0.474,2.801,0.004,0.0,0.0,0.0,0.0,0.033,
2025-08-06 06:21:11.083,vision_approach_to_detect_and_pose_estimate,197.205,350.019,727.56,81.301,-179.967,173.1,-118.359,12.728,-125.489,0.04,-67.27,-26.232,0.0,0.0,0.0,0.0,0.0,-0.008,-2.122,82.374,80.365,-9.986,0.466,2.733,0.0,0.0,0.0,0.0,0.0,0.081,
2025-08-06 06:21:11.184,vision_approach_to_detect_and_pose_estimate,197.205,350.019,727.56,81.301,-179.967,173.1,-118.359,12.728,-125.489,0.04,-67.27,-26.234,0.0,0.0,0.0,0.0,0.0,0.0,-2.245,82.357,80.37,-10.003,0.471,2.707,0.0,0.0,0.0,0.0,0.0,0.041,
2025-08-06 06:21:11.283,vision_approach_to_detect_and_pose_estimate,197.205,350.019,727.56,81.301,-179.967,173.1,-118.36,12.728,-125.489,0.04,-67.27,-26.235,0.0,0.0,0.0,0.0,0.0,0.0,-2.326,82.359,80.384,-10.004,0.476,2.701,0.0,0.0,0.0,0.0,0.0,0.0,
2025-08-06 06:21:11.382,vision_approach_to_detect_and_pose_estimate,197.205,350.019,727.56,81.301,-179.967,173.1,-118.36,12.728,-125.489,0.04,-67.27,-26.235,0.0,0.0,0.0,0.0,0.0,0.0,-2.461,82.366,80.373,-9.999,0.484,2.708,0.0,0.0,0.0,0.0,0.0,0.0,
2025-08-06 06:21:11.484,vision_approach_to_detect_and_pose_estimate,197.205,350.019,727.56,81.301,-179.967,173.1,-118.36,12.728,-125.489,0.04,-67.27,-26.236,0.0,0.0,0.0,0.0,0.0,0.0,-2.523,82.35,80.372,-10.006,0.485,2.712,0.0,0.0,0.0,0.0,0.0,0.0,
2025-08-06 06:21:11.584,vision_approach_to_detect_and_pose_estimate,197.205,350.019,727.56,81.301,-179.967,173.1,-118.361,12.728,-125.489,0.04,-67.27,-26.236,0.0,0.0,0.0,0.0,0.0,0.0,-2.593,82.354,80.37,-10.002,0.485,2.715,0.0,0.0,0.01,0.0,0.0,0.0,
2025-08-06 06:21:11.782,vision_approach_to_detect_and_pose_estimate,197.339,350.399,727.56,81.301,-179.967,173.1,-118.36,12.722,-125.471,0.04,-67.261,-26.236,0.0,-0.242,0.312,0.0,0.092,0.0,-2.468,81.7,81.012,-10.022,0.607,2.72,0.568,-4.357,3.147,0.0,1.151,0.0,
2025-08-06 06:21:11.882,vision_approach_to_detect_and_pose_estimate,197.595,351.125,727.56,81.301,-179.967,173.1,-118.353,12.663,-125.427,0.04,-67.241,-26.235,0.113,-0.867,0.628,0.0,0.229,0.0,-1.242,78.571,81.396,-10.024,0.723,2.756,1.459,-5.103,2.428,0.0,1.199,2.065,
2025-08-06 06:21:11.982,vision_approach_to_detect_and_pose_estimate,198.0,352.27,727.56,81.301,-179.967,173.1,-118.331,12.554,-125.354,0.04,-67.212,-26.218,0.292,-1.263,0.797,0.0,0.331,0.413,0.074,78.823,81.343,-10.01,0.728,2.829,1.243,-3.072,1.837,-0.012,0.673,2.208,
2025-08-06 06:21:12.083,vision_approach_to_detect_and_pose_estimate,198.51,353.715,727.56,81.301,-179.967,173.1,-118.295,12.416,-125.262,0.039,-67.177,-26.173,0.363,-1.485,0.998,-0.002,0.364,0.444,1.413,78.819,81.358,-10.025,0.725,3.054,0.462,-0.431,0.992,0.0,0.435,0.447,
2025-08-06 06:21:12.183,vision_approach_to_detect_and_pose_estimate,199.05,355.244,727.56,81.301,-179.967,173.1,-118.259,12.276,-125.165,0.038,-67.137,-26.126,0.385,-1.35,0.997,0.0,0.419,0.503,1.889,79.878,81.141,-10.04,0.701,3.125,-0.242,1.84,-0.777,0.002,-0.332,-0.708,
2025-08-06 06:21:12.283,vision_approach_to_detect_and_pose_estimate,199.534,356.614,727.56,81.301,-179.967,173.1,-118.223,12.149,-125.075,0.036,-67.102,-26.084,0.314,-1.117,0.842,-0.002,0.298,0.302,2.501,79.84,81.125,-10.089,0.694,3.144,-0.944,2.605,-2.188,0.0,-0.969,-1.762,
2025-08-06 06:21:12.383,vision_approach_to_detect_and_pose_estimate,199.893,357.632,727.56,81.301,-179.967,173.1,-118.198,12.049,-125.01,0.035,-67.078,-26.061,0.196,-0.829,0.559,0.0,0.225,0.15,2.461,80.394,80.88,-10.082,0.648,3.134,-0.809,3.704,-3.032,0.01,-1.198,-1.228,
2025-08-06 06:21:12.482,vision_approach_to_detect_and_pose_estimate,200.101,358.219,727.56,81.301,-179.967,173.1,-118.18,11.99,-124.97,0.035,-67.061,-26.046,0.153,-0.38,0.239,0.0,0.06,0.058,2.591,80.377,80.843,-10.051,0.645,3.124,-0.91,4.104,-2.746,0.0,-1.125,-0.751,waypoint
2025-08-06 06:21:12.582,vision_approach_to_detect_and_pose_estimate,200.177,358.435,727.56,81.301,-179.967,173.1,-118.17,11.972,-124.955,0.035,-67.055,-26.04,0.015,-0.012,0.013,0.0,0.001,0.001,2.466,80.744,80.822,-10.049,0.612,3.098,-0.767,1.898,-1.194,0.0,-0.298,-0.289,
2025-08-06 06:21:12.682,vision_approach_to_detect_and_pose_estimate,200.185,358.457,727.56,81.301,-179.967,173.1,-118.168,11.971,-124.953,0.035,-67.055,-26.038,0.0,0.0,0.0,0.0,0.0,0.0,2.525,80.345,80.707,-10.031,0.592,3.071,-0.074,0.06,-0.063,0.0,-0.005,-0.004,
2025-08-06 06:21:13.183,vision_approach_to_detect_and_pose_estimate,200.185,358.457,727.56,81.3,-179.967,173.1,-118.168,11.971,-124.954,0.035,-67.056,-26.038,0.0,0.0,0.0,0.0,0.0,0.0,1.91,81.024,80.316,-10.004,0.398,3.011,0.0,0.0,0.0,0.0,0.0,0.0,
2025-08-06 06:21:13.582,vision_approach_to_detect_and_pose_estimate,200.185,358.457,727.56,81.3,-179.967,173.1,-118.168,11.971,-124.955,0.036,-67.056,-26.038,0.0,0.0,0.0,0.0,0.0,0.0,1.765,81.293,80.209,-9.984,0.384,2.988,0.0,0.003,0.0,0.0,0.0,0.0,
2025-08-06 06:21:13.983,vision_approach_to_detect_and_pose_estimate,200.185,358.457,727.56,81.3,-179.967,173.1,-118.168,11.972,-124.955,0.036,-67.056,-26.038,0.0,0.0,0.0,0.0,0.0,0.0,1.5,81.958,80.17,-9.978,0.383,2.941,-0.0,0.0,0.0,0.0,0.0,0.0,
2025-08-06 06:21:14.483,vision_approach_to_detect_and_pose_estimate,200.185,358.457,727.56,81.3,-179.967,173.1,-118.169,11.974,-124.955,0.036,-67.056,-26.039,0.0,0.0,0.0,0.0,0.0,0.0,1.199,83.175,80.181,-9.966,0.377,2.931,0.0,0.0,0.0,0.0,0.0,0.0,
2025-08-06 06:21:14.883,vision_approach_to_detect_and_pose_estimate,200.185,358.457,727.56,81.3,-179.967,173.1,-118.17,11.975,-124.955,0.036,-67.056,-26.039,0.0,0.0,0.0,0.0,0.0,0.0,0.983,83.817,80.174,-9.975,0.389,2.912,0.0,0.0,0.0,0.0,0.0,0.0,
2025-08-06 06:21:15.283,vision_approach_to_detect_and_pose_estimate,200.185,358.457,727.56,81.3,-179.967,173.1,-118.171,11.977,-124.955,0.036,-67.056,-26.04,0.0,0.0,0.0,0.0,0.0,0.0,0.91,84.151,80.163,-9.985,0.399,2.9,0.0,0.0,0.0,0.0,0.0,0.0,
2025-08-06 06:21:15.782,vision_approach_to_detect_and_pose_estimate,200.185,358.457,727.56,81.3,-179.967,173.1,-118.171,11.978,-124.955,0.036,-67.056,-26.04,0.0,0.0,0.0,0.0,0.0,0.0,0.821,84.363,80.152,-9.976,0.398,2.886,0.0,0.0,0.0,0.0,0.0,0.0,
2025-08-06 06:21:16.182,vision_approach_to_detect_and_pose_estimate,200.185,358.457,727.56,81.3,-179.967,173.1,-118.171,11.979,-124.955,0.036,-67.056,-26.041,0.0,0.0,0.0,0.0,0.0,0.0,0.796,84.489,80.143,-9.977,0.399,2.886,0.0,-0.001,0.0,0.0,0.0,0.0,
2025-08-06 06:21:16.583,vision_approach_to_detect_and_pose_estimate,200.185,358.457,727.56,81.3,-179.967,173.1,-118.172,11.98,-124.955,0.036,-67.056,-26.041,0.0,0.0,0.0,0.0,0.0,0.0,0.774,84.501,80.149,-9.975,0.408,2.88,0.0,0.0,0.0,0.0,0.0,0.0,
2025-08-06 06:21:17.084,vision_approach_to_detect_and_pose_estimate,200.187,359.161,727.52,80.97,-179.966,172.77,-118.145,11.973,-124.925,0.036,-67.039,-26.038,0.442,-0.107,0.372,0.0,0.205,0.068,2.595,83.35,81.051,-9.992,0.623,2.943,3.89,-4.732,2.167,0.0,1.504,5.061,
2025-08-06 06:21:17.183,vision_approach_to_detect_and_pose_estimate,200.191,360.14,727.464,80.53,-179.965,172.33,-118.086,11.918,-124.877,0.036,-67.014,-25.951,0.798,-0.951,0.518,0.0,0.303,1.017,3.857,78.019,81.071,-9.973,0.71,3.111,3.028,-5.789,2.165,0.0,0.881,5.618,
2025-08-06 06:21:17.283,vision_approach_to_detect_and_pose_estimate,200.196,361.536,727.384,79.937,-179.964,171.737,-117.994,11.803,-124.807,0.036,-66.98,-25.852,1.045,-1.259,0.803,0.0,0.381,1.186,3.779,77.861,81.266,-9.983,0.724,3.174,1.8,-2.669,1.727,0.0,0.846,1.14,
2025-08-06 06:21:17.382,vision_approach_to_detect_and_pose_estimate,200.202,363.187,727.29,79.284,-179.962,171.084,-117.883,11.664,-124.724,0.035,-66.937,-25.747,1.156,-1.483,0.862,0.0,0.471,1.244,3.481,78.148,81.082,-9.996,0.709,3.18,0.024,-0.767,0.209,0.0,-0.016,-0.72,
2025-08-06 06:21:17.485,vision_approach_to_detect_and_pose_estimate,200.208,364.858,727.194,78.672,-179.961,170.472,-117.771,11.518,-124.642,0.035,-66.894,-25.64,1.05,-1.414,0.845,0.0,0.378,1.04,3.047,78.833,81.001,-10.01,0.7,3.187,-1.545,2.104,-0.957,0.0,-0.666,-2.614,
2025-08-06 06:21:17.582,vision_approach_to_detect_and_pose_estimate,200.213,366.308,727.111,78.176,-179.96,169.976,-117.675,11.396,-124.567,0.034,-66.859,-25.541,0.847,-1.062,0.67,0.0,0.338,0.721,2.601,79.649,80.899,-10.045,0.67,3.204,-2.474,3.646,-2.016,-0.004,-0.747,-2.64,
2025-08-06 06:21:17.682,vision_approach_to_detect_and_pose_estimate,200.217,367.359,727.051,77.835,-179.959,169.635,-117.604,11.308,-124.515,0.033,-66.831,-25.468,0.562,-0.695,0.448,-0.001,0.23,0.52,2.547,79.596,80.713,-10.071,0.654,3.198,-2.936,3.536,-2.613,0.0,-1.568,-2.582,
2025-08-06 06:21:17.782,vision_approach_to_detect_and_pose_estimate,200.219,367.954,727.017,77.649,-179.958,169.448,-117.562,11.259,-124.482,0.032,-66.813,-25.435,0.26,-0.355,0.148,0.0,0.024,0.205,2.322,79.959,80.642,-10.064,0.639,3.177,-2.68,3.311,-2.148,0.004,-1.146,-2.511,waypoint
2025-08-06 06:21:17.883,vision_approach_to_detect_and_pose_estimate,200.22,368.168,727.005,77.583,-179.958,169.383,-117.546,11.24,-124.469,0.032,-66.808,-25.419,0.024,-0.03,0.016,0.0,0.0,0.015,2.382,79.689,80.61,-10.064,0.628,3.154,-1.28,1.747,-0.728,0.0,-0.12,-1.01,
2025-08-06 06:21:17.985,vision_approach_to_detect_and_pose_estimate,200.22,368.189,727.003,77.576,-179.958,169.376,-117.545,11.237,-124.468,0.032,-66.808,-25.415,0.0,0.0,0.0,0.0,0.0,0.0,2.159,79.877,80.461,-10.052,0.578,3.127,-0.119,0.15,-0.081,0.0,0.0,-0.077,
2025-08-06 06:21:18.485,vision_approach_to_detect_and_pose_estimate,200.22,368.189,727.003,77.576,-179.958,169.376,-117.545,11.237,-124.469,0.032,-66.809,-25.414,0.0,0.0,0.0,0.0,0.0,0.0,1.714,80.264,80.037,-10.004,0.353,3.047,0.0,0.0,0.001,0.0,0.0,0.0,
2025-08-06 06:21:18.884,vision_approach_to_detect_and_pose_estimate,200.22,368.189,727.003,77.576,-179.958,169.376,-117.545,11.237,-124.47,0.032,-66.81,-25.415,0.0,0.0,0.0,0.0,0.0,0.0,1.541,80.34,79.938,-9.984,0.343,3.025,0.0,0.0,0.0,0.0,0.0,0.0,
2025-08-06 06:21:19.282,vision_approach_to_detect_and_pose_estimate,200.22,368.189,727.003,77.576,-179.958,169.376,-117.546,11.237,-124.471,0.032,-66.81,-25.415,0.0,0.0,0.0,0.0,0.0,0.0,1.311,80.326,79.92,-9.978,0.345,2.985,0.0,0.0,0.0,0.0,0.0,0.0,
2025-08-06 06:21:19.682,vision_approach_to_detect_and_pose_estimate,200.22,368.189,727.003,77.576,-179.958,169.376,-117.547,11.237,-124.471,0.032,-66.81,-25.415,-0.001,0.0,0.0,0.0,0.0,0.0,1.026,80.354,79.933,-9.971,0.344,2.941,0.0,0.0,0.0,0.0,0.0,0.0,
2025-08-06 06:21:20.182,vision_approach_to_detect_and_pose_estimate,200.22,368.189,727.003,77.576,-179.958,169.376,-117.548,11.237,-124.471,0.032,-66.81,-25.416,0.0,0.0,0.0,0.0,0.0,0.0,0.843,80.465,79.923,-9.96,0.377,2.924,0.0,0.0,0.0,0.0,0.0,0.0,
2025-08-06 06:21:20.585,vision_approach_to_detect_and_pose_estimate,200.22,368.189,727.003,77.576,-179.958,169.376,-117.549,11.238,-124.471,0.032,-66.81,-25.416,0.0,0.0,0.0,0.0,0.0,0.0,0.678,80.587,79.913,-9.968,0.39,2.907,0.0,0.0,0.0,0.0,0.0,0.0,
2025-08-06 06:21:20.982,vision_approach_to_detect_and_pose_estimate,200.22,368.189,727.003,77.576,-179.958,169.376,-117.55,11.238,-124.471,0.032,-66.81,-25.416,0.0,0.0,0.0,0.0,0.0,0.0,0.603,80.756,79.914,-9.961,0.391,2.897,0.0,0.0,0.0,0.0,0.0,0.0,
2025-08-06 06:21:21.382,vision_approach_to_detect_and_pose_estimate,200.22,368.189,727.003,77.576,-179.958,169.376,-117.55,11.238,-124.471,0.032,-66.81,-25.417,0.0,0.0,0.0,0.0,0.0,0.0,0.599,80.944,79.904,-9.977,0.39,2.895,0.0,0.0,0.0,0.0,0.0,0.0,
2025-08-06 06:21:21.782,vision_approach_to_detect_and_pose_estimate,200.22,368.189,727.003,77.576,-179.958,169.376,-117.55,11.238,-124.471,0.032,-66.81,-25.417,0.0,0.0,0.0,0.0,0.0,0.0,0.612,81.17,79.897,-9.961,0.389,2.899,0.0,0.0,0.0,0.0,0.0,0.0,
2025-08-06 06:21:22.282,vision_approach_to_detect_and_pose_estimate,200.205,368.222,726.978,76.834,-179.955,168.698,-117.55,11.239,-124.471,0.032,-66.81,-25.372,0.0,0.0,0.0,0.0,0.0,0.208,0.659,81.395,79.909,-9.971,0.395,3.127,0.0,0.0,0.0,0.0,0.0,-2.283,
2025-08-06 06:21:22.383,vision_approach_to_detect_and_pose_estimate,200.205,368.222,726.978,76.834,-179.955,168.698,-117.55,11.239,-124.471,0.032,-66.81,-25.354,0.0,0.0,0.0,0.0,0.0,0.02,0.698,81.391,79.918,-9.978,0.394,3.162,0.0,0.0,0.0,0.0,0.0,-1.033,
2025-08-06 06:21:22.483,vision_approach_to_detect_and_pose_estimate,200.205,368.222,726.978,76.834,-179.955,168.698,-117.55,11.239,-124.471,0.032,-66.81,-25.349,0.0,0.0,0.0,0.0,0.0,0.0,0.704,81.384,79.93,-9.968,0.39,3.145,0.0,0.0,0.003,0.0,0.0,-0.102,
2025-08-06 06:21:22.582,vision_approach_to_detect_and_pose_estimate,200.205,368.222,726.978,76.834,-179.955,168.698,-117.549,11.239,-124.471,0.032,-66.81,-25.348,0.0,0.0,0.001,0.0,0.0,0.0,0.716,81.386,79.905,-9.969,0.379,3.115,0.0,0.0,0.0,0.0,0.0,0.0,
2025-08-06 06:21:22.686,vision_approach_to_detect_and_pose_estimate,200.205,368.222,726.978,76.834,-179.955,168.698,-117.549,11.239,-124.471,0.032,-66.81,-25.347,0.0,0.0,0.0,0.0,0.0,0.0,0.788,81.381,79.89,-9.972,0.385,3.098,0.0,0.0,-0.003,0.0,0.0,0.0,
2025-08-06 06:21:22.783,vision_approach_to_detect_and_pose_estimate,200.205,368.222,726.978,76.834,-179.955,168.698,-117.549,11.239,-124.471,0.032,-66.81,-25.347,0.0,0.0,0.0,0.0,0.0,0.0,0.85,81.387,79.891,-9.989,0.384,3.085,0.0,0.0,-0.003,0.0,0.0,0.0,
2025-08-06 06:21:22.882,vision_approach_to_detect_and_pose_estimate,200.205,368.222,726.978,76.834,-179.955,168.698,-117.549,11.239,-124.471,0.032,-66.81,-25.347,0.0,0.0,-0.001,0.0,0.0,0.0,0.883,81.379,79.892,-9.983,0.383,3.064,0.0,0.0,0.0,0.0,0.0,0.0,
2025-08-06 06:21:22.983,vision_approach_to_detect_and_pose_estimate,200.205,368.222,726.978,76.834,-179.955,168.698,-117.549,11.239,-124.471,0.032,-66.81,-25.347,0.0,0.0,0.0,0.0,0.0,0.0,0.944,81.374,79.873,-9.99,0.383,3.057,0.0,0.0,0.003,0.0,0.0,0.0,
2025-08-06 06:21:23.082,vision_approach_to_detect_and_pose_estimate,200.205,368.222,726.978,76.834,-179.955,168.698,-117.549,11.239,-124.471,0.032,-66.81,-25.347,0.0,0.0,0.0,0.0,0.0,0.0,1.001,81.368,79.888,-9.986,0.393,3.06,0.0,0.0,0.0,0.0,0.0,0.0,
2025-08-06 06:21:23.182,vision_approach_to_detect_and_pose_estimate,200.205,368.222,726.978,76.834,-179.955,168.698,-117.549,11.239,-124.471,0.032,-66.81,-25.347,0.0,0.0,0.0,0.0,0.0,0.0,1.031,81.356,79.893,-9.984,0.397,3.055,0.0,0.0,0.0,0.0,0.0,0.0,
2025-08-06 06:21:23.283,vision_approach_to_detect_and_pose_estimate,200.205,368.222,726.978,76.834,-179.955,168.698,-117.548,11.239,-124.471,0.032,-66.81,-25.347,0.0,0.0,0.0,0.0,0.0,0.0,1.105,81.347,79.868,-9.988,0.387,3.054,0.0,0.0,0.002,0.0,0.0,0.0,
2025-08-06 06:21:23.385,vision_approach_to_detect_and_pose_estimate,200.26,368.24,726.978,76.834,-179.955,168.698,-117.549,11.238,-124.47,0.032,-66.81,-25.347,0.0,0.0,0.0,0.0,0.0,0.0,1.104,81.34,79.867,-9.99,0.382,3.056,-0.572,0.0,0.416,0.0,0.019,-0.127,
2025-08-06 06:21:23.483,vision_approach_to_detect_and_pose_estimate,200.541,368.333,726.978,76.834,-179.955,168.698,-117.561,11.237,-124.459,0.032,-66.808,-25.349,-0.114,0.0,0.083,0.0,0.004,-0.025,0.024,80.995,80.335,-10.006,0.472,2.982,-0.038,0.0,0.0,0.0,0.0,-0.582,
2025-08-06 06:21:23.585,vision_approach_to_detect_and_pose_estimate,200.585,368.347,726.978,76.834,-179.955,168.698,-117.566,11.237,-124.453,0.032,-66.804,-25.363,-0.008,0.0,0.0,0.0,0.0,-0.116,-0.707,80.273,80.536,-9.986,0.581,2.855,0.555,-0.01,-0.416,0.0,-0.019,-0.053,
2025-08-06 06:21:23.683,vision_approach_to_detect_and_pose_estimate,200.585,368.347,726.978,76.834,-179.955,168.698,-117.57,11.235,-124.452,0.032,-66.804,-25.377,-0.004,-0.002,0.0,0.0,0.0,-0.036,-1.097,80.021,80.436,-9.995,0.602,2.699,0.029,-0.121,-0.005,0.0,0.0,0.505,
2025-08-06 06:21:23.783,vision_approach_to_detect_and_pose_estimate,200.585,368.347,726.978,76.834,-179.955,168.698,-117.575,11.23,-124.452,0.032,-66.804,-25.383,-0.002,-0.024,-0.0,0.0,0.0,-0.017,-1.242,79.251,80.357,-10.0,0.589,2.636,-0.073,-0.013,0.0,0.0,0.0,0.18,
2025-08-06 06:21:24.284,vision_approach_to_detect_and_pose_estimate,200.585,368.347,726.978,76.834,-179.955,168.698,-117.584,11.211,-124.452,0.032,-66.803,-25.388,0.0,0.0,0.0,0.0,0.0,0.0,-1.521,79.419,80.127,-10.004,0.535,2.658,0.0,0.024,0.0,0.0,0.0,0.0,
2025-08-06 06:21:24.586,vision_approach_to_detect_and_pose_estimate,200.585,368.347,726.978,76.834,-179.955,168.698,-117.585,11.21,-124.452,0.032,-66.803,-25.388,0.0,0.0,0.0,0.0,0.0,0.0,-1.382,79.728,80.099,-10.002,0.525,2.675,0.0,0.0,-0.001,0.0,0.0,0.0,
2025-08-06 06:21:25.084,vision_approach_to_detect_and_pose_estimate,200.585,368.347,726.978,76.834,-179.955,168.698,-117.585,11.21,-124.452,0.032,-66.804,-25.388,0.0,0.0,0.0,0.0,0.0,0.0,-1.249,79.992,80.052,-10.006,0.521,2.676,0.0,0.0,0.0,0.0,0.0,0.0,
2025-08-06 06:21:25.483,vision_approach_to_detect_and_pose_estimate,200.585,368.347,726.978,76.834,-179.955,168.698,-117.585,11.21,-124.452,0.032,-66.804,-25.388,0.0,0.0,0.0,0.0,0.0,0.0,-1.196,80.137,80.011,-10.0,0.495,2.691,0.0,0.0,0.0,0.0,0.0,0.0,
2025-08-06 06:21:25.884,vision_approach_to_detect_and_pose_estimate,200.585,368.347,726.978,76.834,-179.955,168.698,-117.585,11.21,-124.452,0.032,-66.804,-25.388,0.0,0.0,0.0,0.0,0.0,0.0,-1.149,80.236,80.028,-9.997,0.478,2.705,0.0,0.0,0.0,0.0,0.0,0.0,
2025-08-06 06:21:26.283,vision_approach_to_detect_and_pose_estimate,200.585,368.347,726.978,76.834,-179.955,168.698,-117.585,11.21,-124.452,0.032,-66.804,-25.388,0.0,0.0,0.0,0.0,0.0,0.0,-1.13,80.285,80.042,-10.01,0.467,2.719,0.0,0.0,0.0,0.0,0.0,0.0,
2025-08-06 06:21:26.684,vision_approach_to_detect_and_pose_estimate,200.585,368.347,726.978,76.834,-179.955,168.698,-117.585,11.21,-124.453,0.031,-66.804,-25.388,0.0,0.0,0.0,0.0,0.0,0.0,-1.083,80.343,80.033,-9.989,0.458,2.727,0.0,0.0,0.0,0.0,0.0,0.0,
2025-08-06 06:21:27.082,vision_approach_to_detect_and_pose_estimate,200.585,368.347,726.978,76.834,-179.955,168.698,-117.585,11.21,-124.453,0.032,-66.804,-25.388,0.0,0.0,0.0,0.0,0.0,0.0,-1.016,80.466,80.01,-10.004,0.464,2.732,0.0,0.0,0.0,0.0,0.0,0.0,
2025-08-06 06:21:27.386,vision_approach_to_detect_and_pose_estimate,200.585,368.347,726.978,76.834,-179.955,168.698,-117.585,11.21,-124.453,0.032,-66.804,-25.388,0.0,0.0,0.0,0.0,0.0,0.0,-0.961,80.546,80.022,-10.003,0.456,2.74,0.0,0.0,0.0,0.0,0.0,0.0,
2025-08-06 06:21:27.883,vision_approach_to_detect_and_pose_estimate,200.618,368.775,727.005,76.131,-179.953,167.995,-117.572,11.205,-124.428,0.032,-66.803,-25.385,0.069,-0.055,0.201,0.0,0.009,0.002,0.304,79.983,80.659,-10.001,0.501,2.762,-0.029,-0.243,-0.389,0.0,0.0,0.089,
2025-08-06 06:21:27.982,vision_approach_to_detect_and_pose_estimate,200.624,368.844,727.01,76.024,-179.952,167.888,-117.568,11.195,-124.42,0.032,-66.8,-25.372,0.006,-0.048,0.0,0.0,0.0,0.018,1.124,79.007,80.597,-9.984,0.586,2.866,-0.314,0.075,-1.003,0.0,-0.047,0.054,
2025-08-06 06:21:28.083,vision_approach_to_detect_and_pose_estimate,200.624,368.844,727.01,76.024,-179.952,167.888,-117.566,11.187,-124.419,0.031,-66.799,-25.366,0.007,-0.04,0.0,0.0,0.0,0.013,1.307,78.828,80.471,-9.989,0.603,2.973,-0.029,0.179,0.0,0.0,0.0,-0.057,
2025-08-06 06:21:28.582,vision_approach_to_detect_and_pose_estimate,200.624,368.844,727.01,76.024,-179.952,167.888,-117.558,11.172,-124.421,0.031,-66.799,-25.359,0.0,0.0,0.0,0.0,0.0,0.0,1.67,79.451,80.092,-9.993,0.548,3.03,0.0,0.0,0.0,0.0,0.0,0.0,
2025-08-06 06:21:28.983,vision_approach_to_detect_and_pose_estimate,200.624,368.844,727.01,76.024,-179.952,167.888,-117.557,11.172,-124.421,0.031,-66.799,-25.359,0.0,0.0,0.0,0.0,0.0,0.0,1.619,79.85,79.971,-9.995,0.52,3.007,0.0,0.0,0.0,0.0,0.0,0.0,
2025-08-06 06:21:29.385,vision_approach_to_detect_and_pose_estimate,200.624,368.844,727.01,76.024,-179.952,167.888,-117.556,11.172,-124.422,0.031,-66.799,-25.359,0.0,0.0,0.0,0.0,0.0,0.0,1.553,79.993,79.937,-9.991,0.485,2.997,0.0,0.0,0.0,0.0,0.0,0.0,
2025-08-06 06:21:29.782,vision_approach_to_detect_and_pose_estimate,200.624,368.844,727.01,76.024,-179.952,167.888,-117.556,11.172,-124.422,0.031,-66.8,-25.359,0.0,0.0,0.0,0.0,0.0,0.0,1.506,80.13,79.934,-9.988,0.45,2.988,0.0,0.0,0.0,0.0,0.0,0.0,
2025-08-06 06:21:30.182,vision_approach_to_detect_and_pose_estimate,200.624,368.844,727.01,76.024,-179.952,167.888,-117.556,11.172,-124.422,0.031,-66.8,-25.359,0.0,0.0,0.0,0.0,0.0,0.0,1.489,80.182,79.951,-9.98,0.43,2.962,0.0,0.0,0.0,0.0,0.0,0.0,
2025-08-06 06:21:30.583,vision_approach_to_detect_and_pose_estimate,200.624,368.844,727.01,76.024,-179.952,167.888,-117.556,11.172,-124.422,0.031,-66.8,-25.359,0.0,0.0,0.0,0.0,0.0,0.0,1.463,80.298,79.947,-10.0,0.419,2.945,0.0,0.0,0.0,0.0,0.0,0.0,
2025-08-06 06:21:30.983,vision_approach_to_detect_and_pose_estimate,200.624,368.844,727.01,76.024,-179.952,167.888,-117.556,11.172,-124.422,0.031,-66.8,-25.359,0.0,0.0,0.0,0.0,0.0,0.0,1.455,80.418,79.943,-10.005,0.421,2.926,0.0,0.0,0.0,0.0,0.0,0.0,
2025-08-06 06:21:31.383,vision_approach_to_detect_and_pose_estimate,200.624,368.844,727.01,76.024,-179.952,167.888,-117.556,11.172,-124.422,0.031,-66.8,-25.36,0.0,0.0,0.0,0.0,0.0,0.0,1.428,80.542,79.971,-9.999,0.415,2.929,0.0,0.0,0.0,0.0,0.0,0.0,
2025-08-06 06:21:31.783,vision_approach_to_detect_and_pose_estimate,200.624,368.844,727.01,76.024,-179.952,167.888,-117.556,11.172,-124.422,0.031,-66.8,-25.36,0.0,0.0,0.0,0.0,0.0,0.0,1.421,80.7,79.966,-10.004,0.411,2.915,0.0,0.0,-0.029,0.0,0.0,0.0,
2025-08-06 06:21:32.284,vision_approach_to_detect_and_pose_estimate,200.626,368.862,726.991,75.312,-179.95,167.176,-117.556,11.173,-124.422,0.031,-66.8,-25.36,0.0,0.0,0.0,0.0,0.0,0.0,1.407,80.879,79.954,-10.017,0.416,2.907,0.0,0.014,0.598,0.0,-1.505,0.0,
2025-08-06 06:21:32.384,detect_and_pose_estimate_to_approach_feeder,200.626,368.862,727.095,75.312,-179.95,167.176,-117.556,11.173,-124.42,0.031,-66.804,-25.36,0.0,0.004,0.121,0.0,-0.304,0.0,1.384,80.893,80.012,-10.014,0.405,2.907,0.0,3.175,11.809,0.0,-17.199,0.0,
2025-08-06 06:21:32.483,detect_and_pose_estimate_to_approach_feeder,200.627,368.864,728.812,75.312,-179.95,167.176,-117.556,11.191,-124.306,0.032,-66.978,-25.36,0.0,0.632,2.35,0.0,-3.423,0.0,1.399,83.716,82.151,-10.193,0.093,2.907,0.0,12.709,29.12,0.0,-41.599,0.0,
2025-08-06 06:21:32.583,detect_and_pose_estimate_to_approach_feeder,200.628,368.868,734.413,75.312,-179.95,167.176,-117.556,11.353,-123.903,0.032,-67.568,-25.36,0.0,2.533,5.916,0.0,-8.582,0.0,0.683,92.771,84.376,-10.441,-0.232,2.924,0.0,19.94,40.041,0.0,-57.605,-0.008,
2025-08-06 06:21:32.683,detect_and_pose_estimate_to_approach_feeder,200.63,368.878,745.52,75.312,-179.95,167.176,-117.557,11.716,-123.088,0.033,-68.747,-25.36,0.0,4.62,10.358,0.0,-14.944,-0.002,0.641,96.175,85.781,-10.584,-0.32,2.922,-0.001,17.615,47.617,0.167,-63.965,0.0,
2025-08-06 06:21:32.782,detect_and_pose_estimate_to_approach_feeder,200.634,368.892,762.805,75.312,-179.95,167.176,-117.558,12.245,-121.79,0.038,-70.569,-25.361,-0.0,6.038,15.392,0.033,-21.311,0.0,0.377,98.173,87.172,-10.703,-0.385,2.926,-0.123,11.113,47.475,0.195,-57.519,-0.065,
2025-08-06 06:21:32.882,detect_and_pose_estimate_to_approach_feeder,200.639,368.912,785.871,75.312,-179.95,167.176,-117.562,12.893,-120.012,0.045,-72.971,-25.365,-0.024,6.831,19.806,0.039,-26.39,-0.015,0.265,97.34,87.698,-10.62,-0.433,2.899,-0.012,0.893,39.591,0.133,-40.205,-0.212,
2025-08-06 06:21:32.982,detect_and_pose_estimate_to_approach_feeder,200.645,368.935,813.32,75.312,-179.95,167.176,-117.568,13.542,-117.839,0.053,-75.777,-25.375,-0.003,6.217,23.31,0.06,-29.352,-0.042,-0.254,96.624,87.958,-10.57,-0.434,2.825,-0.607,-8.186,24.695,-0.19,-16.925,-0.247,
2025-08-06 06:21:33.083,detect_and_pose_estimate_to_approach_feeder,200.652,368.96,843.0,75.312,-179.95,167.176,-117.578,14.111,-115.402,0.059,-78.752,-25.385,-0.146,5.186,24.769,0.001,-29.792,-0.064,-0.626,95.35,87.461,-10.502,-0.443,2.734,0.011,-12.955,12.96,-0.295,1.688,0.105,
2025-08-06 06:21:33.184,detect_and_pose_estimate_to_approach_feeder,200.659,368.985,872.977,75.312,-179.95,167.176,-117.586,14.541,-112.882,0.066,-81.695,-25.391,-0.0,3.6,25.928,0.0,-29.011,-0.021,-0.522,94.488,87.073,-10.456,-0.433,2.67,0.624,-15.276,0.558,0.286,13.051,0.317,
2025-08-06 06:21:33.282,detect_and_pose_estimate_to_approach_feeder,200.665,369.01,902.407,75.312,-179.95,167.176,-117.596,14.831,-110.329,0.07,-84.532,-25.396,-0.022,2.146,24.88,0.058,-27.195,-0.001,-0.93,96.015,86.607,-10.423,-0.477,2.659,-0.575,-13.608,-18.131,0.0,28.041,0.108,
2025-08-06 06:21:33.382,detect_and_pose_estimate_to_approach_feeder,200.671,369.033,929.133,75.312,-179.95,167.176,-117.604,14.984,-107.934,0.072,-87.075,-25.398,-0.114,0.905,22.338,0.0,-23.459,0.0,-0.94,94.921,85.152,-10.241,-0.44,2.657,0.109,-10.117,-34.602,-0.284,44.863,0.006,
2025-08-06 06:21:33.485,detect_and_pose_estimate_to_approach_feeder,200.676,369.051,951.125,75.312,-179.95,167.176,-117.608,15.033,-105.92,0.076,-89.153,-25.4,0.0,0.092,17.856,0.0,-18.087,0.0,-1.228,95.204,83.734,-10.075,-0.447,2.663,0.571,-4.527,-49.625,0.0,55.815,0.0,
2025-08-06 06:21:33.582,detect_and_pose_estimate_to_approach_feeder,200.68,369.065,967.172,75.312,-179.95,167.176,-117.61,15.037,-104.408,0.077,-90.661,-25.401,0.0,0.0,12.413,0.0,-12.296,0.0,-1.704,95.138,83.17,-10.041,-0.408,2.67,-0.0,-0.474,-54.875,0.005,57.083,0.0,
2025-08-06 06:21:33.683,detect_and_pose_estimate_to_approach_feeder,200.682,369.073,977.091,75.312,-179.95,167.176,-117.611,15.037,-103.455,0.078,-91.597,-25.401,-0.0,-0.002,6.991,0.001,-6.785,0.0,-1.942,94.233,82.401,-9.979,-0.402,2.678,0.0,0.0,-48.207,0.0,47.808,0.0,
2025-08-06 06:21:33.784,detect_and_pose_estimate_to_approach_feeder,200.683,369.077,981.758,75.312,-179.95,167.176,-117.612,15.036,-102.997,0.079,-92.043,-25.401,0.0,0.0,2.675,0.0,-2.639,0.0,-2.038,94.218,83.032,-10.076,-0.429,2.677,0.0,-0.006,-33.546,-0.005,32.44,0.0,
2025-08-06 06:21:33.884,detect_and_pose_estimate_to_approach_feeder,200.683,369.078,982.958,75.312,-179.95,167.176,-117.613,15.036,-102.874,0.08,-92.164,-25.401,0.0,-0.003,0.248,0.0,-0.264,0.0,-2.061,94.783,84.428,-10.265,-0.453,2.685,0.0,-0.013,-13.375,0.0,13.195,0.0,waypoint
2025-08-06 06:21:33.984,detect_and_pose_estimate_to_approach_feeder,200.683,369.078,982.991,75.312,-179.95,167.176,-117.613,15.034,-102.87,0.08,-92.169,-25.401,0.0,-0.003,0.0,0.0,0.0,0.0,-2.059,95.233,86.166,-10.554,-0.398,2.691,-0.001,0.015,-1.303,0.0,1.336,0.0,
2025-08-06 06:21:34.082,detect_and_pose_estimate_to_approach_feeder,200.682,369.056,982.991,75.312,-179.95,167.176,-117.614,15.031,-102.871,0.08,-92.169,-25.401,-0.0,0.0,-0.01,0.0,0.0,0.0,-2.058,95.311,86.614,-10.641,-0.308,2.693,-2.311,0.128,-1.883,0.0,-0.974,-3.254,
2025-08-06 06:21:34.183,detect_and_pose_estimate_to_approach_feeder,200.666,368.562,982.991,75.312,-179.95,167.176,-117.635,15.033,-102.888,0.08,-92.173,-25.414,-0.46,0.023,-0.375,0.0,-0.194,-0.648,-2.864,95.371,86.149,-10.686,-0.294,2.664,-6.481,3.838,-5.543,0.0,-2.622,-7.831,
2025-08-06 06:21:34.283,detect_and_pose_estimate_to_approach_feeder,200.612,366.894,982.993,75.312,-179.95,167.176,-117.727,15.061,-102.965,0.08,-92.208,-25.514,-1.303,0.771,-1.124,0.0,-0.527,-1.574,-4.35,98.798,85.117,-10.693,-0.463,2.522,-9.207,14.086,-7.123,0.0,-2.978,-7.083,
2025-08-06 06:21:34.382,detect_and_pose_estimate_to_approach_feeder,200.508,363.712,982.995,75.312,-179.95,167.176,-117.906,15.25,-103.111,0.08,-92.279,-25.707,-2.292,2.826,-1.792,0.0,-0.786,-2.057,-6.212,107.44,85.691,-10.843,-0.624,2.428,-9.392,15.742,-5.935,0.0,-3.123,-7.682,
2025-08-06 06:21:34.482,detect_and_pose_estimate_to_approach_feeder,200.36,359.158,982.999,75.312,-179.95,167.176,-118.19,15.602,-103.319,0.08,-92.382,-25.98,-3.172,3.904,-2.305,0.0,-1.149,-3.103,-5.868,104.875,85.106,-10.772,-0.561,2.387,-6.13,5.314,-3.152,0.095,-2.02,-7.392,
2025-08-06 06:21:34.582,detect_and_pose_estimate_to_approach_feeder,200.186,353.813,983.004,75.312,-179.95,167.176,-118.526,15.994,-103.563,0.084,-92.504,-26.314,-3.518,3.889,-2.423,0.019,-1.19,-3.535,-4.844,101.909,84.719,-10.649,-0.492,2.346,-0.856,-1.16,0.424,0.0,-0.55,-1.717,
2025-08-06 06:21:34.683,detect_and_pose_estimate_to_approach_feeder,200.014,348.511,983.008,75.312,-179.95,167.176,-118.868,16.377,-103.801,0.086,-92.63,-26.656,-3.344,3.671,-2.22,0.0,-1.259,-3.448,-4.657,101.448,84.837,-10.605,-0.449,2.336,4.579,-5.011,3.577,-0.093,0.921,6.373,
2025-08-06 06:21:34.785,detect_and_pose_estimate_to_approach_feeder,199.869,344.074,983.012,75.312,-179.95,167.176,-119.166,16.693,-104.001,0.087,-92.738,-26.955,-2.589,2.871,-1.697,0.0,-1.003,-2.242,-3.647,99.148,84.88,-10.549,-0.395,2.321,8.59,-10.179,6.01,0.0,3.416,8.673,
2025-08-06 06:21:34.882,detect_and_pose_estimate_to_approach_feeder,199.771,341.045,983.015,75.312,-179.95,167.176,-119.377,16.916,-104.139,0.087,-92.813,-27.164,-1.635,1.645,-1.024,0.0,-0.579,-1.722,-3.292,98.43,84.994,-10.531,-0.382,2.322,9.754,-11.556,6.606,0.0,4.396,7.946,
2025-08-06 06:21:34.983,detect_and_pose_estimate_to_approach_feeder,199.721,339.518,983.016,75.312,-179.95,167.176,-119.484,17.027,-104.209,0.088,-92.854,-27.271,-0.657,0.583,-0.389,0.0,-0.133,-0.668,-2.915,97.883,85.038,-10.523,-0.361,2.334,7.651,-8.216,4.953,0.0,2.897,8.387,
2025-08-06 06:21:35.082,detect_and_pose_estimate_to_approach_feeder,199.708,339.106,983.016,75.312,-179.95,167.176,-119.518,17.051,-104.228,0.088,-92.866,-27.299,-0.104,0.002,-0.033,0.0,0.0,-0.044,-3.438,99.499,85.176,-10.566,-0.384,2.365,3.303,-2.931,1.952,0.0,0.669,3.358,waypoint
2025-08-06 06:21:35.182,detect_and_pose_estimate_to_approach_feeder,199.707,339.094,983.016,75.312,-179.95,167.176,-119.521,17.051,-104.23,0.088,-92.866,-27.302,0.0,0.0,0.0,0.0,0.0,0.0,-3.707,100.662,85.452,-10.612,-0.372,2.404,-0.474,-0.011,0.167,0.0,0.0,0.222,
2025-08-06 06:21:35.282,detect_and_pose_estimate_to_approach_feeder,199.769,339.1,983.016,75.312,-179.95,167.176,-119.524,17.051,-104.229,0.088,-92.866,-27.302,-0.199,-0.0,0.0,0.0,0.0,0.0,-3.681,100.881,85.579,-10.625,-0.338,2.447,-14.803,-2.637,3.705,0.0,2.306,-15.451,
2025-08-06 06:21:35.382,detect_and_pose_estimate_to_approach_feeder,201.21,339.234,983.016,75.312,-179.95,167.176,-119.656,17.044,-104.199,0.088,-92.847,-27.455,-2.961,-0.527,0.741,0.0,0.461,-3.09,-6.137,100.371,86.497,-10.767,-0.007,2.375,-41.147,-16.318,10.873,0.0,5.628,-41.181,
2025-08-06 06:21:35.483,detect_and_pose_estimate_to_approach_feeder,206.317,339.71,983.014,75.312,-179.95,167.176,-120.224,16.849,-104.05,0.088,-92.765,-28.032,-8.47,-3.28,2.186,0.0,1.131,-8.277,-7.999,91.014,86.876,-10.831,0.437,2.306,-59.158,-28.978,17.121,-0.008,8.505,-60.083,
2025-08-06 06:21:35.583,detect_and_pose_estimate_to_approach_feeder,216.789,340.685,983.011,75.312,-179.95,167.176,-121.395,16.372,-103.737,0.087,-92.594,-29.212,-14.851,-6.352,4.182,-0.002,2.171,-15.167,-9.101,86.857,87.055,-10.931,0.691,2.276,-62.838,-31.327,21.264,-0.286,10.741,-64.501,
2025-08-06 06:21:35.682,detect_and_pose_estimate_to_approach_feeder,233.397,342.232,983.006,75.312,-179.95,167.176,-123.212,15.578,-103.213,0.081,-92.327,-31.032,-20.975,-9.514,6.417,-0.057,3.269,-21.113,-9.668,85.839,87.545,-11.185,0.796,2.26,-52.645,-33.172,23.381,-0.246,8.521,-49.174,
2025-08-06 06:21:35.782,detect_and_pose_estimate_to_approach_feeder,255.852,344.324,983.0,75.312,-179.95,167.176,-125.556,14.449,-102.448,0.07,-91.969,-33.37,-25.328,-12.953,8.835,-0.051,3.866,-24.952,-7.741,81.197,87.28,-11.241,0.892,2.241,-29.386,-30.18,23.267,0.057,4.624,-27.819,
2025-08-06 06:21:35.882,detect_and_pose_estimate_to_approach_feeder,282.854,346.84,982.992,75.312,-179.95,167.176,-128.181,13.019,-101.445,0.059,-91.556,-35.988,-26.852,-15.55,11.071,-0.045,4.194,-26.677,-6.591,81.598,87.705,-11.411,0.898,2.253,-0.356,-20.449,18.89,0.092,1.07,-3.124,
2025-08-06 06:21:35.983,detect_and_pose_estimate_to_approach_feeder,312.316,349.584,982.983,75.312,-179.95,167.176,-130.823,11.387,-100.246,0.048,-91.134,-38.62,-25.399,-17.063,12.632,-0.032,4.081,-25.58,-4.361,80.337,87.166,-11.254,0.893,2.257,18.067,-10.195,12.686,0.051,-3.71,16.606,
2025-08-06 06:21:36.082,detect_and_pose_estimate_to_approach_feeder,342.186,352.366,982.974,75.312,-179.95,167.176,-133.267,9.664,-98.923,0.036,-90.752,-41.051,-23.238,-17.589,13.608,-0.035,3.451,-23.356,-3.471,82.216,87.119,-11.199,0.833,2.265,20.363,-4.096,10.175,-0.056,-4.853,22.175,
2025-08-06 06:21:36.183,detect_and_pose_estimate_to_approach_feeder,372.055,355.149,982.965,75.312,-179.95,167.176,-135.489,7.896,-97.495,0.026,-90.422,-43.27,-21.327,-17.883,14.667,-0.043,3.111,-21.145,-3.548,82.379,87.235,-11.205,0.847,2.261,18.41,-2.845,10.585,0.094,-5.742,19.462,
2025-08-06 06:21:36.284,detect_and_pose_estimate_to_approach_feeder,401.925,357.931,982.956,75.312,-179.95,167.176,-137.517,6.087,-95.962,0.015,-90.151,-45.29,-19.52,-18.164,15.746,-0.016,2.292,-19.424,-3.519,82.157,87.41,-11.234,0.88,2.251,18.187,-3.458,10.595,0.082,-6.925,17.512,
2025-08-06 06:21:36.382,detect_and_pose_estimate_to_approach_feeder,431.795,360.714,982.947,75.312,-179.95,167.176,-139.372,4.24,-94.325,0.005,-89.945,-47.141,-17.708,-18.571,16.776,-0.027,1.733,-17.66,-3.75,81.121,87.34,-11.243,0.918,2.262,16.054,-4.401,10.346,-0.094,-6.247,16.831,
2025-08-06 06:21:36.484,detect_and_pose_estimate_to_approach_feeder,461.665,363.496,982.938,75.312,-179.95,167.176,-141.067,2.36,-92.581,-0.006,-89.81,-48.835,-16.309,-19.044,17.815,-0.035,1.042,-16.058,-3.957,80.294,87.255,-11.258,0.938,2.267,14.441,-3.149,11.893,-0.236,-7.282,13.604,
2025-08-06 06:21:36.583,detect_and_pose_estimate_to_approach_feeder,491.534,366.279,982.929,75.312,-179.95,167.176,-142.624,0.448,-90.729,-0.017,-89.752,-50.395,-14.805,-19.204,19.166,-0.074,0.269,-14.926,-4.148,80.248,87.531,-11.309,0.943,2.264,12.253,-1.807,12.2,-0.261,-8.289,11.584,
2025-08-06 06:21:36.682,detect_and_pose_estimate_to_approach_feeder,521.404,369.061,982.92,75.312,-179.95,167.176,-144.054,-1.491,-88.768,-0.029,-89.762,-51.824,-13.883,-19.402,20.231,-0.087,-0.599,-13.765,-4.382,79.484,87.374,-11.274,0.731,2.299,10.652,-3.031,9.941,0.323,-8.795,11.381,
2025-08-06 06:21:36.783,detect_and_pose_estimate_to_approach_feeder,551.274,371.843,982.911,75.312,-179.95,167.176,-145.376,-3.455,-86.699,-0.039,-89.87,-53.143,-12.675,-19.81,21.154,-0.01,-1.49,-12.65,-4.568,79.052,87.11,-11.247,0.289,2.314,11.15,-3.761,11.477,0.11,-9.191,10.08,
2025-08-06 06:21:36.882,detect_and_pose_estimate_to_approach_feeder,581.143,374.626,982.902,75.312,-179.95,167.176,-146.591,-5.452,-84.513,-0.05,-90.061,-54.364,-11.653,-20.154,22.526,-0.065,-2.437,-11.749,-4.208,77.989,87.327,-11.272,0.051,2.327,8.331,-2.869,11.721,0.048,-9.22,10.27,
2025-08-06 06:21:36.983,detect_and_pose_estimate_to_approach_feeder,611.013,377.408,982.893,75.312,-179.95,167.176,-147.72,-7.476,-82.213,-0.059,-90.343,-55.493,-11.008,-20.384,23.498,-0.0,-3.334,-10.596,-4.765,77.319,87.128,-11.261,-0.033,2.341,7.743,-3.278,12.647,-0.299,-8.074,7.509,
2025-08-06 06:21:37.083,detect_and_pose_estimate_to_approach_feeder,640.883,380.191,982.884,75.312,-179.95,167.176,-148.766,-9.529,-79.781,-0.07,-90.715,-56.541,-10.096,-20.813,25.068,-0.125,-4.06,-10.239,-4.842,76.199,87.496,-11.282,-0.016,2.347,8.5,-3.989,14.878,-0.254,-8.593,6.016,
2025-08-06 06:21:37.182,detect_and_pose_estimate_to_approach_feeder,670.753,382.973,982.875,75.312,-179.95,167.176,-149.736,-11.615,-77.23,-0.077,-91.186,-57.515,-9.317,-21.178,26.459,-0.051,-5.044,-9.399,-4.697,74.513,87.344,-11.233,-0.049,2.341,6.24,-2.962,11.334,0.625,-11.352,5.933,
2025-08-06 06:21:37.283,detect_and_pose_estimate_to_approach_feeder,700.622,385.756,982.866,75.312,-179.95,167.176,-150.642,-13.739,-74.533,-0.087,-91.759,-58.423,-8.848,-21.405,27.335,0.0,-6.331,-9.053,-5.187,72.891,87.273,-11.257,-0.061,2.351,5.496,-3.704,11.316,0.253,-12.163,6.719,
2025-08-06 06:21:37.383,detect_and_pose_estimate_to_approach_feeder,730.492,388.538,982.857,75.312,-179.95,167.176,-151.488,-15.904,-71.681,-0.098,-92.44,-59.274,-8.212,-21.922,28.734,0.0,-7.488,-8.048,-5.022,70.373,87.257,-11.235,-0.072,2.358,5.588,-4.766,17.09,-0.058,-10.812,7.2,
2025-08-06 06:21:37.482,detect_and_pose_estimate_to_approach_feeder,760.362,391.321,982.848,75.312,-179.95,167.176,-152.272,-18.119,-68.667,-0.108,-93.236,-60.066,-7.736,-22.354,30.736,-0.012,-8.483,-7.62,-5.131,67.746,87.498,-11.265,-0.054,2.351,5.223,-4.614,16.551,-0.001,-11.339,4.777,
2025-08-06 06:21:37.583,detect_and_pose_estimate_to_approach_feeder,790.151,394.095,982.839,75.312,-179.95,167.176,-153.013,-20.387,-65.48,-0.119,-94.159,-60.81,-7.167,-22.845,32.044,-0.0,-9.756,-7.093,-5.307,64.541,87.527,-11.292,-0.053,2.361,7.808,3.084,4.002,0.057,-8.847,9.349,
2025-08-06 06:21:37.683,detect_and_pose_estimate_to_approach_feeder,818.447,396.731,982.831,75.312,-179.95,167.176,-153.675,-22.623,-62.249,-0.128,-95.165,-61.479,-6.167,-21.734,31.54,-0.0,-10.261,-5.741,-5.05,63.431,87.333,-11.244,-0.128,2.358,12.147,21.97,-21.459,0.001,1.523,10.552,
2025-08-06 06:21:37.782,detect_and_pose_estimate_to_approach_feeder,842.975,399.016,982.824,75.312,-179.95,167.176,-154.221,-24.639,-59.259,-0.137,-96.157,-62.03,-4.75,-18.473,27.773,0.0,-9.453,-4.993,-4.732,65.812,87.759,-11.247,-0.292,2.364,13.477,37.981,-51.582,0.001,12.981,11.836,
2025-08-06 06:21:37.885,detect_and_pose_estimate_to_approach_feeder,862.076,400.795,982.818,75.312,-179.95,167.176,-154.626,-26.266,-56.79,-0.144,-97.011,-62.445,-3.444,-14.062,21.121,0.0,-7.639,-3.35,-4.69,65.981,87.799,-11.244,-0.381,2.36,14.187,46.97,-69.103,-0.004,21.627,14.974,
2025-08-06 06:21:37.983,detect_and_pose_estimate_to_approach_feeder,875.03,402.002,982.814,75.312,-179.95,167.176,-154.897,-27.409,-55.028,-0.148,-97.642,-62.714,-1.898,-9.032,13.884,-0.001,-5.106,-1.983,-4.385,64.157,87.635,-11.239,-0.414,2.368,12.907,49.517,-73.734,-0.028,26.403,11.301,
2025-08-06 06:21:38.082,detect_and_pose_estimate_to_approach_feeder,882.178,402.668,982.812,75.312,-179.95,167.176,-155.043,-28.059,-54.016,-0.15,-98.011,-62.867,-0.902,-4.307,6.595,-0.006,-2.437,-1.123,-4.543,62.344,87.808,-11.307,-0.406,2.382,8.338,40.168,-60.979,0.004,22.246,9.012,
2025-08-06 06:21:38.182,detect_and_pose_estimate_to_approach_feeder,884.868,402.919,982.811,75.312,-179.95,167.176,-155.096,-28.309,-53.622,-0.151,-98.158,-62.922,-0.239,-1.038,1.749,0.0,-0.679,-0.189,-4.518,57.081,87.555,-11.299,-0.296,2.398,4.509,21.534,-32.976,0.028,12.186,5.595,
2025-08-06 06:21:38.282,detect_and_pose_estimate_to_approach_feeder,885.217,402.951,982.811,75.312,-179.95,167.176,-155.106,-28.338,-53.564,-0.151,-98.179,-62.931,0.0,0.0,0.0,0.0,0.0,-0.004,-4.845,51.467,87.032,-11.255,-0.159,2.429,1.197,5.199,-8.775,0.0,3.396,0.947,waypoint
2025-08-06 06:21:38.382,detect_and_pose_estimate_to_approach_feeder,885.217,402.951,982.811,75.312,-179.95,167.176,-155.106,-28.336,-53.565,-0.151,-98.179,-62.932,0.0,0.001,-0.006,0.0,0.0,0.0,-4.299,47.914,86.304,-11.168,0.045,2.451,0.0,0.02,-0.082,0.0,0.0,0.022,
2025-08-06 06:21:38.483,detect_and_pose_estimate_to_approach_feeder,885.217,402.951,982.811,75.312,-179.95,167.176,-155.106,-28.333,-53.567,-0.151,-98.179,-62.932,0.0,0.004,-0.017,0.0,0.0,0.0,-4.014,49.002,86.424,-11.21,0.128,2.482,0.0,0.079,0.008,0.0,0.0,0.0,
2025-08-06 06:21:38.582,detect_and_pose_estimate_to_approach_feeder,885.217,402.951,982.809,75.312,-179.95,167.176,-155.105,-28.324,-53.569,-0.151,-98.178,-62.932,0.0,0.017,-0.005,0.0,0.0,0.0,-3.829,49.933,86.122,-11.194,0.228,2.498,0.0,0.276,-1.994,0.0,1.819,0.0,
2025-08-06 06:21:38.685,approach_feeder_to_pick,885.217,402.951,982.625,75.312,-179.95,167.176,-155.105,-28.317,-53.587,-0.151,-98.163,-62.932,0.0,0.06,-0.419,0.0,0.367,0.0,-3.492,51.066,85.767,-11.181,0.327,2.504,0.026,0.78,-7.101,0.0,5.715,0.0,
2025-08-06 06:21:38.783,approach_feeder_to_pick,885.217,402.95,981.805,75.312,-179.95,167.176,-155.104,-28.301,-53.676,-0.151,-98.083,-62.932,0.005,0.174,-1.432,0.0,1.149,0.0,-3.358,50.501,84.694,-11.092,0.552,2.505,0.011,2.311,-11.564,0.0,10.535,0.0,
2025-08-06 06:21:38.882,approach_feeder_to_pick,885.216,402.949,979.971,75.312,-179.95,167.176,-155.103,-28.276,-53.88,-0.151,-97.902,-62.932,0.002,0.515,-2.697,0.0,2.443,0.0,-3.057,51.556,84.518,-11.075,0.805,2.514,-0.023,1.917,-13.039,0.0,13.146,0.0,
2025-08-06 06:21:38.982,approach_feeder_to_pick,885.216,402.946,976.922,75.312,-179.95,167.176,-155.102,-28.222,-54.219,-0.151,-97.6,-62.932,0.0,0.556,-4.027,0.0,3.765,0.0,-3.049,52.716,84.391,-11.079,0.962,2.522,-0.007,0.234,-13.343,0.0,11.707,0.0,
2025-08-06 06:21:39.082,approach_feeder_to_pick,885.215,402.943,972.666,75.312,-179.95,167.176,-155.101,-28.163,-54.694,-0.151,-97.178,-62.932,0.001,0.562,-5.366,0.0,4.784,0.0,-2.724,52.297,83.889,-11.032,1.041,2.529,-0.002,0.132,-10.502,0.0,8.406,0.0,
2025-08-06 06:21:39.183,approach_feeder_to_pick,885.214,402.938,967.421,75.312,-179.95,167.176,-155.101,-28.11,-55.272,-0.15,-96.657,-62.932,0.0,0.582,-6.138,0.0,5.454,0.0,-2.588,53.265,84.1,-11.058,1.07,2.53,-0.003,-0.15,-5.337,0.0,5.88,0.0,
2025-08-06 06:21:39.282,approach_feeder_to_pick,885.212,402.933,961.574,75.312,-179.95,167.176,-155.1,-28.053,-55.906,-0.15,-96.081,-62.932,0.0,0.532,-6.434,0.0,5.96,0.0,-2.748,55.482,84.86,-11.186,1.071,2.537,0.0,0.065,-2.032,0.0,2.557,0.0,
2025-08-06 06:21:39.382,approach_feeder_to_pick,885.211,402.928,955.576,75.312,-179.95,167.176,-155.1,-27.993,-56.554,-0.15,-95.492,-62.932,0.0,0.595,-6.542,0.0,5.963,0.0,-2.657,56.138,84.959,-11.196,1.058,2.537,0.0,-0.227,0.633,0.0,0.159,0.0,
2025-08-06 06:21:39.484,approach_feeder_to_pick,885.21,402.923,949.578,75.312,-179.95,167.176,-155.1,-27.943,-57.188,-0.151,-94.904,-62.932,0.0,0.486,-6.306,0.0,5.992,0.0,-2.642,56.136,85.309,-11.222,1.068,2.533,0.0,-0.768,1.307,0.0,-0.752,0.0,
2025-08-06 06:21:39.583,approach_feeder_to_pick,885.208,402.918,943.579,75.312,-179.95,167.176,-155.1,-27.898,-57.814,-0.151,-94.324,-62.931,0.0,0.441,-6.279,0.0,5.812,0.0,-2.66,57.015,85.162,-11.243,1.068,2.53,0.0,-0.651,1.105,0.0,-2.112,0.0,
2025-08-06 06:21:39.682,approach_feeder_to_pick,885.207,402.913,937.58,75.312,-179.95,167.176,-155.1,-27.86,-58.429,-0.151,-93.747,-62.931,0.0,0.357,-6.087,0.0,5.574,0.0,-2.608,56.352,85.203,-11.217,1.098,2.536,0.0,-0.651,1.303,0.0,-0.682,0.0,
2025-08-06 06:21:39.783,approach_feeder_to_pick,885.206,402.908,931.581,75.312,-179.95,167.176,-155.1,-27.827,-59.034,-0.152,-93.17,-62.931,0.0,0.31,-6.019,0.0,5.676,0.0,-2.615,58.118,85.444,-11.306,1.087,2.542,0.0,-0.768,0.253,0.0,0.931,0.0,
2025-08-06 06:21:39.882,approach_feeder_to_pick,885.204,402.903,925.582,75.312,-179.95,167.176,-155.1,-27.801,-59.634,-0.153,-92.6,-62.931,0.0,0.204,-6.036,0.0,5.76,0.0,-2.669,56.183,84.85,-11.256,1.074,2.547,0.0,-1.042,0.975,0.0,-0.372,0.0,
2025-08-06 06:21:39.982,approach_feeder_to_pick,885.203,402.898,919.584,75.312,-179.95,167.176,-155.1,-27.783,-60.222,-0.154,-92.035,-62.93,0.0,0.103,-5.825,0.0,5.602,0.0,-2.761,57.965,85.632,-11.341,1.052,2.549,-0.004,0.063,1.069,0.0,-0.886,0.0,
2025-08-06 06:21:40.084,approach_feeder_to_pick,885.202,402.893,913.585,75.312,-179.95,167.176,-155.101,-27.76,-60.803,-0.155,-91.468,-62.929,-0.001,0.216,-5.82,0.0,5.581,0.0,-3.019,57.87,85.234,-11.318,1.075,2.562,0.0,-0.489,0.621,0.0,0.73,0.0,
2025-08-06 06:21:40.182,approach_feeder_to_pick,885.2,402.888,907.586,75.312,-179.95,167.176,-155.101,-27.747,-61.375,-0.156,-90.907,-62.929,0.0,0.005,-5.7,0.0,5.748,0.0,-3.106,56.949,85.203,-11.285,1.077,2.565,0.004,-1.076,1.48,-0.01,-0.761,0.0,
2025-08-06 06:21:40.285,approach_feeder_to_pick,885.199,402.883,901.608,75.312,-179.95,167.176,-155.102,-27.743,-61.936,-0.156,-90.352,-62.928,0.0,0.0,-5.523,-0.002,5.428,0.0,-3.352,57.664,85.411,-11.31,1.072,2.581,-0.009,-0.026,3.415,0.0,-3.996,0.0,
2025-08-06 06:21:40.384,approach_feeder_to_pick,885.198,402.878,895.953,75.312,-179.95,167.176,-155.104,-27.741,-62.466,-0.157,-89.825,-62.927,-0.002,0.0,-5.01,0.0,4.941,0.0,-3.837,57.332,85.347,-11.328,1.041,2.596,0.0,0.0,7.619,0.01,-6.91,0.002,
2025-08-06 06:21:40.483,approach_feeder_to_pick,885.197,402.874,891.075,75.312,-179.95,167.176,-155.106,-27.741,-62.917,-0.157,-89.37,-62.926,0.0,0.0,-4.014,0.0,4.06,0.0,-4.038,57.55,86.088,-11.385,1.068,2.604,-0.01,-0.001,10.542,0.0,-9.574,0.0,
2025-08-06 06:21:40.583,approach_feeder_to_pick,885.196,402.87,887.299,75.312,-179.95,167.176,-155.108,-27.741,-63.263,-0.158,-89.019,-62.925,-0.004,-0.0,-2.913,0.0,3.035,0.0,-4.3,57.832,86.216,-11.428,1.096,2.614,0.0,0.0,10.844,0.0,-11.449,-0.002,
2025-08-06 06:21:40.683,approach_feeder_to_pick,885.195,402.868,884.759,75.312,-179.95,167.176,-155.109,-27.741,-63.497,-0.158,-88.782,-62.923,0.0,0.0,-1.845,0.0,1.77,0.0,-4.434,57.811,86.006,-11.413,1.105,2.632,0.02,0.001,10.34,0.0,-10.926,0.0,
2025-08-06 06:21:40.783,approach_feeder_to_pick,885.195,402.867,883.376,75.312,-179.95,167.176,-155.111,-27.742,-63.627,-0.159,-88.652,-62.922,0.0,0.0,-0.845,0.0,0.85,0.0,-4.564,57.675,85.78,-11.389,1.109,2.648,-0.001,0.0,8.526,0.0,-7.707,0.0,
2025-08-06 06:21:40.882,approach_feeder_to_pick,885.195,402.867,882.87,75.312,-179.95,167.176,-155.112,-27.742,-63.675,-0.159,-88.601,-62.922,-0.0,0.0,-0.149,0.0,0.236,0.0,-4.531,57.388,85.421,-11.388,1.064,2.658,-0.002,0.0,4.244,0.0,-4.273,0.0,waypoint
2025-08-06 06:21:40.982,pick_on_feeder,885.195,402.867,882.811,75.312,-179.95,167.176,-155.113,-27.742,-63.683,-0.159,-88.594,-62.921,-0.0,0.0,0.0,0.0,0.0,0.0,-4.516,56.77,85.073,-11.348,1.013,2.667,0.001,0.0,0.736,0.0,-1.171,0.0,
2025-08-06 06:21:41.382,pick_on_feeder,885.195,402.867,882.811,75.312,-179.95,167.176,-155.114,-27.744,-63.68,-0.159,-88.595,-62.92,0.0,-0.003,0.0,0.0,0.0,0.0,-4.4,55.282,85.303,-11.255,0.654,2.666,0.0,0.0,0.0,0.0,0.0,0.0,
2025-08-06 06:21:41.683,pick_on_feeder,885.195,402.867,882.811,75.312,-179.95,167.176,-155.115,-27.748,-63.679,-0.159,-88.596,-62.92,0.0,0.0,0.0,0.0,0.0,0.0,-4.215,54.027,85.436,-11.249,0.608,2.666,0.0,-0.0,0.0,0.0,0.0,0.0,
2025-08-06 06:21:41.984,pick_on_feeder,885.195,402.867,882.811,75.312,-179.95,167.176,-155.115,-27.752,-63.678,-0.159,-88.596,-62.92,0.0,-0.0,0.0,0.0,0.0,0.0,-4.131,53.28,85.428,-11.251,0.599,2.654,0.0,0.0,0.0,0.0,0.0,0.0,
2025-08-06 06:21:42.283,pick_on_feeder,885.195,402.867,882.811,75.312,-179.95,167.176,-155.115,-27.755,-63.678,-0.159,-88.596,-62.92,0.0,-0.0,0.0,0.0,0.0,0.0,-4.028,52.967,85.421,-11.233,0.62,2.66,0.0,0.004,0.0,0.0,0.0,0.0,
2025-08-06 06:21:42.683,pick_on_feeder,885.195,402.867,882.811,75.312,-179.95,167.176,-155.114,-27.758,-63.678,-0.158,-88.596,-62.92,0.0,0.0,0.0,0.0,0.0,0.0,-3.892,52.937,85.411,-11.227,0.617,2.643,0.0,0.0,0.0,0.0,0.0,0.0,
2025-08-06 06:21:42.983,pick_on_feeder,885.195,402.867,882.811,75.312,-179.95,167.176,-155.114,-27.758,-63.678,-0.158,-88.596,-62.92,0.0,0.0,0.0,0.0,0.0,0.0,-3.825,52.957,85.374,-11.23,0.635,2.647,0.0,0.0,0.0,0.0,0.0,0.0,
2025-08-06 06:21:43.282,pick_on_feeder,885.195,402.867,882.811,75.312,-179.95,167.176,-155.114,-27.759,-63.678,-0.158,-88.596,-62.921,0.0,0.0,0.0,0.0,0.0,0.0,-3.735,53.04,85.37,-11.222,0.637,2.643,0.0,0.0,0.0,0.0,0.0,0.0,
2025-08-06 06:21:43.582,pick_on_feeder,885.195,402.867,882.811,75.312,-179.95,167.176,-155.114,-27.759,-63.678,-0.158,-88.596,-62.921,0.0,0.0,-0.007,0.0,0.0,0.0,-3.643,53.049,85.356,-11.217,0.647,2.635,0.0,0.0,0.0,0.0,0.0,0.0,
2025-08-06 06:21:43.883,pick_on_feeder,885.195,402.867,882.811,75.312,-179.95,167.176,-155.114,-27.759,-63.678,-0.158,-88.596,-62.921,0.0,0.0,0.0,0.0,0.0,0.0,-3.575,53.194,85.358,-11.218,0.65,2.633,0.0,0.0,0.0,0.0,0.0,0.0,
2025-08-06 06:21:44.285,pick_to_retreat_feeder,885.195,402.867,883.498,75.312,-179.95,167.176,-155.114,-27.759,-63.627,-0.158,-88.653,-62.921,0.0,0.0,0.819,0.0,-0.9,0.0,-3.478,53.723,86.635,-11.281,0.442,2.618,0.0,0.0,8.391,0.0,-8.289,0.0,
2025-08-06 06:21:44.383,pick_to_retreat_feeder,885.195,402.869,885.02,75.312,-179.95,167.176,-155.114,-27.759,-63.493,-0.158,-88.787,-62.921,0.0,0.0,1.849,0.0,-1.858,0.0,-3.415,54.389,87.491,-11.311,0.203,2.62,0.0,0.0,11.173,0.0,-10.508,0.0,
2025-08-06 06:21:44.483,pick_to_retreat_feeder,885.196,402.871,887.72,75.312,-179.95,167.176,-155.114,-27.759,-63.254,-0.158,-89.03,-62.921,0.0,0.0,3.032,0.0,-2.981,0.0,-3.405,54.897,87.775,-11.329,0.014,2.624,0.0,0.0,11.373,0.0,-10.908,0.0,
2025-08-06 06:21:44.582,pick_to_retreat_feeder,885.197,402.874,891.652,75.312,-179.95,167.176,-155.114,-27.758,-62.902,-0.158,-89.386,-62.921,0.0,0.0,4.112,0.0,-4.029,0.0,-3.364,55.24,88.038,-11.342,-0.017,2.625,0.0,0.0,9.649,0.0,-10.862,0.0,
2025-08-06 06:21:44.682,pick_to_retreat_feeder,885.198,402.878,896.653,75.312,-179.95,167.176,-155.113,-27.758,-62.447,-0.158,-89.844,-62.921,0.0,0.0,4.952,0.0,-5.143,0.0,-3.306,55.432,88.154,-11.33,-0.036,2.628,0.0,0.0,7.289,0.0,-7.924,0.0,
2025-08-06 06:21:44.783,pick_to_retreat_feeder,885.199,402.883,902.377,75.312,-179.95,167.176,-155.113,-27.758,-61.916,-0.157,-90.374,-62.921,0.0,0.0,5.578,0.0,-5.621,0.0,-3.228,55.149,87.736,-11.272,-0.034,2.634,0.006,0.0,2.933,0.0,-2.121,0.0,
2025-08-06 06:21:44.883,pick_to_retreat_feeder,885.201,402.888,908.366,75.312,-179.95,167.176,-155.112,-27.758,-61.353,-0.157,-90.93,-62.921,0.001,0.0,5.541,0.0,-5.569,0.0,-3.009,54.986,87.445,-11.223,-0.013,2.632,0.0,0.0,0.969,0.005,0.203,0.0,
2025-08-06 06:21:44.982,pick_to_retreat_feeder,885.202,402.893,914.365,75.312,-179.95,167.176,-155.112,-27.758,-60.78,-0.156,-91.49,-62.921,0.0,0.0,5.77,0.001,-5.581,0.0,-2.854,54.864,87.542,-11.176,-0.024,2.631,0.013,-0.058,1.175,0.0,-1.141,0.0,
2025-08-06 06:21:45.084,pick_to_retreat_feeder,885.203,402.898,920.363,75.312,-179.95,167.176,-155.111,-27.76,-60.198,-0.155,-92.057,-62.921,0.004,-0.012,5.777,0.0,-5.798,0.0,-2.573,54.244,87.21,-11.116,-0.024,2.629,0.021,-1.163,0.602,-0.004,-0.199,0.0,
2025-08-06 06:21:45.183,pick_to_retreat_feeder,885.204,402.903,926.362,75.312,-179.95,167.176,-155.109,-27.776,-59.61,-0.155,-92.624,-62.921,0.004,-0.234,5.891,0.0,-5.621,0.0,-2.281,52.573,87.396,-11.113,-0.042,2.63,-0.019,-2.1,1.057,0.014,0.45,0.0,
2025-08-06 06:21:45.282,pick_to_retreat_feeder,885.206,402.909,932.361,75.312,-179.95,167.176,-155.108,-27.809,-59.011,-0.153,-93.194,-62.921,0.0,-0.428,5.987,0.003,-5.709,0.0,-2.048,50.247,87.064,-11.022,-0.042,2.629,-0.009,-0.979,1.495,-0.002,-1.522,0.0,
2025-08-06 06:21:45.382,pick_to_retreat_feeder,885.207,402.914,938.36,75.312,-179.95,167.176,-155.106,-27.85,-58.405,-0.151,-93.77,-62.922,0.002,-0.429,6.189,0.0,-5.924,0.0,-1.914,50.64,87.348,-11.071,-0.052,2.625,-0.001,0.068,1.382,-0.014,-0.68,0.0,
2025-08-06 06:21:45.482,pick_to_retreat_feeder,885.208,402.919,944.359,75.312,-179.95,167.176,-155.104,-27.892,-57.788,-0.151,-94.348,-62.922,0.0,-0.414,6.263,0.0,-5.845,0.0,-1.773,49.844,87.542,-11.027,-0.047,2.623,0.033,-0.221,0.129,0.0,0.992,0.0,
2025-08-06 06:21:45.582,pick_to_retreat_feeder,885.21,402.924,950.357,75.312,-179.95,167.176,-155.102,-27.934,-57.163,-0.151,-94.928,-62.922,0.009,-0.473,6.215,0.0,-5.725,0.0,-1.577,48.338,87.104,-10.981,-0.04,2.623,0.042,-0.523,0.514,0.0,0.307,-0.001,
2025-08-06 06:21:45.682,pick_to_retreat_feeder,885.211,402.929,956.356,75.312,-179.95,167.176,-155.1,-27.986,-56.529,-0.15,-95.515,-62.922,0.008,-0.518,6.366,0.0,-5.784,-0.0,-1.381,48.459,87.557,-11.023,-0.051,2.617,-0.045,-0.677,1.725,0.0,-0.486,0.0,
2025-08-06 06:21:45.782,pick_to_retreat_feeder,885.212,402.934,962.352,75.312,-179.95,167.176,-155.098,-28.04,-55.882,-0.15,-96.106,-62.923,0.0,-0.608,6.56,0.0,-5.822,0.0,-1.42,47.537,87.114,-10.99,-0.072,2.615,-0.042,-0.518,-0.91,0.0,1.39,0.001,
2025-08-06 06:21:45.884,pick_to_retreat_feeder,885.214,402.939,968.146,75.312,-179.95,167.176,-155.097,-28.101,-55.248,-0.15,-96.68,-62.923,0.0,-0.623,6.182,0.0,-5.503,0.0,-1.208,46.811,86.883,-10.981,-0.049,2.607,0.0,0.425,-6.656,0.0,4.862,0.0,
2025-08-06 06:21:45.985,pick_to_retreat_feeder,885.215,402.943,973.281,75.312,-179.95,167.176,-155.095,-28.16,-54.674,-0.15,-97.195,-62.924,0.0,-0.522,5.209,0.0,-4.835,0.0,-1.269,46.14,86.533,-10.924,-0.068,2.602,0.0,0.774,-10.934,0.0,9.744,0.0,
2025-08-06 06:21:46.082,pick_to_retreat_feeder,885.216,402.947,977.389,75.312,-179.95,167.176,-155.094,-28.209,-54.205,-0.15,-97.614,-62.924,0.0,-0.47,4.017,0.0,-3.574,0.0,-1.185,44.996,85.965,-10.843,-0.059,2.595,0.001,1.106,-13.485,0.0,12.973,0.0,
2025-08-06 06:21:46.182,pick_to_retreat_feeder,885.216,402.949,980.276,75.312,-179.95,167.176,-155.093,-28.25,-53.872,-0.15,-97.91,-62.925,0.0,-0.304,2.552,0.0,-2.28,0.0,-1.134,44.917,86.036,-10.848,-0.037,2.586,0.003,1.852,-13.302,0.0,12.182,0.0,
2025-08-06 06:21:46.282,pick_to_retreat_feeder,885.217,402.95,981.962,75.312,-179.95,167.176,-155.092,-28.274,-53.675,-0.15,-98.086,-62.926,0.001,-0.1,1.357,0.0,-1.137,0.0,-1.256,45.096,86.029,-10.841,-0.046,2.584,-0.0,1.207,-10.334,0.0,9.45,-0.003,
2025-08-06 06:21:46.382,pick_to_retreat_feeder,885.217,402.951,982.676,75.312,-179.95,167.176,-155.092,-28.288,-53.588,-0.15,-98.162,-62.926,0.0,-0.063,0.485,0.0,-0.39,-0.001,-1.172,44.638,86.046,-10.825,-0.038,2.566,-0.004,0.493,-6.716,0.0,5.631,-0.008,waypoint
2025-08-06 06:21:46.484,pick_to_retreat_feeder,885.217,402.951,982.81,75.312,-179.95,167.176,-155.091,-28.295,-53.569,-0.15,-98.178,-62.927,0.0,0.0,0.0,0.0,0.0,-0.002,-1.257,45.83,86.458,-10.893,-0.027,2.557,0.0,0.313,-2.426,0.0,1.949,0.003,
2025-08-06 06:21:46.582,pick_to_retreat_feeder,885.217,402.951,982.811,75.312,-179.95,167.176,-155.091,-28.295,-53.569,-0.149,-98.178,-62.928,0.0,0.0,0.0,0.0,0.0,0.0,-1.31,46.349,86.479,-10.93,0.036,2.539,0.0,0.0,-0.3,0.0,0.014,0.008,
2025-08-06 06:21:46.683,pick_to_retreat_feeder,885.215,402.878,982.811,75.312,-179.95,167.176,-155.091,-28.295,-53.571,-0.149,-98.178,-62.929,0.0,0.0,-0.06,0.0,0.003,0.0,-1.277,46.753,86.378,-10.954,0.089,2.534,-2.106,1.345,-4.217,0.0,1.39,-3.715,
2025-08-06 06:21:46.783,pick_to_retreat_feeder,885.19,402.136,982.812,75.312,-179.95,167.176,-155.109,-28.29,-53.615,-0.149,-98.163,-62.96,-0.423,0.27,-0.848,0.0,0.279,-0.747,-2.802,47.962,85.271,-10.933,0.271,2.463,-7.018,5.051,-8.27,0.0,3.364,-6.39,
2025-08-06 06:21:46.882,pick_to_retreat_feeder,885.124,400.088,982.813,75.312,-179.95,167.176,-155.2,-28.225,-53.744,-0.149,-98.112,-63.07,-1.397,1.005,-1.705,0.0,0.672,-1.272,-7.444,54.557,85.516,-11.107,0.446,2.384,-9.352,7.907,-9.222,0.0,4.003,-8.525,
2025-08-06 06:21:46.982,pick_to_retreat_feeder,885.008,396.516,982.816,75.312,-179.95,167.176,-155.388,-28.076,-53.97,-0.149,-98.029,-63.258,-2.284,1.844,-2.683,0.0,1.076,-2.443,-9.109,57.809,85.584,-11.148,0.637,2.365,-7.601,5.628,-7.944,0.008,2.891,-8.141,
2025-08-06 06:21:47.083,pick_to_retreat_feeder,884.85,391.686,982.82,75.312,-179.95,167.176,-155.657,-27.874,-54.274,-0.149,-97.917,-63.512,-2.924,2.137,-3.302,0.002,1.253,-2.908,-7.727,56.998,84.983,-11.052,0.876,2.356,-3.798,1.75,-3.798,0.0,0.633,-2.944,
2025-08-06 06:21:47.184,pick_to_retreat_feeder,884.674,386.267,982.825,75.312,-179.95,167.176,-155.957,-27.651,-54.615,-0.148,-97.792,-63.797,-3.052,2.197,-3.45,0.0,1.204,-3.038,-6.335,58.241,84.993,-11.002,0.966,2.358,1.461,-0.606,1.788,-0.008,-1.286,2.489,
2025-08-06 06:21:47.282,pick_to_retreat_feeder,884.506,381.119,982.829,75.312,-179.95,167.176,-156.244,-27.435,-54.934,-0.148,-97.677,-64.077,-2.634,2.016,-2.946,0.0,0.997,-2.413,-4.588,57.008,84.723,-10.881,1.031,2.354,5.757,-3.75,6.405,0.0,-2.458,6.094,
2025-08-06 06:21:47.382,pick_to_retreat_feeder,884.373,377.012,982.833,75.312,-179.95,167.176,-156.474,-27.267,-55.187,-0.147,-97.585,-64.301,-1.912,1.455,-2.182,0.0,0.717,-1.831,-3.42,56.711,84.914,-10.811,1.082,2.354,7.946,-6.381,8.763,0.0,-2.731,7.874,
2025-08-06 06:21:47.484,pick_to_retreat_feeder,884.287,374.384,982.835,75.312,-179.95,167.176,-156.621,-27.157,-55.348,-0.147,-97.525,-64.444,-1.029,0.727,-1.176,0.0,0.446,-0.822,-2.528,56.832,85.084,-10.793,1.104,2.369,7.638,-5.932,8.954,0.0,-3.128,6.995,
2025-08-06 06:21:47.583,pick_to_retreat_feeder,884.249,373.202,982.836,75.312,-179.95,167.176,-156.689,-27.109,-55.423,-0.146,-97.498,-64.514,-0.376,0.263,-0.382,0.0,0.088,-0.425,-2.614,56.702,85.008,-10.792,1.108,2.377,5.191,-3.659,5.862,0.0,-2.251,4.068,waypoint
2025-08-06 06:21:47.682,pick_to_retreat_feeder,884.241,372.968,982.836,75.312,-179.95,167.176,-156.704,-27.097,-55.44,-0.146,-97.492,-64.53,-0.001,0.002,-0.015,0.0,0.0,-0.017,-3.757,58.089,85.182,-10.844,1.059,2.4,1.892,-1.318,1.921,0.0,-0.444,2.138,
2025-08-06 06:21:47.782,pick_to_retreat_feeder,884.241,372.967,982.836,75.312,-179.95,167.176,-156.704,-27.096,-55.44,-0.146,-97.492,-64.531,0.0,0.0,0.0,0.0,0.0,0.0,-4.067,58.268,85.344,-10.887,0.979,2.442,0.033,1.818,-4.05,0.0,1.386,0.083,
2025-08-06 06:21:47.882,pick_to_retreat_feeder,884.035,372.948,982.836,75.312,-179.95,167.176,-156.704,-27.088,-55.456,-0.146,-97.488,-64.531,0.006,0.366,-0.825,0.0,0.277,0.0,-4.143,58.418,85.268,-10.886,0.936,2.48,2.651,14.402,-24.454,0.0,8.676,0.627,
2025-08-06 06:21:47.984,pick_to_retreat_feeder,881.846,372.744,982.837,75.312,-179.95,167.176,-156.681,-26.943,-55.731,-0.146,-97.387,-64.527,0.536,2.91,-4.94,0.0,1.753,0.127,-2.928,64.429,84.842,-10.891,0.93,2.534,7.961,35.429,-53.988,0.034,19.775,7.939,
2025-08-06 06:21:48.082,pick_to_retreat_feeder,875.474,372.15,982.839,75.312,-179.95,167.176,-156.572,-26.437,-56.552,-0.144,-97.093,-64.408,1.598,7.452,-11.623,0.007,4.232,1.588,0.341,73.042,85.164,-10.919,0.792,2.814,11.571,46.98,-71.388,0.012,24.333,13.389,
2025-08-06 06:21:48.182,pick_to_retreat_feeder,863.439,371.029,982.843,75.312,-179.95,167.176,-156.354,-25.453,-58.088,-0.137,-96.554,-64.163,2.827,12.211,-19.075,0.002,6.57,2.778,2.354,75.567,84.729,-10.783,0.762,3.057,12.861,48.198,-70.231,0.332,22.202,13.772,
2025-08-06 06:21:48.283,pick_to_retreat_feeder,845.24,369.334,982.848,75.312,-179.95,167.176,-156.0,-23.969,-60.346,-0.131,-95.789,-63.803,4.183,17.14,-25.739,0.073,8.695,4.356,3.18,80.894,84.924,-10.791,0.669,3.153,12.296,42.545,-55.996,0.579,14.205,13.921,
2025-08-06 06:21:48.387,pick_to_retreat_feeder,821.44,367.117,982.855,75.312,-179.95,167.176,-155.515,-22.048,-63.173,-0.123,-94.867,-63.316,5.347,20.933,-30.554,0.121,9.482,5.632,2.965,80.469,84.279,-10.732,0.729,3.176,10.292,29.405,-31.818,-0.124,2.839,10.871,
2025-08-06 06:21:48.485,pick_to_retreat_feeder,793.574,364.521,982.864,75.312,-179.95,167.176,-154.921,-19.848,-66.315,-0.115,-93.91,-62.711,6.262,23.08,-32.166,0.048,9.268,6.552,2.928,80.802,84.303,-10.778,0.822,3.184,8.737,9.512,-3.859,0.194,-6.502,7.408,
2025-08-06 06:21:48.582,pick_to_retreat_feeder,763.866,361.754,982.872,75.312,-179.95,167.176,-154.239,-17.552,-69.484,-0.105,-93.012,-62.02,7.051,22.788,-31.306,0.159,8.214,7.076,3.255,78.439,84.049,-10.777,0.982,3.195,6.047,-4.467,13.181,0.911,-11.995,4.981,
2025-08-06 06:21:48.682,pick_to_retreat_feeder,733.997,358.971,982.881,75.312,-179.95,167.176,-153.503,-15.303,-72.496,-0.095,-92.238,-61.284,7.453,22.2,-29.57,0.228,6.905,7.533,3.14,77.342,83.606,-10.712,1.057,3.203,5.151,-4.943,16.384,0.343,-11.013,4.379,
2025-08-06 06:21:48.783,pick_to_retreat_feeder,704.127,356.189,982.89,75.312,-179.95,167.176,-152.718,-13.116,-75.346,-0.085,-91.577,-60.499,8.086,21.795,-28.013,0.228,6.001,7.956,3.019,81.064,83.705,-10.701,1.045,3.195,6.106,-3.583,15.648,-0.971,-9.555,5.434,
2025-08-06 06:21:48.884,pick_to_retreat_feeder,674.257,353.406,982.899,75.312,-179.95,167.176,-151.878,-10.963,-78.044,-0.076,-91.026,-59.653,8.687,21.476,-26.409,0.032,4.975,8.631,3.047,83.763,84.016,-10.757,1.043,3.215,7.1,-4.798,16.534,-1.139,-10.098,6.824,
2025-08-06 06:21:48.983,pick_to_retreat_feeder,644.387,350.624,982.908,75.312,-179.95,167.176,-150.972,-8.849,-80.609,-0.065,-90.58,-58.751,9.506,20.835,-24.706,0.0,3.981,9.321,3.447,85.417,84.055,-10.707,1.064,3.202,6.82,-2.89,13.447,0.172,-9.852,7.671,
2025-08-06 06:21:49.084,pick_to_retreat_feeder,614.518,347.842,982.917,75.312,-179.95,167.176,-149.996,-6.759,-83.048,-0.052,-90.235,-57.769,10.051,20.898,-23.719,0.066,3.004,10.165,3.407,87.058,83.857,-10.662,1.041,3.197,6.676,-1.192,10.178,0.278,-10.147,7.206,
2025-08-06 06:21:49.186,pick_to_retreat_feeder,584.648,345.059,982.926,75.312,-179.95,167.176,-148.943,-4.699,-85.355,-0.044,-89.981,-56.713,10.862,20.593,-22.64,0.056,1.921,10.784,3.525,88.445,84.006,-10.688,1.012,3.198,9.864,-4.046,12.406,0.027,-8.685,8.798,
2025-08-06 06:21:49.282,pick_to_retreat_feeder,554.778,342.277,982.935,75.312,-179.95,167.176,-147.8,-2.664,-87.554,-0.03,-89.823,-55.569,12.004,20.097,-21.263,0.071,1.285,11.907,4.124,89.285,84.048,-10.638,0.994,3.196,10.497,-2.283,11.521,-0.094,-8.283,10.894,
2025-08-06 06:21:49.382,pick_to_retreat_feeder,524.909,339.494,982.944,75.312,-179.95,167.176,-146.559,-0.653,-89.633,-0.021,-89.752,-54.333,12.919,20.145,-20.382,0.038,0.298,12.919,4.144,90.171,84.191,-10.64,1.0,3.21,10.12,-1.457,9.465,0.002,-9.134,10.771,
2025-08-06 06:21:49.483,pick_to_retreat_feeder,495.039,336.712,982.953,75.312,-179.95,167.176,-145.213,1.34,-91.608,-0.01,-89.76,-52.977,14.038,19.804,-19.36,0.072,-0.551,14.072,4.352,90.758,83.851,-10.559,0.825,3.211,12.317,-4.304,11.641,0.175,-8.705,12.039,
2025-08-06 06:21:49.582,pick_to_retreat_feeder,465.169,333.929,982.962,75.312,-179.95,167.176,-143.737,3.3,-93.472,0.001,-89.863,-51.505,15.382,19.285,-18.054,0.073,-1.443,15.327,4.945,91.116,84.247,-10.578,0.387,3.204,14.136,-2.233,11.882,-0.266,-8.455,12.997,
2025-08-06 06:21:49.683,pick_to_retreat_feeder,435.3,331.147,982.971,75.312,-179.95,167.176,-142.126,5.236,-95.231,0.012,-90.044,-49.894,16.865,19.357,-16.984,0.018,-2.242,16.671,5.11,91.837,84.592,-10.592,0.064,3.218,15.422,-0.883,10.003,-0.312,-7.225,15.409,
2025-08-06 06:21:49.783,pick_to_retreat_feeder,405.43,328.365,982.98,75.312,-179.95,167.176,-140.355,7.147,-96.883,0.022,-90.301,-48.121,18.482,19.107,-16.043,0.01,-2.896,18.424,5.403,92.569,84.718,-10.592,-0.058,3.237,17.692,-4.753,9.532,0.141,-6.667,18.55,
2025-08-06 06:21:49.883,pick_to_retreat_feeder,375.56,325.582,982.989,75.312,-179.95,167.176,-138.408,9.02,-98.432,0.033,-90.628,-46.176,20.404,18.407,-15.078,0.047,-3.575,20.381,5.781,93.053,84.631,-10.549,-0.09,3.253,20.114,-5.54,10.334,0.201,-6.379,21.135,
2025-08-06 06:21:49.983,pick_to_retreat_feeder,345.69,322.8,982.998,75.312,-179.95,167.176,-136.265,10.851,-99.877,0.045,-91.02,-44.032,22.505,17.999,-13.976,0.05,-4.171,22.651,6.142,93.636,84.594,-10.52,-0.104,3.252,21.437,-3.083,10.938,-0.019,-6.152,22.635,
2025-08-06 06:21:50.087,pick_to_retreat_feeder,315.821,320.017,983.007,75.312,-179.95,167.176,-133.894,12.641,-101.216,0.057,-91.469,-41.659,24.777,17.778,-12.846,0.043,-4.831,24.999,6.527,95.093,84.837,-10.525,-0.147,3.258,21.841,-6.902,12.99,-0.054,-5.156,21.174,
2025-08-06 06:21:50.182,pick_to_retreat_feeder,286.199,317.258,983.016,75.312,-179.95,167.176,-131.287,14.368,-102.441,0.068,-91.967,-39.053,26.851,16.626,-11.391,0.04,-5.197,26.865,6.781,95.156,84.835,-10.533,-0.142,3.268,8.327,-17.214,17.799,-0.14,-0.308,5.606,
2025-08-06 06:21:50.282,pick_to_retreat_feeder,258.68,314.694,983.024,75.312,-179.95,167.176,-128.596,15.925,-103.491,0.078,-92.468,-36.372,26.401,14.421,-9.376,0.015,-4.891,26.092,5.667,94.043,84.574,-10.583,-0.1,3.264,-18.138,-27.313,21.702,-0.082,6.147,-20.62,
2025-08-06 06:21:50.383,pick_to_retreat_feeder,235.438,312.529,983.031,75.312,-179.95,167.176,-126.098,17.191,-104.307,0.087,-92.91,-33.883,23.206,11.136,-7.029,0.023,-3.962,22.72,3.849,94.273,84.787,-10.703,-0.01,3.246,-43.925,-34.948,23.69,-0.076,9.547,-44.472,
2025-08-06 06:21:50.482,pick_to_retreat_feeder,217.908,310.896,983.036,75.312,-179.95,167.176,-124.063,18.112,-104.883,0.092,-93.251,-31.859,17.616,7.431,-4.638,0.0,-2.981,17.198,1.667,95.413,85.038,-10.804,-0.004,3.242,-62.062,-33.544,22.362,-0.114,11.627,-60.346,
2025-08-06 06:21:50.584,pick_to_retreat_feeder,206.54,309.837,983.04,75.312,-179.95,167.176,-122.655,18.697,-105.237,0.095,-93.48,-30.463,10.731,4.393,-2.535,0.0,-1.625,10.591,-0.179,98.072,85.025,-10.849,-0.054,3.264,-63.5,-28.106,17.613,-0.001,11.339,-61.761,
2025-08-06 06:21:50.685,pick_to_retreat_feeder,200.716,309.295,983.041,75.312,-179.95,167.176,-121.903,18.997,-105.415,0.097,-93.597,-29.722,4.725,1.726,-1.062,0.0,-0.679,4.66,-0.663,100.048,84.858,-10.84,-0.107,3.253,-49.151,-21.025,11.683,-0.001,7.591,-48.367,
2025-08-06 06:21:50.784,pick_to_retreat_feeder,198.862,309.122,983.042,75.312,-179.95,167.176,-121.649,19.086,-105.472,0.097,-93.637,-29.479,0.901,0.188,-0.198,0.0,-0.107,0.917,0.232,101.684,84.839,-10.754,-0.156,3.252,-23.626,-8.63,5.308,0.0,3.397,-23.301,
2025-08-06 06:21:50.885,pick_to_retreat_feeder,198.731,309.11,983.042,75.312,-179.95,167.176,-121.63,19.089,-105.478,0.098,-93.641,-29.456,0.0,0.0,-0.0,0.0,0.0,0.0,1.265,103.926,85.047,-10.702,-0.225,3.217,-4.527,-0.945,0.995,0.0,0.536,-4.609,waypoint
2025-08-06 06:21:50.983,pick_to_retreat_feeder,198.716,309.114,983.034,75.314,-179.95,167.178,-121.633,19.089,-105.478,0.098,-93.641,-29.456,0.0,0.0,0.0,0.0,0.0,0.0,1.341,103.988,85.139,-10.639,-0.189,3.17,19.155,2.471,-8.745,0.0,5.098,21.44,
2025-08-06 06:21:51.083,pick_to_retreat_feeder,197.418,309.48,982.377,75.464,-179.95,167.313,-121.495,19.099,-105.546,0.098,-93.602,-29.304,3.793,0.489,-1.732,0.0,1.009,4.245,4.289,103.308,83.946,-10.414,-0.022,3.207,61.354,10.066,-25.139,0.0,15.421,58.572,
2025-08-06 06:21:51.182,pick_to_retreat_feeder,191.885,310.974,979.575,76.094,-179.951,167.882,-120.707,19.222,-105.876,0.097,-93.407,-28.539,12.21,2.003,-5.003,0.0,3.069,11.656,9.503,103.721,82.896,-10.087,0.267,3.28,87.651,15.022,-34.347,0.0,19.906,78.517,
2025-08-06 06:21:51.286,pick_to_retreat_feeder,180.55,313.718,973.823,77.35,-179.954,169.013,-119.002,19.507,-106.566,0.098,-93.0,-26.944,21.586,3.539,-8.704,0.0,5.05,20.184,11.513,103.906,82.196,-9.941,0.493,3.309,79.479,13.76,-30.958,0.009,18.298,71.846,
2025-08-06 06:21:51.385,pick_to_retreat_feeder,164.085,316.952,965.425,79.081,-179.957,170.563,-116.463,19.928,-107.582,0.102,-92.404,-24.58,28.344,4.797,-11.287,0.002,6.783,26.241,10.786,104.513,82.325,-9.984,0.556,3.339,43.3,7.478,-16.344,0.001,10.613,39.383,
2025-08-06 06:21:51.483,pick_to_retreat_feeder,145.157,319.584,955.68,80.908,-179.961,172.181,-113.489,20.425,-108.765,0.107,-91.71,-21.831,30.116,5.012,-11.924,0.0,7.141,27.942,7.256,106.216,83.855,-10.348,0.602,3.358,8.784,0.571,-3.227,-0.006,1.67,9.374,
2025-08-06 06:21:51.582,pick_to_retreat_feeder,126.157,321.066,945.763,82.515,-179.965,173.577,-110.477,20.921,-109.966,0.11,-91.006,-19.039,30.074,4.909,-11.923,0.001,7.112,28.087,4.92,108.841,84.613,-10.617,0.601,3.38,-0.497,-0.035,-0.302,0.095,0.233,-0.019,
2025-08-06 06:21:51.683,pick_to_retreat_feeder,107.386,321.382,935.79,83.796,-179.969,174.646,-107.469,21.421,-111.167,0.113,-90.304,-16.252,30.016,5.005,-11.985,0.019,7.188,27.939,4.822,109.891,84.426,-10.597,0.569,3.398,-0.53,0.908,-0.967,0.003,0.695,-2.003,
2025-08-06 06:21:51.782,pick_to_retreat_feeder,88.916,320.56,925.763,84.62,-179.972,175.259,-104.463,21.93,-112.368,0.116,-89.599,-13.472,29.968,5.091,-12.116,0.001,7.251,27.687,4.708,110.634,84.191,-10.563,0.512,3.426,-0.328,0.183,-0.574,-0.088,0.028,-0.887,
2025-08-06 06:21:51.883,pick_to_retreat_feeder,70.818,318.633,915.682,84.785,-179.976,175.212,-101.461,22.435,-113.567,0.119,-88.896,-10.683,29.951,5.041,-12.099,0.001,7.193,27.761,4.588,111.503,84.368,-10.586,0.491,3.474,-0.187,0.674,0.9,-0.006,-0.302,1.598,
2025-08-06 06:21:51.984,pick_to_retreat_feeder,53.159,315.638,905.55,83.947,-179.98,174.163,-98.459,22.933,-114.766,0.122,-88.194,-7.898,29.931,5.227,-11.934,0.0,7.19,28.009,4.454,112.648,84.836,-10.634,0.476,3.536,-5.662,0.069,3.012,0.084,-1.458,-4.897,
2025-08-06 06:21:52.083,pick_to_retreat_feeder,36.202,311.667,895.485,81.544,-179.983,171.552,-95.484,23.437,-115.955,0.126,-87.496,-5.136,28.818,5.055,-11.497,0.018,6.902,26.782,4.039,112.696,85.031,-10.669,0.485,3.603,-36.101,-7.589,15.02,0.0,-9.676,-35.533,
2025-08-06 06:21:52.183,pick_to_retreat_feeder,21.953,307.449,886.726,77.389,-179.986,167.216,-92.87,23.87,-116.997,0.129,-86.888,-2.718,22.747,3.717,-8.945,0.0,5.265,20.938,0.461,113.964,85.862,-10.896,0.515,3.661,-74.572,-13.761,29.769,-0.081,-19.069,-69.578,
2025-08-06 06:21:52.285,pick_to_retreat_feeder,12.412,304.145,880.679,72.787,-179.988,162.489,-91.044,24.164,-117.72,0.13,-86.464,-1.035,13.755,2.275,-5.484,0.002,3.05,12.727,-2.899,115.958,87.136,-11.192,0.49,3.709,-87.455,-13.77,34.962,0.0,-20.715,-81.479,
2025-08-06 06:21:52.383,pick_to_retreat_feeder,7.832,302.416,877.72,69.832,-179.989,159.474,-90.126,24.325,-118.083,0.131,-86.253,-0.201,5.256,0.963,-1.953,0.0,1.122,4.643,-3.687,116.239,87.577,-11.249,0.467,3.711,-67.553,-11.388,26.989,-0.01,-15.114,-62.205,
2025-08-06 06:21:52.483,pick_to_retreat_feeder,6.765,301.999,877.024,69.059,-179.989,158.687,-89.896,24.373,-118.172,0.131,-86.198,0.007,0.379,0.021,-0.14,0.0,0.057,0.41,-1.714,115.284,86.768,-11.065,0.417,3.716,-26.388,-4.813,9.763,0.0,-5.609,-23.213,waypoint
2025-08-06 06:21:52.583,pick_to_retreat_feeder,6.752,301.994,877.016,69.05,-179.989,158.678,-89.894,24.374,-118.175,0.131,-86.197,0.013,-0.022,0.0,0.0,0.0,0.0,0.0,0.897,113.795,85.667,-10.76,0.289,3.666,-1.988,-0.104,0.712,0.0,-0.285,-2.052,
2025-08-06 06:21:52.683,pick_to_retreat_feeder,6.752,301.994,877.016,69.05,-179.989,158.678,-89.901,24.374,-118.174,0.131,-86.197,0.013,-0.018,0.0,0.002,0.0,0.0,0.0,0.767,112.938,85.488,-10.667,0.209,3.606,-0.412,0.0,0.001,0.0,0.0,0.0,
2025-08-06 06:21:52.784,pick_to_retreat_feeder,6.752,301.994,877.016,69.05,-179.989,158.678,-89.912,24.374,-118.174,0.131,-86.197,0.013,-0.105,0.0,0.0,0.0,0.0,0.0,-0.168,112.779,85.546,-10.662,0.128,3.567,2.902,-0.001,0.817,0.0,0.0,0.0,
2025-08-06 06:21:52.882,pick_to_retreat_feeder,6.561,302.118,877.047,69.119,-179.989,158.711,-89.906,24.379,-118.167,0.131,-86.198,0.013,0.559,-0.0,0.165,0.0,0.0,0.0,-0.131,112.553,85.809,-10.653,0.014,3.524,20.972,-2.34,4.778,0.0,1.416,0.0,
2025-08-06 06:21:52.983,pick_to_retreat_feeder,5.111,303.055,877.284,69.645,-179.989,158.963,-89.693,24.367,-118.114,0.13,-86.186,0.013,4.069,-0.466,0.951,0.0,0.282,0.0,4.837,111.122,86.99,-10.649,0.178,3.477,44.366,-13.982,9.292,0.0,3.252,0.0,
2025-08-06 06:21:53.084,pick_to_retreat_feeder,1.237,305.499,877.903,71.041,-179.989,159.635,-89.016,24.197,-117.961,0.13,-86.142,0.012,9.521,-2.825,2.042,0.0,0.657,0.0,9.215,99.283,87.132,-10.521,0.489,3.441,58.208,-20.427,11.83,0.0,3.157,0.0,
2025-08-06 06:21:53.184,pick_to_retreat_feeder,-5.919,309.797,878.999,73.588,-179.989,160.875,-87.742,23.828,-117.682,0.129,-86.063,0.011,15.769,-4.571,3.329,0.0,0.916,0.0,10.988,95.569,87.625,-10.553,0.541,3.42,62.52,-16.953,13.512,-0.005,3.442,-0.018,
2025-08-06 06:21:53.283,pick_to_retreat_feeder,-16.81,315.834,880.563,77.397,-179.99,162.759,-85.849,23.289,-117.27,0.128,-85.948,0.01,21.963,-6.198,4.731,-0.001,1.342,-0.004,11.575,93.105,87.577,-10.577,0.556,3.404,54.932,-15.141,12.637,-0.046,3.585,0.0,
2025-08-06 06:21:53.384,pick_to_retreat_feeder,-31.382,323.039,882.48,82.389,-179.99,165.282,-83.398,22.592,-116.74,0.121,-85.797,0.009,26.755,-7.6,5.856,-0.009,1.633,0.0,10.873,92.571,87.53,-10.709,0.553,3.393,38.619,-11.059,8.832,-0.114,2.852,0.018,
2025-08-06 06:21:53.482,pick_to_retreat_feeder,-48.989,330.537,884.564,88.296,-179.991,168.344,-80.555,21.786,-116.126,0.117,-85.626,0.007,29.648,-8.399,6.489,-0.024,1.909,0.0,9.183,93.47,87.367,-10.801,0.513,3.381,16.393,-4.114,3.379,-0.034,1.154,0.0,
2025-08-06 06:21:53.583,pick_to_retreat_feeder,-68.401,337.421,886.613,94.691,-179.991,171.747,-77.551,20.938,-115.478,0.111,-85.444,0.005,30.017,-8.418,6.529,-0.016,1.863,0.0,6.446,94.684,86.768,-10.913,0.463,3.364,1.786,-0.041,0.041,0.08,-0.804,-0.001,
2025-08-06 06:21:53.683,pick_to_retreat_feeder,-88.726,343.215,888.517,101.294,-179.991,175.35,-74.543,20.094,-114.828,0.105,-85.261,0.003,30.007,-8.407,6.497,-0.007,1.748,-0.0,5.87,95.038,86.985,-11.006,0.443,3.345,-0.314,0.458,-1.031,0.051,-0.552,0.0,
2025-08-06 06:21:53.783,pick_to_retreat_feeder,-109.852,347.826,890.27,108.088,-179.992,179.143,-71.54,19.259,-114.178,0.101,-85.077,0.002,29.954,-8.327,6.323,-0.006,1.753,0.0,5.963,92.131,86.486,-10.971,0.473,3.334,-0.328,0.39,-0.259,0.004,0.544,0.001,
2025-08-06 06:21:53.883,pick_to_retreat_feeder,-131.712,351.184,891.872,115.068,-179.992,-176.878,-68.536,18.421,-113.528,0.096,-84.894,0.002,29.941,-8.329,6.445,-0.007,1.857,0.0,6.094,91.691,86.801,-11.024,0.489,3.327,-0.309,-0.131,0.993,0.028,0.782,0.0,
2025-08-06 06:21:53.984,pick_to_retreat_feeder,-154.232,353.221,893.322,122.223,-179.992,-172.723,-65.536,17.587,-112.877,0.091,-84.712,0.001,29.892,-8.353,6.522,0.0,1.91,0.0,6.598,88.763,86.445,-10.994,0.516,3.32,-0.081,0.598,0.885,0.034,0.593,0.0,
2025-08-06 06:21:54.084,pick_to_retreat_feeder,-177.333,353.875,894.619,129.538,-179.993,-168.408,-62.534,16.754,-112.228,0.086,-84.528,0.001,29.925,-8.209,6.623,0.0,1.976,0.0,6.492,88.875,86.439,-11.043,0.492,3.318,0.241,0.159,0.26,-0.016,-0.376,0.0,
2025-08-06 06:21:54.184,pick_to_retreat_feeder,-200.932,353.089,895.763,136.99,-179.993,-163.957,-59.535,15.921,-111.578,0.081,-84.346,0.001,29.94,-8.321,6.574,-0.003,1.835,0.0,7.208,86.524,86.497,-11.032,0.518,3.31,-0.094,-0.421,-0.882,0.0,-1.018,0.0,
2025-08-06 06:21:54.283,pick_to_retreat_feeder,-224.941,350.81,896.752,144.55,-179.993,-159.397,-56.534,15.09,-110.929,0.076,-84.164,0.001,29.906,-8.293,6.448,0.0,1.773,0.0,6.949,85.678,86.319,-11.058,0.528,3.316,0.152,-0.006,-0.11,0.014,-0.171,0.0,
2025-08-06 06:21:54.383,pick_to_retreat_feeder,-249.267,346.99,897.587,152.185,-179.993,-154.762,-53.535,14.255,-110.278,0.072,-83.98,0.001,29.971,-8.322,6.552,-0.0,1.801,0.0,7.556,84.551,86.68,-11.06,0.554,3.31,0.121,-0.06,0.182,-0.001,0.485,0.0,
2025-08-06 06:21:54.483,pick_to_retreat_feeder,-273.813,341.589,898.267,159.857,-179.993,-150.091,-50.535,13.425,-109.628,0.067,-83.798,0.001,29.93,-8.305,6.484,-0.0,1.87,0.0,7.464,83.079,86.173,-11.029,0.576,3.302,-0.033,-0.053,0.102,0.002,0.586,0.0,
2025-08-06 06:21:54.584,pick_to_retreat_feeder,-298.48,334.57,898.791,167.525,-179.993,-145.423,-47.535,12.592,-108.979,0.062,-83.615,0.001,29.964,-8.333,6.573,0.0,1.919,0.0,7.927,82.674,86.474,-11.086,0.608,3.296,-0.211,-0.056,-0.058,0.0,0.089,0.0,
2025-08-06 06:21:54.683,pick_to_retreat_feeder,-323.162,325.905,899.158,175.152,-179.993,-140.796,-44.537,11.761,-108.328,0.057,-83.434,0.001,29.888,-8.316,6.472,-0.0,1.888,0.0,8.094,80.45,86.073,-11.038,0.634,3.305,0.102,0.215,-0.672,-0.008,-0.934,0.0,
2025-08-06 06:21:54.784,pick_to_retreat_feeder,-347.754,315.571,899.369,2.699,179.993,43.751,-41.535,10.926,-107.679,0.053,-83.251,0.001,29.984,-8.29,6.438,-0.002,1.732,0.0,8.171,80.914,86.383,-11.093,0.626,3.293,0.376,0.161,-0.343,-0.015,-0.754,0.0,
2025-08-06 06:21:54.883,pick_to_retreat_feeder,-372.147,303.553,899.423,10.135,179.993,48.187,-38.538,10.095,-107.029,0.048,-83.068,0.001,29.963,-8.284,6.404,-0.003,1.737,0.0,8.347,79.013,86.159,-11.064,0.622,3.293,-0.074,0.115,0.584,-0.086,0.426,0.0,
2025-08-06 06:21:54.982,pick_to_retreat_feeder,-396.23,289.841,899.319,17.433,179.993,52.485,-35.537,9.263,-106.379,0.044,-82.884,0.002,29.97,-8.267,6.554,-0.019,1.816,0.0,8.247,79.023,86.037,-11.084,0.624,3.292,0.082,-0.188,1.241,-0.018,0.45,0.0,
2025-08-06 06:21:55.083,pick_to_retreat_feeder,-419.89,274.434,899.057,24.572,179.993,56.623,-32.539,8.43,-105.729,0.039,-82.7,0.002,29.98,-8.321,6.652,-0.007,1.827,0.0,8.759,77.354,86.147,-11.107,0.655,3.28,0.094,-0.053,-0.094,0.072,0.493,0.0,
2025-08-06 06:21:55.184,pick_to_retreat_feeder,-443.013,257.339,898.636,31.537,179.993,60.588,-29.539,7.598,-105.079,0.034,-82.518,0.002,29.989,-8.278,6.535,-0.004,1.916,0.0,8.464,77.667,85.837,-11.087,0.617,3.283,0.286,0.461,-0.965,-0.021,0.358,0.0,
2025-08-06 06:21:55.284,pick_to_retreat_feeder,-465.485,238.568,898.057,38.319,179.993,64.371,-26.541,6.765,-104.43,0.03,-82.337,0.002,30.037,-8.229,6.458,-0.011,1.899,0.0,9.226,76.654,86.328,-11.121,0.649,3.279,0.104,0.028,-0.071,0.019,-0.736,0.0,
2025-08-06 06:21:55.382,pick_to_retreat_feeder,-487.192,218.143,897.319,44.915,179.993,67.967,-23.541,5.935,-103.778,0.025,-82.153,0.002,30.009,-8.272,6.521,-0.0,1.77,0.0,9.01,75.682,85.767,-11.067,0.661,3.284,0.18,-0.599,0.268,-0.038,-0.584,0.0,
2025-08-06 06:21:55.484,pick_to_retreat_feeder,-508.019,196.092,896.422,51.324,179.993,71.376,-20.541,5.099,-103.13,0.021,-81.971,0.003,30.073,-8.349,6.512,-0.018,1.782,0.0,9.477,75.79,86.041,-11.135,0.683,3.278,-0.074,-0.167,0.188,-0.038,-0.021,0.0,
2025-08-06 06:21:55.583,pick_to_retreat_feeder,-527.853,172.452,895.366,57.55,179.992,74.602,-17.542,4.269,-102.479,0.016,-81.788,0.003,29.995,-8.306,6.559,-0.008,1.766,0.0,9.322,74.669,85.756,-11.097,0.699,3.297,-0.128,0.088,-0.176,0.057,0.625,0.0,
2025-08-06 06:21:55.684,pick_to_retreat_feeder,-546.583,147.267,894.15,63.599,179.992,77.651,-14.543,3.436,-101.831,0.011,-81.605,0.003,30.048,-8.331,6.476,-0.007,1.907,0.0,9.655,74.935,85.919,-11.142,0.717,3.297,-0.007,-0.09,-1.157,0.034,0.786,0.0,
2025-08-06 06:21:55.783,pick_to_retreat_feeder,-564.097,120.587,892.775,69.477,179.992,80.529,-11.545,2.604,-101.18,0.007,-81.424,0.003,29.993,-8.324,6.327,-0.001,1.923,0.0,9.875,73.393,85.822,-11.122,0.735,3.294,-4.961,1.213,-1.284,0.029,-0.782,0.0,
2025-08-06 06:21:55.883,pick_to_retreat_feeder,-580.096,92.831,891.259,75.122,179.992,83.212,-8.572,1.777,-100.536,0.002,-81.243,0.004,29.061,-8.09,6.221,-0.001,1.752,0.0,8.99,74.651,85.523,-11.131,0.692,3.297,-22.247,5.904,-4.08,-0.083,-1.96,0.0,
2025-08-06 06:21:55.982,pick_to_retreat_feeder,-593.575,66.144,889.729,80.177,179.992,85.544,-5.822,1.009,-99.944,-0.002,-81.075,0.004,25.566,-7.149,5.516,-0.018,1.533,0.0,6.049,76.941,85.642,-11.315,0.675,3.316,-43.109,11.988,-9.215,-0.043,-2.117,0.0,
2025-08-06 06:21:56.083,pick_to_retreat_feeder,-603.867,43.058,888.352,84.301,179.991,87.397,-3.514,0.365,-99.445,-0.006,-80.934,0.005,20.439,-5.692,4.378,-0.01,1.328,0.0,2.472,80.271,85.509,-11.464,0.617,3.331,-56.988,15.654,-11.965,0.087,-3.107,0.001,
2025-08-06 06:21:56.183,pick_to_retreat_feeder,-610.92,25.453,887.271,87.311,179.991,88.721,-1.79,-0.119,-99.074,-0.008,-80.831,0.006,14.111,-4.003,3.111,0.0,0.908,0.0,0.401,80.732,85.34,-11.566,0.633,3.356,-60.865,17.302,-12.923,0.048,-4.219,0.0,
2025-08-06 06:21:56.284,pick_to_retreat_feeder,-615.125,14.091,886.558,89.198,179.991,89.538,-0.683,-0.429,-98.837,-0.01,-80.764,0.008,8.205,-2.214,1.78,-0.0,0.48,0.0,-0.757,82.072,85.718,-11.635,0.636,3.373,-53.756,15.312,-12.025,-0.002,-3.845,-0.001,
2025-08-06 06:21:56.384,pick_to_retreat_feeder,-617.118,8.438,886.2,90.121,179.991,89.934,-0.13,-0.577,-98.715,-0.01,-80.729,0.009,3.306,-0.925,0.693,-0.0,0.135,0.0,0.277,79.593,85.763,-11.575,0.67,3.388,-38.798,10.807,-8.022,0.001,-2.396,0.0,
2025-08-06 06:21:56.484,pick_to_retreat_feeder,-617.686,6.794,886.095,90.388,179.991,90.048,0.033,-0.621,-98.681,-0.011,-80.717,0.011,0.445,-0.053,0.176,0.0,0.001,0.0,2.552,76.942,85.889,-11.432,0.703,3.393,-16.368,4.579,-3.433,0.002,-0.671,0.0,waypoint
2025-08-06 06:21:56.586,pick_to_retreat_feeder,-617.713,6.715,886.09,90.401,179.991,90.054,0.037,-0.622,-98.677,-0.011,-80.717,0.012,0.0,0.0,0.0,0.0,0.0,0.0,5.14,74.774,85.745,-11.246,0.695,3.389,-2.312,0.265,-0.884,0.0,-0.004,0.0,
2025-08-06 06:21:56.683,pick_to_retreat_feeder,-617.736,6.725,886.079,90.418,179.991,90.066,0.034,-0.622,-98.677,-0.011,-80.717,0.012,-0.015,-0.0,0.0,0.0,0.0,0.0,5.53,73.764,85.639,-11.186,0.654,3.382,-4.027,-6.181,3.966,0.0,4.106,-29.104,
2025-08-06 06:21:56.782,retreat_feeder_to_approach_middlecase,-618.715,7.137,885.625,91.131,179.991,90.564,0.0,-0.662,-98.646,-0.011,-80.685,-0.155,-0.789,-1.211,0.777,0.0,0.805,-5.704,4.351,70.908,85.98,-11.21,0.809,3.166,-10.353,-21.886,11.348,-0.002,12.437,-72.58,
2025-08-06 06:21:56.883,retreat_feeder_to_approach_middlecase,-622.595,8.772,883.823,93.779,179.99,92.358,-0.144,-0.932,-98.502,-0.012,-80.528,-1.139,-2.085,-4.377,2.27,-0.0,2.487,-14.516,2.565,62.594,85.573,-11.132,1.083,2.683,-16.8,-36.264,16.879,-0.266,18.008,-107.723,
2025-08-06 06:21:56.982,retreat_feeder_to_approach_middlecase,-630.904,12.272,879.964,98.645,179.989,95.396,-0.453,-1.571,-98.18,-0.019,-80.192,-3.232,-4.149,-8.464,4.153,-0.053,4.406,-27.249,1.022,58.696,85.302,-11.178,1.24,2.48,-18.054,-42.389,22.649,-0.298,17.684,-130.565,
2025-08-06 06:21:57.084,retreat_feeder_to_approach_middlecase,-644.401,17.958,873.697,104.87,179.987,98.651,-0.945,-2.644,-97.627,-0.028,-79.663,-6.64,-5.714,-12.897,6.822,-0.06,6.042,-40.759,1.145,57.138,85.198,-11.229,1.349,2.332,-14.184,-42.666,26.355,-0.276,15.998,-125.358,
2025-08-06 06:21:57.183,retreat_feeder_to_approach_middlecase,-662.95,25.772,865.083,111.329,179.984,101.029,-1.59,-4.15,-96.815,-0.039,-78.972,-11.32,-7.0,-17.04,9.451,-0.109,7.622,-52.446,1.169,56.181,85.313,-11.249,1.387,2.213,-9.399,-35.571,25.721,-0.115,9.755,-97.163,
2025-08-06 06:21:57.283,retreat_feeder_to_approach_middlecase,-685.539,35.288,854.593,117.355,179.98,102.084,-2.33,-6.008,-95.744,-0.052,-78.193,-16.998,-7.585,-19.976,11.941,-0.083,7.983,-60.095,1.169,58.579,85.276,-11.203,1.268,2.218,-2.868,-21.182,20.705,0.288,-0.072,-54.556,
2025-08-06 06:21:57.383,retreat_feeder_to_approach_middlecase,-710.461,45.786,843.02,122.715,179.976,101.961,-3.098,-8.079,-94.456,-0.066,-77.417,-23.232,-7.574,-21.277,13.592,-0.051,7.608,-63.357,1.274,60.842,85.005,-11.126,1.125,2.245,2.865,-6.153,14.01,0.166,-7.014,-14.167,
2025-08-06 06:21:57.483,retreat_feeder_to_approach_middlecase,-735.871,56.49,831.22,127.388,179.972,101.044,-3.828,-10.21,-93.037,-0.078,-76.717,-29.553,-7.012,-21.207,14.743,-0.05,6.58,-62.928,0.949,65.563,85.344,-11.123,1.021,2.261,5.003,0.492,10.311,0.009,-9.666,4.777,
2025-08-06 06:21:57.583,retreat_feeder_to_approach_middlecase,-761.281,67.195,819.42,131.575,179.968,99.64,-4.508,-12.34,-91.508,-0.091,-76.117,-35.816,-6.573,-21.178,15.654,-0.049,5.675,-62.402,1.231,64.437,85.309,-11.099,1.059,2.26,4.293,-1.193,10.144,0.17,-9.859,3.356,
2025-08-06 06:21:57.685,retreat_feeder_to_approach_middlecase,-786.691,77.899,807.62,135.447,179.964,97.92,-5.139,-14.476,-89.876,-0.103,-75.616,-42.035,-6.144,-21.448,16.792,-0.016,4.589,-62.25,1.299,62.772,85.035,-11.026,1.113,2.255,4.229,-1.847,11.271,-0.087,-10.071,4.149,
2025-08-06 06:21:57.784,retreat_feeder_to_approach_middlecase,-812.102,88.603,795.82,139.102,179.96,95.985,-5.733,-16.62,-88.132,-0.115,-75.212,-48.215,-5.723,-21.549,17.919,-0.067,3.65,-61.568,1.449,59.836,84.918,-10.957,1.197,2.266,3.759,-1.405,12.419,-0.23,-10.029,5.001,
2025-08-06 06:21:57.883,retreat_feeder_to_approach_middlecase,-837.512,99.308,784.02,142.603,179.956,93.895,-6.287,-18.772,-86.276,-0.126,-74.911,-54.358,-5.4,-21.726,19.251,-0.061,2.603,-61.26,1.531,57.265,85.13,-10.952,1.278,2.266,3.312,-1.057,12.312,0.001,-10.441,2.293,
2025-08-06 06:21:57.984,retreat_feeder_to_approach_middlecase,-862.923,110.012,772.22,145.99,179.952,91.691,-6.806,-20.936,-84.304,-0.137,-74.712,-60.468,-5.061,-21.761,20.382,-0.066,1.562,-61.109,1.571,54.704,85.248,-10.94,1.324,2.256,3.223,-0.966,9.663,0.299,-10.883,3.43,
2025-08-06 06:21:58.087,retreat_feeder_to_approach_middlecase,-888.333,120.716,760.42,149.292,179.948,89.402,-7.293,-23.112,-82.221,-0.146,-74.617,-66.55,-4.743,-21.923,21.222,-0.0,0.383,-60.56,1.77,50.546,84.571,-10.79,1.308,2.249,3.242,-1.718,12.66,0.069,-10.51,3.317,
2025-08-06 06:21:58.183,retreat_feeder_to_approach_middlecase,-913.743,131.421,748.62,152.526,179.944,87.045,-7.751,-25.305,-80.016,-0.153,-74.619,-72.598,-4.416,-22.103,22.901,-0.053,-0.529,-60.449,1.644,46.354,85.079,-10.782,1.201,2.277,2.741,-1.197,12.86,0.0,-11.484,1.91,
2025-08-06 06:21:58.283,retreat_feeder_to_approach_middlecase,-939.148,142.122,736.823,155.707,179.941,84.637,-8.182,-27.512,-77.679,-0.161,-74.74,-78.628,-4.205,-22.158,23.743,-0.0,-1.868,-60.186,1.858,41.882,84.932,-10.705,0.704,2.27,3.551,3.981,4.915,0.078,-11.254,20.874,
2025-08-06 06:21:58.383,retreat_feeder_to_approach_middlecase,-963.848,152.528,725.352,158.76,179.938,82.255,-8.58,-29.701,-75.277,-0.166,-74.966,-84.486,-3.705,-21.307,23.884,-0.037,-2.78,-56.274,2.042,38.364,84.996,-10.669,0.311,2.247,5.587,18.312,-11.967,-0.027,-6.647,62.207,
2025-08-06 06:21:58.483,retreat_feeder_to_approach_middlecase,-985.926,161.828,715.1,161.46,179.935,80.097,-8.922,-31.696,-73.001,-0.172,-75.26,-89.726,-3.088,-18.495,21.349,-0.006,-3.198,-47.745,1.837,38.67,85.271,-10.686,0.065,2.272,7.055,35.427,-32.921,0.114,-0.589,98.021,
2025-08-06 06:21:58.584,retreat_feeder_to_approach_middlecase,-1003.761,169.341,706.818,163.626,179.933,78.339,-9.189,-33.334,-71.066,-0.175,-75.566,-93.972,-2.287,-14.186,17.267,-0.014,-2.898,-36.572,2.189,38.096,86.004,-10.729,-0.03,2.292,8.453,44.534,-47.888,0.014,5.223,115.286,
2025-08-06 06:21:58.684,retreat_feeder_to_approach_middlecase,-1016.467,174.694,700.918,165.161,179.931,77.078,-9.373,-34.525,-69.628,-0.178,-75.825,-97.012,-1.389,-9.544,11.724,-0.003,-2.148,-24.572,2.218,36.657,86.284,-10.736,-0.09,2.328,7.834,45.647,-55.256,0.072,8.507,119.15,
2025-08-06 06:21:58.782,retreat_feeder_to_approach_middlecase,-1024.042,177.885,697.4,166.073,179.93,76.324,-9.477,-35.246,-68.742,-0.178,-75.998,-98.839,-0.736,-5.147,6.326,0.0,-1.214,-12.98,2.531,32.803,86.011,-10.688,-0.09,2.335,5.505,39.833,-48.193,0.014,8.995,102.188,
2025-08-06 06:21:58.882,retreat_feeder_to_approach_middlecase,-1027.374,179.288,695.852,166.474,179.93,75.991,-9.528,-35.565,-68.336,-0.179,-76.078,-99.662,-0.299,-1.657,2.181,0.0,-0.367,-4.339,2.299,27.743,85.729,-10.641,-0.026,2.351,3.658,25.609,-30.779,0.0,5.968,63.927,
2025-08-06 06:21:58.983,retreat_feeder_to_approach_middlecase,-1028.084,179.588,695.523,166.559,179.93,75.921,-9.541,-35.632,-68.243,-0.179,-76.097,-99.837,-0.001,-0.0,0.139,0.0,-0.015,-0.131,3.01,21.66,85.46,-10.591,0.113,2.351,1.494,8.285,-10.914,0.0,1.834,21.694,waypoint
2025-08-06 06:21:59.082,retreat_feeder_to_approach_middlecase,-1028.09,179.59,695.52,166.56,179.93,75.92,-9.541,-35.631,-68.241,-0.179,-76.097,-99.841,0.0,0.0,-0.002,0.0,0.0,0.0,3.388,17.807,84.782,-10.541,0.299,2.385,0.004,0.0,-2.323,0.0,2.141,0.649,
2025-08-06 06:21:59.185,retreat_feeder_to_approach_middlecase,-1028.09,179.59,695.33,166.56,179.93,75.92,-9.541,-35.631,-68.25,-0.179,-76.091,-99.841,0.0,0.0,-0.33,0.0,0.418,0.0,3.755,17.39,84.447,-10.526,0.429,2.417,0.0,-1.55,-13.03,0.0,17.755,0.0,
2025-08-06 06:21:59.283,retreat_feeder_to_approach_middlecase,-1028.09,179.59,692.89,166.56,179.93,75.92,-9.541,-35.638,-68.388,-0.18,-75.908,-99.84,0.0,-0.312,-2.621,0.0,3.569,0.0,3.821,15.268,82.186,-10.325,0.777,2.453,0.0,-9.167,-28.65,-0.001,37.763,0.0,
2025-08-06 06:21:59.382,retreat_feeder_to_approach_middlecase,-1028.09,179.59,685.627,166.56,179.93,75.92,-9.541,-35.737,-68.814,-0.181,-75.34,-99.84,0.0,-1.806,-5.974,-0.0,7.857,0.0,4.145,5.327,79.286,-9.967,1.163,2.483,0.0,-15.512,-33.087,-0.135,46.712,0.0,
2025-08-06 06:21:59.486,retreat_feeder_to_approach_middlecase,-1028.09,179.59,672.296,166.56,179.93,75.92,-9.541,-36.0,-69.587,-0.186,-74.293,-99.839,0.0,-3.461,-9.337,-0.027,13.051,0.0,4.569,0.811,78.061,-9.896,1.324,2.512,0.0,-16.028,-27.984,-0.005,43.156,0.003,
2025-08-06 06:21:59.582,retreat_feeder_to_approach_middlecase,-1028.09,179.59,653.345,166.56,179.93,75.92,-9.54,-36.424,-70.654,-0.19,-72.807,-99.836,0.0,-5.011,-11.571,-0.001,16.488,0.001,4.428,-0.362,78.096,-9.956,1.396,2.535,0.029,-13.749,-15.197,0.05,25.29,0.246,
2025-08-06 06:21:59.682,retreat_feeder_to_approach_middlecase,-1028.09,179.59,630.788,166.56,179.93,75.92,-9.54,-36.983,-71.865,-0.197,-71.047,-99.827,0.006,-6.155,-12.316,-0.018,18.008,0.048,4.04,0.192,78.618,-10.081,1.376,2.603,0.015,-6.981,2.607,-0.201,3.647,0.195,
2025-08-06 06:21:59.783,retreat_feeder_to_approach_middlecase,-1028.09,179.59,607.644,166.56,179.93,75.92,-9.538,-37.622,-73.039,-0.204,-69.257,-99.817,0.003,-6.415,-11.047,-0.042,17.222,0.04,2.866,5.369,81.217,-10.6,1.428,2.668,-0.023,2.231,18.521,-0.064,-19.22,-0.229,
2025-08-06 06:21:59.884,retreat_feeder_to_approach_middlecase,-1028.09,179.59,587.094,166.56,179.93,75.92,-9.537,-38.233,-74.023,-0.211,-67.679,-99.81,0.001,-5.705,-8.575,-0.031,14.125,0.002,1.345,8.223,82.634,-10.839,1.504,2.704,0.003,11.198,27.112,0.159,-37.006,-0.098,
2025-08-06 06:21:59.985,retreat_feeder_to_approach_middlecase,-1028.09,179.59,571.6,166.56,179.93,75.92,-9.536,-38.72,-74.735,-0.218,-66.495,-99.803,0.004,-4.153,-5.57,-0.01,9.746,0.02,0.374,8.364,82.895,-10.852,1.527,2.704,-0.005,17.662,28.794,0.151,-46.287,0.023,
2025-08-06 06:22:00.082,retreat_feeder_to_approach_middlecase,-1028.09,179.59,562.21,166.56,179.93,75.92,-9.535,-39.035,-75.152,-0.22,-65.771,-99.8,0.0,-2.208,-2.873,-0.001,4.961,0.007,-0.514,8.425,83.319,-10.874,1.638,2.705,-0.018,17.947,23.697,0.043,-42.018,-0.101,
2025-08-06 06:22:00.183,retreat_feeder_to_approach_middlecase,-1028.09,179.59,558.274,166.56,179.93,75.92,-9.534,-39.169,-75.328,-0.222,-65.464,-99.798,0.0,-0.599,-0.878,-0.001,1.427,0.0,-0.878,5.005,81.265,-10.548,1.656,2.721,0.0,10.93,14.225,0.004,-24.526,-0.026,
2025-08-06 06:22:00.284,retreat_feeder_to_approach_middlecase,-1028.09,179.59,557.62,166.56,179.93,75.92,-9.534,-39.188,-75.361,-0.222,-65.407,-99.798,0.0,0.0,0.0,0.0,0.006,0.001,-1.157,0.006,79.108,-10.204,1.722,2.718,0.0,2.996,4.391,0.005,-7.134,0.0,waypoint
2025-08-06 06:22:00.383,retreat_feeder_to_approach_middlecase,-1028.09,179.59,557.62,166.55,179.93,75.91,-9.534,-39.187,-75.361,-0.222,-65.407,-99.797,0.0,0.0,0.0,0.0,0.0,0.0,-0.566,-2.984,77.815,-9.89,1.702,2.705,0.0,2.266,-5.657,0.0,2.592,-0.007,
2025-08-06 06:22:00.483,retreat_feeder_to_approach_middlecase,-1027.772,179.59,557.62,166.55,179.93,75.91,-9.534,-39.181,-75.387,-0.222,-65.397,-99.797,0.0,0.451,-1.126,0.0,0.522,0.0,-0.648,-2.505,77.734,-9.867,1.647,2.701,-0.925,13.656,-27.446,0.0,11.967,-0.004,
2025-08-06 06:22:00.583,retreat_feeder_to_approach_middlecase,-1025.175,179.59,557.62,166.55,179.93,75.91,-9.543,-39.031,-75.7,-0.222,-65.253,-99.798,-0.185,2.731,-5.489,0.0,2.393,-0.001,-1.867,4.01,76.827,-9.777,1.66,2.689,-4.053,29.404,-53.653,0.0,23.995,-5.124,
2025-08-06 06:22:00.685,retreat_feeder_to_approach_middlecase,-1018.154,179.59,557.62,166.55,179.93,75.91,-9.592,-38.586,-76.564,-0.222,-64.855,-99.837,-0.819,6.391,-11.964,0.0,5.369,-1.035,-5.648,14.055,76.411,-9.729,1.474,2.582,-6.787,39.489,-70.027,0.019,31.622,-7.673,
2025-08-06 06:22:00.783,retreat_feeder_to_approach_middlecase,-1005.329,179.59,557.62,166.55,179.93,75.91,-9.715,-37.731,-78.143,-0.221,-64.13,-99.974,-1.542,10.629,-19.494,0.004,8.718,-1.535,-7.009,18.186,74.566,-9.529,1.279,2.348,-6.555,42.411,-72.13,0.0,33.315,-6.186,
2025-08-06 06:22:00.882,retreat_feeder_to_approach_middlecase,-986.325,179.59,557.62,166.55,179.93,75.91,-9.901,-36.465,-80.45,-0.219,-63.089,-100.165,-2.11,14.746,-26.173,0.0,11.932,-2.254,-6.611,23.028,73.835,-9.369,1.207,2.273,-6.585,34.989,-58.462,-0.014,26.607,-7.045,
2025-08-06 06:22:00.983,retreat_feeder_to_approach_middlecase,-961.833,179.59,557.62,166.55,179.93,75.91,-10.159,-34.844,-83.357,-0.214,-61.79,-100.409,-2.859,17.627,-31.187,0.001,14.039,-2.944,-7.26,24.85,72.927,-9.133,1.257,2.25,-5.625,20.782,-35.875,0.0,13.678,-3.48,
2025-08-06 06:22:01.085,retreat_feeder_to_approach_middlecase,-933.496,179.59,557.62,166.55,179.93,75.91,-10.466,-32.994,-86.627,-0.208,-60.356,-100.704,-3.252,18.964,-33.456,0.0,14.709,-2.96,-6.261,26.466,72.258,-8.912,1.344,2.23,-3.182,7.907,-7.965,-0.005,0.65,-3.458,
2025-08-06 06:22:01.186,retreat_feeder_to_approach_middlecase,-903.59,179.59,557.62,166.55,179.93,75.91,-10.808,-31.068,-89.969,-0.203,-58.917,-101.037,-3.505,19.232,-32.804,0.0,14.171,-3.646,-5.401,26.216,72.289,-8.799,1.595,2.211,-2.426,-0.774,7.325,0.032,-7.35,-5.099,
2025-08-06 06:22:01.283,retreat_feeder_to_approach_middlecase,-873.59,179.59,557.62,166.55,179.93,75.91,-11.169,-29.174,-93.219,-0.198,-57.554,-101.394,-3.732,18.811,-32.006,0.006,13.253,-3.97,-3.707,28.852,71.836,-8.637,1.699,2.192,-2.584,-2.536,8.04,0.195,-9.313,-2.502,
2025-08-06 06:22:01.383,retreat_feeder_to_approach_middlecase,-843.59,179.59,557.62,166.55,179.93,75.91,-11.554,-27.31,-96.375,-0.192,-56.264,-101.778,-4.014,18.732,-31.22,0.038,12.336,-4.139,-3.997,32.822,70.723,-8.377,1.701,2.202,-2.769,-2.458,8.971,0.417,-9.118,-1.614,
2025-08-06 06:22:01.483,retreat_feeder_to_approach_middlecase,-813.648,179.59,557.62,166.55,179.93,75.91,-11.967,-25.471,-99.429,-0.185,-55.049,-102.186,-4.286,18.319,-30.211,0.09,11.43,-4.293,-3.271,37.285,70.093,-8.202,1.7,2.189,-0.625,-9.091,21.751,0.082,-11.726,0.404,
2025-08-06 06:22:01.584,retreat_feeder_to_approach_middlecase,-785.07,179.59,557.62,166.55,179.93,75.91,-12.392,-23.714,-102.274,-0.179,-53.954,-102.6,-4.14,16.905,-26.848,0.055,9.979,-4.058,-1.491,39.342,70.091,-8.128,1.755,2.199,2.696,-21.886,42.344,-0.352,-18.138,3.417,
2025-08-06 06:22:01.682,retreat_feeder_to_approach_middlecase,-760.153,179.59,557.62,166.55,179.93,75.91,-12.79,-22.176,-104.704,-0.172,-53.045,-102.992,-3.75,13.964,-21.785,0.02,7.82,-3.613,0.976,37.323,70.237,-8.033,1.876,2.198,6.335,-34.037,54.041,-0.018,-22.329,6.126,
2025-08-06 06:22:01.783,retreat_feeder_to_approach_middlecase,-740.611,179.59,557.62,166.55,179.93,75.91,-13.119,-20.962,-106.583,-0.167,-52.365,-103.323,-2.879,10.132,-16.094,0.051,5.536,-2.839,2.071,37.17,69.967,-7.914,1.923,2.193,9.346,-36.836,58.032,-0.095,-20.941,9.043,
2025-08-06 06:22:01.884,retreat_feeder_to_approach_middlecase,-727.229,179.59,557.62,166.55,179.93,75.91,-13.355,-20.123,-107.862,-0.163,-51.913,-103.558,-1.862,6.523,-10.062,0.0,3.59,-1.786,2.487,37.36,70.342,-7.95,2.028,2.183,10.029,-34.578,57.087,-0.256,-19.593,10.485,
2025-08-06 06:22:01.983,retreat_feeder_to_approach_middlecase,-719.729,179.59,557.62,166.55,179.93,75.91,-13.487,-19.653,-108.575,-0.162,-51.662,-103.697,-0.873,3.216,-4.677,0.0,1.617,-0.742,2.279,39.646,71.122,-8.039,2.135,2.188,8.053,-28.761,43.846,0.002,-15.917,7.709,
2025-08-06 06:22:02.083,retreat_feeder_to_approach_middlecase,-716.812,179.59,557.62,166.55,179.93,75.91,-13.543,-19.47,-108.862,-0.161,-51.565,-103.755,-0.259,0.8,-1.337,0.001,0.423,-0.252,1.081,42.845,70.266,-7.916,2.033,2.19,4.366,-16.081,23.368,0.0,-8.087,3.704,
2025-08-06 06:22:02.183,retreat_feeder_to_approach_middlecase,-716.39,179.59,557.62,166.58,179.93,75.94,-13.55,-19.446,-108.906,-0.161,-51.547,-103.767,0.0,0.0,-0.003,0.0,0.0,-0.001,0.34,45.805,69.303,-7.826,1.875,2.22,1.295,-3.999,6.686,-0.005,-2.114,1.26,waypoint
2025-08-06 06:22:02.283,retreat_feeder_to_approach_middlecase,-716.39,179.59,557.62,166.579,179.93,75.939,-13.55,-19.447,-108.905,-0.161,-51.547,-103.767,0.0,0.0,0.0,0.0,0.0,0.0,-0.691,48.411,68.484,-7.741,1.627,2.261,0.0,-0.004,0.015,0.0,0.993,0.007,
2025-08-06 06:22:02.385,approach_middlecase_to_place,-716.386,179.59,557.532,166.579,179.93,75.939,-13.55,-19.448,-108.905,-0.161,-51.545,-103.767,0.0,-0.001,0.0,0.0,0.2,0.0,-0.904,48.25,68.13,-7.688,1.53,2.296,0.0,-2.042,-2.518,0.0,4.419,0.0,
2025-08-06 06:22:02.483,approach_middlecase_to_place,-716.354,179.59,556.897,166.579,179.931,75.939,-13.55,-19.462,-108.929,-0.161,-51.49,-103.767,0.0,-0.408,-0.503,0.0,0.884,0.0,-1.301,45.157,67.032,-7.585,1.661,2.34,0.0,-5.604,-5.636,0.0,9.953,0.0,
2025-08-06 06:22:02.583,approach_middlecase_to_place,-716.269,179.59,555.226,166.579,179.932,75.939,-13.55,-19.539,-109.005,-0.161,-51.342,-103.767,0.0,-1.11,-1.116,0.0,2.171,0.0,-0.742,40.255,65.94,-7.456,1.707,2.356,0.0,-6.977,-6.164,0.0,12.077,0.0,
2025-08-06 06:22:02.684,approach_middlecase_to_place,-716.115,179.59,552.173,166.579,179.935,75.939,-13.55,-19.685,-109.146,-0.162,-51.064,-103.767,0.0,-1.811,-1.742,0.0,3.311,0.0,-0.597,37.821,65.959,-7.513,1.768,2.365,0.0,-7.089,-6.854,0.0,13.061,0.0,
2025-08-06 06:22:02.782,approach_middlecase_to_place,-715.884,179.59,547.578,166.579,179.94,75.939,-13.55,-19.904,-109.357,-0.163,-50.646,-103.767,0.0,-2.521,-2.48,0.0,4.77,0.0,-0.715,36.67,65.275,-7.458,1.693,2.375,-0.022,-7.465,-6.229,-0.138,15.389,0.0,
2025-08-06 06:22:02.882,approach_middlecase_to_place,-715.577,179.59,541.495,166.579,179.946,75.939,-13.551,-20.196,-109.632,-0.169,-50.085,-103.767,-0.004,-3.289,-2.976,-0.027,6.358,0.0,-1.26,35.889,65.022,-7.393,1.685,2.385,-0.125,-7.053,-4.954,-0.006,12.264,0.0,
2025-08-06 06:22:02.982,approach_middlecase_to_place,-715.208,179.59,534.182,166.579,179.953,75.939,-13.555,-20.556,-109.959,-0.174,-49.413,-103.767,-0.025,-3.932,-3.471,-0.001,7.223,0.0,-2.39,34.467,64.302,-7.366,1.655,2.404,-0.327,-4.742,-3.589,0.067,6.742,0.0,
2025-08-06 06:22:03.082,approach_middlecase_to_place,-714.799,179.59,526.064,166.579,179.961,75.939,-13.564,-20.964,-110.318,-0.18,-48.663,-103.767,-0.07,-4.237,-3.694,-0.014,7.707,0.0,-2.662,33.886,63.969,-7.361,1.646,2.413,-0.0,-1.862,-0.841,-0.044,2.931,0.0,
2025-08-06 06:22:03.183,approach_middlecase_to_place,-714.376,179.59,517.676,166.579,179.969,75.939,-13.574,-21.397,-110.681,-0.187,-47.882,-103.767,-0.025,-4.306,-3.64,-0.01,7.812,0.0,-2.562,34.094,63.789,-7.376,1.645,2.401,0.086,0.752,1.98,0.048,-2.953,0.0,
2025-08-06 06:22:03.282,approach_middlecase_to_place,-713.968,179.59,509.591,166.579,179.977,75.939,-13.581,-21.818,-111.023,-0.194,-47.134,-103.767,-0.052,-4.087,-3.298,-0.004,7.116,0.0,-3.104,34.04,63.153,-7.257,1.623,2.379,-0.137,3.073,4.243,-0.061,-8.078,-0.089,
2025-08-06 06:22:03.382,approach_middlecase_to_place,-713.603,179.59,502.341,166.579,179.984,75.939,-13.592,-22.207,-111.324,-0.199,-46.454,-103.77,-0.052,-3.695,-2.795,-0.022,6.205,-0.018,-3.179,33.243,63.046,-7.164,1.689,2.351,0.15,5.643,5.63,-0.08,-10.62,-0.26,
2025-08-06 06:22:03.485,approach_middlecase_to_place,-713.3,179.59,496.343,166.579,179.99,75.939,-13.599,-22.534,-111.57,-0.204,-45.893,-103.778,-0.022,-2.941,-2.155,-0.021,4.96,-0.053,-2.928,32.585,62.872,-7.093,1.727,2.301,0.173,7.636,6.348,0.093,-14.056,0.061,
2025-08-06 06:22:03.582,approach_middlecase_to_place,-713.073,179.59,491.841,166.579,179.995,75.939,-13.603,-22.785,-111.753,-0.207,-45.47,-103.783,-0.018,-2.167,-1.526,-0.004,3.394,-0.005,-2.899,32.453,62.676,-7.085,1.726,2.284,0.088,8.484,6.421,0.103,-14.324,0.256,
2025-08-06 06:22:03.683,approach_middlecase_to_place,-712.924,179.59,488.877,166.579,179.998,75.939,-13.605,-22.95,-111.873,-0.21,-45.189,-103.785,-0.005,-1.261,-0.883,-0.0,2.124,-0.002,-2.808,31.262,62.819,-7.123,1.812,2.292,0.087,7.82,5.571,0.012,-11.475,0.027,
2025-08-06 06:22:03.783,approach_middlecase_to_place,-712.843,179.59,487.28,166.579,179.999,75.939,-13.606,-23.041,-111.938,-0.211,-45.036,-103.785,-0.0,-0.596,-0.406,-0.001,1.087,0.0,-2.612,30.063,62.559,-7.09,1.855,2.309,0.024,5.45,4.073,0.001,-9.446,0.01,
2025-08-06 06:22:03.883,approach_middlecase_to_place,-712.814,179.59,486.693,166.579,180.0,75.939,-13.606,-23.075,-111.962,-0.211,-44.978,-103.785,0.0,-0.172,-0.069,0.0,0.235,0.0,-2.316,29.115,62.211,-7.017,1.864,2.323,0.001,2.978,2.029,0.006,-5.436,0.0,waypoint
2025-08-06 06:22:03.983,place_on_middlecase,-712.81,179.59,486.62,160.72,180.0,70.08,-13.606,-23.08,-111.966,-0.211,-44.969,-103.785,0.0,0.0,0.0,0.0,0.0,0.0,-2.213,28.819,62.217,-6.993,1.859,2.328,0.0,0.858,0.343,0.0,-1.175,0.0,
2025-08-06 06:22:04.383,place_on_middlecase,-712.81,179.59,486.62,175.802,180.0,85.162,-13.607,-23.08,-111.964,-0.211,-44.97,-103.785,0.0,0.0,0.0,0.0,0.0,0.0,-1.756,28.646,62.319,-6.908,1.479,2.344,0.0,0.002,0.0,0.0,0.0,0.0,
2025-08-06 06:22:04.685,place_on_middlecase,-712.81,179.59,486.62,175.802,180.0,85.162,-13.607,-23.078,-111.963,-0.211,-44.971,-103.785,0.0,0.0,0.0,0.0,0.0,0.0,-1.579,29.685,62.396,-6.897,1.296,2.35,0.0,0.008,0.0,0.0,0.0,0.0,
2025-08-06 06:22:04.982,place_on_middlecase,-712.81,179.59,486.62,175.802,180.0,85.162,-13.607,-23.074,-111.963,-0.211,-44.971,-103.785,0.0,0.005,0.0,0.0,0.0,0.0,-1.476,30.894,62.359,-6.888,1.262,2.364,0.0,0.0,0.056,0.0,0.0,0.0,
2025-08-06 06:22:05.282,place_on_middlecase,-712.81,179.59,486.62,175.802,180.0,85.162,-13.606,-23.07,-111.963,-0.211,-44.971,-103.785,0.0,0.0,0.012,0.0,0.0,0.0,-1.327,31.717,62.389,-6.87,1.267,2.383,0.0,-0.002,0.028,0.0,0.0,0.0,
2025-08-06 06:22:05.583,place_on_middlecase,-712.81,179.59,486.62,175.802,180.0,85.162,-13.606,-23.068,-111.963,-0.211,-44.971,-103.785,0.0,0.0,0.0,0.0,0.0,0.0,-1.169,31.912,62.366,-6.867,1.277,2.405,0.0,0.0,0.0,0.0,0.0,0.0,
2025-08-06 06:22:05.884,place_on_middlecase,-712.81,179.59,486.62,175.802,180.0,85.162,-13.606,-23.066,-111.963,-0.211,-44.971,-103.785,0.0,0.0,0.0,0.0,0.0,0.0,-1.097,31.953,62.355,-6.882,1.277,2.426,0.0,0.0,0.0,0.0,0.0,0.0,
2025-08-06 06:22:06.184,place_on_middlecase,-712.81,179.59,486.62,175.802,180.0,85.162,-13.606,-23.066,-111.963,-0.211,-44.971,-103.785,0.0,0.0,0.0,0.0,0.0,0.0,-0.932,31.978,62.359,-6.865,1.269,2.441,0.0,0.0,0.0,0.0,0.0,0.0,
2025-08-06 06:22:06.483,place_on_middlecase,-712.81,179.59,486.62,175.802,180.0,85.162,-13.605,-23.065,-111.963,-0.211,-44.971,-103.784,0.0,0.0,0.0,0.0,0.0,0.0,-0.741,31.911,62.326,-6.866,1.287,2.454,0.0,0.0,0.0,0.0,0.0,0.0,
2025-08-06 06:22:06.784,place_on_middlecase,-712.81,179.59,486.62,175.802,180.0,85.162,-13.605,-23.065,-111.963,-0.211,-44.971,-103.784,0.0,0.0,0.0,0.0,0.0,0.0,-0.65,31.848,62.307,-6.875,1.287,2.468,0.0,0.0,0.004,0.0,0.0,0.0,
2025-08-06 06:22:07.184,place_to_retreat_middlecase,-712.848,179.59,487.376,166.58,179.999,75.94,-13.605,-23.048,-111.944,-0.211,-45.024,-103.784,0.0,0.739,0.68,0.0,-1.859,0.0,-0.607,33.216,63.033,-6.933,1.173,2.474,0.106,18.824,14.979,0.058,-34.742,0.0,
2025-08-06 06:22:07.282,place_to_retreat_middlecase,-713.09,179.59,492.182,166.58,179.995,75.94,-13.601,-22.831,-111.765,-0.209,-45.446,-103.784,0.021,3.746,2.981,0.012,-6.914,0.0,-1.368,44.778,66.76,-7.23,0.902,2.472,0.137,31.992,23.786,0.255,-52.507,0.0,
2025-08-06 06:22:07.383,place_to_retreat_middlecase,-713.633,179.59,502.948,166.58,179.984,75.94,-13.594,-22.289,-111.342,-0.201,-46.418,-103.784,0.027,7.105,5.414,0.051,-12.308,0.0,-1.123,52.052,69.377,-7.435,0.817,2.453,0.358,25.231,20.967,0.229,-42.049,0.0,
2025-08-06 06:22:07.484,place_to_retreat_middlecase,-714.414,179.59,518.427,166.58,179.969,75.94,-13.584,-21.474,-110.699,-0.189,-47.841,-103.783,0.093,8.843,7.216,0.058,-15.408,0.0,0.627,50.798,69.827,-7.423,0.826,2.436,0.592,4.78,7.96,0.044,-10.757,0.063,
2025-08-06 06:22:07.583,place_to_retreat_middlecase,-715.243,179.59,534.881,166.58,179.952,75.94,-13.571,-20.617,-109.976,-0.177,-49.373,-103.78,0.146,8.061,7.006,0.059,-14.46,0.013,2.749,46.053,68.528,-7.237,0.667,2.51,-0.198,-17.413,-10.917,-0.081,27.331,0.095,
2025-08-06 06:22:07.682,place_to_retreat_middlecase,-715.908,179.59,548.055,166.58,179.939,75.94,-13.559,-19.936,-109.366,-0.167,-50.617,-103.773,0.054,5.395,5.055,0.042,-9.996,0.019,3.989,39.574,66.578,-7.006,0.547,2.59,-0.609,-29.163,-23.85,-0.297,50.464,0.016,
2025-08-06 06:22:07.783,place_to_retreat_middlecase,-716.28,179.59,555.43,166.58,179.932,75.94,-13.55,-19.56,-109.009,-0.162,-51.33,-103.764,0.024,2.229,2.236,0.0,-4.367,0.016,4.324,38.799,65.523,-6.898,0.349,2.691,-0.269,-25.799,-23.512,-0.208,46.995,-0.044,
2025-08-06 06:22:07.883,place_to_retreat_middlecase,-716.387,179.59,557.554,166.58,179.93,75.94,-13.548,-19.448,-108.9,-0.16,-51.544,-103.76,0.0,0.209,0.329,0.0,-0.55,0.01,4.325,40.558,66.569,-7.058,0.326,2.746,-0.12,-11.199,-11.235,0.0,21.944,-0.08,
2025-08-06 06:22:07.982,place_to_retreat_middlecase,-716.39,179.59,557.62,166.58,179.93,75.94,-13.544,-19.446,-108.895,-0.16,-51.554,-103.758,0.0,0.0,0.0,0.0,0.0,0.0,3.323,46.398,68.694,-7.376,0.371,2.762,0.005,-1.254,-1.127,0.0,2.735,-0.049,waypoint
2025-08-06 06:22:08.084,place_to_retreat_middlecase,-716.452,179.59,557.62,166.58,179.93,75.94,-13.543,-19.448,-108.894,-0.16,-51.554,-103.758,0.001,-0.043,0.102,0.0,0.0,0.0,3.122,48.383,69.441,-7.521,0.451,2.749,1.984,-7.373,12.426,0.0,-4.135,2.976,
2025-08-06 06:22:08.183,place_to_retreat_middlecase,-717.9,179.59,557.62,166.58,179.93,75.94,-13.524,-19.509,-108.777,-0.16,-51.592,-103.738,0.399,-1.482,2.498,0.0,-0.831,0.598,4.179,44.6,71.149,-7.7,0.478,2.773,6.133,-20.926,32.146,0.0,-12.11,5.98,
2025-08-06 06:22:08.287,place_to_retreat_middlecase,-723.029,179.59,557.62,166.58,179.93,75.94,-13.44,-19.792,-108.323,-0.16,-51.749,-103.654,1.246,-4.291,6.628,0.0,-2.458,1.214,7.221,35.847,72.806,-7.863,0.574,2.887,8.945,-32.381,49.08,0.0,-17.453,9.3,
2025-08-06 06:22:08.383,place_to_retreat_middlecase,-733.546,179.59,557.62,166.58,179.93,75.94,-13.264,-20.405,-107.371,-0.161,-52.083,-103.468,2.188,-7.958,12.314,0.0,-4.322,2.458,8.235,32.887,74.494,-8.095,0.72,2.964,10.55,-39.046,60.341,-0.192,-21.258,11.378,
2025-08-06 06:22:08.482,place_to_retreat_middlecase,-750.227,179.59,557.62,166.58,179.93,75.94,-12.986,-21.394,-105.828,-0.166,-52.632,-103.192,3.303,-11.905,18.394,-0.037,-6.604,3.433,9.657,27.312,74.703,-8.193,0.769,3.024,8.631,-34.859,58.679,-0.314,-21.678,8.381,
2025-08-06 06:22:08.586,place_to_retreat_middlecase,-772.78,179.59,557.62,166.58,179.93,75.94,-12.619,-22.754,-103.691,-0.174,-53.412,-102.829,3.94,-15.035,24.225,-0.064,-8.722,4.159,8.827,28.898,75.337,-8.431,0.752,3.082,4.905,-28.353,49.844,0.055,-21.861,4.155,
2025-08-06 06:22:08.682,place_to_retreat_middlecase,-799.899,179.59,557.62,166.58,179.93,75.94,-12.207,-24.403,-101.059,-0.18,-54.411,-102.419,4.284,-17.575,28.363,-0.026,-10.976,4.264,8.103,28.167,75.125,-8.518,0.639,3.108,0.855,-18.379,32.86,0.14,-17.116,0.328,
2025-08-06 06:22:08.782,place_to_retreat_middlecase,-829.49,179.59,557.62,166.58,179.93,75.94,-11.783,-26.225,-98.098,-0.187,-55.567,-102.002,4.108,-18.637,30.666,-0.036,-12.077,4.224,6.297,29.759,74.792,-8.602,0.455,3.124,-1.906,-6.648,15.923,0.001,-9.246,-1.634,
2025-08-06 06:22:08.882,place_to_retreat_middlecase,-859.49,179.59,557.62,166.58,179.93,75.94,-11.382,-28.086,-95.002,-0.194,-56.818,-101.609,3.903,-18.905,31.548,-0.026,-12.825,3.937,5.472,28.539,74.446,-8.64,0.294,3.133,-2.653,-1.744,10.221,-0.086,-6.25,-2.921,
2025-08-06 06:22:08.982,place_to_retreat_middlecase,-889.49,179.59,557.62,166.58,179.93,75.94,-11.007,-29.96,-91.81,-0.199,-58.138,-101.237,3.577,-18.986,32.71,-0.054,-13.327,3.639,5.432,26.01,75.281,-8.787,0.246,3.141,-2.281,-0.76,11.114,-0.145,-7.484,-2.919,
2025-08-06 06:22:09.085,place_to_retreat_middlecase,-919.489,179.59,557.62,166.58,179.93,75.94,-10.657,-31.856,-88.514,-0.206,-59.533,-100.891,3.44,-19.059,33.804,-0.056,-14.344,3.344,5.91,20.648,75.906,-8.943,0.227,3.14,-2.411,1.836,0.597,0.225,-6.356,-2.274,
2025-08-06 06:22:09.183,place_to_retreat_middlecase,-948.864,179.59,557.62,166.58,179.93,75.94,-10.33,-33.754,-85.169,-0.211,-60.985,-100.571,3.092,-18.617,32.83,-0.009,-14.605,3.182,5.47,15.969,76.008,-9.009,0.16,3.145,-4.734,12.778,-23.025,0.281,5.353,-4.444,
2025-08-06 06:22:09.283,place_to_retreat_middlecase,-975.417,179.59,557.62,166.58,179.93,75.94,-10.048,-35.521,-82.029,-0.214,-62.379,-100.3,2.503,-16.529,29.245,0.0,-13.284,2.464,4.089,15.668,76.354,-9.148,-0.002,3.147,-5.984,27.508,-47.041,0.043,18.653,-6.065,
2025-08-06 06:22:09.383,place_to_retreat_middlecase,-997.149,179.59,557.62,166.58,179.93,75.94,-9.826,-37.005,-79.36,-0.218,-63.578,-100.086,1.896,-13.115,23.422,0.0,-10.874,1.969,3.176,13.687,76.289,-9.203,-0.14,3.162,-6.436,36.922,-64.55,0.0,28.901,-6.872,
2025-08-06 06:22:09.482,place_to_retreat_middlecase,-1012.897,179.59,557.62,166.58,179.93,75.94,-9.675,-38.108,-77.365,-0.219,-64.486,-99.938,1.222,-9.182,16.399,0.0,-7.533,1.097,2.735,11.647,76.534,-9.278,-0.215,3.171,-6.272,40.506,-71.409,0.0,32.922,-5.863,
2025-08-06 06:22:09.583,place_to_retreat_middlecase,-1022.532,179.59,557.62,166.58,179.93,75.94,-9.585,-38.802,-76.105,-0.22,-65.064,-99.85,0.641,-5.014,9.14,0.0,-4.29,0.797,2.792,10.208,77.503,-9.435,-0.251,3.176,-5.125,36.434,-65.261,0.0,29.283,-4.625,
2025-08-06 06:22:09.683,place_to_retreat_middlecase,-1026.98,179.59,557.62,166.58,179.93,75.94,-9.544,-39.128,-75.508,-0.22,-65.339,-99.81,0.192,-1.859,3.282,0.0,-1.647,0.167,3.931,5.513,77.702,-9.478,-0.209,3.161,-3.223,24.836,-44.482,0.0,20.734,-3.95,
2025-08-06 06:22:09.782,place_to_retreat_middlecase,-1028.068,179.59,557.62,166.58,179.93,75.94,-9.537,-39.21,-75.356,-0.221,-65.41,-99.797,0.0,-0.071,0.288,0.0,-0.164,0.011,5.937,2.823,78.808,-9.647,-0.087,3.144,-0.959,9.293,-16.41,0.0,8.237,-0.836,waypoint
2025-08-06 06:22:09.883,place_to_retreat_middlecase,-1028.09,179.59,557.62,166.55,179.93,75.91,-9.537,-39.211,-75.351,-0.221,-65.414,-99.795,0.0,0.0,0.0,0.0,0.0,0.0,7.449,-0.232,79.419,-9.732,0.123,3.111,0.0,0.76,-1.37,0.0,-0.408,-0.052,
2025-08-06 06:22:09.983,place_to_retreat_middlecase,-1028.09,179.59,557.734,166.55,179.93,75.91,-9.537,-39.207,-75.351,-0.221,-65.416,-99.795,0.0,0.081,0.013,0.0,-0.246,0.0,7.771,-0.001,79.629,-9.784,0.239,3.082,0.0,5.476,7.666,0.0,-14.38,0.0,
2025-08-06 06:22:10.083,place_to_retreat_middlecase,-1028.09,179.59,559.783,166.55,179.93,75.91,-9.537,-39.159,-75.276,-0.221,-65.555,-99.795,0.0,1.095,1.533,0.0,-2.876,0.0,7.644,5.366,81.545,-9.994,0.142,3.058,0.0,13.723,19.326,0.004,-32.73,0.0,
2025-08-06 06:22:10.184,place_to_retreat_middlecase,-1028.09,179.59,566.426,166.55,179.93,75.91,-9.537,-38.967,-75.005,-0.22,-66.028,-99.795,0.0,2.84,3.897,0.001,-6.824,0.0,7.242,15.493,84.148,-10.295,0.119,3.05,0.0,17.947,26.664,0.002,-42.812,0.0,
2025-08-06 06:22:10.285,place_to_retreat_middlecase,-1028.09,179.59,579.08,166.55,179.93,75.91,-9.537,-38.582,-74.462,-0.218,-66.953,-99.795,0.0,4.721,6.919,0.0,-11.524,0.0,7.259,20.641,85.724,-10.419,0.165,3.033,0.0,16.782,28.761,0.137,-43.776,0.0,
2025-08-06 06:22:10.383,place_to_retreat_middlecase,-1028.09,179.59,597.486,166.55,179.93,75.91,-9.536,-38.027,-73.625,-0.21,-68.324,-99.795,0.0,6.179,9.621,0.028,-15.536,0.0,7.22,21.723,85.607,-10.302,0.141,3.009,0.0,8.958,24.905,0.042,-32.422,0.0,
2025-08-06 06:22:10.482,place_to_retreat_middlecase,-1028.09,179.59,619.782,166.55,179.93,75.91,-9.536,-37.392,-72.542,-0.202,-70.021,-99.796,0.0,6.485,11.826,0.009,-17.911,0.0,7.575,21.111,85.364,-10.092,0.144,2.986,0.0,-1.583,12.902,-0.131,-10.715,0.0,
2025-08-06 06:22:10.583,place_to_retreat_middlecase,-1028.09,179.59,643.023,166.55,179.93,75.91,-9.535,-36.765,-71.332,-0.194,-71.829,-99.798,0.0,5.863,12.201,0.002,-17.679,0.0,7.816,17.266,83.734,-9.824,0.139,2.974,0.0,-10.056,-5.127,0.001,13.141,-0.092,
2025-08-06 06:22:10.686,place_to_retreat_middlecase,-1028.09,179.59,663.998,166.55,179.93,75.91,-9.534,-36.247,-70.163,-0.187,-73.496,-99.804,0.0,4.434,10.78,0.009,-15.23,-0.019,8.417,13.338,81.627,-9.531,0.116,2.925,0.0,-14.127,-20.569,0.024,33.396,-0.159,
2025-08-06 06:22:10.784,place_to_retreat_middlecase,-1028.09,179.59,680.13,166.55,179.93,75.91,-9.533,-35.879,-69.211,-0.183,-74.806,-99.814,0.0,3.023,8.067,0.007,-10.966,-0.032,8.413,13.635,80.664,-9.41,0.068,2.83,-0.001,-14.963,-32.442,-0.007,46.944,0.023,
2025-08-06 06:22:10.883,place_to_retreat_middlecase,-1028.09,179.59,690.19,166.55,179.93,75.91,-9.532,-35.662,-68.593,-0.179,-75.638,-99.821,0.0,1.486,4.389,0.007,-5.982,-0.014,8.75,11.77,79.983,-9.346,0.103,2.76,0.0,-13.18,-32.848,-0.035,45.173,0.161,
2025-08-06 06:22:10.983,place_to_retreat_middlecase,-1028.09,179.59,694.644,166.55,179.93,75.91,-9.531,-35.577,-68.306,-0.178,-76.019,-99.825,0.0,0.4,1.53,0.0,-1.977,0.0,8.554,15.1,80.818,-9.479,0.08,2.73,0.0,-7.431,-21.706,-0.037,29.684,0.072,
2025-08-06 06:22:11.083,place_to_retreat_middlecase,-1028.09,179.59,695.517,166.55,179.93,75.91,-9.53,-35.563,-68.245,-0.178,-76.097,-99.827,0.0,0.0,0.047,0.0,-0.045,0.0,8.396,19.234,82.686,-9.76,0.086,2.731,0.0,-1.992,-7.613,0.0,9.835,-0.001,waypoint
2025-08-06 06:22:11.184,place_to_retreat_middlecase,-1028.09,179.59,695.52,166.56,179.93,75.92,-9.529,-35.564,-68.244,-0.178,-76.098,-99.828,0.0,0.0,0.0,0.0,0.0,-0.0,8.104,22.356,84.48,-10.069,0.156,2.732,0.107,0.0,-0.954,0.0,0.227,0.0,
2025-08-06 06:22:11.283,place_to_retreat_middlecase,-1028.018,179.54,695.589,166.564,179.93,75.943,-9.528,-35.564,-68.249,-0.178,-76.098,-99.827,0.021,0.0,-0.143,0.0,0.0,0.0,8.108,22.628,84.559,-10.142,0.224,2.745,1.672,4.807,-5.76,0.0,-0.867,20.493,
2025-08-06 06:22:11.383,place_to_retreat_middlecase,-1027.276,179.021,696.3,166.602,179.93,76.183,-9.51,-35.524,-68.311,-0.178,-76.106,-99.654,0.333,0.957,-1.146,0.0,-0.173,4.078,9.03,25.884,83.988,-10.162,0.171,2.972,3.789,14.963,-12.739,0.0,-2.173,44.968,
2025-08-06 06:22:11.483,place_to_retreat_middlecase,-1025.124,177.523,698.351,166.711,179.931,76.875,-9.453,-35.331,-68.504,-0.178,-76.135,-99.007,0.779,2.993,-2.691,0.0,-0.435,8.994,9.409,33.088,84.694,-10.297,0.004,3.209,5.475,21.136,-17.121,0.0,-2.321,54.802,
2025-08-06 06:22:11.585,place_to_retreat_middlecase,-1021.046,174.711,702.187,166.912,179.931,78.175,-9.341,-34.917,-68.866,-0.177,-76.189,-97.805,1.439,5.226,-4.605,0.0,-0.641,15.148,9.851,34.827,84.592,-10.266,-0.065,3.254,6.28,22.166,-18.514,0.018,-2.364,61.099,
2025-08-06 06:22:11.682,place_to_retreat_middlecase,-1014.831,170.493,707.912,167.208,179.933,80.129,-9.17,-34.289,-69.417,-0.171,-76.274,-95.996,2.029,7.404,-6.375,0.004,-0.905,21.152,9.671,37.821,84.527,-10.271,-0.084,3.271,5.393,20.903,-16.947,0.059,-2.758,57.287,
2025-08-06 06:22:11.783,place_to_retreat_middlecase,-1006.607,165.03,715.271,167.578,179.934,82.664,-8.943,-33.442,-70.142,-0.168,-76.383,-93.622,2.506,9.365,-7.96,0.012,-1.187,26.491,9.735,37.429,83.575,-10.149,-0.073,3.27,3.907,15.328,-12.528,0.165,-1.863,39.586,
2025-08-06 06:22:11.882,place_to_retreat_middlecase,-996.837,158.71,723.705,167.988,179.936,85.607,-8.671,-32.463,-70.991,-0.161,-76.511,-90.829,2.81,10.469,-8.881,0.037,-1.278,29.07,9.308,39.486,83.832,-10.214,-0.021,3.271,1.789,6.392,-6.079,-0.032,-1.248,17.751,
2025-08-06 06:22:11.984,place_to_retreat_middlecase,-986.256,152.064,732.483,168.394,179.939,88.711,-8.386,-31.402,-71.902,-0.157,-76.651,-87.846,2.866,10.65,-9.182,0.005,-1.438,30.059,8.439,38.006,82.843,-10.113,0.008,3.251,0.16,0.732,-1.881,-0.154,-0.496,4.924,
2025-08-06 06:22:12.083,place_to_retreat_middlecase,-975.443,145.474,741.088,168.769,179.941,91.799,-8.099,-30.342,-72.816,-0.152,-76.788,-84.849,2.842,10.616,-9.259,0.006,-1.377,30.059,8.843,39.607,82.531,-10.121,0.022,3.236,-0.023,0.56,0.45,0.04,-0.122,-0.926,
2025-08-06 06:22:12.186,place_to_retreat_middlecase,-964.457,138.98,749.472,169.109,179.943,94.851,-7.812,-29.29,-73.731,-0.146,-76.927,-81.842,2.861,10.763,-9.091,0.013,-1.463,29.872,8.414,43.471,83.114,-10.204,0.032,3.225,-0.166,-0.41,0.309,-0.003,0.007,-0.759,
2025-08-06 06:22:12.283,place_to_retreat_middlecase,-953.303,132.583,757.634,169.411,179.945,97.865,-7.526,-28.24,-74.647,-0.141,-77.067,-78.844,2.809,10.534,-9.197,0.005,-1.376,29.908,8.607,45.682,82.67,-10.173,-0.003,3.218,0.078,-1.701,-0.623,0.026,0.546,1.015,
2025-08-06 06:22:12.383,place_to_retreat_middlecase,-941.986,126.286,765.57,169.672,179.947,100.839,-7.24,-27.186,-75.56,-0.136,-77.205,-75.847,2.876,10.428,-9.214,0.018,-1.355,30.072,8.439,48.811,82.825,-10.23,-0.001,3.237,0.146,0.262,0.252,-0.003,-0.398,-0.359,
2025-08-06 06:22:12.483,place_to_retreat_middlecase,-930.51,120.091,773.278,169.888,179.949,103.768,-6.954,-26.132,-76.475,-0.131,-77.344,-72.842,2.838,10.587,-9.147,0.005,-1.455,29.836,8.295,51.39,82.675,-10.224,-0.048,3.256,0.052,0.648,0.13,-0.089,0.07,-0.677,
2025-08-06 06:22:12.583,place_to_retreat_middlecase,-918.881,114.002,780.757,170.057,179.951,106.649,-6.667,-25.086,-77.389,-0.126,-77.485,-69.844,2.887,10.557,-9.188,0.0,-1.341,29.936,8.518,54.713,83.103,-10.301,-0.043,3.26,-0.029,-1.219,-0.047,0.13,0.411,1.149,
2025-08-06 06:22:12.682,place_to_retreat_middlecase,-907.103,108.021,788.004,170.173,179.953,109.478,-6.381,-24.033,-78.303,-0.12,-77.622,-66.847,2.833,10.344,-9.156,0.03,-1.374,30.064,8.168,56.284,82.987,-10.304,-0.049,3.277,-0.073,0.439,-0.004,0.052,-0.487,-0.476,
2025-08-06 06:22:12.784,place_to_retreat_middlecase,-895.181,102.15,795.017,170.23,179.955,112.248,-6.095,-22.976,-79.219,-0.116,-77.763,-63.841,2.872,10.646,-9.188,0.011,-1.439,29.84,8.562,58.083,82.473,-10.269,-0.085,3.268,0.06,1.548,0.139,-0.151,0.314,-0.887,
2025-08-06 06:22:12.883,place_to_retreat_middlecase,-883.121,96.391,801.795,170.223,179.957,114.954,-5.81,-21.931,-80.131,-0.111,-77.901,-60.843,2.845,10.655,-9.128,0.0,-1.311,29.886,8.178,61.727,83.545,-10.448,-0.047,3.248,-0.428,-1.626,-0.027,0.007,-0.195,1.041,
2025-08-06 06:22:12.983,place_to_retreat_middlecase,-870.927,90.746,808.335,170.143,179.959,117.587,-5.523,-20.879,-81.048,-0.106,-78.041,-57.847,2.787,10.322,-9.194,0.012,-1.478,30.048,8.197,62.535,82.959,-10.352,-0.082,3.235,0.357,-0.464,-0.588,0.132,-0.042,-0.455,
2025-08-06 06:22:13.086,place_to_retreat_middlecase,-858.604,85.218,814.636,169.982,179.962,120.138,-5.237,-19.822,-81.961,-0.101,-78.179,-54.843,2.917,10.561,-9.248,0.027,-1.319,29.794,8.489,63.783,82.55,-10.351,-0.113,3.227,-0.016,1.349,-0.035,-0.056,0.497,-0.299,
2025-08-06 06:22:13.183,place_to_retreat_middlecase,-846.159,79.809,820.697,169.727,179.964,122.596,-4.951,-18.775,-82.874,-0.096,-78.317,-51.843,2.784,10.592,-9.201,0.001,-1.378,29.988,8.108,67.064,83.472,-10.482,-0.092,3.214,-0.154,-0.547,0.528,-0.044,-0.619,0.991,
2025-08-06 06:22:13.284,place_to_retreat_middlecase,-833.595,74.52,826.515,169.364,179.966,124.947,-4.663,-17.726,-83.791,-0.091,-78.458,-48.847,2.887,10.453,-9.143,0.018,-1.442,29.99,8.393,68.154,83.013,-10.435,-0.137,3.224,0.238,-0.319,0.15,0.009,0.117,-0.59,
2025-08-06 06:22:13.383,place_to_retreat_middlecase,-820.919,69.353,832.089,168.877,179.968,127.173,-4.377,-16.672,-84.704,-0.086,-78.595,-45.843,2.831,10.528,-9.171,0.003,-1.355,29.87,8.107,68.852,82.854,-10.458,-0.149,3.237,-0.364,0.412,0.391,0.036,0.048,-0.292,
2025-08-06 06:22:13.483,place_to_retreat_middlecase,-808.135,64.31,837.418,168.242,179.97,129.251,-4.09,-15.619,-85.618,-0.081,-78.734,-42.845,2.814,10.535,-9.065,0.025,-1.432,29.932,8.164,70.949,83.033,-10.489,-0.182,3.236,0.383,-0.029,-0.031,0.082,-0.002,0.676,
2025-08-06 06:22:13.583,place_to_retreat_middlecase,-795.25,59.393,842.501,167.433,179.972,131.155,-3.804,-14.57,-86.533,-0.076,-78.874,-39.848,2.908,10.522,-9.177,0.019,-1.355,30.005,8.12,72.381,83.09,-10.499,-0.215,3.25,-0.119,-0.274,-0.268,-0.072,0.422,-0.5,
2025-08-06 06:22:13.683,place_to_retreat_middlecase,-782.269,54.603,847.335,166.412,179.974,132.847,-3.517,-13.519,-87.447,-0.07,-79.012,-36.843,2.79,10.48,-9.119,0.011,-1.348,29.832,8.281,72.687,83.202,-10.534,-0.219,3.24,0.017,-0.65,0.001,0.023,-0.504,-0.128,
2025-08-06 06:22:13.784,place_to_retreat_middlecase,-769.196,49.941,851.921,165.132,179.976,134.281,-3.231,-12.464,-88.362,-0.066,-79.152,-33.846,2.911,10.392,-9.177,0.024,-1.457,29.979,8.139,74.049,82.782,-10.491,-0.288,3.243,0.011,0.815,-0.012,-0.053,0.286,0.972,
2025-08-06 06:22:13.883,place_to_retreat_middlecase,-756.038,45.409,856.257,163.531,179.978,135.394,-2.946,-11.415,-89.275,-0.061,-79.291,-30.849,2.793,10.643,-9.121,0.0,-1.291,30.026,8.027,75.801,83.386,-10.602,-0.287,3.302,0.086,0.29,0.155,0.001,0.023,-0.823,
2025-08-06 06:22:13.985,place_to_retreat_middlecase,-742.801,41.009,860.342,161.525,179.98,136.101,-2.66,-10.367,-90.191,-0.054,-79.43,-27.844,2.929,10.45,-9.146,0.024,-1.452,29.814,8.261,75.889,83.192,-10.557,-0.334,3.367,0.263,-1.378,-0.132,0.098,-0.665,-0.299,
2025-08-06 06:22:14.082,place_to_retreat_middlecase,-729.489,36.74,864.176,158.998,179.982,136.288,-2.373,-9.31,-91.105,-0.05,-79.57,-24.846,2.845,10.369,-9.148,0.02,-1.423,29.967,7.971,76.52,82.731,-10.525,-0.374,3.416,-0.25,1.211,0.07,-0.108,0.843,1.174,
2025-08-06 06:22:14.182,place_to_retreat_middlecase,-716.109,32.605,867.756,155.795,179.984,135.798,-2.086,-8.261,-92.018,-0.045,-79.707,-21.848,2.879,10.689,-9.132,0.003,-1.286,30.045,8.162,77.92,83.546,-10.637,-0.365,3.473,0.313,0.806,0.5,-0.053,-0.1,-0.488,
2025-08-06 06:22:14.282,place_to_retreat_middlecase,-702.666,28.604,871.083,151.7,179.985,134.417,-1.8,-7.213,-92.935,-0.039,-79.848,-18.844,2.908,10.53,-9.048,0.009,-1.443,29.869,8.039,78.173,83.189,-10.576,-0.401,3.483,-0.232,-1.591,-0.249,0.114,-0.371,-0.223,
2025-08-06 06:22:14.384,place_to_retreat_middlecase,-689.165,24.739,874.157,146.425,179.987,131.856,-1.514,-6.157,-93.847,-0.034,-79.986,-15.846,2.833,10.367,-9.182,0.026,-1.361,30.0,8.125,78.627,83.051,-10.573,-0.421,3.505,-0.029,0.453,-0.08,0.031,0.365,0.668,
2025-08-06 06:22:14.483,place_to_retreat_middlecase,-675.613,21.009,876.976,139.605,179.988,127.75,-1.228,-5.106,-94.762,-0.029,-80.124,-12.849,2.902,10.621,-9.064,0.016,-1.37,30.003,8.005,79.443,83.388,-10.614,-0.462,3.559,-0.064,0.502,0.953,-0.034,-0.138,-2.169,
2025-08-06 06:22:14.583,place_to_retreat_middlecase,-662.042,17.422,879.535,130.873,179.99,121.727,-0.941,-4.058,-95.676,-0.024,-80.264,-9.848,2.82,10.467,-8.993,0.019,-1.388,29.568,7.91,80.073,83.35,-10.614,-0.532,3.629,-1.114,-5.342,3.603,-0.007,0.606,-13.168,
2025-08-06 06:22:14.683,place_to_retreat_middlecase,-649.051,14.126,881.74,120.533,179.991,113.972,-0.666,-3.045,-96.549,-0.02,-80.396,-6.978,2.679,9.552,-8.343,0.014,-1.248,27.37,8.12,78.702,83.694,-10.666,-0.486,3.618,-3.365,-12.276,10.076,-0.073,1.796,-34.42,
2025-08-06 06:22:14.785,place_to_retreat_middlecase,-637.699,11.354,883.473,110.081,179.991,105.775,-0.425,-2.153,-97.317,-0.016,-80.511,-4.468,2.14,7.988,-6.958,0.004,-1.026,22.616,8.046,76.045,83.454,-10.647,-0.515,3.68,-5.648,-18.036,16.043,-0.07,2.558,-52.734,
2025-08-06 06:22:14.883,place_to_retreat_middlecase,-628.781,9.246,884.709,101.31,179.991,98.772,-0.236,-1.455,-97.919,-0.013,-80.603,-2.48,1.55,5.945,-5.134,0.0,-0.737,16.823,8.553,74.714,83.992,-10.714,-0.524,3.741,-5.718,-20.712,18.477,-0.022,2.78,-61.085,
2025-08-06 06:22:14.984,place_to_retreat_middlecase,-622.668,7.837,885.493,95.241,179.991,93.913,-0.107,-0.969,-98.337,-0.011,-80.668,-1.111,1.002,3.866,-3.281,0.0,-0.472,10.46,8.213,75.034,84.029,-10.727,-0.599,3.768,-5.296,-20.51,17.85,0.0,2.412,-56.884,
2025-08-06 06:22:15.083,place_to_retreat_middlecase,-619.239,7.059,885.91,91.879,179.991,91.23,-0.032,-0.691,-98.574,-0.01,-80.702,-0.341,0.49,1.843,-1.565,0.0,-0.254,5.446,8.377,74.362,84.198,-10.729,-0.612,3.792,-4.156,-17.342,14.309,0.0,2.151,-46.646,
2025-08-06 06:22:15.183,place_to_retreat_middlecase,-617.906,6.759,886.068,90.587,179.991,90.202,-0.002,-0.588,-98.668,-0.009,-80.72,-0.029,0.175,0.415,-0.433,0.0,-0.044,1.177,8.041,76.561,84.358,-10.744,-0.682,3.828,-2.463,-9.262,7.862,0.0,1.277,-27.365,
2025-08-06 06:22:15.282,place_to_retreat_middlecase,-617.713,6.715,886.09,90.401,179.991,90.054,0.008,-0.577,-98.685,-0.009,-80.722,0.021,0.0,0.0,-0.0,0.0,0.0,0.001,7.566,77.99,84.328,-10.752,-0.711,3.832,-0.876,-2.075,2.166,0.0,0.221,-5.886,waypoint
2025-08-06 06:22:15.383,place_to_retreat_middlecase,-617.713,6.715,886.09,90.401,179.991,90.054,0.008,-0.577,-98.685,-0.009,-80.722,0.022,0.0,0.0,0.0,0.0,0.0,0.0,6.901,79.472,84.462,-10.743,-0.684,3.791,-0.001,0.0,0.012,-5.22,5.053,4.566,
2025-08-06 06:22:15.484,place_to_retreat_middlecase,-617.801,6.8,886.113,130.063,179.936,129.751,0.008,-0.577,-98.684,-0.032,-80.694,0.035,0.0,0.0,0.002,-1.055,1.021,0.923,6.678,79.307,84.673,-10.885,-0.444,3.768,0.0,0.0,0.998,-23.947,21.493,23.816,
2025-08-06 06:22:15.582,place_to_retreat_middlecase,-618.426,7.394,886.275,134.992,179.532,134.92,0.008,-0.577,-98.671,-0.303,-80.435,0.306,0.0,0.0,0.199,-4.766,4.277,4.739,6.311,79.307,85.596,-11.501,0.123,3.861,0.0,0.0,2.334,-44.769,42.254,44.836,
2025-08-06 06:22:15.682,place_to_retreat_middlecase,-620.045,8.925,886.722,135.618,178.486,136.163,0.008,-0.577,-98.635,-1.03,-79.748,1.031,0.0,0.0,0.464,-9.919,9.387,9.801,6.045,79.276,86.767,-11.813,0.526,3.888,0.0,0.0,3.181,-56.426,54.848,57.918,
2025-08-06 06:22:15.782,place_to_retreat_middlecase,-622.945,11.644,887.621,135.923,176.62,137.55,0.008,-0.578,-98.57,-2.337,-78.507,2.331,0.0,0.0,0.835,-16.051,15.247,16.323,5.951,79.23,87.625,-12.046,0.792,3.902,0.0,0.0,3.194,-61.679,57.521,60.292,
2025-08-06 06:22:15.883,place_to_retreat_middlecase,-627.196,15.565,889.166,136.248,173.896,139.407,0.008,-0.579,-98.477,-4.261,-76.683,4.25,0.0,0.0,1.106,-22.316,20.949,21.919,5.812,79.349,87.997,-12.285,0.959,3.896,0.0,0.0,2.251,-54.703,50.863,52.003,
2025-08-06 06:22:15.983,place_to_retreat_middlecase,-632.633,20.452,891.528,136.665,170.435,141.692,0.007,-0.58,-98.358,-6.729,-74.343,6.719,0.0,0.0,1.287,-27.046,25.47,26.775,5.874,79.636,88.251,-12.488,1.159,3.919,0.0,0.0,1.289,-36.377,36.286,38.619,
2025-08-06 06:22:16.083,place_to_retreat_middlecase,-638.87,25.855,894.763,137.187,166.484,144.239,0.007,-0.58,-98.218,-9.574,-71.646,9.562,0.0,0.0,1.364,-29.592,28.206,29.643,5.841,80.158,88.218,-12.673,1.387,3.956,0.0,0.097,1.3,-14.47,14.344,17.684,
2025-08-06 06:22:16.184,place_to_retreat_middlecase,-645.385,31.231,898.736,137.798,162.373,146.831,0.006,-0.578,-98.074,-12.568,-68.808,12.562,0.0,0.019,1.548,-29.955,28.353,30.33,5.797,81.003,88.16,-12.776,1.626,3.942,0.0,0.476,0.384,-1.958,1.488,1.382,
2025-08-06 06:22:16.284,place_to_retreat_middlecase,-651.864,36.268,903.282,138.478,158.293,149.348,0.005,-0.571,-97.929,-15.568,-65.962,15.562,0.0,0.096,1.441,-29.985,28.505,29.921,5.727,82.586,88.249,-12.93,1.888,3.905,0.0,0.894,-0.579,-0.841,0.324,-1.362,
2025-08-06 06:22:16.384,place_to_retreat_middlecase,-658.269,40.903,908.357,139.232,154.256,151.784,0.005,-0.555,-97.785,-18.568,-63.118,18.556,0.0,0.198,1.433,-30.123,28.418,30.058,5.543,83.794,88.47,-13.062,2.19,3.86,0.0,0.09,-0.009,0.599,0.015,2.118,
2025-08-06 06:22:16.485,place_to_retreat_middlecase,-664.577,45.089,913.919,140.061,150.271,154.137,0.004,-0.537,-97.641,-21.568,-60.27,21.562,0.0,0.114,1.44,-29.865,28.508,30.347,5.511,83.622,88.639,-13.207,2.462,3.813,0.0,-0.719,0.259,0.81,1.444,-1.05,
2025-08-06 06:22:16.583,place_to_retreat_middlecase,-670.765,48.784,919.922,140.97,146.343,156.404,0.003,-0.526,-97.496,-24.568,-57.429,24.56,0.0,0.055,1.484,-29.962,28.705,29.849,5.34,84.151,89.027,-13.29,2.685,3.74,0.0,-0.315,-0.022,-1.079,0.306,-1.62,
2025-08-06 06:22:16.683,place_to_retreat_middlecase,-676.808,51.95,926.315,141.961,142.479,158.584,0.002,-0.518,-97.353,-27.568,-54.583,27.557,0.0,0.051,1.435,-30.079,28.569,30.026,5.294,84.451,89.432,-13.275,2.915,3.701,0.0,0.349,-0.5,0.599,-0.006,2.488,
2025-08-06 06:22:16.783,place_to_retreat_middlecase,-682.685,54.557,933.044,143.037,138.687,160.672,0.002,-0.507,-97.206,-30.569,-51.738,30.562,0.0,0.125,1.384,-29.842,28.704,30.346,5.166,85.144,89.962,-13.206,3.111,3.635,0.0,0.565,0.09,0.656,-1.025,-1.073,
2025-08-06 06:22:16.886,place_to_retreat_middlecase,-688.372,56.577,940.051,144.204,134.976,162.665,0.001,-0.492,-97.062,-33.567,-48.893,33.56,0.0,0.166,1.454,-29.945,28.361,29.808,5.112,85.657,90.528,-13.118,3.295,3.572,0.0,0.176,0.496,-1.608,-1.192,-1.161,
2025-08-06 06:22:16.983,place_to_retreat_middlecase,-693.849,57.993,947.276,145.464,131.354,164.56,0.001,-0.474,-96.917,-36.568,-46.046,36.557,0.0,0.16,1.483,-30.163,28.466,30.114,5.063,85.713,90.821,-12.912,3.419,3.521,0.0,-0.601,0.322,0.302,0.469,2.399,
2025-08-06 06:22:17.083,place_to_retreat_middlecase,-699.095,58.789,954.655,146.821,127.83,166.352,0.001,-0.463,-96.772,-39.568,-43.203,39.561,0.0,0.048,1.517,-29.886,28.453,30.281,5.061,85.74,91.17,-12.713,3.54,3.469,0.0,-0.74,-0.221,1.301,-0.08,-1.493,
2025-08-06 06:22:17.184,place_to_retreat_middlecase,-704.091,58.96,962.126,148.28,124.415,168.038,0.0,-0.457,-96.629,-42.567,-40.355,42.56,0.0,0.011,1.439,-29.902,28.45,29.814,5.029,85.884,91.36,-12.487,3.63,3.426,0.0,-0.172,-0.085,-0.807,-0.485,-0.849,
2025-08-06 06:22:17.285,place_to_retreat_middlecase,-708.818,58.505,969.624,149.844,121.119,169.615,0.0,-0.451,-96.482,-45.564,-37.511,45.556,0.0,0.013,1.5,-30.049,28.355,30.109,4.967,86.384,91.555,-12.218,3.678,3.385,0.0,0.218,0.214,0.578,-0.181,2.223,
2025-08-06 06:22:17.384,place_to_retreat_middlecase,-713.261,57.43,977.085,151.517,117.954,171.078,-0.0,-0.443,-96.339,-48.564,-34.665,48.561,0.0,0.055,1.482,-29.786,28.414,30.259,4.946,86.839,91.613,-11.863,3.687,3.358,0.0,0.325,-0.603,0.373,0.871,-1.52,
2025-08-06 06:22:17.483,place_to_retreat_middlecase,-717.402,55.748,984.445,153.302,114.932,172.424,-0.0,-0.432,-96.195,-51.564,-31.819,51.559,0.0,0.077,1.38,-29.975,28.528,29.808,4.932,87.191,91.787,-11.43,3.66,3.336,0.0,0.334,-0.254,-1.127,-0.147,-0.493,
2025-08-06 06:22:17.582,place_to_retreat_middlecase,-721.229,53.477,991.643,155.201,112.065,173.653,-0.0,-0.418,-96.049,-54.564,-28.975,54.555,0.0,0.121,1.431,-30.009,28.385,30.161,4.908,87.646,92.189,-11.03,3.609,3.323,0.0,0.483,0.208,0.696,-0.621,2.52,
2025-08-06 06:22:17.682,place_to_retreat_middlecase,-724.73,50.643,998.617,157.215,109.368,174.762,-0.0,-0.399,-95.904,-57.564,-26.128,57.56,0.0,0.173,1.422,-29.837,28.404,30.31,4.887,87.797,92.419,-10.537,3.519,3.324,0.0,-0.38,0.459,0.128,0.242,-1.784,
2025-08-06 06:22:17.783,place_to_retreat_middlecase,-727.893,47.277,1005.31,159.346,106.854,175.751,-0.0,-0.386,-95.759,-60.563,-23.285,60.557,0.0,0.045,1.524,-29.984,28.433,29.802,4.862,87.545,92.624,-9.919,3.381,3.335,0.0,-0.857,0.186,-0.399,-0.106,-1.086,
2025-08-06 06:22:17.884,place_to_retreat_middlecase,-730.709,43.414,1011.668,161.59,104.537,176.621,-0.0,-0.38,-95.617,-63.564,-20.438,63.555,0.0,0.0,1.459,-29.917,28.383,30.09,4.887,87.451,92.881,-9.235,3.211,3.322,0.0,-0.136,-0.651,0.506,1.358,2.294,
2025-08-06 06:22:17.983,place_to_retreat_middlecase,-733.171,39.097,1017.641,163.946,102.431,177.377,-0.0,-0.376,-95.47,-66.564,-17.593,66.56,0.0,0.018,1.393,-29.883,28.705,30.261,4.856,87.736,93.219,-8.517,3.01,3.314,0.0,0.14,0.096,-0.369,0.015,-1.357,
2025-08-06 06:22:18.084,place_to_retreat_middlecase,-735.273,34.373,1023.181,166.408,100.55,178.024,-0.0,-0.371,-95.326,-69.563,-14.748,69.558,0.0,0.028,1.479,-29.991,28.386,29.819,4.808,87.971,93.377,-7.801,2.813,3.304,0.0,0.186,0.323,0.067,-0.82,-0.776,
2025-08-06 06:22:18.182,place_to_retreat_middlecase,-737.012,29.291,1028.248,168.967,98.907,178.569,-0.0,-0.363,-95.182,-72.563,-11.902,72.553,0.0,0.055,1.458,-29.869,28.542,30.107,4.737,88.165,93.481,-7.049,2.585,3.269,0.0,0.397,-0.361,-0.242,0.013,2.066,
2025-08-06 06:22:18.285,place_to_retreat_middlecase,-738.384,23.906,1032.805,171.615,97.516,179.022,-0.0,-0.355,-95.036,-75.562,-9.059,75.559,0.0,0.108,1.406,-30.04,28.388,30.234,4.727,88.476,93.612,-6.265,2.342,3.224,0.0,0.564,-0.33,-0.363,-0.487,-1.387,
2025-08-06 06:22:18.383,place_to_retreat_middlecase,-739.39,18.276,1036.821,174.338,96.387,179.396,-0.0,-0.341,-94.891,-78.562,-6.211,78.557,0.0,0.168,1.391,-29.942,28.444,29.828,4.718,88.819,93.593,-5.47,2.065,3.175,0.0,0.314,0.433,1.117,0.117,-0.385,
2025-08-06 06:22:18.483,place_to_retreat_middlecase,-740.03,12.462,1040.272,177.121,95.529,179.707,-0.0,-0.323,-94.746,-81.563,-3.367,81.553,0.0,0.17,1.492,-29.819,28.411,30.158,4.677,88.887,93.524,-4.611,1.776,3.142,0.0,-0.506,0.432,-0.575,-1.189,2.073,
2025-08-06 06:22:18.585,place_to_retreat_middlecase,-740.306,6.524,1043.138,179.947,94.951,179.971,-0.0,-0.307,-94.603,-84.563,-0.521,84.559,0.0,0.066,1.478,-30.058,28.204,30.247,4.661,88.496,93.378,-3.704,1.453,3.14,0.0,-0.777,-0.473,-1.205,0.539,-1.586,
2025-08-06 06:22:18.683,place_to_retreat_middlecase,-740.223,0.526,1045.408,2.798,-94.657,0.207,-0.0,-0.299,-94.459,-87.562,2.325,87.556,0.0,0.015,1.397,-30.06,28.519,29.84,4.673,88.256,93.286,-2.782,1.108,3.141,0.0,-0.332,-0.186,1.481,0.949,-0.476,
2025-08-06 06:22:18.782,place_to_retreat_middlecase,-739.785,-5.467,1047.075,5.655,-94.649,0.435,-0.0,-0.295,-94.314,-90.563,5.169,90.553,0.0,0.0,1.442,-29.767,28.39,30.153,4.594,88.315,93.416,-1.876,0.766,3.114,0.0,0.023,0.33,-0.146,0.298,2.46,
2025-08-06 06:22:18.883,place_to_retreat_middlecase,-738.999,-11.391,1048.14,8.496,-94.928,0.674,-0.0,-0.289,-94.169,-93.563,8.017,93.558,0.0,0.019,1.463,-30.089,28.579,30.333,4.529,88.374,93.453,-0.964,0.451,3.068,0.0,0.255,0.067,-1.214,-0.337,-1.457,
2025-08-06 06:22:18.984,place_to_retreat_middlecase,-737.873,-17.184,1048.61,11.303,-95.49,0.945,-0.0,-0.282,-94.024,-96.56,10.859,96.556,0.0,0.052,1.455,-30.012,28.322,29.859,4.47,88.609,93.719,-0.001,0.095,3.053,0.0,0.262,-0.391,1.562,-0.809,-1.001,
2025-08-06 06:22:19.083,place_to_retreat_middlecase,-736.416,-22.783,1048.499,14.057,-96.33,1.265,-0.0,-0.273,-93.879,-99.562,13.706,99.553,0.0,0.072,1.385,-29.776,28.417,30.132,4.481,88.637,93.822,0.887,-0.25,3.014,0.0,0.318,-0.275,-0.653,1.459,2.504,
2025-08-06 06:22:19.182,place_to_retreat_middlecase,-734.637,-28.128,1047.826,16.742,-97.439,1.652,-0.0,-0.259,-93.733,-102.562,16.55,102.557,0.0,0.115,1.401,-30.141,28.611,30.355,4.451,88.761,93.81,1.816,-0.6,2.977,0.0,0.396,0.653,-1.129,-0.684,-1.615,
2025-08-06 06:22:19.283,place_to_retreat_middlecase,-732.548,-33.163,1046.616,19.341,-98.809,2.121,-0.0,-0.242,-93.589,-105.561,19.397,105.555,0.0,0.151,1.516,-30.002,28.28,29.809,4.381,88.72,93.7,2.752,-0.947,2.955,0.0,-0.325,0.205,1.789,-1.33,-1.085,
2025-08-06 06:22:19.385,place_to_retreat_middlecase,-730.158,-37.832,1044.901,21.844,-100.427,2.684,-0.0,-0.226,-93.445,-108.562,22.242,108.552,0.0,0.049,1.443,-29.778,28.341,30.135,4.423,88.199,93.217,3.597,-1.266,2.918,0.0,-0.672,-0.552,-0.515,0.139,2.539,
2025-08-06 06:22:19.483,place_to_retreat_middlecase,-727.482,-42.085,1042.718,24.239,-102.281,3.351,-0.0,-0.217,-93.3,-111.561,25.086,111.557,0.0,0.017,1.405,-30.105,28.308,30.317,4.375,87.776,93.005,4.443,-1.585,2.92,0.0,-0.229,0.113,-0.987,0.606,-1.475,
2025-08-06 06:22:19.586,place_to_retreat_middlecase,-724.53,-45.877,1040.109,26.519,-104.356,4.131,-0.0,-0.213,-93.156,-114.56,27.933,114.555,0.0,0.003,1.465,-29.976,28.463,29.838,4.374,87.73,92.87,5.253,-1.864,2.924,0.0,0.01,0.228,0.659,0.89,-1.27,
2025-08-06 06:22:19.684,place_to_retreat_middlecase,-721.317,-49.165,1037.119,28.679,-106.639,5.028,-0.0,-0.209,-93.012,-117.561,30.776,117.551,0.0,0.019,1.451,-29.973,28.487,30.062,4.319,87.665,92.784,6.054,-2.115,2.912,0.0,0.235,-0.234,-0.719,-1.333,2.774,
2025-08-06 06:22:19.784,place_to_retreat_middlecase,-717.856,-51.915,1033.799,30.716,-109.116,6.045,-0.0,-0.202,-92.867,-120.561,33.623,120.557,0.0,0.05,1.419,-30.119,28.199,30.387,4.296,87.642,92.637,6.858,-2.311,2.906,0.0,-0.072,-0.258,-0.247,0.91,-1.016,
2025-08-06 06:22:19.883,place_to_retreat_middlecase,-714.159,-54.095,1030.204,32.627,-111.77,7.185,-0.0,-0.195,-92.722,-123.56,36.468,123.554,0.0,0.004,1.4,-30.022,28.668,29.86,4.292,87.562,92.503,7.538,-2.473,2.909,0.0,-0.011,0.269,1.008,0.765,-1.255,
2025-08-06 06:22:19.984,place_to_retreat_middlecase,-710.241,-55.681,1026.389,34.414,-114.59,8.447,-0.0,-0.186,-92.577,-126.559,39.313,126.551,0.0,0.047,1.473,-29.917,28.352,30.136,4.246,87.42,92.497,8.271,-2.592,2.881,0.0,0.394,0.683,-0.303,-0.631,2.189,
2025-08-06 06:22:20.084,place_to_retreat_middlecase,-706.116,-56.654,1022.414,36.077,-117.56,9.829,-0.0,-0.175,-92.433,-129.561,42.159,129.555,0.0,0.083,1.537,-30.083,28.541,30.3,4.193,87.412,92.387,8.941,-2.702,2.875,0.0,0.353,-0.267,-0.374,0.292,-1.473,
2025-08-06 06:22:20.185,place_to_retreat_middlecase,-701.797,-57.002,1018.339,37.619,-120.669,11.331,-0.0,-0.157,-92.288,-132.559,45.003,132.553,0.0,0.118,1.419,-29.992,28.411,29.84,4.171,87.242,92.191,9.524,-2.771,2.885,0.0,-0.112,-0.393,-0.201,-0.619,-1.404,
2025-08-06 06:22:20.284,place_to_retreat_middlecase,-697.297,-56.721,1014.227,39.043,-123.903,12.947,-0.0,-0.14,-92.144,-135.559,47.85,135.545,0.0,0.061,1.459,-30.123,28.417,30.019,4.182,86.739,91.827,10.027,-2.798,2.901,0.0,-0.53,0.29,-0.702,0.474,2.717,
2025-08-06 06:22:20.384,place_to_retreat_middlecase,-692.631,-55.809,1010.139,40.352,-127.25,14.677,-0.0,-0.129,-91.998,-138.56,50.694,138.549,0.0,0.013,1.477,-30.132,28.505,30.381,4.224,86.179,91.406,10.476,-2.829,2.919,0.0,-0.252,-0.263,0.71,0.68,-0.355,
2025-08-06 06:22:20.486,place_to_retreat_middlecase,-687.81,-54.276,1006.138,41.55,-130.7,16.515,-0.0,-0.124,-91.854,-141.558,53.54,141.547,0.0,0.01,1.405,-29.98,28.555,29.947,4.251,85.919,91.048,10.886,-2.816,2.98,0.0,0.028,-0.591,1.014,0.959,-1.587,
2025-08-06 06:22:20.582,place_to_retreat_middlecase,-682.848,-52.135,1002.283,42.64,-134.243,18.458,-0.0,-0.119,-91.709,-144.559,56.386,144.544,0.0,0.018,1.36,-29.931,28.695,30.067,4.208,85.804,90.722,11.214,-2.762,3.025,0.0,0.084,0.173,-0.481,-2.252,2.102,
2025-08-06 06:22:20.684,place_to_retreat_middlecase,-677.758,-49.407,998.635,43.626,-137.868,20.502,-0.0,-0.113,-91.564,-147.559,59.229,147.548,0.0,0.027,1.44,-30.075,28.109,30.363,4.244,85.597,90.374,11.451,-2.645,3.061,0.0,0.139,0.708,0.109,-1.518,-1.01,
2025-08-06 06:22:20.783,place_to_retreat_middlecase,-672.552,-46.116,995.25,44.512,-141.567,22.644,-0.0,-0.105,-91.42,-150.558,62.076,150.546,0.0,0.046,1.502,-29.909,28.389,29.864,4.201,85.514,90.01,11.695,-2.494,3.094,0.0,0.103,-0.022,-0.984,2.217,-1.757,
2025-08-06 06:22:20.883,place_to_retreat_middlecase,-667.24,-42.297,992.184,45.302,-145.33,24.881,-0.0,-0.095,-91.276,-153.558,64.92,153.543,0.0,0.047,1.435,-30.271,28.55,30.014,4.166,85.267,89.673,11.836,-2.33,3.118,0.0,0.439,-0.285,-0.565,0.055,2.425,
2025-08-06 06:22:20.984,place_to_retreat_middlecase,-661.836,-37.985,989.485,45.998,-149.15,27.21,-0.0,-0.081,-91.131,-156.559,67.767,156.547,0.0,0.135,1.445,-30.023,28.401,30.351,4.239,85.088,89.406,11.881,-2.078,3.14,0.0,0.684,0.091,1.156,-0.627,-0.386,
2025-08-06 06:22:21.083,place_to_retreat_middlecase,-656.349,-33.225,987.202,46.603,-153.02,29.627,-0.0,-0.062,-90.986,-159.558,70.611,159.546,0.0,0.184,1.454,-30.039,28.424,29.937,4.175,84.984,89.255,11.862,-1.859,3.175,0.0,-0.032,0.05,0.318,-1.168,-2.051,
2025-08-06 06:22:21.182,place_to_retreat_middlecase,-650.791,-28.063,985.377,47.122,-156.931,32.13,-0.0,-0.045,-90.841,-162.557,73.457,162.542,0.0,0.128,1.455,-29.96,28.169,29.945,4.114,84.328,88.905,11.791,-1.597,3.215,0.0,-0.824,-0.492,-0.007,0.62,1.86,
2025-08-06 06:22:21.284,place_to_retreat_middlecase,-645.172,-22.552,984.046,47.555,-160.878,34.718,-0.0,-0.037,-90.697,-165.558,76.303,165.547,0.0,0.019,1.355,-30.041,28.549,30.31,4.177,83.642,88.497,11.683,-1.3,3.26,0.0,-0.598,-0.339,-0.177,0.83,0.042,
2025-08-06 06:22:21.384,place_to_retreat_middlecase,-639.503,-16.745,983.243,47.907,-164.853,37.389,-0.0,-0.033,-90.551,-168.557,79.146,168.546,0.0,0.008,1.387,-29.996,28.337,29.954,4.228,83.304,88.145,11.457,-0.976,3.322,0.0,-0.086,0.337,6.016,-5.684,-6.422,
2025-08-06 06:22:21.485,place_to_retreat_middlecase,-633.871,-10.786,982.994,48.177,-168.796,40.106,-0.0,-0.028,-90.408,-171.522,81.96,171.507,0.0,0.001,1.422,-28.831,27.407,29.02,4.265,83.008,87.738,11.248,-0.63,3.365,0.0,0.056,-0.724,23.068,-21.553,-22.81,
2025-08-06 06:22:21.582,place_to_retreat_middlecase,-628.682,-5.172,983.255,48.364,-172.424,42.673,-0.0,-0.023,-90.277,-174.251,84.545,174.243,0.0,0.019,1.243,-25.428,24.069,25.437,4.375,82.82,87.534,11.097,-0.333,3.384,0.0,0.094,-2.249,43.728,-42.449,-44.564,
2025-08-06 06:22:21.683,place_to_retreat_middlecase,-624.353,-0.426,983.838,48.492,-175.448,44.878,-0.0,-0.017,-90.168,-176.531,86.707,176.527,0.0,0.02,0.977,-20.173,19.002,20.196,4.498,82.626,87.207,10.939,-0.041,3.384,0.0,0.009,-2.59,56.909,-53.543,-56.04,
2025-08-06 06:22:21.783,place_to_retreat_middlecase,-621.145,3.111,984.485,48.621,-177.688,46.601,-0.0,-0.012,-90.085,-178.227,88.315,178.226,0.0,0.021,0.723,-13.99,13.307,14.173,4.681,82.324,87.068,10.767,0.193,3.398,0.0,-0.057,-3.166,60.354,-57.53,-60.25,
2025-08-06 06:22:21.885,place_to_retreat_middlecase,-619.121,5.348,984.989,48.923,-179.1,47.933,-0.0,-0.008,-90.034,-179.306,89.339,179.309,0.0,0.008,0.338,-7.982,7.381,8.025,4.753,82.041,86.653,10.595,0.38,3.397,0.0,-0.045,-2.758,54.47,-52.443,-55.919,
2025-08-06 06:22:21.982,place_to_retreat_middlecase,-618.133,6.44,985.261,50.479,-179.789,49.998,-0.0,-0.005,-90.007,-179.841,89.845,179.839,0.0,0.012,0.174,-3.15,2.871,3.045,4.724,81.887,86.45,10.405,0.525,3.403,0.0,-0.041,-1.704,37.878,-35.243,-38.044,
2025-08-06 06:22:22.083,place_to_retreat_middlecase,-617.855,6.749,985.341,72.715,-179.982,72.379,-0.0,-0.002,-89.997,-179.999,89.995,179.998,0.0,0.0,0.0,-0.482,0.403,0.493,4.72,81.765,86.103,10.273,0.632,3.409,0.0,-0.058,-0.86,15.595,-14.212,-15.076,waypoint
2025-08-06 06:22:22.184,mobile_move_machine,-617.843,6.762,985.344,90.368,-179.989,90.038,-0.0,-0.0,-89.997,-180.008,90.004,180.011,0.0,0.0,0.0,0.0,0.0,0.0,4.641,81.585,85.678,10.266,0.642,3.394,0.0,-0.0,-0.001,2.426,-2.024,-2.476,
2025-08-06 06:22:22.282,mobile_move_machine,-617.843,6.762,985.344,90.368,-179.989,90.038,-0.0,0.001,-89.997,-180.007,90.003,180.011,0.0,0.0,0.0,0.001,0.0,0.0,4.629,81.6,85.435,10.455,0.583,3.35,0.0,0.0,-0.011,0.004,-0.001,0.0,
2025-08-06 06:22:28.183,mobile_move_machine,-617.843,6.762,985.344,90.368,-179.989,90.038,0.0,-0.01,-90.0,-180.0,90.0,179.999,0.0,0.0,0.0,0.0,0.0,0.0,5.122,77.245,85.12,10.95,0.4,3.125,0.0,0.0,0.0,0.0,0.0,0.0,
2025-08-06 06:22:33.984,mobile_move_machine,-617.843,6.762,985.344,90.368,-179.989,90.038,-0.0,0.001,-90.0,-180.0,90.0,180.0,0.0,0.0,0.0,0.0,0.0,0.0,2.904,78.589,85.033,10.852,0.429,3.133,0.0,-0.0,0.0,0.0,0.0,0.0,
2025-08-06 06:22:39.785,mobile_move_machine,-617.843,6.762,985.344,90.368,-179.989,90.038,0.0,-0.006,-90.0,-180.0,90.0,180.0,0.0,0.001,0.0,0.0,0.0,0.0,-0.226,90.806,85.014,10.901,0.683,3.15,0.0,0.0,0.0,0.0,0.0,0.0,
2025-08-06 06:22:45.682,mobile_move_machine,-617.843,6.762,985.344,90.368,-179.989,90.038,-0.002,0.009,-90.0,-180.0,90.0,180.0,0.0,-0.002,-0.0,0.0,0.0,0.0,5.277,71.216,85.36,11.056,0.247,3.096,0.0,-0.018,0.0,0.0,0.0,0.0,
2025-08-06 06:22:51.484,mobile_move_machine,-617.843,6.762,985.344,90.368,-179.989,90.038,-0.001,-0.002,-90.0,-180.0,90.0,180.0,0.0,0.0,0.0,0.0,0.0,0.0,4.251,79.285,85.053,11.129,0.471,3.147,0.0,0.0,0.0,0.0,0.0,0.0,
2025-08-06 06:22:57.284,mobile_move_machine,-617.843,6.762,985.344,90.368,-179.989,90.038,0.0,0.002,-90.0,-180.0,90.0,180.0,0.0,0.0,0.0,0.0,0.0,0.0,3.15,80.967,85.05,11.14,0.471,3.138,0.0,0.0,-0.015,0.0,0.0,0.0,
2025-08-06 06:23:03.183,mobile_move_machine,-617.843,6.762,985.344,90.368,-179.989,90.038,-0.0,-0.0,-90.0,-180.0,90.0,180.0,0.0,0.0,0.0,0.0,0.0,0.0,3.073,80.02,85.088,11.147,0.451,3.13,0.0,0.0,0.0,0.0,0.0,0.0,
2025-08-06 06:23:08.988,mobile_move_machine,-617.843,6.762,985.344,90.368,-179.989,90.038,-0.0,0.001,-90.0,-180.0,90.0,180.0,0.0,0.0,0.0,0.0,0.0,0.0,2.652,83.534,85.083,11.164,0.49,3.126,0.0,0.0,0.0,0.0,0.0,0.0,
2025-08-06 06:23:14.783,mobile_move_machine,-617.843,6.762,985.344,90.368,-179.989,90.038,0.0,0.001,-90.0,-180.0,90.0,180.0,0.0,0.0,0.0,0.0,0.0,0.0,2.83,82.565,85.012,11.174,0.539,3.1,0.0,0.0,0.0,0.0,0.0,0.0,
2025-08-06 06:23:20.683,mobile_move_machine_to_approach_middlecase,-618.106,6.471,985.268,50.681,-179.808,50.214,0.0,-0.003,-90.003,-179.886,89.887,179.923,0.0,0.0,-0.044,2.582,-2.3,-2.619,3.519,80.615,85.15,11.706,0.166,2.986,0.0,-0.014,-1.777,34.663,-33.179,-36.313,
2025-08-06 06:23:20.783,mobile_move_machine_to_approach_middlecase,-619.049,5.428,985.008,48.951,-179.15,47.998,0.0,-0.003,-90.025,-179.416,89.44,179.432,0.0,0.0,-0.355,6.943,-6.651,-7.263,2.718,83.448,84.712,12.117,-0.147,2.582,0.0,0.0,-2.886,52.31,-50.004,-51.393,
2025-08-06 06:23:20.883,mobile_move_machine_to_approach_middlecase,-621.016,3.254,984.515,48.629,-177.778,46.675,0.0,-0.004,-90.072,-178.418,88.496,178.433,0.0,0.0,-0.621,13.044,-12.301,-12.897,3.224,81.719,84.293,12.46,-0.478,2.42,0.0,0.0,-2.866,61.47,-56.076,-59.378,
2025-08-06 06:23:20.984,mobile_move_machine_to_approach_middlecase,-624.164,-0.219,983.871,48.498,-175.58,44.976,0.0,-0.004,-90.152,-176.81,86.967,176.819,0.0,0.0,-0.931,19.299,-17.922,-19.198,2.963,83.179,84.585,12.763,-0.623,2.38,0.0,-0.003,-2.761,57.589,-55.057,-57.968,
2025-08-06 06:23:21.084,mobile_move_machine_to_approach_middlecase,-628.442,-4.91,983.279,48.371,-172.592,42.793,0.0,-0.005,-90.258,-174.605,84.878,174.613,0.0,-0.001,-1.176,24.619,-23.367,-24.549,3.207,82.587,84.813,13.039,-0.901,2.366,0.0,-0.035,-2.177,45.72,-45.548,-45.976,
2025-08-06 06:23:21.183,mobile_move_machine_to_approach_middlecase,-633.597,-10.492,982.996,48.188,-168.988,40.24,0.0,-0.008,-90.389,-171.93,82.339,171.935,0.0,-0.007,-1.365,28.397,-26.986,-28.347,2.841,82.919,85.162,13.356,-1.13,2.358,0.0,-0.132,-1.512,27.065,-24.882,-27.819,
2025-08-06 06:23:21.283,mobile_move_machine_to_approach_middlecase,-639.218,-16.448,983.218,47.922,-165.053,37.525,0.0,-0.012,-90.532,-168.982,79.543,168.986,0.0,-0.027,-1.477,30.005,-28.319,-30.085,2.741,82.111,85.416,13.54,-1.44,2.355,0.0,-0.059,-0.524,8.096,-7.958,-8.34,
2025-08-06 06:23:21.383,mobile_move_machine_to_approach_middlecase,-644.89,-22.268,983.993,47.575,-161.076,34.849,0.0,-0.022,-90.677,-165.982,76.698,165.985,0.0,-0.019,-1.469,30.016,-28.578,-30.015,2.586,81.931,85.685,13.697,-1.743,2.343,0.0,-0.361,0.271,-0.04,-0.808,0.769,
2025-08-06 06:23:21.483,mobile_move_machine_to_approach_middlecase,-650.512,-27.796,985.298,47.145,-157.128,32.257,0.0,-0.033,-90.821,-162.982,73.853,162.983,0.0,-0.099,-1.423,29.997,-28.48,-29.931,2.486,81.501,86.126,13.822,-2.093,2.332,0.0,-0.564,0.126,-0.11,0.587,-0.003,
2025-08-06 06:23:21.583,mobile_move_machine_to_approach_middlecase,-656.073,-32.976,987.099,46.631,-153.214,29.75,0.0,-0.048,-90.967,-159.979,71.006,159.983,0.0,-0.132,-1.444,29.995,-28.46,-30.015,2.513,81.377,86.484,13.974,-2.412,2.278,0.0,-0.069,-0.308,0.115,0.037,-0.243,
2025-08-06 06:23:21.685,mobile_move_machine_to_approach_middlecase,-661.563,-37.758,989.361,46.03,-149.342,27.328,0.0,-0.065,-91.111,-156.982,68.161,156.983,0.0,-0.113,-1.485,30.02,-28.473,-29.98,2.436,81.602,86.851,14.133,-2.705,2.234,0.0,-0.288,0.291,0.196,-0.348,0.607,
2025-08-06 06:23:21.785,mobile_move_machine_to_approach_middlecase,-666.972,-42.093,992.039,45.339,-145.52,24.996,0.0,-0.083,-91.255,-153.981,65.315,153.982,0.0,-0.19,-1.385,30.034,-28.531,-29.893,2.45,81.627,87.104,14.182,-2.99,2.214,0.0,0.293,0.41,-0.695,-0.112,-0.396,
2025-08-06 06:23:21.884,mobile_move_machine_to_approach_middlecase,-672.288,-45.938,995.089,44.554,-141.753,22.754,0.0,-0.099,-91.4,-150.98,62.471,150.983,0.0,-0.055,-1.404,29.882,-28.495,-30.059,2.48,81.929,87.31,14.181,-3.225,2.183,0.0,0.866,-0.21,-0.02,0.363,-0.709,
2025-08-06 06:23:21.983,mobile_move_machine_to_approach_middlecase,-677.501,-49.255,998.459,43.673,-138.051,20.607,0.0,-0.109,-91.544,-147.982,59.625,147.983,0.0,-0.018,-1.427,30.03,-28.459,-30.033,2.471,82.216,87.544,14.129,-3.44,2.155,0.0,0.204,-0.364,0.536,-0.274,0.832,
2025-08-06 06:23:22.083,mobile_move_machine_to_approach_middlecase,-682.597,-52.013,1002.095,42.692,-134.422,18.557,0.0,-0.117,-91.688,-144.981,56.779,144.982,0.0,-0.014,-1.476,29.989,-28.55,-29.893,2.51,82.392,87.745,13.987,-3.598,2.136,0.0,-0.028,-0.123,-0.392,0.391,-0.106,
2025-08-06 06:23:22.183,mobile_move_machine_to_approach_middlecase,-687.565,-54.184,1005.941,41.607,-130.876,16.609,0.0,-0.125,-91.833,-141.981,53.935,141.982,0.0,-0.024,-1.452,29.952,-28.381,-30.054,2.494,82.573,88.132,13.752,-3.721,2.101,0.0,-0.138,0.341,0.024,0.629,-0.762,
2025-08-06 06:23:22.285,mobile_move_machine_to_approach_middlecase,-692.393,-55.747,1009.937,40.415,-127.42,14.766,0.0,-0.133,-91.978,-138.981,51.088,138.985,0.0,-0.042,-1.407,29.994,-28.423,-30.047,2.473,82.613,88.487,13.473,-3.815,2.062,0.0,-0.082,-0.083,0.83,-1.319,0.567,
2025-08-06 06:23:22.384,mobile_move_machine_to_approach_middlecase,-697.068,-56.69,1014.022,39.111,-124.067,13.031,0.0,-0.143,-92.124,-135.982,48.243,135.982,0.0,-0.04,-1.468,30.118,-28.646,-29.94,2.571,82.791,88.893,13.119,-3.867,2.017,0.0,-0.203,-0.148,-0.737,0.015,-0.171,
2025-08-06 06:23:22.486,mobile_move_machine_to_approach_middlecase,-701.576,-57.003,1018.134,37.693,-120.828,11.409,0.0,-0.156,-92.268,-132.982,45.397,132.981,0.0,-0.083,-1.437,29.845,-28.42,-30.082,2.388,83.441,89.216,12.632,-3.918,1.975,0.0,-0.145,0.239,-0.536,1.081,-0.158,
2025-08-06 06:23:22.584,mobile_move_machine_to_approach_middlecase,-705.904,-56.686,1022.212,36.157,-117.713,9.902,0.0,-0.166,-92.413,-129.982,42.552,129.984,0.0,-0.069,-1.421,30.011,-28.429,-29.972,2.5,82.618,89.293,12.154,-3.904,1.954,0.0,0.146,0.098,0.879,-0.217,0.592,
2025-08-06 06:23:22.684,mobile_move_machine_to_approach_middlecase,-710.04,-55.744,1026.193,34.5,-114.735,8.513,0.0,-0.18,-92.559,-126.982,39.708,126.982,0.0,-0.054,-1.418,30.019,-28.462,-29.965,2.391,83.411,89.641,11.589,-3.859,1.938,0.0,0.188,-0.322,-0.411,-0.608,0.266,
2025-08-06 06:23:22.783,mobile_move_machine_to_approach_middlecase,-713.968,-54.188,1030.018,32.719,-111.908,7.245,0.0,-0.19,-92.702,-123.982,36.861,123.982,0.0,-0.032,-1.485,29.929,-28.55,-29.919,2.452,83.273,89.803,10.978,-3.764,1.912,0.0,0.17,-0.155,-0.179,-0.409,-0.554,
2025-08-06 06:23:22.883,mobile_move_machine_to_approach_middlecase,-717.676,-52.038,1033.626,30.814,-109.244,6.1,0.0,-0.198,-92.846,-120.982,34.017,120.984,0.0,-0.021,-1.449,29.984,-28.544,-30.075,2.459,83.763,89.961,10.277,-3.597,1.906,0.0,0.066,0.361,0.234,1.594,-0.649,
2025-08-06 06:23:22.983,mobile_move_machine_to_approach_middlecase,-721.15,-49.316,1036.96,28.784,-106.759,5.076,0.0,-0.205,-92.991,-117.983,31.17,117.984,0.0,-0.019,-1.413,29.976,-28.232,-30.049,2.505,83.798,90.024,9.534,-3.412,1.876,0.0,-0.034,0.064,-0.088,0.446,1.122,
2025-08-06 06:23:23.085,mobile_move_machine_to_approach_middlecase,-724.376,-46.053,1039.968,26.63,-104.466,4.173,0.0,-0.213,-93.135,-114.982,28.326,114.983,0.0,-0.027,-1.436,29.966,-28.454,-29.848,2.498,83.791,90.15,8.868,-3.198,1.847,0.0,-0.172,-0.321,0.484,-0.605,-0.095,
2025-08-06 06:23:23.183,mobile_move_machine_to_approach_middlecase,-727.341,-42.286,1042.597,24.356,-102.379,3.388,0.0,-0.222,-93.279,-111.983,25.481,111.987,0.0,-0.053,-1.477,30.073,-28.353,-30.068,2.487,83.983,90.328,8.064,-2.967,1.826,0.0,-0.157,-0.128,0.184,-0.578,-0.407,
2025-08-06 06:23:23.283,mobile_move_machine_to_approach_middlecase,-730.031,-38.055,1044.803,21.966,-100.514,2.715,0.0,-0.233,-93.425,-108.983,22.634,108.983,0.0,-0.059,-1.461,30.003,-28.568,-29.929,2.552,83.857,90.462,7.293,-2.723,1.803,0.0,0.003,0.457,-0.403,-0.437,1.016,
2025-08-06 06:23:23.383,mobile_move_machine_to_approach_middlecase,-732.435,-33.405,1046.542,19.469,-98.884,2.147,0.0,-0.245,-93.57,-105.983,19.79,105.985,0.0,-0.052,-1.385,29.993,-28.44,-29.865,2.596,83.926,90.653,6.494,-2.444,1.774,0.0,-0.228,0.022,-0.421,0.589,-0.966,
2025-08-06 06:23:23.484,mobile_move_machine_to_approach_middlecase,-734.54,-28.388,1047.778,16.874,-97.502,1.673,0.0,-0.258,-93.716,-102.983,16.943,102.992,0.0,-0.104,-1.457,29.918,-28.45,-30.123,2.617,84.034,90.92,5.68,-2.134,1.762,0.0,-0.084,-0.635,0.234,0.004,-0.731,
2025-08-06 06:23:23.583,mobile_move_machine_to_approach_middlecase,-736.335,-23.057,1048.479,14.193,-96.379,1.283,0.0,-0.272,-93.86,-99.983,14.099,99.989,0.0,-0.069,-1.512,30.039,-28.439,-30.011,2.621,84.125,91.092,4.846,-1.799,1.765,0.0,0.431,0.243,0.298,0.514,1.208,
2025-08-06 06:23:23.683,mobile_move_machine_to_approach_middlecase,-737.808,-17.469,1048.619,11.442,-95.525,0.959,0.0,-0.282,-94.005,-96.983,11.253,96.989,0.0,-0.018,-1.408,29.977,-28.348,-29.883,2.651,84.43,91.343,3.937,-1.473,1.758,0.0,0.318,0.356,0.205,-0.062,-0.646,
2025-08-06 06:23:23.783,mobile_move_machine_to_approach_middlecase,-738.951,-11.685,1048.178,8.637,-94.949,0.687,0.0,-0.29,-94.149,-93.984,8.408,93.992,0.0,-0.006,-1.441,30.08,-28.452,-30.14,2.656,84.497,91.288,3.1,-1.132,1.774,0.0,-0.1,-0.428,-0.654,-0.001,-0.7,
2025-08-06 06:23:23.885,mobile_move_machine_to_approach_middlecase,-739.754,-5.765,1047.143,5.797,-94.656,0.446,0.0,-0.298,-94.293,-90.984,5.563,90.989,0.0,-0.039,-1.495,29.845,-28.348,-30.024,2.676,84.498,91.221,2.277,-0.808,1.787,0.0,-0.254,0.005,0.239,0.03,1.404,
2025-08-06 06:23:23.984,mobile_move_machine_to_approach_middlecase,-740.209,0.226,1045.506,2.941,-94.65,0.219,0.0,-0.308,-94.438,-87.984,2.717,87.99,0.0,-0.057,-1.44,30.128,-28.446,-29.858,2.726,84.462,91.118,1.374,-0.471,1.782,0.0,-0.171,0.48,0.519,-0.493,-0.369,
2025-08-06 06:23:24.083,mobile_move_machine_to_approach_middlecase,-740.31,6.225,1043.266,0.089,-94.93,-0.016,0.0,-0.318,-94.581,-84.984,-0.127,84.993,0.0,-0.073,-1.4,29.948,-28.446,-30.097,2.738,84.424,90.97,0.603,-0.124,1.785,0.0,-0.007,0.102,-0.99,0.508,-0.603,
2025-08-06 06:23:24.183,mobile_move_machine_to_approach_middlecase,-740.052,12.167,1040.429,177.261,95.494,179.721,0.0,-0.33,-94.727,-81.985,-2.974,81.99,0.0,-0.058,-1.42,29.932,-28.345,-29.978,2.746,84.34,90.878,-0.267,0.18,1.786,0.0,-0.057,-0.568,0.661,0.047,1.097,
2025-08-06 06:23:24.283,mobile_move_machine_to_approach_middlecase,-739.431,17.99,1037.007,174.476,96.338,179.413,0.0,-0.343,-94.871,-78.986,-5.818,78.991,0.0,-0.084,-1.513,30.08,-28.436,-29.878,2.738,84.319,90.894,-1.119,0.502,1.796,0.0,-0.016,-0.053,0.805,0.44,-0.731,
2025-08-06 06:23:24.386,mobile_move_machine_to_approach_middlecase,-738.443,23.63,1033.019,171.749,97.453,179.042,0.0,-0.356,-95.016,-75.988,-8.664,75.992,0.0,-0.061,-1.431,30.095,-28.255,-30.126,2.787,84.311,91.035,-1.966,0.789,1.818,0.0,0.271,0.124,-0.986,-0.044,-0.645,
2025-08-06 06:23:24.487,mobile_move_machine_to_approach_middlecase,-737.089,29.028,1028.488,169.098,98.832,178.593,0.0,-0.365,-95.162,-72.988,-11.51,72.99,0.0,-0.029,-1.488,29.879,-28.445,-30.009,2.762,84.547,91.154,-2.792,1.052,1.856,0.0,0.29,-0.054,-0.142,-0.015,1.077,
2025-08-06 06:23:24.585,mobile_move_machine_to_approach_middlecase,-735.369,34.127,1023.446,166.534,100.462,178.053,0.0,-0.372,-95.306,-69.987,-14.354,69.992,0.0,-0.004,-1.441,30.067,-28.258,-29.912,2.816,84.485,91.208,-3.558,1.301,1.885,0.0,-0.069,-0.003,0.105,0.842,-0.968,
2025-08-06 06:23:24.684,mobile_move_machine_to_approach_middlecase,-733.284,38.87,1017.928,164.067,102.331,177.412,0.0,-0.379,-95.451,-66.988,-17.201,66.993,0.0,-0.042,-1.488,29.9,-28.279,-30.2,2.818,84.2,91.037,-4.338,1.522,1.923,0.0,-0.247,-0.052,-0.483,-0.782,0.159,
2025-08-06 06:23:24.783,mobile_move_machine_to_approach_middlecase,-730.84,43.209,1011.977,161.706,104.426,176.662,0.0,-0.387,-95.596,-63.988,-20.041,63.991,0.0,-0.052,-1.452,29.971,-28.413,-29.88,2.779,83.992,90.828,-5.064,1.717,1.961,0.0,-0.055,0.671,0.877,-0.66,1.5,
2025-08-06 06:23:24.884,mobile_move_machine_to_approach_middlecase,-728.042,47.095,1005.636,159.455,106.733,175.797,0.0,-0.397,-95.74,-60.988,-22.888,60.991,0.0,-0.053,-1.354,30.075,-28.411,-29.9,2.776,83.783,90.636,-5.75,1.886,1.995,0.0,-0.099,-0.195,0.367,-0.861,-1.383,
2025-08-06 06:23:24.989,mobile_move_machine_to_approach_middlecase,-724.896,50.487,998.958,157.319,109.238,174.814,0.0,-0.408,-95.885,-57.989,-25.733,57.993,0.0,-0.073,-1.492,30.047,-28.59,-30.165,2.819,83.588,90.376,-6.405,2.037,2.029,0.0,-0.124,-0.559,-0.802,0.824,-0.027,
2025-08-06 06:23:25.083,mobile_move_machine_to_approach_middlecase,-721.412,53.349,991.997,155.299,111.926,173.711,0.0,-0.422,-96.029,-54.992,-28.577,54.991,0.0,-0.078,-1.465,29.916,-28.247,-29.905,2.824,83.396,90.123,-7.031,2.155,2.043,0.0,-0.182,0.282,-0.193,0.449,1.234,
2025-08-06 06:23:25.184,mobile_move_machine_to_approach_middlecase,-717.601,55.648,984.809,153.394,114.785,172.489,0.0,-0.435,-96.173,-51.991,-31.424,51.993,0.0,-0.108,-1.437,30.009,-28.503,-29.925,2.903,83.346,89.871,-7.653,2.245,2.062,0.0,0.224,-0.109,0.354,-1.232,-1.448,
2025-08-06 06:23:25.284,mobile_move_machine_to_approach_middlecase,-713.475,57.36,977.456,151.603,117.799,171.148,0.0,-0.445,-96.317,-48.993,-34.268,48.993,0.0,-0.033,-1.487,29.987,-28.495,-30.196,2.887,83.293,89.57,-8.138,2.324,2.082,0.0,0.451,-0.213,-0.076,-0.186,0.293,
2025-08-06 06:23:25.383,mobile_move_machine_to_approach_middlecase,-709.047,58.466,969.998,149.925,120.958,169.69,0.0,-0.452,-96.463,-45.993,-37.115,45.991,0.0,-0.019,-1.479,29.994,-28.539,-29.866,2.882,83.103,89.355,-8.603,2.329,2.119,0.0,0.067,0.143,0.659,0.183,1.524,
2025-08-06 06:23:25.483,mobile_move_machine_to_approach_middlecase,-704.334,58.952,962.501,148.355,124.247,168.12,0.0,-0.459,-96.608,-42.992,-39.959,42.991,0.0,-0.02,-1.459,30.118,-28.458,-29.893,2.883,82.692,89.16,-9.039,2.296,2.161,0.0,-0.167,0.373,-0.432,0.344,-1.142,
2025-08-06 06:23:25.583,mobile_move_machine_to_approach_middlecase,-699.351,58.813,955.027,146.891,127.657,166.439,0.0,-0.468,-96.752,-39.994,-42.805,39.995,0.0,-0.052,-1.405,29.907,-28.471,-30.095,2.912,82.328,89.123,-9.398,2.262,2.201,0.0,-0.236,0.296,-1.009,-0.702,-0.238,
2025-08-06 06:23:25.683,mobile_move_machine_to_approach_middlecase,-694.117,58.047,947.641,145.529,131.175,164.652,0.0,-0.478,-96.899,-36.993,-45.65,36.992,0.0,-0.067,-1.4,29.916,-28.599,-29.941,2.907,82.027,88.895,-9.709,2.202,2.233,0.0,-0.253,-0.438,0.975,-0.219,0.986,
2025-08-06 06:23:25.783,mobile_move_machine_to_approach_middlecase,-688.651,56.663,940.408,144.264,134.793,162.762,0.0,-0.488,-97.043,-33.993,-48.494,33.993,0.0,-0.103,-1.492,30.103,-28.514,-29.898,2.916,81.601,88.702,-9.995,2.066,2.268,0.0,0.012,-0.25,-0.315,0.265,-0.845,
2025-08-06 06:23:25.884,mobile_move_machine_to_approach_middlecase,-682.974,54.672,933.389,143.093,138.5,160.774,0.0,-0.501,-97.187,-30.994,-51.341,30.992,0.0,-0.064,-1.45,29.853,-28.546,-30.111,2.942,81.357,88.39,-10.24,1.911,2.305,0.0,0.186,0.045,-0.668,-0.273,-0.16,
2025-08-06 06:23:25.985,mobile_move_machine_to_approach_middlecase,-677.106,52.094,926.644,142.012,142.288,158.691,0.0,-0.513,-97.331,-27.994,-54.185,27.992,0.0,-0.065,-1.483,29.968,-28.57,-29.93,2.896,81.06,87.881,-10.438,1.752,2.34,0.0,0.122,0.28,1.099,0.612,1.022,
2025-08-06 06:23:26.083,mobile_move_machine_to_approach_middlecase,-671.071,48.955,920.233,141.017,146.148,156.515,0.0,-0.522,-97.476,-24.993,-57.032,24.992,0.0,-0.04,-1.395,30.072,-28.424,-29.907,2.835,80.879,87.495,-10.572,1.571,2.361,0.0,0.101,0.088,0.155,0.214,-1.277,
2025-08-06 06:23:26.184,mobile_move_machine_to_approach_middlecase,-664.89,45.286,914.209,140.105,150.073,154.252,0.0,-0.53,-97.62,-21.994,-59.876,21.986,0.0,-0.045,-1.466,29.999,-28.527,-30.184,2.813,80.541,86.917,-10.653,1.368,2.384,0.0,-0.05,-0.45,-0.729,0.251,-0.28,
2025-08-06 06:23:26.286,mobile_move_machine_to_approach_middlecase,-658.587,41.123,908.623,139.272,154.056,151.903,0.0,-0.538,-97.763,-18.995,-62.722,18.978,0.0,-0.05,-1.486,29.924,-28.373,-29.964,2.839,80.002,86.554,-10.705,1.143,2.422,0.0,-0.143,0.339,0.67,0.002,1.066,
2025-08-06 06:23:26.383,mobile_move_machine_to_approach_middlecase,-652.186,36.51,903.523,138.514,158.09,149.471,0.0,-0.548,-97.909,-15.994,-65.567,15.979,0.0,-0.073,-1.398,30.132,-28.526,-29.972,2.841,79.492,86.095,-10.662,0.929,2.44,0.0,-0.228,0.185,-0.524,0.342,-0.701,
2025-08-06 06:23:26.483,mobile_move_machine_to_approach_middlecase,-645.71,31.492,898.95,137.83,162.168,146.959,0.0,-0.559,-98.055,-12.995,-68.411,12.978,0.0,-0.095,-1.449,29.82,-28.305,-30.102,2.877,79.075,85.785,-10.587,0.687,2.465,0.0,-0.218,-0.322,-1.916,0.747,1.211,
2025-08-06 06:23:26.584,mobile_move_machine_to_approach_middlecase,-639.194,26.129,894.946,137.216,166.279,144.37,0.0,-0.572,-98.2,-9.998,-71.256,9.981,0.0,-0.117,-1.463,29.747,-28.376,-29.729,2.838,78.485,85.439,-10.492,0.437,2.494,0.0,-0.029,0.446,-12.25,10.715,13.956,
2025-08-06 06:23:26.684,mobile_move_machine_to_approach_middlecase,-632.93,20.714,891.669,136.688,170.246,141.815,-0.0,-0.585,-98.338,-7.117,-73.984,7.101,0.0,-0.101,-1.36,27.358,-26.152,-27.297,2.748,78.479,85.49,-10.444,0.2,2.518,0.0,0.411,1.84,-34.155,32.551,33.645,
2025-08-06 06:23:26.785,mobile_move_machine_to_approach_middlecase,-627.443,15.79,889.264,136.267,173.739,139.512,-0.0,-0.594,-98.462,-4.585,-76.386,4.571,0.0,-0.035,-1.093,22.882,-21.834,-22.966,2.632,78.462,85.709,-10.481,-0.029,2.537,0.0,0.437,2.832,-51.05,49.921,51.048,
2025-08-06 06:23:26.883,mobile_move_machine_to_approach_middlecase,-623.125,11.812,887.682,135.938,176.504,137.631,-0.0,-0.599,-98.558,-2.577,-78.288,2.564,0.0,-0.014,-0.796,17.199,-16.218,-17.139,2.503,78.282,85.602,-10.409,-0.214,2.574,0.0,0.175,2.895,-60.483,57.515,61.193,
2025-08-06 06:23:26.983,mobile_move_machine_to_approach_middlecase,-620.158,9.032,886.755,135.635,178.414,136.223,-0.0,-0.601,-98.625,-1.183,-79.607,1.171,0.0,-0.0,-0.52,10.906,-10.446,-10.85,2.39,78.1,85.406,-10.369,-0.394,2.57,0.0,0.069,2.73,-58.891,55.335,59.008,
2025-08-06 06:23:27.083,mobile_move_machine_to_approach_middlecase,-618.481,7.445,886.289,135.049,179.497,134.998,-0.0,-0.603,-98.662,-0.384,-80.363,0.379,0.0,0.0,-0.25,5.421,-5.15,-5.337,2.398,77.894,85.062,-10.289,-0.546,2.565,0.0,0.0,2.345,-47.377,44.944,48.032,
2025-08-06 06:23:27.183,mobile_move_machine_to_approach_middlecase,-617.816,6.813,886.116,130.775,179.927,130.468,-0.0,-0.603,-98.68,-0.059,-80.67,0.055,0.0,-0.0,-0.051,1.43,-1.457,-1.243,2.334,77.911,84.677,-10.17,-0.664,2.583,0.0,0.0,1.246,-26.971,25.599,26.378,
2025-08-06 06:23:27.284,mobile_move_machine_to_approach_middlecase,-617.713,6.715,886.09,90.408,179.991,90.061,-0.0,-0.604,-98.683,-0.003,-80.723,0.002,0.0,0.0,0.0,0.0,-0.005,-0.035,2.446,77.787,84.33,-10.034,-0.753,2.597,0.0,0.0,0.253,-7.125,7.248,6.185,waypoint
2025-08-06 06:23:27.384,mobile_move_machine_to_approach_middlecase,-617.713,6.715,886.09,90.401,179.991,90.054,-0.0,-0.604,-98.683,-0.003,-80.723,0.0,0.0,0.0,0.0,-0.002,0.0,0.0,2.513,77.686,84.162,-10.055,-0.737,2.637,1.813,-1.05,-0.776,-0.009,2.384,-11.972,
2025-08-06 06:23:27.484,mobile_move_machine_to_approach_middlecase,-617.834,6.474,885.887,90.775,179.991,90.314,0.008,-0.603,-98.685,-0.004,-80.712,-0.058,0.363,-0.21,-0.155,-0.002,0.472,-2.429,2.951,77.452,84.103,-10.162,-0.562,2.628,13.568,-6.696,-4.562,-0.076,11.981,-56.778,
2025-08-06 06:23:27.584,mobile_move_machine_to_approach_middlecase,-618.793,4.572,884.285,93.534,179.99,92.177,0.147,-0.673,-98.737,-0.007,-80.571,-0.734,2.714,-1.339,-0.912,-0.017,2.396,-11.356,8.096,71.558,82.748,-10.042,-0.083,2.494,29.429,-15.657,-9.104,-0.121,24.61,-116.788,
2025-08-06 06:23:27.684,mobile_move_machine_to_approach_middlecase,-621.354,-0.511,880.005,99.599,179.989,95.847,0.595,-0.902,-98.887,-0.012,-80.184,-2.592,6.248,-3.341,-1.976,-0.026,5.394,-25.787,11.337,66.918,81.633,-9.96,0.409,2.381,37.81,-21.525,-10.557,-0.14,32.214,-158.278,
2025-08-06 06:23:27.783,mobile_move_machine_to_approach_middlecase,-626.006,-9.744,872.229,107.543,179.985,99.44,1.417,-1.346,-99.142,-0.02,-79.478,-6.022,10.238,-5.623,-3.013,-0.045,8.807,-42.853,12.816,64.522,81.184,-10.01,0.66,2.296,37.095,-23.998,-8.544,-0.19,32.145,-167.583,
2025-08-06 06:23:27.885,mobile_move_machine_to_approach_middlecase,-632.878,-23.382,860.744,115.652,179.98,101.121,2.622,-2.039,-99.488,-0.031,-78.431,-11.157,13.704,-8.165,-3.693,-0.064,11.855,-59.471,13.102,63.286,80.872,-10.061,0.764,2.206,31.349,-25.484,-4.463,-0.222,28.883,-151.485,
2025-08-06 06:23:27.983,mobile_move_machine_to_approach_middlecase,-641.713,-40.916,845.978,123.302,179.974,100.507,4.139,-2.985,-99.872,-0.044,-77.095,-17.837,16.508,-10.719,-3.906,-0.089,14.583,-73.15,12.296,62.646,80.621,-10.108,0.838,2.185,19.72,-22.036,3.101,-0.004,19.801,-111.195,
2025-08-06 06:23:28.083,mobile_move_machine_to_approach_middlecase,-651.916,-61.164,828.926,130.452,179.966,98.115,5.849,-4.165,-100.223,-0.057,-75.567,-25.646,17.609,-12.528,-3.079,-0.065,15.775,-81.488,10.81,65.838,81.531,-10.326,0.862,2.181,3.405,-14.683,9.208,0.139,5.447,-55.312,
2025-08-06 06:23:28.183,mobile_move_machine_to_approach_middlecase,-662.665,-82.497,810.961,137.072,179.959,94.682,7.588,-5.489,-100.489,-0.07,-73.981,-33.969,17.189,-13.656,-2.064,-0.061,15.673,-84.212,8.148,69.809,81.803,-10.48,0.839,2.242,-7.075,-9.059,10.135,0.125,-3.349,-12.451,
2025-08-06 06:23:28.285,mobile_move_machine_to_approach_middlecase,-673.425,-103.851,792.977,143.209,179.951,90.755,9.26,-6.884,-100.644,-0.082,-72.428,-42.37,16.18,-14.358,-1.032,-0.04,15.099,-84.003,6.978,69.568,81.167,-10.426,0.896,2.273,-13.865,-0.751,10.133,0.275,-10.186,33.9,
2025-08-06 06:23:28.384,mobile_move_machine_to_approach_middlecase,-683.703,-124.249,775.799,148.804,179.944,86.737,10.8,-8.288,-100.69,-0.094,-70.979,-50.491,14.402,-13.807,-0.027,-0.006,13.625,-77.399,5.008,71.651,81.035,-10.445,0.919,2.297,-23.178,11.827,8.949,0.056,-20.629,95.236,
2025-08-06 06:23:28.483,mobile_move_machine_to_approach_middlecase,-692.674,-142.051,760.807,153.55,179.939,83.093,12.105,-9.574,-100.654,-0.105,-69.745,-57.662,11.591,-12.016,0.74,-0.029,11.014,-65.146,2.152,75.167,81.86,-10.496,0.922,2.34,-30.793,23.884,5.186,-0.042,-27.848,144.781,
2025-08-06 06:23:28.583,mobile_move_machine_to_approach_middlecase,-699.717,-156.03,749.035,157.212,179.935,80.168,13.1,-10.618,-100.558,-0.113,-68.8,-63.349,8.274,-9.054,1.005,-0.014,8.084,-48.587,-0.143,78.616,83.134,-10.528,0.922,2.406,-31.986,31.394,0.569,-0.015,-30.411,171.643,
2025-08-06 06:23:28.683,mobile_move_machine_to_approach_middlecase,-704.548,-165.616,740.962,159.699,179.932,78.136,13.773,-11.358,-100.464,-0.117,-68.159,-67.295,5.193,-5.738,0.854,-0.032,4.932,-30.818,-1.064,80.95,83.8,-10.515,0.942,2.462,-28.678,30.694,-2.578,0.072,-27.906,166.437,
2025-08-06 06:23:28.785,mobile_move_machine_to_approach_middlecase,-707.263,-171.004,736.425,161.088,179.931,76.987,14.148,-11.782,-100.4,-0.12,-67.799,-69.543,2.481,-2.854,0.484,0.0,2.447,-14.967,-0.709,77.696,82.944,-10.349,0.996,2.479,-23.252,24.767,-3.863,0.16,-21.599,134.529,
2025-08-06 06:23:28.883,mobile_move_machine_to_approach_middlecase,-708.324,-173.11,734.651,161.63,179.93,76.536,14.294,-11.953,-100.373,-0.121,-67.66,-70.443,0.543,-0.784,0.081,0.0,0.613,-3.912,0.592,74.594,82.262,-10.178,1.058,2.468,-12.53,14.414,-2.444,0.0,-12.357,75.526,
2025-08-06 06:23:28.983,mobile_move_machine_to_approach_middlecase,-708.48,-173.42,734.39,161.71,179.93,76.47,14.309,-11.976,-100.366,-0.121,-67.635,-70.577,0.0,0.0,0.0,0.0,0.0,-0.013,2.877,70.119,81.683,-9.992,1.126,2.438,-2.711,3.901,-0.404,0.0,-3.048,19.463,waypoint
2025-08-06 06:23:29.084,mobile_move_machine_to_approach_middlecase,-708.48,-173.42,734.39,161.71,179.93,76.47,14.308,-11.976,-100.366,-0.121,-67.635,-70.578,-0.002,0.0,0.0,0.0,0.0,0.0,4.145,66.577,81.058,-9.845,1.113,2.461,-0.001,0.0,-0.346,0.0,0.597,0.063,
2025-08-06 06:23:29.184,approach_middlecase_to_pick,-708.48,-173.42,734.3,161.71,179.93,76.47,14.307,-11.975,-100.368,-0.121,-67.632,-70.577,-0.0,0.0,-0.07,0.0,0.12,0.0,3.96,66.457,80.795,-9.818,1.067,2.5,-0.002,0.0,-3.242,0.0,4.745,0.0,
2025-08-06 06:23:29.283,approach_middlecase_to_pick,-708.48,-173.42,733.64,161.71,179.93,76.47,14.304,-11.975,-100.403,-0.121,-67.576,-70.577,-0.002,0.0,-0.645,0.0,0.944,0.0,3.41,66.551,79.668,-9.78,1.193,2.537,-0.066,-2.144,-7.165,0.0,10.653,0.0,
2025-08-06 06:23:29.383,approach_middlecase_to_pick,-708.48,-173.42,731.904,161.71,179.93,76.47,14.301,-11.992,-100.511,-0.121,-67.421,-70.577,-0.014,-0.427,-1.495,0.0,2.24,0.0,3.125,64.642,78.306,-9.709,1.246,2.562,0.011,-5.795,-8.656,0.0,12.766,0.0,
2025-08-06 06:23:29.483,approach_middlecase_to_pick,-708.48,-173.42,728.746,161.71,179.93,76.47,14.298,-12.07,-100.705,-0.121,-67.137,-70.576,0.0,-1.159,-2.376,0.0,3.497,0.0,2.849,61.425,77.533,-9.65,1.262,2.579,0.066,-6.089,-9.449,0.0,14.258,0.001,
2025-08-06 06:23:29.583,approach_middlecase_to_pick,-708.48,-173.42,724.04,161.71,179.93,76.47,14.296,-12.211,-100.995,-0.122,-66.711,-70.573,-0.0,-1.645,-3.385,0.0,5.091,0.0,2.628,61.389,77.303,-9.637,1.228,2.587,-0.001,-4.696,-8.814,-0.063,12.934,0.041,
2025-08-06 06:23:29.685,approach_middlecase_to_pick,-708.48,-173.42,717.892,161.71,179.93,76.47,14.294,-12.398,-101.372,-0.126,-66.148,-70.569,-0.0,-2.108,-4.157,-0.013,6.11,0.008,2.373,61.44,77.267,-9.653,1.218,2.624,0.002,-4.153,-6.125,-0.001,10.524,0.052,
2025-08-06 06:23:29.784,approach_middlecase_to_pick,-708.48,-173.42,710.629,161.71,179.93,76.47,14.293,-12.627,-101.812,-0.13,-65.483,-70.562,0.0,-2.479,-4.616,-0.0,7.207,0.011,2.326,61.166,77.275,-9.684,1.237,2.672,0.001,-2.804,-3.172,0.054,6.387,-0.034,
2025-08-06 06:23:29.884,approach_middlecase_to_pick,-708.48,-173.42,702.745,161.71,179.93,76.47,14.292,-12.884,-102.283,-0.132,-64.758,-70.557,0.0,-2.665,-4.788,-0.002,7.381,0.001,2.251,61.594,77.338,-9.713,1.229,2.718,0.0,-1.452,0.489,-0.002,-0.731,-0.037,
2025-08-06 06:23:29.984,approach_middlecase_to_pick,-708.48,-173.42,694.831,161.71,179.93,76.47,14.292,-13.155,-102.753,-0.136,-64.025,-70.552,0.0,-2.77,-4.518,-0.0,7.061,0.003,2.252,60.917,77.027,-9.656,1.234,2.747,0.0,1.123,3.827,-0.005,-5.75,0.027,
2025-08-06 06:23:30.083,approach_middlecase_to_pick,-708.48,-173.42,687.481,161.71,179.93,76.47,14.291,-13.413,-103.186,-0.139,-63.345,-70.548,0.0,-2.442,-4.026,-0.003,6.237,0.007,2.106,61.801,77.246,-9.678,1.253,2.763,0.0,3.153,6.452,0.002,-9.332,0.035,
2025-08-06 06:23:30.185,approach_middlecase_to_pick,-708.48,-173.42,681.204,161.71,179.93,76.47,14.291,-13.641,-103.55,-0.141,-62.758,-70.545,0.0,-2.136,-3.221,-0.0,5.185,0.01,2.082,62.041,77.125,-9.66,1.269,2.767,0.0,4.549,8.106,0.015,-11.479,0.002,
2025-08-06 06:23:30.283,approach_middlecase_to_pick,-708.48,-173.42,676.345,161.71,179.93,76.47,14.291,-13.819,-103.829,-0.143,-62.3,-70.543,0.0,-1.532,-2.405,-0.0,3.941,0.007,2.008,62.705,77.092,-9.64,1.276,2.783,0.0,5.957,8.538,0.001,-14.06,-0.052,
2025-08-06 06:23:30.383,approach_middlecase_to_pick,-708.48,-173.42,673.034,161.71,179.93,76.47,14.291,-13.939,-104.021,-0.144,-61.989,-70.541,0.0,-0.956,-1.531,0.0,2.401,0.0,1.996,61.831,76.829,-9.582,1.28,2.789,0.0,5.193,8.266,0.001,-13.42,-0.036,
2025-08-06 06:23:30.484,approach_middlecase_to_pick,-708.48,-173.42,671.168,161.71,179.93,76.47,14.291,-14.011,-104.13,-0.145,-61.811,-70.54,0.0,-0.488,-0.743,0.0,1.244,0.0,2.013,61.193,76.52,-9.517,1.286,2.786,0.0,4.281,6.578,0.0,-9.942,0.0,
2025-08-06 06:23:30.583,approach_middlecase_to_pick,-708.48,-173.42,670.421,161.71,179.93,76.47,14.291,-14.038,-104.174,-0.145,-61.737,-70.54,0.0,-0.1,-0.215,0.0,0.413,0.0,2.05,60.781,76.347,-9.483,1.302,2.776,0.0,2.441,3.712,0.0,-6.219,0.0,waypoint
2025-08-06 06:23:30.684,pick_on_middlecase,-708.48,-173.42,670.3,161.71,179.93,76.47,14.291,-14.045,-104.183,-0.145,-61.723,-70.539,0.0,0.0,-0.001,0.0,0.0,0.0,2.153,59.989,76.078,-9.404,1.273,2.776,0.0,0.489,1.051,0.0,-2.013,0.0,
2025-08-06 06:23:30.788,pick_on_middlecase,-708.48,-173.42,670.3,161.72,179.93,76.48,14.291,-14.045,-104.183,-0.145,-61.723,-70.539,0.0,0.0,0.0,0.0,0.0,0.0,2.174,59.996,75.991,-9.354,1.171,2.78,0.0,0.0,0.006,0.0,0.0,0.0,
2025-08-06 06:23:31.184,pick_on_middlecase,-708.48,-173.42,670.3,161.72,179.93,76.48,14.291,-14.045,-104.181,-0.145,-61.726,-70.539,0.0,0.0,0.0,0.0,0.0,0.0,2.239,60.464,76.338,-9.315,0.904,2.763,0.0,0.0,0.001,0.0,0.008,0.0,
2025-08-06 06:23:31.487,pick_on_middlecase,-708.48,-173.42,670.3,161.72,179.93,76.48,14.291,-14.045,-104.18,-0.145,-61.726,-70.539,0.0,0.0,0.0,0.0,0.0,0.0,2.272,60.694,76.429,-9.315,0.91,2.757,0.0,0.0,0.0,0.0,0.0,0.0,
2025-08-06 06:23:31.785,pick_on_middlecase,-708.48,-173.42,670.3,161.72,179.93,76.48,14.291,-14.044,-104.179,-0.145,-61.726,-70.539,0.0,0.0,-0.0,0.0,0.0,0.0,2.286,61.189,76.469,-9.312,0.92,2.755,0.0,0.0,0.0,0.0,0.0,0.0,
2025-08-06 06:23:32.085,pick_on_middlecase,-708.48,-173.42,670.3,161.72,179.93,76.48,14.291,-14.043,-104.179,-0.145,-61.726,-70.539,0.0,0.0,0.0,0.0,0.0,0.0,2.3,61.928,76.464,-9.301,0.925,2.738,0.0,0.0,0.0,0.0,0.0,0.0,
2025-08-06 06:23:32.384,pick_on_middlecase,-708.48,-173.42,670.3,161.72,179.93,76.48,14.291,-14.042,-104.179,-0.145,-61.726,-70.54,0.0,0.001,0.0,0.0,0.0,0.0,2.299,62.737,76.468,-9.312,0.928,2.733,0.0,0.0,0.0,0.0,0.0,0.0,
2025-08-06 06:23:32.683,pick_on_middlecase,-708.48,-173.42,670.3,161.72,179.93,76.48,14.291,-14.04,-104.179,-0.145,-61.726,-70.54,0.0,0.0,0.0,0.0,0.0,0.0,2.318,63.452,76.429,-9.307,0.913,2.743,0.0,0.009,0.0,0.0,0.0,0.0,
2025-08-06 06:23:32.983,pick_on_middlecase,-708.48,-173.42,670.3,161.72,179.93,76.48,14.291,-14.039,-104.179,-0.145,-61.726,-70.54,0.0,0.0,0.0,0.0,0.0,0.0,2.329,63.745,76.419,-9.29,0.917,2.727,0.0,-0.0,0.013,0.0,0.0,0.0,
2025-08-06 06:23:33.283,pick_on_middlecase,-708.48,-173.42,670.3,161.72,179.93,76.48,14.291,-14.037,-104.179,-0.145,-61.726,-70.54,0.0,0.0,0.0,0.0,0.0,0.0,2.319,64.044,76.421,-9.308,0.925,2.735,0.0,-0.001,0.0,0.0,0.0,0.0,
2025-08-06 06:23:33.583,pick_on_middlecase,-708.48,-173.42,670.3,161.72,179.93,76.48,14.291,-14.036,-104.179,-0.145,-61.726,-70.54,0.0,0.0,0.0,0.0,0.0,0.0,2.31,64.122,76.409,-9.317,0.93,2.731,0.0,0.0,0.0,0.0,0.0,0.0,
2025-08-06 06:23:33.885,pick_to_retreat_middlecase,-708.48,-173.42,670.791,161.72,179.93,76.48,14.291,-14.033,-104.163,-0.145,-61.76,-70.54,0.0,0.361,0.764,0.0,-1.392,0.0,2.291,64.781,76.935,-9.363,0.856,2.714,0.0,10.929,18.833,0.0,-30.904,0.0,
2025-08-06 06:23:33.983,pick_to_retreat_middlecase,-708.48,-173.42,674.959,161.72,179.93,76.48,14.291,-13.915,-103.943,-0.144,-62.122,-70.54,0.0,2.153,3.71,0.0,-6.088,0.0,1.865,73.321,80.811,-9.707,0.461,2.731,0.0,19.949,33.169,0.101,-52.162,0.0,
2025-08-06 06:23:34.083,pick_to_retreat_middlecase,-708.48,-173.42,685.03,161.72,179.93,76.48,14.291,-13.585,-103.384,-0.142,-63.029,-70.54,0.0,4.311,7.332,0.02,-11.72,0.0,1.608,79.236,82.728,-9.884,0.198,2.738,0.0,17.173,28.669,0.02,-42.688,0.0,
2025-08-06 06:23:34.183,pick_to_retreat_middlecase,-708.48,-173.42,699.791,161.72,179.93,76.48,14.291,-13.078,-102.528,-0.134,-64.381,-70.541,0.0,5.588,9.444,0.004,-14.626,0.0,1.575,79.167,82.454,-9.715,0.086,2.742,0.0,3.149,7.702,0.05,-8.178,0.0,
2025-08-06 06:23:34.285,pick_to_retreat_middlecase,-708.48,-173.42,715.296,161.72,179.93,76.48,14.291,-12.539,-101.591,-0.127,-65.82,-70.543,0.0,4.947,8.888,0.03,-13.372,0.0,2.412,72.041,80.364,-9.335,0.057,2.725,0.0,-13.527,-18.597,-0.007,29.381,-0.201,
2025-08-06 06:23:34.383,pick_to_retreat_middlecase,-708.48,-173.42,727.164,161.72,179.93,76.48,14.291,-12.145,-100.842,-0.122,-66.937,-70.551,0.0,2.882,5.725,0.003,-8.75,-0.04,2.626,66.782,77.705,-8.943,0.026,2.683,0.0,-19.46,-34.06,-0.151,51.987,-0.002,
2025-08-06 06:23:34.484,pick_to_retreat_middlecase,-708.48,-173.42,733.135,161.72,179.93,76.48,14.291,-11.949,-100.452,-0.12,-67.512,-70.556,0.0,1.075,2.11,0.0,-3.026,-0.0,2.983,64.958,76.955,-8.871,0.016,2.599,0.0,-14.128,-27.963,-0.013,42.394,0.168,
2025-08-06 06:23:34.587,pick_to_retreat_middlecase,-708.48,-173.42,734.386,161.72,179.93,76.48,14.291,-11.913,-100.366,-0.119,-67.64,-70.559,0.0,0.0,0.02,0.0,-0.101,-0.006,2.732,67.442,78.083,-9.078,0.0,2.559,0.0,-5.32,-10.444,0.0,14.981,0.002,waypoint
2025-08-06 06:23:34.686,pick_to_retreat_middlecase,-708.48,-173.42,734.39,161.71,179.93,76.47,14.291,-11.913,-100.365,-0.118,-67.642,-70.561,0.0,0.0,0.0,0.0,0.0,0.0,2.3,71.54,80.366,-9.454,0.089,2.551,-0.245,0.0,-0.103,0.0,0.517,0.029,
2025-08-06 06:23:34.783,pick_to_retreat_middlecase,-708.465,-173.359,734.439,161.703,179.93,76.489,14.289,-11.913,-100.365,-0.118,-67.642,-70.561,-0.048,0.0,0.0,0.0,0.0,0.0,2.209,72.27,80.836,-9.578,0.18,2.552,-3.68,1.181,0.231,0.0,-3.23,19.377,
2025-08-06 06:23:34.886,pick_to_retreat_middlecase,-708.312,-172.727,734.95,161.62,179.93,76.674,14.254,-11.906,-100.363,-0.118,-67.678,-70.392,-0.736,0.236,0.046,0.0,-0.646,3.875,0.241,73.291,80.885,-9.639,0.072,2.781,-8.426,6.232,1.125,0.0,-7.845,45.255,
2025-08-06 06:23:34.983,pick_to_retreat_middlecase,-707.866,-170.903,736.424,161.38,179.931,77.21,14.133,-11.83,-100.347,-0.118,-67.793,-69.746,-1.733,1.246,0.225,0.0,-1.569,9.051,-2.539,78.943,81.874,-9.773,-0.051,3.094,-11.823,11.082,1.569,0.005,-10.241,57.213,
2025-08-06 06:23:35.083,pick_to_retreat_middlecase,-707.003,-167.472,739.198,160.928,179.932,78.219,13.897,-11.64,-100.318,-0.118,-68.013,-68.545,-3.065,2.419,0.355,0.001,-2.664,15.146,-4.207,80.349,82.11,-9.816,-0.091,3.217,-12.848,11.157,1.273,0.062,-11.721,60.816,
2025-08-06 06:23:35.183,pick_to_retreat_middlecase,-705.652,-162.309,743.376,160.24,179.933,79.737,13.526,-11.345,-100.277,-0.113,-68.348,-66.736,-4.303,3.478,0.48,0.012,-3.913,21.214,-4.661,80.634,82.206,-9.79,-0.122,3.261,-11.461,9.478,1.154,0.011,-10.818,55.19,
2025-08-06 06:23:35.283,pick_to_retreat_middlecase,-703.795,-155.594,748.814,159.334,179.935,81.712,13.043,-10.956,-100.218,-0.109,-68.79,-64.355,-5.357,4.315,0.586,0.003,-4.827,26.184,-4.122,80.015,82.236,-9.754,-0.136,3.254,-8.098,6.096,1.342,-0.011,-7.451,40.951,
2025-08-06 06:23:35.384,pick_to_retreat_middlecase,-701.492,-147.783,755.15,158.261,179.938,84.009,12.476,-10.507,-100.154,-0.105,-69.306,-61.564,-5.93,4.703,0.749,0.01,-5.411,29.445,-3.468,79.91,82.426,-9.755,-0.134,3.227,-3.878,3.501,1.009,0.012,-4.307,17.428,
2025-08-06 06:23:35.485,pick_to_retreat_middlecase,-698.886,-139.518,761.867,157.098,179.941,86.436,11.867,-10.02,-100.081,-0.1,-69.857,-58.585,-6.141,5.022,0.79,0.006,-5.697,29.705,-2.459,79.11,82.513,-9.718,-0.107,3.205,-0.796,1.236,-0.078,-0.033,-0.118,2.335,
2025-08-06 06:23:35.586,pick_to_retreat_middlecase,-696.107,-131.269,768.585,155.906,179.943,88.852,11.256,-9.529,-100.01,-0.095,-70.414,-55.582,-6.091,4.953,0.734,0.003,-5.435,29.917,-1.504,77.427,82.487,-9.711,-0.143,3.193,0.337,-1.289,-0.565,0.02,0.483,2.01,
2025-08-06 06:23:35.684,pick_to_retreat_middlecase,-693.17,-123.083,775.27,154.685,179.946,91.239,10.648,-9.054,-99.939,-0.09,-70.971,-52.579,-6.074,4.766,0.677,0.01,-5.601,30.105,-1.598,78.879,82.884,-9.774,-0.18,3.177,-0.161,-0.841,-0.255,-0.017,-0.275,-0.935,
2025-08-06 06:23:35.783,pick_to_retreat_middlecase,-690.076,-114.964,781.921,153.429,179.948,93.592,10.041,-8.572,-99.866,-0.086,-71.525,-49.585,-6.123,4.787,0.683,0.0,-5.489,29.733,-1.618,79.805,83.216,-9.836,-0.191,3.18,-0.112,0.422,0.221,-0.041,-0.208,-0.915,
2025-08-06 06:23:35.885,pick_to_retreat_middlecase,-686.826,-106.913,788.536,152.132,179.951,95.903,9.434,-8.086,-99.793,-0.081,-72.082,-46.583,-6.096,4.85,0.722,0.001,-5.643,29.921,-1.338,79.521,83.443,-9.859,-0.204,3.207,0.327,0.043,0.042,0.0,-0.682,1.816,
2025-08-06 06:23:35.983,pick_to_retreat_middlecase,-683.421,-98.935,795.116,150.784,179.954,98.163,8.826,-7.607,-99.721,-0.077,-72.638,-43.58,-6.058,4.796,0.692,0.0,-5.625,30.096,-1.54,80.532,83.692,-9.907,-0.237,3.207,-0.033,0.339,0.203,0.114,1.064,-0.932,
2025-08-06 06:23:36.083,pick_to_retreat_middlecase,-679.864,-91.033,801.659,149.375,179.957,100.362,8.218,-7.126,-99.652,-0.071,-73.193,-40.589,-6.103,4.918,0.762,0.024,-5.432,29.736,-1.488,81.547,84.019,-9.975,-0.268,3.21,0.128,0.127,0.388,0.087,0.333,-0.683,
2025-08-06 06:23:36.184,pick_to_retreat_middlecase,-676.155,-83.209,808.166,147.89,179.959,102.485,7.61,-6.638,-99.578,-0.067,-73.749,-37.587,-6.032,4.822,0.77,0.018,-5.558,29.959,-1.447,81.078,84.024,-9.995,-0.276,3.221,0.114,-1.784,-0.027,0.014,-0.175,2.12,
2025-08-06 06:23:36.284,pick_to_retreat_middlecase,-672.295,-75.466,814.635,146.312,179.962,104.514,7.004,-6.16,-99.508,-0.062,-74.307,-34.586,-6.08,4.559,0.757,0.027,-5.467,30.162,-1.527,81.901,84.139,-10.046,-0.342,3.216,0.18,0.171,-0.287,-0.072,-0.655,-1.239,
2025-08-06 06:23:36.384,pick_to_retreat_middlecase,-668.287,-67.808,821.066,144.615,179.965,106.426,6.398,-5.682,-99.436,-0.057,-74.862,-31.592,-5.996,4.856,0.713,0.003,-5.689,29.711,-1.654,82.969,84.373,-10.086,-0.353,3.218,-0.279,2.069,-0.392,-0.132,0.158,-0.64,
2025-08-06 06:23:36.485,pick_to_retreat_middlecase,-664.131,-60.237,827.458,142.77,179.967,108.189,5.79,-5.196,-99.364,-0.052,-75.416,-28.589,-6.136,4.975,0.678,0.0,-5.435,30.034,-1.604,82.627,84.316,-10.117,-0.403,3.248,-0.196,-0.088,0.051,0.027,0.078,1.744,
2025-08-06 06:23:36.584,pick_to_retreat_middlecase,-659.83,-52.756,833.812,140.734,179.97,109.76,5.182,-4.715,-99.292,-0.048,-75.974,-25.588,-6.035,4.838,0.723,0.008,-5.674,30.06,-1.65,83.301,84.568,-10.163,-0.428,3.283,0.289,-1.131,0.048,0.071,-0.41,-1.459,
2025-08-06 06:23:36.683,pick_to_retreat_middlecase,-655.386,-45.369,840.125,138.445,179.973,111.079,4.575,-4.237,-99.219,-0.042,-76.53,-22.594,-6.079,4.751,0.688,0.014,-5.517,29.745,-1.853,84.243,84.777,-10.201,-0.46,3.333,-0.469,-0.148,0.066,-0.007,0.822,-0.388,
2025-08-06 06:23:36.783,pick_to_retreat_middlecase,-650.799,-38.078,846.398,135.82,179.976,112.061,3.967,-3.748,-99.149,-0.039,-77.085,-19.593,-6.128,4.809,0.736,0.007,-5.51,29.983,-1.825,83.834,84.882,-10.25,-0.471,3.389,0.12,-0.111,0.398,-0.048,-0.593,1.95,
2025-08-06 06:23:36.883,pick_to_retreat_middlecase,-646.072,-30.886,852.63,132.732,179.978,112.581,3.362,-3.266,-99.077,-0.033,-77.642,-16.591,-6.055,4.729,0.767,0.005,-5.635,30.135,-1.739,83.825,84.962,-10.24,-0.526,3.429,0.49,0.469,0.092,-0.012,-0.083,-0.8,
2025-08-06 06:23:36.987,pick_to_retreat_middlecase,-641.207,-23.795,858.821,128.99,179.981,112.446,2.755,-2.792,-99.007,-0.029,-78.199,-13.595,-6.029,4.905,0.755,0.005,-5.527,29.819,-2.068,85.187,85.236,-10.297,-0.612,3.499,-0.235,1.046,-0.323,0.05,-0.145,-0.863,
2025-08-06 06:23:37.084,pick_to_retreat_middlecase,-636.207,-16.811,864.968,124.295,179.983,111.358,2.146,-2.305,-98.935,-0.024,-78.753,-10.595,-6.102,4.939,0.703,0.015,-5.664,29.961,-1.989,84.682,85.309,-10.304,-0.623,3.562,1.355,-2.243,-0.709,-0.004,1.634,-7.439,
2025-08-06 06:23:37.184,pick_to_retreat_middlecase,-631.22,-10.127,870.9,118.359,179.986,108.927,1.552,-1.83,-98.865,-0.02,-79.295,-7.668,-5.762,4.463,0.615,0.004,-5.205,28.354,-1.62,84.021,85.293,-10.281,-0.693,3.607,6.215,-5.584,-0.756,-0.058,6.151,-30.595,
2025-08-06 06:23:37.283,pick_to_retreat_middlecase,-626.662,-4.246,876.163,111.328,179.988,105.024,1.019,-1.408,-98.8,-0.016,-79.781,-5.046,-4.865,3.828,0.552,0.003,-4.44,23.873,-0.986,83.35,85.399,-10.26,-0.735,3.634,10.311,-6.938,-0.668,-0.019,8.794,-49.575,
2025-08-06 06:23:37.383,pick_to_retreat_middlecase,-622.911,0.438,880.385,103.922,179.989,100.144,0.587,-1.058,-98.748,-0.013,-80.176,-2.916,-3.71,3.082,0.482,0.0,-3.455,18.488,-0.146,81.651,85.254,-10.221,-0.739,3.649,11.833,-8.881,-1.432,-0.016,10.338,-58.243,
2025-08-06 06:23:37.485,pick_to_retreat_middlecase,-620.205,3.736,883.376,97.409,179.99,95.426,0.274,-0.807,-98.713,-0.011,-80.458,-1.393,-2.475,2.034,0.263,0.0,-2.352,12.108,0.292,80.773,85.143,-10.224,-0.789,3.696,12.08,-10.55,-1.438,0.0,11.2,-60.592,
2025-08-06 06:23:37.583,pick_to_retreat_middlecase,-618.58,5.685,885.15,92.954,179.991,92.04,0.087,-0.659,-98.693,-0.01,-80.626,-0.483,-1.294,0.972,0.195,0.0,-1.215,6.37,0.291,81.026,85.271,-10.263,-0.854,3.723,10.381,-8.941,-1.249,0.0,9.836,-48.766,
2025-08-06 06:23:37.683,pick_to_retreat_middlecase,-617.864,6.535,885.926,90.857,179.991,90.411,0.008,-0.598,-98.68,-0.01,-80.702,-0.074,-0.42,0.263,0.015,0.0,-0.405,2.452,-0.034,81.584,85.394,-10.316,-0.902,3.752,6.462,-4.859,-0.973,0.0,6.023,-31.43,
2025-08-06 06:23:37.783,pick_to_retreat_middlecase,-617.714,6.714,886.089,90.404,179.991,90.056,-0.012,-0.592,-98.677,-0.009,-80.722,0.019,-0.001,0.0,0.0,0.0,-0.011,0.084,-0.817,83.115,85.514,-10.39,-0.945,3.757,2.098,-1.317,-0.077,0.0,2.023,-12.261,waypoint
2025-08-06 06:23:37.883,pick_to_retreat_middlecase,-617.713,6.715,886.09,90.401,179.991,90.054,-0.012,-0.592,-98.678,-0.009,-80.723,0.022,0.0,0.0,0.0,0.0,0.0,0.0,-1.045,83.807,85.577,-10.482,-0.897,3.722,0.007,0.0,0.0,0.0,0.052,-0.417,
2025-08-06 06:23:37.985,pick_to_retreat_middlecase,-617.713,6.715,886.09,90.401,179.991,90.054,-0.012,-0.592,-98.678,-0.009,-80.722,0.022,0.0,0.0,0.0,0.0,0.0,0.0,-0.845,83.816,85.518,-10.512,-0.828,3.674,0.0,0.0,0.0,0.0,0.0,0.0,
2025-08-06 06:23:38.085,pick_to_retreat_middlecase,-617.713,6.715,886.09,90.401,179.991,90.054,-0.012,-0.592,-98.678,-0.009,-80.722,0.022,0.0,0.0,0.0,0.0,0.0,0.0,-0.739,83.753,85.442,-10.52,-0.741,3.635,0.0,0.0,0.0,0.0,0.012,0.0,
2025-08-06 06:23:38.184,pick_to_retreat_middlecase,-617.713,6.715,886.09,90.401,179.991,90.054,-0.011,-0.592,-98.679,-0.009,-80.722,0.022,0.0,0.0,0.0,0.0,0.002,0.0,-0.503,83.691,85.41,-10.543,-0.626,3.62,0.0,0.0,0.0,0.0,0.0,0.0,
2025-08-06 06:23:38.283,pick_to_retreat_middlecase,-617.713,6.715,886.09,90.401,179.991,90.054,-0.011,-0.592,-98.679,-0.009,-80.721,0.021,0.0,0.0,0.0,0.0,0.0,0.0,-0.249,83.673,85.339,-10.548,-0.585,3.599,0.0,0.0,0.0,0.0,-0.012,0.0,
2025-08-06 06:23:38.383,pick_to_retreat_middlecase,-617.713,6.715,886.09,90.401,179.991,90.054,-0.01,-0.592,-98.679,-0.009,-80.721,0.021,0.0,0.0,0.0,0.0,0.0,0.0,0.015,83.645,85.338,-10.563,-0.573,3.585,0.0,0.0,0.0,0.0,0.0,0.0,
2025-08-06 06:23:38.483,pick_to_retreat_middlecase,-617.713,6.715,886.09,90.401,179.991,90.054,-0.008,-0.592,-98.68,-0.009,-80.72,0.02,0.0,0.0,0.0,0.0,0.0,0.0,0.289,83.601,85.306,-10.552,-0.564,3.57,0.001,0.0,0.0,0.0,0.0,0.0,
2025-08-06 06:23:38.583,pick_to_retreat_middlecase,-617.713,6.715,886.09,90.401,179.991,90.054,-0.007,-0.592,-98.68,-0.009,-80.72,0.02,0.0,0.0,0.0,0.0,0.0,0.0,0.509,83.575,85.259,-10.556,-0.559,3.563,0.0,0.0,0.0,0.0,0.0,-0.001,
2025-08-06 06:23:38.685,pick_to_retreat_middlecase,-617.713,6.715,886.09,90.401,179.991,90.054,-0.006,-0.592,-98.68,-0.01,-80.72,0.018,0.0,0.0,0.0,0.0,0.0,-0.0,0.813,83.556,85.293,-10.572,-0.574,3.55,0.002,0.0,0.0,0.0,0.0,0.0,
2025-08-06 06:23:38.784,pick_to_retreat_middlecase,-617.713,6.715,886.09,90.401,179.991,90.054,-0.004,-0.592,-98.68,-0.01,-80.72,0.017,0.001,0.0,0.0,0.0,0.0,0.0,0.974,83.49,85.288,-10.587,-0.579,3.534,0.0,0.0,0.0,0.0,0.0,-0.016,
2025-08-06 06:23:38.883,pick_to_retreat_middlecase,-617.713,6.715,886.09,90.401,179.991,90.054,-0.003,-0.592,-98.68,-0.01,-80.72,0.015,0.0,0.0,0.0,0.0,0.0,-0.003,1.109,83.437,85.245,-10.585,-0.573,3.516,-0.524,0.0,0.0,0.0,0.0,0.0,
2025-08-06 06:23:38.983,retreat_middlecase_to_vision_approach,-617.692,6.807,886.102,90.136,179.991,89.797,-0.004,-0.592,-98.68,-0.01,-80.72,0.013,-0.104,0.0,0.0,0.0,0.0,0.0,1.192,83.382,85.269,-10.58,-0.574,3.485,-13.321,0.542,-0.968,0.0,-2.15,-0.007,
2025-08-06 06:23:39.084,retreat_middlecase_to_vision_approach,-617.293,8.539,886.324,85.189,179.991,85.011,-0.117,-0.589,-98.689,-0.01,-80.736,0.011,-2.678,0.109,-0.195,0.0,-0.432,-0.005,-3.099,83.715,84.894,-10.677,-0.738,3.474,-37.082,6.713,-2.287,0.0,-4.899,0.0,
2025-08-06 06:23:39.183,retreat_middlecase_to_vision_approach,-615.915,14.354,887.07,69.743,179.99,70.107,-0.622,-0.522,-98.72,-0.01,-80.805,0.01,-7.52,1.343,-0.457,0.0,-0.98,0.0,-8.256,90.863,84.583,-10.911,-1.031,3.48,-54.724,13.211,-3.641,0.0,-7.319,0.023,
2025-08-06 06:23:39.283,retreat_middlecase_to_vision_approach,-612.978,25.962,888.563,47.17,179.987,48.621,-1.679,-0.313,-98.79,-0.01,-80.946,0.009,-13.568,2.738,-0.919,0.0,-1.889,0.0,-10.571,94.316,83.929,-11.015,-1.125,3.487,-61.653,11.96,-4.064,0.0,-8.687,0.0,
2025-08-06 06:23:39.383,retreat_middlecase_to_vision_approach,-607.929,43.946,890.883,28.569,179.981,31.726,-3.357,0.013,-98.9,-0.009,-81.169,0.009,-19.851,3.735,-1.27,0.0,-2.717,0.0,-11.133,93.884,83.507,-11.018,-1.136,3.49,-57.689,11.752,-3.344,0.0,-7.458,0.0,
2025-08-06 06:23:39.485,retreat_middlecase_to_vision_approach,-600.322,67.629,893.959,16.506,179.971,21.949,-5.626,0.456,-99.047,-0.008,-81.468,0.008,-25.221,5.112,-1.594,0.0,-3.395,0.0,-10.612,95.089,83.434,-10.97,-1.191,3.483,-45.642,9.623,-2.966,0.021,-5.141,0.0,
2025-08-06 06:23:39.583,retreat_middlecase_to_vision_approach,-590.016,95.222,897.579,8.377,179.958,16.553,-8.356,0.996,-99.224,-0.003,-81.825,0.008,-28.979,5.659,-1.863,0.004,-3.746,0.0,-8.242,92.834,83.01,-10.724,-1.163,3.479,-24.517,3.547,-1.846,0.0,-2.283,0.0,
2025-08-06 06:23:39.684,retreat_middlecase_to_vision_approach,-577.396,124.222,901.438,2.316,179.945,13.458,-11.332,1.571,-99.418,-0.001,-82.213,0.008,-30.1,5.817,-1.962,0.0,-3.85,0.0,-5.306,91.323,83.066,-10.561,-1.117,3.466,-5.338,0.924,-0.751,0.006,-0.535,0.0,
2025-08-06 06:23:39.784,retreat_middlecase_to_vision_approach,-563.181,152.482,905.269,177.431,-179.931,-168.427,-14.343,2.16,-99.614,0.001,-82.609,0.008,-30.052,5.845,-2.014,0.005,-3.853,0.0,-2.803,88.817,83.066,-10.457,-1.079,3.454,0.182,-0.552,-0.217,0.019,-0.316,0.0,
2025-08-06 06:23:39.884,retreat_middlecase_to_vision_approach,-547.587,179.593,909.026,173.176,-179.917,-169.683,-17.349,2.737,-99.81,0.004,-83.005,0.008,-30.063,5.707,-2.005,0.004,-3.913,0.0,-2.291,88.114,83.264,-10.413,-1.072,3.445,0.248,-0.037,0.273,0.004,-0.686,0.0,
2025-08-06 06:23:39.983,retreat_middlecase_to_vision_approach,-530.696,205.487,912.709,169.279,-179.903,-170.58,-20.351,3.306,-100.006,0.007,-83.4,0.008,-30.003,5.838,-1.96,0.006,-3.99,0.0,-2.56,89.972,83.66,-10.45,-1.1,3.436,0.246,0.744,0.255,0.045,0.054,0.0,
2025-08-06 06:23:40.084,retreat_middlecase_to_vision_approach,-512.593,230.103,916.319,165.606,-179.889,-171.254,-23.354,3.889,-100.202,0.009,-83.795,0.008,-30.014,5.856,-1.954,0.013,-3.902,0.0,-2.401,89.005,83.51,-10.428,-1.077,3.423,-0.038,-0.542,0.284,0.002,0.265,0.0,
2025-08-06 06:23:40.183,retreat_middlecase_to_vision_approach,-493.366,253.386,919.854,162.081,-179.875,-171.778,-26.354,4.46,-100.396,0.011,-84.189,0.007,-30.01,5.729,-1.903,0.007,-3.937,0.0,-2.581,89.724,83.467,-10.44,-1.074,3.42,-0.117,0.072,0.107,-0.062,-0.5,0.0,
2025-08-06 06:23:40.283,retreat_middlecase_to_vision_approach,-473.106,275.285,923.316,158.661,-179.861,-172.199,-29.354,5.037,-100.59,0.014,-84.583,0.007,-30.037,5.87,-1.933,0.0,-4.002,0.0,-2.808,90.714,83.583,-10.492,-1.1,3.422,-0.056,0.434,-0.259,0.047,-0.111,0.0,
2025-08-06 06:23:40.384,retreat_middlecase_to_vision_approach,-451.906,295.758,926.703,155.316,-179.847,-172.545,-32.355,5.619,-100.785,0.016,-84.98,0.007,-30.021,5.816,-1.955,0.016,-3.959,0.0,-2.558,89.735,83.522,-10.485,-1.095,3.409,0.149,-1.362,0.192,-0.002,-0.056,0.0,
2025-08-06 06:23:40.484,retreat_middlecase_to_vision_approach,-429.861,314.765,930.016,152.027,-179.833,-172.834,-35.354,6.186,-100.981,0.019,-85.376,0.007,-30.007,5.596,-1.894,0.0,-4.013,0.0,-2.948,91.167,83.701,-10.498,-1.117,3.403,-0.049,-0.39,0.072,-0.043,-0.408,0.0,
2025-08-06 06:23:40.584,retreat_middlecase_to_vision_approach,-407.067,332.275,933.254,148.781,-179.819,-173.08,-38.355,6.768,-101.178,0.02,-85.769,0.007,-30.031,5.738,-1.941,0.007,-4.041,0.0,-2.886,90.686,83.75,-10.493,-1.089,3.399,-0.07,-0.164,-0.509,0.004,-0.179,0.0,
2025-08-06 06:23:40.683,retreat_middlecase_to_vision_approach,-383.62,348.262,936.418,145.569,-179.805,-173.292,-41.354,7.345,-101.373,0.023,-86.164,0.006,-30.021,5.564,-1.996,0.001,-4.049,0.0,-2.954,90.832,83.839,-10.498,-1.087,3.396,0.072,-0.147,0.024,-0.033,-0.229,0.0,
2025-08-06 06:23:40.783,retreat_middlecase_to_vision_approach,-359.617,362.708,939.508,142.385,-179.791,-173.477,-44.353,7.917,-101.568,0.026,-86.559,0.006,-30.017,5.709,-1.936,0.001,-4.086,0.0,-3.391,92.296,84.071,-10.51,-1.107,3.392,0.031,0.915,0.15,-0.002,0.336,0.0,
2025-08-06 06:23:40.883,retreat_middlecase_to_vision_approach,-335.158,375.597,942.522,139.222,-179.777,-173.64,-47.353,8.5,-101.763,0.028,-86.955,0.005,-30.015,5.747,-1.965,0.0,-3.981,0.0,-3.307,91.593,84.028,-10.518,-1.09,3.392,-0.022,-0.512,-0.094,-0.003,0.782,0.0,
2025-08-06 06:23:40.984,retreat_middlecase_to_vision_approach,-310.338,386.923,945.462,136.078,-179.763,-173.784,-50.353,9.069,-101.959,0.03,-87.349,0.005,-30.021,5.606,-1.955,0.0,-3.929,0.0,-3.547,92.548,83.989,-10.537,-1.081,3.388,-0.101,0.572,0.031,-0.001,-0.088,0.0,
2025-08-06 06:23:41.084,retreat_middlecase_to_vision_approach,-285.255,396.684,948.328,132.949,-179.749,-173.914,-53.353,9.647,-102.153,0.033,-87.743,0.004,-30.036,5.862,-1.959,0.0,-3.999,0.0,-3.825,93.017,83.865,-10.542,-1.064,3.383,-0.03,0.763,-0.415,0.029,0.064,0.0,
2025-08-06 06:23:41.186,retreat_middlecase_to_vision_approach,-260.005,404.884,951.118,129.832,-179.735,-174.031,-56.353,10.227,-102.348,0.035,-88.138,0.004,-30.027,5.76,-2.039,0.006,-3.916,0.0,-3.754,92.531,83.699,-10.523,-1.066,3.383,0.151,-0.076,-0.276,0.004,-0.026,0.0,
2025-08-06 06:23:41.284,retreat_middlecase_to_vision_approach,-234.683,411.534,953.833,126.726,-179.721,-174.137,-59.351,10.797,-102.544,0.037,-88.535,0.003,-30.005,5.847,-2.014,0.001,-4.004,0.0,-4.109,94.179,83.974,-10.56,-1.096,3.386,0.025,0.65,0.753,-0.029,0.222,0.0,
2025-08-06 06:23:41.384,retreat_middlecase_to_vision_approach,-209.382,416.649,956.474,123.63,-179.707,-174.234,-62.352,11.381,-102.74,0.04,-88.93,0.003,-30.022,5.889,-1.889,0.0,-3.872,0.0,-4.051,93.688,84.088,-10.53,-1.081,3.376,0.062,-0.792,0.179,0.027,1.097,0.0,
2025-08-06 06:23:41.484,retreat_middlecase_to_vision_approach,-184.192,420.251,959.04,120.541,-179.693,-174.323,-65.351,11.953,-102.936,0.042,-89.324,0.002,-29.993,5.688,-1.979,0.006,-3.785,0.0,-4.11,94.268,84.248,-10.542,-1.074,3.38,0.148,-0.151,-0.349,0.001,0.374,0.0,
2025-08-06 06:23:41.584,retreat_middlecase_to_vision_approach,-159.204,422.367,961.53,117.459,-179.679,-174.405,-68.35,12.528,-103.131,0.044,-89.718,0.002,-29.993,5.859,-1.959,0.0,-3.797,0.0,-4.401,95.186,84.33,-10.567,-1.074,3.374,-0.161,0.371,-0.155,-0.012,-0.356,0.0,
2025-08-06 06:23:41.683,retreat_middlecase_to_vision_approach,-134.504,423.028,963.946,114.383,-179.665,-174.481,-71.351,13.109,-103.325,0.047,-90.114,0.002,-30.025,5.762,-2.01,0.004,-3.856,0.0,-4.306,94.853,84.192,-10.543,-1.06,3.382,-0.119,-1.157,-0.328,-0.001,0.099,0.0,
2025-08-06 06:23:41.785,retreat_middlecase_to_vision_approach,-110.174,422.271,966.286,111.313,-179.651,-174.552,-74.35,13.679,-103.521,0.049,-90.51,0.001,-30.017,5.626,-2.025,0.0,-3.777,0.0,-4.487,96.011,84.138,-10.557,-1.061,3.382,-0.024,0.163,0.446,0.018,-0.192,0.0,
2025-08-06 06:23:41.884,retreat_middlecase_to_vision_approach,-86.295,420.137,968.552,108.247,-179.637,-174.618,-77.347,14.26,-103.716,0.051,-90.905,0.001,-30.03,5.795,-1.92,0.007,-3.894,0.0,-4.6,96.414,83.979,-10.555,-1.057,3.377,1.398,-0.899,0.554,0.023,-0.448,0.0,
2025-08-06 06:23:41.985,retreat_middlecase_to_vision_approach,-63.011,416.686,970.736,105.195,-179.623,-174.679,-80.341,14.837,-103.911,0.053,-91.298,0.001,-29.737,5.446,-1.914,0.005,-3.867,0.0,-4.429,96.528,84.019,-10.548,-1.034,3.375,14.343,-2.309,0.444,0.024,1.414,0.0,
2025-08-06 06:23:42.084,retreat_middlecase_to_vision_approach,-41.463,412.232,972.74,102.301,-179.609,-174.734,-83.2,15.387,-104.097,0.056,-91.675,0.001,-27.161,5.333,-1.831,0.012,-3.611,0.0,-2.957,95.908,84.161,-10.467,-1.032,3.369,37.201,-4.836,2.331,-0.021,5.101,0.0,
2025-08-06 06:23:42.184,retreat_middlecase_to_vision_approach,-23.284,407.484,974.421,99.797,-179.598,-174.779,-85.69,15.878,-104.258,0.058,-92.002,0.0,-22.334,4.484,-1.451,0.0,-2.852,0.0,-0.177,92.382,84.069,-10.321,-0.959,3.357,53.166,-11.0,4.059,-0.06,6.922,0.0,
2025-08-06 06:23:42.284,retreat_middlecase_to_vision_approach,-9.477,403.24,975.694,97.851,-179.589,-174.813,-87.638,16.254,-104.387,0.059,-92.258,0.0,-16.528,3.133,-1.019,0.0,-2.227,0.0,1.313,90.976,84.107,-10.27,-0.915,3.343,60.392,-12.994,4.006,-0.002,7.046,0.0,
2025-08-06 06:23:42.384,retreat_middlecase_to_vision_approach,-0.303,400.102,976.539,96.534,-179.583,-174.835,-88.969,16.505,-104.472,0.06,-92.432,0.0,-10.255,1.885,-0.649,0.0,-1.442,0.0,2.237,90.801,84.172,-10.274,-0.884,3.332,57.803,-11.663,3.471,0.0,7.69,0.0,
2025-08-06 06:23:42.484,retreat_middlecase_to_vision_approach,4.684,398.286,976.998,95.81,-179.579,-174.847,-89.71,16.643,-104.521,0.06,-92.528,-0.0,-4.967,0.8,-0.325,0.0,-0.689,0.0,1.983,91.496,84.249,-10.31,-0.879,3.324,44.448,-8.373,2.977,0.0,6.407,0.0,
2025-08-06 06:23:42.586,retreat_middlecase_to_vision_approach,6.538,397.59,977.168,95.539,-179.578,-174.852,-89.996,16.686,-104.541,0.06,-92.567,-0.0,-1.277,0.194,-0.048,0.0,-0.148,0.0,0.618,93.487,84.445,-10.41,-0.891,3.328,24.836,-4.002,1.625,0.0,3.445,0.0,
2025-08-06 06:23:42.684,retreat_middlecase_to_vision_approach,6.774,397.501,977.19,95.504,-179.578,-174.852,-90.032,16.691,-104.543,0.061,-92.572,-0.0,0.0,0.0,0.0,0.0,0.0,0.0,-1.276,96.028,84.801,-10.534,-0.902,3.341,6.577,-0.985,0.244,0.0,0.752,0.0,waypoint
2025-08-06 06:23:42.783,retreat_middlecase_to_vision_approach,6.774,397.501,977.19,95.504,-179.578,-174.852,-90.029,16.691,-104.543,0.061,-92.572,-0.001,0.019,0.0,0.0,0.0,0.0,0.0,-1.97,97.25,85.044,-10.654,-0.855,3.341,0.0,0.0,-0.115,0.0,0.922,0.0,
2025-08-06 06:23:42.883,retreat_middlecase_to_vision_approach,6.815,397.533,977.116,95.506,-179.578,-174.85,-90.027,16.691,-104.544,0.061,-92.569,-0.001,0.0,0.0,-0.023,0.0,0.183,0.0,-1.35,97.228,85.113,-10.672,-0.747,3.336,-3.603,-0.0,-4.726,0.0,6.482,-4.44,
2025-08-06 06:23:42.985,retreat_middlecase_to_vision_approach,7.237,397.861,976.352,95.525,-179.579,-174.832,-90.053,16.695,-104.593,0.061,-92.493,-0.055,-0.709,-0.0,-0.955,0.0,1.309,-0.897,-2.707,96.987,84.209,-10.65,-0.394,3.238,-11.194,-3.084,-10.477,0.0,14.251,-11.264,
2025-08-06 06:23:43.083,retreat_middlecase_to_vision_approach,8.443,398.795,974.174,95.581,-179.583,-174.778,-90.2,16.676,-104.745,0.06,-92.273,-0.224,-2.239,-0.617,-2.118,0.0,3.034,-2.253,-4.75,95.231,83.514,-10.644,-0.018,3.072,-16.051,-8.684,-12.862,-0.002,19.012,-15.596,
2025-08-06 06:23:43.183,retreat_middlecase_to_vision_approach,10.661,400.515,970.165,95.686,-179.589,-174.678,-90.509,16.551,-105.028,0.059,-91.859,-0.539,-3.887,-1.72,-3.501,-0.0,5.074,-3.985,-4.523,87.936,82.75,-10.611,0.296,2.911,-14.568,-8.293,-13.073,-0.058,19.162,-14.227,
2025-08-06 06:23:43.284,retreat_middlecase_to_vision_approach,13.904,403.028,964.305,95.845,-179.598,-174.525,-90.96,16.347,-105.438,0.051,-91.246,-0.996,-5.167,-2.284,-4.746,-0.012,6.885,-5.113,-4.966,88.16,82.952,-10.829,0.351,2.824,-10.604,-6.114,-9.699,-0.232,15.847,-9.845,
2025-08-06 06:23:43.383,retreat_middlecase_to_vision_approach,17.958,406.17,956.98,96.054,-179.609,-174.323,-91.52,16.088,-105.949,0.043,-90.478,-1.559,-6.008,-2.942,-5.441,-0.047,8.243,-5.954,-4.953,87.16,83.235,-10.992,0.389,2.766,-5.065,-3.755,-4.151,-0.014,8.779,-6.376,
2025-08-06 06:23:43.484,retreat_middlecase_to_vision_approach,22.434,409.639,948.891,96.299,-179.622,-174.086,-92.131,15.786,-106.505,0.036,-89.62,-2.184,-6.18,-3.035,-5.576,-0.015,8.641,-6.388,-4.35,87.202,83.908,-11.149,0.379,2.717,-0.275,-1.395,-0.471,0.142,1.684,-1.031,
2025-08-06 06:23:43.583,retreat_middlecase_to_vision_approach,26.966,413.152,940.701,96.564,-179.635,-173.829,-92.742,15.467,-107.056,0.029,-88.748,-2.797,-6.063,-3.221,-5.535,-0.018,8.58,-6.16,-4.043,86.838,84.288,-11.228,0.407,2.691,1.293,-1.571,0.975,-0.008,1.354,1.621,
2025-08-06 06:23:43.684,retreat_middlecase_to_vision_approach,31.499,416.665,932.51,96.847,-179.647,-173.554,-93.342,15.136,-107.599,0.023,-87.872,-3.397,-5.921,-3.349,-5.381,-0.016,8.912,-6.064,-4.268,87.054,84.411,-11.214,0.403,2.661,1.262,-0.784,1.431,0.071,1.632,1.646,
2025-08-06 06:23:43.784,retreat_middlecase_to_vision_approach,36.031,420.177,924.32,97.152,-179.66,-173.258,-93.931,14.794,-108.128,0.017,-86.994,-3.992,-5.809,-3.379,-5.247,-0.004,8.908,-5.829,-3.829,85.923,84.592,-11.236,0.455,2.621,1.157,-0.686,1.102,-0.005,-0.737,2.103,
2025-08-06 06:23:43.884,retreat_middlecase_to_vision_approach,40.564,423.69,916.129,97.48,-179.673,-172.938,-94.505,14.444,-108.647,0.011,-86.113,-4.577,-5.69,-3.486,-5.161,-0.017,8.764,-5.643,-4.496,86.868,84.328,-11.264,0.431,2.615,1.602,-1.896,1.5,0.001,-1.48,-0.303,
2025-08-06 06:23:43.983,retreat_middlecase_to_vision_approach,45.097,427.203,907.938,97.834,-179.685,-172.592,-95.069,14.084,-109.156,0.006,-85.23,-5.15,-5.49,-3.756,-4.949,-0.004,8.613,-5.89,-3.929,84.892,84.306,-11.212,0.467,2.588,0.783,-1.901,1.497,0.079,0.343,0.332,
2025-08-06 06:23:44.083,retreat_middlecase_to_vision_approach,49.629,430.716,899.748,98.217,-179.698,-172.217,-95.623,13.705,-109.65,0.002,-84.344,-5.709,-5.534,-3.865,-4.863,-0.002,8.833,-5.577,-4.05,84.618,84.271,-11.225,0.486,2.554,0.644,-1.008,0.336,-0.017,0.652,1.949,
2025-08-06 06:23:44.184,retreat_middlecase_to_vision_approach,54.162,434.229,891.557,98.634,-179.711,-171.809,-96.17,13.311,-110.136,-0.003,-83.455,-6.261,-5.361,-3.959,-4.881,-0.007,8.744,-5.498,-4.035,84.087,84.132,-11.193,0.498,2.53,0.983,-1.304,0.539,0.008,0.652,0.761,
2025-08-06 06:23:44.284,retreat_middlecase_to_vision_approach,58.694,437.742,883.367,99.088,-179.723,-171.363,-96.705,12.909,-110.611,-0.009,-82.565,-6.804,-5.337,-4.127,-4.754,0.0,8.964,-5.424,-4.178,84.065,84.187,-11.17,0.511,2.52,0.961,-1.558,1.931,0.018,1.274,1.267,
2025-08-06 06:23:44.385,retreat_middlecase_to_vision_approach,63.227,441.255,875.176,99.585,-179.736,-170.874,-97.231,12.494,-111.071,-0.012,-81.674,-7.337,-5.168,-4.272,-4.493,-0.004,9.0,-5.243,-3.979,82.819,84.013,-11.154,0.596,2.495,1.347,-1.594,1.11,-0.068,0.879,2.24,
2025-08-06 06:23:44.484,retreat_middlecase_to_vision_approach,67.76,444.768,866.985,100.132,-179.748,-170.336,-97.744,12.061,-111.52,-0.017,-80.78,-7.855,-5.067,-4.446,-4.532,-0.014,9.14,-4.976,-3.928,82.128,83.679,-11.131,0.63,2.459,0.991,-1.127,0.448,0.003,0.428,0.621,
2025-08-06 06:23:44.584,retreat_middlecase_to_vision_approach,72.292,448.281,858.795,100.735,-179.761,-169.741,-98.248,11.616,-111.961,-0.021,-79.884,-8.366,-4.971,-4.496,-4.404,-0.003,9.085,-5.119,-3.899,82.105,83.776,-11.113,0.684,2.43,0.573,-0.929,1.746,-0.035,-0.014,-0.771,
2025-08-06 06:23:44.683,retreat_middlecase_to_vision_approach,76.824,451.793,850.605,101.405,-179.774,-169.079,-98.746,11.162,-112.388,-0.024,-78.987,-8.874,-4.953,-4.631,-4.185,-0.02,9.137,-5.129,-4.174,81.81,83.516,-11.086,0.697,2.404,0.618,-1.392,1.735,-0.072,0.093,1.607,
2025-08-06 06:23:44.786,retreat_middlecase_to_vision_approach,81.357,455.306,842.415,102.153,-179.786,-168.339,-99.236,10.692,-112.801,-0.028,-78.089,-9.368,-4.846,-4.778,-4.054,-0.018,9.104,-4.795,-3.817,80.237,83.147,-11.052,0.779,2.389,0.869,-1.136,0.809,0.101,0.101,1.636,
2025-08-06 06:23:44.884,retreat_middlecase_to_vision_approach,85.889,458.819,834.225,102.993,-179.799,-167.508,-99.716,10.206,-113.206,-0.032,-77.189,-9.854,-4.779,-4.859,-4.022,0.0,9.157,-4.8,-3.951,79.919,82.861,-10.983,0.812,2.368,0.506,-0.862,0.924,0.058,0.079,1.011,
2025-08-06 06:23:44.983,retreat_middlecase_to_vision_approach,90.421,462.332,826.035,103.942,-179.811,-166.566,-100.186,9.713,-113.598,-0.035,-76.289,-10.332,-4.746,-4.947,-3.871,-0.007,9.12,-4.596,-4.23,79.92,82.842,-10.945,0.849,2.348,1.278,-1.607,1.823,-0.036,0.009,0.587,
2025-08-06 06:23:45.084,retreat_middlecase_to_vision_approach,94.953,465.844,817.845,105.024,-179.823,-165.492,-100.647,9.205,-113.976,-0.038,-75.388,-10.802,-4.523,-5.18,-3.658,-0.007,9.159,-4.683,-3.83,78.149,82.445,-10.892,0.906,2.33,1.359,-1.449,1.25,0.031,0.007,0.284,
2025-08-06 06:23:45.183,retreat_middlecase_to_vision_approach,99.485,469.357,809.656,106.268,-179.836,-164.257,-101.099,8.68,-114.342,-0.041,-74.487,-11.263,-4.474,-5.237,-3.621,-0.0,9.121,-4.539,-3.919,78.078,82.075,-10.883,0.94,2.31,0.228,-0.994,0.519,0.028,0.253,1.256,
2025-08-06 06:23:45.285,retreat_middlecase_to_vision_approach,104.017,472.869,801.466,107.71,-179.848,-162.823,-101.545,8.15,-114.698,-0.044,-73.586,-11.716,-4.477,-5.38,-3.553,-0.001,9.21,-4.43,-4.231,78.2,81.846,-10.819,0.913,2.329,0.978,-1.445,1.033,-0.002,0.16,-0.612,
2025-08-06 06:23:45.383,retreat_middlecase_to_vision_approach,108.55,476.382,793.276,109.402,-179.86,-161.14,-101.986,7.605,-115.041,-0.047,-72.685,-12.16,-4.279,-5.526,-3.415,-0.001,9.153,-4.661,-3.783,76.17,81.687,-10.741,0.959,2.326,0.947,-1.357,1.652,0.006,-0.16,1.347,
2025-08-06 06:23:45.486,retreat_middlecase_to_vision_approach,113.082,479.894,785.086,111.409,-179.872,-159.141,-102.415,7.045,-115.37,-0.049,-71.784,-12.595,-4.287,-5.653,-3.221,-0.0,9.178,-4.159,-3.988,76.484,81.407,-10.725,0.978,2.312,0.413,-1.168,1.589,0.004,-0.024,1.723,
2025-08-06 06:23:45.584,retreat_middlecase_to_vision_approach,117.614,483.407,776.896,113.823,-179.883,-156.735,-102.839,6.48,-115.686,-0.052,-70.884,-13.026,-4.195,-5.761,-3.095,0.0,9.148,-4.315,-4.092,75.855,80.704,-10.659,1.005,2.311,1.145,-1.983,0.842,0.001,0.139,0.831,
2025-08-06 06:23:45.684,retreat_middlecase_to_vision_approach,122.146,486.92,768.706,116.771,-179.895,-153.796,-103.255,5.896,-115.991,-0.054,-69.986,-13.45,-4.06,-6.045,-3.055,0.0,9.205,-3.995,-3.657,73.652,80.26,-10.597,0.936,2.341,0.938,-1.176,1.047,0.0,-0.246,1.667,
2025-08-06 06:23:45.783,retreat_middlecase_to_vision_approach,126.678,490.433,760.516,120.428,-179.906,-150.147,-103.659,5.302,-116.284,-0.056,-69.088,-13.862,-4.009,-5.995,-2.887,0.0,9.099,-3.983,-4.136,74.927,80.187,-10.532,0.956,2.349,0.505,-0.238,1.663,-0.003,-0.583,-0.052,
2025-08-06 06:23:45.885,retreat_middlecase_to_vision_approach,131.211,493.945,752.326,125.043,-179.917,-145.54,-104.061,4.702,-116.564,-0.058,-68.193,-14.269,-3.959,-6.093,-2.72,-0.001,9.088,-4.005,-3.931,73.054,79.74,-10.461,0.998,2.33,0.443,-1.37,1.284,0.0,-0.674,-1.027,
2025-08-06 06:23:45.984,retreat_middlecase_to_vision_approach,135.743,497.458,744.136,130.96,-179.927,-139.631,-104.454,4.085,-116.83,-0.061,-67.299,-14.671,-3.92,-6.27,-2.629,0.0,8.964,-4.19,-3.764,72.492,79.438,-10.402,1.034,2.315,1.037,0.083,1.658,0.003,-2.663,0.978,
2025-08-06 06:23:46.083,retreat_middlecase_to_vision_approach,140.226,500.933,736.035,138.53,-179.936,-132.069,-104.839,3.467,-117.08,-0.062,-66.416,-15.059,-3.753,-6.077,-2.392,0.0,8.561,-3.812,-4.269,72.831,78.672,-10.329,1.008,2.329,3.872,4.318,3.293,0.0,-7.501,4.242,
2025-08-06 06:23:46.184,retreat_middlecase_to_vision_approach,144.306,504.095,728.662,147.299,-179.942,-123.308,-105.186,2.883,-117.298,-0.063,-65.608,-15.414,-3.145,-5.406,-1.97,0.0,7.464,-3.341,-3.447,72.361,78.469,-10.273,1.056,2.322,6.703,9.794,4.817,-0.025,-15.807,8.357,
2025-08-06 06:23:46.284,retreat_middlecase_to_vision_approach,147.588,506.638,722.732,155.815,-179.947,-114.797,-105.463,2.402,-117.468,-0.065,-64.959,-15.697,-2.406,-4.108,-1.424,-0.005,5.384,-2.132,-3.887,74.992,78.593,-10.268,1.021,2.332,8.535,13.848,5.497,0.0,-18.887,8.283,
2025-08-06 06:23:46.384,retreat_middlecase_to_vision_approach,149.85,508.392,718.644,162.417,-179.949,-108.2,-105.654,2.066,-117.583,-0.065,-64.504,-15.89,-1.438,-2.637,-0.871,0.0,3.686,-1.685,-3.87,75.037,78.469,-10.203,1.029,2.334,8.549,14.227,5.202,0.025,-18.999,6.591,
2025-08-06 06:23:46.483,retreat_middlecase_to_vision_approach,151.094,509.356,716.396,166.262,-179.95,-104.357,-105.757,1.874,-117.645,-0.066,-64.253,-15.995,-0.705,-1.277,-0.389,0.0,1.603,-0.82,-3.844,74.64,78.275,-10.167,1.052,2.346,6.284,12.11,4.066,0.0,-16.531,7.985,
2025-08-06 06:23:46.584,retreat_middlecase_to_vision_approach,151.542,509.703,715.586,167.678,-179.95,-102.942,-105.799,1.805,-117.668,-0.066,-64.161,-16.036,-0.182,-0.215,-0.058,0.0,0.38,-0.088,-3.604,73.559,78.015,-10.117,1.104,2.346,3.524,6.385,1.944,0.0,-8.014,4.101,waypoint
2025-08-06 06:23:46.683,retreat_middlecase_to_vision_approach,151.59,509.74,715.5,167.83,-179.95,-102.79,-105.804,1.8,-117.672,-0.066,-64.148,-16.041,0.0,0.0,0.0,0.0,0.0,0.0,-3.354,72.123,77.719,-10.05,1.111,2.362,0.908,1.074,0.289,0.0,-1.901,0.439,
2025-08-06 06:23:46.784,retreat_middlecase_to_vision_approach,151.59,509.74,715.5,167.83,-179.95,-102.79,-105.804,1.8,-117.672,-0.066,-64.148,-16.042,0.0,0.0,0.0,0.0,0.0,0.0,-2.969,71.865,77.673,-10.007,1.028,2.393,0.0,0.0,0.01,0.0,0.0,0.0,
2025-08-06 06:23:46.984,retreat_middlecase_to_vision_approach,151.59,509.74,715.5,167.83,-179.95,-102.79,-105.804,1.801,-117.671,-0.066,-64.149,-16.042,0.0,0.0,0.0,0.0,0.0,0.0,-2.563,72.159,77.834,-9.977,0.779,2.442,0.0,0.0,-0.01,0.0,0.0,0.0,
2025-08-06 06:23:47.085,retreat_middlecase_to_vision_approach,151.59,509.74,715.5,167.83,-179.95,-102.79,-105.804,1.801,-117.67,-0.066,-64.15,-16.042,0.0,0.0,0.0,0.0,0.0,0.0,-2.394,72.498,77.898,-9.972,0.686,2.447,0.0,0.009,0.0,0.0,0.0,0.0,
2025-08-06 06:23:47.183,retreat_middlecase_to_vision_approach,151.59,509.74,715.5,167.83,-179.95,-102.79,-105.804,1.802,-117.67,-0.066,-64.151,-16.042,0.0,0.002,0.0,0.0,0.0,0.0,-2.208,73.023,77.918,-9.965,0.653,2.458,0.0,0.0,0.0,0.0,0.0,0.0,
2025-08-06 06:23:47.383,retreat_middlecase_to_vision_approach,151.59,509.74,715.5,167.83,-179.95,-102.79,-105.803,1.805,-117.669,-0.066,-64.151,-16.042,0.0,0.0,0.0,0.0,0.0,0.0,-1.875,74.059,78.005,-9.97,0.619,2.478,0.003,0.053,0.0,0.0,0.0,0.0,
2025-08-06 06:23:47.483,retreat_middlecase_to_vision_approach,151.59,509.74,715.5,167.83,-179.95,-102.79,-105.802,1.807,-117.669,-0.066,-64.151,-16.042,0.001,0.01,0.0,0.0,0.0,0.0,-1.723,74.503,78.029,-9.968,0.622,2.492,0.0,0.0,0.0,0.0,0.0,0.0,
2025-08-06 06:23:47.592,retreat_middlecase_to_vision_approach,151.59,509.74,715.5,167.83,-179.95,-102.79,-105.801,1.808,-117.668,-0.066,-64.151,-16.042,0.0,0.0,0.0,0.0,0.0,0.0,-1.576,74.898,78.037,-9.966,0.615,2.51,-0.003,-0.052,0.0,0.0,0.0,0.0,
2025-08-06 06:23:47.784,retreat_middlecase_to_vision_approach,151.59,509.74,715.5,167.83,-179.95,-102.79,-105.799,1.812,-117.668,-0.066,-64.151,-16.041,0.0,0.0,0.0,0.0,0.0,0.0,-1.3,75.413,78.029,-9.957,0.636,2.528,0.0,0.002,0.0,0.0,0.0,0.0,
2025-08-06 06:23:47.883,retreat_middlecase_to_vision_approach,151.59,509.74,715.5,167.83,-179.95,-102.79,-105.799,1.814,-117.668,-0.066,-64.151,-16.041,0.0,0.0,0.0,0.0,0.0,0.0,-1.139,75.532,78.04,-9.949,0.636,2.539,0.0,0.006,0.0,0.0,0.0,0.0,
2025-08-06 06:23:47.985,retreat_middlecase_to_vision_approach,151.6,509.739,715.5,167.829,-179.95,-102.791,-105.798,1.815,-117.668,-0.066,-64.151,-16.041,0.0,0.002,0.0,0.0,0.0,0.0,-1.077,75.685,78.028,-9.958,0.639,2.536,-0.511,-0.002,0.01,0.0,0.0,0.0,
2025-08-06 06:23:48.185,retreat_middlecase_to_vision_approach,152.518,509.621,715.486,167.709,-179.95,-102.911,-105.861,1.816,-117.659,-0.066,-64.151,-16.107,-1.018,0.0,0.049,0.0,0.0,-1.428,-3.896,75.662,78.396,-9.976,0.657,2.411,-9.767,-0.033,0.946,0.0,0.047,-10.637,
2025-08-06 06:23:48.284,retreat_middlecase_to_vision_approach,153.988,509.431,715.463,167.517,-179.95,-103.103,-106.014,1.815,-117.644,-0.066,-64.149,-16.279,-2.065,-0.007,0.192,0.0,0.009,-2.138,-4.893,75.467,78.872,-9.996,0.823,2.318,-10.551,-0.768,1.201,0.0,0.196,-8.474,
2025-08-06 06:23:48.384,retreat_middlecase_to_vision_approach,156.355,509.127,715.426,167.207,-179.95,-103.413,-106.27,1.805,-117.619,-0.066,-64.14,-16.525,-3.117,-0.153,0.288,0.0,0.039,-3.114,-5.083,73.783,79.261,-9.993,1.046,2.29,-9.298,-2.893,1.287,0.0,0.123,-8.802,
2025-08-06 06:23:48.484,retreat_middlecase_to_vision_approach,159.635,508.705,715.375,166.778,-179.95,-103.842,-106.623,1.768,-117.58,-0.066,-64.132,-16.875,-3.925,-0.585,0.45,0.0,0.034,-3.898,-4.858,70.612,79.41,-9.984,1.133,2.267,-7.616,-3.307,1.063,0.0,0.058,-8.076,
2025-08-06 06:23:48.583,retreat_middlecase_to_vision_approach,163.717,508.18,715.312,166.244,-179.95,-104.376,-107.058,1.697,-117.531,-0.066,-64.123,-17.308,-4.633,-0.811,0.5,0.0,0.051,-4.721,-4.643,69.799,79.484,-9.978,1.169,2.253,-6.405,-1.531,1.165,0.0,0.098,-6.606,
2025-08-06 06:23:48.684,retreat_middlecase_to_vision_approach,168.374,507.58,715.239,165.635,-179.95,-104.985,-107.554,1.615,-117.471,-0.066,-64.113,-17.806,-5.206,-0.891,0.683,0.0,0.054,-5.22,-4.612,70.168,79.672,-9.998,1.195,2.255,-2.969,-0.533,1.194,0.0,-0.007,-1.773,
2025-08-06 06:23:48.783,retreat_middlecase_to_vision_approach,173.302,506.946,715.163,164.99,-179.95,-105.63,-108.083,1.526,-117.405,-0.066,-64.102,-18.332,-5.227,-0.918,0.739,0.0,0.049,-5.076,-4.247,69.953,79.554,-9.978,1.172,2.27,-0.387,-0.04,0.295,0.0,-0.048,-0.13,
2025-08-06 06:23:48.883,retreat_middlecase_to_vision_approach,178.259,506.309,715.086,164.341,-179.95,-106.278,-108.61,1.437,-117.337,-0.066,-64.092,-18.854,-5.283,-0.899,0.741,0.0,0.044,-5.246,-3.933,69.985,79.487,-9.979,1.109,2.296,0.06,0.12,0.148,0.0,0.043,-0.839,
2025-08-06 06:23:48.983,retreat_middlecase_to_vision_approach,183.217,505.671,715.009,163.693,-179.95,-106.926,-109.134,1.35,-117.263,-0.067,-64.082,-19.376,-5.215,-0.893,0.768,0.0,0.058,-5.244,-4.037,69.866,79.392,-10.0,1.129,2.283,0.823,0.178,-0.047,0.0,-0.032,-0.306,
2025-08-06 06:23:49.084,retreat_middlecase_to_vision_approach,188.174,505.033,714.932,163.046,-179.95,-107.574,-109.655,1.265,-117.187,-0.069,-64.071,-19.896,-5.117,-0.863,0.732,0.0,0.038,-5.307,-4.02,69.972,79.269,-10.024,1.161,2.265,0.183,-0.225,0.096,0.0,-0.088,-0.493,
2025-08-06 06:23:49.184,retreat_middlecase_to_vision_approach,193.131,504.395,714.855,162.399,-179.95,-108.22,-110.172,1.176,-117.107,-0.07,-64.061,-20.417,-5.178,-0.939,0.787,0.0,0.04,-5.343,-3.905,69.625,79.336,-10.042,1.185,2.258,-0.364,-0.547,0.339,0.0,0.073,1.298,
2025-08-06 06:23:49.284,retreat_middlecase_to_vision_approach,198.088,503.757,714.778,161.753,-179.95,-108.866,-110.689,1.081,-117.023,-0.07,-64.05,-20.933,-5.19,-0.973,0.8,0.0,0.052,-5.047,-4.013,69.617,79.285,-10.026,1.194,2.257,0.119,-0.037,0.344,0.0,0.043,1.22,
2025-08-06 06:23:49.383,retreat_middlecase_to_vision_approach,203.045,503.119,714.701,161.107,-179.95,-109.511,-111.204,0.983,-116.937,-0.071,-64.039,-21.443,-5.154,-0.946,0.856,0.0,0.049,-5.1,-3.909,69.69,79.358,-10.013,1.202,2.228,0.297,-0.255,0.357,0.0,0.004,-0.05,
2025-08-06 06:23:49.484,retreat_middlecase_to_vision_approach,208.002,502.482,714.624,160.463,-179.95,-110.155,-111.717,0.882,-116.847,-0.071,-64.029,-21.955,-5.131,-1.024,0.871,0.0,0.053,-5.057,-3.874,69.319,79.321,-9.992,1.201,2.219,0.741,-0.476,0.701,0.0,-0.011,0.717,
2025-08-06 06:23:49.583,retreat_middlecase_to_vision_approach,212.959,501.844,714.547,159.821,-179.95,-110.798,-112.227,0.778,-116.753,-0.072,-64.019,-22.466,-5.006,-1.041,0.996,0.0,0.047,-4.957,-3.898,69.689,79.467,-10.012,1.207,2.228,0.685,-0.435,0.713,0.0,-0.049,0.477,
2025-08-06 06:23:49.683,retreat_middlecase_to_vision_approach,217.916,501.206,714.47,159.179,-179.95,-111.439,-112.732,0.673,-116.657,-0.073,-64.01,-22.973,-4.995,-1.11,1.013,0.0,0.043,-4.963,-3.998,69.406,79.438,-10.014,1.205,2.225,0.185,-0.414,0.292,-0.02,-0.161,0.383,
2025-08-06 06:23:49.783,retreat_middlecase_to_vision_approach,222.874,500.568,714.393,158.54,-179.95,-112.079,-113.234,0.563,-116.555,-0.073,-64.001,-23.477,-4.969,-1.124,1.054,-0.004,0.014,-4.88,-3.815,69.086,79.542,-10.003,1.198,2.217,0.025,-0.353,0.162,-0.018,-0.037,0.88,
2025-08-06 06:23:49.884,retreat_middlecase_to_vision_approach,227.831,499.93,714.316,157.902,-179.95,-112.716,-113.737,0.449,-116.452,-0.074,-63.992,-23.975,-4.989,-1.182,1.045,-0.004,0.036,-4.786,-4.052,69.283,79.59,-10.018,1.145,2.252,-0.103,-0.197,-0.135,0.02,0.112,0.346,
2025-08-06 06:23:49.983,retreat_middlecase_to_vision_approach,232.788,499.293,714.239,157.266,-179.949,-113.352,-114.237,0.329,-116.347,-0.075,-63.983,-24.472,-4.99,-1.163,1.027,0.0,0.037,-4.811,-3.866,69.114,79.554,-9.998,1.138,2.245,0.384,0.084,0.461,0.018,0.016,-0.432,
2025-08-06 06:23:50.083,retreat_middlecase_to_vision_approach,237.745,498.655,714.162,156.632,-179.949,-113.986,-114.734,0.213,-116.235,-0.076,-63.975,-24.971,-4.913,-1.165,1.137,0.0,0.039,-4.872,-4.006,69.555,79.655,-10.001,1.15,2.227,0.624,-0.562,0.744,0.0,-0.081,1.596,
2025-08-06 06:23:50.183,retreat_middlecase_to_vision_approach,242.702,498.017,714.085,156.0,-179.949,-114.618,-115.229,0.093,-116.123,-0.077,-63.966,-25.463,-4.865,-1.276,1.176,0.0,0.02,-4.492,-3.956,69.223,79.689,-10.01,1.181,2.224,0.024,-0.377,0.167,0.0,-0.11,0.28,
2025-08-06 06:23:50.283,retreat_middlecase_to_vision_approach,247.659,497.379,714.008,155.371,-179.949,-115.247,-115.718,-0.033,-116.007,-0.077,-63.958,-25.952,-4.908,-1.24,1.17,0.0,0.017,-4.816,-3.904,69.174,79.596,-10.002,1.197,2.202,-0.002,-0.209,0.534,0.0,0.154,-1.964,
2025-08-06 06:23:50.385,retreat_middlecase_to_vision_approach,252.616,496.741,713.931,154.744,-179.949,-115.873,-116.204,-0.163,-115.886,-0.078,-63.95,-26.441,-4.865,-1.318,1.284,0.0,0.052,-4.888,-3.978,69.142,79.573,-10.002,1.214,2.196,-0.124,-0.161,0.199,0.0,-0.078,-0.303,
2025-08-06 06:23:50.483,retreat_middlecase_to_vision_approach,257.574,496.103,713.854,154.12,-179.949,-116.497,-116.69,-0.288,-115.764,-0.079,-63.943,-26.928,-4.933,-1.273,1.21,0.0,0.002,-4.876,-4.048,69.187,79.388,-10.014,1.164,2.215,0.371,-0.008,0.326,0.0,-0.245,-0.793,
2025-08-06 06:23:50.584,retreat_middlecase_to_vision_approach,262.531,495.466,713.777,153.499,-179.949,-117.119,-117.174,-0.419,-115.639,-0.08,-63.937,-27.41,-4.792,-1.319,1.349,0.0,0.003,-5.046,-3.906,68.959,79.283,-9.994,1.07,2.247,0.644,-0.659,0.469,0.0,0.117,-0.91,
2025-08-06 06:23:50.685,retreat_middlecase_to_vision_approach,267.488,494.828,713.7,152.88,-179.949,-117.737,-117.654,-0.554,-115.509,-0.081,-63.93,-27.887,-4.803,-1.406,1.305,0.0,0.025,-5.06,-3.929,68.963,79.275,-9.991,1.08,2.228,0.309,-0.123,-0.055,0.0,0.046,1.447,
2025-08-06 06:23:50.786,retreat_middlecase_to_vision_approach,272.445,494.19,713.623,152.265,-179.949,-118.353,-118.131,-0.695,-115.376,-0.082,-63.925,-28.361,-4.729,-1.344,1.338,0.0,0.012,-4.754,-3.955,69.004,79.288,-10.014,1.096,2.215,0.417,0.054,0.452,0.0,-0.04,2.959,
2025-08-06 06:23:50.884,retreat_middlecase_to_vision_approach,277.402,493.552,713.546,151.652,-179.949,-118.965,-118.602,-0.835,-115.24,-0.083,-63.92,-28.834,-4.72,-1.395,1.395,0.0,0.017,-4.471,-3.984,69.135,79.29,-10.006,1.1,2.217,0.416,-0.794,0.358,-0.017,0.007,-0.135,
2025-08-06 06:23:50.984,retreat_middlecase_to_vision_approach,282.359,492.914,713.469,151.043,-179.948,-119.574,-119.071,-0.978,-115.103,-0.084,-63.915,-29.303,-4.647,-1.502,1.409,-0.003,0.014,-4.78,-3.844,68.724,79.385,-9.997,1.114,2.216,-0.068,-0.571,0.153,0.0,-0.031,-1.647,
2025-08-06 06:23:51.083,retreat_middlecase_to_vision_approach,287.316,492.277,713.392,150.437,-179.948,-120.18,-119.538,-1.128,-114.959,-0.085,-63.912,-29.773,-4.734,-1.509,1.425,0.0,0.011,-4.799,-3.893,68.476,79.412,-9.994,1.103,2.206,0.075,0.309,0.349,0.017,-0.068,1.892,
2025-08-06 06:23:51.183,retreat_middlecase_to_vision_approach,292.274,491.639,713.315,149.835,-179.948,-120.782,-120.004,-1.277,-114.814,-0.086,-63.908,-30.235,-4.632,-1.44,1.478,0.0,0.0,-4.404,-3.93,68.818,79.573,-10.008,1.107,2.204,0.564,-0.109,0.2,0.0,0.003,1.052,
2025-08-06 06:23:51.284,retreat_middlecase_to_vision_approach,297.231,491.001,713.238,149.236,-179.948,-121.381,-120.465,-1.428,-114.666,-0.087,-63.906,-30.695,-4.62,-1.53,1.466,0.0,0.012,-4.587,-3.772,68.512,79.611,-9.995,1.109,2.2,0.382,-0.757,0.239,-0.012,0.0,-1.432,
2025-08-06 06:23:51.384,retreat_middlecase_to_vision_approach,302.188,490.363,713.161,148.641,-179.948,-121.976,-120.923,-1.585,-114.513,-0.088,-63.904,-31.151,-4.555,-1.592,1.526,-0.002,0.0,-4.692,-3.773,68.445,79.678,-10.003,1.108,2.195,0.748,-0.152,0.162,0.0,-0.058,0.631,
2025-08-06 06:23:51.484,retreat_middlecase_to_vision_approach,307.145,489.725,713.084,148.05,-179.948,-122.567,-121.376,-1.741,-114.358,-0.089,-63.902,-31.603,-4.471,-1.561,1.498,0.0,0.0,-4.461,-3.873,68.661,79.552,-9.999,1.091,2.201,0.48,-0.016,0.016,0.006,-0.001,0.804,
2025-08-06 06:23:51.584,retreat_middlecase_to_vision_approach,312.102,489.087,713.007,147.462,-179.947,-123.154,-121.827,-1.896,-114.2,-0.09,-63.902,-32.06,-4.459,-1.596,1.529,-0.001,0.0,-4.531,-3.816,68.678,79.415,-9.997,1.084,2.192,-0.049,-0.408,0.555,0.0,-0.001,0.388,
2025-08-06 06:23:51.683,retreat_middlecase_to_vision_approach,317.059,488.45,712.93,146.879,-179.947,-123.738,-122.274,-2.055,-114.039,-0.091,-63.901,-32.506,-4.481,-1.642,1.609,0.0,0.0,-4.384,-3.803,68.141,79.326,-10.005,1.061,2.193,0.162,-0.31,0.495,0.007,0.0,1.221,
2025-08-06 06:23:51.783,retreat_middlecase_to_vision_approach,322.016,487.812,712.853,146.299,-179.947,-124.317,-122.72,-2.221,-113.875,-0.092,-63.902,-32.949,-4.427,-1.657,1.628,0.0,0.0,-4.288,-3.813,68.163,79.314,-10.007,1.03,2.189,0.483,-0.257,0.244,0.0,0.0,-0.896,
2025-08-06 06:23:51.884,retreat_middlecase_to_vision_approach,326.973,487.174,712.776,145.723,-179.947,-124.893,-123.162,-2.386,-113.708,-0.093,-63.902,-33.387,-4.383,-1.694,1.658,0.0,0.0,-4.564,-3.85,68.167,79.353,-10.018,0.963,2.188,0.353,-0.51,0.416,0.0,-0.01,0.096,
2025-08-06 06:23:51.983,retreat_middlecase_to_vision_approach,331.93,486.536,712.699,145.152,-179.947,-125.464,-123.601,-2.556,-113.537,-0.094,-63.903,-33.824,-4.356,-1.759,1.711,0.0,-0.002,-4.269,-3.755,67.763,79.462,-10.015,0.851,2.175,1.04,0.173,-0.19,0.0,-0.09,2.197,
2025-08-06 06:23:52.083,retreat_middlecase_to_vision_approach,336.792,485.911,712.623,144.596,-179.946,-126.02,-124.029,-2.728,-113.366,-0.095,-63.908,-34.255,-4.177,-1.659,1.62,0.0,-0.018,-4.127,-3.673,67.835,79.469,-9.992,0.693,2.174,3.194,1.446,-1.285,-0.001,-0.008,1.305,
2025-08-06 06:23:52.184,retreat_middlecase_to_vision_approach,341.258,485.336,712.554,144.089,-179.946,-126.527,-124.42,-2.884,-113.205,-0.097,-63.912,-34.645,-3.714,-1.468,1.453,-0.0,-0.004,-4.006,-3.538,68.351,79.532,-9.981,0.593,2.161,5.666,2.247,-1.721,0.0,0.009,6.237,
2025-08-06 06:23:52.285,retreat_middlecase_to_vision_approach,345.048,484.848,712.495,143.661,-179.946,-126.955,-124.754,-3.022,-113.068,-0.097,-63.916,-34.973,-3.032,-1.205,1.272,0.0,-0.016,-2.867,-3.013,67.986,79.496,-9.968,0.551,2.165,7.257,2.593,-2.512,0.001,0.018,10.098,
2025-08-06 06:23:52.384,retreat_middlecase_to_vision_approach,347.979,484.471,712.45,143.332,-179.946,-127.284,-125.01,-3.132,-112.959,-0.098,-63.92,-35.227,-2.263,-0.95,0.95,0.0,0.0,-1.987,-3.007,68.308,79.396,-9.933,0.532,2.177,8.416,3.466,-3.556,0.0,0.076,7.156,
2025-08-06 06:23:52.483,retreat_middlecase_to_vision_approach,349.987,484.213,712.418,143.107,-179.946,-127.508,-125.187,-3.205,-112.882,-0.099,-63.922,-35.41,-1.366,-0.519,0.568,0.0,-0.001,-1.45,-2.899,68.635,79.352,-9.933,0.514,2.171,7.806,3.292,-3.154,0.0,0.0,5.945,
2025-08-06 06:23:52.583,retreat_middlecase_to_vision_approach,351.138,484.065,712.4,142.979,-179.946,-127.637,-125.287,-3.246,-112.84,-0.099,-63.924,-35.508,-0.709,-0.295,0.323,0.0,0.0,-0.804,-2.851,68.094,79.171,-9.915,0.514,2.177,5.763,2.423,-2.323,0.0,0.005,6.231,
2025-08-06 06:23:52.683,retreat_middlecase_to_vision_approach,351.619,484.003,712.393,142.925,-179.946,-127.69,-125.33,-3.262,-112.819,-0.099,-63.924,-35.549,-0.213,-0.035,0.104,0.0,0.0,-0.204,-2.997,68.552,79.126,-9.922,0.526,2.206,3.546,1.473,-1.611,0.0,0.0,4.013,waypoint
2025-08-06 06:23:52.783,retreat_middlecase_to_vision_approach,351.709,483.991,712.392,142.915,-179.946,-127.701,-125.341,-3.264,-112.815,-0.099,-63.924,-35.56,0.0,0.0,0.001,0.0,0.0,-0.001,-2.969,68.45,78.954,-9.93,0.547,2.241,1.065,0.173,-0.519,0.0,0.0,1.018,
2025-08-06 06:23:52.883,retreat_middlecase_to_vision_approach,351.71,483.991,712.392,142.915,-179.946,-127.701,-125.341,-3.264,-112.815,-0.099,-63.924,-35.562,0.0,0.0,0.0,0.0,0.0,0.0,-2.776,68.84,78.811,-9.943,0.567,2.282,0.0,0.0,-0.003,0.0,0.0,0.007,
2025-08-06 06:23:52.987,retreat_middlecase_to_vision_approach,351.71,483.991,712.392,142.915,-179.946,-127.701,-125.341,-3.264,-112.815,-0.099,-63.924,-35.562,0.0,0.0,0.0,0.0,0.0,0.0,-2.612,69.079,78.683,-9.952,0.588,2.307,0.0,0.0,-0.01,0.0,0.0,0.0,
2025-08-06 06:23:53.089,retreat_middlecase_to_vision_approach,351.71,483.991,712.392,142.915,-179.946,-127.701,-125.341,-3.264,-112.816,-0.099,-63.924,-35.562,0.0,0.0,-0.002,0.0,0.0,0.0,-2.369,69.11,78.617,-9.941,0.595,2.331,0.0,0.0,-0.006,0.0,0.0,0.0,
2025-08-06 06:23:53.483,retreat_middlecase_to_vision_approach,351.71,483.991,712.392,142.915,-179.946,-127.701,-125.34,-3.264,-112.817,-0.099,-63.924,-35.562,0.0,0.0,0.0,0.0,0.0,0.0,-1.832,69.291,78.385,-9.922,0.631,2.37,-0.009,0.0,0.0,0.0,0.0,0.0,
2025-08-06 06:23:53.783,retreat_middlecase_to_vision_approach,351.71,483.991,712.392,142.915,-179.946,-127.701,-125.339,-3.264,-112.818,-0.099,-63.924,-35.561,0.0,0.0,0.0,0.0,0.0,0.0,-1.401,69.376,78.369,-9.928,0.645,2.409,0.0,0.0,0.0,0.0,0.0,0.0,
2025-08-06 06:23:54.084,retreat_middlecase_to_vision_approach,351.71,483.991,712.392,142.915,-179.946,-127.701,-125.336,-3.264,-112.818,-0.099,-63.924,-35.561,0.0,0.0,0.0,0.0,0.0,0.0,-1.009,69.417,78.371,-9.921,0.702,2.418,0.002,0.0,0.0,0.0,0.0,0.0,
2025-08-06 06:23:54.383,retreat_middlecase_to_vision_approach,351.71,483.991,712.392,142.915,-179.946,-127.701,-125.334,-3.264,-112.818,-0.099,-63.924,-35.561,0.0,0.0,0.0,0.0,0.0,0.0,-0.763,69.462,78.378,-9.906,0.718,2.434,0.004,0.0,0.0,0.0,0.0,0.0,
2025-08-06 06:23:54.587,retreat_middlecase_to_vision_approach,351.71,483.991,712.392,142.915,-179.946,-127.701,-125.334,-3.264,-112.818,-0.099,-63.924,-35.56,0.0,0.0,0.0,0.0,0.0,0.0,-0.664,69.469,78.377,-9.924,0.726,2.419,-0.004,0.0,0.0,0.0,0.0,0.0,
2025-08-06 06:23:54.983,retreat_middlecase_to_vision_approach,351.71,483.991,712.392,142.915,-179.946,-127.701,-125.333,-3.264,-112.818,-0.099,-63.924,-35.56,0.0,0.0,0.0,0.0,0.0,0.0,-0.658,69.543,78.385,-9.902,0.732,2.435,0.0,0.0,0.0,0.0,0.0,0.0,
2025-08-06 06:23:55.284,retreat_middlecase_to_vision_approach,351.71,483.991,712.392,142.915,-179.946,-127.701,-125.333,-3.264,-112.818,-0.099,-63.924,-35.559,0.0,0.0,0.0,0.0,0.0,0.0,-0.646,69.666,78.379,-9.906,0.733,2.454,0.0,0.0,0.0,0.0,0.0,0.0,
2025-08-06 06:23:55.485,retreat_middlecase_to_vision_approach,351.71,483.991,712.392,142.915,-179.946,-127.701,-125.333,-3.264,-112.818,-0.099,-63.924,-35.559,0.0,0.0,0.0,0.0,0.0,0.0,-0.69,69.733,78.395,-9.902,0.728,2.456,0.0,0.0,0.0,0.0,0.0,0.0,
2025-08-06 06:23:55.785,retreat_middlecase_to_vision_approach,351.71,483.991,712.392,142.915,-179.946,-127.701,-125.333,-3.264,-112.818,-0.099,-63.924,-35.558,0.0,0.0,0.0,0.0,0.0,0.0,-0.711,69.895,78.385,-9.913,0.739,2.458,0.0,0.0,0.0,0.0,0.0,0.0,
2025-08-06 06:23:56.183,vision_approach_to_detect_and_pose_estimate,352.139,483.992,712.397,142.912,-179.946,-127.703,-125.347,-3.264,-112.802,-0.099,-63.924,-35.559,-0.286,0.0,0.251,0.0,0.0,-0.015,-1.907,70.053,78.968,-9.93,0.729,2.437,-3.557,-1.555,2.244,0.0,-0.267,-6.157,
2025-08-06 06:23:56.285,vision_approach_to_detect_and_pose_estimate,352.896,483.992,712.407,142.908,-179.946,-127.708,-125.398,-3.277,-112.767,-0.099,-63.928,-35.616,-0.72,-0.313,0.466,0.0,-0.054,-1.238,-3.721,68.631,79.245,-9.945,0.627,2.318,-4.366,-3.551,2.025,0.0,-0.037,-6.313,
2025-08-06 06:23:56.383,vision_approach_to_detect_and_pose_estimate,354.116,483.993,712.423,142.9,-179.946,-127.715,-125.496,-3.331,-112.708,-0.099,-63.936,-35.723,-1.16,-0.71,0.656,0.0,-0.007,-1.277,-3.849,66.595,79.208,-9.931,0.516,2.208,-3.542,-2.707,1.958,0.0,0.157,-1.645,
2025-08-06 06:23:56.484,vision_approach_to_detect_and_pose_estimate,355.75,483.994,712.445,142.89,-179.946,-127.725,-125.625,-3.408,-112.631,-0.099,-63.945,-35.858,-1.425,-0.851,0.856,0.0,-0.023,-1.565,-4.144,67.357,79.4,-9.955,0.468,2.179,-2.258,-1.026,1.299,0.0,-0.176,-2.129,
2025-08-06 06:23:56.583,vision_approach_to_detect_and_pose_estimate,357.66,483.995,712.47,142.879,-179.946,-127.737,-125.779,-3.498,-112.539,-0.099,-63.954,-36.006,-1.611,-0.915,0.915,0.0,-0.043,-1.703,-4.018,67.333,79.363,-9.93,0.435,2.174,-0.88,-0.355,0.352,0.0,0.01,-0.109,
2025-08-06 06:23:56.683,vision_approach_to_detect_and_pose_estimate,359.658,483.996,712.497,142.866,-179.946,-127.749,-125.936,-3.592,-112.443,-0.099,-63.964,-36.17,-1.6,-0.922,0.926,0.0,-0.021,-1.587,-3.732,67.382,79.228,-9.927,0.398,2.174,0.397,0.489,-0.05,0.0,-0.022,1.918,
2025-08-06 06:23:56.783,vision_approach_to_detect_and_pose_estimate,361.657,483.997,712.523,142.854,-179.946,-127.761,-126.092,-3.683,-112.348,-0.099,-63.974,-36.32,-1.532,-0.817,0.905,0.0,-0.047,-1.32,-3.809,67.708,79.146,-9.935,0.361,2.178,0.263,0.456,0.467,-0.018,-0.015,0.756,
2025-08-06 06:23:56.883,vision_approach_to_detect_and_pose_estimate,363.657,483.998,712.55,142.842,-179.946,-127.773,-126.247,-3.767,-112.249,-0.1,-63.984,-36.471,-1.548,-0.831,1.02,-0.004,-0.024,-1.436,-3.856,67.616,79.162,-9.962,0.351,2.183,0.168,-0.128,0.445,-0.004,0.124,-1.885,
2025-08-06 06:23:56.983,vision_approach_to_detect_and_pose_estimate,365.656,484.0,712.576,142.83,-179.946,-127.786,-126.401,-3.853,-112.153,-0.101,-63.994,-36.626,-1.498,-0.843,0.994,-0.001,-0.022,-1.697,-3.76,67.211,79.106,-10.002,0.324,2.184,0.454,-0.194,-0.185,0.001,-0.16,-1.376,
2025-08-06 06:23:57.084,vision_approach_to_detect_and_pose_estimate,367.656,484.001,712.602,142.817,-179.946,-127.798,-126.554,-3.941,-112.053,-0.103,-64.005,-36.775,-1.456,-0.87,0.982,-0.003,-0.056,-1.712,-3.852,67.242,79.31,-10.029,0.289,2.179,-0.232,-0.281,-0.317,0.004,-0.159,1.967,
2025-08-06 06:23:57.186,vision_approach_to_detect_and_pose_estimate,369.656,484.002,712.629,142.805,-179.946,-127.81,-126.705,-4.03,-111.955,-0.103,-64.017,-36.931,-1.545,-0.9,0.93,0.0,-0.054,-1.297,-3.79,67.155,79.373,-10.037,0.255,2.184,-0.239,-0.286,-0.223,0.014,-0.012,1.809,
2025-08-06 06:23:57.283,vision_approach_to_detect_and_pose_estimate,371.655,484.003,712.655,142.793,-179.946,-127.822,-126.857,-4.123,-111.857,-0.104,-64.028,-37.075,-1.504,-0.926,0.938,-0.001,-0.058,-1.352,-3.756,67.199,79.467,-10.018,0.225,2.187,0.127,0.25,0.283,0.0,-0.031,-0.977,
2025-08-06 06:23:57.384,vision_approach_to_detect_and_pose_estimate,373.655,484.004,712.682,142.781,-179.946,-127.834,-127.006,-4.211,-111.757,-0.104,-64.04,-37.226,-1.52,-0.851,0.986,0.0,-0.061,-1.491,-3.838,67.537,79.574,-10.002,0.191,2.187,0.163,0.353,0.376,0.004,0.075,-1.683,
2025-08-06 06:23:57.483,vision_approach_to_detect_and_pose_estimate,375.654,484.006,712.708,142.769,-179.946,-127.847,-127.155,-4.296,-111.659,-0.104,-64.051,-37.378,-1.471,-0.856,1.013,0.0,-0.043,-1.689,-3.822,67.219,79.546,-9.991,0.177,2.186,0.445,-0.134,0.398,0.0,0.051,-0.603,
2025-08-06 06:23:57.583,vision_approach_to_detect_and_pose_estimate,377.654,484.007,712.735,142.756,-179.946,-127.859,-127.304,-4.383,-111.556,-0.105,-64.063,-37.524,-1.432,-0.877,1.065,0.0,-0.05,-1.611,-3.812,67.262,79.689,-9.994,0.162,2.185,-0.15,-0.413,-0.04,0.0,-0.061,1.557,
2025-08-06 06:23:57.683,vision_approach_to_detect_and_pose_estimate,379.653,484.008,712.761,142.744,-179.946,-127.871,-127.451,-4.472,-111.456,-0.105,-64.074,-37.677,-1.501,-0.938,1.005,0.0,-0.055,-1.377,-3.846,67.121,79.594,-9.992,0.137,2.182,-0.145,-0.293,-0.544,-0.011,-0.053,1.483,
2025-08-06 06:23:57.785,vision_approach_to_detect_and_pose_estimate,381.653,484.009,712.788,142.732,-179.946,-127.883,-127.599,-4.563,-111.355,-0.106,-64.086,-37.82,-1.461,-0.937,0.955,-0.002,-0.061,-1.311,-3.794,67.166,79.449,-9.987,0.117,2.198,0.039,0.03,0.176,0.0,-0.049,0.25,
2025-08-06 06:23:57.884,vision_approach_to_detect_and_pose_estimate,383.652,484.01,712.814,142.72,-179.946,-127.895,-127.747,-4.655,-111.254,-0.106,-64.098,-37.965,-1.493,-0.932,1.04,0.0,-0.065,-1.327,-3.885,67.269,79.397,-10.001,0.103,2.198,0.315,0.256,0.506,0.011,-0.123,-1.32,
2025-08-06 06:23:57.985,vision_approach_to_detect_and_pose_estimate,385.652,484.011,712.841,142.707,-179.946,-127.907,-127.894,-4.741,-111.153,-0.107,-64.111,-38.114,-1.398,-0.885,1.057,0.0,-0.086,-1.575,-3.828,67.345,79.387,-10.005,0.097,2.194,0.199,0.428,-0.017,0.0,-0.008,-1.466,
2025-08-06 06:23:58.083,vision_approach_to_detect_and_pose_estimate,387.652,484.013,712.867,142.695,-179.946,-127.92,-128.04,-4.828,-111.048,-0.107,-64.124,-38.257,-1.454,-0.847,1.037,0.0,-0.067,-1.619,-3.857,67.182,79.478,-10.016,0.103,2.187,-0.48,0.011,-0.316,-0.003,0.113,0.186,
2025-08-06 06:23:58.184,vision_approach_to_detect_and_pose_estimate,389.651,484.014,712.893,142.683,-179.946,-127.932,-128.184,-4.914,-110.946,-0.108,-64.138,-38.411,-1.494,-0.883,0.994,-0.001,-0.063,-1.538,-3.788,67.212,79.509,-10.019,0.107,2.188,0.17,-0.196,-0.106,0.0,0.026,1.587,
2025-08-06 06:23:58.284,vision_approach_to_detect_and_pose_estimate,391.651,484.015,712.92,142.671,-179.946,-127.944,-128.329,-5.005,-110.844,-0.108,-64.151,-38.552,-1.42,-0.887,1.016,0.0,-0.062,-1.3,-3.886,66.909,79.382,-10.007,0.104,2.189,0.316,-0.323,0.483,0.003,-0.075,1.388,
2025-08-06 06:23:58.384,vision_approach_to_detect_and_pose_estimate,393.65,484.016,712.946,142.659,-179.946,-127.956,-128.474,-5.099,-110.738,-0.109,-64.164,-38.696,-1.43,-0.948,1.09,0.0,-0.078,-1.26,-3.821,66.98,79.469,-10.012,0.11,2.188,-0.026,0.178,0.309,0.0,-0.076,-0.277,
2025-08-06 06:23:58.483,vision_approach_to_detect_and_pose_estimate,395.65,484.017,712.973,142.646,-179.946,-127.968,-128.617,-5.191,-110.635,-0.109,-64.178,-38.835,-1.425,-0.851,1.077,0.0,-0.077,-1.355,-3.85,67.134,79.558,-10.029,0.126,2.198,-0.199,0.367,-0.466,0.0,0.065,-0.368,
2025-08-06 06:23:58.584,vision_approach_to_detect_and_pose_estimate,397.649,484.019,712.999,142.634,-179.946,-127.98,-128.762,-5.28,-110.529,-0.109,-64.191,-38.974,-1.47,-0.874,0.997,0.0,-0.065,-1.334,-3.857,67.036,79.601,-10.008,0.123,2.201,0.38,-0.111,-0.271,0.0,-0.028,-1.557,
2025-08-06 06:23:58.688,vision_approach_to_detect_and_pose_estimate,399.649,484.02,713.026,142.622,-179.946,-127.993,-128.903,-5.369,-110.425,-0.11,-64.205,-39.125,-1.347,-0.874,1.022,0.0,-0.083,-1.674,-3.7,66.827,79.629,-9.997,0.125,2.196,0.389,-0.194,0.507,0.0,-0.093,-1.044,
2025-08-06 06:23:58.784,vision_approach_to_detect_and_pose_estimate,401.648,484.021,713.052,142.61,-179.946,-128.005,-129.045,-5.46,-110.318,-0.11,-64.22,-39.264,-1.392,-0.913,1.099,0.0,-0.084,-1.543,-3.865,66.722,79.661,-9.999,0.136,2.202,-0.595,-0.57,0.111,0.0,-0.038,0.942,
2025-08-06 06:23:58.883,vision_approach_to_detect_and_pose_estimate,403.648,484.022,713.078,142.598,-179.946,-128.017,-129.186,-5.553,-110.211,-0.111,-64.235,-39.407,-1.463,-0.985,1.043,0.0,-0.09,-1.49,-3.788,66.648,79.804,-10.021,0.15,2.203,0.003,-0.5,-0.308,-0.002,0.002,1.242,
2025-08-06 06:23:58.983,vision_approach_to_detect_and_pose_estimate,405.648,484.023,713.105,142.585,-179.946,-128.029,-129.328,-5.65,-110.106,-0.111,-64.25,-39.548,-1.392,-1.013,1.037,-0.0,-0.083,-1.296,-3.961,66.674,79.795,-10.026,0.152,2.213,0.366,0.465,0.209,0.0,-0.126,1.823,
2025-08-06 06:23:59.084,vision_approach_to_detect_and_pose_estimate,407.647,484.025,713.131,142.573,-179.946,-128.041,-129.468,-5.742,-109.999,-0.112,-64.265,-39.686,-1.389,-0.892,1.085,0.0,-0.115,-1.124,-3.864,67.022,79.731,-10.01,0.153,2.222,-0.057,0.593,0.371,0.002,0.033,-0.174,
2025-08-06 06:23:59.183,vision_approach_to_detect_and_pose_estimate,409.647,484.026,713.158,142.561,-179.946,-128.053,-129.607,-5.831,-109.89,-0.112,-64.279,-39.823,-1.403,-0.894,1.111,0.0,-0.077,-1.33,-3.907,66.748,79.689,-10.016,0.156,2.238,-0.205,-0.032,-0.166,0.0,-0.016,-0.54,
2025-08-06 06:23:59.284,vision_approach_to_detect_and_pose_estimate,411.646,484.027,713.184,142.549,-179.946,-128.065,-129.746,-5.922,-109.783,-0.113,-64.294,-39.962,-1.431,-0.898,1.052,0.0,-0.118,-1.232,-3.807,66.644,79.617,-10.027,0.151,2.252,0.235,-0.19,-0.445,-0.006,-0.135,-0.235,
2025-08-06 06:23:59.385,vision_approach_to_detect_and_pose_estimate,413.646,484.028,713.211,142.537,-179.946,-128.077,-129.885,-6.015,-109.676,-0.113,-64.31,-40.1,-1.356,-0.933,1.022,-0.001,-0.104,-1.378,-3.836,66.519,79.326,-10.012,0.074,2.295,0.192,-0.155,0.258,0.0,0.144,-1.247,
2025-08-06 06:23:59.483,vision_approach_to_detect_and_pose_estimate,415.645,484.029,713.237,142.525,-179.946,-128.09,-130.023,-6.11,-109.566,-0.114,-64.327,-40.239,-1.392,-0.929,1.104,0.0,-0.09,-1.48,-3.793,66.57,79.443,-10.025,-0.035,2.32,-0.188,0.256,0.306,0.001,-0.27,-0.765,
2025-08-06 06:23:59.586,vision_approach_to_detect_and_pose_estimate,417.645,484.03,713.264,142.512,-179.946,-128.102,-130.159,-6.204,-109.457,-0.114,-64.343,-40.378,-1.394,-0.881,1.083,-0.001,-0.158,-1.532,-3.86,66.709,79.503,-10.033,-0.049,2.321,0.115,0.262,-0.45,0.0,-0.043,-0.194,
2025-08-06 06:23:59.684,vision_approach_to_detect_and_pose_estimate,419.644,484.032,713.29,142.5,-179.946,-128.114,-130.296,-6.293,-109.348,-0.115,-64.36,-40.513,-1.369,-0.876,1.013,0.0,-0.098,-1.519,-3.889,66.634,79.327,-10.024,-0.075,2.314,0.106,-0.248,0.272,0.006,0.028,0.053,
2025-08-06 06:23:59.783,vision_approach_to_detect_and_pose_estimate,421.644,484.033,713.317,142.488,-179.946,-128.126,-130.432,-6.382,-109.237,-0.115,-64.376,-40.654,-1.373,-0.93,1.137,0.0,-0.153,-1.521,-3.752,66.542,79.44,-10.04,-0.081,2.319,0.187,-0.485,0.648,0.0,0.011,0.987,
2025-08-06 06:23:59.884,vision_approach_to_detect_and_pose_estimate,423.644,484.034,713.343,142.476,-179.946,-128.138,-130.568,-6.475,-109.128,-0.116,-64.392,-40.789,-1.332,-0.973,1.143,0.0,-0.096,-1.322,-3.871,66.288,79.479,-10.035,-0.082,2.318,-0.174,-0.369,-0.29,0.0,-0.217,1.015,
2025-08-06 06:23:59.983,vision_approach_to_detect_and_pose_estimate,425.643,484.035,713.369,142.464,-179.946,-128.15,-130.704,-6.571,-109.016,-0.116,-64.409,-40.924,-1.408,-1.004,1.079,0.0,-0.196,-1.318,-3.756,66.41,79.58,-10.043,-0.095,2.31,0.037,0.03,0.042,-0.007,-0.034,0.36,
2025-08-06 06:24:00.083,vision_approach_to_detect_and_pose_estimate,427.643,484.036,713.396,142.452,-179.946,-128.162,-130.839,-6.67,-108.904,-0.117,-64.427,-41.057,-1.325,-0.967,1.151,-0.001,-0.103,-1.25,-3.799,66.158,79.607,-10.036,-0.091,2.307,0.389,0.51,0.305,0.0,0.279,1.242,
2025-08-06 06:24:00.183,vision_approach_to_detect_and_pose_estimate,429.642,484.038,713.422,142.439,-179.946,-128.174,-130.972,-6.762,-108.792,-0.117,-64.445,-41.188,-1.33,-0.902,1.14,0.0,-0.14,-1.07,-3.849,66.487,79.82,-10.046,-0.097,2.308,-0.077,0.288,-0.541,0.006,-0.186,-0.059,
2025-08-06 06:24:00.285,vision_approach_to_detect_and_pose_estimate,431.642,484.039,713.449,142.427,-179.946,-128.187,-131.105,-6.855,-108.681,-0.118,-64.463,-41.322,-1.34,-0.909,1.042,0.0,-0.141,-1.262,-3.935,66.13,79.643,-10.025,-0.107,2.312,0.065,-0.08,0.206,0.0,0.087,-0.124,
2025-08-06 06:24:00.389,vision_approach_to_detect_and_pose_estimate,433.641,484.04,713.475,142.415,-179.946,-128.199,-131.238,-6.948,-108.567,-0.118,-64.48,-41.454,-1.316,-0.918,1.182,0.0,-0.123,-1.096,-3.806,66.078,79.768,-10.041,-0.1,2.314,0.237,-0.391,0.447,0.0,0.064,0.084,
2025-08-06 06:24:00.483,vision_approach_to_detect_and_pose_estimate,435.641,484.041,713.502,142.403,-179.946,-128.211,-131.371,-7.043,-108.454,-0.118,-64.498,-41.584,-1.293,-0.987,1.13,0.0,-0.128,-1.245,-3.911,66.054,79.661,-10.041,-0.101,2.31,-0.284,-0.588,-0.487,0.0,-0.098,-0.753,
2025-08-06 06:24:00.584,vision_approach_to_detect_and_pose_estimate,437.64,484.042,713.528,142.391,-179.946,-128.223,-131.503,-7.143,-108.342,-0.119,-64.517,-41.717,-1.372,-1.033,1.087,0.0,-0.142,-1.242,-3.776,65.643,79.512,-10.035,-0.112,2.314,0.035,0.04,0.194,0.0,0.033,-0.758,
2025-08-06 06:24:00.683,vision_approach_to_detect_and_pose_estimate,439.64,484.044,713.555,142.379,-179.946,-128.235,-131.634,-7.239,-108.225,-0.119,-64.537,-41.847,-1.286,-0.979,1.169,0.0,-0.121,-1.397,-3.879,66.292,79.622,-10.059,-0.115,2.32,0.325,0.496,0.2,0.0,-0.136,-0.327,
2025-08-06 06:24:00.783,vision_approach_to_detect_and_pose_estimate,441.64,484.045,713.581,142.366,-179.946,-128.247,-131.766,-7.333,-108.113,-0.12,-64.556,-41.974,-1.307,-0.934,1.127,0.0,-0.169,-1.307,-3.919,65.868,79.572,-10.056,-0.107,2.323,0.118,0.165,0.027,0.0,-0.323,-0.186,
2025-08-06 06:24:00.887,vision_approach_to_detect_and_pose_estimate,443.639,484.046,713.607,142.354,-179.946,-128.259,-131.895,-7.427,-107.998,-0.12,-64.574,-42.109,-1.262,-0.945,1.175,0.0,-0.187,-1.435,-3.714,65.837,79.559,-10.036,-0.123,2.322,-0.063,-0.008,0.172,-0.005,0.204,-0.689,
2025-08-06 06:24:00.984,vision_approach_to_detect_and_pose_estimate,445.639,484.047,713.634,142.342,-179.946,-128.271,-132.025,-7.522,-107.882,-0.121,-64.593,-42.238,-1.32,-0.936,1.162,-0.001,-0.128,-1.446,-3.951,65.818,79.693,-10.058,-0.122,2.324,-0.341,-0.118,-0.053,0.0,0.196,-0.112,
2025-08-06 06:24:01.084,vision_approach_to_detect_and_pose_estimate,447.638,484.048,713.66,142.33,-179.946,-128.283,-132.154,-7.62,-107.766,-0.121,-64.613,-42.368,-1.329,-0.968,1.164,0.0,-0.149,-1.457,-3.77,65.617,79.732,-10.053,-0.118,2.319,-0.027,-0.187,0.022,0.005,-0.502,0.019,
2025-08-06 06:24:01.184,vision_approach_to_detect_and_pose_estimate,449.638,484.049,713.687,142.318,-179.946,-128.295,-132.283,-7.716,-107.652,-0.122,-64.634,-42.497,-1.325,-0.973,1.166,0.0,-0.228,-1.442,-4.053,65.983,79.702,-10.058,-0.123,2.319,-0.009,0.082,-0.277,0.0,-0.251,0.152,
2025-08-06 06:24:01.286,vision_approach_to_detect_and_pose_estimate,451.637,484.051,713.713,142.306,-179.946,-128.308,-132.412,-7.81,-107.533,-0.122,-64.654,-42.627,-1.331,-0.952,1.108,0.0,-0.199,-1.426,-3.87,65.699,79.84,-10.057,-0.107,2.322,0.21,0.133,-0.05,0.0,0.231,-0.026,
2025-08-06 06:24:01.383,vision_approach_to_detect_and_pose_estimate,453.637,484.052,713.74,142.294,-179.946,-128.32,-132.54,-7.903,-107.417,-0.123,-64.674,-42.751,-1.283,-0.946,1.156,0.0,-0.182,-1.447,-3.885,65.695,79.848,-10.04,-0.112,2.317,0.233,-0.107,0.691,0.0,0.25,-0.461,
2025-08-06 06:24:01.484,vision_approach_to_detect_and_pose_estimate,455.636,484.053,713.766,142.281,-179.946,-128.332,-132.665,-7.997,-107.298,-0.123,-64.694,-42.882,-1.285,-0.973,1.245,0.0,-0.15,-1.518,-3.885,65.647,79.925,-10.06,-0.106,2.32,0.002,-0.25,-0.275,0.0,-0.211,0.226,
2025-08-06 06:24:01.585,vision_approach_to_detect_and_pose_estimate,457.636,484.054,713.793,142.269,-179.946,-128.344,-132.794,-8.097,-107.182,-0.124,-64.714,-43.009,-1.283,-0.997,1.101,0.0,-0.225,-1.402,-3.765,65.142,79.815,-10.042,-0.111,2.32,0.201,0.077,-0.011,0.0,-0.358,0.214,
2025-08-06 06:24:01.685,vision_approach_to_detect_and_pose_estimate,459.636,484.055,713.819,142.257,-179.946,-128.356,-132.918,-8.197,-107.062,-0.124,-64.737,-43.133,-1.245,-0.957,1.243,0.0,-0.222,-1.475,-3.8,65.454,79.938,-10.059,-0.114,2.309,0.13,0.149,0.315,0.0,0.025,0.056,
2025-08-06 06:24:01.784,vision_approach_to_detect_and_pose_estimate,461.635,484.057,713.846,142.245,-179.946,-128.368,-133.045,-8.293,-106.943,-0.125,-64.759,-43.26,-1.257,-0.967,1.163,0.0,-0.22,-1.391,-3.86,65.285,79.813,-10.067,-0.124,2.309,-0.107,-0.145,-0.111,0.0,0.291,0.475,
2025-08-06 06:24:01.888,vision_approach_to_detect_and_pose_estimate,463.635,484.058,713.872,142.233,-179.946,-128.38,-133.168,-8.39,-106.825,-0.125,-64.78,-43.385,-1.267,-0.987,1.22,0.0,-0.163,-1.378,-3.784,65.114,79.656,-10.059,-0.13,2.302,0.009,-0.163,-0.276,0.0,-0.059,0.04,
2025-08-06 06:24:01.983,vision_approach_to_detect_and_pose_estimate,465.634,484.059,713.898,142.221,-179.946,-128.392,-133.293,-8.487,-106.704,-0.126,-64.801,-43.503,-1.255,-1.0,1.108,0.0,-0.232,-1.383,-3.943,65.285,79.643,-10.087,-0.122,2.3,-0.038,-0.07,-0.011,0.0,-0.349,-0.097,
2025-08-06 06:24:02.084,vision_approach_to_detect_and_pose_estimate,467.634,484.06,713.925,142.209,-179.946,-128.404,-133.417,-8.587,-106.585,-0.126,-64.825,-43.634,-1.274,-1.0,1.218,0.0,-0.231,-1.397,-3.747,65.168,79.66,-10.089,-0.117,2.295,0.211,0.135,0.643,0.0,-0.153,0.302,
2025-08-06 06:24:02.184,vision_approach_to_detect_and_pose_estimate,469.633,484.061,713.951,142.197,-179.946,-128.416,-133.541,-8.689,-106.465,-0.126,-64.848,-43.753,-1.213,-0.973,1.238,0.0,-0.262,-1.322,-3.814,65.106,79.649,-10.07,-0.119,2.294,0.054,0.286,-0.24,-0.002,0.194,-0.082,
2025-08-06 06:24:02.283,vision_approach_to_detect_and_pose_estimate,471.633,484.063,713.978,142.185,-179.946,-128.428,-133.663,-8.786,-106.344,-0.127,-64.87,-43.876,-1.263,-0.944,1.171,-0.0,-0.192,-1.414,-3.86,65.328,79.626,-10.072,-0.125,2.294,-0.018,-0.127,-0.181,0.0,0.456,-0.423,
2025-08-06 06:24:02.383,vision_approach_to_detect_and_pose_estimate,473.632,484.064,714.004,142.172,-179.945,-128.44,-133.787,-8.882,-106.221,-0.127,-64.892,-44.0,-1.217,-0.998,1.202,0.0,-0.171,-1.406,-3.867,64.964,79.699,-10.079,-0.115,2.294,0.406,-0.419,0.182,0.002,-0.332,-0.057,
2025-08-06 06:24:02.485,vision_approach_to_detect_and_pose_estimate,475.632,484.065,714.031,142.16,-179.945,-128.452,-133.908,-8.98,-106.101,-0.128,-64.915,-44.121,-1.181,-1.028,1.207,0.0,-0.259,-1.425,-3.793,64.977,79.776,-10.095,-0.119,2.287,-0.166,-0.071,0.404,0.0,-0.366,0.284,
2025-08-06 06:24:02.586,vision_approach_to_detect_and_pose_estimate,477.632,484.066,714.057,142.148,-179.945,-128.464,-134.031,-9.079,-105.978,-0.128,-64.94,-44.237,-1.25,-1.012,1.284,0.0,-0.246,-1.349,-3.921,64.905,79.826,-10.092,-0.128,2.3,-0.114,0.27,-0.328,0.0,0.383,0.129,
2025-08-06 06:24:02.684,vision_approach_to_detect_and_pose_estimate,479.631,484.067,714.083,142.136,-179.945,-128.477,-134.15,-9.18,-105.855,-0.129,-64.964,-44.362,-1.204,-0.975,1.142,0.0,-0.183,-1.4,-3.739,64.806,80.0,-10.1,-0.119,2.295,0.269,0.357,-0.054,0.0,0.433,0.243,
2025-08-06 06:24:02.785,vision_approach_to_detect_and_pose_estimate,481.631,484.068,714.11,142.124,-179.945,-128.489,-134.271,-9.276,-105.731,-0.13,-64.987,-44.481,-1.197,-0.941,1.273,0.0,-0.16,-1.3,-3.953,64.94,79.99,-10.086,-0.123,2.308,0.195,0.051,0.319,0.0,-0.307,0.803,
2025-08-06 06:24:02.885,vision_approach_to_detect_and_pose_estimate,483.63,484.07,714.136,142.112,-179.945,-128.501,-134.391,-9.372,-105.609,-0.13,-65.01,-44.602,-1.165,-0.964,1.206,0.0,-0.245,-1.238,-3.858,64.829,80.02,-10.1,-0.119,2.294,-0.086,-0.229,0.139,0.0,-0.528,0.645,
2025-08-06 06:24:02.983,vision_approach_to_detect_and_pose_estimate,485.63,484.071,714.163,142.1,-179.945,-128.513,-134.511,-9.468,-105.484,-0.13,-65.036,-44.719,-1.214,-0.987,1.3,0.0,-0.264,-1.172,-3.851,64.488,79.806,-10.071,-0.131,2.29,-0.098,-0.549,-0.098,-0.005,0.041,0.535,
2025-08-06 06:24:03.083,vision_approach_to_detect_and_pose_estimate,487.629,484.072,714.189,142.088,-179.945,-128.525,-134.629,-9.568,-105.36,-0.131,-65.062,-44.84,-1.184,-1.073,1.187,-0.001,-0.237,-1.132,-3.801,64.528,79.776,-10.082,-0.113,2.299,0.168,-0.121,-0.068,0.0,-0.027,0.389,
2025-08-06 06:24:03.186,vision_approach_to_detect_and_pose_estimate,489.629,484.073,714.216,142.076,-179.945,-128.537,-134.748,-9.672,-105.234,-0.131,-65.085,-44.956,-1.179,-1.011,1.287,0.0,-0.27,-1.093,-3.884,64.413,79.754,-10.102,-0.107,2.308,-0.176,0.474,0.293,0.005,-0.094,0.376,
2025-08-06 06:24:03.283,vision_approach_to_detect_and_pose_estimate,491.628,484.074,714.242,142.064,-179.945,-128.549,-134.866,-9.773,-105.111,-0.132,-65.11,-45.077,-1.219,-0.978,1.245,0.0,-0.256,-1.057,-3.918,64.705,79.829,-10.114,-0.111,2.308,0.04,0.199,0.02,0.0,-0.018,0.743,
2025-08-06 06:24:03.385,vision_approach_to_detect_and_pose_estimate,493.628,484.076,714.269,142.052,-179.945,-128.561,-134.984,-9.872,-104.985,-0.132,-65.138,-45.196,-1.171,-0.972,1.291,0.0,-0.273,-0.945,-3.936,64.418,79.856,-10.103,-0.113,2.308,0.455,-0.112,-0.274,0.0,0.055,0.312,
2025-08-06 06:24:03.484,vision_approach_to_detect_and_pose_estimate,495.628,484.077,714.295,142.039,-179.945,-128.573,-135.1,-9.97,-104.859,-0.133,-65.164,-45.313,-1.128,-1.001,1.19,0.0,-0.245,-0.994,-3.884,64.374,79.958,-10.108,-0.109,2.312,0.234,-0.222,0.006,0.0,0.113,-0.294,
2025-08-06 06:24:03.584,vision_approach_to_detect_and_pose_estimate,497.605,484.078,714.321,142.028,-179.945,-128.585,-135.217,-10.07,-104.732,-0.133,-65.189,-45.431,-1.125,-1.016,1.292,0.0,-0.251,-1.004,-4.025,64.368,80.002,-10.116,-0.117,2.307,0.881,0.574,-0.605,-0.001,0.096,0.285,
2025-08-06 06:24:03.685,vision_approach_to_detect_and_pose_estimate,499.401,484.079,714.345,142.017,-179.945,-128.596,-135.323,-10.168,-104.618,-0.134,-65.213,-45.537,-0.951,-0.885,1.069,-0.0,-0.225,-0.937,-3.819,64.304,79.985,-10.101,-0.104,2.301,2.058,1.97,-2.796,0.0,0.388,0.884,
2025-08-06 06:24:03.783,vision_approach_to_detect_and_pose_estimate,500.844,484.08,714.364,142.008,-179.945,-128.604,-135.408,-10.242,-104.525,-0.134,-65.234,-45.621,-0.715,-0.624,0.736,0.0,-0.174,-0.828,-3.705,64.999,79.978,-10.08,-0.124,2.315,2.492,2.477,-3.036,0.001,0.845,2.934,
2025-08-06 06:24:03.883,vision_approach_to_detect_and_pose_estimate,501.837,484.08,714.377,142.002,-179.945,-128.61,-135.469,-10.293,-104.459,-0.134,-65.249,-45.675,-0.458,-0.395,0.467,0.0,-0.058,-0.356,-3.669,64.93,79.958,-10.089,-0.109,2.331,2.43,2.121,-2.211,0.0,0.831,2.745,waypoint
2025-08-06 06:24:03.986,vision_approach_to_detect_and_pose_estimate,502.381,484.081,714.384,141.999,-179.945,-128.613,-135.503,-10.323,-104.423,-0.134,-65.256,-45.705,-0.222,-0.193,0.287,0.0,-0.005,-0.271,-3.366,64.616,79.965,-10.075,-0.08,2.343,2.024,1.954,-2.18,-0.001,0.275,1.666,
2025-08-06 06:24:04.085,vision_approach_to_detect_and_pose_estimate,502.576,484.081,714.387,141.997,-179.945,-128.615,-135.518,-10.334,-104.408,-0.134,-65.258,-45.723,-0.049,-0.0,0.027,-0.0,-0.002,-0.02,-3.575,65.095,79.925,-10.088,-0.061,2.352,1.128,0.98,-1.456,0.0,0.025,1.374,
2025-08-06 06:24:04.183,vision_approach_to_detect_and_pose_estimate,502.596,484.081,714.387,141.997,-179.945,-128.615,-135.52,-10.335,-104.406,-0.134,-65.258,-45.727,0.0,0.0,0.0,0.0,0.0,0.0,-3.136,65.053,79.744,-10.092,-0.021,2.367,0.244,0.001,-0.136,0.001,0.012,0.098,
2025-08-06 06:24:04.683,vision_approach_to_detect_and_pose_estimate,502.596,484.081,714.387,141.997,-179.945,-128.615,-135.519,-10.335,-104.409,-0.134,-65.257,-45.727,0.0,0.0,0.0,0.0,0.0,0.0,-2.175,65.792,79.282,-10.075,0.148,2.46,0.0,0.0,0.0,0.0,0.0,0.0,
2025-08-06 06:24:05.085,vision_approach_to_detect_and_pose_estimate,502.596,484.081,714.387,141.997,-179.945,-128.615,-135.517,-10.335,-104.41,-0.134,-65.257,-45.727,0.0,0.0,0.0,0.0,0.0,0.0,-1.434,65.982,79.237,-10.07,0.27,2.527,-0.012,0.0,0.0,0.0,0.0,0.0,
2025-08-06 06:24:05.483,vision_approach_to_detect_and_pose_estimate,502.596,484.081,714.387,141.997,-179.945,-128.615,-135.513,-10.334,-104.41,-0.134,-65.257,-45.726,0.001,0.0,0.0,0.0,0.0,0.0,-0.841,66.398,79.219,-10.056,0.292,2.54,0.0,0.0,-0.005,0.0,0.0,0.0,
2025-08-06 06:24:05.884,vision_approach_to_detect_and_pose_estimate,502.596,484.081,714.387,141.997,-179.945,-128.615,-135.511,-10.333,-104.41,-0.134,-65.257,-45.725,0.0,0.0,0.0,0.0,0.0,0.001,-0.594,67.207,79.232,-10.05,0.297,2.555,0.0,0.0,0.002,0.0,0.0,0.0,
2025-08-06 06:24:06.283,vision_approach_to_detect_and_pose_estimate,502.596,484.081,714.387,141.997,-179.945,-128.615,-135.51,-10.332,-104.41,-0.134,-65.256,-45.723,0.0,0.0,0.0,0.0,0.0,0.0,-0.577,68.018,79.232,-10.056,0.306,2.567,0.0,0.0,-0.034,0.0,0.0,0.0,
2025-08-06 06:24:06.685,vision_approach_to_detect_and_pose_estimate,502.596,484.081,714.387,141.997,-179.945,-128.615,-135.51,-10.331,-104.41,-0.134,-65.256,-45.722,0.0,0.0,0.0,0.0,0.0,0.0,-0.578,68.535,79.253,-10.065,0.294,2.574,0.0,-0.001,0.0,0.0,0.0,0.0,
2025-08-06 06:24:07.085,vision_approach_to_detect_and_pose_estimate,502.596,484.081,714.387,141.997,-179.945,-128.615,-135.51,-10.329,-104.41,-0.134,-65.257,-45.721,0.0,0.0,0.0,0.0,0.0,0.0,-0.598,68.834,79.256,-10.044,0.282,2.584,0.0,-0.0,0.0,0.0,0.0,0.0,
2025-08-06 06:24:07.484,vision_approach_to_detect_and_pose_estimate,502.596,484.081,714.387,141.997,-179.945,-128.615,-135.51,-10.329,-104.41,-0.134,-65.257,-45.721,0.0,0.0,0.0,0.0,0.0,0.0,-0.637,69.046,79.257,-10.048,0.281,2.583,0.0,0.0,0.0,0.0,0.0,0.0,
2025-08-06 06:24:07.884,vision_approach_to_detect_and_pose_estimate,502.596,484.081,714.387,141.997,-179.945,-128.615,-135.51,-10.328,-104.41,-0.134,-65.257,-45.721,0.0,0.0,0.0,0.0,0.0,0.0,-0.644,69.119,79.258,-10.056,0.284,2.58,0.0,0.0,0.0,0.0,0.0,0.0,
2025-08-06 06:24:08.384,vision_approach_to_detect_and_pose_estimate,502.61,484.08,714.369,140.414,-179.946,-129.853,-135.51,-10.327,-104.41,-0.134,-65.257,-45.507,0.0,0.0,0.0,0.0,0.0,12.714,-0.684,69.112,79.235,-10.042,0.267,2.694,0.0,0.0,0.014,0.0,0.0,8.977,
2025-08-06 06:24:08.485,vision_approach_to_detect_and_pose_estimate,502.663,484.074,714.299,134.239,-179.946,-134.688,-135.51,-10.327,-104.41,-0.134,-65.257,-44.024,0.0,0.0,0.003,0.0,0.0,1.804,-0.765,69.037,79.232,-10.052,0.252,3.072,0.0,0.0,0.004,0.0,0.0,-63.254,
2025-08-06 06:24:08.585,vision_approach_to_detect_and_pose_estimate,502.663,484.074,714.299,134.225,-179.946,-134.7,-135.51,-10.327,-104.41,-0.134,-65.257,-44.019,0.0,0.0,0.001,0.0,0.0,0.0,-0.643,68.983,79.247,-10.069,0.254,3.023,0.0,0.0,-0.014,0.0,0.0,-9.113,waypoint
2025-08-06 06:24:08.784,vision_approach_to_detect_and_pose_estimate,502.663,484.074,714.299,134.225,-179.946,-134.7,-135.51,-10.328,-104.41,-0.134,-65.257,-44.022,0.0,0.0,-0.001,0.0,0.0,-0.0,-0.845,68.892,79.219,-10.086,0.241,2.952,0.0,0.0,0.0,0.0,0.0,-0.011,
2025-08-06 06:24:08.883,vision_approach_to_detect_and_pose_estimate,502.663,484.074,714.299,134.225,-179.946,-134.7,-135.51,-10.328,-104.41,-0.134,-65.257,-44.025,0.0,0.0,0.0,0.0,0.0,-0.002,-0.964,68.848,79.219,-10.083,0.24,2.913,0.0,0.0,0.005,0.0,0.0,-0.039,
2025-08-06 06:24:08.986,vision_approach_to_detect_and_pose_estimate,502.663,484.074,714.299,134.225,-179.946,-134.7,-135.511,-10.328,-104.41,-0.134,-65.257,-44.028,0.0,0.0,0.0,0.0,0.0,-0.008,-1.018,68.794,79.221,-10.079,0.24,2.869,0.0,0.0,0.0,0.0,0.0,0.01,
2025-08-06 06:24:09.084,vision_approach_to_detect_and_pose_estimate,502.663,484.074,714.299,134.225,-179.946,-134.7,-135.511,-10.328,-104.41,-0.134,-65.257,-44.033,0.0,0.0,0.0,0.0,0.0,-0.0,-1.116,68.737,79.217,-10.086,0.24,2.826,0.0,0.0,0.0,0.0,0.0,0.033,
2025-08-06 06:24:09.185,vision_approach_to_detect_and_pose_estimate,502.663,484.074,714.299,134.225,-179.946,-134.7,-135.511,-10.328,-104.41,-0.134,-65.257,-44.036,0.0,0.0,0.0,0.0,0.0,-0.001,-1.209,68.67,79.2,-10.083,0.241,2.79,0.0,0.0,0.0,0.0,0.0,-0.009,
2025-08-06 06:24:09.284,vision_approach_to_detect_and_pose_estimate,502.663,484.074,714.299,134.225,-179.946,-134.7,-135.511,-10.328,-104.41,-0.134,-65.257,-44.038,0.0,0.0,0.0,0.0,0.0,-0.002,-1.252,68.594,79.215,-10.081,0.238,2.765,0.0,0.0,0.0,0.0,0.0,0.007,
2025-08-06 06:24:09.385,vision_approach_to_detect_and_pose_estimate,502.663,484.074,714.299,134.225,-179.946,-134.7,-135.512,-10.328,-104.41,-0.134,-65.257,-44.038,0.0,0.0,0.0,0.0,0.0,0.0,-1.346,68.512,79.199,-10.086,0.235,2.766,0.0,0.0,0.0,0.0,0.0,0.01,
2025-08-06 06:24:09.484,vision_approach_to_detect_and_pose_estimate,502.663,484.074,714.299,134.225,-179.946,-134.7,-135.512,-10.328,-104.41,-0.134,-65.257,-44.039,0.0,0.0,0.0,0.0,0.0,0.0,-1.412,68.415,79.203,-10.074,0.235,2.75,-0.01,0.0,0.0,0.0,0.0,0.0,
2025-08-06 06:24:09.583,vision_approach_to_detect_and_pose_estimate,502.663,484.074,714.299,134.225,-179.946,-134.7,-135.512,-10.328,-104.41,-0.134,-65.257,-44.039,-0.002,0.0,0.0,0.0,0.0,0.0,-1.493,68.307,79.213,-10.076,0.232,2.74,-0.023,0.0,0.0,0.0,0.0,0.0,
2025-08-06 06:24:09.783,vision_approach_to_detect_and_pose_estimate,503.019,484.103,714.299,134.225,-179.946,-134.7,-135.526,-10.333,-104.392,-0.134,-65.258,-44.049,-0.199,-0.06,0.37,0.0,-0.027,-0.296,-2.643,67.352,79.762,-10.098,0.152,2.729,-2.245,-2.366,3.403,0.0,-0.358,-2.706,
2025-08-06 06:24:09.884,vision_approach_to_detect_and_pose_estimate,503.78,484.163,714.299,134.225,-179.946,-134.7,-135.56,-10.361,-104.342,-0.134,-65.271,-44.088,-0.456,-0.476,0.684,0.0,-0.072,-0.544,-3.743,64.169,80.084,-10.101,-0.033,2.605,-2.061,-3.049,1.884,0.0,-0.296,-1.225,
2025-08-06 06:24:09.984,vision_approach_to_detect_and_pose_estimate,504.839,484.248,714.299,134.225,-179.946,-134.7,-135.616,-10.425,-104.267,-0.134,-65.285,-44.151,-0.613,-0.673,0.748,0.0,-0.086,-0.542,-3.866,62.968,80.025,-10.081,-0.087,2.495,-0.29,-0.538,-0.637,0.0,0.041,0.568,
2025-08-06 06:24:10.084,vision_approach_to_detect_and_pose_estimate,505.849,484.328,714.299,134.225,-179.946,-134.7,-135.673,-10.49,-104.196,-0.134,-65.3,-44.197,-0.514,-0.583,0.557,0.0,-0.064,-0.43,-3.934,64.241,79.999,-10.078,-0.133,2.457,1.696,1.835,-2.097,0.0,0.324,1.105,
2025-08-06 06:24:10.184,vision_approach_to_detect_and_pose_estimate,506.498,484.38,714.299,134.225,-179.946,-134.7,-135.714,-10.534,-104.15,-0.134,-65.31,-44.238,-0.274,-0.306,0.329,0.0,-0.021,-0.321,-3.645,64.63,80.078,-10.073,-0.12,2.45,2.41,2.437,-2.619,0.0,0.317,1.998,waypoint
2025-08-06 06:24:10.285,vision_approach_to_detect_and_pose_estimate,506.717,484.397,714.299,134.225,-179.946,-134.7,-135.73,-10.555,-104.132,-0.135,-65.312,-44.255,-0.029,-0.094,0.03,0.0,0.0,-0.029,-3.363,64.53,79.934,-10.078,-0.097,2.455,1.37,1.522,-1.646,0.0,0.107,1.605,
2025-08-06 06:24:10.384,vision_approach_to_detect_and_pose_estimate,506.729,484.398,714.299,134.225,-179.946,-134.7,-135.732,-10.563,-104.13,-0.135,-65.312,-44.258,0.0,-0.001,0.0,0.0,0.0,0.0,-3.273,64.666,79.74,-10.108,-0.046,2.487,0.148,0.47,-0.151,0.0,0.0,0.144,
2025-08-06 06:24:10.884,vision_approach_to_detect_and_pose_estimate,506.729,484.398,714.299,134.225,-179.946,-134.7,-135.732,-10.564,-104.132,-0.135,-65.312,-44.258,0.0,0.0,0.0,0.0,0.0,0.0,-2.626,65.403,79.286,-10.128,0.159,2.569,0.0,0.0,0.0,0.0,0.0,0.0,
2025-08-06 06:24:11.283,vision_approach_to_detect_and_pose_estimate,506.729,484.398,714.299,134.225,-179.946,-134.7,-135.732,-10.564,-104.133,-0.136,-65.311,-44.257,0.0,0.0,0.0,0.0,0.0,0.0,-2.377,65.719,79.233,-10.123,0.267,2.596,0.0,0.0,0.0,0.0,0.0,0.0,
2025-08-06 06:24:11.684,vision_approach_to_detect_and_pose_estimate,506.729,484.398,714.299,134.225,-179.946,-134.7,-135.732,-10.564,-104.133,-0.136,-65.311,-44.256,0.0,0.0,0.0,0.0,0.0,0.0,-2.194,66.082,79.195,-10.118,0.275,2.596,0.0,0.0,0.0,0.0,0.0,0.0,
2025-08-06 06:24:12.083,vision_approach_to_detect_and_pose_estimate,506.729,484.398,714.299,134.225,-179.946,-134.7,-135.731,-10.563,-104.133,-0.136,-65.311,-44.255,0.0,0.0,0.0,0.0,0.0,0.0,-2.007,66.743,79.196,-10.104,0.273,2.618,0.0,0.0,0.0,0.0,0.0,0.0,
2025-08-06 06:24:12.485,vision_approach_to_detect_and_pose_estimate,506.729,484.398,714.299,134.225,-179.946,-134.7,-135.731,-10.562,-104.133,-0.135,-65.311,-44.254,0.0,0.0,0.0,0.0,0.0,0.0,-1.857,67.603,79.209,-10.101,0.269,2.648,0.0,0.0,0.0,0.0,0.0,0.0,
2025-08-06 06:24:12.884,vision_approach_to_detect_and_pose_estimate,506.729,484.398,714.299,134.225,-179.946,-134.7,-135.73,-10.56,-104.133,-0.135,-65.311,-44.252,0.0,0.0,0.0,0.0,0.0,0.0,-1.738,68.357,79.213,-10.11,0.268,2.66,0.0,0.0,0.0,0.0,0.0,0.0,
2025-08-06 06:24:13.284,vision_approach_to_detect_and_pose_estimate,506.729,484.398,714.299,134.225,-179.946,-134.7,-135.73,-10.559,-104.133,-0.135,-65.311,-44.252,0.0,0.0,0.0,0.0,0.0,0.0,-1.565,68.803,79.211,-10.098,0.26,2.66,0.001,-0.005,0.0,0.0,0.0,0.0,
2025-08-06 06:24:13.684,vision_approach_to_detect_and_pose_estimate,506.729,484.398,714.299,134.225,-179.946,-134.7,-135.729,-10.558,-104.133,-0.135,-65.311,-44.252,0.0,0.0,0.0,0.0,0.0,0.0,-1.516,68.936,79.226,-10.108,0.268,2.655,0.0,0.0,-0.004,0.0,0.0,0.0,
2025-08-06 06:24:14.083,vision_approach_to_detect_and_pose_estimate,506.729,484.398,714.299,134.225,-179.946,-134.7,-135.729,-10.557,-104.133,-0.135,-65.311,-44.252,0.0,0.0,-0.008,0.0,0.0,0.0,-1.417,69.044,79.195,-10.097,0.272,2.664,0.0,0.0,0.035,0.0,0.0,0.0,
2025-08-06 06:24:14.585,vision_approach_to_detect_and_pose_estimate,506.777,484.403,714.227,127.939,-179.945,-140.915,-135.729,-10.557,-104.133,-0.135,-65.311,-44.206,0.0,0.0,0.0,0.0,0.0,1.41,-1.41,69.098,79.196,-10.095,0.272,2.703,0.0,0.0,0.0,0.0,0.0,0.076,
2025-08-06 06:24:14.684,vision_approach_to_detect_and_pose_estimate,506.788,484.404,714.211,126.55,-179.945,-142.289,-135.729,-10.557,-104.133,-0.135,-65.311,-44.178,0.0,0.0,0.0,0.0,0.0,0.015,-1.464,68.972,79.208,-10.095,0.259,2.935,0.0,0.0,0.0,0.0,0.0,-7.048,waypoint
2025-08-06 06:24:14.785,vision_approach_to_detect_and_pose_estimate,506.788,484.404,714.211,126.55,-179.945,-142.289,-135.729,-10.557,-104.133,-0.135,-65.311,-44.174,0.0,0.0,0.0,0.0,0.0,0.0,-1.5,68.933,79.206,-10.1,0.237,2.958,0.0,0.0,0.0,0.0,0.0,-0.049,
2025-08-06 06:24:14.984,vision_approach_to_detect_and_pose_estimate,506.788,484.404,714.211,126.55,-179.945,-142.289,-135.729,-10.557,-104.133,-0.135,-65.311,-44.17,0.0,0.0,0.0,0.0,0.0,0.0,-1.547,68.865,79.224,-10.102,0.244,2.943,0.0,0.0,0.0,0.0,0.0,-0.027,
2025-08-06 06:24:15.084,vision_approach_to_detect_and_pose_estimate,506.788,484.404,714.211,126.55,-179.945,-142.289,-135.729,-10.557,-104.133,-0.135,-65.311,-44.169,0.0,0.0,0.0,0.0,0.0,0.0,-1.565,68.795,79.227,-10.095,0.232,2.932,0.0,0.0,0.0,0.0,0.0,0.0,
2025-08-06 06:24:15.186,vision_approach_to_detect_and_pose_estimate,506.788,484.404,714.211,126.55,-179.945,-142.289,-135.729,-10.557,-104.133,-0.135,-65.311,-44.169,0.0,0.0,0.0,0.0,0.0,0.0,-1.597,68.743,79.185,-10.089,0.236,2.926,0.0,0.0,0.0,0.0,0.0,0.0,
2025-08-06 06:24:15.283,vision_approach_to_detect_and_pose_estimate,506.788,484.404,714.211,126.55,-179.945,-142.289,-135.729,-10.557,-104.133,-0.135,-65.311,-44.168,0.0,0.0,0.0,0.0,0.0,0.0,-1.649,68.669,79.213,-10.097,0.232,2.911,0.0,0.0,0.0,0.0,0.0,0.0,
2025-08-06 06:24:15.384,vision_approach_to_detect_and_pose_estimate,506.788,484.404,714.211,126.55,-179.945,-142.289,-135.729,-10.557,-104.133,-0.135,-65.311,-44.168,0.0,0.0,0.0,0.0,0.0,0.0,-1.668,68.575,79.199,-10.106,0.227,2.924,0.0,0.0,0.0,0.0,0.0,0.0,
2025-08-06 06:24:15.483,vision_approach_to_detect_and_pose_estimate,506.788,484.404,714.211,126.55,-179.945,-142.289,-135.729,-10.557,-104.133,-0.135,-65.311,-44.168,0.0,0.0,0.0,0.0,0.0,0.0,-1.736,68.483,79.207,-10.103,0.231,2.931,0.0,0.0,0.0,0.0,0.0,0.0,
2025-08-06 06:24:15.584,vision_approach_to_detect_and_pose_estimate,506.788,484.404,714.211,126.55,-179.945,-142.289,-135.729,-10.557,-104.133,-0.135,-65.311,-44.168,0.0,0.0,0.0,0.0,0.0,0.0,-1.803,68.357,79.183,-10.099,0.227,2.927,0.0,0.0,0.0,0.0,0.0,0.0,
2025-08-06 06:24:15.683,vision_approach_to_detect_and_pose_estimate,506.788,484.404,714.211,126.55,-179.945,-142.289,-135.73,-10.558,-104.133,-0.135,-65.311,-44.168,0.0,0.0,0.0,0.0,0.0,0.0,-1.857,68.219,79.23,-10.104,0.22,2.922,0.0,-0.0,0.0,0.0,0.0,0.0,
2025-08-06 06:24:15.784,vision_approach_to_detect_and_pose_estimate,506.788,484.41,714.211,126.55,-179.945,-142.289,-135.73,-10.558,-104.133,-0.135,-65.311,-44.168,0.0,-0.0,0.0,0.0,0.0,0.0,-1.924,68.07,79.199,-10.102,0.227,2.913,0.012,-0.004,0.359,0.0,0.0,0.0,
2025-08-06 06:24:15.983,vision_approach_to_detect_and_pose_estimate,506.78,484.967,714.211,126.55,-179.945,-142.289,-135.717,-10.569,-104.105,-0.135,-65.316,-44.145,0.233,-0.18,0.376,0.0,-0.058,0.489,-0.68,65.788,79.992,-10.115,0.072,2.96,3.325,-2.568,2.785,0.0,-0.409,3.394,
2025-08-06 06:24:16.084,vision_approach_to_detect_and_pose_estimate,506.766,485.828,714.211,126.55,-179.945,-142.289,-135.673,-10.605,-104.051,-0.135,-65.33,-44.087,0.671,-0.517,0.632,0.0,-0.082,0.682,1.68,63.1,80.134,-10.098,-0.074,3.049,3.442,-3.035,2.821,0.0,-0.338,1.848,
2025-08-06 06:24:16.186,vision_approach_to_detect_and_pose_estimate,506.746,487.148,714.211,126.55,-179.945,-142.289,-135.593,-10.674,-103.973,-0.136,-65.346,-44.018,0.931,-0.797,0.949,0.0,-0.126,0.864,3.321,62.614,80.169,-10.097,-0.107,3.109,1.986,-1.973,2.15,0.0,-0.156,1.503,
2025-08-06 06:24:16.284,vision_approach_to_detect_and_pose_estimate,506.72,488.858,714.211,126.55,-179.945,-142.289,-135.492,-10.76,-103.87,-0.136,-65.366,-43.913,1.068,-0.912,1.062,0.0,-0.113,0.983,3.987,63.244,80.141,-10.121,-0.136,3.152,1.438,-0.79,1.322,-0.001,-0.556,0.504,
2025-08-06 06:24:16.385,vision_approach_to_detect_and_pose_estimate,506.69,490.802,714.211,126.55,-179.945,-142.289,-135.377,-10.858,-103.753,-0.136,-65.388,-43.797,1.217,-0.954,1.212,-0.0,-0.237,0.964,4.42,63.211,79.959,-10.11,-0.137,3.16,0.757,-0.09,0.701,0.0,-0.646,0.207,
2025-08-06 06:24:16.486,vision_approach_to_detect_and_pose_estimate,506.659,492.794,714.211,126.55,-179.945,-142.289,-135.253,-10.955,-103.634,-0.137,-65.412,-43.68,1.221,-0.93,1.203,0.0,-0.244,1.024,4.091,63.735,79.88,-10.146,-0.139,3.176,-0.735,0.191,-0.917,0.001,0.523,0.416,
2025-08-06 06:24:16.583,vision_approach_to_detect_and_pose_estimate,506.63,494.682,714.211,126.55,-179.945,-142.289,-135.137,-11.048,-103.518,-0.138,-65.437,-43.567,1.072,-0.916,1.03,0.0,-0.133,1.047,3.84,63.942,79.826,-10.171,-0.136,3.179,-1.937,0.724,-1.591,-0.09,0.547,-0.626,
2025-08-06 06:24:16.683,vision_approach_to_detect_and_pose_estimate,506.605,496.277,714.211,126.55,-179.945,-142.289,-135.038,-11.133,-103.419,-0.14,-65.459,-43.472,0.839,-0.787,0.89,-0.018,-0.136,0.901,3.678,63.965,79.741,-10.201,-0.138,3.18,-2.494,2.336,-2.182,0.0,0.345,-2.776,
2025-08-06 06:24:16.784,vision_approach_to_detect_and_pose_estimate,506.587,497.448,714.211,126.55,-179.945,-142.289,-134.967,-11.196,-103.347,-0.143,-65.474,-43.412,0.571,-0.447,0.592,0.0,-0.064,0.489,3.315,64.595,79.706,-10.243,-0.126,3.162,-2.574,2.657,-2.96,0.089,0.576,-2.609,
2025-08-06 06:24:16.883,vision_approach_to_detect_and_pose_estimate,506.576,498.16,714.211,126.55,-179.945,-142.289,-134.925,-11.232,-103.3,-0.142,-65.484,-43.367,0.325,-0.256,0.298,0.0,-0.021,0.379,3.322,64.505,79.735,-10.2,-0.108,3.169,-2.379,1.976,-2.548,0.0,0.321,-2.223,waypoint
2025-08-06 06:24:16.984,vision_approach_to_detect_and_pose_estimate,506.571,498.473,714.211,126.55,-179.945,-142.289,-134.903,-11.249,-103.28,-0.142,-65.487,-43.342,0.095,-0.051,0.082,0.0,0.0,0.044,3.41,64.335,79.779,-10.145,-0.082,3.148,-1.615,1.273,-1.481,0.011,0.104,-1.863,
2025-08-06 06:24:17.084,vision_approach_to_detect_and_pose_estimate,506.57,498.537,714.211,126.55,-179.945,-142.289,-134.897,-11.252,-103.274,-0.141,-65.487,-43.337,0.0,0.0,0.0,0.002,0.0,0.005,3.24,64.591,79.683,-10.109,-0.043,3.117,-0.469,0.255,-0.406,0.0,0.0,-0.218,
2025-08-06 06:24:17.584,vision_approach_to_detect_and_pose_estimate,506.57,498.537,714.211,126.55,-179.945,-142.289,-134.897,-11.252,-103.276,-0.138,-65.487,-43.336,0.0,0.0,0.0,0.0,0.0,0.0,2.664,65.099,79.239,-10.012,0.065,3.015,0.0,0.0,0.0,0.0,0.0,0.0,
2025-08-06 06:24:17.985,vision_approach_to_detect_and_pose_estimate,506.57,498.537,714.211,126.55,-179.945,-142.289,-134.899,-11.252,-103.277,-0.138,-65.487,-43.337,0.0,0.0,0.0,0.0,0.0,0.0,2.235,65.344,79.141,-10.019,0.177,2.962,0.0,0.0,0.001,0.0,0.0,0.0,
2025-08-06 06:24:18.387,vision_approach_to_detect_and_pose_estimate,506.57,498.537,714.211,126.55,-179.945,-142.289,-134.902,-11.252,-103.277,-0.138,-65.487,-43.338,0.0,0.0,0.0,0.0,0.0,0.0,1.615,65.61,79.118,-10.03,0.23,2.949,0.0,0.0,0.0,0.0,0.0,0.0,
2025-08-06 06:24:18.784,vision_approach_to_detect_and_pose_estimate,506.57,498.537,714.211,126.55,-179.945,-142.289,-134.904,-11.251,-103.277,-0.138,-65.486,-43.34,0.0,0.0,0.0,0.0,0.0,0.0,1.279,66.055,79.087,-10.033,0.236,2.927,0.0,0.0,0.0,0.0,0.0,0.0,
2025-08-06 06:24:19.283,vision_approach_to_detect_and_pose_estimate,506.57,498.537,714.211,126.55,-179.945,-142.289,-134.905,-11.25,-103.277,-0.139,-65.486,-43.342,0.0,0.0,0.0,0.0,0.0,0.0,1.187,66.887,79.098,-10.042,0.232,2.904,0.0,0.0,0.0,0.0,0.0,0.0,
2025-08-06 06:24:19.683,vision_approach_to_detect_and_pose_estimate,506.57,498.537,714.211,126.55,-179.945,-142.289,-134.905,-11.249,-103.277,-0.139,-65.486,-43.343,0.0,0.0,0.0,0.0,0.0,0.0,1.195,67.577,79.094,-10.032,0.232,2.892,0.0,0.0,0.0,0.0,0.0,0.001,
2025-08-06 06:24:20.083,vision_approach_to_detect_and_pose_estimate,506.57,498.537,714.211,126.55,-179.945,-142.289,-134.906,-11.248,-103.277,-0.139,-65.486,-43.343,0.0,0.0,0.0,0.0,0.0,0.0,1.18,67.967,79.103,-10.054,0.233,2.888,0.0,0.0,0.0,0.0,0.0,0.0,
2025-08-06 06:24:20.483,vision_approach_to_detect_and_pose_estimate,506.57,498.537,714.211,126.55,-179.945,-142.289,-134.905,-11.247,-103.277,-0.139,-65.486,-43.343,0.0,0.0,0.0,0.0,0.0,0.0,1.215,68.258,79.101,-10.043,0.226,2.892,0.0,0.0,0.0,0.0,0.0,0.0,
2025-08-06 06:24:20.885,vision_approach_to_detect_and_pose_estimate,506.57,498.537,714.211,126.55,-179.945,-142.289,-134.905,-11.246,-103.277,-0.139,-65.486,-43.343,0.0,0.0,0.0,0.0,0.0,0.0,1.221,68.171,79.115,-10.046,0.229,2.892,0.0,0.0,0.0,0.0,0.0,0.0,
2025-08-06 06:24:21.383,vision_approach_to_detect_and_pose_estimate,506.563,498.602,714.128,119.547,-179.944,-149.343,-134.905,-11.246,-103.277,-0.139,-65.486,-43.38,0.0,0.0,0.0,0.0,0.0,-0.198,1.31,68.326,79.118,-10.049,0.22,2.795,0.0,0.0,0.0,0.0,0.0,-0.077,
2025-08-06 06:24:21.485,vision_approach_to_detect_and_pose_estimate,506.563,498.602,714.128,119.546,-179.944,-149.344,-134.905,-11.246,-103.277,-0.139,-65.486,-43.388,0.0,0.0,0.0,0.0,0.0,-0.015,1.345,68.276,79.097,-10.039,0.211,2.641,0.0,0.0,0.005,0.0,0.0,0.987,
2025-08-06 06:24:21.683,vision_approach_to_detect_and_pose_estimate,506.563,498.602,714.128,119.546,-179.944,-149.344,-134.905,-11.246,-103.277,-0.139,-65.486,-43.391,0.0,0.0,0.0,0.0,0.0,0.0,1.484,68.17,79.084,-10.034,0.207,2.627,0.0,0.0,-0.005,0.0,0.0,0.0,
2025-08-06 06:24:21.784,vision_approach_to_detect_and_pose_estimate,506.563,498.602,714.128,119.546,-179.944,-149.344,-134.904,-11.246,-103.277,-0.139,-65.486,-43.391,0.0,0.0,0.0,0.0,0.0,0.0,1.572,68.111,79.091,-10.039,0.2,2.639,0.0,0.0,0.0,0.0,0.0,0.0,
2025-08-06 06:24:21.884,vision_approach_to_detect_and_pose_estimate,506.563,498.602,714.128,119.546,-179.944,-149.344,-134.904,-11.246,-103.277,-0.139,-65.486,-43.391,0.0,0.0,0.0,0.0,0.0,0.0,1.634,68.062,79.097,-10.031,0.193,2.648,0.0,0.0,0.0,0.0,0.0,0.0,
2025-08-06 06:24:21.984,vision_approach_to_detect_and_pose_estimate,506.563,498.602,714.128,119.546,-179.944,-149.344,-134.904,-11.246,-103.277,-0.139,-65.486,-43.391,0.0,0.0,0.0,0.0,0.0,0.0,1.706,68.032,79.107,-10.029,0.186,2.645,0.0,0.0,0.0,0.0,0.0,0.0,
2025-08-06 06:24:22.084,vision_approach_to_detect_and_pose_estimate,506.563,498.602,714.128,119.546,-179.944,-149.344,-134.904,-11.246,-103.277,-0.139,-65.486,-43.391,0.0,0.0,0.0,0.0,0.0,0.0,1.75,67.984,79.12,-10.031,0.182,2.66,0.0,0.0,0.0,0.0,0.0,0.0,
2025-08-06 06:24:22.184,vision_approach_to_detect_and_pose_estimate,506.563,498.602,714.128,119.546,-179.944,-149.344,-134.904,-11.246,-103.277,-0.139,-65.487,-43.391,0.0,0.0,0.0,0.0,0.0,0.0,1.831,67.934,79.091,-10.03,0.178,2.665,0.0,0.0,0.0,0.0,0.0,0.0,
2025-08-06 06:24:22.284,vision_approach_to_detect_and_pose_estimate,506.563,498.602,714.128,119.546,-179.944,-149.344,-134.903,-11.246,-103.277,-0.139,-65.487,-43.391,0.0,0.0,0.0,0.0,0.0,0.0,1.883,67.889,79.083,-10.04,0.168,2.669,0.0,-0.0,0.0,0.0,0.0,0.0,
2025-08-06 06:24:22.384,vision_approach_to_detect_and_pose_estimate,506.563,498.602,714.128,119.546,-179.944,-149.344,-134.903,-11.246,-103.277,-0.139,-65.487,-43.391,0.0,-0.0,0.0,0.0,0.0,0.0,1.929,67.818,79.097,-10.036,0.165,2.671,-0.0,0.0,0.0,0.0,0.0,0.0,
2025-08-06 06:24:22.486,vision_approach_to_detect_and_pose_estimate,506.563,498.602,714.128,119.546,-179.944,-149.344,-134.903,-11.246,-103.277,-0.139,-65.487,-43.391,0.0,0.0,0.0,0.0,0.0,0.0,1.988,67.753,79.105,-10.036,0.16,2.672,0.23,-0.026,0.257,0.0,-0.011,0.0,
2025-08-06 06:24:22.684,vision_approach_to_detect_and_pose_estimate,506.715,499.116,714.128,119.546,-179.944,-149.344,-134.888,-11.257,-103.24,-0.139,-65.494,-43.39,0.137,-0.104,0.463,0.0,-0.066,0.003,3.258,65.854,80.022,-10.055,0.03,2.687,0.019,-1.038,0.311,0.0,-0.02,0.707,
2025-08-06 06:24:22.784,vision_approach_to_detect_and_pose_estimate,506.823,499.48,714.128,119.546,-179.944,-149.344,-134.873,-11.279,-103.208,-0.139,-65.502,-43.383,0.05,-0.213,0.114,0.0,-0.006,0.141,3.745,63.364,79.694,-10.006,-0.075,2.745,-0.675,0.297,-2.326,0.0,0.334,0.341,
2025-08-06 06:24:22.883,vision_approach_to_detect_and_pose_estimate,506.834,499.518,714.128,119.546,-179.944,-149.344,-134.868,-11.294,-103.202,-0.139,-65.503,-43.367,0.003,-0.045,0.0,0.0,0.0,0.071,3.288,64.172,79.715,-10.036,-0.064,2.886,-0.234,0.915,-0.568,0.0,0.031,-0.657,
2025-08-06 06:24:22.984,vision_approach_to_detect_and_pose_estimate,506.834,499.518,714.128,119.547,-179.944,-149.344,-134.866,-11.302,-103.202,-0.139,-65.503,-43.358,0.003,-0.03,0.0,0.0,0.0,0.01,3.26,63.904,79.622,-10.05,-0.006,2.984,0.005,0.206,0.0,0.0,0.0,-0.314,
2025-08-06 06:24:23.484,vision_approach_to_detect_and_pose_estimate,506.834,499.518,714.128,119.547,-179.944,-149.344,-134.863,-11.314,-103.202,-0.139,-65.503,-43.352,0.0,0.0,0.0,0.0,0.0,0.0,3.094,64.5,79.331,-10.044,0.139,2.996,0.0,0.0,0.0,0.0,0.0,0.0,
2025-08-06 06:24:23.883,vision_approach_to_detect_and_pose_estimate,506.834,499.518,714.128,119.547,-179.944,-149.344,-134.863,-11.314,-103.202,-0.139,-65.502,-43.352,0.0,0.0,0.0,0.0,0.0,0.0,2.894,64.864,79.261,-10.049,0.248,2.979,0.0,0.0,0.0,0.0,0.0,0.0,
2025-08-06 06:24:24.284,vision_approach_to_detect_and_pose_estimate,506.834,499.518,714.128,119.547,-179.944,-149.344,-134.863,-11.314,-103.203,-0.139,-65.502,-43.352,0.0,0.0,0.0,0.0,0.0,0.0,2.757,65.093,79.22,-10.046,0.266,2.973,0.0,0.0,0.0,0.0,0.0,0.0,
2025-08-06 06:24:24.683,vision_approach_to_detect_and_pose_estimate,506.834,499.518,714.128,119.547,-179.944,-149.344,-134.863,-11.314,-103.203,-0.139,-65.502,-43.352,0.0,0.0,0.0,0.0,0.0,0.0,2.722,65.176,79.222,-10.046,0.273,2.965,0.0,0.0,0.0,0.0,0.0,0.0,
2025-08-06 06:24:25.085,vision_approach_to_detect_and_pose_estimate,506.834,499.518,714.128,119.547,-179.944,-149.344,-134.863,-11.314,-103.203,-0.139,-65.502,-43.352,0.0,0.0,0.0,0.0,0.0,0.0,2.68,65.337,79.241,-10.044,0.268,2.966,0.0,0.0,0.0,0.0,0.0,0.0,
2025-08-06 06:24:25.484,vision_approach_to_detect_and_pose_estimate,506.834,499.518,714.128,119.547,-179.944,-149.344,-134.863,-11.314,-103.203,-0.139,-65.502,-43.352,0.0,0.0,0.0,0.0,0.0,0.0,2.645,65.511,79.212,-10.053,0.268,2.956,0.0,0.0,0.0,0.0,0.0,0.0,
2025-08-06 06:24:25.885,vision_approach_to_detect_and_pose_estimate,506.834,499.518,714.128,119.547,-179.944,-149.344,-134.863,-11.314,-103.203,-0.139,-65.502,-43.352,0.0,0.0,0.0,0.0,0.0,0.0,2.604,65.635,79.182,-10.053,0.261,2.943,0.0,0.0,0.0,0.0,0.0,0.0,
2025-08-06 06:24:26.284,vision_approach_to_detect_and_pose_estimate,506.834,499.518,714.128,119.547,-179.944,-149.344,-134.863,-11.314,-103.203,-0.139,-65.502,-43.352,0.0,0.0,0.0,0.0,0.0,0.0,2.547,65.753,79.193,-10.052,0.242,2.94,0.0,0.0,0.0,0.0,0.0,0.0,
2025-08-06 06:24:26.684,vision_approach_to_detect_and_pose_estimate,506.834,499.518,714.128,119.547,-179.944,-149.344,-134.863,-11.313,-103.203,-0.139,-65.502,-43.352,0.0,0.0,-0.006,0.0,0.0,0.0,2.476,65.929,79.153,-10.053,0.244,2.935,0.0,0.0,0.0,0.0,0.0,0.0,
2025-08-06 06:24:27.184,vision_approach_to_detect_and_pose_estimate,506.861,499.286,714.523,117.9,-179.943,-150.99,-134.87,-11.312,-103.195,-0.139,-65.535,-43.353,-0.061,0.137,0.135,0.0,-0.431,-0.0,1.798,67.363,79.498,-10.058,-0.04,2.927,-0.093,0.399,0.172,0.0,-0.438,-0.425,
2025-08-06 06:24:27.284,vision_approach_to_detect_and_pose_estimate,506.883,499.092,714.854,116.543,-179.943,-152.347,-134.88,-11.298,-103.181,-0.139,-65.568,-43.362,-0.019,0.08,0.034,0.0,-0.096,-0.085,0.621,69.775,79.85,-10.046,-0.122,2.879,0.298,-0.497,-0.67,0.0,2.133,-0.064,
2025-08-06 06:24:27.386,vision_approach_to_detect_and_pose_estimate,506.886,499.069,714.892,116.387,-179.943,-152.504,-134.883,-11.29,-103.179,-0.139,-65.573,-43.375,-0.0,0.036,0.0,0.0,0.0,-0.013,0.445,70.314,79.766,-10.024,-0.083,2.75,0.093,-0.322,-0.172,0.0,0.48,0.425,
2025-08-06 06:24:27.484,vision_approach_to_detect_and_pose_estimate,506.886,499.069,714.892,116.386,-179.943,-152.504,-134.884,-11.285,-103.179,-0.139,-65.573,-43.379,0.0,0.015,0.0,0.0,0.0,0.0,0.148,70.908,79.586,-10.031,-0.006,2.679,-0.089,-0.128,0.0,0.0,0.0,0.048,
2025-08-06 06:24:28.384,vision_approach_to_detect_and_pose_estimate,506.886,499.069,714.892,116.386,-179.943,-152.504,-134.894,-11.266,-103.18,-0.138,-65.572,-43.383,0.0,0.0,0.0,0.0,0.0,0.0,-0.027,71.104,79.239,-10.019,0.295,2.683,0.0,0.0,0.0,0.0,0.0,0.0,
2025-08-06 06:24:29.183,vision_approach_to_detect_and_pose_estimate,506.886,499.069,714.892,116.386,-179.943,-152.504,-134.894,-11.265,-103.18,-0.138,-65.571,-43.383,0.0,0.0,0.0,0.0,0.0,0.0,0.122,70.741,79.209,-10.041,0.285,2.697,0.0,0.0,0.0,0.0,0.0,0.0,
2025-08-06 06:24:29.984,vision_approach_to_detect_and_pose_estimate,506.886,499.069,714.892,116.386,-179.943,-152.504,-134.894,-11.265,-103.18,-0.138,-65.572,-43.383,0.0,0.0,0.0,0.0,0.0,0.0,0.123,70.545,79.228,-10.028,0.266,2.715,0.0,0.0,0.0,0.0,0.0,0.0,
2025-08-06 06:24:30.884,vision_approach_to_detect_and_pose_estimate,506.886,499.069,714.892,116.386,-179.943,-152.504,-134.894,-11.265,-103.18,-0.138,-65.572,-43.383,0.0,0.0,0.0,0.0,0.0,0.0,0.212,70.375,79.214,-10.048,0.27,2.714,0.0,0.0,0.0,0.0,0.0,0.0,
2025-08-06 06:24:31.684,vision_approach_to_detect_and_pose_estimate,506.886,499.029,714.962,117.705,-179.943,-151.185,-134.893,-11.265,-103.18,-0.138,-65.574,-43.383,0.0,0.0,0.0,0.0,-0.0,0.0,0.247,70.365,79.274,-10.047,0.074,2.726,0.0,0.0,0.0,0.0,0.02,0.0,
2025-08-06 06:24:32.485,vision_approach_to_detect_and_pose_estimate,506.886,499.029,714.962,117.706,-179.943,-151.185,-134.894,-11.265,-103.179,-0.138,-65.576,-43.383,0.0,0.0,0.0,0.0,0.0,0.0,0.139,70.361,79.395,-10.049,0.034,2.707,0.0,0.0,0.0,0.0,0.0,0.0,
2025-08-06 06:24:33.384,vision_approach_to_detect_and_pose_estimate,506.886,499.029,714.962,117.706,-179.943,-151.185,-134.894,-11.265,-103.179,-0.138,-65.576,-43.383,0.0,0.0,0.0,0.0,0.0,0.0,0.004,70.564,79.353,-10.049,0.062,2.697,0.0,0.0,0.0,0.0,0.0,0.0,
2025-08-06 06:24:34.185,vision_approach_to_detect_and_pose_estimate,506.886,499.029,714.962,117.706,-179.943,-151.185,-134.895,-11.264,-103.179,-0.138,-65.576,-43.384,0.0,0.0,0.0,0.0,0.0,0.0,-0.127,70.968,79.317,-10.06,0.089,2.686,0.0,0.0,0.0,0.0,0.0,-0.002,
2025-08-06 06:24:34.983,vision_approach_to_detect_and_pose_estimate,506.886,499.029,714.962,117.706,-179.943,-151.185,-134.895,-11.263,-103.179,-0.138,-65.576,-43.385,0.0,0.0,0.0,0.0,0.0,0.0,-0.112,71.074,79.294,-10.063,0.104,2.68,0.0,0.0,0.0,0.0,0.0,0.0,
2025-08-06 06:24:35.884,vision_approach_to_detect_and_pose_estimate,506.888,499.022,714.969,118.289,-179.943,-150.601,-134.896,-11.262,-103.179,-0.138,-65.576,-43.385,0.0,0.0,0.0,0.0,0.0,0.0,-0.066,70.995,79.287,-10.064,0.111,2.678,0.0,0.0,0.0,0.0,0.0,0.0,
2025-08-06 06:24:35.984,vision_approach_to_detect_and_pose_estimate,506.888,499.022,714.963,118.29,-179.943,-150.601,-134.896,-11.262,-103.179,-0.138,-65.576,-43.385,0.0,0.0,0.0,0.0,0.0,0.0,-0.04,70.992,79.287,-10.054,0.113,2.682,0.0,-0.096,-4.915,0.0,8.679,0.0,
2025-08-06 06:24:36.085,detect_and_pose_estimate_to_approach_machine,506.888,499.021,714.144,118.29,-179.943,-150.601,-134.896,-11.259,-103.213,-0.138,-65.514,-43.385,0.0,-0.019,-0.988,0.0,1.744,0.0,-0.046,70.6,78.175,-9.973,0.343,2.673,0.0,-7.053,-17.769,0.0,26.77,0.0,
2025-08-06 06:24:36.186,detect_and_pose_estimate_to_approach_machine,506.89,499.017,710.252,118.29,-179.943,-150.601,-134.896,-11.322,-103.439,-0.139,-65.171,-43.385,0.0,-1.425,-3.589,0.0,5.407,0.0,0.042,63.473,75.147,-9.741,0.719,2.671,0.0,-19.489,-29.483,-0.067,45.553,0.0,
2025-08-06 06:24:36.284,detect_and_pose_estimate_to_approach_machine,506.894,499.01,701.365,118.29,-179.943,-150.601,-134.896,-11.588,-103.959,-0.142,-64.364,-43.385,0.0,-3.898,-6.855,-0.013,10.809,0.0,0.965,53.36,73.187,-9.547,0.976,2.67,0.0,-25.02,-33.76,-0.118,56.234,0.0,
2025-08-06 06:24:36.385,detect_and_pose_estimate_to_approach_machine,506.901,498.997,686.428,118.29,-179.943,-150.601,-134.896,-12.105,-104.826,-0.149,-62.999,-43.385,0.0,-6.404,-10.308,-0.023,16.598,0.0,1.114,50.936,71.871,-9.475,1.046,2.668,0.0,-25.163,-31.613,-0.283,56.268,0.0,
2025-08-06 06:24:36.485,detect_and_pose_estimate_to_approach_machine,506.911,498.978,665.428,118.29,-179.943,-150.601,-134.896,-12.877,-106.011,-0.161,-61.058,-43.384,0.0,-8.955,-13.209,-0.07,22.119,0.0,0.904,51.292,71.515,-9.498,1.129,2.667,0.0,-25.94,-23.035,-0.295,47.612,0.0,
2025-08-06 06:24:36.584,detect_and_pose_estimate_to_approach_machine,506.923,498.956,639.404,118.29,-179.943,-150.601,-134.896,-13.903,-107.425,-0.174,-58.631,-43.382,0.0,-11.566,-14.892,-0.082,26.073,0.0,1.126,48.455,70.747,-9.375,1.182,2.684,0.0,-22.08,-8.581,-0.738,29.976,1.199,
2025-08-06 06:24:36.686,detect_and_pose_estimate_to_approach_machine,506.937,498.93,610.262,118.29,-179.943,-150.601,-134.896,-15.16,-108.921,-0.19,-55.897,-43.368,0.0,-13.393,-14.934,-0.219,28.144,0.241,0.844,49.5,70.774,-9.331,1.235,2.751,0.0,-13.953,4.422,-0.445,11.776,0.714,
2025-08-06 06:24:36.785,detect_and_pose_estimate_to_approach_machine,506.951,498.904,580.27,118.29,-179.943,-150.601,-134.896,-16.564,-110.366,-0.208,-53.062,-43.344,0.0,-14.37,-14.003,-0.172,28.44,0.143,0.406,49.767,70.231,-9.217,1.276,2.95,0.0,-10.454,10.902,-0.528,2.559,-0.407,
2025-08-06 06:24:36.884,detect_and_pose_estimate_to_approach_machine,506.965,498.878,550.27,118.29,-179.943,-150.601,-134.896,-18.068,-111.706,-0.229,-50.227,-43.32,0.0,-15.463,-12.775,-0.323,28.651,0.16,0.456,46.759,68.555,-8.936,1.335,3.066,0.0,-11.018,10.999,0.043,-0.265,-0.169,
2025-08-06 06:24:36.987,detect_and_pose_estimate_to_approach_machine,506.979,498.852,520.27,118.29,-179.943,-150.601,-134.897,-19.675,-112.94,-0.253,-47.389,-43.299,0.0,-16.596,-11.781,-0.163,28.386,0.109,0.245,41.448,65.784,-8.55,1.368,3.1,0.0,-11.217,10.465,0.218,-0.722,0.23,
2025-08-06 06:24:37.084,detect_and_pose_estimate_to_approach_machine,506.993,498.826,490.27,118.29,-179.943,-150.601,-134.897,-21.382,-114.064,-0.281,-44.558,-43.276,0.0,-17.707,-10.682,-0.28,28.507,0.206,0.331,35.973,62.684,-8.062,1.351,3.109,0.0,-9.778,11.292,-0.686,-2.895,0.939,
2025-08-06 06:24:37.183,detect_and_pose_estimate_to_approach_machine,507.007,498.8,460.27,118.29,-179.943,-150.601,-134.897,-23.189,-115.079,-0.31,-41.736,-43.248,0.0,-18.512,-9.568,-0.298,27.819,0.293,0.197,30.276,60.093,-7.664,1.395,3.11,0.0,-9.592,10.669,-0.615,-2.023,0.579,
2025-08-06 06:24:37.284,detect_and_pose_estimate_to_approach_machine,507.021,498.773,430.27,118.29,-179.943,-150.601,-134.897,-25.095,-115.979,-0.348,-38.93,-43.216,0.0,-19.625,-8.549,-0.403,28.102,0.322,0.19,23.704,57.441,-7.292,1.479,3.111,0.0,-9.703,11.532,-0.678,-0.831,0.302,
2025-08-06 06:24:37.385,detect_and_pose_estimate_to_approach_machine,507.035,498.747,400.27,118.29,-179.943,-150.601,-134.898,-27.086,-116.766,-0.388,-36.152,-43.183,0.0,-20.472,-7.238,-0.435,27.651,0.354,-0.14,16.401,54.07,-6.79,1.541,3.114,0.0,-8.409,12.015,-0.75,-4.63,1.099,
2025-08-06 06:24:37.484,detect_and_pose_estimate_to_approach_machine,507.049,498.721,370.276,118.29,-179.943,-150.601,-134.898,-29.166,-117.432,-0.435,-33.403,-43.142,0.0,-21.307,-6.146,-0.553,27.176,0.542,-0.12,8.668,51.35,-6.385,1.644,3.116,0.0,-2.061,12.912,-0.6,-12.464,0.557,
2025-08-06 06:24:37.583,detect_and_pose_estimate_to_approach_machine,507.063,498.696,341.095,118.29,-179.943,-150.601,-134.899,-31.28,-117.971,-0.49,-30.764,-43.087,0.0,-20.88,-4.682,-0.553,25.183,0.465,-0.366,1.284,48.216,-5.907,1.623,3.124,-0.001,14.584,15.354,-0.32,-29.098,-0.575,
2025-08-06 06:24:37.684,detect_and_pose_estimate_to_approach_machine,507.075,498.673,314.987,118.29,-179.943,-150.601,-134.9,-33.251,-118.354,-0.547,-28.43,-43.044,-0.0,-18.39,-3.075,-0.617,21.356,0.427,-1.215,-1.364,46.152,-5.603,1.672,3.119,0.0,32.025,14.048,0.693,-44.819,0.133,
2025-08-06 06:24:37.784,detect_and_pose_estimate_to_approach_machine,507.085,498.655,293.874,118.29,-179.943,-150.601,-134.901,-34.888,-118.596,-0.599,-26.565,-42.995,0.0,-14.443,-1.858,-0.414,16.175,0.491,-1.467,-5.262,43.816,-5.242,1.694,3.107,0.001,43.402,10.251,1.125,-54.205,-0.429,
2025-08-06 06:24:37.887,detect_and_pose_estimate_to_approach_machine,507.092,498.641,278.811,118.29,-179.943,-150.601,-134.901,-36.089,-118.731,-0.64,-25.249,-42.954,0.0,-9.579,-0.994,-0.388,10.353,0.34,-2.214,-9.302,41.795,-4.932,1.715,3.104,0.0,46.449,7.155,1.422,-54.285,-1.675,
2025-08-06 06:24:37.983,detect_and_pose_estimate_to_approach_machine,507.097,498.634,269.811,118.29,-179.943,-150.601,-134.902,-36.82,-118.798,-0.67,-24.458,-42.931,0.0,-5.2,-0.434,-0.131,5.372,0.158,-2.827,-14.336,39.983,-4.656,1.729,3.088,-0.054,40.182,4.258,1.91,-42.796,-1.666,
2025-08-06 06:24:38.084,detect_and_pose_estimate_to_approach_machine,507.099,498.63,265.835,118.29,-179.943,-150.601,-134.905,-37.141,-118.824,-0.684,-24.107,-42.918,-0.011,-1.664,-0.155,-0.012,1.922,0.012,-2.565,-20.668,38.682,-4.445,1.721,3.072,0.0,25.996,2.171,0.655,-26.298,-0.79,
2025-08-06 06:24:38.183,detect_and_pose_estimate_to_approach_machine,507.099,498.629,264.977,118.29,-179.943,-150.601,-134.906,-37.209,-118.83,-0.686,-24.026,-42.914,0.0,-0.001,0.0,0.0,0.112,0.0,-2.144,-26.769,37.858,-4.275,1.728,3.045,0.053,8.318,0.774,0.06,-9.609,-0.059,waypoint
2025-08-06 06:24:38.284,detect_and_pose_estimate_to_approach_machine,507.099,498.629,264.97,118.29,-179.943,-150.601,-134.908,-37.209,-118.83,-0.686,-24.024,-42.913,0.0,0.0,0.0,0.0,0.0,0.0,-1.282,-30.781,37.31,-4.114,1.643,3.013,-0.062,0.055,0.0,0.0,-0.56,-0.001,
2025-08-06 06:24:38.384,detect_and_pose_estimate_to_approach_machine,507.098,498.599,264.97,118.29,-179.943,-150.601,-134.911,-37.206,-118.83,-0.686,-24.024,-42.913,-0.012,0.01,0.0,0.0,0.0,0.0,-0.194,-31.43,37.43,-4.073,1.52,2.989,-1.523,0.865,-2.368,0.0,1.615,0.0,
2025-08-06 06:24:38.489,detect_and_pose_estimate_to_approach_machine,507.09,498.194,264.97,118.29,-179.943,-150.601,-134.927,-37.195,-118.853,-0.685,-24.011,-42.914,-0.312,0.177,-0.485,0.0,0.331,0.0,-1.809,-29.573,36.717,-4.008,1.548,2.973,-4.672,3.027,-6.158,0.0,4.102,-5.072,
2025-08-06 06:24:38.583,detect_and_pose_estimate_to_approach_machine,507.066,496.921,264.971,118.29,-179.943,-150.601,-134.991,-37.163,-118.94,-0.685,-23.957,-42.953,-0.942,0.613,-1.225,0.0,0.816,-1.009,-3.916,-27.039,36.168,-3.955,1.667,2.838,-6.813,3.614,-9.036,0.0,5.606,-10.457,
2025-08-06 06:24:38.684,detect_and_pose_estimate_to_approach_machine,507.017,494.391,264.973,118.29,-179.943,-150.601,-135.121,-37.087,-119.114,-0.686,-23.845,-43.112,-1.641,0.882,-2.247,0.0,1.424,-2.039,-5.139,-25.263,35.649,-3.912,1.68,2.495,-9.025,3.046,-10.306,-0.209,5.966,-7.638,
2025-08-06 06:24:38.784,detect_and_pose_estimate_to_approach_machine,506.939,490.366,264.977,118.29,-179.943,-150.601,-135.342,-36.984,-119.391,-0.69,-23.664,-43.343,-2.756,1.225,-3.297,-0.042,2.016,-2.545,-6.203,-24.117,35.317,-3.91,1.686,2.356,-9.392,3.187,-10.272,-0.158,7.516,-8.804,
2025-08-06 06:24:38.885,detect_and_pose_estimate_to_approach_machine,506.831,484.794,264.982,118.29,-179.943,-150.601,-135.661,-36.847,-119.775,-0.699,-23.414,-43.655,-3.528,1.523,-4.312,-0.032,2.935,-3.809,-6.293,-22.814,35.109,-3.955,1.718,2.295,-7.695,2.818,-9.285,-0.019,7.601,-8.921,
2025-08-06 06:24:38.985,detect_and_pose_estimate_to_approach_machine,506.696,477.808,264.988,118.29,-179.943,-150.601,-136.062,-36.681,-120.252,-0.707,-23.102,-44.049,-4.303,1.791,-5.163,-0.046,3.543,-4.338,-6.26,-22.085,34.945,-3.93,1.749,2.266,-7.602,2.891,-7.659,-0.018,3.679,-5.798,
2025-08-06 06:24:39.084,detect_and_pose_estimate_to_approach_machine,506.539,469.716,264.995,118.29,-179.943,-150.601,-136.533,-36.482,-120.803,-0.717,-22.743,-44.509,-5.041,2.098,-5.836,-0.035,3.667,-4.962,-6.116,-21.498,34.594,-3.87,1.751,2.257,-5.231,1.399,-4.1,0.041,1.066,-4.72,
2025-08-06 06:24:39.184,detect_and_pose_estimate_to_approach_machine,506.369,460.959,265.002,118.29,-179.943,-150.601,-137.052,-36.273,-121.395,-0.728,-22.358,-45.017,-5.344,2.07,-5.979,-0.038,3.755,-5.277,-5.48,-21.808,34.403,-3.846,1.766,2.255,-1.799,-0.303,-0.111,-0.135,0.518,-1.977,
2025-08-06 06:24:39.284,detect_and_pose_estimate_to_approach_machine,506.197,452.061,265.01,118.29,-179.943,-150.601,-137.594,-36.068,-121.987,-0.74,-21.968,-45.55,-5.401,2.037,-5.858,-0.062,3.771,-5.358,-4.88,-21.723,34.295,-3.827,1.801,2.256,1.164,-1.008,2.964,0.008,-0.629,1.391,
2025-08-06 06:24:39.387,detect_and_pose_estimate_to_approach_machine,506.033,443.561,265.017,118.29,-179.943,-150.601,-138.125,-35.87,-122.551,-0.751,-21.596,-46.062,-5.108,1.865,-5.377,-0.036,3.628,-4.995,-3.404,-22.295,33.94,-3.768,1.828,2.253,4.61,-2.475,6.174,0.134,-3.722,5.446,
2025-08-06 06:24:39.485,detect_and_pose_estimate_to_approach_machine,505.885,435.952,265.024,118.29,-179.943,-150.601,-138.607,-35.701,-123.049,-0.761,-21.264,-46.527,-4.475,1.54,-4.617,-0.035,3.023,-4.263,-2.909,-22.4,33.936,-3.738,1.868,2.248,7.245,-2.933,8.837,0.065,-6.244,7.238,
2025-08-06 06:24:39.584,detect_and_pose_estimate_to_approach_machine,505.763,429.616,265.029,118.29,-179.943,-150.601,-139.017,-35.562,-123.461,-0.769,-20.99,-46.929,-3.681,1.287,-3.636,-0.023,2.398,-3.569,-2.437,-22.015,33.906,-3.705,1.904,2.258,9.134,-3.219,10.097,0.16,-6.495,8.786,
2025-08-06 06:24:39.685,detect_and_pose_estimate_to_approach_machine,505.669,424.782,265.033,118.29,-179.943,-150.601,-139.332,-35.454,-123.775,-0.775,-20.783,-47.234,-2.648,0.896,-2.598,-0.003,1.724,-2.506,-1.88,-22.179,33.637,-3.648,1.912,2.265,9.782,-3.505,9.943,0.114,-6.062,10.367,
2025-08-06 06:24:39.785,detect_and_pose_estimate_to_approach_machine,505.605,421.493,265.036,118.29,-179.943,-150.601,-139.553,-35.381,-123.989,-0.779,-20.642,-47.451,-1.714,0.583,-1.638,-0.0,1.179,-1.485,-2.025,-22.039,33.364,-3.6,1.916,2.264,9.058,-3.189,8.604,0.017,-5.807,8.941,
2025-08-06 06:24:39.884,detect_and_pose_estimate_to_approach_machine,505.569,419.606,265.038,118.29,-179.943,-150.601,-139.674,-35.338,-124.112,-0.781,-20.56,-47.571,-0.845,0.261,-0.886,0.0,0.568,-0.727,-1.691,-22.171,33.143,-3.555,1.913,2.263,7.246,-2.478,7.037,-0.001,-5.037,5.932,
2025-08-06 06:24:39.983,detect_and_pose_estimate_to_approach_machine,505.553,418.806,265.039,118.29,-179.943,-150.601,-139.727,-35.32,-124.164,-0.782,-20.522,-47.628,-0.28,0.092,-0.245,-0.001,0.182,-0.311,-2.631,-21.771,32.839,-3.479,1.897,2.278,4.128,-1.288,4.362,0.0,-2.799,3.58,waypoint
2025-08-06 06:24:40.087,detect_and_pose_estimate_to_approach_machine,505.55,418.645,265.039,118.29,-179.943,-150.601,-139.74,-35.315,-124.176,-0.782,-20.513,-47.643,-0.007,0.0,-0.0,0.0,0.0,0.0,-2.94,-21.653,32.561,-3.411,1.842,2.318,1.385,-0.457,1.217,0.004,-0.9,1.538,
2025-08-06 06:24:40.185,detect_and_pose_estimate_to_approach_machine,505.55,418.644,265.039,118.29,-179.943,-150.601,-139.741,-35.315,-124.176,-0.782,-20.514,-47.644,0.0,0.0,0.001,0.0,0.0,0.0,-3.028,-21.908,32.54,-3.363,1.738,2.363,-1.688,0.0,0.641,0.0,-0.212,-0.18,
2025-08-06 06:24:40.285,detect_and_pose_estimate_to_approach_machine,505.699,418.55,265.039,118.29,-179.943,-150.601,-139.747,-35.315,-124.172,-0.782,-20.515,-47.645,-0.341,0.0,0.127,0.0,-0.042,-0.036,-3.248,-22.128,32.742,-3.349,1.625,2.388,-13.294,-0.94,5.532,0.0,-3.729,-15.061,
2025-08-06 06:24:40.387,detect_and_pose_estimate_to_approach_machine,507.45,417.439,265.041,118.29,-179.943,-150.601,-139.888,-35.316,-124.118,-0.782,-20.554,-47.803,-2.685,-0.19,1.119,0.0,-0.753,-3.042,-6.975,-22.732,34.115,-3.41,1.235,2.31,-33.09,-4.332,12.791,0.002,-8.561,-35.671,
2025-08-06 06:24:40.484,detect_and_pose_estimate_to_approach_machine,512.681,414.12,265.046,118.29,-179.943,-150.601,-140.37,-35.366,-123.935,-0.781,-20.676,-48.299,-6.926,-0.862,2.672,0.0,-1.746,-7.134,-10.92,-26.127,35.31,-3.454,0.997,2.268,-46.263,-7.232,18.29,0.298,-11.545,-45.323,
2025-08-06 06:24:40.585,detect_and_pose_estimate_to_approach_machine,522.679,407.777,265.056,118.29,-179.943,-150.601,-141.31,-35.493,-123.568,-0.774,-20.92,-49.256,-11.845,-1.622,4.74,0.059,-3.039,-12.016,-14.992,-27.648,35.568,-3.378,0.79,2.255,-49.086,-7.546,22.244,0.432,-14.413,-48.875,
2025-08-06 06:24:40.684,detect_and_pose_estimate_to_approach_machine,537.905,398.118,265.072,118.29,-179.943,-150.601,-142.751,-35.69,-122.971,-0.76,-21.318,-50.713,-16.743,-2.371,7.121,0.087,-4.628,-16.909,-15.965,-29.906,36.221,-3.287,0.731,2.261,-42.649,-8.373,25.328,0.295,-17.354,-41.255,
2025-08-06 06:24:40.784,detect_and_pose_estimate_to_approach_machine,557.914,385.424,265.092,118.29,-179.943,-150.601,-144.623,-35.975,-122.118,-0.743,-21.884,-52.594,-20.333,-3.288,9.78,0.118,-6.493,-20.226,-12.986,-32.159,37.314,-3.344,0.706,2.25,-27.444,-9.27,24.673,0.321,-16.323,-27.077,
2025-08-06 06:24:40.884,detect_and_pose_estimate_to_approach_machine,581.437,370.501,265.116,118.29,-179.943,-150.601,-146.768,-36.355,-121.021,-0.723,-22.605,-54.756,-22.232,-4.225,12.055,0.151,-7.893,-22.325,-10.68,-32.915,37.933,-3.416,0.657,2.236,-8.327,-7.604,18.219,0.526,-11.276,-9.03,
2025-08-06 06:24:40.984,detect_and_pose_estimate_to_approach_machine,606.602,354.536,265.142,118.29,-179.943,-150.601,-149.0,-36.806,-119.738,-0.703,-23.441,-56.999,-21.998,-4.809,13.424,0.223,-8.748,-22.032,-7.526,-33.368,38.211,-3.422,0.583,2.239,5.629,-4.321,12.009,0.453,-7.008,3.712,
2025-08-06 06:24:41.085,detect_and_pose_estimate_to_approach_machine,631.928,338.469,265.168,118.29,-179.943,-150.601,-151.161,-37.303,-118.336,-0.682,-24.348,-59.174,-21.101,-5.094,14.469,0.242,-9.302,-21.578,-4.849,-34.265,38.972,-3.541,0.521,2.243,8.855,-4.273,10.512,-0.011,-6.506,7.54,
2025-08-06 06:24:41.183,detect_and_pose_estimate_to_approach_machine,657.254,322.402,265.194,118.29,-179.943,-150.601,-153.231,-37.84,-116.831,-0.66,-25.312,-61.261,-20.236,-5.659,15.516,0.221,-10.042,-20.532,-2.389,-36.502,40.626,-3.729,0.56,2.25,9.021,-5.274,10.429,-0.192,-5.043,8.529,
2025-08-06 06:24:41.284,detect_and_pose_estimate_to_approach_machine,682.581,306.335,265.22,118.29,-179.943,-150.601,-155.205,-38.431,-115.224,-0.639,-26.334,-63.262,-19.305,-6.143,16.545,0.204,-10.305,-19.881,-3.497,-35.882,41.856,-3.914,0.543,2.254,8.054,-4.783,9.958,-0.246,-5.275,8.495,
2025-08-06 06:24:41.384,detect_and_pose_estimate_to_approach_machine,707.907,290.268,265.245,118.29,-179.943,-150.601,-157.101,-39.06,-113.521,-0.619,-27.408,-65.179,-18.617,-6.621,17.517,0.171,-11.103,-18.824,-4.848,-38.042,43.07,-4.08,0.578,2.266,7.794,-4.312,10.403,-0.634,-4.892,11.085,
2025-08-06 06:24:41.483,detect_and_pose_estimate_to_approach_machine,733.233,274.2,265.271,118.29,-179.943,-150.601,-158.912,-39.737,-111.718,-0.601,-28.53,-67.012,-17.754,-7.001,18.615,0.078,-11.279,-17.675,-4.316,-38.279,45.01,-4.346,0.63,2.268,8.995,-3.121,10.362,-0.445,-4.461,8.632,
2025-08-06 06:24:41.583,detect_and_pose_estimate_to_approach_machine,758.559,258.133,265.297,118.29,-179.943,-150.601,-160.643,-40.454,-109.819,-0.584,-29.704,-68.767,-16.827,-7.242,19.579,0.083,-11.99,-17.106,-3.6,-40.427,46.364,-4.538,0.618,2.277,7.833,-4.021,7.145,0.336,-7.67,6.089,
2025-08-06 06:24:41.684,detect_and_pose_estimate_to_approach_machine,783.885,242.066,265.323,118.29,-179.943,-150.601,-162.29,-41.22,-107.835,-0.565,-30.926,-70.44,-16.18,-7.809,20.051,0.145,-12.82,-16.451,-4.617,-41.897,47.055,-4.649,0.536,2.298,7.859,-5.518,8.55,0.064,-4.447,7.568,
2025-08-06 06:24:41.784,detect_and_pose_estimate_to_approach_machine,809.212,225.999,265.349,118.29,-179.943,-150.601,-163.865,-42.03,-105.76,-0.547,-32.192,-72.031,-15.247,-8.351,21.298,0.096,-12.884,-15.585,-4.244,-43.251,48.688,-4.885,0.551,2.299,7.736,-4.761,10.849,-0.468,-2.766,8.799,
2025-08-06 06:24:41.884,detect_and_pose_estimate_to_approach_machine,834.538,209.932,265.375,118.29,-179.943,-150.601,-165.365,-42.888,-103.584,-0.532,-33.504,-73.556,-14.633,-8.762,22.221,0.052,-13.374,-14.692,-4.25,-45.474,50.77,-5.196,0.573,2.295,7.243,-4.838,8.098,0.301,-4.884,8.231,
2025-08-06 06:24:41.984,detect_and_pose_estimate_to_approach_machine,859.864,193.864,265.401,118.29,-179.943,-150.601,-166.795,-43.787,-101.327,-0.516,-34.865,-75.008,-13.799,-9.318,22.917,0.156,-13.861,-13.939,-4.118,-47.798,51.592,-5.305,0.506,2.299,6.211,-4.496,9.362,0.002,-4.543,5.688,
2025-08-06 06:24:42.084,detect_and_pose_estimate_to_approach_machine,885.19,177.797,265.427,118.29,-179.943,-150.601,-168.158,-44.74,-98.967,-0.503,-36.265,-76.387,-13.391,-9.661,24.093,0.052,-14.282,-13.554,-4.776,-49.533,53.851,-5.624,0.518,2.29,6.099,-5.764,10.988,-0.509,-3.996,4.827,
2025-08-06 06:24:42.184,detect_and_pose_estimate_to_approach_machine,910.517,161.73,265.452,118.29,-179.943,-150.601,-169.458,-45.738,-96.523,-0.489,-37.716,-77.711,-12.579,-10.471,25.115,0.054,-14.66,-12.973,-4.15,-53.168,55.179,-5.79,0.463,2.298,6.296,-5.035,8.672,0.52,-5.208,6.032,
2025-08-06 06:24:42.283,detect_and_pose_estimate_to_approach_machine,935.843,145.663,265.478,118.29,-179.943,-150.601,-170.695,-46.78,-93.973,-0.477,-39.215,-78.968,-12.138,-10.663,25.819,0.155,-15.318,-12.354,-4.508,-55.807,56.754,-6.011,0.404,2.297,4.931,-2.479,9.531,-0.085,-5.158,5.697,
2025-08-06 06:24:42.385,detect_and_pose_estimate_to_approach_machine,961.169,129.596,265.504,118.29,-179.943,-150.601,-171.876,-47.882,-91.321,-0.465,-40.763,-80.169,-11.588,-10.97,27.031,0.037,-15.697,-11.828,-5.104,-58.108,58.937,-6.353,0.443,2.284,5.922,-6.332,12.128,-0.748,-3.739,5.381,
2025-08-06 06:24:42.483,detect_and_pose_estimate_to_approach_machine,986.495,113.528,265.53,118.29,-179.943,-150.601,-173.0,-49.038,-88.567,-0.453,-42.365,-81.315,-10.953,-11.929,28.244,0.006,-16.066,-11.277,-4.393,-62.7,60.246,-6.553,0.406,2.281,5.633,-8.326,12.553,-0.111,-5.191,5.272,
2025-08-06 06:24:42.586,detect_and_pose_estimate_to_approach_machine,1011.822,97.461,265.556,118.29,-179.943,-150.601,-174.074,-50.245,-85.7,-0.441,-44.022,-82.41,-10.455,-12.643,29.554,0.015,-16.74,-10.769,-4.731,-66.319,61.891,-6.791,0.348,2.295,4.915,-6.529,12.75,-0.008,-6.547,5.293,
2025-08-06 06:24:42.685,detect_and_pose_estimate_to_approach_machine,1037.148,81.394,265.582,118.29,-179.943,-150.601,-175.1,-51.51,-82.71,-0.431,-45.74,-83.454,-9.96,-13.248,30.82,0.004,-17.389,-10.208,-5.212,-70.817,63.482,-7.028,0.336,2.304,4.882,-5.489,12.932,-0.044,-7.507,4.798,
2025-08-06 06:24:42.783,detect_and_pose_estimate_to_approach_machine,1062.474,65.327,265.608,118.29,-179.943,-150.601,-176.077,-52.845,-79.589,-0.421,-47.524,-84.451,-9.494,-13.724,32.101,0.006,-18.219,-9.823,-4.728,-74.394,65.562,-7.313,0.328,2.299,4.161,-4.959,13.027,-0.021,-7.541,3.454,
2025-08-06 06:24:42.883,detect_and_pose_estimate_to_approach_machine,1087.786,49.269,265.634,118.29,-179.943,-150.601,-177.01,-54.246,-76.323,-0.413,-49.382,-85.404,-9.137,-14.23,33.399,0.0,-18.882,-9.524,-5.064,-79.315,67.323,-7.599,0.295,2.321,6.22,-2.383,1.692,0.196,-1.709,7.681,
2025-08-06 06:24:42.984,detect_and_pose_estimate_to_approach_machine,1112.25,33.749,265.659,118.29,-179.943,-150.601,-177.88,-55.688,-73.008,-0.405,-51.263,-86.293,-8.243,-14.203,32.441,0.045,-18.563,-8.279,-4.586,-83.882,68.311,-7.756,0.191,2.326,12.176,7.496,-23.703,0.371,12.37,14.125,
2025-08-06 06:24:43.084,detect_and_pose_estimate_to_approach_machine,1133.931,19.994,265.681,118.29,-179.943,-150.601,-178.627,-57.046,-69.916,-0.397,-53.01,-87.047,-6.689,-12.723,28.635,0.075,-16.395,-6.685,-1.015,-85.713,69.472,-7.857,0.044,2.323,16.445,20.489,-49.023,-0.089,27.962,15.014,
2025-08-06 06:24:43.184,detect_and_pose_estimate_to_approach_machine,1151.271,8.994,265.699,118.29,-179.943,-150.601,-179.203,-58.196,-67.318,-0.391,-54.471,-87.639,-4.954,-10.105,22.637,0.027,-12.971,-5.277,0.936,-88.677,70.164,-7.937,-0.085,2.318,17.845,28.475,-66.328,-0.367,39.773,17.7,
2025-08-06 06:24:43.284,detect_and_pose_estimate_to_approach_machine,1163.46,1.261,265.711,118.29,-179.943,-150.601,-179.599,-59.04,-65.42,-0.387,-55.537,-88.046,-3.12,-7.028,15.369,0.001,-8.441,-3.145,1.558,-90.954,70.922,-8.071,-0.159,2.319,16.691,32.394,-71.624,-0.135,41.769,17.978,
2025-08-06 06:24:43.387,detect_and_pose_estimate_to_approach_machine,1170.581,-3.257,265.718,118.29,-179.943,-150.601,-179.83,-59.553,-64.266,-0.385,-56.184,-88.285,-1.566,-3.529,8.097,0.0,-4.491,-1.627,1.403,-93.561,71.791,-8.222,-0.2,2.316,13.18,28.878,-62.656,-0.007,33.87,12.683,
2025-08-06 06:24:43.489,detect_and_pose_estimate_to_approach_machine,1173.592,-5.167,265.721,118.29,-179.943,-150.601,-179.919,-59.775,-63.765,-0.384,-56.466,-88.386,-0.418,-1.108,2.525,0.0,-1.498,-0.545,0.403,-96.822,72.676,-8.377,-0.159,2.319,7.95,17.916,-40.692,0.0,22.579,8.26,
2025-08-06 06:24:43.584,detect_and_pose_estimate_to_approach_machine,1174.161,-5.529,265.722,118.29,-179.943,-150.601,-179.935,-59.812,-63.663,-0.384,-56.522,-88.405,0.0,0.0,0.081,0.0,-0.043,0.0,-2.075,-98.929,73.424,-8.587,-0.055,2.358,2.146,5.683,-12.948,0.0,7.68,2.796,waypoint
2025-08-06 06:24:43.684,detect_and_pose_estimate_to_approach_machine,1174.163,-5.53,265.722,118.29,-179.943,-150.601,-179.935,-59.812,-63.662,-0.384,-56.523,-88.405,0.0,0.0,0.0,0.0,0.0,0.0,-4.173,-100.91,73.547,-8.723,0.115,2.417,0.0,0.0,-0.404,0.0,0.224,1.397,
2025-08-06 06:24:43.784,approach_machine_to_place,1174.163,-5.53,265.721,118.266,-179.943,-150.582,-179.935,-59.812,-63.663,-0.384,-56.522,-88.403,0.0,0.0,0.0,0.0,0.001,0.279,-4.082,-100.774,73.794,-8.802,0.241,2.451,0.0,0.0,0.0,0.0,0.0,39.666,
2025-08-06 06:24:43.884,approach_machine_to_place,1174.163,-5.533,265.715,118.007,-179.943,-150.378,-179.934,-59.812,-63.666,-0.384,-56.522,-87.98,0.0,0.0,0.0,0.0,0.0,7.933,-3.664,-100.754,73.543,-8.791,0.41,2.836,0.0,0.0,0.0,0.0,-0.007,83.427,
2025-08-06 06:24:43.984,approach_machine_to_place,1174.163,-5.541,265.698,117.285,-179.944,-149.821,-179.934,-59.812,-63.667,-0.384,-56.521,-86.725,0.0,0.0,0.0,0.0,0.0,16.965,-3.655,-100.483,73.48,-8.825,0.503,3.131,0.0,0.0,0.0,0.0,0.0,89.094,
2025-08-06 06:24:44.083,approach_machine_to_place,1174.164,-5.556,265.669,116.032,-179.945,-148.897,-179.933,-59.812,-63.667,-0.384,-56.52,-84.579,0.0,0.0,0.0,0.0,0.0,25.663,-3.515,-100.375,73.42,-8.832,0.51,3.206,0.0,0.0,0.0,0.0,0.0,64.515,
2025-08-06 06:24:44.183,approach_machine_to_place,1174.165,-5.575,265.631,114.366,-179.945,-147.746,-179.933,-59.811,-63.667,-0.384,-56.52,-81.77,0.0,0.0,0.0,0.0,0.0,29.803,-3.167,-100.245,73.432,-8.85,0.487,3.216,0.0,0.0,0.0,0.0,0.0,21.209,
2025-08-06 06:24:44.284,approach_machine_to_place,1174.166,-5.595,265.591,112.538,-179.946,-146.575,-179.932,-59.811,-63.667,-0.384,-56.52,-78.771,0.0,0.0,0.0,0.0,0.0,29.926,-3.186,-100.166,73.383,-8.877,0.468,3.194,0.0,0.0,0.0,0.0,0.0,1.457,
2025-08-06 06:24:44.384,approach_machine_to_place,1174.167,-5.615,265.551,110.654,-179.947,-145.46,-179.932,-59.811,-63.667,-0.384,-56.52,-75.772,0.0,0.0,0.0,0.0,0.0,30.096,-2.907,-100.028,73.417,-8.912,0.446,3.225,0.0,0.0,0.0,0.0,0.0,-0.013,
2025-08-06 06:24:44.483,approach_machine_to_place,1174.168,-5.635,265.511,108.717,-179.948,-144.398,-179.931,-59.811,-63.667,-0.385,-56.52,-72.767,0.0,0.0,0.0,0.0,0.0,29.923,-2.954,-99.983,73.472,-8.947,0.406,3.239,0.0,0.0,0.0,0.0,0.0,-1.106,
2025-08-06 06:24:44.584,approach_machine_to_place,1174.169,-5.655,265.471,106.728,-179.948,-143.388,-179.931,-59.811,-63.667,-0.385,-56.52,-69.77,0.0,0.0,0.0,0.0,0.0,29.875,-2.923,-99.882,73.425,-8.95,0.341,3.246,0.0,0.0,0.0,0.0,0.0,0.934,
2025-08-06 06:24:44.684,approach_machine_to_place,1174.17,-5.675,265.431,104.691,-179.949,-142.426,-179.931,-59.81,-63.666,-0.385,-56.52,-66.775,0.0,0.0,0.0,0.0,0.0,30.111,-2.857,-99.758,73.506,-8.992,0.254,3.265,0.0,0.0,0.0,0.0,0.0,0.199,
2025-08-06 06:24:44.784,approach_machine_to_place,1174.171,-5.695,265.391,102.608,-179.949,-141.509,-179.931,-59.81,-63.665,-0.385,-56.521,-63.771,0.0,0.0,0.0,0.0,0.0,29.914,-2.948,-99.7,73.491,-8.995,0.185,3.252,0.0,0.0,0.0,0.0,-0.013,-1.114,
2025-08-06 06:24:44.883,approach_machine_to_place,1174.172,-5.715,265.351,100.485,-179.95,-140.633,-179.931,-59.81,-63.665,-0.385,-56.522,-60.775,0.0,0.0,0.0,0.0,-0.003,29.889,-2.91,-99.631,73.581,-9.016,0.142,3.215,0.0,0.0,0.0,0.0,0.0,-13.833,
2025-08-06 06:24:44.985,approach_machine_to_place,1174.173,-5.734,265.312,98.414,-179.95,-139.826,-179.931,-59.81,-63.664,-0.385,-56.522,-57.883,0.0,0.0,0.0,0.0,0.0,27.134,-2.946,-99.623,73.62,-9.039,0.1,3.197,0.0,0.0,0.0,0.0,0.013,-51.286,
2025-08-06 06:24:45.084,approach_machine_to_place,1174.174,-5.749,265.282,96.734,-179.951,-139.201,-179.931,-59.81,-63.662,-0.385,-56.523,-55.532,0.0,0.0,0.0,0.0,0.0,19.581,-2.912,-99.6,73.682,-9.072,0.076,3.153,0.0,0.0,0.0,0.0,0.0,-84.879,
2025-08-06 06:24:45.184,approach_machine_to_place,1174.174,-5.759,265.262,95.688,-179.951,-138.822,-179.931,-59.81,-63.662,-0.385,-56.523,-54.066,0.0,0.0,0.0,0.0,0.0,10.243,-2.855,-99.608,73.695,-9.075,0.085,3.127,0.0,0.0,0.0,0.0,0.0,-83.839,
2025-08-06 06:24:45.284,approach_machine_to_place,1174.174,-5.763,265.255,95.265,-179.951,-138.671,-179.931,-59.81,-63.662,-0.385,-56.523,-53.452,0.0,0.0,0.0,0.0,0.0,2.813,-2.961,-99.589,73.701,-9.097,0.083,3.105,0.0,0.0,0.0,0.0,0.0,-51.453,
2025-08-06 06:24:45.383,approach_machine_to_place,1174.174,-5.763,265.254,95.209,-179.951,-138.651,-179.931,-59.81,-63.662,-0.384,-56.523,-53.367,0.0,0.0,0.0,0.0,0.0,0.004,-2.975,-99.702,73.593,-9.064,0.069,3.106,0.0,0.0,0.0,0.0,0.0,-13.994,waypoint
2025-08-06 06:24:45.485,approach_machine_to_place,1174.174,-5.763,265.254,95.209,-179.951,-138.651,-179.932,-59.81,-63.662,-0.384,-56.523,-53.367,0.0,0.0,0.0,0.0,0.0,0.0,-3.062,-99.685,73.615,-9.048,0.074,3.078,0.0,0.0,0.0,0.0,0.052,-0.02,
2025-08-06 06:24:45.583,approach_machine_to_place,1174.174,-5.763,265.159,95.209,-179.951,-138.651,-179.932,-59.81,-63.662,-0.384,-56.522,-53.367,0.0,0.0,0.0,0.0,0.01,0.0,-3.222,-99.71,73.543,-9.038,0.101,3.05,0.0,-0.059,-0.035,0.0,2.483,0.0,
2025-08-06 06:24:45.684,approach_machine_to_place,1174.174,-5.764,264.546,95.209,-179.951,-138.651,-179.932,-59.812,-63.663,-0.384,-56.494,-53.367,0.0,-0.012,-0.007,0.0,0.494,0.0,-3.238,-99.892,73.564,-9.037,0.44,3.019,0.0,-3.809,-0.418,0.0,5.514,0.0,
2025-08-06 06:24:45.784,approach_machine_to_place,1174.174,-5.765,263.004,95.209,-179.951,-138.651,-179.932,-59.847,-63.67,-0.384,-56.415,-53.367,0.0,-0.766,-0.084,0.0,1.119,0.0,-3.319,-104.47,72.527,-8.962,0.694,2.998,0.0,-8.39,-0.379,0.0,5.601,0.0,
2025-08-06 06:24:45.884,approach_machine_to_place,1174.175,-5.768,260.279,95.209,-179.951,-138.651,-179.932,-59.975,-63.685,-0.384,-56.276,-53.368,0.0,-1.69,-0.083,0.0,1.614,0.0,-3.306,-109.15,71.306,-8.894,0.936,2.983,0.0,-8.271,-0.521,0.0,5.561,0.0,
2025-08-06 06:24:45.986,approach_machine_to_place,1174.175,-5.771,256.326,95.209,-179.951,-138.651,-179.933,-60.184,-63.704,-0.385,-56.075,-53.368,0.0,-2.437,-0.189,0.0,2.242,0.0,-3.188,-107.779,71.563,-8.975,1.068,2.968,0.0,-5.048,-0.662,-0.002,6.584,0.0,
2025-08-06 06:24:46.084,approach_machine_to_place,1174.175,-5.775,251.308,95.209,-179.951,-138.651,-179.933,-60.433,-63.724,-0.386,-55.82,-53.369,0.0,-2.699,-0.215,-0.0,2.931,0.0,-3.51,-107.93,71.598,-9.034,1.114,2.973,0.0,-1.761,-0.033,-0.046,4.139,0.0,
2025-08-06 06:24:46.185,approach_machine_to_place,1174.176,-5.78,245.576,95.209,-179.951,-138.651,-179.933,-60.713,-63.745,-0.389,-55.53,-53.369,0.0,-2.787,-0.196,-0.009,3.066,0.0,-3.515,-108.802,71.594,-9.094,1.13,2.963,0.0,-1.29,0.457,-0.07,0.685,0.0,
2025-08-06 06:24:46.283,approach_machine_to_place,1174.176,-5.785,239.589,95.209,-179.951,-138.651,-179.934,-61.003,-63.763,-0.393,-55.228,-53.37,0.0,-2.956,-0.124,-0.014,3.068,0.0,-3.579,-109.55,71.632,-9.238,1.151,2.958,0.0,-0.053,0.703,0.042,0.168,0.0,
2025-08-06 06:24:46.384,approach_machine_to_place,1174.177,-5.79,233.592,95.209,-179.951,-138.651,-179.934,-61.289,-63.776,-0.397,-54.931,-53.37,0.0,-2.798,-0.056,-0.001,3.099,0.0,-3.78,-110.687,71.562,-9.29,1.168,2.944,0.0,0.236,0.607,0.072,-0.745,0.0,
2025-08-06 06:24:46.483,approach_machine_to_place,1174.177,-5.796,227.595,95.209,-179.951,-138.651,-179.934,-61.571,-63.782,-0.4,-54.636,-53.37,0.0,-2.909,-0.003,0.0,2.919,0.0,-3.783,-112.279,71.384,-9.296,1.181,2.935,0.0,-0.693,0.28,-0.037,-1.073,0.0,
2025-08-06 06:24:46.584,approach_machine_to_place,1174.178,-5.801,221.599,95.209,-179.951,-138.651,-179.935,-61.869,-63.782,-0.403,-54.344,-53.37,0.0,-2.936,0.0,-0.008,2.884,0.0,-3.842,-114.4,71.095,-9.266,1.174,2.938,0.0,-0.596,0.123,-0.013,-0.746,0.0,
2025-08-06 06:24:46.684,approach_machine_to_place,1174.178,-5.806,215.608,95.209,-179.951,-138.651,-179.936,-62.168,-63.781,-0.406,-54.053,-53.37,0.0,-3.029,0.022,-0.003,2.769,0.0,-3.933,-115.037,71.2,-9.276,1.173,2.944,0.0,0.812,0.307,0.032,-1.444,0.0,
2025-08-06 06:24:46.784,approach_machine_to_place,1174.179,-5.811,209.847,95.209,-179.951,-138.651,-179.936,-62.455,-63.773,-0.409,-53.775,-53.37,0.0,-2.774,0.061,-0.002,2.595,0.0,-4.07,-116.144,71.407,-9.275,1.183,2.957,0.0,3.736,0.423,0.013,-2.578,0.0,
2025-08-06 06:24:46.886,approach_machine_to_place,1174.179,-5.815,204.775,95.209,-179.951,-138.651,-179.937,-62.712,-63.76,-0.411,-53.532,-53.37,0.0,-2.274,0.107,0.0,2.248,0.0,-4.171,-116.189,71.922,-9.285,1.212,2.962,0.0,5.046,0.08,0.007,-4.508,0.0,
2025-08-06 06:24:46.984,approach_machine_to_place,1174.179,-5.819,200.751,95.209,-179.951,-138.651,-179.937,-62.913,-63.746,-0.413,-53.34,-53.37,0.0,-1.765,0.077,-0.001,1.694,0.0,-4.237,-116.295,72.202,-9.294,1.233,2.968,0.0,5.371,-0.026,0.0,-5.859,0.0,
2025-08-06 06:24:47.084,approach_machine_to_place,1174.18,-5.821,197.952,95.209,-179.951,-138.651,-179.938,-63.056,-63.735,-0.415,-53.206,-53.37,0.0,-1.211,0.102,0.0,1.088,0.0,-4.201,-116.851,72.118,-9.274,1.244,2.974,0.0,5.269,-0.353,-0.005,-5.687,0.0,
2025-08-06 06:24:47.183,approach_machine_to_place,1174.18,-5.822,196.344,95.209,-179.951,-138.651,-179.938,-63.145,-63.729,-0.415,-53.128,-53.37,0.0,-0.716,0.007,-0.002,0.562,0.0,-4.163,-117.542,71.912,-9.245,1.243,2.977,0.0,5.773,-0.511,0.0,-4.852,0.0,
2025-08-06 06:24:47.284,approach_machine_to_place,1174.18,-5.823,195.686,95.209,-179.951,-138.651,-179.938,-63.183,-63.727,-0.416,-53.096,-53.37,0.0,-0.056,0.0,0.0,0.117,0.0,-4.248,-118.371,71.643,-9.204,1.261,2.985,0.0,3.563,-0.036,0.008,-2.796,0.0,waypoint
2025-08-06 06:24:47.384,place_on_machine,1174.18,-5.823,195.574,95.209,-179.951,-138.651,-179.938,-63.186,-63.727,-0.416,-53.089,-53.369,0.0,0.0,0.0,0.0,0.0,0.0,-4.027,-118.697,71.045,-9.123,1.252,2.992,0.0,0.28,0.0,0.0,-0.587,0.0,
2025-08-06 06:24:47.484,place_on_machine,1174.18,-5.823,195.574,95.209,-179.951,-138.651,-179.939,-63.186,-63.727,-0.416,-53.089,-53.369,0.0,0.0,0.0,0.0,0.0,0.0,-4.105,-119.281,70.752,-9.077,1.192,2.988,0.0,0.0,0.0,0.0,0.0,0.0,
2025-08-06 06:24:47.584,place_on_machine,1174.18,-5.823,195.574,95.209,-179.951,-138.651,-179.939,-63.186,-63.727,-0.416,-53.09,-53.368,0.0,0.0,0.0,0.0,0.0,0.0,-3.896,-119.326,70.677,-9.066,1.15,2.998,0.0,0.0,0.0,0.0,0.0,0.0,
2025-08-06 06:24:47.984,place_on_machine,1174.18,-5.823,195.574,95.209,-179.951,-138.651,-179.939,-63.186,-63.728,-0.416,-53.091,-53.366,0.0,0.0,0.0,0.0,0.0,0.004,-3.888,-119.125,70.543,-9.042,0.886,3.021,0.0,0.0,0.0,0.0,0.0,0.0,
2025-08-06 06:24:48.185,place_on_machine,1174.18,-5.823,195.574,95.209,-179.951,-138.651,-179.939,-63.186,-63.728,-0.415,-53.091,-53.363,0.0,0.0,0.0,0.0,0.0,0.003,-3.856,-118.913,70.584,-9.063,0.887,3.048,0.0,0.0,-0.008,0.0,0.0,0.0,
2025-08-06 06:24:48.484,place_on_machine,1174.18,-5.823,195.574,95.209,-179.951,-138.651,-179.939,-63.186,-63.728,-0.415,-53.091,-53.36,0.0,0.0,0.0,0.0,0.0,0.0,-3.797,-118.772,70.499,-9.022,0.872,3.057,0.0,0.0,0.0,0.0,0.0,-0.001,
2025-08-06 06:24:48.784,place_on_machine,1174.18,-5.823,195.574,95.209,-179.951,-138.651,-179.939,-63.185,-63.728,-0.415,-53.091,-53.36,0.0,0.0,0.0,0.0,0.0,0.0,-3.732,-118.657,70.493,-9.024,0.865,3.03,0.0,0.0,0.0,0.0,0.0,0.0,
2025-08-06 06:24:49.084,place_on_machine,1174.18,-5.823,195.574,95.209,-179.951,-138.651,-179.939,-63.185,-63.728,-0.415,-53.091,-53.36,0.0,0.0,0.0,0.0,0.0,0.0,-3.71,-118.524,70.499,-9.013,0.873,3.013,0.0,0.0,0.001,0.0,0.0,0.0,
2025-08-06 06:24:49.384,place_on_machine,1174.18,-5.823,195.574,95.209,-179.951,-138.651,-179.939,-63.185,-63.728,-0.415,-53.091,-53.36,0.0,0.0,0.0,0.0,0.0,0.0,-3.723,-118.394,70.468,-8.994,0.877,3.003,0.0,0.0,0.022,0.0,0.0,0.0,
2025-08-06 06:24:49.783,place_on_machine,1174.18,-5.823,195.574,95.209,-179.951,-138.651,-179.939,-63.185,-63.728,-0.415,-53.091,-53.36,0.0,0.0,-0.015,0.0,0.0,0.0,-3.696,-118.114,70.517,-9.005,0.879,2.976,0.0,0.0,0.016,0.0,0.0,0.0,
2025-08-06 06:24:49.985,place_on_machine,1174.18,-5.823,195.574,95.209,-179.951,-138.651,-179.939,-63.185,-63.728,-0.415,-53.091,-53.36,0.0,0.0,0.0,0.0,0.0,0.0,-3.673,-117.928,70.505,-9.015,0.882,2.969,0.0,0.0,-0.016,0.0,0.0,0.0,
2025-08-06 06:24:50.284,place_on_machine,1174.18,-5.823,195.574,95.209,-179.951,-138.651,-179.939,-63.184,-63.728,-0.415,-53.091,-53.361,0.0,0.0,-0.001,0.0,0.0,0.0,-3.607,-117.59,70.484,-9.013,0.885,2.96,0.0,0.0,-0.005,0.0,0.0,0.0,
2025-08-06 06:24:50.685,place_to_retreat_machine,1174.18,-5.823,196.079,95.209,-179.951,-138.651,-179.939,-63.18,-63.729,-0.415,-53.109,-53.361,0.0,0.204,0.0,0.0,-0.337,0.0,-3.547,-115.994,70.54,-9.006,0.739,2.966,0.0,4.437,-0.1,0.0,-4.223,0.0,
2025-08-06 06:24:50.784,place_to_retreat_machine,1174.18,-5.821,197.389,95.209,-179.951,-138.651,-179.939,-63.131,-63.734,-0.415,-53.171,-53.361,0.0,0.889,-0.02,0.0,-0.845,0.0,-3.594,-110.819,70.856,-9.072,0.534,2.966,0.0,7.059,-0.292,0.0,-5.027,0.0,
2025-08-06 06:24:50.883,place_to_retreat_machine,1174.179,-5.819,199.842,95.209,-179.951,-138.651,-179.939,-63.001,-63.742,-0.414,-53.283,-53.361,0.0,1.602,-0.058,0.0,-1.332,0.0,-3.611,-104.815,71.347,-9.164,0.349,2.967,0.0,6.141,-0.269,0.0,-6.223,0.0,
2025-08-06 06:24:50.984,place_to_retreat_machine,1174.179,-5.816,203.532,95.209,-179.951,-138.651,-179.939,-62.812,-63.754,-0.414,-53.454,-53.361,0.0,2.117,-0.074,0.0,-2.089,0.0,-3.785,-104.332,70.661,-9.085,0.211,2.964,0.0,4.794,-0.126,0.0,-5.496,0.0,
2025-08-06 06:24:51.084,place_to_retreat_machine,1174.179,-5.812,208.339,95.209,-179.951,-138.651,-179.938,-62.578,-63.767,-0.412,-53.68,-53.362,0.0,2.566,-0.083,0.0,-2.437,0.0,-3.528,-102.164,70.749,-9.051,0.158,2.959,0.0,4.43,0.269,0.014,-3.844,-0.001,
2025-08-06 06:24:51.183,place_to_retreat_machine,1174.178,-5.807,213.952,95.209,-179.951,-138.651,-179.938,-62.295,-63.776,-0.406,-53.946,-53.362,0.0,2.999,-0.02,0.003,-2.854,-0.0,-3.595,-101.24,70.859,-8.969,0.103,2.951,0.0,2.237,0.389,0.0,-2.421,0.0,
2025-08-06 06:24:51.284,place_to_retreat_machine,1174.178,-5.802,219.92,95.209,-179.951,-138.651,-179.938,-61.995,-63.782,-0.405,-54.236,-53.363,0.0,3.013,-0.005,0.0,-2.921,0.0,-3.541,-101.557,70.737,-8.873,0.043,2.945,0.0,-0.124,0.101,0.041,-0.028,0.001,
2025-08-06 06:24:51.384,place_to_retreat_machine,1174.177,-5.797,225.916,95.209,-179.951,-138.651,-179.938,-61.695,-63.782,-0.402,-54.526,-53.364,0.0,2.974,0.0,0.011,-2.86,0.0,-3.342,-100.424,70.978,-8.865,-0.02,2.936,0.0,-0.367,0.096,0.006,-0.095,-0.011,
2025-08-06 06:24:51.484,place_to_retreat_machine,1174.177,-5.792,231.913,95.209,-179.951,-138.651,-179.938,-61.401,-63.781,-0.399,-54.822,-53.366,0.0,2.94,0.014,0.001,-2.94,-0.002,-3.4,-99.288,71.295,-8.861,-0.028,2.924,0.0,-0.412,0.289,-0.055,0.027,0.0,
2025-08-06 06:24:51.584,place_to_retreat_machine,1174.176,-5.787,237.91,95.209,-179.951,-138.651,-179.938,-61.112,-63.771,-0.396,-55.118,-53.369,0.0,2.891,0.058,0.0,-2.854,0.0,-3.286,-97.715,71.885,-8.863,-0.031,2.896,0.0,-0.523,0.896,0.007,0.214,0.01,
2025-08-06 06:24:51.683,place_to_retreat_machine,1174.176,-5.782,243.905,95.209,-179.951,-138.651,-179.938,-60.826,-63.756,-0.393,-55.417,-53.372,0.0,2.836,0.192,0.002,-2.897,-0.0,-3.249,-96.485,72.595,-8.888,-0.031,2.861,0.0,-0.517,0.843,0.012,0.767,-0.01,
2025-08-06 06:24:51.784,place_to_retreat_machine,1174.175,-5.777,249.757,95.209,-179.951,-138.651,-179.938,-60.549,-63.736,-0.39,-55.714,-53.375,0.0,2.788,0.226,0.002,-2.701,-0.002,-3.167,-94.389,73.094,-8.905,-0.047,2.828,0.0,-2.235,0.137,-0.012,2.16,0.0,
2025-08-06 06:24:51.884,place_to_retreat_machine,1174.175,-5.772,255.016,95.209,-179.951,-138.651,-179.937,-60.292,-63.715,-0.388,-55.986,-53.378,0.0,2.386,0.22,0.0,-2.463,-0.0,-3.11,-94.096,73.037,-8.887,-0.061,2.809,0.0,-4.839,-0.232,-0.011,3.88,-0.009,
2025-08-06 06:24:51.983,place_to_retreat_machine,1174.175,-5.768,259.293,95.209,-179.951,-138.651,-179.937,-60.087,-63.696,-0.386,-56.208,-53.379,0.0,1.825,0.18,0.0,-1.929,-0.004,-2.938,-93.992,72.897,-8.862,-0.087,2.791,0.003,-5.999,-0.244,0.001,5.705,0.001,
2025-08-06 06:24:52.084,place_to_retreat_machine,1174.174,-5.766,262.366,95.209,-179.951,-138.651,-179.937,-59.939,-63.679,-0.385,-56.368,-53.38,0.001,1.187,0.171,0.0,-1.322,0.0,-2.882,-92.751,73.091,-8.893,-0.082,2.794,0.0,-5.96,-0.655,-0.002,6.157,0.019,
2025-08-06 06:24:52.184,place_to_retreat_machine,1174.174,-5.764,264.223,95.209,-179.951,-138.651,-179.937,-59.846,-63.666,-0.384,-56.468,-53.381,0.0,0.627,0.049,0.0,-0.691,0.0,-2.825,-92.254,73.117,-8.894,-0.09,2.794,-0.003,-4.922,-0.839,-0.001,5.351,0.0,
2025-08-06 06:24:52.284,place_to_retreat_machine,1174.174,-5.763,265.06,95.209,-179.951,-138.651,-179.937,-59.807,-63.661,-0.384,-56.511,-53.381,0.0,0.202,0.003,0.0,-0.252,0.0,-2.776,-91.756,73.141,-8.908,-0.098,2.8,0.0,-3.134,-0.243,0.001,3.457,0.0,waypoint
2025-08-06 06:24:52.384,place_to_retreat_machine,1174.174,-5.763,265.251,95.209,-179.951,-138.651,-179.936,-59.8,-63.66,-0.383,-56.525,-53.381,0.0,0.0,0.0,0.0,0.0,0.0,-2.732,-90.434,73.441,-8.967,-0.09,2.796,0.0,-1.011,-0.017,0.0,1.259,0.0,
2025-08-06 06:24:52.484,place_to_retreat_machine,1174.174,-5.763,265.254,95.209,-179.951,-138.651,-179.936,-59.8,-63.66,-0.383,-56.525,-53.381,0.0,0.0,0.0,0.0,0.0,0.0,-2.713,-90.207,73.635,-9.03,-0.022,2.79,0.0,0.0,0.0,-0.001,0.0,-2.272,
2025-08-06 06:24:52.585,place_to_retreat_machine,1174.174,-5.763,265.254,95.217,-179.951,-138.664,-179.936,-59.8,-63.66,-0.383,-56.525,-53.386,0.0,0.0,0.0,0.0,0.0,-0.457,-2.678,-90.231,73.649,-9.055,0.046,2.788,0.0,0.0,0.0,0.0,0.0,-31.988,
2025-08-06 06:24:52.684,place_to_retreat_machine,1174.175,-5.764,265.257,95.358,-179.951,-138.886,-179.936,-59.8,-63.661,-0.383,-56.525,-53.713,0.0,0.0,0.0,0.0,0.0,-6.398,-2.656,-90.465,73.657,-9.075,0.149,2.564,0.0,0.0,0.0,0.0,0.0,-73.636,
2025-08-06 06:24:52.787,place_to_retreat_machine,1174.175,-5.764,265.266,95.798,-179.951,-139.579,-179.936,-59.8,-63.661,-0.383,-56.524,-54.813,0.0,0.0,0.0,0.0,0.0,-15.331,-2.559,-90.541,73.638,-9.073,0.29,2.369,0.0,0.0,0.0,0.0,0.0,-90.319,
2025-08-06 06:24:52.883,place_to_retreat_machine,1174.177,-5.766,265.281,96.59,-179.951,-140.829,-179.935,-59.8,-63.661,-0.383,-56.524,-56.818,0.0,0.0,0.0,0.0,0.0,-24.371,-2.569,-90.58,73.628,-9.077,0.386,2.3,0.0,0.0,0.0,0.0,0.0,-71.397,
2025-08-06 06:24:52.985,place_to_retreat_machine,1174.179,-5.767,265.303,97.652,-179.951,-142.511,-179.935,-59.8,-63.661,-0.383,-56.524,-59.545,0.0,0.0,0.0,0.0,0.0,-29.468,-2.509,-90.639,73.635,-9.08,0.415,2.273,0.0,0.0,-0.021,0.0,0.0,-27.997,
2025-08-06 06:24:53.085,place_to_retreat_machine,1174.181,-5.769,265.326,98.807,-179.951,-144.349,-179.935,-59.8,-63.661,-0.383,-56.524,-62.54,0.0,0.0,-0.004,0.0,0.0,-30.027,-2.575,-90.721,73.589,-9.057,0.414,2.304,0.0,0.0,0.0,0.0,0.0,-3.473,
2025-08-06 06:24:53.184,place_to_retreat_machine,1174.183,-5.771,265.349,99.958,-179.95,-146.196,-179.935,-59.8,-63.661,-0.383,-56.524,-65.54,0.0,0.0,0.0,0.0,0.0,-30.159,-2.65,-90.765,73.623,-9.053,0.415,2.334,0.0,0.0,0.021,0.0,0.0,-0.479,
2025-08-06 06:24:53.283,place_to_retreat_machine,1174.185,-5.773,265.372,101.104,-179.95,-148.049,-179.935,-59.8,-63.661,-0.383,-56.524,-68.541,0.0,0.0,0.0,0.0,0.0,-30.122,-2.636,-90.819,73.605,-9.023,0.426,2.341,0.0,0.0,0.0,0.0,0.0,1.192,
2025-08-06 06:24:53.384,place_to_retreat_machine,1174.188,-5.775,265.396,102.243,-179.95,-149.909,-179.935,-59.8,-63.661,-0.383,-56.524,-71.539,0.0,0.0,0.0,0.0,0.0,-29.921,-2.637,-90.844,73.617,-9.025,0.415,2.343,0.0,0.0,-0.003,0.0,0.0,-0.379,
2025-08-06 06:24:53.484,place_to_retreat_machine,1174.19,-5.777,265.419,103.374,-179.95,-151.776,-179.935,-59.8,-63.661,-0.383,-56.524,-74.538,0.0,0.0,-0.001,0.0,0.0,-30.198,-2.64,-90.877,73.662,-9.023,0.416,2.355,0.0,0.0,0.0,0.0,0.0,-1.07,
2025-08-06 06:24:53.584,place_to_retreat_machine,1174.192,-5.779,265.442,104.498,-179.95,-153.651,-179.935,-59.8,-63.661,-0.383,-56.524,-77.539,0.0,0.0,0.0,0.0,0.0,-30.135,-2.615,-90.894,73.623,-8.992,0.425,2.336,0.0,0.0,0.003,0.0,0.0,1.509,
2025-08-06 06:24:53.684,place_to_retreat_machine,1174.194,-5.781,265.465,105.611,-179.949,-155.536,-179.935,-59.801,-63.661,-0.383,-56.524,-80.536,0.0,0.0,0.0,0.0,0.0,-29.896,-2.639,-90.884,73.647,-8.969,0.424,2.322,0.0,0.0,0.0,0.0,0.0,11.75,
2025-08-06 06:24:53.784,place_to_retreat_machine,1174.196,-5.783,265.488,106.688,-179.949,-157.383,-179.935,-59.801,-63.661,-0.383,-56.524,-83.473,0.0,0.0,0.0,0.0,0.0,-27.785,-2.62,-90.902,73.641,-8.954,0.414,2.318,0.0,0.0,0.0,0.0,0.0,44.455,
2025-08-06 06:24:53.885,place_to_retreat_machine,1174.198,-5.785,265.507,107.573,-179.949,-158.922,-179.935,-59.801,-63.661,-0.383,-56.525,-85.934,0.0,0.0,0.0,0.0,0.0,-20.96,-2.682,-90.876,73.685,-8.936,0.407,2.324,0.0,0.0,0.0,0.0,0.0,81.271,
2025-08-06 06:24:53.983,place_to_retreat_machine,1174.199,-5.786,265.519,108.144,-179.949,-159.925,-179.935,-59.801,-63.661,-0.383,-56.525,-87.551,0.0,0.0,0.0,0.0,0.0,-11.612,-2.76,-90.951,73.66,-8.901,0.41,2.361,0.0,0.0,0.0,0.0,0.0,86.472,
2025-08-06 06:24:54.084,place_to_retreat_machine,1174.2,-5.786,265.524,108.395,-179.949,-160.368,-179.935,-59.801,-63.661,-0.383,-56.525,-88.286,0.0,0.0,0.0,0.0,0.0,-3.752,-2.751,-90.969,73.738,-8.889,0.391,2.37,0.0,0.0,0.0,0.0,0.0,57.752,
2025-08-06 06:24:54.184,place_to_retreat_machine,1174.2,-5.787,265.525,108.438,-179.949,-160.446,-179.935,-59.801,-63.661,-0.383,-56.525,-88.418,0.0,0.0,0.0,0.0,0.0,-0.004,-2.736,-90.982,73.704,-8.885,0.367,2.375,0.0,0.0,0.0,0.0,0.0,18.669,waypoint
2025-08-06 06:24:54.285,place_to_retreat_machine,1174.2,-5.787,265.525,108.438,-179.949,-160.446,-179.935,-59.801,-63.661,-0.383,-56.525,-88.418,0.0,0.0,0.0,0.0,0.0,0.0,-2.682,-90.965,73.755,-8.91,0.343,2.406,0.434,0.812,-4.795,0.0,3.013,0.018,
2025-08-06 06:24:54.384,place_to_retreat_machine,1173.963,-5.608,265.525,108.438,-179.949,-160.446,-179.932,-59.799,-63.682,-0.383,-56.513,-88.418,0.087,0.162,-0.959,0.0,0.603,0.0,-2.537,-91.008,73.163,-8.853,0.384,2.45,5.284,9.865,-26.663,0.0,14.848,7.148,
2025-08-06 06:24:54.484,place_to_retreat_machine,1171.947,-4.083,265.523,108.438,-179.949,-160.446,-179.878,-59.701,-63.982,-0.383,-56.345,-88.378,1.052,1.963,-5.306,0.0,2.955,1.422,1.024,-86.795,71.438,-8.73,0.726,2.551,12.708,24.57,-53.632,0.0,29.881,14.077,
2025-08-06 06:24:54.584,place_to_retreat_machine,1166.431,0.086,265.518,108.438,-179.949,-160.446,-179.698,-59.345,-64.824,-0.384,-55.872,-88.153,2.628,5.076,-11.685,0.0,6.579,2.815,7.496,-81.232,70.958,-8.634,0.966,2.839,18.198,30.774,-67.165,0.0,37.345,16.926,
2025-08-06 06:24:54.686,place_to_retreat_machine,1156.302,7.744,265.509,108.438,-179.949,-160.446,-179.326,-58.67,-66.358,-0.386,-55.008,-87.758,4.728,8.18,-18.873,0.0,10.499,4.841,11.467,-80.857,69.083,-8.418,0.976,2.998,20.191,30.785,-67.171,-0.736,38.152,20.477,
2025-08-06 06:24:54.786,place_to_retreat_machine,1141.243,19.128,265.495,108.438,-179.949,-160.446,-178.752,-57.695,-68.584,-0.393,-53.757,-87.168,6.707,11.295,-25.254,-0.149,14.285,6.952,11.543,-75.921,68.546,-8.469,1.019,3.061,19.743,24.352,-54.198,-0.238,32.536,18.155,
2025-08-06 06:24:54.885,place_to_retreat_machine,1121.788,33.835,265.477,108.438,-179.949,-160.446,-177.981,-56.477,-71.365,-0.398,-52.193,-86.389,8.656,13.026,-29.659,-0.047,16.973,8.454,9.918,-74.807,67.106,-8.439,1.07,3.099,16.193,11.662,-30.99,0.584,17.672,16.249,
2025-08-06 06:24:54.985,place_to_retreat_machine,1099.234,50.885,265.456,108.438,-179.949,-160.446,-177.053,-55.125,-74.451,-0.406,-50.449,-85.448,9.929,13.616,-31.421,-0.032,17.802,10.185,8.831,-73.171,65.888,-8.364,1.171,3.102,9.407,0.975,-4.664,0.191,2.17,10.914,
2025-08-06 06:24:55.084,place_to_retreat_machine,1075.393,68.908,265.434,108.438,-179.949,-160.446,-176.026,-53.763,-77.565,-0.416,-48.68,-84.403,10.528,13.22,-30.587,-0.009,17.405,10.626,5.459,-71.172,64.979,-8.376,1.324,3.108,5.176,-5.492,11.663,0.148,-6.148,4.536,
2025-08-06 06:24:55.185,place_to_retreat_machine,1051.469,86.994,265.412,108.438,-179.949,-160.446,-174.954,-52.472,-80.545,-0.426,-46.98,-83.321,10.965,12.517,-29.088,-0.003,16.572,11.092,2.95,-67.827,63.614,-8.251,1.405,3.112,4.136,-5.962,13.798,-0.054,-7.347,4.129,
2025-08-06 06:24:55.287,place_to_retreat_machine,1027.545,105.08,265.39,108.438,-179.949,-160.446,-173.841,-51.251,-83.39,-0.436,-45.351,-82.185,11.368,12.009,-27.786,-0.02,15.914,11.464,3.74,-62.814,62.317,-8.003,1.466,3.112,3.747,-5.498,11.842,0.007,-6.16,5.122,
2025-08-06 06:24:55.385,place_to_retreat_machine,1003.621,123.166,265.368,108.438,-179.949,-160.446,-172.681,-50.095,-86.109,-0.445,-43.784,-81.011,11.714,11.418,-26.72,-0.002,15.34,12.117,4.159,-58.128,60.966,-7.794,1.508,3.105,4.893,-6.112,11.821,-0.084,-5.784,5.554,
2025-08-06 06:24:55.484,place_to_retreat_machine,979.696,141.252,265.346,108.438,-179.949,-160.446,-171.464,-49.001,-88.709,-0.455,-42.279,-79.772,12.332,10.805,-25.457,-0.037,14.774,12.558,3.787,-53.949,59.548,-7.589,1.529,3.117,6.394,-6.786,11.845,-0.461,-5.159,4.862,
2025-08-06 06:24:55.584,place_to_retreat_machine,955.772,159.338,265.324,108.438,-179.949,-160.446,-170.199,-47.956,-91.198,-0.465,-40.833,-78.491,12.987,10.067,-24.363,-0.093,14.314,13.084,4.243,-51.47,57.626,-7.311,1.528,3.126,6.21,-5.772,10.168,0.166,-5.477,6.051,
2025-08-06 06:24:55.683,place_to_retreat_machine,931.848,177.424,265.302,108.438,-179.949,-160.446,-168.879,-46.964,-93.579,-0.475,-39.445,-77.151,13.568,9.657,-23.434,-0.004,13.684,13.763,4.498,-48.721,55.776,-7.041,1.527,3.145,5.178,-4.15,10.648,0.064,-5.52,6.162,
2025-08-06 06:24:55.785,place_to_retreat_machine,907.924,195.51,265.28,108.438,-179.949,-160.446,-167.498,-46.03,-95.855,-0.486,-38.106,-75.755,14.027,9.233,-22.222,-0.081,13.204,14.323,4.498,-43.274,55.386,-6.949,1.609,3.158,6.056,-5.511,10.489,-0.137,-5.933,5.46,
2025-08-06 06:24:55.884,place_to_retreat_machine,884.0,213.596,265.257,108.438,-179.949,-160.446,-166.06,-45.138,-98.035,-0.496,-36.821,-74.3,14.785,8.549,-21.325,-0.031,12.492,14.86,4.762,-42.737,53.17,-6.623,1.583,3.167,6.517,-4.601,9.902,-0.414,-4.042,5.184,
2025-08-06 06:24:55.984,place_to_retreat_machine,860.075,231.682,265.235,108.438,-179.949,-160.446,-164.56,-44.296,-100.109,-0.508,-35.584,-72.782,15.324,8.317,-20.252,-0.163,12.4,15.354,5.021,-39.416,52.11,-6.473,1.593,3.185,5.863,-4.105,9.235,-0.138,-5.656,8.093,
2025-08-06 06:24:56.083,place_to_retreat_machine,836.151,249.768,265.213,108.438,-179.949,-160.446,-162.998,-43.502,-102.087,-0.521,-34.405,-71.201,15.952,7.732,-19.487,-0.059,11.366,16.471,4.95,-37.03,50.502,-6.253,1.592,3.186,6.446,-5.229,8.791,0.687,-6.619,7.837,
2025-08-06 06:24:56.184,place_to_retreat_machine,812.227,267.854,265.191,108.438,-179.949,-160.446,-161.37,-42.754,-103.972,-0.532,-33.272,-69.558,16.613,7.272,-18.494,-0.025,11.076,16.922,5.439,-35.48,48.708,-5.997,1.576,3.2,6.669,-4.656,11.795,-0.316,-3.56,3.764,
2025-08-06 06:24:56.284,place_to_retreat_machine,788.303,285.939,265.169,108.438,-179.949,-160.446,-159.677,-42.052,-105.753,-0.545,-32.193,-67.848,17.292,6.796,-17.117,-0.122,10.651,17.227,4.97,-33.256,48.35,-5.925,1.652,3.217,6.176,-4.426,10.764,-0.617,-5.033,5.201,
2025-08-06 06:24:56.387,place_to_retreat_machine,764.379,304.025,265.147,108.438,-179.949,-160.446,-157.916,-41.394,-107.434,-0.558,-31.167,-66.067,17.867,6.373,-16.309,-0.151,10.054,17.978,5.774,-31.371,46.91,-5.703,1.632,3.216,6.611,-4.489,8.401,0.261,-5.106,7.592,
2025-08-06 06:24:56.484,place_to_retreat_machine,740.455,322.111,265.125,108.438,-179.949,-160.446,-156.088,-40.783,-109.02,-0.571,-30.195,-64.223,18.614,5.899,-15.436,-0.07,9.63,18.746,5.558,-30.449,45.526,-5.495,1.623,3.212,7.496,-4.318,10.066,0.474,-5.447,8.394,
2025-08-06 06:24:56.584,place_to_retreat_machine,716.53,340.197,265.103,108.438,-179.949,-160.446,-154.193,-40.217,-110.502,-0.583,-29.283,-62.314,19.344,5.522,-14.326,-0.057,8.981,19.631,5.637,-27.475,44.392,-5.343,1.614,3.196,5.714,-4.979,10.554,0.057,-7.092,7.743,
2025-08-06 06:24:56.683,place_to_retreat_machine,692.606,358.283,265.081,108.438,-179.949,-160.446,-152.23,-39.694,-111.883,-0.595,-28.425,-60.334,19.751,4.908,-13.336,-0.059,8.218,20.287,5.811,-28.647,43.241,-5.189,1.63,3.178,6.016,-4.583,10.685,-0.17,-7.644,6.005,
2025-08-06 06:24:56.783,place_to_retreat_machine,668.682,376.369,265.059,108.438,-179.949,-160.446,-150.202,-39.218,-113.156,-0.606,-27.633,-58.296,20.541,4.61,-12.199,-0.091,7.46,20.826,6.062,-25.7,42.334,-5.044,1.633,3.176,7.309,-4.15,10.62,0.067,-5.62,4.996,
2025-08-06 06:24:56.884,place_to_retreat_machine,644.758,394.455,265.037,108.438,-179.949,-160.446,-148.11,-38.784,-114.323,-0.618,-26.9,-56.186,21.221,4.073,-11.201,-0.045,7.089,21.291,5.495,-25.828,41.051,-4.875,1.606,3.177,5.467,-4.842,10.912,0.253,-6.58,4.886,
2025-08-06 06:24:56.986,place_to_retreat_machine,620.834,412.541,265.015,108.438,-179.949,-160.446,-145.958,-38.397,-115.38,-0.629,-26.233,-54.024,21.651,3.627,-9.984,-0.04,6.124,21.818,6.28,-25.141,40.057,-4.691,1.59,3.186,5.503,-4.127,11.291,0.062,-7.715,5.198,
2025-08-06 06:24:57.085,place_to_retreat_machine,596.909,430.627,264.993,108.438,-179.949,-160.446,-143.746,-38.055,-116.321,-0.64,-25.636,-51.798,22.327,3.244,-8.932,-0.033,5.538,22.336,5.871,-23.768,39.576,-4.636,1.603,3.184,2.611,-4.871,12.577,-0.106,-6.305,0.626,
2025-08-06 06:24:57.184,place_to_retreat_machine,573.332,448.451,264.971,108.438,-179.949,-160.446,-141.508,-37.76,-117.141,-0.648,-25.112,-49.554,22.168,2.663,-7.494,-0.061,4.876,21.942,5.023,-23.239,38.783,-4.505,1.593,3.192,-12.615,-6.23,16.818,0.125,-9.74,-13.681,
2025-08-06 06:24:57.284,place_to_retreat_machine,551.763,464.756,264.951,108.438,-179.949,-160.446,-139.404,-37.526,-117.791,-0.655,-24.695,-47.446,19.816,2.004,-5.585,-0.008,3.6,19.613,1.418,-22.758,38.384,-4.46,1.62,3.207,-31.771,-6.592,18.543,0.291,-11.799,-30.738,
2025-08-06 06:24:57.385,place_to_retreat_machine,533.863,478.288,264.934,108.438,-179.949,-160.446,-137.619,-37.359,-118.26,-0.659,-24.396,-45.666,15.782,1.338,-3.767,-0.002,2.504,15.764,-2.241,-22.41,37.925,-4.392,1.632,3.224,-43.75,-6.02,16.228,0.039,-10.429,-42.495,
2025-08-06 06:24:57.485,place_to_retreat_machine,520.66,488.269,264.922,108.438,-179.949,-160.446,-136.279,-37.256,-118.562,-0.662,-24.201,-44.332,11.023,0.794,-2.323,-0.0,1.503,11.071,-6.645,-20.566,37.119,-4.302,1.605,3.223,-48.667,-4.604,12.945,0.012,-8.87,-47.818,
2025-08-06 06:24:57.583,place_to_retreat_machine,512.367,494.538,264.915,108.438,-179.949,-160.446,-135.426,-37.193,-118.732,-0.662,-24.091,-43.48,6.146,0.426,-1.204,0.0,0.748,6.296,-7.453,-20.614,36.878,-4.25,1.598,3.217,-43.325,-3.385,9.427,0.001,-5.955,-42.813,
2025-08-06 06:24:57.683,place_to_retreat_machine,508.351,497.574,264.911,108.438,-179.949,-160.446,-135.009,-37.165,-118.812,-0.663,-24.041,-43.062,2.444,0.124,-0.457,0.0,0.324,2.594,-4.414,-21.323,36.851,-4.187,1.588,3.198,-29.258,-2.061,5.691,0.0,-3.645,-30.076,
2025-08-06 06:24:57.786,place_to_retreat_machine,507.237,498.416,264.91,108.438,-179.949,-160.446,-134.89,-37.156,-118.834,-0.663,-24.024,-42.945,0.206,0.008,-0.049,0.0,0.008,0.19,-2.414,-21.431,36.672,-4.134,1.546,3.192,-12.1,-0.614,2.261,0.0,-1.606,-12.836,waypoint
2025-08-06 06:24:57.885,place_to_retreat_machine,507.194,498.449,264.91,108.438,-179.949,-160.446,-134.889,-37.155,-118.835,-0.663,-24.023,-42.939,0.0,0.0,0.0,0.0,0.0,0.002,0.533,-22.31,36.712,-4.069,1.458,3.135,-0.908,1.018,0.376,0.0,-1.702,-0.925,
2025-08-06 06:24:57.986,place_to_retreat_machine,507.149,498.514,265.012,108.438,-179.949,-160.447,-134.891,-37.153,-118.835,-0.663,-24.028,-42.938,0.025,0.212,0.027,0.0,-0.332,0.005,1.644,-22.671,37.01,-4.068,1.347,3.096,15.338,18.704,5.801,0.0,-27.655,16.555,
2025-08-06 06:24:58.085,place_to_retreat_machine,505.816,500.456,268.062,108.416,-179.946,-160.473,-134.768,-36.989,-118.786,-0.662,-24.287,-42.782,3.068,3.741,1.16,0.0,-5.531,3.313,7.62,-15.809,39.591,-4.302,0.962,3.141,45.862,53.358,14.789,0.794,-69.647,44.064,
2025-08-06 06:24:58.184,place_to_retreat_machine,500.961,507.226,278.897,108.407,-179.934,-160.5,-134.161,-36.271,-118.583,-0.655,-25.259,-42.176,9.106,10.777,2.955,0.157,-14.122,8.73,15.184,-2.187,43.419,-4.526,0.66,3.183,60.692,73.26,18.902,1.47,-89.404,55.27,
2025-08-06 06:24:58.283,place_to_retreat_machine,491.158,519.648,299.669,108.538,-179.914,-160.404,-132.934,-34.81,-118.188,-0.633,-27.142,-41.001,15.084,18.246,4.903,0.291,-23.233,14.256,15.891,6.732,45.889,-4.596,0.494,3.205,50.613,61.973,15.687,0.559,-74.077,47.523,
2025-08-06 06:24:58.383,place_to_retreat_machine,476.338,535.845,328.852,108.821,-179.887,-160.169,-131.188,-32.723,-117.634,-0.605,-29.791,-39.339,19.177,23.109,6.076,0.268,-28.864,18.187,12.732,10.272,46.725,-4.633,0.319,3.228,23.738,29.468,7.267,0.213,-34.194,23.094,
2025-08-06 06:24:58.483,place_to_retreat_machine,458.243,552.329,361.797,109.132,-179.86,-159.911,-129.214,-30.342,-117.012,-0.573,-32.77,-37.468,19.832,24.14,6.356,0.334,-30.072,18.875,6.58,9.41,46.887,-4.714,0.168,3.24,2.507,3.168,0.816,0.341,-5.094,3.274,
2025-08-06 06:24:58.584,place_to_retreat_machine,438.534,567.046,395.207,109.371,-179.835,-159.725,-127.239,-27.968,-116.386,-0.539,-35.77,-35.593,19.681,23.746,6.241,0.337,-29.888,18.845,2.797,14.27,49.061,-5.099,0.077,3.247,-0.965,-1.821,0.274,-0.288,1.163,-0.795,
2025-08-06 06:24:58.684,place_to_retreat_machine,417.437,579.77,428.837,109.506,-179.812,-159.644,-125.267,-25.599,-115.76,-0.507,-38.771,-33.709,19.638,23.774,6.411,0.276,-29.838,18.715,3.273,24.816,52.466,-5.57,-0.021,3.232,0.345,1.152,-0.365,0.109,-1.767,-0.941,
2025-08-06 06:24:58.785,place_to_retreat_machine,395.099,590.374,462.61,109.519,-179.792,-159.685,-123.297,-23.24,-115.135,-0.476,-41.771,-31.833,19.751,23.978,6.167,0.359,-30.243,18.656,2.462,33.773,55.774,-6.071,-0.131,3.328,0.318,-0.847,-0.958,0.136,0.223,0.654,
2025-08-06 06:24:58.885,place_to_retreat_machine,371.68,598.745,496.447,109.397,-179.774,-159.862,-121.332,-20.88,-114.508,-0.443,-44.77,-29.95,19.702,23.603,6.219,0.303,-29.793,18.846,3.115,41.458,59.073,-6.526,-0.289,3.556,-0.61,-1.354,1.046,-0.272,1.394,0.764,
2025-08-06 06:24:58.984,place_to_retreat_machine,347.349,604.782,530.27,109.132,-179.758,-160.182,-119.363,-18.522,-113.884,-0.411,-47.771,-28.07,19.629,23.708,6.375,0.305,-29.965,18.808,3.095,48.658,62.298,-7.009,-0.394,3.775,0.053,-0.157,0.044,0.035,-1.419,1.182,
2025-08-06 06:24:59.085,place_to_retreat_machine,322.283,608.399,563.996,108.72,-179.744,-160.651,-117.395,-16.164,-113.258,-0.382,-50.77,-26.192,19.712,23.572,6.228,0.31,-30.077,19.083,3.388,55.4,65.083,-7.42,-0.529,3.944,0.292,0.923,-0.855,0.095,0.533,0.454,
2025-08-06 06:24:59.183,place_to_retreat_machine,296.669,609.521,597.545,108.16,-179.731,-161.269,-115.431,-13.806,-112.632,-0.349,-53.77,-24.313,19.687,23.892,6.205,0.324,-29.859,18.898,2.932,61.295,67.761,-7.828,-0.646,4.075,-0.293,0.003,0.114,-0.142,0.584,-0.673,
2025-08-06 06:24:59.284,place_to_retreat_machine,270.7,608.093,630.833,107.454,-179.719,-162.034,-113.461,-11.452,-112.007,-0.316,-56.77,-22.436,19.654,23.573,6.25,0.282,-29.961,18.949,3.198,66.763,70.36,-8.238,-0.703,4.158,0.073,-1.579,0.924,-0.05,-1.73,-0.781,
2025-08-06 06:24:59.386,place_to_retreat_machine,244.576,604.072,663.777,106.611,-179.708,-162.938,-111.494,-9.092,-111.381,-0.285,-59.77,-20.552,19.702,23.571,6.393,0.314,-30.211,18.74,2.974,71.082,72.57,-8.562,-0.82,4.229,0.234,0.615,-0.184,0.18,0.506,-0.745,
2025-08-06 06:24:59.487,place_to_retreat_machine,218.499,597.435,696.294,105.644,-179.697,-163.968,-109.531,-6.736,-110.756,-0.253,-62.769,-18.671,19.702,23.698,6.213,0.318,-29.858,18.798,3.114,74.795,74.97,-8.926,-0.935,4.29,0.418,-0.328,-0.204,-0.126,1.073,1.276,
2025-08-06 06:24:59.586,place_to_retreat_machine,192.676,588.174,728.299,104.573,-179.687,-165.104,-107.562,-4.378,-110.129,-0.22,-65.769,-16.791,19.786,23.506,6.352,0.288,-29.996,18.995,3.278,78.115,77.034,-9.218,-1.088,4.35,0.299,-0.075,-0.236,0.017,-0.866,0.562,
2025-08-06 06:24:59.684,place_to_retreat_machine,167.314,576.299,759.709,103.422,-179.677,-166.322,-105.596,-2.022,-109.505,-0.19,-68.769,-14.911,19.761,23.683,6.166,0.322,-30.028,18.908,3.477,81.086,78.707,-9.495,-1.147,4.367,-0.744,-0.027,-0.097,-0.847,1.326,-1.378,
2025-08-06 06:24:59.784,place_to_retreat_machine,142.62,561.836,790.441,102.222,-179.667,-167.591,-103.632,0.336,-108.879,-0.16,-71.768,-13.03,19.639,23.5,6.333,0.121,-29.734,18.722,3.524,83.154,80.779,-9.807,-0.932,3.969,-0.81,-0.224,0.856,-0.178,0.69,-1.207,
2025-08-06 06:24:59.884,place_to_retreat_machine,118.803,544.83,820.412,101.007,-179.656,-168.877,-101.663,2.692,-108.252,-0.127,-74.768,-11.151,19.598,23.638,6.338,0.286,-29.89,18.667,3.413,85.635,81.721,-9.988,-0.97,3.503,0.532,0.913,-0.571,1.165,-2.492,-0.219,
2025-08-06 06:24:59.985,place_to_retreat_machine,96.063,525.343,849.54,99.815,-179.645,-170.143,-99.698,5.049,-107.629,-0.096,-77.768,-9.276,19.746,23.684,6.218,0.355,-30.234,18.678,3.746,87.634,82.899,-10.136,-1.07,3.456,0.686,0.067,-0.449,-0.049,0.382,1.138,
2025-08-06 06:25:00.084,place_to_retreat_machine,74.602,503.456,877.743,98.684,-179.633,-171.351,-97.732,7.406,-107.001,-0.066,-80.767,-7.393,19.736,23.652,6.248,0.277,-29.814,18.895,3.539,89.423,83.945,-10.269,-1.171,3.517,-0.373,-0.704,0.601,-0.049,1.173,0.248,
2025-08-06 06:25:00.184,place_to_retreat_machine,54.612,479.264,904.942,97.65,-179.62,-172.464,-95.765,9.76,-106.376,-0.033,-83.768,-5.516,19.671,23.544,6.338,0.345,-30.001,18.727,3.956,91.436,84.754,-10.397,-1.226,3.583,-2.758,-3.42,-0.5,0.134,3.775,-1.895,
2025-08-06 06:25:00.284,place_to_retreat_machine,36.408,453.084,930.869,96.754,-179.606,-173.441,-93.808,12.107,-105.753,-0.001,-86.749,-3.647,19.184,22.968,6.148,0.303,-29.059,18.516,3.836,93.382,85.148,-10.441,-1.256,3.642,-21.777,-23.078,-7.746,-0.508,32.99,-20.94,
2025-08-06 06:25:00.384,place_to_retreat_machine,21.821,428.258,952.828,96.094,-179.594,-174.175,-92.06,14.231,-105.198,0.025,-89.408,-1.981,15.316,18.928,4.788,0.243,-23.403,14.539,3.007,85.931,83.188,-10.277,-0.996,3.681,-47.272,-56.088,-15.279,-0.758,72.696,-46.985,
2025-08-06 06:25:00.485,place_to_retreat_machine,12.432,409.822,967.771,95.712,-179.584,-174.61,-90.802,15.759,-104.802,0.048,-91.305,-0.786,9.682,11.694,3.077,0.151,-14.447,9.071,3.457,76.659,81.596,-10.066,-0.662,3.684,-56.835,-71.9,-17.634,-1.209,88.384,-54.99,
2025-08-06 06:25:00.584,place_to_retreat_machine,7.945,400.138,975.21,95.545,-179.579,-174.804,-90.141,16.546,-104.597,0.061,-92.293,-0.17,3.949,4.548,1.262,0.002,-5.726,3.541,3.32,74.921,81.423,-10.024,-0.563,3.673,-46.28,-57.213,-15.089,-0.755,69.296,-43.343,
2025-08-06 06:25:00.685,place_to_retreat_machine,6.8,397.562,977.145,95.505,-179.578,-174.851,-89.953,16.746,-104.54,0.063,-92.566,0.002,0.426,0.251,0.059,0.0,-0.588,0.403,3.123,82.476,83.012,-10.248,-0.741,3.688,-19.844,-22.854,-6.34,-0.008,28.774,-17.795,
2025-08-06 06:25:00.783,place_to_retreat_machine,6.774,397.501,977.19,95.504,-179.578,-174.852,-89.948,16.747,-104.538,0.063,-92.574,0.011,0.0,0.0,0.0,0.0,0.0,0.0,2.895,92.92,85.702,-10.631,-0.974,3.676,-2.163,-1.263,-0.296,0.0,2.954,-2.025,waypoint
2025-08-06 06:25:00.884,place_to_retreat_machine,6.774,397.501,977.19,95.504,-179.578,-174.852,-89.952,16.747,-104.538,0.063,-92.574,0.011,-0.004,0.0,0.0,0.0,0.0,0.0,1.888,96.295,86.233,-10.804,-0.975,3.639,-0.13,-0.005,0.0,0.0,0.0,0.0,
2025-08-06 06:25:00.984,place_to_retreat_machine,6.774,397.501,977.19,95.504,-179.578,-174.852,-89.958,16.746,-104.538,0.063,-92.573,0.011,-0.026,-0.001,0.0,0.0,0.0,0.0,1.155,95.908,86.332,-10.846,-0.827,3.6,-0.099,-0.014,0.0,0.0,0.004,0.0,
2025-08-06 06:25:01.084,place_to_retreat_machine,6.774,397.501,977.19,95.504,-179.578,-174.852,-89.964,16.742,-104.539,0.062,-92.572,0.011,-0.024,-0.003,0.0,0.0,0.001,0.0,0.375,95.068,86.305,-10.867,-0.609,3.587,0.076,-0.272,0.0,0.0,0.0,0.0,
2025-08-06 06:25:01.185,place_to_retreat_machine,6.774,397.501,977.19,95.504,-179.578,-174.852,-89.971,16.735,-104.539,0.062,-92.571,0.01,-0.011,-0.056,0.0,0.0,0.0,0.0,-0.063,93.806,86.228,-10.901,-0.519,3.569,0.103,-0.232,0.0,0.0,-0.004,0.0,
2025-08-06 06:25:01.284,place_to_retreat_machine,6.774,397.501,977.19,95.504,-179.578,-174.852,-89.977,16.723,-104.539,0.061,-92.571,0.01,-0.003,-0.049,0.0,0.0,0.0,0.0,-0.362,93.232,86.279,-10.938,-0.477,3.556,0.011,0.066,0.0,0.0,0.0,0.0,
2025-08-06 06:25:01.384,place_to_retreat_machine,6.774,397.501,977.19,95.504,-179.578,-174.852,-89.981,16.713,-104.539,0.061,-92.57,0.01,-0.009,-0.043,0.0,0.0,0.0,0.0,-0.688,92.977,86.205,-10.961,-0.465,3.548,0.012,0.115,-0.002,0.0,0.0,0.0,
2025-08-06 06:25:01.484,place_to_retreat_machine,6.774,397.501,977.19,95.504,-179.578,-174.852,-89.985,16.706,-104.54,0.061,-92.57,0.009,-0.001,-0.026,-0.0,0.0,0.0,0.0,-0.706,92.391,86.219,-10.977,-0.449,3.529,0.042,0.208,0.0,0.0,0.0,-0.001,
2025-08-06 06:25:01.684,place_to_retreat_machine,6.774,397.501,977.19,95.504,-179.578,-174.852,-89.989,16.695,-104.54,0.06,-92.57,0.007,-0.001,-0.003,0.0,0.0,0.0,-0.004,-0.822,92.117,86.162,-10.986,-0.462,3.511,0.001,0.006,0.0,0.0,0.0,0.001,
2025-08-06 06:25:01.884,place_to_retreat_machine,6.774,397.501,977.19,95.504,-179.578,-174.852,-89.991,16.69,-104.54,0.06,-92.57,0.005,0.0,0.0,0.0,0.0,0.0,0.0,-0.832,92.166,86.18,-10.994,-0.462,3.476,-0.001,0.0,0.0,0.0,0.0,0.0,
2025-08-06 06:25:02.085,place_to_retreat_machine,6.774,397.501,977.19,95.504,-179.578,-174.852,-89.991,16.688,-104.54,0.06,-92.57,0.002,0.0,0.0,0.0,0.0,0.0,-0.006,-0.756,92.206,86.136,-10.984,-0.482,3.449,0.001,0.0,0.0,0.0,0.0,0.0,
2025-08-06 06:25:02.285,place_to_retreat_machine,6.774,397.501,977.19,95.504,-179.578,-174.852,-89.991,16.688,-104.54,0.06,-92.57,-0.001,0.0,0.0,0.0,0.0,0.0,0.0,-0.668,92.276,86.111,-10.987,-0.473,3.421,0.0,0.0,0.0,0.0,0.0,0.0,
2025-08-06 06:25:02.483,place_to_retreat_machine,6.774,397.501,977.19,95.504,-179.578,-174.852,-89.991,16.688,-104.54,0.06,-92.57,-0.001,0.0,0.0,0.0,0.0,0.0,0.0,-0.613,92.525,86.141,-10.987,-0.466,3.408,0.0,0.0,0.0,0.0,0.0,0.0,
2025-08-06 06:25:02.686,place_to_retreat_machine,6.774,397.501,977.19,95.504,-179.578,-174.852,-89.991,16.688,-104.54,0.06,-92.57,-0.001,0.0,0.0,0.0,0.0,0.0,0.0,-0.559,92.569,86.111,-10.985,-0.47,3.417,0.0,0.0,0.0,0.0,0.0,0.0,
2025-08-06 06:25:02.885,place_to_retreat_machine,6.774,397.501,977.19,95.504,-179.578,-174.852,-89.991,16.688,-104.54,0.06,-92.57,-0.001,0.0,0.0,0.0,0.0,0.0,0.0,-0.533,92.64,86.115,-10.981,-0.47,3.417,0.0,0.0,0.0,0.0,0.0,0.0,
2025-08-06 06:25:03.084,place_to_retreat_machine,6.774,397.501,977.19,95.504,-179.578,-174.852,-89.991,16.688,-104.54,0.06,-92.57,-0.001,0.0,0.0,0.0,0.0,0.0,0.0,-0.517,92.655,86.129,-10.98,-0.468,3.414,0.0,0.0,0.0,0.0,0.0,0.0,
2025-08-06 06:25:03.284,place_to_retreat_machine,6.774,397.501,977.19,95.504,-179.578,-174.852,-89.991,16.688,-104.54,0.06,-92.57,-0.001,0.0,0.0,0.0,0.0,0.0,0.0,-0.493,92.664,86.134,-10.975,-0.475,3.408,0.0,0.0,0.0,0.0,0.0,0.0,
2025-08-06 06:25:03.485,place_to_retreat_machine,6.201,397.718,977.137,95.588,-179.578,-174.851,-89.942,16.688,-104.539,0.06,-92.563,-0.001,1.405,-0.227,0.01,0.0,0.165,0.0,1.45,92.366,86.183,-10.951,-0.418,3.415,28.2,-5.377,1.976,0.0,3.998,0.0,
2025-08-06 06:25:03.586,place_to_retreat_machine,3.49,398.728,976.888,95.984,-179.58,-174.844,-89.597,16.621,-104.515,0.06,-92.513,-0.001,5.696,-1.086,0.399,0.0,0.808,0.0,7.27,86.221,86.43,-10.793,-0.141,3.402,50.846,-9.633,3.457,0.0,6.797,0.0,
2025-08-06 06:25:03.685,place_to_retreat_machine,-2.748,400.964,976.314,96.887,-179.584,-174.829,-88.742,16.456,-104.457,0.06,-92.4,-0.001,11.574,-2.154,0.701,0.0,1.525,0.0,9.774,83.755,86.575,-10.679,0.084,3.386,60.823,-11.448,3.391,-0.003,8.068,0.0,
2025-08-06 06:25:03.784,place_to_retreat_machine,-13.388,404.5,975.334,98.407,-179.591,-174.804,-87.277,16.182,-104.361,0.059,-92.207,-0.001,17.739,-3.353,1.071,-0.001,2.405,0.0,11.036,81.324,86.556,-10.653,0.277,3.374,58.729,-11.412,3.983,-0.052,7.757,0.0,
2025-08-06 06:25:03.889,place_to_retreat_machine,-28.659,408.985,973.925,100.544,-179.601,-174.766,-85.203,15.785,-104.224,0.057,-91.934,-0.001,23.555,-4.482,1.514,-0.011,3.107,0.0,11.269,80.843,86.579,-10.702,0.358,3.375,50.258,-9.916,3.489,0.003,6.517,0.0,
2025-08-06 06:25:03.985,place_to_retreat_machine,-48.06,413.728,972.128,103.195,-179.613,-174.718,-82.612,15.285,-104.057,0.053,-91.592,-0.001,27.841,-5.346,1.772,0.0,3.715,0.0,10.272,81.34,86.606,-10.86,0.359,3.371,33.493,-7.093,1.59,0.054,4.575,0.0,
2025-08-06 06:25:04.083,place_to_retreat_machine,-70.361,417.925,970.049,106.166,-179.627,-174.66,-79.696,14.717,-103.867,0.052,-91.208,-0.001,30.052,-5.858,1.822,0.0,3.995,0.0,8.451,82.973,86.431,-10.963,0.332,3.375,11.066,-2.552,0.834,-0.003,1.65,0.0,
2025-08-06 06:25:04.187,place_to_retreat_machine,-93.883,420.967,967.835,109.228,-179.641,-174.597,-76.684,14.134,-103.672,0.05,-90.814,-0.001,30.077,-5.861,1.94,-0.001,4.048,0.0,5.743,86.757,86.576,-11.125,0.274,3.381,-0.576,0.189,0.837,0.0,0.093,0.0,
2025-08-06 06:25:04.287,place_to_retreat_machine,-117.914,422.665,965.545,112.295,-179.655,-174.53,-73.68,13.557,-103.476,0.047,-90.421,-0.001,29.935,-5.819,1.993,0.0,4.014,0.0,5.373,85.8,86.49,-11.185,0.297,3.377,-0.258,0.486,0.109,0.002,0.092,0.0,
2025-08-06 06:25:04.385,place_to_retreat_machine,-142.371,422.972,963.181,115.367,-179.669,-174.457,-70.674,12.978,-103.281,0.044,-90.025,-0.001,30.025,-5.765,1.962,-0.0,4.066,0.0,5.484,85.62,86.597,-11.252,0.284,3.377,-0.048,0.067,0.055,-0.002,-0.019,0.0,
2025-08-06 06:25:04.485,place_to_retreat_machine,-167.173,421.85,960.741,118.445,-179.683,-174.38,-67.672,12.403,-103.086,0.042,-89.629,-0.001,29.925,-5.806,2.004,-0.0,4.01,0.0,5.384,84.835,86.677,-11.255,0.291,3.374,-0.609,-0.314,-0.177,-0.013,-1.026,0.0,
2025-08-06 06:25:04.583,place_to_retreat_machine,-192.235,419.262,958.227,121.528,-179.697,-174.295,-64.671,11.824,-102.89,0.04,-89.234,-0.001,29.905,-5.827,1.927,-0.003,3.863,0.0,5.539,83.703,86.657,-11.236,0.303,3.366,0.326,0.081,-1.013,0.001,-0.82,0.0,
2025-08-06 06:25:04.684,place_to_retreat_machine,-217.47,415.178,955.637,124.62,-179.711,-174.204,-61.67,11.248,-102.695,0.037,-88.84,-0.001,29.99,-5.79,1.802,-0.0,3.847,0.0,5.494,84.444,86.826,-11.28,0.291,3.369,0.221,0.245,0.286,0.006,-0.241,0.0,
2025-08-06 06:25:04.784,place_to_retreat_machine,-242.788,409.574,952.973,127.719,-179.725,-174.104,-58.67,10.674,-102.5,0.034,-88.445,-0.001,29.949,-5.778,1.984,-0.001,3.815,0.0,5.751,82.926,86.509,-11.258,0.317,3.365,-0.425,0.146,0.78,0.001,-0.315,0.0,
2025-08-06 06:25:04.884,place_to_retreat_machine,-268.097,402.429,950.233,130.828,-179.739,-173.995,-55.67,10.095,-102.305,0.033,-88.049,-0.0,29.905,-5.76,1.958,0.0,3.784,0.0,5.784,83.05,86.397,-11.289,0.297,3.364,-0.273,0.063,-0.383,0.007,0.552,0.0,
2025-08-06 06:25:04.985,place_to_retreat_machine,-293.304,393.73,947.419,133.949,-179.753,-173.874,-52.67,9.521,-102.11,0.03,-87.653,-0.0,29.894,-5.765,1.907,0.0,3.926,0.0,5.852,82.721,86.24,-11.279,0.301,3.355,-0.166,-0.042,0.001,-0.01,0.303,0.0,
2025-08-06 06:25:05.089,place_to_retreat_machine,-318.313,383.469,944.53,137.082,-179.767,-173.74,-49.67,8.943,-101.914,0.028,-87.259,0.0,29.871,-5.769,1.958,-0.002,3.846,0.0,6.191,81.37,86.352,-11.286,0.337,3.348,-0.076,0.396,-0.216,0.0,-0.214,0.0,
2025-08-06 06:25:05.185,place_to_retreat_machine,-343.029,371.642,941.566,140.232,-179.781,-173.59,-46.67,8.365,-101.718,0.026,-86.865,0.0,29.879,-5.686,1.864,0.0,3.883,0.0,6.081,82.464,86.625,-11.306,0.319,3.346,0.109,0.361,-0.342,0.005,0.364,0.0,
2025-08-06 06:25:05.287,place_to_retreat_machine,-367.353,358.254,938.527,143.401,-179.795,-173.42,-43.668,7.792,-101.523,0.023,-86.47,0.001,29.893,-5.698,1.891,-0.001,3.918,0.0,6.34,81.399,86.589,-11.28,0.328,3.352,-0.041,-0.059,0.497,-0.047,0.275,0.0,
2025-08-06 06:25:05.383,place_to_retreat_machine,-391.188,343.313,935.414,146.594,-179.809,-173.227,-40.668,7.214,-101.328,0.021,-86.073,0.001,29.871,-5.698,1.962,-0.009,3.938,0.0,6.518,80.699,86.435,-11.255,0.318,3.34,-0.162,-0.466,0.086,-0.017,-0.065,0.0,
2025-08-06 06:25:05.485,place_to_retreat_machine,-414.437,326.836,932.226,149.816,-179.823,-173.005,-37.668,6.64,-101.133,0.019,-85.678,0.001,29.861,-5.79,1.908,-0.004,3.905,0.0,6.419,81.301,86.413,-11.274,0.304,3.34,-0.033,-0.744,-0.249,-0.014,0.208,0.0,
2025-08-06 06:25:05.584,place_to_retreat_machine,-437.002,308.844,928.964,153.074,-179.837,-172.747,-34.669,6.064,-100.937,0.016,-85.285,0.002,29.864,-5.847,1.912,-0.012,3.979,0.0,6.856,79.334,86.081,-11.24,0.35,3.342,0.15,-0.069,0.384,0.017,-0.015,0.0,
2025-08-06 06:25:05.685,place_to_retreat_machine,-458.787,289.364,925.627,156.379,-179.851,-172.441,-31.669,5.484,-100.741,0.014,-84.89,0.003,29.891,-5.804,1.985,-0.001,3.902,0.0,6.774,80.345,86.119,-11.272,0.335,3.353,-0.029,0.445,-0.023,0.028,0.379,0.027,
2025-08-06 06:25:05.784,place_to_retreat_machine,-479.696,268.431,922.216,159.746,-179.865,-172.074,-28.669,4.91,-100.546,0.012,-84.494,0.004,29.859,-5.758,1.908,-0.006,4.055,0.005,6.677,80.175,86.038,-11.296,0.321,3.359,0.007,0.154,-0.442,0.001,0.434,0.0,
2025-08-06 06:25:05.884,place_to_retreat_machine,-499.635,246.084,918.731,163.196,-179.88,-171.623,-25.673,4.333,-100.352,0.009,-84.098,0.005,29.892,-5.773,1.897,-0.001,3.989,0.0,7.107,78.632,85.797,-11.238,0.34,3.372,0.126,0.027,-0.004,0.029,-0.248,-0.027,
2025-08-06 06:25:05.985,place_to_retreat_machine,-518.512,222.369,915.172,166.762,-179.893,-171.057,-22.672,3.756,-100.156,0.007,-83.704,0.007,29.884,-5.753,1.907,-0.0,4.005,0.0,6.787,80.233,86.054,-11.256,0.337,3.395,0.02,0.433,-0.038,-0.025,0.682,0.0,
2025-08-06 06:25:06.084,place_to_retreat_machine,-536.237,197.337,911.539,170.497,-179.907,-170.322,-19.674,3.183,-99.961,0.005,-83.31,0.009,29.896,-5.686,1.889,-0.006,4.125,0.0,7.152,78.394,85.951,-11.236,0.375,3.407,0.046,-0.079,0.42,0.002,0.472,0.0,
2025-08-06 06:25:06.184,place_to_retreat_machine,-552.723,171.047,907.832,174.489,-179.921,-169.329,-16.674,2.602,-99.765,0.003,-82.915,0.01,29.893,-5.769,1.99,0.0,4.099,0.0,7.157,78.69,86.032,-11.241,0.359,3.412,-0.22,-0.277,0.685,0.027,-0.549,0.001,
2025-08-06 06:25:06.284,place_to_retreat_machine,-567.884,143.561,904.051,178.907,-179.935,-167.912,-13.674,2.028,-99.57,0.0,-82.519,0.01,29.853,-5.742,2.026,-0.0,4.015,0.0,6.941,79.197,85.898,-11.234,0.337,3.411,-0.203,-0.104,-0.521,0.0,0.006,0.0,
2025-08-06 06:25:06.384,place_to_retreat_machine,-581.638,114.954,900.198,4.095,179.949,14.278,-10.675,1.453,-99.374,-0.002,-82.123,0.01,29.852,-5.789,1.886,0.0,4.1,0.0,7.469,77.398,85.543,-11.213,0.365,3.397,-7.822,1.34,-1.409,0.001,-1.792,-0.001,
2025-08-06 06:25:06.485,place_to_retreat_machine,-593.596,86.111,896.379,10.691,179.963,17.955,-7.74,0.885,-99.184,-0.004,-81.74,0.01,28.28,-5.472,1.743,-0.0,3.655,0.0,5.711,79.958,85.543,-11.294,0.337,3.4,-28.377,5.533,-1.762,0.0,-4.59,0.0,
2025-08-06 06:25:06.584,place_to_retreat_machine,-603.051,59.52,892.903,19.811,179.974,24.465,-5.1,0.374,-99.013,-0.006,-81.393,0.01,24.177,-4.683,1.534,0.0,3.182,0.0,2.418,82.061,85.605,-11.442,0.329,3.405,-48.369,9.425,-3.035,0.001,-5.625,0.0,
2025-08-06 06:25:06.684,place_to_retreat_machine,-609.805,37.513,890.052,33.727,179.983,36.27,-2.951,-0.044,-98.873,-0.008,-81.112,0.011,18.655,-3.597,1.139,0.0,2.535,0.0,-0.234,83.458,85.739,-11.567,0.329,3.407,-58.893,11.561,-3.501,0.0,-7.708,0.0,
2025-08-06 06:25:06.784,place_to_retreat_machine,-614.122,21.557,887.996,54.423,179.989,55.46,-1.408,-0.345,-98.773,-0.009,-80.908,0.011,12.398,-2.371,0.833,0.0,1.641,0.0,-2.124,85.307,86.125,-11.68,0.318,3.411,-59.996,11.885,-3.756,0.0,-8.465,0.0,
2025-08-06 06:25:06.885,place_to_retreat_machine,-616.498,11.925,886.758,75.913,179.991,76.051,-0.472,-0.521,-98.713,-0.01,-80.786,0.011,6.596,-1.208,0.384,0.0,0.834,0.0,-2.234,83.966,85.983,-11.654,0.347,3.413,-50.692,9.807,-3.344,0.0,-6.671,0.0,
2025-08-06 06:25:06.984,place_to_retreat_machine,-617.499,7.648,886.21,87.723,179.991,87.463,-0.052,-0.602,-98.687,-0.01,-80.731,0.011,2.26,-0.409,0.165,0.0,0.307,0.0,-1.057,82.114,85.969,-11.577,0.381,3.407,-33.137,6.07,-1.91,0.0,-4.182,0.0,
2025-08-06 06:25:07.084,place_to_retreat_machine,-617.711,6.724,886.091,90.377,179.991,90.031,0.038,-0.615,-98.677,-0.011,-80.717,0.011,0.001,0.0,0.004,0.0,0.002,0.0,1.343,80.155,85.867,-11.44,0.404,3.403,-11.36,2.056,-0.827,0.0,-1.541,0.0,waypoint
2025-08-06 06:25:07.183,wait_for_machining,-617.713,6.715,886.09,90.401,179.991,90.054,0.036,-0.615,-98.677,-0.011,-80.717,0.011,-0.0,0.0,0.0,0.0,0.0,0.0,3.404,78.126,85.59,-11.252,0.367,3.391,-0.032,0.0,-0.019,0.0,-0.008,0.0,
2025-08-06 06:25:07.283,wait_for_machining,-617.713,6.715,886.09,90.401,179.991,90.054,0.032,-0.615,-98.677,-0.011,-80.717,0.011,-0.005,0.0,0.0,0.0,0.0,0.0,3.036,77.764,85.383,-11.21,0.299,3.385,-0.087,0.0,0.0,0.0,0.0,0.0,
2025-08-06 06:25:15.385,wait_for_machining,-617.713,6.715,886.09,90.401,179.991,90.054,-0.0,-0.599,-98.68,-0.01,-80.72,0.01,0.0,0.0,0.0,0.0,0.0,0.0,1.757,80.528,85.066,-11.153,0.05,3.324,0.0,0.0,0.0,0.0,0.0,0.0,
2025-08-06 06:25:23.387,wait_for_machining,-617.713,6.715,886.09,90.401,179.991,90.054,0.0,-0.599,-98.68,-0.01,-80.72,0.01,0.0,0.0,0.0,0.0,0.0,0.0,1.795,79.94,85.043,-11.155,0.065,3.311,0.0,0.0,0.0,0.0,0.0,0.0,
2025-08-06 06:25:31.486,wait_for_machining,-617.713,6.715,886.09,90.401,179.991,90.054,-0.0,-0.6,-98.68,-0.01,-80.72,0.01,0.0,0.0,0.0,0.0,0.0,0.0,1.718,79.672,85.019,-11.158,0.068,3.316,0.0,0.0,0.0,0.0,0.0,0.0,
2025-08-06 06:25:39.590,wait_for_machining,-617.713,6.715,886.09,90.401,179.991,90.054,-0.0,-0.6,-98.68,-0.01,-80.72,0.01,0.0,0.0,0.0,0.0,0.0,0.0,1.816,79.465,85.051,-11.152,0.1,3.302,0.139,0.0,0.0,0.0,0.0,0.0,
2025-08-06 06:25:47.584,wait_for_machining,-617.713,6.715,886.09,90.401,179.991,90.054,-0.0,-0.596,-98.68,-0.01,-80.72,0.01,-0.016,0.0,-0.001,0.0,0.0,0.0,1.544,77.561,85.814,-11.378,0.177,3.305,0.003,0.0,-0.001,0.0,0.0,0.0,
2025-08-06 06:25:55.587,wait_for_machining,-617.713,6.715,886.09,90.401,179.991,90.054,0.001,-0.599,-98.68,-0.01,-80.72,0.01,0.0,0.0,0.0,0.0,0.0,0.0,4.469,74.265,85.371,-11.202,0.22,3.297,0.0,0.0,0.0,0.0,0.0,0.0,
2025-08-06 06:26:03.684,wait_for_machining,-617.713,6.715,886.09,90.401,179.991,90.054,-0.0,-0.601,-98.68,-0.01,-80.72,0.01,0.0,0.0,0.0,0.0,0.0,0.0,2.009,78.018,85.119,-11.207,0.195,3.308,0.0,-0.087,0.0,0.0,0.0,0.0,
2025-08-06 06:26:11.784,wait_for_machining,-617.713,6.715,886.09,90.401,179.991,90.054,-0.0,-0.6,-98.68,-0.01,-80.72,0.01,0.0,0.0,0.0,0.0,0.0,0.0,2.19,78.994,85.127,-11.213,0.181,3.313,0.0,0.0,0.0,0.0,0.0,0.0,
2025-08-06 06:26:19.785,wait_for_machining,-617.713,6.715,886.09,90.401,179.991,90.054,-0.0,-0.599,-98.68,-0.01,-80.72,0.01,0.0,0.0,0.0,0.0,0.0,0.0,3.192,76.323,85.311,-11.189,0.156,3.291,0.0,0.0,0.0,0.0,0.0,0.0,
2025-08-06 06:26:27.884,machining_end_to_approach_machine,-618.04,7.027,886.174,134.084,179.782,133.864,0.0,-0.601,-98.677,-0.14,-80.594,0.115,0.0,0.0,0.064,-2.711,2.644,2.773,2.987,76.507,85.637,-11.591,0.596,3.423,0.0,0.0,1.943,-36.98,35.511,37.413,
2025-08-06 06:26:27.984,machining_end_to_approach_machine,-619.154,8.083,886.471,135.42,179.061,135.627,0.0,-0.601,-98.653,-0.634,-80.125,0.626,0.0,0.0,0.379,-7.247,6.973,7.295,2.776,76.43,86.896,-11.885,0.756,3.544,0.0,0.0,3.001,-52.191,49.533,51.632,
2025-08-06 06:26:28.084,machining_end_to_approach_machine,-621.441,10.239,887.139,135.789,177.586,136.858,0.0,-0.601,-98.603,-1.661,-79.152,1.652,0.0,0.0,0.664,-13.149,12.55,13.099,2.817,76.552,87.671,-12.046,0.848,3.566,0.0,0.0,2.723,-60.283,55.807,59.701,
2025-08-06 06:26:28.186,machining_end_to_approach_machine,-625.078,13.622,888.363,136.09,175.252,138.493,0.0,-0.601,-98.523,-3.302,-77.595,3.294,0.0,0.0,0.929,-19.424,18.246,19.355,2.751,76.852,87.999,-12.302,0.948,3.59,0.0,0.002,2.641,-59.115,55.969,59.629,
2025-08-06 06:26:28.284,machining_end_to_approach_machine,-630.005,18.109,890.332,136.46,172.106,140.596,0.0,-0.6,-98.414,-5.535,-75.478,5.525,0.0,0.0,1.192,-24.973,23.744,25.025,2.886,77.528,88.288,-12.536,1.14,3.621,0.0,0.002,2.051,-46.19,44.638,46.349,
2025-08-06 06:26:28.384,machining_end_to_approach_machine,-635.933,23.34,893.17,136.934,168.342,143.049,0.0,-0.598,-98.284,-8.232,-72.919,8.224,0.0,0.0,1.335,-28.57,27.084,28.532,2.979,78.903,88.379,-12.753,1.375,3.637,0.0,0.1,1.478,-24.97,23.56,24.831,
2025-08-06 06:26:28.484,machining_end_to_approach_machine,-642.387,28.793,896.833,137.508,164.264,145.646,0.0,-0.592,-98.142,-11.187,-70.119,11.176,0.0,0.02,1.488,-29.966,28.456,29.991,3.121,80.373,88.308,-12.815,1.592,3.619,0.0,0.547,0.749,-7.013,7.1,7.399,
2025-08-06 06:26:28.584,machining_end_to_approach_machine,-648.891,33.998,901.123,138.156,160.165,148.2,0.0,-0.58,-97.997,-14.187,-67.273,14.174,0.0,0.11,1.485,-29.972,28.504,30.012,3.197,81.289,88.157,-12.914,1.852,3.6,0.0,1.746,-0.143,-1.244,0.283,-0.985,
2025-08-06 06:26:28.685,machining_end_to_approach_machine,-655.333,38.824,905.959,138.876,156.107,150.673,0.0,-0.56,-97.853,-17.188,-64.427,17.18,0.0,0.371,1.459,-30.217,28.513,29.793,3.142,83.235,88.579,-13.099,2.111,3.559,0.0,0.384,-0.556,-0.27,-0.21,-1.028,
2025-08-06 06:26:28.785,machining_end_to_approach_machine,-661.689,43.222,911.302,139.67,152.097,153.065,0.0,-0.529,-97.707,-20.189,-61.581,20.18,0.0,0.187,1.373,-30.027,28.462,29.805,3.386,83.038,88.579,-13.206,2.368,3.368,0.0,-1.6,-0.035,0.513,0.167,1.605,
2025-08-06 06:26:28.885,machining_end_to_approach_machine,-667.935,47.148,917.109,140.542,148.142,155.372,0.0,-0.517,-97.562,-23.188,-58.735,23.177,0.0,0.051,1.452,-30.114,28.546,30.114,3.375,83.254,89.017,-13.332,2.624,3.288,0.0,-0.905,0.656,-0.542,-0.164,0.025,
2025-08-06 06:26:28.985,machining_end_to_approach_machine,-674.048,50.561,923.329,141.494,144.248,157.593,0.0,-0.512,-97.418,-26.185,-55.894,26.181,0.0,0.006,1.505,-30.135,28.429,29.81,3.39,83.971,89.489,-13.355,2.847,3.259,0.0,0.104,0.103,0.857,-0.868,-1.796,
2025-08-06 06:26:29.085,machining_end_to_approach_machine,-680.004,53.429,929.911,142.531,140.422,159.723,0.0,-0.504,-97.274,-29.185,-53.047,29.18,0.0,0.072,1.472,-29.943,28.373,29.755,3.268,84.622,89.976,-13.3,3.053,3.236,0.0,0.521,-0.165,0.421,-0.218,1.59,
2025-08-06 06:26:29.184,machining_end_to_approach_machine,-685.781,55.722,936.797,143.656,136.673,161.76,0.0,-0.494,-97.13,-32.185,-50.204,32.176,0.0,0.11,1.472,-30.051,28.386,30.127,3.345,85.191,90.394,-13.222,3.228,3.233,0.0,0.191,0.265,-1.238,0.179,0.381,
2025-08-06 06:26:29.286,machining_end_to_approach_machine,-691.357,57.418,943.929,144.872,133.008,163.701,0.0,-0.479,-96.984,-35.185,-47.357,35.182,0.0,0.111,1.526,-30.191,28.409,29.831,3.33,85.712,90.872,-13.085,3.389,3.223,0.0,0.032,-0.15,0.757,0.927,-1.981,
2025-08-06 06:26:29.384,machining_end_to_approach_machine,-696.712,58.5,951.245,146.184,129.438,165.541,0.0,-0.465,-96.84,-38.185,-44.512,38.18,0.0,0.116,1.442,-29.9,28.571,29.73,3.378,85.83,91.148,-12.85,3.519,3.199,0.0,-0.361,-0.534,0.305,-0.52,1.907,
2025-08-06 06:26:29.484,machining_end_to_approach_machine,-701.825,58.96,958.682,147.596,125.972,167.276,0.0,-0.458,-96.695,-41.185,-41.667,41.175,0.0,0.039,1.42,-30.131,28.306,30.209,3.36,86.219,91.405,-12.625,3.623,3.181,0.0,-0.389,-0.207,-1.567,-0.309,0.65,
2025-08-06 06:26:29.585,machining_end_to_approach_machine,-706.678,58.792,966.176,149.111,122.62,168.903,0.0,-0.451,-96.55,-44.184,-38.82,44.181,0.0,0.038,1.4,-30.215,28.509,29.861,3.395,86.517,91.59,-12.369,3.695,3.157,0.0,-0.114,0.325,0.803,0.511,-2.51,
2025-08-06 06:26:29.685,machining_end_to_approach_machine,-711.254,58.001,973.661,150.734,119.393,170.419,0.0,-0.445,-96.405,-47.184,-35.977,47.178,0.0,0.016,1.485,-29.97,28.409,29.705,3.336,86.927,91.638,-12.044,3.719,3.132,0.0,0.061,0.538,1.082,-0.375,1.4,
2025-08-06 06:26:29.785,machining_end_to_approach_machine,-715.535,56.596,981.076,152.467,116.303,171.819,0.0,-0.437,-96.261,-50.184,-33.129,50.175,0.0,0.05,1.508,-29.998,28.434,30.141,3.316,87.315,91.832,-11.646,3.729,3.102,0.0,0.209,-0.266,-1.033,0.899,0.667,
2025-08-06 06:26:29.885,machining_end_to_approach_machine,-719.509,54.593,988.356,154.313,113.364,173.103,0.0,-0.427,-96.117,-53.184,-30.285,53.181,0.0,0.058,1.432,-30.176,28.588,29.838,3.296,87.665,92.074,-11.206,3.689,3.084,0.0,0.713,-0.306,0.303,-0.23,-1.838,
2025-08-06 06:26:29.987,machining_end_to_approach_machine,-723.161,52.015,995.44,156.274,110.587,174.266,0.0,-0.412,-95.972,-56.184,-27.44,56.177,0.0,0.194,1.446,-29.937,28.388,29.77,3.258,88.212,92.493,-10.771,3.648,3.066,0.0,0.62,0.121,0.51,-1.249,1.639,
2025-08-06 06:26:30.085,machining_end_to_approach_machine,-726.48,48.889,1002.27,158.351,107.987,175.31,0.0,-0.393,-95.828,-59.184,-24.594,59.175,0.0,0.182,1.456,-30.074,28.339,30.166,3.226,88.309,92.74,-10.149,3.547,3.054,0.0,-0.783,0.153,-0.846,-0.209,0.749,
2025-08-06 06:26:30.185,machining_end_to_approach_machine,-729.457,45.25,1008.789,160.544,105.577,176.235,0.0,-0.381,-95.683,-62.184,-21.749,62.18,0.0,0.039,1.476,-30.105,28.346,29.918,3.292,88.074,92.919,-9.519,3.459,3.039,0.0,-0.847,-0.275,0.773,0.662,-2.301,
2025-08-06 06:26:30.286,machining_end_to_approach_machine,-732.083,41.137,1014.944,162.849,103.372,177.044,-0.0,-0.376,-95.538,-65.184,-18.903,65.177,0.0,0.012,1.401,-29.919,28.472,29.703,3.233,88.175,93.305,-8.802,3.306,3.008,0.0,-0.091,-0.4,0.369,0.851,1.115,
2025-08-06 06:26:30.385,machining_end_to_approach_machine,-734.351,36.594,1020.689,165.263,101.386,177.74,-0.0,-0.371,-95.392,-68.183,-16.059,68.174,0.0,0.021,1.396,-30.031,28.517,30.141,3.143,88.241,93.532,-8.094,3.138,2.992,0.0,0.075,0.438,-0.901,-1.366,0.669,
2025-08-06 06:26:30.484,machining_end_to_approach_machine,-736.257,31.669,1025.979,167.778,99.632,178.33,-0.0,-0.366,-95.246,-71.183,-13.212,71.179,0.0,0.026,1.487,-30.097,28.201,29.836,3.171,88.387,93.639,-7.351,2.958,2.969,0.0,0.13,0.6,0.267,0.208,-1.879,
2025-08-06 06:26:30.586,machining_end_to_approach_machine,-737.798,26.417,1030.774,170.387,98.124,178.824,-0.0,-0.359,-95.104,-74.183,-10.367,74.177,0.0,0.047,1.517,-29.977,28.559,29.764,3.094,88.729,93.657,-6.533,2.711,2.929,0.0,0.042,-0.313,-0.169,0.741,1.846,
2025-08-06 06:26:30.684,machining_end_to_approach_machine,-738.973,20.893,1035.042,173.077,96.873,179.233,-0.0,-0.35,-94.959,-77.183,-7.522,77.174,0.0,0.035,1.425,-30.131,28.349,30.205,3.103,88.969,93.542,-5.79,2.465,2.9,0.0,0.224,-0.381,-0.153,-0.04,0.104,
2025-08-06 06:26:30.786,machining_end_to_approach_machine,-739.781,15.155,1038.756,175.834,95.89,179.571,-0.0,-0.337,-94.814,-80.183,-4.676,80.178,0.0,0.092,1.44,-30.008,28.55,29.785,3.009,89.243,93.44,-4.957,2.167,2.881,0.0,0.72,0.25,1.145,-0.496,-1.998,
2025-08-06 06:26:30.884,machining_end_to_approach_machine,-740.224,9.266,1041.893,178.643,95.182,179.854,-0.0,-0.32,-94.67,-83.183,-1.833,83.176,0.0,0.179,1.475,-29.902,28.25,29.805,3.004,89.518,93.465,-4.061,1.871,2.863,0.0,0.001,-0.078,-0.755,-1.148,1.917,
2025-08-06 06:26:30.984,machining_end_to_approach_machine,-740.305,3.288,1044.438,1.485,-94.757,0.101,-0.0,-0.303,-94.525,-86.183,1.015,86.174,0.0,0.092,1.425,-30.157,28.323,30.164,2.968,89.216,93.441,-3.138,1.538,2.845,0.0,-0.772,-0.413,-0.102,1.232,0.112,
2025-08-06 06:26:31.084,machining_end_to_approach_machine,-740.03,-2.715,1046.383,4.341,-94.617,0.33,-0.0,-0.295,-94.38,-89.182,3.859,89.177,0.0,0.025,1.392,-29.923,28.496,29.828,2.999,88.911,93.505,-2.232,1.22,2.85,0.0,-0.419,0.06,0.728,-0.131,-1.74,
2025-08-06 06:26:31.184,machining_end_to_approach_machine,-739.403,-8.679,1047.725,7.192,-94.764,0.561,-0.0,-0.289,-94.235,-92.183,6.705,92.176,0.0,0.008,1.437,-30.012,28.297,29.816,2.903,88.899,93.687,-1.314,0.941,2.832,0.0,0.021,0.548,-0.83,-0.11,1.222,
2025-08-06 06:26:31.285,machining_end_to_approach_machine,-738.433,-14.54,1048.467,10.017,-95.196,0.815,-0.0,-0.284,-94.091,-95.182,9.551,95.173,0.0,0.029,1.502,-30.089,28.474,30.073,2.811,88.944,93.867,-0.388,0.637,2.838,0.0,0.086,0.147,-0.107,-0.206,0.1,
2025-08-06 06:26:31.387,machining_end_to_approach_machine,-737.127,-20.236,1048.621,12.798,-95.909,1.11,0.0,-0.277,-93.947,-98.181,12.395,98.177,0.0,0.026,1.467,-30.033,28.255,29.836,2.811,89.013,93.898,0.531,0.316,2.834,0.0,0.224,-0.332,1.111,0.273,-1.144,
2025-08-06 06:26:31.485,machining_end_to_approach_machine,-735.495,-25.705,1048.204,15.517,-96.896,1.465,-0.0,-0.267,-93.802,-101.182,15.242,101.175,0.0,0.074,1.436,-29.867,28.529,29.845,2.665,89.094,93.838,1.417,-0.039,2.809,0.0,0.505,-0.034,-0.744,0.989,1.558,
2025-08-06 06:26:31.586,machining_end_to_approach_machine,-733.547,-30.889,1047.237,18.157,-98.147,1.894,0.0,-0.254,-93.658,-104.181,18.085,104.172,0.0,0.126,1.46,-30.182,28.452,30.146,2.702,89.093,93.686,2.351,-0.4,2.784,0.0,0.598,0.321,-0.657,-0.361,-0.074,
2025-08-06 06:26:31.685,machining_end_to_approach_machine,-731.294,-35.733,1045.75,20.706,-99.653,2.413,-0.0,-0.238,-93.512,-107.18,20.933,107.175,0.0,0.193,1.5,-29.999,28.457,29.83,2.654,89.157,93.502,3.262,-0.731,2.772,0.0,-0.144,-0.549,0.803,0.677,-1.569,
2025-08-06 06:26:31.784,machining_end_to_approach_machine,-728.748,-40.183,1043.778,23.151,-101.4,3.031,-0.0,-0.222,-93.368,-110.182,23.776,110.174,0.0,0.097,1.351,-30.023,28.586,29.836,2.653,88.736,93.166,4.11,-1.079,2.771,0.0,-0.961,-0.584,-0.298,-1.037,1.439,
2025-08-06 06:26:31.885,machining_end_to_approach_machine,-725.921,-44.192,1041.359,25.485,-103.375,3.758,-0.0,-0.214,-93.222,-113.181,26.622,113.172,0.0,0.001,1.383,-30.058,28.249,30.118,2.64,88.315,93.08,4.935,-1.377,2.76,0.0,-0.479,0.652,0.057,-0.049,-0.662,
2025-08-06 06:26:31.984,machining_end_to_approach_machine,-722.827,-47.717,1038.538,27.701,-105.564,4.6,-0.0,-0.209,-93.078,-116.18,29.468,116.171,0.0,0.002,1.482,-30.011,28.576,29.703,2.575,88.22,93.068,5.725,-1.656,2.777,0.0,0.075,0.479,0.433,0.579,-1.12,
2025-08-06 06:26:32.084,machining_end_to_approach_machine,-719.478,-50.719,1035.364,29.794,-107.953,5.562,-0.0,-0.203,-92.934,-119.181,32.312,119.169,0.0,0.016,1.479,-29.972,28.364,29.895,2.527,88.026,92.876,6.558,-1.909,2.789,0.0,0.02,0.015,-0.13,-0.399,1.878,
2025-08-06 06:26:32.186,machining_end_to_approach_machine,-715.888,-53.164,1031.888,31.763,-110.528,6.646,-0.0,-0.198,-92.789,-122.18,35.159,122.167,0.0,0.006,1.485,-30.037,28.496,30.083,2.512,87.919,92.819,7.245,-2.114,2.798,0.0,-0.07,-0.39,0.097,1.413,-0.314,
2025-08-06 06:26:32.285,machining_end_to_approach_machine,-712.07,-55.026,1028.167,33.607,-113.273,7.851,-0.0,-0.19,-92.646,-125.18,38.002,125.17,0.0,0.002,1.4,-29.953,28.648,29.831,2.459,87.619,92.583,7.948,-2.316,2.808,0.0,0.406,-0.055,0.589,0.056,-0.948,
2025-08-06 06:26:32.385,machining_end_to_approach_machine,-708.038,-56.283,1024.259,35.327,-116.176,9.179,-0.0,-0.18,-92.5,-128.18,40.849,128.167,0.0,0.086,1.474,-29.92,28.507,29.894,2.481,87.674,92.555,8.662,-2.497,2.816,0.0,0.712,0.26,-0.194,-0.446,0.899,
2025-08-06 06:26:32.485,machining_end_to_approach_machine,-703.807,-56.92,1020.222,36.925,-119.223,10.625,0.0,-0.168,-92.355,-131.18,43.694,131.165,0.0,0.144,1.452,-29.991,28.559,30.011,2.45,87.648,92.381,9.239,-2.645,2.841,0.0,0.206,-0.721,-0.271,-1.15,-0.448,
2025-08-06 06:26:32.585,machining_end_to_approach_machine,-699.388,-56.929,1016.119,38.403,-122.4,12.189,0.0,-0.151,-92.209,-134.178,46.538,134.169,0.0,0.127,1.33,-29.974,28.277,29.804,2.473,87.579,92.112,9.759,-2.729,2.867,0.0,-0.239,0.057,0.143,-0.33,-0.262,
2025-08-06 06:26:32.684,machining_end_to_approach_machine,-694.797,-56.306,1012.013,39.764,-125.697,13.867,-0.0,-0.135,-92.065,-137.18,49.385,137.167,0.0,0.097,1.464,-29.963,28.494,29.959,2.421,87.164,91.793,10.242,-2.801,2.893,0.0,-0.545,0.879,-0.589,1.038,1.342,
2025-08-06 06:26:32.788,machining_end_to_approach_machine,-690.046,-55.058,1007.964,41.012,-129.101,15.656,0.0,-0.125,-91.92,-140.179,52.229,140.164,0.0,0.017,1.508,-30.094,28.488,30.077,2.417,86.435,91.27,10.676,-2.808,2.918,0.002,-0.444,-0.051,0.306,-0.507,-0.597,
2025-08-06 06:26:32.884,machining_end_to_approach_machine,-685.148,-53.195,1004.034,42.151,-132.603,17.551,0.0,-0.119,-91.776,-143.177,55.076,143.167,0.0,0.008,1.453,-29.902,28.392,29.84,2.432,86.144,90.938,11.044,-2.764,2.957,0.0,-0.047,-0.451,0.294,-0.51,-0.475,
2025-08-06 06:26:32.986,machining_end_to_approach_machine,-680.115,-50.733,1000.284,43.185,-136.191,19.549,-0.0,-0.114,-91.632,-146.179,57.92,146.166,0.0,0.007,1.419,-30.036,28.387,29.983,2.415,86.008,90.542,11.24,-2.671,2.993,-0.002,0.175,0.137,0.025,-0.224,1.134,
2025-08-06 06:26:33.084,machining_end_to_approach_machine,-674.96,-47.698,996.771,44.117,-139.857,21.647,-0.0,-0.107,-91.486,-149.179,60.766,149.163,0.0,0.043,1.481,-29.897,28.347,30.066,2.404,85.812,90.228,11.546,-2.54,3.05,0.0,0.177,0.337,0.271,0.633,-0.733,
2025-08-06 06:26:33.184,machining_end_to_approach_machine,-669.696,-44.117,993.552,44.95,-143.591,23.841,-0.0,-0.099,-91.343,-152.178,63.611,152.167,0.0,0.043,1.486,-29.982,28.512,29.838,2.432,85.654,89.908,11.71,-2.383,3.083,0.0,0.161,-0.786,-0.389,0.385,-0.5,
2025-08-06 06:26:33.284,machining_end_to_approach_machine,-664.333,-40.027,990.677,45.689,-147.386,26.127,-0.0,-0.089,-91.198,-155.178,66.455,155.165,0.0,0.075,1.324,-29.975,28.424,29.966,2.424,85.499,89.648,11.783,-2.178,3.102,0.0,0.608,-0.062,-0.206,-0.542,1.278,
2025-08-06 06:26:33.384,machining_end_to_approach_machine,-658.882,-35.468,988.198,46.336,-151.234,28.504,-0.0,-0.075,-91.052,-158.178,69.302,158.162,0.0,0.164,1.473,-30.023,28.404,30.093,2.398,85.45,89.644,11.822,-1.956,3.128,0.0,0.254,0.768,0.004,0.843,-0.654,
2025-08-06 06:26:33.484,machining_end_to_approach_machine,-653.356,-30.485,986.157,46.894,-155.127,30.968,-0.0,-0.056,-90.907,-161.177,72.146,161.166,0.0,0.126,1.477,-29.974,28.593,29.836,2.483,85.231,89.359,11.758,-1.695,3.17,0.0,-0.367,0.114,-0.26,-0.247,-0.613,
2025-08-06 06:26:33.585,machining_end_to_approach_machine,-647.764,-25.127,984.595,47.366,-159.058,33.517,-0.0,-0.039,-90.762,-164.178,74.992,164.165,0.0,0.09,1.496,-30.076,28.354,29.97,2.431,84.386,88.925,11.636,-1.415,3.206,0.0,-0.626,-0.163,0.379,0.275,0.806,
2025-08-06 06:26:33.685,machining_end_to_approach_machine,-642.116,-19.449,983.545,47.755,-163.021,36.15,-0.0,-0.031,-90.619,-167.178,77.837,167.162,0.0,0.0,1.444,-29.898,28.648,29.998,2.529,83.656,88.466,11.445,-1.114,3.252,0.0,-0.432,-0.37,1.676,-1.195,-1.984,
2025-08-06 06:26:33.790,machining_end_to_approach_machine,-636.435,-13.52,983.039,48.063,-167.001,38.861,-0.0,-0.027,-90.473,-170.172,80.678,170.162,0.0,0.002,1.421,-29.732,28.109,29.563,2.499,83.232,87.966,11.213,-0.768,3.312,0.0,0.058,-0.452,13.214,-13.523,-13.108,
2025-08-06 06:26:33.889,machining_end_to_approach_machine,-630.984,-7.675,983.081,48.287,-170.815,41.526,-0.0,-0.023,-90.336,-173.04,83.397,173.031,0.0,0.012,1.352,-27.202,25.889,27.324,2.586,83.034,87.725,11.035,-0.458,3.329,0.0,0.011,-1.96,36.67,-34.171,-35.511,
2025-08-06 06:26:33.984,machining_end_to_approach_machine,-626.217,-2.474,983.546,48.438,-174.147,43.919,-0.0,-0.018,-90.213,-175.548,85.776,175.539,0.0,0.004,1.04,-22.618,21.48,22.674,2.771,82.984,87.603,10.876,-0.174,3.348,0.0,0.023,-2.92,53.053,-50.917,-53.747,
2025-08-06 06:26:34.085,machining_end_to_approach_machine,-622.472,1.646,984.195,48.555,-176.761,45.87,-0.0,-0.013,-90.119,-177.523,87.649,177.522,0.0,0.016,0.78,-16.804,15.91,16.789,2.905,82.776,87.352,10.649,0.082,3.354,0.0,0.024,-2.725,58.987,-56.421,-60.797,
2025-08-06 06:26:34.186,machining_end_to_approach_machine,-619.91,4.476,984.784,48.739,-178.55,47.346,-0.0,-0.009,-90.053,-178.884,88.94,178.887,0.0,0.009,0.49,-10.703,10.083,10.393,2.999,82.48,87.082,10.493,0.308,3.365,0.0,-0.056,-2.384,58.359,-54.28,-56.72,
2025-08-06 06:26:34.287,machining_end_to_approach_machine,-618.476,6.061,985.164,49.4,-179.55,48.743,-0.0,-0.006,-90.017,-179.654,89.667,179.653,0.0,0.005,0.298,-5.015,4.945,5.332,2.99,82.185,86.787,10.301,0.477,3.365,0.0,-0.039,-2.315,47.257,-43.873,-46.213,
2025-08-06 06:26:34.384,machining_end_to_approach_machine,-617.922,6.675,985.321,55.188,-179.936,54.817,-0.0,-0.003,-90.0,-179.958,89.957,179.962,0.0,0.001,0.031,-1.346,1.396,1.243,2.963,82.043,86.475,10.172,0.623,3.393,0.0,-0.026,-1.506,25.33,-24.974,-26.853,
2025-08-06 06:26:34.485,machining_end_to_approach_machine,-617.843,6.762,985.344,90.368,-179.989,90.038,-0.0,-0.002,-89.997,-180.008,90.004,180.01,0.0,0.0,0.0,0.0,0.0,0.015,2.806,81.888,86.034,10.063,0.683,3.382,0.0,0.018,-0.154,6.598,-6.843,-6.092,waypoint
2025-08-06 06:26:34.588,machining_end_to_approach_machine,-617.843,6.762,985.344,90.368,-179.989,90.038,-0.0,-0.001,-89.997,-180.007,90.004,180.011,0.0,0.005,0.0,0.0,0.0,0.0,2.75,81.82,85.67,10.177,0.655,3.348,0.0,0.0,0.0,0.0,-0.001,-0.075,
2025-08-06 06:26:34.784,machining_end_to_approach_machine,-617.843,6.762,985.344,90.368,-179.989,90.038,-0.0,0.001,-89.998,-180.004,90.003,180.011,0.0,0.0,0.0,0.001,0.0,0.0,2.711,81.734,85.393,10.6,0.473,3.275,0.0,0.0,0.0,0.012,-0.007,0.0,
2025-08-06 06:26:34.885,machining_end_to_approach_machine,-617.843,6.762,985.344,90.368,-179.989,90.038,-0.0,0.001,-89.998,-180.002,90.002,180.011,0.0,0.0,0.0,0.002,-0.001,0.0,2.703,81.655,85.309,10.716,0.412,3.255,0.0,-0.001,0.0,-0.003,0.0,0.0,
2025-08-06 06:26:34.984,machining_end_to_approach_machine,-617.843,6.762,985.344,90.368,-179.989,90.038,-0.0,0.002,-89.999,-180.001,90.001,180.01,0.0,0.0,0.0,0.0,0.0,0.0,2.692,81.673,85.288,10.772,0.389,3.233,0.0,0.0,-0.003,-0.007,0.007,-0.001,
2025-08-06 06:26:35.084,machining_end_to_approach_machine,-617.843,6.762,985.344,90.368,-179.989,90.038,-0.0,0.002,-89.999,-180.001,90.001,180.01,0.0,0.0,-0.001,0.001,0.0,-0.0,2.707,81.5,85.239,10.802,0.381,3.231,0.0,0.0,0.0,0.0,0.0,0.0,
2025-08-06 06:26:35.186,machining_end_to_approach_machine,-617.843,6.762,985.344,90.368,-179.989,90.038,-0.0,0.002,-90.0,-180.0,90.0,180.009,0.0,0.0,0.0,0.0,0.0,0.0,2.682,81.538,85.216,10.815,0.376,3.226,0.0,0.0,0.003,-0.005,-0.001,0.001,
2025-08-06 06:26:35.287,machining_end_to_approach_machine,-617.843,6.762,985.344,90.368,-179.989,90.038,-0.0,0.002,-90.0,-180.0,90.0,180.009,0.0,0.0,0.0,0.0,-0.0,0.0,2.714,81.457,85.219,10.825,0.365,3.219,0.0,0.0,0.0,0.0,0.0,-0.01,
2025-08-06 06:26:35.386,machining_end_to_approach_machine,-617.843,6.762,985.344,90.368,-179.989,90.038,-0.0,0.002,-90.0,-180.0,90.0,180.008,0.0,0.0,0.0,0.0,0.0,-0.002,2.702,81.39,85.211,10.823,0.367,3.206,0.0,0.0,0.0,0.0,0.001,0.0,
2025-08-06 06:26:35.484,machining_end_to_approach_machine,-617.843,6.762,985.344,90.368,-179.989,90.038,-0.0,0.002,-90.0,-180.0,90.0,180.007,0.0,0.0,0.0,0.0,0.0,0.0,2.699,81.379,85.219,10.822,0.369,3.191,0.0,0.0,0.0,0.0,0.0,0.01,
2025-08-06 06:26:35.585,machining_end_to_approach_machine,-617.843,6.762,985.344,90.368,-179.989,90.038,-0.0,0.003,-90.0,-180.0,90.0,180.005,0.0,0.0,0.0,0.0,0.0,0.0,2.699,81.271,85.221,10.822,0.372,3.179,-2.617,0.0,0.0,0.0,0.0,0.0,
2025-08-06 06:26:35.687,machining_end_to_approach_machine,-617.84,7.031,985.344,90.343,-179.989,90.038,-0.011,0.003,-90.0,-180.0,90.0,180.003,-0.531,0.0,0.0,0.0,0.0,0.0,2.203,81.29,85.211,10.815,0.376,3.163,-18.787,0.0,0.0,0.0,0.0,0.0,
2025-08-06 06:26:35.785,machining_end_to_approach_machine,-617.805,9.577,985.344,90.107,-179.989,90.038,-0.209,0.003,-90.0,-180.0,90.0,180.002,-3.757,0.0,0.0,0.0,0.0,0.0,-3.115,81.38,85.193,10.678,0.383,3.157,-42.222,0.0,0.0,0.0,0.0,0.0,
2025-08-06 06:26:35.886,machining_end_to_approach_machine,-617.653,16.753,985.344,89.441,-179.989,90.038,-0.84,0.003,-90.0,-180.0,90.0,180.001,-8.934,0.0,0.0,0.0,0.0,0.0,-7.134,81.613,85.184,10.515,0.429,3.15,-56.84,0.0,0.0,0.0,0.0,-0.012,
2025-08-06 06:26:35.985,machining_end_to_approach_machine,-617.146,30.108,985.344,88.202,-179.989,90.038,-2.044,0.003,-90.0,-180.0,90.0,180.0,-15.125,0.0,0.0,0.0,0.0,-0.002,-8.859,81.736,85.165,10.424,0.442,3.154,-61.963,0.0,0.0,0.0,0.0,0.0,
2025-08-06 06:26:36.085,machining_end_to_approach_machine,-615.845,50.104,985.344,86.344,-179.989,90.038,-3.872,0.003,-90.0,-180.0,90.0,179.999,-21.264,0.0,0.0,0.0,0.0,0.0,-9.496,82.087,85.155,10.364,0.487,3.163,-56.118,0.0,0.0,0.0,0.0,0.012,
2025-08-06 06:26:36.185,machining_end_to_approach_machine,-613.186,76.011,985.344,83.928,-179.989,90.038,-6.269,0.003,-90.0,-180.0,90.0,179.999,-26.349,0.0,0.0,0.0,0.0,0.0,-8.409,82.349,85.156,10.42,0.502,3.167,-40.876,0.0,0.0,0.0,0.0,0.0,
2025-08-06 06:26:36.289,machining_end_to_approach_machine,-608.716,106.021,985.344,81.115,-179.989,90.038,-9.081,0.003,-90.0,-180.0,90.0,179.999,-29.603,0.0,0.0,0.0,0.0,0.0,-6.401,82.496,85.155,10.52,0.548,3.161,-19.461,0.0,0.0,0.0,0.0,0.0,
2025-08-06 06:26:36.385,machining_end_to_approach_machine,-602.364,137.595,985.344,78.128,-179.989,90.038,-12.078,0.003,-90.0,-180.0,90.0,179.999,-30.241,0.0,0.0,0.0,0.0,0.0,-3.468,82.406,85.157,10.669,0.553,3.136,-2.809,0.0,0.0,0.0,0.0,0.0,
2025-08-06 06:26:36.485,machining_end_to_approach_machine,-594.338,168.932,985.344,75.128,-179.989,90.038,-15.088,0.003,-90.0,-180.0,90.0,179.999,-30.154,0.0,0.0,0.0,0.0,0.0,-1.8,82.196,85.159,10.77,0.552,3.121,0.73,0.0,0.0,0.0,0.0,0.0,
2025-08-06 06:26:36.585,machining_end_to_approach_machine,-584.682,199.806,985.344,72.128,-179.989,90.038,-18.093,0.003,-90.0,-180.0,90.0,179.999,-30.095,0.0,0.0,0.0,0.0,0.0,-1.648,82.062,85.185,10.796,0.545,3.121,0.28,0.0,0.0,0.0,0.0,0.0,
2025-08-06 06:26:36.684,machining_end_to_approach_machine,-573.424,230.132,985.344,69.128,-179.989,90.038,-21.096,0.003,-90.0,-180.0,90.0,179.999,-30.098,0.0,0.0,0.0,0.0,0.0,-1.462,82.035,85.196,10.786,0.532,3.122,-0.051,0.0,0.0,0.0,0.0,0.0,
2025-08-06 06:26:36.786,machining_end_to_approach_machine,-560.594,259.827,985.344,66.128,-179.989,90.038,-24.098,0.003,-90.0,-180.0,90.0,179.999,-30.105,0.0,0.0,0.0,0.0,0.0,-1.551,82.054,85.195,10.799,0.539,3.117,-0.059,0.0,0.0,0.0,0.0,0.0,
2025-08-06 06:26:36.885,machining_end_to_approach_machine,-546.227,288.81,985.344,63.128,-179.989,90.038,-27.1,0.003,-90.0,-180.0,90.0,179.999,-30.11,0.0,0.0,0.0,0.0,0.0,-1.513,82.065,85.193,10.801,0.553,3.116,0.13,0.0,0.0,0.0,0.0,0.0,
2025-08-06 06:26:36.986,machining_end_to_approach_machine,-530.363,317.002,985.344,60.128,-179.989,90.038,-30.1,0.003,-90.0,-180.0,90.0,179.999,-30.079,0.0,0.0,0.0,0.0,0.0,-1.568,82.083,85.195,10.796,0.552,3.116,0.276,0.0,0.0,0.0,0.0,0.0,
2025-08-06 06:26:37.084,machining_end_to_approach_machine,-513.046,344.324,985.344,57.128,-179.989,90.038,-33.1,0.003,-90.0,-180.0,90.0,179.999,-30.055,0.0,0.0,0.0,0.0,0.0,-1.59,82.138,85.195,10.796,0.552,3.114,-0.074,0.0,0.0,0.0,0.0,0.0,
2025-08-06 06:26:37.187,machining_end_to_approach_machine,-494.322,370.703,985.344,54.128,-179.989,90.038,-36.101,0.003,-90.0,-180.0,90.0,179.999,-30.094,0.0,0.0,0.0,0.0,0.0,-1.631,82.141,85.201,10.798,0.561,3.115,-0.303,0.0,0.0,0.0,0.0,0.0,
2025-08-06 06:26:37.284,machining_end_to_approach_machine,-474.244,396.066,985.344,51.128,-179.989,90.038,-39.101,0.003,-90.0,-180.0,90.0,179.999,-30.115,0.0,0.0,0.0,0.0,0.0,-1.7,82.216,85.207,10.821,0.555,3.112,0.048,0.0,0.0,0.0,0.0,0.0,
2025-08-06 06:26:37.385,machining_end_to_approach_machine,-452.865,420.343,985.344,48.128,-179.989,90.038,-42.101,0.003,-90.0,-180.0,90.0,179.999,-30.085,0.0,0.0,0.0,0.0,0.0,-1.784,82.27,85.221,10.831,0.561,3.118,0.141,0.0,0.0,0.0,0.0,0.0,
2025-08-06 06:26:37.484,machining_end_to_approach_machine,-430.246,443.468,985.344,45.128,-179.989,90.038,-45.101,0.003,-90.0,-180.0,90.0,179.999,-30.087,0.0,0.0,0.0,0.0,0.0,-1.907,82.28,85.214,10.83,0.556,3.123,-0.148,0.0,0.0,0.0,0.0,0.0,
2025-08-06 06:26:37.585,machining_end_to_approach_machine,-406.447,465.378,985.344,42.128,-179.989,90.038,-48.101,0.003,-90.0,-180.0,90.0,179.999,-30.114,0.0,0.0,0.0,0.0,0.0,-2.056,82.312,85.22,10.839,0.575,3.114,-0.12,0.0,0.01,0.0,0.0,0.0,
2025-08-06 06:26:37.686,machining_end_to_approach_machine,-381.534,486.012,985.344,39.128,-179.989,90.038,-51.102,0.003,-90.0,-180.0,90.0,179.999,-30.111,0.0,0.002,0.0,0.0,0.0,-2.117,82.324,85.223,10.851,0.577,3.122,0.188,0.0,0.0,0.0,0.0,0.0,
2025-08-06 06:26:37.789,machining_end_to_approach_machine,-355.575,505.314,985.344,36.128,-179.989,90.038,-54.101,0.003,-90.0,-180.0,90.0,179.999,-30.076,0.0,0.0,0.0,0.0,0.0,-2.265,82.386,85.228,10.839,0.575,3.13,0.24,0.0,-0.01,0.0,0.0,0.0,
2025-08-06 06:26:37.884,machining_end_to_approach_machine,-328.642,523.23,985.344,33.128,-179.989,90.038,-57.102,0.003,-90.0,-180.0,90.0,179.999,-30.064,0.0,0.0,0.0,0.0,0.0,-2.335,82.455,85.225,10.845,0.576,3.124,-0.001,0.0,0.0,0.0,0.0,0.0,
2025-08-06 06:26:37.985,machining_end_to_approach_machine,-300.807,539.713,985.344,30.128,-179.989,90.038,-60.102,0.002,-90.0,-180.0,90.0,179.999,-30.076,0.0,0.0,0.0,0.0,0.0,-2.399,82.547,85.215,10.853,0.577,3.118,-0.108,0.0,0.0,0.0,0.0,0.0,
2025-08-06 06:26:38.085,machining_end_to_approach_machine,-272.149,554.716,985.344,27.128,-179.989,90.038,-63.101,0.002,-90.0,-180.0,90.0,179.999,-30.086,0.0,0.0,0.0,0.0,0.0,-2.442,82.588,85.197,10.857,0.575,3.12,-0.041,0.0,0.0,0.0,0.0,0.0,
2025-08-06 06:26:38.184,machining_end_to_approach_machine,-242.744,568.199,985.344,24.128,-179.989,90.038,-66.101,0.002,-90.0,-180.0,90.0,179.999,-30.084,0.0,0.0,0.0,0.0,0.0,-2.536,82.739,85.204,10.858,0.592,3.124,0.15,0.0,0.0,0.0,0.0,0.0,
2025-08-06 06:26:38.285,machining_end_to_approach_machine,-212.674,580.125,985.344,21.128,-179.989,90.038,-69.1,0.002,-90.0,-180.0,90.0,179.999,-30.056,0.0,0.0,0.0,0.0,0.0,-2.684,82.904,85.205,10.862,0.596,3.125,0.161,0.0,0.0,0.0,0.0,0.0,
2025-08-06 06:26:38.384,machining_end_to_approach_machine,-182.021,590.46,985.344,18.128,-179.989,90.038,-72.101,0.002,-90.0,-180.0,90.0,179.999,-30.052,0.0,0.0,0.0,0.0,0.0,-2.821,83.098,85.179,10.862,0.609,3.129,0.025,0.0,0.0,0.0,0.0,0.0,
2025-08-06 06:26:38.484,machining_end_to_approach_machine,-150.87,599.177,985.344,15.128,-179.989,90.038,-75.1,0.002,-90.0,-180.0,90.0,179.999,-30.051,0.0,0.0,0.0,0.0,0.0,-2.984,83.235,85.2,10.882,0.603,3.139,-0.059,0.0,0.0,0.0,0.0,0.0,
2025-08-06 06:26:38.587,machining_end_to_approach_machine,-119.304,606.252,985.344,12.128,-179.989,90.038,-78.101,0.002,-90.0,-180.0,90.0,179.999,-30.064,0.0,0.0,0.0,0.0,0.0,-3.083,83.498,85.193,10.88,0.603,3.137,3.339,0.0,0.0,0.0,0.0,0.0,
2025-08-06 06:26:38.685,machining_end_to_approach_machine,-87.678,611.627,985.344,9.153,-179.989,90.038,-81.082,0.002,-90.0,-180.0,90.0,179.999,-29.38,0.0,0.0,0.0,0.0,0.0,-2.761,83.68,85.185,10.898,0.601,3.133,19.851,0.0,0.0,0.0,0.0,0.0,
2025-08-06 06:26:38.784,machining_end_to_approach_machine,-58.083,615.144,985.344,6.389,-179.989,90.038,-83.871,0.002,-90.0,-180.0,90.0,179.999,-26.153,0.0,0.0,0.0,0.0,0.0,-0.072,83.495,85.224,11.026,0.602,3.125,41.936,0.0,0.0,0.0,0.0,0.0,
2025-08-06 06:26:38.884,machining_end_to_approach_machine,-32.979,616.999,985.344,4.055,-179.989,90.038,-86.237,0.002,-90.0,-180.0,90.0,179.999,-21.034,0.0,0.0,0.0,0.0,0.0,2.631,82.906,85.288,11.18,0.576,3.108,56.083,0.0,0.0,0.0,0.0,0.0,
2025-08-06 06:26:38.984,machining_end_to_approach_machine,-14.007,617.721,985.344,2.294,-179.989,90.038,-88.038,0.002,-90.0,-180.0,90.0,179.999,-14.937,0.0,0.0,0.0,0.0,0.0,4.401,82.559,85.32,11.282,0.538,3.096,60.843,0.0,0.0,0.0,0.0,0.0,
2025-08-06 06:26:39.085,machining_end_to_approach_machine,-1.695,617.877,985.344,1.152,-179.989,90.038,-89.213,0.002,-90.0,-180.0,90.0,179.999,-8.805,0.0,0.0,0.0,0.0,0.0,5.189,82.25,85.318,11.314,0.501,3.088,55.522,0.0,-0.0,0.0,0.0,0.0,
2025-08-06 06:26:39.185,machining_end_to_approach_machine,4.612,617.862,985.344,0.567,-179.989,90.038,-89.827,0.002,-90.0,-180.0,90.0,179.999,-3.777,0.0,-0.0,0.0,0.0,0.0,4.266,82.101,85.328,11.266,0.495,3.091,40.593,0.0,0.0,0.0,0.0,0.0,
2025-08-06 06:26:39.285,machining_end_to_approach_machine,6.62,617.844,985.344,0.381,-179.989,90.038,-90.028,0.002,-90.0,-180.0,90.0,179.999,-0.686,0.0,0.0,0.0,0.0,0.0,2.25,82.158,85.313,11.163,0.493,3.098,18.715,0.0,0.0,0.0,0.0,0.0,
2025-08-06 06:26:39.387,machining_end_to_approach_machine,6.762,617.843,985.344,0.368,-179.989,90.038,-90.04,0.002,-90.0,-180.0,90.0,179.999,0.004,0.0,0.0,0.0,0.0,0.0,0.064,82.287,85.321,11.039,0.493,3.109,3.446,0.0,0.0,0.0,0.0,0.0,waypoint
2025-08-06 06:26:39.486,machining_end_to_approach_machine,6.762,617.843,985.344,0.368,-179.989,90.038,-90.037,0.002,-90.0,-180.0,90.0,179.999,0.007,0.0,0.0,0.0,0.0,0.0,-0.477,82.473,85.259,10.966,0.488,3.118,0.468,0.0,-2.625,0.0,-2.015,0.0,
2025-08-06 06:26:39.584,machining_end_to_approach_machine,6.737,617.76,985.164,0.432,-179.989,90.102,-90.03,0.002,-90.014,-180.0,89.991,179.999,0.096,0.0,-0.517,0.0,-0.397,0.0,0.372,82.506,84.826,10.945,0.443,3.115,1.303,1.694,-11.688,0.0,-8.069,0.0,
2025-08-06 06:26:39.685,machining_end_to_approach_machine,6.582,617.232,984.011,0.837,-179.989,90.507,-90.012,0.006,-90.151,-180.0,89.89,180.0,0.266,0.337,-2.326,0.0,-1.606,0.0,1.169,83.006,82.749,10.85,0.224,3.134,2.321,7.383,-21.258,0.0,-16.2,3.376,
2025-08-06 06:26:39.784,machining_end_to_approach_machine,6.196,615.924,981.155,1.823,-179.989,91.493,-89.968,0.094,-90.502,-180.0,89.632,180.021,0.56,1.477,-4.769,0.0,-3.637,0.675,2.283,88.514,82.445,10.869,0.026,3.216,2.745,9.954,-25.337,0.0,-18.436,3.756,
2025-08-06 06:26:39.886,machining_end_to_approach_machine,5.531,613.67,976.234,3.465,-179.988,93.135,-89.904,0.285,-91.114,-180.0,89.186,180.094,0.817,2.338,-7.419,0.0,-5.311,0.755,3.198,87.139,81.817,10.78,-0.17,3.37,2.47,4.87,-23.821,0.0,-16.065,1.129,
2025-08-06 06:26:39.984,machining_end_to_approach_machine,4.599,610.512,969.339,5.648,-179.988,95.318,-89.816,0.516,-91.967,-180.0,88.559,180.192,1.054,2.451,-9.533,0.0,-6.85,0.901,4.511,85.157,81.799,10.77,-0.282,3.412,1.621,3.043,-16.799,0.0,-14.43,2.103,
2025-08-06 06:26:40.086,machining_end_to_approach_machine,3.47,606.688,960.988,8.115,-179.988,97.785,-89.708,0.787,-93.0,-179.998,87.794,180.306,1.142,2.947,-10.778,0.0,-8.197,1.175,4.174,86.675,82.05,10.813,-0.29,3.432,1.175,1.376,-7.389,0.002,-6.678,1.557,
2025-08-06 06:26:40.186,machining_end_to_approach_machine,2.257,602.576,952.01,10.565,-179.987,100.235,-89.588,1.073,-94.105,-179.996,86.969,180.427,1.292,2.729,-11.025,0.0,-8.199,1.216,4.759,85.713,82.598,10.927,-0.359,3.431,0.581,-1.992,-0.524,0.069,-0.257,0.466,
2025-08-06 06:26:40.286,machining_end_to_approach_machine,1.038,598.444,942.988,12.831,-179.986,102.501,-89.462,1.339,-95.202,-179.994,86.141,180.544,1.258,2.548,-10.883,0.014,-8.249,1.269,4.387,86.925,83.523,11.049,-0.405,3.432,-0.381,-0.875,1.184,-0.002,-1.201,0.788,
2025-08-06 06:26:40.385,machining_end_to_approach_machine,-0.181,594.312,933.967,14.918,-179.986,104.588,-89.338,1.597,-96.292,-179.993,85.313,180.668,1.216,2.554,-10.79,0.0,-8.438,1.372,4.443,86.606,83.358,11.003,-0.454,3.432,-0.126,-0.684,0.145,-0.07,-0.042,0.203,
2025-08-06 06:26:40.484,machining_end_to_approach_machine,-1.4,590.18,924.945,16.84,-179.985,106.51,-89.214,1.851,-97.372,-179.992,84.485,180.791,1.233,2.413,-10.854,0.0,-8.257,1.309,4.237,86.294,82.844,10.919,-0.448,3.437,0.522,-0.696,0.427,0.0,1.651,0.602,
2025-08-06 06:26:40.584,machining_end_to_approach_machine,-2.619,586.049,915.924,18.613,-179.985,108.284,-89.087,2.093,-98.44,-179.991,83.657,180.915,1.32,2.416,-10.705,0.0,-8.109,1.492,4.551,86.334,83.044,10.926,-0.486,3.434,0.253,-1.088,1.68,0.0,0.295,0.432,
2025-08-06 06:26:40.685,machining_end_to_approach_machine,-3.838,581.917,906.902,20.251,-179.984,109.921,-88.959,2.324,-99.499,-179.99,82.829,181.041,1.284,2.194,-10.517,0.0,-8.198,1.395,4.267,86.654,83.289,10.93,-0.494,3.441,0.125,-1.378,1.323,0.0,-1.202,-0.955,
2025-08-06 06:26:40.785,machining_end_to_approach_machine,-5.058,577.785,897.881,21.766,-179.983,111.436,-88.829,2.545,-100.551,-179.989,81.998,181.173,1.345,2.139,-10.439,0.0,-8.351,1.3,4.377,86.105,82.712,10.849,-0.517,3.443,0.115,-1.05,0.858,0.008,0.071,-0.371,
2025-08-06 06:26:40.888,machining_end_to_approach_machine,-6.277,573.653,888.86,23.169,-179.983,112.839,-88.7,2.754,-101.592,-179.988,81.169,181.301,1.307,1.981,-10.342,0.002,-8.183,1.32,4.261,86.21,82.437,10.777,-0.523,3.453,0.069,-0.597,1.022,0.0,-0.404,0.434,
2025-08-06 06:26:40.985,machining_end_to_approach_machine,-7.496,569.521,879.838,24.47,-179.982,114.141,-88.566,2.951,-102.624,-179.988,80.336,181.434,1.358,2.02,-10.234,0.0,-8.432,1.387,4.482,86.314,82.847,10.813,-0.561,3.454,0.124,-0.479,1.352,-0.008,-1.102,-0.895,
2025-08-06 06:26:41.085,machining_end_to_approach_machine,-8.715,565.39,870.817,25.68,-179.981,115.351,-88.43,3.139,-103.651,-179.987,79.503,181.57,1.332,1.886,-10.076,0.0,-8.401,1.144,4.171,86.305,82.349,10.729,-0.55,3.454,-0.152,-1.719,0.563,0.0,0.877,-0.719,
2025-08-06 06:26:41.184,machining_end_to_approach_machine,-9.934,561.258,861.795,26.807,-179.981,116.477,-88.293,3.323,-104.668,-179.986,78.665,181.702,1.328,1.678,-10.122,0.0,-8.257,1.244,4.384,85.718,81.826,10.649,-0.579,3.48,0.403,-1.386,-0.149,0.0,-0.372,0.354,
2025-08-06 06:26:41.286,machining_end_to_approach_machine,-11.153,557.126,852.774,27.858,-179.98,117.528,-88.157,3.491,-105.676,-179.985,77.827,181.84,1.413,1.608,-10.106,0.0,-8.475,1.215,4.337,85.607,82.166,10.664,-0.639,3.49,0.375,-0.879,0.823,0.0,-1.586,-0.065,
2025-08-06 06:26:41.386,machining_end_to_approach_machine,-12.372,552.994,843.752,28.839,-179.979,118.51,-88.014,3.651,-106.679,-179.985,76.985,181.979,1.404,1.5,-9.956,0.0,-8.578,1.231,4.282,85.677,81.742,10.586,-0.636,3.506,0.094,-0.566,1.076,0.0,-0.011,1.737,
2025-08-06 06:26:41.484,machining_end_to_approach_machine,-13.591,548.862,834.731,29.758,-179.979,119.428,-87.869,3.805,-107.673,-179.984,76.14,182.122,1.431,1.496,-9.893,0.0,-8.478,1.559,4.263,85.1,81.168,10.482,-0.64,3.522,0.289,-0.488,0.099,0.0,0.394,1.953,
2025-08-06 06:26:41.585,machining_end_to_approach_machine,-14.81,544.731,825.709,30.619,-179.978,120.289,-87.723,3.941,-108.658,-179.984,75.291,182.274,1.462,1.403,-9.936,0.0,-8.499,1.619,4.225,85.111,81.383,10.497,-0.687,3.539,0.526,-1.674,0.754,0.0,0.233,0.065,
2025-08-06 06:26:41.687,machining_end_to_approach_machine,-16.03,540.599,816.688,31.427,-179.977,121.098,-87.575,4.069,-109.639,-179.983,74.439,182.418,1.538,1.156,-9.74,0.0,-8.43,1.572,4.195,84.906,80.923,10.419,-0.708,3.555,0.348,-1.529,0.945,0.0,-0.313,-0.804,
2025-08-06 06:26:41.788,machining_end_to_approach_machine,-17.249,536.467,807.666,32.188,-179.977,121.858,-87.424,4.184,-110.612,-179.982,73.582,182.57,1.532,1.092,-9.744,0.0,-8.563,1.456,4.264,84.554,80.342,10.318,-0.711,3.571,-0.193,-0.397,0.437,0.0,-1.814,-1.038,
2025-08-06 06:26:41.888,machining_end_to_approach_machine,-18.468,532.335,798.645,32.903,-179.976,122.574,-87.27,4.287,-111.577,-179.982,72.719,182.721,1.499,1.076,-9.652,0.0,-8.795,1.363,4.165,84.529,80.54,10.307,-0.765,3.565,0.058,-1.419,1.016,0.0,-0.584,0.874,
2025-08-06 06:26:41.985,machining_end_to_approach_machine,-19.687,528.203,789.623,33.578,-179.975,123.249,-87.116,4.378,-112.538,-179.982,71.855,182.872,1.544,0.813,-9.544,0.0,-8.678,1.628,4.114,83.89,79.558,10.201,-0.739,3.577,0.459,-1.628,0.754,0.0,0.091,1.46,
2025-08-06 06:26:42.085,machining_end_to_approach_machine,-20.906,524.072,780.602,34.216,-179.975,123.886,-86.958,4.457,-113.491,-179.981,70.981,183.036,1.59,0.755,-9.504,0.0,-8.777,1.651,4.209,83.421,79.029,10.139,-0.77,3.572,0.196,-1.026,0.583,0.0,-1.419,0.001,
2025-08-06 06:26:42.184,machining_end_to_approach_machine,-22.125,519.94,771.581,34.819,-179.974,124.489,-86.798,4.525,-114.436,-179.981,70.106,183.194,1.583,0.609,-9.428,0.0,-8.96,1.628,4.095,83.32,78.957,10.091,-0.794,3.58,0.299,-1.856,0.469,0.0,-0.731,-0.628,
2025-08-06 06:26:42.285,machining_end_to_approach_machine,-23.344,515.808,762.559,35.39,-179.973,125.06,-86.638,4.582,-115.377,-179.981,69.221,183.353,1.649,0.384,-9.41,0.0,-8.923,1.525,4.137,82.608,78.148,9.981,-0.803,3.588,0.461,-0.606,0.272,0.0,0.422,0.704,
2025-08-06 06:26:42.385,machining_end_to_approach_machine,-24.563,511.676,753.538,35.931,-179.972,125.601,-86.472,4.626,-116.31,-179.981,68.333,183.517,1.675,0.487,-9.373,0.0,-8.875,1.77,4.237,82.491,77.901,9.93,-0.821,3.598,0.029,-0.89,3.305,0.0,1.894,1.072,
2025-08-06 06:26:42.485,machining_end_to_approach_machine,-25.763,507.609,744.658,36.437,-179.972,126.107,-86.304,4.659,-117.227,-179.98,67.446,183.686,1.655,0.206,-8.749,0.0,-8.544,1.74,3.934,82.156,77.619,9.865,-0.87,3.614,-1.0,-2.405,8.6,0.0,7.761,-3.074,
2025-08-06 06:26:42.587,machining_end_to_approach_machine,-26.841,503.956,736.68,36.87,-179.971,126.54,-86.151,4.671,-118.051,-179.98,66.643,183.836,1.473,0.001,-7.636,0.0,-7.308,1.149,4.076,81.166,77.638,9.83,-0.887,3.621,-2.947,-1.02,15.748,0.0,14.831,-4.13,
2025-08-06 06:26:42.687,machining_end_to_approach_machine,-27.695,501.061,730.36,37.2,-179.971,126.87,-86.026,4.674,-118.702,-179.98,65.994,183.957,1.06,0.0,-5.568,0.0,-5.549,0.906,3.595,81.503,78.089,9.849,-0.936,3.629,-4.068,-0.005,21.6,0.0,19.635,-2.536,
2025-08-06 06:26:42.786,machining_end_to_approach_machine,-28.272,499.106,726.091,37.416,-179.97,127.086,-85.939,4.675,-119.144,-179.98,65.551,184.045,0.664,0.0,-3.338,0.0,-3.4,0.644,3.548,80.831,78.147,9.801,-0.969,3.635,-3.79,0.0,20.516,0.0,20.714,-3.252,
2025-08-06 06:26:42.885,machining_end_to_approach_machine,-28.579,498.066,723.821,37.529,-179.97,127.199,-85.89,4.676,-119.383,-179.98,65.312,184.085,0.309,0.0,-1.506,0.0,-1.447,0.262,3.415,80.087,78.403,9.959,-0.918,3.587,-3.119,0.0,15.5,0.0,15.702,-3.152,
2025-08-06 06:26:42.984,machining_end_to_approach_machine,-28.682,497.718,723.062,37.567,-179.97,127.237,-85.873,4.676,-119.465,-179.98,65.229,184.106,0.046,0.0,-0.269,0.0,-0.291,0.02,3.375,79.69,78.264,10.036,-0.873,3.552,-1.554,0.0,7.565,0.0,7.272,-1.315,waypoint
2025-08-06 06:26:43.084,machining_end_to_approach_machine,-28.69,497.69,723.0,37.57,-179.97,127.24,-85.871,4.676,-119.472,-179.98,65.221,184.111,0.0,0.0,0.0,0.0,0.0,0.0,3.202,79.201,77.638,9.953,-0.845,3.516,-0.231,0.0,1.337,0.0,1.45,-0.101,
2025-08-06 06:26:43.286,machining_end_to_approach_machine,-28.69,497.69,723.0,37.57,-179.97,127.24,-85.871,4.677,-119.472,-179.98,65.221,184.111,0.0,0.0,0.0,0.0,0.0,0.0,2.92,79.213,77.49,9.882,-0.641,3.464,0.0,0.0,0.0,0.0,0.0,0.0,
2025-08-06 06:26:43.386,machining_end_to_approach_machine,-28.69,497.69,723.0,37.57,-179.97,127.24,-85.871,4.677,-119.471,-179.98,65.222,184.111,0.0,0.0,0.0,0.0,0.0,0.0,2.775,79.21,77.566,9.862,-0.543,3.445,0.0,0.0,0.0,0.0,0.002,0.0,
2025-08-06 06:26:43.584,machining_end_to_approach_machine,-28.69,497.69,723.0,37.57,-179.97,127.24,-85.872,4.677,-119.469,-179.98,65.223,184.111,-0.0,0.0,0.0,0.0,0.0,0.0,2.551,79.138,77.691,9.852,-0.476,3.427,0.0,0.0,0.0,0.0,-0.002,0.0,
2025-08-06 06:26:43.685,machining_end_to_approach_machine,-28.69,497.69,723.0,37.57,-179.97,127.24,-85.873,4.677,-119.469,-179.981,65.223,184.111,0.0,0.0,0.0,0.0,0.0,0.0,2.453,79.068,77.749,9.829,-0.476,3.407,0.002,0.0,0.0,0.0,0.0,0.0,
2025-08-06 06:26:43.884,machining_end_to_approach_machine,-28.69,497.69,723.0,37.57,-179.97,127.24,-85.874,4.677,-119.468,-179.981,65.223,184.111,0.0,0.0,0.0,0.0,0.0,0.0,2.139,79.017,77.802,9.826,-0.469,3.385,0.0,0.0,0.0,0.0,0.0,0.0,
2025-08-06 06:26:44.087,machining_end_to_approach_machine,-28.69,497.69,723.0,37.57,-179.97,127.24,-85.876,4.677,-119.468,-179.981,65.223,184.111,0.0,0.0,0.0,0.0,0.0,0.0,1.803,78.977,77.777,9.809,-0.471,3.357,-0.007,0.0,0.0,0.0,0.0,0.0,
2025-08-06 06:26:44.186,machining_end_to_approach_machine,-28.69,497.69,723.0,37.57,-179.97,127.24,-85.877,4.677,-119.468,-179.981,65.223,184.11,-0.001,0.0,0.0,0.0,0.0,0.0,1.628,78.961,77.771,9.803,-0.465,3.343,0.0,0.0,0.0,0.0,0.0,0.0,
2025-08-06 06:26:44.285,machining_end_to_approach_machine,-28.69,497.69,723.0,37.57,-179.97,127.24,-85.878,4.677,-119.468,-179.981,65.223,184.11,0.0,0.0,0.0,0.0,0.0,0.0,1.515,78.943,77.775,9.809,-0.466,3.338,0.007,0.0,0.0,0.0,0.0,0.0,
2025-08-06 06:26:44.486,machining_end_to_approach_machine,-28.69,497.69,723.0,37.57,-179.97,127.24,-85.879,4.677,-119.468,-179.981,65.223,184.11,0.0,0.0,0.0,0.0,0.0,0.0,1.331,78.859,77.765,9.794,-0.474,3.331,-0.507,0.0,0.0,0.0,0.0,-0.004,
2025-08-06 06:26:44.685,machining_end_to_approach_machine,-28.229,497.621,722.996,37.57,-179.97,127.24,-85.92,4.677,-119.471,-179.981,65.223,184.079,-0.72,0.0,-0.015,0.0,0.0,-0.702,-0.195,78.888,77.652,9.771,-0.471,3.234,-7.264,0.6,-1.087,0.0,0.0,-8.156,
2025-08-06 06:26:44.785,machining_end_to_approach_machine,-27.195,497.467,722.987,37.569,-179.97,127.239,-86.032,4.684,-119.486,-179.981,65.224,183.955,-1.552,0.12,-0.217,0.0,0.0,-1.632,-1.835,79.802,77.13,9.763,-0.443,2.964,-8.569,2.437,-1.577,0.0,0.0,-9.543,
2025-08-06 06:26:44.888,machining_end_to_approach_machine,-25.328,497.189,722.972,37.567,-179.97,127.237,-86.233,4.717,-119.515,-179.981,65.226,183.751,-2.46,0.495,-0.335,0.0,0.0,-2.639,-2.792,81.657,76.953,9.767,-0.385,2.793,-10.375,2.037,-1.1,0.0,0.069,-9.154,
2025-08-06 06:26:44.991,machining_end_to_approach_machine,-22.542,496.774,722.949,37.565,-179.97,127.235,-86.551,4.768,-119.554,-179.981,65.229,183.43,-3.689,0.54,-0.444,0.0,0.014,-3.518,-3.184,81.357,76.845,9.755,-0.343,2.707,-10.874,0.152,-1.174,0.0,0.002,-8.463,
2025-08-06 06:26:45.085,machining_end_to_approach_machine,-18.882,496.228,722.918,37.561,-179.97,127.231,-86.968,4.827,-119.606,-179.981,65.232,183.016,-4.602,0.525,-0.566,0.0,0.0,-4.306,-3.133,81.301,76.792,9.781,-0.288,2.677,-8.346,0.71,-0.848,0.0,-0.073,-8.759,
2025-08-06 06:26:45.185,machining_end_to_approach_machine,-14.514,495.577,722.881,37.558,-179.97,127.227,-87.465,4.883,-119.663,-179.981,65.236,182.517,-5.308,0.677,-0.608,0.0,0.0,-5.217,-3.078,81.053,76.868,9.803,-0.27,2.643,-5.4,0.761,-0.003,0.0,0.105,-7.702,
2025-08-06 06:26:45.285,machining_end_to_approach_machine,-9.705,494.86,722.841,37.553,-179.97,127.223,-88.018,4.946,-119.724,-179.981,65.24,181.961,-5.682,0.677,-0.567,0.0,0.021,-5.847,-3.102,81.143,76.824,9.815,-0.249,2.626,-1.903,-0.602,0.142,0.0,0.019,-3.052,
2025-08-06 06:26:45.384,machining_end_to_approach_machine,-4.763,494.123,722.8,37.549,-179.97,127.219,-88.59,5.013,-119.783,-179.981,65.244,181.395,-5.687,0.558,-0.58,0.0,0.004,-5.824,-2.834,80.751,76.777,9.819,-0.241,2.621,0.037,-0.672,0.029,0.0,-0.102,-0.156,
2025-08-06 06:26:45.485,machining_end_to_approach_machine,0.18,493.386,722.759,37.545,-179.97,127.214,-89.16,5.072,-119.839,-179.98,65.247,180.821,-5.674,0.543,-0.561,0.0,0.001,-5.878,-2.616,80.653,76.862,9.842,-0.242,2.605,-0.42,0.215,0.526,0.0,-0.019,0.169,
2025-08-06 06:26:45.585,machining_end_to_approach_machine,5.124,492.649,722.717,37.54,-179.97,127.21,-89.736,5.122,-119.891,-179.98,65.249,180.249,-5.771,0.601,-0.474,0.0,0.0,-5.79,-2.827,80.851,76.983,9.878,-0.22,2.608,-0.481,-0.662,0.496,0.0,-0.005,0.709,
2025-08-06 06:26:45.684,machining_end_to_approach_machine,10.068,491.912,722.676,37.536,-179.97,127.205,-90.313,5.173,-119.941,-179.98,65.251,179.669,-5.77,0.411,-0.462,0.0,0.0,-5.737,-3.011,80.99,76.842,9.869,-0.206,2.613,-0.071,-0.551,0.242,0.0,0.0,-1.413,
2025-08-06 06:26:45.788,machining_end_to_approach_machine,15.011,491.175,722.635,37.532,-179.97,127.201,-90.891,5.22,-119.985,-179.98,65.253,179.094,-5.786,0.489,-0.425,0.0,0.0,-6.077,-2.837,80.887,77.01,9.907,-0.207,2.581,-0.314,-0.041,0.374,0.0,0.0,1.077,
2025-08-06 06:26:45.885,machining_end_to_approach_machine,19.955,490.438,722.593,37.527,-179.97,127.196,-91.47,5.262,-120.028,-179.98,65.254,178.517,-5.833,0.403,-0.387,0.0,0.0,-5.52,-3.201,81.122,76.95,9.924,-0.188,2.583,0.149,-0.284,0.252,0.0,0.0,0.657,
2025-08-06 06:26:45.990,machining_end_to_approach_machine,24.898,489.701,722.552,37.523,-179.97,127.192,-92.048,5.303,-120.064,-179.98,65.255,177.936,-5.756,0.431,-0.374,0.0,0.0,-5.944,-3.085,81.185,77.035,9.942,-0.191,2.573,-0.41,-0.631,0.215,0.0,0.0,-1.649,
2025-08-06 06:26:46.087,machining_end_to_approach_machine,29.842,488.964,722.511,37.519,-179.97,127.188,-92.628,5.336,-120.1,-179.98,65.255,177.355,-5.916,0.275,-0.344,0.0,0.0,-5.853,-3.217,80.949,77.01,9.929,-0.195,2.566,-0.576,-0.754,0.411,0.0,0.0,1.338,
2025-08-06 06:26:46.186,machining_end_to_approach_machine,34.786,488.227,722.469,37.514,-179.97,127.183,-93.212,5.361,-120.131,-179.979,65.255,176.773,-5.869,0.284,-0.294,0.0,0.0,-5.682,-3.245,81.076,77.053,9.957,-0.203,2.566,0.03,0.07,0.372,0.0,0.0,0.171,
2025-08-06 06:26:46.284,machining_end_to_approach_machine,39.729,487.49,722.428,37.51,-179.97,127.179,-93.796,5.394,-120.159,-179.979,65.255,176.193,-5.91,0.289,-0.27,0.0,0.0,-5.82,-3.296,81.644,77.065,9.97,-0.192,2.555,0.344,-0.814,0.244,0.0,0.0,-1.494,
2025-08-06 06:26:46.385,machining_end_to_approach_machine,44.673,486.753,722.387,37.506,-179.97,127.174,-94.381,5.417,-120.184,-179.979,65.255,175.605,-5.8,0.122,-0.245,0.0,0.0,-5.979,-3.208,80.657,77.072,9.968,-0.207,2.56,0.292,-0.866,0.501,0.0,-0.04,0.276,
2025-08-06 06:26:46.484,machining_end_to_approach_machine,49.616,486.016,722.345,37.501,-179.97,127.17,-94.963,5.432,-120.204,-179.979,65.253,175.02,-5.852,0.116,-0.17,0.0,-0.008,-5.764,-3.35,81.34,77.138,9.964,-0.22,2.563,-0.68,0.38,0.819,0.0,-0.004,0.52,
2025-08-06 06:26:46.584,machining_end_to_approach_machine,54.56,485.28,722.304,37.497,-179.97,127.166,-95.547,5.452,-120.221,-179.979,65.251,174.435,-5.936,0.197,-0.082,0.0,-0.001,-5.876,-3.27,81.193,77.144,9.932,-0.296,2.541,-0.337,0.035,0.339,0.0,-0.022,-1.636,
2025-08-06 06:26:46.686,machining_end_to_approach_machine,59.503,484.543,722.263,37.493,-179.97,127.161,-96.135,5.469,-120.236,-179.979,65.247,173.853,-5.92,0.123,-0.102,0.0,-0.012,-6.095,-3.41,81.43,77.15,9.938,-0.347,2.535,0.165,-0.948,0.0,0.0,-0.009,1.205,
2025-08-06 06:26:46.785,machining_end_to_approach_machine,64.447,483.806,722.221,37.489,-179.97,127.157,-96.723,5.478,-120.247,-179.979,65.243,173.263,-5.902,0.007,-0.082,0.0,-0.003,-5.634,-3.169,80.725,77.173,9.936,-0.411,2.538,0.461,-0.614,0.419,0.0,-0.019,1.115,
2025-08-06 06:26:46.886,machining_end_to_approach_machine,69.391,483.069,722.18,37.484,-179.97,127.152,-97.31,5.479,-120.254,-179.979,65.24,172.675,-5.828,0.0,-0.018,0.0,-0.016,-5.872,-3.375,80.778,77.237,9.925,-0.452,2.533,0.212,-0.034,0.411,0.0,-0.068,-1.589,
2025-08-06 06:26:46.985,machining_end_to_approach_machine,74.334,482.332,722.139,37.48,-179.97,127.148,-97.894,5.479,-120.257,-179.98,65.235,172.092,-5.86,0.0,0.0,0.0,-0.016,-5.952,-3.284,80.507,77.349,9.892,-0.482,2.524,-0.388,0.0,0.088,0.0,0.023,0.143,
2025-08-06 06:26:47.089,machining_end_to_approach_machine,79.278,481.595,722.097,37.476,-179.97,127.144,-98.479,5.479,-120.257,-179.98,65.23,171.506,-5.907,0.0,0.0,0.0,-0.011,-5.843,-3.285,80.154,77.474,9.886,-0.522,2.532,0.271,0.0,0.15,-0.004,-0.011,1.073,
2025-08-06 06:26:47.185,machining_end_to_approach_machine,84.221,480.858,722.056,37.471,-179.97,127.139,-99.069,5.478,-120.255,-179.98,65.225,170.918,-5.806,0.0,0.03,-0.001,-0.018,-5.737,-3.439,79.981,77.697,9.874,-0.578,2.543,0.188,-0.004,0.262,0.0,0.038,-0.546,
2025-08-06 06:26:47.286,machining_end_to_approach_machine,89.165,480.121,722.015,37.467,-179.97,127.135,-99.656,5.477,-120.246,-179.98,65.219,170.327,-5.87,-0.001,0.052,0.0,-0.004,-5.95,-3.257,79.52,78.147,9.854,-0.62,2.53,-0.076,-0.411,0.525,0.004,0.062,-0.728,
2025-08-06 06:26:47.385,machining_end_to_approach_machine,94.108,479.384,721.973,37.463,-179.97,127.131,-100.243,5.469,-120.233,-179.98,65.213,169.745,-5.821,-0.082,0.135,0.0,-0.006,-5.882,-3.315,77.851,78.683,9.829,-0.668,2.518,0.189,-1.628,0.368,0.0,-0.138,1.264,
2025-08-06 06:26:47.487,machining_end_to_approach_machine,99.052,478.647,721.932,37.458,-179.97,127.126,-100.826,5.448,-120.218,-179.981,65.206,169.16,-5.832,-0.328,0.126,0.0,-0.032,-5.696,-3.242,75.308,79.021,9.805,-0.714,2.515,0.154,-1.87,0.235,0.0,-0.114,-0.226,
2025-08-06 06:26:47.590,machining_end_to_approach_machine,103.996,477.91,721.891,37.454,-179.97,127.122,-101.409,5.406,-120.201,-179.981,65.198,168.572,-5.79,-0.465,0.183,0.0,-0.029,-5.929,-3.148,73.386,79.2,9.786,-0.744,2.512,0.064,-0.578,0.572,-0.014,0.081,0.378,
2025-08-06 06:26:47.685,machining_end_to_approach_machine,108.939,477.173,721.849,37.45,-179.97,127.117,-101.996,5.362,-120.18,-179.982,65.19,167.989,-5.819,-0.442,0.239,-0.003,-0.016,-5.621,-3.545,73.874,79.433,9.794,-0.741,2.503,0.226,0.627,0.616,0.0,-0.037,1.183,
2025-08-06 06:26:47.784,machining_end_to_approach_machine,113.883,476.436,721.808,37.446,-179.97,127.113,-102.581,5.324,-120.153,-179.982,65.182,167.406,-5.746,-0.344,0.303,0.0,-0.036,-5.699,-3.226,72.918,79.658,9.796,-0.771,2.491,-0.121,0.206,0.342,0.014,-0.161,-1.346,
2025-08-06 06:26:47.886,machining_end_to_approach_machine,118.826,475.699,721.767,37.441,-179.97,127.109,-103.164,5.288,-120.125,-179.983,65.173,166.825,-5.843,-0.401,0.308,0.0,-0.048,-5.892,-3.383,72.7,79.695,9.743,-0.788,2.5,-0.096,-0.498,0.235,-0.024,0.088,-1.002,
2025-08-06 06:26:47.985,machining_end_to_approach_machine,123.77,474.962,721.725,37.437,-179.97,127.104,-103.744,5.243,-120.092,-179.988,65.163,166.241,-5.765,-0.444,0.35,-0.005,-0.019,-5.901,-3.21,72.003,79.845,9.674,-0.804,2.502,0.534,-0.664,0.309,0.0,-0.024,0.71,
2025-08-06 06:26:48.085,machining_end_to_approach_machine,128.714,474.225,721.684,37.433,-179.97,127.1,-104.322,5.196,-120.056,-179.988,65.153,165.661,-5.737,-0.533,0.369,0.0,-0.053,-5.751,-3.291,71.99,79.885,9.605,-0.804,2.486,-0.196,-0.252,0.29,0.024,-0.004,-0.015,
2025-08-06 06:26:48.187,machining_end_to_approach_machine,133.657,473.488,721.643,37.429,-179.97,127.096,-104.904,5.143,-120.019,-179.988,65.143,165.081,-5.805,-0.495,0.409,0.0,-0.019,-5.904,-3.294,71.906,79.957,9.636,-0.821,2.483,-0.19,-0.201,0.337,0.0,-0.004,0.381,
2025-08-06 06:26:48.286,machining_end_to_approach_machine,138.601,472.751,721.601,37.424,-179.97,127.091,-105.482,5.088,-119.974,-179.988,65.133,164.507,-5.775,-0.573,0.437,0.0,-0.054,-5.674,-3.285,72.038,79.946,9.698,-0.814,2.487,0.157,-0.577,0.651,0.0,-0.164,1.24,
2025-08-06 06:26:48.385,machining_end_to_approach_machine,143.544,472.014,721.56,37.42,-179.97,127.087,-106.059,5.031,-119.929,-179.988,65.123,163.927,-5.774,-0.609,0.538,0.0,-0.052,-5.658,-3.175,72.149,79.973,9.727,-0.825,2.489,0.293,-0.102,0.205,0.0,-0.004,-1.716,
2025-08-06 06:26:48.485,machining_end_to_approach_machine,148.488,471.277,721.519,37.416,-179.97,127.083,-106.633,4.97,-119.878,-179.988,65.112,163.354,-5.717,-0.594,0.478,0.0,-0.054,-6.015,-3.238,72.463,79.903,9.74,-0.816,2.476,0.383,-0.269,0.257,0.0,-0.126,1.218,
2025-08-06 06:26:48.584,machining_end_to_approach_machine,153.421,470.542,721.477,37.412,-179.97,127.078,-107.203,4.904,-119.827,-179.988,65.1,162.782,-5.697,-0.663,0.589,0.0,-0.077,-5.416,-3.091,72.186,79.897,9.734,-0.827,2.482,2.204,-0.412,0.17,0.0,-0.014,3.183,
2025-08-06 06:26:48.685,machining_end_to_approach_machine,158.153,469.836,721.438,37.408,-179.97,127.074,-107.755,4.836,-119.772,-179.988,65.089,162.235,-5.276,-0.676,0.512,0.0,-0.057,-5.379,-3.027,72.57,79.76,9.722,-0.809,2.493,6.013,0.408,-0.676,0.0,0.133,3.839,
2025-08-06 06:26:48.785,machining_end_to_approach_machine,162.372,469.207,721.403,37.404,-179.97,127.07,-108.247,4.779,-119.719,-179.988,65.078,161.742,-4.489,-0.581,0.453,0.0,-0.05,-4.644,-2.592,72.67,79.72,9.725,-0.799,2.497,8.655,0.944,-0.362,0.0,0.119,8.981,
2025-08-06 06:26:48.885,machining_end_to_approach_machine,165.833,468.691,721.374,37.401,-179.97,127.067,-108.653,4.724,-119.678,-179.988,65.068,161.336,-3.545,-0.487,0.439,0.0,-0.033,-3.583,-2.29,72.458,79.683,9.723,-0.785,2.489,9.742,0.914,-0.892,0.0,0.23,12.297,
2025-08-06 06:26:48.985,machining_end_to_approach_machine,168.397,468.309,721.352,37.399,-179.97,127.065,-108.954,4.679,-119.642,-179.988,65.062,161.041,-2.54,-0.398,0.274,0.0,-0.004,-2.185,-2.114,72.519,79.609,9.677,-0.767,2.488,10.528,1.583,-1.212,0.0,0.166,9.833,
2025-08-06 06:26:49.085,machining_end_to_approach_machine,170.052,468.062,721.338,37.397,-179.97,127.064,-109.15,4.652,-119.619,-179.989,65.059,160.846,-1.44,-0.171,0.197,0.0,0.0,-1.616,-2.083,72.79,79.651,9.67,-0.752,2.487,9.519,1.772,-1.109,0.0,0.022,7.46,
2025-08-06 06:26:49.185,machining_end_to_approach_machine,170.911,467.934,721.331,37.397,-179.97,127.063,-109.248,4.639,-119.606,-179.989,65.057,160.744,-0.637,-0.044,0.053,0.0,0.0,-0.693,-2.045,72.692,79.609,9.641,-0.735,2.5,6.449,0.8,-0.98,0.0,-0.002,7.745,
2025-08-06 06:26:49.286,machining_end_to_approach_machine,171.202,467.891,721.329,37.396,-179.97,127.063,-109.283,4.633,-119.601,-179.99,65.056,160.709,-0.143,-0.01,0.0,0.0,-0.0,-0.06,-2.203,72.819,79.5,9.618,-0.717,2.52,3.183,0.218,-0.263,0.0,0.0,3.463,waypoint
2025-08-06 06:26:49.385,machining_end_to_approach_machine,171.228,467.887,721.328,37.396,-179.97,127.063,-109.288,4.632,-119.601,-179.99,65.056,160.704,0.0,0.0,0.0,0.0,0.0,0.0,-2.135,73.101,79.357,9.614,-0.696,2.564,0.721,0.05,0.0,0.0,0.002,0.298,
2025-08-06 06:26:49.787,machining_end_to_approach_machine,171.228,467.887,721.328,37.397,-179.97,127.063,-109.288,4.631,-119.602,-179.99,65.057,160.704,0.0,0.0,0.0,0.0,0.0,0.0,-1.422,73.642,79.061,9.62,-0.592,2.641,0.0,0.0,0.0,0.0,0.0,0.0,
2025-08-06 06:26:50.086,machining_end_to_approach_machine,171.228,467.887,721.328,37.397,-179.97,127.063,-109.286,4.631,-119.603,-179.99,65.057,160.704,0.0,0.0,-0.0,0.0,0.0,0.0,-0.702,73.898,78.957,9.619,-0.5,2.662,0.0,0.0,0.0,0.0,0.0,0.0,
2025-08-06 06:26:50.384,machining_end_to_approach_machine,171.228,467.887,721.328,37.397,-179.97,127.063,-109.282,4.631,-119.603,-179.99,65.057,160.704,0.0,0.0,0.0,0.0,0.0,0.0,-0.07,74.011,78.934,9.627,-0.474,2.699,0.0,0.0,0.0,0.0,0.0,0.0,
2025-08-06 06:26:50.686,machining_end_to_approach_machine,171.228,467.887,721.328,37.397,-179.97,127.063,-109.28,4.631,-119.603,-179.99,65.057,160.705,0.0,0.0,0.0,0.0,0.0,0.0,0.347,74.08,78.947,9.656,-0.484,2.717,0.0,0.0,0.0,0.0,0.0,0.004,
2025-08-06 06:26:50.985,machining_end_to_approach_machine,171.228,467.887,721.328,37.397,-179.97,127.063,-109.278,4.631,-119.603,-179.99,65.057,160.706,0.0,0.0,0.0,0.0,0.0,0.0,0.458,74.191,78.936,9.656,-0.487,2.719,0.0,0.0,0.0,0.0,0.0,0.0,
2025-08-06 06:26:51.390,machining_end_to_approach_machine,171.228,467.887,721.328,37.397,-179.97,127.063,-109.277,4.632,-119.603,-179.99,65.057,160.707,0.0,0.0,0.0,0.0,0.0,0.0,0.474,74.4,78.925,9.664,-0.477,2.733,0.0,0.0,0.0,0.0,0.0,0.0,
2025-08-06 06:26:51.687,machining_end_to_approach_machine,171.228,467.887,721.328,37.397,-179.97,127.063,-109.277,4.632,-119.603,-179.99,65.058,160.708,0.0,0.0,0.0,0.0,0.0,0.0,0.354,74.551,78.95,9.667,-0.502,2.749,0.0,0.0,0.0,0.0,0.0,0.0,
2025-08-06 06:26:51.988,machining_end_to_approach_machine,171.228,467.887,721.328,37.397,-179.97,127.063,-109.277,4.632,-119.603,-179.99,65.058,160.708,0.0,0.0,0.0,0.0,0.0,0.0,0.315,74.731,78.927,9.676,-0.499,2.753,0.0,-0.001,0.0,0.0,0.0,0.0,
2025-08-06 06:26:52.287,machining_end_to_approach_machine,171.228,467.887,721.328,37.397,-179.97,127.063,-109.277,4.632,-119.603,-179.99,65.057,160.709,0.0,0.0,0.0,0.0,0.0,0.0,0.31,74.908,78.935,9.672,-0.508,2.76,0.0,0.0,0.0,0.0,0.0,-0.003,
2025-08-06 06:26:52.685,machining_end_to_approach_machine,171.872,467.888,721.328,37.456,-179.97,127.122,-109.315,4.632,-119.593,-179.99,65.057,160.7,-0.929,-0.01,0.264,0.0,0.0,-0.65,-1.789,75.049,79.377,9.69,-0.525,2.719,-13.547,-3.013,2.831,0.0,-0.413,-15.025,
2025-08-06 06:26:52.785,machining_end_to_approach_machine,173.714,467.889,721.327,37.625,-179.969,127.291,-109.497,4.606,-119.548,-179.99,65.052,160.483,-2.712,-0.603,0.566,0.0,-0.083,-3.005,-4.383,73.157,79.971,9.653,-0.656,2.527,-17.194,-6.153,3.799,0.0,-0.518,-19.511,
2025-08-06 06:26:52.884,machining_end_to_approach_machine,177.08,467.891,721.324,37.93,-179.969,127.596,-109.86,4.515,-119.466,-179.99,65.039,160.114,-4.351,-1.234,1.02,0.0,-0.103,-4.532,-4.567,70.854,80.298,9.67,-0.808,2.479,-14.024,-4.697,3.497,-0.005,-0.168,-13.819,
2025-08-06 06:26:52.985,machining_end_to_approach_machine,181.769,467.894,721.321,38.347,-179.969,128.013,-110.365,4.374,-119.35,-179.991,65.025,159.607,-5.516,-1.542,1.266,-0.001,-0.116,-5.769,-4.549,71.746,80.19,9.658,-0.805,2.477,-7.698,-2.013,2.12,-0.014,0.104,-4.824,
2025-08-06 06:26:53.085,machining_end_to_approach_machine,187.158,467.897,721.317,38.815,-179.969,128.481,-110.946,4.214,-119.21,-179.992,65.01,159.029,-5.898,-1.639,1.446,-0.003,-0.082,-5.502,-3.87,71.744,80.102,9.618,-0.783,2.46,0.889,0.375,0.597,0.005,0.251,2.16,
2025-08-06 06:26:53.185,machining_end_to_approach_machine,192.399,467.9,721.313,39.261,-179.968,128.927,-111.513,4.053,-119.071,-179.996,64.995,158.471,-5.339,-1.467,1.385,0.0,-0.066,-5.337,-3.016,72.23,80.015,9.549,-0.756,2.454,9.825,2.16,-2.141,0.014,0.131,8.412,
2025-08-06 06:26:53.285,machining_end_to_approach_machine,196.69,467.903,721.31,39.618,-179.968,129.284,-111.979,3.915,-118.953,-179.997,64.983,158.013,-3.933,-1.207,1.018,0.0,-0.056,-3.82,-2.129,71.852,79.85,9.544,-0.737,2.475,15.001,3.905,-4.295,0.0,0.206,14.694,
2025-08-06 06:26:53.386,machining_end_to_approach_machine,199.536,467.904,721.308,39.851,-179.968,129.517,-112.292,3.819,-118.872,-179.997,64.974,157.706,-2.323,-0.682,0.522,0.0,-0.025,-2.383,-1.78,72.418,79.743,9.589,-0.701,2.49,15.758,4.717,-3.85,0.0,0.278,15.867,
2025-08-06 06:26:53.485,machining_end_to_approach_machine,200.901,467.905,721.307,39.962,-179.968,129.627,-112.442,3.775,-118.832,-179.997,64.971,157.558,-0.782,-0.263,0.248,0.0,-0.0,-0.646,-1.611,72.332,79.736,9.627,-0.686,2.489,11.592,3.34,-2.617,0.0,0.124,11.651,
2025-08-06 06:26:53.585,machining_end_to_approach_machine,201.224,467.905,721.306,39.988,-179.968,129.653,-112.478,3.759,-118.82,-179.997,64.971,157.52,-0.017,-0.018,0.001,0.0,0.0,-0.065,-1.81,72.053,79.677,9.604,-0.677,2.502,3.928,1.324,-1.247,0.0,0.002,3.248,waypoint
2025-08-06 06:26:53.684,machining_end_to_approach_machine,201.228,467.905,721.306,39.988,-179.968,129.654,-112.478,3.758,-118.82,-179.997,64.971,157.516,0.0,0.0,0.0,0.0,0.0,0.0,-2.114,72.616,79.541,9.584,-0.653,2.546,0.083,0.088,-0.004,0.0,0.0,0.323,
2025-08-06 06:26:54.085,machining_end_to_approach_machine,201.228,467.905,721.306,39.988,-179.968,129.654,-112.477,3.758,-118.822,-179.997,64.971,157.515,0.0,0.0,0.0,0.0,0.0,0.0,-1.31,73.061,79.156,9.623,-0.49,2.642,0.01,0.0,0.0,0.0,0.0,0.0,
2025-08-06 06:26:54.386,machining_end_to_approach_machine,201.228,467.905,721.306,39.988,-179.968,129.654,-112.475,3.758,-118.823,-179.997,64.972,157.516,0.0,0.0,0.0,0.0,0.0,0.0,-0.614,73.237,79.057,9.626,-0.468,2.685,0.0,0.0,0.0,0.0,0.0,0.0,
2025-08-06 06:26:54.686,machining_end_to_approach_machine,201.228,467.905,721.306,39.988,-179.968,129.654,-112.472,3.758,-118.823,-179.997,64.972,157.516,0.0,0.0,0.0,0.0,0.0,0.0,-0.045,73.469,79.055,9.649,-0.46,2.699,-0.004,0.0,0.0,0.0,0.0,0.0,
2025-08-06 06:26:54.985,machining_end_to_approach_machine,201.228,467.905,721.306,39.988,-179.968,129.654,-112.47,3.759,-118.823,-179.997,64.972,157.517,0.0,0.0,0.0,0.0,0.0,0.0,0.309,73.877,79.047,9.638,-0.47,2.722,0.0,-0.002,0.0,0.0,0.0,0.0,
2025-08-06 06:26:55.286,machining_end_to_approach_machine,201.228,467.905,721.306,39.988,-179.968,129.654,-112.468,3.76,-118.824,-179.997,64.972,157.518,0.0,0.0,0.0,0.0,0.0,0.0,0.363,74.352,79.062,9.651,-0.479,2.731,0.0,0.0,0.0,0.0,0.0,0.0,
2025-08-06 06:26:55.684,machining_end_to_approach_machine,201.228,467.905,721.306,39.988,-179.968,129.654,-112.467,3.761,-118.823,-179.997,64.972,157.52,0.0,0.0,0.0,0.0,0.0,0.0,0.398,74.914,79.058,9.676,-0.49,2.754,0.0,0.0,0.0,0.0,0.0,0.0,
2025-08-06 06:26:55.984,machining_end_to_approach_machine,201.228,467.905,721.306,39.988,-179.968,129.654,-112.467,3.763,-118.823,-179.997,64.972,157.521,0.0,0.0,0.0,0.0,0.0,0.0,0.367,75.233,79.07,9.686,-0.485,2.779,0.0,0.0,0.0,0.0,0.0,0.0,
2025-08-06 06:26:56.285,machining_end_to_approach_machine,201.228,467.905,721.306,39.988,-179.968,129.654,-112.467,3.764,-118.823,-179.997,64.972,157.522,0.0,0.0,0.0,0.0,0.0,0.0,0.346,75.478,79.066,9.699,-0.482,2.781,0.0,0.0,0.0,0.0,0.0,0.0,
2025-08-06 06:26:56.585,machining_end_to_approach_machine,201.228,467.905,721.306,39.988,-179.968,129.654,-112.467,3.765,-118.823,-179.997,64.972,157.522,0.0,0.0,0.0,0.0,0.0,0.0,0.309,75.67,79.073,9.683,-0.485,2.777,0.0,0.0,0.0,0.0,0.0,0.0,
2025-08-06 06:26:56.986,machining_end_to_approach_machine,202.502,467.906,721.306,40.047,-179.967,129.713,-112.561,3.762,-118.794,-179.997,64.972,157.441,-1.545,-0.112,0.474,0.0,-0.0,-2.011,-3.185,75.357,80.017,9.689,-0.521,2.631,-15.868,-4.369,4.599,0.0,-0.326,-16.126,
2025-08-06 06:26:57.085,machining_end_to_approach_machine,205.008,467.907,721.305,40.163,-179.967,129.829,-112.811,3.716,-118.722,-179.997,64.963,157.164,-3.368,-0.87,0.948,0.0,-0.065,-3.209,-4.546,71.576,80.268,9.67,-0.698,2.485,-16.281,-7.979,4.299,0.0,-0.385,-12.912,
2025-08-06 06:26:57.184,machining_end_to_approach_machine,209.009,467.908,721.303,40.345,-179.967,130.011,-113.224,3.585,-118.61,-179.997,64.95,156.749,-4.768,-1.692,1.325,0.0,-0.076,-4.568,-4.319,69.42,80.26,9.674,-0.803,2.456,-10.836,-5.14,3.198,-0.032,-0.017,-12.039,
2025-08-06 06:26:57.284,machining_end_to_approach_machine,214.102,467.91,721.3,40.575,-179.967,130.241,-113.75,3.405,-118.461,-179.998,64.936,156.227,-5.525,-1.892,1.584,-0.006,-0.068,-5.605,-4.202,70.63,80.151,9.661,-0.789,2.444,-3.318,-0.959,1.515,-0.017,0.054,-3.066,
2025-08-06 06:26:57.388,machining_end_to_approach_machine,219.534,467.912,721.297,40.815,-179.967,130.481,-114.31,3.216,-118.298,-180.0,64.923,155.673,-5.445,-1.888,1.634,-0.003,-0.065,-5.193,-3.322,70.73,79.92,9.59,-0.769,2.462,5.0,1.458,-1.062,0.031,0.125,6.565,
2025-08-06 06:26:57.485,machining_end_to_approach_machine,224.442,467.914,721.295,41.03,-179.966,130.695,-114.817,3.039,-118.146,-180.003,64.911,155.171,-4.52,-1.599,1.371,0.0,-0.043,-4.285,-2.535,71.325,79.529,9.508,-0.737,2.476,11.631,4.001,-3.651,0.017,0.203,11.088,
2025-08-06 06:26:57.585,machining_end_to_approach_machine,228.134,467.916,721.293,41.189,-179.966,130.855,-115.201,2.901,-118.027,-180.004,64.903,154.794,-3.154,-1.099,0.915,0.0,-0.025,-3.009,-1.876,71.71,79.488,9.522,-0.719,2.475,14.698,5.369,-4.624,0.0,0.213,15.205,
2025-08-06 06:26:57.685,machining_end_to_approach_machine,230.302,467.916,721.292,41.281,-179.966,130.947,-115.429,2.819,-117.956,-180.004,64.898,154.571,-1.58,-0.525,0.446,0.0,-0.0,-1.244,-1.664,72.148,79.379,9.553,-0.685,2.479,13.513,4.823,-4.037,0.0,0.124,12.34,
2025-08-06 06:26:57.790,machining_end_to_approach_machine,231.13,467.917,721.292,41.316,-179.966,130.982,-115.515,2.792,-117.928,-180.004,64.897,154.487,-0.384,-0.111,0.087,0.0,0.0,-0.479,-1.648,71.891,79.493,9.558,-0.683,2.484,7.94,2.64,-2.237,0.0,0.002,6.251,waypoint
2025-08-06 06:26:57.884,machining_end_to_approach_machine,231.228,467.917,721.291,41.321,-179.966,130.987,-115.529,2.786,-117.922,-180.004,64.896,154.471,0.0,0.0,0.001,0.0,0.0,-0.0,-2.007,71.759,79.46,9.563,-0.67,2.521,1.957,0.565,-0.444,0.0,0.0,2.446,
2025-08-06 06:26:57.986,machining_end_to_approach_machine,231.228,467.917,721.291,41.32,-179.966,130.986,-115.529,2.786,-117.922,-180.004,64.896,154.471,0.0,0.0,0.0,0.0,0.0,0.0,-1.919,71.94,79.288,9.569,-0.64,2.573,0.0,0.0,-0.005,0.0,0.0,0.001,
2025-08-06 06:26:58.385,machining_end_to_approach_machine,231.228,467.917,721.291,41.32,-179.966,130.986,-115.527,2.785,-117.925,-180.004,64.897,154.471,0.0,0.0,0.0,0.0,0.0,0.0,-0.846,72.423,78.924,9.584,-0.568,2.648,-0.017,0.0,0.0,0.0,0.0,0.0,
2025-08-06 06:26:58.684,machining_end_to_approach_machine,231.228,467.917,721.291,41.32,-179.966,130.986,-115.522,2.785,-117.926,-180.004,64.897,154.471,0.0,0.0,0.0,0.0,0.0,0.0,0.019,72.588,78.881,9.608,-0.499,2.689,-0.028,0.0,0.0,0.0,0.0,0.0,
2025-08-06 06:26:58.984,machining_end_to_approach_machine,231.228,467.917,721.291,41.32,-179.966,130.986,-115.518,2.786,-117.926,-180.004,64.897,154.472,0.0,0.0,0.0,0.0,0.0,0.0,0.546,72.815,78.872,9.611,-0.484,2.696,-0.014,0.0,0.0,0.0,0.0,0.0,
2025-08-06 06:26:59.284,machining_end_to_approach_machine,231.228,467.917,721.291,41.32,-179.966,130.986,-115.516,2.786,-117.926,-180.004,64.897,154.473,0.0,0.0,0.0,0.0,0.0,0.0,0.652,73.063,78.875,9.651,-0.479,2.716,0.0,0.0,0.0,0.0,0.0,0.0,
2025-08-06 06:26:59.585,machining_end_to_approach_machine,231.228,467.917,721.291,41.32,-179.966,130.986,-115.515,2.786,-117.926,-180.004,64.897,154.475,0.0,0.0,0.0,0.0,0.0,0.0,0.582,73.419,78.872,9.653,-0.492,2.739,0.0,0.0,0.0,0.0,0.0,-0.01,
2025-08-06 06:26:59.885,machining_end_to_approach_machine,231.228,467.917,721.291,41.32,-179.966,130.986,-115.515,2.787,-117.926,-180.004,64.897,154.476,0.0,0.0,0.0,0.0,0.0,0.0,0.565,73.854,78.906,9.659,-0.497,2.752,0.0,-0.005,0.0,0.0,0.0,0.0,
2025-08-06 06:27:00.186,machining_end_to_approach_machine,231.228,467.917,721.291,41.32,-179.966,130.986,-115.514,2.788,-117.926,-180.004,64.897,154.477,0.0,0.0,0.0,0.0,0.0,0.0,0.496,74.225,78.892,9.658,-0.494,2.761,0.0,0.0,0.0,0.0,0.0,0.0,
2025-08-06 06:27:00.485,machining_end_to_approach_machine,231.228,467.917,721.291,41.32,-179.966,130.986,-115.514,2.789,-117.926,-180.004,64.897,154.478,0.0,0.0,0.0,0.0,0.0,0.0,0.444,74.603,78.886,9.679,-0.496,2.759,0.0,0.0,0.0,0.0,0.0,0.0,
2025-08-06 06:27:00.786,machining_end_to_approach_machine,231.228,467.917,721.291,41.32,-179.966,130.986,-115.514,2.79,-117.926,-180.004,64.897,154.478,0.0,0.0,0.0,0.0,0.0,0.0,0.43,74.927,78.908,9.676,-0.493,2.757,0.0,0.0,0.0,0.0,0.0,0.0,
2025-08-06 06:27:01.185,machining_end_to_approach_machine,231.755,467.917,721.291,41.339,-179.966,131.005,-115.541,2.789,-117.914,-180.004,64.897,154.473,-0.695,-0.009,0.316,0.0,0.0,-0.171,-1.164,74.968,79.359,9.695,-0.493,2.723,-11.67,-3.235,3.648,0.0,-0.005,-11.285,
2025-08-06 06:27:01.284,machining_end_to_approach_machine,233.437,467.918,721.29,41.399,-179.966,131.065,-115.687,2.764,-117.862,-180.004,64.896,154.296,-2.322,-0.644,0.726,0.0,-0.001,-2.246,-4.1,72.426,80.031,9.674,-0.572,2.527,-15.708,-6.853,4.828,0.0,-0.276,-18.914,
2025-08-06 06:27:01.387,machining_end_to_approach_machine,236.636,467.919,721.289,41.512,-179.966,131.178,-116.0,2.659,-117.758,-180.004,64.886,153.975,-3.869,-1.394,1.291,0.0,-0.056,-3.992,-4.415,69.1,80.221,9.666,-0.748,2.453,-13.482,-6.139,4.854,0.0,-0.294,-12.489,
2025-08-06 06:27:01.484,machining_end_to_approach_machine,241.204,467.921,721.286,41.672,-179.965,131.338,-116.449,2.488,-117.611,-180.004,64.875,153.528,-5.019,-1.872,1.697,0.0,-0.06,-4.744,-4.477,70.008,80.205,9.644,-0.793,2.45,-7.995,-3.32,2.604,-0.001,-0.023,-5.983,
2025-08-06 06:27:01.584,machining_end_to_approach_machine,246.555,467.923,721.283,41.856,-179.965,131.522,-116.976,2.289,-117.432,-180.006,64.863,153.005,-5.444,-2.048,1.804,-0.0,-0.06,-5.17,-3.845,70.042,80.132,9.583,-0.784,2.462,0.638,-0.428,0.561,-0.001,0.034,-0.884,
2025-08-06 06:27:01.685,machining_end_to_approach_machine,251.853,467.926,721.281,42.036,-179.965,131.702,-117.496,2.089,-117.249,-180.009,64.853,152.49,-4.89,-1.958,1.809,-0.0,-0.053,-4.921,-3.093,70.754,79.985,9.431,-0.754,2.461,8.489,2.519,-2.052,0.001,0.175,7.614,
2025-08-06 06:27:01.784,machining_end_to_approach_machine,256.281,467.928,721.278,42.184,-179.965,131.849,-117.932,1.915,-117.094,-180.011,64.846,152.06,-3.746,-1.544,1.394,0.0,-0.025,-3.648,-2.192,70.838,79.796,9.394,-0.728,2.444,13.341,5.393,-4.782,0.001,0.264,13.992,
2025-08-06 06:27:01.885,machining_end_to_approach_machine,259.296,467.929,721.277,42.283,-179.965,131.949,-118.231,1.793,-116.984,-180.012,64.842,151.772,-2.222,-0.879,0.853,0.0,0.0,-2.123,-1.905,71.629,79.617,9.422,-0.698,2.456,13.496,5.41,-4.87,0.0,0.114,11.985,
2025-08-06 06:27:02.002,machining_end_to_approach_machine,260.81,467.93,721.276,42.333,-179.964,131.999,-118.382,1.73,-116.929,-180.012,64.84,151.62,-0.804,-0.365,0.332,0.0,-0.0,-1.035,-1.65,71.719,79.57,9.448,-0.678,2.469,10.65,4.212,-4.194,0.0,0.0,10.52,
2025-08-06 06:27:02.085,machining_end_to_approach_machine,261.214,467.93,721.276,42.346,-179.964,132.012,-118.422,1.712,-116.91,-180.012,64.84,151.58,-0.092,-0.037,0.014,0.0,0.0,-0.019,-1.849,71.386,79.54,9.472,-0.668,2.5,4.415,2.003,-1.826,0.0,0.003,5.686,waypoint
2025-08-06 06:27:02.184,machining_end_to_approach_machine,261.225,467.93,721.276,42.346,-179.964,132.012,-118.425,1.711,-116.909,-180.012,64.84,151.577,0.0,0.0,0.0,0.0,0.0,0.0,-2.092,71.58,79.425,9.476,-0.657,2.553,0.461,0.183,-0.072,0.0,0.0,0.094,
2025-08-06 06:27:02.586,machining_end_to_approach_machine,261.225,467.93,721.276,42.346,-179.964,132.012,-118.424,1.711,-116.911,-180.012,64.84,151.577,0.0,0.0,-0.001,0.0,0.0,0.0,-1.276,72.133,79.008,9.535,-0.563,2.632,0.0,0.0,0.0,0.0,0.0,0.0,
2025-08-06 06:27:02.885,machining_end_to_approach_machine,261.225,467.93,721.276,42.346,-179.964,132.012,-118.421,1.711,-116.912,-180.012,64.84,151.577,0.0,0.0,0.0,0.0,0.0,0.0,-0.48,72.319,78.916,9.567,-0.498,2.673,0.001,0.0,0.0,0.0,0.0,0.0,
2025-08-06 06:27:03.190,machining_end_to_approach_machine,261.225,467.93,721.276,42.346,-179.964,132.012,-118.417,1.711,-116.912,-180.012,64.841,151.577,0.0,0.0,0.0,0.0,0.0,0.0,0.152,72.557,78.908,9.592,-0.481,2.695,0.0,0.0,0.0,0.0,0.0,0.0,
2025-08-06 06:27:03.486,machining_end_to_approach_machine,261.225,467.93,721.276,42.346,-179.964,132.012,-118.415,1.712,-116.912,-180.012,64.841,151.578,0.0,0.0,0.0,0.0,0.0,0.0,0.486,73.005,78.903,9.63,-0.483,2.719,0.0,0.0,0.0,0.0,0.0,0.0,
2025-08-06 06:27:03.786,machining_end_to_approach_machine,261.225,467.93,721.276,42.346,-179.964,132.012,-118.414,1.713,-116.912,-180.012,64.841,151.579,0.0,0.0,0.0,0.0,0.0,0.0,0.572,73.742,78.902,9.659,-0.497,2.719,0.0,0.0,0.0,0.0,0.0,0.0,
2025-08-06 06:27:04.186,machining_end_to_approach_machine,261.225,467.93,721.276,42.346,-179.964,132.012,-118.413,1.715,-116.912,-180.012,64.841,151.58,0.0,0.0,0.0,0.0,0.0,0.0,0.569,74.496,78.901,9.689,-0.487,2.746,0.0,0.0,0.0,0.0,0.0,0.0,
2025-08-06 06:27:04.485,machining_end_to_approach_machine,261.225,467.93,721.276,42.346,-179.964,132.012,-118.413,1.716,-116.912,-180.012,64.841,151.581,0.0,0.0,0.0,0.0,0.0,0.0,0.511,74.914,78.904,9.687,-0.499,2.753,0.0,0.004,0.0,0.0,0.0,0.0,
2025-08-06 06:27:04.788,machining_end_to_approach_machine,261.225,467.93,721.276,42.346,-179.964,132.012,-118.413,1.717,-116.912,-180.012,64.841,151.582,0.0,0.0,0.0,0.0,0.0,0.0,0.472,75.189,78.893,9.7,-0.497,2.754,0.0,0.0,0.0,0.0,0.0,0.0,
2025-08-06 06:27:05.085,machining_end_to_approach_machine,261.225,467.93,721.276,42.346,-179.964,132.012,-118.413,1.718,-116.912,-180.012,64.841,151.582,0.0,0.0,-0.0,0.0,0.0,0.0,0.427,75.331,78.886,9.705,-0.499,2.754,0.0,0.0,-0.038,0.0,0.0,0.0,
2025-08-06 06:27:05.484,machining_end_to_approach_machine,262.332,467.93,721.275,42.363,-179.964,132.029,-118.484,1.714,-116.88,-180.012,64.841,151.539,-1.288,-0.172,0.553,0.0,0.0,-1.688,-2.858,74.795,79.914,9.704,-0.516,2.654,-13.405,-5.326,5.517,0.0,-0.098,-13.619,
2025-08-06 06:27:05.586,machining_end_to_approach_machine,264.683,467.931,721.275,42.398,-179.964,132.064,-118.692,1.652,-116.796,-180.012,64.839,151.291,-2.867,-1.065,1.14,0.0,-0.02,-2.724,-4.368,69.828,80.123,9.691,-0.644,2.496,-14.336,-8.497,5.262,-0.002,-0.059,-12.921,
2025-08-06 06:27:05.685,machining_end_to_approach_machine,268.545,467.932,721.274,42.456,-179.964,132.122,-119.054,1.501,-116.658,-180.012,64.83,150.928,-4.17,-1.88,1.611,-0.0,-0.012,-4.285,-4.361,68.206,80.01,9.657,-0.78,2.463,-10.646,-5.181,4.138,0.0,0.005,-11.93,
2025-08-06 06:27:05.786,machining_end_to_approach_machine,273.558,467.934,721.272,42.531,-179.964,132.196,-119.52,1.296,-116.473,-180.012,64.823,150.462,-4.996,-2.101,1.967,0.0,-0.018,-5.11,-4.13,69.585,80.116,9.612,-0.793,2.458,-4.311,-1.61,2.125,-0.014,-0.019,-2.776,
2025-08-06 06:27:05.886,machining_end_to_approach_machine,278.994,467.936,721.271,42.611,-179.964,132.277,-120.027,1.078,-116.268,-180.015,64.818,149.965,-5.036,-2.204,2.038,-0.003,-0.016,-4.843,-3.48,70.172,79.933,9.468,-0.776,2.45,3.985,0.741,-0.663,0.0,0.009,4.379,
2025-08-06 06:27:05.988,machining_end_to_approach_machine,283.991,467.937,721.269,42.684,-179.964,132.35,-120.491,0.869,-116.076,-180.019,64.813,149.506,-4.191,-1.952,1.834,0.0,-0.017,-4.225,-2.452,70.394,79.733,9.356,-0.748,2.449,10.369,4.451,-3.841,0.015,0.078,10.104,
2025-08-06 06:27:06.086,machining_end_to_approach_machine,287.825,467.938,721.268,42.74,-179.964,132.405,-120.85,0.707,-115.924,-180.019,64.811,149.154,-2.962,-1.313,1.27,0.0,-0.0,-2.823,-1.991,71.241,79.675,9.375,-0.7,2.469,13.674,6.049,-5.763,0.0,0.084,14.264,
2025-08-06 06:27:06.187,machining_end_to_approach_machine,290.145,467.939,721.267,42.774,-179.964,132.439,-121.071,0.604,-115.831,-180.02,64.81,148.941,-1.47,-0.748,0.687,0.0,0.0,-1.387,-1.499,71.306,79.561,9.42,-0.671,2.485,13.036,5.596,-5.486,0.0,-0.007,12.155,
2025-08-06 06:27:06.285,machining_end_to_approach_machine,291.086,467.939,721.267,42.787,-179.964,132.452,-121.155,0.56,-115.791,-180.02,64.809,148.848,-0.368,-0.2,0.178,0.0,-0.001,-0.404,-1.45,71.322,79.628,9.463,-0.658,2.494,7.425,3.777,-3.468,0.0,0.0,6.994,waypoint
2025-08-06 06:27:06.385,machining_end_to_approach_machine,291.221,467.939,721.267,42.789,-179.964,132.454,-121.171,0.553,-115.784,-180.02,64.809,148.834,0.0,0.0,0.0,0.0,0.0,-0.002,-1.944,71.492,79.613,9.46,-0.665,2.529,1.813,0.984,-0.876,0.0,0.007,1.989,
2025-08-06 06:27:06.488,machining_end_to_approach_machine,291.221,467.939,721.267,42.789,-179.964,132.454,-121.171,0.553,-115.784,-180.02,64.809,148.833,0.0,0.0,0.0,0.0,0.0,0.0,-1.737,71.158,79.489,9.466,-0.675,2.573,0.0,0.0,0.0,0.0,0.0,0.01,
2025-08-06 06:27:06.885,machining_end_to_approach_machine,291.221,467.939,721.267,42.789,-179.964,132.454,-121.17,0.553,-115.785,-180.02,64.809,148.833,0.0,0.0,0.0,0.0,0.0,0.0,-0.847,71.936,79.161,9.512,-0.622,2.659,0.0,0.0,0.0,0.0,0.0,0.0,
2025-08-06 06:27:07.185,machining_end_to_approach_machine,291.221,467.939,721.267,42.789,-179.964,132.454,-121.167,0.553,-115.786,-180.02,64.809,148.833,0.0,0.0,0.0,0.0,0.0,0.0,-0.149,72.109,79.034,9.541,-0.583,2.702,-0.021,0.0,0.0,0.0,0.0,0.0,
2025-08-06 06:27:07.486,machining_end_to_approach_machine,291.221,467.939,721.267,42.789,-179.964,132.454,-121.164,0.553,-115.786,-180.02,64.81,148.833,0.0,0.0,0.0,0.0,0.0,0.0,0.607,72.407,79.009,9.567,-0.539,2.717,0.0,0.0,0.0,0.0,0.0,0.0,
2025-08-06 06:27:07.786,machining_end_to_approach_machine,291.221,467.939,721.267,42.789,-179.964,132.454,-121.162,0.554,-115.787,-180.02,64.81,148.834,0.0,0.001,0.0,0.0,0.0,0.0,0.779,72.915,78.994,9.585,-0.524,2.722,0.013,0.0,0.0,0.0,0.0,0.0,
2025-08-06 06:27:08.084,machining_end_to_approach_machine,291.221,467.939,721.267,42.789,-179.964,132.454,-121.16,0.555,-115.787,-180.02,64.81,148.835,0.0,0.0,0.0,0.0,0.0,0.0,0.933,73.52,78.991,9.612,-0.501,2.726,0.0,0.0,0.0,0.0,0.0,0.0,
2025-08-06 06:27:08.385,machining_end_to_approach_machine,291.221,467.939,721.267,42.789,-179.964,132.454,-121.16,0.556,-115.787,-180.02,64.81,148.836,0.0,0.0,0.0,0.0,0.0,0.0,0.905,73.999,79.0,9.621,-0.511,2.736,0.0,0.0,0.0,0.0,0.0,0.0,
2025-08-06 06:27:08.685,machining_end_to_approach_machine,291.221,467.939,721.267,42.789,-179.964,132.454,-121.159,0.557,-115.787,-180.02,64.81,148.837,0.0,0.0,0.0,0.0,0.0,0.0,0.824,74.433,79.0,9.672,-0.507,2.745,0.0,0.0,0.0,0.0,0.0,0.0,
2025-08-06 06:27:08.986,machining_end_to_approach_machine,291.221,467.939,721.267,42.789,-179.964,132.454,-121.159,0.558,-115.787,-180.02,64.81,148.838,0.0,0.0,0.0,0.0,0.0,0.0,0.712,74.748,79.01,9.669,-0.502,2.763,0.0,0.0,0.0,0.0,0.0,0.0,
2025-08-06 06:27:09.284,machining_end_to_approach_machine,291.221,467.939,721.267,42.789,-179.964,132.454,-121.159,0.559,-115.787,-180.02,64.81,148.838,0.0,0.0,0.0,0.0,0.0,0.0,0.697,74.829,79.024,9.666,-0.502,2.773,0.0,0.0,0.0,0.0,0.0,0.0,
2025-08-06 06:27:09.686,machining_end_to_approach_machine,291.653,467.94,721.267,42.8,-179.964,132.465,-121.177,0.559,-115.777,-180.02,64.81,148.837,-0.511,-0.011,0.278,0.0,0.0,-0.023,-0.585,74.843,79.371,9.684,-0.518,2.743,-9.328,-2.978,4.357,0.0,0.0,-11.634,
2025-08-06 06:27:09.786,machining_end_to_approach_machine,293.195,467.94,721.266,42.836,-179.963,132.501,-121.296,0.538,-115.715,-180.02,64.81,148.708,-1.875,-0.599,0.876,0.0,0.0,-2.338,-3.722,72.649,80.211,9.664,-0.549,2.57,-13.929,-8.069,6.079,0.0,0.0,-16.232,
2025-08-06 06:27:09.888,machining_end_to_approach_machine,296.241,467.942,721.265,42.907,-179.963,132.572,-121.562,0.423,-115.598,-180.02,64.81,148.427,-3.324,-1.641,1.506,0.0,0.0,-3.302,-4.049,67.731,80.278,9.651,-0.607,2.469,-12.927,-7.764,6.018,0.0,0.0,-10.123,
2025-08-06 06:27:09.986,machining_end_to_approach_machine,300.692,467.944,721.262,43.01,-179.963,132.675,-121.954,0.228,-115.42,-180.02,64.809,148.031,-4.46,-2.152,2.079,0.0,0.0,-4.363,-4.12,68.917,80.203,9.629,-0.682,2.446,-7.411,-3.968,3.676,-0.029,-0.005,-7.817,
2025-08-06 06:27:10.085,machining_end_to_approach_machine,306.0,467.946,721.26,43.131,-179.963,132.796,-122.419,0.0,-115.203,-180.022,64.807,147.565,-4.784,-2.422,2.23,-0.006,-0.001,-4.842,-3.612,69.803,80.068,9.529,-0.736,2.432,0.029,-0.622,0.656,-0.005,0.0,-1.512,
2025-08-06 06:27:10.185,machining_end_to_approach_machine,311.343,467.948,721.257,43.252,-179.963,132.916,-122.89,-0.236,-114.98,-180.026,64.807,147.103,-4.455,-2.275,2.21,-0.001,0.0,-4.664,-2.923,70.088,79.841,9.382,-0.718,2.439,6.34,3.385,-2.618,0.028,0.005,7.004,
2025-08-06 06:27:10.285,machining_end_to_approach_machine,315.888,467.95,721.255,43.353,-179.962,133.017,-123.29,-0.435,-114.786,-180.028,64.807,146.711,-3.516,-1.745,1.707,-0.0,0.0,-3.441,-2.294,71.592,79.696,9.366,-0.599,2.459,11.58,5.433,-5.69,0.005,0.0,12.986,
2025-08-06 06:27:10.385,machining_end_to_approach_machine,319.056,467.952,721.253,43.423,-179.962,133.087,-123.572,-0.579,-114.648,-180.028,64.807,146.434,-2.139,-1.189,1.072,0.0,0.0,-2.067,-1.674,70.803,79.547,9.416,-0.538,2.463,13.383,6.225,-6.021,0.001,0.031,13.498,
2025-08-06 06:27:10.485,machining_end_to_approach_machine,320.71,467.952,721.252,43.459,-179.962,133.123,-123.719,-0.661,-114.572,-180.029,64.809,146.296,-0.84,-0.5,0.502,0.0,0.006,-0.741,-1.522,71.514,79.76,9.468,-0.458,2.468,10.147,5.884,-5.121,0.0,0.0,9.72,
2025-08-06 06:27:10.587,machining_end_to_approach_machine,321.196,467.953,721.252,43.469,-179.962,133.134,-123.763,-0.682,-114.549,-180.029,64.811,146.246,-0.089,-0.0,0.038,0.0,0.0,-0.103,-1.715,71.285,79.79,9.474,-0.41,2.482,4.199,2.501,-2.512,0.0,-0.026,3.707,waypoint
2025-08-06 06:27:10.685,machining_end_to_approach_machine,321.217,467.953,721.252,43.47,-179.962,133.134,-123.767,-0.683,-114.548,-180.029,64.812,146.241,0.0,0.0,0.0,0.0,0.001,0.0,-1.879,71.115,79.708,9.491,-0.395,2.517,0.446,0.001,-0.188,0.0,0.0,0.518,
2025-08-06 06:27:11.085,machining_end_to_approach_machine,321.217,467.953,721.252,43.47,-179.962,133.134,-123.766,-0.683,-114.549,-180.029,64.812,146.241,0.002,0.0,0.0,0.0,0.0,0.0,-1.04,71.463,79.329,9.545,-0.405,2.628,-0.005,0.0,0.011,0.0,0.0,0.0,
2025-08-06 06:27:11.388,machining_end_to_approach_machine,321.217,467.953,721.252,43.47,-179.962,133.134,-123.764,-0.683,-114.551,-180.029,64.812,146.241,0.0,0.0,0.0,0.0,0.0,0.0,-0.286,71.626,79.211,9.567,-0.424,2.654,0.012,0.0,0.0,0.0,0.0,0.0,
2025-08-06 06:27:11.685,machining_end_to_approach_machine,321.217,467.953,721.252,43.47,-179.962,133.134,-123.76,-0.682,-114.551,-180.029,64.812,146.241,0.0,0.0,0.0,0.0,0.0,0.0,0.41,71.964,79.216,9.593,-0.439,2.686,0.0,0.0,0.0,0.0,0.0,0.0,
2025-08-06 06:27:11.985,machining_end_to_approach_machine,321.217,467.953,721.252,43.47,-179.962,133.134,-123.757,-0.681,-114.551,-180.029,64.812,146.242,0.0,0.0,0.0,0.0,0.0,0.0,0.819,72.496,79.224,9.628,-0.446,2.695,-0.006,0.0,0.0,0.0,0.0,0.0,
2025-08-06 06:27:12.288,machining_end_to_approach_machine,321.217,467.953,721.252,43.47,-179.962,133.134,-123.755,-0.681,-114.551,-180.029,64.812,146.243,0.0,0.0,0.0,0.0,0.0,0.0,0.871,73.203,79.214,9.666,-0.454,2.711,0.003,0.0,0.0,0.0,0.0,0.0,
2025-08-06 06:27:12.585,machining_end_to_approach_machine,321.217,467.953,721.252,43.47,-179.962,133.134,-123.755,-0.679,-114.551,-180.029,64.812,146.245,0.0,0.001,0.0,0.0,0.0,0.0,0.79,73.916,79.238,9.677,-0.461,2.721,0.0,0.0,0.0,0.0,0.0,0.0,
2025-08-06 06:27:12.886,machining_end_to_approach_machine,321.217,467.953,721.252,43.47,-179.962,133.134,-123.754,-0.678,-114.551,-180.029,64.812,146.246,0.0,0.001,0.0,0.0,0.0,0.0,0.8,74.311,79.25,9.688,-0.468,2.73,0.0,0.0,0.0,0.0,0.0,0.0,
2025-08-06 06:27:13.186,machining_end_to_approach_machine,321.217,467.953,721.252,43.47,-179.962,133.134,-123.754,-0.677,-114.551,-180.029,64.812,146.247,0.0,0.0,0.0,0.0,0.0,0.0,0.727,74.693,79.249,9.696,-0.469,2.742,0.0,0.0,0.0,0.0,0.0,0.0,
2025-08-06 06:27:13.484,machining_end_to_approach_machine,321.217,467.953,721.252,43.47,-179.962,133.134,-123.754,-0.676,-114.551,-180.029,64.812,146.247,0.0,0.0,0.0,0.0,0.0,0.0,0.725,74.825,79.23,9.722,-0.491,2.743,0.0,0.0,-0.003,0.0,0.0,0.0,
2025-08-06 06:27:13.885,machining_end_to_approach_machine,321.281,467.953,721.226,44.52,-179.96,134.983,-123.755,-0.676,-114.551,-180.029,64.812,146.885,-0.006,0.0,0.0,0.0,0.0,20.265,0.6,74.932,79.2,9.727,-0.489,3.024,0.0,0.0,0.0,0.0,0.0,0.0,
2025-08-06 06:27:13.986,machining_end_to_approach_machine,321.358,467.953,721.195,45.575,-179.957,136.998,-123.756,-0.676,-114.55,-180.029,64.812,148.012,0.0,0.0,0.0,0.0,0.0,0.0,0.211,74.847,79.36,9.692,-0.507,3.231,0.031,0.0,0.0,0.0,0.0,-100.821,waypoint
2025-08-06 06:27:14.086,machining_end_to_approach_machine,321.358,467.953,721.195,45.575,-179.957,136.998,-123.756,-0.676,-114.549,-180.029,64.812,148.012,0.0,0.0,0.0,0.0,0.0,0.0,0.124,74.693,79.386,9.678,-0.518,3.204,-0.001,0.0,0.0,0.0,0.0,0.0,
2025-08-06 06:27:14.285,machining_end_to_approach_machine,321.358,467.953,721.195,45.575,-179.957,136.998,-123.759,-0.676,-114.548,-180.029,64.812,148.01,0.0,0.0,0.0,0.0,0.0,0.0,-0.511,74.549,79.467,9.683,-0.547,3.133,-0.002,0.0,0.0,0.0,0.0,0.0,
2025-08-06 06:27:14.384,machining_end_to_approach_machine,321.358,467.953,721.195,45.575,-179.957,136.998,-123.76,-0.676,-114.548,-180.029,64.812,148.008,-0.001,0.0,0.0,0.0,0.0,0.0,-0.841,74.495,79.494,9.674,-0.554,3.108,0.0,0.0,0.0,0.0,0.0,-0.005,
2025-08-06 06:27:14.484,machining_end_to_approach_machine,321.358,467.953,721.195,45.575,-179.957,136.998,-123.762,-0.676,-114.548,-180.029,64.812,148.005,0.0,0.0,0.0,0.0,0.0,-0.001,-1.066,74.452,79.48,9.663,-0.554,3.074,0.003,0.0,0.0,0.0,0.0,-0.064,
2025-08-06 06:27:14.588,machining_end_to_approach_machine,321.358,467.953,721.195,45.575,-179.957,136.998,-123.763,-0.676,-114.548,-180.029,64.812,148.001,0.0,0.0,0.0,0.0,0.0,-0.013,-1.292,74.397,79.455,9.65,-0.544,3.037,0.0,0.0,0.0,0.0,0.0,-0.019,
2025-08-06 06:27:14.686,machining_end_to_approach_machine,321.358,467.953,721.195,45.575,-179.957,136.998,-123.764,-0.676,-114.548,-180.029,64.812,147.997,0.0,0.0,0.0,0.0,0.0,-0.005,-1.368,74.32,79.463,9.631,-0.54,3.0,0.0,0.0,0.0,0.0,0.0,0.066,
2025-08-06 06:27:14.785,machining_end_to_approach_machine,321.358,467.953,721.195,45.575,-179.957,136.998,-123.765,-0.676,-114.548,-180.029,64.812,147.995,0.0,0.0,0.0,0.0,0.0,0.0,-1.5,74.261,79.456,9.633,-0.555,2.968,0.0,0.0,0.0,0.0,0.0,0.025,
2025-08-06 06:27:14.885,machining_end_to_approach_machine,321.358,467.953,721.195,45.575,-179.957,136.998,-123.765,-0.676,-114.547,-180.029,64.812,147.994,0.0,0.0,0.0,0.0,0.0,0.0,-1.52,74.161,79.446,9.624,-0.561,2.943,-0.002,0.0,0.0,0.0,0.0,0.0,
2025-08-06 06:27:14.984,machining_end_to_approach_machine,321.358,467.953,721.195,45.575,-179.957,136.998,-123.766,-0.676,-114.547,-180.029,64.812,147.993,-0.0,0.0,0.0,0.0,0.0,0.0,-1.59,74.09,79.424,9.617,-0.556,2.934,0.0,0.0,0.0,0.0,0.0,0.0,
2025-08-06 06:27:15.085,machining_end_to_approach_machine,321.358,467.953,721.195,45.575,-179.957,136.998,-123.766,-0.676,-114.547,-180.029,64.812,147.993,0.0,0.0,0.0,0.0,0.0,0.0,-1.568,73.978,79.405,9.621,-0.546,2.934,-0.155,-0.008,0.052,0.0,0.0,0.0,
2025-08-06 06:27:15.285,machining_end_to_approach_machine,321.653,467.963,721.195,45.575,-179.957,136.998,-123.786,-0.679,-114.535,-180.029,64.812,147.977,-0.287,-0.02,0.121,0.0,0.0,-0.373,-2.382,73.294,79.843,9.613,-0.561,2.9,-3.271,-1.311,1.952,0.0,0.0,-3.181,
2025-08-06 06:27:15.387,machining_end_to_approach_machine,322.286,467.984,721.195,45.575,-179.957,136.998,-123.832,-0.694,-114.509,-180.029,64.812,147.93,-0.692,-0.266,0.405,0.0,0.0,-0.643,-2.953,70.953,80.229,9.594,-0.556,2.77,-3.853,-3.096,2.157,0.0,0.0,-2.924,
2025-08-06 06:27:15.487,machining_end_to_approach_machine,323.376,468.021,721.195,45.575,-179.957,136.998,-123.918,-0.743,-114.459,-180.029,64.812,147.837,-1.065,-0.646,0.557,0.0,0.0,-0.964,-3.05,68.911,80.257,9.564,-0.545,2.652,-3.593,-3.109,1.857,0.0,0.0,-4.607,
2025-08-06 06:27:15.585,machining_end_to_approach_machine,324.904,468.073,721.195,45.575,-179.957,136.998,-124.044,-0.818,-114.39,-180.029,64.812,147.715,-1.404,-0.882,0.772,0.0,0.0,-1.555,-3.296,69.465,80.386,9.545,-0.471,2.566,-2.77,-1.662,2.062,0.0,0.014,-2.105,
2025-08-06 06:27:15.685,machining_end_to_approach_machine,326.754,468.136,721.195,45.575,-179.957,136.998,-124.193,-0.909,-114.306,-180.03,64.816,147.562,-1.613,-0.975,0.965,0.0,0.003,-1.381,-3.159,69.204,80.351,9.504,-0.391,2.516,-1.151,-0.257,0.683,0.0,0.0,0.019,
2025-08-06 06:27:15.785,machining_end_to_approach_machine,328.743,468.204,721.195,45.575,-179.957,136.998,-124.355,-1.004,-114.214,-180.03,64.818,147.406,-1.634,-0.933,0.909,0.0,0.0,-1.551,-3.046,69.725,80.252,9.467,-0.328,2.495,-0.293,0.309,-0.082,0.0,0.021,-2.044,
2025-08-06 06:27:15.886,machining_end_to_approach_machine,330.741,468.271,721.195,45.575,-179.957,136.998,-124.519,-1.096,-114.123,-180.032,64.821,147.241,-1.672,-0.913,0.949,0.0,0.007,-1.792,-2.939,69.817,80.178,9.442,-0.303,2.495,0.038,0.289,-0.173,0.0,0.048,0.31,
2025-08-06 06:27:15.985,machining_end_to_approach_machine,332.74,468.339,721.195,45.575,-179.957,136.998,-124.679,-1.189,-114.031,-180.033,64.824,147.076,-1.627,-0.876,0.875,0.0,0.01,-1.489,-2.791,69.402,80.01,9.389,-0.289,2.497,0.302,0.196,-0.301,0.0,0.035,1.343,
2025-08-06 06:27:16.085,machining_end_to_approach_machine,334.739,468.407,721.195,45.575,-179.957,136.998,-124.84,-1.278,-113.938,-180.034,64.826,146.922,-1.612,-0.874,0.889,0.0,0.014,-1.524,-2.938,69.932,79.907,9.397,-0.27,2.495,0.01,-0.041,0.181,0.0,-0.016,-0.709,
2025-08-06 06:27:16.186,machining_end_to_approach_machine,336.737,468.475,721.195,45.575,-179.957,136.998,-125.001,-1.367,-113.845,-180.034,64.83,146.764,-1.625,-0.884,0.911,0.0,0.006,-1.632,-2.752,69.369,79.812,9.404,-0.272,2.492,0.22,-0.264,0.399,0.0,-0.052,-1.089,
2025-08-06 06:27:16.285,machining_end_to_approach_machine,338.736,468.543,721.195,45.575,-179.957,136.998,-125.159,-1.46,-113.75,-180.035,64.833,146.603,-1.568,-0.927,0.969,0.0,0.003,-1.742,-2.804,69.584,79.826,9.421,-0.269,2.488,0.378,-0.35,0.381,0.0,-0.015,0.535,
2025-08-06 06:27:16.385,machining_end_to_approach_machine,340.734,468.611,721.195,45.575,-179.957,136.998,-125.317,-1.553,-113.657,-180.035,64.836,146.442,-1.549,-0.954,0.987,0.0,0.003,-1.525,-2.751,69.467,79.8,9.427,-0.258,2.483,-0.006,-0.158,0.22,0.0,-0.01,2.008,
2025-08-06 06:27:16.486,machining_end_to_approach_machine,342.733,468.679,721.195,45.575,-179.957,136.998,-125.476,-1.648,-113.56,-180.036,64.84,146.293,-1.569,-0.958,1.013,0.0,0.001,-1.338,-2.843,69.588,79.915,9.441,-0.239,2.474,0.031,0.3,-0.337,0.0,-0.011,-1.095,
2025-08-06 06:27:16.585,machining_end_to_approach_machine,344.732,468.747,721.195,45.575,-179.957,136.998,-125.633,-1.736,-113.464,-180.036,64.844,146.134,-1.543,-0.894,0.919,0.0,0.001,-1.744,-2.9,69.85,80.001,9.451,-0.225,2.458,-0.016,0.029,-0.429,0.0,0.023,-1.247,
2025-08-06 06:27:16.685,machining_end_to_approach_machine,346.73,468.815,721.195,45.575,-179.957,136.998,-125.79,-1.826,-113.369,-180.037,64.848,145.974,-1.573,-0.953,0.927,0.0,0.006,-1.587,-2.836,69.594,80.033,9.448,-0.21,2.454,-0.127,-0.131,0.248,0.0,0.032,1.207,
2025-08-06 06:27:16.788,machining_end_to_approach_machine,348.729,468.882,721.195,45.575,-179.957,136.998,-125.944,-1.918,-113.272,-180.037,64.852,145.817,-1.569,-0.92,0.97,0.0,0.008,-1.499,-2.733,69.469,80.015,9.443,-0.199,2.45,0.195,0.297,0.03,0.0,0.05,0.83,
2025-08-06 06:27:16.885,machining_end_to_approach_machine,350.727,468.95,721.195,45.575,-179.957,136.998,-126.098,-2.011,-113.177,-180.038,64.857,145.667,-1.533,-0.893,0.933,0.0,0.016,-1.421,-2.803,69.515,79.952,9.43,-0.184,2.445,0.006,-0.046,0.113,0.0,-0.017,-0.307,
2025-08-06 06:27:16.986,machining_end_to_approach_machine,352.726,469.018,721.195,45.575,-179.957,136.998,-126.252,-2.105,-113.079,-180.039,64.861,145.519,-1.568,-0.929,0.992,0.0,0.004,-1.56,-2.856,69.16,80.027,9.423,-0.183,2.455,0.121,-0.005,0.349,0.0,0.014,-1.39,
2025-08-06 06:27:17.085,machining_end_to_approach_machine,354.724,469.086,721.195,45.575,-179.957,136.998,-126.406,-2.198,-112.981,-180.04,64.866,145.355,-1.509,-0.894,1.003,0.0,0.019,-1.699,-2.846,69.361,80.042,9.407,-0.179,2.452,0.197,0.098,-0.079,0.0,-0.013,0.195,
2025-08-06 06:27:17.185,machining_end_to_approach_machine,356.723,469.154,721.195,45.575,-179.957,136.998,-126.56,-2.287,-112.882,-180.041,64.871,145.207,-1.528,-0.91,0.976,0.0,0.002,-1.521,-2.905,69.478,80.09,9.41,-0.16,2.442,0.062,-0.247,-0.273,0.0,0.005,1.636,
2025-08-06 06:27:17.285,machining_end_to_approach_machine,358.722,469.222,721.195,45.575,-179.957,136.998,-126.712,-2.381,-112.784,-180.041,64.876,145.056,-1.497,-0.944,0.949,0.0,0.02,-1.371,-2.744,68.975,79.944,9.415,-0.148,2.433,0.091,-0.306,-0.404,0.0,0.015,0.132,
2025-08-06 06:27:17.385,machining_end_to_approach_machine,360.72,469.29,721.195,45.575,-179.957,136.998,-126.863,-2.477,-112.686,-180.042,64.881,144.907,-1.51,-0.971,0.896,0.0,0.005,-1.495,-2.894,69.313,79.822,9.434,-0.125,2.442,-0.271,-0.266,0.304,0.0,-0.046,-1.208,
2025-08-06 06:27:17.485,machining_end_to_approach_machine,362.719,469.358,721.195,45.575,-179.957,136.998,-127.015,-2.572,-112.586,-180.042,64.887,144.758,-1.551,-0.997,1.01,0.0,0.011,-1.613,-2.784,69.166,79.818,9.45,-0.116,2.449,0.155,0.098,0.717,-0.001,0.073,-0.724,
2025-08-06 06:27:17.585,machining_end_to_approach_machine,364.717,469.426,721.195,45.575,-179.957,136.998,-127.162,-2.67,-112.487,-180.043,64.893,144.601,-1.479,-0.952,1.039,-0.0,0.019,-1.64,-2.774,69.072,79.717,9.451,-0.101,2.459,0.347,0.426,0.137,0.0,0.073,0.776,
2025-08-06 06:27:17.687,machining_end_to_approach_machine,366.716,469.493,721.195,45.575,-179.957,136.998,-127.311,-2.761,-112.385,-180.043,64.899,144.455,-1.481,-0.911,1.037,0.0,0.025,-1.456,-2.875,69.509,79.715,9.445,-0.086,2.46,-0.267,0.307,-0.218,0.001,-0.038,1.673,
2025-08-06 06:27:17.786,machining_end_to_approach_machine,368.715,469.561,721.195,45.575,-179.957,136.998,-127.46,-2.853,-112.284,-180.044,64.905,144.306,-1.533,-0.89,0.995,0.0,0.011,-1.303,-2.835,69.022,79.641,9.445,-0.078,2.455,0.116,-0.208,-0.46,0.0,-0.097,0.141,
2025-08-06 06:27:17.885,machining_end_to_approach_machine,370.713,469.629,721.195,45.575,-179.957,136.998,-127.609,-2.949,-112.184,-180.044,64.912,144.159,-1.458,-0.952,0.946,0.0,0.006,-1.428,-2.737,69.052,79.494,9.451,-0.046,2.453,0.11,-0.552,0.236,0.0,0.152,-1.275,
2025-08-06 06:27:17.986,machining_end_to_approach_machine,372.712,469.697,721.195,45.575,-179.957,136.998,-127.756,-3.046,-112.082,-180.045,64.919,144.015,-1.511,-1.0,1.043,0.0,0.042,-1.558,-2.889,68.97,79.632,9.455,-0.037,2.456,-0.04,-0.295,0.599,0.0,0.031,-1.607,
2025-08-06 06:27:18.086,machining_end_to_approach_machine,374.71,469.765,721.195,45.575,-179.957,136.998,-127.902,-3.144,-111.979,-180.046,64.926,143.862,-1.466,-1.011,1.067,0.0,0.012,-1.751,-2.763,69.04,79.774,9.451,-0.015,2.453,0.244,0.32,-0.12,0.0,-0.053,0.293,
2025-08-06 06:27:18.185,machining_end_to_approach_machine,376.709,469.833,721.195,45.575,-179.957,136.998,-128.051,-3.237,-111.876,-180.047,64.933,143.715,-1.462,-0.937,1.019,0.0,0.031,-1.5,-2.95,69.28,79.977,9.467,-0.001,2.446,0.033,0.443,-0.238,0.0,0.123,1.862,
2025-08-06 06:27:18.285,machining_end_to_approach_machine,378.707,469.901,721.195,45.575,-179.957,136.998,-128.195,-3.33,-111.773,-180.047,64.941,143.57,-1.46,-0.923,1.019,0.0,0.037,-1.381,-2.726,68.99,80.038,9.459,0.013,2.436,0.053,-0.077,0.134,0.0,0.02,1.128,
2025-08-06 06:27:18.386,machining_end_to_approach_machine,380.706,469.969,721.195,45.575,-179.957,136.998,-128.34,-3.424,-111.671,-180.048,64.949,143.427,-1.452,-0.952,1.046,0.0,0.035,-1.273,-2.915,68.916,79.956,9.462,0.035,2.435,-0.008,-0.151,0.356,0.0,-0.046,0.458,
2025-08-06 06:27:18.485,machining_end_to_approach_machine,382.705,470.037,721.195,45.575,-179.957,136.998,-128.486,-3.521,-111.565,-180.048,64.957,143.289,-1.461,-0.953,1.091,0.0,0.028,-1.289,-2.789,68.836,80.149,9.475,0.044,2.432,0.116,-0.08,-0.13,0.0,-0.143,-1.64,
2025-08-06 06:27:18.589,machining_end_to_approach_machine,384.703,470.104,721.195,45.575,-179.957,136.998,-128.63,-3.621,-111.461,-180.049,64.966,143.139,-1.428,-0.968,1.019,0.0,0.006,-1.606,-2.795,68.786,80.109,9.464,0.059,2.431,0.118,0.095,-0.683,0.0,0.023,-1.246,
2025-08-06 06:27:18.686,machining_end_to_approach_machine,386.702,470.172,721.195,45.575,-179.957,136.998,-128.773,-3.716,-111.357,-180.05,64.974,142.999,-1.437,-0.934,0.953,0.0,0.032,-1.54,-2.751,69.05,80.061,9.457,0.077,2.416,0.088,-0.145,0.461,-0.015,0.177,-0.047,
2025-08-06 06:27:18.786,machining_end_to_approach_machine,388.7,470.24,721.195,45.575,-179.957,136.998,-128.914,-3.809,-111.251,-180.05,64.982,142.854,-1.411,-0.997,1.11,-0.003,0.041,-1.616,-2.789,68.91,80.026,9.459,0.084,2.414,0.198,-0.471,0.599,0.0,0.059,0.556,
2025-08-06 06:27:18.885,machining_end_to_approach_machine,390.699,470.308,721.195,45.575,-179.957,136.998,-129.057,-3.906,-111.146,-180.051,64.991,142.712,-1.398,-1.028,1.072,0.0,0.044,-1.429,-2.766,68.653,79.926,9.483,0.083,2.412,-0.079,0.129,-0.325,0.015,-0.02,1.867,
2025-08-06 06:27:18.985,machining_end_to_approach_machine,392.698,470.376,721.195,45.575,-179.957,136.998,-129.197,-4.006,-111.039,-180.052,65.0,142.57,-1.427,-0.971,1.045,0.0,0.037,-1.244,-2.753,68.647,80.019,9.492,0.085,2.425,0.092,0.223,-0.071,0.0,-0.033,0.683,
2025-08-06 06:27:19.085,machining_end_to_approach_machine,394.696,470.444,721.195,45.575,-179.957,136.998,-129.338,-4.105,-110.932,-180.052,65.009,142.434,-1.38,-0.984,1.058,0.0,0.037,-1.292,-2.907,68.655,79.902,9.498,0.095,2.425,0.158,0.164,0.208,0.0,0.11,0.138,
2025-08-06 06:27:19.185,machining_end_to_approach_machine,396.695,470.512,721.195,45.575,-179.957,136.998,-129.479,-4.204,-110.827,-180.053,65.019,142.294,-1.395,-0.938,1.087,0.0,0.059,-1.216,-2.846,68.551,79.794,9.491,0.101,2.424,-0.198,0.109,0.072,0.0,0.049,-0.568,
2025-08-06 06:27:19.286,machining_end_to_approach_machine,398.693,470.58,721.195,45.575,-179.957,136.998,-129.619,-4.299,-110.716,-180.054,65.029,142.156,-1.419,-0.962,1.073,0.0,0.047,-1.407,-2.896,68.811,79.861,9.499,0.097,2.43,-0.167,-0.257,-0.055,0.0,-0.046,-1.165,
2025-08-06 06:27:19.386,machining_end_to_approach_machine,400.692,470.648,721.195,45.575,-179.957,136.998,-129.758,-4.395,-110.61,-180.054,65.039,142.017,-1.429,-0.99,1.076,0.0,0.05,-1.451,-2.765,68.468,79.919,9.489,0.08,2.443,0.503,-0.286,0.144,-0.001,0.062,-0.593,
2025-08-06 06:27:19.485,machining_end_to_approach_machine,402.69,470.715,721.195,45.575,-179.957,136.998,-129.895,-4.496,-110.502,-180.055,65.05,141.875,-1.319,-1.019,1.102,-0.0,0.06,-1.525,-2.742,68.567,79.848,9.479,0.091,2.439,0.073,-0.114,0.425,0.0,-0.005,-0.4,
2025-08-06 06:27:19.585,machining_end_to_approach_machine,404.689,470.783,721.195,45.575,-179.957,136.998,-130.034,-4.596,-110.392,-180.056,65.061,141.741,-1.414,-1.012,1.161,0.0,0.049,-1.53,-2.819,68.559,80.047,9.489,0.086,2.429,-0.516,0.279,0.114,0.001,-0.081,0.102,
2025-08-06 06:27:19.685,machining_end_to_approach_machine,406.688,470.851,721.195,45.575,-179.957,136.998,-130.17,-4.695,-110.282,-180.056,65.071,141.597,-1.422,-0.963,1.124,0.0,0.044,-1.504,-2.765,68.519,80.106,9.494,0.084,2.422,0.372,0.331,-0.613,0.0,0.037,1.041,
2025-08-06 06:27:19.786,machining_end_to_approach_machine,408.686,470.919,721.195,45.575,-179.957,136.998,-130.306,-4.79,-110.174,-180.057,65.083,141.462,-1.339,-0.946,1.037,0.0,0.056,-1.321,-2.863,68.6,79.984,9.497,0.085,2.407,0.337,-0.257,0.182,0.0,0.046,0.864,
2025-08-06 06:27:19.884,machining_end_to_approach_machine,410.685,470.987,721.195,45.575,-179.957,136.998,-130.441,-4.887,-110.062,-180.058,65.093,141.326,-1.355,-1.014,1.16,0.0,0.053,-1.332,-2.712,68.29,80.195,9.521,0.071,2.402,-0.181,-0.376,0.238,0.0,-0.002,0.444,
2025-08-06 06:27:19.985,machining_end_to_approach_machine,412.683,471.055,721.195,45.575,-179.957,136.998,-130.577,-4.988,-109.952,-180.058,65.104,141.194,-1.375,-1.021,1.085,0.0,0.056,-1.232,-2.892,68.512,80.186,9.522,0.069,2.397,0.115,0.078,-0.463,0.0,0.125,1.095,
2025-08-06 06:27:20.086,machining_end_to_approach_machine,414.682,471.123,721.195,45.575,-179.957,136.998,-130.713,-5.088,-109.842,-180.059,65.116,141.061,-1.332,-0.998,1.067,0.0,0.078,-1.111,-2.724,68.363,80.042,9.528,0.068,2.401,0.209,0.37,0.404,0.0,0.013,-0.168,
2025-08-06 06:27:20.190,machining_end_to_approach_machine,416.681,471.191,721.195,45.575,-179.957,136.998,-130.846,-5.189,-109.728,-180.059,65.128,140.926,-1.333,-0.945,1.168,0.0,0.059,-1.267,-2.737,68.318,80.058,9.525,0.062,2.398,-0.188,0.178,0.178,0.0,-0.057,-0.223,
2025-08-06 06:27:20.285,machining_end_to_approach_machine,418.679,471.259,721.195,45.575,-179.957,136.998,-130.979,-5.286,-109.618,-180.06,65.141,140.795,-1.37,-0.963,1.102,0.0,0.067,-1.155,-2.902,68.448,80.027,9.52,0.064,2.402,0.016,-0.174,-0.387,0.0,0.047,0.039,
2025-08-06 06:27:20.386,machining_end_to_approach_machine,420.678,471.327,721.195,45.575,-179.957,136.998,-131.113,-5.383,-109.506,-180.06,65.154,140.663,-1.329,-0.979,1.092,0.0,0.068,-1.259,-2.81,68.091,79.785,9.501,0.064,2.393,0.259,-0.6,0.329,-0.02,0.091,-0.867,
2025-08-06 06:27:20.485,machining_end_to_approach_machine,422.676,471.394,721.195,45.575,-179.957,136.998,-131.245,-5.485,-109.392,-180.061,65.167,140.531,-1.318,-1.083,1.168,-0.004,0.085,-1.329,-2.694,68.019,79.82,9.525,0.053,2.409,0.195,-0.246,0.255,0.0,-0.055,-0.906,
2025-08-06 06:27:20.585,machining_end_to_approach_machine,424.675,471.462,721.195,45.575,-179.957,136.998,-131.377,-5.588,-109.279,-180.062,65.18,140.399,-1.291,-1.028,1.142,0.0,0.057,-1.44,-2.789,68.197,79.83,9.546,0.059,2.41,-0.038,0.572,-0.16,0.02,-0.041,0.086,
2025-08-06 06:27:20.685,machining_end_to_approach_machine,426.673,471.53,721.195,45.575,-179.957,136.998,-131.509,-5.69,-109.166,-180.063,65.193,140.271,-1.326,-0.969,1.136,0.0,0.077,-1.312,-2.825,68.009,79.71,9.532,0.046,2.416,0.01,0.275,0.167,-0.001,0.036,-0.442,
2025-08-06 06:27:20.785,machining_end_to_approach_machine,428.672,471.598,721.195,45.575,-179.957,136.998,-131.64,-5.788,-109.05,-180.063,65.206,140.135,-1.289,-0.973,1.176,-0.0,0.064,-1.528,-2.849,68.373,79.993,9.546,0.041,2.419,0.009,-0.331,-0.215,-0.009,-0.028,-0.635,
2025-08-06 06:27:20.886,machining_end_to_approach_machine,430.671,471.666,721.195,45.575,-179.957,136.998,-131.771,-5.887,-108.937,-180.064,65.22,140.007,-1.324,-1.035,1.093,-0.002,0.071,-1.439,-2.738,67.816,80.0,9.538,0.036,2.423,0.159,-0.417,0.079,0.001,0.157,0.384,
2025-08-06 06:27:20.991,machining_end_to_approach_machine,432.669,471.734,721.195,45.575,-179.957,136.998,-131.898,-5.991,-108.822,-180.064,65.234,139.876,-1.256,-1.059,1.192,0.0,0.096,-1.449,-2.693,68.06,80.049,9.544,0.053,2.417,0.091,0.082,0.129,0.01,0.105,-0.515,
2025-08-06 06:27:21.085,machining_end_to_approach_machine,434.668,471.802,721.195,45.575,-179.957,136.998,-132.028,-6.093,-108.705,-180.065,65.249,139.747,-1.306,-1.019,1.119,0.0,0.092,-1.542,-2.821,67.949,80.155,9.563,0.053,2.415,-0.205,0.47,-0.154,0.0,0.163,0.133,
2025-08-06 06:27:21.186,machining_end_to_approach_machine,436.666,471.87,721.195,45.575,-179.957,136.998,-132.156,-6.196,-108.59,-180.066,65.264,139.616,-1.296,-0.967,1.162,0.0,0.128,-1.423,-2.748,67.963,80.227,9.572,0.061,2.403,0.094,0.102,0.459,0.0,-0.007,0.597,
2025-08-06 06:27:21.285,machining_end_to_approach_machine,438.665,471.938,721.195,45.575,-179.957,136.998,-132.285,-6.293,-108.473,-180.066,65.28,139.492,-1.287,-0.999,1.21,0.0,0.091,-1.422,-2.934,68.17,80.145,9.571,0.072,2.415,-0.044,-0.499,-0.231,0.0,-0.271,-0.52,
2025-08-06 06:27:21.385,machining_end_to_approach_machine,440.664,472.005,721.195,45.575,-179.957,136.998,-132.411,-6.392,-108.357,-180.067,65.294,139.361,-1.305,-1.066,1.116,0.0,0.074,-1.526,-2.68,67.602,80.099,9.556,0.058,2.408,0.053,-0.199,0.119,0.0,0.17,0.263,
2025-08-06 06:27:21.484,machining_end_to_approach_machine,442.662,472.073,721.195,45.575,-179.957,136.998,-132.539,-6.495,-108.239,-180.067,65.309,139.234,-1.276,-1.038,1.234,0.0,0.125,-1.37,-2.95,68.091,80.034,9.56,0.071,2.403,0.014,0.03,0.518,0.0,0.099,0.444,
2025-08-06 06:27:21.585,machining_end_to_approach_machine,444.661,472.141,721.195,45.575,-179.957,136.998,-132.665,-6.599,-108.122,-180.068,65.324,139.11,-1.302,-1.06,1.22,0.0,0.094,-1.437,-2.674,67.564,79.983,9.547,0.075,2.386,0.213,0.395,-0.422,0.0,0.236,-0.045,
2025-08-06 06:27:21.685,machining_end_to_approach_machine,446.657,472.209,721.195,45.575,-179.957,136.998,-132.792,-6.702,-108.005,-180.069,65.34,138.984,-1.234,-0.959,1.149,0.0,0.172,-1.379,-2.816,67.937,79.884,9.554,0.084,2.386,0.945,0.591,-0.535,0.0,0.027,0.89,
2025-08-06 06:27:21.786,machining_end_to_approach_machine,448.557,472.274,721.195,45.575,-179.957,136.998,-132.909,-6.797,-107.891,-180.07,65.357,138.863,-1.112,-0.942,1.112,0.0,0.1,-1.259,-2.617,67.967,79.833,9.586,0.097,2.384,1.472,0.904,-1.431,0.0,-0.557,1.819,
2025-08-06 06:27:21.885,machining_end_to_approach_machine,450.172,472.328,721.195,45.575,-179.957,136.998,-133.013,-6.882,-107.793,-180.07,65.371,138.769,-0.939,-0.778,0.863,0.0,0.061,-1.015,-2.556,67.991,79.776,9.598,0.102,2.385,2.538,2.193,-2.54,0.0,-0.356,3.599,
2025-08-06 06:27:21.986,machining_end_to_approach_machine,451.368,472.369,721.195,45.575,-179.957,136.998,-133.089,-6.946,-107.72,-180.07,65.381,138.689,-0.604,-0.503,0.604,0.0,0.028,-0.539,-2.386,68.42,79.724,9.591,0.111,2.392,2.972,2.163,-2.692,0.0,-0.297,2.796,
2025-08-06 06:27:22.085,machining_end_to_approach_machine,452.102,472.394,721.195,45.575,-179.957,136.998,-133.137,-6.988,-107.677,-180.071,65.386,138.638,-0.345,-0.345,0.325,0.0,0.001,-0.456,-2.404,68.065,79.637,9.599,0.088,2.396,2.384,2.279,-2.644,0.0,-0.142,2.563,waypoint
2025-08-06 06:27:22.185,machining_end_to_approach_machine,452.433,472.405,721.195,45.575,-179.957,136.998,-133.16,-7.007,-107.654,-180.071,65.388,138.615,-0.13,-0.049,0.078,0.0,0.0,-0.029,-2.278,68.565,79.759,9.629,0.073,2.416,1.723,1.727,-1.623,0.0,-0.006,2.28,
2025-08-06 06:27:22.285,machining_end_to_approach_machine,452.505,472.408,721.195,45.575,-179.957,136.998,-133.167,-7.01,-107.648,-180.071,65.389,138.61,0.0,0.0,0.0,0.0,0.0,-0.0,-2.287,68.642,79.625,9.627,0.039,2.449,0.637,0.242,-0.383,0.0,0.0,0.141,
2025-08-06 06:27:22.785,machining_end_to_approach_machine,452.505,472.408,721.195,45.574,-179.957,136.998,-133.167,-7.01,-107.65,-180.071,65.388,138.61,0.0,0.0,0.0,0.0,0.0,0.0,-1.338,69.297,79.101,9.692,-0.083,2.554,0.0,0.0,0.0,0.0,0.0,0.0,
2025-08-06 06:27:23.184,machining_end_to_approach_machine,452.505,472.408,721.195,45.574,-179.957,136.998,-133.166,-7.01,-107.651,-180.071,65.388,138.611,0.0,0.0,0.0,0.0,0.0,0.0,-0.862,69.523,78.996,9.711,-0.1,2.596,0.001,0.0,0.002,0.0,0.0,0.0,
2025-08-06 06:27:23.586,machining_end_to_approach_machine,452.505,472.408,721.195,45.574,-179.957,136.998,-133.163,-7.01,-107.651,-180.071,65.388,138.612,0.0,0.0,0.0,0.0,0.0,0.0,-0.25,69.777,79.01,9.768,-0.099,2.634,0.007,0.0,0.0,0.0,0.0,0.0,
2025-08-06 06:27:23.987,machining_end_to_approach_machine,452.505,472.408,721.195,45.574,-179.957,136.998,-133.161,-7.01,-107.651,-180.07,65.388,138.615,0.0,0.0,0.0,0.0,0.0,0.0,0.146,70.073,79.005,9.792,-0.107,2.645,0.0,0.0,0.0,0.0,0.0,0.0,
2025-08-06 06:27:24.486,machining_end_to_approach_machine,452.505,472.408,721.195,45.574,-179.957,136.998,-133.16,-7.009,-107.651,-180.07,65.387,138.617,0.0,0.0,0.0,0.0,0.0,0.0,0.336,70.597,78.995,9.846,-0.101,2.668,0.0,0.0,-0.002,0.0,0.0,0.0,
2025-08-06 06:27:24.885,machining_end_to_approach_machine,452.505,472.408,721.195,45.574,-179.957,136.998,-133.16,-7.008,-107.651,-180.07,65.388,138.617,0.0,0.0,0.015,0.0,0.0,0.0,0.291,71.069,79.0,9.856,-0.097,2.664,0.0,0.0,0.0,0.0,0.0,0.0,
2025-08-06 06:27:25.285,machining_end_to_approach_machine,452.505,472.408,721.195,45.574,-179.957,136.998,-133.159,-7.008,-107.651,-180.07,65.388,138.617,0.0,0.0,0.0,0.0,0.0,0.0,0.332,71.44,78.98,9.858,-0.113,2.673,0.0,0.0,0.0,0.0,0.0,0.0,
2025-08-06 06:27:25.684,machining_end_to_approach_machine,452.505,472.408,721.195,45.574,-179.957,136.998,-133.159,-7.007,-107.651,-180.07,65.388,138.617,0.0,0.0,0.0,0.0,0.0,0.0,0.25,71.722,78.996,9.856,-0.092,2.65,0.0,0.0,0.0,0.0,0.0,0.0,
2025-08-06 06:27:26.084,machining_end_to_approach_machine,452.505,472.408,721.195,45.574,-179.957,136.998,-133.159,-7.006,-107.651,-180.07,65.388,138.617,0.0,0.0,0.0,0.0,0.0,0.0,0.183,71.939,78.982,9.872,-0.093,2.649,0.0,0.0,0.0,0.0,0.0,0.0,
2025-08-06 06:27:26.587,machining_end_to_approach_machine,452.566,472.396,721.135,45.993,-179.951,136.439,-133.16,-7.006,-107.651,-180.07,65.388,137.666,0.0,0.0,0.0,0.0,0.0,-6.546,0.232,71.997,79.024,9.847,-0.088,2.405,0.005,0.0,0.0,0.0,0.0,0.0,
2025-08-06 06:27:26.685,machining_end_to_approach_machine,452.567,472.396,721.133,46.003,-179.951,136.426,-133.16,-7.006,-107.651,-180.07,65.388,137.611,0.001,0.0,0.0,0.0,0.0,0.0,0.031,71.908,78.974,9.856,-0.069,2.513,0.0,0.0,0.0,0.0,0.0,33.058,waypoint
2025-08-06 06:27:26.785,machining_end_to_approach_machine,452.567,472.396,721.133,46.003,-179.951,136.426,-133.16,-7.006,-107.651,-180.07,65.388,137.611,0.0,0.0,0.0,0.0,0.0,0.0,0.007,71.891,78.998,9.849,-0.081,2.56,-0.004,0.0,0.0,0.0,0.0,0.0,
2025-08-06 06:27:26.985,machining_end_to_approach_machine,452.567,472.396,721.133,46.003,-179.951,136.426,-133.16,-7.006,-107.651,-180.07,65.388,137.611,0.0,0.0,0.0,0.0,0.0,0.0,-0.124,71.791,79.004,9.837,-0.078,2.574,0.0,0.0,0.0,0.0,0.0,0.0,
2025-08-06 06:27:27.088,machining_end_to_approach_machine,452.567,472.396,721.133,46.003,-179.951,136.426,-133.16,-7.006,-107.651,-180.07,65.388,137.611,0.0,0.0,0.0,0.0,0.0,0.0,-0.184,71.775,78.997,9.83,-0.078,2.579,0.0,0.0,-0.0,0.0,0.0,0.0,
2025-08-06 06:27:27.184,machining_end_to_approach_machine,452.567,472.396,721.133,46.003,-179.951,136.426,-133.161,-7.006,-107.651,-180.07,65.388,137.611,0.0,0.0,0.0,0.0,0.0,0.0,-0.294,71.75,78.986,9.839,-0.069,2.581,0.0,0.0,-0.003,0.0,0.0,0.0,
2025-08-06 06:27:27.285,machining_end_to_approach_machine,452.567,472.396,721.133,46.003,-179.951,136.426,-133.161,-7.006,-107.651,-180.07,65.388,137.611,0.0,0.0,-0.0,0.0,0.0,0.0,-0.438,71.714,78.99,9.831,-0.069,2.578,0.0,0.0,0.0,0.0,0.0,0.0,
2025-08-06 06:27:27.387,machining_end_to_approach_machine,452.567,472.396,721.133,46.003,-179.951,136.426,-133.161,-7.006,-107.651,-180.07,65.388,137.611,0.0,0.0,0.0,0.0,0.0,0.0,-0.494,71.693,79.005,9.82,-0.071,2.585,0.0,0.0,0.002,0.0,0.0,0.0,
2025-08-06 06:27:27.485,machining_end_to_approach_machine,452.567,472.396,721.133,46.003,-179.951,136.426,-133.161,-7.006,-107.651,-180.07,65.388,137.611,0.0,0.0,0.0,0.0,0.0,0.0,-0.62,71.669,78.991,9.828,-0.074,2.583,0.0,0.0,0.0,0.0,0.0,0.0,
2025-08-06 06:27:27.584,machining_end_to_approach_machine,452.567,472.396,721.133,46.003,-179.951,136.426,-133.162,-7.006,-107.651,-180.07,65.388,137.611,0.0,0.0,0.0,0.0,0.0,0.0,-0.673,71.641,78.994,9.829,-0.069,2.584,0.0,0.0,-0.001,0.0,0.0,0.0,
2025-08-06 06:27:27.686,machining_end_to_approach_machine,452.567,472.396,721.133,46.003,-179.951,136.426,-133.162,-7.006,-107.651,-180.07,65.388,137.611,0.0,0.0,-0.0,0.0,0.0,0.0,-0.793,71.611,78.983,9.826,-0.058,2.586,0.0,0.0,0.0,0.0,0.0,0.0,
2025-08-06 06:27:27.786,machining_end_to_approach_machine,452.57,472.409,721.133,46.003,-179.951,136.426,-133.163,-7.006,-107.651,-180.07,65.388,137.611,0.0,0.0,0.0,0.0,0.0,0.0,-0.856,71.565,79.0,9.825,-0.057,2.592,0.046,-0.002,0.93,0.0,0.0,0.0,
2025-08-06 06:27:27.984,machining_end_to_approach_machine,452.722,473.069,721.133,46.003,-179.951,136.426,-133.153,-7.021,-107.608,-180.07,65.394,137.615,0.109,-0.285,0.503,0.0,0.057,0.074,0.34,69.092,79.976,9.803,-0.002,2.631,2.481,-4.078,3.133,0.0,0.234,3.473,
2025-08-06 06:27:28.084,machining_end_to_approach_machine,452.934,473.995,721.133,46.003,-179.951,136.426,-133.118,-7.078,-107.538,-180.071,65.405,137.661,0.5,-0.808,0.806,0.0,0.046,0.688,2.541,65.97,80.051,9.806,0.046,2.798,2.964,-3.718,2.944,-0.001,0.166,3.548,
2025-08-06 06:27:28.186,machining_end_to_approach_machine,453.248,475.363,721.133,46.003,-179.951,136.426,-133.053,-7.174,-107.439,-180.071,65.42,137.725,0.708,-1.036,1.098,-0.0,0.09,0.79,3.854,66.73,80.298,9.785,0.082,3.008,1.768,-1.911,2.986,0.0,0.326,0.435,
2025-08-06 06:27:28.287,machining_end_to_approach_machine,453.644,477.086,721.133,46.003,-179.951,136.426,-132.975,-7.286,-107.312,-180.071,65.438,137.812,0.859,-1.196,1.412,0.0,0.112,0.776,4.629,66.749,80.262,9.739,0.094,3.098,1.071,-1.327,1.538,0.0,0.115,1.328,
2025-08-06 06:27:28.386,machining_end_to_approach_machine,454.084,479.003,721.133,46.003,-179.951,136.426,-132.886,-7.414,-107.17,-180.071,65.46,137.902,0.922,-1.302,1.406,-0.0,0.113,1.056,5.35,66.784,80.23,9.671,0.108,3.145,0.033,-0.232,0.022,0.0,0.526,0.885,
2025-08-06 06:27:28.485,machining_end_to_approach_machine,454.531,480.949,721.133,46.003,-179.951,136.426,-132.795,-7.542,-107.024,-180.073,65.481,137.988,0.866,-1.242,1.417,0.0,0.216,0.951,5.052,67.602,80.349,9.617,0.116,3.189,-0.55,0.486,-0.301,0.001,0.251,-2.214,
2025-08-06 06:27:28.584,machining_end_to_approach_machine,454.963,482.83,721.133,46.003,-179.951,136.426,-132.71,-7.666,-106.882,-180.074,65.502,138.071,0.813,-1.206,1.346,0.0,0.163,0.618,5.168,67.387,80.231,9.553,0.121,3.221,-1.154,1.643,-1.436,-0.001,-0.575,-0.6,
2025-08-06 06:27:28.684,machining_end_to_approach_machine,455.339,484.464,721.133,46.003,-179.951,136.426,-132.633,-7.771,-106.76,-180.075,65.52,138.145,0.636,-0.915,1.131,-0.0,0.102,0.832,4.791,68.002,80.09,9.552,0.139,3.237,-1.485,2.755,-2.694,0.0,-0.45,-1.055,
2025-08-06 06:27:28.785,machining_end_to_approach_machine,455.624,485.708,721.133,46.003,-179.951,136.426,-132.575,-7.852,-106.666,-180.075,65.536,138.199,0.515,-0.652,0.805,0.0,0.073,0.405,4.693,67.866,79.828,9.568,0.151,3.224,-1.956,2.371,-3.508,0.001,-0.34,-2.702,
2025-08-06 06:27:28.884,machining_end_to_approach_machine,455.807,486.503,721.133,46.003,-179.951,136.426,-132.539,-7.904,-106.604,-180.075,65.547,138.235,0.245,-0.441,0.429,0.0,0.034,0.291,4.479,67.999,79.798,9.614,0.145,3.213,-2.237,2.61,-3.358,0.0,-0.36,-1.849,waypoint
2025-08-06 06:27:28.987,machining_end_to_approach_machine,455.895,486.888,721.133,46.003,-179.951,136.426,-132.522,-7.93,-106.572,-180.075,65.551,138.258,0.063,-0.125,0.126,0.0,0.0,0.032,4.466,68.054,79.826,9.646,0.118,3.202,-1.176,2.17,-2.082,0.0,-0.167,-1.418,
2025-08-06 06:27:29.087,machining_end_to_approach_machine,455.918,486.989,721.133,46.003,-179.951,136.426,-132.515,-7.937,-106.562,-180.075,65.551,138.265,0.006,-0.0,0.007,0.0,0.0,0.004,4.417,68.15,79.726,9.674,0.079,3.176,-0.317,0.627,-0.635,0.0,0.0,-0.161,
2025-08-06 06:27:29.186,machining_end_to_approach_machine,455.919,486.993,721.133,46.003,-179.951,136.426,-132.515,-7.937,-106.562,-180.075,65.551,138.265,0.0,0.0,0.0,0.0,0.0,0.0,4.201,68.077,79.511,9.692,0.025,3.139,-0.031,0.001,-0.035,0.0,0.0,-0.019,
2025-08-06 06:27:29.685,machining_end_to_approach_machine,455.919,486.993,721.133,46.003,-179.951,136.426,-132.514,-7.938,-106.565,-180.075,65.55,138.265,0.0,0.0,0.0,0.0,0.0,0.0,3.766,68.603,79.021,9.77,-0.111,3.061,0.0,0.0,0.0,0.0,0.0,0.0,
2025-08-06 06:27:30.085,machining_end_to_approach_machine,455.919,486.993,721.133,46.003,-179.951,136.426,-132.515,-7.937,-106.566,-180.075,65.55,138.264,-0.0,0.0,0.0,0.0,0.0,0.0,3.567,68.754,78.967,9.833,-0.115,3.034,0.0,0.0,0.0,0.0,0.0,0.0,
2025-08-06 06:27:30.486,machining_end_to_approach_machine,455.919,486.993,721.133,46.003,-179.951,136.426,-132.515,-7.937,-106.566,-180.075,65.55,138.263,0.0,0.0,0.0,0.0,0.0,0.0,3.393,68.865,78.971,9.876,-0.111,3.008,0.0,0.0,0.0,0.0,0.0,-0.001,
2025-08-06 06:27:30.885,machining_end_to_approach_machine,455.919,486.993,721.133,46.003,-179.951,136.426,-132.516,-7.937,-106.566,-180.075,65.55,138.26,0.0,0.0,0.0,0.0,0.0,-0.0,3.157,68.984,78.974,9.93,-0.093,2.978,0.0,0.0,0.0,0.0,0.0,0.0,
2025-08-06 06:27:31.285,machining_end_to_approach_machine,455.919,486.993,721.133,46.003,-179.951,136.426,-132.517,-7.937,-106.566,-180.075,65.55,138.259,0.0,0.0,0.0,0.0,0.0,0.0,2.977,69.27,78.987,9.953,-0.104,2.959,0.0,0.0,0.0,0.0,0.0,-0.003,
2025-08-06 06:27:31.685,machining_end_to_approach_machine,455.919,486.993,721.133,46.003,-179.951,136.426,-132.518,-7.936,-106.566,-180.075,65.55,138.258,-0.0,0.0,0.0,0.0,0.0,0.0,2.847,69.539,78.991,9.956,-0.096,2.954,0.0,0.0,0.0,0.0,0.0,0.0,
2025-08-06 06:27:32.085,machining_end_to_approach_machine,455.919,486.993,721.133,46.003,-179.951,136.426,-132.518,-7.936,-106.566,-180.075,65.55,138.258,0.0,0.0,0.0,0.0,0.0,0.0,2.782,69.902,78.977,9.952,-0.104,2.957,0.0,0.0,0.0,0.0,0.0,0.0,
2025-08-06 06:27:32.485,machining_end_to_approach_machine,455.919,486.993,721.133,46.003,-179.951,136.426,-132.519,-7.935,-106.566,-180.075,65.55,138.258,0.0,0.0,0.0,0.0,0.0,0.0,2.769,70.307,78.964,9.955,-0.106,2.957,0.0,0.0,0.0,0.0,0.0,0.0,
2025-08-06 06:27:32.887,machining_end_to_approach_machine,455.919,486.993,721.133,46.003,-179.951,136.426,-132.519,-7.935,-106.566,-180.075,65.55,138.258,0.0,0.0,0.0,0.0,0.0,0.0,2.75,70.641,78.978,9.955,-0.105,2.968,0.0,0.0,0.0,0.0,0.0,0.0,
2025-08-06 06:27:33.385,machining_end_to_approach_machine,455.911,487.029,721.095,46.276,-179.948,135.736,-132.519,-7.934,-106.566,-180.075,65.55,137.406,0.0,0.0,0.0,0.0,0.0,-17.794,2.865,70.901,79.027,9.944,-0.117,2.609,0.0,0.0,0.0,0.0,0.0,0.0,
2025-08-06 06:27:33.485,machining_end_to_approach_machine,455.909,487.041,721.082,46.376,-179.947,135.503,-132.519,-7.934,-106.566,-180.075,65.55,136.947,0.0,0.0,0.0,0.0,0.0,0.0,2.771,70.828,78.967,9.946,-0.095,2.509,0.0,0.0,0.0,0.0,0.0,88.968,waypoint
2025-08-06 06:27:33.585,machining_end_to_approach_machine,455.909,487.041,721.082,46.376,-179.947,135.503,-132.519,-7.934,-106.566,-180.075,65.55,136.947,0.0,0.0,0.0,0.0,0.0,0.0,2.804,70.809,79.004,9.952,-0.089,2.551,0.0,0.0,0.0,0.0,0.0,0.002,
2025-08-06 06:27:33.787,machining_end_to_approach_machine,455.909,487.041,721.082,46.376,-179.947,135.503,-132.519,-7.934,-106.566,-180.075,65.55,136.95,0.0,0.0,0.0,0.0,0.0,0.0,2.878,70.676,78.996,9.951,-0.093,2.604,0.0,0.0,0.0,0.0,0.0,-0.002,
2025-08-06 06:27:33.886,machining_end_to_approach_machine,455.909,487.041,721.082,46.376,-179.947,135.503,-132.519,-7.934,-106.566,-180.075,65.55,136.953,0.0,0.0,0.0,0.0,0.0,0.0,2.9,70.643,78.985,9.948,-0.093,2.645,0.0,0.0,0.0,0.0,0.0,0.001,
2025-08-06 06:27:33.985,machining_end_to_approach_machine,455.909,487.041,721.082,46.376,-179.947,135.503,-132.518,-7.934,-106.566,-180.075,65.55,136.956,0.0,0.0,0.0,0.0,0.0,0.0,2.925,70.613,78.997,9.928,-0.101,2.677,0.0,0.0,0.0,0.0,0.0,0.048,
2025-08-06 06:27:34.085,machining_end_to_approach_machine,455.909,487.041,721.082,46.376,-179.947,135.503,-132.518,-7.934,-106.566,-180.075,65.55,136.96,0.0,0.0,0.0,0.0,0.0,0.01,2.987,70.596,78.997,9.926,-0.085,2.718,0.0,0.0,0.0,0.0,0.0,0.007,
2025-08-06 06:27:34.186,machining_end_to_approach_machine,455.909,487.041,721.082,46.376,-179.947,135.503,-132.518,-7.934,-106.566,-180.075,65.55,136.963,0.0,0.0,0.0,0.0,0.0,0.001,3.054,70.56,78.983,9.915,-0.09,2.743,0.0,0.0,0.0,0.0,0.0,-0.048,
2025-08-06 06:27:34.285,machining_end_to_approach_machine,455.909,487.041,721.082,46.376,-179.947,135.503,-132.518,-7.934,-106.566,-180.075,65.55,136.964,0.0,0.0,0.0,0.0,0.0,0.0,3.098,70.524,78.973,9.909,-0.092,2.769,0.0,0.0,0.0,0.0,0.0,-0.007,
2025-08-06 06:27:34.385,machining_end_to_approach_machine,455.909,487.041,721.082,46.376,-179.947,135.503,-132.518,-7.934,-106.566,-180.075,65.55,136.965,0.0,0.0,0.0,0.0,0.0,0.0,3.155,70.503,78.974,9.904,-0.088,2.768,0.0,0.0,0.0,0.0,0.0,0.0,
2025-08-06 06:27:34.485,machining_end_to_approach_machine,455.909,487.041,721.082,46.376,-179.947,135.503,-132.518,-7.934,-106.566,-180.075,65.55,136.965,0.0,0.0,0.0,0.0,0.0,0.0,3.178,70.462,78.961,9.901,-0.084,2.776,0.0,0.0,0.0,0.0,0.0,0.0,
2025-08-06 06:27:34.587,machining_end_to_approach_machine,455.909,487.039,721.082,46.376,-179.947,135.503,-132.518,-7.934,-106.566,-180.075,65.55,136.966,0.0,0.0,0.0,0.0,0.0,0.0,3.245,70.431,78.966,9.893,-0.091,2.776,0.0,0.0,-0.353,0.0,0.0,0.0,
2025-08-06 06:27:34.786,machining_end_to_approach_machine,455.935,486.478,721.082,46.376,-179.947,135.503,-132.531,-7.933,-106.594,-180.075,65.546,136.964,-0.264,0.12,-0.386,0.0,-0.02,-0.011,2.186,71.111,78.015,9.883,-0.151,2.758,-3.164,1.935,-2.908,0.0,-0.269,-4.462,
2025-08-06 06:27:34.886,machining_end_to_approach_machine,455.977,485.583,721.082,46.376,-179.947,135.503,-132.577,-7.91,-106.645,-180.075,65.536,136.923,-0.633,0.387,-0.653,0.0,-0.054,-0.892,-0.057,74.129,77.312,9.882,-0.261,2.628,-3.258,3.406,-2.164,0.0,-0.221,-4.276,
2025-08-06 06:27:34.985,machining_end_to_approach_machine,456.038,484.272,721.082,46.376,-179.947,135.503,-132.657,-7.839,-106.722,-180.075,65.524,136.816,-0.913,0.798,-0.816,0.0,-0.064,-0.862,-1.369,77.293,77.407,9.885,-0.338,2.43,-2.022,2.285,-1.435,0.0,-0.215,-0.362,
2025-08-06 06:27:35.085,machining_end_to_approach_machine,456.111,482.72,721.082,46.376,-179.947,135.503,-132.757,-7.753,-106.814,-180.075,65.51,136.711,-1.035,0.842,-0.938,0.0,-0.097,-0.965,-1.836,76.861,77.179,9.892,-0.4,2.372,-0.222,-0.388,0.072,0.0,-0.007,-0.884,
2025-08-06 06:27:35.185,machining_end_to_approach_machine,456.183,481.18,721.082,46.376,-179.947,135.503,-132.856,-7.672,-106.905,-180.075,65.496,136.61,-0.957,0.72,-0.802,0.0,-0.065,-1.039,-1.853,77.715,77.323,9.913,-0.452,2.372,1.186,-1.163,1.554,0.0,0.203,1.182,
2025-08-06 06:27:35.285,machining_end_to_approach_machine,456.243,479.905,721.082,46.376,-179.947,135.503,-132.943,-7.602,-106.982,-180.075,65.484,136.539,-0.798,0.609,-0.627,0.0,-0.056,-0.728,-1.914,77.459,77.368,9.933,-0.499,2.384,2.494,-1.69,2.177,0.0,0.203,3.037,
2025-08-06 06:27:35.386,machining_end_to_approach_machine,456.282,479.056,721.082,46.376,-179.947,135.503,-133.003,-7.555,-107.035,-180.074,65.476,136.476,-0.456,0.381,-0.364,0.0,-0.025,-0.428,-1.607,77.118,77.286,9.972,-0.521,2.377,3.145,-2.058,2.558,0.0,0.268,3.082,waypoint
2025-08-06 06:27:35.486,machining_end_to_approach_machine,456.301,478.651,721.082,46.376,-179.947,135.503,-133.034,-7.522,-107.058,-180.074,65.473,136.449,-0.166,0.195,-0.113,0.0,-0.002,-0.109,-1.808,77.441,77.397,10.024,-0.526,2.395,2.289,-1.905,1.83,0.0,0.123,2.153,
2025-08-06 06:27:35.585,machining_end_to_approach_machine,456.306,478.558,721.082,46.376,-179.947,135.503,-133.042,-7.512,-107.066,-180.074,65.472,136.441,0.0,0.001,-0.0,0.0,0.0,0.0,-1.488,76.759,77.454,10.064,-0.524,2.416,0.833,-0.982,0.569,0.0,0.011,0.546,
2025-08-06 06:27:36.085,machining_end_to_approach_machine,456.306,478.557,721.082,46.376,-179.947,135.503,-133.042,-7.512,-107.065,-180.074,65.473,136.439,0.0,0.0,0.0,0.0,0.0,0.0,-1.021,76.284,78.023,10.136,-0.441,2.522,0.0,0.0,0.0,0.0,0.0,0.0,
2025-08-06 06:27:36.487,machining_end_to_approach_machine,456.306,478.557,721.082,46.376,-179.947,135.503,-133.041,-7.512,-107.064,-180.073,65.473,136.44,0.0,0.0,0.0,0.0,0.0,0.0,-0.661,76.14,78.116,10.141,-0.405,2.58,0.0,0.0,0.0,0.0,0.0,0.0,
2025-08-06 06:27:36.885,machining_end_to_approach_machine,456.306,478.557,721.082,46.376,-179.947,135.503,-133.04,-7.512,-107.063,-180.073,65.473,136.44,0.0,0.0,0.0,0.0,0.0,0.0,-0.332,76.086,78.159,10.132,-0.411,2.615,0.0,0.0,0.0,0.0,0.0,0.0,
2025-08-06 06:27:37.385,machining_end_to_approach_machine,456.306,478.557,721.082,46.376,-179.947,135.503,-133.038,-7.512,-107.063,-180.073,65.474,136.441,0.0,0.0,0.0,0.0,0.0,0.0,0.096,75.984,78.171,10.137,-0.416,2.614,0.0,0.0,0.0,0.0,0.0,0.0,
2025-08-06 06:27:37.786,machining_end_to_approach_machine,456.306,478.557,721.082,46.376,-179.947,135.503,-133.037,-7.512,-107.063,-180.073,65.474,136.442,0.0,0.0,0.0,0.0,0.0,0.0,0.148,75.902,78.159,10.132,-0.427,2.621,0.0,0.0,0.0,0.0,0.0,0.0,
2025-08-06 06:27:38.185,machining_end_to_approach_machine,456.306,478.557,721.082,46.376,-179.947,135.503,-133.037,-7.512,-107.063,-180.073,65.473,136.443,0.0,0.0,0.0,0.0,0.0,0.0,0.237,75.763,78.153,10.118,-0.428,2.637,0.0,0.0,0.0,0.0,0.0,0.0,
2025-08-06 06:27:38.685,machining_end_to_approach_machine,456.306,478.557,721.082,46.376,-179.947,135.503,-133.036,-7.512,-107.063,-180.073,65.473,136.443,0.0,0.0,0.0,0.0,0.0,0.0,0.295,75.55,78.164,10.122,-0.409,2.632,0.0,0.0,0.0,0.0,0.0,0.0,
2025-08-06 06:27:39.085,machining_end_to_approach_machine,456.306,478.557,721.082,46.376,-179.947,135.503,-133.036,-7.513,-107.063,-180.073,65.473,136.444,0.0,0.0,0.0,0.0,0.0,0.0,0.259,75.292,78.159,10.121,-0.428,2.642,0.0,0.0,0.0,0.0,0.0,0.0,
2025-08-06 06:27:39.485,machining_end_to_approach_machine,456.306,478.557,721.082,46.376,-179.947,135.503,-133.036,-7.513,-107.063,-180.073,65.473,136.444,0.0,0.0,0.0,0.0,0.0,0.0,0.246,74.988,78.158,10.123,-0.409,2.644,0.0,0.0,0.0,0.0,0.0,0.0,
2025-08-06 06:27:39.985,machining_end_to_approach_machine,456.302,478.169,721.048,46.375,-179.947,135.502,-133.043,-7.513,-107.084,-180.073,65.468,136.443,-0.151,0.0,-0.346,0.0,-0.072,0.0,-0.373,74.669,77.483,10.11,-0.465,2.617,-2.606,0.701,-3.014,0.0,-0.516,-4.572,
2025-08-06 06:27:40.085,machining_end_to_approach_machine,456.294,477.431,720.985,46.373,-179.947,135.5,-133.074,-7.507,-107.134,-180.073,65.452,136.417,-0.521,0.14,-0.611,0.0,-0.103,-0.914,-2.184,75.795,77.053,10.098,-0.54,2.529,-3.255,3.866,-2.697,0.0,-0.827,-3.67,
2025-08-06 06:27:40.188,machining_end_to_approach_machine,456.282,476.236,720.882,46.369,-179.948,135.496,-133.145,-7.465,-107.214,-180.073,65.432,136.324,-0.812,0.785,-0.893,0.0,-0.24,-0.745,-3.016,79.405,77.148,10.1,-0.573,2.385,-2.654,5.155,-2.613,0.0,-0.906,-0.836,
2025-08-06 06:27:40.286,machining_end_to_approach_machine,456.266,474.657,720.746,46.364,-179.949,135.491,-133.243,-7.364,-107.318,-180.073,65.406,136.226,-1.055,1.176,-1.136,0.0,-0.285,-1.082,-3.131,79.881,76.958,10.105,-0.604,2.367,-1.516,1.0,-1.724,0.0,-0.516,-2.583,
2025-08-06 06:27:40.385,machining_end_to_approach_machine,456.247,472.87,720.592,46.359,-179.949,135.486,-133.354,-7.254,-107.437,-180.073,65.375,136.117,-1.11,0.982,-1.233,0.0,-0.341,-1.254,-2.588,77.736,76.806,10.117,-0.679,2.356,-0.073,-1.779,0.259,0.0,-0.069,-0.389,
2025-08-06 06:27:40.488,machining_end_to_approach_machine,456.229,471.104,720.44,46.353,-179.95,135.48,-133.464,-7.159,-107.556,-180.073,65.342,136.011,-1.069,0.817,-1.084,0.0,-0.299,-1.161,-2.618,77.907,76.851,10.129,-0.713,2.362,1.592,-1.558,1.788,0.0,0.39,2.402,
2025-08-06 06:27:40.585,machining_end_to_approach_machine,456.214,469.584,720.309,46.348,-179.951,135.475,-133.56,-7.08,-107.657,-180.073,65.316,135.922,-0.792,0.67,-0.875,0.0,-0.263,-0.773,-2.395,77.429,77.012,10.155,-0.722,2.37,2.69,-1.365,2.655,0.0,0.987,3.39,
2025-08-06 06:27:40.686,machining_end_to_approach_machine,456.202,468.468,720.213,46.344,-179.951,135.471,-133.63,-7.019,-107.731,-180.072,65.296,135.847,-0.537,0.547,-0.558,0.0,-0.104,-0.49,-2.275,77.826,77.176,10.187,-0.712,2.368,2.173,-2.414,2.754,0.0,1.148,2.554,
2025-08-06 06:27:40.785,machining_end_to_approach_machine,456.196,467.811,720.156,46.342,-179.951,135.469,-133.673,-6.987,-107.777,-180.072,65.282,135.814,-0.358,0.188,-0.325,0.0,-0.034,-0.263,-2.291,76.917,76.916,10.17,-0.694,2.394,2.421,-2.605,2.512,0.0,0.521,2.125,waypoint
2025-08-06 06:27:40.885,machining_end_to_approach_machine,456.193,467.548,720.134,46.341,-179.951,135.468,-133.694,-6.973,-107.796,-180.072,65.278,135.794,-0.055,0.028,-0.058,0.0,0.0,-0.067,-2.151,77.285,77.0,10.19,-0.654,2.415,1.77,-0.929,1.607,0.0,0.168,1.3,
2025-08-06 06:27:40.987,machining_end_to_approach_machine,456.192,467.509,720.13,46.341,-179.951,135.468,-133.698,-6.969,-107.8,-180.072,65.278,135.788,0.0,0.0,0.0,0.0,0.0,0.0,-2.164,77.451,77.121,10.194,-0.606,2.436,0.275,-0.141,0.292,0.0,0.0,0.334,
2025-08-06 06:27:41.485,machining_end_to_approach_machine,456.192,467.509,720.13,46.341,-179.951,135.468,-133.697,-6.967,-107.799,-180.071,65.278,135.787,0.0,0.0,0.0,0.0,0.0,0.0,-1.277,76.573,77.562,10.213,-0.505,2.561,0.0,0.0,0.0,0.0,0.0,0.0,
2025-08-06 06:27:41.885,machining_end_to_approach_machine,456.192,467.509,720.13,46.341,-179.951,135.468,-133.695,-6.967,-107.798,-180.071,65.279,135.787,0.0,0.0,0.0,0.0,0.0,0.0,-0.608,76.349,77.664,10.189,-0.482,2.595,0.0,0.0,0.0,0.0,0.0,0.0,
2025-08-06 06:27:42.286,machining_end_to_approach_machine,456.192,467.509,720.13,46.341,-179.951,135.468,-133.693,-6.967,-107.797,-180.071,65.279,135.788,0.0,0.0,0.0,0.0,0.0,0.0,-0.026,76.25,77.697,10.187,-0.482,2.626,0.0,0.0,0.0,0.0,0.0,0.0,
2025-08-06 06:27:42.687,machining_end_to_approach_machine,456.192,467.509,720.13,46.341,-179.951,135.468,-133.691,-6.967,-107.797,-180.071,65.279,135.788,0.0,0.0,0.0,0.0,0.0,0.0,0.239,76.152,77.683,10.186,-0.492,2.628,0.0,0.0,0.0,0.0,0.0,0.0,
2025-08-06 06:27:43.086,machining_end_to_approach_machine,456.192,467.509,720.13,46.341,-179.951,135.468,-133.69,-6.967,-107.797,-180.071,65.279,135.789,0.0,0.0,0.0,0.0,0.0,0.0,0.364,76.058,77.676,10.174,-0.496,2.631,0.0,0.0,0.0,0.0,0.0,0.0,
2025-08-06 06:27:43.586,machining_end_to_approach_machine,456.192,467.509,720.13,46.341,-179.951,135.468,-133.689,-6.968,-107.797,-180.071,65.279,135.79,0.0,0.0,0.0,0.0,0.0,0.0,0.3,75.842,77.661,10.168,-0.492,2.646,0.0,0.0,0.0,0.0,0.0,0.0,
2025-08-06 06:27:43.985,machining_end_to_approach_machine,456.192,467.509,720.13,46.341,-179.951,135.468,-133.689,-6.968,-107.797,-180.071,65.279,135.79,0.0,0.0,0.0,0.0,0.0,0.0,0.304,75.615,77.654,10.161,-0.49,2.644,0.0,0.0,0.0,0.0,0.0,0.0,
2025-08-06 06:27:44.385,machining_end_to_approach_machine,456.192,467.509,720.13,46.341,-179.951,135.468,-133.689,-6.968,-107.797,-180.071,65.279,135.791,0.0,0.0,0.0,0.0,0.0,0.0,0.254,75.385,77.654,10.157,-0.485,2.65,0.0,0.0,0.0,0.0,0.0,0.0,
2025-08-06 06:27:44.785,machining_end_to_approach_machine,456.192,467.509,720.13,46.341,-179.951,135.468,-133.689,-6.968,-107.797,-180.071,65.279,135.791,0.0,0.0,0.0,0.0,0.0,0.0,0.247,75.059,77.664,10.161,-0.48,2.648,0.0,0.0,0.0,0.0,0.0,0.0,
2025-08-06 06:27:45.286,machining_end_to_approach_machine,456.328,467.51,720.281,46.174,-179.957,135.302,-133.69,-6.969,-107.784,-180.071,65.288,135.791,0.0,0.0,0.044,0.0,0.018,0.0,-0.069,74.818,78.202,10.174,-0.402,2.648,0.0,0.0,0.0,0.0,0.0,0.0,
2025-08-06 06:27:45.386,machining_end_to_approach_machine,456.329,467.51,720.283,46.172,-179.957,135.3,-133.69,-6.969,-107.782,-180.071,65.289,135.791,0.0,0.0,0.0,0.0,0.0,0.0,-0.175,74.691,78.528,10.155,-0.317,2.626,0.0,0.0,-0.21,0.0,-0.088,0.0,
2025-08-06 06:27:46.685,machining_end_to_approach_machine,456.329,467.51,720.283,46.172,-179.957,135.3,-133.698,-6.972,-107.781,-180.071,65.29,135.785,0.0,0.0,0.0,0.0,0.0,0.0,-1.598,73.849,78.403,10.164,-0.336,2.511,0.0,0.0,0.0,0.0,0.0,-0.018,
2025-08-06 06:27:47.986,machining_end_to_approach_machine,456.329,467.51,720.283,46.172,-179.957,135.3,-133.699,-6.974,-107.781,-180.071,65.29,135.78,0.0,0.0,0.0,0.0,0.0,0.0,-1.527,73.652,78.365,10.166,-0.355,2.549,0.0,0.0,0.0,0.0,0.0,0.0,
2025-08-06 06:27:49.285,machining_end_to_approach_machine,456.329,467.51,720.283,46.172,-179.957,135.3,-133.699,-6.974,-107.781,-180.071,65.29,135.781,0.0,0.0,0.0,0.0,0.0,0.0,-1.252,73.803,78.343,10.164,-0.336,2.604,0.0,0.0,0.0,0.0,0.0,0.0,
2025-08-06 06:27:50.587,machining_end_to_approach_machine,456.309,467.536,720.229,46.143,-179.958,135.274,-133.697,-6.974,-107.784,-180.071,65.283,135.789,0.0,0.0,0.0,0.0,0.0,0.0,-0.684,73.575,78.008,10.163,-0.487,2.717,0.0,0.0,0.002,0.0,0.0,0.0,
2025-08-06 06:27:51.786,machining_end_to_approach_machine,456.309,467.536,720.229,46.143,-179.958,135.274,-133.696,-6.975,-107.784,-180.071,65.283,135.789,0.0,0.0,0.0,0.0,0.0,0.0,-0.342,73.641,78.025,10.157,-0.47,2.699,0.0,0.0,0.0,0.0,0.0,0.0,
2025-08-06 06:27:53.085,machining_end_to_approach_machine,456.309,467.536,720.229,46.143,-179.958,135.274,-133.695,-6.976,-107.784,-180.071,65.283,135.789,0.0,0.0,0.0,0.0,0.0,0.0,-0.297,73.878,78.02,10.163,-0.478,2.691,0.0,0.0,0.0,0.0,0.0,0.0,
2025-08-06 06:27:54.387,machining_end_to_approach_machine,456.312,467.595,720.228,46.106,-179.959,135.239,-133.693,-6.976,-107.781,-180.071,65.283,135.792,0.0,0.0,0.0,0.0,0.0,0.0,0.096,73.632,78.379,10.153,-0.477,2.751,0.0,0.0,0.0,0.0,0.0,0.015,
2025-08-06 06:27:55.685,machining_end_to_approach_machine,456.312,467.595,720.228,46.106,-179.959,135.239,-133.691,-6.979,-107.78,-180.071,65.283,135.796,0.0,0.0,0.0,0.0,0.0,0.0,0.119,72.905,78.376,10.165,-0.484,2.757,0.0,0.0,-0.005,0.0,0.0,0.0,
2025-08-06 06:27:56.986,machining_end_to_approach_machine,456.312,467.595,720.228,46.106,-179.959,135.239,-133.691,-6.979,-107.78,-180.071,65.283,135.796,0.0,0.0,0.004,0.0,0.0,0.0,0.081,73.315,78.328,10.149,-0.477,2.723,0.0,0.0,0.0,0.0,0.0,0.0,
2025-08-06 06:27:58.285,machining_end_to_approach_machine,456.312,467.602,719.131,46.091,-179.958,135.225,-133.691,-6.992,-107.831,-180.071,65.19,135.795,0.0,-0.542,-1.385,0.0,-2.015,0.0,0.13,71.649,76.707,10.072,-0.593,2.71,0.0,-10.807,-20.534,0.0,-30.891,0.0,
2025-08-06 06:27:58.385,machining_end_to_approach_machine,456.31,467.6,714.726,46.091,-179.958,135.225,-133.691,-7.127,-108.1,-180.071,64.785,135.795,0.0,-2.161,-4.107,0.0,-6.181,0.0,0.559,64.22,73.82,9.825,-0.703,2.721,0.0,-17.819,-31.157,0.0,-49.432,0.0,
2025-08-06 06:27:58.486,machining_end_to_approach_machine,456.305,467.595,705.15,46.091,-179.958,135.225,-133.691,-7.436,-108.682,-180.072,63.882,135.795,0.0,-4.124,-7.647,0.0,-11.951,0.0,0.698,60.934,72.464,9.603,-0.83,2.736,0.0,-22.713,-34.715,-0.192,-58.574,0.0,
2025-08-06 06:27:58.587,machining_end_to_approach_machine,456.297,467.586,689.464,46.091,-179.958,135.225,-133.691,-7.979,-109.626,-180.075,62.387,135.795,0.0,-6.75,-11.119,-0.039,-18.013,0.0,0.824,56.694,70.924,9.232,-0.88,2.767,0.0,-27.405,-32.412,-0.647,-57.96,0.019,
2025-08-06 06:27:58.686,machining_end_to_approach_machine,456.286,467.575,667.787,46.091,-179.958,135.225,-133.691,-8.799,-110.893,-180.087,60.297,135.796,0.0,-9.605,-14.13,-0.129,-23.543,0.004,1.113,54.49,69.664,8.59,-0.903,2.783,0.002,-27.787,-23.032,-0.263,-49.108,0.526,
2025-08-06 06:27:58.786,machining_end_to_approach_machine,456.272,467.561,641.274,46.091,-179.958,135.225,-133.69,-9.9,-112.383,-180.101,57.711,135.801,0.0,-12.279,-15.703,-0.091,-27.785,0.105,1.182,53.009,69.119,8.313,-0.958,2.83,0.011,-23.694,-8.18,0.035,-30.358,0.407,
2025-08-06 06:27:58.885,machining_end_to_approach_machine,456.257,467.545,611.915,46.091,-179.958,135.225,-133.687,-11.24,-113.95,-180.115,54.814,135.823,0.002,-14.32,-15.757,-0.123,-29.584,0.085,1.76,53.478,68.354,8.175,-0.997,2.977,0.025,-16.53,4.981,-0.43,-12.377,0.164,
2025-08-06 06:27:58.986,machining_end_to_approach_machine,456.242,467.529,581.917,46.091,-179.958,135.225,-133.681,-12.734,-115.455,-180.13,51.827,135.842,0.005,-15.585,-14.707,-0.177,-30.261,0.138,1.636,52.908,67.491,7.999,-1.06,3.085,0.197,-11.737,10.215,-0.72,-1.728,0.379,
2025-08-06 06:27:59.088,machining_end_to_approach_machine,456.227,467.513,551.917,46.091,-179.958,135.225,-133.677,-14.343,-116.856,-180.149,48.82,135.863,0.042,-16.702,-13.684,-0.269,-29.935,0.162,2.184,50.216,65.14,7.658,-1.11,3.16,-0.026,-11.597,10.902,-0.396,0.105,0.692,
2025-08-06 06:27:59.185,machining_end_to_approach_machine,456.211,467.497,521.917,46.091,-179.958,135.225,-133.673,-16.071,-118.15,-180.17,45.8,135.887,0.0,-17.893,-12.537,-0.256,-30.24,0.275,2.22,45.492,62.639,7.235,-1.201,3.225,-0.153,-12.315,11.847,0.081,-2.065,0.275,
2025-08-06 06:27:59.286,machining_end_to_approach_machine,456.196,467.481,491.917,46.091,-179.958,135.225,-133.669,-17.917,-119.334,-180.195,42.774,135.912,0.012,-19.141,-11.338,-0.253,-30.344,0.216,2.405,40.99,60.211,6.885,-1.297,3.283,0.082,-10.989,12.385,-0.115,0.691,-0.254,
2025-08-06 06:27:59.386,machining_end_to_approach_machine,456.181,467.466,461.917,46.091,-179.958,135.225,-133.665,-19.874,-120.407,-180.223,39.745,135.935,0.017,-20.102,-10.048,-0.279,-30.101,0.224,2.421,34.934,57.212,6.438,-1.392,3.34,-0.058,-10.951,10.892,-0.879,0.814,0.415,
2025-08-06 06:27:59.487,machining_end_to_approach_machine,456.165,467.45,431.917,46.091,-179.958,135.225,-133.663,-21.938,-121.364,-180.255,36.724,135.962,0.0,-21.342,-9.149,-0.429,-30.18,0.299,2.667,27.713,52.975,5.873,-1.388,3.413,-0.064,-9.738,11.594,-0.737,3.013,1.31,
2025-08-06 06:27:59.586,machining_end_to_approach_machine,456.15,467.434,402.042,46.091,-179.958,135.225,-133.66,-24.1,-122.197,-180.298,33.729,136.001,0.004,-22.049,-7.729,-0.427,-29.498,0.486,2.569,21.323,50.09,5.451,-1.517,3.509,0.088,1.759,16.994,-0.092,20.059,0.557,
2025-08-06 06:27:59.685,machining_end_to_approach_machine,456.135,467.419,373.875,46.091,-179.958,135.225,-133.658,-26.249,-122.877,-180.342,30.918,136.046,0.018,-20.993,-5.784,-0.448,-26.209,0.41,2.33,17.797,47.369,5.072,-1.614,3.611,-0.019,21.799,18.458,-0.055,40.323,-0.665,
2025-08-06 06:27:59.785,machining_end_to_approach_machine,456.123,467.406,349.675,46.091,-179.958,135.225,-133.655,-28.172,-123.371,-180.39,28.52,136.084,0.0,-17.711,-4.056,-0.438,-21.474,0.354,1.447,15.718,45.067,4.725,-1.691,3.682,-0.085,38.732,15.991,0.387,53.566,0.009,
2025-08-06 06:27:59.887,machining_end_to_approach_machine,456.114,467.396,331.032,46.091,-179.958,135.225,-133.654,-29.7,-123.698,-180.428,26.681,136.127,0.0,-13.17,-2.554,-0.369,-15.388,0.412,1.105,11.93,42.176,4.384,-1.725,3.744,0.0,46.533,12.844,0.872,59.811,-1.036,
2025-08-06 06:27:59.991,machining_end_to_approach_machine,456.107,467.389,318.577,46.091,-179.958,135.225,-133.654,-30.748,-123.889,-180.459,25.457,136.158,0.0,-8.125,-1.41,-0.258,-9.153,0.14,0.859,7.697,40.22,4.097,-1.791,3.768,-0.002,48.067,9.766,1.346,55.828,-1.754,
2025-08-06 06:28:00.085,machining_end_to_approach_machine,456.104,467.386,311.869,46.091,-179.958,135.225,-133.654,-31.326,-123.983,-180.479,24.791,136.175,0.0,-3.652,-0.62,-0.103,-4.335,0.064,0.717,3.259,38.573,3.892,-1.813,3.767,0.0,37.353,6.762,1.301,41.352,-0.698,
2025-08-06 06:28:00.186,machining_end_to_approach_machine,456.103,467.385,309.475,46.091,-179.958,135.225,-133.654,-31.532,-124.015,-180.487,24.548,136.181,0.0,-0.842,-0.091,-0.004,-1.089,0.004,1.217,-3.664,37.394,3.783,-1.846,3.748,0.0,18.081,3.07,0.509,21.458,-0.318,
2025-08-06 06:28:00.287,machining_end_to_approach_machine,456.102,467.384,309.217,46.091,-179.958,135.225,-133.654,-31.553,-124.02,-180.487,24.519,136.182,0.0,0.0,0.0,0.0,0.0,0.0,1.714,-8.916,36.445,3.771,-1.806,3.714,0.0,4.213,0.456,0.021,5.448,-0.021,waypoint
2025-08-06 06:28:00.386,machining_end_to_approach_machine,456.102,467.384,309.217,46.091,-179.958,135.225,-133.654,-31.552,-124.019,-180.487,24.519,136.182,0.0,0.001,0.0,0.0,0.0,0.0,2.056,-10.855,36.251,3.814,-1.677,3.68,-0.71,0.476,-1.455,0.0,-0.674,0.0,
2025-08-06 06:28:00.485,machining_end_to_approach_machine,456.105,467.183,309.217,46.091,-179.958,135.225,-133.659,-31.545,-124.027,-180.487,24.517,136.182,-0.141,0.094,-0.288,0.0,-0.133,0.0,1.842,-9.555,36.013,3.843,-1.58,3.643,-4.385,3.08,-5.658,0.0,-3.64,-5.422,
2025-08-06 06:28:00.585,machining_end_to_approach_machine,456.122,466.076,309.217,46.091,-179.958,135.225,-133.708,-31.516,-124.098,-180.487,24.475,136.156,-0.873,0.614,-1.126,0.0,-0.724,-1.079,-1.085,-7.781,35.206,3.858,-1.696,3.585,-9.149,4.279,-9.434,0.0,-6.009,-11.066,
2025-08-06 06:28:00.685,machining_end_to_approach_machine,456.161,463.54,309.219,46.091,-179.958,135.225,-133.851,-31.439,-124.263,-180.487,24.373,135.978,-1.97,0.95,-2.175,0.0,-1.335,-2.213,-3.897,-5.065,34.667,3.818,-1.714,3.215,-10.631,2.947,-9.676,0.0,-5.531,-9.704,
2025-08-06 06:28:00.787,machining_end_to_approach_machine,456.221,459.511,309.221,46.091,-179.958,135.225,-134.104,-31.328,-124.53,-180.487,24.21,135.732,-3.02,1.209,-3.08,0.0,-1.841,-3.039,-4.569,-4.183,34.521,3.766,-1.695,3.003,-7.668,2.568,-6.999,-0.064,-4.181,-5.307,
2025-08-06 06:28:00.886,machining_end_to_approach_machine,456.299,454.404,309.223,46.091,-179.958,135.225,-134.433,-31.196,-124.868,-180.491,24.005,135.405,-3.512,1.466,-3.582,-0.013,-2.176,-3.28,-3.595,-2.726,34.462,3.617,-1.677,2.885,-2.275,1.222,-2.343,-0.008,-0.888,-0.804,
2025-08-06 06:28:00.986,machining_end_to_approach_machine,456.381,448.975,309.226,46.091,-179.958,135.225,-134.787,-31.047,-125.229,-180.498,23.786,135.059,-3.473,1.452,-3.547,-0.002,-2.018,-3.199,-2.844,-2.664,34.377,3.498,-1.659,2.817,2.948,-1.094,3.23,0.064,2.334,1.208,
2025-08-06 06:28:01.086,machining_end_to_approach_machine,456.455,444.085,309.229,46.091,-179.958,135.225,-135.11,-30.911,-125.554,-180.5,23.587,134.742,-2.922,1.248,-2.936,0.0,-1.709,-3.038,-1.621,-3.327,34.531,3.506,-1.682,2.762,7.439,-3.356,7.85,0.008,3.818,5.754,
2025-08-06 06:28:01.185,machining_end_to_approach_machine,456.51,440.423,309.231,46.091,-179.958,135.225,-135.357,-30.81,-125.797,-180.503,23.437,134.503,-1.993,0.785,-1.984,0.0,-1.258,-2.054,-0.791,-3.804,34.744,3.523,-1.704,2.724,9.846,-4.122,9.924,0.0,5.444,10.09,
2025-08-06 06:28:01.285,machining_end_to_approach_machine,456.542,438.285,309.232,46.091,-179.958,135.225,-135.503,-30.751,-125.941,-180.505,23.348,134.357,-0.963,0.427,-0.961,0.0,-0.625,-1.03,-0.431,-3.836,34.81,3.517,-1.701,2.713,8.829,-3.58,8.655,0.0,5.773,9.19,
2025-08-06 06:28:01.386,machining_end_to_approach_machine,456.555,437.479,309.232,46.091,-179.958,135.225,-135.56,-30.726,-125.997,-180.505,23.314,134.31,-0.218,0.065,-0.245,0.0,-0.098,-0.207,-0.523,-3.774,34.556,3.528,-1.658,2.725,4.814,-2.137,4.804,0.0,3.127,5.125,waypoint
2025-08-06 06:28:01.485,machining_end_to_approach_machine,456.556,437.388,309.232,46.091,-179.958,135.225,-135.567,-30.722,-126.005,-180.505,23.309,134.298,0.0,0.0,0.0,0.0,0.0,-0.005,-1.11,-3.657,34.348,3.541,-1.61,2.766,1.095,-0.326,1.23,0.0,0.493,1.039,
2025-08-06 06:28:01.585,machining_end_to_approach_machine,456.556,437.388,309.232,46.092,-179.958,135.225,-135.567,-30.722,-126.005,-180.505,23.309,134.297,0.0,0.0,0.0,0.0,0.0,0.0,-1.293,-3.706,34.383,3.555,-1.52,2.808,-5.356,-0.009,0.975,0.0,0.333,-7.106,
2025-08-06 06:28:01.685,machining_end_to_approach_machine,457.025,437.052,309.232,46.092,-179.958,135.225,-135.599,-30.722,-125.999,-180.505,23.312,134.261,-1.071,-0.002,0.195,0.0,0.067,-1.427,-2.316,-3.9,34.855,3.605,-1.388,2.805,-22.007,-1.253,4.923,0.0,3.018,-22.048,
2025-08-06 06:28:01.786,machining_end_to_approach_machine,459.732,435.113,309.232,46.092,-179.958,135.225,-135.859,-30.728,-125.943,-180.505,23.344,133.977,-4.423,-0.252,0.99,0.0,0.607,-4.432,-7.56,-4.483,36.434,3.739,-1.06,2.697,-41.436,-4.319,9.335,0.0,5.943,-39.706,
2025-08-06 06:28:01.886,machining_end_to_approach_machine,466.317,430.398,309.231,46.092,-179.958,135.225,-136.545,-30.78,-125.796,-180.505,23.437,133.285,-9.4,-0.87,2.071,0.0,1.261,-9.408,-11.221,-7.26,37.742,3.842,-0.811,2.642,-51.903,-5.592,13.002,0.0,7.99,-52.85,
2025-08-06 06:28:01.985,machining_end_to_approach_machine,477.749,422.211,309.23,46.092,-179.958,135.225,-137.754,-30.89,-125.516,-180.505,23.609,132.062,-14.752,-1.365,3.577,0.0,2.197,-14.949,-12.583,-9.148,38.644,3.958,-0.635,2.588,-51.844,-6.1,17.002,0.0,10.751,-52.145,
2025-08-06 06:28:02.085,machining_end_to_approach_machine,494.16,410.459,309.227,46.092,-179.958,135.225,-139.493,-31.062,-125.065,-180.505,23.887,130.326,-19.717,-2.084,5.455,0.0,3.4,-19.784,-13.397,-10.893,38.968,4.036,-0.495,2.533,-43.069,-7.872,19.839,0.0,12.615,-41.301,
2025-08-06 06:28:02.185,machining_end_to_approach_machine,514.82,395.663,309.225,46.092,-179.958,135.225,-141.665,-31.318,-124.414,-180.505,24.283,128.155,-23.366,-2.939,7.545,0.0,4.72,-23.209,-11.313,-12.829,39.472,4.139,-0.399,2.477,-25.258,-7.888,19.263,0.001,11.659,-24.705,
2025-08-06 06:28:02.286,machining_end_to_approach_machine,538.265,378.874,309.222,46.092,-179.958,135.225,-144.086,-31.652,-123.564,-180.503,24.798,125.741,-24.794,-3.669,9.327,0.0,5.744,-24.75,-8.3,-13.616,39.75,4.224,-0.311,2.434,-4.509,-6.838,15.704,0.126,8.756,-4.599,
2025-08-06 06:28:02.387,machining_end_to_approach_machine,562.626,361.428,309.218,46.092,-179.958,135.225,-146.542,-32.053,-122.561,-180.498,25.407,123.29,-24.277,-4.32,10.717,0.025,6.488,-24.138,-4.357,-14.454,40.262,4.378,-0.254,2.394,7.18,-5.027,11.835,0.047,7.263,5.521,
2025-08-06 06:28:02.486,machining_end_to_approach_machine,587.01,343.966,309.215,46.092,-179.958,135.225,-148.913,-32.501,-121.439,-180.493,26.082,120.917,-23.358,-4.675,11.694,0.01,7.197,-23.646,-2.601,-15.65,40.156,4.577,-0.16,2.387,9.145,-4.264,10.964,0.033,6.836,7.572,
2025-08-06 06:28:02.587,machining_end_to_approach_machine,611.393,326.504,309.212,46.092,-179.958,135.225,-151.2,-33.0,-120.203,-180.486,26.821,118.624,-22.448,-5.173,12.91,0.032,7.855,-22.623,-3.291,-16.188,41.241,4.825,-0.142,2.356,9.044,-4.822,11.638,0.151,5.769,8.791,
2025-08-06 06:28:02.686,machining_end_to_approach_machine,635.777,309.042,309.209,46.092,-179.958,135.225,-153.4,-33.546,-118.858,-180.48,27.624,116.418,-21.549,-5.639,14.021,0.04,8.351,-21.888,-2.923,-16.092,42.739,5.11,-0.175,2.333,7.977,-4.821,10.82,-0.133,5.459,8.769,
2025-08-06 06:28:02.785,machining_end_to_approach_machine,660.161,291.58,309.206,46.092,-179.958,135.225,-155.511,-34.137,-117.408,-180.473,28.482,114.295,-20.868,-6.127,15.052,0.006,8.936,-20.887,-3.423,-17.13,43.717,5.314,-0.162,2.331,8.496,-5.061,10.23,-0.004,5.325,9.303,
2025-08-06 06:28:02.886,machining_end_to_approach_machine,684.545,274.118,309.202,46.092,-179.958,135.225,-157.54,-34.773,-115.854,-180.466,29.401,112.262,-19.849,-6.651,16.067,0.039,9.416,-20.027,-3.415,-18.648,44.734,5.524,-0.17,2.334,9.255,-4.715,9.739,0.067,4.58,7.964,
2025-08-06 06:28:02.987,machining_end_to_approach_machine,708.929,256.656,309.199,46.092,-179.958,135.225,-159.48,-35.457,-114.201,-180.46,30.368,110.31,-18.999,-7.08,17.02,0.019,9.862,-19.278,-3.48,-19.167,45.767,5.725,-0.146,2.312,7.959,-3.581,9.032,-0.192,5.39,9.071,
2025-08-06 06:28:03.085,machining_end_to_approach_machine,733.313,239.194,309.196,46.092,-179.958,135.225,-161.334,-36.182,-112.451,-180.454,31.393,108.445,-18.266,-7.364,17.865,0.001,10.488,-18.222,-3.7,-20.864,46.629,5.914,-0.085,2.291,8.511,-4.566,8.497,-0.096,5.9,9.523,
2025-08-06 06:28:03.186,machining_end_to_approach_machine,757.697,221.732,309.193,46.092,-179.958,135.225,-163.109,-36.958,-110.61,-180.448,32.464,106.659,-17.305,-7.988,18.71,0.0,11.036,-17.383,-3.467,-21.983,47.943,6.149,-0.076,2.299,8.796,-5.476,10.874,0.113,3.445,8.333,
2025-08-06 06:28:03.285,machining_end_to_approach_machine,782.08,204.27,309.19,46.092,-179.958,135.225,-164.795,-37.772,-108.67,-180.442,33.584,104.956,-16.506,-8.459,20.039,0.023,11.177,-16.555,-3.835,-23.921,49.639,6.441,-0.075,2.296,7.227,-4.209,10.875,0.196,4.891,7.073,
2025-08-06 06:28:03.387,machining_end_to_approach_machine,806.464,186.808,309.186,46.092,-179.958,135.225,-166.41,-38.635,-106.635,-180.435,34.753,103.334,-15.852,-8.834,20.896,0.039,12.019,-15.962,-4.226,-25.522,51.147,6.693,0.041,2.3,7.535,-4.6,6.983,-0.108,6.084,7.437,
2025-08-06 06:28:03.487,machining_end_to_approach_machine,830.848,169.346,309.183,46.092,-179.958,135.225,-167.949,-39.54,-104.519,-180.43,35.968,101.782,-14.984,-9.388,21.45,0.002,12.406,-15.053,-3.99,-28.09,51.948,6.873,0.153,2.27,8.155,-4.077,9.49,0.128,4.096,6.428,
2025-08-06 06:28:03.588,machining_end_to_approach_machine,855.232,151.884,309.18,46.092,-179.958,135.225,-169.414,-40.492,-102.301,-180.423,37.23,100.301,-14.213,-9.654,22.804,0.065,12.842,-14.67,-4.094,-30.028,53.819,7.147,0.11,2.267,6.34,-3.722,9.836,-0.008,5.334,7.007,
2025-08-06 06:28:03.685,machining_end_to_approach_machine,879.616,134.422,309.177,46.092,-179.958,135.225,-170.812,-41.486,-99.997,-180.418,38.542,98.895,-13.729,-10.125,23.397,0.0,13.462,-13.665,-4.223,-32.009,55.264,7.376,0.111,2.271,6.408,-4.761,8.269,0.06,5.086,7.597,
2025-08-06 06:28:03.786,machining_end_to_approach_machine,904.0,116.96,309.174,46.092,-179.958,135.225,-172.143,-42.529,-97.594,-180.411,39.897,97.545,-12.944,-10.597,24.441,0.077,13.849,-13.165,-4.456,-35.687,56.683,7.602,0.081,2.254,7.187,-5.429,10.744,0.123,3.81,5.747,
2025-08-06 06:28:03.886,machining_end_to_approach_machine,928.383,99.498,309.171,46.092,-179.958,135.225,-173.41,-43.616,-95.101,-180.406,41.304,96.266,-12.284,-11.216,25.557,0.025,14.228,-12.51,-4.396,-38.136,58.262,7.815,0.078,2.277,5.636,-5.017,8.855,-0.387,4.609,6.061,
2025-08-06 06:28:03.985,machining_end_to_approach_machine,952.767,82.036,309.167,46.092,-179.958,135.225,-174.62,-44.753,-92.505,-180.4,42.763,95.047,-11.823,-11.595,26.203,0.0,14.766,-11.959,-4.669,-41.023,59.88,8.071,0.079,2.29,5.106,-4.555,9.264,-0.058,6.063,4.979,
2025-08-06 06:28:04.086,machining_end_to_approach_machine,977.151,64.574,309.164,46.092,-179.958,135.225,-175.772,-45.942,-89.803,-180.394,44.274,93.875,-11.263,-12.127,27.41,0.013,15.441,-11.515,-4.753,-45.368,61.189,8.284,0.098,2.28,5.722,-6.3,12.712,0.222,5.629,5.657,
2025-08-06 06:28:04.187,machining_end_to_approach_machine,1001.535,47.113,309.161,46.092,-179.958,135.225,-176.87,-47.182,-86.993,-180.388,45.841,92.765,-10.667,-12.868,28.771,0.045,15.903,-10.816,-4.737,-48.823,62.67,8.506,0.137,2.271,5.382,-5.937,13.297,0.226,5.107,4.425,
2025-08-06 06:28:04.288,machining_end_to_approach_machine,1025.919,29.651,309.158,46.092,-179.958,135.225,-177.919,-48.476,-84.066,-180.383,47.47,91.698,-10.176,-13.327,30.096,0.059,16.472,-10.621,-5.162,-53.674,64.155,8.733,0.118,2.253,5.825,-5.134,13.062,0.109,6.617,5.007,
2025-08-06 06:28:04.385,machining_end_to_approach_machine,1050.303,12.189,309.155,46.092,-179.958,135.225,-178.918,-49.836,-81.013,-180.379,49.164,90.686,-9.514,-13.884,31.357,0.066,17.213,-9.825,-4.816,-57.389,66.164,9.03,0.081,2.259,5.114,-4.779,10.442,-0.208,6.167,6.602,
2025-08-06 06:28:04.485,machining_end_to_approach_machine,1074.543,-5.17,309.151,46.092,-179.958,135.225,-179.869,-51.252,-77.837,-180.373,50.921,89.717,-9.169,-14.268,32.153,0.018,17.687,-9.32,-4.974,-61.994,67.671,9.245,0.116,2.258,7.359,1.712,-6.615,-0.332,-2.064,8.358,
2025-08-06 06:28:04.585,machining_end_to_approach_machine,1097.241,-21.426,309.148,46.092,-179.958,135.225,-180.732,-52.656,-74.717,-180.369,52.644,88.845,-8.042,-13.542,30.034,0.0,16.801,-8.153,-3.302,-66.265,68.297,9.419,0.198,2.245,14.408,14.466,-33.363,-0.05,-17.972,15.743,
2025-08-06 06:28:04.685,machining_end_to_approach_machine,1116.588,-35.28,309.146,46.092,-179.958,135.225,-181.443,-53.922,-71.926,-180.366,54.181,88.13,-6.287,-11.375,25.48,0.008,14.093,-6.171,0.841,-67.589,69.24,9.619,0.343,2.239,18.722,23.698,-54.495,0.055,-32.066,17.731,
2025-08-06 06:28:04.786,machining_end_to_approach_machine,1131.346,-45.849,309.144,46.092,-179.958,135.225,-181.966,-54.935,-69.708,-180.364,55.403,87.593,-4.279,-8.778,19.081,0.011,10.355,-4.59,2.114,-71.094,69.764,9.753,0.445,2.234,18.667,29.939,-68.218,-0.032,-39.159,17.285,
2025-08-06 06:28:04.885,machining_end_to_approach_machine,1141.071,-52.813,309.143,46.092,-179.958,135.225,-182.306,-55.627,-68.188,-180.362,56.238,87.244,-2.554,-5.387,11.837,0.001,6.261,-2.714,1.917,-72.743,70.631,9.918,0.49,2.236,15.862,31.542,-68.389,-0.055,-37.071,18.492,
2025-08-06 06:28:04.987,machining_end_to_approach_machine,1146.19,-56.479,309.142,46.092,-179.958,135.225,-182.485,-56.005,-67.366,-180.362,56.69,87.065,-1.09,-2.438,5.335,0.0,2.904,-0.873,1.887,-75.776,71.2,10.018,0.486,2.248,12.127,24.468,-53.212,-0.006,-27.979,12.033,
2025-08-06 06:28:05.086,machining_end_to_approach_machine,1147.926,-57.722,309.142,46.092,-179.958,135.225,-182.539,-56.139,-67.076,-180.362,56.848,87.004,-0.116,-0.469,1.141,0.0,0.637,-0.296,0.302,-77.937,72.044,10.13,0.4,2.266,5.452,12.192,-26.673,0.0,-14.521,4.363,
2025-08-06 06:28:05.187,machining_end_to_approach_machine,1148.082,-57.834,309.142,46.092,-179.958,135.225,-182.541,-56.148,-67.046,-180.362,56.867,86.993,0.0,0.0,0.0,0.0,0.0,0.0,-3.113,-80.564,72.739,10.16,0.254,2.325,0.578,2.333,-5.677,0.0,-3.171,1.471,waypoint
2025-08-06 06:28:05.287,machining_end_to_approach_machine,1148.082,-57.834,309.141,46.092,-179.958,135.226,-182.541,-56.148,-67.047,-180.362,56.866,86.993,0.0,0.0,0.0,0.0,0.0,0.0,-4.403,-81.435,73.003,10.19,0.074,2.372,0.0,0.0,-0.081,0.0,-0.692,0.0,
2025-08-06 06:28:05.386,approach_machine_to_pick,1148.082,-57.834,308.999,46.092,-179.958,135.226,-182.541,-56.148,-67.05,-180.362,56.86,86.993,0.0,0.0,-0.016,0.0,-0.138,0.0,-3.522,-81.079,73.003,10.224,-0.159,2.398,0.0,-0.614,-0.341,0.0,-3.041,0.0,
2025-08-06 06:28:05.487,approach_machine_to_pick,1148.082,-57.834,308.27,46.092,-179.958,135.226,-182.54,-56.152,-67.059,-180.362,56.821,86.993,0.0,-0.123,-0.068,0.0,-0.608,0.0,-3.965,-81.439,72.472,10.176,-0.44,2.424,0.0,-4.433,-1.083,0.0,-5.618,0.0,
2025-08-06 06:28:05.586,approach_machine_to_pick,1148.081,-57.835,306.561,46.092,-179.958,135.226,-182.539,-56.202,-67.077,-180.362,56.727,86.993,0.0,-0.887,-0.233,0.0,-1.261,0.0,-3.487,-85.62,71.4,10.074,-0.651,2.437,0.0,-7.465,-1.565,0.0,-6.801,0.0,
2025-08-06 06:28:05.686,approach_machine_to_pick,1148.079,-57.837,303.648,46.092,-179.958,135.226,-182.539,-56.327,-67.109,-180.362,56.567,86.993,0.0,-1.608,-0.38,0.0,-1.962,0.0,-3.045,-88.569,70.699,10.015,-0.865,2.466,0.0,-6.105,-1.142,0.0,-7.101,0.0,
2025-08-06 06:28:05.788,approach_machine_to_pick,1148.077,-57.839,299.517,46.092,-179.958,135.226,-182.537,-56.519,-67.152,-180.363,56.34,86.993,0.0,-2.12,-0.464,0.0,-2.696,0.0,-3.089,-87.321,71.027,10.047,-0.977,2.488,0.0,-4.354,-0.657,-0.001,-5.867,0.0,
2025-08-06 06:28:05.886,approach_machine_to_pick,1148.074,-57.842,294.363,46.092,-179.958,135.226,-182.537,-56.752,-67.203,-180.365,56.059,86.994,0.0,-2.479,-0.511,-0.0,-3.135,0.0,-2.933,-88.866,70.688,9.954,-1.019,2.504,0.0,-3.442,-0.372,0.0,-3.488,0.0,
2025-08-06 06:28:05.985,approach_machine_to_pick,1148.071,-57.845,288.559,46.092,-179.958,135.226,-182.536,-57.019,-67.256,-180.37,55.739,86.994,0.0,-2.798,-0.537,0.0,-3.383,0.0,-2.515,-88.982,70.741,9.868,-1.058,2.531,0.0,-1.955,0.107,-0.07,-0.488,0.0,
2025-08-06 06:28:06.087,approach_machine_to_pick,1148.068,-57.848,282.562,46.092,-179.958,135.226,-182.535,-57.302,-67.306,-180.373,55.411,86.996,0.0,-2.872,-0.49,-0.014,-3.233,0.0,-2.77,-89.682,70.724,9.785,-1.099,2.547,0.007,-0.295,0.524,-0.008,1.258,0.001,
2025-08-06 06:28:06.185,approach_machine_to_pick,1148.065,-57.851,276.562,46.092,-179.958,135.226,-182.534,-57.588,-67.353,-180.377,55.088,86.998,0.001,-2.857,-0.432,-0.002,-3.131,0.0,-2.506,-90.238,70.673,9.741,-1.105,2.575,0.0,-0.091,0.587,0.023,0.2,0.004,
2025-08-06 06:28:06.286,approach_machine_to_pick,1148.062,-57.855,270.562,46.092,-179.958,135.226,-182.533,-57.87,-67.391,-180.379,54.768,87.004,0.0,-2.89,-0.373,-0.01,-3.193,0.001,-2.53,-92.285,70.303,9.653,-1.115,2.623,0.0,0.472,0.484,-0.002,-0.659,0.002,
2025-08-06 06:28:06.385,approach_machine_to_pick,1148.059,-57.858,264.562,46.092,-179.958,135.226,-182.533,-58.151,-67.428,-180.382,54.451,87.009,0.001,-2.763,-0.335,-0.002,-3.263,0.001,-2.409,-94.063,69.936,9.589,-1.106,2.687,0.0,0.479,0.489,0.005,-0.483,0.026,
2025-08-06 06:28:06.485,approach_machine_to_pick,1148.056,-57.861,258.562,46.092,-179.958,135.226,-182.532,-58.429,-67.458,-180.385,54.134,87.012,0.0,-2.795,-0.275,-0.009,-3.289,0.006,-2.283,-95.6,69.755,9.54,-1.13,2.725,-0.007,-0.747,0.483,0.005,0.346,-0.003,
2025-08-06 06:28:06.587,approach_machine_to_pick,1148.053,-57.864,252.562,46.092,-179.958,135.226,-182.532,-58.715,-67.484,-180.388,53.819,87.015,0.0,-2.914,-0.238,-0.001,-3.193,0.0,-2.374,-97.48,69.351,9.473,-1.135,2.752,0.0,-1.363,0.258,0.042,1.426,-0.029,
2025-08-06 06:28:06.686,approach_machine_to_pick,1148.05,-57.867,246.562,46.092,-179.958,135.226,-182.532,-59.01,-67.507,-180.391,53.508,87.018,0.0,-3.069,-0.223,0.0,-3.002,0.0,-2.304,-99.07,69.168,9.416,-1.159,2.768,0.0,0.421,0.498,-0.038,0.993,0.031,
2025-08-06 06:28:06.785,approach_machine_to_pick,1148.047,-57.87,240.562,46.092,-179.958,135.226,-182.532,-59.302,-67.524,-180.393,53.2,87.019,0.0,-2.83,-0.139,-0.009,-2.997,0.006,-2.347,-100.38,69.005,9.404,-1.168,2.769,0.0,0.382,0.734,-0.009,0.523,0.0,
2025-08-06 06:28:06.889,approach_machine_to_pick,1148.044,-57.874,234.562,46.092,-179.958,135.226,-182.531,-59.594,-67.537,-180.396,52.896,87.021,0.0,-2.991,-0.074,-0.002,-2.896,0.0,-2.42,-103.129,68.581,9.332,-1.161,2.788,0.0,-0.198,0.633,-0.027,0.148,-0.016,
2025-08-06 06:28:06.985,approach_machine_to_pick,1148.041,-57.877,228.562,46.092,-179.958,135.226,-182.531,-59.886,-67.544,-180.399,52.594,87.023,0.0,-2.87,-0.012,-0.014,-2.967,0.003,-2.326,-104.781,68.411,9.271,-1.169,2.794,0.0,-0.269,0.38,-0.004,0.665,0.0,
2025-08-06 06:28:07.085,approach_machine_to_pick,1148.038,-57.88,222.704,46.092,-179.958,135.226,-182.531,-60.178,-67.546,-180.402,52.299,87.025,0.0,-3.044,0.0,-0.003,-2.766,0.0,-2.52,-106.378,68.305,9.234,-1.171,2.796,0.0,1.722,0.062,0.07,2.017,0.012,
2025-08-06 06:28:07.185,approach_machine_to_pick,1148.035,-57.883,217.434,46.092,-179.958,135.226,-182.531,-60.455,-67.545,-180.404,52.035,87.027,0.0,-2.526,0.0,-0.0,-2.563,0.005,-2.434,-106.86,68.534,9.222,-1.176,2.808,0.0,5.238,0.152,0.013,4.502,0.002,
2025-08-06 06:28:07.285,approach_machine_to_pick,1148.033,-57.885,213.143,46.092,-179.958,135.226,-182.531,-60.679,-67.542,-180.406,51.821,87.028,0.0,-1.997,0.03,0.0,-1.865,0.0,-2.495,-106.745,68.933,9.254,-1.19,2.813,0.0,5.873,0.179,-0.003,6.429,-0.027,
2025-08-06 06:28:07.386,approach_machine_to_pick,1148.031,-57.887,210.056,46.092,-179.958,135.226,-182.531,-60.838,-67.536,-180.407,51.67,87.029,0.0,-1.345,0.036,-0.001,-1.271,0.0,-2.574,-108.17,69.129,9.231,-1.187,2.815,0.0,6.863,-0.116,0.0,5.923,-0.002,
2025-08-06 06:28:07.485,approach_machine_to_pick,1148.03,-57.888,208.187,46.092,-179.958,135.226,-182.531,-60.937,-67.531,-180.408,51.575,87.03,0.0,-0.624,0.007,0.0,-0.681,0.0,-2.487,-108.7,69.32,9.224,-1.199,2.812,0.0,6.143,-0.18,0.004,5.248,0.0,
2025-08-06 06:28:07.586,approach_machine_to_pick,1148.03,-57.888,207.34,46.092,-179.958,135.226,-182.531,-60.972,-67.528,-180.408,51.531,87.03,0.0,-0.117,0.0,0.0,-0.222,0.0,-2.595,-109.988,69.086,9.209,-1.223,2.824,0.0,3.065,-0.035,0.0,3.386,0.0,waypoint
2025-08-06 06:28:07.686,pick_on_machine,1148.03,-57.888,207.145,46.092,-179.958,135.226,-182.531,-60.979,-67.528,-180.408,51.52,87.03,0.0,-0.008,0.0,0.0,-0.0,0.0,-2.559,-112.258,68.43,9.155,-1.218,2.831,0.0,0.586,0.0,0.0,1.113,0.0,
2025-08-06 06:28:07.785,pick_on_machine,1148.03,-57.888,207.142,46.092,-179.958,135.226,-182.531,-60.98,-67.527,-180.408,51.52,87.031,0.0,0.0,0.0,0.0,0.0,0.0,-2.553,-112.517,68.158,9.14,-1.168,2.819,0.0,0.04,0.0,0.0,0.001,0.0,
2025-08-06 06:28:08.186,pick_on_machine,1148.03,-57.888,207.142,46.092,-179.958,135.226,-182.531,-60.981,-67.527,-180.408,51.521,87.031,0.0,0.0,0.0,0.0,0.0,0.0,-2.531,-112.13,67.956,9.15,-0.833,2.797,0.0,0.0,0.0,0.0,0.0,0.0,
2025-08-06 06:28:08.486,pick_on_machine,1148.03,-57.888,207.142,46.092,-179.958,135.226,-182.531,-60.981,-67.527,-180.408,51.522,87.031,0.0,0.0,0.0,0.0,0.0,0.0,-2.573,-112.002,67.904,9.158,-0.784,2.797,0.0,0.0,0.0,0.0,0.0,0.0,
2025-08-06 06:28:08.785,pick_on_machine,1148.03,-57.888,207.142,46.092,-179.958,135.226,-182.531,-60.981,-67.528,-180.408,51.522,87.031,0.0,0.0,0.0,0.0,0.0,0.0,-2.527,-111.838,67.874,9.172,-0.777,2.786,0.0,0.0,0.0,0.0,0.0,0.0,
2025-08-06 06:28:09.087,pick_on_machine,1148.03,-57.888,207.142,46.092,-179.958,135.226,-182.531,-60.981,-67.528,-180.408,51.522,87.031,0.0,0.0,0.0,0.0,0.0,0.0,-2.565,-111.741,67.869,9.177,-0.797,2.779,0.0,0.0,0.0,0.0,0.0,0.0,
2025-08-06 06:28:09.385,pick_on_machine,1148.03,-57.888,207.142,46.092,-179.958,135.226,-182.531,-60.981,-67.528,-180.408,51.522,87.03,0.0,0.0,0.0,0.0,0.0,0.0,-2.636,-111.631,67.856,9.186,-0.793,2.777,0.0,0.013,0.0,0.0,0.0,0.0,
2025-08-06 06:28:09.685,pick_on_machine,1148.03,-57.888,207.142,46.092,-179.958,135.226,-182.532,-60.981,-67.528,-180.408,51.522,87.03,0.0,0.0,0.0,0.0,0.0,0.0,-2.675,-111.583,67.852,9.193,-0.807,2.771,0.0,0.0,0.0,0.0,0.0,0.0,
2025-08-06 06:28:09.989,pick_on_machine,1148.03,-57.888,207.142,46.092,-179.958,135.226,-182.532,-60.981,-67.528,-180.408,51.522,87.03,0.0,0.0,0.0,0.0,0.0,0.0,-2.673,-111.522,67.848,9.184,-0.796,2.753,0.0,0.0,0.0,0.0,0.0,0.0,
2025-08-06 06:28:10.285,pick_on_machine,1148.03,-57.888,207.142,46.092,-179.958,135.226,-182.532,-60.981,-67.528,-180.408,51.522,87.03,0.0,0.0,0.0,0.0,0.0,0.0,-2.766,-111.443,67.834,9.193,-0.796,2.764,0.0,0.0,0.0,0.0,0.0,0.0,
2025-08-06 06:28:10.586,pick_on_machine,1148.03,-57.888,207.142,46.092,-179.958,135.226,-182.532,-60.981,-67.528,-180.408,51.522,87.03,0.0,0.0,0.0,0.0,0.0,0.0,-2.721,-111.414,67.83,9.192,-0.8,2.752,0.0,0.0,0.0,0.0,0.0,0.0,
2025-08-06 06:28:10.985,pick_to_retreat_machine,1148.03,-57.888,207.48,46.092,-179.958,135.226,-182.532,-60.986,-67.528,-180.408,51.533,87.03,0.0,0.0,0.0,0.0,0.274,0.0,-2.775,-111.247,67.775,9.202,-0.725,2.749,0.0,1.96,-0.001,0.0,4.004,0.0,
2025-08-06 06:28:11.086,pick_to_retreat_machine,1148.031,-57.887,208.563,46.092,-179.958,135.226,-182.532,-60.972,-67.529,-180.408,51.586,87.03,0.0,0.382,-0.0,0.0,0.781,0.0,-2.781,-109.085,67.634,9.214,-0.425,2.754,0.0,7.185,-0.105,0.0,5.192,0.0,
2025-08-06 06:28:11.186,pick_to_retreat_machine,1148.032,-57.886,210.738,46.092,-179.958,135.226,-182.532,-60.884,-67.533,-180.408,51.69,87.03,0.0,1.444,-0.021,0.0,1.318,0.0,-2.837,-100.523,68.663,9.361,-0.251,2.744,0.0,8.813,-0.013,0.0,6.141,0.0,
2025-08-06 06:28:11.285,pick_to_retreat_machine,1148.033,-57.884,214.148,46.092,-179.958,135.226,-182.532,-60.703,-67.538,-180.407,51.852,87.03,0.0,2.136,-0.003,0.0,2.003,0.0,-2.93,-96.138,68.822,9.398,-0.138,2.736,0.0,6.3,0.084,0.027,6.48,0.0,
2025-08-06 06:28:11.386,pick_to_retreat_machine,1148.036,-57.882,218.723,46.092,-179.958,135.226,-182.532,-60.461,-67.543,-180.406,52.077,87.029,0.0,2.704,-0.004,0.005,2.614,0.0,-2.761,-95.259,68.318,9.398,-0.071,2.71,0.0,4.289,0.013,0.097,3.647,0.0,
2025-08-06 06:28:11.485,pick_to_retreat_machine,1148.038,-57.879,224.19,46.092,-179.958,135.226,-182.532,-60.177,-67.544,-180.402,52.348,87.029,0.0,2.994,0.0,0.019,2.732,0.0,-2.744,-92.634,68.488,9.498,-0.038,2.695,0.0,2.438,0.046,-0.027,1.664,0.0,
2025-08-06 06:28:11.586,pick_to_retreat_machine,1148.042,-57.876,230.122,46.092,-179.958,135.226,-182.532,-59.866,-67.544,-180.398,52.645,87.029,0.0,3.192,0.005,0.0,2.947,0.0,-2.836,-91.753,68.643,9.628,-0.017,2.68,0.0,0.401,0.286,-0.084,0.583,0.0,
2025-08-06 06:28:11.688,pick_to_retreat_machine,1148.045,-57.873,236.122,46.092,-179.958,135.226,-182.532,-59.562,-67.536,-180.395,52.947,87.028,0.0,3.075,0.058,0.002,2.851,0.0,-2.507,-92.035,68.776,9.651,0.016,2.676,0.0,-1.509,0.416,0.0,0.5,0.0,
2025-08-06 06:28:11.786,pick_to_retreat_machine,1148.048,-57.87,242.122,46.092,-179.958,135.226,-182.532,-59.266,-67.523,-180.392,53.253,87.027,0.0,2.89,0.088,0.0,3.047,0.0,-2.637,-90.342,69.471,9.719,0.054,2.659,0.0,-0.065,0.841,0.037,1.187,-0.321,
2025-08-06 06:28:11.885,pick_to_retreat_machine,1148.051,-57.866,248.122,46.092,-179.958,135.226,-182.532,-58.973,-67.505,-180.389,53.561,87.023,0.0,3.062,0.224,0.01,3.084,-0.063,-2.654,-87.113,70.528,9.832,0.054,2.627,0.0,0.101,0.891,0.059,0.937,0.0,
2025-08-06 06:28:11.985,pick_to_retreat_machine,1148.054,-57.863,254.122,46.092,-179.958,135.226,-182.532,-58.68,-67.481,-180.385,53.872,87.016,0.0,2.91,0.265,0.012,3.233,0.0,-2.62,-85.703,70.745,9.877,0.091,2.545,0.0,-0.545,0.24,-0.048,0.817,0.314,
2025-08-06 06:28:12.086,pick_to_retreat_machine,1148.057,-57.86,260.122,46.092,-179.958,135.226,-182.532,-58.389,-67.454,-180.383,54.188,87.015,0.0,2.953,0.272,0.0,3.249,0.0,-2.665,-83.068,71.287,9.945,0.086,2.501,0.0,-0.418,0.579,0.003,-0.149,-0.001,
2025-08-06 06:28:12.189,pick_to_retreat_machine,1148.06,-57.857,266.122,46.092,-179.958,135.226,-182.532,-58.104,-67.423,-180.38,54.505,87.013,0.0,2.825,0.383,0.012,3.203,-0.0,-2.647,-82.588,71.291,9.956,0.105,2.491,0.0,-0.661,0.57,0.003,-0.385,0.0,
2025-08-06 06:28:12.286,pick_to_retreat_machine,1148.063,-57.854,272.122,46.092,-179.958,135.226,-182.532,-57.822,-67.385,-180.377,54.822,87.011,0.0,2.82,0.386,0.001,3.172,0.0,-2.582,-80.972,71.573,9.996,0.123,2.465,0.0,0.085,0.269,-0.016,-0.411,-0.03,
2025-08-06 06:28:12.386,pick_to_retreat_machine,1148.066,-57.85,278.122,46.092,-179.958,135.226,-182.532,-57.543,-67.346,-180.374,55.143,87.009,0.0,2.842,0.436,0.009,3.122,-0.006,-2.581,-78.556,72.107,10.073,0.132,2.445,0.0,-0.311,0.502,-0.002,1.515,0.0,
2025-08-06 06:28:12.486,pick_to_retreat_machine,1148.069,-57.847,284.122,46.092,-179.958,135.226,-182.532,-57.263,-67.298,-180.372,55.467,87.006,0.0,2.758,0.486,0.0,3.475,0.0,-2.57,-77.025,72.373,10.111,0.192,2.426,0.0,-0.306,0.616,-0.046,1.229,0.03,
2025-08-06 06:28:12.585,pick_to_retreat_machine,1148.072,-57.844,290.105,46.092,-179.958,135.226,-182.532,-56.986,-67.248,-180.369,55.795,87.004,0.0,2.781,0.559,0.0,3.366,0.0,-2.573,-75.268,72.733,10.158,0.204,2.404,0.0,-1.702,-0.109,0.0,-2.512,0.0,
2025-08-06 06:28:12.686,pick_to_retreat_machine,1148.075,-57.841,295.783,46.092,-179.958,135.226,-182.532,-56.722,-67.196,-180.366,56.109,87.003,0.0,2.418,0.464,0.0,2.972,0.0,-2.645,-74.898,72.559,10.146,0.196,2.399,0.0,-3.729,-0.483,0.014,-4.296,0.0,
2025-08-06 06:28:12.786,pick_to_retreat_machine,1148.078,-57.838,300.701,46.092,-179.958,135.226,-182.532,-56.497,-67.147,-180.364,56.382,87.001,0.0,2.031,0.462,0.003,2.503,0.0,-2.536,-75.427,72.39,10.136,0.19,2.406,0.0,-4.379,-0.7,-0.001,-5.477,-0.001,
2025-08-06 06:28:12.885,pick_to_retreat_machine,1148.08,-57.836,304.526,46.092,-179.958,135.226,-182.532,-56.32,-67.106,-180.363,56.597,87.0,0.0,1.546,0.325,0.0,1.882,-0.0,-2.488,-73.82,72.612,10.141,0.202,2.404,0.0,-5.638,-1.018,-0.014,-6.789,0.0,
2025-08-06 06:28:12.987,pick_to_retreat_machine,1148.081,-57.835,307.115,46.092,-179.958,135.226,-182.532,-56.199,-67.076,-180.363,56.744,86.999,0.0,0.898,0.257,0.0,1.138,0.0,-2.426,-73.8,72.591,10.128,0.2,2.402,0.0,-5.506,-1.232,0.0,-6.813,0.001,
2025-08-06 06:28:13.085,pick_to_retreat_machine,1148.082,-57.834,308.541,46.092,-179.958,135.226,-182.532,-56.132,-67.058,-180.362,56.826,86.998,0.0,0.445,0.079,0.0,0.52,0.0,-2.288,-72.48,72.858,10.178,0.205,2.403,0.0,-4.162,-1.287,0.0,-5.137,0.0,
2025-08-06 06:28:13.187,pick_to_retreat_machine,1148.082,-57.834,309.074,46.092,-179.958,135.226,-182.532,-56.107,-67.051,-180.362,56.859,86.998,0.0,0.066,0.0,0.0,0.111,0.0,-2.382,-71.765,72.942,10.194,0.209,2.401,0.0,-2.215,-0.391,0.0,-2.585,0.0,waypoint
2025-08-06 06:28:13.286,pick_to_retreat_machine,1148.082,-57.834,309.142,46.092,-179.958,135.226,-182.532,-56.103,-67.051,-180.362,56.865,86.998,0.0,0.0,0.0,0.0,0.0,0.0,-2.3,-70.953,73.12,10.23,0.169,2.403,0.0,-0.331,-0.0,0.0,-0.561,0.0,
2025-08-06 06:28:13.385,pick_to_retreat_machine,1148.082,-57.834,309.142,46.092,-179.958,135.226,-182.532,-56.103,-67.051,-180.362,56.865,86.997,0.0,0.0,0.0,0.0,0.0,0.0,-2.384,-70.533,73.229,10.259,0.096,2.413,-0.071,0.0,0.0,0.0,0.0,0.0,
2025-08-06 06:28:13.485,pick_to_retreat_machine,1148.084,-57.995,309.142,46.092,-179.958,135.226,-182.532,-56.103,-67.051,-180.362,56.865,86.997,-0.014,0.0,0.0,0.0,0.0,0.0,-2.441,-70.787,73.187,10.246,0.028,2.413,-2.619,0.0,0.869,0.0,0.174,-3.808,
2025-08-06 06:28:13.585,pick_to_retreat_machine,1148.1,-59.006,309.142,46.092,-179.958,135.226,-182.557,-56.103,-67.043,-180.362,56.866,86.948,-0.524,0.0,0.174,0.0,0.035,-0.762,-4.739,-70.914,73.455,10.241,0.018,2.326,-7.722,-0.046,1.613,0.0,0.524,-6.998,
2025-08-06 06:28:13.686,pick_to_retreat_machine,1148.136,-61.419,309.144,46.092,-179.958,135.226,-182.661,-56.104,-67.021,-180.362,56.883,86.826,-1.566,-0.009,0.324,0.0,0.105,-1.407,-9.741,-71.238,73.741,10.172,0.159,2.256,-9.357,-0.434,1.648,0.0,1.018,-7.509,
2025-08-06 06:28:13.786,pick_to_retreat_machine,1148.195,-65.337,309.146,46.092,-179.958,135.226,-182.86,-56.111,-66.977,-180.362,56.904,86.641,-2.404,-0.087,0.505,0.0,0.239,-2.271,-10.468,-72.807,73.887,10.186,0.21,2.245,-6.171,-1.287,1.553,0.0,1.135,-6.447,
2025-08-06 06:28:13.886,pick_to_retreat_machine,1148.272,-70.383,309.148,46.092,-179.958,135.226,-183.127,-56.127,-66.922,-180.362,56.933,86.39,-2.8,-0.267,0.635,0.0,0.332,-2.696,-7.865,-75.81,73.708,10.187,0.239,2.245,-1.523,-1.286,0.521,0.0,0.64,-3.498,
2025-08-06 06:28:13.985,pick_to_retreat_machine,1148.354,-75.818,309.151,46.092,-179.958,135.226,-183.407,-56.161,-66.857,-180.362,56.971,86.119,-2.708,-0.343,0.609,0.0,0.367,-2.967,-6.157,-77.239,73.781,10.216,0.251,2.231,2.557,-0.693,-0.344,0.0,-0.158,1.339,
2025-08-06 06:28:14.087,pick_to_retreat_machine,1148.429,-80.78,309.154,46.092,-179.958,135.226,-183.664,-56.203,-66.792,-180.362,57.005,85.871,-2.286,-0.406,0.566,0.0,0.301,-2.427,-4.208,-78.694,73.871,10.256,0.224,2.228,5.59,0.611,-0.787,0.0,-0.64,7.676,
2025-08-06 06:28:14.188,pick_to_retreat_machine,1148.486,-84.557,309.156,46.092,-179.958,135.226,-183.86,-56.235,-66.742,-180.362,57.033,85.676,-1.573,-0.219,0.449,0.0,0.237,-1.409,-2.113,-78.988,74.154,10.299,0.217,2.221,7.59,1.643,-2.359,0.0,-0.934,9.244,
2025-08-06 06:28:14.285,pick_to_retreat_machine,1148.52,-86.817,309.157,46.092,-179.958,135.226,-183.972,-56.251,-66.71,-180.362,57.053,85.562,-0.784,-0.081,0.099,0.0,0.116,-0.597,-1.567,-79.693,74.005,10.281,0.212,2.211,6.766,0.785,-2.124,0.0,-1.203,5.823,
2025-08-06 06:28:14.385,pick_to_retreat_machine,1148.534,-87.712,309.157,46.092,-179.958,135.226,-184.019,-56.263,-66.696,-180.362,57.061,85.514,-0.24,-0.064,0.031,0.0,0.0,-0.262,-2.655,-80.781,73.822,10.255,0.185,2.236,3.918,0.394,-0.493,0.0,-0.579,2.942,waypoint
2025-08-06 06:28:14.485,pick_to_retreat_machine,1148.536,-87.831,309.157,46.092,-179.958,135.226,-184.027,-56.272,-66.694,-180.362,57.061,85.502,0.0,-0.002,0.0,0.0,0.0,-0.008,-3.593,-80.114,73.912,10.276,0.124,2.272,1.188,0.319,-0.151,0.0,0.0,1.295,
2025-08-06 06:28:14.587,pick_to_retreat_machine,1148.536,-87.831,309.157,46.092,-179.958,135.225,-184.027,-56.274,-66.694,-180.362,57.061,85.501,0.0,0.0,0.0,0.0,0.0,0.0,-4.123,-80.326,73.686,10.25,0.06,2.312,0.597,0.623,-7.356,0.0,-4.309,0.041,
2025-08-06 06:28:14.686,pick_to_retreat_machine,1148.161,-87.562,309.158,46.092,-179.958,135.225,-184.024,-56.277,-66.733,-180.362,57.037,85.502,0.12,0.123,-1.478,0.0,-0.866,0.0,-3.985,-80.035,72.534,10.152,-0.102,2.352,5.551,12.38,-31.305,0.0,-17.582,7.135,
2025-08-06 06:28:14.786,pick_to_retreat_machine,1145.7,-85.8,309.158,46.092,-179.958,135.225,-183.968,-56.162,-67.108,-180.362,56.832,85.541,1.105,2.464,-6.23,0.0,-3.499,1.42,0.715,-73.914,70.289,10.028,-0.439,2.477,12.347,28.592,-57.651,0.0,-31.629,15.069,
2025-08-06 06:28:14.885,pick_to_retreat_machine,1139.472,-81.34,309.159,46.092,-179.958,135.225,-183.785,-55.759,-68.06,-180.363,56.307,85.761,2.577,5.813,-12.951,0.0,-7.16,2.999,7.483,-61.59,70.326,10.176,-0.667,2.857,16.576,34.336,-69.937,0.0,-39.294,15.787,
2025-08-06 06:28:14.987,pick_to_retreat_machine,1128.444,-73.443,309.16,46.092,-179.958,135.225,-183.43,-54.995,-69.734,-180.363,55.383,86.138,4.436,9.365,-20.287,0.0,-11.397,4.593,10.633,-60.024,68.658,9.987,-0.739,3.071,18.765,31.706,-70.013,-0.313,-36.573,17.207,
2025-08-06 06:28:15.086,pick_to_retreat_machine,1112.416,-61.964,309.162,46.092,-179.958,135.225,-182.892,-53.913,-72.115,-180.367,54.076,86.69,6.349,12.186,-27.024,-0.063,-14.511,6.457,11.015,-59.339,66.492,9.657,-0.693,3.167,17.289,25.116,-54.46,0.0,-28.094,17.144,
2025-08-06 06:28:15.186,pick_to_retreat_machine,1092.05,-47.38,309.165,46.092,-179.958,135.225,-182.183,-52.586,-75.039,-180.371,52.461,87.402,7.877,14.363,-31.125,0.0,-16.988,8.005,9.823,-55.798,65.834,9.404,-0.788,3.206,13.362,13.459,-28.474,0.019,-17.399,13.007,
2025-08-06 06:28:15.286,pick_to_retreat_machine,1068.761,-30.702,309.168,46.092,-179.958,135.225,-181.333,-51.127,-78.255,-180.376,50.684,88.268,9.021,14.878,-32.718,-0.059,-17.991,9.059,7.444,-53.522,65.218,9.181,-0.946,3.247,8.018,0.026,-3.664,-0.162,-1.719,8.247,
2025-08-06 06:28:15.386,pick_to_retreat_machine,1044.417,-13.268,309.171,46.092,-179.958,135.225,-180.4,-49.67,-81.484,-180.382,48.899,89.206,9.48,14.368,-31.858,-0.032,-17.332,9.654,4.344,-50.414,64.826,8.973,-1.128,3.276,3.726,-5.709,10.188,-0.105,7.037,5.499,
2025-08-06 06:28:15.485,pick_to_retreat_machine,1020.033,4.194,309.174,46.092,-179.958,135.225,-179.43,-48.279,-84.583,-180.388,47.181,90.191,9.763,13.742,-30.691,-0.08,-16.591,10.153,2.953,-47.059,63.374,8.707,-1.245,3.329,4.439,-6.321,12.391,-0.24,6.493,4.073,
2025-08-06 06:28:15.588,pick_to_retreat_machine,995.649,21.656,309.177,46.092,-179.958,135.225,-178.415,-46.957,-87.554,-180.394,45.526,91.228,10.377,13.092,-29.355,-0.081,-16.02,10.477,3.673,-41.047,62.174,8.491,-1.338,3.4,5.46,-6.05,11.796,0.103,6.16,5.181,
2025-08-06 06:28:15.687,pick_to_retreat_machine,971.265,39.118,309.181,46.092,-179.958,135.225,-177.346,-45.692,-90.409,-180.399,43.93,92.307,10.866,12.519,-28.308,-0.059,-15.347,11.2,3.969,-37.106,60.553,8.213,-1.416,3.458,5.277,-5.79,11.815,0.406,4.618,6.687,
2025-08-06 06:28:15.785,pick_to_retreat_machine,946.881,56.58,309.184,46.092,-179.958,135.225,-176.225,-44.485,-93.156,-180.405,42.39,93.446,11.417,11.951,-27.027,-0.001,-15.11,11.794,3.725,-32.483,58.82,7.933,-1.476,3.504,6.277,-6.339,12.567,0.298,2.421,4.474,
2025-08-06 06:28:15.886,pick_to_retreat_machine,922.497,74.042,309.187,46.092,-179.958,135.225,-175.05,-43.325,-95.801,-180.41,40.904,94.635,12.115,11.258,-25.807,0.0,-14.865,12.09,4.142,-29.95,56.852,7.663,-1.372,3.399,7.219,-5.73,10.703,0.002,3.929,4.047,
2025-08-06 06:28:15.985,pick_to_retreat_machine,898.113,91.504,309.19,46.092,-179.958,135.225,-173.81,-42.212,-98.351,-180.417,39.472,95.89,12.861,10.805,-24.886,-0.0,-14.324,12.604,4.637,-26.505,55.225,7.407,-1.334,3.363,5.486,-3.402,7.65,-0.656,6.86,7.341,
2025-08-06 06:28:16.086,pick_to_retreat_machine,873.729,108.966,309.193,46.092,-179.958,135.225,-172.513,-41.148,-100.801,-180.422,38.082,97.204,13.212,10.578,-24.278,-0.131,-13.493,13.558,4.277,-22.356,53.747,7.182,-1.364,3.369,5.916,-4.126,9.911,0.001,5.456,6.875,
2025-08-06 06:28:16.187,pick_to_retreat_machine,849.346,126.428,309.197,46.092,-179.958,135.225,-171.144,-40.137,-103.16,-180.429,36.736,98.582,14.055,9.971,-22.884,0.0,-13.222,13.992,4.957,-19.557,52.787,6.978,-1.471,3.373,7.229,-5.779,8.847,0.158,4.948,6.169,
2025-08-06 06:28:16.288,pick_to_retreat_machine,824.962,143.89,309.2,46.092,-179.958,135.225,-169.709,-39.161,-105.434,-180.436,35.442,100.037,14.672,9.41,-22.49,-0.099,-12.493,14.804,5.32,-17.706,50.136,6.557,-1.408,3.379,6.725,-3.941,7.971,0.0,3.979,8.469,
2025-08-06 06:28:16.385,pick_to_retreat_machine,800.578,161.352,309.203,46.092,-179.958,135.225,-168.194,-38.232,-107.611,-180.442,34.19,101.559,15.387,9.191,-21.306,0.0,-12.434,15.669,5.17,-14.976,49.177,6.328,-1.452,3.36,7.851,-3.68,9.38,-0.015,4.432,7.86,
2025-08-06 06:28:16.487,pick_to_retreat_machine,776.194,178.814,309.206,46.092,-179.958,135.225,-166.609,-37.346,-109.704,-180.45,32.984,103.159,16.235,8.678,-20.624,-0.102,-11.612,16.368,5.686,-12.532,47.462,5.993,-1.427,3.36,9.12,-5.345,9.093,-0.017,4.807,7.226,
2025-08-06 06:28:16.586,pick_to_retreat_machine,751.81,196.276,309.209,46.092,-179.958,135.225,-164.935,-36.505,-111.708,-180.459,31.824,104.847,17.22,8.117,-19.478,-0.003,-11.468,17.122,6.025,-11.161,46.1,5.744,-1.448,3.358,8.727,-3.962,10.26,0.516,3.039,8.452,
2025-08-06 06:28:16.685,pick_to_retreat_machine,727.426,213.738,309.213,46.092,-179.958,135.225,-163.184,-35.705,-113.613,-180.465,30.71,106.612,17.962,7.894,-18.592,0.0,-11.01,18.042,5.701,-9.131,45.151,5.521,-1.512,3.399,7.712,-3.988,7.95,-0.29,6.647,10.133,
2025-08-06 06:28:16.785,pick_to_retreat_machine,703.043,231.2,309.216,46.092,-179.958,135.225,-161.344,-34.953,-115.433,-180.473,29.644,108.461,18.755,7.323,-17.896,-0.061,-10.145,19.138,6.095,-8.076,42.989,5.182,-1.462,3.434,9.391,-5.174,8.064,-0.646,5.801,8.712,
2025-08-06 06:28:16.886,pick_to_retreat_machine,678.659,248.662,309.219,46.092,-179.958,135.225,-159.412,-34.248,-117.159,-180.482,28.633,110.404,19.85,6.854,-16.972,-0.13,-9.844,19.793,6.469,-6.522,41.318,4.937,-1.456,3.477,10.503,-4.216,10.963,0.153,4.85,7.686,
2025-08-06 06:28:16.986,pick_to_retreat_machine,654.275,266.124,309.222,46.092,-179.958,135.225,-157.39,-33.585,-118.782,-180.489,27.669,112.435,20.866,6.476,-15.692,-0.031,-9.17,20.683,6.502,-5.438,40.54,4.744,-1.545,3.5,8.924,-5.122,11.402,0.481,5.206,8.42,
2025-08-06 06:28:17.085,pick_to_retreat_machine,629.891,283.586,309.225,46.092,-179.958,135.225,-155.272,-32.969,-120.305,-180.496,26.761,114.565,21.626,5.834,-14.702,-0.034,-8.808,21.468,6.729,-4.606,39.434,4.543,-1.574,3.541,8.23,-4.844,10.545,0.002,4.112,9.221,
2025-08-06 06:28:17.186,pick_to_retreat_machine,605.507,301.048,309.229,46.092,-179.958,135.225,-153.063,-32.401,-121.724,-180.502,25.908,116.783,22.512,5.507,-13.583,-0.03,-8.348,22.527,6.713,-3.854,38.115,4.309,-1.584,3.581,9.625,-4.242,10.826,0.037,5.49,9.572,
2025-08-06 06:28:17.286,pick_to_retreat_machine,581.123,318.51,309.232,46.092,-179.958,135.225,-150.762,-31.881,-123.035,-180.508,25.12,119.095,23.561,4.982,-12.526,-0.027,-7.704,23.392,7.115,-3.476,36.662,4.068,-1.596,3.63,9.567,-4.679,10.64,0.049,6.954,9.406,
2025-08-06 06:28:17.386,pick_to_retreat_machine,556.739,335.972,309.235,46.092,-179.958,135.225,-148.369,-31.411,-124.233,-180.514,24.39,121.495,24.425,4.571,-11.455,-0.02,-6.957,24.408,7.132,-1.815,35.706,3.885,-1.645,3.683,5.746,-4.909,12.023,0.127,7.376,6.903,
2025-08-06 06:28:17.486,pick_to_retreat_machine,532.458,353.361,309.238,46.092,-179.958,135.225,-145.894,-30.99,-125.31,-180.519,23.736,123.977,24.71,4.0,-10.122,-0.001,-6.229,24.773,6.991,-1.75,35.202,3.797,-1.679,3.713,-5.653,-7.33,16.873,0.066,10.716,-4.899,
2025-08-06 06:28:17.585,pick_to_retreat_machine,509.564,369.756,309.241,46.092,-179.958,135.225,-143.465,-30.637,-126.221,-180.523,23.177,126.402,23.3,3.112,-8.098,-0.007,-4.825,23.433,4.332,-1.548,34.989,3.76,-1.745,3.763,-25.493,-8.757,21.052,0.007,12.641,-25.794,
2025-08-06 06:28:17.686,pick_to_retreat_machine,489.894,383.842,309.244,46.092,-179.958,135.225,-141.311,-30.366,-126.918,-180.525,22.748,128.553,19.611,2.249,-5.912,0.0,-3.701,19.614,0.098,-0.863,34.525,3.728,-1.795,3.831,-44.41,-8.022,21.185,0.037,11.84,-45.363,
2025-08-06 06:28:17.785,pick_to_retreat_machine,474.741,394.693,309.246,46.092,-179.958,135.225,-139.611,-30.18,-127.399,-180.526,22.452,130.249,14.418,1.508,-3.861,0.0,-2.457,14.361,-2.105,-0.417,34.751,3.77,-1.871,3.879,-53.064,-7.244,18.958,0.0,11.796,-53.169,
2025-08-06 06:28:17.886,pick_to_retreat_machine,464.618,401.943,309.247,46.092,-179.958,135.225,-138.446,-30.067,-127.691,-180.527,22.272,131.411,8.998,0.8,-2.12,0.0,-1.342,8.98,-3.517,0.133,34.578,3.745,-1.904,3.91,-51.237,-5.544,14.648,0.0,9.181,-50.019,
2025-08-06 06:28:17.986,pick_to_retreat_machine,459.165,405.847,309.248,46.092,-179.958,135.225,-137.806,-30.01,-127.842,-180.527,22.178,132.047,4.12,0.394,-0.916,0.0,-0.611,4.307,-2.793,0.133,34.109,3.72,-1.912,3.931,-40.437,-3.775,9.576,0.0,6.304,-39.718,
2025-08-06 06:28:18.085,pick_to_retreat_machine,457.22,407.241,309.248,46.092,-179.958,135.225,-137.573,-29.988,-127.896,-180.527,22.142,132.276,0.951,0.048,-0.214,0.0,-0.087,1.077,-0.621,-0.193,33.567,3.652,-1.887,3.928,-20.618,-1.968,4.582,0.0,3.057,-21.536,
2025-08-06 06:28:18.186,pick_to_retreat_machine,457.009,407.391,309.248,46.092,-179.958,135.225,-137.552,-29.986,-127.903,-180.527,22.137,132.306,-0.004,0.0,0.0,0.0,0.0,0.0,2.299,-0.878,33.093,3.576,-1.814,3.873,-4.757,-0.242,1.078,0.0,0.435,-5.383,waypoint
2025-08-06 06:28:18.285,pick_to_retreat_machine,457.009,407.393,309.249,46.093,-179.958,135.227,-137.555,-29.986,-127.903,-180.527,22.138,132.307,0.0,0.0,0.001,0.0,0.0,0.0,4.065,-1.642,33.014,3.544,-1.698,3.8,9.054,5.247,8.863,0.0,16.245,11.978,
2025-08-06 06:28:18.385,pick_to_retreat_machine,456.826,408.598,310.197,47.615,-179.958,136.75,-137.505,-29.955,-127.844,-180.527,22.253,132.368,1.798,1.044,1.764,0.0,3.233,2.384,5.244,-0.141,34.551,3.643,-1.377,3.79,37.182,22.998,30.354,0.03,54.57,38.055,
2025-08-06 06:28:18.485,pick_to_retreat_machine,455.772,415.056,315.328,55.62,-179.957,144.763,-137.06,-29.686,-127.459,-180.526,22.943,132.855,7.436,4.6,6.072,0.006,10.914,7.611,12.888,7.811,38.737,3.955,-1.076,3.822,61.338,39.339,47.291,0.709,83.996,59.115,
2025-08-06 06:28:18.587,pick_to_retreat_machine,453.016,429.323,326.98,71.617,-179.954,160.777,-135.976,-29.009,-126.581,-180.515,24.516,133.955,14.188,8.991,11.316,0.143,20.2,14.325,16.412,13.473,41.92,4.478,-0.983,3.829,59.045,38.278,46.642,1.281,82.43,58.705,
2025-08-06 06:28:18.686,pick_to_retreat_machine,447.719,450.793,345.391,89.867,-179.946,179.053,-134.278,-27.941,-125.227,-180.495,26.937,135.656,19.304,12.293,15.447,0.264,27.482,19.411,16.19,16.898,44.207,5.079,-0.878,3.81,35.277,22.724,28.643,1.021,48.926,35.176,
2025-08-06 06:28:18.785,pick_to_retreat_machine,439.651,475.904,368.406,104.017,-179.934,-166.766,-132.21,-26.631,-123.591,-180.468,29.863,137.715,21.173,13.49,16.988,0.345,29.887,21.29,12.191,19.609,45.112,5.412,-0.594,3.8,8.983,5.192,6.926,-0.038,13.609,7.974,
2025-08-06 06:28:18.885,pick_to_retreat_machine,429.465,500.792,393.035,113.545,-179.922,-157.205,-130.089,-25.291,-121.915,-180.444,32.862,139.823,21.092,13.327,16.825,0.256,30.191,20.998,5.485,22.399,46.226,5.708,-0.256,3.783,-1.272,0.109,-1.234,-0.605,0.472,-0.864,
2025-08-06 06:28:18.985,pick_to_retreat_machine,417.356,524.695,418.723,120.406,-179.911,-150.312,-127.987,-23.949,-120.238,-180.422,35.861,141.936,20.919,13.512,16.741,0.224,29.982,21.117,7.227,27.841,49.515,6.245,-0.073,3.765,0.279,0.472,-0.116,-0.028,-0.777,0.683,
2025-08-06 06:28:19.086,pick_to_retreat_machine,403.38,547.43,445.413,125.758,-179.902,-144.928,-125.874,-22.617,-118.561,-180.398,38.864,144.042,21.148,13.422,16.802,0.25,30.034,21.135,7.339,33.699,52.816,6.752,0.027,3.737,1.182,0.184,-0.738,-0.335,1.705,-0.852,
2025-08-06 06:28:19.188,pick_to_retreat_machine,387.609,568.818,473.049,130.191,-179.895,-140.463,-123.768,-21.289,-116.888,-180.374,41.864,146.155,21.159,13.549,16.591,0.156,30.328,20.944,6.614,41.158,56.078,7.251,0.092,3.711,-0.225,0.351,-1.103,-0.733,-0.351,-0.603,
2025-08-06 06:28:19.285,pick_to_retreat_machine,370.13,588.683,501.568,134.027,-179.89,-136.595,-121.664,-19.959,-115.213,-180.35,44.863,148.264,21.103,13.491,16.583,0.105,29.965,21.015,7.702,45.832,59.44,7.777,0.121,3.678,0.144,-1.015,1.017,0.182,-1.582,-0.871,
2025-08-06 06:28:19.387,pick_to_retreat_machine,351.049,606.857,530.907,137.456,-179.887,-133.137,-119.555,-18.636,-113.538,-180.328,47.865,150.374,21.187,13.347,16.793,0.193,30.013,20.77,6.872,51.807,62.951,8.259,0.143,3.649,0.04,-1.032,1.112,0.85,0.924,-0.438,
2025-08-06 06:28:19.485,pick_to_retreat_machine,330.487,623.182,560.997,140.592,-179.887,-129.971,-117.45,-17.309,-111.862,-180.305,50.864,152.486,21.111,13.285,16.805,0.275,30.15,20.927,7.077,56.867,66.068,8.714,0.182,3.623,-0.974,-0.328,1.215,0.514,-0.802,2.166,
2025-08-06 06:28:19.586,pick_to_retreat_machine,308.581,637.506,591.769,143.51,-179.888,-127.025,-115.348,-15.983,-110.187,-180.279,53.863,154.6,20.993,13.282,17.035,0.295,29.853,21.202,6.457,60.736,69.059,9.153,0.217,3.594,-1.402,0.274,0.269,-0.017,-0.82,0.329,
2025-08-06 06:28:19.685,pick_to_retreat_machine,285.481,649.692,623.148,146.26,-179.891,-124.249,-113.243,-14.657,-108.509,-180.255,56.864,156.71,20.831,13.34,16.859,0.271,29.986,20.993,6.408,65.604,71.53,9.538,0.301,3.58,-2.202,-1.074,-2.548,-0.327,-3.38,-3.701,
2025-08-06 06:28:19.785,pick_to_retreat_machine,261.843,659.438,654.416,148.822,-179.896,-121.662,-111.146,-13.332,-106.84,-180.233,59.845,158.81,20.555,13.068,16.528,0.23,29.181,20.465,6.186,68.141,73.491,9.834,0.378,3.574,0.487,-0.912,-0.509,-0.233,-1.96,-0.254,
2025-08-06 06:28:19.885,pick_to_retreat_machine,236.877,667.032,686.773,151.323,-179.903,-119.137,-109.073,-12.024,-105.185,-180.212,62.808,160.892,20.928,13.157,16.757,0.225,29.593,20.942,6.167,72.377,75.714,10.174,0.458,3.571,2.409,1.474,0.164,-0.041,4.028,3.954,
2025-08-06 06:28:19.986,pick_to_retreat_machine,211.242,672.154,719.504,153.722,-179.911,-116.716,-106.974,-10.698,-103.513,-180.187,65.805,162.996,21.039,13.365,16.561,0.222,29.99,21.26,6.896,75.583,77.495,10.479,0.555,3.486,0.63,0.993,-0.745,-0.327,2.651,1.24,
2025-08-06 06:28:20.085,pick_to_retreat_machine,185.136,674.724,752.528,156.022,-179.92,-114.396,-104.869,-9.372,-101.841,-180.163,68.804,165.107,21.054,13.356,16.608,0.159,30.124,21.19,6.21,78.337,79.472,10.727,0.616,3.444,0.685,-0.395,0.179,-0.467,-0.515,0.438,
2025-08-06 06:28:20.188,pick_to_retreat_machine,158.766,674.678,785.761,158.215,-179.931,-112.184,-102.767,-8.046,-100.165,-180.141,71.803,167.213,21.178,13.285,16.597,0.127,29.886,21.348,6.581,81.01,81.09,10.998,0.696,3.438,0.044,-0.447,0.536,0.337,-0.613,-0.385,
2025-08-06 06:28:20.286,pick_to_retreat_machine,132.344,671.968,819.118,160.275,-179.943,-110.108,-100.663,-6.72,-98.491,-180.119,74.804,169.322,21.063,13.266,16.716,0.227,30.0,21.113,6.071,82.601,82.792,11.228,0.727,3.444,-0.348,-0.525,1.181,0.837,1.081,-0.7,
2025-08-06 06:28:20.386,pick_to_retreat_machine,106.09,666.568,852.512,162.128,-179.955,-108.239,-98.558,-5.397,-96.814,-180.095,77.803,171.428,21.109,13.181,16.831,0.293,30.1,21.21,5.979,85.011,84.209,11.443,0.779,3.442,-0.686,-0.579,0.14,0.201,-1.346,-0.102,
2025-08-06 06:28:20.487,pick_to_retreat_machine,80.225,658.47,885.855,163.564,-179.968,-106.791,-96.453,-4.071,-95.14,-180.07,80.802,173.539,20.925,13.15,16.744,0.267,29.73,21.092,5.702,86.008,85.098,11.556,0.856,3.437,-2.597,-0.475,-0.932,-0.386,-3.195,-2.74,
2025-08-06 06:28:20.587,pick_to_retreat_machine,55.065,647.727,918.939,163.683,-179.982,-106.661,-94.357,-2.746,-93.466,-180.047,83.796,175.641,20.587,13.085,16.644,0.216,29.458,20.659,5.27,87.195,85.709,11.621,0.927,3.438,-19.124,-10.16,-16.167,-0.467,-26.317,-20.558,
2025-08-06 06:28:20.686,pick_to_retreat_machine,33.013,635.733,948.68,153.97,-179.995,-116.367,-92.428,-1.512,-91.94,-180.026,86.523,177.565,17.12,11.128,13.527,0.174,24.493,17.001,2.48,81.133,83.195,11.137,0.897,3.428,-47.157,-29.863,-39.537,-0.759,-68.261,-48.75,
2025-08-06 06:28:20.786,pick_to_retreat_machine,17.444,625.638,970.229,10.311,-179.995,99.979,-90.998,-0.591,-90.814,-180.009,88.538,178.985,11.203,7.143,8.776,0.065,15.874,10.958,-0.696,71.148,79.934,10.538,0.721,3.403,-61.227,-41.283,-49.313,-0.869,-88.762,-61.788,
2025-08-06 06:28:20.886,pick_to_retreat_machine,9.277,619.746,981.758,1.384,-179.99,91.054,-90.211,-0.095,-90.198,-180.0,89.64,179.755,4.874,2.872,3.664,0.001,6.741,4.644,-1.201,67.053,78.746,10.362,0.627,3.388,-52.446,-34.373,-40.927,-0.321,-73.857,-50.745,
2025-08-06 06:28:20.987,pick_to_retreat_machine,6.866,617.923,985.195,0.403,-179.989,90.074,-89.967,0.043,-90.007,-179.998,89.985,179.996,0.661,0.234,0.549,0.0,1.029,0.758,-0.036,71.443,80.452,10.672,0.679,3.383,-24.399,-14.358,-18.321,-0.003,-33.703,-23.218,
2025-08-06 06:28:21.086,pick_to_retreat_machine,6.762,617.843,985.344,0.368,-179.989,90.038,-89.958,0.044,-89.996,-179.998,90.004,180.011,-0.005,0.0,0.0,0.0,0.0,0.0,2.653,80.261,84.352,11.402,0.798,3.363,-3.29,-1.163,-2.734,0.0,-5.119,-3.771,waypoint
2025-08-06 06:28:21.188,pick_to_retreat_machine,6.749,617.843,985.344,0.369,-179.989,90.038,-89.962,0.044,-89.996,-179.999,90.004,180.011,0.0,0.0,0.0,0.0,0.0,0.0,2.946,83.74,85.542,11.672,0.787,3.326,8.154,-0.072,0.0,0.0,0.0,0.0,
2025-08-06 06:28:21.285,pick_to_retreat_machine,5.738,617.853,985.344,0.463,-179.989,90.038,-89.911,0.042,-89.996,-179.999,90.003,180.011,1.617,-0.014,0.0,0.0,0.0,0.0,4.825,83.217,85.557,11.758,0.705,3.292,29.78,-0.058,0.0,0.0,0.0,0.0,
2025-08-06 06:28:21.388,pick_to_retreat_machine,1.268,617.878,985.344,0.877,-179.989,90.038,-89.545,0.04,-89.998,-179.999,90.002,180.011,5.956,-0.012,0.0,0.0,0.0,0.0,10.039,81.896,85.478,11.948,0.607,3.248,50.728,0.041,0.0,0.0,-0.007,0.0,
2025-08-06 06:28:21.485,pick_to_retreat_machine,-8.685,617.819,985.344,1.8,-179.989,90.038,-88.661,0.034,-89.999,-179.999,90.001,180.011,11.763,-0.006,0.0,0.0,-0.001,0.0,12.575,80.15,85.362,12.06,0.561,3.212,60.328,-0.257,0.0,0.0,0.0,0.0,
2025-08-06 06:28:21.587,pick_to_retreat_machine,-25.191,617.366,985.344,3.331,-179.989,90.038,-87.162,0.026,-89.999,-179.999,90.001,180.011,17.961,-0.063,0.0,0.0,0.0,0.0,13.984,79.22,85.323,12.095,0.558,3.185,60.885,-0.182,0.0,0.0,0.007,0.0,
2025-08-06 06:28:21.685,pick_to_retreat_machine,-48.162,616.0,985.344,5.465,-179.989,90.038,-85.053,0.017,-90.0,-180.0,90.0,180.01,23.94,-0.043,0.0,0.0,0.0,0.0,13.981,79.151,85.266,12.069,0.59,3.183,50.755,0.049,0.0,0.0,0.0,0.0,
2025-08-06 06:28:21.786,pick_to_retreat_machine,-76.348,613.145,985.344,8.093,-179.989,90.038,-82.437,0.007,-90.0,-180.0,90.0,180.009,28.062,-0.053,0.0,0.0,0.0,0.0,12.664,79.398,85.277,12.001,0.639,3.188,30.501,0.133,0.0,0.0,0.0,0.0,
2025-08-06 06:28:21.885,pick_to_retreat_machine,-107.541,608.449,985.344,11.018,-179.989,90.038,-79.507,-0.0,-90.0,-180.0,90.0,180.008,30.04,-0.016,0.0,0.0,0.0,0.0,10.06,80.193,85.256,11.874,0.661,3.19,10.131,0.264,0.0,0.0,0.0,0.0,
2025-08-06 06:28:21.986,pick_to_retreat_machine,-139.234,601.988,985.344,14.018,-179.989,90.038,-76.495,-0.004,-90.0,-180.0,90.0,180.007,30.088,-0.0,0.0,0.0,0.0,0.0,7.46,80.822,85.248,11.739,0.674,3.184,-0.112,0.08,0.0,0.0,0.0,0.0,
2025-08-06 06:28:22.086,pick_to_retreat_machine,-170.549,593.876,985.344,17.018,-179.989,90.038,-73.49,-0.004,-90.0,-180.0,90.0,180.005,30.017,0.0,0.0,0.0,0.0,0.0,6.757,81.247,85.204,11.672,0.691,3.176,-0.32,0.002,0.0,0.0,0.0,-0.033,
2025-08-06 06:28:22.187,pick_to_retreat_machine,-201.396,584.136,985.344,20.018,-179.989,90.038,-70.486,-0.005,-90.0,-180.0,90.0,180.004,30.023,0.0,0.0,0.0,0.0,-0.007,6.905,81.054,85.212,11.685,0.668,3.153,-0.203,0.0,0.0,0.0,0.0,0.0,
2025-08-06 06:28:22.285,pick_to_retreat_machine,-231.692,572.795,985.344,23.018,-179.989,90.038,-67.484,-0.005,-90.0,-180.0,90.0,180.002,29.977,0.0,0.0,0.0,0.0,0.0,6.824,81.266,85.2,11.679,0.669,3.139,-0.254,0.0,0.0,0.0,0.0,0.033,
2025-08-06 06:28:22.386,pick_to_retreat_machine,-261.352,559.884,985.344,26.018,-179.989,90.038,-64.482,-0.005,-90.0,-180.0,90.0,180.001,29.973,0.0,0.0,0.0,0.0,0.0,6.946,81.159,85.2,11.677,0.669,3.13,-0.136,0.0,0.0,0.0,0.0,0.0,
2025-08-06 06:28:22.486,pick_to_retreat_machine,-290.296,545.439,985.344,29.018,-179.989,90.038,-61.481,-0.005,-90.0,-180.0,90.0,180.0,29.95,0.0,0.0,0.0,0.0,0.0,6.936,81.085,85.196,11.662,0.669,3.122,-0.072,0.0,0.0,0.0,0.0,0.0,
2025-08-06 06:28:22.587,pick_to_retreat_machine,-318.444,529.499,985.344,32.018,-179.989,90.038,-58.48,-0.005,-90.0,-180.0,90.0,180.0,29.958,0.0,0.0,0.0,0.0,0.0,7.092,81.002,85.209,11.678,0.673,3.118,-0.02,0.0,0.0,0.0,0.0,0.0,
2025-08-06 06:28:22.686,pick_to_retreat_machine,-345.719,512.107,985.344,35.018,-179.989,90.038,-55.48,-0.005,-90.0,-180.0,90.0,179.999,29.946,0.0,0.0,0.0,0.0,0.0,7.121,80.86,85.188,11.66,0.682,3.116,-0.159,0.0,0.0,0.0,0.0,0.0,
2025-08-06 06:28:22.785,pick_to_retreat_machine,-372.047,493.312,985.344,38.018,-179.989,90.038,-52.48,-0.005,-90.0,-180.0,90.0,179.999,29.927,0.0,0.0,0.0,0.0,0.0,7.243,80.728,85.189,11.673,0.671,3.108,0.108,0.0,0.0,0.0,0.0,0.0,
2025-08-06 06:28:22.886,pick_to_retreat_machine,-397.355,473.164,985.344,41.018,-179.989,90.038,-49.483,-0.005,-90.0,-180.0,90.0,179.999,29.968,0.0,0.0,0.0,0.0,0.0,7.365,80.607,85.195,11.679,0.655,3.116,0.082,0.0,0.0,0.0,0.0,0.0,
2025-08-06 06:28:22.987,pick_to_retreat_machine,-421.574,451.72,985.344,44.018,-179.989,90.038,-46.483,-0.005,-90.0,-180.0,90.0,179.999,29.943,0.0,0.0,0.0,0.0,0.0,7.472,80.505,85.184,11.649,0.661,3.114,0.013,0.0,0.0,0.0,0.0,0.0,
2025-08-06 06:28:23.085,pick_to_retreat_machine,-444.638,429.037,985.344,47.018,-179.989,90.038,-43.482,-0.004,-90.0,-180.0,90.0,179.999,29.97,0.0,0.0,0.0,0.0,0.0,7.571,80.461,85.198,11.646,0.662,3.121,0.058,0.0,0.0,0.0,0.0,0.0,
2025-08-06 06:28:23.186,pick_to_retreat_machine,-466.482,405.179,985.344,50.018,-179.989,90.038,-40.483,-0.004,-90.0,-180.0,90.0,179.999,29.955,0.0,0.0,0.0,0.0,0.0,7.661,80.344,85.19,11.656,0.657,3.118,-0.098,0.0,0.0,0.0,0.0,0.0,
2025-08-06 06:28:23.285,pick_to_retreat_machine,-487.048,380.209,985.344,53.018,-179.989,90.038,-37.482,-0.004,-90.0,-180.0,90.0,179.999,29.95,0.0,0.0,0.0,0.0,0.0,7.767,80.326,85.203,11.664,0.651,3.12,-0.091,0.0,0.0,0.0,0.0,0.0,
2025-08-06 06:28:23.387,pick_to_retreat_machine,-506.28,354.198,985.344,56.018,-179.989,90.038,-34.482,-0.004,-90.0,-180.0,90.0,179.999,29.937,0.0,0.0,0.0,0.0,0.0,7.855,80.264,85.208,11.654,0.651,3.124,-0.055,0.0,-0.004,0.0,0.0,0.0,
2025-08-06 06:28:23.487,pick_to_retreat_machine,-524.123,327.216,985.344,59.018,-179.989,90.038,-31.482,-0.004,-90.0,-180.0,90.0,179.999,29.939,0.0,-0.001,0.0,0.0,0.0,7.882,80.224,85.191,11.639,0.645,3.119,0.091,0.0,0.094,0.0,0.0,0.0,
2025-08-06 06:28:23.585,pick_to_retreat_machine,-540.53,299.337,985.344,62.018,-179.989,90.038,-28.482,-0.004,-90.0,-180.0,90.0,179.999,29.955,0.0,0.019,0.0,0.0,0.0,7.968,80.192,85.203,11.644,0.639,3.126,0.107,0.0,0.005,0.0,0.0,0.0,
2025-08-06 06:28:23.686,pick_to_retreat_machine,-555.455,270.638,985.344,65.018,-179.989,90.038,-25.482,-0.004,-90.0,-180.0,90.0,179.999,29.961,0.0,0.0,0.0,0.0,0.0,7.919,80.18,85.185,11.632,0.636,3.119,0.038,0.0,-0.093,0.0,0.0,0.0,
2025-08-06 06:28:23.786,pick_to_retreat_machine,-568.858,241.197,985.344,68.018,-179.989,90.038,-22.482,-0.004,-90.0,-180.0,90.0,179.999,29.962,0.0,0.0,0.0,0.0,0.0,7.943,80.162,85.181,11.627,0.627,3.116,0.084,0.0,-0.001,0.0,0.0,0.0,
2025-08-06 06:28:23.885,pick_to_retreat_machine,-580.702,211.094,985.344,71.018,-179.989,90.038,-19.483,-0.004,-90.0,-180.0,90.0,179.999,29.977,0.0,0.0,0.0,0.0,0.0,7.934,80.171,85.165,11.614,0.63,3.122,0.061,0.0,0.044,0.0,0.0,0.0,
2025-08-06 06:28:23.986,pick_to_retreat_machine,-590.954,180.414,985.344,74.018,-179.989,90.038,-16.482,-0.004,-90.0,-180.0,90.0,179.999,29.975,0.0,0.009,0.0,0.0,0.0,7.964,80.184,85.165,11.617,0.641,3.125,-0.041,0.0,0.0,0.0,0.0,0.0,
2025-08-06 06:28:24.085,pick_to_retreat_machine,-599.586,149.238,985.344,77.018,-179.989,90.038,-13.482,-0.004,-90.0,-180.0,90.0,179.999,29.969,0.0,0.0,0.0,0.0,0.0,7.923,80.22,85.157,11.625,0.654,3.13,-0.379,0.0,-0.044,0.0,0.0,0.0,
2025-08-06 06:28:24.187,pick_to_retreat_machine,-606.572,117.666,985.344,80.017,-179.989,90.038,-10.483,-0.004,-90.0,-180.0,90.0,179.999,29.898,0.0,0.0,0.0,0.0,0.0,7.917,80.213,85.17,11.626,0.664,3.134,-9.38,0.0,0.0,0.0,0.0,0.0,
2025-08-06 06:28:24.286,pick_to_retreat_machine,-611.758,86.761,985.344,82.923,-179.989,90.038,-7.56,-0.003,-90.0,-180.0,90.0,179.999,28.084,0.0,0.0,0.0,0.0,0.0,6.222,80.246,85.161,11.549,0.649,3.128,-30.935,0.0,0.0,0.0,0.0,0.0,
2025-08-06 06:28:24.386,pick_to_retreat_machine,-615.049,59.076,985.344,85.508,-179.989,90.038,-4.946,-0.003,-90.0,-180.0,90.0,179.999,23.742,0.0,0.0,0.0,0.0,0.0,3.048,80.543,85.158,11.374,0.644,3.138,-49.372,0.0,0.0,0.0,0.0,0.0,
2025-08-06 06:28:24.485,pick_to_retreat_machine,-616.786,36.746,985.344,87.585,-179.989,90.038,-2.834,-0.003,-90.0,-180.0,90.0,179.999,18.259,0.0,0.0,0.0,0.0,0.0,0.733,80.727,85.161,11.259,0.613,3.151,-58.899,0.0,0.0,0.0,0.0,0.0,
2025-08-06 06:28:24.585,pick_to_retreat_machine,-617.525,20.924,985.344,89.054,-179.989,90.038,-1.332,-0.003,-90.0,-180.0,90.0,179.999,12.021,0.0,0.0,0.0,0.0,0.0,-0.751,80.804,85.214,11.199,0.594,3.152,-59.647,0.0,0.0,0.0,0.0,0.0,
2025-08-06 06:28:24.686,pick_to_retreat_machine,-617.771,11.589,985.344,89.92,-179.989,90.038,-0.433,-0.003,-90.0,-180.0,90.0,179.999,6.27,0.0,0.0,0.0,0.0,0.0,-0.753,80.831,85.214,11.218,0.581,3.15,-50.263,0.0,0.0,0.0,0.0,0.0,
2025-08-06 06:28:24.785,pick_to_retreat_machine,-617.833,7.569,985.344,90.293,-179.989,90.038,-0.041,-0.003,-90.0,-180.0,90.0,179.999,1.969,0.0,0.0,0.0,0.0,0.0,0.356,80.739,85.227,11.276,0.578,3.157,-31.348,0.0,0.0,0.0,0.0,0.0,
2025-08-06 06:28:24.886,pick_to_retreat_machine,-617.843,6.766,985.344,90.368,-179.989,90.038,0.037,-0.003,-90.0,-180.0,90.0,179.999,0.0,0.0,0.0,0.0,0.0,0.0,2.732,80.424,85.263,11.408,0.581,3.163,-9.652,0.0,0.0,0.0,0.0,0.0,waypoint
2025-08-06 06:28:24.989,pick_to_retreat_machine,-617.843,6.762,985.344,90.368,-179.989,90.038,0.035,-0.002,-90.0,-180.0,90.0,179.999,-0.0,0.0,0.0,0.0,0.0,0.0,4.323,79.704,85.276,11.556,0.574,3.152,-0.88,-0.078,0.0,0.0,-1.358,-2.045,
2025-08-06 06:28:25.086,retreat_machine_to_approach_middlecase,-617.985,6.822,985.244,90.312,-179.989,89.951,0.028,0.002,-90.0,-180.0,89.997,179.996,-0.176,-0.016,0.0,0.0,-0.272,-0.409,3.912,79.515,85.289,11.578,0.545,3.142,-5.495,-8.761,1.469,0.0,-8.604,-36.087,
2025-08-06 06:28:25.191,retreat_machine_to_approach_middlecase,-619.61,7.506,984.096,89.652,-179.989,88.933,-0.029,-0.067,-89.987,-180.0,89.899,179.603,-1.11,-1.77,0.297,0.0,-1.738,-7.29,1.776,73.57,85.033,11.441,0.153,2.785,-11.954,-24.691,3.968,0.0,-20.691,-83.131,
2025-08-06 06:28:25.285,retreat_machine_to_approach_middlecase,-624.434,9.538,980.688,87.4,-179.99,85.62,-0.208,-0.398,-89.936,-180.001,89.595,178.401,-2.555,-4.929,0.79,0.0,-4.389,-16.952,-0.168,62.337,84.473,11.225,-0.352,2.504,-16.416,-35.258,6.426,-0.177,-28.431,-111.903,
2025-08-06 06:28:25.385,retreat_machine_to_approach_middlecase,-633.626,13.411,974.194,81.562,-179.992,77.758,-0.551,-1.083,-89.825,-180.008,89.019,176.083,-4.295,-8.61,1.543,-0.034,-7.254,-28.999,-1.808,60.566,84.354,11.044,-0.539,2.4,-16.116,-37.868,8.818,-0.301,-27.631,-120.575,
2025-08-06 06:28:25.486,retreat_machine_to_approach_middlecase,-647.599,19.297,964.323,66.658,-179.994,59.778,-1.058,-2.145,-89.623,-180.017,88.157,172.547,-5.794,-12.541,2.562,-0.061,-9.943,-41.188,-1.503,57.093,84.246,10.858,-0.675,2.359,-12.391,-36.712,11.944,-0.448,-22.652,-107.958,
2025-08-06 06:28:25.586,retreat_machine_to_approach_middlecase,-665.939,27.024,951.366,31.935,-179.995,21.017,-1.69,-3.582,-89.297,-180.029,87.056,167.917,-6.786,-15.989,3.944,-0.124,-11.807,-50.698,-1.632,58.182,84.693,10.798,-0.674,2.362,-6.87,-28.577,14.124,-0.238,-13.777,-77.043,
2025-08-06 06:28:25.686,retreat_machine_to_approach_middlecase,-687.479,36.098,936.149,174.217,179.993,158.558,-2.394,-5.305,-88.827,-180.042,85.816,162.495,-7.168,-18.256,5.387,-0.108,-12.698,-56.596,-1.125,60.877,85.201,10.856,-0.633,2.379,-0.741,-15.489,14.353,0.242,-2.994,-35.585,
2025-08-06 06:28:25.787,retreat_machine_to_approach_middlecase,-710.502,45.797,919.884,157.23,179.989,136.503,-3.101,-7.191,-88.218,-180.057,84.557,156.727,-6.934,-19.102,6.829,-0.076,-12.408,-57.851,-0.724,65.7,86.169,11.024,-0.573,2.395,3.082,-4.484,11.961,0.008,6.369,-4.352,
2025-08-06 06:28:25.887,retreat_machine_to_approach_middlecase,-733.666,55.556,903.519,150.868,179.985,125.042,-3.769,-9.111,-87.495,-180.071,83.366,150.964,-6.549,-19.158,7.791,-0.107,-11.418,-57.471,-0.611,69.541,86.94,11.107,-0.525,2.406,4.515,-2.219,9.24,0.027,9.238,4.034,
2025-08-06 06:28:25.987,retreat_machine_to_approach_middlecase,-756.831,65.314,887.154,148.56,179.98,117.634,-4.392,-11.051,-86.665,-180.085,82.258,145.244,-6.031,-19.546,8.677,-0.07,-10.561,-57.044,-0.309,67.154,86.762,11.085,-0.605,2.403,4.688,-2.966,11.069,0.162,8.032,5.077,
2025-08-06 06:28:26.086,retreat_machine_to_approach_middlecase,-779.996,75.073,870.789,148.082,179.976,112.057,-4.975,-13.018,-85.721,-180.098,81.236,139.564,-5.616,-19.748,9.994,-0.074,-9.82,-56.46,-0.474,65.595,86.189,10.996,-0.629,2.399,3.744,-2.23,12.169,0.256,7.463,3.747,
2025-08-06 06:28:26.186,retreat_machine_to_approach_middlecase,-803.161,84.832,854.424,148.569,179.971,107.444,-5.523,-15.007,-84.669,-180.109,80.296,133.918,-5.286,-19.99,11.099,-0.019,-9.076,-56.298,-0.246,64.467,86.728,11.083,-0.713,2.358,2.762,-2.761,10.35,0.114,9.215,2.752,
2025-08-06 06:28:26.285,retreat_machine_to_approach_middlecase,-826.325,94.591,838.059,149.621,179.966,103.397,-6.04,-17.016,-83.507,-180.121,79.449,128.302,-5.066,-20.297,12.054,-0.052,-7.986,-55.913,-0.408,61.707,86.399,11.046,-0.736,2.344,2.416,-2.455,11.033,-0.247,9.198,2.59,
2025-08-06 06:28:26.386,retreat_machine_to_approach_middlecase,-849.49,104.35,821.694,151.031,179.962,99.708,-6.528,-19.045,-82.23,-180.132,78.689,122.719,-4.803,-20.481,13.305,-0.069,-7.236,-55.78,-0.534,57.864,85.612,10.962,-0.775,2.32,2.884,-1.145,11.565,-0.039,8.437,1.873,
2025-08-06 06:28:26.487,retreat_machine_to_approach_middlecase,-872.655,114.108,805.329,152.682,179.957,96.259,-6.988,-21.097,-80.837,-180.143,78.025,117.159,-4.484,-20.529,14.39,-0.059,-6.282,-55.535,-0.189,55.791,85.882,11.049,-0.814,2.318,2.814,-2.058,11.027,-0.064,10.099,2.58,
2025-08-06 06:28:26.588,retreat_machine_to_approach_middlecase,-895.819,123.867,788.964,154.503,179.953,92.981,-7.422,-23.169,-79.331,-180.153,77.456,111.625,-4.235,-20.896,15.533,-0.082,-5.196,-55.259,-0.417,52.175,85.82,11.061,-0.833,2.293,2.245,-3.242,12.331,0.005,10.18,3.199,
2025-08-06 06:28:26.686,retreat_machine_to_approach_middlecase,-918.984,133.626,772.599,156.448,179.949,89.826,-7.835,-25.266,-77.705,-180.164,76.982,106.111,-4.037,-21.174,16.844,-0.058,-4.256,-54.898,-0.549,47.432,85.542,11.046,-0.865,2.27,2.347,-2.22,12.732,0.274,9.968,1.568,
2025-08-06 06:28:26.786,retreat_machine_to_approach_middlecase,-942.149,143.385,756.234,158.485,179.945,86.764,-8.224,-27.382,-75.955,-180.173,76.609,100.619,-3.77,-21.336,18.054,-0.027,-3.222,-54.949,-0.505,43.018,85.74,11.105,-0.901,2.247,2.935,1.634,8.854,0.224,10.114,11.975,
2025-08-06 06:28:26.887,retreat_machine_to_approach_middlecase,-964.936,152.985,740.136,160.559,179.941,83.821,-8.589,-29.5,-74.106,-180.182,76.342,95.221,-3.447,-20.846,18.623,-0.014,-2.223,-52.491,-0.242,38.816,85.936,11.189,-0.911,2.243,4.491,14.282,-3.812,0.073,11.119,47.297,
2025-08-06 06:28:26.986,retreat_machine_to_approach_middlecase,-985.706,161.735,725.463,162.497,179.937,81.187,-8.91,-31.473,-72.299,-180.188,76.189,90.296,-2.872,-18.48,17.291,-0.013,-0.998,-45.489,-0.165,39.248,86.211,11.32,-0.777,2.269,6.042,31.664,-21.548,0.046,10.21,84.96,
2025-08-06 06:28:27.086,retreat_machine_to_approach_middlecase,-1002.87,168.965,713.337,164.127,179.934,79.039,-9.168,-33.128,-70.712,-180.193,76.127,86.214,-2.245,-14.544,14.335,-0.004,-0.191,-35.584,0.3,39.705,86.803,11.511,-0.676,2.281,7.163,41.559,-35.441,0.063,5.012,104.714,
2025-08-06 06:28:27.186,retreat_machine_to_approach_middlecase,-1015.462,174.27,704.441,165.337,179.932,77.476,-9.352,-34.366,-69.491,-180.197,76.12,83.208,-1.439,-10.168,10.203,0.0,0.004,-24.547,0.601,38.265,87.345,11.643,-0.574,2.284,7.114,44.126,-42.939,0.022,1.937,110.185,
2025-08-06 06:28:27.285,retreat_machine_to_approach_middlecase,-1023.309,177.576,698.898,166.096,179.931,76.508,-9.459,-35.147,-68.698,-180.198,76.134,81.323,-0.829,-5.763,5.79,0.0,0.194,-13.657,0.802,34.59,87.143,11.693,-0.3,2.286,5.46,39.545,-39.134,-0.001,0.602,96.053,
2025-08-06 06:28:27.387,retreat_machine_to_approach_middlecase,-1027.055,179.154,696.251,166.459,179.93,76.047,-9.514,-35.522,-68.304,-180.199,76.151,80.402,-0.342,-2.219,2.337,-0.0,0.125,-5.24,0.315,29.665,86.534,11.666,-0.139,2.28,4.079,27.738,-27.271,0.0,-0.929,64.249,
2025-08-06 06:28:27.488,retreat_machine_to_approach_middlecase,-1028.057,179.576,695.543,166.557,179.93,75.924,-9.533,-35.622,-68.195,-180.199,76.157,80.156,-0.001,-0.133,0.254,0.0,0.006,-0.615,0.963,23.538,86.074,11.638,-0.179,2.271,1.718,11.152,-11.745,0.001,-0.628,26.332,
2025-08-06 06:28:27.586,retreat_machine_to_approach_middlecase,-1028.09,179.59,695.52,166.56,179.93,75.92,-9.533,-35.623,-68.189,-180.199,76.157,80.144,0.0,0.0,0.0,0.0,0.0,0.0,0.702,18.706,85.272,11.561,-0.294,2.301,0.005,0.676,-1.582,0.0,-0.521,3.12,waypoint
2025-08-06 06:28:27.685,retreat_machine_to_approach_middlecase,-1028.09,179.59,695.451,166.56,179.93,75.92,-9.533,-35.622,-68.191,-180.199,76.156,80.144,0.0,0.0,-0.057,0.0,-0.097,0.0,0.911,17.392,84.793,11.545,-0.367,2.343,0.0,-0.822,-10.531,0.0,-14.108,0.0,
2025-08-06 06:28:27.786,retreat_machine_to_approach_middlecase,-1028.09,179.59,693.697,166.56,179.93,75.92,-9.533,-35.626,-68.281,-180.199,76.031,80.144,0.0,-0.164,-2.106,0.0,-2.822,0.0,0.979,16.494,82.793,11.413,-0.633,2.386,0.0,-7.019,-26.114,0.0,-34.654,0.0,
2025-08-06 06:28:27.885,retreat_machine_to_approach_middlecase,-1028.09,179.59,687.548,166.56,179.93,75.92,-9.533,-35.7,-68.645,-180.199,75.552,80.144,0.0,-1.403,-5.28,0.0,-7.027,0.0,1.192,7.56,79.376,11.103,-0.845,2.429,0.0,-15.177,-33.402,-0.146,-46.028,0.003,
2025-08-06 06:28:27.985,retreat_machine_to_approach_middlecase,-1028.09,179.59,675.451,166.56,179.93,75.92,-9.533,-35.929,-69.349,-180.2,74.601,80.146,0.0,-3.185,-8.753,-0.029,-11.981,0.001,1.64,1.383,77.607,10.883,-0.947,2.46,0.001,-16.618,-30.554,-0.198,-45.024,0.075,
2025-08-06 06:28:28.086,retreat_machine_to_approach_middlecase,-1028.09,179.59,657.507,166.56,179.93,75.92,-9.532,-36.323,-70.369,-180.208,73.193,80.15,0.0,-4.744,-11.422,-0.04,-16.077,0.015,1.727,0.624,77.195,10.647,-0.911,2.501,0.0,-13.634,-17.681,0.004,-31.145,0.347,
2025-08-06 06:28:28.187,retreat_machine_to_approach_middlecase,-1028.09,179.59,635.451,166.56,179.93,75.92,-9.532,-36.861,-71.565,-180.214,71.472,80.162,0.0,-5.939,-12.325,-0.028,-18.272,0.071,1.747,1.989,78.208,10.711,-0.921,2.592,-0.001,-8.06,0.487,0.15,-8.229,-0.047,
2025-08-06 06:28:28.287,retreat_machine_to_approach_middlecase,-1028.09,179.59,612.162,166.56,179.93,75.92,-9.532,-37.488,-72.759,-180.22,69.667,80.172,0.0,-6.364,-11.324,-0.01,-17.731,0.006,1.627,4.961,80.134,10.97,-0.989,2.685,0.0,-0.444,15.816,-0.122,16.894,-0.303,
2025-08-06 06:28:28.385,retreat_machine_to_approach_middlecase,-1028.09,179.59,590.862,166.56,179.93,75.92,-9.532,-38.113,-73.792,-180.227,68.03,80.179,0.0,-6.026,-9.193,-0.052,-14.927,0.011,1.205,7.653,81.672,11.147,-1.024,2.733,0.0,9.65,25.685,0.042,36.103,-0.025,
2025-08-06 06:28:28.486,retreat_machine_to_approach_middlecase,-1028.09,179.59,574.22,166.56,179.93,75.92,-9.532,-38.634,-74.562,-180.231,66.757,80.184,0.0,-4.443,-6.212,-0.001,-10.547,0.001,1.063,10.742,83.276,11.269,-1.16,2.757,0.0,17.071,28.848,0.261,44.199,-0.051,
2025-08-06 06:28:28.585,retreat_machine_to_approach_middlecase,-1028.09,179.59,563.606,166.56,179.93,75.92,-9.531,-38.985,-75.036,-180.235,65.939,80.188,0.0,-2.612,-3.424,-0.0,-6.088,0.0,1.266,10.741,83.701,11.308,-1.248,2.784,0.0,17.636,25.215,0.007,41.893,-0.004,
2025-08-06 06:28:28.686,retreat_machine_to_approach_middlecase,-1028.09,179.59,558.711,166.56,179.93,75.92,-9.531,-39.153,-75.252,-180.236,65.559,80.191,0.0,-0.916,-1.17,0.0,-2.168,0.0,1.208,9.447,83.163,11.213,-1.302,2.79,0.0,13.061,16.961,0.001,29.842,-0.002,
2025-08-06 06:28:28.785,retreat_machine_to_approach_middlecase,-1028.09,179.59,557.63,166.56,179.93,75.92,-9.531,-39.184,-75.303,-180.236,65.471,80.192,0.0,0.0,-0.031,0.0,-0.119,0.0,1.246,4.654,81.266,11.032,-1.261,2.797,0.0,4.603,5.877,0.0,10.896,0.0,waypoint
2025-08-06 06:28:28.885,retreat_machine_to_approach_middlecase,-1028.09,179.59,557.62,166.55,179.93,75.91,-9.531,-39.184,-75.305,-180.236,65.468,80.192,0.0,0.0,0.0,0.0,0.0,0.0,1.514,0.767,79.058,10.829,-1.123,2.768,0.0,1.349,-2.916,0.0,-0.752,0.0,
2025-08-06 06:28:28.986,retreat_machine_to_approach_middlecase,-1027.94,179.59,557.62,166.55,179.93,75.91,-9.53,-39.184,-75.315,-180.236,65.465,80.192,0.0,0.271,-0.618,0.0,-0.27,0.0,0.558,0.325,78.386,10.698,-1.018,2.705,-0.346,10.627,-21.592,0.0,-10.335,-0.021,
2025-08-06 06:28:29.089,retreat_machine_to_approach_middlecase,-1025.989,179.59,557.62,166.55,179.93,75.91,-9.534,-39.074,-75.546,-180.236,65.358,80.192,-0.071,2.168,-4.405,0.0,-2.108,-0.004,-0.286,5.211,76.816,10.633,-0.942,2.669,-3.42,26.807,-49.896,0.0,-22.869,-3.784,
2025-08-06 06:28:29.186,retreat_machine_to_approach_middlecase,-1019.992,179.59,557.62,166.55,179.93,75.91,-9.57,-38.693,-76.284,-180.236,65.02,80.169,-0.684,5.633,-10.597,0.0,-4.844,-0.757,-4.149,12.951,75.52,10.485,-0.798,2.581,-7.14,39.435,-69.85,0.0,-31.18,-6.839,
2025-08-06 06:28:29.285,retreat_machine_to_approach_middlecase,-1008.392,179.59,557.62,166.55,179.93,75.91,-9.677,-37.926,-77.712,-180.235,64.363,80.044,-1.47,9.897,-18.096,0.0,-8.219,-1.345,-6.389,18.727,74.875,10.39,-0.71,2.315,-7.113,41.767,-72.119,0.0,-31.639,-7.647,
2025-08-06 06:28:29.387,retreat_machine_to_approach_middlecase,-990.602,179.59,557.62,166.55,179.93,75.91,-9.855,-36.738,-79.882,-180.234,63.382,79.868,-2.114,14.028,-25.093,0.0,-11.204,-2.294,-5.237,24.134,74.061,10.472,-0.632,2.251,-6.136,36.25,-62.366,0.003,-26.001,-6.465,
2025-08-06 06:28:29.486,retreat_machine_to_approach_middlecase,-967.104,179.59,557.62,166.55,179.93,75.91,-10.094,-35.175,-82.684,-180.229,62.125,79.638,-2.703,17.183,-30.631,0.001,-13.446,-2.644,-5.067,24.708,73.138,10.509,-0.738,2.235,-5.338,25.955,-43.375,0.0,-15.854,-5.691,
2025-08-06 06:28:29.586,retreat_machine_to_approach_middlecase,-939.367,179.59,557.62,166.55,179.93,75.91,-10.396,-33.361,-85.905,-180.224,60.708,79.35,-3.176,19.193,-33.724,0.0,-14.359,-3.427,-3.851,26.163,72.709,10.563,-0.886,2.219,-3.729,10.326,-15.242,-0.003,-3.423,-3.505,
2025-08-06 06:28:29.685,retreat_machine_to_approach_middlecase,-909.59,179.59,557.62,166.55,179.93,75.91,-10.732,-31.438,-89.262,-180.218,59.265,79.024,-3.445,19.238,-33.664,0.0,-14.127,-3.342,-2.508,27.621,72.692,10.655,-1.038,2.226,-2.263,-2.127,7.851,0.207,4.137,-0.533,
2025-08-06 06:28:29.786,retreat_machine_to_approach_middlecase,-879.59,179.59,557.62,166.55,179.93,75.91,-11.088,-29.538,-92.533,-180.212,57.884,78.671,-3.629,18.768,-32.154,0.041,-13.531,-3.533,-1.817,29.426,72.33,10.657,-1.131,2.229,-2.487,-3.41,13.715,0.341,6.058,-2.405,
2025-08-06 06:28:29.885,retreat_machine_to_approach_middlecase,-849.59,179.59,557.62,166.55,179.93,75.91,-11.466,-27.672,-95.701,-180.205,56.577,78.291,-3.943,18.556,-30.921,0.068,-12.915,-3.823,-1.576,34.475,71.28,10.563,-1.093,2.255,-2.737,-1.417,10.831,0.237,7.153,-3.348,
2025-08-06 06:28:29.986,retreat_machine_to_approach_middlecase,-819.603,179.59,557.62,166.55,179.93,75.91,-11.871,-25.825,-98.772,-180.197,55.348,77.894,-4.176,18.484,-29.988,0.089,-12.101,-4.203,-1.535,38.617,70.192,10.382,-1.066,2.284,-1.73,-7.816,18.172,0.015,10.977,-2.094,
2025-08-06 06:28:30.086,retreat_machine_to_approach_middlecase,-790.561,179.59,557.62,166.55,179.93,75.91,-12.295,-24.04,-101.676,-180.19,54.223,77.475,-4.29,16.985,-27.269,0.071,-10.709,-4.244,-1.292,40.777,70.214,10.286,-1.168,2.29,1.5,-20.809,35.915,-0.392,18.386,1.225,
2025-08-06 06:28:30.186,retreat_machine_to_approach_middlecase,-764.749,179.59,557.62,166.55,179.93,75.91,-12.7,-22.447,-104.204,-180.183,53.273,77.074,-3.876,14.323,-22.805,0.011,-8.424,-3.958,-0.443,39.481,70.755,10.093,-1.409,2.249,6.152,-29.338,50.967,-0.165,22.822,5.165,
2025-08-06 06:28:30.286,retreat_machine_to_approach_middlecase,-744.037,179.59,557.62,166.55,179.93,75.91,-13.046,-21.164,-106.196,-180.177,52.546,76.731,-3.06,11.118,-17.075,0.038,-6.145,-3.211,1.537,39.053,71.128,10.119,-1.532,2.239,8.871,-35.525,58.341,-0.053,22.518,8.392,
2025-08-06 06:28:30.386,retreat_machine_to_approach_middlecase,-729.411,179.59,557.62,166.55,179.93,75.91,-13.305,-20.255,-107.594,-180.174,52.049,76.476,-2.102,7.217,-11.137,0.0,-3.92,-2.279,1.972,39.593,70.867,10.037,-1.601,2.255,10.139,-37.0,57.025,-0.19,20.452,11.303,
2025-08-06 06:28:30.486,retreat_machine_to_approach_middlecase,-720.807,179.59,557.62,166.55,179.93,75.91,-13.46,-19.717,-108.414,-180.172,51.761,76.315,-1.032,3.718,-5.67,0.0,-2.054,-0.95,2.276,41.029,71.35,10.067,-1.687,2.273,8.505,-30.154,46.127,0.0,16.114,9.423,
2025-08-06 06:28:30.588,retreat_machine_to_approach_middlecase,-717.12,179.59,557.62,166.55,179.93,75.91,-13.526,-19.483,-108.772,-180.171,51.637,76.246,-0.384,1.126,-1.819,0.0,-0.665,-0.376,1.205,43.735,70.222,9.889,-1.572,2.293,5.161,-18.589,28.094,-0.002,10.224,4.752,
2025-08-06 06:28:30.686,retreat_machine_to_approach_middlecase,-716.393,179.59,557.62,166.55,179.93,75.91,-13.541,-19.441,-108.848,-180.171,51.611,76.229,0.0,0.0,-0.052,0.0,-0.009,0.0,0.033,46.295,69.491,9.64,-1.51,2.292,1.948,-5.717,9.234,0.0,3.375,1.908,waypoint
2025-08-06 06:28:30.785,retreat_machine_to_approach_middlecase,-716.39,179.59,557.62,166.58,179.93,75.94,-13.541,-19.441,-108.848,-180.171,51.611,76.229,0.0,0.0,0.0,0.0,0.0,0.0,-0.556,49.226,68.782,9.477,-1.279,2.367,0.0,-0.015,0.259,0.0,0.046,0.0,
2025-08-06 06:28:30.885,retreat_machine_to_approach_middlecase,-716.388,179.59,557.576,166.579,179.93,75.939,-13.541,-19.441,-108.848,-180.171,51.611,76.229,0.0,-0.003,0.0,0.0,0.0,0.0,-0.28,49.622,68.828,9.442,-1.124,2.416,0.0,-1.624,-1.841,0.0,-3.977,0.0,
2025-08-06 06:28:30.986,approach_middlecase_to_place,-716.363,179.59,557.093,166.579,179.931,75.939,-13.541,-19.45,-108.862,-180.171,51.571,76.229,0.0,-0.326,-0.37,0.0,-0.799,0.0,-0.48,48.088,68.934,9.282,-1.36,2.423,0.0,-4.92,-4.86,0.0,-9.609,0.0,
2025-08-06 06:28:31.085,approach_middlecase_to_place,-716.291,179.59,555.663,166.579,179.932,75.939,-13.541,-19.517,-108.927,-180.171,51.442,76.229,0.0,-0.987,-0.972,0.0,-1.922,0.0,-0.064,44.326,68.808,9.177,-1.532,2.417,0.0,-6.194,-5.99,0.0,-11.413,0.0,
2025-08-06 06:28:31.190,approach_middlecase_to_place,-716.152,179.59,552.905,166.579,179.935,75.939,-13.541,-19.65,-109.053,-180.172,51.193,76.229,0.0,-1.59,-1.592,0.0,-3.128,0.0,0.124,42.188,68.008,9.133,-1.483,2.431,0.0,-6.744,-6.669,-0.02,-13.265,0.0,
2025-08-06 06:28:31.288,approach_middlecase_to_place,-715.936,179.59,548.621,166.579,179.939,75.939,-13.541,-19.846,-109.249,-180.173,50.804,76.229,0.0,-2.356,-2.326,-0.004,-4.615,0.0,0.369,38.827,66.334,9.093,-1.295,2.454,-0.029,-8.014,-6.729,-0.047,-14.226,0.0,
2025-08-06 06:28:31.387,approach_middlecase_to_place,-715.644,179.59,542.821,166.579,179.945,75.939,-13.542,-20.124,-109.513,-180.179,50.271,76.229,-0.006,-3.169,-2.918,-0.009,-5.93,0.0,0.304,36.069,65.164,8.953,-1.207,2.458,-0.09,-7.303,-5.773,-0.036,-12.302,0.0,
2025-08-06 06:28:31.486,approach_middlecase_to_place,-715.286,179.59,535.725,166.579,179.952,75.939,-13.548,-20.47,-109.831,-180.184,49.617,76.229,-0.018,-3.802,-3.469,-0.011,-7.05,0.0,-0.06,33.861,63.784,8.674,-1.179,2.464,-0.226,-5.334,-3.61,-0.073,-8.235,0.0,
2025-08-06 06:28:31.587,approach_middlecase_to_place,-714.883,179.59,527.727,166.579,179.959,75.939,-13.556,-20.868,-110.186,-180.19,48.88,76.229,-0.051,-4.236,-3.639,-0.024,-7.577,0.0,0.16,30.649,62.074,8.186,-1.15,2.464,-0.372,-3.085,-0.809,-0.29,-3.668,0.0,
2025-08-06 06:28:31.686,approach_middlecase_to_place,-714.46,179.59,519.347,166.579,179.968,75.939,-13.566,-21.294,-110.551,-180.197,48.101,76.229,-0.092,-4.419,-3.63,-0.069,-7.784,0.0,0.732,26.979,60.128,7.727,-1.142,2.446,0.244,0.587,1.802,0.121,0.779,0.0,
2025-08-06 06:28:31.785,approach_middlecase_to_place,-714.047,179.59,511.157,166.579,179.976,75.939,-13.571,-21.733,-110.902,-180.202,47.342,76.229,-0.003,-4.119,-3.283,0.0,-7.423,0.0,0.347,31.838,64.345,8.335,-1.434,2.403,0.406,3.53,4.025,0.308,6.08,-0.019,
2025-08-06 06:28:31.886,approach_middlecase_to_place,-713.671,179.59,503.703,166.579,179.983,75.939,-13.574,-22.121,-111.209,-180.206,46.646,76.228,-0.011,-3.713,-2.825,-0.008,-6.568,-0.004,-1.97,26.661,64.842,8.039,-1.539,2.38,-0.194,5.175,5.101,-0.046,10.903,-0.061,
2025-08-06 06:28:31.985,approach_middlecase_to_place,-713.355,179.59,497.428,166.579,179.989,75.939,-13.58,-22.46,-111.467,-180.212,46.057,76.224,-0.041,-3.084,-2.262,-0.009,-5.242,-0.012,-2.987,23.202,62.731,7.675,-1.407,2.363,-0.073,7.107,5.67,0.038,13.682,-0.056,
2025-08-06 06:28:32.088,approach_middlecase_to_place,-713.112,179.59,492.617,166.579,179.994,75.939,-13.59,-22.73,-111.663,-180.215,45.606,76.217,-0.026,-2.277,-1.68,-0.0,-3.804,-0.015,-1.793,23.089,60.887,7.491,-1.375,2.306,0.202,8.333,6.23,0.045,14.469,0.061,
2025-08-06 06:28:32.186,approach_middlecase_to_place,-712.948,179.59,489.352,166.579,179.997,75.939,-13.593,-22.912,-111.795,-180.217,45.298,76.214,-0.001,-1.41,-1.01,-0.0,-2.334,0.0,-1.717,21.255,59.383,7.219,-1.354,2.294,0.131,7.787,6.08,0.001,13.441,0.077,
2025-08-06 06:28:32.285,approach_middlecase_to_place,-712.855,179.59,487.505,166.579,179.999,75.939,-13.595,-23.017,-111.87,-180.218,45.119,76.213,0.0,-0.743,-0.482,0.0,-1.156,0.0,-1.876,18.357,58.194,7.029,-1.363,2.329,0.004,6.012,4.462,0.001,9.633,0.0,
2025-08-06 06:28:32.387,approach_middlecase_to_place,-712.817,179.59,486.752,166.579,180.0,75.939,-13.596,-23.06,-111.901,-180.219,45.046,76.212,0.0,-0.201,-0.113,0.0,-0.398,0.0,-1.986,16.338,57.211,6.835,-1.349,2.347,-0.001,3.712,2.411,0.0,5.78,0.0,waypoint
2025-08-06 06:28:32.485,place_on_middlecase,-712.81,179.59,486.62,166.579,180.0,75.939,-13.597,-23.071,-111.908,-180.219,45.031,76.212,-0.0,-0.001,0.0,0.0,-0.0,0.0,-1.646,15.44,56.605,6.777,-1.285,2.362,0.0,1.011,0.571,0.0,1.999,0.0,
2025-08-06 06:28:32.586,place_on_middlecase,-712.81,179.59,486.62,160.72,180.0,70.08,-13.597,-23.071,-111.908,-180.219,45.031,76.212,0.0,0.0,0.0,0.0,0.0,0.0,-1.219,15.592,56.557,6.789,-1.198,2.355,0.001,0.005,0.0,0.0,0.002,0.0,
2025-08-06 06:28:32.886,place_on_middlecase,-712.81,179.59,486.62,168.172,-180.0,77.532,-13.597,-23.071,-111.906,-180.219,45.032,76.212,0.0,0.0,0.0,0.0,0.0,0.0,-0.468,16.42,57.066,6.884,-0.936,2.38,0.0,0.0,-0.001,0.0,0.0,0.0,
2025-08-06 06:28:33.186,place_on_middlecase,-712.81,179.59,486.62,168.172,-180.0,77.532,-13.597,-23.071,-111.905,-180.219,45.034,76.212,0.0,0.0,0.0,0.0,0.0,0.0,-0.082,17.147,57.32,6.86,-0.893,2.387,0.0,0.0,0.0,0.0,0.0,0.0,
2025-08-06 06:28:33.586,place_on_middlecase,-712.81,179.59,486.62,168.172,-180.0,77.532,-13.597,-23.07,-111.905,-180.219,45.034,76.212,0.0,0.0,0.0,0.0,0.0,0.0,0.033,18.194,57.503,6.926,-0.903,2.403,0.0,0.0,0.0,0.0,0.0,0.0,
2025-08-06 06:28:33.786,place_on_middlecase,-712.81,179.59,486.62,168.172,-180.0,77.532,-13.597,-23.068,-111.905,-180.219,45.034,76.212,0.0,0.0,0.0,0.0,0.0,0.0,0.275,19.019,57.379,6.926,-0.896,2.413,0.0,0.0,0.0,0.0,0.0,0.0,
2025-08-06 06:28:34.185,place_on_middlecase,-712.81,179.59,486.62,168.172,-180.0,77.532,-13.597,-23.065,-111.905,-180.219,45.034,76.212,0.0,0.0,0.0,0.0,0.0,0.0,0.305,20.662,57.729,7.069,-0.891,2.447,0.0,0.0,0.0,0.0,0.0,0.0,
2025-08-06 06:28:34.386,place_on_middlecase,-712.81,179.59,486.62,168.172,-180.0,77.532,-13.596,-23.064,-111.905,-180.219,45.034,76.212,0.0,0.0,0.0,0.0,0.0,0.0,0.521,21.008,57.718,7.073,-0.884,2.462,0.0,0.0,0.031,0.0,0.0,0.0,
2025-08-06 06:28:34.686,place_on_middlecase,-712.81,179.59,486.62,168.172,-180.0,77.532,-13.596,-23.063,-111.905,-180.219,45.034,76.213,0.0,0.0,0.0,0.0,0.0,0.0,0.947,21.384,57.391,7.054,-0.887,2.468,0.0,0.0,0.0,0.0,0.0,0.0,
2025-08-06 06:28:34.986,place_on_middlecase,-712.81,179.59,486.62,168.172,-180.0,77.532,-13.596,-23.062,-111.905,-180.219,45.034,76.213,0.0,0.0,0.0,0.0,0.0,0.0,1.074,21.646,57.44,7.057,-0.875,2.474,0.0,0.0,0.0,0.0,0.0,0.0,
2025-08-06 06:28:35.387,place_on_middlecase,-712.81,179.59,486.62,168.172,-180.0,77.532,-13.595,-23.061,-111.905,-180.219,45.034,76.213,0.0,0.0,0.0,0.0,0.0,0.0,1.302,21.674,57.387,7.049,-0.878,2.484,0.0,0.0,0.0,0.0,0.0,0.0,
2025-08-06 06:28:35.686,place_to_retreat_middlecase,-712.83,179.59,487.011,166.579,180.0,75.939,-13.595,-23.056,-111.897,-180.219,45.059,76.213,0.0,0.466,0.388,0.0,1.176,0.0,1.433,22.275,57.721,7.118,-0.835,2.491,0.015,15.069,11.798,0.0,28.729,0.0,
2025-08-06 06:28:35.787,place_to_retreat_middlecase,-713.019,179.59,490.762,166.58,179.996,75.94,-13.593,-22.895,-111.762,-180.219,45.384,76.213,0.003,3.029,2.371,0.0,5.775,0.0,1.255,32.877,61.553,7.513,-0.536,2.483,0.215,28.878,23.444,0.282,50.848,0.0,
2025-08-06 06:28:35.886,place_to_retreat_middlecase,-713.501,179.59,500.333,166.58,179.986,75.94,-13.587,-22.43,-111.39,-180.215,46.244,76.213,0.043,6.241,5.077,0.056,11.345,0.0,1.919,45.196,65.493,8.132,-0.317,2.453,0.311,28.137,23.427,0.625,46.645,0.0,
2025-08-06 06:28:35.987,place_to_retreat_middlecase,-714.247,179.59,515.111,166.58,179.972,75.94,-13.574,-21.664,-110.784,-180.203,47.599,76.214,0.065,8.656,7.057,0.125,15.104,0.0,2.092,51.108,69.25,8.802,-0.371,2.419,0.022,11.004,10.781,0.161,19.277,0.0,
2025-08-06 06:28:36.085,place_to_retreat_middlecase,-715.084,179.59,531.728,166.58,179.956,75.94,-13.562,-20.791,-110.061,-180.188,49.141,76.215,0.047,8.431,7.223,0.088,15.181,0.0,3.067,47.097,68.401,9.094,-0.261,2.449,-0.092,-12.709,-7.972,-0.512,-19.466,0.106,
2025-08-06 06:28:36.186,place_to_retreat_middlecase,-715.796,179.59,545.843,166.58,179.942,75.94,-13.552,-20.054,-109.414,-180.177,50.47,76.22,0.047,6.127,5.47,0.023,11.23,0.021,4.841,40.536,66.565,9.108,-0.115,2.513,-0.149,-28.115,-22.511,-0.442,-48.381,0.18,
2025-08-06 06:28:36.285,place_to_retreat_middlecase,-716.23,179.59,554.439,166.58,179.933,75.94,-13.543,-19.61,-109.0,-180.172,51.296,76.229,0.018,2.808,2.72,0.0,5.505,0.036,5.59,37.872,65.535,9.071,-0.038,2.612,-0.215,-27.774,-24.658,-0.114,-50.583,-0.053,
2025-08-06 06:28:36.387,place_to_retreat_middlecase,-716.38,179.59,557.419,166.58,179.93,75.94,-13.538,-19.453,-108.85,-180.171,51.593,76.234,0.004,0.545,0.514,0.0,1.063,0.011,5.419,40.169,66.497,9.137,-0.017,2.673,-0.087,-13.971,-13.534,0.0,-27.389,-0.179,
2025-08-06 06:28:36.486,place_to_retreat_middlecase,-716.39,179.59,557.62,166.58,179.93,75.94,-13.535,-19.443,-108.838,-180.171,51.617,76.236,0.0,0.0,0.0,0.0,0.0,0.0,4.753,45.495,68.815,9.4,-0.081,2.697,-0.018,-2.766,-2.596,0.0,-5.367,-0.053,waypoint
2025-08-06 06:28:36.585,place_to_retreat_middlecase,-716.404,179.59,557.62,166.58,179.93,75.94,-13.533,-19.444,-108.838,-180.171,51.617,76.237,0.0,-0.003,0.0,0.0,0.0,0.0,3.997,48.243,69.713,9.51,-0.162,2.688,1.542,-5.413,9.348,0.0,3.247,2.055,
2025-08-06 06:28:36.687,place_to_retreat_middlecase,-717.384,179.59,557.62,166.58,179.93,75.94,-13.519,-19.477,-108.761,-180.171,51.641,76.248,0.31,-1.088,1.879,0.0,0.653,0.413,4.603,45.996,71.13,9.652,-0.21,2.69,5.154,-18.104,29.257,0.0,10.388,4.818,
2025-08-06 06:28:36.785,place_to_retreat_middlecase,-721.615,179.59,557.62,166.58,179.93,75.94,-13.451,-19.706,-108.39,-180.171,51.768,76.321,1.031,-3.624,5.851,0.0,2.078,0.964,6.6,37.243,72.476,9.784,-0.273,2.81,8.496,-30.669,46.256,-0.01,16.208,7.69,
2025-08-06 06:28:36.887,place_to_retreat_middlecase,-730.959,179.59,557.62,166.58,179.93,75.94,-13.296,-20.245,-107.548,-180.173,52.061,76.482,2.009,-7.222,11.13,-0.002,3.894,1.951,7.855,32.988,73.647,9.948,-0.381,2.936,10.238,-36.779,55.104,-0.235,20.127,9.458,
2025-08-06 06:28:36.988,place_to_retreat_middlecase,-746.396,179.59,557.62,166.58,179.93,75.94,-13.038,-21.157,-106.127,-180.177,52.567,76.737,3.109,-11.09,17.037,-0.048,6.163,2.884,8.861,28.142,74.14,9.943,-0.477,3.005,9.346,-36.222,60.051,0.01,23.282,8.529,
2025-08-06 06:28:37.087,place_to_retreat_middlecase,-767.849,179.59,557.62,166.58,179.93,75.94,-12.687,-22.45,-104.107,-180.184,53.301,77.088,3.878,-14.466,23.141,0.0,8.551,3.657,8.334,28.772,75.411,9.945,-0.505,3.034,4.789,-30.165,52.381,-0.04,22.357,5.967,
2025-08-06 06:28:37.186,place_to_retreat_middlecase,-794.202,179.59,557.62,166.58,179.93,75.94,-12.283,-24.047,-101.56,-180.192,54.259,77.49,4.057,-17.063,27.409,-0.056,10.59,4.065,7.328,28.293,75.338,9.844,-0.446,3.048,1.807,-19.862,34.799,-0.245,17.016,2.923,
2025-08-06 06:28:37.286,place_to_retreat_middlecase,-823.493,179.59,557.62,166.58,179.93,75.94,-11.859,-25.846,-98.644,-180.2,55.389,77.906,4.238,-18.419,30.066,-0.049,11.937,4.238,6.616,28.734,74.67,9.815,-0.286,3.055,-0.719,-8.107,17.967,-0.003,11.58,-0.428,
2025-08-06 06:28:37.385,place_to_retreat_middlecase,-853.49,179.59,557.62,166.58,179.93,75.94,-11.451,-27.702,-95.567,-180.206,56.623,78.308,3.914,-18.676,30.984,-0.056,12.894,3.98,4.808,28.611,74.193,9.8,-0.099,3.055,-2.696,-2.135,9.275,0.117,9.02,-2.061,
2025-08-06 06:28:37.486,place_to_retreat_middlecase,-883.49,179.59,557.62,166.58,179.93,75.94,-11.07,-29.573,-92.399,-180.212,57.929,78.682,3.699,-18.846,31.921,-0.025,13.741,3.826,4.361,25.926,75.091,9.886,-0.046,3.044,-2.517,-2.001,10.927,-0.004,7.056,-1.701,
2025-08-06 06:28:37.585,place_to_retreat_middlecase,-913.49,179.59,557.62,166.58,179.93,75.94,-10.716,-31.466,-89.129,-180.219,59.311,79.03,3.411,-19.076,33.17,-0.057,14.306,3.64,3.526,21.383,76.073,9.928,-0.027,3.042,-2.498,-0.16,7.98,0.126,2.509,-4.835,
2025-08-06 06:28:37.686,place_to_retreat_middlecase,-943.14,179.59,557.62,166.58,179.93,75.94,-10.384,-33.37,-85.777,-180.223,60.759,79.357,3.199,-18.878,33.517,0.0,14.243,2.859,3.768,17.175,76.419,10.01,0.063,3.047,-3.434,10.128,-12.43,0.283,-4.533,-5.1,
2025-08-06 06:28:37.787,place_to_retreat_middlecase,-970.438,179.59,557.62,166.58,179.93,75.94,-10.093,-35.176,-82.569,-180.227,62.172,79.637,2.717,-17.031,30.659,0.0,13.39,2.61,2.926,15.799,76.353,10.05,0.238,3.059,-5.891,24.806,-41.613,0.0,-14.546,-4.812,
2025-08-06 06:28:37.885,place_to_retreat_middlecase,-993.258,179.59,557.62,166.58,179.93,75.94,-9.858,-36.728,-79.788,-180.231,63.42,79.863,2.027,-13.941,25.236,0.0,11.348,1.902,2.159,14.573,76.375,10.117,0.382,3.077,-7.342,35.678,-64.668,0.0,-25.797,-5.974,
2025-08-06 06:28:37.987,place_to_retreat_middlecase,-1010.248,179.59,557.62,166.58,179.93,75.94,-9.695,-37.911,-77.648,-180.234,64.391,80.024,1.249,-9.895,17.725,0.0,8.231,1.415,1.793,12.494,76.351,10.212,0.489,3.086,-6.034,40.242,-71.879,0.0,-32.4,-5.615,
2025-08-06 06:28:38.088,place_to_retreat_middlecase,-1021.064,179.59,557.62,166.58,179.93,75.94,-9.594,-38.688,-76.245,-180.235,65.036,80.12,0.802,-5.772,10.644,0.0,4.771,0.762,2.636,10.756,77.289,10.385,0.481,3.082,-4.741,37.501,-67.522,0.0,-30.906,-6.136,
2025-08-06 06:28:38.187,place_to_retreat_middlecase,-1026.429,179.59,557.62,166.58,179.93,75.94,-9.542,-39.081,-75.528,-180.236,65.366,80.177,0.301,-2.395,4.221,0.0,2.049,0.188,3.112,6.495,77.61,10.484,0.448,3.094,-4.071,27.655,-50.524,0.0,-22.55,-3.732,
2025-08-06 06:28:38.285,place_to_retreat_middlecase,-1028.009,179.59,557.62,166.58,179.93,75.94,-9.528,-39.201,-75.308,-180.236,65.469,80.192,0.0,-0.324,0.691,0.0,0.328,0.027,3.727,3.62,78.611,10.641,0.348,3.078,-1.511,12.033,-21.211,0.0,-10.298,-0.943,
2025-08-06 06:28:38.386,place_to_retreat_middlecase,-1028.09,179.59,557.62,166.55,179.93,75.91,-9.527,-39.206,-75.294,-180.236,65.476,80.194,0.0,0.0,0.0,0.0,0.0,0.0,4.726,0.546,79.276,10.776,0.123,3.045,0.0,1.765,-3.456,0.0,-1.642,-0.133,waypoint
2025-08-06 06:28:38.485,place_to_retreat_middlecase,-1028.09,179.59,557.651,166.551,179.93,75.911,-9.527,-39.204,-75.295,-180.236,65.476,80.194,0.0,0.029,0.0,0.0,0.0,0.0,5.067,-0.137,79.493,10.838,-0.073,3.007,0.0,4.175,6.27,0.0,10.868,0.0,
2025-08-06 06:28:38.585,place_to_retreat_middlecase,-1028.09,179.59,559.047,166.551,179.93,75.911,-9.527,-39.174,-75.251,-180.236,65.562,80.194,0.0,0.831,1.248,0.0,2.163,0.0,4.989,3.819,80.869,11.008,-0.002,2.995,0.0,11.754,16.459,0.0,28.825,0.0,
2025-08-06 06:28:38.686,place_to_retreat_middlecase,-1028.09,179.59,564.556,166.551,179.93,75.911,-9.527,-39.017,-75.029,-180.236,65.953,80.194,0.0,2.392,3.308,0.0,5.794,0.0,4.628,14.011,83.496,11.336,0.072,2.979,0.0,17.899,25.289,0.0,41.32,0.0,
2025-08-06 06:28:38.786,place_to_retreat_middlecase,-1028.09,179.59,575.911,166.551,179.93,75.911,-9.527,-38.674,-74.545,-180.235,66.78,80.194,0.0,4.429,6.331,0.0,10.468,0.0,4.44,20.085,85.18,11.623,0.056,2.97,0.0,17.691,29.314,0.195,44.97,0.0,
2025-08-06 06:28:38.886,place_to_retreat_middlecase,-1028.09,179.59,593.215,166.551,179.93,75.911,-9.527,-38.151,-73.768,-180.229,68.064,80.194,0.0,5.93,9.171,0.039,14.788,0.0,4.428,21.96,85.417,11.796,0.091,2.951,0.0,10.019,26.096,0.078,36.334,0.0,
2025-08-06 06:28:38.986,place_to_retreat_middlecase,-1028.09,179.59,614.913,166.551,179.93,75.911,-9.527,-37.522,-72.73,-180.22,69.709,80.193,0.0,6.432,11.55,0.016,17.735,0.0,4.492,21.23,85.287,11.934,0.09,2.907,0.0,0.961,15.665,-0.024,16.684,-0.001,
2025-08-06 06:28:39.085,place_to_retreat_middlecase,-1028.09,179.59,638.227,166.551,179.93,75.911,-9.527,-36.886,-71.534,-180.212,71.514,80.191,0.0,6.121,12.289,0.034,18.108,-0.0,4.719,18.596,83.859,11.862,0.143,2.869,0.0,-8.65,-1.898,-0.02,-8.953,-0.324,
2025-08-06 06:28:39.185,place_to_retreat_middlecase,-1028.09,179.59,659.925,166.551,179.93,75.911,-9.527,-36.337,-70.341,-180.205,73.231,80.183,0.0,4.711,11.172,0.012,15.953,-0.065,5.116,13.861,81.597,11.613,0.192,2.8,0.0,-13.965,-18.133,-0.151,-30.637,-0.122,
2025-08-06 06:28:39.287,place_to_retreat_middlecase,-1028.09,179.59,677.229,166.551,179.93,75.911,-9.527,-35.939,-69.332,-180.201,74.63,80.171,0.0,3.3,8.626,0.004,11.919,-0.025,5.343,14.085,80.594,11.516,0.222,2.68,0.0,-14.976,-29.35,-0.058,-44.618,0.2,
2025-08-06 06:28:39.386,place_to_retreat_middlecase,-1028.09,179.59,688.584,166.551,179.93,75.911,-9.526,-35.691,-68.639,-180.198,75.564,80.165,0.0,1.701,5.273,0.0,6.985,-0.024,5.456,12.034,79.638,11.382,0.234,2.626,0.0,-13.705,-33.186,-0.018,-46.866,0.125,
2025-08-06 06:28:39.486,place_to_retreat_middlecase,-1028.09,179.59,694.093,166.551,179.93,75.911,-9.525,-35.581,-68.287,-180.197,76.032,80.16,0.0,0.573,2.022,0.0,2.593,0.0,5.525,14.494,80.042,11.425,0.256,2.594,0.0,-8.461,-25.379,0.0,-33.413,0.107,
2025-08-06 06:28:39.587,place_to_retreat_middlecase,-1028.09,179.59,695.489,166.551,179.93,75.911,-9.525,-35.558,-68.195,-180.197,76.156,80.158,0.0,0.0,0.172,0.0,0.269,-0.003,5.596,18.82,81.903,11.658,0.246,2.587,0.0,-2.878,-10.164,0.0,-13.03,0.0,waypoint
2025-08-06 06:28:39.685,place_to_retreat_middlecase,-1028.09,179.59,695.52,166.56,179.93,75.92,-9.524,-35.558,-68.192,-180.197,76.161,80.157,0.0,0.0,-0.001,0.0,0.0,0.0,5.396,22.311,84.112,11.948,0.18,2.591,0.021,0.0,-0.863,0.0,-1.344,0.014,
2025-08-06 06:28:39.787,place_to_retreat_middlecase,-1028.063,179.57,695.556,166.562,179.93,75.93,-9.523,-35.558,-68.192,-180.197,76.161,80.157,0.004,0.0,-0.001,0.0,0.0,0.0,5.346,22.927,84.494,12.013,0.093,2.608,1.24,3.342,-2.892,0.0,2.111,16.708,
2025-08-06 06:28:39.885,place_to_retreat_middlecase,-1027.556,179.202,696.232,166.606,179.93,76.119,-9.51,-35.535,-68.218,-180.197,76.177,80.249,0.248,0.668,-0.58,0.0,0.422,3.342,6.142,24.949,84.057,12.041,0.149,2.772,3.415,12.625,-8.677,0.0,5.541,39.02,
2025-08-06 06:28:39.985,place_to_retreat_middlecase,-1025.844,177.961,698.503,166.755,179.93,76.757,-9.463,-35.379,-68.335,-180.197,76.248,80.799,0.68,2.5,-1.719,0.0,1.097,7.726,7.069,32.824,84.687,12.218,0.341,3.08,4.852,20.835,-11.996,0.003,7.556,51.619,
2025-08-06 06:28:40.085,place_to_retreat_middlecase,-1022.38,175.476,703.046,167.054,179.931,78.04,-9.365,-35.009,-68.569,-180.196,76.396,81.873,1.218,4.835,-2.979,0.001,1.933,13.665,7.469,35.973,85.052,12.3,0.391,3.144,5.818,22.313,-13.014,0.044,7.888,60.223,
2025-08-06 06:28:40.186,place_to_retreat_middlecase,-1016.892,171.597,710.113,167.527,179.932,80.055,-9.208,-34.415,-68.937,-180.19,76.627,83.549,1.85,6.985,-4.335,0.009,2.683,19.831,7.624,37.85,85.093,12.404,0.387,3.169,6.373,21.244,-12.365,0.122,6.847,56.822,
2025-08-06 06:28:40.286,place_to_retreat_middlecase,-1009.417,166.432,719.485,168.167,179.934,82.763,-8.989,-33.6,-69.43,-180.184,76.941,85.811,2.499,9.105,-5.464,0.025,3.31,25.087,7.594,39.607,84.718,12.424,0.387,3.19,4.711,17.346,-9.979,0.119,6.672,46.501,
2025-08-06 06:28:40.386,place_to_retreat_middlecase,-1000.319,160.317,730.522,168.942,179.936,86.01,-8.724,-32.625,-70.027,-180.179,77.318,88.537,2.792,10.454,-6.331,0.033,4.017,29.131,7.168,39.796,84.223,12.319,0.357,3.202,1.716,8.166,-5.476,-0.062,4.339,25.683,
2025-08-06 06:28:40.486,place_to_retreat_middlecase,-990.245,153.756,742.295,169.798,179.938,89.547,-8.439,-31.555,-70.673,-180.173,77.731,91.507,2.842,10.739,-6.559,0.013,4.178,30.223,6.257,39.191,83.589,12.191,0.307,3.205,0.56,2.006,-0.978,-0.052,-0.345,3.612,
2025-08-06 06:28:40.587,place_to_retreat_middlecase,-979.847,147.201,753.984,170.68,179.94,93.143,-8.153,-30.476,-71.328,-180.166,78.145,94.51,2.904,10.857,-6.527,0.022,3.948,29.857,6.096,40.173,83.05,12.089,0.282,3.188,0.526,0.785,0.476,0.026,-0.426,0.046,
2025-08-06 06:28:40.686,place_to_retreat_middlecase,-969.245,140.732,765.452,171.582,179.942,96.757,-7.869,-29.407,-71.984,-180.162,78.559,97.515,2.948,10.896,-6.464,0.018,4.092,30.232,6.208,43.438,83.669,12.11,0.248,3.184,-0.194,-1.043,-0.697,-0.104,1.763,0.625,
2025-08-06 06:28:40.786,place_to_retreat_middlecase,-958.443,134.351,776.694,172.507,179.944,100.394,-7.583,-28.339,-72.639,-180.155,78.976,100.515,2.866,10.65,-6.666,0.001,4.299,29.981,5.933,46.436,83.423,12.084,0.268,3.182,-0.582,-1.06,-0.461,-0.074,1.065,-1.958,
2025-08-06 06:28:40.886,place_to_retreat_middlecase,-947.445,128.063,787.71,173.457,179.947,104.057,-7.295,-27.263,-73.295,-180.15,79.393,103.511,2.831,10.684,-6.556,0.003,4.305,29.841,5.942,48.919,83.393,12.019,0.277,3.198,-0.004,0.23,0.359,0.177,-0.974,0.793,
2025-08-06 06:28:40.987,place_to_retreat_middlecase,-936.256,121.869,798.495,174.437,179.949,107.75,-7.009,-26.198,-73.947,-180.143,79.809,106.513,2.865,10.696,-6.594,0.037,4.103,30.141,5.949,52.809,83.845,12.096,0.245,3.23,0.351,-0.001,0.123,0.035,-1.075,0.767,
2025-08-06 06:28:41.086,place_to_retreat_middlecase,-924.882,115.773,809.048,175.45,179.951,111.476,-6.723,-25.13,-74.605,-180.139,80.224,109.513,2.902,10.683,-6.532,0.01,4.09,29.994,6.147,54.839,83.711,12.04,0.252,3.269,-0.269,-1.2,0.411,-0.184,-0.249,-1.722,
2025-08-06 06:28:41.186,place_to_retreat_middlecase,-913.327,109.779,819.366,176.503,179.953,115.242,-6.438,-24.06,-75.259,-180.132,80.638,112.508,2.811,10.457,-6.512,0.0,4.053,29.798,5.899,57.186,83.675,12.028,0.234,3.291,0.137,0.882,-0.212,-0.029,0.722,0.616,
2025-08-06 06:28:41.288,place_to_retreat_middlecase,-901.597,103.888,829.447,177.601,179.955,119.053,-6.152,-22.988,-75.915,-180.126,81.056,115.511,2.929,10.862,-6.575,0.004,4.236,30.119,6.016,59.487,83.597,12.009,0.226,3.339,0.114,1.898,0.157,0.1,1.037,0.81,
2025-08-06 06:28:41.386,place_to_retreat_middlecase,-889.696,98.103,839.288,178.752,179.957,122.916,-5.866,-21.922,-76.569,-180.12,81.473,118.51,2.834,10.836,-6.481,0.02,4.261,29.96,6.125,62.071,84.082,12.032,0.192,3.387,-0.257,-0.756,0.068,0.064,-0.126,-1.337,
2025-08-06 06:28:41.487,place_to_retreat_middlecase,-877.63,92.428,848.889,179.964,179.959,126.841,-5.581,-20.855,-77.225,-180.114,81.888,121.506,2.878,10.711,-6.561,0.017,4.211,29.853,5.95,64.297,83.859,11.983,0.239,3.395,-0.121,-0.953,-0.389,-0.008,-0.821,0.28,
2025-08-06 06:28:41.585,place_to_retreat_middlecase,-865.405,86.865,858.246,1.248,-179.961,-49.162,-5.294,-19.78,-77.88,-180.108,82.304,124.507,2.81,10.647,-6.558,0.019,4.097,30.016,5.912,64.774,83.707,11.911,0.257,3.427,-0.213,0.224,-0.212,0.116,-0.403,0.5,
2025-08-06 06:28:41.685,place_to_retreat_middlecase,-853.025,81.416,867.357,2.616,-179.963,-45.081,-5.009,-18.716,-78.533,-180.102,82.719,127.508,2.836,10.755,-6.603,0.04,4.131,29.952,6.104,68.373,84.25,11.995,0.253,3.454,0.185,0.318,-0.327,0.021,0.363,-1.011,
2025-08-06 06:28:41.789,place_to_retreat_middlecase,-840.495,76.083,876.222,4.084,-179.965,-40.9,-4.723,-17.648,-79.191,-180.096,83.136,130.5,2.848,10.712,-6.625,0.023,4.172,29.81,6.211,69.627,84.158,11.956,0.248,3.457,0.131,-1.377,0.036,-0.181,-0.609,0.943,
2025-08-06 06:28:41.886,place_to_retreat_middlecase,-827.823,70.87,884.837,5.671,-179.967,-36.6,-4.436,-16.578,-79.843,-180.09,83.551,133.502,2.862,10.479,-6.596,0.003,4.009,30.141,5.995,70.372,84.089,11.917,0.246,3.474,0.259,0.346,0.591,-0.089,0.292,0.9,
2025-08-06 06:28:41.987,place_to_retreat_middlecase,-815.012,65.777,893.202,7.4,-179.969,-32.159,-4.149,-15.506,-80.499,-180.083,83.966,136.502,2.899,10.78,-6.508,0.006,4.229,29.988,6.1,72.385,84.048,11.894,0.292,3.523,0.041,1.809,0.695,0.201,1.152,-1.773,
2025-08-06 06:28:42.085,place_to_retreat_middlecase,-802.068,60.808,901.314,9.301,-179.971,-27.545,-3.863,-14.439,-81.154,-180.078,84.382,139.498,2.87,10.839,-6.457,0.043,4.238,29.789,6.27,73.855,84.522,11.947,0.261,3.497,-0.24,-0.97,-0.316,0.001,0.079,0.547,
2025-08-06 06:28:42.185,place_to_retreat_middlecase,-788.998,55.964,909.173,11.41,-179.973,-22.723,-3.576,-13.372,-81.81,-180.071,84.799,142.501,2.851,10.588,-6.57,0.006,4.245,30.096,6.161,74.733,83.834,11.888,0.423,3.394,-0.017,-1.036,-0.675,-0.104,-0.577,0.531,
2025-08-06 06:28:42.286,place_to_retreat_middlecase,-775.807,51.247,916.776,13.774,-179.975,-17.647,-3.291,-12.3,-82.465,-180.066,85.215,145.5,2.867,10.63,-6.593,0.022,4.122,29.895,6.009,75.984,83.961,11.86,0.416,3.399,-0.035,0.986,-0.195,0.009,-1.07,-1.167,
2025-08-06 06:28:42.385,place_to_retreat_middlecase,-762.5,46.659,924.123,16.453,-179.977,-12.255,-3.006,-11.233,-83.118,-180.059,85.63,148.494,2.844,10.785,-6.61,0.008,4.031,29.863,6.237,77.412,84.107,11.9,0.411,3.454,-0.09,0.56,0.42,-0.072,-0.327,1.215,
2025-08-06 06:28:42.486,place_to_retreat_middlecase,-749.083,42.202,931.212,19.523,-179.979,-6.471,-2.72,-10.166,-83.776,-180.055,86.044,151.497,2.849,10.742,-6.509,0.008,4.057,30.138,6.463,77.864,84.121,11.872,0.431,3.454,-0.107,-0.789,0.487,0.008,1.36,0.405,
2025-08-06 06:28:42.586,place_to_retreat_middlecase,-735.562,37.877,938.043,23.084,-179.98,-0.197,-2.434,-9.096,-84.429,-180.049,86.462,154.497,2.823,10.627,-6.512,0.009,4.304,29.944,6.114,78.799,84.026,11.872,0.465,3.46,0.223,0.196,-0.056,-0.033,1.172,-1.251,
2025-08-06 06:28:42.685,place_to_retreat_middlecase,-721.944,33.686,944.613,27.261,-179.982,6.693,-2.147,-8.023,-85.085,-180.043,86.879,157.492,2.893,10.781,-6.52,0.001,4.29,29.889,6.239,79.046,83.776,11.835,0.478,3.463,0.0,0.525,0.418,-0.002,-0.462,0.695,
2025-08-06 06:28:42.785,place_to_retreat_middlecase,-708.233,29.63,950.923,32.211,-179.984,14.355,-1.863,-6.959,-85.739,-180.037,87.294,160.494,2.823,10.731,-6.429,0.009,4.212,30.083,6.486,80.372,84.207,11.896,0.509,3.471,-0.161,-1.063,-0.172,0.049,-0.921,0.056,
2025-08-06 06:28:42.885,place_to_retreat_middlecase,-694.436,25.71,956.97,38.119,-179.985,22.976,-1.576,-5.892,-86.395,-180.032,87.71,163.495,2.861,10.569,-6.555,0.011,4.106,29.9,6.273,81.053,83.892,11.834,0.549,3.493,0.048,-0.931,-0.71,0.059,-0.705,-1.435,
2025-08-06 06:28:42.986,place_to_retreat_middlecase,-680.559,21.928,962.755,45.18,-179.987,32.751,-1.289,-4.819,-87.049,-180.025,88.126,166.49,2.833,10.544,-6.571,0.021,4.071,29.794,6.328,80.507,83.855,11.813,0.539,3.504,0.155,1.055,-0.037,-0.031,-0.154,1.003,
2025-08-06 06:28:43.086,place_to_retreat_middlecase,-666.612,18.286,968.275,53.547,-179.988,43.83,-1.003,-3.752,-87.703,-180.019,88.544,169.491,2.892,10.781,-6.562,0.005,4.075,30.102,6.31,82.317,83.964,11.869,0.566,3.519,-0.554,-1.714,2.325,-0.016,-1.833,-8.169,
2025-08-06 06:28:43.188,place_to_retreat_middlecase,-653.021,14.887,973.377,62.924,-179.988,55.837,-0.723,-2.708,-88.343,-180.013,88.948,172.411,2.721,10.198,-6.102,0.017,3.701,28.144,6.417,81.162,84.086,11.837,0.554,3.534,-3.035,-10.396,6.931,0.055,-3.726,-31.522,
2025-08-06 06:28:43.289,place_to_retreat_middlecase,-640.869,11.972,977.71,72.142,-179.989,67.396,-0.474,-1.766,-88.91,-180.008,89.309,175.019,2.276,8.67,-5.155,0.016,3.318,23.703,6.303,77.554,83.483,11.743,0.5,3.515,-4.9,-18.075,10.098,-0.063,-6.043,-48.958,
2025-08-06 06:28:43.388,place_to_retreat_middlecase,-631.065,9.704,981.052,79.906,-179.989,77.044,-0.271,-1.006,-89.372,-180.003,89.601,177.132,1.741,6.583,-4.082,0.005,2.492,18.352,6.389,76.22,83.566,11.705,0.474,3.516,-5.799,-21.5,12.601,-0.081,-8.589,-59.068,
2025-08-06 06:28:43.488,place_to_retreat_middlecase,-624.106,8.139,983.342,85.448,-179.989,83.92,-0.132,-0.46,-89.701,-180.001,89.81,178.635,1.122,4.392,-2.647,0.0,1.609,11.949,6.288,74.48,83.682,11.677,0.448,3.516,-5.782,-21.908,14.061,-0.025,-8.293,-61.551,
2025-08-06 06:28:43.586,place_to_retreat_middlecase,-619.987,7.23,984.664,88.694,-179.989,87.955,-0.045,-0.142,-89.897,-180.0,89.933,179.527,0.596,2.245,-1.298,0.0,0.85,6.165,6.467,75.277,83.715,11.676,0.457,3.514,-4.541,-18.947,11.273,0.0,-6.736,-48.086,
2025-08-06 06:28:43.686,place_to_retreat_middlecase,-618.206,6.841,985.23,90.086,-179.989,89.687,-0.006,-0.005,-89.983,-180.0,89.99,179.923,0.223,0.64,-0.415,0.0,0.275,2.428,6.168,76.918,83.74,11.661,0.504,3.517,-2.901,-11.282,6.432,0.0,-4.271,-30.325,
2025-08-06 06:28:43.785,place_to_retreat_middlecase,-617.845,6.762,985.343,90.366,-179.989,90.036,0.007,0.018,-90.003,-179.999,90.002,180.008,0.019,0.0,-0.018,0.0,0.0,0.131,6.311,79.039,83.839,11.704,0.533,3.518,-1.115,-3.2,2.076,0.0,-1.377,-12.138,waypoint
2025-08-06 06:28:43.886,mobile_move_unloader,-617.843,6.762,985.344,90.368,-179.989,90.038,0.008,0.018,-90.004,-179.999,90.002,180.011,0.0,0.0,0.0,0.0,0.0,0.0,5.507,81.469,84.431,11.754,0.557,3.498,-0.093,0.0,0.09,0.0,0.0,-0.654,
2025-08-06 06:28:45.887,mobile_move_unloader,-617.843,6.762,985.344,90.368,-179.989,90.038,-0.0,-0.001,-90.0,-180.0,90.0,179.999,0.0,0.0,-0.007,0.0,0.0,0.0,3.138,77.649,84.913,11.696,0.318,3.207,0.003,0.0,-0.001,0.0,0.0,0.0,
2025-08-06 06:28:47.885,mobile_move_unloader,-617.843,6.762,985.344,90.368,-179.989,90.038,-0.001,-0.001,-90.0,-180.0,90.0,179.999,0.0,0.0,-0.013,0.0,0.0,0.0,3.231,77.882,84.849,11.677,0.324,3.233,0.0,0.0,0.0,0.0,0.0,0.0,
2025-08-06 06:28:49.787,mobile_move_unloader,-617.843,6.762,985.344,90.368,-179.989,90.038,-0.001,-0.001,-90.0,-180.0,90.0,179.999,0.0,0.0,0.0,0.0,0.0,0.0,3.338,79.117,84.883,11.661,0.419,3.227,0.0,0.0,0.0,0.0,0.0,0.0,
2025-08-06 06:28:51.785,mobile_move_unloader,-617.843,6.762,985.344,90.368,-179.989,90.038,-0.0,-0.001,-90.0,-180.0,90.0,180.0,0.0,0.0,0.0,0.0,0.0,0.0,3.511,79.232,84.865,11.663,0.41,3.246,0.0,0.0,0.0,0.0,0.0,0.0,
2025-08-06 06:28:53.688,mobile_move_unloader,-617.843,6.762,985.344,90.368,-179.989,90.038,-0.001,0.001,-90.0,-180.0,90.0,180.0,0.0,0.0,0.0,0.0,0.0,0.0,6.682,77.136,84.873,11.752,0.414,3.238,0.0,0.0,0.0,0.0,0.0,0.0,
2025-08-06 06:28:55.686,mobile_move_unloader,-617.843,6.762,985.344,90.368,-179.989,90.038,0.0,0.0,-90.0,-180.0,90.0,180.0,0.0,0.0,0.0,0.0,0.0,0.0,2.75,79.233,84.701,11.55,0.418,3.26,0.0,0.0,0.0,0.0,0.0,0.0,
2025-08-06 06:28:57.585,mobile_move_unloader,-617.843,6.762,985.344,90.368,-179.989,90.038,0.0,0.0,-90.0,-180.0,90.0,180.0,0.0,0.0,0.0,0.0,0.0,0.0,2.859,80.87,84.807,11.611,0.423,3.259,0.0,0.0,0.0,0.0,0.0,0.0,
2025-08-06 06:28:59.486,mobile_move_unloader,-617.843,6.762,985.344,90.368,-179.989,90.038,0.001,-0.008,-90.0,-180.0,90.0,180.0,0.0,0.0,0.0,0.0,0.0,0.0,0.563,89.257,84.484,11.575,0.683,3.265,0.0,0.0,0.0,0.0,0.0,0.0,
2025-08-06 06:29:01.486,mobile_move_unloader,-617.843,6.762,985.344,90.368,-179.989,90.038,-0.0,0.01,-90.0,-180.0,90.0,180.0,0.011,-0.009,-0.002,0.0,0.0,0.0,2.718,80.492,84.527,11.512,0.442,3.237,0.0,0.0,-0.032,0.0,0.0,0.0,
2025-08-06 06:29:03.487,mobile_move_unloader,-617.843,6.762,985.344,90.368,-179.989,90.038,-0.001,-0.006,-90.0,-180.0,90.0,180.0,0.021,0.184,0.002,0.0,0.0,0.0,4.09,88.367,86.379,11.909,0.576,3.237,0.189,-0.447,0.0,0.0,0.0,0.0,
2025-08-06 06:29:03.590,mobile_move_unloader,-617.843,6.762,985.344,90.368,-179.989,90.038,-0.0,-0.001,-90.0,-180.0,90.0,180.0,0.0,-0.133,0.0,0.0,0.0,0.0,0.658,72.643,84.137,11.242,0.322,3.215,-0.103,-0.699,0.079,0.0,0.0,0.0,
2025-08-06 06:29:03.886,mobile_move_unloader,-617.843,6.762,985.344,90.368,-179.989,90.038,-0.002,-0.001,-90.0,-180.0,90.0,180.0,0.007,0.015,-0.0,0.0,0.0,0.0,4.258,82.437,85.479,11.745,0.484,3.223,0.0,0.018,0.0,0.0,0.0,0.0,
2025-08-06 06:29:04.187,mobile_move_unloader,-617.843,6.762,985.344,90.368,-179.989,90.038,-0.001,-0.003,-90.0,-180.0,90.0,180.0,0.0,0.001,-0.008,-0.002,0.0,0.0,2.714,81.095,85.563,11.595,0.425,3.212,0.0,0.0,-0.116,0.0,0.0,0.0,
2025-08-06 06:29:04.388,mobile_move_unloader,-617.843,6.762,985.344,90.368,-179.989,90.038,0.001,-0.002,-90.0,-180.0,90.0,180.0,0.0,0.0,0.0,0.0,0.0,0.0,0.677,81.018,85.274,11.467,0.426,3.24,-0.411,0.0,-0.002,0.0,0.0,0.0,
2025-08-06 06:29:04.685,mobile_move_unloader,-617.843,6.762,985.344,90.368,-179.989,90.038,0.0,-0.002,-90.0,-180.0,90.0,180.0,0.0,-0.0,-0.009,0.0,0.0,0.0,2.229,76.44,84.754,11.454,0.372,3.211,0.02,0.0,-0.145,0.0,0.0,0.0,
2025-08-06 06:29:04.888,mobile_move_unloader,-617.843,6.762,985.344,90.368,-179.989,90.038,-0.001,-0.003,-90.0,-180.0,90.0,180.0,0.0,-0.0,0.0,0.0,0.0,0.0,4.519,78.078,84.808,11.625,0.385,3.213,0.0,-0.015,0.145,0.0,0.0,0.0,
2025-08-06 06:29:05.188,mobile_move_unloader,-617.843,6.762,985.344,90.368,-179.989,90.038,-0.0,-0.002,-90.0,-180.0,90.0,180.0,0.0,0.0,0.0,0.0,0.0,0.0,2.434,77.903,84.99,11.528,0.359,3.216,0.0,-0.331,-0.15,0.0,0.0,0.0,
2025-08-06 06:29:05.487,mobile_move_unloader,-617.843,6.762,985.344,90.368,-179.989,90.038,0.001,0.003,-89.999,-180.0,90.0,180.0,-0.024,0.005,0.0,0.0,0.0,0.0,2.071,77.298,85.139,11.523,0.397,3.211,0.0,-0.004,-0.035,0.0,0.0,0.0,
2025-08-06 06:29:05.686,mobile_move_unloader,-617.843,6.762,985.344,90.368,-179.989,90.038,-0.0,0.001,-90.002,-180.0,90.0,180.0,-0.015,-0.002,0.0,0.0,0.0,0.0,2.843,82.776,84.871,11.576,0.516,3.216,-0.012,0.004,-0.045,0.0,0.0,0.0,
2025-08-06 06:29:05.986,mobile_move_unloader,-617.843,6.762,985.344,90.368,-179.989,90.038,-0.002,0.002,-90.0,-180.0,90.0,180.0,0.004,0.0,0.0,0.0,0.0,0.0,4.611,76.937,84.815,11.639,0.355,3.211,0.013,0.0,0.0,0.0,0.0,0.0,
2025-08-06 06:29:06.286,mobile_move_unloader,-617.843,6.762,985.344,90.368,-179.989,90.038,0.004,-0.013,-90.001,-180.0,90.0,180.0,-0.206,0.157,0.048,0.0,0.0,0.0,-0.782,90.027,86.838,11.652,0.619,3.213,-1.333,-0.237,0.115,0.0,0.0,0.0,
2025-08-06 06:29:06.386,mobile_move_unloader,-617.843,6.762,985.344,90.368,-179.989,90.038,0.0,-0.008,-90.001,-180.0,90.0,180.0,-0.214,-0.047,-0.001,0.0,0.0,0.0,2.029,81.636,84.393,11.508,0.532,3.217,1.022,-0.765,-0.219,0.0,0.0,0.0,
2025-08-06 06:29:08.587,mobile_move_unloader,-617.843,6.762,985.344,90.368,-179.989,90.038,-0.0,0.002,-90.0,-180.0,90.0,180.0,0.0,0.0,0.0,0.0,0.0,0.0,4.724,78.764,85.296,11.686,0.395,3.195,0.0,0.0,0.0,0.0,0.0,0.0,
2025-08-06 06:29:10.687,mobile_move_unloader,-617.843,6.762,985.344,90.368,-179.989,90.038,0.0,-0.001,-90.0,-180.0,90.0,180.0,0.0,0.0,0.0,0.0,0.0,0.0,3.434,79.14,85.153,11.625,0.369,3.192,0.0,0.0,0.0,0.0,0.0,0.0,
2025-08-06 06:29:12.787,mobile_move_unloader,-617.843,6.762,985.344,90.368,-179.989,90.038,-0.0,-0.007,-90.0,-180.0,90.0,180.0,0.0,0.0,0.0,0.0,0.0,0.0,3.632,78.637,85.067,11.616,0.498,3.212,0.0,0.0,0.0,0.0,0.0,0.0,
2025-08-06 06:29:14.988,mobile_move_unloader,-617.843,6.762,985.344,90.368,-179.989,90.038,-0.0,-0.0,-90.0,-180.0,90.0,180.0,0.0,0.0,0.0,0.0,0.0,0.0,3.062,81.352,85.112,11.637,0.49,3.207,0.0,0.0,0.0,0.0,0.0,0.0,
2025-08-06 06:29:17.087,mobile_move_unloader,-617.843,6.762,985.344,90.368,-179.989,90.038,-0.0,0.0,-90.0,-180.0,90.0,180.0,0.0,0.0,0.0,0.0,0.0,0.0,2.609,81.706,85.095,11.626,0.484,3.217,0.0,0.0,0.0,0.0,0.0,0.0,
2025-08-06 06:29:19.186,mobile_move_unloader,-617.843,6.762,985.344,90.368,-179.989,90.038,-0.0,0.005,-90.0,-180.0,90.0,180.0,0.0,0.0,0.0,0.0,0.0,0.0,2.645,83.53,85.113,11.638,0.522,3.195,-0.0,0.0,0.001,0.0,0.0,0.0,
2025-08-06 06:29:21.386,mobile_move_unloader,-617.843,6.762,985.344,90.368,-179.989,90.038,-0.001,0.002,-90.0,-180.0,90.0,180.0,0.0,0.0,0.0,0.0,0.0,0.0,2.992,80.23,85.134,11.622,0.454,3.197,0.0,0.0,0.0,0.0,0.0,0.0,
2025-08-06 06:29:23.487,mobile_move_unloader,-617.843,6.762,985.344,90.368,-179.989,90.038,-0.0,-0.0,-90.0,-180.0,90.0,180.0,0.0,0.0,0.0,0.0,0.0,0.0,3.135,79.807,85.12,11.619,0.45,3.199,0.0,0.0,0.0,0.0,0.0,0.0,
2025-08-06 06:29:25.586,mobile_move_unloader,-617.843,6.762,985.344,90.368,-179.989,90.038,0.0,-0.0,-90.0,-180.0,90.0,180.0,0.0,0.0,0.0,0.0,0.0,0.0,3.225,80.043,85.099,11.619,0.456,3.206,0.0,0.0,0.0,0.0,0.0,0.0,
2025-08-06 06:29:27.786,mobile_move_unloader,-617.843,6.762,985.344,90.368,-179.989,90.038,0.004,-0.017,-90.0,-180.0,90.0,180.0,0.0,0.003,0.001,0.0,0.0,0.0,-0.063,95.852,85.711,11.717,0.745,3.218,0.0,0.0,0.0,0.0,0.0,0.0,
2025-08-06 06:29:27.886,mobile_move_unloader,-617.843,6.762,985.344,90.368,-179.989,90.038,0.004,-0.014,-90.0,-180.0,90.0,180.0,0.0,0.0,0.0,0.0,0.0,0.0,1.413,84.196,84.865,11.557,0.551,3.215,0.0,-0.015,-0.006,0.0,0.0,0.0,
2025-08-06 06:29:29.486,mobile_move_unloader,-617.843,6.762,985.344,90.368,-179.989,90.038,0.0,-0.004,-90.0,-180.0,90.0,180.0,0.0,0.0,0.0,0.0,0.0,0.0,2.314,83.41,85.138,11.639,0.458,3.212,0.0,0.0,0.0,0.0,0.0,0.0,
2025-08-06 06:29:31.086,mobile_move_unloader,-617.843,6.762,985.344,90.368,-179.989,90.038,-0.0,0.001,-90.0,-180.0,90.0,180.0,0.0,0.0,0.0,0.0,0.0,0.0,2.422,82.546,85.056,11.62,0.468,3.204,0.0,0.0,0.0,0.0,0.0,0.0,
2025-08-06 06:29:32.586,mobile_move_unloader,-617.843,6.762,985.344,90.368,-179.989,90.038,-0.0,0.001,-90.0,-180.0,90.0,180.0,0.0,0.0,0.0,0.0,0.0,0.0,2.574,82.766,85.073,11.62,0.464,3.209,0.0,0.0,0.0,0.0,0.0,0.0,
2025-08-06 06:29:34.186,mobile_move_unloader,-617.843,6.762,985.344,90.368,-179.989,90.038,-0.0,0.001,-90.0,-180.0,90.0,180.0,0.0,0.0,0.0,0.0,0.0,0.0,2.747,81.037,85.114,11.602,0.441,3.207,0.0,0.0,0.0,0.0,0.0,0.0,
2025-08-06 06:29:35.785,mobile_move_unloader,-617.843,6.762,985.344,90.368,-179.989,90.038,-0.0,0.001,-90.0,-180.0,90.0,180.0,0.0,0.0,0.0,0.0,0.0,0.0,2.399,81.99,85.109,11.616,0.476,3.211,0.0,0.0,0.0,0.0,0.0,0.0,
2025-08-06 06:29:37.285,mobile_move_unloader,-617.843,6.762,985.344,90.368,-179.989,90.038,-0.0,0.001,-90.0,-180.0,90.0,180.0,0.0,0.0,0.0,0.0,0.0,0.0,2.556,81.295,85.094,11.6,0.476,3.199,0.0,0.0,0.0,0.0,0.0,0.0,
2025-08-06 06:29:38.887,mobile_move_unloader,-617.843,6.762,985.344,90.368,-179.989,90.038,-0.0,0.001,-90.0,-180.0,90.0,180.0,0.0,0.0,0.0,0.0,0.0,0.0,2.981,80.465,85.078,11.634,0.418,3.203,0.0,0.0,0.0,0.0,0.0,0.0,
2025-08-06 06:29:40.386,mobile_move_unloader,-617.843,6.762,985.344,90.368,-179.989,90.038,-0.0,0.002,-90.0,-180.0,90.0,180.0,0.0,0.0,0.0,0.0,0.0,0.0,2.917,78.894,85.076,11.598,0.393,3.19,0.0,0.0,0.0,0.0,0.0,0.0,
2025-08-06 06:29:41.986,mobile_move_unloader,-617.843,6.762,985.344,90.368,-179.989,90.038,-0.0,0.001,-90.0,-180.0,90.0,180.0,0.0,0.0,0.0,0.0,0.0,0.0,2.576,81.429,85.075,11.626,0.419,3.198,0.0,0.0,0.0,0.0,0.0,0.0,
2025-08-06 06:29:43.587,mobile_move_unloader_to_approach_middlecase,-617.921,6.607,985.128,90.24,-179.989,89.837,0.005,-0.001,-90.006,-180.0,89.989,179.995,0.202,-0.003,-0.349,0.0,-0.559,-0.575,2.573,82.174,84.897,11.609,0.425,3.183,9.798,-2.355,-10.736,0.0,-15.194,-43.83,
2025-08-06 06:29:43.686,mobile_move_unloader_to_approach_middlecase,-618.613,5.23,983.211,89.016,-179.989,87.965,0.101,-0.015,-90.122,-180.0,89.82,179.498,1.95,-0.469,-2.137,0.0,-3.024,-8.722,6.904,78.191,82.788,11.541,0.013,2.741,22.845,-9.532,-21.708,-0.011,-30.471,-94.892,
2025-08-06 06:29:43.787,mobile_move_unloader_to_approach_middlecase,-620.529,1.421,977.906,84.605,-179.991,81.759,0.435,-0.137,-90.456,-180.0,89.346,178.097,4.771,-1.909,-4.69,-0.002,-6.653,-19.553,9.876,70.569,80.866,11.402,-0.355,2.468,29.111,-15.788,-26.63,-0.474,-39.236,-120.057,
2025-08-06 06:29:43.886,mobile_move_unloader_to_approach_middlecase,-624.068,-5.613,968.109,70.075,-179.994,63.914,1.065,-0.411,-91.066,-180.005,88.46,175.479,7.772,-3.626,-7.463,-0.095,-10.871,-32.734,10.77,66.464,80.044,11.233,-0.542,2.368,30.085,-18.003,-26.41,-0.057,-43.322,-131.055,
2025-08-06 06:29:43.986,mobile_move_unloader_to_approach_middlecase,-629.346,-16.106,953.495,23.151,-179.995,12.045,2.001,-0.864,-91.945,-180.015,87.128,171.531,10.758,-5.492,-9.946,-0.014,-15.274,-45.633,11.178,66.734,80.529,11.102,-0.579,2.345,26.338,-19.132,-20.036,0.198,-39.845,-118.92,
2025-08-06 06:29:44.086,mobile_move_unloader_to_approach_middlecase,-636.181,-29.694,934.569,158.977,179.991,141.467,3.197,-1.503,-93.034,-180.026,85.403,166.371,13.04,-7.453,-11.47,-0.055,-18.84,-56.518,10.57,65.011,80.129,10.843,-0.578,2.328,16.408,-18.211,-10.47,-0.293,-27.965,-88.727,
2025-08-06 06:29:44.187,mobile_move_unloader_to_approach_middlecase,-644.121,-45.478,912.586,146.766,179.985,121.819,4.558,-2.332,-94.214,-180.038,83.399,160.315,14.056,-9.152,-12.05,-0.072,-20.895,-63.467,9.467,68.616,81.272,10.869,-0.571,2.351,4.814,-13.339,1.654,-0.331,-11.343,-42.613,
2025-08-06 06:29:44.288,mobile_move_unloader_to_approach_middlecase,-652.528,-62.19,889.309,144.404,179.977,111.58,5.968,-3.302,-95.363,-180.051,81.283,153.846,14.012,-10.147,-11.136,-0.122,-21.131,-65.125,7.886,69.908,82.58,10.929,-0.632,2.369,-2.772,-9.456,10.681,-0.177,-0.277,-10.195,
2025-08-06 06:29:44.386,mobile_move_unloader_to_approach_middlecase,-660.967,-78.967,865.942,145.174,179.97,104.445,7.334,-4.366,-96.411,-180.065,79.174,147.307,13.505,-11.034,-9.925,-0.108,-20.95,-65.496,6.745,72.356,83.228,10.94,-0.63,2.386,-5.005,-8.331,11.256,0.278,2.233,-4.845,
2025-08-06 06:29:44.486,mobile_move_unloader_to_approach_middlecase,-669.406,-95.744,842.576,147.21,179.962,98.575,8.661,-5.509,-97.355,-180.079,77.085,140.722,13.021,-11.797,-8.907,-0.067,-20.689,-66.085,6.676,71.298,82.567,10.833,-0.697,2.386,-4.419,-8.737,10.331,0.239,2.247,-4.192,
2025-08-06 06:29:44.586,mobile_move_unloader_to_approach_middlecase,-677.845,-112.52,819.211,149.874,179.955,93.333,9.941,-6.74,-98.187,-180.092,75.018,134.102,12.621,-12.781,-7.859,-0.06,-20.501,-66.335,6.716,70.226,82.135,10.781,-0.759,2.356,-6.414,-5.828,12.304,-0.28,6.968,11.769,
2025-08-06 06:29:44.689,mobile_move_unloader_to_approach_middlecase,-686.113,-128.956,796.319,152.83,179.948,88.544,11.164,-8.028,-98.901,-180.105,73.015,127.554,11.719,-12.98,-6.409,-0.124,-19.274,-63.695,5.956,69.271,81.557,10.647,-0.816,2.345,-14.166,4.277,15.292,0.025,20.158,55.078,
2025-08-06 06:29:44.786,mobile_move_unloader_to_approach_middlecase,-693.594,-143.827,775.607,155.691,179.942,84.397,12.242,-9.271,-99.454,-180.115,71.223,121.573,9.788,-11.926,-4.8,-0.055,-16.469,-55.319,3.904,72.839,82.081,10.684,-0.834,2.382,-21.656,17.627,15.861,0.468,33.065,102.784,
2025-08-06 06:29:44.886,mobile_move_unloader_to_approach_middlecase,-699.723,-156.011,758.637,158.127,179.937,81.091,13.107,-10.346,-99.848,-180.124,69.77,116.626,7.453,-9.507,-3.285,-0.032,-12.761,-43.447,2.196,76.799,82.555,10.685,-0.827,2.407,-23.773,26.38,14.637,0.216,39.606,129.471,
2025-08-06 06:29:44.987,mobile_move_unloader_to_approach_middlecase,-704.17,-164.853,746.322,159.934,179.933,78.731,13.726,-11.156,-100.098,-180.131,68.723,112.999,5.009,-6.624,-1.858,-0.011,-8.508,-29.295,1.142,79.018,82.683,10.707,-0.838,2.423,-23.826,28.183,11.827,0.157,40.86,137.131,
2025-08-06 06:29:45.087,mobile_move_unloader_to_approach_middlecase,-706.897,-170.273,738.773,161.055,179.931,77.298,14.104,-11.664,-100.234,-180.135,68.081,110.75,2.664,-3.842,-0.908,0.0,-4.548,-15.884,0.816,76.912,81.653,10.608,-0.886,2.416,-20.278,25.837,7.555,0.053,34.146,116.528,
2025-08-06 06:29:45.188,mobile_move_unloader_to_approach_middlecase,-708.161,-172.786,735.273,161.578,179.93,76.637,14.279,-11.908,-100.295,-180.136,67.78,109.687,0.933,-1.431,-0.34,-0.001,-1.645,-5.873,1.478,74.527,80.834,10.598,-0.959,2.387,-13.227,19.102,4.489,0.0,22.151,76.735,
2025-08-06 06:29:45.288,mobile_move_unloader_to_approach_middlecase,-708.473,-173.407,734.409,161.707,179.93,76.474,14.315,-11.966,-100.312,-180.136,67.702,109.423,0.005,-0.003,-0.005,0.0,-0.096,-0.46,2.932,71.507,80.057,10.583,-1.016,2.364,-4.716,7.225,1.717,0.003,8.309,29.663,waypoint
2025-08-06 06:29:45.386,mobile_move_unloader_to_approach_middlecase,-708.48,-173.42,734.39,161.71,179.93,76.47,14.315,-11.966,-100.312,-180.136,67.699,109.416,-0.0,0.0,0.0,0.0,0.0,0.0,4.429,66.762,79.1,10.516,-1.046,2.379,-0.025,0.015,0.025,0.0,0.483,2.324,
2025-08-06 06:29:45.486,mobile_move_unloader_to_approach_middlecase,-708.48,-173.42,734.372,161.71,179.93,76.47,14.314,-11.965,-100.312,-180.136,67.699,109.416,0.0,0.0,-0.0,0.0,0.0,0.0,4.317,66.097,79.027,10.493,-0.992,2.421,0.002,0.0,-2.201,0.0,-3.269,0.0,
2025-08-06 06:29:45.587,approach_middlecase_to_pick,-708.48,-173.42,734.008,161.71,179.93,76.47,14.313,-11.965,-100.329,-180.136,67.671,109.416,0.0,0.0,-0.442,0.0,-0.657,0.0,4.064,66.03,78.518,10.479,-1.049,2.453,-0.041,-1.121,-5.331,0.0,-8.519,0.0,
2025-08-06 06:29:45.686,approach_middlecase_to_pick,-708.48,-173.42,732.754,161.71,179.93,76.47,14.311,-11.971,-100.404,-180.136,67.561,109.416,-0.008,-0.224,-1.066,0.0,-1.704,0.0,3.598,65.408,77.963,10.458,-1.139,2.491,0.0,-4.324,-7.604,0.0,-11.988,0.0,
2025-08-06 06:29:45.787,approach_middlecase_to_pick,-708.48,-173.42,730.193,161.71,179.93,76.47,14.309,-12.025,-100.56,-180.136,67.33,109.417,0.0,-0.865,-1.963,0.0,-3.055,0.0,3.356,61.283,77.183,10.373,-1.156,2.53,0.03,-6.486,-9.523,-0.037,-12.793,0.0,
2025-08-06 06:29:45.886,approach_middlecase_to_pick,-708.48,-173.42,726.107,161.71,179.93,76.47,14.307,-12.143,-100.81,-180.137,66.962,109.418,-0.002,-1.521,-2.971,-0.007,-4.262,0.0,3.003,60.581,77.077,10.321,-1.138,2.559,0.0,-5.578,-9.459,-0.068,-13.513,0.0,
2025-08-06 06:29:45.985,approach_middlecase_to_pick,-708.48,-173.42,720.508,161.71,179.93,76.47,14.305,-12.313,-101.153,-180.14,66.451,109.42,0.0,-1.969,-3.836,-0.013,-5.73,0.0,2.691,60.589,77.052,10.229,-1.143,2.588,0.011,-4.094,-7.317,0.026,-12.79,0.051,
2025-08-06 06:29:46.086,approach_middlecase_to_pick,-708.48,-173.42,713.639,161.71,179.93,76.47,14.303,-12.528,-101.572,-180.143,65.821,109.425,0.0,-2.34,-4.434,-0.002,-6.82,0.01,2.566,60.423,76.843,10.128,-1.142,2.636,0.0,-3.093,-4.723,-0.001,-8.444,0.027,
2025-08-06 06:29:46.186,approach_middlecase_to_pick,-708.48,-173.42,705.936,161.71,179.93,76.47,14.303,-12.777,-102.034,-180.146,65.115,109.432,0.0,-2.591,-4.785,-0.014,-7.427,0.005,2.377,60.506,76.808,10.109,-1.154,2.708,0.0,-1.893,-1.616,0.009,-3.063,0.029,
2025-08-06 06:29:46.286,approach_middlecase_to_pick,-708.48,-173.42,697.961,161.71,179.93,76.47,14.302,-13.043,-102.508,-180.149,64.378,109.437,0.0,-2.719,-4.758,-0.0,-7.433,0.016,2.329,60.528,76.801,10.085,-1.197,2.776,0.0,-0.154,2.428,0.064,4.426,0.037,
2025-08-06 06:29:46.385,approach_middlecase_to_pick,-708.48,-173.42,690.318,161.71,179.93,76.47,14.302,-13.307,-102.962,-180.152,63.671,109.443,0.0,-2.622,-4.302,-0.001,-6.547,0.013,2.261,60.853,76.886,10.032,-1.233,2.81,0.0,2.147,5.562,-0.024,8.448,-0.08,
2025-08-06 06:29:46.486,approach_middlecase_to_pick,-708.48,-173.42,683.559,161.71,179.93,76.47,14.301,-13.548,-103.356,-180.154,63.043,109.446,0.0,-2.289,-3.645,-0.005,-5.743,0.0,2.149,61.211,76.86,10.028,-1.238,2.822,0.0,4.47,7.712,-0.01,9.991,-0.058,
2025-08-06 06:29:46.587,approach_middlecase_to_pick,-708.48,-173.42,678.105,161.71,179.93,76.47,14.301,-13.747,-103.67,-180.156,62.529,109.448,0.0,-1.719,-2.744,-0.003,-4.529,0.001,2.142,61.597,76.684,10.035,-1.272,2.84,0.0,5.315,9.164,0.018,13.642,0.0,
2025-08-06 06:29:46.686,approach_middlecase_to_pick,-708.48,-173.42,674.174,161.71,179.93,76.47,14.301,-13.89,-103.896,-180.158,62.161,109.451,0.0,-1.226,-1.812,-0.002,-3.015,0.0,2.112,61.199,76.494,9.991,-1.29,2.842,0.0,5.221,8.575,0.014,14.315,-0.005,
2025-08-06 06:29:46.788,approach_middlecase_to_pick,-708.48,-173.42,671.757,161.71,179.93,76.47,14.301,-13.982,-104.037,-180.159,61.93,109.452,0.0,-0.669,-1.021,0.0,-1.651,0.0,2.182,60.941,76.435,9.959,-1.305,2.844,0.0,5.009,7.145,0.008,11.978,0.0,
2025-08-06 06:29:46.886,approach_middlecase_to_pick,-708.48,-173.42,670.614,161.71,179.93,76.47,14.301,-14.025,-104.104,-180.159,61.821,109.453,0.0,-0.225,-0.383,0.0,-0.619,0.0,2.197,60.416,76.193,9.931,-1.311,2.842,0.0,3.357,5.094,0.0,8.055,0.0,
2025-08-06 06:29:46.986,approach_middlecase_to_pick,-708.48,-173.42,670.31,161.71,179.93,76.47,14.301,-14.038,-104.123,-180.159,61.79,109.454,0.0,-0.004,-0.012,0.0,-0.056,0.0,2.261,59.403,75.812,9.915,-1.286,2.839,0.0,1.124,1.917,0.0,3.097,0.0,waypoint
2025-08-06 06:29:47.086,pick_on_middlecase,-708.48,-173.42,670.3,161.72,179.93,76.48,14.301,-14.039,-104.124,-180.159,61.788,109.454,0.0,0.0,0.0,0.0,0.0,0.0,2.299,59.166,75.692,9.907,-1.238,2.84,0.0,0.022,0.062,0.0,0.282,0.0,
2025-08-06 06:29:47.486,pick_on_middlecase,-708.48,-173.42,670.3,161.72,179.93,76.48,14.301,-14.039,-104.123,-180.159,61.789,109.454,0.0,0.0,0.0,0.0,0.0,0.0,2.338,59.383,76.02,9.925,-0.926,2.816,0.0,0.0,0.0,0.0,0.0,0.0,
2025-08-06 06:29:47.786,pick_on_middlecase,-708.48,-173.42,670.3,161.72,179.93,76.48,14.301,-14.039,-104.121,-180.159,61.79,109.454,0.0,0.0,0.0,0.0,0.0,0.0,2.343,59.517,76.139,9.951,-0.908,2.805,0.0,0.0,0.0,0.0,0.0,0.0,
2025-08-06 06:29:48.086,pick_on_middlecase,-708.48,-173.42,670.3,161.72,179.93,76.48,14.301,-14.038,-104.121,-180.159,61.79,109.454,0.0,0.0,0.0,0.0,0.0,0.0,2.34,59.853,76.156,9.967,-0.902,2.79,0.0,0.0,0.0,0.0,0.0,0.0,
2025-08-06 06:29:48.388,pick_on_middlecase,-708.48,-173.42,670.3,161.72,179.93,76.48,14.301,-14.038,-104.121,-180.159,61.79,109.454,0.0,0.0,0.0,0.0,0.0,0.0,2.337,60.525,76.149,9.998,-0.907,2.79,0.0,0.0,0.0,0.0,0.0,0.0,
2025-08-06 06:29:48.686,pick_on_middlecase,-708.48,-173.42,670.3,161.72,179.93,76.48,14.301,-14.036,-104.121,-180.159,61.79,109.454,0.0,0.0,0.0,0.0,0.0,0.0,2.369,61.484,76.136,9.994,-0.915,2.786,0.0,0.0,0.0,0.0,0.0,0.0,
2025-08-06 06:29:48.989,pick_on_middlecase,-708.48,-173.42,670.3,161.72,179.93,76.48,14.301,-14.034,-104.121,-180.159,61.79,109.454,0.0,0.0,0.0,0.0,0.0,0.0,2.382,62.23,76.135,9.997,-0.908,2.775,0.0,0.0,0.0,0.0,0.0,0.0,
2025-08-06 06:29:49.286,pick_on_middlecase,-708.48,-173.42,670.3,161.72,179.93,76.48,14.301,-14.033,-104.121,-180.159,61.79,109.453,0.0,0.0,0.0,0.0,0.0,0.0,2.391,62.614,76.134,10.022,-0.897,2.775,0.0,0.0,0.0,0.0,0.0,0.0,
2025-08-06 06:29:49.588,pick_on_middlecase,-708.48,-173.42,670.3,161.72,179.93,76.48,14.301,-14.032,-104.121,-180.159,61.79,109.453,0.0,0.0,0.0,0.0,0.0,0.0,2.403,62.87,76.137,10.006,-0.901,2.778,0.0,-0.001,0.0,0.0,0.0,0.0,
2025-08-06 06:29:49.889,pick_on_middlecase,-708.48,-173.42,670.3,161.72,179.93,76.48,14.301,-14.031,-104.121,-180.159,61.79,109.453,0.0,0.0,0.0,0.0,0.0,0.0,2.363,62.905,76.129,10.016,-0.914,2.773,0.0,0.0,0.0,0.0,0.0,0.0,
2025-08-06 06:29:50.288,pick_to_retreat_middlecase,-708.48,-173.42,672.636,161.72,179.93,76.48,14.301,-13.983,-104.009,-180.159,61.98,109.453,0.0,1.222,2.399,0.0,4.076,0.0,2.27,67.835,79.082,10.24,-0.651,2.739,0.0,17.482,28.909,0.0,46.978,0.0,
2025-08-06 06:29:50.388,pick_to_retreat_middlecase,-708.48,-173.42,680.292,161.72,179.93,76.48,14.301,-13.738,-103.592,-180.158,62.663,109.453,0.0,3.516,5.854,0.0,9.589,0.0,1.801,76.919,82.272,10.543,-0.242,2.731,0.0,20.738,32.402,0.342,49.281,0.0,
2025-08-06 06:29:50.486,pick_to_retreat_middlecase,-708.48,-173.42,693.537,161.72,179.93,76.48,14.301,-13.286,-102.837,-180.152,63.873,109.452,0.0,5.328,8.815,0.068,13.834,0.0,1.854,78.647,83.113,10.804,-0.119,2.707,0.0,8.704,17.72,0.141,24.735,-0.058,
2025-08-06 06:29:50.587,pick_to_retreat_middlecase,-708.48,-173.42,709.308,161.72,179.93,76.48,14.301,-12.738,-101.899,-180.145,65.329,109.45,0.0,5.248,9.38,0.028,14.511,-0.012,2.239,73.801,81.089,10.79,-0.005,2.674,0.0,-7.147,-7.447,-0.312,-14.195,-0.025,
2025-08-06 06:29:50.689,pick_to_retreat_middlecase,-708.48,-173.42,723.07,161.72,179.93,76.48,14.301,-12.273,-101.045,-180.139,66.612,109.442,0.0,3.877,7.303,0.004,10.952,-0.005,2.66,67.278,78.694,10.618,0.045,2.612,0.0,-17.595,-29.514,-0.141,-46.984,-0.045,
2025-08-06 06:29:50.786,pick_to_retreat_middlecase,-708.48,-173.42,731.457,161.72,179.93,76.48,14.301,-11.999,-100.505,-180.136,67.413,109.436,0.0,1.746,3.507,0.0,5.161,-0.021,3.035,64.319,77.118,10.498,0.088,2.516,0.0,-19.157,-33.922,-0.022,-51.03,0.026,
2025-08-06 06:29:50.886,pick_to_retreat_middlecase,-708.48,-173.42,734.24,161.72,179.93,76.48,14.301,-11.91,-100.318,-180.135,67.688,109.432,0.0,0.103,0.621,0.0,0.899,0.0,2.892,64.737,77.385,10.56,0.087,2.475,0.0,-8.734,-17.533,0.0,-25.806,0.076,
2025-08-06 06:29:50.986,pick_to_retreat_middlecase,-708.48,-173.42,734.39,161.71,179.93,76.47,14.301,-11.908,-100.305,-180.135,67.705,109.43,0.0,-0.0,0.0,0.0,0.0,-0.005,2.694,69.437,79.849,10.874,0.036,2.459,0.0,-0.518,-3.12,0.0,-4.518,0.0,waypoint
2025-08-06 06:29:51.085,pick_to_retreat_middlecase,-708.479,-173.413,734.399,161.71,179.93,76.473,14.301,-11.908,-100.305,-180.135,67.705,109.429,0.0,0.0,-0.0,0.0,0.0,0.0,2.431,71.365,80.735,11.001,-0.052,2.463,-1.717,0.111,1.504,0.0,3.407,9.669,
2025-08-06 06:29:51.189,pick_to_retreat_middlecase,-708.448,-173.104,734.809,161.679,179.93,76.578,14.286,-11.907,-100.295,-180.135,67.733,109.466,-0.348,0.022,0.305,0.0,0.692,1.957,1.285,71.639,81.179,11.033,0.001,2.542,-6.333,4.758,4.936,0.0,10.844,34.749,
2025-08-06 06:29:51.287,pick_to_retreat_middlecase,-708.321,-171.867,736.451,161.557,179.931,77.002,14.205,-11.863,-100.232,-180.135,67.872,109.928,-1.279,0.961,0.997,0.0,2.191,7.019,-1.358,76.033,82.438,11.102,0.092,2.943,-10.403,10.92,7.724,0.005,16.7,52.953,
2025-08-06 06:29:51.387,pick_to_retreat_middlecase,-708.028,-169.207,739.979,161.298,179.931,77.917,14.02,-11.709,-100.095,-180.134,68.17,110.895,-2.408,2.184,1.835,0.001,3.998,12.442,-3.784,79.525,83.028,11.164,0.137,3.139,-12.684,10.958,8.132,0.019,18.313,57.803,
2025-08-06 06:29:51.488,pick_to_retreat_middlecase,-707.493,-164.877,745.723,160.888,179.933,79.417,13.702,-11.443,-99.866,-180.129,68.665,112.454,-3.829,3.164,2.631,0.004,5.871,18.638,-4.769,79.513,83.262,11.245,0.116,3.206,-12.499,9.591,8.764,0.04,17.326,58.366,
2025-08-06 06:29:51.586,pick_to_retreat_middlecase,-706.638,-158.919,753.63,160.349,179.935,81.506,13.26,-11.071,-99.55,-180.125,69.346,114.622,-4.895,4.093,3.579,0.009,7.446,24.057,-4.234,80.198,83.507,11.328,0.157,3.254,-9.81,8.122,7.231,0.005,16.2,48.247,
2025-08-06 06:29:51.686,pick_to_retreat_middlecase,-705.41,-151.661,763.269,159.732,179.938,84.094,12.723,-10.619,-99.163,-180.119,70.181,117.267,-5.771,4.772,4.063,0.005,9.079,28.191,-3.859,79.746,83.609,11.377,0.134,3.286,-6.153,5.62,4.461,0.121,10.418,29.64,
2025-08-06 06:29:51.788,pick_to_retreat_middlecase,-703.817,-143.656,773.912,159.108,179.941,87.008,12.125,-10.119,-98.734,-180.113,71.11,120.209,-6.138,5.228,4.48,0.034,9.55,30.044,-2.911,79.722,83.616,11.434,0.118,3.319,-1.603,1.934,1.933,-0.005,2.154,9.386,
2025-08-06 06:29:51.888,pick_to_retreat_middlecase,-701.934,-135.507,784.765,158.538,179.944,90.048,11.512,-9.601,-98.296,-180.107,72.056,123.211,-6.095,5.162,4.453,0.004,9.514,30.086,-1.972,77.642,83.325,11.418,0.114,3.334,0.706,-1.103,-0.736,-0.13,0.157,-0.286,
2025-08-06 06:29:51.986,pick_to_retreat_middlecase,-699.79,-127.383,795.611,158.043,179.947,93.163,10.901,-9.096,-97.857,-180.102,73.005,126.205,-5.999,5.01,4.334,0.008,9.581,29.988,-1.748,78.451,83.561,11.458,0.128,3.346,-0.225,-0.162,-0.145,0.232,-0.434,-0.454,
2025-08-06 06:29:52.087,pick_to_retreat_middlecase,-697.386,-119.289,806.447,157.634,179.95,96.364,10.294,-8.589,-97.419,-180.096,73.952,129.211,-6.14,5.13,4.425,0.05,9.428,29.996,-1.687,79.674,84.139,11.535,0.121,3.362,-0.368,0.053,0.796,0.084,-0.506,0.313,
2025-08-06 06:29:52.187,pick_to_retreat_middlecase,-694.72,-111.231,817.27,157.325,179.953,99.663,9.686,-8.08,-96.982,-180.089,74.9,132.211,-6.073,5.02,4.494,0.025,9.48,30.051,-1.591,79.563,84.227,11.567,0.147,3.386,0.158,-1.106,-0.122,-0.183,0.243,0.274,
2025-08-06 06:29:52.286,pick_to_retreat_middlecase,-691.793,-103.217,828.078,157.132,179.956,103.079,9.079,-7.575,-96.543,-180.083,75.848,135.206,-6.108,4.91,4.4,0.014,9.476,30.051,-1.682,80.582,84.55,11.583,0.156,3.403,-0.637,-0.027,-0.826,0.035,0.375,-0.024,
2025-08-06 06:29:52.388,pick_to_retreat_middlecase,-688.605,-95.252,838.868,157.079,179.959,106.636,8.469,-7.068,-96.105,-180.078,76.795,138.209,-6.201,5.015,4.328,0.032,9.555,30.046,-1.727,81.751,84.956,11.639,0.285,3.35,0.238,0.706,-0.488,0.069,0.112,-0.003,
2025-08-06 06:29:52.486,pick_to_retreat_middlecase,-685.157,-87.343,849.638,157.198,179.962,110.363,7.861,-6.558,-95.668,-180.072,77.743,141.21,-6.061,5.051,4.303,0.027,9.499,30.05,-1.57,81.548,85.237,11.675,0.286,3.367,0.716,0.095,0.802,-0.026,0.042,-0.197,
2025-08-06 06:29:52.586,pick_to_retreat_middlecase,-681.449,-79.496,860.383,157.533,179.966,114.307,7.255,-6.055,-95.228,-180.066,78.69,144.2,-6.059,5.033,4.487,0.027,9.563,30.007,-1.725,82.586,85.503,11.71,0.348,3.39,-0.049,0.7,0.58,-0.015,-0.267,-0.321,
2025-08-06 06:29:52.686,pick_to_retreat_middlecase,-677.481,-71.718,871.102,158.147,179.969,118.53,6.648,-5.548,-94.789,-180.06,79.64,147.203,-6.07,5.191,4.419,0.024,9.445,29.986,-1.678,83.276,85.677,11.746,0.392,3.411,-0.49,0.868,-1.013,-0.112,-0.826,-0.189,
2025-08-06 06:29:52.786,pick_to_retreat_middlecase,-673.255,-64.015,881.792,159.133,179.972,123.124,6.04,-5.038,-94.353,-180.055,80.584,150.204,-6.157,5.207,4.284,0.004,9.398,29.969,-1.747,83.135,85.828,11.761,0.407,3.427,0.073,-0.219,0.324,-0.019,0.424,-0.05,
2025-08-06 06:29:52.889,pick_to_retreat_middlecase,-668.771,-56.394,892.45,160.631,179.975,128.23,5.431,-4.534,-93.915,-180.05,81.535,153.198,-6.055,5.147,4.485,0.02,9.531,29.976,-1.787,84.266,86.052,11.802,0.432,3.437,0.651,0.061,0.937,0.116,0.166,0.318,
2025-08-06 06:29:52.988,pick_to_retreat_middlecase,-664.032,-48.86,903.073,162.864,179.979,134.071,4.823,-4.024,-93.476,-180.044,82.48,156.201,-6.025,5.219,4.473,0.027,9.432,30.033,-1.737,84.536,86.088,11.8,0.491,3.441,-0.226,-0.238,-0.762,-0.095,0.355,0.512,
2025-08-06 06:29:53.086,pick_to_retreat_middlecase,-659.037,-41.421,913.658,166.2,179.982,141.015,4.216,-3.513,-93.038,-180.038,83.43,159.202,-6.1,5.1,4.334,0.002,9.601,30.077,-1.744,84.043,86.08,11.823,0.498,3.448,-0.226,-1.285,-0.627,-0.078,-0.028,-0.475,
2025-08-06 06:29:53.188,pick_to_retreat_middlecase,-653.789,-34.083,924.203,171.275,179.985,149.698,3.61,-3.012,-92.601,-180.033,84.374,162.195,-6.07,4.962,4.348,0.012,9.426,29.938,-1.788,85.311,86.41,11.874,0.545,3.458,0.063,-0.094,0.025,0.013,-0.127,-0.223,
2025-08-06 06:29:53.288,pick_to_retreat_middlecase,-648.29,-26.851,934.705,179.216,179.988,161.247,3.002,-2.504,-92.161,-180.027,85.326,165.199,-6.087,5.081,4.34,0.004,9.575,30.031,-1.915,85.43,86.329,11.876,0.572,3.486,-0.096,0.457,0.407,-0.05,-0.518,-0.1,
2025-08-06 06:29:53.387,pick_to_retreat_middlecase,-642.541,-19.733,945.16,11.898,-179.99,-2.463,2.392,-1.994,-91.722,-180.021,86.27,168.199,-6.09,5.053,4.429,0.002,9.323,29.918,-1.856,84.837,86.285,11.872,0.603,3.495,0.717,-1.295,-0.276,0.151,-1.522,-5.223,
2025-08-06 06:29:53.486,pick_to_retreat_middlecase,-636.6,-12.799,955.472,31.107,-179.992,20.319,1.789,-1.494,-91.289,-180.015,87.213,171.171,-5.945,4.824,4.285,0.034,9.274,28.997,-1.792,85.769,86.422,11.916,0.637,3.504,3.873,-2.351,-3.01,0.047,-5.255,-19.542,
2025-08-06 06:29:53.587,pick_to_retreat_middlecase,-630.882,-6.484,964.98,53.352,-179.992,45.876,1.226,-1.017,-90.884,-180.009,88.085,173.944,-5.315,4.583,3.827,0.011,8.272,26.01,-1.21,84.053,85.855,11.885,0.648,3.489,8.791,-6.193,-6.3,-0.046,-13.353,-38.875,
2025-08-06 06:29:53.687,pick_to_retreat_middlecase,-625.907,-1.252,972.951,70.906,-179.991,66.218,0.748,-0.612,-90.541,-180.005,88.828,176.288,-4.178,3.58,3.019,0.025,6.59,21.183,-0.438,81.328,85.042,11.777,0.62,3.48,11.473,-10.245,-8.462,-0.057,-17.535,-56.292,
2025-08-06 06:29:53.787,pick_to_retreat_middlecase,-622.075,2.625,978.918,81.522,-179.99,78.929,0.386,-0.31,-90.283,-180.001,89.385,178.06,-3.02,2.534,2.135,0.0,4.765,14.752,-0.073,80.504,84.662,11.764,0.632,3.464,12.02,-10.762,-9.006,-0.126,-19.637,-63.052,
2025-08-06 06:29:53.887,pick_to_retreat_middlecase,-619.561,5.1,982.756,87.103,-179.989,85.861,0.149,-0.115,-90.115,-180.0,89.748,179.213,-1.774,1.427,1.218,0.0,2.663,8.573,-0.006,80.191,84.496,11.708,0.632,3.465,11.534,-9.911,-8.232,0.0,-18.176,-55.489,
2025-08-06 06:29:53.988,pick_to_retreat_middlecase,-618.272,6.349,984.7,89.591,-179.989,89.034,0.03,-0.02,-90.029,-180.0,89.935,179.801,-0.702,0.542,0.48,0.0,1.112,3.598,0.028,80.99,84.714,11.715,0.669,3.471,8.218,-7.128,-5.825,0.0,-12.717,-39.473,
2025-08-06 06:29:54.087,pick_to_retreat_middlecase,-617.869,6.737,985.305,90.321,-179.989,89.978,-0.008,0.002,-90.0,-180.0,89.997,179.993,-0.131,0.002,0.052,0.0,0.119,0.678,-0.575,82.232,85.045,11.731,0.678,3.484,3.545,-2.737,-2.425,0.0,-5.615,-18.173,
2025-08-06 06:29:54.186,pick_to_retreat_middlecase,-617.843,6.762,985.344,90.368,-179.989,90.038,-0.013,0.003,-89.997,-180.0,90.003,180.01,0.0,0.0,0.0,0.0,0.0,0.0,-0.979,83.979,85.523,11.781,0.695,3.471,0.658,-0.008,-0.264,0.0,-0.6,-3.409,waypoint
2025-08-06 06:29:54.286,pick_to_retreat_middlecase,-617.843,6.762,985.344,90.368,-179.989,90.038,-0.013,0.003,-89.997,-180.0,90.003,180.011,0.0,0.0,0.0,0.0,0.0,0.0,-0.834,84.189,85.564,11.776,0.644,3.43,0.0,0.0,0.0,0.0,0.0,0.0,
2025-08-06 06:29:54.386,pick_to_retreat_middlecase,-617.843,6.762,985.344,90.368,-179.989,90.038,-0.013,0.003,-89.997,-180.0,90.002,180.01,0.0,0.0,0.0,0.0,0.0,0.0,-0.603,84.164,85.51,11.782,0.579,3.395,0.0,0.0,0.0,0.0,0.0,0.0,
2025-08-06 06:29:54.486,pick_to_retreat_middlecase,-617.843,6.762,985.344,90.368,-179.989,90.038,-0.012,0.003,-89.998,-180.0,90.002,180.01,0.0,0.0,0.0,0.0,0.0,0.0,-0.368,84.137,85.433,11.778,0.48,3.369,0.005,0.0,0.0,0.0,-0.002,0.0,
2025-08-06 06:29:54.587,pick_to_retreat_middlecase,-617.843,6.762,985.344,90.368,-179.989,90.038,-0.011,0.003,-89.999,-180.0,90.001,180.01,0.001,0.0,0.0,0.0,-0.0,0.0,-0.09,84.135,85.374,11.773,0.386,3.345,0.001,0.0,0.0,0.0,0.0,0.0,
2025-08-06 06:29:54.687,pick_to_retreat_middlecase,-617.843,6.762,985.344,90.368,-179.989,90.038,-0.01,0.003,-89.999,-180.0,90.001,180.01,0.0,0.0,0.0,0.0,0.0,0.0,0.258,84.119,85.334,11.778,0.351,3.329,-0.005,0.0,0.0,0.0,0.002,0.0,
2025-08-06 06:29:54.787,pick_to_retreat_middlecase,-617.843,6.762,985.344,90.368,-179.989,90.038,-0.009,0.003,-90.0,-180.0,90.001,180.009,0.0,0.0,0.0,0.0,0.0,0.0,0.553,84.109,85.294,11.773,0.34,3.321,-0.001,0.0,0.0,0.0,0.0,0.0,
2025-08-06 06:29:54.888,pick_to_retreat_middlecase,-617.843,6.762,985.344,90.368,-179.989,90.038,-0.007,0.003,-90.0,-180.0,90.0,180.009,0.0,0.0,0.0,0.0,0.0,0.0,0.847,84.084,85.253,11.76,0.332,3.32,0.021,0.0,0.0,0.0,0.0,0.0,
2025-08-06 06:29:54.986,pick_to_retreat_middlecase,-617.843,6.762,985.344,90.368,-179.989,90.038,-0.006,0.003,-90.0,-180.0,90.0,180.008,0.004,0.0,0.0,0.0,0.0,0.0,1.123,84.078,85.242,11.749,0.334,3.308,0.002,0.0,0.003,0.0,0.0,0.0,
2025-08-06 06:29:55.086,pick_to_retreat_middlecase,-617.843,6.762,985.344,90.368,-179.989,90.038,-0.005,0.003,-90.0,-180.0,90.0,180.007,0.0,0.0,0.001,0.0,0.0,0.0,1.324,84.06,85.279,11.762,0.331,3.295,-0.019,0.0,0.0,0.0,0.0,0.0,
2025-08-06 06:29:55.186,pick_to_retreat_middlecase,-617.843,6.762,985.344,90.368,-179.989,90.038,-0.003,0.003,-90.0,-180.0,90.0,180.006,0.0,0.0,0.0,0.0,0.0,0.0,1.483,84.034,85.239,11.746,0.324,3.287,-0.002,0.0,0.032,0.0,0.0,0.0,
2025-08-06 06:29:55.286,pick_to_retreat_middlecase,-617.843,6.764,985.344,90.368,-179.989,90.038,-0.002,0.003,-90.0,-180.0,90.0,180.005,0.0,0.0,0.007,0.0,0.0,0.0,1.621,84.036,85.253,11.757,0.329,3.28,-6.027,0.0,0.0,0.0,0.0,0.0,
2025-08-06 06:29:55.387,retreat_middlecase_to_vision_approach,-617.836,7.51,985.344,90.298,-179.989,90.038,-0.037,0.003,-90.0,-180.0,90.0,180.004,-1.211,0.0,0.0,0.0,0.0,0.0,-0.187,84.019,85.26,11.716,0.328,3.274,-26.642,0.0,-0.035,0.0,0.0,0.0,
2025-08-06 06:29:55.487,retreat_middlecase_to_vision_approach,-617.785,11.398,985.344,89.937,-179.989,90.039,-0.352,0.003,-90.0,-180.0,90.0,180.003,-5.355,0.0,0.0,0.0,0.0,0.0,-6.078,84.148,85.212,11.529,0.346,3.271,-49.118,0.0,0.001,0.0,0.0,0.0,
2025-08-06 06:29:55.587,retreat_middlecase_to_vision_approach,-617.57,20.549,985.343,89.087,-179.988,90.04,-1.168,0.003,-90.0,-180.0,90.0,180.003,-11.035,0.0,0.0,0.0,0.0,0.0,-8.745,84.3,85.181,11.411,0.386,3.27,-59.578,0.0,0.105,0.0,0.0,0.0,
2025-08-06 06:29:55.688,retreat_middlecase_to_vision_approach,-616.889,36.167,985.341,87.634,-179.987,90.043,-2.589,0.002,-89.998,-180.0,90.0,180.003,-17.33,0.0,0.021,0.0,0.0,0.0,-10.467,84.523,85.253,11.343,0.421,3.287,-60.828,0.0,0.067,0.0,0.0,0.0,
2025-08-06 06:29:55.786,retreat_middlecase_to_vision_approach,-615.243,58.312,985.338,85.572,-179.986,90.047,-4.632,0.002,-89.993,-179.999,90.0,180.003,-23.139,0.0,0.014,0.0,0.0,0.0,-10.455,84.891,85.488,11.361,0.458,3.295,-52.195,0.0,-0.078,0.002,0.0,0.02,
2025-08-06 06:29:55.886,retreat_middlecase_to_vision_approach,-612.071,85.867,985.335,82.998,-179.984,90.053,-7.196,0.002,-89.986,-179.995,90.0,180.004,-27.665,0.0,0.006,0.0,0.0,0.004,-9.11,85.015,85.654,11.482,0.483,3.309,-34.522,0.0,0.046,0.0,0.0,0.011,
2025-08-06 06:29:55.986,retreat_middlecase_to_vision_approach,-607.017,116.725,985.332,80.096,-179.982,90.06,-10.1,0.001,-89.98,-179.992,89.999,180.007,-30.044,0.0,0.023,0.0,0.0,0.002,-6.626,84.807,85.695,11.658,0.496,3.34,-12.376,-0.021,0.029,0.006,0.0,1.434,
2025-08-06 06:29:56.086,retreat_middlecase_to_vision_approach,-600.156,148.323,985.328,77.096,-179.98,90.068,-13.111,-0.0,-89.975,-179.991,89.999,180.029,-30.14,-0.004,0.011,0.002,0.0,0.291,-3.655,84.178,85.738,11.817,0.502,3.426,-0.624,-0.02,-0.019,0.023,0.0,0.34,
2025-08-06 06:29:56.187,retreat_middlecase_to_vision_approach,-591.646,179.54,985.324,74.095,-179.978,90.076,-16.117,-0.004,-89.97,-179.989,89.998,180.049,-30.169,-0.004,0.019,0.005,0.0,0.07,-2.707,83.065,85.708,11.849,0.471,3.475,-0.205,-0.13,0.124,-0.005,0.0,-1.104,
2025-08-06 06:29:56.286,retreat_middlecase_to_vision_approach,-581.514,210.272,985.321,71.094,-179.976,90.085,-19.121,-0.011,-89.964,-179.986,89.998,180.062,-30.181,-0.03,0.036,0.0,0.0,0.07,-2.58,82.198,85.7,11.868,0.461,3.473,0.0,-0.184,0.028,-0.023,0.0,-0.267,
2025-08-06 06:29:56.386,retreat_middlecase_to_vision_approach,-569.787,240.436,985.317,68.094,-179.974,90.093,-22.123,-0.02,-89.959,-179.984,89.998,180.072,-30.169,-0.041,0.024,0.0,0.0,0.017,-2.669,81.516,85.718,11.882,0.465,3.473,0.264,0.057,-0.16,-0.002,0.0,-0.007,
2025-08-06 06:29:56.487,retreat_middlecase_to_vision_approach,-556.495,269.949,985.313,65.093,-179.972,90.102,-25.123,-0.029,-89.953,-179.982,89.997,180.083,-30.128,-0.019,0.004,0.0,0.0,0.069,-2.694,81.279,85.749,11.876,0.481,3.47,0.135,-0.034,-0.116,0.005,0.0,0.202,
2025-08-06 06:29:56.586,retreat_middlecase_to_vision_approach,-541.677,298.729,985.31,62.093,-179.97,90.112,-28.123,-0.038,-89.948,-179.98,89.997,180.095,-30.142,-0.047,0.001,0.001,0.0,0.058,-2.754,80.919,85.728,11.859,0.48,3.469,-0.017,-0.139,0.017,0.008,0.0,-0.112,
2025-08-06 06:29:56.687,retreat_middlecase_to_vision_approach,-525.37,326.698,985.306,59.093,-179.968,90.121,-31.124,-0.049,-89.942,-179.978,89.997,180.106,-30.131,-0.047,0.007,0.002,0.0,0.046,-2.776,80.685,85.738,11.873,0.469,3.473,0.094,-0.004,0.099,-0.005,0.0,-0.191,
2025-08-06 06:29:56.787,retreat_middlecase_to_vision_approach,-507.621,353.779,985.302,56.093,-179.966,90.13,-34.124,-0.059,-89.936,-179.976,89.996,180.117,-30.123,-0.048,0.021,0.0,0.0,0.019,-2.751,80.365,85.756,11.869,0.463,3.474,-0.08,0.06,-0.025,-0.008,0.0,0.128,
2025-08-06 06:29:56.889,retreat_middlecase_to_vision_approach,-488.477,379.898,985.299,53.093,-179.964,90.139,-37.123,-0.07,-89.931,-179.974,89.996,180.127,-30.148,-0.035,0.002,0.0,0.0,0.072,-2.827,80.256,85.752,11.862,0.469,3.465,-0.206,0.093,-0.062,0.001,0.0,0.219,
2025-08-06 06:29:56.988,retreat_middlecase_to_vision_approach,-467.99,404.982,985.295,50.093,-179.962,90.149,-40.123,-0.08,-89.925,-179.972,89.995,180.139,-30.164,-0.03,0.009,0.0,0.0,0.063,-2.853,80.129,85.774,11.87,0.452,3.465,-0.134,0.124,0.006,-0.001,-0.002,-0.135,
2025-08-06 06:29:57.087,retreat_middlecase_to_vision_approach,-446.217,428.963,985.291,47.093,-179.96,90.158,-43.121,-0.088,-89.92,-179.97,89.995,180.148,-30.174,-0.01,0.004,0.0,-0.0,0.045,-3.032,80.132,85.772,11.872,0.455,3.463,-0.11,0.094,-0.044,-0.001,0.0,-0.187,
2025-08-06 06:29:57.187,retreat_middlecase_to_vision_approach,-423.216,451.775,985.288,44.094,-179.958,90.168,-46.12,-0.092,-89.915,-179.968,89.995,180.157,-30.186,-0.011,0.0,0.0,0.0,0.026,-3.172,80.25,85.784,11.863,0.45,3.455,-0.133,0.036,0.026,0.0,0.002,0.007,
2025-08-06 06:29:57.287,retreat_middlecase_to_vision_approach,-399.049,473.355,985.284,41.094,-179.955,90.178,-49.12,-0.096,-89.91,-179.966,89.995,180.168,-30.201,-0.003,0.009,0.0,0.0,0.047,-3.315,80.209,85.756,11.858,0.437,3.464,-0.082,0.048,0.021,0.0,0.0,0.157,
2025-08-06 06:29:57.388,retreat_middlecase_to_vision_approach,-373.784,493.643,985.28,38.094,-179.953,90.187,-52.119,-0.1,-89.905,-179.964,89.994,180.177,-30.203,-0.001,0.004,0.0,0.0,0.058,-3.449,80.137,85.749,11.852,0.431,3.456,0.034,-0.025,-0.028,0.0,0.0,-0.015,
2025-08-06 06:29:57.487,retreat_middlecase_to_vision_approach,-347.489,512.584,985.276,35.095,-179.951,90.197,-55.118,-0.105,-89.9,-179.962,89.994,180.185,-30.194,-0.008,0.003,0.0,0.0,0.044,-3.588,80.074,85.741,11.857,0.422,3.457,0.083,-0.04,-0.001,0.0,0.0,0.005,
2025-08-06 06:29:57.586,retreat_middlecase_to_vision_approach,-320.236,530.126,985.273,32.095,-179.949,90.207,-58.118,-0.11,-89.894,-179.96,89.993,180.196,-30.186,-0.009,0.004,0.0,0.0,0.059,-3.717,80.086,85.768,11.86,0.417,3.462,-0.202,0.033,-0.002,0.0,0.0,0.016,
2025-08-06 06:29:57.688,retreat_middlecase_to_vision_approach,-292.099,546.22,985.269,29.095,-179.947,90.216,-61.118,-0.115,-89.889,-179.958,89.993,180.205,-30.234,-0.001,0.003,0.0,0.0,0.047,-3.782,79.953,85.73,11.861,0.416,3.461,-0.154,-0.082,0.038,0.016,0.0,-0.161,
2025-08-06 06:29:57.787,retreat_middlecase_to_vision_approach,-263.155,560.822,985.265,26.096,-179.945,90.226,-64.118,-0.121,-89.884,-179.956,89.993,180.216,-30.217,-0.026,0.012,0.003,0.0,0.026,-3.866,79.972,85.748,11.86,0.417,3.457,0.268,-0.009,0.044,0.0,0.0,0.107,
2025-08-06 06:29:57.888,retreat_middlecase_to_vision_approach,-233.483,573.891,985.261,23.096,-179.943,90.236,-67.116,-0.126,-89.879,-179.955,89.993,180.227,-30.181,-0.003,0.012,0.0,0.0,0.068,-3.918,79.865,85.753,11.856,0.402,3.456,0.21,0.034,-0.034,-0.016,0.0,0.191,
2025-08-06 06:29:57.988,retreat_middlecase_to_vision_approach,-203.164,585.391,985.258,20.097,-179.941,90.246,-70.116,-0.133,-89.874,-179.952,89.992,180.237,-30.175,-0.019,0.005,0.0,0.0,0.065,-4.061,79.915,85.786,11.85,0.389,3.443,0.011,-0.107,-0.057,0.0,0.0,-0.117,
2025-08-06 06:29:58.086,retreat_middlecase_to_vision_approach,-172.281,595.29,985.254,17.097,-179.939,90.255,-73.116,-0.139,-89.868,-179.95,89.992,180.248,-30.179,-0.024,0.0,0.0,0.0,0.045,-4.144,79.813,85.773,11.85,0.384,3.452,0.008,-0.049,0.007,0.0,-0.006,-0.123,
2025-08-06 06:29:58.186,retreat_middlecase_to_vision_approach,-140.919,603.562,985.25,14.098,-179.937,90.265,-76.114,-0.146,-89.863,-179.949,89.991,180.26,-30.173,-0.029,0.006,0.0,-0.001,0.04,-4.22,79.787,85.765,11.845,0.375,3.454,0.142,0.068,0.006,0.0,0.0,-0.136,
2025-08-06 06:29:58.286,retreat_middlecase_to_vision_approach,-109.166,610.181,985.246,11.098,-179.935,90.275,-79.111,-0.153,-89.857,-179.947,89.991,180.268,-30.15,-0.011,0.001,0.0,0.0,0.018,-4.309,79.782,85.791,11.833,0.369,3.445,8.159,0.082,-0.029,0.0,0.006,0.12,
2025-08-06 06:29:58.387,retreat_middlecase_to_vision_approach,-77.846,615.036,985.243,8.168,-179.933,90.285,-82.053,-0.16,-89.852,-179.945,89.991,180.279,-28.533,-0.012,0.0,0.0,0.0,0.064,-3.326,79.741,85.812,11.909,0.37,3.437,27.298,0.048,-0.007,0.0,0.0,-0.058,
2025-08-06 06:29:58.486,retreat_middlecase_to_vision_approach,-49.457,618.034,985.239,5.529,-179.931,90.293,-84.719,-0.163,-89.847,-179.943,89.99,180.287,-24.691,-0.001,0.0,0.0,0.0,0.006,-0.28,78.76,85.847,12.069,0.368,3.406,47.839,0.017,0.002,0.002,0.0,-0.283,
2025-08-06 06:29:58.587,retreat_middlecase_to_vision_approach,-26.238,619.508,985.237,3.378,-179.93,90.3,-86.903,-0.166,-89.843,-179.942,89.99,180.293,-18.966,-0.009,0.0,0.0,0.0,0.008,2.333,77.894,85.834,12.199,0.362,3.382,59.555,0.004,-0.0,0.0,0.0,-0.032,
2025-08-06 06:29:58.686,retreat_middlecase_to_vision_approach,-9.479,620.03,985.234,1.829,-179.929,90.305,-88.49,-0.167,-89.841,-179.941,89.99,180.297,-12.78,-0.0,0.0,0.0,0.0,0.0,3.73,77.381,85.864,12.26,0.337,3.371,60.113,0.043,-0.002,-0.002,0.0,-0.03,
2025-08-06 06:29:58.787,retreat_middlecase_to_vision_approach,0.693,620.125,985.233,0.889,-179.928,90.308,-89.46,-0.169,-89.84,-179.94,89.99,180.3,-6.943,0.0,0.0,0.0,0.0,0.002,4.003,77.021,85.83,12.26,0.295,3.36,50.809,0.001,0.0,0.0,0.0,0.0,
2025-08-06 06:29:58.890,retreat_middlecase_to_vision_approach,5.317,620.114,985.233,0.461,-179.928,90.31,-89.911,-0.17,-89.839,-179.94,89.99,180.301,-2.415,0.0,0.0,0.0,0.0,0.0,2.623,77.002,85.757,12.163,0.256,3.355,34.493,0.0,0.0,0.0,0.0,-0.009,
2025-08-06 06:29:58.986,retreat_middlecase_to_vision_approach,6.399,620.106,985.233,0.361,-179.928,90.31,-90.02,-0.171,-89.839,-179.939,89.99,180.302,-0.079,0.0,0.0,0.0,0.0,0.0,0.419,77.497,85.696,12.029,0.26,3.363,12.416,0.0,0.0,0.0,0.0,0.0,waypoint
2025-08-06 06:29:59.085,retreat_middlecase_to_vision_approach,6.416,620.106,985.233,0.36,-179.928,90.31,-90.019,-0.172,-89.839,-179.939,89.99,180.303,0.007,0.0,0.0,0.0,0.0,0.0,-1.388,78.138,85.6,11.863,0.255,3.365,0.395,0.0,0.0,0.0,0.0,0.0,
2025-08-06 06:29:59.186,retreat_middlecase_to_vision_approach,6.42,620.102,985.223,0.361,-179.928,90.311,-90.015,-0.173,-89.839,-179.939,89.99,180.303,0.0,0.0,0.0,0.0,0.0,0.0,-1.449,78.783,85.586,11.79,0.253,3.36,-0.074,0.0,-4.922,0.0,-3.941,0.0,
2025-08-06 06:29:59.286,retreat_middlecase_to_vision_approach,6.577,619.932,984.808,0.399,-179.928,90.349,-90.015,-0.172,-89.877,-179.939,89.956,180.303,-0.008,0.0,-0.989,0.0,-0.792,0.0,-0.975,78.548,84.41,11.689,0.157,3.348,-3.04,1.724,-14.055,0.0,-10.65,-4.619,
2025-08-06 06:29:59.389,retreat_middlecase_to_vision_approach,7.2,619.261,983.164,0.554,-179.929,90.5,-90.044,-0.158,-90.071,-179.939,89.811,180.282,-0.617,0.35,-2.853,0.0,-2.162,-0.938,-2.799,79.962,82.737,11.581,0.0,3.281,-7.101,5.957,-21.54,0.0,-16.096,-9.956,
2025-08-06 06:29:59.486,retreat_middlecase_to_vision_approach,8.513,617.844,979.697,0.89,-179.93,90.829,-90.148,-0.082,-90.486,-179.939,89.498,180.128,-1.429,1.191,-5.297,0.0,-4.011,-1.991,-4.522,85.244,82.748,11.556,-0.185,2.967,-8.127,8.108,-24.674,0.0,-18.795,-7.08,
2025-08-06 06:29:59.587,retreat_middlecase_to_vision_approach,10.59,615.603,974.213,1.451,-179.933,91.378,-90.338,0.08,-91.147,-179.94,89.001,179.918,-2.226,1.955,-7.739,0.0,-5.883,-2.34,-4.981,87.527,82.576,11.486,-0.341,2.789,-7.182,6.221,-20.66,0.0,-17.173,-4.911,
2025-08-06 06:29:59.687,retreat_middlecase_to_vision_approach,13.34,612.636,966.953,2.255,-179.936,92.167,-90.601,0.303,-92.013,-179.942,88.338,179.637,-2.872,2.442,-9.45,0.0,-7.463,-2.978,-4.627,88.027,82.992,11.505,-0.406,2.702,-4.69,2.71,-12.761,-0.007,-9.813,-4.001,
2025-08-06 06:29:59.786,retreat_middlecase_to_vision_approach,16.523,609.202,958.548,3.285,-179.939,93.179,-90.907,0.548,-93.018,-179.948,87.566,179.312,-3.159,2.495,-10.278,-0.001,-7.836,-3.136,-4.387,86.897,82.96,11.344,-0.461,2.673,-1.357,0.205,-4.674,-0.001,-1.879,-1.639,
2025-08-06 06:29:59.886,retreat_middlecase_to_vision_approach,19.829,605.635,949.818,4.487,-179.943,94.362,-91.227,0.792,-94.051,-179.951,86.764,178.976,-3.142,2.483,-10.38,-0.0,-7.837,-3.305,-3.682,87.065,83.606,11.317,-0.484,2.651,-0.556,-1.478,0.609,-0.091,-1.018,-1.824,
2025-08-06 06:29:59.986,retreat_middlecase_to_vision_approach,23.137,602.066,941.085,5.85,-179.946,95.707,-91.549,1.016,-95.072,-179.956,85.959,178.636,-3.27,2.199,-10.156,-0.02,-8.04,-3.501,-3.767,86.99,84.119,11.29,-0.553,2.64,-1.018,-2.248,1.872,-0.043,-0.652,0.057,
2025-08-06 06:30:00.088,retreat_middlecase_to_vision_approach,26.444,598.497,932.351,7.407,-179.95,97.245,-91.873,1.229,-96.086,-179.96,85.155,178.292,-3.348,2.029,-10.002,-0.009,-7.969,-3.293,-3.821,86.851,83.795,11.152,-0.592,2.643,-0.247,-1.82,0.931,0.09,0.353,-0.302,
2025-08-06 06:30:00.187,retreat_middlecase_to_vision_approach,29.752,594.928,923.618,9.198,-179.953,99.018,-92.2,1.424,-97.088,-179.963,84.351,177.942,-3.32,1.833,-9.969,-0.001,-7.969,-3.561,-3.752,87.089,83.462,11.064,-0.6,2.674,-0.097,-0.664,0.762,0.033,-0.145,-2.496,
2025-08-06 06:30:00.287,retreat_middlecase_to_vision_approach,33.06,591.36,914.884,11.279,-179.957,101.08,-92.531,1.608,-98.077,-179.968,83.545,177.594,-3.367,1.897,-9.851,-0.002,-7.997,-3.79,-3.796,87.488,83.797,11.073,-0.66,2.679,-0.302,-0.199,0.999,-0.04,-0.294,-0.496,
2025-08-06 06:30:00.387,retreat_middlecase_to_vision_approach,36.368,587.791,906.151,13.718,-179.96,103.501,-92.869,1.788,-99.061,-179.971,82.74,177.238,-3.381,1.793,-9.769,-0.009,-8.028,-3.661,-4.007,87.297,83.367,10.968,-0.656,2.673,-0.442,-1.105,0.361,-0.05,-0.114,0.083,
2025-08-06 06:30:00.486,retreat_middlecase_to_vision_approach,39.675,584.222,897.417,16.606,-179.964,106.37,-93.209,1.953,-100.033,-179.975,81.931,176.884,-3.455,1.677,-9.779,-0.012,-8.02,-3.773,-3.653,86.675,82.973,10.897,-0.702,2.663,-0.528,-1.416,1.158,-0.02,-1.298,0.677,
2025-08-06 06:30:00.587,retreat_middlecase_to_vision_approach,42.983,580.653,888.684,20.06,-179.967,109.805,-93.551,2.103,-100.994,-179.979,81.124,176.524,-3.486,1.51,-9.538,-0.013,-8.287,-3.525,-3.835,86.998,83.306,10.902,-0.732,2.663,0.124,-1.832,1.296,-0.016,-1.387,0.736,
2025-08-06 06:30:00.686,retreat_middlecase_to_vision_approach,46.291,577.085,879.95,24.231,-179.97,113.958,-93.898,2.249,-101.949,-179.983,80.312,176.16,-3.43,1.31,-9.519,-0.016,-8.297,-3.626,-3.884,86.702,82.647,10.768,-0.749,2.685,-0.062,-1.112,0.122,0.009,0.565,-0.619,
2025-08-06 06:30:00.786,retreat_middlecase_to_vision_approach,49.598,573.516,871.217,29.31,-179.973,119.018,-94.249,2.381,-102.892,-179.986,79.5,175.789,-3.499,1.289,-9.513,-0.012,-8.175,-3.648,-3.737,86.454,82.533,10.727,-0.761,2.695,-0.501,-1.268,1.056,0.034,0.399,0.168,
2025-08-06 06:30:00.887,retreat_middlecase_to_vision_approach,52.906,569.947,862.483,35.517,-179.975,125.207,-94.603,2.498,-103.827,-179.991,78.683,175.417,-3.531,1.055,-9.307,-0.009,-8.217,-3.592,-3.85,86.663,82.635,10.706,-0.805,2.709,-0.335,-1.083,1.691,-0.046,0.312,-0.381,
2025-08-06 06:30:00.989,retreat_middlecase_to_vision_approach,56.214,566.378,853.75,43.074,-179.978,132.746,-94.961,2.606,-104.755,-179.994,77.867,175.038,-3.567,1.069,-9.17,-0.021,-8.111,-3.726,-3.77,86.244,81.925,10.594,-0.823,2.708,-0.265,-0.612,0.651,0.041,0.201,-1.104,
2025-08-06 06:30:01.086,retreat_middlecase_to_vision_approach,59.521,562.81,845.017,52.118,-179.979,141.772,-95.322,2.701,-105.671,-179.999,77.045,174.659,-3.584,0.934,-9.178,-0.001,-8.177,-3.812,-3.823,86.197,82.117,10.576,-0.838,2.695,-0.866,-1.528,0.599,0.049,-1.175,-0.267,
2025-08-06 06:30:01.186,retreat_middlecase_to_vision_approach,62.829,559.241,836.283,62.554,-179.981,152.188,-95.689,2.786,-106.582,-180.002,76.22,174.275,-3.737,0.768,-9.052,-0.011,-8.343,-3.778,-3.9,85.76,81.7,10.498,-0.828,2.694,-0.394,-1.462,0.84,0.003,-0.698,-0.586,
2025-08-06 06:30:01.287,retreat_middlecase_to_vision_approach,66.137,555.672,827.55,73.909,-179.981,163.525,-96.063,2.855,-107.483,-180.008,75.393,173.889,-3.663,0.64,-9.009,-0.0,-8.317,-3.93,-3.754,85.505,81.199,10.377,-0.799,2.695,-0.399,-1.68,0.492,0.05,0.533,-1.42,
2025-08-06 06:30:01.386,retreat_middlecase_to_vision_approach,69.444,552.104,818.816,85.371,-179.981,174.968,-96.437,2.912,-108.374,-180.011,74.56,173.493,-3.817,0.432,-8.954,-0.001,-8.236,-4.062,-3.807,85.345,81.417,10.394,-0.875,2.712,-0.629,-0.723,1.5,-0.058,-0.588,-1.382,
2025-08-06 06:30:01.486,retreat_middlecase_to_vision_approach,72.752,548.535,810.083,96.081,-179.98,-174.34,-96.817,2.96,-109.261,-180.016,73.726,173.096,-3.788,0.496,-8.711,-0.012,-8.434,-4.205,-3.745,85.211,80.778,10.272,-0.843,2.719,-0.548,-0.844,0.896,-0.004,-1.159,-0.068,
2025-08-06 06:30:01.586,retreat_middlecase_to_vision_approach,76.06,544.966,801.349,105.473,-179.978,-164.967,-97.201,2.997,-110.134,-180.021,72.883,172.693,-3.927,0.263,-8.775,-0.002,-8.468,-4.076,-3.83,84.941,80.838,10.243,-0.882,2.704,-0.263,-2.07,0.782,-0.046,0.207,1.956,
2025-08-06 06:30:01.686,retreat_middlecase_to_vision_approach,79.367,541.397,792.616,113.374,-179.976,-157.084,-97.588,3.016,-111.005,-180.026,72.041,172.29,-3.84,0.082,-8.554,-0.021,-8.393,-3.814,-3.66,84.047,80.214,10.145,-0.877,2.708,0.227,-1.057,0.392,-0.048,-0.377,-0.208,
2025-08-06 06:30:01.787,retreat_middlecase_to_vision_approach,82.675,537.829,783.883,119.88,-179.973,-150.597,-97.978,3.03,-111.865,-180.03,71.188,171.883,-3.881,0.051,-8.696,-0.011,-8.544,-4.118,-3.812,84.309,79.952,10.058,-0.895,2.711,-0.625,-0.41,0.379,0.051,-1.307,-2.194,
2025-08-06 06:30:01.886,retreat_middlecase_to_vision_approach,85.983,534.26,775.149,125.203,-179.971,-145.292,-98.373,3.034,-112.717,-180.036,70.334,171.471,-3.966,0.0,-8.478,-0.011,-8.654,-4.253,-3.675,83.213,79.66,10.028,-0.929,2.731,-1.061,-0.256,1.279,0.008,0.065,0.605,
2025-08-06 06:30:01.986,retreat_middlecase_to_vision_approach,89.29,530.691,766.416,129.57,-179.968,-140.944,-98.775,3.035,-113.563,-180.04,69.471,171.051,-4.092,0.0,-8.441,-0.01,-8.531,-3.997,-3.909,82.63,78.929,9.893,-0.906,2.742,-0.476,-0.465,0.672,0.004,-0.528,0.254,
2025-08-06 06:30:02.088,retreat_middlecase_to_vision_approach,92.598,527.123,757.682,133.178,-179.964,-137.354,-99.183,3.034,-114.398,-180.046,68.607,170.632,-4.062,-0.094,-8.343,-0.01,-8.761,-4.201,-3.674,81.165,79.056,9.88,-0.932,2.732,-0.301,-3.184,1.22,-0.063,-1.507,-1.707,
2025-08-06 06:30:02.186,retreat_middlecase_to_vision_approach,95.905,523.554,748.949,136.187,-179.961,-134.364,-99.592,3.001,-115.229,-180.051,67.731,170.205,-4.152,-0.637,-8.197,-0.022,-8.832,-4.339,-3.712,76.471,78.062,9.702,-0.917,2.698,0.873,-3.677,3.363,0.047,2.992,1.315,
2025-08-06 06:30:02.286,retreat_middlecase_to_vision_approach,99.128,520.077,740.439,138.663,-179.958,-131.906,-99.999,2.927,-116.029,-180.057,66.873,169.784,-3.889,-0.822,-7.677,-0.001,-8.169,-3.941,-3.372,73.993,78.458,9.747,-0.918,2.649,4.197,-0.472,9.58,0.046,9.358,4.791,
2025-08-06 06:30:02.386,retreat_middlecase_to_vision_approach,101.967,517.014,732.945,140.542,-179.955,-130.042,-100.363,2.85,-116.737,-180.063,66.104,169.411,-3.313,-0.731,-6.281,-0.013,-6.961,-3.38,-3.412,73.653,78.28,9.705,-0.903,2.655,7.895,1.405,15.68,-0.015,16.147,6.248,
2025-08-06 06:30:02.486,retreat_middlecase_to_vision_approach,104.162,514.646,727.149,141.835,-179.953,-128.762,-100.649,2.788,-117.28,-180.067,65.504,169.113,-2.31,-0.541,-4.541,-0.004,-4.939,-2.691,-2.769,73.129,78.862,9.771,-0.952,2.655,9.262,1.637,17.984,0.032,19.842,9.934,
2025-08-06 06:30:02.587,retreat_middlecase_to_vision_approach,105.597,513.098,723.361,142.614,-179.951,-127.991,-100.84,2.739,-117.638,-180.068,65.108,168.915,-1.452,-0.402,-2.666,-0.007,-2.973,-1.384,-2.747,72.257,78.582,9.761,-0.927,2.645,8.444,1.716,16.869,0.018,18.844,11.004,
2025-08-06 06:30:02.688,retreat_middlecase_to_vision_approach,106.318,512.319,721.456,142.987,-179.95,-127.621,-100.934,2.712,-117.821,-180.07,64.903,168.817,-0.604,-0.194,-1.133,0.0,-1.133,-0.469,-2.757,72.358,78.245,9.729,-0.966,2.663,6.792,1.687,12.955,0.033,13.941,6.574,
2025-08-06 06:30:02.786,retreat_middlecase_to_vision_approach,106.53,512.091,720.897,143.095,-179.95,-127.515,-100.965,2.697,-117.877,-180.07,64.84,168.787,-0.1,-0.066,-0.088,0.0,-0.198,-0.075,-2.948,71.84,77.683,9.66,-0.978,2.682,3.036,0.975,5.694,0.0,5.693,2.354,waypoint
2025-08-06 06:30:02.887,retreat_middlecase_to_vision_approach,106.54,512.08,720.87,143.1,-179.95,-127.51,-100.968,2.691,-117.88,-180.07,64.835,168.779,0.0,-0.0,0.0,0.0,0.0,0.0,-2.856,71.665,77.119,9.584,-0.914,2.721,0.5,0.327,0.442,0.0,0.992,0.377,
2025-08-06 06:30:03.087,retreat_middlecase_to_vision_approach,106.54,512.08,720.87,143.1,-179.95,-127.51,-100.968,2.689,-117.879,-180.07,64.836,168.779,0.0,-0.0,0.0,0.0,0.0,0.0,-2.478,71.722,77.213,9.573,-0.713,2.788,0.0,0.005,0.0,0.0,0.0,0.0,
2025-08-06 06:30:03.186,retreat_middlecase_to_vision_approach,106.54,512.08,720.87,143.1,-179.95,-127.51,-100.968,2.688,-117.878,-180.07,64.837,168.779,0.0,0.0,0.0,0.0,0.0,0.0,-2.353,71.9,77.336,9.583,-0.619,2.8,0.0,0.0,0.0,0.0,0.0,0.0,
2025-08-06 06:30:03.286,retreat_middlecase_to_vision_approach,106.54,512.08,720.87,143.1,-179.95,-127.51,-100.968,2.688,-117.877,-180.07,64.838,168.779,0.0,0.0,0.0,0.0,0.0,0.0,-2.205,71.953,77.416,9.582,-0.585,2.805,-0.0,0.0,0.001,0.0,0.0,0.0,
2025-08-06 06:30:03.486,retreat_middlecase_to_vision_approach,106.54,512.08,720.87,143.1,-179.95,-127.51,-100.967,2.688,-117.876,-180.07,64.838,168.779,0.0,0.0,0.0,0.0,0.0,0.0,-1.9,72.106,77.478,9.611,-0.569,2.829,0.0,0.0,-0.001,0.0,0.0,0.0,
2025-08-06 06:30:03.587,retreat_middlecase_to_vision_approach,106.54,512.08,720.87,143.1,-179.95,-127.51,-100.967,2.688,-117.876,-180.07,64.839,168.779,0.0,0.0,0.0,0.0,0.0,0.0,-1.777,72.152,77.527,9.617,-0.567,2.857,0.0,0.0,0.0,0.0,0.0,0.0,
2025-08-06 06:30:03.687,retreat_middlecase_to_vision_approach,106.54,512.08,720.87,143.1,-179.95,-127.51,-100.966,2.688,-117.876,-180.07,64.839,168.779,0.0,0.0,0.0,0.0,0.0,0.0,-1.585,72.196,77.542,9.625,-0.559,2.87,0.0,0.0,0.0,0.0,0.0,0.0,
2025-08-06 06:30:03.885,retreat_middlecase_to_vision_approach,106.54,512.08,720.87,143.1,-179.95,-127.51,-100.965,2.688,-117.876,-180.07,64.839,168.78,0.003,0.0,0.0,0.0,0.0,0.0,-1.295,72.245,77.537,9.648,-0.556,2.884,0.0,0.0,0.0,0.0,0.0,0.0,
2025-08-06 06:30:03.987,retreat_middlecase_to_vision_approach,106.54,512.08,720.87,143.1,-179.95,-127.51,-100.964,2.688,-117.876,-180.07,64.839,168.78,0.0,0.0,0.0,0.0,0.0,0.0,-1.162,72.299,77.521,9.652,-0.543,2.895,-0.014,0.0,0.0,0.0,0.0,0.0,
2025-08-06 06:30:04.086,retreat_middlecase_to_vision_approach,106.54,512.08,720.87,143.1,-179.95,-127.51,-100.964,2.688,-117.876,-180.069,64.839,168.78,0.0,0.0,0.0,0.0,0.0,0.0,-1.019,72.317,77.522,9.653,-0.568,2.897,0.0,0.0,0.0,0.0,0.0,0.0,
2025-08-06 06:30:04.288,retreat_middlecase_to_vision_approach,106.923,512.083,720.865,143.095,-179.95,-127.515,-100.978,2.688,-117.871,-180.069,64.839,168.779,-0.405,0.0,0.048,0.0,0.0,-0.026,-2.033,72.344,77.731,9.661,-0.567,2.862,-6.504,-0.708,0.746,0.0,0.0,-7.061,
2025-08-06 06:30:04.387,retreat_middlecase_to_vision_approach,107.871,512.092,720.854,143.081,-179.95,-127.529,-101.067,2.683,-117.858,-180.069,64.838,168.669,-1.294,-0.141,0.148,0.0,0.0,-1.405,-4.172,72.128,78.196,9.646,-0.602,2.708,-9.761,-1.757,1.511,0.0,-0.178,-12.303,
2025-08-06 06:30:04.486,retreat_middlecase_to_vision_approach,109.642,512.108,720.832,143.056,-179.95,-127.553,-101.253,2.658,-117.833,-180.069,64.834,168.471,-2.338,-0.348,0.347,0.0,-0.035,-2.462,-4.446,70.75,78.782,9.654,-0.751,2.648,-10.729,-2.304,1.618,0.0,-0.085,-9.354,
2025-08-06 06:30:04.588,retreat_middlecase_to_vision_approach,112.337,512.132,720.799,143.019,-179.95,-127.591,-101.546,2.612,-117.792,-180.069,64.825,168.182,-3.451,-0.604,0.474,0.0,-0.017,-3.285,-4.868,70.778,79.078,9.647,-0.854,2.614,-9.746,-1.966,1.444,0.0,-0.107,-8.26,
2025-08-06 06:30:04.686,retreat_middlecase_to_vision_approach,115.93,512.164,720.756,142.968,-179.95,-127.642,-101.932,2.544,-117.737,-180.069,64.815,167.801,-4.287,-0.741,0.636,0.0,-0.057,-4.114,-4.569,70.539,79.391,9.662,-0.913,2.591,-7.357,-1.414,1.548,-0.008,-0.175,-8.915,
2025-08-06 06:30:04.786,retreat_middlecase_to_vision_approach,120.266,512.203,720.703,142.908,-179.95,-127.702,-102.393,2.462,-117.671,-180.07,64.805,167.343,-4.907,-0.884,0.78,-0.002,-0.052,-5.051,-4.546,70.57,79.311,9.638,-0.904,2.571,-4.627,-1.131,1.115,0.0,0.158,-6.419,
2025-08-06 06:30:04.886,retreat_middlecase_to_vision_approach,125.089,512.246,720.644,142.84,-179.95,-127.769,-102.906,2.367,-117.589,-180.07,64.793,166.835,-5.212,-0.967,0.859,0.0,-0.025,-5.397,-4.093,70.463,79.381,9.623,-0.92,2.576,-1.748,-0.783,0.675,0.007,-0.072,-0.688,
2025-08-06 06:30:04.992,retreat_middlecase_to_vision_approach,130.082,512.29,720.583,142.771,-179.95,-127.839,-103.435,2.269,-117.503,-180.072,64.78,166.306,-5.267,-1.045,0.919,-0.0,-0.067,-5.192,-3.931,70.732,79.427,9.574,-0.914,2.57,-0.128,-0.196,0.507,-0.017,-0.239,2.044,
2025-08-06 06:30:05.086,retreat_middlecase_to_vision_approach,135.08,512.335,720.522,142.701,-179.95,-127.908,-103.961,2.168,-117.412,-180.074,64.768,165.78,-5.238,-1.007,0.96,-0.003,-0.073,-4.989,-3.657,70.503,79.521,9.548,-0.934,2.564,0.269,-0.196,0.379,0.001,0.002,-0.034,
2025-08-06 06:30:05.187,retreat_middlecase_to_vision_approach,140.078,512.379,720.461,142.632,-179.95,-127.978,-104.482,2.061,-117.32,-180.075,64.756,165.261,-5.215,-1.084,0.993,0.0,-0.066,-5.199,-3.627,70.261,79.488,9.534,-0.928,2.546,0.169,-0.539,0.31,0.017,0.074,-1.4,
2025-08-06 06:30:05.286,retreat_middlecase_to_vision_approach,145.076,512.424,720.401,142.563,-179.95,-128.047,-105.007,1.952,-117.221,-180.076,64.744,164.741,-5.204,-1.115,1.022,0.0,-0.058,-5.269,-3.794,70.552,79.583,9.566,-0.926,2.548,0.107,-0.326,0.062,0.0,0.092,-0.005,
2025-08-06 06:30:05.386,retreat_middlecase_to_vision_approach,150.074,512.469,720.34,142.494,-179.95,-128.116,-105.525,1.839,-117.123,-180.076,64.733,164.223,-5.194,-1.148,1.005,0.0,-0.048,-5.2,-3.586,70.152,79.55,9.575,-0.933,2.541,0.039,-0.062,-0.153,0.0,0.044,0.069,
2025-08-06 06:30:05.487,retreat_middlecase_to_vision_approach,155.073,512.513,720.279,142.425,-179.95,-128.185,-106.04,1.728,-117.02,-180.077,64.722,163.708,-5.196,-1.127,0.992,0.0,-0.049,-5.255,-3.664,70.529,79.483,9.579,-0.907,2.533,0.36,-0.472,0.493,-0.003,-0.01,0.743,
2025-08-06 06:30:05.587,retreat_middlecase_to_vision_approach,160.071,512.558,720.218,142.356,-179.949,-128.254,-106.551,1.61,-116.914,-180.078,64.711,163.2,-5.121,-1.243,1.104,-0.001,-0.05,-5.051,-3.602,70.036,79.374,9.577,-0.901,2.515,0.984,-0.244,0.849,0.0,0.049,1.015,
2025-08-06 06:30:05.687,retreat_middlecase_to_vision_approach,165.069,512.602,720.157,142.287,-179.949,-128.322,-107.057,1.487,-116.804,-180.079,64.7,162.694,-4.999,-1.176,1.161,0.0,-0.039,-5.052,-3.547,70.242,79.362,9.594,-0.896,2.511,0.232,-0.057,-0.185,-0.009,-0.101,-0.974,
2025-08-06 06:30:05.787,retreat_middlecase_to_vision_approach,170.067,512.647,720.096,142.219,-179.949,-128.391,-107.563,1.363,-116.691,-180.08,64.689,162.185,-5.075,-1.255,1.068,-0.002,-0.07,-5.245,-3.62,70.186,79.302,9.593,-0.887,2.527,0.3,-0.167,0.198,-0.004,-0.025,0.79,
2025-08-06 06:30:05.887,retreat_middlecase_to_vision_approach,175.065,512.692,720.035,142.15,-179.949,-128.459,-108.069,1.24,-116.575,-180.081,64.678,161.682,-4.939,-1.209,1.201,-0.001,-0.044,-4.894,-3.592,70.258,79.316,9.613,-0.873,2.517,0.673,-0.21,0.559,0.012,0.163,1.239,
2025-08-06 06:30:05.986,retreat_middlecase_to_vision_approach,180.064,512.736,719.974,142.082,-179.949,-128.527,-108.569,1.113,-116.455,-180.082,64.668,161.183,-4.941,-1.297,1.179,0.0,-0.038,-4.999,-3.549,69.772,79.372,9.607,-0.866,2.497,-0.082,-0.475,0.257,0.004,0.12,-0.265,
2025-08-06 06:30:06.089,retreat_middlecase_to_vision_approach,185.062,512.781,719.913,142.014,-179.949,-128.595,-109.066,0.98,-116.333,-180.083,64.658,160.686,-4.956,-1.305,1.253,0.0,-0.02,-4.947,-3.568,69.807,79.37,9.602,-0.867,2.486,-0.092,-0.506,0.282,0.0,-0.075,0.74,
2025-08-06 06:30:06.186,retreat_middlecase_to_vision_approach,190.06,512.825,719.853,141.946,-179.949,-128.663,-109.559,0.843,-116.205,-180.084,64.648,160.192,-4.959,-1.398,1.235,0.0,-0.052,-4.851,-3.638,69.591,79.453,9.599,-0.859,2.488,0.417,-0.342,0.38,-0.002,0.07,0.31,
2025-08-06 06:30:06.286,retreat_middlecase_to_vision_approach,195.058,512.87,719.792,141.878,-179.949,-128.731,-110.048,0.707,-116.077,-180.085,64.639,159.702,-4.874,-1.372,1.328,-0.0,-0.006,-4.886,-3.51,69.61,79.596,9.618,-0.848,2.508,0.059,-0.146,0.543,0.0,0.035,-0.607,
2025-08-06 06:30:06.387,retreat_middlecase_to_vision_approach,200.056,512.915,719.731,141.81,-179.949,-128.799,-110.535,0.564,-115.944,-180.085,64.631,159.214,-4.948,-1.427,1.344,0.0,-0.045,-4.973,-3.572,69.38,79.6,9.617,-0.842,2.49,-0.159,-0.532,0.377,0.002,-0.07,0.126,
2025-08-06 06:30:06.492,retreat_middlecase_to_vision_approach,205.055,512.959,719.67,141.742,-179.949,-128.867,-111.022,0.418,-115.808,-180.087,64.623,158.733,-4.906,-1.482,1.406,0.0,-0.021,-4.86,-3.539,69.442,79.526,9.634,-0.837,2.475,0.771,-0.204,0.25,0.0,0.19,1.939,
2025-08-06 06:30:06.588,retreat_middlecase_to_vision_approach,210.053,513.004,719.609,141.675,-179.949,-128.934,-111.503,0.272,-115.67,-180.087,64.616,158.255,-4.793,-1.468,1.395,0.0,-0.007,-4.583,-3.501,69.449,79.483,9.63,-0.831,2.474,0.843,-0.01,-0.153,0.0,0.045,1.406,
2025-08-06 06:30:06.686,retreat_middlecase_to_vision_approach,215.051,513.048,719.548,141.607,-179.949,-129.001,-111.981,0.123,-115.528,-180.089,64.609,157.777,-4.743,-1.484,1.376,0.0,-0.012,-4.587,-3.536,69.454,79.5,9.623,-0.831,2.473,0.416,-0.138,0.252,0.0,-0.111,-0.559,
2025-08-06 06:30:06.786,retreat_middlecase_to_vision_approach,220.049,513.093,719.487,141.54,-179.949,-129.068,-112.454,-0.032,-115.382,-180.09,64.602,157.299,-4.71,-1.496,1.444,0.0,-0.029,-4.694,-3.57,69.402,79.463,9.638,-0.831,2.481,0.291,-0.109,0.773,0.0,-0.014,-0.699,
2025-08-06 06:30:06.889,retreat_middlecase_to_vision_approach,225.047,513.138,719.426,141.473,-179.949,-129.135,-112.924,-0.185,-115.232,-180.091,64.596,156.826,-4.684,-1.506,1.533,0.0,-0.015,-4.729,-3.606,69.413,79.433,9.654,-0.837,2.464,0.371,-0.252,0.718,0.0,0.059,-0.409,
2025-08-06 06:30:06.986,retreat_middlecase_to_vision_approach,230.046,513.182,719.365,141.406,-179.949,-129.202,-113.39,-0.338,-115.082,-180.092,64.59,156.364,-4.636,-1.546,1.588,0.0,-0.017,-4.776,-3.546,69.079,79.381,9.672,-0.836,2.45,0.239,-0.54,0.291,0.0,0.054,0.809,
2025-08-06 06:30:07.086,retreat_middlecase_to_vision_approach,235.044,513.227,719.305,141.339,-179.949,-129.269,-113.857,-0.497,-114.927,-180.092,64.585,155.901,-4.636,-1.613,1.59,0.0,-0.004,-4.57,-3.643,69.111,79.433,9.659,-0.826,2.454,0.243,-0.691,0.078,0.0,0.067,-0.01,
2025-08-06 06:30:07.186,retreat_middlecase_to_vision_approach,240.042,513.271,719.244,141.273,-179.949,-129.336,-114.32,-0.659,-114.769,-180.094,64.581,155.439,-4.588,-1.684,1.604,0.0,-0.004,-4.778,-3.532,68.83,79.474,9.665,-0.823,2.455,0.384,-0.288,0.133,0.0,0.021,-0.051,
2025-08-06 06:30:07.286,retreat_middlecase_to_vision_approach,245.04,513.316,719.183,141.206,-179.949,-129.402,-114.776,-0.823,-114.608,-180.095,64.578,154.98,-4.56,-1.67,1.617,0.0,-0.0,-4.58,-3.557,68.968,79.614,9.664,-0.826,2.45,0.493,-0.121,0.117,0.0,-0.03,2.978,
2025-08-06 06:30:07.392,retreat_middlecase_to_vision_approach,250.038,513.361,719.122,141.139,-179.949,-129.469,-115.231,-0.991,-114.443,-180.096,64.575,154.528,-4.486,-1.709,1.628,0.0,-0.01,-4.164,-3.588,68.777,79.604,9.651,-0.809,2.445,0.234,-0.539,0.352,0.0,0.001,0.184,
2025-08-06 06:30:07.488,retreat_middlecase_to_vision_approach,255.037,513.405,719.061,141.073,-179.949,-129.535,-115.68,-1.162,-114.275,-180.097,64.573,154.079,-4.512,-1.779,1.688,0.0,0.0,-4.543,-3.485,68.751,79.716,9.677,-0.819,2.444,0.403,-0.093,0.295,0.0,0.052,-1.991,
2025-08-06 06:30:07.586,retreat_middlecase_to_vision_approach,260.035,513.45,719.0,141.007,-179.948,-129.601,-116.125,-1.334,-114.106,-180.098,64.572,153.634,-4.408,-1.727,1.685,0.0,0.0,-4.55,-3.56,68.808,79.664,9.66,-0.799,2.44,0.561,0.0,0.377,0.0,0.0,-0.27,
2025-08-06 06:30:07.686,retreat_middlecase_to_vision_approach,265.033,513.494,718.939,140.941,-179.948,-129.667,-116.569,-1.51,-113.932,-180.099,64.571,153.189,-4.401,-1.779,1.763,0.0,0.0,-4.596,-3.506,68.549,79.541,9.678,-0.777,2.457,-0.099,-0.024,0.845,-0.005,0.0,0.712,
2025-08-06 06:30:07.786,retreat_middlecase_to_vision_approach,270.031,513.539,718.878,140.875,-179.948,-129.733,-117.011,-1.687,-113.755,-180.1,64.571,152.749,-4.428,-1.732,1.854,-0.001,0.0,-4.408,-3.565,68.945,79.413,9.682,-0.743,2.465,0.187,0.284,0.724,0.0,0.0,1.919,
2025-08-06 06:30:07.887,retreat_middlecase_to_vision_approach,275.029,513.584,718.818,140.809,-179.948,-129.799,-117.447,-1.861,-113.575,-180.101,64.571,152.31,-4.364,-1.722,1.908,0.0,0.0,-4.21,-3.502,68.878,79.421,9.693,-0.697,2.446,0.568,-0.341,0.226,0.005,0.001,0.905,
2025-08-06 06:30:07.986,retreat_middlecase_to_vision_approach,280.028,513.628,718.757,140.744,-179.948,-129.864,-117.88,-2.04,-113.392,-180.102,64.572,151.881,-4.314,-1.8,1.899,0.0,0.0,-4.227,-3.586,68.529,79.42,9.692,-0.631,2.44,0.391,-0.665,-0.38,-0.023,0.093,-0.611,
2025-08-06 06:30:08.086,retreat_middlecase_to_vision_approach,285.026,513.673,718.696,140.678,-179.948,-129.93,-118.31,-2.225,-113.205,-180.103,64.575,151.454,-4.286,-1.854,1.833,-0.005,0.018,-4.332,-3.589,68.41,79.556,9.705,-0.546,2.443,0.935,-0.356,-0.482,0.0,0.044,1.293,
2025-08-06 06:30:08.188,retreat_middlecase_to_vision_approach,289.988,513.717,718.635,140.613,-179.948,-129.995,-118.733,-2.409,-113.018,-180.105,64.58,151.031,-4.125,-1.872,1.802,0.0,0.009,-3.966,-3.546,68.506,79.67,9.706,-0.443,2.451,2.484,0.59,-0.505,0.023,-0.049,2.585,
2025-08-06 06:30:08.287,retreat_middlecase_to_vision_approach,294.657,513.759,718.578,140.552,-179.948,-130.056,-119.129,-2.588,-112.837,-180.106,64.585,150.634,-3.786,-1.736,1.731,0.0,0.009,-3.812,-3.107,68.296,79.557,9.708,-0.382,2.446,4.87,2.203,-1.73,0.0,-0.038,4.508,
2025-08-06 06:30:08.386,retreat_middlecase_to_vision_approach,298.729,513.795,718.529,140.499,-179.948,-130.109,-119.475,-2.746,-112.677,-180.106,64.59,150.287,-3.161,-1.436,1.459,0.0,0.001,-3.073,-2.925,68.874,79.409,9.719,-0.341,2.438,6.924,3.265,-3.086,0.0,-0.007,8.131,
2025-08-06 06:30:08.486,retreat_middlecase_to_vision_approach,301.983,513.824,718.489,140.457,-179.948,-130.151,-119.755,-2.873,-112.547,-180.107,64.595,150.019,-2.408,-1.086,1.117,0.0,0.007,-2.194,-2.666,68.927,79.32,9.747,-0.336,2.435,7.618,3.3,-3.553,0.0,-0.007,8.522,
2025-08-06 06:30:08.586,retreat_middlecase_to_vision_approach,304.314,513.845,718.461,140.426,-179.948,-130.181,-119.954,-2.967,-112.453,-180.108,64.598,149.814,-1.637,-0.776,0.749,0.0,0.0,-1.369,-2.368,68.94,79.178,9.765,-0.326,2.438,7.815,3.607,-3.429,0.0,-0.035,6.853,
2025-08-06 06:30:08.687,retreat_middlecase_to_vision_approach,305.745,513.858,718.443,140.408,-179.948,-130.2,-120.071,-3.025,-112.394,-180.108,64.6,149.697,-0.838,-0.361,0.428,0.0,0.0,-0.817,-2.438,69.223,79.193,9.776,-0.315,2.446,6.371,2.912,-3.237,0.0,-0.001,4.902,
2025-08-06 06:30:08.788,retreat_middlecase_to_vision_approach,306.426,513.864,718.435,140.399,-179.948,-130.209,-120.129,-3.05,-112.367,-180.108,64.601,149.639,-0.351,-0.188,0.095,0.0,0.0,-0.379,-2.596,69.024,79.071,9.776,-0.312,2.455,4.078,1.797,-2.098,0.0,0.0,4.015,waypoint
2025-08-06 06:30:08.886,retreat_middlecase_to_vision_approach,306.611,513.865,718.433,140.396,-179.948,-130.211,-120.147,-3.06,-112.357,-180.108,64.601,149.617,-0.026,-0.003,0.01,0.0,0.0,-0.018,-2.612,68.824,79.086,9.785,-0.346,2.473,1.735,0.93,-0.47,0.0,0.0,1.875,
2025-08-06 06:30:08.990,retreat_middlecase_to_vision_approach,306.618,513.865,718.433,140.396,-179.948,-130.211,-120.148,-3.061,-112.356,-180.108,64.601,149.615,0.0,0.0,0.0,0.0,0.0,0.0,-2.519,69.232,78.947,9.769,-0.356,2.519,0.131,0.017,-0.051,0.0,0.0,0.09,
2025-08-06 06:30:09.086,retreat_middlecase_to_vision_approach,306.618,513.865,718.433,140.396,-179.948,-130.211,-120.148,-3.061,-112.357,-180.108,64.601,149.615,0.0,0.0,0.0,0.0,0.0,0.0,-2.319,69.464,78.803,9.773,-0.374,2.556,0.0,0.0,0.0,0.0,0.0,0.0,
2025-08-06 06:30:09.187,retreat_middlecase_to_vision_approach,306.618,513.865,718.433,140.396,-179.948,-130.211,-120.148,-3.061,-112.357,-180.108,64.601,149.615,0.0,0.0,0.0,0.0,0.0,0.0,-2.117,69.595,78.708,9.807,-0.385,2.585,0.0,0.0,0.0,0.0,0.0,0.0,
2025-08-06 06:30:09.486,retreat_middlecase_to_vision_approach,306.618,513.865,718.433,140.396,-179.948,-130.211,-120.148,-3.061,-112.357,-180.108,64.601,149.616,0.0,0.0,0.0,0.0,0.0,0.0,-1.905,69.846,78.603,9.81,-0.394,2.653,0.0,0.0,0.0,0.0,0.0,0.0,
2025-08-06 06:30:09.787,retreat_middlecase_to_vision_approach,306.618,513.865,718.433,140.396,-179.948,-130.211,-120.147,-3.06,-112.358,-180.108,64.601,149.616,0.0,0.0,0.0,0.0,0.0,0.0,-1.542,70.174,78.531,9.823,-0.429,2.688,0.0,0.0,0.0,0.0,0.0,-0.001,
2025-08-06 06:30:10.087,retreat_middlecase_to_vision_approach,306.618,513.865,718.433,140.396,-179.948,-130.211,-120.146,-3.06,-112.358,-180.108,64.601,149.617,0.002,0.0,0.0,0.0,0.0,0.0,-1.169,70.785,78.491,9.841,-0.447,2.704,0.0,0.0,-0.0,0.0,0.0,0.011,
2025-08-06 06:30:10.387,retreat_middlecase_to_vision_approach,306.618,513.865,718.433,140.396,-179.948,-130.211,-120.144,-3.058,-112.358,-180.108,64.601,149.619,0.0,0.0,0.0,0.0,0.0,0.0,-0.819,71.697,78.521,9.86,-0.451,2.726,0.0,0.0,0.0,0.0,0.0,-0.009,
2025-08-06 06:30:10.688,retreat_middlecase_to_vision_approach,306.618,513.865,718.433,140.396,-179.948,-130.211,-120.143,-3.056,-112.358,-180.108,64.601,149.621,0.0,0.0,0.0,0.0,0.0,0.0,-0.586,72.565,78.49,9.86,-0.438,2.75,0.004,-0.006,0.0,0.0,0.0,-0.007,
2025-08-06 06:30:10.988,retreat_middlecase_to_vision_approach,306.618,513.865,718.433,140.396,-179.948,-130.211,-120.142,-3.054,-112.358,-180.108,64.601,149.622,0.0,0.0,0.0,0.0,0.0,0.0,-0.433,73.078,78.517,9.882,-0.439,2.765,0.0,-0.0,0.0,0.0,0.0,0.0,
2025-08-06 06:30:11.287,retreat_middlecase_to_vision_approach,306.618,513.865,718.433,140.396,-179.948,-130.211,-120.142,-3.053,-112.358,-180.108,64.601,149.623,0.0,0.0,0.0,0.0,0.0,0.0,-0.45,73.321,78.511,9.88,-0.442,2.776,0.0,0.0,0.0,0.0,0.0,0.0,
2025-08-06 06:30:11.586,retreat_middlecase_to_vision_approach,306.618,513.865,718.433,140.396,-179.948,-130.211,-120.141,-3.051,-112.358,-180.108,64.601,149.623,0.0,0.0,0.0,0.0,0.0,0.0,-0.447,73.477,78.524,9.876,-0.457,2.769,0.0,0.0,0.0,0.0,0.0,0.0,
2025-08-06 06:30:11.886,retreat_middlecase_to_vision_approach,306.618,513.865,718.433,140.396,-179.948,-130.211,-120.141,-3.051,-112.358,-180.108,64.601,149.623,0.0,0.0,0.0,0.0,0.0,0.0,-0.442,73.539,78.512,9.883,-0.435,2.758,0.0,0.0,0.0,0.0,0.0,0.0,
2025-08-06 06:30:12.188,vision_approach_to_detect_and_pose_estimate,306.686,513.889,718.368,133.612,-179.946,-138.007,-120.141,-3.05,-112.358,-180.108,64.601,148.754,0.0,0.0,0.0,0.0,0.0,-20.448,-0.433,73.559,78.561,9.875,-0.456,2.496,0.0,0.0,0.0,0.0,0.0,0.0,
2025-08-06 06:30:12.290,vision_approach_to_detect_and_pose_estimate,306.72,513.9,718.336,130.497,-179.945,-141.615,-120.141,-3.05,-112.358,-180.108,64.601,148.101,0.0,0.0,0.0,0.0,0.0,0.0,-0.631,73.416,78.518,9.893,-0.416,2.559,0.0,0.0,0.0,0.0,0.0,102.753,waypoint
2025-08-06 06:30:12.387,vision_approach_to_detect_and_pose_estimate,306.72,513.9,718.336,130.497,-179.945,-141.615,-120.141,-3.05,-112.358,-180.108,64.601,148.101,0.0,0.0,0.0,0.0,0.0,0.0,-0.68,73.362,78.584,9.869,-0.42,2.611,0.0,0.0,0.0,0.0,0.0,0.0,
2025-08-06 06:30:12.587,vision_approach_to_detect_and_pose_estimate,306.72,513.9,718.336,130.497,-179.945,-141.615,-120.142,-3.051,-112.357,-180.108,64.601,148.102,0.0,0.0,0.0,0.0,0.0,0.0,-0.865,73.17,78.626,9.863,-0.413,2.667,0.0,0.0,0.0,0.0,0.0,0.0,
2025-08-06 06:30:12.690,vision_approach_to_detect_and_pose_estimate,306.72,513.9,718.336,130.497,-179.945,-141.615,-120.142,-3.051,-112.357,-180.108,64.601,148.102,0.0,0.0,0.0,0.0,0.0,0.0,-0.96,73.087,78.672,9.866,-0.411,2.691,0.0,0.0,0.0,0.0,0.0,0.0,
2025-08-06 06:30:12.788,vision_approach_to_detect_and_pose_estimate,306.72,513.9,718.336,130.497,-179.945,-141.615,-120.142,-3.051,-112.357,-180.108,64.601,148.103,0.0,0.0,0.0,0.0,0.0,0.0,-1.112,72.977,78.666,9.854,-0.405,2.706,0.0,0.0,0.0,0.0,0.0,0.0,
2025-08-06 06:30:12.886,vision_approach_to_detect_and_pose_estimate,306.72,513.9,718.336,130.497,-179.945,-141.615,-120.143,-3.051,-112.357,-180.108,64.601,148.104,0.0,0.0,0.0,0.0,0.0,0.0,-1.195,72.847,78.697,9.857,-0.403,2.722,0.0,-0.001,0.0,0.0,0.0,0.0,
2025-08-06 06:30:12.990,vision_approach_to_detect_and_pose_estimate,306.72,513.9,718.336,130.497,-179.945,-141.615,-120.143,-3.051,-112.357,-180.108,64.601,148.105,0.0,-0.0,0.0,0.0,0.0,0.0,-1.379,72.707,78.661,9.844,-0.388,2.727,0.0,-0.0,0.0,0.0,0.0,0.0,
2025-08-06 06:30:13.087,vision_approach_to_detect_and_pose_estimate,306.72,513.9,718.336,130.497,-179.945,-141.615,-120.144,-3.051,-112.357,-180.108,64.601,148.106,0.0,-0.0,0.0,0.0,0.0,0.0,-1.444,72.526,78.699,9.851,-0.397,2.734,0.0,0.002,0.0,0.0,0.0,0.002,
2025-08-06 06:30:13.187,vision_approach_to_detect_and_pose_estimate,306.72,513.9,718.336,130.497,-179.945,-141.615,-120.144,-3.052,-112.356,-180.108,64.601,148.107,0.0,0.0,0.0,0.0,0.0,0.0,-1.628,72.316,78.662,9.839,-0.395,2.752,0.0,0.0,0.0,0.0,0.0,0.0,
2025-08-06 06:30:13.287,vision_approach_to_detect_and_pose_estimate,306.72,513.9,718.336,130.497,-179.945,-141.615,-120.145,-3.052,-112.356,-180.108,64.601,148.108,0.0,0.0,0.0,0.0,0.0,0.0,-1.692,72.117,78.671,9.826,-0.395,2.763,0.0,0.0,0.0,0.0,0.0,-0.001,
2025-08-06 06:30:13.387,vision_approach_to_detect_and_pose_estimate,306.72,513.9,718.336,130.497,-179.945,-141.615,-120.146,-3.052,-112.356,-180.108,64.601,148.109,0.0,0.0,0.0,0.0,0.0,0.0,-1.844,71.89,78.664,9.824,-0.395,2.769,-0.287,-0.077,0.221,0.0,0.0,0.0,
2025-08-06 06:30:13.589,vision_approach_to_detect_and_pose_estimate,307.133,513.912,718.336,130.497,-179.945,-141.615,-120.174,-3.061,-112.339,-180.108,64.601,148.108,-0.421,-0.061,0.201,0.0,0.0,0.0,-3.135,70.358,79.192,9.822,-0.39,2.758,-3.438,-1.541,1.732,0.0,0.003,-5.023,
2025-08-06 06:30:13.687,vision_approach_to_detect_and_pose_estimate,307.877,513.934,718.336,130.497,-179.945,-141.615,-120.232,-3.084,-112.309,-180.108,64.604,148.061,-0.748,-0.325,0.392,0.0,0.001,-1.01,-3.604,68.336,79.405,9.818,-0.362,2.626,-3.467,-2.812,2.166,0.0,0.001,-5.56,
2025-08-06 06:30:13.787,vision_approach_to_detect_and_pose_estimate,309.082,513.969,718.336,130.497,-179.945,-141.615,-120.327,-3.132,-112.26,-180.108,64.609,147.941,-1.107,-0.618,0.63,0.0,0.0,-1.101,-3.697,67.632,79.516,9.813,-0.317,2.486,-3.495,-1.742,1.308,0.0,0.052,-1.043,
2025-08-06 06:30:13.887,vision_approach_to_detect_and_pose_estimate,310.705,514.016,718.336,130.497,-179.945,-141.615,-120.457,-3.2,-112.192,-180.109,64.614,147.805,-1.447,-0.674,0.654,0.0,0.011,-1.218,-3.82,67.814,79.469,9.801,-0.305,2.447,-2.485,-0.928,1.015,-0.002,0.021,-3.149,
2025-08-06 06:30:13.987,vision_approach_to_detect_and_pose_estimate,312.608,514.072,718.336,130.497,-179.945,-141.615,-120.613,-3.279,-112.11,-180.109,64.62,147.646,-1.605,-0.804,0.833,-0.0,0.004,-1.731,-3.674,67.791,79.52,9.797,-0.294,2.434,-0.968,-0.742,0.769,0.0,-0.033,-2.243,
2025-08-06 06:30:14.087,vision_approach_to_detect_and_pose_estimate,314.605,514.13,718.336,130.497,-179.945,-141.615,-120.776,-3.363,-112.024,-180.11,64.626,147.483,-1.641,-0.822,0.807,0.0,0.004,-1.667,-3.425,67.886,79.453,9.772,-0.268,2.434,-0.336,0.084,-0.0,0.002,0.115,1.3,
2025-08-06 06:30:14.186,vision_approach_to_detect_and_pose_estimate,316.604,514.188,718.336,130.497,-179.945,-141.615,-120.936,-3.446,-111.937,-180.111,64.633,147.32,-1.671,-0.787,0.832,0.0,0.027,-1.472,-3.481,68.005,79.512,9.742,-0.239,2.433,0.135,0.119,0.072,0.0,0.099,0.756,
2025-08-06 06:30:14.287,vision_approach_to_detect_and_pose_estimate,318.603,514.246,718.336,130.497,-179.945,-141.615,-121.099,-3.528,-111.85,-180.111,64.639,147.164,-1.614,-0.798,0.822,0.0,0.024,-1.516,-3.3,67.954,79.59,9.757,-0.216,2.426,0.246,-0.079,0.232,0.0,0.012,-0.975,
2025-08-06 06:30:14.386,vision_approach_to_detect_and_pose_estimate,320.602,514.304,718.336,130.497,-179.945,-141.615,-121.258,-3.611,-111.762,-180.112,64.646,147.008,-1.622,-0.803,0.879,0.0,0.029,-1.667,-3.395,67.888,79.631,9.741,-0.205,2.436,0.056,0.119,0.177,0.0,-0.057,-0.723,
2025-08-06 06:30:14.490,vision_approach_to_detect_and_pose_estimate,322.601,514.362,718.336,130.497,-179.945,-141.615,-121.414,-3.691,-111.675,-180.113,64.654,146.841,-1.602,-0.774,0.858,0.0,0.013,-1.662,-3.365,67.924,79.649,9.745,-0.192,2.441,0.274,0.062,0.298,0.0,-0.044,1.165,
2025-08-06 06:30:14.587,vision_approach_to_detect_and_pose_estimate,324.6,514.42,718.336,130.497,-179.945,-141.615,-121.574,-3.771,-111.585,-180.113,64.661,146.688,-1.567,-0.79,0.939,0.0,0.021,-1.433,-3.425,67.761,79.792,9.76,-0.175,2.43,0.215,-0.214,0.325,0.0,0.098,0.838,
2025-08-06 06:30:14.687,vision_approach_to_detect_and_pose_estimate,326.598,514.478,718.336,130.497,-179.945,-141.615,-121.732,-3.853,-111.497,-180.113,64.668,146.531,-1.56,-0.816,0.922,0.0,0.032,-1.497,-3.318,67.569,79.726,9.779,-0.157,2.434,0.144,-0.257,-0.045,0.0,-0.037,-1.183,
2025-08-06 06:30:14.786,vision_approach_to_detect_and_pose_estimate,328.597,514.536,718.336,130.497,-179.945,-141.615,-121.888,-3.936,-111.406,-180.114,64.676,146.37,-1.538,-0.841,0.93,0.0,0.013,-1.668,-3.422,67.618,79.809,9.8,-0.143,2.441,0.11,0.031,0.137,-0.004,-0.029,-0.864,
2025-08-06 06:30:14.886,vision_approach_to_detect_and_pose_estimate,330.596,514.594,718.336,130.497,-179.945,-141.615,-122.044,-4.02,-111.317,-180.114,64.683,146.216,-1.538,-0.81,0.949,-0.001,0.026,-1.669,-3.43,67.551,79.763,9.781,-0.146,2.436,-0.279,-0.014,-0.101,-0.002,0.071,1.553,
2025-08-06 06:30:14.986,vision_approach_to_detect_and_pose_estimate,332.595,514.653,718.336,130.497,-179.945,-141.615,-122.199,-4.104,-111.225,-180.115,64.691,146.057,-1.594,-0.844,0.91,-0.0,0.027,-1.358,-3.426,67.606,79.779,9.796,-0.124,2.42,-0.094,0.23,-0.053,0.004,-0.043,0.969,
2025-08-06 06:30:15.086,vision_approach_to_detect_and_pose_estimate,334.594,514.711,718.336,130.497,-179.945,-141.615,-122.354,-4.187,-111.136,-180.115,64.698,145.908,-1.557,-0.764,0.938,0.0,0.018,-1.476,-3.416,67.665,79.771,9.801,-0.11,2.41,-0.058,0.183,-0.051,0.002,0.048,-1.639,
2025-08-06 06:30:15.186,vision_approach_to_detect_and_pose_estimate,336.593,514.769,718.336,130.497,-179.945,-141.615,-122.51,-4.269,-111.043,-180.116,64.706,145.75,-1.606,-0.808,0.899,0.0,0.037,-1.686,-3.497,67.762,79.723,9.801,-0.089,2.408,0.047,-0.268,-0.364,0.0,0.124,-0.286,
2025-08-06 06:30:15.288,vision_approach_to_detect_and_pose_estimate,338.592,514.827,718.336,130.497,-179.945,-141.615,-122.665,-4.351,-110.952,-180.116,64.714,145.594,-1.547,-0.818,0.865,0.0,0.043,-1.533,-3.342,67.576,79.61,9.802,-0.082,2.411,0.313,-0.204,-0.308,0.0,-0.008,0.499,
2025-08-06 06:30:15.388,vision_approach_to_detect_and_pose_estimate,340.591,514.885,718.336,130.497,-179.945,-141.615,-122.82,-4.436,-110.861,-180.117,64.723,145.444,-1.543,-0.849,0.837,0.0,0.035,-1.585,-3.41,67.467,79.467,9.794,-0.063,2.416,0.218,0.064,0.219,-0.001,0.024,1.173,
2025-08-06 06:30:15.486,vision_approach_to_detect_and_pose_estimate,342.59,514.943,718.336,130.497,-179.945,-141.615,-122.971,-4.521,-110.767,-180.117,64.732,145.292,-1.504,-0.805,0.908,-0.0,0.047,-1.301,-3.316,67.676,79.558,9.818,-0.044,2.417,0.145,0.11,0.231,0.0,0.114,0.09,
2025-08-06 06:30:15.586,vision_approach_to_detect_and_pose_estimate,344.588,515.001,718.336,130.497,-179.945,-141.615,-123.123,-4.605,-110.676,-180.118,64.742,145.142,-1.514,-0.827,0.883,0.0,0.058,-1.567,-3.378,67.665,79.439,9.82,-0.015,2.415,-0.113,0.131,0.342,0.001,-0.049,-1.819,
2025-08-06 06:30:15.686,vision_approach_to_detect_and_pose_estimate,346.587,515.059,718.336,130.497,-179.945,-141.615,-123.276,-4.687,-110.581,-180.118,64.751,144.987,-1.527,-0.779,0.977,0.0,0.038,-1.665,-3.319,67.588,79.55,9.827,-0.003,2.417,0.004,0.089,0.523,0.0,-0.071,0.451,
2025-08-06 06:30:15.787,vision_approach_to_detect_and_pose_estimate,348.586,515.117,718.336,130.497,-179.945,-141.615,-123.426,-4.768,-110.487,-180.119,64.761,144.833,-1.513,-0.809,0.988,0.0,0.043,-1.476,-3.375,67.566,79.643,9.824,0.014,2.422,0.24,-0.295,0.029,0.0,0.012,1.066,
2025-08-06 06:30:15.886,vision_approach_to_detect_and_pose_estimate,350.585,515.175,718.336,130.497,-179.945,-141.615,-123.577,-4.852,-110.391,-180.119,64.77,144.687,-1.479,-0.838,0.983,0.0,0.04,-1.452,-3.427,67.345,79.788,9.836,0.01,2.437,0.108,-0.163,-0.124,-0.007,0.013,0.889,
2025-08-06 06:30:15.987,vision_approach_to_detect_and_pose_estimate,352.584,515.234,718.336,130.497,-179.945,-141.615,-123.727,-4.939,-110.296,-180.12,64.78,144.539,-1.492,-0.842,0.963,-0.001,0.046,-1.298,-3.375,67.314,79.847,9.832,0.01,2.437,-0.14,0.052,-0.515,0.0,0.039,-0.868,
2025-08-06 06:30:16.087,vision_approach_to_detect_and_pose_estimate,354.583,515.292,718.336,130.497,-179.945,-141.615,-123.877,-5.025,-110.2,-180.12,64.789,144.389,-1.507,-0.827,0.879,0.0,0.048,-1.626,-3.421,67.469,79.829,9.833,0.008,2.439,-0.122,-0.088,-0.124,0.007,0.022,-1.911,
2025-08-06 06:30:16.187,vision_approach_to_detect_and_pose_estimate,356.582,515.35,718.336,130.497,-179.945,-141.615,-124.027,-5.112,-110.106,-180.121,64.799,144.237,-1.516,-0.86,0.938,0.0,0.05,-1.681,-3.366,67.307,79.96,9.839,0.004,2.43,-0.007,-0.012,0.375,0.0,0.037,0.998,
2025-08-06 06:30:16.287,vision_approach_to_detect_and_pose_estimate,358.581,515.408,718.336,130.497,-179.945,-141.615,-124.174,-5.198,-110.009,-180.121,64.809,144.086,-1.509,-0.83,0.954,0.0,0.055,-1.426,-3.329,67.407,79.898,9.835,0.016,2.417,0.397,0.15,0.213,-0.01,0.062,1.475,
2025-08-06 06:30:16.387,vision_approach_to_detect_and_pose_estimate,360.579,515.466,718.336,130.497,-179.945,-141.615,-124.322,-5.282,-109.912,-180.122,64.82,143.943,-1.437,-0.83,0.981,-0.002,0.063,-1.386,-3.351,67.297,79.946,9.831,0.008,2.416,0.12,-0.224,0.309,0.0,0.006,0.72,
2025-08-06 06:30:16.486,vision_approach_to_detect_and_pose_estimate,362.578,515.524,718.336,130.497,-179.945,-141.615,-124.468,-5.369,-109.815,-180.122,64.831,143.794,-1.485,-0.874,1.016,0.0,0.056,-1.283,-3.258,67.089,79.874,9.837,-0.006,2.423,-0.247,-0.237,-0.134,0.01,-0.042,-0.254,
2025-08-06 06:30:16.586,vision_approach_to_detect_and_pose_estimate,364.577,515.582,718.336,130.497,-179.945,-141.615,-124.615,-5.456,-109.715,-180.123,64.843,143.651,-1.486,-0.877,0.954,0.0,0.054,-1.436,-3.347,67.121,79.858,9.83,-0.005,2.415,-0.013,-0.052,-0.231,0.0,0.195,-1.564,
2025-08-06 06:30:16.686,vision_approach_to_detect_and_pose_estimate,366.576,515.64,718.336,130.497,-179.945,-141.615,-124.762,-5.545,-109.619,-180.123,64.854,143.502,-1.487,-0.885,0.969,0.0,0.096,-1.596,-3.29,67.136,79.848,9.837,-0.005,2.402,0.309,-0.313,-0.15,0.0,-0.152,-0.532,
2025-08-06 06:30:16.787,vision_approach_to_detect_and_pose_estimate,368.575,515.698,718.336,130.497,-179.945,-141.615,-124.906,-5.634,-109.521,-180.124,64.866,143.355,-1.424,-0.94,0.924,0.0,0.024,-1.543,-3.271,66.999,79.685,9.842,0.001,2.388,0.388,0.032,0.048,0.0,-0.177,-0.01,
2025-08-06 06:30:16.887,vision_approach_to_detect_and_pose_estimate,370.574,515.756,718.336,130.497,-179.945,-141.615,-125.052,-5.721,-109.422,-180.124,64.877,143.211,-1.409,-0.878,0.979,0.0,0.06,-1.598,-3.309,67.234,79.668,9.851,0.007,2.381,-0.107,0.112,0.602,0.0,0.144,1.542,
2025-08-06 06:30:16.987,vision_approach_to_detect_and_pose_estimate,372.573,515.815,718.336,130.497,-179.945,-141.615,-125.195,-5.808,-109.322,-180.125,64.889,143.065,-1.445,-0.917,1.045,0.0,0.053,-1.235,-3.325,67.108,79.671,9.869,-0.008,2.386,-0.172,-0.408,0.206,0.0,-0.187,1.5,
2025-08-06 06:30:17.086,vision_approach_to_detect_and_pose_estimate,374.572,515.873,718.336,130.497,-179.945,-141.615,-125.34,-5.897,-109.22,-180.125,64.9,142.926,-1.444,-0.96,1.02,0.0,0.023,-1.299,-3.264,66.832,79.693,9.869,-0.012,2.391,-0.168,0.022,-0.109,0.0,0.018,-0.672,
2025-08-06 06:30:17.186,vision_approach_to_detect_and_pose_estimate,376.57,515.931,718.336,130.497,-179.945,-141.615,-125.483,-5.987,-109.121,-180.126,64.912,142.783,-1.479,-0.913,1.023,0.0,0.056,-1.368,-3.376,67.113,79.77,9.886,-0.011,2.396,0.155,0.404,-0.292,0.0,0.253,-1.391,
2025-08-06 06:30:17.289,vision_approach_to_detect_and_pose_estimate,378.569,515.989,718.336,130.497,-179.945,-141.615,-125.627,-6.074,-109.02,-180.126,64.924,142.639,-1.412,-0.877,0.96,0.0,0.074,-1.582,-3.317,67.096,79.743,9.878,0.01,2.394,0.193,0.113,0.144,0.0,0.153,-0.935,
2025-08-06 06:30:17.387,vision_approach_to_detect_and_pose_estimate,380.568,516.047,718.336,130.497,-179.945,-141.615,-125.772,-6.162,-108.919,-180.127,64.937,142.499,-1.44,-0.89,1.052,0.0,0.087,-1.556,-3.296,66.973,79.863,9.878,0.007,2.399,0.107,0.002,0.446,0.0,-0.008,0.116,
2025-08-06 06:30:17.486,vision_approach_to_detect_and_pose_estimate,382.567,516.105,718.336,130.497,-179.945,-141.615,-125.911,-6.247,-108.817,-180.127,64.951,142.351,-1.391,-0.877,1.048,0.0,0.072,-1.559,-3.234,67.083,79.938,9.885,0.004,2.41,0.38,-0.034,-0.256,0.0,-0.095,0.902,
2025-08-06 06:30:17.586,vision_approach_to_detect_and_pose_estimate,384.566,516.163,718.336,130.497,-179.945,-141.615,-126.053,-6.335,-108.713,-180.127,64.965,142.212,-1.364,-0.897,1.001,0.0,0.068,-1.377,-3.303,66.559,79.915,9.886,-0.003,2.408,-0.185,0.07,-0.126,0.0,0.043,1.222,
2025-08-06 06:30:17.686,vision_approach_to_detect_and_pose_estimate,386.565,516.221,718.336,130.497,-179.945,-141.615,-126.193,-6.425,-108.611,-180.128,64.978,142.07,-1.428,-0.863,1.023,0.0,0.081,-1.314,-3.351,66.699,80.055,9.883,-0.002,2.407,-0.202,0.138,0.197,0.0,-0.021,0.679,
2025-08-06 06:30:17.787,vision_approach_to_detect_and_pose_estimate,388.564,516.279,718.336,130.497,-179.945,-141.615,-126.333,-6.514,-108.508,-180.128,64.991,141.931,-1.405,-0.869,1.041,0.0,0.064,-1.24,-3.442,66.657,79.884,9.891,0.01,2.404,0.299,-0.152,0.206,0.0,-0.038,0.684,
2025-08-06 06:30:17.888,vision_approach_to_detect_and_pose_estimate,390.563,516.337,718.336,130.497,-179.945,-141.615,-126.473,-6.606,-108.404,-180.129,65.004,141.797,-1.367,-0.894,1.065,0.0,0.073,-1.176,-3.284,66.444,79.908,9.889,-0.004,2.397,0.069,-0.035,0.161,-0.002,0.033,-0.781,
2025-08-06 06:30:17.986,vision_approach_to_detect_and_pose_estimate,392.562,516.396,718.336,130.497,-179.945,-141.615,-126.612,-6.697,-108.3,-180.13,65.018,141.656,-1.391,-0.876,1.072,-0.0,0.071,-1.396,-3.407,66.67,79.857,9.904,-0.013,2.393,-0.131,0.045,-0.544,0.0,0.059,-1.528,
2025-08-06 06:30:18.086,vision_approach_to_detect_and_pose_estimate,394.56,516.454,718.336,130.497,-179.945,-141.615,-126.751,-6.784,-108.195,-180.13,65.032,141.516,-1.393,-0.885,0.957,0.0,0.085,-1.478,-3.367,66.546,79.789,9.886,-0.006,2.384,0.279,-0.264,-0.02,0.002,0.206,-0.953,
2025-08-06 06:30:18.186,vision_approach_to_detect_and_pose_estimate,396.559,516.512,718.336,130.497,-179.945,-141.615,-126.889,-6.875,-108.091,-180.131,65.048,141.378,-1.335,-0.929,1.069,0.0,0.112,-1.586,-3.356,66.414,79.756,9.886,-0.0,2.375,0.098,-0.209,0.66,0.0,0.06,-0.256,
2025-08-06 06:30:18.286,vision_approach_to_detect_and_pose_estimate,398.558,516.57,718.336,130.497,-179.945,-141.615,-127.027,-6.966,-107.985,-180.131,65.063,141.238,-1.374,-0.927,1.089,0.0,0.097,-1.53,-3.388,66.445,79.692,9.901,0.002,2.369,-0.339,-0.141,-0.162,0.0,-0.095,0.736,
2025-08-06 06:30:18.387,vision_approach_to_detect_and_pose_estimate,400.557,516.628,718.336,130.497,-179.945,-141.615,-127.163,-7.058,-107.879,-180.132,65.078,141.1,-1.403,-0.957,1.036,0.0,0.093,-1.439,-3.316,66.286,79.733,9.893,-0.001,2.367,0.041,-0.163,-0.161,0.0,-0.045,0.271,
2025-08-06 06:30:18.486,vision_approach_to_detect_and_pose_estimate,402.556,516.686,718.336,130.497,-179.945,-141.615,-127.3,-7.153,-107.773,-180.132,65.092,140.968,-1.366,-0.959,1.057,0.0,0.088,-1.476,-3.459,66.319,79.753,9.915,-0.0,2.383,0.062,0.315,0.28,0.0,0.007,1.124,
2025-08-06 06:30:18.587,vision_approach_to_detect_and_pose_estimate,404.555,516.744,718.336,130.497,-179.945,-141.615,-127.434,-7.243,-107.668,-180.133,65.107,140.827,-1.391,-0.894,1.092,0.0,0.094,-1.214,-3.359,66.455,79.722,9.915,0.013,2.376,0.361,0.228,0.385,0.0,0.019,0.967,
2025-08-06 06:30:18.687,vision_approach_to_detect_and_pose_estimate,406.554,516.802,718.336,130.497,-179.945,-141.615,-127.57,-7.334,-107.558,-180.133,65.122,140.696,-1.293,-0.914,1.134,0.0,0.092,-1.281,-3.342,66.127,79.893,9.915,0.004,2.381,-0.022,-0.168,-0.22,0.0,0.037,-0.019,
2025-08-06 06:30:18.786,vision_approach_to_detect_and_pose_estimate,408.553,516.86,718.336,130.497,-179.945,-141.615,-127.705,-7.426,-107.451,-180.133,65.138,140.561,-1.395,-0.928,1.048,0.0,0.102,-1.218,-3.376,66.129,79.953,9.946,-0.004,2.381,-0.233,0.149,-0.37,-0.006,0.449,0.605,
2025-08-06 06:30:18.886,vision_approach_to_detect_and_pose_estimate,410.551,516.918,718.336,130.497,-179.945,-141.615,-127.84,-7.518,-107.344,-180.134,65.155,140.428,-1.339,-0.884,1.06,-0.001,0.181,-1.161,-3.445,66.108,79.883,9.94,0.013,2.398,0.382,0.152,0.419,-0.008,0.177,0.702,
2025-08-06 06:30:18.986,vision_approach_to_detect_and_pose_estimate,412.55,516.977,718.336,130.497,-179.945,-141.615,-127.973,-7.61,-107.233,-180.134,65.172,140.297,-1.319,-0.897,1.132,-0.002,0.137,-1.077,-3.377,66.043,79.989,9.942,0.02,2.408,-0.068,0.084,0.27,0.006,-0.443,-0.881,
2025-08-06 06:30:19.086,vision_approach_to_detect_and_pose_estimate,414.549,517.035,718.336,130.497,-179.945,-141.615,-128.105,-7.701,-107.126,-180.135,65.188,140.163,-1.353,-0.867,1.115,0.0,0.092,-1.337,-3.475,66.235,80.146,9.943,0.022,2.396,-0.05,0.044,-0.291,0.008,-0.069,-0.881,
2025-08-06 06:30:19.186,vision_approach_to_detect_and_pose_estimate,416.548,517.093,718.336,130.497,-179.945,-141.615,-128.238,-7.79,-107.016,-180.135,65.204,140.031,-1.329,-0.888,1.074,0.0,0.123,-1.253,-3.391,65.953,79.999,9.937,0.014,2.398,0.15,-0.324,0.075,-0.005,0.064,-0.437,
2025-08-06 06:30:19.287,vision_approach_to_detect_and_pose_estimate,418.547,517.151,718.336,130.497,-179.945,-141.615,-128.372,-7.883,-106.905,-180.136,65.22,139.897,-1.323,-0.932,1.13,-0.001,0.105,-1.425,-3.431,66.0,80.011,9.949,0.007,2.398,-0.274,-0.299,0.296,0.0,0.002,-0.898,
2025-08-06 06:30:19.387,vision_approach_to_detect_and_pose_estimate,420.546,517.209,718.336,130.497,-179.945,-141.615,-128.504,-7.976,-106.795,-180.136,65.238,139.766,-1.384,-0.949,1.133,0.0,0.124,-1.434,-3.403,65.893,79.98,9.97,0.011,2.408,0.126,-0.22,-0.743,0.005,0.006,-0.351,
2025-08-06 06:30:19.487,vision_approach_to_detect_and_pose_estimate,422.545,517.267,718.336,130.497,-179.945,-141.615,-128.636,-8.07,-106.685,-180.137,65.256,139.632,-1.298,-0.976,0.981,0.0,0.107,-1.495,-3.35,65.784,79.876,9.961,0.02,2.402,0.379,0.07,0.285,-0.001,0.349,-0.298,
2025-08-06 06:30:19.588,vision_approach_to_detect_and_pose_estimate,424.544,517.325,718.336,130.497,-179.945,-141.615,-128.768,-8.166,-106.573,-180.137,65.274,139.505,-1.308,-0.935,1.191,-0.0,0.194,-1.494,-3.363,65.823,79.948,9.951,0.018,2.391,0.212,0.273,0.588,0.0,0.33,-0.42,
2025-08-06 06:30:19.686,vision_approach_to_detect_and_pose_estimate,426.543,517.383,718.336,130.497,-179.945,-141.615,-128.897,-8.258,-106.462,-180.138,65.292,139.37,-1.255,-0.922,1.098,0.0,0.172,-1.579,-3.335,65.781,79.952,9.96,0.027,2.381,-0.115,0.232,-0.705,0.001,-0.495,0.341,
2025-08-06 06:30:19.787,vision_approach_to_detect_and_pose_estimate,428.541,517.441,718.336,130.497,-179.945,-141.615,-129.027,-8.351,-106.351,-180.139,65.309,139.239,-1.331,-0.888,1.05,0.0,0.096,-1.426,-3.399,65.543,79.797,9.943,0.036,2.374,-0.11,-0.038,0.374,0.0,-0.313,0.463,
2025-08-06 06:30:19.886,vision_approach_to_detect_and_pose_estimate,430.54,517.499,718.336,130.497,-179.945,-141.615,-129.154,-8.445,-106.237,-180.139,65.327,139.112,-1.277,-0.929,1.173,0.0,0.11,-1.486,-3.394,65.534,79.862,9.961,0.033,2.365,0.016,-0.376,0.374,0.0,-0.047,-0.135,
2025-08-06 06:30:19.989,vision_approach_to_detect_and_pose_estimate,432.539,517.557,718.336,130.497,-179.945,-141.615,-129.284,-8.54,-106.125,-180.14,65.346,138.981,-1.328,-0.964,1.126,0.0,0.086,-1.453,-3.464,65.377,79.914,9.982,0.03,2.368,-0.052,-0.107,-0.334,0.0,0.494,0.771,
2025-08-06 06:30:20.087,vision_approach_to_detect_and_pose_estimate,434.538,517.616,718.336,130.497,-179.945,-141.615,-129.411,-8.637,-106.012,-180.14,65.366,138.853,-1.288,-0.951,1.106,0.0,0.209,-1.331,-3.484,65.499,79.965,9.991,0.038,2.369,0.295,-0.069,0.089,0.0,0.565,0.051,
2025-08-06 06:30:20.189,vision_approach_to_detect_and_pose_estimate,436.537,517.674,718.336,130.497,-179.945,-141.615,-129.54,-8.732,-105.897,-180.14,65.386,138.73,-1.269,-0.978,1.144,0.0,0.199,-1.443,-3.48,65.668,80.094,9.989,0.039,2.367,-0.235,-0.159,0.344,0.0,-0.525,0.069,
2025-08-06 06:30:20.287,vision_approach_to_detect_and_pose_estimate,438.536,517.732,718.336,130.497,-179.945,-141.615,-129.666,-8.827,-105.782,-180.141,65.404,138.596,-1.335,-0.983,1.174,0.0,0.104,-1.317,-3.437,65.282,80.102,9.99,0.026,2.363,-0.076,0.203,-0.15,0.0,-0.28,0.639,
2025-08-06 06:30:20.386,vision_approach_to_detect_and_pose_estimate,440.535,517.79,718.336,130.497,-179.945,-141.615,-129.795,-8.923,-105.669,-180.141,65.423,138.475,-1.284,-0.938,1.114,0.0,0.144,-1.317,-3.328,65.39,80.016,9.992,0.04,2.356,0.336,0.298,-0.063,0.0,0.355,-0.007,
2025-08-06 06:30:20.486,vision_approach_to_detect_and_pose_estimate,442.534,517.848,718.336,130.497,-179.945,-141.615,-129.919,-9.018,-105.552,-180.142,65.443,138.347,-1.268,-0.923,1.162,0.0,0.175,-1.319,-3.372,65.412,80.088,9.993,0.044,2.36,0.165,0.054,0.026,-0.002,0.249,0.089,
2025-08-06 06:30:20.586,vision_approach_to_detect_and_pose_estimate,444.532,517.906,718.336,130.497,-179.945,-141.615,-130.047,-9.112,-105.437,-180.142,65.464,138.22,-1.251,-0.927,1.119,-0.0,0.194,-1.299,-3.41,65.34,79.99,9.992,0.061,2.356,0.028,0.09,0.172,0.0,-0.14,0.158,
2025-08-06 06:30:20.686,vision_approach_to_detect_and_pose_estimate,446.531,517.964,718.336,130.497,-179.945,-141.615,-130.171,-9.206,-105.322,-180.143,65.485,138.094,-1.263,-0.905,1.196,0.0,0.147,-1.287,-3.325,65.285,79.935,9.993,0.066,2.363,-0.059,-0.071,0.065,0.002,-0.216,-0.323,
2025-08-06 06:30:20.786,vision_approach_to_detect_and_pose_estimate,448.53,518.022,718.336,130.497,-179.945,-141.615,-130.296,-9.299,-105.203,-180.143,65.504,137.975,-1.263,-0.941,1.132,0.0,0.151,-1.364,-3.463,65.371,79.991,9.998,0.069,2.368,-0.022,-0.505,-0.051,0.0,0.344,-0.08,
2025-08-06 06:30:20.890,vision_approach_to_detect_and_pose_estimate,450.529,518.08,718.336,130.497,-179.945,-141.615,-130.419,-9.395,-105.088,-180.144,65.524,137.845,-1.267,-1.008,1.186,0.0,0.217,-1.303,-3.342,64.974,79.976,10.012,0.05,2.368,0.262,-0.304,0.433,0.0,0.154,0.374,
2025-08-06 06:30:20.987,vision_approach_to_detect_and_pose_estimate,452.528,518.138,718.336,130.497,-179.945,-141.615,-130.543,-9.492,-104.97,-180.144,65.546,137.724,-1.21,-1.002,1.219,0.0,0.182,-1.289,-3.386,65.089,79.914,10.005,0.059,2.363,-0.148,0.092,-0.381,0.0,0.048,-0.073,
2025-08-06 06:30:21.088,vision_approach_to_detect_and_pose_estimate,454.527,518.197,718.336,130.497,-179.945,-141.615,-130.666,-9.589,-104.853,-180.145,65.569,137.6,-1.296,-0.99,1.11,0.0,0.226,-1.318,-3.43,64.722,79.863,9.997,0.051,2.369,0.035,0.409,-0.123,-0.006,0.203,-0.426,
2025-08-06 06:30:21.189,vision_approach_to_detect_and_pose_estimate,456.526,518.255,718.336,130.497,-179.945,-141.615,-130.79,-9.687,-104.733,-180.145,65.59,137.478,-1.203,-0.92,1.194,-0.001,0.223,-1.375,-3.266,64.929,79.95,10.026,0.048,2.375,0.376,0.224,0.432,0.0,-0.089,0.294,
2025-08-06 06:30:21.287,vision_approach_to_detect_and_pose_estimate,458.525,518.313,718.336,130.497,-179.945,-141.615,-130.911,-9.782,-104.616,-180.146,65.611,137.354,-1.222,-0.945,1.196,0.0,0.209,-1.259,-3.412,64.918,80.02,10.036,0.044,2.38,0.013,-0.293,0.246,0.006,0.032,0.042,
2025-08-06 06:30:21.386,vision_approach_to_detect_and_pose_estimate,460.523,518.371,718.336,130.497,-179.945,-141.615,-131.034,-9.879,-104.497,-180.146,65.633,137.236,-1.2,-0.977,1.243,0.0,0.229,-1.367,-3.355,64.661,79.924,10.025,0.052,2.379,0.258,-0.281,-0.004,0.0,0.181,-0.875,
2025-08-06 06:30:21.488,vision_approach_to_detect_and_pose_estimate,462.522,518.429,718.336,130.497,-179.945,-141.615,-131.153,-9.976,-104.376,-180.147,65.657,137.111,-1.17,-1.002,1.196,0.0,0.245,-1.435,-3.388,64.792,80.132,10.061,0.051,2.37,-0.25,-0.176,-0.091,-0.005,-0.01,0.282,
2025-08-06 06:30:21.587,vision_approach_to_detect_and_pose_estimate,464.521,518.487,718.336,130.497,-179.945,-141.615,-131.275,-10.074,-104.256,-180.147,65.68,136.992,-1.251,-1.013,1.225,-0.001,0.227,-1.31,-3.368,64.532,80.062,10.037,0.056,2.358,0.046,0.099,0.276,0.0,-0.117,0.01,
2025-08-06 06:30:21.687,vision_approach_to_detect_and_pose_estimate,466.52,518.545,718.336,130.497,-179.945,-141.615,-131.396,-10.175,-104.136,-180.148,65.702,136.874,-1.161,-0.982,1.25,0.0,0.222,-1.433,-3.324,64.549,80.124,10.036,0.053,2.361,0.054,0.267,-0.314,0.005,-0.456,-0.124,
2025-08-06 06:30:21.787,vision_approach_to_detect_and_pose_estimate,468.519,518.603,718.336,130.497,-179.945,-141.615,-131.517,-10.27,-104.015,-180.148,65.724,136.753,-1.24,-0.959,1.162,0.0,0.136,-1.335,-3.419,64.701,80.066,10.048,0.064,2.352,0.024,0.095,0.025,0.0,0.119,0.169,
2025-08-06 06:30:21.887,vision_approach_to_detect_and_pose_estimate,470.516,518.661,718.336,130.497,-179.945,-141.615,-131.636,-10.369,-103.893,-180.149,65.749,136.634,-1.156,-0.963,1.255,0.0,0.245,-1.399,-3.29,64.303,80.046,10.059,0.064,2.359,0.705,0.383,-0.35,0.0,0.305,1.259,
2025-08-06 06:30:21.987,vision_approach_to_detect_and_pose_estimate,472.42,518.717,718.336,130.497,-179.945,-141.615,-131.751,-10.464,-103.776,-180.149,65.772,136.527,-1.099,-0.883,1.092,0.0,0.197,-1.083,-3.31,64.578,80.058,10.068,0.07,2.364,1.329,1.212,-1.908,0.0,-0.526,3.021,
2025-08-06 06:30:22.087,vision_approach_to_detect_and_pose_estimate,474.042,518.764,718.336,130.497,-179.945,-141.615,-131.85,-10.544,-103.678,-180.15,65.792,136.424,-0.89,-0.721,0.874,0.0,0.14,-0.795,-3.043,64.777,79.919,10.056,0.081,2.363,2.566,1.864,-2.46,0.0,-0.467,2.83,
2025-08-06 06:30:22.186,vision_approach_to_detect_and_pose_estimate,475.248,518.799,718.336,130.497,-179.945,-141.615,-131.922,-10.606,-103.602,-180.15,65.807,136.345,-0.588,-0.512,0.602,0.0,0.104,-0.52,-2.846,64.659,79.9,10.066,0.074,2.371,2.841,2.128,-2.801,0.0,-0.534,2.532,
2025-08-06 06:30:22.286,vision_approach_to_detect_and_pose_estimate,475.991,518.82,718.336,130.497,-179.945,-141.615,-131.97,-10.646,-103.553,-180.15,65.817,136.309,-0.325,-0.297,0.317,0.0,0.034,-0.291,-2.918,65.093,79.876,10.073,0.069,2.382,2.395,2.441,-2.632,0.0,-0.491,1.946,waypoint
2025-08-06 06:30:22.387,vision_approach_to_detect_and_pose_estimate,476.328,518.83,718.336,130.497,-179.945,-141.615,-131.991,-10.663,-103.532,-180.15,65.82,136.284,-0.107,-0.021,0.073,0.0,0.005,-0.129,-2.648,64.863,79.839,10.07,0.044,2.385,1.623,1.487,-1.583,0.0,-0.169,1.456,
2025-08-06 06:30:22.486,vision_approach_to_detect_and_pose_estimate,476.404,518.832,718.336,130.497,-179.945,-141.615,-131.997,-10.667,-103.526,-180.15,65.821,136.275,0.0,0.0,0.0,0.0,0.0,0.0,-2.796,65.24,79.738,10.085,0.016,2.416,0.531,0.106,-0.365,0.0,-0.026,0.64,
2025-08-06 06:30:22.987,vision_approach_to_detect_and_pose_estimate,476.405,518.832,718.336,130.497,-179.945,-141.615,-131.997,-10.667,-103.526,-180.15,65.821,136.274,0.0,0.0,0.0,0.0,0.0,0.0,-1.898,65.863,79.247,10.122,-0.099,2.534,0.0,0.0,0.0,0.0,0.0,0.0,
2025-08-06 06:30:23.388,vision_approach_to_detect_and_pose_estimate,476.405,518.832,718.336,130.497,-179.945,-141.615,-131.996,-10.667,-103.527,-180.15,65.82,136.275,0.0,0.0,0.0,0.0,0.0,0.0,-1.309,66.154,79.13,10.136,-0.171,2.6,0.0,0.0,0.0,0.0,0.0,0.0,
2025-08-06 06:30:23.786,vision_approach_to_detect_and_pose_estimate,476.405,518.832,718.336,130.497,-179.945,-141.615,-131.993,-10.666,-103.528,-180.15,65.82,136.276,0.0,0.0,0.0,0.0,0.0,0.0,-0.701,66.52,79.1,10.166,-0.18,2.612,0.0,0.0,0.0,0.0,0.0,0.0,
2025-08-06 06:30:24.191,vision_approach_to_detect_and_pose_estimate,476.405,518.832,718.336,130.497,-179.945,-141.615,-131.991,-10.666,-103.528,-180.15,65.82,136.277,0.0,0.0,0.0,0.0,0.0,0.0,-0.361,67.009,79.079,10.175,-0.184,2.626,0.0,0.0,0.0,0.0,0.0,0.0,
2025-08-06 06:30:24.687,vision_approach_to_detect_and_pose_estimate,476.405,518.832,718.336,130.497,-179.945,-141.615,-131.99,-10.665,-103.528,-180.15,65.82,136.279,0.0,0.0,0.0,0.0,0.0,0.0,-0.341,67.972,79.07,10.184,-0.177,2.658,0.0,0.0,0.0,0.0,0.0,0.0,
2025-08-06 06:30:25.089,vision_approach_to_detect_and_pose_estimate,476.405,518.832,718.336,130.497,-179.945,-141.615,-131.99,-10.664,-103.528,-180.15,65.82,136.28,0.0,0.0,0.0,0.0,0.0,0.0,-0.351,68.485,79.093,10.188,-0.163,2.675,0.0,0.0,0.0,0.0,0.0,0.0,
2025-08-06 06:30:25.486,vision_approach_to_detect_and_pose_estimate,476.405,518.832,718.336,130.497,-179.945,-141.615,-131.99,-10.663,-103.528,-180.15,65.82,136.28,0.0,0.0,0.0,0.0,0.0,0.0,-0.349,68.867,79.101,10.202,-0.164,2.668,0.0,0.0,0.0,0.0,0.0,0.0,
2025-08-06 06:30:25.886,vision_approach_to_detect_and_pose_estimate,476.405,518.832,718.336,130.497,-179.945,-141.615,-131.99,-10.662,-103.528,-180.15,65.82,136.28,0.0,0.0,0.0,0.0,0.0,0.0,-0.393,69.107,79.089,10.208,-0.157,2.662,0.0,0.0,0.0,0.0,0.0,0.0,
2025-08-06 06:30:26.286,vision_approach_to_detect_and_pose_estimate,476.405,518.832,718.336,130.497,-179.945,-141.615,-131.99,-10.661,-103.528,-180.15,65.82,136.28,0.0,0.0,0.0,0.0,0.0,0.0,-0.409,69.206,79.087,10.207,-0.151,2.658,0.0,0.0,0.0,0.0,0.0,0.0,
2025-08-06 06:30:26.786,vision_approach_to_detect_and_pose_estimate,476.469,518.829,718.26,124.074,-179.944,-147.069,-131.99,-10.661,-103.528,-180.15,65.82,137.226,0.0,0.0,0.0,0.0,0.0,7.184,-0.532,69.229,79.065,10.213,-0.145,3.064,0.0,0.0,0.0,0.0,0.0,0.0,
2025-08-06 06:30:26.887,vision_approach_to_detect_and_pose_estimate,476.471,518.829,718.257,123.879,-179.944,-147.233,-131.99,-10.661,-103.528,-180.15,65.82,137.29,0.0,0.0,0.0,0.0,0.0,0.0,-0.445,69.1,79.085,10.199,-0.153,3.119,0.0,0.0,0.0,0.0,0.0,-35.922,waypoint
2025-08-06 06:30:26.986,vision_approach_to_detect_and_pose_estimate,476.471,518.829,718.257,123.879,-179.944,-147.233,-131.99,-10.661,-103.528,-180.15,65.82,137.29,0.0,0.0,0.0,0.0,0.0,0.0,-0.486,69.008,79.072,10.177,-0.156,3.094,0.0,0.0,0.0,0.0,0.0,0.0,
2025-08-06 06:30:27.186,vision_approach_to_detect_and_pose_estimate,476.471,518.829,718.257,123.879,-179.944,-147.233,-131.99,-10.661,-103.528,-180.15,65.82,137.288,0.0,0.0,0.0,0.0,0.0,0.0,-0.666,68.92,79.042,10.173,-0.146,3.052,0.0,0.0,0.0,0.0,0.0,-0.027,
2025-08-06 06:30:27.287,vision_approach_to_detect_and_pose_estimate,476.471,518.829,718.257,123.879,-179.944,-147.233,-131.99,-10.661,-103.528,-180.15,65.82,137.287,0.0,0.0,0.0,0.0,0.0,-0.005,-0.768,68.892,79.043,10.184,-0.158,3.029,0.0,0.0,0.0,0.0,0.0,-0.01,
2025-08-06 06:30:27.387,vision_approach_to_detect_and_pose_estimate,476.471,518.829,718.257,123.879,-179.944,-147.233,-131.991,-10.661,-103.528,-180.15,65.82,137.285,0.0,0.0,0.0,0.0,0.0,-0.002,-0.775,68.847,79.038,10.175,-0.155,3.013,0.0,0.0,0.0,0.0,0.0,0.028,
2025-08-06 06:30:27.486,vision_approach_to_detect_and_pose_estimate,476.471,518.829,718.257,123.879,-179.944,-147.233,-131.991,-10.661,-103.528,-180.15,65.82,137.282,0.0,0.0,0.0,0.0,0.0,0.0,-0.879,68.81,79.036,10.179,-0.14,2.976,0.0,0.0,0.0,0.0,0.0,-0.017,
2025-08-06 06:30:27.587,vision_approach_to_detect_and_pose_estimate,476.471,518.829,718.257,123.879,-179.944,-147.233,-131.991,-10.661,-103.528,-180.15,65.82,137.279,0.0,0.0,0.0,0.0,0.0,-0.005,-0.898,68.725,79.045,10.172,-0.135,2.954,0.0,0.0,0.0,0.0,0.0,0.0,
2025-08-06 06:30:27.688,vision_approach_to_detect_and_pose_estimate,476.471,518.829,718.257,123.879,-179.944,-147.233,-131.991,-10.661,-103.528,-180.15,65.82,137.277,0.0,0.0,0.0,0.0,0.0,0.0,-1.01,68.641,79.051,10.156,-0.13,2.916,0.0,0.0,0.0,0.0,0.0,0.027,
2025-08-06 06:30:27.787,vision_approach_to_detect_and_pose_estimate,476.471,518.829,718.257,123.879,-179.944,-147.233,-131.992,-10.661,-103.528,-180.15,65.82,137.275,0.0,0.0,0.0,0.0,0.0,0.0,-1.027,68.55,79.075,10.175,-0.135,2.887,0.0,0.0,0.0,0.0,0.0,0.0,
2025-08-06 06:30:27.886,vision_approach_to_detect_and_pose_estimate,476.471,518.829,718.257,123.879,-179.944,-147.233,-131.992,-10.661,-103.528,-180.15,65.82,137.275,0.0,0.0,0.0,0.0,0.0,0.0,-1.152,68.504,79.072,10.158,-0.129,2.881,-0.044,0.0,0.0,0.0,0.0,0.0,
2025-08-06 06:30:27.986,vision_approach_to_detect_and_pose_estimate,476.474,518.816,718.257,123.879,-179.944,-147.233,-131.993,-10.661,-103.528,-180.15,65.82,137.274,-0.009,0.0,0.0,0.0,0.0,0.0,-1.22,68.42,79.085,10.15,-0.133,2.887,-0.564,0.0,-0.364,0.0,0.0,-0.54,
2025-08-06 06:30:28.187,vision_approach_to_detect_and_pose_estimate,476.669,518.172,718.257,123.879,-179.944,-147.233,-132.032,-10.665,-103.552,-180.15,65.817,137.232,-0.442,0.011,-0.272,0.0,-0.04,-0.508,-3.359,68.583,78.182,10.13,-0.197,2.76,-3.409,1.51,-2.454,0.0,-0.297,-3.465,
2025-08-06 06:30:28.286,vision_approach_to_detect_and_pose_estimate,476.943,517.262,718.257,123.879,-179.944,-147.233,-132.092,-10.648,-103.595,-180.15,65.807,137.172,-0.795,0.302,-0.563,0.0,-0.059,-0.801,-3.852,70.755,77.581,10.126,-0.331,2.632,-3.608,3.425,-2.18,0.0,-0.179,-2.107,
2025-08-06 06:30:28.387,vision_approach_to_detect_and_pose_estimate,477.348,515.92,718.257,123.879,-179.944,-147.233,-132.189,-10.596,-103.658,-180.15,65.793,137.068,-1.164,0.696,-0.708,0.0,-0.076,-0.929,-4.266,73.919,77.746,10.146,-0.421,2.551,-2.633,2.543,-1.155,0.0,-0.593,-1.889,
2025-08-06 06:30:28.490,vision_approach_to_detect_and_pose_estimate,477.856,514.234,718.257,123.879,-179.944,-147.233,-132.316,-10.519,-103.735,-180.15,65.777,136.947,-1.332,0.821,-0.799,0.0,-0.18,-1.186,-4.023,74.095,77.721,10.143,-0.483,2.501,-1.164,0.343,-0.929,0.0,-0.421,-1.506,
2025-08-06 06:30:28.586,vision_approach_to_detect_and_pose_estimate,478.418,512.372,718.257,123.879,-179.944,-147.233,-132.455,-10.442,-103.823,-180.15,65.759,136.809,-1.396,0.765,-0.893,0.0,-0.16,-1.229,-3.555,73.865,77.62,10.146,-0.537,2.462,0.265,-0.476,-0.119,0.0,0.449,0.132,
2025-08-06 06:30:28.687,vision_approach_to_detect_and_pose_estimate,478.971,510.539,718.257,123.879,-179.944,-147.233,-132.592,-10.371,-103.908,-180.15,65.742,136.677,-1.279,0.727,-0.823,0.0,-0.092,-1.16,-3.532,74.323,77.786,10.154,-0.6,2.433,1.577,-0.958,1.012,0.0,0.478,1.863,
2025-08-06 06:30:28.786,vision_approach_to_detect_and_pose_estimate,479.455,508.935,718.257,123.879,-179.944,-147.233,-132.713,-10.306,-103.982,-180.15,65.727,136.558,-1.08,0.573,-0.69,0.0,-0.064,-0.857,-3.068,74.094,77.915,10.178,-0.65,2.414,2.464,-1.67,1.959,0.0,0.274,1.821,
2025-08-06 06:30:28.887,vision_approach_to_detect_and_pose_estimate,479.824,507.709,718.257,123.879,-179.944,-147.233,-132.808,-10.255,-104.041,-180.15,65.716,136.463,-0.787,0.393,-0.431,0.0,-0.037,-0.796,-2.951,74.415,78.101,10.205,-0.689,2.415,3.148,-1.717,2.104,0.0,0.243,1.589,
2025-08-06 06:30:28.987,vision_approach_to_detect_and_pose_estimate,480.061,506.924,718.257,123.879,-179.944,-147.233,-132.87,-10.226,-104.077,-180.15,65.71,136.405,-0.448,0.228,-0.267,0.0,-0.015,-0.537,-2.646,73.908,78.146,10.247,-0.708,2.408,3.086,-1.521,1.534,0.0,0.18,3.251,
2025-08-06 06:30:29.086,vision_approach_to_detect_and_pose_estimate,480.176,506.545,718.257,123.879,-179.944,-147.233,-132.898,-10.208,-104.097,-180.149,65.707,136.37,-0.172,0.09,-0.125,0.0,-0.001,-0.149,-2.585,74.365,78.254,10.254,-0.709,2.421,2.209,-1.131,1.343,0.0,0.076,2.7,waypoint
2025-08-06 06:30:29.186,vision_approach_to_detect_and_pose_estimate,480.206,506.446,718.257,123.879,-179.944,-147.233,-132.908,-10.201,-104.102,-180.149,65.706,136.361,-0.008,0.003,0.0,0.0,0.0,0.0,-2.772,74.111,78.345,10.254,-0.697,2.447,0.862,-0.451,0.627,0.0,0.005,0.745,
2025-08-06 06:30:29.286,vision_approach_to_detect_and_pose_estimate,480.207,506.443,718.257,123.879,-179.944,-147.233,-132.909,-10.2,-104.102,-180.149,65.706,136.36,0.0,0.0,0.0,0.0,0.0,0.0,-2.356,73.857,78.513,10.251,-0.671,2.491,0.041,-0.015,0.0,0.0,0.0,0.0,
2025-08-06 06:30:29.789,vision_approach_to_detect_and_pose_estimate,480.207,506.443,718.257,123.879,-179.944,-147.233,-132.909,-10.2,-104.1,-180.148,65.706,136.361,0.0,0.0,0.0,0.0,0.0,0.0,-1.809,73.288,78.876,10.27,-0.607,2.585,0.0,0.0,0.0,0.0,0.0,0.0,
2025-08-06 06:30:30.186,vision_approach_to_detect_and_pose_estimate,480.207,506.443,718.257,123.879,-179.944,-147.233,-132.907,-10.2,-104.099,-180.148,65.707,136.362,0.0,0.0,0.0,0.0,0.0,0.0,-1.285,73.112,78.949,10.266,-0.544,2.607,0.0,0.0,0.0,0.0,0.0,0.002,
2025-08-06 06:30:30.587,vision_approach_to_detect_and_pose_estimate,480.207,506.443,718.257,123.879,-179.944,-147.233,-132.905,-10.2,-104.099,-180.148,65.707,136.364,0.0,0.0,0.0,0.0,0.0,0.0,-0.841,72.863,78.959,10.27,-0.539,2.63,-0.012,0.0,0.0,0.0,0.0,0.0,
2025-08-06 06:30:30.988,vision_approach_to_detect_and_pose_estimate,480.207,506.443,718.257,123.879,-179.944,-147.233,-132.903,-10.201,-104.099,-180.148,65.707,136.367,0.0,0.0,0.0,0.0,0.0,0.0,-0.536,72.505,78.962,10.263,-0.541,2.673,-0.001,0.0,0.0,0.0,0.0,-0.012,
2025-08-06 06:30:31.389,vision_approach_to_detect_and_pose_estimate,480.207,506.443,718.257,123.879,-179.944,-147.233,-132.902,-10.201,-104.099,-180.148,65.707,136.368,0.0,0.0,0.0,0.0,0.0,0.0,-0.449,72.017,78.956,10.258,-0.54,2.692,0.0,0.0,0.0,0.0,0.0,0.0,
2025-08-06 06:30:31.788,vision_approach_to_detect_and_pose_estimate,480.207,506.443,718.257,123.879,-179.944,-147.233,-132.902,-10.202,-104.099,-180.148,65.707,136.368,0.0,0.0,0.0,0.0,0.0,0.0,-0.395,71.513,78.964,10.254,-0.539,2.68,0.0,0.0,0.0,0.0,0.0,0.0,
2025-08-06 06:30:32.190,vision_approach_to_detect_and_pose_estimate,480.207,506.443,718.257,123.879,-179.944,-147.233,-132.902,-10.203,-104.099,-180.148,65.707,136.368,0.0,0.0,0.0,0.0,0.0,0.0,-0.343,71.003,78.943,10.264,-0.543,2.669,0.0,0.0,0.0,0.0,0.0,0.0,
2025-08-06 06:30:32.586,vision_approach_to_detect_and_pose_estimate,480.207,506.443,718.257,123.879,-179.944,-147.233,-132.902,-10.205,-104.099,-180.148,65.707,136.368,0.0,0.0,0.0,0.0,0.0,0.0,-0.419,70.789,78.945,10.25,-0.555,2.673,0.0,0.0,0.0,0.0,0.0,0.0,
2025-08-06 06:30:32.987,vision_approach_to_detect_and_pose_estimate,480.207,506.443,718.257,123.879,-179.944,-147.233,-132.901,-10.206,-104.099,-180.148,65.707,136.368,0.0,0.0,0.0,0.0,0.0,0.0,-0.431,70.444,78.952,10.257,-0.556,2.659,0.0,0.0,0.0,0.0,0.0,0.0,
2025-08-06 06:30:33.486,vision_approach_to_detect_and_pose_estimate,480.211,506.395,718.318,129.027,-179.945,-141.022,-132.902,-10.207,-104.099,-180.148,65.707,137.306,0.0,0.0,0.0,0.0,0.0,20.153,-0.554,70.738,78.869,10.261,-0.556,3.043,0.0,0.0,0.0,0.0,0.0,0.0,
2025-08-06 06:30:33.586,vision_approach_to_detect_and_pose_estimate,480.213,506.373,718.347,131.514,-179.945,-138.034,-132.902,-10.207,-104.099,-180.148,65.707,137.949,0.0,0.0,0.0,0.0,0.0,0.0,-0.503,70.82,78.957,10.23,-0.607,3.154,0.0,0.0,0.0,0.0,0.0,-100.262,waypoint
2025-08-06 06:30:33.687,vision_approach_to_detect_and_pose_estimate,480.213,506.373,718.347,131.514,-179.945,-138.034,-132.902,-10.207,-104.099,-180.148,65.707,137.948,0.0,0.0,0.0,0.0,0.0,0.0,-0.455,70.818,78.928,10.237,-0.609,3.124,0.0,0.0,0.0,0.0,0.0,0.0,
2025-08-06 06:30:33.888,vision_approach_to_detect_and_pose_estimate,480.213,506.373,718.347,131.514,-179.945,-138.034,-132.902,-10.207,-104.099,-180.148,65.707,137.944,0.0,0.0,0.0,0.0,0.0,0.0,-0.63,70.893,78.932,10.24,-0.621,3.06,0.0,0.0,0.0,0.0,0.0,-0.006,
2025-08-06 06:30:33.988,vision_approach_to_detect_and_pose_estimate,480.213,506.373,718.347,131.514,-179.945,-138.034,-132.902,-10.207,-104.099,-180.148,65.707,137.941,0.0,0.0,0.0,0.0,0.0,-0.001,-0.783,70.938,78.907,10.239,-0.615,3.022,0.0,0.0,-0.001,0.0,0.0,-0.023,
2025-08-06 06:30:34.086,vision_approach_to_detect_and_pose_estimate,480.213,506.373,718.347,131.514,-179.945,-138.034,-132.903,-10.206,-104.099,-180.148,65.707,137.936,0.0,0.0,0.0,0.0,0.0,-0.005,-0.753,70.971,78.92,10.231,-0.62,2.972,0.0,0.0,0.0,0.0,0.0,0.001,
2025-08-06 06:30:34.186,vision_approach_to_detect_and_pose_estimate,480.213,506.373,718.347,131.514,-179.945,-138.034,-132.903,-10.206,-104.099,-180.148,65.707,137.932,0.0,0.0,0.0,0.0,0.0,-0.001,-0.875,71.026,78.924,10.224,-0.623,2.926,0.0,0.0,0.0,0.0,0.0,0.023,
2025-08-06 06:30:34.287,vision_approach_to_detect_and_pose_estimate,480.213,506.373,718.347,131.514,-179.945,-138.034,-132.903,-10.206,-104.099,-180.148,65.707,137.93,0.0,0.0,0.0,0.0,0.0,0.0,-0.932,71.086,78.919,10.234,-0.619,2.891,0.0,0.0,0.0,0.0,0.0,0.004,
2025-08-06 06:30:34.387,vision_approach_to_detect_and_pose_estimate,480.213,506.373,718.347,131.514,-179.945,-138.034,-132.903,-10.206,-104.099,-180.148,65.707,137.928,0.0,0.0,0.0,0.0,0.0,0.0,-1.005,71.183,78.912,10.231,-0.622,2.878,0.0,0.0,0.0,0.0,0.0,0.0,
2025-08-06 06:30:34.488,vision_approach_to_detect_and_pose_estimate,480.213,506.373,718.347,131.514,-179.945,-138.034,-132.904,-10.206,-104.099,-180.148,65.707,137.928,0.0,0.0,0.0,0.0,0.0,0.0,-1.1,71.254,78.928,10.241,-0.621,2.87,0.0,0.0,0.0,0.0,0.0,-0.004,
2025-08-06 06:30:34.588,vision_approach_to_detect_and_pose_estimate,480.213,506.373,718.347,131.514,-179.945,-138.034,-132.904,-10.206,-104.099,-180.148,65.707,137.927,0.0,0.0,0.0,0.0,0.0,-0.001,-1.146,71.357,78.931,10.24,-0.625,2.867,0.0,0.0,0.0,0.0,0.0,0.0,
2025-08-06 06:30:34.686,vision_approach_to_detect_and_pose_estimate,480.213,506.374,718.347,131.514,-179.945,-138.034,-132.904,-10.206,-104.099,-180.148,65.707,137.927,0.0,0.0,0.0,0.0,0.0,0.0,-1.296,71.438,78.927,10.246,-0.628,2.868,0.0,0.0,0.361,0.0,0.0,0.004,
2025-08-06 06:30:34.886,vision_approach_to_detect_and_pose_estimate,480.233,506.866,718.347,131.514,-179.945,-138.034,-132.897,-10.203,-104.071,-180.148,65.71,137.928,0.1,-0.019,0.398,0.0,0.033,0.01,-0.562,71.219,79.798,10.256,-0.569,2.881,2.693,-3.232,3.089,0.0,0.403,3.372,
2025-08-06 06:30:34.988,vision_approach_to_detect_and_pose_estimate,480.267,507.711,718.347,131.514,-179.945,-138.034,-132.863,-10.235,-104.018,-180.148,65.722,137.954,0.544,-0.653,0.695,0.0,0.081,0.681,1.699,67.857,80.233,10.262,-0.421,2.959,3.31,-4.505,2.748,0.0,0.593,4.153,
2025-08-06 06:30:35.086,vision_approach_to_detect_and_pose_estimate,480.319,508.986,718.347,131.514,-179.945,-138.034,-132.793,-10.314,-103.933,-180.148,65.739,138.048,0.762,-0.92,0.948,0.0,0.152,0.84,3.55,65.908,80.269,10.265,-0.321,3.184,1.837,-1.401,2.036,0.0,0.505,2.252,
2025-08-06 06:30:35.187,vision_approach_to_detect_and_pose_estimate,480.382,510.529,718.347,131.514,-179.945,-138.034,-132.707,-10.406,-103.831,-180.148,65.76,138.132,0.91,-0.932,1.101,0.0,0.182,1.129,4.017,66.311,80.242,10.266,-0.218,3.25,0.357,0.359,0.361,0.0,0.15,-0.36,
2025-08-06 06:30:35.287,vision_approach_to_detect_and_pose_estimate,480.445,512.091,718.347,131.514,-179.945,-138.034,-132.62,-10.493,-103.724,-180.149,65.781,138.219,0.834,-0.848,1.021,0.0,0.182,0.768,4.497,65.81,80.242,10.265,-0.154,3.259,-1.384,1.234,-1.489,0.0,-0.529,-2.475,
2025-08-06 06:30:35.387,vision_approach_to_detect_and_pose_estimate,480.499,513.415,718.347,131.514,-179.945,-138.034,-132.543,-10.569,-103.636,-180.149,65.799,138.298,0.633,-0.685,0.803,0.0,0.076,0.634,4.07,66.051,80.155,10.231,-0.091,3.263,-2.013,2.147,-2.487,0.0,-0.818,-1.716,
2025-08-06 06:30:35.487,vision_approach_to_detect_and_pose_estimate,480.536,514.325,718.347,131.514,-179.945,-138.034,-132.491,-10.622,-103.572,-180.149,65.812,138.344,0.431,-0.419,0.523,0.0,0.018,0.425,3.87,66.069,80.075,10.197,-0.047,3.25,-2.39,2.683,-3.559,0.0,-0.382,-2.473,
2025-08-06 06:30:35.586,vision_approach_to_detect_and_pose_estimate,480.554,514.784,718.347,131.514,-179.945,-138.034,-132.462,-10.652,-103.541,-180.149,65.818,138.375,0.157,-0.151,0.095,0.0,0.0,0.142,3.887,65.76,79.828,10.159,-0.029,3.237,-2.086,2.063,-2.613,0.0,-0.092,-2.123,waypoint
2025-08-06 06:30:35.687,vision_approach_to_detect_and_pose_estimate,480.559,514.905,718.347,131.514,-179.945,-138.034,-132.453,-10.661,-103.531,-180.149,65.819,138.385,0.014,-0.006,0.0,0.0,0.0,0.0,3.599,65.953,79.836,10.154,-0.052,3.212,-0.779,0.747,-0.468,0.0,0.0,-0.703,
2025-08-06 06:30:35.788,vision_approach_to_detect_and_pose_estimate,480.559,514.909,718.347,131.514,-179.945,-138.034,-132.452,-10.662,-103.53,-180.15,65.819,138.386,0.0,0.0,0.0,0.0,0.0,0.0,3.76,65.956,79.616,10.151,-0.09,3.169,-0.071,0.031,-0.002,0.0,0.0,0.0,
2025-08-06 06:30:36.288,vision_approach_to_detect_and_pose_estimate,480.559,514.909,718.347,131.514,-179.945,-138.034,-132.452,-10.662,-103.531,-180.15,65.819,138.385,0.0,0.0,0.0,0.0,0.0,0.0,3.231,66.53,79.235,10.125,-0.178,3.1,0.0,0.0,0.001,0.0,0.0,0.0,
2025-08-06 06:30:36.687,vision_approach_to_detect_and_pose_estimate,480.559,514.909,718.347,131.514,-179.945,-138.034,-132.452,-10.662,-103.532,-180.15,65.819,138.385,0.0,0.0,0.0,0.0,0.0,0.0,3.093,66.71,79.158,10.098,-0.214,3.078,0.0,0.0,0.0,0.0,0.0,0.0,
2025-08-06 06:30:37.088,vision_approach_to_detect_and_pose_estimate,480.559,514.909,718.347,131.514,-179.945,-138.034,-132.452,-10.661,-103.532,-180.151,65.818,138.383,0.0,0.0,0.0,0.0,0.0,0.0,2.918,66.962,79.099,10.097,-0.208,3.057,0.0,0.0,0.0,0.0,0.0,0.0,
2025-08-06 06:30:37.486,vision_approach_to_detect_and_pose_estimate,480.559,514.909,718.347,131.514,-179.945,-138.034,-132.452,-10.661,-103.532,-180.151,65.818,138.382,0.0,0.0,0.0,0.0,0.0,0.0,2.79,67.368,79.1,10.109,-0.212,3.027,0.0,0.0,0.0,0.0,0.0,0.0,
2025-08-06 06:30:37.887,vision_approach_to_detect_and_pose_estimate,480.559,514.909,718.347,131.514,-179.945,-138.034,-132.453,-10.66,-103.532,-180.151,65.818,138.38,0.0,0.0,0.0,0.0,0.0,0.0,2.621,67.9,79.101,10.124,-0.206,3.007,0.0,0.0,0.0,0.0,0.0,0.0,
2025-08-06 06:30:38.387,vision_approach_to_detect_and_pose_estimate,480.559,514.909,718.347,131.514,-179.945,-138.034,-132.454,-10.659,-103.532,-180.151,65.818,138.379,0.0,0.0,0.0,0.0,0.0,0.0,2.429,68.332,79.083,10.123,-0.198,2.998,0.0,0.0,0.0,0.0,0.0,0.0,
2025-08-06 06:30:38.787,vision_approach_to_detect_and_pose_estimate,480.559,514.909,718.347,131.514,-179.945,-138.034,-132.454,-10.658,-103.532,-180.151,65.818,138.379,0.0,0.0,0.0,0.0,0.0,0.0,2.388,68.455,79.078,10.126,-0.173,2.997,0.0,0.0,0.0,0.0,0.0,0.0,
2025-08-06 06:30:39.187,vision_approach_to_detect_and_pose_estimate,480.559,514.909,718.347,131.514,-179.945,-138.034,-132.455,-10.657,-103.532,-180.15,65.818,138.379,0.0,0.0,0.0,0.0,0.0,0.0,2.3,69.004,79.094,10.131,-0.184,3.004,0.0,0.0,0.0,0.0,0.0,0.0,
2025-08-06 06:30:39.589,vision_approach_to_detect_and_pose_estimate,480.559,514.909,718.347,131.514,-179.945,-138.034,-132.455,-10.657,-103.532,-180.15,65.818,138.379,0.0,0.0,0.0,0.0,0.0,0.0,2.306,69.071,79.08,10.121,-0.181,3.016,0.0,0.0,0.0,0.0,0.0,0.0,
2025-08-06 06:30:40.088,vision_approach_to_detect_and_pose_estimate,480.55,515.201,718.348,131.381,-179.945,-138.166,-132.451,-10.657,-103.519,-180.15,65.819,138.379,0.047,0.0,0.273,0.0,0.0,0.001,2.596,69.078,79.565,10.135,-0.159,3.029,2.263,-0.583,2.764,0.0,0.365,3.037,
2025-08-06 06:30:40.188,vision_approach_to_detect_and_pose_estimate,480.531,515.831,718.348,131.096,-179.945,-138.451,-132.425,-10.663,-103.478,-180.15,65.831,138.394,0.457,-0.118,0.558,0.0,0.074,0.613,4.291,67.854,80.173,10.18,-0.066,3.076,3.468,-3.147,2.892,0.0,0.625,4.207,
2025-08-06 06:30:40.287,vision_approach_to_detect_and_pose_estimate,480.498,516.918,718.35,130.606,-179.945,-138.942,-132.362,-10.7,-103.411,-180.151,65.846,138.472,0.737,-0.626,0.849,0.0,0.125,0.838,5.048,63.886,80.022,10.148,-0.04,3.237,2.454,-4.452,2.969,0.0,0.19,1.382,
2025-08-06 06:30:40.386,vision_approach_to_detect_and_pose_estimate,480.451,518.443,718.352,129.92,-179.945,-139.628,-132.274,-10.785,-103.316,-180.151,65.866,138.568,0.943,-0.999,1.146,0.0,0.111,0.887,4.979,63.434,80.043,10.149,-0.025,3.287,2.009,-2.509,1.605,0.0,0.486,1.693,
2025-08-06 06:30:40.487,vision_approach_to_detect_and_pose_estimate,480.395,520.29,718.354,129.092,-179.945,-140.455,-132.168,-10.891,-103.199,-180.151,65.89,138.678,1.139,-1.128,1.17,0.0,0.222,1.176,4.783,63.968,80.144,10.158,-0.001,3.288,1.078,-0.47,0.77,-0.004,0.805,1.35,
2025-08-06 06:30:40.586,vision_approach_to_detect_and_pose_estimate,480.335,522.273,718.357,128.209,-179.945,-141.338,-132.051,-11.003,-103.073,-180.151,65.915,138.792,1.159,-1.093,1.3,-0.001,0.272,1.157,4.637,64.255,80.167,10.131,0.009,3.28,-0.525,0.702,-0.186,0.0,0.181,0.123,
2025-08-06 06:30:40.687,vision_approach_to_detect_and_pose_estimate,480.277,524.175,718.359,127.366,-179.944,-142.181,-131.941,-11.109,-102.951,-180.152,65.941,138.892,1.034,-0.988,1.133,0.0,0.258,1.201,4.207,64.545,80.086,10.088,0.022,3.283,-1.616,1.664,-2.01,0.004,-0.087,-1.561,
2025-08-06 06:30:40.787,vision_approach_to_detect_and_pose_estimate,480.227,525.798,718.361,126.651,-179.944,-142.896,-131.847,-11.197,-102.847,-180.153,65.966,138.984,0.834,-0.759,0.896,0.0,0.255,0.843,4.079,64.914,79.992,10.047,0.029,3.288,-2.509,2.352,-2.481,-0.011,-0.811,-3.911,
2025-08-06 06:30:40.887,vision_approach_to_detect_and_pose_estimate,480.19,527.005,718.363,126.121,-179.944,-143.425,-131.778,-11.262,-102.767,-180.157,65.984,139.057,0.532,-0.517,0.636,-0.002,0.096,0.419,3.851,64.748,79.966,9.96,0.028,3.293,-2.564,2.206,-2.768,0.0,-1.243,-2.35,
2025-08-06 06:30:40.988,vision_approach_to_detect_and_pose_estimate,480.168,527.751,718.364,125.795,-179.944,-143.751,-131.735,-11.303,-102.717,-180.157,65.995,139.096,0.318,-0.315,0.34,0.0,0.005,0.371,3.847,65.007,79.952,9.989,0.016,3.271,-2.244,2.226,-2.761,0.011,-0.456,-1.639,waypoint
2025-08-06 06:30:41.087,vision_approach_to_detect_and_pose_estimate,480.157,528.089,718.364,125.648,-179.944,-143.898,-131.714,-11.325,-102.696,-180.156,65.999,139.121,0.083,-0.072,0.084,0.0,0.005,0.091,3.846,64.695,79.977,10.039,-0.001,3.266,-1.592,1.576,-1.647,0.0,-0.026,-1.856,
2025-08-06 06:30:41.188,vision_approach_to_detect_and_pose_estimate,480.155,528.164,718.364,125.615,-179.944,-143.931,-131.709,-11.331,-102.689,-180.156,65.999,139.13,0.0,0.0,0.01,0.0,0.0,0.0,3.638,65.087,79.902,10.119,-0.026,3.237,-0.418,0.363,-0.423,0.0,-0.023,-0.457,
2025-08-06 06:30:41.686,vision_approach_to_detect_and_pose_estimate,480.155,528.165,718.364,125.615,-179.944,-143.931,-131.709,-11.331,-102.69,-180.154,65.999,139.13,0.0,0.0,0.0,0.0,0.0,0.0,3.112,65.449,79.346,10.299,-0.129,3.112,0.0,0.0,0.0,0.0,0.0,0.0,
2025-08-06 06:30:42.087,vision_approach_to_detect_and_pose_estimate,480.155,528.165,718.364,125.615,-179.944,-143.931,-131.709,-11.331,-102.691,-180.153,65.999,139.129,0.0,0.0,0.0,0.0,0.0,0.0,2.957,65.571,79.205,10.298,-0.205,3.098,0.0,0.0,0.0,0.0,0.0,0.0,
2025-08-06 06:30:42.487,vision_approach_to_detect_and_pose_estimate,480.155,528.165,718.364,125.615,-179.944,-143.931,-131.71,-11.331,-102.691,-180.153,65.998,139.127,0.0,0.0,0.0,0.0,0.0,0.0,2.736,65.774,79.218,10.271,-0.196,3.064,0.0,0.0,0.0,0.0,0.0,0.0,
2025-08-06 06:30:42.986,vision_approach_to_detect_and_pose_estimate,480.155,528.165,718.364,125.615,-179.944,-143.931,-131.711,-11.33,-102.691,-180.153,65.998,139.124,0.0,0.0,0.0,0.0,0.0,-0.001,2.465,66.3,79.228,10.283,-0.184,3.028,0.0,0.0,0.0,0.0,0.0,0.0,
2025-08-06 06:30:43.389,vision_approach_to_detect_and_pose_estimate,480.155,528.165,718.364,125.615,-179.944,-143.931,-131.712,-11.329,-102.691,-180.153,65.998,139.122,0.0,0.0,0.0,0.0,0.0,0.0,2.283,67.046,79.223,10.275,-0.17,3.012,0.0,0.0,0.0,0.0,0.0,0.0,
2025-08-06 06:30:43.787,vision_approach_to_detect_and_pose_estimate,480.155,528.165,718.364,125.615,-179.944,-143.931,-131.713,-11.328,-102.691,-180.153,65.998,139.122,0.0,0.0,0.0,0.0,0.0,0.0,2.208,67.481,79.196,10.282,-0.174,3.015,0.0,0.0,0.0,0.0,0.0,0.0,
2025-08-06 06:30:44.287,vision_approach_to_detect_and_pose_estimate,480.155,528.165,718.364,125.615,-179.944,-143.931,-131.713,-11.326,-102.691,-180.153,65.998,139.122,0.0,0.0,0.006,0.0,0.0,0.0,2.092,68.305,79.229,10.273,-0.17,3.026,0.0,0.0,0.01,0.0,0.0,0.0,
2025-08-06 06:30:44.687,vision_approach_to_detect_and_pose_estimate,480.155,528.165,718.364,125.615,-179.944,-143.931,-131.714,-11.325,-102.691,-180.153,65.998,139.122,0.0,0.0,0.001,0.0,0.0,0.0,2.074,68.52,79.201,10.271,-0.164,3.027,0.0,0.0,0.0,0.0,0.0,0.0,
2025-08-06 06:30:45.087,vision_approach_to_detect_and_pose_estimate,480.155,528.165,718.364,125.615,-179.944,-143.931,-131.714,-11.324,-102.691,-180.153,65.998,139.122,0.0,0.0,0.002,0.0,0.0,0.0,2.082,68.605,79.203,10.264,-0.156,3.028,0.0,0.0,0.0,0.0,0.0,0.0,
2025-08-06 06:30:45.586,vision_approach_to_detect_and_pose_estimate,480.314,528.189,717.927,118.584,-179.942,-150.961,-131.718,-11.325,-102.704,-180.154,65.969,139.122,0.0,0.0,-0.013,0.0,-0.061,0.0,1.566,68.254,78.663,10.257,-0.41,3.022,0.0,0.0,0.267,0.0,0.723,0.0,
2025-08-06 06:30:45.686,vision_approach_to_detect_and_pose_estimate,480.317,528.189,717.919,118.457,-179.942,-151.088,-131.718,-11.325,-102.705,-180.154,65.966,139.122,0.0,0.0,0.0,0.0,0.0,0.0,1.418,67.994,78.485,10.276,-0.469,3.018,0.0,0.0,0.062,0.0,0.303,-0.018,
2025-08-06 06:30:46.588,vision_approach_to_detect_and_pose_estimate,480.317,528.189,717.919,118.457,-179.942,-151.088,-131.722,-11.342,-102.706,-180.154,65.967,139.114,0.0,-0.001,0.0,0.0,0.0,0.0,1.153,64.629,78.596,10.264,-0.383,2.946,0.0,0.012,0.002,0.0,0.0,0.0,
2025-08-06 06:30:47.388,vision_approach_to_detect_and_pose_estimate,480.317,528.189,717.919,118.457,-179.942,-151.088,-131.723,-11.349,-102.706,-180.154,65.967,139.114,0.0,0.0,0.0,0.0,0.0,0.0,1.248,65.093,78.634,10.257,-0.386,2.962,0.0,0.002,0.0,0.0,0.0,0.0,
2025-08-06 06:30:48.187,vision_approach_to_detect_and_pose_estimate,480.317,528.189,717.919,118.457,-179.942,-151.088,-131.723,-11.349,-102.706,-180.154,65.967,139.114,0.0,0.0,0.0,0.0,0.0,0.0,1.264,65.446,78.643,10.245,-0.39,2.961,0.0,0.0,0.0,0.0,0.0,0.0,
2025-08-06 06:30:49.087,vision_approach_to_detect_and_pose_estimate,480.317,528.189,717.919,118.457,-179.942,-151.088,-131.723,-11.349,-102.706,-180.154,65.967,139.115,0.0,0.0,0.0,0.0,0.0,0.0,1.254,65.98,78.634,10.26,-0.388,2.971,0.0,0.0,0.0,0.0,0.0,0.0,
2025-08-06 06:30:49.890,vision_approach_to_detect_and_pose_estimate,480.346,528.156,718.017,120.286,-179.943,-149.261,-131.723,-11.349,-102.704,-180.154,65.972,139.115,0.0,0.0,0.009,0.0,0.013,0.0,1.234,66.009,78.737,10.28,-0.359,2.973,0.0,0.0,0.0,0.0,0.0,0.0,
2025-08-06 06:30:50.688,vision_approach_to_detect_and_pose_estimate,480.346,528.155,718.018,120.304,-179.943,-149.242,-131.724,-11.349,-102.7,-180.154,65.974,139.114,0.0,0.0,0.0,0.0,0.0,0.0,0.939,66.332,79.077,10.261,-0.247,2.954,0.0,0.0,0.0,0.0,0.0,0.0,
2025-08-06 06:30:51.587,vision_approach_to_detect_and_pose_estimate,480.346,528.155,718.018,120.304,-179.943,-149.242,-131.726,-11.348,-102.7,-180.154,65.974,139.111,0.0,0.0,0.0,0.0,0.0,0.0,0.856,67.087,79.062,10.254,-0.253,2.908,0.0,0.0,0.0,0.0,0.0,0.007,
2025-08-06 06:30:52.387,vision_approach_to_detect_and_pose_estimate,480.346,528.155,718.018,120.304,-179.943,-149.242,-131.726,-11.346,-102.7,-180.154,65.974,139.109,0.0,0.0,0.0,0.0,0.0,0.0,0.979,67.782,79.063,10.261,-0.265,2.908,0.0,0.0,0.0,0.0,0.0,0.0,
2025-08-06 06:30:53.186,vision_approach_to_detect_and_pose_estimate,480.346,528.155,718.018,120.304,-179.943,-149.242,-131.726,-11.345,-102.7,-180.154,65.974,139.109,0.0,0.0,0.0,0.0,0.0,0.0,1.042,68.21,79.035,10.261,-0.272,2.922,0.0,0.0,0.0,0.0,0.0,0.0,
2025-08-06 06:30:54.089,vision_approach_to_detect_and_pose_estimate,480.354,528.15,718.016,120.206,-179.943,-149.341,-131.726,-11.344,-102.7,-180.154,65.974,139.109,0.0,0.0,0.0,0.0,0.0,0.0,1.064,68.094,78.995,10.256,-0.272,2.941,0.0,0.0,0.0,0.0,0.0,0.0,
2025-08-06 06:30:54.186,vision_approach_to_detect_and_pose_estimate,480.355,528.15,718.016,120.197,-179.943,-149.35,-131.726,-11.344,-102.7,-180.154,65.974,139.109,0.0,0.0,0.0,0.0,0.0,0.0,1.071,68.165,79.029,10.26,-0.271,2.939,0.0,0.0,0.0,0.0,0.0,0.0,
2025-08-06 06:30:54.287,vision_approach_to_detect_and_pose_estimate,480.355,528.15,717.985,120.197,-179.943,-149.35,-131.726,-11.344,-102.7,-180.154,65.974,139.109,0.0,0.0,0.0,0.0,0.0,0.0,1.063,68.162,79.016,10.248,-0.266,2.937,0.0,-0.914,-7.624,0.0,-10.481,0.0,
2025-08-06 06:30:54.387,detect_and_pose_estimate_to_approach_unloader,480.355,528.149,716.807,120.197,-179.943,-149.35,-131.726,-11.348,-102.757,-180.154,65.879,139.109,0.0,-0.184,-1.532,0.0,-2.107,0.0,1.077,67.632,77.482,10.166,-0.461,2.926,0.0,-9.959,-20.904,0.0,-30.653,0.0,
2025-08-06 06:30:54.486,detect_and_pose_estimate_to_approach_unloader,480.358,528.145,712.181,120.197,-179.943,-149.35,-131.726,-11.448,-103.03,-180.154,65.467,139.109,0.0,-1.982,-4.16,0.0,-6.1,0.0,1.286,58.444,74.697,9.883,-0.753,2.928,0.0,-20.491,-29.903,-0.097,-47.476,0.0,
2025-08-06 06:30:54.587,detect_and_pose_estimate_to_approach_unloader,480.363,528.136,702.313,120.197,-179.943,-149.35,-131.726,-11.764,-103.61,-180.156,64.572,139.11,0.0,-4.282,-7.513,-0.019,-11.602,0.0,1.99,52.751,73.054,9.626,-0.883,2.945,0.0,-23.222,-34.187,-0.234,-56.821,0.001,
2025-08-06 06:30:54.687,detect_and_pose_estimate_to_approach_unloader,480.371,528.123,686.316,120.197,-179.943,-149.35,-131.726,-12.31,-104.539,-180.163,63.106,139.11,0.0,-6.649,-11.032,-0.047,-17.521,0.0,1.85,51.837,71.926,9.23,-0.964,2.967,0.0,-24.452,-29.204,-0.14,-55.534,0.0,
2025-08-06 06:30:54.789,detect_and_pose_estimate_to_approach_unloader,480.382,528.104,664.362,120.197,-179.943,-149.35,-131.726,-13.11,-105.775,-180.175,61.077,139.111,0.0,-9.221,-13.412,-0.048,-22.82,0.0,1.967,51.137,71.773,9.036,-1.025,2.979,0.0,-26.006,-19.568,-0.127,-45.26,0.632,
2025-08-06 06:30:54.888,detect_and_pose_estimate_to_approach_unloader,480.395,528.08,637.654,120.197,-179.943,-149.35,-131.726,-14.163,-107.219,-180.19,58.588,139.118,0.0,-11.877,-14.965,-0.073,-26.618,0.127,1.992,48.433,70.86,8.838,-1.122,3.025,0.0,-22.097,-6.871,-0.257,-27.431,1.217,
2025-08-06 06:30:54.987,detect_and_pose_estimate_to_approach_unloader,480.41,528.055,608.215,120.197,-179.943,-149.35,-131.726,-15.431,-108.722,-180.205,55.828,139.14,0.0,-13.596,-14.773,-0.099,-28.251,0.241,1.618,48.436,70.322,8.717,-1.166,3.194,0.0,-13.758,5.619,-0.288,-8.25,-0.049,
2025-08-06 06:30:55.086,detect_and_pose_estimate_to_approach_unloader,480.425,528.029,578.216,120.197,-179.943,-149.35,-131.726,-16.834,-110.156,-180.221,52.999,139.164,0.0,-14.601,-13.852,-0.13,-28.252,0.117,1.43,49.153,69.71,8.614,-1.213,3.333,0.0,-9.813,10.033,-0.019,-0.671,-0.728,
2025-08-06 06:30:55.187,detect_and_pose_estimate_to_approach_unloader,480.44,528.003,548.216,120.197,-179.943,-149.35,-131.726,-18.339,-111.487,-180.24,50.171,139.182,0.0,-15.559,-12.766,-0.102,-28.385,0.095,1.376,45.618,67.679,8.291,-1.236,3.335,0.0,-10.027,10.822,-0.817,0.643,0.003,
2025-08-06 06:30:55.287,detect_and_pose_estimate_to_approach_unloader,480.455,527.977,518.216,120.197,-179.943,-149.35,-131.727,-19.947,-112.713,-180.263,47.341,139.202,0.0,-16.616,-11.677,-0.294,-28.122,0.118,1.469,40.855,64.82,7.88,-1.291,3.357,0.0,-10.176,9.973,-1.152,0.235,0.97,
2025-08-06 06:30:55.392,detect_and_pose_estimate_to_approach_unloader,480.47,527.951,488.216,120.197,-179.943,-149.35,-131.727,-21.655,-113.828,-180.29,44.518,139.225,0.0,-17.645,-10.721,-0.339,-28.337,0.294,1.397,35.225,61.647,7.427,-1.31,3.405,0.0,-9.593,10.109,-0.19,1.281,0.907,
2025-08-06 06:30:55.488,detect_and_pose_estimate_to_approach_unloader,480.485,527.925,458.216,120.197,-179.943,-149.35,-131.727,-23.466,-114.833,-180.32,41.706,139.254,0.0,-18.545,-9.645,-0.332,-27.865,0.3,1.431,30.002,59.542,7.083,-1.45,3.468,0.0,-10.318,12.264,-0.339,2.257,0.354,
2025-08-06 06:30:55.587,detect_and_pose_estimate_to_approach_unloader,480.501,527.899,428.216,120.197,-179.943,-149.35,-131.727,-25.372,-115.726,-180.354,38.911,139.286,0.0,-19.657,-8.33,-0.405,-27.897,0.363,1.231,22.9,56.431,6.634,-1.54,3.547,0.0,-9.589,12.373,-0.214,2.106,0.199,
2025-08-06 06:30:55.687,detect_and_pose_estimate_to_approach_unloader,480.516,527.873,398.216,120.197,-179.943,-149.35,-131.728,-27.361,-116.502,-180.396,36.142,139.319,0.0,-20.453,-7.183,-0.375,-27.446,0.34,1.077,15.411,53.081,6.173,-1.62,3.629,-0.017,-7.596,11.58,-0.574,4.2,1.022,
2025-08-06 06:30:55.786,detect_and_pose_estimate_to_approach_unloader,480.531,527.847,368.246,120.197,-179.943,-149.35,-131.73,-29.439,-117.16,-180.44,33.407,139.361,-0.003,-21.169,-6.026,-0.519,-27.061,0.567,0.948,7.867,50.311,5.775,-1.723,3.709,0.0,0.177,13.436,-0.978,14.396,0.419,
2025-08-06 06:30:55.886,detect_and_pose_estimate_to_approach_unloader,480.545,527.822,339.424,120.197,-179.943,-149.35,-131.731,-31.527,-117.684,-180.496,30.81,139.418,0.0,-20.418,-4.509,-0.569,-24.581,0.423,0.671,1.006,47.386,5.345,-1.758,3.771,0.016,17.398,14.998,-0.067,32.573,-0.736,
2025-08-06 06:30:55.990,detect_and_pose_estimate_to_approach_unloader,480.558,527.8,314.051,120.197,-179.943,-149.35,-131.731,-33.436,-118.052,-180.548,28.552,139.458,0.0,-17.619,-2.966,-0.533,-20.416,0.417,-0.156,-1.581,45.206,5.009,-1.823,3.808,0.0,34.633,13.75,0.635,47.605,0.356,
2025-08-06 06:30:56.086,detect_and_pose_estimate_to_approach_unloader,480.568,527.783,293.919,120.197,-179.943,-149.35,-131.732,-34.993,-118.281,-180.599,26.781,139.508,0.0,-13.491,-1.759,-0.442,-15.06,0.494,-0.644,-5.413,43.125,4.698,-1.864,3.832,-0.001,44.833,10.462,1.151,56.074,-0.949,
2025-08-06 06:30:56.188,detect_and_pose_estimate_to_approach_unloader,480.575,527.771,279.916,120.197,-179.943,-149.35,-131.732,-36.103,-118.408,-180.635,25.559,139.543,-0.0,-8.743,-0.894,-0.305,-9.313,0.229,-0.937,-9.693,41.173,4.434,-1.905,3.841,-0.008,44.928,6.743,1.392,51.239,-2.161,
2025-08-06 06:30:56.286,detect_and_pose_estimate_to_approach_unloader,480.579,527.764,271.87,120.197,-179.943,-149.35,-131.733,-36.752,-118.47,-180.66,24.854,139.564,-0.002,-4.505,-0.411,-0.164,-4.812,0.062,-1.069,-15.293,39.387,4.201,-1.949,3.839,-0.002,37.18,4.042,1.506,38.808,-1.116,
2025-08-06 06:30:56.389,detect_and_pose_estimate_to_approach_unloader,480.581,527.761,268.578,120.197,-179.943,-149.35,-131.734,-37.018,-118.493,-180.673,24.562,139.573,-0.001,-1.269,-0.082,-0.002,-1.513,0.004,-0.938,-20.901,38.14,4.05,-1.984,3.829,0.008,22.527,2.053,0.82,24.052,-0.31,
2025-08-06 06:30:56.486,detect_and_pose_estimate_to_approach_unloader,480.581,527.761,268.016,120.197,-179.943,-149.35,-131.736,-37.058,-118.497,-180.674,24.508,139.576,0.0,0.0,0.0,0.0,-0.002,0.0,-0.398,-27.746,37.3,4.028,-1.977,3.795,0.004,6.434,0.414,0.01,7.641,-0.022,waypoint
2025-08-06 06:30:56.587,detect_and_pose_estimate_to_approach_unloader,480.581,527.761,268.016,120.197,-179.943,-149.35,-131.738,-37.057,-118.497,-180.674,24.508,139.577,0.0,0.005,0.0,0.0,0.0,0.0,0.182,-30.969,36.905,4.051,-1.869,3.759,-0.222,0.083,-0.089,0.0,0.009,0.0,
2025-08-06 06:30:56.687,detect_and_pose_estimate_to_approach_unloader,480.581,527.703,268.016,120.197,-179.943,-149.35,-131.74,-37.054,-118.497,-180.674,24.508,139.577,-0.045,0.017,-0.018,0.0,0.0,0.0,0.025,-30.45,36.903,4.101,-1.771,3.738,-1.999,1.017,-3.168,0.0,-1.955,-0.01,
2025-08-06 06:30:56.788,detect_and_pose_estimate_to_approach_unloader,480.577,527.182,268.016,120.197,-179.943,-149.35,-131.761,-37.039,-118.531,-180.673,24.488,139.576,-0.402,0.209,-0.637,0.0,-0.393,-0.002,-0.919,-28.601,36.091,4.11,-1.832,3.703,-4.749,3.259,-7.391,0.0,-4.496,-6.939,
2025-08-06 06:30:56.887,detect_and_pose_estimate_to_approach_unloader,480.565,525.719,268.018,120.197,-179.943,-149.35,-131.831,-36.999,-118.635,-180.673,24.42,139.522,-0.994,0.668,-1.496,0.0,-0.899,-1.388,-2.646,-26.089,35.633,4.103,-1.913,3.555,-6.86,3.76,-9.497,0.0,-5.698,-10.869,
2025-08-06 06:30:56.987,detect_and_pose_estimate_to_approach_unloader,480.543,522.946,268.02,120.197,-179.943,-149.35,-131.969,-36.917,-118.833,-180.674,24.293,139.353,-1.767,0.957,-2.527,0.0,-1.527,-2.165,-4.054,-24.732,35.197,4.032,-1.891,3.204,-8.993,3.174,-11.006,-0.295,-6.391,-7.036,
2025-08-06 06:30:57.086,detect_and_pose_estimate_to_approach_unloader,480.509,518.657,268.024,120.197,-179.943,-149.35,-132.193,-36.804,-119.141,-180.678,24.096,139.126,-2.784,1.3,-3.686,-0.059,-2.171,-2.788,-4.763,-23.348,34.854,3.877,-1.863,3.037,-9.093,3.778,-10.811,-0.076,-7.695,-5.766,
2025-08-06 06:30:57.190,detect_and_pose_estimate_to_approach_unloader,480.463,512.828,268.029,120.197,-179.943,-149.35,-132.51,-36.656,-119.56,-180.688,23.827,138.812,-3.613,1.724,-4.721,-0.015,-3.089,-3.336,-5.153,-21.819,34.442,3.682,-1.841,2.946,-7.053,3.637,-9.098,0.193,-6.621,-6.422,
2025-08-06 06:30:57.288,detect_and_pose_estimate_to_approach_unloader,480.406,505.627,268.035,120.197,-179.943,-149.35,-132.904,-36.468,-120.074,-180.696,23.494,138.429,-4.209,2.035,-5.524,-0.02,-3.508,-4.085,-4.703,-21.15,34.418,3.645,-1.848,2.879,-6.411,2.342,-6.928,-0.113,-4.592,-6.463,
2025-08-06 06:30:57.387,detect_and_pose_estimate_to_approach_unloader,480.341,497.387,268.042,120.197,-179.943,-149.35,-133.361,-36.257,-120.659,-180.706,23.113,137.983,-4.876,2.186,-6.086,-0.038,-3.994,-4.609,-4.757,-21.085,34.129,3.567,-1.816,2.834,-4.719,0.921,-3.891,-0.216,-2.925,-5.348,
2025-08-06 06:30:57.486,detect_and_pose_estimate_to_approach_unloader,480.271,488.566,268.05,120.197,-179.943,-149.35,-133.861,-36.036,-121.282,-180.716,22.708,137.492,-5.143,2.217,-6.295,-0.062,-4.088,-5.144,-4.395,-21.082,33.799,3.505,-1.796,2.792,-1.405,-0.238,0.113,-0.063,0.411,-2.47,
2025-08-06 06:30:57.587,detect_and_pose_estimate_to_approach_unloader,480.201,479.697,268.057,120.197,-179.943,-149.35,-134.377,-35.817,-121.9,-180.727,22.304,136.987,-5.157,2.138,-6.064,-0.05,-3.912,-5.103,-3.444,-21.09,33.805,3.494,-1.812,2.747,1.499,-1.62,3.612,0.061,2.108,3.713,
2025-08-06 06:30:57.687,detect_and_pose_estimate_to_approach_unloader,480.135,471.315,268.065,120.197,-179.943,-149.35,-134.878,-35.614,-122.482,-180.738,21.925,136.504,-4.842,1.891,-5.569,-0.05,-3.664,-4.398,-3.046,-21.626,33.076,3.403,-1.812,2.713,4.896,-2.508,6.994,0.143,4.311,5.068,
2025-08-06 06:30:57.788,detect_and_pose_estimate_to_approach_unloader,480.076,463.898,268.071,120.197,-179.943,-149.35,-135.33,-35.437,-122.992,-180.747,21.588,136.068,-4.173,1.634,-4.658,-0.022,-3.045,-4.084,-2.297,-21.238,33.132,3.395,-1.859,2.676,7.024,-3.074,9.366,0.123,6.395,5.277,
2025-08-06 06:30:57.888,detect_and_pose_estimate_to_approach_unloader,480.028,457.805,268.076,120.197,-179.943,-149.35,-135.707,-35.292,-123.408,-180.756,21.311,135.704,-3.43,1.274,-3.686,-0.025,-2.378,-3.337,-1.708,-21.345,33.013,3.357,-1.861,2.659,9.0,-3.83,10.358,0.106,7.002,9.533,
2025-08-06 06:30:57.987,detect_and_pose_estimate_to_approach_unloader,479.992,453.235,268.08,120.197,-179.943,-149.35,-135.995,-35.185,-123.72,-180.762,21.105,135.424,-2.382,0.872,-2.597,-0.0,-1.652,-2.187,-1.508,-21.309,32.596,3.304,-1.849,2.639,9.461,-3.688,10.679,0.068,6.558,8.455,
2025-08-06 06:30:58.088,detect_and_pose_estimate_to_approach_unloader,479.968,450.199,268.083,120.197,-179.943,-149.35,-136.189,-35.113,-123.929,-180.765,20.968,135.234,-1.538,0.536,-1.55,-0.012,-1.067,-1.646,-1.47,-21.227,32.394,3.297,-1.855,2.637,8.391,-3.001,9.047,0.002,5.753,6.699,
2025-08-06 06:30:58.188,detect_and_pose_estimate_to_approach_unloader,479.955,448.523,268.084,120.197,-179.943,-149.35,-136.294,-35.074,-124.044,-180.767,20.893,135.127,-0.695,0.268,-0.778,0.0,-0.495,-0.84,-1.567,-21.176,32.172,3.291,-1.852,2.64,6.753,-2.48,6.822,0.06,4.852,7.829,
2025-08-06 06:30:58.286,detect_and_pose_estimate_to_approach_unloader,479.949,447.866,268.085,120.197,-179.943,-149.35,-136.336,-35.057,-124.09,-180.768,20.86,135.086,-0.201,0.045,-0.2,0.0,-0.106,-0.096,-2.073,-20.923,31.969,3.297,-1.837,2.665,3.51,-1.356,3.93,0.0,2.502,4.222,waypoint
2025-08-06 06:30:58.386,detect_and_pose_estimate_to_approach_unloader,479.949,447.763,268.085,120.197,-179.943,-149.35,-136.344,-35.054,-124.099,-180.768,20.854,135.078,0.0,0.0,0.0,0.0,0.0,-0.004,-2.367,-21.001,31.727,3.298,-1.776,2.702,0.993,-0.222,0.988,0.0,0.525,0.475,
2025-08-06 06:30:58.488,detect_and_pose_estimate_to_approach_unloader,479.949,447.763,268.085,120.197,-179.943,-149.35,-136.345,-35.054,-124.099,-180.768,20.854,135.077,0.0,0.0,0.0,0.0,0.0,0.0,-2.344,-21.187,31.847,3.328,-1.663,2.748,-2.358,-0.002,2.537,0.0,1.651,-2.056,
2025-08-06 06:30:58.589,detect_and_pose_estimate_to_approach_unloader,480.274,447.719,268.085,120.197,-179.943,-149.35,-136.356,-35.055,-124.085,-180.768,20.862,135.07,-0.479,-0.0,0.515,0.0,0.335,-0.422,-2.791,-21.383,32.583,3.379,-1.436,2.764,-13.696,-4.077,13.329,0.0,9.334,-14.649,
2025-08-06 06:30:58.687,detect_and_pose_estimate_to_approach_unloader,482.881,447.367,268.087,120.197,-179.943,-149.35,-136.502,-35.082,-123.936,-180.768,20.961,134.897,-2.726,-0.811,2.652,0.0,1.858,-2.915,-6.672,-23.69,35.323,3.609,-0.981,2.656,-30.23,-9.526,27.602,0.361,17.793,-30.844,
2025-08-06 06:30:58.786,detect_and_pose_estimate_to_approach_unloader,489.889,446.419,268.091,120.197,-179.943,-149.35,-136.953,-35.216,-123.514,-180.761,21.242,134.424,-6.434,-1.877,5.953,0.071,3.841,-6.498,-10.377,-28.266,37.255,3.975,-0.777,2.561,-37.92,-12.759,36.821,0.956,23.183,-38.362,
2025-08-06 06:30:58.886,detect_and_pose_estimate_to_approach_unloader,502.655,444.694,268.099,120.197,-179.943,-149.35,-137.78,-35.478,-122.725,-180.745,21.766,133.574,-10.272,-3.35,9.98,0.19,6.471,-10.549,-12.031,-30.912,38.903,4.45,-0.721,2.512,-36.785,-15.193,40.806,0.616,26.46,-37.054,
2025-08-06 06:30:58.986,detect_and_pose_estimate_to_approach_unloader,521.541,442.14,268.111,120.197,-179.943,-149.35,-138.989,-35.894,-121.518,-180.725,22.558,132.343,-13.791,-4.916,14.114,0.194,9.133,-13.909,-12.312,-33.365,39.235,4.716,-0.602,2.492,-29.271,-15.253,38.738,-0.048,25.82,-28.241,
2025-08-06 06:30:59.088,detect_and_pose_estimate_to_approach_unloader,545.85,438.854,268.126,120.197,-179.943,-149.35,-140.493,-36.464,-119.905,-180.7,23.605,130.816,-16.184,-6.431,17.805,0.181,11.687,-16.254,-11.172,-33.897,40.168,4.867,-0.516,2.447,-15.121,-13.187,32.76,0.348,20.312,-16.392,
2025-08-06 06:30:59.186,detect_and_pose_estimate_to_approach_unloader,573.95,435.055,268.143,120.197,-179.943,-149.35,-142.161,-37.164,-117.965,-180.671,24.853,129.125,-16.815,-7.553,20.666,0.264,13.195,-17.187,-8.275,-34.351,40.907,4.997,-0.449,2.404,-0.545,-8.923,21.454,0.436,10.235,-0.324,
2025-08-06 06:30:59.287,detect_and_pose_estimate_to_approach_unloader,603.58,431.05,268.162,120.197,-179.943,-149.35,-143.826,-37.945,-115.828,-180.643,26.211,127.438,-16.293,-8.207,22.074,0.267,13.724,-16.318,-3.899,-36.348,41.731,5.155,-0.335,2.375,7.377,-4.799,8.167,-0.699,4.873,8.119,
2025-08-06 06:30:59.389,detect_and_pose_estimate_to_approach_unloader,633.299,427.032,268.18,120.197,-179.943,-149.35,-145.399,-38.78,-113.606,-180.621,27.61,125.844,-15.318,-8.527,22.324,0.122,14.184,-15.539,-3.538,-35.77,42.476,5.309,-0.186,2.348,10.427,-4.143,8.071,0.028,3.899,7.797,
2025-08-06 06:30:59.487,detect_and_pose_estimate_to_approach_unloader,663.019,423.014,268.198,120.197,-179.943,-149.35,-146.875,-39.654,-111.299,-180.598,29.04,124.338,-14.207,-9.036,23.688,0.273,14.503,-14.759,-3.476,-38.627,44.566,5.657,-0.203,2.306,8.66,-4.034,8.15,0.197,3.719,9.773,
2025-08-06 06:30:59.586,detect_and_pose_estimate_to_approach_unloader,692.738,418.997,268.217,120.197,-179.943,-149.35,-148.274,-40.571,-108.917,-180.576,30.505,122.917,-13.612,-9.322,23.929,0.161,14.917,-13.614,-3.249,-39.36,45.998,5.936,-0.026,2.305,6.805,-4.325,7.261,-0.267,3.51,7.914,
2025-08-06 06:30:59.686,detect_and_pose_estimate_to_approach_unloader,722.457,414.979,268.235,120.197,-179.943,-149.35,-149.588,-41.536,-106.449,-180.555,32.005,121.58,-12.853,-9.896,25.133,0.22,15.202,-13.184,-3.763,-41.629,48.301,6.307,0.239,2.324,7.7,-5.783,10.3,-0.004,2.399,5.891,
2025-08-06 06:30:59.787,detect_and_pose_estimate_to_approach_unloader,752.176,410.961,268.254,120.197,-179.943,-149.35,-150.837,-42.543,-103.908,-180.539,33.545,120.31,-12.064,-10.485,25.999,0.16,15.399,-12.43,-3.488,-44.438,49.631,6.5,0.497,2.329,7.379,-4.462,7.186,-0.716,4.476,7.629,
2025-08-06 06:30:59.886,detect_and_pose_estimate_to_approach_unloader,781.895,406.944,268.272,120.197,-179.943,-149.35,-152.009,-43.597,-101.278,-180.523,35.12,119.114,-11.377,-10.789,26.571,0.077,16.097,-11.658,-3.322,-45.982,51.771,6.815,0.508,2.341,6.232,-4.188,7.427,-0.587,5.378,7.079,
2025-08-06 06:30:59.987,detect_and_pose_estimate_to_approach_unloader,811.614,402.926,268.291,120.197,-179.943,-149.35,-153.118,-44.702,-98.561,-180.508,36.733,117.982,-10.818,-11.322,27.485,0.043,16.475,-11.014,-3.742,-48.852,53.739,7.119,0.456,2.35,5.547,-5.402,9.301,0.069,3.53,6.988,
2025-08-06 06:31:00.086,detect_and_pose_estimate_to_approach_unloader,841.334,398.909,268.309,120.197,-179.943,-149.35,-154.17,-45.852,-95.754,-180.494,38.386,116.909,-10.268,-11.869,28.431,0.09,16.803,-10.261,-3.887,-52.959,55.22,7.341,0.406,2.359,5.626,-5.02,10.078,0.041,3.552,6.623,
2025-08-06 06:31:00.191,detect_and_pose_estimate_to_approach_unloader,871.053,394.891,268.327,120.197,-179.943,-149.35,-155.161,-47.051,-92.851,-180.48,40.084,115.889,-9.67,-12.346,29.541,0.051,17.199,-9.663,-3.388,-55.734,57.289,7.639,0.449,2.327,5.479,-3.392,10.775,-0.215,5.097,3.181,
2025-08-06 06:31:00.290,detect_and_pose_estimate_to_approach_unloader,900.772,390.873,268.346,120.197,-179.943,-149.35,-156.105,-48.306,-89.846,-180.467,41.83,114.927,-9.15,-12.561,30.629,0.047,17.843,-9.612,-3.967,-59.493,59.289,7.923,0.45,2.322,4.673,-4.655,11.175,-0.106,6.364,5.343,
2025-08-06 06:31:00.387,detect_and_pose_estimate_to_approach_unloader,930.491,386.856,268.364,120.197,-179.943,-149.35,-157.0,-49.624,-86.734,-180.457,43.63,114.009,-8.754,-13.259,31.731,0.03,18.447,-8.616,-4.126,-62.895,61.345,8.214,0.396,2.315,4.587,-7.286,10.873,-0.057,5.572,6.145,
2025-08-06 06:31:00.488,detect_and_pose_estimate_to_approach_unloader,960.21,382.838,268.383,120.197,-179.943,-149.35,-157.848,-50.996,-83.502,-180.447,45.487,113.142,-8.242,-14.004,32.782,0.035,18.946,-8.395,-3.477,-67.253,63.232,8.491,0.375,2.313,4.502,-6.938,12.917,-0.029,5.441,1.792,
2025-08-06 06:31:00.588,detect_and_pose_estimate_to_approach_unloader,989.929,378.82,268.401,120.197,-179.943,-149.35,-158.652,-52.438,-80.141,-180.439,47.411,112.311,-7.849,-14.653,34.327,0.025,19.54,-8.256,-3.882,-72.604,65.112,8.777,0.33,2.318,4.109,-7.071,17.329,0.25,6.161,3.543,
2025-08-06 06:31:00.687,detect_and_pose_estimate_to_approach_unloader,1019.649,374.803,268.42,120.197,-179.943,-149.35,-159.42,-53.951,-76.627,-180.429,49.406,111.518,-7.424,-15.411,36.23,0.085,20.172,-7.69,-4.329,-76.999,66.993,9.046,0.322,2.294,3.633,-8.033,15.7,0.004,8.997,5.467,
2025-08-06 06:31:00.786,detect_and_pose_estimate_to_approach_unloader,1049.368,370.785,268.438,120.197,-179.943,-149.35,-160.151,-55.542,-72.95,-180.421,51.487,110.769,-7.13,-16.244,37.436,0.025,21.322,-7.173,-3.9,-83.456,68.95,9.338,0.272,2.284,4.149,-7.602,12.808,-0.085,6.836,3.952,
2025-08-06 06:31:00.889,detect_and_pose_estimate_to_approach_unloader,1078.803,366.806,268.456,120.197,-179.943,-149.35,-160.84,-57.216,-69.113,-180.412,53.648,110.055,-6.586,-16.946,38.818,0.068,21.553,-6.892,-3.632,-88.701,70.397,9.558,0.371,2.28,7.007,0.99,-7.27,-0.121,-5.332,6.951,
2025-08-06 06:31:00.987,detect_and_pose_estimate_to_approach_unloader,1106.05,363.122,268.473,120.197,-179.943,-149.35,-161.456,-58.874,-65.353,-180.405,55.759,109.421,-5.721,-16.045,35.975,0.001,20.25,-5.776,-2.232,-93.049,71.487,9.737,0.488,2.275,10.999,15.917,-41.517,-0.06,-23.558,12.88,
2025-08-06 06:31:01.086,detect_and_pose_estimate_to_approach_unloader,1128.97,360.024,268.488,120.197,-179.943,-149.35,-161.961,-60.364,-61.999,-180.398,57.635,108.905,-4.419,-13.811,30.639,0.056,16.912,-4.354,0.572,-95.831,72.58,9.948,0.604,2.273,13.858,29.999,-66.78,-0.004,-39.524,14.346,
2025-08-06 06:31:01.189,detect_and_pose_estimate_to_approach_unloader,1146.168,357.699,268.498,120.197,-179.943,-149.35,-162.326,-61.548,-59.346,-180.395,59.116,108.527,-2.922,-9.985,22.485,0.0,12.266,-2.878,2.412,-99.346,73.695,10.166,0.704,2.269,13.838,37.868,-85.569,-0.28,-46.63,13.692,
2025-08-06 06:31:01.286,detect_and_pose_estimate_to_approach_unloader,1157.239,356.202,268.505,120.197,-179.943,-149.35,-162.555,-62.357,-57.556,-180.393,60.112,108.287,-1.652,-6.237,13.525,0.0,7.586,-1.616,2.096,-101.523,74.828,10.339,0.735,2.267,11.477,37.616,-85.127,-0.001,-46.356,10.986,
2025-08-06 06:31:01.386,detect_and_pose_estimate_to_approach_unloader,1162.839,355.445,268.509,120.197,-179.943,-149.35,-162.663,-62.777,-56.617,-180.391,60.632,108.164,-0.661,-2.575,5.715,0.0,3.134,-0.714,1.519,-105.064,75.366,10.428,0.734,2.264,7.965,29.233,-62.338,0.0,-35.246,7.674,
2025-08-06 06:31:01.486,detect_and_pose_estimate_to_approach_unloader,1164.57,355.211,268.51,120.197,-179.943,-149.35,-162.697,-62.908,-56.312,-180.391,60.801,108.12,-0.059,-0.391,1.057,0.0,0.537,-0.081,-0.181,-106.913,76.495,10.544,0.667,2.273,3.306,12.873,-28.575,0.0,-15.669,3.568,
2025-08-06 06:31:01.586,detect_and_pose_estimate_to_approach_unloader,1164.678,355.196,268.51,120.197,-179.943,-149.35,-162.699,-62.915,-56.288,-180.391,60.814,108.116,0.0,0.0,0.0,0.0,0.0,-0.0,-2.43,-110.396,76.95,10.535,0.481,2.311,0.293,1.943,-5.261,0.0,-2.672,0.404,waypoint
2025-08-06 06:31:01.687,detect_and_pose_estimate_to_approach_unloader,1164.678,355.196,268.51,120.195,-179.943,-149.355,-162.699,-62.915,-56.29,-180.391,60.814,108.115,0.0,0.0,0.0,0.0,0.0,0.0,-3.23,-111.164,77.225,10.553,0.278,2.347,0.0,0.0,-0.0,0.0,0.0,-22.03,
2025-08-06 06:31:01.787,approach_unloader_to_place,1164.679,355.195,268.505,119.983,-179.943,-149.768,-162.699,-62.915,-56.292,-180.391,60.814,107.956,0.0,0.0,-0.0,0.0,0.0,-4.428,-2.661,-110.635,77.158,10.593,0.167,2.275,0.0,0.0,0.0,0.0,-0.015,-62.374,
2025-08-06 06:31:01.886,approach_unloader_to_place,1164.681,355.189,268.484,119.079,-179.943,-151.535,-162.698,-62.914,-56.294,-180.391,60.813,107.129,0.0,0.0,0.0,0.0,-0.003,-12.412,-2.522,-110.53,76.978,10.588,0.029,2.174,0.0,0.0,0.0,0.0,0.0,-86.419,
2025-08-06 06:31:01.987,approach_unloader_to_place,1164.685,355.178,268.441,117.208,-179.943,-155.172,-162.698,-62.914,-56.294,-180.391,60.813,105.406,0.0,0.0,0.0,0.0,0.0,-21.712,-2.51,-110.37,76.924,10.575,-0.159,2.159,0.0,0.0,0.0,0.0,0.015,-79.491,
2025-08-06 06:31:02.087,approach_unloader_to_place,1164.691,355.161,268.379,114.445,-179.944,-160.502,-162.698,-62.914,-56.295,-180.391,60.813,102.867,0.0,0.0,0.0,0.0,0.0,-28.39,-2.271,-110.252,76.905,10.601,-0.285,2.145,0.002,0.0,0.0,0.0,0.0,-41.366,
2025-08-06 06:31:02.186,approach_unloader_to_place,1164.698,355.141,268.308,111.207,-179.944,-166.702,-162.697,-62.914,-56.295,-180.391,60.812,99.903,0.0,0.0,0.0,0.0,0.0,-29.944,-2.259,-110.091,76.919,10.628,-0.351,2.139,0.0,0.0,0.0,0.0,0.0,-8.554,
2025-08-06 06:31:02.286,approach_unloader_to_place,1164.706,355.121,268.236,107.896,-179.944,-173.01,-162.697,-62.914,-56.295,-180.391,60.813,96.903,0.0,0.0,0.0,0.0,0.0,-30.092,-2.353,-109.981,76.908,10.637,-0.385,2.151,-0.002,0.0,0.0,0.0,0.0,-1.167,
2025-08-06 06:31:02.388,approach_unloader_to_place,1164.713,355.101,268.163,104.574,-179.944,-179.33,-162.697,-62.914,-56.294,-180.391,60.813,93.906,0.0,0.0,0.0,0.0,0.0,-30.18,-2.196,-109.856,76.954,10.655,-0.398,2.146,0.0,0.0,0.0,0.0,0.0,0.978,
2025-08-06 06:31:02.486,approach_unloader_to_place,1164.72,355.081,268.091,101.26,-179.944,174.36,-162.697,-62.914,-56.293,-180.391,60.813,90.905,0.0,0.0,0.0,0.0,0.0,-29.897,-2.282,-109.77,77.011,10.689,-0.383,2.137,0.0,0.0,0.0,0.0,0.0,2.242,
2025-08-06 06:31:02.589,approach_unloader_to_place,1164.727,355.061,268.019,97.985,-179.944,168.094,-162.697,-62.914,-56.292,-180.391,60.813,87.91,0.0,0.0,0.0,0.0,0.0,-29.729,-2.33,-109.688,77.164,10.71,-0.368,2.137,0.0,0.0,0.0,0.0,0.0,23.503,
2025-08-06 06:31:02.689,approach_unloader_to_place,1164.734,355.043,267.953,95.026,-179.943,162.392,-162.697,-62.914,-56.29,-180.391,60.813,85.14,0.0,0.0,0.0,0.0,0.0,-25.126,-2.272,-109.71,77.253,10.719,-0.361,2.12,0.0,0.0,0.0,0.0,0.0,66.81,
2025-08-06 06:31:02.786,approach_unloader_to_place,1164.739,355.029,267.904,92.861,-179.943,158.186,-162.697,-62.914,-56.289,-180.391,60.813,83.051,0.0,0.0,0.0,0.0,0.0,-16.567,-2.362,-109.702,77.333,10.753,-0.355,2.076,0.0,0.0,-0.0,0.0,0.0,89.833,
2025-08-06 06:31:02.887,approach_unloader_to_place,1164.742,355.022,267.876,91.677,-179.943,155.869,-162.697,-62.914,-56.289,-180.391,60.813,81.875,0.0,0.0,0.0,0.0,0.0,-7.339,-2.403,-109.697,77.344,10.766,-0.338,2.087,0.0,0.0,0.0,0.0,0.0,75.768,
2025-08-06 06:31:02.987,approach_unloader_to_place,1164.742,355.019,267.868,91.3,-179.943,155.129,-162.697,-62.914,-56.288,-180.391,60.813,81.485,0.0,0.0,0.0,0.0,0.0,-1.338,-2.361,-109.664,77.352,10.764,-0.316,2.098,0.0,0.0,0.0,0.0,0.0,36.694,
2025-08-06 06:31:03.087,approach_unloader_to_place,1164.743,355.019,267.867,91.278,-179.943,155.086,-162.697,-62.914,-56.288,-180.391,60.814,81.459,0.0,0.0,0.0,0.0,0.0,0.0,-2.366,-109.65,77.316,10.759,-0.293,2.129,0.0,0.0,0.0,0.0,0.0,6.689,waypoint
2025-08-06 06:31:03.187,approach_unloader_to_place,1164.743,355.019,267.863,91.278,-179.943,155.086,-162.697,-62.914,-56.288,-180.391,60.814,81.459,0.0,0.0,0.0,0.0,0.0,0.0,-2.357,-109.629,77.328,10.765,-0.268,2.187,0.0,0.0,0.0,0.0,-0.932,0.0,
2025-08-06 06:31:03.287,approach_unloader_to_place,1164.743,355.019,267.655,91.278,-179.943,155.086,-162.697,-62.914,-56.288,-180.391,60.809,81.459,0.0,0.0,0.0,0.0,-0.186,0.0,-2.327,-109.649,77.307,10.757,-0.329,2.229,0.0,-0.262,-0.191,0.0,-3.492,0.0,
2025-08-06 06:31:03.390,approach_unloader_to_place,1164.743,355.018,266.783,91.278,-179.943,155.086,-162.697,-62.918,-56.291,-180.391,60.767,81.459,0.0,-0.053,-0.039,0.0,-0.709,0.0,-2.354,-110.167,77.18,10.767,-0.713,2.269,0.0,-4.397,-0.719,-0.001,-5.362,0.0,
2025-08-06 06:31:03.487,approach_unloader_to_place,1164.743,355.016,264.879,91.278,-179.943,155.086,-162.697,-62.96,-56.302,-180.391,60.674,81.46,0.0,-0.879,-0.144,-0.0,-1.259,0.0,-2.297,-115.42,75.75,10.628,-0.895,2.297,0.0,-9.729,-0.849,0.0,-5.568,0.0,
2025-08-06 06:31:03.588,approach_unloader_to_place,1164.743,355.013,261.755,91.278,-179.943,155.086,-162.697,-63.11,-56.321,-180.391,60.516,81.46,0.0,-1.98,-0.207,0.0,-1.811,0.0,-2.246,-120.238,74.413,10.496,-1.012,2.346,0.0,-8.544,-0.597,0.001,-5.35,0.0,
2025-08-06 06:31:03.687,approach_unloader_to_place,1164.743,355.009,257.431,91.278,-179.943,155.086,-162.697,-63.339,-56.347,-180.392,60.302,81.461,0.0,-2.588,-0.263,0.0,-2.329,0.0,-2.28,-117.345,75.108,10.563,-1.078,2.409,0.0,-3.533,-0.114,0.0,-5.258,0.0,
2025-08-06 06:31:03.787,approach_unloader_to_place,1164.743,355.003,252.138,91.278,-179.943,155.086,-162.697,-63.591,-56.371,-180.394,60.043,81.461,0.0,-2.683,-0.23,0.0,-2.858,0.0,-2.373,-116.737,75.445,10.571,-1.122,2.481,0.0,-0.686,0.426,-0.003,-3.557,0.0,
2025-08-06 06:31:03.886,approach_unloader_to_place,1164.743,354.997,246.27,91.278,-179.943,155.086,-162.697,-63.865,-56.393,-180.398,59.755,81.463,0.0,-2.725,-0.179,-0.001,-3.037,0.0,-2.324,-117.683,75.195,10.475,-1.132,2.562,0.0,-0.67,0.431,-0.006,-0.267,0.0,
2025-08-06 06:31:03.988,approach_unloader_to_place,1164.743,354.991,240.271,91.278,-179.943,155.086,-162.698,-64.142,-56.413,-180.4,59.463,81.465,0.0,-2.817,-0.143,-0.001,-2.911,0.0,-2.356,-118.049,75.243,10.401,-1.153,2.622,0.0,-0.225,0.47,-0.005,1.099,0.063,
2025-08-06 06:31:04.087,approach_unloader_to_place,1164.743,354.985,234.272,91.278,-179.943,155.086,-162.698,-64.413,-56.428,-180.402,59.172,81.469,0.0,-2.77,-0.084,-0.002,-2.816,0.013,-2.494,-119.005,75.153,10.356,-1.191,2.676,0.0,0.389,0.698,-0.049,1.292,0.008,
2025-08-06 06:31:04.189,approach_unloader_to_place,1164.743,354.979,228.273,91.278,-179.943,155.086,-162.698,-64.689,-56.436,-180.405,58.886,81.474,0.0,-2.739,-0.003,-0.011,-2.652,0.002,-2.469,-121.208,74.772,10.275,-1.19,2.726,0.0,-1.495,0.42,0.008,0.324,-0.063,
2025-08-06 06:31:04.287,approach_unloader_to_place,1164.744,354.973,222.275,91.278,-179.943,155.086,-162.698,-64.978,-56.438,-180.407,58.602,81.477,0.0,-3.069,0.0,0.0,-2.751,0.0,-2.495,-122.008,74.76,10.215,-1.205,2.775,-0.001,0.034,0.051,0.053,-0.184,0.013,
2025-08-06 06:31:04.386,approach_unloader_to_place,1164.744,354.968,216.436,91.278,-179.943,155.086,-162.698,-65.259,-56.437,-180.409,58.329,81.479,-0.0,-2.732,0.007,-0.0,-2.688,0.004,-2.594,-122.628,74.882,10.203,-1.245,2.786,0.0,4.172,0.283,-0.02,3.149,0.001,
2025-08-06 06:31:04.487,approach_unloader_to_place,1164.744,354.962,211.207,91.278,-179.943,155.086,-162.699,-65.514,-56.429,-180.411,58.087,81.481,0.0,-2.234,0.057,-0.004,-2.121,0.0,-2.67,-123.007,75.283,10.209,-1.303,2.806,0.001,4.811,0.2,0.002,5.467,-0.021,
2025-08-06 06:31:04.586,approach_unloader_to_place,1164.744,354.958,206.973,91.278,-179.943,155.086,-162.699,-65.717,-56.419,-180.413,57.89,81.482,0.0,-1.77,0.047,0.0,-1.594,0.0,-2.82,-123.164,75.864,10.215,-1.319,2.819,0.0,5.706,-0.194,0.02,4.633,-0.001,
2025-08-06 06:31:04.686,approach_unloader_to_place,1164.744,354.955,203.949,91.278,-179.943,155.086,-162.699,-65.86,-56.408,-180.414,57.748,81.483,0.0,-1.099,0.018,0.0,-1.199,0.0,-2.983,-123.606,76.071,10.182,-1.304,2.812,0.0,5.963,-0.227,0.0,4.746,0.0,
2025-08-06 06:31:04.787,approach_unloader_to_place,1164.744,354.953,202.138,91.278,-179.943,155.086,-162.699,-65.946,-56.402,-180.414,57.665,81.484,0.0,-0.571,0.002,0.0,-0.641,0.0,-3.125,-124.768,75.794,10.202,-1.302,2.813,0.0,4.534,-0.089,0.0,5.37,0.0,
2025-08-06 06:31:04.887,approach_unloader_to_place,1164.744,354.952,201.334,91.278,-179.943,155.086,-162.7,-65.984,-56.4,-180.415,57.625,81.484,0.0,-0.188,0.0,0.0,-0.12,0.0,-3.124,-127.171,74.946,10.172,-1.288,2.81,0.0,2.857,-0.009,0.0,3.203,0.0,waypoint
2025-08-06 06:31:04.987,place_on_unloader,1164.744,354.952,201.159,91.278,-179.943,155.086,-162.7,-65.992,-56.399,-180.415,57.615,81.484,0.0,0.0,0.0,0.0,0.0,0.0,-3.22,-128.177,74.368,10.155,-1.261,2.807,0.0,0.933,0.0,0.0,0.595,0.0,
2025-08-06 06:31:05.387,place_on_unloader,1164.744,354.952,201.157,91.278,-179.943,155.086,-162.702,-65.994,-56.4,-180.415,57.616,81.485,0.0,0.0,0.0,0.0,0.0,0.0,-3.271,-128.989,73.674,10.108,-0.937,2.797,0.0,0.0,0.0,0.0,0.0,0.0,
2025-08-06 06:31:05.694,place_on_unloader,1164.744,354.952,201.157,91.278,-179.943,155.086,-162.702,-65.995,-56.4,-180.415,57.617,81.485,0.0,0.0,0.0,0.0,0.0,0.0,-3.247,-129.155,73.59,10.109,-0.728,2.781,0.0,0.0,0.0,0.0,0.0,0.0,
2025-08-06 06:31:05.987,place_on_unloader,1164.744,354.952,201.157,91.278,-179.943,155.086,-162.703,-65.996,-56.4,-180.415,57.617,81.485,0.0,0.0,0.0,0.0,0.0,0.0,-3.163,-129.188,73.506,10.122,-0.699,2.778,0.0,0.0,-0.032,0.0,0.0,0.0,
2025-08-06 06:31:06.286,place_on_unloader,1164.744,354.952,201.157,91.278,-179.943,155.086,-162.703,-65.996,-56.401,-180.415,57.617,81.485,0.0,0.0,0.0,0.0,0.0,0.0,-3.102,-129.154,73.456,10.119,-0.717,2.764,0.0,0.0,0.0,0.0,0.0,0.0,
2025-08-06 06:31:06.588,place_on_unloader,1164.744,354.952,201.157,91.278,-179.943,155.086,-162.703,-65.997,-56.401,-180.415,57.617,81.484,0.0,0.0,0.0,0.0,0.0,0.0,-3.067,-129.198,73.446,10.136,-0.719,2.755,0.0,0.0,0.0,0.0,0.0,0.0,
2025-08-06 06:31:06.987,place_on_unloader,1164.744,354.952,201.157,91.278,-179.943,155.086,-162.703,-65.998,-56.401,-180.414,57.617,81.484,0.0,0.0,0.0,0.0,0.0,0.0,-2.987,-129.167,73.426,10.137,-0.719,2.75,0.0,0.0,0.0,0.0,0.0,0.0,
2025-08-06 06:31:07.287,place_on_unloader,1164.744,354.952,201.157,91.278,-179.943,155.086,-162.703,-65.999,-56.401,-180.414,57.617,81.484,0.0,0.0,0.0,0.0,0.0,0.0,-2.958,-129.127,73.399,10.123,-0.725,2.721,0.0,0.0,0.006,0.0,0.0,0.0,
2025-08-06 06:31:07.586,place_on_unloader,1164.744,354.952,201.157,91.278,-179.943,155.086,-162.703,-65.999,-56.401,-180.414,57.617,81.484,0.0,0.0,0.0,0.0,0.0,0.0,-2.922,-129.077,73.401,10.143,-0.749,2.716,0.0,0.0,0.003,0.0,0.0,0.0,
2025-08-06 06:31:07.887,place_on_unloader,1164.744,354.952,201.157,91.278,-179.943,155.086,-162.703,-65.999,-56.401,-180.414,57.617,81.484,0.0,0.0,-0.002,0.0,0.0,0.0,-2.9,-129.007,73.407,10.148,-0.74,2.708,0.0,0.0,-0.021,0.0,0.0,0.0,
2025-08-06 06:31:08.288,place_to_retreat_unloader,1164.744,354.953,201.528,91.278,-179.943,155.086,-162.703,-66.004,-56.401,-180.414,57.629,81.484,0.0,0.0,0.0,0.0,0.241,0.0,-2.875,-128.926,73.362,10.131,-0.626,2.69,0.0,0.247,-0.095,0.0,3.704,0.0,
2025-08-06 06:31:08.386,place_to_retreat_unloader,1164.744,354.954,202.659,91.278,-179.943,155.086,-162.703,-66.001,-56.404,-180.414,57.68,81.484,0.0,0.049,-0.019,0.0,0.733,0.0,-2.873,-128.491,72.995,10.132,-0.317,2.681,0.0,5.714,-0.357,0.0,5.401,0.0,
2025-08-06 06:31:08.487,place_to_retreat_unloader,1164.744,354.956,204.894,91.278,-179.943,155.086,-162.703,-65.952,-56.412,-180.414,57.778,81.484,0.0,1.137,-0.071,0.0,1.315,0.0,-2.877,-122.585,73.039,10.254,0.075,2.678,0.0,10.854,-0.082,0.0,5.342,0.0,
2025-08-06 06:31:08.587,place_to_retreat_unloader,1164.744,354.959,208.365,91.278,-179.943,155.086,-162.703,-65.779,-56.421,-180.414,57.935,81.484,0.0,2.231,-0.035,0.0,1.807,0.0,-2.918,-110.621,75.366,10.469,0.057,2.672,0.0,8.02,0.11,0.015,4.753,0.0,
2025-08-06 06:31:08.688,place_to_retreat_unloader,1164.744,354.964,212.992,91.278,-179.943,155.086,-162.702,-65.534,-56.43,-180.413,58.145,81.484,0.0,2.749,-0.049,0.003,2.271,0.0,-2.843,-111.957,74.473,10.308,0.023,2.649,0.0,3.578,0.161,0.056,4.749,0.0,
2025-08-06 06:31:08.787,place_to_retreat_unloader,1164.744,354.97,218.492,91.278,-179.943,155.086,-162.702,-65.251,-56.436,-180.411,58.399,81.484,0.0,2.946,-0.003,0.011,2.757,0.0,-2.714,-108.983,74.67,10.399,0.06,2.624,0.0,2.441,0.247,-0.014,3.332,0.0,
2025-08-06 06:31:08.886,place_to_retreat_unloader,1164.744,354.976,224.434,91.278,-179.943,155.086,-162.702,-64.946,-56.437,-180.406,58.677,81.483,0.0,3.233,0.0,0.0,2.931,0.0,-2.775,-108.857,74.708,10.501,0.121,2.599,0.0,-0.523,0.111,-0.042,0.429,0.0,
2025-08-06 06:31:08.987,place_to_retreat_unloader,1164.743,354.982,230.433,91.278,-179.943,155.086,-162.702,-64.647,-56.436,-180.405,58.959,81.483,0.0,2.842,0.019,0.003,2.843,0.0,-2.626,-108.478,74.527,10.513,0.198,2.57,0.0,-1.232,0.498,-0.001,-0.789,0.0,
2025-08-06 06:31:09.089,place_to_retreat_unloader,1164.743,354.988,236.432,91.278,-179.943,155.086,-162.702,-64.355,-56.426,-180.402,59.247,81.483,0.0,2.982,0.101,0.0,2.77,0.0,-2.574,-106.175,75.524,10.622,0.207,2.539,0.0,-0.646,0.87,-0.004,-0.245,0.0,
2025-08-06 06:31:09.187,place_to_retreat_unloader,1164.743,354.994,242.431,91.278,-179.943,155.086,-162.702,-64.077,-56.41,-180.4,59.538,81.482,0.0,2.712,0.193,0.002,2.794,0.0,-2.524,-106.103,75.898,10.648,0.256,2.497,0.0,-1.16,0.58,0.002,0.203,0.0,
2025-08-06 06:31:09.287,place_to_retreat_unloader,1164.743,355.0,248.418,91.278,-179.943,155.086,-162.702,-63.801,-56.391,-180.397,59.831,81.482,0.0,2.753,0.216,0.0,2.811,0.0,-2.525,-104.136,76.534,10.717,0.318,2.447,0.0,-0.466,0.158,-0.01,-0.925,-0.001,
2025-08-06 06:31:09.386,place_to_retreat_unloader,1164.743,355.005,254.133,91.278,-179.943,155.086,-162.702,-63.54,-56.368,-180.394,60.114,81.48,0.0,2.62,0.224,0.0,2.61,-0.0,-2.36,-103.276,76.723,10.766,0.349,2.415,0.0,-3.125,0.326,-0.002,-2.292,-0.16,
2025-08-06 06:31:09.489,place_to_retreat_unloader,1164.743,355.01,259.116,91.278,-179.943,155.086,-162.702,-63.305,-56.343,-180.393,60.363,81.477,0.0,2.121,0.282,0.0,2.348,-0.032,-2.319,-102.801,76.741,10.764,0.394,2.382,0.0,-5.104,-0.045,-0.001,-4.248,0.001,
2025-08-06 06:31:09.587,place_to_retreat_unloader,1164.743,355.014,263.024,91.278,-179.943,155.086,-162.702,-63.125,-56.319,-180.392,60.561,81.472,0.0,1.594,0.215,0.0,1.756,0.0,-2.21,-103.392,76.564,10.707,0.492,2.321,0.0,-5.946,-0.827,0.001,-6.8,0.164,
2025-08-06 06:31:09.686,place_to_retreat_unloader,1164.743,355.017,265.699,91.278,-179.943,155.086,-162.701,-63.0,-56.301,-180.391,60.701,81.471,0.0,0.95,0.119,0.0,1.008,0.0,-2.059,-102.499,76.681,10.733,0.506,2.29,0.0,-5.84,-1.012,0.001,-6.021,0.0,
2025-08-06 06:31:09.787,place_to_retreat_unloader,1164.743,355.018,267.199,91.278,-179.943,155.086,-162.701,-62.929,-56.29,-180.391,60.779,81.471,0.0,0.426,0.013,0.0,0.552,0.0,-2.016,-102.413,76.694,10.748,0.524,2.285,0.0,-4.472,-0.592,-0.001,-4.565,0.0,
2025-08-06 06:31:09.887,place_to_retreat_unloader,1164.743,355.019,267.783,91.278,-179.943,155.086,-162.701,-62.905,-56.287,-180.39,60.81,81.47,0.0,0.051,0.0,0.0,0.091,0.0,-1.979,-101.8,76.799,10.763,0.514,2.283,0.0,-2.13,-0.065,-0.001,-2.758,0.0,waypoint
2025-08-06 06:31:09.987,place_to_retreat_unloader,1164.743,355.019,267.867,91.278,-179.943,155.086,-162.701,-62.902,-56.287,-180.39,60.816,81.47,0.0,0.0,0.0,0.0,0.0,0.0,-1.921,-100.407,77.18,10.815,0.469,2.282,0.001,-0.255,0.0,0.0,-0.451,0.0,
2025-08-06 06:31:10.088,place_to_retreat_unloader,1164.743,355.019,267.867,91.278,-179.943,155.086,-162.7,-62.902,-56.287,-180.39,60.816,81.47,0.0,0.0,0.0,0.0,0.0,0.0,-1.907,-100.405,77.266,10.828,0.372,2.278,0.0,0.0,0.0,0.0,0.0,3.022,
2025-08-06 06:31:10.186,place_to_retreat_unloader,1164.743,355.019,267.868,91.31,-179.943,155.194,-162.7,-62.902,-56.287,-180.39,60.816,81.477,0.0,0.0,0.0,0.0,0.0,0.601,-1.842,-100.448,77.298,10.84,0.308,2.332,-0.001,0.0,0.0,0.0,0.0,47.369,
2025-08-06 06:31:10.286,place_to_retreat_unloader,1164.743,355.018,267.874,91.553,-179.943,156.011,-162.7,-62.902,-56.287,-180.39,60.816,82.028,0.0,0.0,0.0,0.0,0.0,9.379,-1.867,-100.59,77.261,10.835,0.257,2.917,0.0,0.0,0.0,0.0,0.0,89.162,
2025-08-06 06:31:10.388,place_to_retreat_unloader,1164.745,355.017,267.888,92.161,-179.943,158.043,-162.7,-62.902,-56.287,-180.39,60.815,83.43,0.0,0.0,0.0,0.0,0.0,18.612,-1.908,-100.659,77.257,10.83,0.181,3.161,0.0,0.0,0.0,0.0,0.0,86.376,
2025-08-06 06:31:10.486,place_to_retreat_unloader,1164.748,355.014,267.912,93.152,-179.943,161.339,-162.7,-62.902,-56.287,-180.39,60.815,85.708,0.0,0.0,0.0,0.0,0.0,26.654,-1.867,-100.759,77.21,10.791,0.112,3.199,0.0,0.0,0.0,0.0,0.0,57.188,
2025-08-06 06:31:10.589,place_to_retreat_unloader,1164.751,355.011,267.942,94.404,-179.943,165.466,-162.699,-62.902,-56.288,-180.39,60.815,88.584,0.0,0.0,0.0,0.0,0.0,30.107,-1.838,-100.808,77.204,10.761,0.069,3.215,0.0,0.0,0.0,0.0,0.0,16.243,
2025-08-06 06:31:10.688,place_to_retreat_unloader,1164.755,355.008,267.973,95.724,-179.944,169.784,-162.699,-62.902,-56.287,-180.39,60.815,91.584,0.0,0.0,0.0,0.0,0.0,29.935,-1.844,-100.869,77.188,10.758,0.06,3.216,0.0,0.0,0.0,0.0,0.0,-0.226,
2025-08-06 06:31:10.788,place_to_retreat_unloader,1164.759,355.005,268.004,97.058,-179.944,174.116,-162.699,-62.902,-56.288,-180.39,60.814,94.58,0.0,0.0,0.0,0.0,0.0,30.062,-1.82,-100.912,77.154,10.723,0.067,3.213,0.0,0.0,0.0,0.0,0.0,1.094,
2025-08-06 06:31:10.887,place_to_retreat_unloader,1164.763,355.002,268.035,98.407,-179.944,178.462,-162.699,-62.902,-56.287,-180.39,60.814,97.584,0.0,0.0,0.0,0.0,0.0,30.153,-1.84,-101.001,77.183,10.71,0.088,3.229,0.0,0.0,0.0,0.0,0.0,-1.012,
2025-08-06 06:31:10.988,place_to_retreat_unloader,1164.766,354.999,268.066,99.767,-179.945,-177.181,-162.699,-62.902,-56.287,-180.391,60.814,100.582,0.0,0.0,0.0,0.0,0.0,29.86,-1.853,-101.029,77.159,10.672,0.104,3.248,0.0,0.0,0.0,0.0,0.0,-14.649,
2025-08-06 06:31:11.089,place_to_retreat_unloader,1164.77,354.996,268.096,101.09,-179.945,-172.966,-162.699,-62.902,-56.287,-180.391,60.815,103.487,0.0,0.0,0.0,0.0,0.0,27.194,-1.84,-101.057,77.156,10.638,0.148,3.266,0.0,0.0,0.0,0.0,0.0,-49.563,
2025-08-06 06:31:11.187,place_to_retreat_unloader,1164.773,354.993,268.12,102.168,-179.945,-169.545,-162.699,-62.902,-56.287,-180.391,60.815,105.87,0.0,0.0,0.0,0.0,0.0,19.997,-1.811,-101.05,77.153,10.601,0.155,3.276,0.0,0.0,0.0,0.0,0.0,-84.46,
2025-08-06 06:31:11.287,place_to_retreat_unloader,1164.775,354.992,268.135,102.848,-179.945,-167.394,-162.699,-62.902,-56.287,-180.39,60.815,107.384,0.0,0.0,0.0,0.0,0.0,10.471,-1.797,-101.063,77.155,10.592,0.184,3.275,0.0,0.0,0.0,0.0,0.011,-83.491,
2025-08-06 06:31:11.388,place_to_retreat_unloader,1164.775,354.991,268.142,103.13,-179.945,-166.502,-162.699,-62.902,-56.287,-180.39,60.816,108.029,0.0,0.0,0.0,0.0,0.002,3.215,-1.798,-101.075,77.131,10.59,0.188,3.262,0.0,0.0,0.0,0.0,0.0,-52.222,
2025-08-06 06:31:11.487,place_to_retreat_unloader,1164.776,354.991,268.143,103.171,-179.945,-166.373,-162.699,-62.902,-56.287,-180.39,60.816,108.125,0.0,0.0,0.0,0.0,0.0,0.026,-1.826,-101.033,77.165,10.595,0.2,3.258,0.0,0.0,0.0,0.0,-0.011,-16.156,waypoint
2025-08-06 06:31:11.587,place_to_retreat_unloader,1164.776,354.991,268.143,103.171,-179.945,-166.373,-162.699,-62.902,-56.287,-180.39,60.816,108.126,0.0,0.0,0.0,0.0,0.0,0.0,-1.846,-101.037,77.134,10.599,0.201,3.229,0.661,2.332,-8.58,0.0,-4.361,-0.131,
2025-08-06 06:31:11.687,place_to_retreat_unloader,1164.366,355.094,268.142,103.171,-179.945,-166.373,-162.696,-62.895,-56.332,-180.39,60.796,108.126,0.132,0.466,-1.716,0.0,-0.872,0.0,-1.647,-101.228,76.0,10.511,-0.051,3.198,5.108,14.17,-34.757,0.0,-19.571,5.546,
2025-08-06 06:31:11.787,place_to_retreat_unloader,1161.539,355.808,268.141,103.171,-179.945,-166.373,-162.644,-62.744,-56.749,-180.39,60.563,108.191,1.022,2.834,-6.951,0.0,-3.914,1.109,2.203,-95.431,74.634,10.511,-0.783,3.25,11.087,30.521,-65.457,0.0,-36.899,13.075,
2025-08-06 06:31:11.886,place_to_retreat_unloader,1154.267,357.642,268.138,103.171,-179.945,-166.373,-162.481,-62.279,-57.836,-180.39,59.957,108.376,2.339,6.54,-14.742,0.0,-8.215,2.602,8.972,-90.185,73.661,10.51,-0.96,3.295,15.62,37.548,-81.307,-0.003,-45.658,15.274,
2025-08-06 06:31:11.987,place_to_retreat_unloader,1141.293,360.916,268.132,103.171,-179.945,-166.373,-162.155,-61.435,-59.747,-180.391,58.891,108.716,4.146,10.344,-23.213,-0.001,-13.046,4.164,12.864,-89.786,72.003,10.349,-0.991,3.331,17.975,34.664,-77.835,0.0,-44.416,16.315,
2025-08-06 06:31:12.086,place_to_retreat_unloader,1122.347,365.696,268.123,103.171,-179.945,-166.373,-161.655,-60.238,-62.449,-180.394,57.387,109.224,5.933,13.473,-30.309,0.0,-17.098,5.865,12.197,-86.807,70.704,10.091,-0.989,3.372,15.386,26.531,-58.085,-0.036,-33.004,16.205,
2025-08-06 06:31:12.187,place_to_retreat_unloader,1098.189,371.791,268.112,103.171,-179.945,-166.373,-160.996,-58.779,-65.747,-180.402,55.543,109.891,7.223,15.65,-34.83,-0.008,-19.647,7.405,10.827,-84.346,69.532,9.77,-1.09,3.403,11.997,13.938,-30.432,-0.432,-16.364,14.085,
2025-08-06 06:31:12.288,place_to_retreat_unloader,1070.483,378.782,268.1,103.171,-179.945,-166.373,-160.207,-57.191,-69.342,-180.411,53.523,110.698,8.357,16.288,-36.456,-0.087,-20.404,8.71,9.256,-80.195,68.768,9.486,-1.297,3.455,8.28,-1.354,-0.698,-0.133,-1.024,7.272,
2025-08-06 06:31:12.386,place_to_retreat_unloader,1041.454,386.106,268.087,103.171,-179.945,-166.373,-159.338,-55.609,-72.925,-180.419,51.505,111.578,8.871,15.38,-34.969,-0.034,-19.85,8.852,6.146,-78.514,67.466,9.155,-1.488,3.519,3.963,-8.576,16.739,0.36,7.492,3.758,
2025-08-06 06:31:12.487,place_to_retreat_unloader,1012.368,393.445,268.073,103.171,-179.945,-166.373,-158.434,-54.12,-76.332,-180.427,49.575,112.497,9.145,14.582,-33.125,-0.016,-18.913,9.458,3.592,-73.929,66.171,8.882,-1.638,3.565,3.392,-7.445,16.375,-0.056,8.856,5.107,
2025-08-06 06:31:12.586,place_to_retreat_unloader,983.283,400.783,268.06,103.171,-179.945,-166.373,-157.497,-52.713,-79.581,-180.435,47.727,113.466,9.549,13.891,-31.694,-0.045,-18.079,9.874,4.197,-68.307,64.62,8.601,-1.63,3.522,4.601,-7.188,13.71,-0.123,7.861,4.213,
2025-08-06 06:31:12.687,place_to_retreat_unloader,954.198,408.122,268.047,103.171,-179.945,-166.373,-156.509,-51.376,-82.686,-180.444,45.955,114.469,10.066,13.144,-30.383,-0.04,-17.341,10.3,5.339,-63.621,62.904,8.369,-1.471,3.382,5.119,-6.943,13.239,0.154,6.434,4.808,
2025-08-06 06:31:12.787,place_to_retreat_unloader,925.112,415.46,268.034,103.171,-179.945,-166.373,-155.475,-50.109,-85.659,-180.453,44.248,115.524,10.578,12.496,-29.032,-0.014,-16.786,10.84,4.338,-57.841,61.349,8.105,-1.487,3.384,4.958,-6.415,12.614,0.181,5.998,3.567,
2025-08-06 06:31:12.887,place_to_retreat_unloader,896.027,422.799,268.02,103.171,-179.945,-166.373,-154.395,-48.902,-88.514,-180.463,42.604,116.62,11.057,11.861,-27.86,-0.004,-16.141,11.014,4.207,-53.943,59.653,7.831,-1.531,3.386,4.783,-6.299,11.444,-0.061,5.655,4.792,
2025-08-06 06:31:12.988,place_to_retreat_unloader,866.942,430.137,268.007,103.171,-179.945,-166.373,-153.26,-47.75,-91.255,-180.474,41.016,117.778,11.539,11.23,-26.732,-0.027,-15.649,11.803,5.557,-50.132,57.826,7.567,-1.529,3.401,5.512,-5.941,10.406,-0.18,4.383,6.683,
2025-08-06 06:31:13.088,place_to_retreat_unloader,837.856,437.476,267.994,103.171,-179.945,-166.373,-152.07,-46.649,-93.889,-180.485,39.483,118.987,12.165,10.667,-25.769,-0.04,-15.26,12.357,5.138,-48.054,55.647,7.239,-1.49,3.398,6.097,-4.481,8.371,-0.258,5.888,5.51,
2025-08-06 06:31:13.187,place_to_retreat_unloader,808.771,444.814,267.981,103.171,-179.945,-166.373,-150.822,-45.604,-96.419,-180.495,37.997,120.254,12.753,10.338,-25.066,-0.078,-14.478,12.899,5.024,-43.162,54.441,7.017,-1.526,3.399,6.1,-4.271,10.467,0.147,6.063,7.334,
2025-08-06 06:31:13.287,place_to_retreat_unloader,779.685,452.153,267.968,103.171,-179.945,-166.373,-149.513,-44.609,-98.854,-180.506,36.558,121.578,13.379,9.817,-23.686,-0.011,-14.054,13.816,5.822,-39.414,53.358,6.816,-1.584,3.421,7.085,-5.951,10.577,-0.132,3.95,6.318,
2025-08-06 06:31:13.386,place_to_retreat_unloader,750.6,459.491,267.954,103.171,-179.945,-166.373,-148.144,-43.659,-101.196,-180.518,35.17,122.973,14.163,9.154,-22.962,-0.104,-13.692,14.157,5.805,-38.7,50.826,6.485,-1.58,3.481,6.054,-4.746,8.207,-0.301,5.053,5.646,
2025-08-06 06:31:13.487,place_to_retreat_unloader,721.515,466.83,267.941,103.171,-179.945,-166.373,-146.701,-42.757,-103.437,-180.528,33.825,124.431,14.59,8.868,-22.044,-0.071,-13.043,14.946,5.708,-35.496,49.375,6.271,-1.626,3.528,6.577,-4.131,9.156,0.302,3.803,7.834,
2025-08-06 06:31:13.587,place_to_retreat_unloader,692.429,474.168,267.928,103.171,-179.945,-166.373,-145.195,-41.904,-105.595,-180.542,32.53,125.957,15.485,8.323,-21.121,-0.043,-12.927,15.731,6.041,-32.398,48.24,6.073,-1.66,3.526,8.045,-5.207,9.832,0.05,4.094,7.478,
2025-08-06 06:31:13.687,place_to_retreat_unloader,663.344,481.507,267.915,103.171,-179.945,-166.373,-143.609,-41.094,-107.653,-180.556,31.271,127.562,16.199,7.827,-20.078,-0.061,-12.224,16.441,6.182,-31.857,46.256,5.733,-1.666,3.531,7.544,-4.42,9.398,-0.137,6.027,7.005,
2025-08-06 06:31:13.788,place_to_retreat_unloader,634.259,488.845,267.901,103.171,-179.945,-166.373,-141.954,-40.331,-109.624,-180.57,30.066,129.24,17.001,7.435,-19.232,-0.071,-11.716,17.139,5.955,-28.535,44.663,5.428,-1.651,3.564,8.218,-4.385,8.698,-0.163,3.916,8.838,
2025-08-06 06:31:13.886,place_to_retreat_unloader,605.173,496.184,267.888,103.171,-179.945,-166.373,-140.217,-39.611,-111.502,-180.586,28.913,130.994,17.834,6.954,-18.347,-0.093,-11.445,18.2,6.542,-28.391,43.095,5.138,-1.687,3.63,7.341,-5.084,9.996,0.04,4.532,8.107,
2025-08-06 06:31:13.987,place_to_retreat_unloader,576.132,503.511,267.875,103.171,-179.945,-166.373,-138.398,-38.94,-113.281,-180.6,27.804,132.83,18.462,6.423,-17.243,-0.063,-10.814,18.753,6.206,-25.815,42.054,4.903,-1.769,3.669,0.095,-6.594,16.161,0.198,9.254,-1.671,
2025-08-06 06:31:14.088,place_to_retreat_unloader,548.328,510.526,267.862,103.171,-179.945,-166.373,-136.572,-38.332,-114.901,-180.614,26.791,134.671,17.854,5.622,-15.083,-0.053,-9.576,17.863,4.004,-25.699,41.596,4.788,-1.882,3.722,-15.188,-9.806,26.706,0.142,16.278,-16.111,
2025-08-06 06:31:14.190,place_to_retreat_unloader,523.992,516.667,267.851,103.171,-179.945,-166.373,-134.894,-37.833,-116.248,-180.627,25.94,136.358,15.379,4.432,-11.822,-0.034,-7.509,15.482,-0.055,-24.361,41.593,4.697,-2.061,3.799,-30.208,-12.505,33.372,0.095,21.119,-29.424,
2025-08-06 06:31:14.286,place_to_retreat_unloader,504.815,521.505,267.843,103.171,-179.945,-166.373,-133.526,-37.457,-117.267,-180.637,25.296,137.733,11.872,3.146,-8.475,-0.035,-5.394,12.037,-2.923,-23.769,40.947,4.592,-2.145,3.82,-38.78,-12.623,33.683,0.154,21.412,-39.484,
2025-08-06 06:31:14.387,place_to_retreat_unloader,491.601,524.839,267.837,103.171,-179.945,-166.373,-132.549,-37.21,-117.947,-180.644,24.862,138.71,7.739,1.946,-5.186,-0.004,-3.291,7.704,-4.607,-23.104,40.343,4.505,-2.186,3.855,-39.824,-11.002,29.388,0.133,18.495,-40.794,
2025-08-06 06:31:14.488,place_to_retreat_unloader,484.119,526.727,267.833,103.171,-179.945,-166.373,-131.983,-37.073,-118.326,-180.648,24.619,139.274,3.828,0.924,-2.539,-0.008,-1.658,3.796,-5.311,-22.617,39.542,4.412,-2.193,3.858,-33.391,-8.373,22.152,0.018,14.304,-32.384,
2025-08-06 06:31:14.588,place_to_retreat_unloader,481.148,527.476,267.832,103.171,-179.945,-166.373,-131.754,-37.018,-118.477,-180.649,24.521,139.507,1.028,0.263,-0.734,0.0,-0.416,1.195,-3.419,-21.979,38.673,4.331,-2.174,3.877,-19.235,-4.641,12.757,0.039,8.331,-19.077,
2025-08-06 06:31:14.687,place_to_retreat_unloader,480.688,527.593,267.832,103.171,-179.945,-166.373,-131.724,-37.01,-118.502,-180.649,24.506,139.549,0.0,0.0,0.0,0.0,0.0,0.0,-0.495,-21.883,37.719,4.281,-2.081,3.854,-5.227,-1.321,3.688,0.0,2.091,-6.004,waypoint
2025-08-06 06:31:14.787,place_to_retreat_unloader,480.688,527.593,267.832,103.171,-179.945,-166.373,-131.729,-37.01,-118.502,-180.649,24.506,139.549,-0.013,0.0,0.0,0.0,0.0,0.0,3.253,-22.668,37.372,4.255,-1.93,3.774,5.059,4.12,4.456,0.0,11.643,6.124,
2025-08-06 06:31:14.888,place_to_retreat_unloader,480.431,528.235,268.533,103.643,-179.944,-165.901,-131.706,-36.988,-118.478,-180.649,24.565,139.568,1.017,0.828,0.896,0.0,2.34,1.231,4.695,-22.916,38.053,4.329,-1.523,3.749,27.467,24.329,20.427,0.007,46.89,29.479,
2025-08-06 06:31:14.988,place_to_retreat_unloader,478.474,532.999,273.78,106.889,-179.941,-162.657,-131.392,-36.725,-118.238,-180.648,25.119,139.913,5.508,4.89,4.106,0.001,9.425,5.925,9.047,-10.962,41.855,4.638,-1.021,3.813,53.097,47.055,35.802,0.874,80.721,50.947,
2025-08-06 06:31:15.090,place_to_retreat_unloader,473.347,544.613,286.899,113.285,-179.931,-156.266,-130.53,-35.964,-117.626,-180.633,26.518,140.783,11.742,10.333,8.128,0.176,18.646,11.523,18.058,-3.197,45.75,5.249,-0.97,3.77,57.824,50.023,37.067,1.596,85.153,52.68,
2025-08-06 06:31:15.188,place_to_retreat_unloader,464.201,562.846,308.523,120.519,-179.917,-149.039,-129.068,-34.69,-116.628,-180.609,28.798,142.201,17.073,14.895,11.519,0.321,26.455,16.461,17.196,1.779,47.4,5.74,-0.785,3.714,38.697,35.397,25.197,1.111,57.764,37.145,
2025-08-06 06:31:15.286,place_to_retreat_unloader,451.327,584.599,336.236,126.703,-179.901,-142.864,-127.222,-33.058,-115.369,-180.574,31.667,143.986,19.327,17.271,13.066,0.394,29.968,18.803,10.533,5.118,47.969,6.006,-0.497,3.693,11.113,11.287,7.891,-0.242,18.564,9.946,
2025-08-06 06:31:15.389,place_to_retreat_unloader,436.23,605.971,365.957,131.445,-179.887,-138.133,-125.293,-31.342,-114.056,-180.54,34.666,145.858,19.307,17.163,13.105,0.272,30.187,18.46,6.455,5.24,48.664,6.226,-0.182,3.681,-1.029,-1.649,0.123,-0.488,0.106,-0.744,
2025-08-06 06:31:15.486,place_to_retreat_unloader,419.479,625.886,396.509,135.246,-179.876,-134.342,-123.372,-29.647,-112.743,-180.508,37.665,147.726,19.121,16.941,13.091,0.297,29.989,18.654,4.955,13.31,51.972,6.742,0.182,3.656,-0.422,-1.052,0.443,0.635,-1.201,1.741,
2025-08-06 06:31:15.588,place_to_retreat_unloader,401.164,644.188,427.829,138.485,-179.868,-131.113,-121.457,-27.952,-111.43,-180.474,40.667,149.594,19.223,16.954,13.194,0.398,29.948,18.807,5.115,21.276,55.305,7.258,0.255,3.641,-0.021,1.21,0.891,0.207,0.762,0.636,
2025-08-06 06:31:15.687,place_to_retreat_unloader,381.389,660.727,459.851,141.358,-179.864,-128.252,-119.538,-26.26,-110.117,-180.441,43.667,151.463,19.117,17.184,13.27,0.338,30.142,18.782,4.547,29.816,59.084,7.783,0.222,3.634,0.097,-0.089,-0.431,-0.371,-0.112,-1.745,
2025-08-06 06:31:15.788,place_to_retreat_unloader,360.273,675.36,492.507,143.976,-179.862,-125.647,-117.624,-24.57,-108.803,-180.411,46.665,153.325,19.242,16.936,13.108,0.324,29.925,18.458,5.02,37.026,61.979,8.246,0.233,3.622,-0.002,-0.772,-0.286,0.24,-0.616,-0.395,
2025-08-06 06:31:15.886,place_to_retreat_unloader,337.945,687.957,525.725,146.405,-179.863,-123.233,-115.71,-22.88,-107.491,-180.377,49.666,155.197,19.117,17.031,13.213,0.386,30.02,18.703,4.39,43.586,64.998,8.684,0.229,3.604,-0.158,-0.339,0.702,-0.167,1.342,-0.092,
2025-08-06 06:31:15.988,place_to_retreat_unloader,314.548,698.393,559.43,148.682,-179.867,-120.972,-113.794,-21.19,-106.178,-180.343,52.666,157.063,19.211,16.868,13.248,0.291,30.194,18.439,4.822,49.797,67.483,9.091,0.285,3.587,0.818,-0.826,-0.729,-0.503,-0.283,-0.136,
2025-08-06 06:31:16.087,place_to_retreat_unloader,290.237,706.559,593.547,150.827,-179.874,-118.845,-111.882,-19.502,-104.866,-180.312,55.665,158.933,19.281,16.865,13.066,0.285,29.963,18.676,4.718,55.293,69.643,9.431,0.41,3.515,-0.391,-0.069,-0.529,0.191,-0.889,0.934,
2025-08-06 06:31:16.188,place_to_retreat_unloader,265.177,712.355,627.997,152.845,-179.883,-116.846,-109.968,-17.816,-103.552,-180.277,58.666,160.797,19.132,16.855,13.142,0.329,30.016,18.626,4.692,61.165,72.184,9.803,0.47,3.488,-0.896,0.262,0.763,0.057,1.183,-0.071,
2025-08-06 06:31:16.287,place_to_retreat_unloader,239.541,715.697,662.697,154.727,-179.895,-114.987,-108.053,-16.127,-102.24,-180.245,61.665,162.661,19.102,16.917,13.219,0.297,30.199,18.662,4.396,65.611,74.435,10.113,0.497,3.486,0.071,1.051,-0.192,0.025,-0.359,0.057,
2025-08-06 06:31:16.387,place_to_retreat_unloader,213.512,716.513,697.566,156.434,-179.908,-113.304,-106.143,-14.44,-100.926,-180.216,64.663,164.531,19.147,17.064,13.104,0.334,29.945,18.638,4.416,70.511,76.793,10.47,0.559,3.464,-0.668,0.693,-0.262,0.574,-1.032,-0.449,
2025-08-06 06:31:16.487,place_to_retreat_unloader,187.28,714.747,732.518,157.882,-179.923,-111.883,-104.227,-12.75,-99.613,-180.181,67.664,166.395,18.968,17.056,13.167,0.411,29.993,18.572,4.264,73.937,78.603,10.763,0.619,3.465,0.103,-0.182,0.784,-0.132,1.338,-0.697,
2025-08-06 06:31:16.588,place_to_retreat_unloader,161.041,710.359,767.467,158.861,-179.94,-110.933,-102.313,-11.062,-98.302,-180.149,70.663,168.267,19.167,17.027,13.261,0.307,30.214,18.498,4.05,77.656,80.641,11.039,0.667,3.45,0.69,-0.628,-0.405,-0.634,-0.271,-0.346,
2025-08-06 06:31:16.687,place_to_retreat_unloader,134.995,703.325,802.327,158.75,-179.958,-111.076,-100.402,-9.372,-96.988,-180.119,73.662,170.134,19.106,16.93,13.086,0.284,29.939,18.503,3.897,79.764,81.878,11.237,0.75,3.46,0.282,-0.466,-0.617,0.305,-1.34,1.124,
2025-08-06 06:31:16.786,place_to_retreat_unloader,109.346,693.637,837.009,154.652,-179.978,-115.209,-98.485,-7.682,-95.675,-180.084,76.664,172.0,19.223,16.935,13.139,0.368,29.948,18.72,4.121,82.219,82.869,11.445,0.81,3.46,0.594,-1.038,0.019,-0.099,1.213,1.378,
2025-08-06 06:31:16.886,place_to_retreat_unloader,84.3,681.305,871.424,93.92,-179.995,-175.979,-96.571,-5.993,-94.363,-180.051,79.659,173.866,19.224,16.724,13.09,0.265,30.18,18.777,4.078,84.103,83.654,11.556,0.879,3.442,-0.807,-0.939,-0.502,-0.567,0.467,0.214,
2025-08-06 06:31:16.988,place_to_retreat_unloader,60.063,666.357,905.481,5.941,-179.98,96.002,-94.661,-4.305,-93.049,-180.022,82.659,175.731,19.06,16.746,13.038,0.253,30.043,18.763,3.884,85.651,84.432,11.678,0.937,3.434,-9.284,-5.948,-6.56,0.362,-16.12,-10.022,
2025-08-06 06:31:17.087,place_to_retreat_unloader,37.809,649.637,937.668,0.653,-179.959,90.672,-92.809,-2.665,-91.783,-179.986,85.546,177.534,17.358,15.528,11.771,0.338,26.94,16.763,2.64,84.458,83.92,11.574,0.951,3.425,-33.469,-28.25,-24.048,-0.229,-54.423,-34.831,
2025-08-06 06:31:17.187,place_to_retreat_unloader,20.844,634.646,962.995,0.083,-179.943,90.066,-91.316,-1.317,-90.766,-179.961,87.869,178.987,12.4,11.124,8.252,0.207,19.212,11.832,-0.477,71.825,80.395,10.9,0.732,3.395,-54.452,-49.791,-37.128,-1.413,-84.154,-53.363,
2025-08-06 06:31:17.287,place_to_retreat_unloader,10.809,624.723,978.385,0.226,-179.933,90.187,-90.378,-0.477,-90.131,-179.945,89.319,179.885,6.468,5.57,4.345,0.055,10.109,6.09,-1.579,63.874,78.297,10.532,0.558,3.367,-53.233,-49.024,-35.823,-1.02,-82.727,-50.63,
2025-08-06 06:31:17.387,place_to_retreat_unloader,6.907,620.63,984.465,0.343,-179.928,90.295,-89.991,-0.147,-89.873,-179.939,89.91,180.253,1.753,1.319,1.088,0.003,2.667,1.706,-0.998,65.7,79.171,10.703,0.56,3.361,-32.52,-27.99,-21.836,-0.276,-50.8,-30.598,
2025-08-06 06:31:17.486,place_to_retreat_unloader,6.416,620.106,985.233,0.36,-179.928,90.31,-89.94,-0.115,-89.837,-179.939,89.994,180.31,-0.004,0.0,0.0,0.0,0.0,0.001,1.012,75.613,82.651,11.232,0.75,3.34,-8.909,-6.627,-5.466,-0.017,-13.402,-8.572,waypoint
2025-08-06 06:31:17.586,place_to_retreat_unloader,6.416,620.106,985.233,0.36,-179.928,90.31,-89.943,-0.116,-89.837,-179.939,89.994,180.31,-0.02,0.0,0.0,0.0,0.0,0.0,1.792,83.312,85.267,11.692,0.844,3.298,-0.162,-0.122,0.0,0.0,0.0,-0.005,
2025-08-06 06:31:17.687,place_to_retreat_unloader,6.416,620.106,985.233,0.36,-179.928,90.31,-89.948,-0.119,-89.837,-179.939,89.994,180.31,-0.036,-0.025,0.0,0.0,0.0,0.0,1.512,83.335,85.527,11.741,0.776,3.266,-0.053,-0.133,0.0,0.0,0.0,0.0,
2025-08-06 06:31:17.787,place_to_retreat_unloader,6.416,620.106,985.233,0.36,-179.928,90.31,-89.955,-0.125,-89.837,-179.939,89.993,180.31,-0.03,-0.027,0.0,0.0,0.0,0.0,0.667,82.484,85.566,11.759,0.644,3.236,0.032,-0.194,0.0,0.0,-0.001,-0.002,
2025-08-06 06:31:17.887,place_to_retreat_unloader,6.416,620.106,985.233,0.36,-179.928,90.31,-89.962,-0.135,-89.838,-179.939,89.992,180.31,-0.03,-0.063,0.0,0.0,-0.0,-0.0,0.316,81.417,85.498,11.757,0.557,3.206,0.116,-0.156,0.0,0.0,0.0,0.0,
2025-08-06 06:31:17.988,place_to_retreat_unloader,6.416,620.106,985.233,0.36,-179.928,90.31,-89.966,-0.146,-89.839,-179.939,89.991,180.31,-0.007,-0.058,0.0,0.0,0.0,0.0,-0.054,81.019,85.433,11.733,0.517,3.183,0.132,0.113,0.0,0.0,0.001,0.002,
2025-08-06 06:31:18.088,place_to_retreat_unloader,6.416,620.106,985.233,0.36,-179.928,90.31,-89.971,-0.157,-89.839,-179.939,89.991,180.309,-0.003,-0.041,0.0,0.0,0.0,0.0,-0.233,80.82,85.417,11.734,0.506,3.167,0.005,0.173,0.0,0.0,0.0,0.0,
2025-08-06 06:31:18.186,place_to_retreat_unloader,6.416,620.106,985.233,0.36,-179.928,90.31,-89.974,-0.165,-89.84,-179.939,89.99,180.309,-0.006,-0.024,0.0,0.0,0.0,0.0,-0.339,80.516,85.376,11.734,0.499,3.158,0.014,0.204,0.0,0.0,0.0,0.0,
2025-08-06 06:31:18.386,place_to_retreat_unloader,6.416,620.106,985.233,0.36,-179.928,90.31,-89.978,-0.17,-89.84,-179.94,89.99,180.308,-0.001,0.0,0.0,0.0,0.0,0.0,-0.436,80.433,85.322,11.721,0.497,3.151,0.002,0.0,0.0,0.0,0.0,-0.018,
2025-08-06 06:31:18.587,place_to_retreat_unloader,6.416,620.106,985.233,0.36,-179.928,90.31,-89.979,-0.171,-89.84,-179.94,89.99,180.306,0.0,0.0,0.0,0.0,0.0,0.0,-0.479,80.498,85.32,11.703,0.499,3.125,0.0,0.0,0.0,0.0,0.0,0.018,
2025-08-06 06:31:18.787,place_to_retreat_unloader,6.416,620.106,985.233,0.36,-179.928,90.31,-89.98,-0.172,-89.84,-179.94,89.99,180.304,0.0,0.0,0.0,0.0,0.0,-0.0,-0.404,80.637,85.299,11.71,0.505,3.097,0.0,0.0,0.0,0.0,0.0,-0.015,
2025-08-06 06:31:18.987,place_to_retreat_unloader,6.416,620.106,985.233,0.36,-179.928,90.31,-89.981,-0.172,-89.84,-179.94,89.99,180.302,0.0,-0.0,0.0,0.0,0.0,0.0,-0.395,80.68,85.305,11.7,0.508,3.069,0.0,0.0,0.0,0.0,0.0,0.015,
2025-08-06 06:31:19.088,place_to_retreat_unloader,6.416,620.106,985.233,0.36,-179.928,90.31,-89.981,-0.172,-89.84,-179.94,89.99,180.301,0.0,0.0,0.0,0.0,0.0,0.0,-0.363,80.746,85.324,11.7,0.511,3.064,0.0,0.002,0.0,0.0,0.0,0.0,
2025-08-06 06:31:19.286,place_to_retreat_unloader,6.416,620.106,985.233,0.36,-179.928,90.31,-89.981,-0.172,-89.84,-179.94,89.99,180.3,0.0,0.0,0.0,0.0,0.0,-0.001,-0.334,80.868,85.3,11.691,0.514,3.05,0.0,0.0,0.0,0.0,0.0,0.0,
2025-08-06 06:31:19.486,place_to_retreat_unloader,6.416,620.106,985.233,0.36,-179.928,90.31,-89.981,-0.172,-89.84,-179.94,89.99,180.299,0.0,0.0,0.0,0.0,0.0,0.0,-0.303,80.85,85.289,11.708,0.523,3.053,0.0,0.0,0.0,0.0,0.0,0.0,
2025-08-06 06:31:19.687,place_to_retreat_unloader,6.416,620.106,985.233,0.36,-179.928,90.31,-89.981,-0.172,-89.84,-179.94,89.99,180.299,0.0,0.0,0.0,0.0,0.0,0.0,-0.265,80.922,85.298,11.705,0.516,3.044,0.0,0.0,0.0,0.0,0.0,0.0,
2025-08-06 06:31:19.887,place_to_retreat_unloader,6.416,620.106,985.233,0.36,-179.928,90.31,-89.981,-0.172,-89.84,-179.94,89.99,180.299,0.0,0.0,0.0,0.0,0.0,0.0,-0.24,80.929,85.276,11.692,0.528,3.048,0.057,0.0,0.0,0.0,0.0,0.0,
2025-08-06 06:31:20.087,place_to_retreat_unloader,5.025,620.116,985.233,0.488,-179.928,90.31,-89.899,-0.172,-89.84,-179.94,89.99,180.299,2.112,0.0,0.0,0.0,0.0,0.0,3.092,80.919,85.318,11.787,0.539,3.065,33.949,0.0,0.0,0.0,0.0,0.0,
2025-08-06 06:31:20.188,place_to_retreat_unloader,-0.126,620.124,985.233,0.964,-179.928,90.308,-89.464,-0.172,-89.84,-179.94,89.99,180.299,6.767,0.0,0.0,0.0,0.0,0.0,9.18,80.402,85.351,11.974,0.53,3.053,52.966,0.0,-0.093,0.0,0.0,0.0,
2025-08-06 06:31:20.287,place_to_retreat_unloader,-10.992,620.001,985.235,1.969,-179.929,90.305,-88.492,-0.172,-89.842,-179.94,89.99,180.299,12.706,0.0,-0.019,0.0,0.0,0.0,11.729,79.96,85.297,12.071,0.525,3.046,61.212,0.0,-0.004,0.0,0.0,-0.016,
2025-08-06 06:31:20.387,place_to_retreat_unloader,-28.49,619.403,985.237,3.587,-179.93,90.3,-86.9,-0.172,-89.846,-179.941,89.99,180.297,18.949,0.0,-0.001,0.0,0.0,-0.003,12.876,80.072,85.102,12.092,0.538,3.024,59.585,0.0,-0.075,0.0,0.0,-0.283,
2025-08-06 06:31:20.487,place_to_retreat_unloader,-52.361,617.788,985.24,5.798,-179.932,90.292,-84.708,-0.171,-89.85,-179.942,89.99,180.285,24.623,0.0,-0.034,0.0,0.0,-0.057,12.722,80.36,84.818,12.029,0.58,2.95,47.485,0.019,0.004,-0.002,0.0,-0.361,
2025-08-06 06:31:20.589,place_to_retreat_unloader,-81.195,614.595,985.243,8.48,-179.933,90.284,-82.034,-0.17,-89.855,-179.944,89.99,180.272,28.541,0.004,0.0,-0.0,0.0,-0.076,11.036,81.128,84.718,11.899,0.639,2.864,27.548,0.0,0.116,-0.027,0.0,0.188,
2025-08-06 06:31:20.688,place_to_retreat_unloader,-112.673,609.535,985.247,11.428,-179.935,90.274,-79.078,-0.169,-89.861,-179.948,89.99,180.26,30.16,0.0,-0.01,-0.005,0.0,-0.019,8.493,82.074,84.488,11.702,0.679,2.837,8.139,0.02,-0.025,0.002,0.0,0.23,
2025-08-06 06:31:20.787,place_to_retreat_unloader,-144.39,602.732,985.25,14.427,-179.937,90.264,-76.066,-0.167,-89.866,-179.949,89.991,180.25,30.152,0.008,-0.005,0.0,0.0,-0.03,5.727,83.64,84.42,11.517,0.729,2.829,-0.315,0.053,-0.04,0.027,0.0,0.012,
2025-08-06 06:31:20.887,place_to_retreat_unloader,-175.703,594.281,985.254,17.427,-179.939,90.254,-73.064,-0.162,-89.871,-179.951,89.991,180.239,30.097,0.01,-0.018,0.0,0.0,-0.017,5.516,84.508,84.373,11.48,0.769,2.824,-0.191,0.009,-0.058,-0.001,0.0,0.088,
2025-08-06 06:31:20.990,place_to_retreat_unloader,-206.528,584.204,985.258,20.427,-179.942,90.245,-70.061,-0.157,-89.877,-179.953,89.991,180.23,30.114,0.01,-0.017,-0.0,0.0,-0.013,5.48,85.165,84.343,11.438,0.772,2.811,0.055,0.303,0.076,0.0,0.0,-0.091,
2025-08-06 06:31:21.086,place_to_retreat_unloader,-236.78,572.529,985.262,23.426,-179.944,90.235,-67.059,-0.149,-89.882,-179.956,89.992,180.221,30.108,0.071,-0.003,0.0,0.0,-0.035,5.509,85.859,84.362,11.423,0.779,2.809,-0.116,0.205,0.077,0.001,0.002,-0.028,
2025-08-06 06:31:21.188,place_to_retreat_unloader,-266.376,559.29,985.266,26.426,-179.946,90.225,-64.058,-0.14,-89.887,-179.958,89.992,180.211,30.091,0.05,-0.001,0.0,0.0,-0.018,5.698,85.969,84.292,11.409,0.799,2.773,-0.109,-0.162,-0.025,-0.025,0.0,-0.02,
2025-08-06 06:31:21.287,place_to_retreat_unloader,-295.235,544.522,985.269,29.425,-179.948,90.215,-61.057,-0.132,-89.893,-179.96,89.993,180.202,30.086,0.038,-0.008,-0.005,0.0,-0.039,5.747,86.441,84.285,11.394,0.821,2.755,0.001,-0.169,-0.044,0.0,-0.002,0.009,
2025-08-06 06:31:21.388,place_to_retreat_unloader,-323.278,528.267,985.273,32.425,-179.95,90.206,-58.057,-0.124,-89.899,-179.962,89.993,180.192,30.091,0.016,-0.01,0.0,0.0,-0.016,5.876,86.604,84.274,11.365,0.822,2.761,-0.111,-0.083,-0.011,0.024,0.0,0.089,
2025-08-06 06:31:21.487,place_to_retreat_unloader,-350.43,510.568,985.277,35.425,-179.952,90.196,-55.058,-0.117,-89.904,-179.964,89.994,180.181,30.064,0.022,-0.01,-0.0,0.0,-0.021,5.997,86.797,84.237,11.369,0.836,2.749,-0.223,0.042,0.048,-0.001,0.005,-0.005,
2025-08-06 06:31:21.586,place_to_retreat_unloader,-376.615,491.476,985.281,38.424,-179.954,90.186,-52.058,-0.111,-89.91,-179.966,89.994,180.171,30.047,0.025,-0.001,-0.0,0.001,-0.017,6.076,87.028,84.222,11.347,0.828,2.739,-0.021,-0.084,0.037,0.002,0.0,-0.191,
2025-08-06 06:31:21.688,place_to_retreat_unloader,-401.763,471.043,985.284,41.424,-179.956,90.177,-49.059,-0.104,-89.915,-179.968,89.995,180.161,30.06,0.005,-0.003,0.0,0.0,-0.059,6.226,87.219,84.232,11.343,0.833,2.733,0.159,-0.062,0.0,0.001,-0.005,-0.193,
2025-08-06 06:31:21.788,place_to_retreat_unloader,-425.804,449.325,985.288,44.424,-179.958,90.167,-46.06,-0.097,-89.921,-179.97,89.995,180.149,30.079,0.012,-0.001,0.0,0.0,-0.056,6.343,87.37,84.209,11.341,0.831,2.721,-0.013,0.107,-0.046,-0.008,0.0,0.267,
2025-08-06 06:31:21.887,place_to_retreat_unloader,-448.673,426.381,985.292,47.423,-179.96,90.157,-43.06,-0.09,-89.926,-179.972,89.995,180.139,30.057,0.026,-0.012,-0.002,0.0,-0.006,6.469,87.453,84.212,11.322,0.84,2.718,-0.135,0.188,-0.081,0.0,0.0,0.245,
2025-08-06 06:31:21.987,place_to_retreat_unloader,-470.308,402.275,985.295,50.423,-179.962,90.148,-40.061,-0.081,-89.932,-179.974,89.996,180.13,30.052,0.05,-0.017,0.0,0.0,-0.008,6.575,87.549,84.223,11.311,0.833,2.715,0.05,0.224,0.057,-0.011,0.0,-0.15,
2025-08-06 06:31:22.087,place_to_retreat_unloader,-490.65,377.074,985.299,53.423,-179.964,90.138,-37.061,-0.07,-89.937,-179.976,89.996,180.12,30.067,0.071,-0.001,-0.004,0.0,-0.036,6.698,87.729,84.254,11.324,0.829,2.719,-0.096,0.028,-0.013,0.0,0.0,-0.067,
2025-08-06 06:31:22.187,place_to_retreat_unloader,-509.643,350.846,985.303,56.423,-179.966,90.129,-34.062,-0.057,-89.942,-179.978,89.996,180.11,30.033,0.055,-0.02,0.0,0.0,-0.021,6.774,87.642,84.2,11.306,0.821,2.713,-0.252,-0.334,-0.084,0.012,0.0,-0.09,
2025-08-06 06:31:22.287,place_to_retreat_unloader,-527.236,323.664,985.307,59.423,-179.968,90.12,-31.063,-0.047,-89.947,-179.981,89.997,180.1,30.017,0.004,-0.017,-0.002,0.0,-0.054,6.864,87.3,84.168,11.296,0.818,2.708,-0.127,-0.278,0.033,-0.003,0.0,0.068,
2025-08-06 06:31:22.386,place_to_retreat_unloader,-543.38,295.601,985.31,62.423,-179.97,90.111,-28.064,-0.044,-89.953,-179.983,89.997,180.091,30.008,0.0,-0.013,-0.001,0.0,-0.007,6.866,87.13,84.142,11.296,0.825,2.704,0.09,-0.013,-0.024,0.008,0.0,0.012,
2025-08-06 06:31:22.489,place_to_retreat_unloader,-558.033,266.737,985.314,65.423,-179.972,90.101,-25.064,-0.042,-89.958,-179.984,89.997,180.082,30.035,0.001,-0.022,0.0,0.0,-0.052,6.901,87.068,84.224,11.302,0.837,2.702,0.158,0.019,0.007,-0.004,0.0,-0.081,
2025-08-06 06:31:22.588,place_to_retreat_unloader,-571.154,237.148,985.318,68.424,-179.974,90.092,-22.065,-0.039,-89.963,-179.986,89.998,180.072,30.04,0.004,-0.012,-0.001,0.0,-0.024,6.848,86.944,84.2,11.292,0.836,2.705,-0.051,0.061,0.013,-0.008,0.0,0.105,
2025-08-06 06:31:22.687,place_to_retreat_unloader,-582.707,206.918,985.321,71.424,-179.976,90.084,-19.065,-0.036,-89.968,-179.989,89.998,180.064,30.025,0.013,-0.02,-0.002,0.0,-0.031,6.847,87.056,84.217,11.288,0.857,2.697,-0.123,0.049,-0.11,0.007,0.0,-0.015,
2025-08-06 06:31:22.789,place_to_retreat_unloader,-592.662,176.128,985.325,74.425,-179.978,90.075,-16.066,-0.032,-89.974,-179.99,89.998,180.052,30.015,0.014,-0.034,0.0,0.0,-0.027,6.977,87.125,84.201,11.303,0.863,2.681,0.156,0.018,0.01,-0.011,0.0,-0.07,
2025-08-06 06:31:22.887,place_to_retreat_unloader,-600.992,144.864,985.328,77.426,-179.98,90.067,-13.067,-0.028,-89.979,-179.992,89.999,180.041,30.056,0.017,-0.018,-0.004,0.0,-0.045,6.998,87.15,84.206,11.281,0.86,2.677,-0.632,-0.063,0.055,0.0,0.0,-0.078,
2025-08-06 06:31:22.987,place_to_retreat_unloader,-607.666,113.249,985.332,80.424,-179.982,90.059,-10.069,-0.023,-89.985,-179.994,89.999,180.03,29.89,0.001,-0.023,0.0,0.0,-0.042,6.994,87.189,84.211,11.272,0.875,2.675,-11.738,-0.04,0.025,0.02,0.0,0.097,
2025-08-06 06:31:23.087,place_to_retreat_unloader,-612.509,82.629,985.336,83.301,-179.984,90.052,-7.176,-0.019,-89.989,-179.996,89.999,180.018,27.708,0.009,-0.013,0.0,0.0,-0.025,4.963,87.336,84.167,11.177,0.87,2.679,-33.732,0.09,0.079,-0.002,0.0,0.109,
2025-08-06 06:31:23.187,place_to_retreat_unloader,-615.489,55.581,985.339,85.827,-179.986,90.046,-4.623,-0.016,-89.994,-179.997,90.0,180.012,23.143,0.019,-0.007,-0.0,0.0,-0.02,1.974,87.951,84.269,11.044,0.874,2.698,-52.23,0.007,0.022,-0.036,0.004,0.033,
2025-08-06 06:31:23.286,place_to_retreat_unloader,-617.001,34.12,985.341,87.825,-179.987,90.042,-2.59,-0.011,-89.997,-179.999,90.0,180.005,17.314,0.01,-0.008,-0.007,0.001,-0.019,-0.291,87.987,84.239,10.908,0.838,2.699,-59.001,-0.053,0.035,0.002,0.0,0.096,
2025-08-06 06:31:23.390,place_to_retreat_unloader,-617.609,19.238,985.343,89.208,-179.988,90.04,-1.173,-0.007,-90.0,-180.0,90.0,180.0,11.166,0.009,0.0,0.0,0.0,-0.001,-1.405,87.928,84.332,10.874,0.804,2.706,-58.766,-0.013,0.029,0.035,-0.004,0.093,
2025-08-06 06:31:23.487,place_to_retreat_unloader,-617.796,10.744,985.344,89.998,-179.989,90.039,-0.352,-0.001,-90.001,-180.0,90.0,179.998,5.502,0.008,-0.003,0.0,0.0,0.0,-1.316,87.553,84.404,10.905,0.806,2.718,-48.542,-0.026,0.0,0.0,0.0,0.005,
2025-08-06 06:31:23.587,place_to_retreat_unloader,-617.838,7.319,985.344,90.316,-179.989,90.038,-0.016,0.003,-90.001,-180.001,90.0,179.997,1.604,0.004,0.0,0.0,0.0,-0.0,0.038,86.977,84.446,10.995,0.8,2.728,-27.53,-0.0,0.013,0.0,0.0,0.0,
2025-08-06 06:31:23.687,place_to_retreat_unloader,-617.843,6.762,985.344,90.368,-179.989,90.038,0.038,0.007,-90.001,-180.001,90.0,179.997,-0.004,0.008,0.0,0.0,0.0,0.0,2.441,86.252,84.552,11.153,0.795,2.733,-8.077,-0.018,0.0,0.0,0.0,0.001,waypoint
2025-08-06 06:31:23.787,mobile_move_home_end,-617.843,6.762,985.344,90.368,-179.989,90.038,0.036,0.01,-90.001,-180.001,90.0,179.997,-0.012,0.0,0.0,0.0,0.0,0.0,3.701,85.427,84.638,11.305,0.783,2.728,-0.002,-0.038,0.0,0.0,0.0,0.0,
2025-08-06 06:31:23.887,mobile_move_home_end,-617.843,6.762,985.344,90.368,-179.989,90.038,0.031,0.011,-90.001,-180.001,90.0,179.997,-0.004,0.0,0.0,0.0,0.0,0.0,3.286,85.276,84.692,11.35,0.772,2.732,-0.053,0.0,0.01,0.0,0.0,0.0,
2025-08-06 06:31:23.986,mobile_move_home_end,-617.843,6.762,985.344,90.368,-179.989,90.038,0.026,0.011,-90.001,-180.001,90.0,179.997,-0.022,0.0,0.002,0.0,0.0,0.0,2.675,85.026,84.707,11.355,0.76,2.735,-0.092,0.0,0.0,0.0,0.0,0.0,
2025-08-06 06:31:28.288,mobile_move_home_end,-617.843,6.762,985.344,90.368,-179.989,90.038,-0.001,-0.001,-90.0,-180.0,90.0,180.0,0.0,0.0,-0.005,0.0,0.0,0.0,1.788,81.016,84.805,11.406,0.656,2.813,0.0,0.0,0.0,0.0,0.0,0.0,
2025-08-06 06:31:32.487,mobile_move_home_end,-617.843,6.762,985.344,90.368,-179.989,90.038,-0.0,-0.001,-90.0,-180.0,90.0,180.0,0.0,0.0,0.0,0.0,0.0,0.0,1.996,81.083,84.778,11.413,0.632,2.814,0.0,0.0,0.0,0.0,0.0,0.0,
2025-08-06 06:31:36.786,mobile_move_home_end,-617.843,6.762,985.344,90.368,-179.989,90.038,0.0,-0.001,-90.0,-180.0,90.0,180.0,0.0,0.0,0.0,0.0,0.0,0.0,1.93,81.453,84.78,11.415,0.642,2.82,0.0,0.0,0.0,0.0,0.0,0.0,
2025-08-06 06:31:40.988,mobile_move_home_end,-617.843,6.762,985.344,90.368,-179.989,90.038,-0.0,-0.0,-90.0,-180.0,90.0,180.0,0.0,0.0,0.0,0.0,0.0,0.0,1.931,81.549,84.76,11.394,0.644,2.798,0.0,0.0,0.0,0.0,0.0,0.0,
2025-08-06 06:31:45.289,mobile_move_home_end,-617.843,6.762,985.344,90.368,-179.989,90.038,-0.0,-0.0,-90.0,-180.0,90.0,180.0,0.0,0.0,0.0,0.0,0.0,0.0,1.887,81.745,84.799,11.407,0.633,2.809,0.0,0.0,-0.003,0.0,0.0,0.0,
2025-08-06 06:31:49.487,mobile_move_home_end,-617.843,6.762,985.344,90.368,-179.989,90.038,0.001,-0.0,-90.0,-180.0,90.0,180.0,0.0,0.0,0.0,0.0,0.0,0.0,1.632,82.578,84.727,11.384,0.629,2.801,0.0,0.0,0.0,0.0,0.0,0.0,
2025-08-06 06:31:53.787,mobile_move_home_end,-617.843,6.762,985.344,90.368,-179.989,90.038,0.002,-0.001,-90.0,-180.0,90.0,180.0,0.0,0.0,0.0,0.0,0.0,0.0,-4.329,97.128,84.538,11.302,0.908,2.863,0.0,0.0,0.0,0.0,0.0,0.0,
2025-08-06 06:31:57.988,mobile_move_home_end,-617.843,6.762,985.344,90.368,-179.989,90.038,0.0,0.0,-90.001,-180.0,90.0,180.0,-0.009,-0.001,0.0,-0.0,0.0,0.0,2.48,80.465,84.837,11.414,0.601,2.8,-0.072,0.0,0.007,0.0,0.0,0.0,
2025-08-06 06:32:02.287,mobile_move_home_end,-617.843,6.762,985.344,90.368,-179.989,90.038,0.001,-0.001,-90.0,-180.0,90.0,180.0,0.0,0.0,-0.02,0.0,0.0,0.0,-0.271,84.131,84.77,11.333,0.637,2.803,0.0,-0.121,0.009,0.0,0.0,0.0,
2025-08-06 06:32:06.587,mobile_move_home_end,-617.843,6.762,985.344,90.368,-179.989,90.038,-0.001,0.011,-89.999,-180.0,90.0,180.0,0.0,0.184,0.0,0.0,0.0,0.0,7.073,68.964,85.47,11.528,0.281,2.753,0.0,-0.133,-0.003,0.0,0.0,0.0,
2025-08-06 06:32:06.687,mobile_move_home_end,-617.843,6.762,985.344,90.368,-179.989,90.038,-0.0,0.013,-90.0,-180.0,90.0,180.0,0.0,-0.027,0.0,0.0,0.0,0.0,7.922,61.326,84.911,11.428,0.103,2.748,0.0,-0.915,-0.002,0.0,0.0,0.0,
2025-08-06 06:32:06.887,mobile_move_home_end,-617.843,6.762,985.344,90.368,-179.989,90.038,0.0,0.006,-90.0,-180.0,90.0,180.0,0.0,-0.016,0.0,0.0,0.0,0.0,4.886,76.771,84.728,11.486,0.467,2.781,0.0,-0.003,0.001,0.0,0.0,0.0,
2025-08-06 06:32:06.987,mobile_move_home_end,-617.843,6.762,985.344,90.368,-179.989,90.038,-0.0,0.006,-90.0,-180.0,90.0,180.0,0.0,0.0,0.0,0.0,0.0,0.0,6.695,75.942,85.13,11.595,0.475,2.768,0.0,0.077,0.0,0.0,0.0,0.0,
2025-08-06 06:32:07.092,mobile_move_home_end,-617.843,6.762,985.344,90.368,-179.989,90.038,-0.0,0.006,-90.0,-180.0,90.0,180.0,0.0,0.0,0.0,0.0,0.0,0.0,6.195,72.901,85.166,11.526,0.387,2.757,0.0,0.0,0.0,0.0,0.0,0.0,
2025-08-06 06:32:07.187,mobile_move_home_end,-617.843,6.762,985.344,90.368,-179.989,90.038,0.0,0.005,-90.0,-180.0,90.0,180.0,0.0,0.0,0.0,0.0,0.0,0.0,5.201,75.017,85.299,11.54,0.412,2.768,0.0,0.0,0.0,0.0,0.0,0.0,
2025-08-06 06:32:07.288,mobile_move_home_end,-617.843,6.762,985.344,90.368,-179.989,90.038,0.0,0.005,-90.0,-180.0,90.0,180.0,0.0,0.0,0.0,0.0,0.0,0.0,4.288,76.874,84.933,11.467,0.445,2.783,0.0,0.0,0.008,0.0,0.0,0.0,
2025-08-06 06:32:07.389,mobile_move_home_end,-617.843,6.762,985.344,90.368,-179.989,90.038,0.0,0.005,-90.0,-180.0,90.0,180.0,0.0,0.0,0.002,0.0,0.0,0.0,3.48,79.23,85.24,11.484,0.502,2.784,0.0,0.0,0.0,0.0,0.0,0.0,
2025-08-06 06:32:07.489,mobile_move_home_end,-617.843,6.762,985.344,90.368,-179.989,90.038,0.0,0.005,-90.0,-180.0,90.0,180.0,0.0,0.0,0.0,0.0,0.0,0.0,4.588,76.956,85.211,11.53,0.458,2.781,0.0,0.0,-0.008,0.0,0.0,0.0,
2025-08-06 06:32:07.587,mobile_move_home_end,-617.843,6.762,985.344,90.368,-179.989,90.038,0.0,0.005,-90.0,-180.0,90.0,180.0,0.0,0.0,0.0,0.0,0.0,0.0,4.265,75.093,85.098,11.462,0.417,2.78,0.0,0.0,0.019,0.0,0.0,0.0,
2025-08-06 06:32:07.688,mobile_move_home_end,-617.843,6.762,985.344,90.368,-179.989,90.038,0.0,0.004,-90.0,-180.0,90.0,180.0,0.0,0.0,0.004,0.0,0.0,0.0,5.275,75.085,85.238,11.539,0.408,2.772,0.0,-0.283,-0.0,0.0,0.0,0.0,
2025-08-06 06:32:07.887,mobile_move_home_end,-617.843,6.762,985.344,90.368,-179.989,90.038,0.002,-0.012,-90.0,-180.0,90.0,180.0,0.0,-0.197,0.0,0.0,0.0,0.0,1.858,88.485,84.622,11.507,0.708,2.802,0.055,0.283,0.0,0.0,0.0,0.0,
2025-08-06 06:32:07.987,mobile_move_home_end,-617.843,6.762,985.344,90.368,-179.989,90.038,0.003,-0.016,-90.0,-180.0,90.0,180.0,0.011,0.0,0.0,0.0,0.0,0.0,0.755,92.956,85.001,11.553,0.827,2.817,0.0,0.971,0.0,0.0,0.0,0.0,
2025-08-06 06:32:08.487,mobile_move_home_end,-617.843,6.762,985.344,90.368,-179.989,90.038,0.001,-0.009,-90.0,-180.0,90.0,180.0,0.003,0.006,-0.005,0.0,0.0,0.0,1.694,84.736,84.691,11.464,0.652,2.814,-0.024,0.082,0.004,0.0,0.0,0.0,
2025-08-06 06:32:08.990,mobile_move_home_end,-617.843,6.762,985.344,90.368,-179.989,90.038,0.0,-0.003,-90.0,-180.0,90.0,180.0,-0.006,0.0,0.002,0.0,0.0,0.0,1.785,80.001,85.164,11.405,0.513,2.793,0.15,0.0,0.058,0.0,0.0,0.0,
2025-08-06 06:32:09.387,mobile_move_home_end,-617.843,6.762,985.344,90.368,-179.989,90.038,-0.003,0.003,-90.0,-180.0,90.0,180.0,-0.0,0.0,-0.0,0.0,0.0,0.0,5.902,72.555,84.82,11.473,0.36,2.772,0.0,-0.253,0.002,0.0,0.0,0.0,
2025-08-06 06:32:09.888,mobile_move_home_end,-617.843,6.762,985.344,90.368,-179.989,90.038,-0.002,0.011,-90.0,-180.0,90.0,180.0,0.0,0.0,-0.001,0.0,0.0,0.0,4.391,76.246,85.467,11.493,0.408,2.787,-0.001,0.0,0.0,0.0,0.0,0.0,
2025-08-06 06:32:10.287,mobile_move_home_end,-617.843,6.762,985.344,90.368,-179.989,90.038,-0.002,0.01,-90.0,-180.0,90.0,180.0,0.0,0.0,-0.0,0.0,0.0,0.0,5.74,70.121,84.949,11.442,0.344,2.775,0.0,0.0,0.0,0.0,0.0,0.0,
2025-08-06 06:32:10.789,mobile_move_home_end,-617.843,6.762,985.344,90.368,-179.989,90.038,-0.001,0.005,-90.0,-180.0,90.0,180.0,0.0,0.0,0.0,0.0,0.0,0.0,5.368,74.53,85.157,11.515,0.412,2.773,0.0,0.0,0.0,0.0,0.0,0.0,
2025-08-06 06:32:11.287,mobile_move_home_end,-617.843,6.762,985.344,90.368,-179.989,90.038,-0.0,-0.001,-90.0,-180.0,90.0,180.0,0.0,0.0,0.0,0.0,0.0,0.0,4.381,76.588,85.32,11.511,0.438,2.787,0.0,0.0,0.0,0.0,0.0,0.0,
2025-08-06 06:32:11.687,mobile_move_home_end,-617.843,6.762,985.344,90.368,-179.989,90.038,-0.0,-0.002,-90.0,-180.0,90.0,180.0,0.0,0.0,0.0,0.0,0.0,0.0,4.375,77.292,85.155,11.517,0.45,2.776,0.0,0.0,0.0,0.0,0.0,0.0,
2025-08-06 06:32:12.189,mobile_move_home_end,-617.843,6.762,985.344,90.368,-179.989,90.038,0.0,-0.002,-90.0,-180.0,90.0,180.0,0.0,0.0,0.0,0.0,0.0,0.0,4.106,77.068,85.106,11.491,0.442,2.779,0.0,0.0,0.0,0.0,0.0,0.0,
2025-08-06 06:32:12.688,mobile_move_home_end,-617.843,6.762,985.344,90.368,-179.989,90.038,0.0,-0.01,-90.0,-180.0,90.0,180.0,0.0,0.0,0.0,0.0,0.0,0.0,4.371,78.736,85.478,11.522,0.515,2.781,-0.003,1.14,0.0,0.0,0.0,0.0,
2025-08-06 06:32:12.797,mobile_move_home_end,-617.843,6.762,985.344,90.368,-179.989,90.038,0.0,-0.01,-90.0,-180.0,90.0,180.0,0.0,0.0,0.0,0.0,0.0,0.0,3.703,80.856,85.452,11.557,0.528,2.791,0.0,0.0,0.0,0.0,0.0,0.0,
2025-08-06 06:32:13.388,mobile_move_home_end,-617.843,6.762,985.344,90.368,-179.989,90.038,0.001,-0.009,-90.0,-180.0,90.0,180.0,0.0,0.0,0.0,0.0,0.0,0.0,3.618,79.651,85.11,11.507,0.531,2.805,0.0,0.0,-0.005,0.0,0.0,0.0,
2025-08-06 06:32:13.988,mobile_move_home_end,-617.843,6.762,985.344,90.368,-179.989,90.038,0.0,-0.007,-90.0,-180.0,90.0,180.0,0.0,0.0,0.0,0.0,0.0,0.0,3.599,80.411,85.073,11.505,0.528,2.788,0.0,0.0,0.0,0.0,0.0,0.0,
2025-08-06 06:32:14.487,mobile_move_home_end,-617.843,6.762,985.344,90.368,-179.989,90.038,0.0,-0.005,-90.0,-180.0,90.0,180.0,0.0,0.0,0.0,0.0,0.0,0.0,3.588,81.17,85.063,11.489,0.534,2.789,0.0,0.0,0.0,0.0,0.0,0.0,
2025-08-06 06:32:15.087,mobile_move_home_end,-617.843,6.762,985.344,90.368,-179.989,90.038,0.0,-0.002,-90.0,-180.0,90.0,180.0,0.0,0.0,-0.0,0.0,0.0,0.0,3.579,81.337,85.061,11.493,0.53,2.796,0.0,0.0,0.0,0.0,0.0,0.0,
2025-08-06 06:32:15.688,mobile_move_home_end,-617.843,6.762,985.344,90.368,-179.989,90.038,0.0,-0.001,-90.0,-180.0,90.0,180.0,0.0,0.0,-0.0,0.0,0.0,0.0,3.606,81.285,85.058,11.492,0.531,2.799,0.0,0.0,0.0,0.0,0.0,0.0,
2025-08-06 06:32:16.188,mobile_move_home_end,-617.843,6.762,985.344,90.368,-179.989,90.038,0.0,-0.0,-90.0,-180.0,90.0,180.0,0.0,0.0,0.0,0.0,0.0,0.0,3.59,81.222,85.025,11.497,0.526,2.803,0.0,0.0,0.0,0.0,0.0,0.0,
2025-08-06 06:32:16.788,mobile_move_home_end,-617.843,6.762,985.344,90.368,-179.989,90.038,0.0,0.0,-90.0,-180.0,90.0,180.0,0.0,0.0,0.0,0.0,0.0,0.0,3.564,81.208,85.024,11.5,0.53,2.802,0.0,0.0,-0.013,0.0,0.0,0.0,
2025-08-06 06:32:17.290,mobile_move_home_end,-617.843,6.762,985.344,90.368,-179.989,90.038,0.0,0.0,-90.0,-180.0,90.0,180.0,0.0,0.0,0.0,0.0,0.0,0.0,3.551,81.186,85.024,11.496,0.528,2.798,0.0,0.0,0.0,0.0,0.0,0.0,
2025-08-06 06:32:17.887,mobile_move_home_end,-617.843,6.762,985.344,90.368,-179.989,90.038,0.0,0.0,-90.0,-180.0,90.0,180.0,0.0,0.0,-0.001,0.0,0.0,0.0,3.506,81.075,85.026,11.488,0.521,2.8,0.0,0.0,-0.025,0.0,0.0,0.0,
2025-08-06 06:32:18.491,mobile_move_home_end,-617.843,6.762,985.344,90.368,-179.989,90.038,0.002,0.011,-90.0,-180.0,90.0,180.0,-0.0,0.414,0.0,0.0,0.0,0.0,-1.34,88.52,85.475,11.417,0.697,2.839,-0.012,-0.023,0.0,0.0,0.0,0.0,
2025-08-06 06:32:18.587,mobile_move_home_end,-617.843,6.762,985.344,90.368,-179.989,90.038,0.001,0.019,-90.0,-180.0,90.0,180.0,0.0,-0.005,0.0,0.0,0.0,0.0,4.184,73.566,84.618,11.453,0.391,2.802,0.002,-2.092,0.0,0.0,0.0,0.0,
2025-08-06 06:32:20.588,mobile_move_home_end,-617.843,6.762,985.344,90.368,-179.989,90.038,0.0,-0.002,-90.0,-180.0,90.0,180.0,0.0,0.0,0.0,0.0,0.0,0.0,2.733,79.574,85.02,11.489,0.612,2.794,0.0,0.0,0.002,0.0,0.0,0.0,
2025-08-06 06:32:22.487,mobile_move_home_end,-617.843,6.762,985.344,90.368,-179.989,90.038,0.0,-0.002,-90.0,-180.0,90.0,180.0,0.0,0.0,0.0,0.0,0.0,0.0,2.57,80.547,85.015,11.476,0.611,2.803,0.0,0.0,0.009,0.0,0.0,0.0,
2025-08-06 06:32:24.387,mobile_move_home_end,-617.843,6.762,985.344,90.368,-179.989,90.038,-0.0,-0.002,-90.0,-180.0,90.0,180.0,0.0,0.0,0.0,0.0,0.0,0.0,2.223,80.762,85.026,11.453,0.608,2.805,0.0,0.0,0.0,0.0,0.0,0.0,
2025-08-06 06:32:26.387,mobile_move_home_end,-617.843,6.762,985.344,90.368,-179.989,90.038,-0.0,-0.001,-90.0,-180.0,90.0,180.0,0.0,0.0,0.0,0.0,0.0,0.0,2.202,81.124,84.982,11.455,0.592,2.793,0.0,0.0,0.0,0.0,0.0,0.0,
2025-08-06 06:32:28.288,mobile_move_home_end,-617.843,6.762,985.344,90.368,-179.989,90.038,-0.0,0.003,-90.0,-180.0,90.0,180.0,0.0,0.0,0.0,0.0,0.0,0.0,2.11,81.303,84.984,11.457,0.571,2.819,0.0,0.0,0.0,0.0,0.0,0.0,
2025-08-06 06:32:30.187,mobile_move_home_end,-617.843,6.762,985.344,90.368,-179.989,90.038,-0.0,0.0,-90.0,-180.0,90.0,180.0,0.0,0.0,0.0,0.0,0.0,0.0,2.217,80.258,85.036,11.467,0.564,2.801,0.0,0.0,0.0,0.0,0.0,0.0,
2025-08-06 06:32:32.188,mobile_move_home_end,-617.843,6.762,985.344,90.368,-179.989,90.038,-0.0,-0.0,-90.0,-180.0,90.0,180.0,0.0,0.0,0.0,0.0,0.0,0.0,2.197,80.412,85.002,11.446,0.572,2.81,0.0,0.0,0.038,0.0,0.0,0.0,
2025-08-06 06:32:34.087,mobile_move_home_end,-617.843,6.762,985.344,90.368,-179.989,90.038,-0.0,-0.0,-90.0,-180.0,90.0,180.0,0.0,0.0,0.003,0.0,0.0,0.0,2.296,80.901,84.982,11.458,0.57,2.809,0.0,0.0,0.0,0.0,0.0,0.0,
2025-08-06 06:32:35.987,mobile_move_home_end,-617.843,6.762,985.344,90.368,-179.989,90.038,-0.0,-0.0,-90.0,-180.0,90.0,180.0,0.0,0.0,0.0,0.0,0.0,0.0,2.22,80.873,84.973,11.453,0.563,2.806,0.0,0.0,0.0,0.0,0.0,0.0,
2025-08-06 06:32:37.988,home_end,-617.843,6.762,985.344,90.368,-179.989,90.038,-0.0,-0.0,-90.0,-180.0,90.0,180.0,0.0,0.0,0.0,0.0,0.0,0.0,2.233,80.834,84.972,11.451,0.558,2.8,0.0,0.0,0.008,0.0,0.0,0.0,
2025-08-06 06:32:38.090,home_end,-617.843,6.762,985.344,90.368,-179.989,90.038,-0.0,-0.0,-90.0,-180.0,90.0,180.0,0.0,0.0,0.002,0.0,0.0,0.0,2.243,80.835,84.96,11.466,0.561,2.806,0.0,0.0,0.0,0.0,0.0,0.0,
2025-08-06 06:32:47.187,home_end,-617.843,6.762,985.344,90.368,-179.989,90.038,-0.0,-0.0,-90.0,-180.0,90.0,180.0,0.0,0.0,0.0,0.0,0.0,0.0,2.277,80.932,84.996,11.446,0.553,2.801,0.0,0.0,-0.069,0.0,0.0,0.0,
2025-08-06 06:32:56.188,home_end,-617.843,6.762,985.344,90.368,-179.989,90.038,-0.0,-0.0,-90.0,-180.0,90.0,180.0,0.0,0.0,0.0,0.0,0.0,0.0,2.199,81.059,84.984,11.462,0.554,2.796,0.0,0.0,0.0,0.0,0.0,0.0,
2025-08-06 06:33:05.288,home_end,-617.843,6.762,985.344,90.368,-179.989,90.038,-0.0,-0.0,-90.0,-180.0,90.0,180.0,0.0,0.0,0.0,0.0,0.0,0.0,2.222,81.034,85.017,11.452,0.55,2.816,0.0,0.0,-0.004,0.0,0.0,0.0,
2025-08-06 06:33:14.288,home_end,-617.843,6.762,985.344,90.368,-179.989,90.038,-0.0,-0.0,-90.0,-180.0,90.0,180.0,0.0,0.0,0.0,0.0,0.0,0.0,2.245,81.037,84.97,11.465,0.554,2.81,0.0,0.0,-0.002,0.0,0.0,0.0,
2025-08-06 06:33:23.388,home_end,-617.843,6.762,985.344,90.368,-179.989,90.038,-0.0,-0.0,-90.0,-180.0,90.0,180.0,0.0,0.0,0.0,0.0,0.0,0.0,2.252,81.043,84.975,11.456,0.565,2.801,0.0,0.0,0.0,0.0,0.0,0.0,
2025-08-06 06:33:32.389,home_end,-617.843,6.762,985.344,90.368,-179.989,90.038,-0.0,-0.0,-90.0,-180.0,90.0,180.0,0.0,0.0,0.0,0.0,0.0,0.0,2.182,81.007,84.97,11.469,0.56,2.803,0.0,0.0,-0.005,0.0,0.0,0.0,
2025-08-06 06:33:41.388,home_end,-617.843,6.762,985.344,90.368,-179.989,90.038,-0.0,-0.0,-90.0,-180.0,90.0,180.0,0.0,0.0,-0.003,0.0,0.0,0.0,2.249,81.001,85.004,11.456,0.563,2.804,0.0,0.0,-0.054,0.0,0.0,0.0,
2025-08-06 06:33:50.488,home_end,-617.843,6.762,985.344,90.368,-179.989,90.038,-0.0,-0.0,-90.0,-180.0,90.0,180.0,0.0,0.0,0.0,0.0,0.0,0.0,2.241,80.994,84.968,11.458,0.557,2.813,0.0,0.0,-0.001,0.0,0.0,0.0,
2025-08-06 06:33:59.489,home_end,-617.843,6.762,985.344,90.368,-179.989,90.038,-0.0,-0.0,-90.0,-180.0,90.0,180.0,0.0,0.0,0.0,0.0,0.0,0.0,2.246,81.025,84.991,11.464,0.554,2.819,0.0,0.0,0.0,0.0,0.0,0.0,
