timestamp,current_task,EE_x,EE_y,EE_z,EE_rx,EE_ry,EE_rz,joint1_angle,joint2_angle,joint3_angle,joint4_angle,joint5_angle,joint6_angle,joint1_velocity,joint2_velocity,joint3_velocity,joint4_velocity,joint5_velocity,joint6_velocity,joint1_torque,joint2_torque,joint3_torque,joint4_torque,joint5_torque,joint6_torque,joint1_acceleration,joint2_acceleration,joint3_acceleration,joint4_acceleration,joint5_acceleration,joint6_acceleration,waypoint
2026-01-26 05:57:28.924,home_start,-731.486,10.005,1859.669,-179.979,1.266,-179.996,0.004,-0.003,-90.673,-0.002,-90.59,0.0,0.0,0.0,0.0,0.0,0.0,0.0,0.08,2.09,2.09,-0.21,0.04,-0.04,0.0,0.0,0.0,0.0,0.0,0.0,waypoint
2026-01-26 05:57:29.015,home_start,-731.486,10.005,1859.669,-179.979,1.266,-179.996,0.004,-0.003,-90.673,-0.002,-90.59,0.0,0.0,0.0,0.0,0.0,0.0,0.0,0.05,3.75,3.75,-0.36,-0.05,-0.0,0.0,0.0,0.0,0.0,0.0,0.0,
2026-01-26 05:57:29.222,home_start,-731.486,10.005,1859.669,-179.979,1.266,-179.996,0.004,-0.003,-90.673,-0.002,-90.59,0.0,0.0,0.0,0.0,0.0,0.0,0.0,-0.06,6.21,6.08,-0.51,-0.12,-0.04,0.0,0.0,0.0,0.0,0.0,0.0,
2026-01-26 05:57:29.428,home_start,-731.486,10.005,1859.669,-179.979,1.266,-179.996,0.004,-0.003,-90.673,-0.002,-90.59,0.0,0.0,0.0,0.0,0.0,0.0,0.0,-0.01,7.68,7.69,-0.72,-0.09,0.09,0.0,0.0,0.0,0.0,0.0,0.0,
2026-01-26 05:57:29.633,home_start,-731.486,10.005,1859.669,-179.979,1.266,-179.996,0.004,-0.003,-90.673,-0.002,-90.59,0.0,0.0,0.0,0.0,0.0,0.0,0.0,-0.0,8.64,8.51,-0.8,-0.01,-0.04,0.0,0.0,0.0,0.0,0.0,0.0,
2026-01-26 05:57:29.840,home_start,-731.486,10.005,1859.669,-179.979,1.266,-179.996,0.004,-0.003,-90.673,-0.002,-90.59,0.0,0.0,0.0,0.0,0.0,0.0,0.0,0.05,9.27,9.29,-0.81,0.02,0.06,0.0,0.0,0.0,0.0,0.0,0.0,
2026-01-26 05:57:30.045,home_start,-731.486,10.005,1859.669,-179.979,1.266,-179.996,0.004,-0.003,-90.673,-0.002,-90.59,0.0,0.0,0.0,0.0,0.0,0.0,0.0,0.04,9.69,9.71,-0.9,0.03,0.07,0.0,0.0,0.0,0.0,0.0,0.0,
2026-01-26 05:57:30.249,home_start,-731.486,10.005,1859.669,-179.979,1.266,-179.996,0.004,-0.003,-90.673,-0.002,-90.59,0.0,0.0,0.0,0.0,0.0,0.0,0.0,0.0,9.82,9.93,-0.93,0.07,0.0,0.0,0.0,0.0,0.0,0.0,0.0,
2026-01-26 05:57:30.450,home_start,-731.486,10.005,1859.669,-179.979,1.266,-179.996,0.004,-0.003,-90.673,-0.002,-90.59,0.0,0.0,0.0,0.0,0.0,0.0,0.0,0.01,9.99,10.06,-0.99,0.0,0.01,0.0,0.0,0.0,0.0,0.0,0.0,
2026-01-26 05:57:30.656,home_start,-731.486,10.005,1859.669,-179.979,1.266,-179.996,0.004,-0.003,-90.673,-0.002,-90.59,0.0,0.0,0.0,0.0,0.0,0.0,0.0,-0.04,10.23,10.24,-0.95,-0.02,0.05,0.0,0.0,0.0,0.0,0.0,0.0,
2026-01-26 05:57:30.959,home_start,-731.486,10.005,1859.669,-179.979,1.266,-179.996,0.004,-0.003,-90.673,-0.002,-90.59,0.0,0.0,0.0,0.0,0.0,0.0,0.0,0.11,10.26,10.16,-1.04,-0.01,0.03,0.0,0.0,0.0,0.0,0.0,0.0,
2026-01-26 05:57:31.061,home_to_approach_feeder,-725.847,45.016,1846.727,171.702,1.727,177.324,-1.384,0.21,-91.997,-8.28,-90.128,1.287,-3.47,0.53,-3.308,-20.695,1.155,3.217,0.41,10.3,9.69,-4.76,1.77,1.91,-13.878,2.122,-13.234,-82.78,4.618,12.866,
2026-01-26 05:57:31.161,home_to_approach_feeder,-712.281,120.386,1826.616,152.916,-2.092,168.742,-4.411,0.679,-94.975,-27.177,-87.444,9.006,-10.169,1.572,-9.926,-62.765,7.575,21.711,0.46,10.01,9.11,-7.43,4.67,5.14,-28.878,4.484,-28.456,-180.695,26.376,75.908,
2026-01-26 05:57:31.265,home_to_approach_feeder,-698.363,181.02,1818.257,137.379,-10.287,163.369,-7.084,1.096,-97.613,-43.89,-84.308,18.475,-14.31,2.222,-14.04,-88.855,13.524,39.956,0.43,9.71,8.66,-9.36,7.13,7.98,-22.459,3.51,-22.211,-140.781,28.27,85.813,
2026-01-26 05:57:31.366,home_to_approach_feeder,-686.252,224.516,1816.541,125.233,-18.621,162.678,-9.269,1.437,-99.77,-57.552,-81.588,26.903,-16.195,2.519,-15.922,-100.795,16.942,51.037,0.36,9.49,8.33,-10.5,8.98,10.26,-15.329,2.4,-15.179,-96.19,21.269,66.82,
2026-01-26 05:57:31.470,home_to_approach_feeder,-674.239,261.74,1817.806,112.702,-26.871,166.128,-11.468,1.781,-101.939,-71.295,-78.817,35.602,-17.642,2.747,-17.365,-109.954,19.634,60.025,0.06,9.23,8.07,-11.29,10.15,11.65,-13.929,2.18,-13.787,-87.385,19.657,62.847,
2026-01-26 05:57:31.570,home_to_approach_feeder,-663.557,290.826,1820.191,99.745,-33.275,173.578,-13.573,2.109,-104.016,-84.457,-76.163,43.986,-18.496,2.882,-18.217,-115.371,21.361,65.979,-0.06,9.02,7.98,-11.56,10.93,12.63,-11.611,1.817,-11.485,-72.839,16.525,53.416,
2026-01-26 05:57:31.670,home_to_approach_feeder,-655.127,311.201,1821.943,87.552,-36.765,-176.809,-15.438,2.4,-105.855,-96.111,-73.822,51.397,-18.534,2.889,-18.259,-115.663,21.873,68.012,-0.32,8.99,8.0,-11.59,11.13,13.09,-8.039,1.258,-7.951,-50.471,11.737,38.346,
2026-01-26 05:57:31.774,home_to_approach_feeder,-647.842,326.664,1822.235,75.674,-37.674,-165.555,-17.29,2.689,-107.68,-107.682,-71.509,58.722,-18.53,2.889,-18.257,-115.675,22.186,69.32,-0.51,8.91,8.07,-11.39,11.21,13.18,-7.105,1.112,-7.021,-44.598,10.278,33.643,
2026-01-26 05:57:31.876,home_to_approach_feeder,-642.263,336.69,1820.526,66.459,-36.364,-155.382,-18.927,2.944,-109.293,-117.909,-69.477,65.157,-17.989,2.805,-17.725,-112.323,21.72,68.079,-0.65,8.91,8.24,-11.02,11.04,12.91,-4.243,0.665,-4.194,-26.694,6.452,21.389,
2026-01-26 05:57:31.977,home_to_approach_feeder,-638.035,342.813,1817.171,60.194,-33.949,-147.224,-20.32,3.162,-110.666,-126.615,-67.756,70.604,-16.975,2.647,-16.725,-106.008,20.594,64.675,-0.82,8.96,8.36,-10.54,10.81,12.78,-1.385,0.219,-1.375,-8.818,2.696,9.357,
2026-01-26 05:57:32.079,home_to_approach_feeder,-634.414,346.737,1812.25,55.917,-30.937,-140.329,-21.609,3.363,-111.935,-134.67,-66.17,75.613,-15.954,2.488,-15.719,-99.645,19.408,61.031,-0.86,8.83,8.43,-10.05,10.45,12.27,-0.205,0.035,-0.21,-1.43,1.064,4.058,
2026-01-26 05:57:32.180,home_to_approach_feeder,-631.18,349.071,1805.989,53.283,-27.72,-134.542,-22.801,3.549,-113.11,-142.124,-64.711,80.222,-14.947,2.332,-14.727,-93.367,18.206,57.294,-0.84,8.71,8.49,-9.37,9.94,11.79,0.78,-0.118,0.76,4.734,-0.296,-0.364,
2026-01-26 05:57:32.283,home_to_approach_feeder,-628.162,350.278,1798.65,51.925,-24.548,-129.652,-23.905,3.721,-114.198,-149.02,-63.366,84.46,-13.969,2.18,-13.763,-87.266,17.016,53.567,-0.92,8.51,8.7,-8.74,9.46,11.19,1.594,-0.245,1.562,9.832,-1.42,-4.023,
2026-01-26 05:57:32.384,home_to_approach_feeder,-625.119,350.71,1790.144,51.527,-21.444,-125.312,-24.967,3.887,-115.244,-155.656,-62.078,88.515,-13.131,2.049,-12.938,-82.039,15.981,50.311,-0.82,8.57,8.71,-8.2,8.96,10.52,1.852,-0.285,1.816,11.452,-1.845,-5.466,
2026-01-26 05:57:32.485,home_to_approach_feeder,-622.092,350.583,1781.033,51.885,-18.623,-121.577,-25.946,4.04,-116.209,-161.776,-60.896,92.231,-12.296,1.919,-12.116,-76.829,14.941,47.023,-0.82,8.35,8.91,-7.61,8.41,10.06,2.493,-0.385,2.446,15.468,-2.717,-8.302,
2026-01-26 05:57:32.588,home_to_approach_feeder,-619.031,350.099,1771.562,52.778,-16.115,-118.326,-26.849,4.181,-117.099,-167.42,-59.811,95.636,-11.479,1.792,-11.312,-71.732,13.919,43.782,-0.79,8.25,9.03,-7.08,7.87,9.38,3.005,-0.465,2.951,18.681,-3.415,-10.573,
2026-01-26 05:57:32.690,home_to_approach_feeder,-615.914,349.405,1761.939,54.039,-13.918,-115.471,-27.681,4.312,-117.92,-172.625,-58.815,98.758,-10.691,1.67,-10.537,-66.811,12.929,40.64,-0.76,8.05,9.08,-6.53,7.39,8.76,3.407,-0.528,3.346,21.203,-3.964,-12.359,
2026-01-26 05:57:32.793,home_to_approach_feeder,-612.74,348.598,1752.33,55.543,-12.014,-112.947,-28.449,4.432,-118.678,-177.424,-57.901,101.619,-9.938,1.553,-9.796,-62.108,11.983,37.632,-0.8,8.03,9.07,-6.05,6.91,8.19,3.714,-0.576,3.648,23.132,-4.385,-13.729,
2026-01-26 05:57:32.896,home_to_approach_feeder,-609.392,347.711,1742.495,57.265,-10.315,-110.623,-29.185,4.547,-119.403,-182.02,-57.029,104.341,-9.292,1.452,-9.161,-58.071,11.166,35.029,-0.73,7.79,9.07,-5.5,6.31,7.49,3.668,-0.569,3.602,22.857,-4.375,-13.744,
2026-01-26 05:57:33.019,home_to_approach_feeder,-606.016,346.824,1732.933,59.071,-8.869,-108.562,-29.86,4.653,-120.07,-186.245,-56.232,106.827,-8.659,1.354,-8.539,-54.115,10.367,32.487,-0.72,7.65,9.01,-5.01,5.86,7.04,3.895,-0.605,3.826,24.285,-4.68,-14.731,
2026-01-26 05:57:33.102,home_to_approach_feeder,-602.897,346.031,1724.419,60.762,-7.73,-106.866,-30.436,4.743,-120.638,-189.841,-55.556,108.93,-7.933,1.24,-7.824,-49.577,9.464,29.623,-0.61,7.61,8.99,-4.66,5.42,6.52,4.511,-0.702,4.434,28.143,-5.43,-17.088,
2026-01-26 05:57:33.203,home_to_approach_feeder,-599.796,345.279,1716.252,62.443,-6.752,-105.343,-30.968,4.826,-121.164,-193.168,-54.934,110.864,-7.281,1.139,-7.183,-45.5,8.653,27.052,-0.48,7.45,9.15,-4.15,4.97,6.0,4.49,-0.699,4.413,28.02,-5.421,-17.07,
2026-01-26 05:57:33.307,home_to_approach_feeder,-596.607,344.547,1708.144,64.159,-5.88,-103.923,-31.481,4.906,-121.67,-196.369,-54.339,112.713,-6.741,1.055,-6.652,-42.128,7.98,24.912,-0.51,7.2,8.94,-3.77,4.68,5.51,4.242,-0.66,4.169,26.476,-5.141,-16.208,
2026-01-26 05:57:33.410,home_to_approach_feeder,-593.479,343.87,1700.463,65.819,-5.136,-102.652,-31.953,4.98,-122.137,-199.321,-53.792,114.408,-6.237,0.976,-6.156,-38.976,7.352,22.921,-0.49,7.07,8.98,-3.57,4.35,5.13,4.216,-0.656,4.144,26.32,-5.117,-16.134,
2026-01-26 05:57:33.513,home_to_approach_feeder,-590.55,343.273,1693.499,67.35,-4.523,-101.557,-32.372,5.046,-122.551,-201.939,-53.309,115.901,-5.726,0.896,-5.653,-35.776,6.72,20.924,-0.41,6.97,8.99,-3.24,3.98,4.71,4.329,-0.674,4.257,27.033,-5.247,-16.533,
2026-01-26 05:57:33.617,home_to_approach_feeder,-587.59,342.705,1686.669,68.871,-3.973,-100.533,-32.776,5.109,-122.95,-204.457,-52.847,117.329,-5.302,0.83,-5.236,-33.128,6.196,19.263,-0.41,6.87,8.88,-2.87,3.65,4.36,4.054,-0.632,3.986,25.32,-4.927,-15.534,
2026-01-26 05:57:33.719,home_to_approach_feeder,-584.732,342.189,1680.265,70.313,-3.5,-99.615,-33.148,5.167,-123.318,-206.78,-52.423,118.638,-4.907,0.768,-4.847,-30.652,5.708,17.719,-0.41,6.79,9.01,-2.56,3.3,3.97,3.962,-0.618,3.896,24.748,-4.814,-15.175,
2026-01-26 05:57:33.822,home_to_approach_feeder,-581.88,341.704,1674.046,71.725,-3.075,-98.76,-33.504,5.223,-123.67,-209.004,-52.018,119.883,-4.571,0.715,-4.516,-28.548,5.291,16.401,-0.36,6.71,8.89,-2.3,3.08,3.71,3.723,-0.58,3.661,23.26,-4.533,-14.294,
2026-01-26 05:57:33.923,home_to_approach_feeder,-579.156,341.266,1668.257,73.05,-2.709,-97.995,-33.831,5.274,-123.994,-211.048,-51.649,121.019,-4.247,0.665,-4.197,-26.521,4.893,15.143,-0.26,6.57,8.93,-2.03,2.94,3.41,3.638,-0.567,3.579,22.731,-4.425,-13.946,
2026-01-26 05:57:34.027,home_to_approach_feeder,-576.467,340.858,1662.682,74.334,-2.379,-97.285,-34.144,5.323,-124.303,-212.996,-51.298,122.095,-3.966,0.621,-3.92,-24.761,4.546,14.047,-0.24,6.42,8.86,-1.91,2.66,3.02,3.427,-0.535,3.372,21.419,-4.174,-13.158,
2026-01-26 05:57:34.128,home_to_approach_feeder,-574.015,340.505,1657.709,75.484,-2.103,-96.673,-34.419,5.366,-124.576,-214.717,-50.99,123.04,-3.664,0.574,-3.623,-22.874,4.18,12.897,-0.34,6.52,8.81,-1.75,2.4,2.91,3.447,-0.538,3.392,21.543,-4.18,-13.158,
2026-01-26 05:57:34.232,home_to_approach_feeder,-571.611,340.175,1652.934,76.594,-1.852,-96.104,-34.683,5.408,-124.837,-216.358,-50.698,123.934,-3.406,0.533,-3.368,-21.257,3.865,11.908,-0.25,6.31,8.8,-1.47,2.1,2.58,3.231,-0.504,3.18,20.197,-3.922,-12.347,
2026-01-26 05:57:34.332,home_to_approach_feeder,-569.841,339.943,1649.478,77.401,-1.677,-95.702,-34.872,5.437,-125.024,-217.538,-50.488,124.573,-3.028,0.474,-2.995,-18.894,3.422,10.529,-0.22,6.26,8.81,-1.46,2.01,2.38,3.645,-0.569,3.592,22.779,-4.359,-13.66,
2026-01-26 05:57:34.432,home_to_approach_feeder,-567.767,339.68,1645.491,78.333,-1.484,-95.25,-35.089,5.471,-125.239,-218.892,-50.249,125.302,-2.814,0.44,-2.784,-17.556,3.164,9.72,-0.15,6.26,8.73,-1.3,1.84,2.18,3.001,-0.469,2.956,18.762,-3.626,-11.395,
2026-01-26 05:57:34.534,home_to_approach_feeder,-565.821,339.444,1641.81,79.197,-1.312,-94.842,-35.289,5.502,-125.437,-220.137,-50.031,125.968,-2.61,0.408,-2.582,-16.279,2.92,8.954,-0.16,6.09,8.57,-1.1,1.71,2.0,2.876,-0.449,2.833,17.98,-3.467,-10.889,
2026-01-26 05:57:34.635,home_to_approach_feeder,-564.065,339.238,1638.537,79.966,-1.163,-94.487,-35.466,5.53,-125.612,-221.239,-49.838,126.554,-2.4,0.376,-2.375,-14.965,2.671,8.18,-0.27,6.05,8.75,-0.97,1.6,1.8,2.817,-0.44,2.776,17.61,-3.381,-10.603,
2026-01-26 05:57:34.737,home_to_approach_feeder,-562.483,339.058,1635.625,80.652,-1.033,-94.177,-35.623,5.555,-125.768,-222.216,-49.668,127.07,-2.192,0.343,-2.17,-13.666,2.428,7.425,-0.13,5.97,8.71,-0.9,1.46,1.72,2.736,-0.428,2.696,17.098,-3.269,-10.238,
2026-01-26 05:57:34.838,home_to_approach_feeder,-560.939,338.888,1632.815,81.315,-0.911,-93.883,-35.774,5.578,-125.917,-223.157,-49.506,127.563,-2.022,0.316,-2.001,-12.6,2.228,6.802,-0.19,5.98,8.63,-0.76,1.27,1.57,2.521,-0.394,2.485,15.758,-3.014,-9.441,
2026-01-26 05:57:34.942,home_to_approach_feeder,-559.439,338.727,1630.118,81.953,-0.795,-93.605,-35.918,5.601,-126.06,-224.057,-49.351,128.032,-1.878,0.294,-1.859,-11.701,2.058,6.275,-0.14,5.91,8.6,-0.68,1.22,1.42,2.333,-0.365,2.3,14.581,-2.79,-8.737,
2026-01-26 05:57:35.043,home_to_approach_feeder,-558.042,338.58,1627.633,82.541,-0.69,-93.353,-36.051,5.622,-126.192,-224.884,-49.209,128.461,-1.741,0.272,-1.724,-10.845,1.898,5.777,-0.21,5.85,8.59,-0.55,1.04,1.26,2.216,-0.346,2.185,13.851,-2.643,-8.271,
2026-01-26 05:57:35.144,home_to_approach_feeder,-556.791,338.453,1625.428,83.063,-0.597,-93.133,-36.169,5.64,-126.309,-225.617,-49.084,128.838,-1.6,0.25,-1.585,-9.965,1.736,5.275,-0.25,5.95,8.55,-0.46,0.99,1.22,2.146,-0.336,2.117,13.415,-2.548,-7.961,
2026-01-26 05:57:35.247,home_to_approach_feeder,-555.58,338.331,1623.314,83.565,-0.509,-92.924,-36.282,5.658,-126.421,-226.318,-48.965,129.196,-1.482,0.232,-1.468,-9.227,1.599,4.853,-0.03,5.82,8.6,-0.34,0.98,1.05,1.981,-0.31,1.955,12.385,-2.352,-7.348,
2026-01-26 05:57:35.348,home_to_approach_feeder,-554.456,338.221,1621.367,84.027,-0.428,-92.734,-36.386,5.674,-126.523,-226.963,-48.856,129.524,-1.371,0.214,-1.358,-8.533,1.471,4.458,-0.04,5.87,8.59,-0.29,0.76,0.98,1.874,-0.293,1.849,11.713,-2.219,-6.925,
2026-01-26 05:57:35.451,home_to_approach_feeder,-553.413,338.12,1619.576,84.453,-0.353,-92.56,-36.481,5.689,-126.618,-227.556,-48.757,129.823,-1.267,0.198,-1.255,-7.881,1.352,4.091,-0.11,5.69,8.66,-0.22,0.69,0.89,1.77,-0.277,1.747,11.063,-2.09,-6.517,
2026-01-26 05:57:35.552,home_to_approach_feeder,-552.483,338.032,1617.988,84.83,-0.286,-92.408,-36.566,5.702,-126.702,-228.081,-48.669,130.085,-1.161,0.181,-1.15,-7.223,1.233,3.725,-0.1,5.68,8.62,-0.19,0.68,0.76,1.702,-0.266,1.68,10.636,-1.999,-6.226,
2026-01-26 05:57:35.655,home_to_approach_feeder,-551.586,337.948,1616.466,85.192,-0.222,-92.263,-36.646,5.715,-126.782,-228.583,-48.586,130.335,-1.073,0.168,-1.063,-6.673,1.134,3.419,-0.14,5.63,8.45,-0.19,0.6,0.8,1.568,-0.245,1.547,9.796,-1.841,-5.731,
2026-01-26 05:57:35.754,home_to_approach_feeder,-550.816,337.877,1615.17,85.501,-0.167,-92.141,-36.715,5.725,-126.85,-229.011,-48.515,130.547,-0.977,0.153,-0.968,-6.074,1.027,3.093,-0.1,5.64,8.63,-0.07,0.54,0.66,1.531,-0.24,1.512,9.564,-1.785,-5.544,
2026-01-26 05:57:35.855,home_to_approach_feeder,-550.015,337.803,1613.826,85.821,-0.11,-92.014,-36.787,5.736,-126.921,-229.454,-48.442,130.765,-0.911,0.142,-0.903,-5.663,0.952,2.864,-0.02,5.67,8.42,-0.01,0.54,0.62,1.353,-0.212,1.336,8.454,-1.584,-4.928,
2026-01-26 05:57:35.957,home_to_approach_feeder,-549.276,337.736,1612.594,86.114,-0.057,-91.899,-36.852,5.747,-126.986,-229.86,-48.376,130.963,-0.847,0.132,-0.839,-5.262,0.88,2.643,-0.01,5.62,8.58,0.03,0.59,0.57,1.277,-0.2,1.261,7.98,-1.491,-4.631,
2026-01-26 05:57:36.059,home_to_approach_feeder,-548.619,337.677,1611.505,86.374,-0.009,-91.798,-36.91,5.756,-127.043,-230.218,-48.318,131.136,-0.78,0.122,-0.773,-4.843,0.806,2.416,-0.07,5.62,8.53,0.11,0.42,0.46,1.226,-0.192,1.21,7.654,-1.422,-4.41,
2026-01-26 05:57:36.159,home_to_approach_feeder,-548.035,337.625,1610.541,86.604,0.033,-91.708,-36.961,5.764,-127.094,-230.536,-48.266,131.289,-0.713,0.111,-0.706,-4.426,0.733,2.194,0.0,5.61,8.53,0.18,0.31,0.45,1.169,-0.183,1.155,7.3,-1.349,-4.179,
2026-01-26 05:57:36.262,home_to_approach_feeder,-547.473,337.575,1609.616,86.824,0.074,-91.623,-37.01,5.771,-127.142,-230.84,-48.217,131.434,-0.657,0.103,-0.651,-4.08,0.672,2.009,-0.1,5.54,8.51,0.1,0.41,0.43,1.074,-0.168,1.061,6.705,-1.239,-3.836,
2026-01-26 05:57:36.364,home_to_approach_feeder,-546.974,337.53,1608.798,87.019,0.111,-91.548,-37.054,5.778,-127.185,-231.109,-48.174,131.562,-0.601,0.094,-0.596,-3.733,0.612,1.827,-0.02,5.61,8.5,0.17,0.4,0.36,1.023,-0.16,1.01,6.383,-1.173,-3.627,
2026-01-26 05:57:36.465,home_to_approach_feeder,-546.494,337.488,1608.014,87.206,0.147,-91.476,-37.095,5.785,-127.227,-231.367,-48.133,131.684,-0.555,0.087,-0.55,-3.444,0.562,1.674,-0.02,5.74,8.55,0.14,0.27,0.45,0.939,-0.147,0.927,5.859,-1.076,-3.327,waypoint
2026-01-26 05:57:36.568,home_to_approach_feeder,-549.51,340.536,1590.142,88.011,-0.748,-91.52,-37.15,4.75,-127.814,-230.931,-48.53,131.346,-0.554,-2.521,-1.882,-1.495,-0.571,0.412,-0.13,5.67,8.38,0.44,-0.86,-0.18,0.71,-10.539,-4.628,12.204,-5.349,-7.586,
2026-01-26 05:57:36.668,home_to_approach_feeder,-553.343,343.658,1565.632,88.488,-1.196,-91.234,-37.221,3.232,-128.663,-230.114,-49.891,129.887,-0.592,-5.686,-3.532,0.922,-3.832,-3.339,-0.09,5.96,8.27,0.66,-2.4,-0.78,0.485,-14.324,-6.774,14.801,-14.459,-18.042,
2026-01-26 05:57:36.772,home_to_approach_feeder,-556.212,345.844,1542.924,88.671,-1.178,-90.849,-37.291,1.784,-129.474,-229.318,-51.489,128.042,-0.619,-7.885,-4.678,2.683,-6.868,-7.118,-0.14,6.1,8.06,0.7,-3.52,-1.31,0.441,-12.194,-5.726,13.118,-15.375,-20.103,
2026-01-26 05:57:36.872,home_to_approach_feeder,-558.2,347.419,1522.426,88.752,-1.019,-90.515,-37.356,0.456,-130.218,-228.582,-53.022,126.206,-0.626,-9.233,-5.369,3.851,-8.984,-9.928,-0.22,6.34,7.77,0.84,-4.33,-1.81,0.449,-9.768,-4.483,11.19,-13.195,-17.995,
2026-01-26 05:57:36.973,home_to_approach_feeder,-559.132,348.224,1509.841,88.783,-0.895,-90.331,-37.396,-0.367,-130.68,-228.126,-53.98,125.044,-0.57,-8.982,-5.18,4.029,-9.133,-10.352,-0.22,6.6,7.74,0.81,-4.96,-2.11,0.65,-3.744,-1.206,7.283,-6.12,-9.462,
2026-01-26 05:57:37.075,home_to_approach_feeder,-560.031,349.115,1493.045,88.809,-0.718,-90.119,-37.45,-1.474,-131.301,-227.512,-55.268,123.472,-0.563,-9.505,-5.437,4.557,-10.069,-11.692,-0.16,6.87,7.54,0.93,-5.27,-2.23,0.446,-6.213,-2.679,8.132,-8.806,-12.605,
2026-01-26 05:57:37.177,home_to_approach_feeder,-560.494,349.725,1478.308,88.823,-0.56,-89.966,-37.498,-2.454,-131.85,-226.968,-56.403,122.083,-0.542,-9.58,-5.452,4.776,-10.391,-12.242,-0.27,7.27,7.31,1.0,-5.49,-2.25,0.464,-4.323,-1.7,6.613,-6.408,-9.521,
2026-01-26 05:57:37.278,home_to_approach_feeder,-560.646,350.116,1465.865,88.831,-0.427,-89.862,-37.539,-3.289,-132.318,-226.506,-57.366,120.906,-0.508,-9.271,-5.259,4.738,-10.2,-12.124,-0.21,7.44,7.24,0.91,-5.42,-2.3,0.489,-2.433,-0.712,5.14,-4.034,-6.45,
2026-01-26 05:57:37.380,home_to_approach_feeder,-560.578,350.391,1453.449,88.836,-0.297,-89.781,-37.58,-4.129,-132.789,-226.041,-58.33,119.729,-0.484,-9.052,-5.121,4.716,-10.059,-12.036,-0.18,7.71,7.02,1.0,-5.41,-2.49,0.438,-2.238,-0.668,4.65,-3.642,-5.808,
2026-01-26 05:57:37.482,home_to_approach_feeder,-560.309,350.546,1441.653,88.839,-0.175,-89.727,-37.619,-4.933,-133.24,-225.597,-59.248,118.608,-0.461,-8.799,-4.967,4.649,-9.84,-11.828,-0.13,8.01,6.83,0.96,-5.35,-2.37,0.412,-1.66,-0.402,3.985,-2.823,-4.657,
2026-01-26 05:57:37.583,home_to_approach_feeder,-559.887,350.595,1430.894,88.842,-0.066,-89.696,-37.655,-5.672,-133.654,-225.188,-60.088,117.585,-0.435,-8.448,-4.761,4.508,-9.479,-11.429,-0.21,8.27,6.61,0.97,-5.16,-2.25,0.403,-0.846,0.002,3.225,-1.757,-3.219,
2026-01-26 05:57:37.688,home_to_approach_feeder,-559.333,350.56,1420.717,88.845,0.035,-89.685,-37.689,-6.377,-134.049,-224.799,-60.884,116.617,-0.412,-8.097,-4.558,4.354,-9.1,-10.993,-0.21,8.45,6.47,0.9,-4.93,-2.15,0.38,-0.415,0.196,2.709,-1.146,-2.352,
2026-01-26 05:57:37.790,home_to_approach_feeder,-558.82,350.482,1413.107,88.849,0.109,-89.688,-37.715,-6.907,-134.346,-224.506,-61.48,115.892,-0.373,-7.399,-4.162,3.997,-8.316,-10.056,-0.1,8.79,6.35,0.86,-4.67,-2.08,0.427,1.369,1.153,1.473,0.967,0.325,
2026-01-26 05:57:37.891,home_to_approach_feeder,-558.19,350.352,1405.141,88.854,0.185,-89.701,-37.742,-7.466,-134.659,-224.198,-62.106,115.134,-0.348,-6.946,-3.904,3.769,-7.8,-9.438,-0.14,8.87,6.28,0.8,-4.4,-1.99,0.371,0.949,0.88,1.48,0.582,-0.047,
2026-01-26 05:57:37.993,home_to_approach_feeder,-557.583,350.203,1398.4,88.86,0.248,-89.72,-37.765,-7.941,-134.926,-223.936,-62.635,114.492,-0.318,-6.398,-3.594,3.482,-7.175,-8.682,-0.13,9.12,6.14,0.78,-4.11,-1.9,0.374,1.685,1.257,0.872,1.479,1.126,
2026-01-26 05:57:38.096,home_to_approach_feeder,-556.825,349.995,1390.885,88.869,0.316,-89.751,-37.791,-8.474,-135.224,-223.642,-63.226,113.778,-0.303,-6.132,-3.443,3.346,-6.859,-8.298,-0.13,9.39,6.04,0.84,-3.89,-1.77,0.309,0.94,0.809,1.101,0.719,0.283,
2026-01-26 05:57:38.198,home_to_approach_feeder,-556.118,349.784,1384.527,88.879,0.372,-89.785,-37.812,-8.928,-135.479,-223.392,-63.727,113.174,-0.282,-5.733,-3.217,3.134,-6.394,-7.733,-0.14,9.4,5.83,0.81,-3.7,-1.56,0.317,1.641,1.174,0.551,1.555,1.363,
2026-01-26 05:57:38.299,home_to_approach_feeder,-555.443,349.571,1378.926,88.889,0.419,-89.821,-37.832,-9.33,-135.704,-223.171,-64.167,112.643,-0.26,-5.304,-2.976,2.903,-5.898,-7.128,-0.0,9.69,5.77,0.8,-3.36,-1.48,0.31,1.997,1.348,0.208,1.995,1.954,
2026-01-26 05:57:38.400,home_to_approach_feeder,-554.782,349.353,1373.784,88.9,0.461,-89.859,-37.85,-9.7,-135.911,-222.967,-64.572,112.156,-0.24,-4.905,-2.751,2.687,-5.434,-6.562,-0.16,9.86,5.53,0.79,-3.11,-1.39,0.295,2.109,1.388,0.015,2.157,2.202,
2026-01-26 05:57:38.500,home_to_approach_feeder,-554.113,349.126,1368.881,88.913,0.5,-89.899,-37.867,-10.055,-136.11,-222.772,-64.957,111.693,-0.223,-4.566,-2.56,2.503,-5.039,-6.079,-0.14,9.86,5.53,0.7,-3.04,-1.32,0.273,2.055,1.337,-0.074,2.132,2.218,
2026-01-26 05:57:38.602,home_to_approach_feeder,-553.468,348.901,1364.391,88.927,0.534,-89.94,-37.883,-10.382,-136.293,-222.593,-65.31,111.27,-0.206,-4.24,-2.377,2.325,-4.661,-5.617,-0.13,9.93,5.41,0.65,-2.79,-1.26,0.259,2.135,1.363,-0.225,2.247,2.398,
2026-01-26 05:57:38.704,home_to_approach_feeder,-552.85,348.68,1360.278,88.941,0.563,-89.98,-37.897,-10.682,-136.461,-222.428,-65.632,110.884,-0.191,-3.93,-2.203,2.156,-4.302,-5.178,-0.08,10.25,5.44,0.62,-2.55,-1.15,0.246,2.185,1.375,-0.348,2.323,2.526,
2026-01-26 05:57:38.807,home_to_approach_feeder,-552.261,348.466,1356.511,88.955,0.589,-90.02,-37.91,-10.957,-136.615,-222.277,-65.927,110.532,-0.176,-3.637,-2.038,1.995,-3.964,-4.765,-0.04,10.31,5.28,0.56,-2.32,-1.06,0.233,2.208,1.373,-0.447,2.366,2.608,
2026-01-26 05:57:38.907,home_to_approach_feeder,-551.701,348.259,1353.058,88.97,0.611,-90.059,-37.922,-11.211,-136.757,-222.138,-66.197,110.209,-0.163,-3.362,-1.884,1.844,-3.648,-4.379,-0.07,10.38,5.2,0.54,-2.03,-0.98,0.221,2.21,1.36,-0.525,2.381,2.653,
2026-01-26 05:57:39.011,home_to_approach_feeder,-551.152,348.054,1349.776,88.985,0.631,-90.098,-37.934,-11.453,-136.893,-222.005,-66.453,109.905,-0.151,-3.126,-1.751,1.714,-3.376,-4.046,-0.04,10.41,5.21,0.49,-2.07,-0.88,0.205,2.107,1.29,-0.538,2.282,2.559,waypoint
2026-01-26 05:57:39.115,approach_feeder_to_pick,-550.881,348.077,1344.835,89.114,0.541,-90.149,-37.944,-11.835,-137.04,-221.857,-66.711,109.611,-0.139,-3.299,-1.681,1.657,-3.176,-3.77,-0.09,10.25,5.09,0.6,-2.15,-0.95,0.198,0.495,1.042,-0.322,2.038,2.413,
2026-01-26 05:57:39.219,approach_feeder_to_pick,-551.527,348.736,1333.361,89.382,0.262,-90.17,-37.953,-12.816,-137.26,-221.598,-67.35,109.053,-0.126,-4.927,-1.812,1.888,-3.979,-4.222,-0.13,10.45,4.84,0.56,-2.54,-0.95,0.191,-5.547,0.207,0.805,-1.982,-0.469,
2026-01-26 05:57:39.320,approach_feeder_to_pick,-551.905,349.067,1324.426,89.416,0.21,-90.14,-37.961,-13.615,-137.441,-221.383,-68.064,108.422,-0.115,-5.693,-1.811,1.956,-4.77,-4.743,-0.11,10.76,4.91,0.66,-3.09,-1.12,0.179,-3.171,0.583,0.301,-2.536,-1.145,
2026-01-26 05:57:39.424,approach_feeder_to_pick,-552.193,349.325,1314.338,89.389,0.233,-90.1,-37.971,-14.532,-137.649,-221.133,-68.951,107.618,-0.111,-6.563,-1.878,2.092,-5.794,-5.568,-0.05,10.93,4.66,0.64,-3.36,-1.24,0.146,-4.037,0.253,0.612,-4.005,-2.773,
2026-01-26 05:57:39.528,approach_feeder_to_pick,-552.326,349.478,1305.135,89.347,0.285,-90.072,-37.98,-15.375,-137.84,-220.902,-69.783,106.849,-0.106,-7.031,-1.887,2.145,-6.427,-6.099,-0.17,11.12,4.45,0.71,-3.64,-1.22,0.138,-2.895,0.394,0.356,-3.062,-2.142,
2026-01-26 05:57:39.632,approach_feeder_to_pick,-552.338,349.557,1296.401,89.304,0.345,-90.057,-37.989,-16.179,-138.023,-220.683,-70.578,106.108,-0.101,-7.283,-1.871,2.158,-6.807,-6.425,-0.18,11.33,4.44,0.55,-3.7,-1.22,0.129,-2.211,0.444,0.214,-2.38,-1.637,
2026-01-26 05:57:39.736,approach_feeder_to_pick,-552.256,349.576,1288.709,89.268,0.399,-90.054,-37.996,-16.89,-138.184,-220.488,-71.278,105.455,-0.095,-7.239,-1.806,2.104,-6.855,-6.452,-0.15,11.5,4.23,0.63,-3.71,-1.31,0.126,-1.057,0.611,-0.064,-1.195,-0.607,
2026-01-26 05:57:39.837,approach_feeder_to_pick,-552.111,349.553,1281.917,89.239,0.446,-90.058,-38.003,-17.519,-138.326,-220.317,-71.895,104.879,-0.088,-7.003,-1.711,2.007,-6.684,-6.279,-0.11,11.68,4.16,0.61,-3.71,-1.22,0.122,-0.137,0.735,-0.281,-0.246,0.229,
2026-01-26 05:57:39.940,approach_feeder_to_pick,-551.919,349.499,1275.669,89.214,0.488,-90.069,-38.009,-18.1,-138.458,-220.158,-72.462,104.351,-0.081,-6.703,-1.612,1.901,-6.43,-6.03,-0.01,11.98,3.92,0.55,-3.6,-1.3,0.115,0.365,0.772,-0.387,0.285,0.683,
2026-01-26 05:57:40.040,approach_feeder_to_pick,-551.692,349.421,1269.921,89.194,0.525,-90.085,-38.015,-18.635,-138.579,-220.012,-72.982,103.866,-0.075,-6.366,-1.513,1.791,-6.122,-5.733,-0.19,12.13,3.77,0.49,-3.44,-1.09,0.109,0.779,0.797,-0.473,0.721,1.055,
2026-01-26 05:57:40.141,approach_feeder_to_pick,-551.439,349.326,1264.63,89.177,0.557,-90.104,-38.02,-19.129,-138.691,-219.878,-73.459,103.423,-0.069,-6.009,-1.414,1.68,-5.785,-5.409,-0.16,12.41,3.77,0.52,-3.24,-1.09,0.102,1.117,0.812,-0.54,1.076,1.354,
2026-01-26 05:57:40.241,approach_feeder_to_pick,-551.171,349.218,1259.761,89.164,0.585,-90.125,-38.025,-19.584,-138.794,-219.754,-73.897,103.016,-0.064,-5.645,-1.319,1.57,-5.434,-5.074,0.02,12.49,3.74,0.45,-3.11,-1.07,0.096,1.389,0.818,-0.591,1.36,1.589,
2026-01-26 05:57:40.344,approach_feeder_to_pick,-550.882,349.097,1255.107,89.153,0.611,-90.149,-38.03,-20.021,-138.893,-219.635,-74.315,102.629,-0.06,-5.324,-1.236,1.474,-5.12,-4.773,-0.11,12.79,3.58,0.43,-2.93,-1.02,0.089,1.442,0.78,-0.585,1.43,1.627,
2026-01-26 05:57:40.446,approach_feeder_to_pick,-550.6,348.976,1250.993,89.146,0.632,-90.173,-38.034,-20.407,-138.981,-219.53,-74.683,102.288,-0.055,-4.959,-1.146,1.368,-4.76,-4.431,-0.05,12.83,3.4,0.37,-2.73,-0.9,0.085,1.798,0.815,-0.663,1.783,1.93,
2026-01-26 05:57:40.553,approach_feeder_to_pick,-550.308,348.847,1247.06,89.141,0.651,-90.198,-38.038,-20.777,-139.065,-219.43,-75.034,101.964,-0.051,-4.644,-1.069,1.277,-4.447,-4.133,-0.13,12.93,3.36,0.45,-2.54,-0.79,0.079,1.781,0.771,-0.642,1.778,1.902,
2026-01-26 05:57:40.653,approach_feeder_to_pick,-550.063,348.737,1243.985,89.138,0.664,-90.22,-38.041,-21.067,-139.13,-219.351,-75.307,101.712,-0.046,-4.207,-0.966,1.155,-4.018,-3.73,-0.06,13.15,3.25,0.42,-2.38,-0.77,0.079,2.406,0.876,-0.796,2.374,2.431,
2026-01-26 05:57:40.754,approach_feeder_to_pick,-549.78,348.608,1240.626,89.136,0.678,-90.245,-38.044,-21.383,-139.202,-219.265,-75.604,101.438,-0.043,-3.947,-0.904,1.081,-3.757,-3.482,-0.13,13.24,3.19,0.43,-2.21,-0.79,0.069,1.894,0.727,-0.643,1.894,1.969,
2026-01-26 05:57:40.856,approach_feeder_to_pick,-549.496,348.478,1237.428,89.136,0.69,-90.271,-38.047,-21.685,-139.27,-219.183,-75.887,101.179,-0.04,-3.715,-0.849,1.015,-3.523,-3.26,-0.07,13.31,3.0,0.41,-2.16,-0.63,0.063,1.853,0.688,-0.62,1.858,1.918,
2026-01-26 05:57:40.959,approach_feeder_to_pick,-549.222,348.35,1234.5,89.138,0.7,-90.296,-38.05,-21.962,-139.333,-219.108,-76.144,100.943,-0.037,-3.478,-0.793,0.949,-3.286,-3.035,-0.11,13.43,3.0,0.43,-1.95,-0.65,0.06,1.92,0.676,-0.627,1.922,1.959,waypoint
2026-01-26 05:57:41.060,pick_on_feeder,-548.961,348.228,1231.82,89.141,0.708,-90.32,-38.053,-22.216,-139.39,-219.039,-76.378,100.728,-0.034,-3.243,-0.738,0.884,-3.051,-2.814,-0.03,13.48,2.95,0.35,-1.84,-0.58,0.056,1.959,0.661,-0.627,1.957,1.975,
2026-01-26 05:57:41.162,pick_on_feeder,-548.721,348.115,1229.453,89.144,0.714,-90.342,-38.055,-22.44,-139.441,-218.979,-76.585,100.539,-0.032,-2.992,-0.681,0.814,-2.804,-2.582,-0.05,13.68,2.95,0.26,-1.68,-0.59,0.054,2.058,0.662,-0.645,2.044,2.04,
2026-01-26 05:57:41.262,pick_on_feeder,-548.494,348.007,1227.278,89.148,0.718,-90.363,-38.057,-22.646,-139.488,-218.923,-76.773,100.367,-0.029,-2.759,-0.627,0.75,-2.574,-2.367,-0.04,13.8,2.83,0.38,-1.55,-0.46,0.05,2.033,0.636,-0.629,2.015,2.0,
2026-01-26 05:57:41.365,pick_on_feeder,-548.287,347.909,1225.354,89.153,0.721,-90.382,-38.059,-22.828,-139.529,-218.873,-76.94,100.216,-0.027,-2.526,-0.573,0.686,-2.346,-2.154,-0.09,13.83,2.83,0.35,-1.33,-0.47,0.048,2.065,0.626,-0.631,2.038,2.007,
2026-01-26 05:57:41.465,pick_on_feeder,-548.077,347.808,1223.444,89.159,0.724,-90.402,-38.061,-23.009,-139.57,-218.824,-77.104,100.066,-0.025,-2.347,-0.533,0.637,-2.17,-1.989,0.02,13.88,2.76,0.27,-1.33,-0.39,0.043,1.872,0.567,-0.571,1.854,1.827,
2026-01-26 05:57:41.568,pick_on_feeder,-547.886,347.717,1221.756,89.164,0.725,-90.42,-38.063,-23.17,-139.606,-218.781,-77.248,99.935,-0.023,-2.161,-0.49,0.586,-1.989,-1.82,-0.12,13.92,2.79,0.3,-1.2,-0.34,0.041,1.895,0.558,-0.571,1.867,1.827,
2026-01-26 05:57:41.668,pick_on_feeder,-547.708,347.631,1220.205,89.17,0.726,-90.437,-38.064,-23.317,-139.639,-218.741,-77.38,99.815,-0.021,-1.989,-0.451,0.539,-1.822,-1.665,0.06,13.98,2.67,0.32,-1.09,-0.39,0.038,1.834,0.531,-0.549,1.803,1.758,
2026-01-26 05:57:41.770,pick_on_feeder,-547.604,347.581,1219.313,89.174,0.726,-90.446,-38.065,-23.401,-139.659,-218.719,-77.456,99.746,-0.018,-1.703,-0.386,0.461,-1.556,-1.42,-0.03,14.09,2.58,0.27,-1.07,-0.41,0.041,2.277,0.62,-0.663,2.188,2.095,
2026-01-26 05:57:41.870,pick_on_feeder,-547.473,347.518,1218.211,89.179,0.726,-90.459,-38.066,-23.506,-139.682,-218.69,-77.549,99.662,-0.016,-1.539,-0.349,0.417,-1.4,-1.276,-0.1,14.07,2.66,0.27,-1.04,-0.34,0.035,1.849,0.512,-0.543,1.793,1.728,
2026-01-26 05:57:41.973,pick_on_feeder,-547.316,347.442,1216.899,89.185,0.725,-90.474,-38.067,-23.631,-139.71,-218.657,-77.66,99.562,-0.015,-1.466,-0.332,0.396,-1.326,-1.206,-0.15,14.16,2.6,0.29,-0.87,-0.3,0.029,1.465,0.416,-0.435,1.442,1.401,
2026-01-26 05:57:42.077,pick_on_feeder,-547.17,347.371,1215.697,89.192,0.723,-90.488,-38.068,-23.745,-139.736,-218.626,-77.76,99.471,-0.014,-1.385,-0.313,0.374,-1.246,-1.132,-0.05,14.26,2.52,0.26,-0.77,-0.28,0.027,1.423,0.398,-0.42,1.395,1.35,
2026-01-26 05:57:42.180,pick_on_feeder,-547.034,347.305,1214.596,89.198,0.722,-90.501,-38.07,-23.849,-139.76,-218.598,-77.852,99.389,-0.013,-1.3,-0.294,0.351,-1.164,-1.055,0.09,14.26,2.62,0.35,-0.75,-0.28,0.026,1.376,0.38,-0.404,1.345,1.297,
2026-01-26 05:57:42.285,pick_on_feeder,-546.949,347.264,1213.913,89.202,0.72,-90.509,-38.07,-23.914,-139.775,-218.58,-77.909,99.338,-0.012,-1.137,-0.257,0.307,-1.015,-0.919,-0.05,14.33,2.48,0.26,-0.72,-0.25,0.027,1.636,0.432,-0.471,1.562,1.484,
2026-01-26 05:57:42.389,pick_on_feeder,-546.838,347.21,1213.028,89.208,0.718,-90.519,-38.071,-23.998,-139.794,-218.558,-77.982,99.272,-0.011,-1.063,-0.24,0.287,-0.944,-0.853,0.0,14.33,2.47,0.18,-0.65,-0.28,0.022,1.281,0.345,-0.372,1.241,1.189,
2026-01-26 05:57:42.489,pick_on_feeder,-546.743,347.163,1212.275,89.214,0.716,-90.529,-38.072,-24.07,-139.81,-218.538,-78.044,99.217,-0.01,-0.976,-0.221,0.263,-0.863,-0.779,0.03,14.38,2.49,0.14,-0.62,-0.25,0.022,1.278,0.339,-0.369,1.228,1.171,
2026-01-26 05:57:42.593,pick_on_feeder,-546.643,347.115,1211.488,89.219,0.714,-90.538,-38.073,-24.144,-139.827,-218.518,-78.108,99.159,-0.009,-0.919,-0.208,0.248,-0.808,-0.728,-0.04,14.39,2.39,0.19,-0.46,-0.22,0.019,1.118,0.298,-0.323,1.081,1.033,
2026-01-26 05:57:42.694,pick_on_feeder,-546.553,347.071,1210.79,89.225,0.711,-90.547,-38.073,-24.211,-139.841,-218.501,-78.165,99.108,-0.009,-0.854,-0.193,0.23,-0.748,-0.673,0.03,14.41,2.4,0.27,-0.49,-0.2,0.018,1.092,0.288,-0.314,1.049,0.999,
2026-01-26 05:57:42.795,pick_on_feeder,-546.47,347.03,1210.147,89.23,0.709,-90.555,-38.074,-24.272,-139.855,-218.484,-78.217,99.062,-0.008,-0.793,-0.179,0.214,-0.691,-0.621,-0.06,14.4,2.4,0.22,-0.47,-0.12,0.017,1.034,0.27,-0.297,0.991,0.941,
2026-01-26 05:57:42.900,pick_on_feeder,-546.393,346.993,1209.554,89.235,0.706,-90.563,-38.074,-24.328,-139.868,-218.469,-78.265,99.019,-0.008,-0.736,-0.166,0.198,-0.638,-0.572,-0.08,14.43,2.33,0.19,-0.4,-0.14,0.016,0.978,0.254,-0.28,0.935,0.886,
2026-01-26 05:57:43.003,pick_on_feeder,-546.324,346.959,1209.027,89.24,0.704,-90.569,-38.075,-24.378,-139.879,-218.456,-78.307,98.982,-0.007,-0.676,-0.153,0.182,-0.584,-0.523,-0.01,14.42,2.33,0.29,-0.4,-0.11,0.015,0.944,0.243,-0.269,0.897,0.848,
2026-01-26 05:57:43.104,pick_on_feeder,-546.254,346.925,1208.501,89.245,0.701,-90.576,-38.075,-24.428,-139.891,-218.442,-78.349,98.945,-0.006,-0.632,-0.143,0.17,-0.543,-0.485,0.03,14.48,2.3,0.33,-0.46,-0.06,0.013,0.85,0.219,-0.242,0.81,0.766,
2026-01-26 05:57:43.207,pick_on_feeder,-546.193,346.895,1208.035,89.249,0.698,-90.582,-38.076,-24.472,-139.9,-218.431,-78.386,98.912,-0.006,-0.584,-0.132,0.157,-0.5,-0.446,0.01,14.48,2.3,0.24,-0.38,-0.19,0.012,0.822,0.21,-0.233,0.779,0.734,
2026-01-26 05:57:43.309,pick_on_feeder,-546.136,346.867,1207.604,89.253,0.696,-90.588,-38.076,-24.512,-139.91,-218.42,-78.42,98.882,-0.005,-0.54,-0.122,0.145,-0.46,-0.41,-0.02,14.51,2.23,0.21,-0.31,-0.08,0.012,0.774,0.197,-0.219,0.731,0.688,
2026-01-26 05:57:43.414,pick_on_feeder,-546.083,346.842,1207.207,89.258,0.693,-90.593,-38.077,-24.55,-139.918,-218.41,-78.451,98.854,-0.005,-0.499,-0.113,0.134,-0.423,-0.376,-0.05,14.45,2.26,0.23,-0.33,-0.01,0.011,0.728,0.184,-0.206,0.686,0.644,
2026-01-26 05:57:43.517,pick_on_feeder,-546.045,346.823,1206.926,89.261,0.691,-90.597,-38.077,-24.577,-139.924,-218.402,-78.473,98.835,-0.004,-0.441,-0.1,0.118,-0.372,-0.33,0.06,14.56,2.3,0.28,-0.35,-0.11,0.011,0.765,0.19,-0.215,0.709,0.661,
2026-01-26 05:57:43.618,pick_on_feeder,-545.999,346.801,1206.581,89.265,0.689,-90.601,-38.077,-24.609,-139.932,-218.394,-78.5,98.811,-0.004,-0.412,-0.093,0.111,-0.346,-0.307,-0.04,14.54,2.33,0.25,-0.31,-0.12,0.009,0.629,0.158,-0.177,0.59,0.553,
2026-01-26 05:57:43.720,pick_on_feeder,-545.953,346.779,1206.239,89.268,0.686,-90.606,-38.078,-24.642,-139.939,-218.385,-78.526,98.788,-0.004,-0.39,-0.088,0.105,-0.326,-0.288,-0.0,14.53,2.24,0.21,-0.22,-0.07,0.008,0.568,0.143,-0.16,0.534,0.501,
2026-01-26 05:57:43.822,pick_on_feeder,-545.917,346.761,1205.97,89.272,0.684,-90.609,-38.078,-24.667,-139.945,-218.378,-78.547,98.77,-0.004,-0.356,-0.08,0.095,-0.296,-0.262,-0.05,14.51,2.21,0.22,-0.35,-0.04,0.008,0.581,0.144,-0.163,0.539,0.502,
2026-01-26 05:57:43.923,pick_on_feeder,-545.885,346.745,1205.73,89.275,0.682,-90.612,-38.078,-24.69,-139.95,-218.372,-78.565,98.754,-0.003,-0.323,-0.073,0.087,-0.268,-0.237,-0.07,14.53,2.15,0.17,-0.25,-0.07,0.008,0.551,0.136,-0.154,0.508,0.473,
2026-01-26 05:57:44.026,pick_on_feeder,-545.856,346.731,1205.517,89.277,0.68,-90.615,-38.078,-24.71,-139.954,-218.367,-78.582,98.739,-0.003,-0.293,-0.066,0.078,-0.242,-0.213,-0.03,14.51,2.22,0.28,-0.19,0.04,0.007,0.52,0.128,-0.145,0.478,0.444,
2026-01-26 05:57:44.128,pick_on_feeder,-545.824,346.716,1205.281,89.28,0.678,-90.619,-38.079,-24.732,-139.959,-218.361,-78.6,98.724,-0.003,-0.275,-0.062,0.074,-0.226,-0.199,-0.02,14.58,2.25,0.25,-0.19,-0.05,0.006,0.447,0.11,-0.125,0.414,0.385,
2026-01-26 05:57:44.233,pick_on_feeder,-545.794,346.701,1205.063,89.283,0.676,-90.621,-38.079,-24.752,-139.964,-218.355,-78.616,98.709,-0.003,-0.258,-0.058,0.069,-0.211,-0.185,-0.02,14.68,2.3,0.16,-0.16,-0.1,0.006,0.42,0.103,-0.117,0.387,0.36,
2026-01-26 05:57:44.334,pick_on_feeder,-545.767,346.688,1204.862,89.286,0.674,-90.624,-38.079,-24.771,-139.968,-218.35,-78.631,98.696,-0.002,-0.241,-0.054,0.064,-0.196,-0.172,-0.04,14.56,2.18,0.24,-0.11,0.03,0.005,0.394,0.097,-0.11,0.362,0.336,
2026-01-26 05:57:44.438,pick_on_feeder,-545.741,346.676,1204.669,89.289,0.672,-90.627,-38.079,-24.79,-139.972,-218.345,-78.646,98.684,-0.002,-0.226,-0.051,0.06,-0.183,-0.16,-0.05,14.65,2.1,0.18,-0.1,0.02,0.005,0.362,0.089,-0.101,0.333,0.309,
2026-01-26 05:57:44.540,pick_on_feeder,-545.717,346.664,1204.492,89.291,0.67,-90.629,-38.079,-24.806,-139.976,-218.341,-78.659,98.672,-0.002,-0.211,-0.048,0.056,-0.17,-0.149,-0.01,14.61,2.25,0.22,-0.11,0.0,0.005,0.341,0.083,-0.095,0.312,0.289,
2026-01-26 05:57:44.643,pick_on_feeder,-545.695,346.654,1204.335,89.293,0.668,-90.631,-38.079,-24.821,-139.979,-218.337,-78.67,98.662,-0.002,-0.195,-0.044,0.052,-0.156,-0.137,-0.01,14.67,2.17,0.17,-0.2,0.0,0.004,0.326,0.079,-0.09,0.296,0.274,
2026-01-26 05:57:44.746,pick_on_feeder,-545.674,346.643,1204.179,89.296,0.666,-90.634,-38.08,-24.836,-139.983,-218.333,-78.682,98.652,-0.002,-0.183,-0.041,0.049,-0.146,-0.127,-0.04,14.69,2.17,0.26,-0.2,0.0,0.004,0.294,0.071,-0.082,0.268,0.248,
2026-01-26 05:57:44.850,pick_on_feeder,-545.656,346.635,1204.046,89.298,0.665,-90.635,-38.08,-24.848,-139.985,-218.33,-78.691,98.644,-0.002,-0.168,-0.038,0.045,-0.134,-0.116,-0.06,14.72,2.18,0.22,-0.16,0.01,0.004,0.287,0.069,-0.079,0.259,0.238,
2026-01-26 05:57:44.950,pick_on_feeder,-545.639,346.626,1203.919,89.3,0.663,-90.637,-38.08,-24.86,-139.988,-218.327,-78.701,98.636,-0.002,-0.156,-0.035,0.042,-0.123,-0.107,0.06,14.69,2.11,0.19,-0.15,-0.02,0.003,0.263,0.063,-0.073,0.237,0.218,
2026-01-26 05:57:45.050,pick_on_feeder,-545.623,346.619,1203.806,89.302,0.662,-90.639,-38.08,-24.871,-139.99,-218.324,-78.709,98.629,-0.001,-0.144,-0.032,0.038,-0.113,-0.098,0.02,14.67,2.26,0.15,-0.2,-0.02,0.003,0.251,0.06,-0.069,0.225,0.206,
2026-01-26 05:57:45.152,pick_on_feeder,-545.609,346.612,1203.698,89.303,0.66,-90.64,-38.08,-24.881,-139.993,-218.321,-78.717,98.622,-0.001,-0.133,-0.03,0.035,-0.104,-0.09,0.02,14.67,2.09,0.2,-0.09,0.06,0.003,0.23,0.055,-0.063,0.206,0.189,
2026-01-26 05:57:45.254,pick_on_feeder,-545.595,346.605,1203.598,89.305,0.659,-90.642,-38.08,-24.89,-139.995,-218.319,-78.724,98.616,-0.001,-0.123,-0.028,0.033,-0.096,-0.083,-0.02,14.66,2.2,0.27,-0.11,-0.02,0.003,0.215,0.052,-0.059,0.192,0.176,
2026-01-26 05:57:45.457,pick_on_feeder,-545.571,346.593,1203.419,89.308,0.656,-90.644,-38.08,-24.907,-139.999,-218.314,-78.736,98.605,-0.001,-0.106,-0.024,0.028,-0.081,-0.07,-0.08,14.64,2.17,0.17,-0.1,0.01,0.002,0.185,0.044,-0.051,0.164,0.15,
2026-01-26 05:57:45.659,pick_on_feeder,-545.552,346.584,1203.279,89.311,0.654,-90.646,-38.08,-24.92,-140.002,-218.311,-78.746,98.597,-0.001,-0.088,-0.02,0.023,-0.067,-0.058,0.0,14.67,2.15,0.26,-0.11,0.04,0.002,0.166,0.039,-0.045,0.146,0.132,
2026-01-26 05:57:45.864,pick_on_feeder,-545.534,346.576,1203.148,89.313,0.652,-90.648,-38.08,-24.932,-140.004,-218.308,-78.755,98.589,-0.001,-0.076,-0.017,0.02,-0.058,-0.049,0.06,14.62,2.22,0.23,-0.11,0.05,0.002,0.14,0.033,-0.038,0.123,0.111,
2026-01-26 05:57:46.069,pick_on_feeder,-545.518,346.568,1203.035,89.315,0.651,-90.65,-38.081,-24.943,-140.007,-218.305,-78.763,98.583,-0.001,-0.065,-0.015,0.017,-0.049,-0.042,-0.01,14.64,2.19,0.15,-0.11,-0.05,0.001,0.123,0.029,-0.034,0.107,0.096,
2026-01-26 05:57:46.275,pick_on_feeder,-545.506,346.562,1202.941,89.317,0.649,-90.651,-38.081,-24.951,-140.009,-218.302,-78.769,98.577,-0.001,-0.056,-0.013,0.015,-0.041,-0.035,0.12,14.74,2.15,0.24,-0.08,0.01,0.001,0.105,0.025,-0.029,0.091,0.082,
2026-01-26 05:57:46.477,pick_on_feeder,-545.495,346.557,1202.865,89.319,0.648,-90.652,-38.081,-24.958,-140.01,-218.301,-78.774,98.573,-0.0,-0.047,-0.011,0.012,-0.034,-0.029,-0.03,14.71,2.14,0.26,-0.18,-0.04,0.001,0.094,0.022,-0.026,0.08,0.072,
2026-01-26 05:57:46.680,pick_on_feeder,-545.487,346.553,1202.801,89.32,0.646,-90.653,-38.081,-24.964,-140.012,-218.299,-78.779,98.57,-0.0,-0.039,-0.009,0.01,-0.029,-0.024,-0.03,14.74,2.07,0.21,-0.02,-0.0,0.001,0.081,0.019,-0.022,0.069,0.062,
2026-01-26 05:57:46.883,pick_on_feeder,-545.479,346.55,1202.748,89.321,0.645,-90.654,-38.081,-24.969,-140.013,-218.298,-78.782,98.567,-0.0,-0.033,-0.007,0.009,-0.023,-0.02,0.04,14.7,2.19,0.15,-0.07,-0.06,0.001,0.071,0.017,-0.019,0.059,0.053,
2026-01-26 05:57:47.088,pick_on_feeder,-545.473,346.547,1202.702,89.322,0.644,-90.654,-38.081,-24.974,-140.014,-218.297,-78.785,98.564,-0.0,-0.028,-0.006,0.007,-0.02,-0.016,-0.05,14.71,2.14,0.19,-0.02,0.0,0.001,0.06,0.014,-0.016,0.05,0.045,
2026-01-26 05:57:47.191,pick_to_retreat_feeder,-546.837,347.142,1215.694,88.752,1.181,-90.445,-38.08,-23.829,-139.77,-218.601,-78.298,98.938,0.002,2.84,0.604,-0.756,1.203,0.921,0.06,14.76,2.22,0.14,1.05,0.3,0.008,11.517,2.453,-3.065,4.93,3.787,
2026-01-26 05:57:47.294,pick_to_retreat_feeder,-548.283,347.869,1230.405,88.648,1.312,-90.27,-38.078,-22.438,-139.47,-218.991,-77.114,99.929,0.008,5.609,1.203,-1.541,3.861,3.169,0.02,14.61,2.34,0.03,2.07,0.7,0.026,12.839,2.771,-3.61,11.401,9.586,
2026-01-26 05:57:47.397,pick_to_retreat_feeder,-549.36,348.44,1243.662,88.726,1.232,-90.155,-38.075,-21.161,-139.194,-219.352,-75.857,101.049,0.013,7.397,1.592,-2.059,6.04,5.177,0.07,14.41,2.41,0.02,2.99,0.95,0.026,10.399,2.254,-2.965,11.002,9.913,
2026-01-26 05:57:47.498,pick_to_retreat_feeder,-550.097,348.837,1255.407,88.83,1.111,-90.08,-38.072,-20.033,-138.95,-219.672,-74.712,102.098,0.016,8.368,1.805,-2.345,7.392,6.506,0.02,14.26,2.54,0.01,3.45,1.19,0.021,7.879,1.711,-2.259,8.775,8.216,
2026-01-26 05:57:47.601,pick_to_retreat_feeder,-550.608,349.11,1266.672,88.933,0.985,-90.03,-38.069,-18.958,-138.717,-219.978,-73.617,103.114,0.019,8.965,1.935,-2.523,8.282,7.418,0.17,14.08,2.7,-0.04,3.85,1.26,0.018,6.564,1.426,-1.886,7.401,7.057,
2026-01-26 05:57:47.702,pick_to_retreat_feeder,-550.891,349.257,1276.324,89.019,0.883,-90.004,-38.067,-18.043,-138.519,-220.238,-72.687,103.979,0.02,9.012,1.947,-2.543,8.536,7.727,0.08,13.86,2.9,0.06,4.17,1.44,0.013,4.308,0.937,-1.243,5.006,4.85,
2026-01-26 05:57:47.804,pick_to_retreat_feeder,-551.032,349.324,1285.622,89.097,0.791,-89.993,-38.065,-17.166,-138.329,-220.487,-71.8,104.805,0.02,8.951,1.935,-2.53,8.619,7.86,0.09,13.58,3.17,0.04,4.16,1.39,0.01,3.491,0.76,-1.008,4.075,3.968,
2026-01-26 05:57:47.907,pick_to_retreat_feeder,-551.047,349.319,1294.217,89.165,0.714,-89.994,-38.063,-16.36,-138.155,-220.716,-70.989,105.56,0.02,8.728,1.887,-2.47,8.493,7.782,0.17,13.36,3.25,0.0,4.23,1.47,0.008,2.435,0.53,-0.706,2.914,2.864,
2026-01-26 05:57:48.010,pick_to_retreat_feeder,-550.963,349.259,1302.157,89.224,0.65,-90.005,-38.062,-15.619,-137.994,-220.926,-70.246,106.25,0.019,8.399,1.816,-2.378,8.225,7.561,0.12,13.05,3.47,0.04,4.05,1.4,0.005,1.542,0.337,-0.45,1.932,1.926,
2026-01-26 05:57:48.115,pick_to_retreat_feeder,-550.803,349.155,1309.489,89.274,0.597,-90.023,-38.06,-14.937,-137.847,-221.12,-69.567,106.88,0.018,8.003,1.731,-2.267,7.867,7.246,0.03,12.94,3.78,0.06,3.97,1.4,0.003,0.79,0.173,-0.234,1.107,1.136,
2026-01-26 05:57:48.216,pick_to_retreat_feeder,-550.585,349.019,1316.256,89.316,0.553,-90.046,-38.058,-14.311,-137.711,-221.297,-68.946,107.455,0.017,7.568,1.637,-2.144,7.453,6.873,0.12,12.71,3.82,0.07,3.75,1.33,0.002,0.162,0.037,-0.054,0.418,0.477,
2026-01-26 05:57:48.317,pick_to_retreat_feeder,-550.335,348.864,1322.268,89.35,0.519,-90.071,-38.057,-13.756,-137.591,-221.455,-68.399,107.962,0.016,7.063,1.528,-2.001,6.959,6.421,-0.01,12.42,3.84,0.21,3.61,1.25,-0.0,-0.572,-0.122,0.156,-0.362,-0.263,
2026-01-26 05:57:48.419,pick_to_retreat_feeder,-550.046,348.686,1328.044,89.38,0.491,-90.1,-38.056,-13.225,-137.477,-221.605,-67.877,108.443,0.015,6.625,1.433,-1.877,6.523,6.02,0.1,12.16,4.01,0.13,3.44,1.21,-0.001,-0.749,-0.161,0.208,-0.583,-0.482,
2026-01-26 05:57:48.519,pick_to_retreat_feeder,-549.748,348.504,1333.173,89.403,0.469,-90.13,-38.055,-12.755,-137.375,-221.738,-67.417,108.867,0.014,6.145,1.329,-1.741,6.042,5.575,0.15,12.06,4.21,0.17,3.26,1.13,-0.002,-1.283,-0.276,0.36,-1.145,-1.014,
2026-01-26 05:57:48.620,pick_to_retreat_feeder,-549.427,348.307,1338.098,89.423,0.452,-90.161,-38.054,-12.304,-137.277,-221.866,-66.979,109.27,0.013,5.735,1.24,-1.624,5.627,5.189,0.15,11.9,4.35,0.17,3.07,1.13,-0.003,-1.353,-0.292,0.381,-1.246,-1.118,
2026-01-26 05:57:48.723,pick_to_retreat_feeder,-549.112,348.114,1342.47,89.439,0.439,-90.191,-38.053,-11.905,-137.191,-221.979,-66.593,109.625,0.012,5.298,1.146,-1.5,5.185,4.779,0.16,11.67,4.38,0.1,2.83,1.0,-0.004,-1.734,-0.374,0.49,-1.643,-1.491,
2026-01-26 05:57:48.827,pick_to_retreat_feeder,-548.772,347.906,1346.82,89.452,0.43,-90.222,-38.052,-11.509,-137.106,-222.091,-66.211,109.975,0.011,4.964,1.073,-1.405,4.843,4.459,0.12,11.46,4.58,0.25,2.62,0.91,-0.003,-1.589,-0.343,0.449,-1.524,-1.39,
2026-01-26 05:57:48.929,pick_to_retreat_feeder,-548.448,347.708,1350.674,89.461,0.423,-90.252,-38.051,-11.159,-137.03,-222.189,-65.876,110.282,0.01,4.598,0.994,-1.301,4.471,4.112,0.11,11.36,4.7,0.19,2.36,0.77,-0.004,-1.89,-0.408,0.535,-1.832,-1.678,
2026-01-26 05:57:49.031,pick_to_retreat_feeder,-548.119,347.506,1354.354,89.469,0.42,-90.282,-38.051,-10.825,-136.958,-222.284,-65.558,110.573,0.01,4.283,0.926,-1.211,4.148,3.811,0.01,11.33,4.69,0.16,2.25,0.84,-0.004,-1.864,-0.403,0.528,-1.822,-1.674,
2026-01-26 05:57:49.132,pick_to_retreat_feeder,-547.811,347.316,1357.613,89.473,0.418,-90.31,-38.05,-10.53,-136.894,-222.367,-65.278,110.828,0.009,3.95,0.854,-1.116,3.811,3.497,0.08,11.04,4.82,0.17,2.1,0.77,-0.005,-2.065,-0.447,0.585,-2.024,-1.862,
2026-01-26 05:57:49.234,pick_to_retreat_feeder,-547.492,347.12,1360.836,89.476,0.419,-90.338,-38.049,-10.239,-136.831,-222.449,-65.003,111.079,0.008,3.69,0.798,-1.042,3.545,3.248,0.12,10.92,4.91,0.34,1.9,0.71,-0.004,-1.897,-0.41,0.538,-1.872,-1.726,waypoint
2026-01-26 05:57:49.336,pick_to_retreat_feeder,-548.543,348.778,1371.051,89.099,1.04,-90.006,-38.177,-9.591,-136.38,-223.126,-64.723,111.427,-0.312,4.389,1.726,-2.476,3.359,3.307,0.05,11.64,5.44,-0.36,2.12,1.13,-1.282,1.866,3.512,-5.47,-1.629,-0.573,
2026-01-26 05:57:49.439,pick_to_retreat_feeder,-554.585,358.267,1416.122,87.886,2.464,-87.963,-38.9,-7.083,-134.008,-227.098,-63.572,114.921,-2.042,9.562,7.224,-11.785,5.396,11.214,-0.22,11.37,5.66,-1.07,3.16,2.77,-7.113,20.275,22.37,-37.862,7.237,30.937,
2026-01-26 05:57:49.540,pick_to_retreat_feeder,-557.353,365.459,1455.181,87.508,2.132,-86.501,-39.512,-4.946,-131.984,-230.519,-62.185,119.682,-3.061,12.513,10.479,-17.392,7.514,20.314,-0.13,11.05,6.11,-1.4,3.88,4.14,-5.291,14.532,16.655,-28.574,8.878,40.519,
2026-01-26 05:57:49.640,pick_to_retreat_feeder,-557.909,371.132,1492.002,87.433,1.459,-85.375,-40.073,-2.981,-130.122,-233.676,-60.822,124.59,-3.7,14.297,12.515,-20.937,9.045,27.505,-0.05,10.75,6.44,-1.65,4.57,5.26,-4.259,11.362,13.373,-23.076,7.758,37.936,
2026-01-26 05:57:49.742,pick_to_retreat_feeder,-556.706,375.439,1526.634,87.519,0.799,-84.548,-40.59,-1.175,-128.409,-236.582,-59.55,129.259,-4.066,15.239,13.668,-22.968,9.964,32.301,-0.15,10.27,6.8,-1.86,5.03,5.99,-3.377,8.644,10.538,-18.257,6.062,31.75,
2026-01-26 05:57:49.843,pick_to_retreat_feeder,-554.015,378.655,1560.291,87.704,0.224,-83.96,-41.081,0.548,-126.776,-239.353,-58.337,133.744,-4.279,15.735,14.333,-24.153,10.505,35.439,-0.09,9.73,7.04,-1.89,5.16,6.48,-2.797,6.935,8.683,-15.079,4.866,26.74,
2026-01-26 05:57:49.947,pick_to_retreat_feeder,-550.218,380.781,1591.633,87.941,-0.229,-83.604,-41.532,2.126,-125.28,-241.892,-57.229,137.848,-4.336,15.747,14.49,-24.462,10.647,36.839,-0.08,9.32,7.46,-1.86,5.25,6.65,-2.107,4.802,6.45,-11.253,3.327,20.25,
2026-01-26 05:57:50.048,pick_to_retreat_feeder,-545.617,381.993,1620.726,88.196,-0.575,-83.434,-41.945,3.572,-123.909,-244.218,-56.219,141.59,-4.285,15.426,14.295,-24.162,10.511,36.984,-0.09,8.79,7.76,-1.82,5.12,6.8,-1.519,3.003,4.554,-8.0,2.021,14.605,
2026-01-26 05:57:50.150,pick_to_retreat_feeder,-540.458,382.451,1647.661,88.451,-0.833,-83.414,-42.324,4.898,-122.653,-246.35,-55.298,144.997,-4.161,14.883,13.862,-23.45,10.186,36.257,-0.09,8.37,8.16,-1.9,5.08,6.63,-1.023,1.494,2.952,-5.249,0.928,9.803,
2026-01-26 05:57:50.253,pick_to_retreat_feeder,-534.938,382.294,1672.544,88.691,-1.02,-83.507,-42.671,6.112,-121.502,-248.302,-54.458,148.099,-3.988,14.199,13.275,-22.468,9.739,34.948,-0.13,7.88,8.37,-1.78,4.94,6.52,-0.604,0.237,1.606,-2.937,0.021,5.767,
2026-01-26 05:57:50.357,pick_to_retreat_feeder,-529.643,381.707,1693.856,88.895,-1.141,-83.671,-42.967,7.147,-120.522,-249.963,-53.747,150.722,-3.73,13.235,12.406,-21.005,9.082,32.769,0.02,7.35,8.62,-1.61,4.68,6.25,-0.028,-1.594,-0.268,0.267,-1.267,0.402,
2026-01-26 05:57:50.458,pick_to_retreat_feeder,-524.06,380.738,1714.362,89.082,-1.225,-83.899,-43.25,8.137,-119.583,-251.554,-53.069,153.218,-3.505,12.402,11.651,-19.73,8.506,30.816,-0.01,6.9,8.79,-1.6,4.43,6.01,0.099,-1.871,-0.656,0.948,-1.475,-0.91,
2026-01-26 05:57:50.560,pick_to_retreat_feeder,-518.484,379.484,1733.285,89.245,-1.275,-84.17,-43.51,9.047,-118.72,-253.016,-52.45,155.498,-3.28,11.578,10.895,-18.452,7.929,28.811,-0.08,6.53,8.93,-1.56,4.18,5.63,0.317,-2.482,-1.347,2.14,-1.906,-2.984,
2026-01-26 05:57:50.662,pick_to_retreat_feeder,-513.196,378.075,1750.085,89.378,-1.297,-84.456,-43.741,9.854,-117.956,-254.31,-51.904,157.503,-3.036,10.699,10.081,-17.074,7.312,26.621,-0.05,6.03,9.21,-1.34,3.92,5.36,0.583,-3.277,-2.201,3.605,-2.454,-5.43,
2026-01-26 05:57:50.765,pick_to_retreat_feeder,-507.821,376.454,1766.206,89.493,-1.298,-84.771,-43.962,10.626,-117.225,-255.549,-51.384,159.411,-2.829,9.954,9.39,-15.903,6.784,24.735,-0.08,5.68,9.33,-1.35,3.59,5.01,0.621,-3.29,-2.304,3.796,-2.467,-5.86,
2026-01-26 05:57:50.866,pick_to_retreat_feeder,-502.614,374.725,1781.049,89.587,-1.282,-85.095,-44.165,11.336,-116.552,-256.687,-50.908,161.153,-2.63,9.24,8.724,-14.774,6.277,22.907,-0.08,5.25,9.51,-1.19,3.42,4.71,0.737,-3.584,-2.664,4.419,-2.665,-6.929,
2026-01-26 05:57:50.969,pick_to_retreat_feeder,-497.602,372.927,1794.707,89.661,-1.251,-85.42,-44.352,11.988,-115.934,-257.734,-50.473,162.744,-2.439,8.562,8.089,-13.696,5.795,21.158,0.02,4.95,9.55,-1.09,3.19,4.34,0.826,-3.798,-2.94,4.899,-2.805,-7.748,
2026-01-26 05:57:51.073,pick_to_retreat_feeder,-492.626,371.024,1807.732,89.72,-1.209,-85.754,-44.53,12.61,-115.344,-258.731,-50.061,164.25,-2.275,7.977,7.54,-12.765,5.378,19.634,-0.03,4.69,9.67,-1.02,2.97,4.07,0.831,-3.723,-2.935,4.902,-2.751,-7.821,
2026-01-26 05:57:51.176,pick_to_retreat_feeder,-488.066,369.186,1819.247,89.761,-1.159,-86.068,-44.687,13.16,-114.823,-259.612,-49.698,165.573,-2.1,7.357,6.958,-11.776,4.939,18.031,-0.08,4.35,9.79,-0.98,2.65,3.67,0.954,-4.073,-3.326,5.573,-2.975,-8.879,
2026-01-26 05:57:51.279,pick_to_retreat_feeder,-483.579,367.294,1830.222,89.791,-1.102,-86.384,-44.837,13.684,-114.327,-260.452,-49.354,166.824,-1.95,6.829,6.46,-10.931,4.564,16.653,0.07,3.99,9.89,-0.87,2.55,3.5,0.932,-3.923,-3.237,5.431,-2.866,-8.696,
2026-01-26 05:57:51.381,pick_to_retreat_feeder,-479.5,365.506,1839.919,89.808,-1.042,-86.676,-44.97,14.148,-113.888,-261.193,-49.052,167.923,-1.794,6.28,5.942,-10.053,4.178,15.237,0.03,3.8,9.95,-0.81,2.29,3.22,1.013,-4.139,-3.49,5.865,-2.995,-9.356,
2026-01-26 05:57:51.482,pick_to_retreat_feeder,-475.656,363.766,1848.83,89.817,-0.98,-86.954,-45.092,14.574,-113.484,-261.875,-48.776,168.927,-1.651,5.775,5.466,-9.244,3.824,13.936,0.03,3.45,9.96,-0.73,2.18,3.0,1.018,-4.099,-3.495,5.879,-2.954,-9.374,
2026-01-26 05:57:51.583,pick_to_retreat_feeder,-472.042,362.083,1857.017,89.819,-0.915,-87.218,-45.204,14.965,-113.113,-262.502,-48.524,169.843,-1.519,5.31,5.027,-8.499,3.499,12.743,-0.04,3.27,10.09,-0.6,2.04,2.72,1.014,-4.032,-3.471,5.843,-2.895,-9.307,
2026-01-26 05:57:51.687,pick_to_retreat_feeder,-468.528,360.404,1864.816,89.814,-0.847,-87.477,-45.311,15.339,-112.759,-263.099,-48.284,170.711,-1.407,4.916,4.654,-7.867,3.223,11.726,-0.08,3.05,10.1,-0.62,1.82,2.53,0.965,-3.812,-3.297,5.554,-2.737,-8.865,
2026-01-26 05:57:51.788,pick_to_retreat_feeder,-465.365,358.858,1871.704,89.805,-0.782,-87.711,-45.406,15.669,-112.447,-263.626,-48.074,171.472,-1.292,4.512,4.272,-7.219,2.943,10.699,-0.04,2.78,10.13,-0.53,1.68,2.33,0.993,-3.864,-3.378,5.694,-2.753,-9.039,
2026-01-26 05:57:51.888,pick_to_retreat_feeder,-462.41,357.385,1878.032,89.793,-0.717,-87.931,-45.493,15.972,-112.159,-264.111,-47.882,172.168,-1.186,4.142,3.923,-6.626,2.688,9.762,0.02,2.69,10.18,-0.6,1.47,2.1,0.969,-3.744,-3.292,5.551,-2.658,-8.796,
2026-01-26 05:57:51.990,pick_to_retreat_feeder,-459.756,356.039,1883.63,89.778,-0.655,-88.129,-45.57,16.241,-111.905,-264.54,-47.712,172.779,-1.082,3.778,3.578,-6.042,2.44,8.851,-0.0,2.64,10.2,-0.48,1.42,1.98,0.972,-3.717,-3.292,5.553,-2.622,-8.754,
2026-01-26 05:57:52.090,pick_to_retreat_feeder,-457.277,354.762,1888.789,89.762,-0.594,-88.314,-45.641,16.489,-111.67,-264.935,-47.557,173.34,-0.99,3.453,3.271,-5.521,2.218,8.04,-0.01,2.32,10.29,-0.45,1.21,1.7,0.934,-3.554,-3.161,5.332,-2.5,-8.39,
2026-01-26 05:57:52.192,pick_to_retreat_feeder,-454.964,353.554,1893.544,89.744,-0.535,-88.488,-45.707,16.717,-111.454,-265.3,-47.414,173.853,-0.906,3.161,2.994,-5.053,2.02,7.314,0.09,2.26,10.26,-0.33,1.16,1.72,0.896,-3.391,-3.027,5.108,-2.378,-8.02,
2026-01-26 05:57:52.296,pick_to_retreat_feeder,-452.643,352.326,1898.262,89.724,-0.473,-88.662,-45.772,16.944,-111.239,-265.662,-47.273,174.36,-0.843,2.938,2.783,-4.695,1.867,6.752,-0.04,2.07,10.26,-0.46,1.1,1.45,0.811,-3.068,-2.739,4.624,-2.158,-7.288,
2026-01-26 05:57:52.399,pick_to_retreat_feeder,-450.57,351.216,1902.429,89.704,-0.415,-88.817,-45.83,17.145,-111.049,-265.982,-47.15,174.805,-0.776,2.705,2.562,-4.321,1.71,6.176,-0.04,1.93,10.3,-0.35,0.98,1.32,0.805,-3.025,-2.715,4.583,-2.113,-7.178,
2026-01-26 05:57:52.499,pick_to_retreat_feeder,-448.648,350.175,1906.257,89.684,-0.358,-88.962,-45.882,17.329,-110.874,-266.276,-47.036,175.211,-0.714,2.49,2.359,-3.976,1.565,5.647,0.03,1.84,10.38,-0.2,0.86,1.26,0.771,-2.884,-2.597,4.384,-2.007,-6.846,
2026-01-26 05:57:52.601,pick_to_retreat_feeder,-446.932,349.237,1909.644,89.665,-0.306,-89.09,-45.929,17.492,-110.719,-266.537,-46.937,175.568,-0.653,2.276,2.156,-3.632,1.423,5.128,-0.0,1.69,10.34,-0.27,0.83,1.08,0.755,-2.807,-2.537,4.283,-1.942,-6.651,
2026-01-26 05:57:52.703,pick_to_retreat_feeder,-445.276,348.325,1912.885,89.645,-0.254,-89.215,-45.974,17.649,-110.571,-266.786,-46.842,175.908,-0.602,2.098,1.987,-3.347,1.305,4.696,0.03,1.59,10.3,-0.24,0.73,0.99,0.699,-2.595,-2.349,3.966,-1.795,-6.159,
2026-01-26 05:57:52.808,pick_to_retreat_feeder,-443.744,347.473,1915.864,89.626,-0.205,-89.329,-46.016,17.793,-110.435,-267.015,-46.755,176.218,-0.555,1.933,1.831,-3.083,1.195,4.298,-0.05,1.51,10.33,-0.27,0.72,0.93,0.665,-2.462,-2.233,3.771,-1.697,-5.839,
2026-01-26 05:57:52.910,pick_to_retreat_feeder,-442.327,346.679,1918.6,89.607,-0.157,-89.435,-46.054,17.925,-110.31,-267.225,-46.676,176.502,-0.511,1.78,1.686,-2.838,1.095,3.932,0.01,1.47,10.3,-0.19,0.55,0.95,0.632,-2.331,-2.12,3.579,-1.601,-5.524,waypoint
2026-01-26 05:57:53.011,pick_to_retreat_feeder,-451.749,333.938,1941.837,81.795,-5.041,-87.279,-44.302,17.92,-109.77,-257.093,-47.226,174.875,3.995,1.323,2.613,23.201,-0.556,-1.119,0.25,2.16,11.07,4.15,-1.66,-1.86,18.463,-3.469,2.233,106.645,-7.742,-24.077,
2026-01-26 05:57:53.112,pick_to_retreat_feeder,-462.663,312.974,1983.886,65.936,-8.093,-82.659,-41.066,17.788,-108.873,-237.188,-50.101,165.524,11.086,0.662,4.204,67.164,-7.602,-24.217,0.44,2.5,11.33,7.51,-5.12,-6.21,31.462,-4.393,5.592,193.713,-30.202,-98.909,
2026-01-26 05:57:53.214,pick_to_retreat_feeder,-464.205,298.927,2021.335,50.352,-8.041,-81.528,-37.98,17.658,-108.02,-218.012,-53.752,152.967,16.031,0.171,5.285,98.313,-14.83,-49.554,0.43,2.56,11.36,9.82,-8.06,-10.2,26.821,-3.936,4.587,167.049,-34.956,-121.074,
2026-01-26 05:57:53.315,pick_to_retreat_feeder,-459.694,292.583,2049.749,36.573,-9.398,-84.073,-35.144,17.537,-107.24,-200.346,-57.348,140.225,19.114,-0.173,5.914,117.9,-20.113,-69.02,0.47,2.51,11.29,11.32,-10.28,-13.27,21.636,-3.446,3.399,135.247,-30.906,-110.816,
2026-01-26 05:57:53.418,pick_to_retreat_feeder,-452.397,291.818,2068.825,25.04,-13.948,-88.746,-32.439,17.422,-106.498,-183.498,-60.827,127.718,21.097,-0.417,6.291,130.546,-23.782,-83.033,0.49,2.23,11.03,12.37,-11.6,-15.3,18.158,-3.045,2.681,113.545,-26.645,-97.392,
2026-01-26 05:57:53.519,pick_to_retreat_feeder,-445.179,294.194,2078.025,16.98,-21.386,-94.061,-29.959,17.317,-105.817,-168.059,-64.013,116.191,22.023,-0.576,6.419,136.505,-25.802,-91.093,0.48,2.11,10.82,12.82,-12.33,-16.43,14.094,-2.643,1.795,88.09,-21.052,-77.851,
2026-01-26 05:57:53.619,pick_to_retreat_feeder,-439.781,297.198,2079.122,12.759,-30.275,-99.411,-27.766,17.224,-105.215,-154.418,-66.816,106.03,21.999,-0.664,6.32,136.482,-26.358,-93.722,0.54,1.8,10.55,13.06,-12.83,-17.13,9.813,-2.255,0.835,61.307,-15.109,-56.403,
2026-01-26 05:57:53.721,pick_to_retreat_feeder,-436.419,299.388,2074.151,12.245,-40.194,-105.658,-25.675,17.136,-104.639,-141.42,-69.472,96.398,21.726,-0.719,6.178,134.856,-26.408,-94.37,0.57,1.62,10.31,13.1,-12.92,-17.17,7.81,-1.985,0.48,48.745,-12.133,-45.47,
2026-01-26 05:57:53.825,pick_to_retreat_feeder,-435.377,299.606,2064.882,16.217,-49.809,-113.742,-23.76,17.055,-104.111,-129.513,-71.892,87.63,21.084,-0.741,5.954,130.909,-25.856,-92.697,0.64,1.48,10.28,12.71,-12.71,-17.13,5.282,-1.712,-0.039,32.962,-8.558,-32.285,
2026-01-26 05:57:53.927,pick_to_retreat_feeder,-436.347,297.387,2053.001,25.89,-58.1,-125.47,-22.004,16.981,-103.627,-118.605,-74.097,79.651,20.203,-0.741,5.677,125.453,-24.904,-89.471,0.76,1.33,10.11,12.26,-12.31,-16.65,3.152,-1.473,-0.469,19.678,-5.556,-21.17,
2026-01-26 05:57:54.030,pick_to_retreat_feeder,-438.875,292.683,2039.849,42.623,-63.836,-142.686,-20.395,16.913,-103.182,-108.611,-76.107,72.39,19.174,-0.726,5.37,119.074,-23.704,-85.256,0.77,1.25,10.11,11.78,-11.8,-16.0,1.368,-1.264,-0.821,8.566,-3.05,-11.871,
2026-01-26 05:57:54.133,pick_to_retreat_feeder,-442.634,285.417,2025.929,65.637,-65.768,-164.933,-18.869,16.848,-102.759,-99.131,-78.004,65.55,18.196,-0.706,5.084,113.006,-22.521,-81.043,0.81,1.2,10.1,11.21,-11.26,-15.2,0.406,-1.103,-0.962,2.575,-1.618,-6.48,
2026-01-26 05:57:54.236,pick_to_retreat_feeder,-446.916,276.485,2012.941,86.557,-63.727,175.822,-17.522,16.791,-102.386,-90.769,-79.67,59.557,17.013,-0.672,4.746,105.66,-21.054,-75.763,0.92,1.28,10.01,10.35,-10.65,-14.45,-1.434,-0.917,-1.361,-8.864,0.863,2.652,
2026-01-26 05:57:54.338,pick_to_retreat_feeder,-451.491,266.092,2000.82,101.983,-59.292,162.781,-16.289,16.739,-102.044,-83.107,-81.188,54.104,15.844,-0.634,4.414,98.4,-19.588,-70.456,0.88,1.35,10.1,9.66,-10.11,-13.57,-2.418,-0.778,-1.534,-14.98,2.244,7.776,
2026-01-26 05:57:54.440,pick_to_retreat_feeder,-456.098,254.657,1989.81,112.621,-53.881,155.075,-15.158,16.691,-101.73,-76.086,-82.573,49.141,14.709,-0.595,4.095,91.351,-18.153,-65.249,0.95,1.31,10.06,8.98,-9.36,-12.65,-3.209,-0.657,-1.665,-19.897,3.358,11.901,
2026-01-26 05:57:54.543,pick_to_retreat_feeder,-460.551,242.567,1980.019,120.222,-48.297,150.824,-14.122,16.647,-101.443,-69.654,-83.836,44.624,13.621,-0.556,3.79,84.595,-16.772,-60.229,0.95,1.39,10.1,8.35,-8.72,-11.78,-3.834,-0.551,-1.76,-23.785,4.242,15.172,
2026-01-26 05:57:54.648,pick_to_retreat_feeder,-464.729,230.151,1971.459,126.01,-42.919,148.701,-13.173,16.607,-101.179,-63.759,-84.988,40.513,12.588,-0.517,3.501,78.182,-15.458,-55.449,0.77,1.44,10.12,7.59,-8.12,-10.99,-4.318,-0.459,-1.824,-26.791,4.931,17.715,
2026-01-26 05:57:54.751,pick_to_retreat_feeder,-468.564,217.682,1964.081,130.692,-37.917,147.908,-12.304,16.57,-100.938,-58.358,-86.038,36.772,11.615,-0.48,3.23,72.139,-14.218,-50.94,0.84,1.54,10.19,7.02,-7.56,-10.1,-4.68,-0.38,-1.862,-29.046,5.454,19.638,
2026-01-26 05:57:54.854,pick_to_retreat_feeder,-471.9,205.826,1958.014,134.531,-33.519,147.956,-11.535,16.538,-100.724,-53.585,-86.961,33.487,10.633,-0.442,2.956,66.037,-12.972,-46.417,0.72,1.62,10.21,6.37,-7.1,-9.37,-5.223,-0.299,-1.956,-32.418,6.174,22.241,
2026-01-26 05:57:54.956,pick_to_retreat_feeder,-474.989,193.83,1952.69,138.045,-29.4,148.561,-10.803,16.507,-100.521,-49.036,-87.837,30.377,9.806,-0.409,2.726,60.901,-11.919,-42.588,0.76,1.71,10.2,5.84,-6.39,-8.69,-5.061,-0.254,-1.86,-31.415,6.033,21.763,
2026-01-26 05:57:55.057,pick_to_retreat_feeder,-477.611,182.695,1948.401,141.1,-25.858,149.498,-10.155,16.479,-100.341,-45.015,-88.607,27.646,8.973,-0.375,2.494,55.727,-10.864,-38.768,0.72,1.64,10.22,5.14,-5.99,-8.03,-5.406,-0.193,-1.911,-33.561,6.487,23.383,
2026-01-26 05:57:55.159,pick_to_retreat_feeder,-479.991,171.643,1944.708,144.011,-22.595,150.712,-9.538,16.453,-100.17,-41.183,-89.337,25.061,8.272,-0.347,2.299,51.376,-9.974,-35.539,0.67,1.66,10.21,4.72,-5.47,-7.39,-5.169,-0.161,-1.804,-32.09,6.236,22.496,
2026-01-26 05:57:55.263,pick_to_retreat_feeder,-482.049,161.166,1941.687,146.704,-19.724,152.079,-8.973,16.429,-100.013,-37.672,-90.003,22.708,7.618,-0.32,2.117,47.31,-9.145,-32.537,0.62,1.74,10.27,4.38,-5.07,-6.73,-5.168,-0.123,-1.767,-32.088,6.259,22.569,
2026-01-26 05:57:55.364,pick_to_retreat_feeder,-483.818,151.292,1939.24,149.211,-17.21,153.534,-8.455,16.407,-99.869,-34.454,-90.61,20.566,7.009,-0.295,1.947,43.526,-8.375,-29.757,0.57,1.72,10.42,3.91,-4.72,-6.24,-5.124,-0.09,-1.722,-31.818,6.222,22.426,
2026-01-26 05:57:55.467,pick_to_retreat_feeder,-485.33,142.033,1937.279,151.553,-15.019,155.027,-7.98,16.387,-99.737,-31.506,-91.163,18.617,6.444,-0.272,1.79,40.015,-7.664,-27.191,0.48,1.73,10.41,3.52,-4.14,-5.78,-5.045,-0.063,-1.671,-31.329,6.137,22.107,
2026-01-26 05:57:55.571,pick_to_retreat_feeder,-486.615,133.384,1935.727,153.743,-13.114,156.522,-7.545,16.369,-99.616,-28.805,-91.667,16.842,5.921,-0.25,1.644,36.765,-7.008,-24.829,0.44,1.79,10.38,3.16,-4.0,-5.24,-4.937,-0.04,-1.614,-30.664,6.013,21.647,
2026-01-26 05:57:55.671,pick_to_retreat_feeder,-487.667,125.621,1934.556,155.716,-11.52,157.941,-7.16,16.352,-99.51,-26.417,-92.11,15.285,5.402,-0.228,1.5,33.542,-6.364,-22.517,0.46,1.99,10.37,2.79,-3.61,-4.79,-4.949,-0.014,-1.593,-30.737,6.021,21.647,
2026-01-26 05:57:55.773,pick_to_retreat_feeder,-488.56,118.393,1933.65,157.564,-10.134,159.322,-6.806,16.337,-99.412,-24.222,-92.515,13.862,4.936,-0.209,1.37,30.644,-5.786,-20.445,0.54,1.88,10.23,2.43,-3.27,-4.39,-4.764,0.0,-1.52,-29.59,5.797,20.832,
2026-01-26 05:57:55.876,pick_to_retreat_feeder,-489.316,111.678,1932.962,159.292,-8.931,160.653,-6.481,16.324,-99.322,-22.205,-92.886,12.562,4.514,-0.191,1.253,28.027,-5.266,-18.582,0.38,1.93,10.38,2.27,-2.98,-4.03,-4.573,0.012,-1.448,-28.403,5.564,19.981,
2026-01-26 05:57:55.978,pick_to_retreat_feeder,-489.976,105.221,1932.439,160.966,-7.852,161.973,-6.171,16.311,-99.236,-20.282,-93.237,11.332,4.161,-0.176,1.154,25.828,-4.828,-17.013,0.31,1.89,10.35,1.84,-2.78,-3.63,-4.268,0.018,-1.345,-26.509,5.2,18.674,
2026-01-26 05:57:56.079,pick_to_retreat_feeder,-490.472,99.898,1932.107,162.355,-7.019,163.088,-5.918,16.3,-99.166,-18.708,-93.523,10.331,3.755,-0.159,1.041,23.305,-4.337,-15.262,0.32,1.96,10.43,1.66,-2.5,-3.4,-4.403,0.04,-1.367,-27.35,5.333,19.104,
2026-01-26 05:57:56.180,pick_to_retreat_feeder,-490.926,94.549,1931.864,163.761,-6.233,164.233,-5.664,16.289,-99.095,-17.135,-93.808,9.337,3.45,-0.146,0.956,21.41,-3.964,-13.931,0.27,1.99,10.25,1.37,-2.36,-3.09,-3.965,0.036,-1.231,-24.628,4.816,17.264,
2026-01-26 05:57:56.282,pick_to_retreat_feeder,-491.307,89.606,1931.719,165.068,-5.554,165.311,-5.431,16.279,-99.031,-15.69,-94.068,8.429,3.17,-0.134,0.878,19.672,-3.623,-12.717,0.22,1.99,10.38,1.27,-2.16,-2.75,-3.773,0.041,-1.165,-23.434,4.578,16.398,
2026-01-26 05:57:56.383,pick_to_retreat_feeder,-491.51,86.754,1931.669,165.826,-5.183,165.94,-5.297,16.274,-98.994,-14.859,-94.217,7.91,2.712,-0.115,0.751,16.831,-3.09,-10.836,0.22,1.95,10.31,1.08,-1.92,-2.53,-4.386,0.079,-1.322,-27.237,5.232,18.645,
2026-01-26 05:57:56.485,pick_to_retreat_feeder,-491.733,83.383,1931.643,166.725,-4.763,166.691,-5.139,16.267,-98.95,-13.879,-94.392,7.301,2.429,-0.103,0.673,15.073,-2.755,-9.65,0.28,2.0,10.41,0.89,-1.76,-2.27,-3.707,0.061,-1.124,-23.023,4.448,15.877,
2026-01-26 05:57:56.588,pick_to_retreat_feeder,-491.99,79.153,1931.66,167.86,-4.266,167.644,-4.942,16.258,-98.896,-12.653,-94.61,6.543,2.316,-0.098,0.641,14.371,-2.611,-9.133,0.27,2.0,10.4,0.88,-1.63,-2.13,-2.939,0.038,-0.902,-18.258,3.574,12.802,
2026-01-26 05:57:56.689,pick_to_retreat_feeder,-492.194,75.403,1931.72,168.87,-3.853,168.498,-4.767,16.251,-98.847,-11.569,-94.801,5.877,2.174,-0.092,0.602,13.487,-2.437,-8.514,0.16,1.9,10.26,0.59,-1.48,-1.98,-2.875,0.044,-0.875,-17.857,3.48,12.446,
2026-01-26 05:57:56.790,pick_to_retreat_feeder,-492.37,71.822,1931.817,169.839,-3.484,169.319,-4.6,16.244,-98.801,-10.536,-94.983,5.247,2.047,-0.087,0.566,12.698,-2.282,-7.961,0.19,2.01,10.26,0.46,-1.44,-1.84,-2.669,0.043,-0.811,-16.579,3.232,11.555,
2026-01-26 05:57:56.894,pick_to_retreat_feeder,-492.514,68.534,1931.94,170.732,-3.165,170.079,-4.447,16.238,-98.759,-9.589,-95.149,4.673,1.917,-0.081,0.53,11.89,-2.125,-7.405,0.16,2.02,10.3,0.37,-1.28,-1.58,-2.541,0.045,-0.768,-15.786,3.07,10.966,
2026-01-26 05:57:56.997,pick_to_retreat_feeder,-492.633,65.517,1932.082,171.555,-2.891,170.78,-4.308,16.232,-98.72,-8.722,-95.299,4.151,1.788,-0.076,0.494,11.086,-1.971,-6.86,0.13,2.04,10.3,0.37,-1.26,-1.55,-2.415,0.045,-0.727,-14.999,2.909,10.384,
2026-01-26 05:57:57.098,pick_to_retreat_feeder,-492.73,62.749,1932.237,172.313,-2.654,171.426,-4.179,16.226,-98.685,-7.927,-95.437,3.675,1.661,-0.07,0.459,10.301,-1.822,-6.333,0.03,1.93,10.36,0.1,-1.02,-1.38,-2.29,0.046,-0.686,-14.225,2.752,9.815,
2026-01-26 05:57:57.202,pick_to_retreat_feeder,-492.812,60.12,1932.405,173.034,-2.443,172.042,-4.058,16.221,-98.652,-7.173,-95.567,3.227,1.55,-0.066,0.428,9.611,-1.691,-5.87,0.12,1.96,10.32,0.06,-0.95,-1.34,-2.127,0.044,-0.636,-13.21,2.555,9.107,
2026-01-26 05:57:57.303,pick_to_retreat_feeder,-492.875,57.799,1932.57,173.673,-2.267,172.587,-3.95,16.217,-98.622,-6.508,-95.68,2.835,1.431,-0.06,0.395,8.871,-1.552,-5.383,0.15,1.96,10.26,-0.0,-0.92,-1.17,-2.057,0.046,-0.612,-12.778,2.458,8.751,
2026-01-26 05:57:57.407,pick_to_retreat_feeder,-492.927,55.671,1932.736,174.26,-2.115,173.088,-3.852,16.212,-98.595,-5.899,-95.784,2.478,1.319,-0.056,0.364,8.177,-1.424,-4.931,0.18,2.03,10.32,-0.02,-0.86,-1.07,-1.941,0.045,-0.576,-12.056,2.313,8.228,
2026-01-26 05:57:57.511,pick_to_retreat_feeder,-492.969,53.719,1932.9,174.799,-1.983,173.547,-3.762,16.209,-98.57,-5.34,-95.878,2.153,1.215,-0.051,0.335,7.529,-1.304,-4.511,-0.01,2.04,10.26,-0.2,-0.71,-0.94,-1.829,0.044,-0.541,-11.361,2.174,7.726,
2026-01-26 05:57:57.615,pick_to_retreat_feeder,-493.004,51.867,1933.066,175.312,-1.865,173.983,-3.676,16.205,-98.546,-4.81,-95.968,1.846,1.125,-0.047,0.31,6.972,-1.201,-4.149,-0.0,1.89,10.39,-0.19,-0.62,-0.92,-1.692,0.042,-0.5,-10.511,2.01,7.141,
2026-01-26 05:57:57.718,pick_to_retreat_feeder,-493.031,50.233,1933.222,175.765,-1.766,174.368,-3.601,16.202,-98.526,-4.343,-96.046,1.578,1.033,-0.044,0.285,6.397,-1.096,-3.783,0.14,1.99,10.23,-0.32,-0.57,-0.84,-1.624,0.042,-0.477,-10.084,1.918,6.806,
2026-01-26 05:57:57.820,pick_to_retreat_feeder,-493.052,48.735,1933.371,176.181,-1.679,174.72,-3.531,16.199,-98.507,-3.914,-96.117,1.333,0.947,-0.04,0.261,5.869,-1.0,-3.448,0.11,1.96,10.29,-0.32,-0.66,-0.72,-1.525,0.04,-0.447,-9.467,1.796,6.367,
2026-01-26 05:57:57.922,pick_to_retreat_feeder,-493.069,47.363,1933.514,176.562,-1.604,175.043,-3.468,16.196,-98.489,-3.522,-96.182,1.111,0.869,-0.037,0.239,5.383,-0.913,-3.142,0.02,2.01,10.26,-0.38,-0.64,-0.71,-1.43,0.039,-0.418,-8.879,1.68,5.95,
2026-01-26 05:57:58.025,pick_to_retreat_feeder,-493.083,46.06,1933.654,176.925,-1.536,175.349,-3.408,16.194,-98.473,-3.15,-96.243,0.901,0.802,-0.034,0.221,4.968,-0.838,-2.881,0.07,1.98,10.2,-0.4,-0.5,-0.59,-1.319,0.036,-0.385,-8.192,1.548,5.483,
2026-01-26 05:57:58.126,pick_to_retreat_feeder,-493.094,44.911,1933.783,177.245,-1.479,175.619,-3.355,16.192,-98.458,-2.821,-96.297,0.718,0.734,-0.031,0.202,4.547,-0.763,-2.62,-0.03,2.06,10.31,-0.49,-0.41,-0.6,-1.258,0.035,-0.366,-7.812,1.469,5.194,
2026-01-26 05:57:58.227,pick_to_retreat_feeder,-493.102,43.858,1933.904,177.539,-1.429,175.865,-3.306,16.189,-98.445,-2.52,-96.346,0.551,0.673,-0.028,0.185,4.163,-0.694,-2.383,0.07,2.05,10.32,-0.42,-0.37,-0.52,-1.177,0.034,-0.342,-7.305,1.37,4.84,
2026-01-26 05:57:58.329,pick_to_retreat_feeder,-493.108,42.892,1934.017,177.809,-1.385,176.09,-3.261,16.188,-98.432,-2.244,-96.391,0.398,0.616,-0.026,0.169,3.812,-0.632,-2.167,0.09,2.12,10.23,-0.56,-0.39,-0.44,-1.1,0.032,-0.319,-6.827,1.276,4.506,waypoint
2026-01-26 05:57:58.431,retreat_feeder_to_approach_machine,-486.676,64.568,1928.092,178.058,-1.066,173.624,-5.897,16.469,-99.086,-1.987,-96.33,0.26,-6.126,0.685,-1.508,3.503,-0.322,-1.971,-0.88,2.06,10.1,-0.6,0.18,-0.39,-27.787,2.866,-6.949,-6.327,2.206,4.195,
2026-01-26 05:57:58.530,retreat_feeder_to_approach_machine,-465.759,121.268,1912.061,178.283,-0.775,166.743,-12.958,17.22,-100.843,-1.753,-95.608,0.128,-22.248,2.389,-5.523,3.211,1.563,-1.81,-1.45,1.91,9.87,-0.63,0.96,-0.38,-69.271,7.263,-17.282,-5.932,8.59,3.83,
2026-01-26 05:57:58.633,retreat_feeder_to_approach_machine,-440.327,171.401,1896.695,178.496,-0.765,160.22,-19.658,17.932,-102.512,-1.534,-94.657,-0.002,-33.436,3.573,-8.313,2.956,3.55,-1.682,-1.89,1.68,9.75,-0.62,1.87,-0.43,-58.731,6.159,-14.671,-5.488,10.026,3.475,
2026-01-26 05:57:58.734,retreat_feeder_to_approach_machine,-414.536,210.744,1883.506,178.678,-0.814,154.665,-25.36,18.538,-103.932,-1.348,-93.792,-0.114,-39.331,4.196,-9.785,2.681,4.826,-1.54,-2.19,1.53,9.74,-0.73,2.37,-0.37,-42.871,4.482,-10.72,-5.272,8.168,3.314,
2026-01-26 05:57:58.835,retreat_feeder_to_approach_machine,-386.709,245.047,1870.84,178.851,-0.872,149.364,-30.794,19.116,-105.285,-1.172,-92.956,-0.219,-43.085,4.592,-10.723,2.453,5.709,-1.419,-2.41,1.23,9.7,-0.8,2.72,-0.22,-35.918,3.751,-8.985,-4.833,7.054,3.038,
2026-01-26 05:57:58.936,retreat_feeder_to_approach_machine,-359.767,272.541,1859.571,179.004,-0.923,144.674,-35.598,19.627,-106.482,-1.015,-92.217,-0.312,-44.324,4.721,-11.034,2.23,6.128,-1.297,-2.49,0.96,9.61,-0.81,2.97,-0.29,-26.017,2.705,-6.515,-4.555,5.376,2.862,
2026-01-26 05:57:59.036,retreat_feeder_to_approach_machine,-331.291,296.912,1848.381,179.156,-0.972,140.041,-40.34,20.132,-107.663,-0.861,-91.491,-0.403,-45.096,4.802,-11.228,2.058,6.411,-1.2,-2.45,0.76,9.61,-0.81,3.03,-0.2,-22.79,2.368,-5.707,-4.119,4.712,2.594,
2026-01-26 05:57:59.137,retreat_feeder_to_approach_machine,-304.834,316.03,1838.455,179.29,-1.012,135.949,-44.523,20.577,-108.705,-0.725,-90.854,-0.483,-44.28,4.713,-11.026,1.884,6.401,-1.1,-2.56,0.41,9.65,-0.76,3.03,-0.25,-14.929,1.537,-3.746,-3.889,3.353,2.447,
2026-01-26 05:57:59.239,retreat_feeder_to_approach_machine,-277.853,332.546,1828.667,179.422,-1.048,131.931,-48.627,21.013,-109.727,-0.592,-90.233,-0.561,-43.472,4.626,-10.825,1.747,6.355,-1.019,-2.53,0.17,9.65,-0.69,3.07,-0.21,-12.65,1.3,-3.175,-3.525,2.863,2.223,
2026-01-26 05:57:59.342,retreat_feeder_to_approach_machine,-253.408,345.209,1820.01,179.538,-1.077,128.39,-52.242,21.397,-110.627,-0.474,-89.688,-0.629,-41.639,4.431,-10.369,1.604,6.127,-0.935,-2.36,-0.03,9.65,-0.91,2.91,-0.22,-6.482,0.648,-1.636,-3.332,1.802,2.099,
2026-01-26 05:57:59.443,retreat_feeder_to_approach_machine,-231.414,354.899,1812.342,179.64,-1.1,125.263,-55.43,21.737,-111.422,-0.37,-89.211,-0.689,-39.201,4.171,-9.762,1.463,5.789,-0.85,-2.19,-0.18,9.73,-0.9,2.84,-0.13,-1.578,0.131,-0.413,-3.137,0.954,1.973,
2026-01-26 05:57:59.545,retreat_feeder_to_approach_machine,-210.259,362.799,1805.041,179.737,-1.12,122.294,-58.456,22.058,-112.175,-0.272,-88.76,-0.745,-36.965,3.933,-9.206,1.343,5.468,-0.778,-2.04,-0.36,9.78,-0.77,2.62,-0.18,0.21,-0.056,0.035,-2.876,0.59,1.81,
2026-01-26 05:57:59.645,retreat_feeder_to_approach_machine,-191.425,368.717,1798.58,179.823,-1.135,119.674,-61.126,22.342,-112.84,-0.185,-88.365,-0.794,-34.398,3.659,-8.566,1.225,5.089,-0.706,-1.98,-0.65,9.86,-0.76,2.61,-0.11,3.751,-0.429,0.918,-2.704,-0.022,1.699,
2026-01-26 05:57:59.747,retreat_feeder_to_approach_machine,-175.309,372.978,1793.064,179.896,-1.146,117.441,-63.398,22.584,-113.406,-0.111,-88.03,-0.835,-31.479,3.349,-7.84,1.104,4.653,-0.633,-1.9,-0.82,9.81,-0.75,2.36,-0.19,7.346,-0.808,1.816,-2.563,-0.626,1.605,
2026-01-26 05:57:59.848,retreat_feeder_to_approach_machine,-159.832,376.391,1787.77,179.966,-1.155,115.302,-65.574,22.815,-113.948,-0.04,-87.712,-0.875,-29.051,3.09,-7.235,1.005,4.287,-0.574,-1.77,-0.94,9.98,-0.82,2.25,-0.13,7.572,-0.83,1.873,-2.338,-0.721,1.465,
2026-01-26 05:57:59.949,retreat_feeder_to_approach_machine,-146.117,378.869,1783.072,-179.972,-1.162,113.407,-67.502,23.02,-114.428,0.023,-87.431,-0.91,-26.606,2.83,-6.626,0.911,3.918,-0.517,-1.68,-1.0,9.93,-0.91,2.09,-0.06,9.307,-1.012,2.307,-2.185,-1.029,1.366,
2026-01-26 05:58:00.055,retreat_feeder_to_approach_machine,-132.99,380.766,1778.563,-179.913,-1.168,111.591,-69.347,23.217,-114.888,0.083,-87.163,-0.943,-24.569,2.613,-6.119,0.834,3.607,-0.471,-1.52,-1.18,9.92,-0.9,1.9,-0.09,9.191,-0.997,2.279,-1.993,-1.059,1.246,
2026-01-26 05:58:00.157,retreat_feeder_to_approach_machine,-121.388,382.058,1774.564,-179.86,-1.171,109.983,-70.982,23.39,-115.295,0.137,-86.927,-0.972,-22.512,2.394,-5.606,0.758,3.295,-0.426,-1.44,-1.21,9.96,-0.85,1.83,-0.07,10.386,-1.122,2.578,-1.862,-1.272,1.161,
2026-01-26 05:58:00.259,retreat_feeder_to_approach_machine,-110.305,382.957,1770.728,-179.809,-1.173,108.442,-72.547,23.557,-115.684,0.188,-86.703,-1.0,-20.797,2.212,-5.179,0.696,3.032,-0.389,-1.33,-1.36,9.96,-0.97,1.61,-0.04,10.038,-1.083,2.492,-1.699,-1.256,1.059,
2026-01-26 05:58:00.362,retreat_feeder_to_approach_machine,-100.523,383.478,1767.325,-179.765,-1.174,107.077,-73.933,23.704,-116.029,0.233,-86.505,-1.024,-19.063,2.027,-4.747,0.635,2.769,-0.352,-1.34,-1.49,9.94,-0.93,1.6,-0.11,10.827,-1.166,2.689,-1.587,-1.398,0.987,
2026-01-26 05:58:00.463,retreat_feeder_to_approach_machine,-91.534,383.732,1764.183,-179.724,-1.174,105.817,-75.211,23.84,-116.348,0.275,-86.323,-1.046,-17.493,1.86,-4.356,0.581,2.531,-0.32,-1.1,-1.51,9.99,-0.96,1.51,-0.12,10.82,-1.164,2.688,-1.463,-1.421,0.908,
2026-01-26 05:58:00.564,retreat_feeder_to_approach_machine,-83.592,383.775,1761.393,-179.687,-1.173,104.7,-76.345,23.961,-116.63,0.312,-86.163,-1.066,-15.955,1.697,-3.973,0.528,2.298,-0.289,-1.07,-1.63,10.1,-0.93,1.37,-0.04,11.184,-1.201,2.779,-1.364,-1.492,0.844,
2026-01-26 05:58:00.668,retreat_feeder_to_approach_machine,-75.689,383.65,1758.602,-179.651,-1.172,103.583,-77.478,24.081,-116.912,0.349,-86.004,-1.086,-14.799,1.574,-3.685,0.489,2.122,-0.266,-1.02,-1.66,10.06,-0.89,1.25,-0.13,10.073,-1.082,2.504,-1.228,-1.352,0.761,
2026-01-26 05:58:00.769,retreat_feeder_to_approach_machine,-68.722,383.398,1756.128,-179.618,-1.169,102.594,-78.481,24.188,-117.162,0.381,-85.864,-1.103,-13.607,1.447,-3.388,0.448,1.942,-0.242,-0.93,-1.8,10.06,-0.97,1.19,0.0,10.364,-1.112,2.576,-1.147,-1.407,0.709,
2026-01-26 05:58:00.869,retreat_feeder_to_approach_machine,-62.323,383.051,1753.844,-179.588,-1.167,101.681,-79.407,24.286,-117.393,0.412,-85.735,-1.118,-12.519,1.331,-3.117,0.412,1.779,-0.221,-0.79,-1.85,10.07,-0.92,1.06,0.01,10.106,-1.083,2.513,-1.058,-1.382,0.652,
2026-01-26 05:58:00.972,retreat_feeder_to_approach_machine,-56.445,382.632,1751.735,-179.561,-1.164,100.839,-80.26,24.377,-117.605,0.44,-85.617,-1.133,-11.523,1.225,-2.869,0.379,1.629,-0.202,-0.78,-1.89,10.18,-0.9,1.02,-0.1,9.814,-1.051,2.44,-0.976,-1.349,0.6,
2026-01-26 05:58:01.072,retreat_feeder_to_approach_machine,-51.047,382.162,1749.789,-179.535,-1.161,100.062,-81.048,24.461,-117.801,0.465,-85.508,-1.146,-10.611,1.128,-2.642,0.348,1.493,-0.184,-0.7,-1.88,10.1,-0.94,0.86,-0.07,9.495,-1.017,2.361,-0.9,-1.312,0.552,
2026-01-26 05:58:01.173,retreat_feeder_to_approach_machine,-46.278,381.68,1748.061,-179.513,-1.157,99.373,-81.746,24.535,-117.975,0.488,-85.413,-1.158,-9.704,1.032,-2.416,0.318,1.359,-0.167,-0.64,-1.94,10.19,-0.97,0.76,0.05,9.436,-1.01,2.347,-0.839,-1.308,0.513,
2026-01-26 05:58:01.276,retreat_feeder_to_approach_machine,-41.532,381.136,1746.334,-179.49,-1.153,98.684,-82.444,24.609,-118.149,0.511,-85.318,-1.169,-9.022,0.959,-2.247,0.296,1.257,-0.155,-0.63,-2.05,10.07,-0.91,0.76,-0.09,8.497,-0.909,2.113,-0.755,-1.183,0.462,
2026-01-26 05:58:01.377,retreat_feeder_to_approach_machine,-37.346,380.603,1744.803,-179.47,-1.149,98.074,-83.062,24.675,-118.303,0.531,-85.234,-1.179,-8.311,0.884,-2.07,0.272,1.152,-0.141,-0.66,-1.99,10.17,-0.95,0.64,-0.02,8.447,-0.903,2.101,-0.706,-1.178,0.43,
2026-01-26 05:58:01.478,retreat_feeder_to_approach_machine,-33.499,380.069,1743.391,-179.452,-1.145,97.511,-83.632,24.736,-118.445,0.55,-85.157,-1.189,-7.658,0.814,-1.907,0.251,1.056,-0.129,-0.52,-2.01,10.12,-0.95,0.71,-0.04,8.081,-0.864,2.01,-0.651,-1.129,0.395,
2026-01-26 05:58:01.581,retreat_feeder_to_approach_machine,-29.828,379.519,1742.037,-179.434,-1.141,96.972,-84.177,24.794,-118.58,0.568,-85.084,-1.198,-7.108,0.756,-1.77,0.233,0.975,-0.119,-0.42,-2.04,10.25,-0.86,0.58,-0.07,7.514,-0.803,1.869,-0.593,-1.052,0.36,
2026-01-26 05:58:01.684,retreat_feeder_to_approach_machine,-26.341,378.961,1740.746,-179.417,-1.137,96.457,-84.698,24.849,-118.71,0.585,-85.014,-1.206,-6.632,0.705,-1.651,0.217,0.905,-0.11,-0.41,-2.06,10.28,-0.95,0.47,-0.05,7.018,-0.75,1.746,-0.542,-0.985,0.329,
2026-01-26 05:58:01.788,retreat_feeder_to_approach_machine,-23.269,378.439,1739.605,-179.402,-1.133,96.003,-85.158,24.898,-118.824,0.6,-84.953,-1.213,-6.124,0.651,-1.525,0.201,0.832,-0.101,-0.43,-2.21,10.2,-1.04,0.49,0.02,6.92,-0.739,1.722,-0.508,-0.971,0.306,
2026-01-26 05:58:01.892,retreat_feeder_to_approach_machine,-20.454,377.936,1738.555,-179.388,-1.129,95.585,-85.58,24.943,-118.93,0.614,-84.897,-1.22,-5.65,0.601,-1.407,0.185,0.763,-0.093,-0.43,-2.06,10.16,-0.93,0.47,-0.05,6.599,-0.705,1.642,-0.469,-0.926,0.282,
2026-01-26 05:58:01.993,retreat_feeder_to_approach_machine,-17.968,377.472,1737.625,-179.376,-1.125,95.215,-85.955,24.983,-119.023,0.626,-84.848,-1.226,-5.173,0.55,-1.288,0.169,0.695,-0.084,-0.31,-2.2,10.19,-0.9,0.4,0.03,6.423,-0.686,1.598,-0.438,-0.9,0.262,
2026-01-26 05:58:02.097,retreat_feeder_to_approach_machine,-15.593,377.011,1736.734,-179.365,-1.121,94.86,-86.313,25.021,-119.112,0.638,-84.801,-1.232,-4.777,0.508,-1.189,0.156,0.639,-0.077,-0.35,-2.15,10.18,-1.0,0.28,-0.01,5.939,-0.634,1.478,-0.399,-0.833,0.239,
2026-01-26 05:58:02.197,retreat_feeder_to_approach_machine,-13.496,376.59,1735.944,-179.354,-1.117,94.546,-86.631,25.055,-119.191,0.648,-84.76,-1.237,-4.376,0.465,-1.09,0.143,0.582,-0.07,-0.33,-2.25,10.25,-0.96,0.37,0.03,5.756,-0.614,1.432,-0.373,-0.806,0.222,
2026-01-26 05:58:02.299,retreat_feeder_to_approach_machine,-11.566,376.191,1735.216,-179.345,-1.113,94.257,-86.924,25.086,-119.264,0.658,-84.722,-1.241,-4.014,0.427,-0.999,0.132,0.531,-0.064,-0.25,-2.27,10.24,-0.97,0.29,-0.04,5.427,-0.579,1.35,-0.344,-0.759,0.204,
2026-01-26 05:58:02.400,retreat_feeder_to_approach_machine,-9.79,375.813,1734.544,-179.336,-1.11,93.99,-87.194,25.114,-119.331,0.666,-84.687,-1.245,-3.686,0.392,-0.918,0.121,0.485,-0.059,-0.3,-2.26,10.33,-0.95,0.31,-0.0,5.111,-0.545,1.272,-0.317,-0.714,0.187,
2026-01-26 05:58:02.500,retreat_feeder_to_approach_machine,-8.155,375.457,1733.925,-179.328,-1.106,93.743,-87.443,25.141,-119.393,0.675,-84.655,-1.249,-3.388,0.36,-0.843,0.111,0.444,-0.053,-0.23,-2.34,10.17,-0.95,0.32,0.05,4.81,-0.513,1.197,-0.292,-0.671,0.172,waypoint
2026-01-26 05:58:02.603,retreat_feeder_to_approach_machine,-7.539,389.726,1723.439,-179.264,-0.146,92.395,-87.64,23.809,-119.519,0.716,-84.145,-0.108,-3.033,-3.06,-0.946,0.187,1.61,2.812,-0.27,-2.02,10.23,-1.03,1.88,1.44,4.85,-14.046,0.442,0.072,4.184,11.601,
2026-01-26 05:58:02.705,retreat_feeder_to_approach_machine,-7.62,416.347,1704.862,-179.261,0.413,87.235,-87.791,21.492,-119.697,0.756,-82.142,4.871,-2.652,-8.088,-1.156,0.239,6.214,14.557,-0.31,-1.71,10.1,-0.89,4.05,3.62,4.828,-22.494,-0.131,0.041,18.687,48.826,
2026-01-26 05:58:02.807,retreat_feeder_to_approach_machine,-7.561,441.186,1686.717,-179.285,0.439,80.875,-87.928,19.356,-119.866,0.776,-79.782,11.061,-2.33,-11.406,-1.289,0.23,10.561,26.393,-0.35,-1.18,10.21,-1.04,5.86,5.56,4.488,-18.434,-0.02,-0.154,20.391,56.049,
2026-01-26 05:58:02.911,retreat_feeder_to_approach_machine,-7.369,464.533,1668.487,-179.275,0.337,74.236,-88.057,17.31,-120.029,0.788,-77.383,17.536,-2.072,-13.668,-1.374,0.204,13.919,35.983,-0.4,-0.64,10.18,-0.87,7.18,6.94,4.105,-15.685,0.039,-0.215,18.743,53.299,
2026-01-26 05:58:03.014,retreat_feeder_to_approach_machine,-7.086,484.643,1651.683,-179.234,0.23,68.203,-88.172,15.499,-120.174,0.797,-75.23,23.424,-1.841,-14.779,-1.392,0.174,15.821,41.707,-0.33,-0.06,10.08,-1.0,8.14,7.99,3.846,-11.772,0.218,-0.234,14.402,42.093,
2026-01-26 05:58:03.115,retreat_feeder_to_approach_machine,-6.718,503.341,1635.029,-179.169,0.14,62.395,-88.282,13.764,-120.313,0.804,-73.168,29.093,-1.656,-15.421,-1.391,0.148,17.019,45.454,-0.31,0.72,10.08,-0.91,8.57,8.58,3.51,-9.83,0.256,-0.225,12.051,35.7,
2026-01-26 05:58:03.218,retreat_feeder_to_approach_machine,-6.299,520.015,1619.25,-179.093,0.077,57.066,-88.383,12.17,-120.44,0.81,-71.28,34.295,-1.494,-15.553,-1.362,0.126,17.484,47.093,-0.41,1.28,10.05,-0.95,8.84,8.82,3.247,-7.449,0.342,-0.212,9.11,27.449,
2026-01-26 05:58:03.319,retreat_feeder_to_approach_machine,-5.83,535.433,1603.807,-179.011,0.039,52.011,-88.48,10.649,-120.562,0.816,-69.49,39.228,-1.362,-15.466,-1.325,0.109,17.589,47.653,-0.35,1.93,9.87,-0.87,8.78,8.94,2.969,-5.959,0.368,-0.194,7.224,22.022,
2026-01-26 05:58:03.419,retreat_feeder_to_approach_machine,-5.36,548.664,1589.842,-178.934,0.023,47.57,-88.565,9.305,-120.669,0.821,-67.916,43.562,-1.234,-14.959,-1.263,0.095,17.127,46.574,-0.39,2.61,9.87,-0.92,8.55,8.7,2.784,-3.599,0.473,-0.179,4.337,13.828,
2026-01-26 05:58:03.521,retreat_feeder_to_approach_machine,-4.885,560.491,1576.749,-178.863,0.024,43.512,-88.643,8.07,-120.768,0.826,-66.477,47.521,-1.122,-14.308,-1.194,0.084,16.443,44.829,-0.41,3.07,9.79,-0.99,8.35,8.58,2.574,-2.156,0.512,-0.163,2.556,8.701,
2026-01-26 05:58:03.621,retreat_feeder_to_approach_machine,-4.43,570.69,1564.96,-178.801,0.037,39.94,-88.713,6.976,-120.855,0.831,-65.209,51.005,-1.015,-13.466,-1.113,0.075,15.501,42.331,-0.35,3.75,9.8,-0.88,8.08,8.23,2.406,-0.525,0.575,-0.15,0.584,3.073,
2026-01-26 05:58:03.721,retreat_feeder_to_approach_machine,-3.966,580.212,1553.501,-178.745,0.06,36.541,-88.779,5.928,-120.939,0.836,-64.002,54.32,-0.928,-12.719,-1.044,0.069,14.645,40.036,-0.24,4.27,9.66,-1.0,7.66,7.85,2.194,-0.011,0.555,-0.133,-0.074,1.081,
2026-01-26 05:58:03.822,retreat_feeder_to_approach_machine,-3.515,588.752,1542.825,-178.697,0.09,33.436,-88.84,4.964,-121.015,0.841,-62.897,57.348,-0.849,-11.948,-0.975,0.064,13.744,37.597,-0.2,4.81,9.63,-0.9,7.4,7.55,2.028,0.835,0.567,-0.121,-1.099,-1.899,
2026-01-26 05:58:03.924,retreat_feeder_to_approach_machine,-3.047,596.975,1532.159,-178.654,0.127,30.391,-88.901,4.013,-121.091,0.846,-61.814,60.316,-0.788,-11.338,-0.92,0.061,13.018,35.619,-0.28,5.28,9.55,-0.96,6.89,7.03,1.833,0.876,0.521,-0.105,-1.193,-2.306,
2026-01-26 05:58:04.025,retreat_feeder_to_approach_machine,-2.617,604.059,1522.645,-178.622,0.166,27.723,-88.954,3.174,-121.158,0.851,-60.863,62.917,-0.724,-10.601,-0.857,0.059,12.141,33.216,-0.29,5.74,9.48,-0.88,6.45,6.61,1.721,1.908,0.559,-0.097,-2.404,-5.753,
2026-01-26 05:58:04.128,retreat_feeder_to_approach_machine,-2.194,610.629,1513.53,-178.597,0.208,25.209,-89.005,2.378,-121.221,0.857,-59.965,65.367,-0.67,-9.941,-0.801,0.057,11.349,31.038,-0.21,6.22,9.39,-0.89,6.01,6.14,1.576,2.146,0.538,-0.086,-2.7,-6.679,
2026-01-26 05:58:04.228,retreat_feeder_to_approach_machine,-1.823,616.104,1505.709,-178.58,0.246,23.083,-89.048,1.701,-121.275,0.861,-59.206,67.438,-0.61,-9.15,-0.735,0.055,10.41,28.456,-0.2,6.6,9.29,-0.76,5.61,5.66,1.493,3.118,0.579,-0.082,-3.809,-9.807,
2026-01-26 05:58:04.330,retreat_feeder_to_approach_machine,-1.46,621.221,1498.199,-178.568,0.286,21.07,-89.089,1.055,-121.326,0.866,-58.486,69.399,-0.561,-8.477,-0.679,0.053,9.608,26.244,-0.27,7.03,9.2,-0.95,5.1,5.4,1.364,3.123,0.547,-0.072,-3.821,-9.927,
2026-01-26 05:58:04.432,retreat_feeder_to_approach_machine,-1.145,625.498,1491.764,-178.561,0.321,19.367,-89.124,0.505,-121.369,0.871,-57.876,71.057,-0.508,-7.732,-0.618,0.051,8.731,23.828,-0.18,7.24,9.17,-0.87,4.77,4.94,1.289,3.771,0.569,-0.069,-4.542,-11.961,
2026-01-26 05:58:04.536,retreat_feeder_to_approach_machine,-0.825,629.673,1485.338,-178.558,0.357,17.687,-89.159,-0.041,-121.412,0.875,-57.274,72.693,-0.468,-7.164,-0.571,0.05,8.054,21.96,-0.19,7.61,9.09,-0.82,4.43,4.49,1.162,3.432,0.515,-0.06,-4.162,-10.99,
2026-01-26 05:58:04.637,retreat_feeder_to_approach_machine,-0.548,633.17,1479.839,-178.559,0.389,16.266,-89.189,-0.505,-121.449,0.88,-56.763,74.076,-0.425,-6.535,-0.52,0.048,7.316,19.928,-0.06,7.93,9.01,-0.89,4.12,4.17,1.098,3.901,0.528,-0.058,-4.668,-12.416,
2026-01-26 05:58:04.739,retreat_feeder_to_approach_machine,-0.28,636.469,1474.549,-178.563,0.421,14.913,-89.217,-0.95,-121.484,0.884,-56.277,75.392,-0.39,-6.014,-0.478,0.047,6.702,18.236,-0.12,8.2,8.95,-0.82,3.77,3.89,1.0,3.707,0.491,-0.052,-4.441,-11.845,
2026-01-26 05:58:04.841,retreat_feeder_to_approach_machine,-0.029,639.458,1469.665,-178.569,0.45,13.678,-89.243,-1.36,-121.517,0.888,-55.832,76.594,-0.358,-5.533,-0.439,0.046,6.138,16.682,-0.11,8.5,8.97,-0.76,3.48,3.58,0.923,3.695,0.471,-0.048,-4.412,-11.802,
2026-01-26 05:58:04.945,retreat_feeder_to_approach_machine,0.213,642.268,1464.991,-178.577,0.478,12.507,-89.268,-1.75,-121.547,0.893,-55.411,77.732,-0.331,-5.125,-0.406,0.045,5.658,15.356,-0.1,8.64,8.89,-0.81,3.19,3.21,0.843,3.517,0.439,-0.042,-4.201,-11.261,
2026-01-26 05:58:05.048,retreat_feeder_to_approach_machine,0.429,644.719,1460.845,-178.587,0.503,11.48,-89.29,-2.095,-121.574,0.896,-55.04,78.731,-0.303,-4.706,-0.372,0.044,5.171,14.015,-0.11,8.92,8.86,-0.83,3.05,3.04,0.787,3.618,0.431,-0.041,-4.29,-11.524,
2026-01-26 05:58:05.150,retreat_feeder_to_approach_machine,0.636,647.027,1456.881,-178.598,0.527,10.506,-89.311,-2.423,-121.6,0.9,-54.688,79.677,-0.28,-4.351,-0.344,0.043,4.757,12.876,-0.01,9.16,8.78,-0.8,2.73,2.7,0.719,3.417,0.401,-0.037,-4.052,-10.904,
2026-01-26 05:58:05.256,retreat_feeder_to_approach_machine,0.808,648.896,1453.628,-178.609,0.547,9.714,-89.329,-2.692,-121.621,0.904,-54.402,80.446,-0.253,-3.936,-0.311,0.041,4.284,11.579,-0.03,9.23,8.71,-0.8,2.44,2.54,0.685,3.672,0.408,-0.039,-4.3,-11.581,
2026-01-26 05:58:05.359,retreat_feeder_to_approach_machine,0.961,650.539,1450.731,-178.62,0.564,9.015,-89.344,-2.931,-121.64,0.907,-54.149,81.125,-0.228,-3.55,-0.28,0.038,3.846,10.382,-0.04,9.48,8.76,-0.83,2.22,2.29,0.636,3.606,0.391,-0.037,-4.202,-11.323,
2026-01-26 05:58:05.460,retreat_feeder_to_approach_machine,1.11,652.114,1447.924,-178.632,0.581,8.343,-89.359,-3.163,-121.658,0.91,-53.905,81.778,-0.208,-3.24,-0.255,0.037,3.494,9.419,-0.02,9.5,8.67,-0.84,2.14,2.09,0.577,3.323,0.358,-0.033,-3.876,-10.454,
2026-01-26 05:58:05.561,retreat_feeder_to_approach_machine,1.26,653.673,1445.113,-178.645,0.598,7.675,-89.373,-3.394,-121.676,0.914,-53.663,82.426,-0.193,-3.008,-0.236,0.036,3.226,8.684,-0.09,9.69,8.64,-0.85,1.97,1.95,0.519,2.993,0.323,-0.029,-3.502,-9.455,
2026-01-26 05:58:05.664,retreat_feeder_to_approach_machine,1.398,655.094,1442.524,-178.659,0.613,7.064,-89.387,-3.606,-121.693,0.917,-53.441,83.018,-0.179,-2.787,-0.219,0.035,2.974,7.993,-0.16,9.81,8.51,-0.74,1.79,1.79,0.479,2.88,0.305,-0.027,-3.358,-9.071,
2026-01-26 05:58:05.765,retreat_feeder_to_approach_machine,1.526,656.389,1440.139,-178.672,0.627,6.507,-89.4,-3.801,-121.708,0.92,-53.238,83.558,-0.165,-2.578,-0.202,0.034,2.737,7.346,-0.06,10.03,8.52,-0.88,1.64,1.62,0.442,2.763,0.288,-0.026,-3.212,-8.678,
2026-01-26 05:58:05.867,retreat_feeder_to_approach_machine,1.644,657.57,1437.943,-178.686,0.64,5.998,-89.411,-3.981,-121.722,0.923,-53.053,84.052,-0.153,-2.382,-0.186,0.033,2.517,6.744,-0.04,9.99,8.49,-0.89,1.5,1.63,0.408,2.644,0.272,-0.025,-3.063,-8.279,
2026-01-26 05:58:05.971,retreat_feeder_to_approach_machine,1.757,658.687,1435.847,-178.699,0.652,5.515,-89.422,-4.152,-121.735,0.926,-52.877,84.519,-0.142,-2.215,-0.173,0.032,2.327,6.226,-0.16,10.11,8.5,-0.77,1.42,1.44,0.373,2.463,0.251,-0.022,-2.853,-7.714,
2026-01-26 05:58:06.072,retreat_feeder_to_approach_machine,1.857,659.668,1433.991,-178.712,0.663,5.092,-89.432,-4.303,-121.747,0.928,-52.722,84.93,-0.131,-2.039,-0.159,0.031,2.132,5.696,-0.08,10.26,8.56,-0.75,1.37,1.25,0.348,2.416,0.242,-0.023,-2.78,-7.513,
2026-01-26 05:58:06.174,retreat_feeder_to_approach_machine,1.952,660.596,1432.22,-178.726,0.673,4.69,-89.441,-4.447,-121.758,0.931,-52.575,85.318,-0.121,-1.89,-0.147,0.029,1.966,5.243,0.03,10.33,8.53,-0.86,1.16,1.21,0.318,2.245,0.223,-0.021,-2.582,-6.98,
2026-01-26 05:58:06.274,retreat_feeder_to_approach_machine,2.037,661.411,1430.653,-178.738,0.682,4.338,-89.449,-4.575,-121.768,0.933,-52.446,85.659,-0.111,-1.736,-0.135,0.028,1.797,4.785,-0.06,10.38,8.51,-0.75,1.01,1.16,0.297,2.188,0.214,-0.021,-2.501,-6.757,
2026-01-26 05:58:06.376,retreat_feeder_to_approach_machine,2.118,662.183,1429.158,-178.75,0.69,4.004,-89.457,-4.696,-121.777,0.936,-52.324,85.982,-0.103,-1.606,-0.125,0.027,1.654,4.396,-0.07,10.5,8.51,-0.69,0.9,1.02,0.271,2.029,0.197,-0.019,-2.317,-6.263,
2026-01-26 05:58:06.480,retreat_feeder_to_approach_machine,2.19,662.862,1427.835,-178.762,0.697,3.711,-89.464,-4.804,-121.786,0.938,-52.217,86.265,-0.094,-1.473,-0.114,0.026,1.509,4.005,-0.03,10.53,8.32,-0.7,0.75,0.76,0.253,1.967,0.189,-0.019,-2.233,-6.031,waypoint
2026-01-26 05:58:06.583,retreat_feeder_to_approach_machine,1.18,694.247,1426.496,-178.596,0.685,3.499,-89.403,-6.833,-119.592,0.925,-52.211,86.548,0.081,-6.178,5.399,-0.012,1.146,3.711,-0.17,10.56,8.84,-0.72,0.45,0.88,0.904,-17.449,22.19,-0.165,-3.03,-5.433,
2026-01-26 05:58:06.686,retreat_feeder_to_approach_machine,-0.955,751.199,1422.509,-178.519,0.686,3.276,-89.285,-10.517,-115.5,0.918,-52.537,86.898,0.356,-13.843,14.278,-0.028,0.043,3.659,-0.27,10.98,9.1,-0.77,-0.01,0.74,1.386,-32.251,38.95,-0.099,-6.047,-4.217,
2026-01-26 05:58:06.788,retreat_feeder_to_approach_machine,-3.112,802.603,1415.861,-178.549,0.696,3.043,-89.177,-13.893,-111.75,0.913,-52.938,87.248,0.537,-18.823,20.085,-0.034,-0.969,3.617,-0.24,11.77,9.39,-0.72,-0.44,0.74,1.148,-25.949,31.646,-0.062,-6.181,-3.806,
2026-01-26 05:58:06.889,retreat_feeder_to_approach_machine,-5.171,847.39,1407.629,-178.596,0.706,2.83,-89.081,-16.878,-108.434,0.909,-53.312,87.563,0.642,-21.578,23.353,-0.035,-1.663,3.501,-0.41,12.66,9.45,-0.66,-0.79,0.82,0.908,-19.435,24.129,-0.046,-5.305,-3.763,
2026-01-26 05:58:06.990,retreat_feeder_to_approach_machine,-7.185,887.954,1398.136,-178.643,0.714,2.633,-88.994,-19.622,-105.386,0.905,-53.66,87.854,0.701,-23.043,25.135,-0.035,-2.116,3.353,-0.43,13.79,9.68,-0.61,-0.84,0.69,0.74,-15.086,19.045,-0.038,-4.507,-3.633,
2026-01-26 05:58:07.092,retreat_feeder_to_approach_machine,-9.136,924.659,1387.809,-178.686,0.722,2.453,-88.913,-22.144,-102.583,0.902,-53.979,88.12,0.728,-23.589,25.858,-0.035,-2.386,3.181,-0.42,14.86,9.77,-0.71,-1.08,0.65,0.595,-11.366,14.684,-0.031,-3.772,-3.512,
2026-01-26 05:58:07.193,retreat_feeder_to_approach_machine,-11.08,959.06,1376.56,-178.725,0.728,2.283,-88.836,-24.549,-99.911,0.899,-54.283,88.373,0.738,-23.704,26.073,-0.034,-2.547,3.017,-0.41,16.07,9.95,-0.79,-1.16,0.62,0.498,-9.051,11.905,-0.027,-3.233,-3.299,
2026-01-26 05:58:07.295,retreat_feeder_to_approach_machine,-12.865,988.943,1365.497,-178.759,0.734,2.134,-88.768,-26.675,-97.55,0.896,-54.549,88.595,0.724,-23.092,25.458,-0.033,-2.577,2.818,-0.37,17.29,9.96,-0.71,-1.23,0.53,0.359,-5.354,7.613,-0.021,-2.545,-3.276,
2026-01-26 05:58:07.399,retreat_feeder_to_approach_machine,-14.621,1016.934,1353.99,-178.79,0.738,1.993,-88.703,-28.701,-95.299,0.893,-54.802,88.805,0.705,-22.385,24.721,-0.032,-2.565,2.639,-0.42,18.34,9.93,-0.65,-1.17,0.52,0.291,-3.825,5.747,-0.018,-2.153,-3.066,
2026-01-26 05:58:07.500,retreat_feeder_to_approach_machine,-16.216,1041.246,1343.052,-178.816,0.742,1.87,-88.646,-30.492,-93.309,0.89,-55.025,88.99,0.672,-21.266,23.515,-0.03,-2.48,2.441,-0.39,19.41,10.1,-0.75,-1.26,0.36,0.187,-1.09,2.559,-0.013,-1.632,-3.016,
2026-01-26 05:58:07.602,retreat_feeder_to_approach_machine,-17.379,1058.346,1334.808,-178.834,0.745,1.782,-88.605,-31.771,-91.888,0.889,-55.183,89.121,0.606,-19.147,21.188,-0.027,-2.255,2.158,-0.39,20.35,10.01,-0.6,-1.07,0.58,0.004,4.141,-3.386,-0.005,-0.826,-3.249,
2026-01-26 05:58:07.705,retreat_feeder_to_approach_machine,-18.54,1074.931,1326.361,-178.851,0.748,1.697,-88.564,-33.028,-90.492,0.887,-55.338,89.249,0.555,-17.502,19.382,-0.025,-2.078,1.939,-0.34,21.25,9.93,-0.71,-1.13,0.48,-0.003,3.948,-3.294,-0.004,-0.71,-2.954,
2026-01-26 05:58:07.807,retreat_feeder_to_approach_machine,-19.893,1093.688,1316.249,-178.87,0.751,1.6,-88.518,-34.47,-88.89,0.885,-55.514,89.395,0.532,-16.733,18.542,-0.023,-2.001,1.82,-0.47,22.13,10.0,-0.77,-1.21,0.48,0.056,1.697,-0.903,-0.006,-0.859,-2.478,
2026-01-26 05:58:07.908,retreat_feeder_to_approach_machine,-21.063,1109.416,1307.294,-178.885,0.753,1.519,-88.479,-35.698,-87.526,0.883,-55.664,89.519,0.497,-15.619,17.317,-0.022,-1.875,1.674,-0.36,23.04,9.95,-0.78,-1.01,0.47,-0.018,3.671,-3.194,-0.003,-0.503,-2.455,
2026-01-26 05:58:08.012,retreat_feeder_to_approach_machine,-22.16,1123.765,1298.729,-178.898,0.755,1.444,-88.443,-36.835,-86.263,0.881,-55.802,89.632,0.464,-14.556,16.144,-0.021,-1.751,1.54,-0.35,23.62,9.94,-0.72,-1.09,0.41,-0.045,4.22,-3.892,-0.001,-0.335,-2.309,
2026-01-26 05:58:08.114,retreat_feeder_to_approach_machine,-23.186,1136.864,1290.567,-178.91,0.757,1.375,-88.409,-37.886,-85.095,0.88,-55.929,89.737,0.432,-13.546,15.028,-0.019,-1.631,1.417,-0.38,24.37,9.89,-0.72,-0.98,0.44,-0.068,4.646,-4.445,-0.0,-0.192,-2.169,
2026-01-26 05:58:08.215,retreat_feeder_to_approach_machine,-24.144,1148.828,1282.816,-178.92,0.758,1.312,-88.378,-38.859,-84.014,0.879,-56.046,89.833,0.402,-12.592,13.974,-0.018,-1.516,1.303,-0.17,24.96,9.94,-0.82,-0.94,0.4,-0.086,4.966,-4.873,0.001,-0.073,-2.036,
2026-01-26 05:58:08.318,retreat_feeder_to_approach_machine,-24.894,1158.006,1276.671,-178.928,0.759,1.264,-88.354,-39.614,-83.175,0.877,-56.137,89.908,0.362,-11.332,12.578,-0.016,-1.363,1.163,-0.21,25.53,9.82,-0.87,-0.79,0.24,-0.147,6.649,-6.806,0.004,0.2,-2.052,
2026-01-26 05:58:08.423,retreat_feeder_to_approach_machine,-25.636,1166.934,1270.522,-178.935,0.76,1.217,-88.33,-40.357,-82.351,0.876,-56.225,89.98,0.331,-10.354,11.494,-0.015,-1.244,1.054,-0.29,26.15,9.78,-0.79,-0.74,0.31,-0.137,6.114,-6.27,0.004,0.2,-1.863,
2026-01-26 05:58:08.525,retreat_feeder_to_approach_machine,-26.269,1174.433,1265.223,-178.941,0.761,1.177,-88.31,-40.986,-81.651,0.875,-56.3,90.042,0.299,-9.339,10.369,-0.014,-1.12,0.944,-0.34,26.53,9.75,-0.79,-0.77,0.3,-0.159,6.63,-6.896,0.005,0.317,-1.79,
2026-01-26 05:58:08.630,retreat_feeder_to_approach_machine,-26.898,1181.778,1259.911,-178.947,0.762,1.138,-88.29,-41.608,-80.96,0.875,-56.374,90.102,0.274,-8.56,9.504,-0.012,-1.024,0.859,-0.28,26.94,9.67,-0.84,-0.57,0.25,-0.146,6.04,-6.288,0.004,0.297,-1.621,
2026-01-26 05:58:08.736,retreat_feeder_to_approach_machine,-27.461,1188.274,1255.11,-178.951,0.763,1.103,-88.272,-42.163,-80.344,0.874,-56.439,90.155,0.25,-7.807,8.669,-0.011,-0.931,0.778,-0.2,27.32,9.68,-0.76,-0.61,0.2,-0.153,6.108,-6.405,0.005,0.349,-1.527,
2026-01-26 05:58:08.839,retreat_feeder_to_approach_machine,-28.02,1194.641,1250.308,-178.955,0.764,1.069,-88.254,-42.711,-79.735,0.873,-56.503,90.208,0.231,-7.226,8.025,-0.011,-0.86,0.715,-0.23,27.63,9.62,-0.82,-0.57,0.18,-0.139,5.562,-5.837,0.004,0.324,-1.383,
2026-01-26 05:58:08.941,retreat_feeder_to_approach_machine,-28.521,1200.276,1245.977,-178.959,0.764,1.04,-88.239,-43.201,-79.191,0.872,-56.561,90.255,0.213,-6.643,7.377,-0.01,-0.788,0.653,-0.14,28.09,9.62,-0.83,-0.56,0.19,-0.144,5.598,-5.911,0.005,0.364,-1.304,
2026-01-26 05:58:09.046,retreat_feeder_to_approach_machine,-29.041,1206.069,1241.443,-178.963,0.765,1.009,-88.222,-43.707,-78.628,0.871,-56.62,90.303,0.2,-6.249,6.941,-0.009,-0.739,0.61,-0.14,28.3,9.56,-0.87,-0.52,0.04,-0.124,4.862,-5.124,0.004,0.309,-1.159,
2026-01-26 05:58:09.147,retreat_feeder_to_approach_machine,-29.507,1211.194,1237.361,-178.966,0.766,0.981,-88.208,-44.159,-78.126,0.871,-56.672,90.346,0.186,-5.816,6.46,-0.009,-0.685,0.564,-0.14,28.49,9.53,-0.8,-0.41,0.17,-0.13,4.927,-5.223,0.004,0.344,-1.098,
2026-01-26 05:58:09.251,retreat_feeder_to_approach_machine,-29.966,1216.195,1233.313,-178.968,0.766,0.955,-88.194,-44.603,-77.633,0.87,-56.723,90.387,0.175,-5.472,6.078,-0.008,-0.642,0.528,-0.17,28.79,9.48,-0.84,-0.41,0.1,-0.119,4.512,-4.788,0.004,0.321,-0.997,
2026-01-26 05:58:09.356,retreat_feeder_to_approach_machine,-30.376,1220.622,1229.676,-178.97,0.767,0.931,-88.181,-44.999,-77.194,0.869,-56.769,90.425,0.163,-5.093,5.657,-0.008,-0.595,0.488,-0.03,28.96,9.5,-0.87,-0.42,0.16,-0.123,4.543,-4.845,0.004,0.347,-0.945,
2026-01-26 05:58:09.457,retreat_feeder_to_approach_machine,-30.762,1224.746,1226.24,-178.972,0.767,0.91,-88.169,-45.37,-76.782,0.869,-56.812,90.459,0.152,-4.747,5.273,-0.007,-0.553,0.453,-0.04,29.28,9.43,-0.8,-0.48,0.15,-0.118,4.337,-4.636,0.004,0.342,-0.875,
2026-01-26 05:58:09.560,retreat_feeder_to_approach_machine,-31.124,1228.589,1222.996,-178.974,0.768,0.889,-88.158,-45.718,-76.395,0.868,-56.851,90.491,0.142,-4.43,4.92,-0.007,-0.514,0.42,-0.12,29.4,9.32,-0.88,-0.31,0.16,-0.114,4.135,-4.43,0.004,0.336,-0.811,
2026-01-26 05:58:09.662,retreat_feeder_to_approach_machine,-31.464,1232.171,1219.937,-178.975,0.768,0.87,-88.148,-46.043,-76.033,0.868,-56.888,90.521,0.132,-4.137,4.596,-0.006,-0.478,0.39,0.03,29.67,9.32,-0.8,-0.36,0.11,-0.109,3.939,-4.229,0.004,0.329,-0.752,
2026-01-26 05:58:09.765,retreat_feeder_to_approach_machine,-31.784,1235.511,1217.051,-178.976,0.768,0.853,-88.138,-46.349,-75.694,0.867,-56.923,90.549,0.124,-3.867,4.295,-0.006,-0.445,0.363,-0.02,29.77,9.33,-0.89,-0.35,0.04,-0.105,3.749,-4.033,0.004,0.321,-0.697,
2026-01-26 05:58:09.865,retreat_feeder_to_approach_machine,-32.069,1238.475,1214.463,-178.977,0.769,0.837,-88.129,-46.622,-75.391,0.867,-56.954,90.574,0.115,-3.582,3.978,-0.006,-0.411,0.334,-0.06,29.9,9.36,-0.73,-0.27,0.06,-0.105,3.705,-3.996,0.004,0.327,-0.659,
2026-01-26 05:58:09.968,retreat_feeder_to_approach_machine,-32.352,1241.391,1211.893,-178.978,0.769,0.822,-88.121,-46.891,-75.092,0.866,-56.984,90.599,0.108,-3.36,3.732,-0.005,-0.384,0.312,0.05,30.01,9.32,-0.8,-0.26,0.19,-0.096,3.366,-3.632,0.004,0.299,-0.597,
2026-01-26 05:58:10.071,retreat_feeder_to_approach_machine,-32.617,1244.113,1209.472,-178.979,0.769,0.808,-88.112,-47.143,-74.811,0.866,-57.012,90.622,0.101,-3.151,3.5,-0.005,-0.359,0.291,-0.09,30.24,9.27,-0.76,-0.18,0.1,-0.091,3.198,-3.456,0.004,0.289,-0.554,
2026-01-26 05:58:10.172,retreat_feeder_to_approach_machine,-32.878,1246.776,1207.082,-178.979,0.769,0.794,-88.104,-47.392,-74.536,0.865,-57.04,90.644,0.096,-2.984,3.314,-0.005,-0.338,0.274,-0.08,30.28,9.2,-0.83,-0.27,0.05,-0.084,2.922,-3.159,0.003,0.266,-0.503,
2026-01-26 05:58:10.273,retreat_feeder_to_approach_machine,-33.134,1249.367,1204.736,-178.98,0.77,0.781,-88.097,-47.634,-74.266,0.865,-57.067,90.666,0.091,-2.844,3.159,-0.005,-0.321,0.26,-0.14,30.38,9.18,-0.85,-0.18,0.06,-0.077,2.686,-2.905,0.003,0.247,-0.459,
2026-01-26 05:58:10.375,retreat_feeder_to_approach_machine,-33.361,1251.665,1202.639,-178.98,0.77,0.769,-88.09,-47.85,-74.027,0.865,-57.091,90.685,0.086,-2.673,2.969,-0.004,-0.301,0.243,-0.03,30.43,9.18,-0.77,-0.18,0.02,-0.078,2.683,-2.91,0.003,0.253,-0.438,
2026-01-26 05:58:10.475,retreat_feeder_to_approach_machine,-33.574,1253.804,1200.672,-178.98,0.77,0.758,-88.083,-48.052,-73.802,0.864,-57.113,90.703,0.08,-2.509,2.787,-0.004,-0.281,0.227,-0.01,30.58,9.19,-0.75,-0.22,0.11,-0.075,2.556,-2.776,0.003,0.244,-0.408,
2026-01-26 05:58:10.576,retreat_feeder_to_approach_machine,-33.774,1255.795,1198.827,-178.98,0.77,0.748,-88.077,-48.24,-73.593,0.864,-57.134,90.719,0.075,-2.353,2.614,-0.004,-0.262,0.212,-0.06,30.72,9.15,-0.84,-0.26,0.01,-0.071,2.433,-2.646,0.003,0.235,-0.38,waypoint
2026-01-26 05:58:10.679,approach_machine_to_place,-34.003,1260.716,1197.128,-178.853,0.768,0.74,-88.074,-48.584,-73.058,0.858,-57.198,90.736,0.065,-2.624,3.299,-0.019,-0.357,0.201,-0.05,30.75,9.31,-0.8,-0.37,0.05,-0.091,0.638,0.879,-0.058,-0.222,-0.339,
2026-01-26 05:58:10.779,approach_machine_to_place,-34.246,1268.601,1195.831,-178.734,0.768,0.732,-88.075,-49.096,-72.146,0.851,-57.479,90.753,0.047,-3.247,4.753,-0.03,-0.971,0.192,-0.11,30.89,9.34,-0.82,-0.81,-0.0,-0.123,-1.102,4.554,-0.053,-2.372,-0.31,
2026-01-26 05:58:10.881,approach_machine_to_place,-34.481,1276.06,1194.537,-178.721,0.768,0.722,-88.075,-49.598,-71.249,0.848,-57.861,90.768,0.033,-3.692,5.808,-0.032,-1.683,0.183,-0.14,31.02,9.44,-0.86,-1.26,0.14,-0.111,-0.906,3.954,-0.019,-3.141,-0.286,
2026-01-26 05:58:10.983,approach_machine_to_place,-34.707,1283.2,1193.249,-178.745,0.769,0.713,-88.076,-50.09,-70.371,0.845,-58.27,90.783,0.023,-3.997,6.55,-0.03,-2.286,0.174,-0.15,31.12,9.49,-0.84,-1.44,0.04,-0.1,-0.702,3.36,-0.006,-3.1,-0.269,
2026-01-26 05:58:11.085,approach_machine_to_place,-34.915,1289.762,1192.03,-178.777,0.77,0.705,-88.077,-50.547,-69.554,0.843,-58.662,90.796,0.016,-4.142,6.956,-0.028,-2.692,0.163,-0.15,31.33,9.66,-0.9,-1.58,0.04,-0.089,-0.295,2.423,-0.001,-2.611,-0.257,
2026-01-26 05:58:11.187,approach_machine_to_place,-35.098,1295.545,1190.928,-178.807,0.77,0.698,-88.077,-50.955,-68.826,0.841,-59.012,90.807,0.01,-4.126,7.036,-0.025,-2.895,0.15,-0.09,31.47,9.52,-0.85,-1.74,0.1,-0.079,0.236,1.286,0.002,-1.94,-0.248,
2026-01-26 05:58:11.290,approach_machine_to_place,-35.267,1300.901,1189.884,-178.835,0.771,0.691,-88.078,-51.336,-68.146,0.84,-59.339,90.818,0.006,-4.046,6.977,-0.023,-2.989,0.139,-0.09,31.6,9.67,-0.78,-1.84,-0.01,-0.071,0.48,0.68,0.003,-1.513,-0.232,
2026-01-26 05:58:11.394,approach_machine_to_place,-35.424,1305.866,1188.896,-178.86,0.771,0.686,-88.079,-51.692,-67.511,0.838,-59.644,90.827,0.003,-3.924,6.822,-0.021,-3.004,0.129,-0.11,31.72,9.7,-0.84,-1.84,0.02,-0.064,0.682,0.165,0.003,-1.138,-0.216,
2026-01-26 05:58:11.496,approach_machine_to_place,-35.562,1310.259,1188.006,-178.882,0.772,0.68,-88.079,-52.009,-66.944,0.837,-59.915,90.836,0.001,-3.736,6.532,-0.02,-2.929,0.118,-0.15,31.93,9.69,-0.87,-1.83,0.07,-0.057,1.0,-0.542,0.004,-0.683,-0.206,
2026-01-26 05:58:11.600,approach_machine_to_place,-35.697,1314.546,1187.122,-178.902,0.772,0.675,-88.079,-52.321,-66.388,0.835,-60.179,90.844,-0.0,-3.581,6.29,-0.018,-2.859,0.11,-0.11,32.12,9.66,-0.84,-1.83,0.05,-0.051,0.955,-0.586,0.004,-0.558,-0.187,
2026-01-26 05:58:11.704,approach_machine_to_place,-35.827,1318.707,1186.25,-178.92,0.772,0.67,-88.08,-52.625,-65.844,0.834,-60.437,90.853,-0.001,-3.448,6.078,-0.017,-2.789,0.103,-0.05,32.22,9.64,-0.81,-1.74,-0.04,-0.046,0.93,-0.654,0.003,-0.432,-0.171,
2026-01-26 05:58:11.807,approach_machine_to_place,-35.943,1322.389,1185.466,-178.936,0.773,0.666,-88.08,-52.896,-65.359,0.832,-60.666,90.86,-0.002,-3.264,5.769,-0.016,-2.663,0.095,-0.01,32.24,9.69,-0.84,-1.72,0.06,-0.041,1.171,-1.184,0.004,-0.096,-0.163,
2026-01-26 05:58:11.917,approach_machine_to_place,-36.0,1324.212,1185.074,-178.943,0.773,0.664,-88.08,-53.031,-65.119,0.832,-60.779,90.864,-0.002,-2.785,4.929,-0.014,-2.281,0.081,-0.1,32.39,9.75,-0.85,-1.67,0.02,-0.035,2.417,-3.5,0.011,1.066,-0.183,
2026-01-26 05:58:12.016,approach_machine_to_place,-36.05,1325.809,1184.728,-178.95,0.773,0.662,-88.081,-53.15,-64.907,0.831,-60.879,90.867,-0.002,-2.385,4.226,-0.012,-1.959,0.068,-0.07,32.47,9.68,-0.85,-1.56,0.06,-0.031,2.339,-3.442,0.01,1.099,-0.169,
2026-01-26 05:58:12.119,approach_machine_to_place,-36.126,1328.252,1184.194,-178.959,0.773,0.659,-88.081,-53.332,-64.582,0.83,-61.031,90.872,-0.002,-2.244,3.981,-0.011,-1.85,0.063,-0.06,32.62,9.7,-0.85,-1.5,0.01,-0.029,1.472,-1.967,0.006,0.462,-0.135,
2026-01-26 05:58:12.222,approach_machine_to_place,-36.22,1331.259,1183.53,-178.97,0.773,0.656,-88.081,-53.557,-64.181,0.829,-61.218,90.878,-0.002,-2.245,3.99,-0.011,-1.856,0.063,-0.01,32.65,9.67,-0.85,-1.5,0.02,-0.026,0.895,-1.003,0.003,0.062,-0.111,
2026-01-26 05:58:12.327,approach_machine_to_place,-36.311,1334.183,1182.877,-178.98,0.773,0.652,-88.082,-53.776,-63.788,0.828,-61.401,90.883,-0.003,-2.233,3.973,-0.011,-1.848,0.062,-0.02,32.77,9.61,-0.87,-1.45,0.07,-0.024,0.856,-0.994,0.003,0.106,-0.101,
2026-01-26 05:58:12.427,approach_machine_to_place,-36.387,1336.655,1182.319,-178.988,0.773,0.649,-88.082,-53.963,-63.455,0.827,-61.555,90.888,-0.003,-2.142,3.813,-0.011,-1.772,0.059,-0.09,32.93,9.59,-0.81,-1.29,-0.0,-0.021,1.102,-1.485,0.004,0.377,-0.1,
2026-01-26 05:58:12.531,approach_machine_to_place,-36.466,1339.185,1181.742,-178.995,0.773,0.646,-88.082,-54.155,-63.112,0.826,-61.713,90.893,-0.003,-2.086,3.716,-0.011,-1.724,0.057,0.05,32.92,9.56,-0.81,-1.16,0.01,-0.019,0.939,-1.244,0.003,0.302,-0.089,
2026-01-26 05:58:12.632,approach_machine_to_place,-36.526,1341.119,1181.297,-179.0,0.773,0.644,-88.082,-54.302,-62.85,0.825,-61.834,90.897,-0.003,-1.932,3.444,-0.01,-1.595,0.052,-0.05,33.06,9.61,-0.82,-1.27,0.01,-0.016,1.293,-1.918,0.005,0.645,-0.092,
2026-01-26 05:58:12.735,approach_machine_to_place,-36.585,1343.035,1180.853,-179.005,0.773,0.642,-88.083,-54.448,-62.588,0.824,-61.953,90.901,-0.002,-1.815,3.236,-0.01,-1.495,0.049,-0.07,33.07,9.59,-0.82,-1.14,0.03,-0.015,1.172,-1.741,0.005,0.592,-0.083,
2026-01-26 05:58:12.839,approach_machine_to_place,-36.644,1344.923,1180.413,-179.009,0.773,0.64,-88.083,-54.593,-62.33,0.823,-62.071,90.905,-0.002,-1.723,3.072,-0.009,-1.416,0.046,-0.04,33.2,9.55,-0.83,-1.12,0.0,-0.013,1.072,-1.598,0.004,0.551,-0.075,
2026-01-26 05:58:12.941,approach_machine_to_place,-36.701,1346.772,1179.978,-179.013,0.773,0.638,-88.083,-54.735,-62.077,0.822,-62.186,90.909,-0.002,-1.647,2.939,-0.009,-1.35,0.044,-0.07,33.26,9.52,-0.86,-1.02,0.05,-0.012,0.99,-1.483,0.004,0.521,-0.068,
2026-01-26 05:58:13.045,approach_machine_to_place,-36.757,1348.574,1179.551,-179.016,0.773,0.636,-88.083,-54.874,-61.829,0.822,-62.298,90.912,-0.002,-1.583,2.824,-0.009,-1.293,0.042,-0.04,33.33,9.61,-0.87,-0.96,-0.0,-0.011,0.923,-1.392,0.003,0.5,-0.063,
2026-01-26 05:58:13.147,approach_machine_to_place,-36.808,1350.247,1179.152,-179.018,0.773,0.634,-88.083,-55.003,-61.598,0.821,-62.402,90.916,-0.002,-1.51,2.695,-0.009,-1.23,0.04,-0.06,33.41,9.55,-0.88,-0.9,0.02,-0.009,0.926,-1.423,0.003,0.531,-0.059,
2026-01-26 05:58:13.249,approach_machine_to_place,-36.852,1351.664,1178.812,-179.02,0.773,0.632,-88.084,-55.113,-61.402,0.82,-62.49,90.919,-0.002,-1.408,2.512,-0.008,-1.142,0.037,-0.05,33.41,9.53,-0.93,-0.74,0.04,-0.008,1.028,-1.628,0.004,0.638,-0.058,waypoint
2026-01-26 05:58:13.351,place_on_machine,-36.895,1353.054,1178.476,-179.022,0.773,0.63,-88.084,-55.221,-61.209,0.819,-62.577,90.921,-0.002,-1.326,2.366,-0.008,-1.072,0.035,-0.08,33.45,9.6,-0.94,-0.86,-0.04,-0.007,0.944,-1.5,0.004,0.593,-0.053,
2026-01-26 05:58:13.455,place_on_machine,-36.934,1354.35,1178.162,-179.023,0.773,0.629,-88.084,-55.322,-61.029,0.819,-62.657,90.924,-0.002,-1.246,2.224,-0.007,-1.004,0.032,0.01,33.5,9.52,-0.73,-0.75,-0.0,-0.006,0.921,-1.476,0.004,0.593,-0.05,
2026-01-26 05:58:13.555,place_on_machine,-36.965,1355.334,1177.923,-179.023,0.773,0.628,-88.084,-55.399,-60.892,0.818,-62.718,90.926,-0.002,-1.127,2.011,-0.007,-0.905,0.029,-0.05,33.57,9.54,-0.79,-0.66,-0.0,-0.005,1.07,-1.758,0.005,0.728,-0.051,
2026-01-26 05:58:13.659,place_on_machine,-36.995,1356.318,1177.682,-179.023,0.773,0.627,-88.084,-55.476,-60.754,0.818,-62.778,90.928,-0.002,-1.037,1.851,-0.006,-0.831,0.027,-0.06,33.63,9.49,-0.89,-0.69,0.0,-0.005,0.962,-1.582,0.004,0.657,-0.046,
2026-01-26 05:58:13.762,place_on_machine,-37.026,1357.344,1177.43,-179.023,0.773,0.626,-88.084,-55.556,-60.611,0.817,-62.841,90.93,-0.001,-0.979,1.747,-0.006,-0.781,0.025,-0.04,33.69,9.51,-0.9,-0.6,0.04,-0.004,0.831,-1.362,0.004,0.566,-0.04,
2026-01-26 05:58:13.867,place_on_machine,-37.053,1358.211,1177.217,-179.023,0.773,0.625,-88.084,-55.624,-60.49,0.817,-62.895,90.932,-0.001,-0.904,1.613,-0.006,-0.719,0.023,-0.05,33.74,9.53,-0.89,-0.53,-0.0,-0.004,0.872,-1.446,0.004,0.608,-0.04,
2026-01-26 05:58:13.969,place_on_machine,-37.079,1359.072,1177.004,-179.023,0.773,0.624,-88.084,-55.692,-60.369,0.816,-62.947,90.933,-0.001,-0.847,1.512,-0.005,-0.671,0.022,0.04,33.7,9.44,-0.86,-0.45,-0.04,-0.003,0.788,-1.308,0.004,0.552,-0.036,
2026-01-26 05:58:14.074,place_on_machine,-37.101,1359.798,1176.824,-179.023,0.773,0.623,-88.084,-55.749,-60.267,0.816,-62.992,90.935,-0.001,-0.778,1.388,-0.005,-0.614,0.02,-0.12,33.77,9.55,-0.7,-0.45,0.03,-0.003,0.815,-1.366,0.004,0.581,-0.035,
2026-01-26 05:58:14.179,place_on_machine,-37.122,1360.485,1176.654,-179.022,0.773,0.622,-88.085,-55.803,-60.171,0.816,-63.034,90.936,-0.001,-0.718,1.282,-0.005,-0.565,0.018,0.04,33.79,9.49,-0.86,-0.42,-0.01,-0.003,0.764,-1.283,0.004,0.548,-0.032,
2026-01-26 05:58:14.280,place_on_machine,-37.138,1360.985,1176.529,-179.022,0.773,0.622,-88.085,-55.842,-60.101,0.815,-63.064,90.937,-0.001,-0.637,1.137,-0.004,-0.5,0.016,-0.01,33.69,9.41,-0.86,-0.44,-0.04,-0.002,0.834,-1.417,0.004,0.608,-0.033,
2026-01-26 05:58:14.393,place_on_machine,-37.149,1361.355,1176.437,-179.021,0.773,0.621,-88.085,-55.871,-60.049,0.815,-63.086,90.938,-0.001,-0.551,0.983,-0.004,-0.431,0.014,0.04,33.89,9.42,-0.81,-0.4,0.08,-0.002,0.852,-1.457,0.005,0.626,-0.032,
2026-01-26 05:58:14.493,place_on_machine,-37.158,1361.642,1176.365,-179.021,0.773,0.621,-88.085,-55.894,-60.008,0.815,-63.104,90.938,-0.001,-0.47,0.838,-0.003,-0.367,0.012,-0.1,33.9,9.41,-0.9,-0.39,-0.0,-0.002,0.832,-1.427,0.005,0.614,-0.03,
2026-01-26 05:58:14.594,place_on_machine,-37.168,1361.991,1176.278,-179.021,0.773,0.621,-88.085,-55.921,-59.959,0.815,-63.125,90.939,-0.001,-0.421,0.751,-0.003,-0.328,0.011,-0.05,33.85,9.57,-0.81,-0.31,0.08,-0.001,0.7,-1.198,0.004,0.516,-0.026,
2026-01-26 05:58:14.695,place_on_machine,-37.182,1362.428,1176.169,-179.02,0.773,0.62,-88.085,-55.956,-59.898,0.815,-63.151,90.94,-0.001,-0.402,0.717,-0.003,-0.312,0.01,-0.04,33.85,9.55,-0.84,-0.38,0.07,-0.001,0.561,-0.954,0.003,0.411,-0.022,
2026-01-26 05:58:14.798,place_on_machine,-37.191,1362.719,1176.096,-179.019,0.773,0.62,-88.085,-55.979,-59.857,0.814,-63.169,90.941,-0.001,-0.359,0.641,-0.002,-0.278,0.009,0.05,33.91,9.42,-0.8,-0.36,0.03,-0.001,0.619,-1.063,0.003,0.458,-0.023,
2026-01-26 05:58:14.899,place_on_machine,-37.2,1363.033,1176.017,-179.019,0.772,0.62,-88.085,-56.004,-59.812,0.814,-63.188,90.941,-0.0,-0.331,0.591,-0.002,-0.256,0.008,0.0,33.96,9.46,-0.92,-0.29,-0.15,-0.001,0.539,-0.925,0.003,0.399,-0.02,
2026-01-26 05:58:15.003,place_on_machine,-37.217,1363.574,1175.881,-179.018,0.772,0.619,-88.085,-56.046,-59.736,0.814,-63.22,90.942,-0.001,-0.355,0.634,-0.002,-0.273,0.009,0.0,33.89,9.4,-0.83,-0.26,0.06,-0.001,0.307,-0.513,0.001,0.223,-0.013,
2026-01-26 05:58:15.106,place_on_machine,-37.226,1363.888,1175.802,-179.017,0.772,0.619,-88.085,-56.071,-59.692,0.814,-63.239,90.943,-0.0,-0.329,0.586,-0.002,-0.252,0.008,-0.06,34.02,9.42,-0.9,-0.29,-0.01,-0.001,0.454,-0.779,0.002,0.337,-0.017,
2026-01-26 05:58:15.213,place_on_machine,-37.235,1364.165,1175.732,-179.017,0.772,0.618,-88.085,-56.093,-59.653,0.814,-63.256,90.943,-0.0,-0.301,0.537,-0.002,-0.231,0.008,-0.04,33.92,9.37,-0.85,-0.32,0.02,-0.001,0.439,-0.755,0.002,0.327,-0.016,
2026-01-26 05:58:15.314,place_on_machine,-37.247,1364.563,1175.632,-179.016,0.772,0.618,-88.085,-56.124,-59.597,0.813,-63.28,90.944,-0.0,-0.305,0.544,-0.002,-0.232,0.008,0.03,33.95,9.4,-0.85,-0.31,0.01,-0.001,0.299,-0.508,0.001,0.222,-0.012,
2026-01-26 05:58:15.420,place_on_machine,-37.26,1364.991,1175.524,-179.015,0.772,0.618,-88.085,-56.158,-59.536,0.813,-63.305,90.945,-0.0,-0.313,0.559,-0.002,-0.238,0.008,-0.0,34.03,9.41,-0.87,-0.26,-0.01,-0.001,0.245,-0.414,0.001,0.182,-0.01,
2026-01-26 05:58:15.521,place_on_machine,-37.271,1365.35,1175.433,-179.014,0.772,0.617,-88.085,-56.187,-59.485,0.813,-63.327,90.946,-0.0,-0.306,0.546,-0.002,-0.232,0.008,-0.04,34.01,9.43,-0.92,-0.24,-0.09,-0.001,0.275,-0.471,0.001,0.206,-0.01,
2026-01-26 05:58:15.626,place_on_machine,-37.283,1365.736,1175.335,-179.013,0.772,0.617,-88.085,-56.217,-59.431,0.813,-63.35,90.946,-0.0,-0.306,0.546,-0.002,-0.231,0.008,0.01,33.94,9.41,-0.87,-0.18,0.15,-0.001,0.226,-0.385,0.001,0.17,-0.009,
2026-01-26 05:58:15.730,place_on_machine,-37.294,1366.101,1175.243,-179.012,0.772,0.617,-88.085,-56.246,-59.379,0.812,-63.371,90.947,-0.0,-0.302,0.538,-0.002,-0.228,0.007,0.03,33.98,9.41,-0.86,-0.26,0.03,-0.0,0.22,-0.376,0.001,0.166,-0.008,
2026-01-26 05:58:15.833,place_on_machine,-37.305,1366.466,1175.15,-179.011,0.772,0.616,-88.085,-56.275,-59.327,0.812,-63.393,90.948,-0.0,-0.299,0.533,-0.002,-0.225,0.007,-0.1,33.99,9.5,-0.77,-0.22,-0.01,-0.0,0.198,-0.338,0.001,0.15,-0.008,
2026-01-26 05:58:15.936,place_on_machine,-37.31,1366.641,1175.106,-179.01,0.772,0.616,-88.085,-56.289,-59.303,0.812,-63.403,90.948,-0.0,-0.259,0.462,-0.002,-0.194,0.006,-0.03,33.99,9.4,-0.88,-0.09,0.09,-0.0,0.329,-0.574,0.002,0.247,-0.01,
2026-01-26 05:58:16.036,place_on_machine,-37.317,1366.885,1175.044,-179.009,0.772,0.616,-88.085,-56.308,-59.268,0.812,-63.417,90.949,-0.0,-0.242,0.432,-0.002,-0.181,0.006,-0.13,33.97,9.33,-0.78,-0.2,0.05,-0.0,0.241,-0.419,0.001,0.182,-0.008,
2026-01-26 05:58:16.137,place_on_machine,-37.327,1367.205,1174.962,-179.008,0.772,0.615,-88.085,-56.334,-59.223,0.812,-63.436,90.949,-0.0,-0.245,0.438,-0.002,-0.183,0.006,0.02,33.98,9.48,-0.84,-0.2,-0.08,-0.0,0.156,-0.268,0.001,0.119,-0.006,
2026-01-26 05:58:16.241,place_on_machine,-37.338,1367.557,1174.873,-179.007,0.772,0.615,-88.085,-56.362,-59.173,0.811,-63.457,90.95,-0.0,-0.254,0.453,-0.002,-0.189,0.006,-0.08,34.03,9.35,-0.87,-0.17,0.02,-0.0,0.116,-0.197,0.0,0.09,-0.005,
2026-01-26 05:58:16.343,place_on_machine,-37.344,1367.778,1174.816,-179.006,0.772,0.615,-88.085,-56.379,-59.142,0.811,-63.469,90.95,-0.0,-0.234,0.418,-0.002,-0.174,0.006,-0.04,34.04,9.37,-0.9,-0.14,-0.01,-0.0,0.208,-0.362,0.001,0.158,-0.007,
2026-01-26 05:58:16.450,place_on_machine,-37.352,1368.033,1174.751,-179.005,0.772,0.615,-88.085,-56.4,-59.106,0.811,-63.484,90.951,-0.0,-0.226,0.404,-0.002,-0.167,0.005,-0.02,33.98,9.45,-0.81,-0.21,-0.01,-0.0,0.16,-0.277,0.001,0.122,-0.005,
2026-01-26 05:58:16.555,place_on_machine,-37.357,1368.191,1174.711,-179.004,0.772,0.615,-88.085,-56.412,-59.083,0.811,-63.493,90.951,-0.0,-0.201,0.359,-0.002,-0.148,0.005,-0.01,34.07,9.44,-0.84,-0.21,-0.01,-0.0,0.221,-0.387,0.001,0.167,-0.007,
2026-01-26 05:58:16.659,place_on_machine,-37.364,1368.424,1174.651,-179.003,0.772,0.614,-88.085,-56.431,-59.05,0.811,-63.507,90.952,-0.0,-0.197,0.352,-0.002,-0.145,0.005,-0.01,34.04,9.41,-0.92,-0.09,0.01,-0.0,0.139,-0.242,0.001,0.107,-0.005,
2026-01-26 05:58:16.763,place_on_machine,-37.37,1368.62,1174.601,-179.002,0.772,0.614,-88.086,-56.446,-59.022,0.811,-63.518,90.952,-0.0,-0.187,0.333,-0.002,-0.137,0.004,0.01,34.14,9.36,-0.91,-0.2,-0.07,-0.0,0.155,-0.271,0.001,0.118,-0.005,
2026-01-26 05:58:16.868,place_on_machine,-37.377,1368.842,1174.545,-179.001,0.772,0.614,-88.086,-56.464,-58.991,0.811,-63.531,90.952,-0.0,-0.184,0.329,-0.001,-0.134,0.004,-0.07,34.06,9.46,-0.93,-0.11,0.05,-0.0,0.118,-0.206,0.001,0.092,-0.004,
2026-01-26 05:58:16.971,place_on_machine,-37.382,1369.018,1174.5,-179.0,0.772,0.614,-88.086,-56.478,-58.966,0.811,-63.541,90.953,-0.0,-0.173,0.309,-0.001,-0.126,0.004,-0.05,34.13,9.52,-0.9,-0.16,0.08,-0.0,0.144,-0.252,0.001,0.109,-0.004,
2026-01-26 05:58:17.077,place_on_machine,-37.388,1369.218,1174.448,-178.999,0.772,0.614,-88.086,-56.494,-58.938,0.81,-63.552,90.953,-0.0,-0.169,0.302,-0.001,-0.123,0.004,-0.03,34.02,9.36,-0.87,-0.12,0.05,-0.0,0.11,-0.192,0.001,0.085,-0.004,
2026-01-26 05:58:17.178,place_on_machine,-37.393,1369.396,1174.403,-178.998,0.772,0.613,-88.086,-56.508,-58.912,0.81,-63.563,90.953,-0.0,-0.162,0.29,-0.001,-0.118,0.004,0.01,34.19,9.4,-0.96,-0.09,-0.03,-0.0,0.116,-0.203,0.001,0.089,-0.004,
2026-01-26 05:58:17.280,place_on_machine,-37.399,1369.575,1174.357,-178.997,0.772,0.613,-88.086,-56.522,-58.887,0.81,-63.573,90.954,-0.0,-0.157,0.281,-0.001,-0.113,0.004,0.1,34.09,9.37,-0.82,-0.15,0.05,-0.0,0.104,-0.183,0.001,0.081,-0.003,
2026-01-26 05:58:17.385,place_on_machine,-37.403,1369.725,1174.319,-178.996,0.772,0.613,-88.086,-56.534,-58.866,0.81,-63.581,90.954,-0.0,-0.148,0.264,-0.001,-0.106,0.003,0.03,34.09,9.45,-0.95,-0.13,0.08,0.0,0.116,-0.205,0.001,0.089,-0.003,
2026-01-26 05:58:17.486,place_on_machine,-37.407,1369.859,1174.284,-178.995,0.772,0.613,-88.086,-56.545,-58.847,0.81,-63.589,90.954,-0.0,-0.137,0.245,-0.001,-0.099,0.003,0.04,34.17,9.38,-0.84,0.05,-0.16,0.0,0.118,-0.207,0.001,0.089,-0.003,
2026-01-26 05:58:17.587,place_on_machine,-37.411,1369.986,1174.252,-178.995,0.772,0.613,-88.086,-56.555,-58.829,0.81,-63.596,90.954,-0.0,-0.128,0.229,-0.001,-0.092,0.003,-0.08,34.17,9.44,-0.77,-0.07,0.01,0.0,0.111,-0.196,0.001,0.084,-0.003,
2026-01-26 05:58:17.691,place_on_machine,-37.416,1370.147,1174.21,-178.994,0.772,0.613,-88.086,-56.567,-58.806,0.81,-63.605,90.955,-0.0,-0.128,0.229,-0.001,-0.091,0.003,-0.09,34.15,9.44,-0.91,-0.08,0.08,0.0,0.074,-0.129,0.0,0.057,-0.002,
2026-01-26 05:58:17.807,place_on_machine,-37.42,1370.261,1174.181,-178.993,0.772,0.613,-88.086,-56.577,-58.79,0.81,-63.611,90.955,-0.0,-0.119,0.212,-0.001,-0.084,0.003,0.0,34.12,9.41,-0.84,-0.07,-0.0,0.0,0.103,-0.182,0.001,0.078,-0.003,
2026-01-26 05:58:17.906,place_on_machine,-37.422,1370.334,1174.162,-178.992,0.772,0.613,-88.086,-56.582,-58.78,0.81,-63.615,90.955,-0.0,-0.104,0.185,-0.001,-0.073,0.002,-0.01,34.18,9.39,-0.86,-0.14,0.0,0.0,0.126,-0.222,0.001,0.093,-0.003,
2026-01-26 05:58:18.011,place_on_machine,-37.425,1370.439,1174.135,-178.992,0.772,0.613,-88.086,-56.591,-58.765,0.81,-63.621,90.955,-0.0,-0.099,0.176,-0.001,-0.07,0.002,0.03,34.12,9.36,-0.88,-0.0,0.03,0.0,0.087,-0.155,0.001,0.066,-0.002,
2026-01-26 05:58:18.111,place_on_machine,-37.428,1370.559,1174.105,-178.991,0.772,0.612,-88.086,-56.6,-58.748,0.809,-63.628,90.956,-0.0,-0.098,0.174,-0.001,-0.069,0.002,-0.06,34.13,9.34,-0.83,-0.05,-0.07,0.0,0.067,-0.119,0.0,0.052,-0.002,
2026-01-26 05:58:18.212,place_on_machine,-37.432,1370.671,1174.076,-178.99,0.772,0.612,-88.086,-56.609,-58.732,0.809,-63.634,90.956,-0.0,-0.096,0.171,-0.001,-0.067,0.002,0.02,34.26,9.38,-0.86,-0.08,0.07,0.0,0.066,-0.116,0.0,0.051,-0.002,
2026-01-26 05:58:18.315,place_on_machine,-37.435,1370.772,1174.05,-178.989,0.772,0.612,-88.086,-56.617,-58.718,0.809,-63.639,90.956,-0.0,-0.092,0.164,-0.001,-0.064,0.002,0.12,34.19,9.34,-0.83,-0.05,0.07,0.0,0.069,-0.122,0.0,0.052,-0.002,
2026-01-26 05:58:18.418,place_on_machine,-37.438,1370.878,1174.023,-178.988,0.772,0.612,-88.086,-56.626,-58.702,0.809,-63.645,90.956,-0.0,-0.09,0.16,-0.001,-0.063,0.002,-0.1,34.17,9.42,-0.88,-0.04,-0.01,0.0,0.058,-0.102,0.0,0.044,-0.002,
2026-01-26 05:58:18.523,place_on_machine,-37.441,1370.983,1173.996,-178.988,0.772,0.612,-88.086,-56.634,-58.688,0.809,-63.651,90.956,-0.0,-0.088,0.157,-0.001,-0.061,0.002,-0.01,34.19,9.38,-1.02,-0.02,0.04,0.0,0.053,-0.093,0.0,0.041,-0.001,
2026-01-26 05:58:18.627,place_on_machine,-37.444,1371.077,1173.972,-178.987,0.772,0.612,-88.086,-56.641,-58.674,0.809,-63.656,90.956,-0.0,-0.085,0.151,-0.001,-0.059,0.002,0.0,34.13,9.32,-0.84,-0.14,0.06,0.0,0.057,-0.1,0.0,0.043,-0.002,
2026-01-26 05:58:18.731,place_on_machine,-37.447,1371.17,1173.948,-178.986,0.772,0.612,-88.086,-56.649,-58.661,0.809,-63.661,90.957,-0.0,-0.082,0.146,-0.001,-0.057,0.002,-0.05,34.21,9.44,-0.84,-0.06,0.0,0.0,0.052,-0.092,0.0,0.04,-0.001,
2026-01-26 05:58:18.836,place_on_machine,-37.449,1371.257,1173.926,-178.985,0.772,0.612,-88.086,-56.656,-58.649,0.809,-63.666,90.957,-0.0,-0.079,0.14,-0.001,-0.054,0.002,0.0,34.13,9.37,-0.94,0.01,0.08,0.0,0.051,-0.091,0.0,0.039,-0.001,
2026-01-26 05:58:18.941,place_on_machine,-37.452,1371.338,1173.905,-178.985,0.772,0.612,-88.086,-56.662,-58.637,0.809,-63.67,90.957,-0.0,-0.075,0.134,-0.001,-0.051,0.002,-0.05,34.18,9.38,-0.89,-0.01,-0.04,0.0,0.05,-0.089,0.0,0.038,-0.001,
2026-01-26 05:58:19.042,place_on_machine,-37.454,1371.411,1173.886,-178.984,0.772,0.612,-88.086,-56.668,-58.627,0.809,-63.674,90.957,-0.0,-0.071,0.126,-0.001,-0.048,0.002,-0.05,34.19,9.37,-0.9,-0.02,0.0,0.0,0.052,-0.093,0.0,0.039,-0.001,
2026-01-26 05:58:19.146,place_on_machine,-37.455,1371.451,1173.876,-178.984,0.772,0.612,-88.086,-56.671,-58.622,0.809,-63.676,90.957,-0.0,-0.061,0.109,-0.001,-0.042,0.001,-0.01,34.16,9.47,-0.89,-0.02,0.02,0.0,0.073,-0.13,0.001,0.053,-0.002,
2026-01-26 05:58:19.566,place_on_machine,-37.459,1371.576,1173.844,-178.983,0.772,0.612,-88.086,-56.681,-58.604,0.809,-63.683,90.957,-0.0,-0.036,0.064,-0.0,-0.024,0.001,-0.05,34.19,9.27,-0.86,-0.02,-0.05,0.0,0.055,-0.098,0.0,0.039,-0.001,
2026-01-26 05:58:20.084,place_on_machine,-37.462,1371.689,1173.814,-178.981,0.772,0.612,-88.086,-56.69,-58.588,0.809,-63.689,90.958,-0.0,-0.022,0.039,-0.0,-0.015,0.0,-0.03,34.15,9.37,-0.84,0.04,-0.06,0.0,0.036,-0.063,0.0,0.025,-0.001,
2026-01-26 05:58:20.497,place_on_machine,-37.466,1371.817,1173.782,-178.98,0.772,0.611,-88.086,-56.7,-58.57,0.808,-63.695,90.958,-0.0,-0.025,0.045,-0.0,-0.017,0.001,-0.12,34.16,9.49,-0.86,0.04,0.07,0.0,0.012,-0.021,0.0,0.009,-0.0,
2026-01-26 05:58:21.014,place_on_machine,-37.472,1371.995,1173.736,-178.978,0.772,0.611,-88.086,-56.714,-58.545,0.808,-63.704,90.958,-0.0,-0.027,0.048,-0.0,-0.018,0.001,-0.14,34.25,9.37,-0.9,0.0,-0.15,0.0,0.01,-0.018,0.0,0.008,-0.0,
2026-01-26 05:58:21.430,place_on_machine,-37.475,1372.107,1173.707,-178.977,0.772,0.611,-88.086,-56.723,-58.529,0.808,-63.71,90.958,-0.0,-0.024,0.042,-0.0,-0.015,0.001,0.01,34.16,9.34,-0.87,0.03,-0.04,0.0,0.008,-0.014,0.0,0.006,-0.0,
2026-01-26 05:58:21.947,place_on_machine,-37.478,1372.221,1173.678,-178.976,0.772,0.611,-88.086,-56.732,-58.513,0.808,-63.716,90.958,-0.0,-0.019,0.033,-0.0,-0.012,0.0,0.1,34.19,9.4,-0.79,0.01,-0.01,0.0,0.012,-0.021,0.0,0.008,-0.0,
2026-01-26 05:58:22.358,place_on_machine,-37.48,1372.289,1173.661,-178.975,0.772,0.611,-88.086,-56.737,-58.503,0.808,-63.719,90.959,-0.0,-0.015,0.027,-0.0,-0.009,0.0,-0.04,34.18,9.43,-0.79,0.07,0.0,0.0,0.01,-0.017,0.0,0.007,-0.0,
2026-01-26 05:58:22.884,place_on_machine,-37.482,1372.342,1173.647,-178.974,0.772,0.611,-88.086,-56.741,-58.496,0.808,-63.722,90.959,-0.0,-0.01,0.017,-0.0,-0.006,0.0,0.0,34.19,9.31,-0.91,-0.0,0.08,0.0,0.011,-0.019,0.0,0.007,-0.0,
2026-01-26 05:58:23.406,place_on_machine,-37.484,1372.397,1173.633,-178.973,0.771,0.611,-88.086,-56.746,-58.488,0.808,-63.724,90.959,-0.0,-0.009,0.015,-0.0,-0.005,0.0,0.04,34.17,9.43,-0.83,0.0,0.04,0.0,0.006,-0.01,0.0,0.004,-0.0,
2026-01-26 05:58:23.507,place_to_retreat_machine,-37.477,1370.169,1173.621,-179.099,0.774,0.609,-88.084,-56.605,-58.779,0.814,-63.699,90.958,0.006,0.345,-0.716,0.016,0.059,-0.001,0.02,34.54,8.94,-0.82,0.3,0.0,0.023,1.42,-2.935,0.065,0.261,-0.004,
2026-01-26 05:58:23.611,place_to_retreat_machine,-37.438,1362.51,1173.542,-179.34,0.777,0.608,-88.075,-56.099,-59.829,0.826,-63.397,90.956,0.025,1.523,-3.161,0.04,0.8,-0.007,0.04,34.35,8.76,-0.87,0.9,0.04,0.082,4.927,-10.224,0.105,3.006,-0.025,
2026-01-26 05:58:23.717,place_to_retreat_machine,-37.399,1355.498,1173.451,-179.4,0.778,0.609,-88.067,-55.62,-60.824,0.832,-62.94,90.954,0.039,2.34,-4.86,0.046,1.742,-0.011,-0.01,34.32,8.51,-0.86,1.45,-0.06,0.07,4.169,-8.664,0.047,4.249,-0.021,
2026-01-26 05:58:23.818,place_to_retreat_machine,-37.359,1349.279,1173.36,-179.393,0.779,0.61,-88.06,-55.193,-61.714,0.836,-62.471,90.952,0.047,2.824,-5.868,0.045,2.479,-0.012,-0.07,34.22,8.4,-0.97,1.98,0.03,0.054,3.238,-6.733,0.02,3.946,-0.011,
2026-01-26 05:58:23.920,place_to_retreat_machine,-37.315,1342.982,1173.261,-179.36,0.78,0.61,-88.053,-54.762,-62.61,0.84,-61.973,90.951,0.054,3.195,-6.641,0.043,3.103,-0.012,0.02,34.03,8.45,-1.03,2.36,0.0,0.049,2.946,-6.128,0.012,3.839,-0.005,
2026-01-26 05:58:24.021,place_to_retreat_machine,-37.267,1336.62,1173.157,-179.318,0.78,0.611,-88.045,-54.331,-63.507,0.843,-61.465,90.95,0.058,3.474,-7.223,0.04,3.598,-0.011,0.04,33.92,8.34,-0.95,2.74,0.04,0.045,2.654,-5.522,0.008,3.561,-0.001,
2026-01-26 05:58:24.122,place_to_retreat_machine,-37.22,1330.879,1173.059,-179.277,0.781,0.611,-88.039,-53.946,-64.307,0.846,-61.008,90.95,0.06,3.568,-7.418,0.037,3.84,-0.009,0.1,33.85,8.22,-0.86,2.86,0.01,0.032,1.926,-4.006,0.003,2.687,0.002,
2026-01-26 05:58:24.226,place_to_retreat_machine,-37.172,1325.385,1172.963,-179.238,0.781,0.611,-88.033,-53.582,-65.065,0.849,-60.576,90.95,0.06,3.586,-7.458,0.035,3.961,-0.007,0.01,33.7,8.02,-0.95,2.93,0.02,0.026,1.527,-3.178,0.001,2.176,0.003,
2026-01-26 05:58:24.329,place_to_retreat_machine,-37.118,1319.528,1172.857,-179.198,0.781,0.611,-88.026,-53.197,-65.863,0.852,-60.121,90.949,0.061,3.65,-7.59,0.033,4.108,-0.006,0.07,33.47,8.22,-0.88,3.05,-0.04,0.026,1.573,-3.273,0.003,2.186,0.004,
2026-01-26 05:58:24.434,place_to_retreat_machine,-37.064,1313.958,1172.754,-179.161,0.781,0.611,-88.02,-52.836,-66.615,0.854,-59.694,90.949,0.061,3.641,-7.571,0.032,4.148,-0.005,0.15,33.4,8.13,-0.96,3.05,-0.03,0.02,1.187,-2.47,0.001,1.684,0.004,
2026-01-26 05:58:24.535,place_to_retreat_machine,-37.013,1308.938,1172.66,-179.13,0.781,0.61,-88.015,-52.514,-67.285,0.857,-59.315,90.949,0.059,3.536,-7.354,0.03,4.059,-0.004,-0.0,33.31,8.2,-0.91,3.02,0.09,0.011,0.68,-1.414,-0.002,1.044,0.003,
2026-01-26 05:58:24.640,place_to_retreat_machine,-36.96,1303.9,1172.563,-179.1,0.782,0.61,-88.01,-52.193,-67.952,0.859,-58.939,90.949,0.058,3.453,-7.182,0.029,3.985,-0.004,-0.11,33.16,8.18,-0.76,3.01,-0.05,0.01,0.593,-1.234,-0.001,0.905,0.003,
2026-01-26 05:58:24.741,place_to_retreat_machine,-36.91,1299.364,1172.475,-179.075,0.782,0.61,-88.005,-51.907,-68.547,0.862,-58.605,90.949,0.056,3.305,-6.874,0.027,3.824,-0.003,0.02,32.91,8.14,-0.75,2.75,0.06,0.003,0.189,-0.393,-0.003,0.398,0.003,
2026-01-26 05:58:24.843,place_to_retreat_machine,-36.861,1295.05,1172.389,-179.052,0.782,0.61,-88.0,-51.638,-69.108,0.864,-58.29,90.948,0.053,3.153,-6.558,0.026,3.654,-0.003,0.02,32.87,8.12,-0.93,2.79,-0.03,0.0,0.008,-0.018,-0.004,0.158,0.002,
2026-01-26 05:58:24.946,place_to_retreat_machine,-36.813,1290.95,1172.307,-179.031,0.782,0.61,-87.996,-51.383,-69.637,0.866,-57.995,90.948,0.05,3.002,-6.243,0.025,3.48,-0.002,-0.03,32.71,8.15,-0.89,2.72,0.01,-0.002,-0.145,0.301,-0.005,-0.046,0.002,
2026-01-26 05:58:25.049,place_to_retreat_machine,-36.764,1286.844,1172.223,-179.011,0.782,0.61,-87.992,-51.13,-70.164,0.868,-57.702,90.948,0.048,2.884,-5.998,0.024,3.342,-0.002,0.05,32.49,8.18,-0.9,2.48,0.05,-0.002,-0.145,0.302,-0.004,-0.068,0.002,
2026-01-26 05:58:25.152,place_to_retreat_machine,-36.716,1282.955,1172.143,-178.994,0.782,0.609,-87.988,-50.892,-70.659,0.87,-57.427,90.948,0.046,2.758,-5.736,0.023,3.192,-0.002,0.01,32.43,8.19,-0.81,2.43,0.09,-0.005,-0.281,0.585,-0.005,-0.246,0.002,
2026-01-26 05:58:25.254,place_to_retreat_machine,-36.67,1279.275,1172.067,-178.979,0.781,0.609,-87.984,-50.668,-71.124,0.872,-57.17,90.948,0.044,2.628,-5.466,0.022,3.037,-0.002,0.04,32.37,8.2,-0.92,2.34,-0.02,-0.007,-0.395,0.822,-0.005,-0.394,0.001,
2026-01-26 05:58:25.356,place_to_retreat_machine,-36.627,1275.971,1171.998,-178.966,0.781,0.609,-87.981,-50.468,-71.54,0.874,-56.942,90.948,0.042,2.471,-5.138,0.021,2.849,-0.002,0.07,32.25,8.19,-0.86,2.26,0.05,-0.01,-0.596,1.241,-0.006,-0.64,0.001,
2026-01-26 05:58:25.457,place_to_retreat_machine,-36.584,1272.668,1171.928,-178.954,0.781,0.609,-87.977,-50.269,-71.953,0.875,-56.715,90.947,0.039,2.35,-4.886,0.02,2.703,-0.002,-0.06,32.11,8.24,-0.71,2.12,-0.07,-0.009,-0.548,1.14,-0.006,-0.597,0.001,
2026-01-26 05:58:25.562,place_to_retreat_machine,-36.545,1269.705,1171.865,-178.944,0.781,0.609,-87.974,-50.092,-72.322,0.877,-56.514,90.947,0.037,2.205,-4.586,0.019,2.531,-0.002,-0.03,32.04,8.2,-0.79,2.08,0.05,-0.012,-0.707,1.471,-0.007,-0.788,0.001,
2026-01-26 05:58:25.662,place_to_retreat_machine,-36.507,1266.896,1171.805,-178.935,0.781,0.609,-87.971,-49.925,-72.669,0.879,-56.324,90.947,0.035,2.072,-4.309,0.018,2.372,-0.002,-0.02,31.84,8.28,-0.82,1.82,-0.12,-0.012,-0.737,1.532,-0.007,-0.83,0.001,
2026-01-26 05:58:25.769,place_to_retreat_machine,-36.469,1264.09,1171.744,-178.927,0.781,0.608,-87.969,-49.759,-73.015,0.88,-56.137,90.947,0.033,1.97,-4.096,0.017,2.248,-0.002,-0.01,31.76,8.26,-0.8,1.73,-0.04,-0.011,-0.672,1.399,-0.006,-0.764,0.001,
2026-01-26 05:58:25.872,place_to_retreat_machine,-36.432,1261.439,1171.686,-178.92,0.781,0.608,-87.966,-49.602,-73.34,0.882,-55.961,90.947,0.031,1.868,-3.885,0.017,2.125,-0.002,0.03,31.72,8.36,-0.85,1.7,0.01,-0.012,-0.704,1.465,-0.006,-0.806,0.001,
2026-01-26 05:58:25.976,place_to_retreat_machine,-36.397,1258.936,1171.632,-178.914,0.781,0.608,-87.964,-49.455,-73.646,0.883,-55.796,90.946,0.03,1.769,-3.679,0.016,2.006,-0.002,0.09,31.64,8.35,-0.73,1.55,0.04,-0.012,-0.727,1.512,-0.006,-0.836,0.001,
2026-01-26 05:58:26.079,place_to_retreat_machine,-36.363,1256.573,1171.58,-178.909,0.781,0.608,-87.961,-49.317,-73.934,0.884,-55.642,90.946,0.028,1.672,-3.478,0.015,1.89,-0.002,0.01,31.53,8.27,-0.83,1.4,0.1,-0.012,-0.742,1.543,-0.006,-0.856,0.001,
2026-01-26 05:58:26.183,place_to_retreat_machine,-36.333,1254.456,1171.533,-178.905,0.781,0.608,-87.959,-49.194,-74.191,0.885,-55.505,90.946,0.026,1.563,-3.25,0.014,1.761,-0.002,-0.03,31.52,8.24,-0.71,1.4,0.01,-0.014,-0.817,1.699,-0.007,-0.942,0.001,
2026-01-26 05:58:26.285,place_to_retreat_machine,-36.302,1252.345,1171.486,-178.901,0.781,0.608,-87.957,-49.071,-74.446,0.887,-55.369,90.946,0.025,1.479,-3.075,0.014,1.661,-0.002,0.01,31.43,8.32,-0.77,1.32,-0.02,-0.012,-0.742,1.543,-0.006,-0.86,0.001,
2026-01-26 05:58:26.387,place_to_retreat_machine,-36.275,1250.454,1171.444,-178.899,0.781,0.608,-87.955,-48.961,-74.673,0.888,-55.248,90.946,0.023,1.383,-2.876,0.013,1.548,-0.002,-0.03,31.37,8.32,-0.76,1.29,0.01,-0.013,-0.8,1.664,-0.007,-0.925,0.001,
2026-01-26 05:58:26.489,place_to_retreat_machine,-36.247,1248.569,1171.402,-178.896,0.781,0.607,-87.953,-48.852,-74.9,0.889,-55.128,90.946,0.022,1.309,-2.723,0.012,1.46,-0.002,0.08,31.22,8.38,-0.73,1.13,0.0,-0.012,-0.726,1.51,-0.006,-0.844,0.0,
2026-01-26 05:58:26.591,place_to_retreat_machine,-36.223,1246.972,1171.367,-178.895,0.781,0.607,-87.952,-48.76,-75.091,0.89,-55.027,90.945,0.02,1.212,-2.52,0.012,1.347,-0.002,0.06,31.27,8.2,-0.79,1.14,0.04,-0.014,-0.823,1.712,-0.007,-0.95,0.001,
2026-01-26 05:58:26.702,place_to_retreat_machine,-36.212,1246.25,1171.351,-178.894,0.781,0.607,-87.951,-48.719,-75.177,0.89,-54.982,90.945,0.017,1.013,-2.106,0.01,1.124,-0.001,0.03,31.15,8.35,-0.87,1.07,0.01,-0.021,-1.245,2.588,-0.011,-1.408,0.001,
2026-01-26 05:58:26.806,place_to_retreat_machine,-36.203,1245.632,1171.337,-178.894,0.781,0.607,-87.951,-48.683,-75.251,0.89,-54.943,90.945,0.014,0.848,-1.764,0.008,0.94,-0.001,0.06,31.1,8.27,-0.72,0.96,-0.0,-0.02,-1.181,2.456,-0.011,-1.334,0.001,
2026-01-26 05:58:26.908,place_to_retreat_machine,-36.185,1244.435,1171.31,-178.893,0.78,0.607,-87.949,-48.615,-75.394,0.891,-54.868,90.945,0.014,0.808,-1.679,0.008,0.892,-0.001,0.12,31.06,8.31,-0.8,0.91,0.01,-0.012,-0.732,1.522,-0.006,-0.841,0.001,
2026-01-26 05:58:27.010,place_to_retreat_machine,-36.161,1242.814,1171.273,-178.892,0.78,0.607,-87.948,-48.522,-75.586,0.892,-54.768,90.945,0.014,0.838,-1.742,0.008,0.921,-0.001,-0.01,31.02,8.34,-0.87,0.89,-0.06,-0.007,-0.417,0.867,-0.003,-0.496,0.0,waypoint
2026-01-26 05:58:27.112,place_to_retreat_machine,-36.475,1223.21,1221.999,-177.934,0.785,0.665,-87.898,-45.319,-77.279,0.862,-55.32,90.973,0.136,8.635,-5.536,-0.068,-0.69,0.07,-0.01,29.87,7.15,-0.79,-0.97,0.05,0.478,30.726,-14.211,-0.31,-6.976,0.285,
2026-01-26 05:58:27.212,place_to_retreat_machine,-36.662,1198.231,1275.062,-177.636,0.79,0.684,-87.844,-41.877,-79.066,0.844,-56.676,91.039,0.236,15.083,-8.621,-0.097,-3.909,0.216,-0.08,28.74,6.28,-0.7,-2.96,0.11,0.467,30.05,-13.744,-0.167,-14.324,0.627,
2026-01-26 05:58:27.313,place_to_retreat_machine,-36.696,1170.405,1325.591,-177.651,0.796,0.685,-87.791,-38.475,-80.829,0.834,-58.329,91.117,0.309,19.816,-10.872,-0.098,-7.063,0.358,-0.13,27.74,5.79,-0.63,-4.7,0.04,0.413,26.637,-12.123,-0.066,-15.85,0.696,
2026-01-26 05:58:27.415,place_to_retreat_machine,-36.593,1141.951,1371.111,-177.769,0.802,0.679,-87.742,-35.286,-82.48,0.827,-59.983,91.195,0.356,22.834,-12.282,-0.091,-9.434,0.464,-0.05,26.86,5.59,-0.64,-6.02,0.08,0.338,21.842,-9.795,-0.026,-14.285,0.622,
2026-01-26 05:58:27.519,place_to_retreat_machine,-36.363,1111.996,1414.004,-177.918,0.806,0.671,-87.693,-32.153,-84.102,0.821,-61.643,91.274,0.389,24.959,-13.267,-0.083,-11.223,0.543,0.08,25.88,5.46,-0.67,-7.04,0.17,0.296,19.106,-8.526,-0.014,-12.902,0.56,
2026-01-26 05:58:27.624,place_to_retreat_machine,-36.086,1086.565,1447.139,-178.043,0.809,0.665,-87.654,-29.631,-85.408,0.816,-62.984,91.337,0.39,25.023,-13.214,-0.074,-11.77,0.565,0.01,24.96,5.39,-0.65,-7.62,0.13,0.171,11.077,-4.506,-0.0,-8.431,0.354,
2026-01-26 05:58:27.727,place_to_retreat_machine,-35.69,1057.44,1481.964,-178.18,0.811,0.658,-87.611,-26.869,-86.838,0.811,-64.451,91.406,0.399,25.673,-13.486,-0.068,-12.497,0.596,0.1,24.09,5.5,-0.67,-8.03,0.17,0.191,12.377,-5.302,-0.005,-8.856,0.378,
2026-01-26 05:58:27.828,place_to_retreat_machine,-35.253,1030.433,1511.664,-178.298,0.812,0.652,-87.573,-24.407,-88.112,0.807,-65.756,91.467,0.395,25.41,-13.301,-0.063,-12.634,0.601,0.14,23.13,5.67,-0.63,-8.11,0.17,0.125,8.137,-3.218,0.0,-6.338,0.263,
2026-01-26 05:58:27.929,place_to_retreat_machine,-34.824,1006.849,1535.787,-178.394,0.813,0.647,-87.54,-22.323,-89.191,0.803,-66.856,91.519,0.377,24.268,-12.673,-0.057,-12.227,0.58,0.16,22.27,5.85,-0.67,-8.09,0.18,0.054,3.541,-0.938,0.006,-3.664,0.141,
2026-01-26 05:58:28.031,place_to_retreat_machine,-34.343,982.779,1558.831,-178.486,0.813,0.643,-87.508,-20.251,-90.264,0.799,-67.947,91.57,0.364,23.381,-12.187,-0.053,-11.896,0.563,0.25,21.43,6.1,-0.69,-8.11,0.07,0.047,3.069,-0.783,0.005,-3.197,0.123,
2026-01-26 05:58:28.134,place_to_retreat_machine,-33.842,959.611,1579.627,-178.568,0.813,0.638,-87.478,-18.302,-91.273,0.795,-68.969,91.618,0.348,22.407,-11.663,-0.05,-11.477,0.543,0.26,20.61,6.28,-0.7,-7.92,0.23,0.023,1.528,-0.067,0.006,-2.191,0.078,
2026-01-26 05:58:28.234,place_to_retreat_machine,-33.355,938.527,1597.459,-178.639,0.812,0.635,-87.451,-16.563,-92.174,0.791,-69.878,91.661,0.329,21.153,-10.998,-0.046,-10.88,0.514,0.3,19.97,6.54,-0.67,-7.72,0.1,-0.012,-0.722,1.026,0.009,-0.84,0.017,
2026-01-26 05:58:28.336,place_to_retreat_machine,-32.835,917.202,1614.5,-178.706,0.811,0.631,-87.424,-14.834,-93.069,0.787,-70.778,91.704,0.314,20.188,-10.487,-0.044,-10.41,0.492,0.33,19.13,6.78,-0.71,-7.35,0.19,-0.012,-0.749,0.974,0.007,-0.672,0.011,
2026-01-26 05:58:28.442,place_to_retreat_machine,-32.285,895.794,1630.658,-178.769,0.81,0.628,-87.397,-13.125,-93.954,0.784,-71.664,91.745,0.302,19.413,-10.078,-0.042,-10.024,0.473,0.28,18.38,7.02,-0.71,-7.19,0.08,-0.014,-0.875,0.98,0.006,-0.467,0.004,
2026-01-26 05:58:28.551,place_to_retreat_machine,-31.739,875.445,1645.181,-178.825,0.809,0.625,-87.372,-11.523,-94.784,0.78,-72.492,91.784,0.289,18.565,-9.632,-0.04,-9.588,0.452,0.22,17.65,7.25,-0.8,-6.87,0.15,-0.029,-1.857,1.436,0.007,0.166,-0.024,
2026-01-26 05:58:28.657,place_to_retreat_machine,-31.199,856.141,1658.241,-178.875,0.808,0.622,-87.349,-10.021,-95.561,0.777,-73.265,91.821,0.275,17.678,-9.169,-0.039,-9.123,0.43,0.22,16.99,7.51,-0.86,-6.49,0.11,-0.042,-2.674,1.811,0.008,0.698,-0.048,
2026-01-26 05:58:28.758,place_to_retreat_machine,-30.67,837.857,1669.994,-178.918,0.806,0.62,-87.327,-8.613,-96.29,0.774,-73.987,91.855,0.261,16.778,-8.699,-0.037,-8.647,0.408,0.34,16.23,7.62,-0.89,-6.19,0.15,-0.052,-3.346,2.117,0.009,1.139,-0.067,
2026-01-26 05:58:28.860,place_to_retreat_machine,-30.154,820.563,1680.577,-178.956,0.805,0.618,-87.306,-7.294,-96.974,0.771,-74.661,91.886,0.247,15.883,-8.233,-0.035,-8.171,0.385,0.27,15.54,7.84,-0.81,-5.87,0.09,-0.061,-3.893,2.361,0.009,1.503,-0.083,
2026-01-26 05:58:28.961,place_to_retreat_machine,-29.628,803.433,1690.565,-178.991,0.803,0.616,-87.286,-5.997,-97.646,0.767,-75.321,91.917,0.236,15.154,-7.854,-0.034,-7.778,0.366,0.22,15.07,8.04,-0.86,-5.5,0.06,-0.058,-3.732,2.243,0.009,1.495,-0.082,
2026-01-26 05:58:29.068,place_to_retreat_machine,-29.12,787.314,1699.528,-179.022,0.802,0.614,-87.267,-4.785,-98.273,0.765,-75.935,91.946,0.224,14.395,-7.46,-0.033,-7.369,0.347,0.35,14.4,8.28,-0.79,-5.19,0.16,-0.066,-4.209,2.459,0.009,1.803,-0.095,
2026-01-26 05:58:29.171,place_to_retreat_machine,-28.677,773.565,1706.847,-179.045,0.8,0.612,-87.252,-3.757,-98.805,0.762,-76.454,91.971,0.208,13.366,-6.926,-0.031,-6.824,0.321,0.33,13.8,8.41,-0.87,-4.97,0.03,-0.088,-5.629,3.166,0.012,2.576,-0.13,
2026-01-26 05:58:29.273,place_to_retreat_machine,-28.25,760.573,1713.494,-179.066,0.799,0.611,-87.236,-2.791,-99.306,0.76,-76.94,91.994,0.193,12.441,-6.446,-0.029,-6.333,0.298,0.26,13.29,8.54,-0.87,-4.66,0.13,-0.088,-5.678,3.166,0.012,2.645,-0.133,
2026-01-26 05:58:29.378,place_to_retreat_machine,-27.818,747.679,1719.838,-179.084,0.798,0.61,-87.222,-1.836,-99.801,0.757,-77.419,92.016,0.182,11.719,-6.071,-0.028,-5.947,0.28,0.29,12.64,8.68,-0.89,-4.45,0.06,-0.081,-5.223,2.908,0.011,2.455,-0.123,
2026-01-26 05:58:29.482,place_to_retreat_machine,-27.405,735.546,1725.58,-179.1,0.796,0.609,-87.208,-0.94,-100.265,0.755,-77.866,92.037,0.171,11.028,-5.713,-0.027,-5.578,0.262,0.33,12.17,8.82,-0.88,-4.12,0.12,-0.083,-5.298,2.927,0.011,2.526,-0.126,
2026-01-26 05:58:29.584,place_to_retreat_machine,-27.05,725.245,1730.285,-179.112,0.795,0.608,-87.196,-0.182,-100.657,0.753,-78.243,92.055,0.158,10.166,-5.266,-0.025,-5.126,0.241,0.23,11.77,8.9,-0.82,-3.88,0.1,-0.096,-6.144,3.347,0.013,2.974,-0.146,
2026-01-26 05:58:29.685,place_to_retreat_machine,-26.69,714.977,1734.822,-179.122,0.794,0.607,-87.184,0.571,-101.048,0.751,-78.617,92.072,0.148,9.508,-4.926,-0.024,-4.778,0.224,0.11,11.23,9.0,-0.84,-3.64,0.05,-0.087,-5.573,3.034,0.012,2.711,-0.133,
2026-01-26 05:58:29.790,place_to_retreat_machine,-26.33,704.803,1739.168,-179.131,0.793,0.607,-87.173,1.316,-101.434,0.749,-78.985,92.089,0.14,8.993,-4.659,-0.023,-4.503,0.211,0.22,10.95,9.15,-0.85,-3.32,0.0,-0.079,-5.103,2.776,0.011,2.497,-0.123,
2026-01-26 05:58:29.890,place_to_retreat_machine,-26.004,695.711,1742.928,-179.138,0.792,0.606,-87.162,1.981,-101.778,0.747,-79.312,92.105,0.131,8.406,-4.355,-0.021,-4.195,0.197,0.09,10.45,9.22,-0.88,-3.14,0.08,-0.084,-5.397,2.915,0.011,2.657,-0.13,
2026-01-26 05:58:29.996,place_to_retreat_machine,-25.661,686.272,1746.708,-179.144,0.791,0.606,-87.152,2.669,-102.135,0.745,-79.649,92.12,0.125,8.026,-4.158,-0.021,-3.99,0.187,0.15,10.05,9.3,-0.93,-2.89,0.07,-0.072,-4.618,2.499,0.009,2.286,-0.112,
2026-01-26 05:58:30.097,place_to_retreat_machine,-25.368,678.255,1749.822,-179.148,0.79,0.605,-87.142,3.253,-102.437,0.744,-79.934,92.134,0.116,7.479,-3.874,-0.019,-3.705,0.174,0.15,9.68,9.31,-1.0,-2.85,0.05,-0.081,-5.202,2.791,0.011,2.581,-0.125,
2026-01-26 05:58:30.199,place_to_retreat_machine,-25.074,670.322,1752.816,-179.151,0.789,0.605,-87.133,3.83,-102.736,0.742,-80.215,92.147,0.11,7.052,-3.653,-0.019,-3.48,0.163,0.17,9.41,9.46,-0.9,-2.57,0.02,-0.074,-4.749,2.547,0.01,2.366,-0.115,
2026-01-26 05:58:30.299,place_to_retreat_machine,-24.81,663.238,1755.416,-179.152,0.788,0.605,-87.125,4.345,-103.003,0.741,-80.464,92.158,0.102,6.576,-3.407,-0.018,-3.234,0.151,0.13,9.06,9.48,-0.91,-2.48,0.01,-0.076,-4.898,2.615,0.011,2.442,-0.118,
2026-01-26 05:58:30.400,place_to_retreat_machine,-24.547,656.23,1757.922,-179.153,0.787,0.605,-87.118,4.853,-103.266,0.739,-80.71,92.17,0.097,6.203,-3.214,-0.017,-3.04,0.142,0.17,8.73,9.56,-0.99,-2.34,0.01,-0.07,-4.468,2.385,0.01,2.236,-0.108,
2026-01-26 05:58:30.506,place_to_retreat_machine,-24.31,649.974,1760.103,-179.153,0.787,0.604,-87.111,5.307,-103.501,0.738,-80.928,92.18,0.09,5.787,-2.998,-0.016,-2.825,0.132,0.21,8.45,9.57,-0.89,-2.09,0.01,-0.071,-4.571,2.431,0.01,2.286,-0.11,
2026-01-26 05:58:30.606,place_to_retreat_machine,-24.085,644.087,1762.106,-179.152,0.786,0.604,-87.104,5.734,-103.722,0.737,-81.133,92.19,0.084,5.407,-2.801,-0.015,-2.63,0.123,0.28,8.21,9.68,-0.88,-1.87,0.1,-0.068,-4.384,2.328,0.01,2.195,-0.106,
2026-01-26 05:58:30.709,place_to_retreat_machine,-23.873,638.549,1763.95,-179.15,0.785,0.604,-87.098,6.135,-103.93,0.736,-81.324,92.198,0.079,5.059,-2.621,-0.014,-2.452,0.114,0.2,7.9,9.72,-0.89,-1.9,-0.03,-0.065,-4.2,2.227,0.009,2.104,-0.101,
2026-01-26 05:58:30.810,place_to_retreat_machine,-23.662,633.072,1765.732,-179.148,0.785,0.604,-87.091,6.532,-104.136,0.735,-81.513,92.207,0.074,4.786,-2.48,-0.013,-2.311,0.108,0.15,7.8,9.86,-0.91,-1.74,0.09,-0.06,-3.826,2.028,0.008,1.923,-0.093,
2026-01-26 05:58:30.912,place_to_retreat_machine,-23.462,627.936,1767.367,-179.145,0.784,0.604,-87.086,6.904,-104.329,0.734,-81.689,92.215,0.07,4.519,-2.341,-0.013,-2.174,0.101,0.06,7.43,9.78,-0.93,-1.63,0.01,-0.057,-3.692,1.954,0.008,1.856,-0.089,
2026-01-26 05:58:31.016,place_to_retreat_machine,-23.284,623.354,1768.797,-179.142,0.784,0.604,-87.081,7.235,-104.5,0.733,-81.846,92.223,0.066,4.218,-2.186,-0.012,-2.022,0.094,0.15,7.22,9.86,-1.0,-1.58,0.04,-0.058,-3.724,1.967,0.008,1.866,-0.089,
2026-01-26 05:58:31.120,place_to_retreat_machine,-23.115,619.044,1770.116,-179.138,0.783,0.605,-87.076,7.547,-104.662,0.732,-81.993,92.229,0.061,3.944,-2.043,-0.011,-1.883,0.087,0.18,7.0,9.95,-0.95,-1.44,-0.01,-0.055,-3.549,1.872,0.008,1.778,-0.085,
2026-01-26 05:58:31.224,place_to_retreat_machine,-22.939,614.578,1771.457,-179.134,0.783,0.605,-87.071,7.871,-104.83,0.731,-82.144,92.236,0.059,3.766,-1.951,-0.011,-1.791,0.083,0.08,6.83,9.88,-1.03,-1.4,0.05,-0.048,-3.082,1.627,0.007,1.553,-0.074,
2026-01-26 05:58:31.326,place_to_retreat_machine,-22.781,610.596,1772.631,-179.13,0.783,0.605,-87.066,8.159,-104.979,0.73,-82.279,92.243,0.055,3.544,-1.837,-0.01,-1.68,0.078,0.08,6.68,9.95,-0.96,-1.3,-0.03,-0.049,-3.125,1.646,0.007,1.568,-0.075,
2026-01-26 05:58:31.429,place_to_retreat_machine,-22.626,606.684,1773.765,-179.125,0.782,0.605,-87.062,8.442,-105.126,0.729,-82.411,92.249,0.052,3.366,-1.744,-0.01,-1.589,0.074,0.03,6.64,10.0,-0.94,-1.27,0.06,-0.045,-2.862,1.507,0.007,1.439,-0.069,
2026-01-26 05:58:31.534,place_to_retreat_machine,-22.48,603.028,1774.806,-179.12,0.782,0.605,-87.058,8.706,-105.263,0.728,-82.533,92.254,0.05,3.186,-1.651,-0.01,-1.498,0.069,0.11,6.35,10.01,-0.88,-1.08,0.04,-0.043,-2.762,1.453,0.006,1.387,-0.066,
2026-01-26 05:58:31.634,place_to_retreat_machine,-22.356,599.928,1775.675,-179.116,0.782,0.605,-87.054,8.931,-105.379,0.727,-82.637,92.259,0.046,2.95,-1.529,-0.009,-1.382,0.064,0.03,6.15,9.96,-0.88,-1.07,-0.05,-0.045,-2.887,1.516,0.007,1.438,-0.068,
2026-01-26 05:58:31.738,place_to_retreat_machine,-22.239,597.012,1776.481,-179.111,0.781,0.605,-87.051,9.142,-105.488,0.727,-82.734,92.264,0.043,2.74,-1.42,-0.008,-1.279,0.059,0.07,6.02,10.0,-0.9,-0.99,-0.0,-0.042,-2.732,1.433,0.007,1.359,-0.065,
2026-01-26 05:58:31.838,place_to_retreat_machine,-22.129,594.271,1777.229,-179.107,0.781,0.606,-87.048,9.34,-105.591,0.726,-82.825,92.268,0.04,2.551,-1.322,-0.008,-1.187,0.055,0.06,5.87,10.06,-0.91,-0.85,-0.04,-0.04,-2.585,1.355,0.006,1.285,-0.061,
2026-01-26 05:58:31.939,place_to_retreat_machine,-22.025,591.693,1777.923,-179.102,0.781,0.606,-87.045,9.527,-105.688,0.725,-82.91,92.272,0.037,2.38,-1.233,-0.007,-1.103,0.051,0.07,5.87,10.09,-1.0,-0.77,0.07,-0.038,-2.444,1.281,0.006,1.213,-0.058,
2026-01-26 05:58:32.039,wait_for_machining,-21.922,589.145,1778.601,-179.097,0.781,0.606,-87.042,9.711,-105.783,0.725,-82.994,92.276,0.035,2.246,-1.164,-0.007,-1.037,0.048,-0.03,5.72,10.07,-0.88,-0.79,-0.0,-0.035,-2.222,1.164,0.005,1.105,-0.052,
2026-01-26 05:58:32.141,wait_for_machining,-21.825,586.757,1779.229,-179.092,0.78,0.606,-87.039,9.884,-105.873,0.724,-83.072,92.279,0.033,2.117,-1.097,-0.007,-0.974,0.045,0.08,5.57,10.16,-1.0,-0.73,-0.03,-0.033,-2.115,1.107,0.005,1.05,-0.05,
2026-01-26 05:58:32.246,wait_for_machining,-21.739,584.627,1779.783,-179.087,0.78,0.606,-87.037,10.038,-105.953,0.724,-83.142,92.282,0.031,1.973,-1.023,-0.006,-0.904,0.042,-0.01,5.61,10.12,-1.0,-0.7,-0.02,-0.033,-2.09,1.093,0.005,1.032,-0.049,
2026-01-26 05:58:32.347,wait_for_machining,-21.661,582.727,1780.272,-179.083,0.78,0.607,-87.035,10.176,-106.024,0.723,-83.204,92.285,0.028,1.824,-0.945,-0.006,-0.833,0.038,0.03,5.43,10.15,-0.94,-0.54,-0.13,-0.032,-2.047,1.07,0.005,1.006,-0.048,
2026-01-26 05:58:32.449,wait_for_machining,-21.576,580.646,1780.802,-179.078,0.78,0.607,-87.032,10.326,-106.102,0.723,-83.271,92.288,0.027,1.745,-0.904,-0.006,-0.794,0.036,0.01,5.29,10.22,-1.01,-0.61,0.04,-0.027,-1.711,0.895,0.004,0.849,-0.04,
2026-01-26 05:58:32.555,wait_for_machining,-21.493,578.613,1781.315,-179.073,0.78,0.607,-87.03,10.474,-106.179,0.722,-83.337,92.291,0.026,1.677,-0.869,-0.005,-0.76,0.035,-0.04,5.23,10.13,-0.85,-0.59,-0.01,-0.024,-1.574,0.823,0.004,0.782,-0.037,
2026-01-26 05:58:32.655,wait_for_machining,-21.419,576.803,1781.767,-179.068,0.78,0.607,-87.028,10.605,-106.247,0.722,-83.395,92.294,0.025,1.586,-0.822,-0.005,-0.716,0.033,0.08,5.11,10.16,-0.94,-0.5,-0.01,-0.025,-1.578,0.824,0.004,0.778,-0.037,
2026-01-26 05:58:32.756,wait_for_machining,-21.353,575.189,1782.167,-179.064,0.78,0.608,-87.026,10.722,-106.307,0.722,-83.447,92.296,0.023,1.482,-0.768,-0.005,-0.666,0.03,0.03,5.04,10.13,-0.96,-0.51,0.02,-0.024,-1.563,0.816,0.004,0.766,-0.036,
2026-01-26 05:58:32.857,wait_for_machining,-21.288,573.604,1782.556,-179.059,0.779,0.608,-87.024,10.837,-106.367,0.721,-83.498,92.299,0.022,1.398,-0.725,-0.005,-0.626,0.029,0.01,4.92,10.18,-1.02,-0.51,0.07,-0.022,-1.427,0.745,0.004,0.7,-0.033,
2026-01-26 05:58:32.962,wait_for_machining,-21.227,572.124,1782.917,-179.054,0.779,0.608,-87.023,10.944,-106.423,0.721,-83.545,92.301,0.021,1.317,-0.683,-0.004,-0.588,0.027,0.09,5.0,10.14,-1.02,-0.36,-0.03,-0.021,-1.359,0.709,0.004,0.665,-0.031,
2026-01-26 05:58:33.062,wait_for_machining,-21.17,570.741,1783.251,-179.05,0.779,0.608,-87.021,11.044,-106.475,0.72,-83.589,92.303,0.019,1.239,-0.642,-0.004,-0.551,0.025,0.01,4.8,10.22,-0.95,-0.39,0.08,-0.02,-1.294,0.675,0.003,0.631,-0.03,
2026-01-26 05:58:33.164,wait_for_machining,-21.117,569.449,1783.562,-179.046,0.779,0.608,-87.02,11.138,-106.523,0.72,-83.63,92.305,0.018,1.163,-0.603,-0.004,-0.515,0.023,-0.0,4.76,10.15,-0.84,-0.31,0.09,-0.019,-1.23,0.642,0.003,0.599,-0.028,
2026-01-26 05:58:33.265,wait_for_machining,-21.067,568.242,1783.85,-179.042,0.779,0.609,-87.018,11.226,-106.569,0.72,-83.668,92.306,0.017,1.092,-0.566,-0.004,-0.481,0.022,0.04,4.66,10.25,-0.9,-0.33,-0.09,-0.018,-1.169,0.609,0.003,0.567,-0.027,
2026-01-26 05:58:33.372,wait_for_machining,-21.02,567.114,1784.117,-179.038,0.779,0.609,-87.017,11.308,-106.611,0.72,-83.703,92.308,0.016,1.023,-0.53,-0.004,-0.45,0.02,-0.0,4.7,10.17,-0.91,-0.32,-0.05,-0.017,-1.109,0.578,0.003,0.537,-0.025,
2026-01-26 05:58:33.473,wait_for_machining,-20.985,566.256,1784.319,-179.034,0.779,0.609,-87.016,11.37,-106.643,0.719,-83.73,92.309,0.014,0.923,-0.479,-0.003,-0.404,0.018,0.11,4.58,10.28,-0.91,-0.31,-0.03,-0.019,-1.194,0.622,0.003,0.569,-0.027,
2026-01-26 05:58:33.574,wait_for_machining,-20.949,565.398,1784.521,-179.031,0.779,0.609,-87.015,11.432,-106.676,0.719,-83.757,92.31,0.013,0.848,-0.44,-0.003,-0.37,0.017,0.05,4.54,10.23,-0.96,-0.32,-0.04,-0.017,-1.074,0.559,0.003,0.513,-0.024,
2026-01-26 05:58:33.676,wait_for_machining,-20.912,564.501,1784.73,-179.028,0.779,0.609,-87.014,11.498,-106.709,0.719,-83.785,92.312,0.012,0.799,-0.414,-0.003,-0.347,0.016,0.01,4.55,10.19,-0.94,-0.21,-0.0,-0.015,-0.939,0.489,0.003,0.45,-0.021,
2026-01-26 05:58:33.779,wait_for_machining,-20.877,563.66,1784.926,-179.024,0.779,0.61,-87.013,11.559,-106.741,0.719,-83.811,92.313,0.012,0.752,-0.39,-0.003,-0.326,0.015,-0.02,4.51,10.24,-0.9,-0.26,0.09,-0.014,-0.886,0.461,0.003,0.424,-0.02,
2026-01-26 05:58:33.879,wait_for_machining,-20.844,562.873,1785.108,-179.021,0.779,0.61,-87.012,11.616,-106.771,0.718,-83.835,92.314,0.011,0.707,-0.367,-0.002,-0.305,0.014,0.02,4.5,10.18,-1.02,-0.18,0.05,-0.013,-0.835,0.435,0.002,0.398,-0.019,
2026-01-26 05:58:33.982,wait_for_machining,-20.812,562.099,1785.287,-179.018,0.779,0.61,-87.011,11.672,-106.8,0.718,-83.859,92.315,0.01,0.671,-0.348,-0.002,-0.288,0.013,0.0,4.38,10.25,-0.96,-0.22,-0.0,-0.012,-0.762,0.396,0.002,0.364,-0.017,
2026-01-26 05:58:34.084,wait_for_machining,-20.781,561.342,1785.461,-179.015,0.779,0.61,-87.011,11.727,-106.828,0.718,-83.882,92.316,0.01,0.641,-0.332,-0.002,-0.274,0.012,0.05,4.44,10.19,-0.94,-0.16,-0.0,-0.011,-0.698,0.363,0.002,0.334,-0.016,
2026-01-26 05:58:34.190,wait_for_machining,-20.753,560.669,1785.615,-179.012,0.779,0.61,-87.01,11.776,-106.854,0.718,-83.903,92.317,0.009,0.603,-0.313,-0.002,-0.257,0.012,0.02,4.34,10.27,-1.0,-0.12,0.0,-0.011,-0.689,0.358,0.002,0.327,-0.015,
2026-01-26 05:58:34.292,wait_for_machining,-20.726,560.04,1785.758,-179.009,0.779,0.61,-87.009,11.822,-106.878,0.718,-83.922,92.318,0.009,0.567,-0.294,-0.002,-0.241,0.011,0.1,4.41,10.27,-0.93,-0.17,0.02,-0.01,-0.652,0.339,0.002,0.308,-0.014,
2026-01-26 05:58:34.396,wait_for_machining,-20.703,559.48,1785.886,-179.006,0.779,0.61,-87.008,11.863,-106.899,0.718,-83.939,92.319,0.008,0.527,-0.273,-0.002,-0.223,0.01,0.0,4.32,10.27,-1.0,-0.12,-0.0,-0.01,-0.636,0.331,0.002,0.299,-0.014,
2026-01-26 05:58:34.499,wait_for_machining,-20.679,558.904,1786.016,-179.003,0.779,0.611,-87.008,11.904,-106.92,0.717,-83.956,92.319,0.008,0.5,-0.259,-0.002,-0.211,0.009,-0.02,4.27,10.36,-0.99,-0.1,0.04,-0.009,-0.561,0.292,0.002,0.265,-0.012,
2026-01-26 05:58:34.599,wait_for_machining,-20.66,558.439,1786.121,-179.001,0.779,0.611,-87.007,11.938,-106.938,0.717,-83.97,92.32,0.007,0.46,-0.238,-0.002,-0.193,0.009,0.06,4.24,10.3,-0.94,-0.17,0.05,-0.009,-0.586,0.304,0.002,0.272,-0.013,
2026-01-26 05:58:34.704,wait_for_machining,-20.639,557.935,1786.235,-178.998,0.779,0.611,-87.007,11.975,-106.957,0.717,-83.985,92.321,0.007,0.437,-0.226,-0.002,-0.182,0.008,-0.04,4.25,10.26,-0.97,-0.09,-0.05,-0.008,-0.499,0.259,0.001,0.234,-0.011,
2026-01-26 05:58:34.805,wait_for_machining,-20.62,557.486,1786.336,-178.996,0.779,0.611,-87.006,12.008,-106.974,0.717,-83.999,92.321,0.006,0.409,-0.212,-0.002,-0.17,0.008,0.01,4.18,10.26,-1.03,-0.05,-0.05,-0.008,-0.489,0.254,0.001,0.228,-0.011,
2026-01-26 05:58:34.907,wait_for_machining,-20.602,557.067,1786.43,-178.994,0.779,0.611,-87.006,12.038,-106.99,0.717,-84.011,92.322,0.006,0.383,-0.199,-0.001,-0.159,0.007,-0.05,4.16,10.25,-0.95,-0.2,-0.12,-0.007,-0.462,0.24,0.001,0.214,-0.01,
2026-01-26 05:58:35.009,wait_for_machining,-20.586,556.675,1786.517,-178.992,0.779,0.611,-87.005,12.067,-107.005,0.717,-84.023,92.322,0.006,0.359,-0.186,-0.001,-0.148,0.007,0.08,4.25,10.32,-0.99,-0.17,0.07,-0.007,-0.435,0.226,0.001,0.201,-0.009,
2026-01-26 05:58:35.112,wait_for_machining,-20.571,556.309,1786.599,-178.99,0.779,0.611,-87.005,12.094,-107.018,0.717,-84.033,92.323,0.005,0.336,-0.174,-0.001,-0.138,0.006,0.02,4.08,10.31,-0.95,-0.05,0.04,-0.006,-0.411,0.213,0.001,0.189,-0.009,
2026-01-26 05:58:35.213,wait_for_machining,-20.556,555.968,1786.675,-178.988,0.779,0.611,-87.004,12.118,-107.031,0.717,-84.043,92.323,0.005,0.314,-0.163,-0.001,-0.129,0.006,0.07,4.11,10.32,-0.87,-0.11,-0.0,-0.006,-0.387,0.201,0.001,0.178,-0.008,
2026-01-26 05:58:35.313,wait_for_machining,-20.543,555.648,1786.746,-178.986,0.779,0.612,-87.004,12.142,-107.043,0.716,-84.053,92.324,0.005,0.294,-0.152,-0.001,-0.12,0.005,0.1,4.18,10.33,-1.08,-0.01,-0.02,-0.006,-0.365,0.189,0.001,0.167,-0.008,
2026-01-26 05:58:35.417,wait_for_machining,-20.53,555.336,1786.816,-178.984,0.779,0.612,-87.004,12.165,-107.055,0.716,-84.062,92.324,0.004,0.277,-0.144,-0.001,-0.113,0.005,-0.01,4.09,10.15,-0.92,-0.1,0.01,-0.005,-0.334,0.173,0.001,0.153,-0.007,
2026-01-26 05:58:35.522,wait_for_machining,-20.518,555.059,1786.877,-178.982,0.779,0.612,-87.003,12.185,-107.066,0.716,-84.07,92.324,0.004,0.259,-0.134,-0.001,-0.105,0.005,0.05,4.05,10.32,-0.86,-0.1,0.06,-0.005,-0.325,0.169,0.001,0.148,-0.007,
2026-01-26 05:58:35.628,wait_for_machining,-20.508,554.811,1786.932,-178.981,0.779,0.612,-87.003,12.203,-107.075,0.716,-84.077,92.325,0.004,0.239,-0.124,-0.001,-0.096,0.004,-0.03,4.06,10.35,-0.97,-0.07,0.07,-0.005,-0.315,0.163,0.001,0.142,-0.007,
2026-01-26 05:58:35.727,wait_for_machining,-20.498,554.579,1786.984,-178.979,0.779,0.612,-87.003,12.22,-107.084,0.716,-84.084,92.325,0.003,0.222,-0.115,-0.001,-0.089,0.004,-0.07,4.05,10.41,-0.97,-0.06,-0.04,-0.005,-0.294,0.153,0.001,0.133,-0.006,
2026-01-26 05:58:35.828,wait_for_machining,-20.49,554.372,1787.029,-178.978,0.779,0.612,-87.003,12.235,-107.092,0.716,-84.09,92.325,0.003,0.204,-0.106,-0.001,-0.082,0.004,0.0,4.11,10.33,-0.87,0.03,0.06,-0.004,-0.283,0.147,0.001,0.127,-0.006,
2026-01-26 05:58:35.930,wait_for_machining,-20.481,554.158,1787.077,-178.977,0.779,0.612,-87.002,12.251,-107.1,0.716,-84.096,92.325,0.003,0.192,-0.1,-0.001,-0.077,0.003,0.06,4.08,10.26,-0.85,-0.06,0.03,-0.004,-0.25,0.13,0.001,0.112,-0.005,
2026-01-26 05:58:36.034,wait_for_machining,-20.472,553.958,1787.121,-178.975,0.779,0.612,-87.002,12.265,-107.107,0.716,-84.102,92.326,0.003,0.181,-0.094,-0.001,-0.072,0.003,-0.07,3.99,10.36,-1.01,-0.03,-0.02,-0.004,-0.235,0.122,0.001,0.105,-0.005,
2026-01-26 05:58:36.135,wait_for_machining,-20.465,553.788,1787.158,-178.974,0.779,0.612,-87.002,12.278,-107.114,0.716,-84.106,92.326,0.003,0.166,-0.086,-0.001,-0.066,0.003,0.05,4.01,10.36,-0.93,-0.05,-0.03,-0.004,-0.234,0.121,0.001,0.104,-0.005,
2026-01-26 05:58:36.236,wait_for_machining,-20.458,553.621,1787.195,-178.973,0.779,0.612,-87.002,12.29,-107.12,0.716,-84.111,92.326,0.002,0.156,-0.081,-0.001,-0.061,0.003,-0.02,4.04,10.39,-0.91,0.0,0.09,-0.003,-0.212,0.11,0.001,0.094,-0.004,
2026-01-26 05:58:36.338,wait_for_machining,-20.452,553.464,1787.23,-178.972,0.779,0.612,-87.002,12.301,-107.126,0.716,-84.116,92.326,0.002,0.145,-0.075,-0.001,-0.057,0.003,-0.01,3.97,10.31,-1.0,-0.02,-0.01,-0.003,-0.198,0.103,0.001,0.088,-0.004,
2026-01-26 05:58:36.442,wait_for_machining,-20.445,553.316,1787.262,-178.971,0.779,0.612,-87.001,12.312,-107.132,0.716,-84.12,92.327,0.002,0.136,-0.071,-0.001,-0.053,0.002,0.01,4.07,10.37,-0.99,-0.05,0.03,-0.003,-0.186,0.096,0.001,0.082,-0.004,
2026-01-26 05:58:36.545,wait_for_machining,-20.44,553.178,1787.293,-178.97,0.779,0.612,-87.001,12.322,-107.137,0.716,-84.124,92.327,0.002,0.127,-0.066,-0.001,-0.05,0.002,0.07,3.97,10.28,-0.94,-0.0,0.08,-0.003,-0.174,0.09,0.001,0.076,-0.003,
2026-01-26 05:58:36.648,wait_for_machining,-20.434,553.049,1787.321,-178.969,0.779,0.612,-87.001,12.332,-107.142,0.716,-84.127,92.327,0.002,0.119,-0.062,-0.0,-0.046,0.002,-0.02,3.96,10.38,-1.09,-0.06,-0.05,-0.003,-0.163,0.084,0.001,0.071,-0.003,
2026-01-26 05:58:36.852,wait_for_machining,-20.425,552.819,1787.371,-178.967,0.779,0.613,-87.001,12.348,-107.151,0.716,-84.134,92.327,0.002,0.103,-0.054,-0.0,-0.04,0.002,0.03,4.04,10.33,-1.05,0.03,0.05,-0.002,-0.147,0.076,0.001,0.064,-0.003,
2026-01-26 05:58:37.157,wait_for_machining,-20.412,552.519,1787.437,-178.965,0.779,0.613,-87.0,12.37,-107.162,0.716,-84.142,92.328,0.001,0.086,-0.044,-0.0,-0.033,0.001,-0.13,3.99,10.31,-0.9,-0.02,0.05,-0.002,-0.117,0.061,0.0,0.05,-0.002,
2026-01-26 05:58:37.471,wait_for_machining,-20.401,552.267,1787.492,-178.963,0.779,0.613,-87.0,12.389,-107.172,0.715,-84.149,92.328,0.001,0.071,-0.037,-0.0,-0.027,0.001,0.04,3.92,10.33,-0.97,0.01,-0.09,-0.002,-0.096,0.05,0.0,0.041,-0.002,
2026-01-26 05:58:37.691,wait_for_machining,-20.398,552.178,1787.512,-178.962,0.779,0.613,-87.0,12.395,-107.175,0.715,-84.151,92.328,0.001,0.053,-0.028,-0.0,-0.02,0.001,-0.08,3.94,10.32,-0.91,0.02,0.02,-0.002,-0.116,0.06,0.0,0.047,-0.002,
2026-01-26 05:58:38.021,wait_for_machining,-20.395,552.124,1787.524,-178.962,0.779,0.613,-87.0,12.399,-107.177,0.715,-84.153,92.328,0.0,0.03,-0.016,-0.0,-0.011,0.0,0.11,4.02,10.31,-0.99,0.02,0.06,-0.001,-0.087,0.045,0.0,0.035,-0.002,
2026-01-26 05:58:38.341,wait_for_machining,-20.392,552.037,1787.543,-178.961,0.779,0.613,-87.0,12.406,-107.18,0.715,-84.155,92.328,0.0,0.025,-0.013,-0.0,-0.009,0.0,0.01,3.89,10.37,-0.98,-0.05,-0.03,-0.001,-0.057,0.029,0.0,0.023,-0.001,
2026-01-26 05:58:38.547,wait_for_machining,-20.39,551.988,1787.554,-178.96,0.779,0.613,-87.0,12.409,-107.182,0.715,-84.156,92.328,0.0,0.022,-0.012,-0.0,-0.008,0.0,0.03,3.95,10.29,-0.93,0.03,-0.07,-0.001,-0.046,0.024,0.0,0.019,-0.001,
2026-01-26 05:58:38.861,wait_for_machining,-20.386,551.892,1787.575,-178.96,0.779,0.613,-87.0,12.416,-107.186,0.715,-84.159,92.328,0.0,0.023,-0.012,-0.0,-0.008,0.0,0.03,3.9,10.28,-0.91,-0.05,0.02,-0.0,-0.031,0.016,0.0,0.013,-0.001,
2026-01-26 05:58:39.170,wait_for_machining,-20.382,551.795,1787.596,-178.959,0.779,0.613,-87.0,12.423,-107.19,0.715,-84.161,92.328,0.0,0.024,-0.013,-0.0,-0.009,0.0,0.04,3.9,10.31,-0.87,0.06,-0.07,-0.0,-0.011,0.006,0.0,0.005,-0.0,
2026-01-26 05:58:39.271,wait_for_machining,-20.374,551.627,1787.632,-178.957,0.779,0.613,-86.999,12.436,-107.196,0.715,-84.166,92.329,0.001,0.049,-0.026,-0.0,-0.018,0.001,0.04,3.87,10.33,-0.96,-0.04,-0.01,0.001,0.079,-0.041,-0.0,-0.027,0.001,
2026-01-26 05:58:39.373,wait_for_machining,-20.371,551.533,1787.653,-178.956,0.779,0.613,-86.999,12.443,-107.2,0.715,-84.168,92.329,0.001,0.054,-0.028,-0.0,-0.019,0.001,-0.03,3.97,10.25,-0.97,-0.01,-0.0,0.0,0.017,-0.009,-0.0,-0.004,0.0,
2026-01-26 05:58:46.710,wait_for_machining,-20.353,551.118,1787.744,-178.952,0.779,0.613,-86.999,12.473,-107.215,0.715,-84.178,92.329,0.0,0.0,-0.0,-0.0,-0.0,0.0,-0.0,3.93,10.35,-0.97,0.04,0.09,-0.0,-0.0,0.0,0.0,0.0,-0.0,
2026-01-26 05:58:54.260,wait_for_machining,-20.353,551.118,1787.744,-178.952,0.779,0.613,-86.999,12.473,-107.215,0.715,-84.178,92.329,0.0,0.0,-0.0,-0.0,-0.0,0.0,0.08,3.97,10.28,-0.89,0.0,0.01,-0.0,-0.0,0.0,0.0,0.0,-0.0,
2026-01-26 05:59:01.836,wait_for_machining,-20.353,551.118,1787.744,-178.952,0.779,0.613,-86.999,12.473,-107.215,0.715,-84.178,92.329,0.0,0.0,-0.0,-0.0,-0.0,0.0,-0.03,3.94,10.25,-0.97,0.02,-0.01,-0.0,-0.0,0.0,0.0,0.0,-0.0,
2026-01-26 05:59:10.654,wait_for_machining,-20.353,551.118,1787.744,-178.952,0.779,0.613,-86.999,12.473,-107.215,0.715,-84.178,92.329,0.0,0.0,-0.0,-0.0,-0.0,0.0,-0.09,3.78,10.29,-0.95,-0.06,-0.0,-0.0,-0.0,0.0,0.0,0.0,-0.0,
2026-01-26 05:59:18.220,wait_for_machining,-20.353,551.118,1787.744,-178.952,0.779,0.613,-86.999,12.473,-107.215,0.715,-84.178,92.329,0.0,0.0,-0.0,-0.0,-0.0,0.0,-0.08,3.9,10.27,-0.93,-0.0,-0.06,-0.0,-0.0,0.0,0.0,0.0,-0.0,
2026-01-26 05:59:25.718,wait_for_machining,-20.353,551.118,1787.744,-178.952,0.779,0.613,-86.999,12.473,-107.215,0.715,-84.178,92.329,0.0,0.0,-0.0,-0.0,-0.0,0.0,-0.05,3.94,10.32,-0.89,-0.03,-0.02,-0.0,-0.0,0.0,0.0,0.0,-0.0,
2026-01-26 05:59:33.151,wait_for_machining,-20.353,551.118,1787.744,-178.952,0.779,0.613,-86.999,12.473,-107.215,0.715,-84.178,92.329,0.0,0.0,-0.0,-0.0,-0.0,0.0,-0.03,3.96,10.32,-0.97,0.03,0.01,-0.0,-0.0,0.0,0.0,0.0,-0.0,
2026-01-26 05:59:40.674,wait_for_machining,-20.353,551.118,1787.744,-178.952,0.779,0.613,-86.999,12.473,-107.215,0.715,-84.178,92.329,0.0,0.0,-0.0,-0.0,-0.0,0.0,0.04,3.91,10.36,-0.97,-0.0,0.01,-0.0,-0.0,0.0,0.0,0.0,-0.0,
2026-01-26 05:59:48.184,wait_for_machining,-20.353,551.118,1787.744,-178.952,0.779,0.613,-86.999,12.473,-107.215,0.715,-84.178,92.329,0.0,0.0,-0.0,-0.0,-0.0,0.0,-0.11,3.91,10.34,-0.95,-0.06,0.07,-0.0,-0.0,0.0,0.0,0.0,-0.0,waypoint
2026-01-26 05:59:48.283,machining_end_to_approach_machine,-20.827,562.515,1784.625,-179.327,0.768,0.596,-87.012,11.592,-106.79,0.719,-84.099,92.326,-0.034,-2.202,1.064,0.011,0.199,-0.007,0.04,2.08,10.32,-0.9,0.66,0.09,-0.135,-8.81,4.255,0.042,0.796,-0.028,
2026-01-26 05:59:48.385,machining_end_to_approach_machine,-23.016,616.5,1767.976,179.875,0.759,0.554,-87.076,7.561,-104.841,0.746,-82.814,92.275,-0.184,-11.731,5.67,0.075,3.362,-0.133,-0.18,2.78,10.53,-0.8,2.78,-0.07,-0.621,-39.434,19.065,0.263,12.771,-0.509,
2026-01-26 05:59:48.488,machining_end_to_approach_machine,-24.895,665.527,1749.73,179.787,0.766,0.548,-87.132,3.972,-103.11,0.76,-81.045,92.199,-0.278,-17.77,8.581,0.091,6.944,-0.289,-0.32,3.92,10.47,-0.87,4.68,-0.08,-0.483,-31.063,14.98,0.108,16.334,-0.702,
2026-01-26 05:59:48.589,machining_end_to_approach_machine,-26.554,711.237,1729.791,179.885,0.776,0.553,-87.184,0.619,-101.493,0.77,-79.21,92.118,-0.339,-21.71,10.476,0.093,9.794,-0.421,-0.36,5.16,10.56,-0.86,6.1,-0.09,-0.397,-25.599,12.332,0.057,15.354,-0.692,
2026-01-26 05:59:48.691,machining_end_to_approach_machine,-28.003,753.492,1708.657,-179.971,0.784,0.561,-87.232,-2.514,-99.984,0.778,-77.444,92.038,-0.375,-24.114,11.631,0.09,11.761,-0.516,-0.48,6.48,10.63,-0.84,7.22,-0.19,-0.322,-20.838,10.034,0.035,13.136,-0.609,
2026-01-26 05:59:48.793,machining_end_to_approach_machine,-29.263,792.384,1686.743,-179.825,0.792,0.57,-87.278,-5.441,-98.573,0.785,-75.782,91.962,-0.395,-25.404,12.25,0.086,12.976,-0.577,-0.52,7.82,10.76,-0.86,7.89,-0.12,-0.258,-16.698,8.039,0.024,10.783,-0.508,
2026-01-26 05:59:48.896,machining_end_to_approach_machine,-30.304,826.457,1665.465,-179.694,0.798,0.578,-87.318,-8.05,-97.316,0.792,-74.301,91.893,-0.397,-25.576,12.331,0.081,13.435,-0.604,-0.58,9.19,10.78,-0.84,8.3,-0.2,-0.183,-11.847,5.702,0.013,7.896,-0.377,
2026-01-26 05:59:48.999,machining_end_to_approach_machine,-31.21,857.814,1644.042,-179.576,0.802,0.586,-87.356,-10.496,-96.137,0.798,-72.916,91.829,-0.393,-25.296,12.194,0.076,13.539,-0.612,-0.58,10.48,10.83,-0.85,8.55,-0.11,-0.139,-9.029,4.345,0.008,6.144,-0.296,
2026-01-26 05:59:49.102,machining_end_to_approach_machine,-32.03,888.013,1621.615,-179.464,0.806,0.593,-87.394,-12.899,-94.979,0.804,-71.559,91.767,-0.388,-24.981,12.041,0.073,13.546,-0.615,-0.65,11.67,10.79,-0.81,8.48,-0.1,-0.119,-7.704,3.707,0.006,5.244,-0.253,
2026-01-26 05:59:49.205,machining_end_to_approach_machine,-32.763,916.878,1598.4,-179.36,0.808,0.599,-87.43,-15.248,-93.847,0.81,-70.238,91.706,-0.382,-24.609,11.861,0.069,13.461,-0.614,-0.79,13.16,10.86,-0.97,8.42,-0.1,-0.099,-6.388,3.074,0.005,4.36,-0.211,
2026-01-26 05:59:49.308,machining_end_to_approach_machine,-33.359,941.998,1576.665,-179.272,0.81,0.604,-87.462,-17.34,-92.839,0.816,-69.067,91.652,-0.368,-23.686,11.416,0.066,13.024,-0.595,-0.57,14.32,10.71,-0.94,8.3,-0.13,-0.049,-3.176,1.527,-0.002,2.431,-0.12,
2026-01-26 05:59:49.408,machining_end_to_approach_machine,-33.867,964.936,1555.467,-179.194,0.812,0.608,-87.493,-19.295,-91.897,0.821,-67.977,91.602,-0.352,-22.651,10.916,0.062,12.493,-0.571,-0.64,15.4,10.79,-0.87,7.98,-0.23,-0.023,-1.486,0.713,-0.005,1.376,-0.07,
2026-01-26 05:59:49.508,machining_end_to_approach_machine,-34.278,984.922,1535.86,-179.128,0.812,0.612,-87.52,-21.037,-91.058,0.826,-67.009,91.558,-0.331,-21.343,10.286,0.058,11.789,-0.539,-0.5,16.47,10.82,-0.95,7.69,-0.07,0.012,0.786,-0.382,-0.009,0.016,-0.006,
2026-01-26 05:59:49.612,machining_end_to_approach_machine,-34.644,1004.118,1515.949,-179.067,0.813,0.615,-87.546,-22.749,-90.233,0.83,-66.062,91.514,-0.315,-20.287,9.777,0.055,11.21,-0.513,-0.68,17.58,10.73,-0.88,7.34,-0.03,0.016,1.009,-0.488,-0.009,-0.19,0.004,
2026-01-26 05:59:49.716,machining_end_to_approach_machine,-34.953,1021.638,1496.777,-179.014,0.812,0.618,-87.571,-24.348,-89.462,0.835,-65.18,91.474,-0.298,-19.215,9.26,0.052,10.612,-0.486,-0.48,18.57,10.63,-0.89,7.01,-0.11,0.032,2.031,-0.981,-0.01,-0.828,0.034,
2026-01-26 05:59:49.817,machining_end_to_approach_machine,-35.211,1037.631,1478.377,-178.967,0.812,0.62,-87.594,-25.843,-88.741,0.839,-64.36,91.437,-0.282,-18.148,8.746,0.05,10.011,-0.458,-0.49,19.44,10.62,-0.92,6.76,-0.18,0.045,2.877,-1.388,-0.011,-1.356,0.059,
2026-01-26 05:59:49.917,machining_end_to_approach_machine,-35.426,1052.232,1460.767,-178.926,0.812,0.622,-87.616,-27.24,-88.068,0.843,-63.596,91.402,-0.266,-17.103,8.243,0.047,9.417,-0.431,-0.54,20.23,10.46,-0.85,6.36,-0.06,0.056,3.57,-1.722,-0.013,-1.79,0.08,
2026-01-26 05:59:50.021,machining_end_to_approach_machine,-35.612,1066.172,1443.173,-178.89,0.811,0.624,-87.637,-28.605,-87.41,0.846,-62.853,91.368,-0.252,-16.239,7.827,0.045,8.921,-0.408,-0.41,21.05,10.46,-0.87,5.97,-0.22,0.055,3.53,-1.702,-0.012,-1.814,0.081,
2026-01-26 05:59:50.123,machining_end_to_approach_machine,-35.757,1078.302,1427.194,-178.86,0.81,0.625,-87.656,-29.82,-86.825,0.85,-62.193,91.338,-0.236,-15.218,7.335,0.042,8.339,-0.381,-0.48,21.72,10.45,-0.9,5.64,-0.06,0.073,4.672,-2.252,-0.014,-2.474,0.112,
2026-01-26 05:59:50.224,machining_end_to_approach_machine,-35.875,1089.39,1412.0,-178.834,0.809,0.626,-87.674,-30.956,-86.277,0.853,-61.58,91.31,-0.221,-14.253,6.87,0.04,7.788,-0.356,-0.31,22.39,10.34,-0.9,5.28,-0.02,0.078,5.002,-2.411,-0.015,-2.684,0.122,
2026-01-26 05:59:50.327,machining_end_to_approach_machine,-35.971,1099.529,1397.579,-178.812,0.808,0.627,-87.69,-32.017,-85.766,0.856,-61.009,91.284,-0.207,-13.343,6.431,0.038,7.268,-0.332,-0.34,23.04,10.19,-0.83,4.96,-0.08,0.082,5.247,-2.529,-0.015,-2.841,0.129,
2026-01-26 05:59:50.428,machining_end_to_approach_machine,-36.047,1108.807,1383.909,-178.794,0.807,0.628,-87.706,-33.009,-85.288,0.859,-60.478,91.26,-0.194,-12.486,6.018,0.036,6.78,-0.309,-0.3,23.64,10.24,-0.86,4.63,-0.01,0.084,5.419,-2.612,-0.015,-2.953,0.134,
2026-01-26 05:59:50.534,machining_end_to_approach_machine,-36.106,1117.3,1370.97,-178.779,0.806,0.628,-87.72,-33.935,-84.841,0.862,-59.983,91.237,-0.181,-11.681,5.63,0.034,6.321,-0.288,-0.35,24.14,10.05,-0.86,4.37,-0.12,0.086,5.527,-2.664,-0.015,-3.026,0.138,
2026-01-26 05:59:50.638,machining_end_to_approach_machine,-36.151,1125.08,1358.737,-178.767,0.804,0.628,-87.734,-34.801,-84.423,0.865,-59.523,91.216,-0.17,-10.925,5.266,0.032,5.891,-0.268,-0.33,24.6,9.97,-0.93,4.11,-0.07,0.087,5.583,-2.69,-0.015,-3.066,0.14,
2026-01-26 05:59:50.739,machining_end_to_approach_machine,-36.183,1131.886,1347.718,-178.758,0.803,0.628,-87.746,-35.573,-84.051,0.867,-59.114,91.198,-0.157,-10.123,4.88,0.03,5.44,-0.248,-0.26,25.08,9.91,-0.89,3.81,-0.15,0.093,5.965,-2.875,-0.016,-3.276,0.149,
2026-01-26 05:59:50.844,machining_end_to_approach_machine,-36.208,1138.752,1336.281,-178.75,0.802,0.628,-87.758,-36.366,-83.669,0.87,-58.696,91.179,-0.149,-9.575,4.616,0.029,5.126,-0.233,-0.24,25.44,9.92,-0.89,3.52,-0.1,0.08,5.154,-2.484,-0.014,-2.851,0.13,
2026-01-26 05:59:50.946,machining_end_to_approach_machine,-36.223,1144.481,1326.479,-178.745,0.801,0.628,-87.768,-37.04,-83.344,0.872,-58.342,91.163,-0.138,-8.866,4.274,0.027,4.729,-0.215,-0.2,25.76,9.66,-0.84,3.21,-0.03,0.091,5.833,-2.811,-0.016,-3.21,0.146,
2026-01-26 05:59:51.050,machining_end_to_approach_machine,-36.232,1150.017,1316.768,-178.742,0.8,0.628,-87.779,-37.702,-83.025,0.874,-57.996,91.147,-0.129,-8.305,4.004,0.026,4.413,-0.201,-0.15,26.09,9.71,-0.91,3.12,-0.08,0.083,5.366,-2.586,-0.014,-2.964,0.135,
2026-01-26 05:59:51.154,machining_end_to_approach_machine,-36.236,1154.638,1308.473,-178.739,0.799,0.628,-87.787,-38.263,-82.754,0.876,-57.703,91.134,-0.119,-7.632,3.68,0.024,4.041,-0.184,-0.25,26.41,9.6,-0.89,2.83,-0.09,0.091,5.835,-2.812,-0.016,-3.205,0.146,
2026-01-26 05:59:51.260,machining_end_to_approach_machine,-36.235,1159.138,1300.221,-178.738,0.798,0.628,-87.796,-38.818,-82.487,0.878,-57.415,91.121,-0.11,-7.112,3.429,0.022,3.751,-0.17,-0.18,26.68,9.6,-0.85,2.71,-0.01,0.083,5.317,-2.562,-0.014,-2.929,0.134,
2026-01-26 05:59:51.364,machining_end_to_approach_machine,-36.231,1162.692,1293.577,-178.739,0.797,0.627,-87.803,-39.263,-82.272,0.879,-57.185,91.11,-0.1,-6.445,3.107,0.021,3.388,-0.154,-0.26,26.97,9.49,-0.75,2.57,-0.01,0.091,5.892,-2.839,-0.016,-3.219,0.147,
2026-01-26 05:59:51.466,machining_end_to_approach_machine,-36.226,1165.636,1287.985,-178.739,0.797,0.627,-87.809,-39.635,-82.093,0.88,-56.993,91.102,-0.09,-5.764,2.779,0.019,3.021,-0.137,-0.13,27.18,9.48,-0.91,2.48,-0.06,0.094,6.023,-2.903,-0.017,-3.276,0.149,
2026-01-26 05:59:51.566,machining_end_to_approach_machine,-36.219,1168.948,1281.594,-178.741,0.796,0.627,-87.815,-40.059,-81.889,0.882,-56.775,91.092,-0.084,-5.382,2.595,0.018,2.81,-0.127,-0.14,27.4,9.4,-0.78,2.16,-0.02,0.076,4.908,-2.365,-0.013,-2.691,0.123,
2026-01-26 05:59:51.666,machining_end_to_approach_machine,-36.21,1171.87,1275.866,-178.742,0.795,0.626,-87.821,-40.437,-81.706,0.883,-56.581,91.083,-0.077,-4.982,2.402,0.016,2.592,-0.118,-0.13,27.61,9.25,-0.87,2.13,0.01,0.076,4.872,-2.348,-0.013,-2.662,0.121,
2026-01-26 05:59:51.768,machining_end_to_approach_machine,-36.199,1174.916,1269.799,-178.745,0.794,0.626,-87.827,-40.835,-81.514,0.885,-56.378,91.074,-0.074,-4.733,2.282,0.016,2.453,-0.111,-0.1,27.82,9.21,-0.84,1.97,-0.03,0.065,4.179,-2.014,-0.011,-2.297,0.105,
2026-01-26 05:59:51.871,machining_end_to_approach_machine,-36.19,1177.022,1265.546,-178.747,0.794,0.626,-87.832,-41.114,-81.38,0.886,-56.236,91.067,-0.066,-4.246,2.047,0.014,2.194,-0.099,-0.24,27.83,9.21,-0.8,1.76,-0.03,0.077,4.963,-2.392,-0.014,-2.686,0.122,
2026-01-26 05:59:51.973,machining_end_to_approach_machine,-36.183,1178.459,1262.617,-178.749,0.793,0.625,-87.835,-41.305,-81.287,0.886,-56.139,91.063,-0.057,-3.663,1.766,0.012,1.889,-0.086,-0.21,28.05,9.29,-0.83,1.74,-0.02,0.083,5.338,-2.573,-0.016,-2.863,0.13,
2026-01-26 05:59:52.078,machining_end_to_approach_machine,-36.172,1180.514,1258.386,-178.752,0.793,0.625,-87.839,-41.581,-81.154,0.887,-55.999,91.057,-0.053,-3.436,1.657,0.012,1.766,-0.08,-0.02,28.16,9.14,-0.8,1.73,-0.05,0.062,3.961,-1.909,-0.011,-2.152,0.098,
2026-01-26 05:59:52.179,machining_end_to_approach_machine,-36.159,1182.831,1253.558,-178.756,0.792,0.625,-87.844,-41.895,-81.003,0.888,-55.841,91.049,-0.052,-3.361,1.621,0.012,1.72,-0.078,-0.03,28.24,9.27,-0.81,1.57,-0.06,0.049,3.185,-1.535,-0.009,-1.749,0.08,
2026-01-26 05:59:52.280,machining_end_to_approach_machine,-36.145,1185.112,1248.741,-178.76,0.792,0.624,-87.849,-42.206,-80.853,0.89,-55.684,91.042,-0.051,-3.301,1.592,0.012,1.683,-0.076,-0.07,28.34,9.06,-0.81,1.47,-0.04,0.045,2.884,-1.39,-0.008,-1.589,0.072,
2026-01-26 05:59:52.383,machining_end_to_approach_machine,-36.131,1187.128,1244.43,-178.765,0.791,0.624,-87.853,-42.485,-80.718,0.891,-55.544,91.036,-0.049,-3.171,1.529,0.011,1.611,-0.073,-0.16,28.53,9.16,-0.78,1.41,0.03,0.046,2.932,-1.413,-0.008,-1.604,0.073,
2026-01-26 05:59:52.485,machining_end_to_approach_machine,-36.115,1189.215,1239.912,-178.77,0.79,0.623,-87.857,-42.775,-80.578,0.892,-55.399,91.029,-0.048,-3.105,1.498,0.011,1.571,-0.071,-0.06,28.66,9.09,-0.86,1.2,-0.08,0.039,2.513,-1.211,-0.007,-1.386,0.063,
2026-01-26 05:59:52.587,machining_end_to_approach_machine,-36.1,1191.154,1235.665,-178.775,0.79,0.623,-87.862,-43.048,-80.447,0.893,-55.263,91.023,-0.047,-3.011,1.452,0.011,1.518,-0.069,-0.11,28.7,8.99,-0.8,1.22,-0.05,0.038,2.444,-1.178,-0.007,-1.344,0.061,
2026-01-26 05:59:52.691,machining_end_to_approach_machine,-36.087,1192.605,1232.452,-178.78,0.789,0.622,-87.865,-43.254,-80.347,0.894,-55.161,91.019,-0.043,-2.772,1.337,0.01,1.394,-0.063,-0.06,28.76,9.05,-0.73,1.17,-0.07,0.045,2.868,-1.382,-0.008,-1.546,0.07,
2026-01-26 05:59:52.793,machining_end_to_approach_machine,-36.071,1194.385,1228.471,-178.786,0.789,0.622,-87.869,-43.508,-80.225,0.895,-55.035,91.013,-0.042,-2.715,1.31,0.01,1.36,-0.062,-0.06,28.91,8.97,-0.82,1.09,-0.02,0.033,2.095,-1.01,-0.006,-1.154,0.052,
2026-01-26 05:59:52.896,machining_end_to_approach_machine,-36.056,1196.034,1224.741,-178.791,0.788,0.621,-87.873,-43.746,-80.11,0.895,-54.918,91.008,-0.041,-2.631,1.269,0.01,1.312,-0.059,-0.03,28.96,8.92,-0.88,1.03,0.02,0.032,2.052,-0.989,-0.006,-1.126,0.051,
2026-01-26 05:59:52.998,machining_end_to_approach_machine,-36.044,1197.209,1222.059,-178.796,0.788,0.621,-87.875,-43.917,-80.028,0.896,-54.835,91.004,-0.037,-2.4,1.158,0.009,1.193,-0.054,-0.01,29.11,8.92,-0.81,0.96,-0.02,0.039,2.518,-1.214,-0.008,-1.347,0.061,
2026-01-26 05:59:53.102,machining_end_to_approach_machine,-36.032,1198.385,1219.354,-178.801,0.788,0.62,-87.878,-44.088,-79.945,0.897,-54.751,91.0,-0.035,-2.229,1.075,0.009,1.105,-0.05,-0.13,29.02,8.86,-0.83,0.94,-0.01,0.035,2.254,-1.086,-0.007,-1.209,0.055,
2026-01-26 05:59:53.204,machining_end_to_approach_machine,-36.021,1199.428,1216.935,-178.805,0.787,0.62,-87.88,-44.242,-79.871,0.897,-54.676,90.997,-0.032,-2.055,0.992,0.008,1.016,-0.046,-0.09,29.25,8.89,-0.84,0.92,0.01,0.034,2.214,-1.067,-0.007,-1.181,0.054,waypoint
2026-01-26 05:59:53.309,approach_machine_to_pick,-36.142,1208.227,1215.201,-178.516,0.784,0.625,-87.889,-44.778,-78.978,0.884,-54.744,90.996,-0.046,-2.881,2.976,-0.027,0.591,-0.037,-0.03,29.27,9.14,-0.8,0.25,0.02,-0.032,-1.834,7.229,-0.146,-2.492,0.073,
2026-01-26 05:59:53.414,approach_machine_to_pick,-36.326,1220.902,1213.24,-178.349,0.784,0.623,-87.902,-45.565,-77.605,0.875,-55.163,90.997,-0.066,-4.129,5.665,-0.044,-0.604,-0.025,-0.05,29.31,9.37,-0.79,-0.57,-0.01,-0.071,-4.163,11.311,-0.092,-5.753,0.085,
2026-01-26 05:59:53.518,approach_machine_to_pick,-36.517,1234.653,1210.943,-178.345,0.785,0.621,-87.916,-46.456,-76.049,0.869,-55.824,90.997,-0.086,-5.324,8.139,-0.047,-2.106,-0.019,-0.17,29.62,9.54,-0.82,-1.25,-0.04,-0.081,-4.784,12.005,-0.044,-7.598,0.064,
2026-01-26 05:59:53.622,approach_machine_to_pick,-36.647,1244.484,1209.207,-178.389,0.786,0.619,-87.927,-47.108,-74.909,0.866,-56.355,90.995,-0.092,-5.624,8.954,-0.042,-2.907,-0.018,-0.16,29.68,9.66,-0.85,-1.81,0.1,-0.034,-1.922,6.646,-0.012,-5.535,0.046,
2026-01-26 05:59:53.725,approach_machine_to_pick,-36.778,1255.08,1207.252,-178.451,0.787,0.618,-87.939,-47.823,-73.659,0.864,-56.952,90.993,-0.098,-6.006,9.839,-0.038,-3.672,-0.019,-0.14,29.93,9.66,-0.84,-2.2,0.06,-0.041,-2.353,7.072,-0.009,-5.638,0.033,
2026-01-26 05:59:53.829,approach_machine_to_pick,-36.887,1264.389,1205.464,-178.511,0.788,0.617,-87.949,-48.461,-72.546,0.861,-57.487,90.991,-0.1,-6.097,10.162,-0.034,-4.093,-0.02,-0.26,30.15,9.8,-0.77,-2.59,0.01,-0.024,-1.341,5.008,-0.004,-4.464,0.028,
2026-01-26 05:59:53.931,approach_machine_to_pick,-36.982,1273.005,1203.748,-178.566,0.788,0.616,-87.959,-49.058,-71.502,0.859,-57.99,90.988,-0.099,-6.066,10.231,-0.031,-4.325,-0.021,0.0,30.37,9.9,-0.84,-2.69,-0.04,-0.015,-0.808,3.81,-0.002,-3.682,0.025,
2026-01-26 05:59:54.032,approach_machine_to_pick,-37.065,1280.986,1202.105,-178.617,0.789,0.616,-87.968,-49.618,-70.524,0.857,-58.459,90.986,-0.098,-5.95,10.119,-0.028,-4.417,-0.022,-0.11,30.65,9.9,-0.82,-2.78,0.0,-0.007,-0.353,2.776,-0.001,-2.988,0.024,
2026-01-26 05:59:54.136,approach_machine_to_pick,-37.144,1289.094,1200.383,-178.668,0.789,0.615,-87.978,-50.193,-69.518,0.855,-58.94,90.984,-0.097,-5.901,10.104,-0.026,-4.515,-0.022,-0.18,30.87,10.03,-0.81,-2.76,0.02,-0.009,-0.474,2.77,-0.002,-2.803,0.021,
2026-01-26 05:59:54.236,approach_machine_to_pick,-37.2,1295.246,1199.039,-178.705,0.789,0.615,-87.985,-50.635,-68.747,0.854,-59.307,90.982,-0.091,-5.529,9.506,-0.024,-4.304,-0.021,-0.02,31.1,9.91,-0.79,-2.75,-0.05,0.014,0.915,0.149,0.002,-1.388,0.024,
2026-01-26 05:59:54.338,approach_machine_to_pick,-37.255,1301.614,1197.614,-178.743,0.79,0.614,-87.993,-51.096,-67.941,0.852,-59.69,90.98,-0.087,-5.3,9.144,-0.022,-4.185,-0.02,-0.05,31.28,9.93,-0.77,-2.77,0.0,0.009,0.625,0.481,0.001,-1.401,0.021,
2026-01-26 05:59:54.439,approach_machine_to_pick,-37.302,1307.526,1196.258,-178.777,0.79,0.614,-88.0,-51.528,-67.186,0.85,-60.047,90.978,-0.083,-5.056,8.747,-0.021,-4.031,-0.02,-0.11,31.49,9.86,-0.77,-2.75,0.06,0.013,0.851,-0.072,0.002,-1.008,0.021,
2026-01-26 05:59:54.543,approach_machine_to_pick,-37.342,1312.753,1195.033,-178.806,0.79,0.613,-88.006,-51.914,-66.512,0.849,-60.364,90.977,-0.078,-4.756,8.244,-0.02,-3.817,-0.018,-0.13,31.63,9.99,-0.88,-2.68,0.03,0.019,1.233,-0.881,0.003,-0.509,0.021,
2026-01-26 05:59:54.645,approach_machine_to_pick,-37.376,1317.628,1193.867,-178.833,0.79,0.613,-88.012,-52.277,-65.878,0.847,-60.662,90.975,-0.074,-4.474,7.767,-0.019,-3.606,-0.017,-0.11,31.92,9.9,-0.85,-2.6,0.03,0.021,1.34,-1.194,0.003,-0.258,0.02,
2026-01-26 05:59:54.747,approach_machine_to_pick,-37.408,1322.409,1192.702,-178.858,0.79,0.613,-88.018,-52.635,-65.252,0.845,-60.954,90.974,-0.07,-4.252,7.391,-0.018,-3.437,-0.016,-0.14,32.11,10.02,-0.83,-2.4,0.03,0.02,1.248,-1.149,0.003,-0.187,0.018,
2026-01-26 05:59:54.850,approach_machine_to_pick,-37.435,1326.856,1191.598,-178.88,0.79,0.612,-88.024,-52.971,-64.665,0.844,-61.228,90.973,-0.066,-4.029,7.011,-0.017,-3.261,-0.015,-0.11,32.26,9.97,-0.82,-2.21,0.03,0.021,1.347,-1.426,0.003,0.026,0.018,
2026-01-26 05:59:54.952,approach_machine_to_pick,-37.46,1331.193,1190.503,-178.901,0.79,0.612,-88.029,-53.301,-64.088,0.843,-61.495,90.972,-0.063,-3.847,6.7,-0.016,-3.115,-0.014,-0.1,32.43,9.9,-0.74,-2.17,0.02,0.02,1.271,-1.385,0.003,0.081,0.016,
2026-01-26 05:59:55.054,approach_machine_to_pick,-37.48,1335.031,1189.518,-178.919,0.79,0.612,-88.034,-53.596,-63.574,0.841,-61.733,90.971,-0.06,-3.621,6.311,-0.016,-2.93,-0.013,-0.05,32.52,9.89,-0.83,-2.02,0.07,0.024,1.503,-1.874,0.004,0.374,0.016,
2026-01-26 05:59:55.156,approach_machine_to_pick,-37.5,1339.121,1188.452,-178.937,0.79,0.611,-88.039,-53.912,-63.022,0.84,-61.987,90.97,-0.058,-3.505,6.112,-0.015,-2.832,-0.012,-0.0,32.77,9.96,-0.79,-2.0,0.02,0.018,1.138,-1.312,0.002,0.174,0.014,
2026-01-26 05:59:55.256,approach_machine_to_pick,-37.516,1342.576,1187.538,-178.951,0.79,0.611,-88.043,-54.18,-62.553,0.838,-62.202,90.969,-0.054,-3.3,5.757,-0.015,-2.662,-0.012,-0.12,32.79,9.83,-0.83,-1.78,0.06,0.024,1.497,-2.006,0.004,0.545,0.015,
2026-01-26 05:59:55.360,approach_machine_to_pick,-37.529,1345.637,1186.717,-178.963,0.79,0.61,-88.047,-54.419,-62.135,0.837,-62.393,90.968,-0.051,-3.074,5.363,-0.014,-2.473,-0.011,-0.08,32.93,9.83,-0.78,-1.65,-0.04,0.027,1.639,-2.315,0.005,0.732,0.014,
2026-01-26 05:59:55.465,approach_machine_to_pick,-37.54,1348.629,1185.905,-178.974,0.79,0.61,-88.051,-54.655,-61.724,0.836,-62.579,90.967,-0.048,-2.893,5.049,-0.013,-2.322,-0.01,-0.05,33.05,9.79,-0.9,-1.63,0.03,0.025,1.516,-2.156,0.004,0.699,0.013,
2026-01-26 05:59:55.568,approach_machine_to_pick,-37.549,1351.153,1185.213,-178.983,0.79,0.61,-88.055,-54.854,-61.376,0.835,-62.737,90.967,-0.044,-2.669,4.658,-0.013,-2.136,-0.009,-0.05,33.16,9.79,-0.81,-1.54,0.06,0.028,1.722,-2.565,0.005,0.919,0.013,
2026-01-26 05:59:55.669,approach_machine_to_pick,-37.557,1353.517,1184.558,-178.991,0.79,0.61,-88.058,-55.042,-61.048,0.834,-62.885,90.966,-0.041,-2.47,4.313,-0.012,-1.972,-0.008,-0.03,33.25,9.76,-0.91,-1.38,-0.06,0.027,1.669,-2.516,0.005,0.927,0.012,
2026-01-26 05:59:55.771,approach_machine_to_pick,-37.565,1355.956,1183.876,-178.998,0.789,0.609,-88.061,-55.236,-60.709,0.833,-63.038,90.966,-0.038,-2.339,4.083,-0.011,-1.86,-0.007,0.06,33.42,9.65,-0.78,-1.28,-0.05,0.023,1.434,-2.146,0.004,0.787,0.011,
2026-01-26 05:59:55.872,approach_machine_to_pick,-37.57,1357.804,1183.355,-179.004,0.789,0.609,-88.063,-55.384,-60.45,0.832,-63.153,90.965,-0.035,-2.124,3.708,-0.011,-1.685,-0.007,0.03,33.41,9.76,-0.81,-1.25,0.04,0.029,1.755,-2.742,0.006,1.076,0.011,
2026-01-26 05:59:55.976,approach_machine_to_pick,-37.574,1359.648,1182.831,-179.008,0.789,0.609,-88.066,-55.532,-60.192,0.832,-63.269,90.965,-0.032,-1.963,3.428,-0.01,-1.552,-0.006,-0.01,33.52,9.74,-0.85,-1.17,0.05,0.026,1.578,-2.466,0.005,0.972,0.01,
2026-01-26 05:59:56.079,approach_machine_to_pick,-37.577,1360.72,1182.525,-179.011,0.789,0.609,-88.067,-55.618,-60.041,0.831,-63.336,90.965,-0.028,-1.688,2.948,-0.009,-1.332,-0.005,-0.01,33.55,9.77,-0.81,-1.11,-0.03,0.033,2.038,-3.298,0.008,1.358,0.011,
2026-01-26 05:59:56.182,approach_machine_to_pick,-37.58,1362.028,1182.15,-179.014,0.789,0.608,-88.069,-55.724,-59.857,0.83,-63.418,90.964,-0.025,-1.53,2.672,-0.008,-1.203,-0.005,0.05,33.6,9.71,-0.81,-1.1,-0.12,0.027,1.642,-2.633,0.006,1.075,0.009,
2026-01-26 05:59:56.283,approach_machine_to_pick,-37.583,1363.448,1181.74,-179.017,0.789,0.608,-88.071,-55.839,-59.656,0.83,-63.507,90.964,-0.024,-1.435,2.505,-0.008,-1.125,-0.004,0.02,33.7,9.7,-0.75,-1.11,-0.01,0.023,1.384,-2.206,0.005,0.897,0.008,
2026-01-26 05:59:56.387,approach_machine_to_pick,-37.586,1364.957,1181.302,-179.02,0.789,0.608,-88.073,-55.961,-59.442,0.829,-63.601,90.964,-0.023,-1.382,2.413,-0.007,-1.079,-0.004,-0.03,33.69,9.64,-0.85,-0.93,-0.05,0.019,1.171,-1.855,0.004,0.753,0.007,
2026-01-26 05:59:56.490,approach_machine_to_pick,-37.588,1366.376,1180.888,-179.023,0.789,0.608,-88.075,-56.077,-59.241,0.828,-63.69,90.963,-0.022,-1.325,2.314,-0.007,-1.031,-0.004,-0.02,33.9,9.64,-0.83,-0.83,-0.04,0.018,1.123,-1.79,0.004,0.734,0.007,
2026-01-26 05:59:56.594,approach_machine_to_pick,-37.591,1367.855,1180.453,-179.025,0.789,0.608,-88.077,-56.197,-59.03,0.828,-63.782,90.963,-0.021,-1.295,2.262,-0.007,-1.004,-0.003,-0.04,33.84,9.61,-0.83,-0.79,0.0,0.016,0.959,-1.521,0.003,0.624,0.006,
2026-01-26 05:59:56.696,approach_machine_to_pick,-37.593,1369.104,1180.085,-179.026,0.789,0.608,-88.078,-56.299,-58.852,0.827,-63.86,90.963,-0.02,-1.227,2.142,-0.007,-0.948,-0.003,-0.01,33.9,9.7,-0.83,-0.65,-0.02,0.017,1.048,-1.692,0.004,0.706,0.006,waypoint
2026-01-26 05:59:56.797,pick_on_machine,-37.594,1370.342,1179.717,-179.028,0.788,0.607,-88.08,-56.401,-58.674,0.827,-63.937,90.963,-0.019,-1.174,2.05,-0.007,-0.904,-0.003,0.08,34.01,9.59,-0.81,-0.69,0.07,0.016,0.949,-1.533,0.003,0.643,0.005,
2026-01-26 05:59:56.901,pick_on_machine,-37.596,1371.445,1179.389,-179.029,0.788,0.607,-88.081,-56.491,-58.516,0.826,-64.006,90.962,-0.018,-1.107,1.933,-0.006,-0.849,-0.003,-0.04,33.98,9.46,-0.86,-0.7,-0.06,0.016,0.964,-1.571,0.004,0.664,0.005,
2026-01-26 05:59:57.002,pick_on_machine,-37.597,1372.484,1179.078,-179.029,0.788,0.607,-88.083,-56.577,-58.367,0.825,-64.07,90.962,-0.017,-1.044,1.823,-0.006,-0.798,-0.003,-0.1,34.03,9.54,-0.91,-0.74,-0.01,0.015,0.918,-1.503,0.003,0.639,0.005,
2026-01-26 05:59:57.105,pick_on_machine,-37.598,1373.515,1178.768,-179.03,0.788,0.607,-88.084,-56.662,-58.219,0.825,-64.134,90.962,-0.016,-0.995,1.738,-0.006,-0.758,-0.002,-0.01,34.11,9.65,-0.86,-0.64,0.03,0.014,0.831,-1.361,0.003,0.581,0.004,
2026-01-26 05:59:57.207,pick_on_machine,-37.598,1374.483,1178.476,-179.03,0.788,0.607,-88.086,-56.742,-58.079,0.824,-64.194,90.962,-0.016,-0.946,1.653,-0.006,-0.718,-0.002,0.01,34.12,9.6,-0.8,-0.64,0.04,0.013,0.799,-1.314,0.003,0.563,0.004,
2026-01-26 05:59:57.311,pick_on_machine,-37.599,1375.345,1178.215,-179.03,0.788,0.607,-88.087,-56.813,-57.954,0.824,-64.247,90.962,-0.015,-0.888,1.551,-0.005,-0.672,-0.002,-0.02,34.13,9.49,-0.83,-0.51,-0.06,0.013,0.805,-1.332,0.003,0.573,0.004,
2026-01-26 05:59:57.415,pick_on_machine,-37.599,1376.026,1178.009,-179.03,0.788,0.606,-88.088,-56.869,-57.856,0.824,-64.289,90.962,-0.013,-0.807,1.409,-0.005,-0.609,-0.002,0.03,34.23,9.62,-0.9,-0.54,-0.05,0.014,0.874,-1.461,0.004,0.629,0.004,
2026-01-26 05:59:57.518,pick_on_machine,-37.6,1376.757,1177.786,-179.03,0.788,0.606,-88.089,-56.93,-57.75,0.823,-64.334,90.961,-0.012,-0.757,1.321,-0.005,-0.569,-0.002,-0.01,34.27,9.6,-0.84,-0.41,0.09,0.012,0.744,-1.24,0.003,0.535,0.003,
2026-01-26 05:59:57.619,pick_on_machine,-37.6,1377.448,1177.575,-179.029,0.788,0.606,-88.09,-56.987,-57.65,0.823,-64.376,90.961,-0.012,-0.711,1.242,-0.004,-0.533,-0.002,-0.05,34.21,9.61,-0.9,-0.37,0.03,0.012,0.702,-1.172,0.003,0.507,0.003,
2026-01-26 05:59:57.719,pick_on_machine,-37.6,1378.214,1177.341,-179.029,0.788,0.606,-88.091,-57.051,-57.539,0.822,-64.423,90.961,-0.011,-0.692,1.209,-0.004,-0.517,-0.001,0.07,34.28,9.59,-0.83,-0.51,-0.05,0.009,0.57,-0.947,0.002,0.412,0.003,
2026-01-26 05:59:57.823,pick_on_machine,-37.6,1379.033,1177.089,-179.028,0.787,0.606,-88.092,-57.119,-57.42,0.822,-64.473,90.961,-0.011,-0.69,1.205,-0.004,-0.513,-0.001,-0.05,34.32,9.61,-0.87,-0.42,-0.05,0.008,0.466,-0.771,0.002,0.339,0.002,
2026-01-26 05:59:57.927,pick_on_machine,-37.6,1379.762,1176.865,-179.027,0.787,0.606,-88.093,-57.18,-57.314,0.822,-64.518,90.961,-0.011,-0.669,1.168,-0.004,-0.495,-0.001,-0.02,34.31,9.51,-0.94,-0.36,0.07,0.008,0.495,-0.826,0.002,0.362,0.002,
2026-01-26 05:59:58.027,pick_on_machine,-37.6,1380.41,1176.665,-179.026,0.787,0.606,-88.094,-57.234,-57.219,0.821,-64.557,90.961,-0.01,-0.637,1.112,-0.004,-0.47,-0.001,0.0,34.37,9.48,-0.91,-0.31,0.01,0.008,0.512,-0.859,0.002,0.376,0.002,
2026-01-26 05:59:58.130,pick_on_machine,-37.6,1381.015,1176.478,-179.025,0.787,0.606,-88.095,-57.284,-57.131,0.821,-64.593,90.961,-0.01,-0.604,1.055,-0.004,-0.444,-0.001,-0.03,34.35,9.45,-0.86,-0.27,0.03,0.008,0.496,-0.835,0.002,0.366,0.002,
2026-01-26 05:59:58.236,pick_on_machine,-37.6,1381.579,1176.303,-179.023,0.787,0.606,-88.095,-57.332,-57.049,0.821,-64.627,90.961,-0.009,-0.571,0.997,-0.004,-0.418,-0.001,0.03,34.39,9.57,-0.8,-0.29,0.02,0.008,0.48,-0.81,0.002,0.355,0.002,
2026-01-26 05:59:58.339,pick_on_machine,-37.6,1382.082,1176.147,-179.022,0.787,0.605,-88.096,-57.374,-56.975,0.82,-64.658,90.961,-0.009,-0.533,0.931,-0.004,-0.389,-0.001,-0.01,34.42,9.52,-0.86,-0.28,0.04,0.008,0.483,-0.818,0.002,0.358,0.002,
2026-01-26 05:59:58.444,pick_on_machine,-37.6,1382.576,1175.994,-179.021,0.787,0.605,-88.097,-57.415,-56.903,0.82,-64.687,90.961,-0.008,-0.503,0.879,-0.003,-0.366,-0.001,-0.03,34.4,9.51,-0.9,-0.31,0.01,0.007,0.442,-0.749,0.002,0.328,0.002,
2026-01-26 05:59:58.544,pick_on_machine,-37.6,1383.016,1175.857,-179.02,0.787,0.605,-88.097,-57.452,-56.839,0.82,-64.714,90.961,-0.008,-0.47,0.82,-0.003,-0.34,-0.001,0.01,34.42,9.5,-0.87,-0.37,0.04,0.007,0.443,-0.753,0.002,0.329,0.002,
2026-01-26 05:59:58.649,pick_on_machine,-37.6,1383.428,1175.728,-179.019,0.787,0.605,-88.098,-57.486,-56.779,0.819,-64.738,90.96,-0.007,-0.439,0.766,-0.003,-0.316,-0.001,0.11,34.33,9.58,-0.83,-0.25,0.02,0.007,0.422,-0.718,0.002,0.313,0.002,
2026-01-26 05:59:58.749,pick_on_machine,-37.6,1383.796,1175.613,-179.017,0.787,0.605,-88.098,-57.517,-56.725,0.819,-64.76,90.96,-0.007,-0.406,0.709,-0.003,-0.292,-0.001,0.05,34.36,9.58,-0.77,-0.18,0.02,0.007,0.417,-0.711,0.002,0.309,0.001,
2026-01-26 05:59:58.850,pick_on_machine,-37.599,1384.176,1175.494,-179.016,0.787,0.605,-88.099,-57.549,-56.669,0.819,-64.782,90.96,-0.006,-0.384,0.671,-0.003,-0.275,-0.001,0.03,34.6,9.53,-0.91,-0.19,0.1,0.006,0.364,-0.621,0.002,0.271,0.001,
2026-01-26 05:59:58.951,pick_on_machine,-37.599,1384.516,1175.388,-179.015,0.787,0.605,-88.099,-57.578,-56.619,0.819,-64.802,90.96,-0.006,-0.359,0.627,-0.003,-0.256,-0.001,0.05,34.53,9.49,-0.81,-0.21,-0.03,0.006,0.362,-0.619,0.002,0.269,0.001,
2026-01-26 05:59:59.054,pick_on_machine,-37.599,1384.849,1175.284,-179.014,0.787,0.605,-88.1,-57.605,-56.571,0.818,-64.822,90.96,-0.006,-0.339,0.592,-0.003,-0.241,-0.0,-0.02,34.41,9.57,-0.84,-0.26,0.05,0.005,0.331,-0.566,0.002,0.247,0.001,
2026-01-26 05:59:59.156,pick_on_machine,-37.599,1385.16,1175.186,-179.012,0.787,0.605,-88.1,-57.632,-56.525,0.818,-64.84,90.96,-0.005,-0.32,0.558,-0.002,-0.226,-0.0,-0.02,34.6,9.56,-0.88,-0.22,0.05,0.005,0.316,-0.541,0.002,0.236,0.001,
2026-01-26 05:59:59.257,pick_on_machine,-37.599,1385.451,1175.095,-179.011,0.787,0.605,-88.101,-57.656,-56.482,0.818,-64.857,90.96,-0.005,-0.301,0.525,-0.002,-0.212,-0.0,-0.05,34.51,9.47,-0.83,-0.15,0.03,0.005,0.302,-0.517,0.002,0.225,0.001,
2026-01-26 05:59:59.358,pick_on_machine,-37.598,1385.722,1175.01,-179.01,0.787,0.605,-88.101,-57.679,-56.443,0.818,-64.873,90.96,-0.005,-0.283,0.493,-0.002,-0.198,-0.0,-0.09,34.57,9.53,-0.81,-0.16,-0.05,0.005,0.288,-0.493,0.002,0.214,0.001,
2026-01-26 05:59:59.462,pick_on_machine,-37.598,1385.964,1174.933,-179.009,0.786,0.605,-88.101,-57.699,-56.407,0.818,-64.887,90.96,-0.004,-0.263,0.459,-0.002,-0.184,-0.0,0.06,34.55,9.55,-1.0,-0.05,-0.02,0.005,0.284,-0.487,0.002,0.21,0.001,
2026-01-26 05:59:59.566,pick_on_machine,-37.598,1386.158,1174.873,-179.008,0.786,0.605,-88.102,-57.715,-56.379,0.818,-64.898,90.96,-0.004,-0.238,0.415,-0.002,-0.166,-0.0,0.04,34.55,9.59,-0.76,-0.13,-0.0,0.005,0.296,-0.509,0.002,0.217,0.001,
2026-01-26 05:59:59.669,pick_on_machine,-37.598,1386.362,1174.808,-179.006,0.786,0.605,-88.102,-57.733,-56.349,0.817,-64.91,90.96,-0.004,-0.221,0.386,-0.002,-0.154,-0.0,-0.02,34.55,9.52,-0.89,-0.09,0.12,0.004,0.257,-0.443,0.001,0.19,0.001,
2026-01-26 05:59:59.772,pick_on_machine,-37.598,1386.584,1174.738,-179.005,0.786,0.605,-88.102,-57.751,-56.316,0.817,-64.922,90.96,-0.003,-0.212,0.371,-0.002,-0.147,-0.0,-0.05,34.59,9.6,-0.85,-0.07,-0.03,0.004,0.217,-0.373,0.001,0.162,0.001,
2026-01-26 05:59:59.874,pick_on_machine,-37.598,1386.772,1174.679,-179.004,0.786,0.605,-88.102,-57.767,-56.289,0.817,-64.933,90.96,-0.003,-0.199,0.347,-0.002,-0.137,-0.0,-0.07,34.53,9.48,-0.97,-0.12,0.04,0.004,0.223,-0.385,0.001,0.165,0.001,
2026-01-26 05:59:59.975,pick_on_machine,-37.598,1386.948,1174.624,-179.003,0.786,0.605,-88.103,-57.782,-56.263,0.817,-64.943,90.96,-0.003,-0.186,0.325,-0.002,-0.128,-0.0,-0.05,34.55,9.39,-0.82,-0.08,0.02,0.003,0.211,-0.364,0.001,0.156,0.001,
2026-01-26 06:00:00.076,pick_on_machine,-37.597,1387.097,1174.577,-179.002,0.786,0.604,-88.103,-57.794,-56.241,0.817,-64.951,90.96,-0.003,-0.171,0.298,-0.001,-0.117,-0.0,0.06,34.63,9.46,-0.9,-0.1,0.04,0.003,0.213,-0.367,0.001,0.156,0.001,
2026-01-26 06:00:00.180,pick_on_machine,-37.597,1387.268,1174.523,-179.001,0.786,0.604,-88.103,-57.809,-56.216,0.817,-64.961,90.96,-0.003,-0.164,0.286,-0.001,-0.112,-0.0,-0.04,34.57,9.47,-0.89,-0.19,-0.1,0.003,0.173,-0.299,0.001,0.128,0.0,
2026-01-26 06:00:00.280,pick_on_machine,-37.597,1387.428,1174.472,-179.0,0.786,0.604,-88.103,-57.822,-56.193,0.817,-64.97,90.96,-0.003,-0.156,0.273,-0.001,-0.106,-0.0,0.05,34.56,9.47,-0.87,-0.03,-0.03,0.003,0.166,-0.286,0.001,0.122,0.0,
2026-01-26 06:00:00.383,pick_on_machine,-37.597,1387.563,1174.43,-178.999,0.786,0.604,-88.104,-57.833,-56.173,0.817,-64.977,90.96,-0.002,-0.146,0.254,-0.001,-0.098,-0.0,0.07,34.66,9.38,-0.82,-0.05,0.06,0.003,0.169,-0.292,0.001,0.124,0.0,
2026-01-26 06:00:00.489,pick_on_machine,-37.597,1387.696,1174.388,-178.998,0.786,0.604,-88.104,-57.845,-56.153,0.816,-64.985,90.96,-0.002,-0.137,0.24,-0.001,-0.092,-0.0,0.02,34.65,9.48,-0.84,0.04,0.01,0.003,0.154,-0.267,0.001,0.113,0.0,
2026-01-26 06:00:00.598,pick_on_machine,-37.597,1387.75,1174.371,-178.998,0.786,0.604,-88.104,-57.849,-56.145,0.816,-64.988,90.96,-0.002,-0.114,0.2,-0.001,-0.077,-0.0,-0.01,34.64,9.42,-0.9,-0.11,-0.01,0.003,0.205,-0.355,0.001,0.146,0.0,
2026-01-26 06:00:00.706,pick_on_machine,-37.597,1387.797,1174.356,-178.997,0.786,0.604,-88.104,-57.853,-56.139,0.816,-64.99,90.96,-0.002,-0.096,0.167,-0.001,-0.064,-0.0,-0.05,34.65,9.48,-0.9,-0.05,0.08,0.003,0.191,-0.33,0.001,0.135,0.0,
2026-01-26 06:00:00.809,pick_on_machine,-37.597,1387.866,1174.334,-178.997,0.786,0.604,-88.104,-57.859,-56.129,0.816,-64.994,90.96,-0.001,-0.086,0.15,-0.001,-0.057,-0.0,0.02,34.57,9.49,-0.89,-0.13,-0.04,0.003,0.154,-0.266,0.001,0.11,0.0,
2026-01-26 06:00:00.910,pick_on_machine,-37.597,1387.973,1174.3,-178.996,0.786,0.604,-88.104,-57.868,-56.113,0.816,-65.0,90.96,-0.001,-0.087,0.152,-0.001,-0.058,-0.0,-0.06,34.62,9.49,-0.95,-0.04,0.03,0.002,0.105,-0.181,0.001,0.077,0.0,
2026-01-26 06:00:01.012,pick_on_machine,-37.597,1388.075,1174.268,-178.995,0.786,0.604,-88.104,-57.876,-56.098,0.816,-65.006,90.96,-0.001,-0.087,0.151,-0.001,-0.057,-0.0,0.08,34.62,9.43,-0.91,-0.03,0.04,0.002,0.1,-0.173,0.001,0.073,0.0,
2026-01-26 06:00:01.115,pick_on_machine,-37.596,1388.179,1174.235,-178.995,0.786,0.604,-88.104,-57.885,-56.083,0.816,-65.011,90.96,-0.001,-0.087,0.151,-0.001,-0.057,-0.0,0.1,34.6,9.54,-0.91,-0.04,-0.0,0.001,0.088,-0.152,0.001,0.065,0.0,
2026-01-26 06:00:01.218,pick_on_machine,-37.596,1388.276,1174.205,-178.994,0.786,0.604,-88.104,-57.893,-56.068,0.816,-65.017,90.96,-0.001,-0.085,0.149,-0.001,-0.056,-0.0,0.05,34.55,9.46,-0.86,-0.05,0.01,0.001,0.085,-0.147,0.001,0.062,0.0,
2026-01-26 06:00:01.319,pick_on_machine,-37.596,1388.358,1174.179,-178.993,0.786,0.604,-88.105,-57.9,-56.056,0.816,-65.021,90.96,-0.001,-0.081,0.142,-0.001,-0.053,-0.0,-0.05,34.57,9.52,-0.86,-0.05,0.03,0.001,0.089,-0.154,0.001,0.064,0.0,
2026-01-26 06:00:01.419,pick_on_machine,-37.596,1388.428,1174.157,-178.992,0.786,0.604,-88.105,-57.906,-56.046,0.816,-65.025,90.96,-0.001,-0.076,0.132,-0.001,-0.049,-0.0,0.06,34.68,9.45,-0.82,-0.03,-0.03,0.001,0.09,-0.157,0.001,0.065,0.0,
2026-01-26 06:00:01.523,pick_on_machine,-37.596,1388.504,1174.133,-178.992,0.786,0.604,-88.105,-57.912,-56.035,0.816,-65.029,90.96,-0.001,-0.073,0.127,-0.001,-0.047,-0.0,-0.01,34.61,9.49,-0.92,-0.01,-0.06,0.001,0.076,-0.131,0.0,0.055,0.0,
2026-01-26 06:00:01.624,pick_on_machine,-37.596,1388.569,1174.112,-178.991,0.786,0.604,-88.105,-57.918,-56.026,0.816,-65.032,90.96,-0.001,-0.068,0.119,-0.001,-0.044,-0.0,0.03,34.67,9.44,-0.95,-0.08,0.1,0.001,0.078,-0.135,0.001,0.056,0.0,
2026-01-26 06:00:01.935,pick_on_machine,-37.596,1388.752,1174.054,-178.989,0.786,0.604,-88.105,-57.933,-55.999,0.816,-65.042,90.96,-0.001,-0.058,0.101,-0.001,-0.037,-0.0,-0.07,34.53,9.43,-0.85,-0.01,0.02,0.001,0.064,-0.111,0.0,0.045,0.0,
2026-01-26 06:00:02.241,pick_on_machine,-37.596,1388.864,1174.019,-178.988,0.786,0.604,-88.105,-57.942,-55.983,0.816,-65.048,90.96,-0.001,-0.043,0.076,-0.0,-0.027,-0.0,-0.04,34.57,9.36,-0.86,-0.09,0.02,0.001,0.049,-0.085,0.0,0.035,0.0,
2026-01-26 06:00:02.548,pick_on_machine,-37.596,1389.004,1173.975,-178.987,0.786,0.604,-88.105,-57.954,-55.962,0.815,-65.055,90.96,-0.001,-0.041,0.071,-0.0,-0.025,-0.0,-0.03,34.69,9.45,-0.86,-0.01,-0.03,0.001,0.04,-0.069,0.0,0.028,0.0,
2026-01-26 06:00:02.856,pick_on_machine,-37.595,1389.113,1173.941,-178.986,0.786,0.604,-88.106,-57.963,-55.946,0.815,-65.061,90.96,-0.001,-0.034,0.06,-0.0,-0.021,-0.0,0.05,34.68,9.49,-0.94,-0.04,0.09,0.001,0.038,-0.066,0.0,0.026,0.0,
2026-01-26 06:00:03.166,pick_on_machine,-37.595,1389.198,1173.914,-178.985,0.786,0.604,-88.106,-57.97,-55.934,0.815,-65.065,90.96,-0.0,-0.028,0.048,-0.0,-0.017,0.0,-0.05,34.7,9.38,-0.93,-0.02,0.03,0.001,0.034,-0.06,0.0,0.023,0.0,
2026-01-26 06:00:03.470,pick_on_machine,-37.595,1389.267,1173.892,-178.984,0.786,0.604,-88.106,-57.976,-55.924,0.815,-65.069,90.96,-0.0,-0.023,0.039,-0.0,-0.014,0.0,0.02,34.77,9.55,-0.85,0.05,0.03,0.0,0.029,-0.05,0.0,0.019,0.0,
2026-01-26 06:00:03.779,pick_on_machine,-37.595,1389.327,1173.873,-178.983,0.786,0.604,-88.106,-57.981,-55.915,0.815,-65.072,90.96,-0.0,-0.019,0.033,-0.0,-0.011,0.0,0.03,34.67,9.37,-0.89,0.06,-0.01,0.0,0.022,-0.039,0.0,0.015,0.0,
2026-01-26 06:00:04.085,pick_on_machine,-37.595,1389.377,1173.858,-178.982,0.786,0.604,-88.106,-57.985,-55.908,0.815,-65.074,90.96,-0.0,-0.016,0.028,-0.0,-0.009,0.0,-0.07,34.66,9.48,-0.92,0.02,0.0,0.0,0.018,-0.032,0.0,0.012,0.0,
2026-01-26 06:00:04.493,pick_on_machine,-37.595,1389.431,1173.841,-178.982,0.786,0.604,-88.106,-57.99,-55.9,0.815,-65.077,90.96,-0.0,-0.013,0.022,-0.0,-0.007,0.0,0.06,34.65,9.46,-0.81,-0.04,0.0,0.0,0.014,-0.025,0.0,0.009,0.0,
2026-01-26 06:00:04.594,pick_to_retreat_machine,-37.599,1388.809,1173.844,-179.022,0.787,0.603,-88.105,-57.949,-55.983,0.818,-65.074,90.96,0.002,0.092,-0.191,0.007,0.001,-0.0,-5.53,90.3,-1.66,0.07,-0.1,-0.02,0.008,0.427,-0.871,0.029,0.042,-0.001,
2026-01-26 06:00:04.698,pick_to_retreat_machine,-37.647,1370.601,1173.808,-179.681,0.797,0.602,-88.08,-56.718,-58.53,0.849,-64.417,90.956,0.064,3.148,-6.51,0.083,1.642,-0.011,-4.36,79.08,-0.06,-0.11,1.13,-0.03,0.25,12.298,-25.418,0.31,6.573,-0.042,
2026-01-26 06:00:04.801,pick_to_retreat_machine,-37.659,1353.975,1173.692,-179.782,0.8,0.605,-88.057,-55.562,-60.922,0.864,-63.281,90.953,0.107,5.249,-10.864,0.099,4.071,-0.016,-3.6,70.05,1.3,-0.29,2.47,0.02,0.21,10.303,-21.338,0.113,10.713,-0.027,
2026-01-26 06:00:04.906,pick_to_retreat_machine,-37.64,1337.572,1173.527,-179.721,0.802,0.608,-88.034,-54.439,-63.25,0.874,-62.015,90.952,0.138,6.746,-13.968,0.1,6.219,-0.014,-2.84,62.8,2.31,-0.39,3.51,0.01,0.183,8.955,-18.559,0.059,10.945,-0.001,
2026-01-26 06:00:05.009,pick_to_retreat_machine,-37.595,1322.604,1173.346,-179.624,0.803,0.61,-88.013,-53.44,-65.322,0.882,-60.847,90.952,0.154,7.558,-15.655,0.096,7.586,-0.009,-2.21,56.9,3.36,-0.53,4.19,-0.01,0.14,6.819,-14.134,0.031,8.872,0.013,
2026-01-26 06:00:05.113,pick_to_retreat_machine,-37.529,1308.294,1173.15,-179.526,0.804,0.61,-87.994,-52.509,-67.251,0.89,-59.75,90.954,0.163,7.995,-16.564,0.09,8.432,-0.004,-1.76,52.0,4.05,-0.55,4.68,-0.06,0.112,5.451,-11.3,0.019,7.272,0.018,
2026-01-26 06:00:05.215,pick_to_retreat_machine,-37.447,1294.632,1172.946,-179.434,0.804,0.611,-87.977,-51.642,-69.048,0.897,-58.728,90.955,0.167,8.164,-16.915,0.085,8.878,0.001,-1.45,48.19,4.54,-0.58,5.03,-0.05,0.087,4.267,-8.846,0.012,5.789,0.018,
2026-01-26 06:00:05.321,pick_to_retreat_machine,-37.356,1282.194,1172.746,-179.355,0.804,0.611,-87.961,-50.87,-70.648,0.903,-57.821,90.956,0.164,8.053,-16.686,0.079,8.926,0.004,-1.17,44.95,5.14,-0.7,5.21,-0.02,0.059,2.891,-5.993,0.004,4.065,0.016,
2026-01-26 06:00:05.423,pick_to_retreat_machine,-37.276,1272.554,1172.583,-179.297,0.803,0.611,-87.949,-50.282,-71.866,0.907,-57.132,90.958,0.153,7.509,-15.559,0.071,8.416,0.006,-0.92,42.37,5.56,-0.68,5.21,-0.01,0.016,0.759,-1.574,-0.01,1.47,0.011,
2026-01-26 06:00:05.526,pick_to_retreat_machine,-37.186,1262.76,1172.411,-179.241,0.803,0.611,-87.937,-49.694,-73.084,0.912,-56.446,90.959,0.145,7.101,-14.716,0.065,8.028,0.007,-0.67,40.1,5.81,-0.82,5.2,0.03,0.014,0.686,-1.424,-0.009,1.305,0.01,
2026-01-26 06:00:05.629,pick_to_retreat_machine,-37.087,1252.875,1172.231,-179.188,0.803,0.611,-87.925,-49.11,-74.296,0.917,-55.766,90.96,0.139,6.788,-14.066,0.061,7.721,0.008,-0.53,38.43,6.08,-0.75,5.11,-0.05,0.012,0.584,-1.212,-0.007,1.112,0.009,
2026-01-26 06:00:05.730,pick_to_retreat_machine,-36.986,1243.447,1172.053,-179.141,0.802,0.611,-87.914,-48.56,-75.436,0.922,-55.128,90.961,0.132,6.465,-13.399,0.057,7.384,0.008,-0.4,36.88,6.35,-0.76,5.05,-0.01,0.004,0.177,-0.368,-0.009,0.572,0.007,
2026-01-26 06:00:05.831,pick_to_retreat_machine,-36.877,1234.004,1171.87,-179.096,0.801,0.61,-87.902,-48.016,-76.562,0.926,-54.501,90.962,0.127,6.208,-12.864,0.054,7.107,0.009,-0.25,35.62,6.44,-0.81,4.87,-0.05,0.002,0.096,-0.199,-0.008,0.417,0.006,
2026-01-26 06:00:05.935,pick_to_retreat_machine,-36.778,1225.915,1171.709,-179.06,0.801,0.61,-87.893,-47.556,-77.515,0.93,-53.972,90.962,0.119,5.806,-12.031,0.051,6.654,0.008,-0.28,34.69,6.66,-0.74,4.66,0.06,-0.015,-0.749,1.552,-0.014,-0.608,0.004,
2026-01-26 06:00:06.039,pick_to_retreat_machine,-36.679,1218.202,1171.552,-179.028,0.8,0.61,-87.884,-47.122,-78.414,0.934,-53.474,90.963,0.111,5.439,-11.272,0.047,6.234,0.008,-0.05,33.81,6.86,-0.83,4.58,-0.01,-0.019,-0.934,1.935,-0.014,-0.864,0.003,
2026-01-26 06:00:06.143,pick_to_retreat_machine,-36.581,1210.853,1171.399,-178.999,0.799,0.61,-87.876,-46.713,-79.263,0.938,-53.006,90.964,0.104,5.103,-10.575,0.045,5.845,0.008,-0.15,33.01,6.88,-0.8,4.37,-0.03,-0.022,-1.086,2.25,-0.014,-1.075,0.002,
2026-01-26 06:00:06.244,pick_to_retreat_machine,-36.479,1203.477,1171.244,-178.972,0.798,0.61,-87.868,-46.306,-80.106,0.941,-52.543,90.964,0.099,4.845,-10.04,0.043,5.543,0.007,-0.13,32.46,7.02,-0.85,4.16,-0.02,-0.02,-1.001,2.074,-0.013,-1.011,0.001,
2026-01-26 06:00:06.344,pick_to_retreat_machine,-36.378,1196.477,1171.094,-178.948,0.797,0.61,-87.86,-45.923,-80.9,0.945,-52.108,90.965,0.094,4.591,-9.513,0.041,5.243,0.007,-0.15,31.85,7.14,-0.73,3.93,0.04,-0.023,-1.143,2.369,-0.013,-1.202,0.001,
2026-01-26 06:00:06.446,pick_to_retreat_machine,-36.285,1190.18,1170.957,-178.929,0.797,0.609,-87.853,-45.581,-81.607,0.948,-51.722,90.965,0.088,4.297,-8.905,0.038,4.898,0.006,-0.0,31.5,7.08,-0.64,3.67,-0.06,-0.029,-1.441,2.986,-0.015,-1.563,-0.0,
2026-01-26 06:00:06.550,pick_to_retreat_machine,-36.194,1184.195,1170.825,-178.911,0.796,0.609,-87.846,-45.259,-82.275,0.951,-51.359,90.966,0.082,4.029,-8.348,0.036,4.581,0.006,0.02,30.93,7.26,-0.84,3.51,0.05,-0.03,-1.49,3.088,-0.015,-1.637,-0.001,
2026-01-26 06:00:06.653,pick_to_retreat_machine,-36.1,1178.201,1170.692,-178.895,0.795,0.609,-87.84,-44.939,-82.939,0.954,-50.999,90.966,0.078,3.823,-7.922,0.035,4.335,0.005,0.11,30.68,7.22,-0.81,3.3,0.03,-0.028,-1.359,2.817,-0.013,-1.507,-0.001,
2026-01-26 06:00:06.756,pick_to_retreat_machine,-36.0,1171.947,1170.551,-178.88,0.794,0.609,-87.833,-44.607,-83.628,0.957,-50.628,90.966,0.076,3.697,-7.661,0.034,4.179,0.005,-0.02,30.35,7.28,-0.77,3.12,-0.05,-0.023,-1.107,2.296,-0.01,-1.241,-0.001,
2026-01-26 06:00:06.861,pick_to_retreat_machine,-35.904,1166.062,1170.417,-178.867,0.793,0.609,-87.826,-44.296,-84.27,0.96,-50.283,90.967,0.072,3.548,-7.353,0.033,3.998,0.004,-0.01,30.05,7.31,-0.77,2.95,-0.03,-0.025,-1.215,2.518,-0.011,-1.374,-0.001,
2026-01-26 06:00:06.961,pick_to_retreat_machine,-35.824,1161.297,1170.308,-178.858,0.792,0.609,-87.821,-44.047,-84.788,0.962,-50.006,90.967,0.067,3.286,-6.808,0.031,3.691,0.004,0.04,29.84,7.31,-0.76,2.74,-0.0,-0.035,-1.699,3.521,-0.015,-1.922,-0.002,
2026-01-26 06:00:07.066,pick_to_retreat_machine,-35.735,1156.048,1170.186,-178.848,0.792,0.608,-87.816,-43.773,-85.355,0.965,-49.703,90.967,0.064,3.148,-6.523,0.03,3.524,0.003,0.04,29.68,7.27,-0.76,2.6,0.11,-0.026,-1.291,2.675,-0.011,-1.477,-0.002,
2026-01-26 06:00:07.167,pick_to_retreat_machine,-35.657,1151.573,1170.082,-178.842,0.791,0.608,-87.811,-43.541,-85.835,0.968,-49.448,90.967,0.06,2.941,-6.094,0.028,3.282,0.003,0.04,29.33,7.4,-0.77,2.49,0.0,-0.032,-1.577,3.269,-0.014,-1.798,-0.002,
2026-01-26 06:00:07.269,pick_to_retreat_machine,-35.579,1147.127,1169.978,-178.836,0.79,0.608,-87.806,-43.312,-86.31,0.97,-49.196,90.967,0.057,2.779,-5.758,0.027,3.09,0.003,0.1,29.19,7.37,-0.77,2.32,0.05,-0.03,-1.446,2.998,-0.012,-1.658,-0.002,
2026-01-26 06:00:07.371,pick_to_retreat_machine,-35.505,1142.941,1169.879,-178.832,0.789,0.608,-87.802,-43.097,-86.755,0.972,-48.962,90.967,0.054,2.621,-5.432,0.026,2.905,0.002,-0.01,29.08,7.39,-0.79,2.18,-0.06,-0.03,-1.445,2.996,-0.012,-1.658,-0.002,
2026-01-26 06:00:07.474,pick_to_retreat_machine,-35.451,1139.962,1169.808,-178.829,0.789,0.608,-87.799,-42.945,-87.071,0.974,-48.796,90.967,0.048,2.347,-4.863,0.023,2.593,0.002,-0.0,28.78,7.46,-0.8,1.95,-0.04,-0.039,-1.927,3.993,-0.017,-2.182,-0.003,
2026-01-26 06:00:07.575,pick_to_retreat_machine,-35.396,1136.93,1169.736,-178.827,0.788,0.608,-87.796,-42.79,-87.391,0.975,-48.628,90.968,0.044,2.146,-4.447,0.022,2.364,0.001,-0.0,28.73,7.46,-0.69,1.91,0.07,-0.035,-1.712,3.548,-0.015,-1.945,-0.002,
2026-01-26 06:00:07.676,pick_to_retreat_machine,-35.33,1133.342,1169.65,-178.825,0.788,0.608,-87.792,-42.608,-87.769,0.977,-48.431,90.968,0.042,2.065,-4.28,0.021,2.266,0.001,0.1,28.57,7.51,-0.68,1.87,0.07,-0.026,-1.263,2.619,-0.011,-1.456,-0.002,
2026-01-26 06:00:07.777,pick_to_retreat_machine,-35.267,1129.965,1169.569,-178.824,0.787,0.608,-87.789,-42.437,-88.123,0.979,-48.247,90.968,0.04,1.976,-4.095,0.02,2.16,0.001,0.06,28.38,7.56,-0.58,1.74,-0.0,-0.026,-1.251,2.593,-0.011,-1.441,-0.002,
2026-01-26 06:00:07.880,pick_to_retreat_machine,-35.201,1126.482,1169.485,-178.824,0.787,0.607,-87.785,-42.261,-88.487,0.981,-48.058,90.968,0.039,1.921,-3.98,0.02,2.091,0.001,0.1,28.39,7.36,-0.79,1.52,-0.06,-0.022,-1.079,2.236,-0.009,-1.253,-0.002,
2026-01-26 06:00:07.983,pick_to_retreat_machine,-35.14,1123.226,1169.406,-178.824,0.786,0.607,-87.782,-42.098,-88.825,0.983,-47.883,90.968,0.038,1.85,-3.832,0.02,2.005,0.001,0.09,28.24,7.57,-0.73,1.44,-0.01,-0.022,-1.091,2.262,-0.009,-1.265,-0.002,
2026-01-26 06:00:08.085,pick_to_retreat_machine,-35.084,1120.317,1169.335,-178.825,0.785,0.607,-87.779,-41.952,-89.127,0.985,-47.728,90.968,0.036,1.751,-3.629,0.019,1.892,0.0,0.02,28.06,7.49,-0.68,1.37,-0.06,-0.024,-1.161,2.407,-0.01,-1.336,-0.002,
2026-01-26 06:00:08.191,pick_to_retreat_machine,-35.039,1117.97,1169.278,-178.827,0.785,0.607,-87.776,-41.835,-89.37,0.986,-47.604,90.968,0.033,1.607,-3.328,0.018,1.729,0.0,0.01,27.94,7.53,-0.7,1.37,0.02,-0.027,-1.329,2.755,-0.012,-1.51,-0.002,
2026-01-26 06:00:08.292,pick_to_retreat_machine,-34.993,1115.63,1169.22,-178.828,0.785,0.607,-87.774,-41.719,-89.611,0.987,-47.481,90.968,0.031,1.496,-3.1,0.016,1.605,0.0,0.05,27.96,7.47,-0.77,1.21,-0.01,-0.025,-1.203,2.494,-0.011,-1.371,-0.002,
2026-01-26 06:00:08.395,pick_to_retreat_machine,-34.95,1113.424,1169.166,-178.83,0.784,0.607,-87.772,-41.609,-89.838,0.989,-47.366,90.967,0.028,1.396,-2.892,0.016,1.492,-0.0,-0.09,27.84,7.53,-0.68,1.17,0.07,-0.024,-1.152,2.388,-0.01,-1.311,-0.002,
2026-01-26 06:00:08.499,pick_to_retreat_machine,-34.907,1111.239,1169.113,-178.833,0.784,0.607,-87.769,-41.501,-90.063,0.99,-47.252,90.967,0.027,1.318,-2.73,0.015,1.403,-0.0,0.05,27.72,7.58,-0.72,1.08,0.05,-0.021,-1.05,2.176,-0.009,-1.198,-0.002,
2026-01-26 06:00:08.604,pick_to_retreat_machine,-34.865,1109.086,1169.06,-178.836,0.783,0.607,-87.767,-41.394,-90.283,0.991,-47.141,90.967,0.026,1.255,-2.599,0.014,1.33,-0.0,0.01,27.67,7.47,-0.79,1.01,-0.08,-0.02,-0.964,1.997,-0.008,-1.102,-0.002,
2026-01-26 06:00:08.707,pick_to_retreat_machine,-34.821,1106.885,1169.005,-178.839,0.783,0.607,-87.765,-41.286,-90.508,0.992,-47.028,90.967,0.025,1.212,-2.512,0.014,1.28,-0.0,-0.04,27.54,7.51,-0.69,0.88,-0.0,-0.017,-0.846,1.753,-0.007,-0.974,-0.002,waypoint
2026-01-26 06:00:08.809,pick_to_retreat_machine,-34.78,1097.06,1204.259,-177.837,0.788,0.653,-87.744,-39.108,-91.189,0.954,-47.522,90.987,0.07,6.354,-3.586,-0.086,-0.275,0.049,0.03,26.86,6.88,-0.66,-1.01,0.08,0.17,19.93,-2.984,-0.406,-6.948,0.197,
2026-01-26 06:00:08.913,pick_to_retreat_machine,-34.634,1080.76,1251.224,-177.427,0.796,0.669,-87.717,-36.192,-92.023,0.924,-49.195,91.044,0.121,12.055,-4.774,-0.138,-4.388,0.179,0.02,26.26,6.52,-0.55,-3.26,0.05,0.217,25.32,-4.211,-0.274,-18.038,0.548,
2026-01-26 06:00:09.013,pick_to_retreat_machine,-34.398,1062.854,1294.059,-177.453,0.805,0.666,-87.692,-33.468,-92.797,0.909,-51.169,91.106,0.154,15.852,-5.515,-0.143,-8.228,0.289,0.09,25.38,6.23,-0.72,-5.23,-0.01,0.176,20.868,-3.193,-0.107,-19.255,0.543,
2026-01-26 06:00:09.115,pick_to_retreat_machine,-34.078,1043.412,1334.87,-177.609,0.813,0.661,-87.667,-30.806,-93.552,0.897,-53.232,91.167,0.177,18.544,-6.023,-0.135,-11.328,0.37,0.09,24.72,6.27,-0.64,-6.78,0.05,0.152,18.161,-2.682,-0.054,-18.208,0.483,
2026-01-26 06:00:09.217,pick_to_retreat_machine,-33.703,1023.787,1371.888,-177.79,0.819,0.656,-87.644,-28.327,-94.254,0.888,-55.189,91.223,0.19,20.106,-6.274,-0.125,-13.389,0.418,0.26,23.95,6.17,-0.58,-7.87,0.09,0.12,14.518,-1.892,-0.031,-15.334,0.387,
2026-01-26 06:00:09.320,pick_to_retreat_machine,-33.267,1003.409,1406.905,-177.972,0.823,0.651,-87.622,-25.916,-94.937,0.879,-57.098,91.278,0.198,21.105,-6.413,-0.117,-14.813,0.45,0.14,23.31,6.3,-0.62,-8.41,0.09,0.102,12.375,-1.507,-0.024,-13.313,0.327,
2026-01-26 06:00:09.424,pick_to_retreat_machine,-32.862,985.983,1434.576,-178.117,0.826,0.647,-87.604,-23.961,-95.491,0.871,-58.643,91.321,0.194,20.716,-6.195,-0.106,-14.972,0.447,0.18,22.56,6.55,-0.62,-8.96,0.14,0.049,6.586,-0.067,-0.005,-8.348,0.189,
2026-01-26 06:00:09.528,pick_to_retreat_machine,-32.378,966.431,1463.504,-178.267,0.827,0.644,-87.584,-21.864,-96.086,0.863,-60.295,91.368,0.194,20.781,-6.132,-0.1,-15.36,0.452,0.25,21.86,6.71,-0.65,-8.98,0.17,0.058,7.352,-0.464,-0.012,-8.583,0.2,
2026-01-26 06:00:09.631,pick_to_retreat_machine,-31.903,948.324,1488.55,-178.394,0.828,0.64,-87.567,-19.998,-96.615,0.855,-61.758,91.41,0.189,20.25,-5.921,-0.094,-15.178,0.443,0.27,21.06,6.91,-0.63,-8.99,0.19,0.03,4.298,0.239,-0.004,-5.837,0.128,
2026-01-26 06:00:09.733,pick_to_retreat_machine,-31.425,930.874,1511.281,-178.506,0.828,0.638,-87.551,-18.261,-97.107,0.848,-63.116,91.448,0.182,19.531,-5.673,-0.089,-14.777,0.429,0.15,20.35,7.03,-0.78,-8.89,0.09,0.016,2.588,0.577,0.0,-4.193,0.085,
2026-01-26 06:00:09.836,pick_to_retreat_machine,-30.97,914.877,1531.027,-178.602,0.827,0.635,-87.537,-16.713,-97.546,0.842,-64.319,91.483,0.172,18.517,-5.351,-0.083,-14.092,0.407,0.22,19.72,7.35,-0.7,-8.65,0.12,-0.004,0.426,1.058,0.007,-2.237,0.034,
2026-01-26 06:00:09.941,pick_to_retreat_machine,-30.499,898.84,1549.865,-178.69,0.826,0.633,-87.523,-15.201,-97.975,0.835,-65.491,91.516,0.164,17.668,-5.085,-0.078,-13.497,0.389,0.25,19.03,7.5,-0.78,-8.34,0.17,-0.006,0.032,1.051,0.006,-1.691,0.022,
2026-01-26 06:00:10.041,pick_to_retreat_machine,-30.079,884.915,1565.501,-178.761,0.825,0.631,-87.511,-13.917,-98.339,0.83,-66.482,91.545,0.153,16.462,-4.725,-0.073,-12.601,0.363,0.19,18.34,7.72,-0.74,-7.94,0.05,-0.027,-2.248,1.592,0.014,0.282,-0.031,
2026-01-26 06:00:10.142,pick_to_retreat_machine,-29.668,871.618,1579.849,-178.825,0.823,0.629,-87.5,-12.712,-98.681,0.824,-67.407,91.571,0.142,15.357,-4.397,-0.068,-11.764,0.338,0.26,17.75,7.86,-0.83,-7.6,0.1,-0.032,-2.827,1.66,0.015,0.91,-0.047,
2026-01-26 06:00:10.243,pick_to_retreat_machine,-29.249,858.327,1593.653,-178.883,0.821,0.627,-87.489,-11.529,-99.016,0.819,-68.313,91.597,0.134,14.476,-4.137,-0.065,-11.088,0.319,0.25,17.23,8.06,-0.78,-7.32,0.09,-0.03,-2.752,1.553,0.014,1.015,-0.047,
2026-01-26 06:00:10.344,pick_to_retreat_machine,-28.825,845.13,1606.858,-178.937,0.819,0.625,-87.478,-10.373,-99.344,0.813,-69.195,91.622,0.127,13.748,-3.923,-0.062,-10.52,0.302,0.35,16.7,8.22,-0.8,-6.86,0.08,-0.03,-2.745,1.473,0.013,1.155,-0.049,
2026-01-26 06:00:10.445,pick_to_retreat_machine,-28.417,832.66,1618.898,-178.983,0.817,0.624,-87.468,-9.296,-99.65,0.808,-70.012,91.646,0.12,13.004,-3.706,-0.059,-9.934,0.285,0.2,16.15,8.4,-0.79,-6.53,-0.02,-0.034,-3.264,1.551,0.014,1.679,-0.062,
2026-01-26 06:00:10.547,pick_to_retreat_machine,-28.008,820.378,1630.362,-179.025,0.815,0.622,-87.459,-8.249,-99.947,0.803,-70.804,91.669,0.115,12.371,-3.523,-0.057,-9.429,0.271,0.26,15.67,8.48,-0.76,-6.18,0.15,-0.034,-3.238,1.48,0.014,1.773,-0.064,
2026-01-26 06:00:10.651,pick_to_retreat_machine,-27.635,809.326,1640.357,-179.059,0.813,0.621,-87.45,-7.317,-100.211,0.799,-71.505,91.689,0.107,11.606,-3.303,-0.054,-8.824,0.254,0.35,15.09,8.73,-0.85,-5.81,0.03,-0.041,-4.072,1.66,0.017,2.501,-0.083,
2026-01-26 06:00:10.752,pick_to_retreat_machine,-27.311,799.846,1648.696,-179.085,0.811,0.62,-87.443,-6.526,-100.436,0.795,-72.098,91.706,0.099,10.682,-3.038,-0.05,-8.101,0.233,0.15,14.77,8.8,-0.84,-5.4,0.07,-0.05,-5.067,1.892,0.022,3.331,-0.106,
2026-01-26 06:00:10.855,pick_to_retreat_machine,-26.972,790.017,1657.122,-179.11,0.809,0.619,-87.435,-5.713,-100.667,0.791,-72.705,91.723,0.093,10.045,-2.856,-0.048,-7.593,0.218,0.16,14.23,8.95,-0.9,-5.09,0.03,-0.043,-4.34,1.64,0.018,2.857,-0.091,
2026-01-26 06:00:10.960,pick_to_retreat_machine,-26.649,780.786,1664.837,-179.131,0.807,0.618,-87.428,-4.956,-100.882,0.787,-73.268,91.74,0.087,9.427,-2.679,-0.045,-7.103,0.204,0.2,13.87,9.05,-0.9,-4.75,0.08,-0.044,-4.464,1.634,0.018,3.012,-0.095,
2026-01-26 06:00:11.061,pick_to_retreat_machine,-26.371,772.89,1671.289,-179.147,0.805,0.617,-87.422,-4.312,-101.064,0.784,-73.744,91.753,0.08,8.678,-2.466,-0.042,-6.518,0.188,0.14,13.49,9.12,-0.81,-4.5,0.04,-0.05,-5.158,1.794,0.022,3.577,-0.11,
2026-01-26 06:00:11.166,pick_to_retreat_machine,-26.094,765.081,1677.537,-179.16,0.804,0.616,-87.416,-3.68,-101.244,0.78,-74.21,91.767,0.075,8.089,-2.298,-0.04,-6.054,0.174,0.21,13.04,9.29,-0.83,-4.23,-0.02,-0.046,-4.753,1.646,0.02,3.32,-0.102,
2026-01-26 06:00:11.268,pick_to_retreat_machine,-25.843,758.082,1683.03,-179.171,0.802,0.615,-87.411,-3.117,-101.404,0.777,-74.624,91.779,0.069,7.476,-2.124,-0.037,-5.575,0.161,0.13,12.84,9.3,-0.81,-3.91,0.03,-0.048,-4.965,1.677,0.021,3.511,-0.107,
2026-01-26 06:00:11.372,pick_to_retreat_machine,-25.594,751.169,1688.358,-179.18,0.8,0.615,-87.406,-2.563,-101.561,0.774,-75.03,91.79,0.065,6.991,-1.986,-0.035,-5.195,0.15,0.11,12.38,9.42,-0.85,-3.56,0.03,-0.044,-4.566,1.537,0.019,3.248,-0.099,
2026-01-26 06:00:11.473,pick_to_retreat_machine,-25.38,745.278,1692.821,-179.186,0.799,0.614,-87.402,-2.093,-101.695,0.772,-75.372,91.8,0.059,6.417,-1.823,-0.033,-4.752,0.137,0.18,12.08,9.46,-0.83,-3.41,0.08,-0.047,-4.95,1.622,0.021,3.552,-0.107,
2026-01-26 06:00:11.575,pick_to_retreat_machine,-25.156,739.15,1697.391,-179.191,0.798,0.614,-87.397,-1.607,-101.833,0.769,-75.725,91.81,0.056,6.03,-1.713,-0.031,-4.447,0.128,0.15,11.79,9.47,-0.92,-3.19,0.05,-0.041,-4.286,1.411,0.018,3.086,-0.093,
2026-01-26 06:00:11.676,pick_to_retreat_machine,-24.955,733.667,1701.419,-179.194,0.796,0.613,-87.393,-1.173,-101.956,0.767,-76.039,91.82,0.052,5.606,-1.593,-0.029,-4.12,0.119,0.06,11.57,9.53,-0.82,-2.87,0.12,-0.042,-4.386,1.42,0.019,3.174,-0.095,
2026-01-26 06:00:11.781,pick_to_retreat_machine,-24.746,728.01,1705.514,-179.196,0.795,0.613,-87.389,-0.727,-102.083,0.764,-76.36,91.829,0.049,5.319,-1.511,-0.028,-3.893,0.112,0.11,11.33,9.68,-0.94,-2.8,0.05,-0.036,-3.826,1.244,0.016,2.782,-0.084,
2026-01-26 06:00:11.884,pick_to_retreat_machine,-24.585,723.659,1708.623,-179.197,0.794,0.613,-87.386,-0.385,-102.18,0.763,-76.606,91.836,0.045,4.844,-1.376,-0.026,-3.533,0.102,0.12,11.02,9.6,-0.92,-2.58,0.11,-0.042,-4.483,1.414,0.02,3.262,-0.097,
2026-01-26 06:00:11.984,pick_to_retreat_machine,-24.415,719.099,1711.843,-179.197,0.793,0.612,-87.382,-0.028,-102.281,0.761,-76.861,91.843,0.042,4.526,-1.286,-0.024,-3.289,0.095,0.14,10.76,9.73,-0.9,-2.3,-0.01,-0.037,-3.881,1.229,0.017,2.835,-0.084,
2026-01-26 06:00:12.090,pick_to_retreat_machine,-24.263,715.022,1714.69,-179.196,0.792,0.612,-87.379,0.291,-102.372,0.759,-77.088,91.85,0.039,4.192,-1.191,-0.023,-3.034,0.087,0.15,10.71,9.68,-0.9,-2.24,0.04,-0.037,-3.879,1.216,0.017,2.836,-0.084,
2026-01-26 06:00:12.194,pick_to_retreat_machine,-24.097,710.593,1717.748,-179.194,0.791,0.612,-87.376,0.636,-102.47,0.757,-77.333,91.857,0.037,4.007,-1.138,-0.022,-2.888,0.083,0.05,10.37,9.81,-0.92,-2.13,-0.05,-0.03,-3.224,1.018,0.014,2.372,-0.071,
2026-01-26 06:00:12.298,pick_to_retreat_machine,-23.941,706.458,1720.571,-179.191,0.79,0.612,-87.373,0.958,-102.561,0.755,-77.561,91.863,0.035,3.809,-1.082,-0.021,-2.735,0.079,0.09,10.2,9.89,-0.96,-1.96,-0.0,-0.03,-3.139,0.984,0.014,2.312,-0.069,
2026-01-26 06:00:12.400,pick_to_retreat_machine,-23.802,702.768,1723.065,-179.187,0.789,0.612,-87.371,1.244,-102.643,0.753,-77.762,91.869,0.033,3.573,-1.015,-0.02,-2.555,0.074,0.11,10.14,9.87,-1.05,-1.84,0.06,-0.03,-3.177,0.986,0.014,2.338,-0.069,
2026-01-26 06:00:12.504,pick_to_retreat_machine,-23.677,699.473,1725.271,-179.184,0.788,0.612,-87.368,1.5,-102.715,0.752,-77.941,91.874,0.031,3.318,-0.943,-0.019,-2.364,0.068,0.04,10.01,9.9,-0.89,-1.71,0.05,-0.03,-3.171,0.975,0.015,2.33,-0.069,
2026-01-26 06:00:12.608,pick_to_retreat_machine,-23.548,696.081,1727.523,-179.179,0.787,0.611,-87.366,1.762,-102.79,0.75,-78.125,91.88,0.029,3.145,-0.894,-0.018,-2.231,0.064,0.02,9.77,9.98,-0.98,-1.55,-0.08,-0.026,-2.782,0.858,0.013,2.055,-0.061,
2026-01-26 06:00:12.711,pick_to_retreat_machine,-23.428,692.917,1729.606,-179.174,0.786,0.611,-87.363,2.006,-102.859,0.749,-78.294,91.884,0.028,2.97,-0.844,-0.017,-2.098,0.06,0.03,9.56,9.87,-0.97,-1.48,-0.08,-0.025,-2.684,0.823,0.012,1.982,-0.059,
2026-01-26 06:00:12.813,pick_to_retreat_machine,-23.315,689.965,1731.533,-179.169,0.785,0.611,-87.361,2.234,-102.924,0.747,-78.452,91.889,0.026,2.796,-0.795,-0.016,-1.968,0.057,0.01,9.43,10.0,-0.93,-1.41,-0.03,-0.024,-2.584,0.788,0.012,1.907,-0.056,
2026-01-26 06:00:12.915,pick_to_retreat_machine,-23.219,687.455,1733.16,-179.164,0.785,0.611,-87.36,2.427,-102.979,0.746,-78.585,91.893,0.024,2.581,-0.734,-0.015,-1.809,0.052,0.11,9.34,10.01,-0.96,-1.23,0.04,-0.025,-2.668,0.807,0.013,1.959,-0.058,waypoint
2026-01-26 06:00:13.018,retreat_machine_to_approach_unloader,-78.96,673.009,1735.685,-179.096,0.787,5.369,-82.592,3.169,-103.479,0.745,-78.76,91.906,11.938,3.79,-1.799,-0.014,-1.793,0.073,0.57,10.21,9.72,-0.88,-1.37,-0.0,47.639,3.085,-3.719,0.011,1.354,0.047,
2026-01-26 06:00:13.119,retreat_machine_to_approach_unloader,-139.647,651.708,1738.009,-179.071,0.787,10.755,-77.177,3.966,-104.033,0.743,-78.977,91.939,22.491,4.834,-2.735,-0.016,-1.887,0.135,1.09,10.58,9.46,-0.89,-1.35,0.03,49.346,3.322,-3.897,0.002,0.791,0.226,
2026-01-26 06:00:13.223,retreat_machine_to_approach_unloader,-193.543,626.835,1740.042,-179.068,0.786,15.796,-72.1,4.713,-104.553,0.741,-79.2,91.977,29.559,5.492,-3.351,-0.016,-1.972,0.198,1.39,10.69,9.32,-0.96,-1.44,0.06,41.023,2.491,-3.159,0.006,0.653,0.268,
2026-01-26 06:00:13.322,retreat_machine_to_approach_unloader,-241.088,599.553,1741.82,-179.07,0.786,20.518,-67.342,5.412,-105.04,0.74,-79.415,92.017,34.065,5.869,-3.731,-0.015,-2.016,0.247,1.71,10.74,9.35,-0.96,-1.41,0.03,33.743,1.774,-2.517,0.007,0.669,0.251,
2026-01-26 06:00:13.425,retreat_machine_to_approach_unloader,-284.727,569.325,1743.447,-179.074,0.786,25.157,-62.666,6.1,-105.519,0.739,-79.627,92.057,37.239,6.121,-3.995,-0.015,-2.044,0.286,1.85,10.52,9.23,-0.97,-1.37,0.09,29.546,1.476,-2.181,0.007,0.623,0.233,
2026-01-26 06:00:13.532,retreat_machine_to_approach_unloader,-320.855,539.79,1744.796,-179.078,0.785,29.291,-58.498,6.713,-105.945,0.737,-79.817,92.093,38.349,6.124,-4.063,-0.014,-2.007,0.305,2.01,10.31,9.19,-0.94,-1.33,0.13,21.509,0.581,-1.443,0.008,0.792,0.171,
2026-01-26 06:00:13.633,retreat_machine_to_approach_unloader,-355.111,507.143,1746.085,-179.081,0.785,33.54,-54.214,7.343,-106.384,0.736,-80.011,92.131,39.472,6.168,-4.143,-0.014,-1.991,0.323,2.14,9.81,9.3,-0.88,-1.31,0.2,20.52,0.694,-1.418,0.006,0.665,0.165,
2026-01-26 06:00:13.736,retreat_machine_to_approach_unloader,-385.489,473.432,1747.241,-179.083,0.785,37.671,-50.049,7.956,-106.81,0.735,-80.199,92.167,40.016,6.157,-4.173,-0.014,-1.964,0.333,2.14,9.46,9.35,-0.96,-1.35,0.08,17.275,0.449,-1.154,0.006,0.66,0.137,
2026-01-26 06:00:13.839,retreat_machine_to_approach_unloader,-408.975,443.423,1748.15,-179.085,0.784,41.184,-46.507,8.477,-107.173,0.734,-80.359,92.198,38.866,5.92,-4.036,-0.013,-1.871,0.326,2.35,9.14,9.43,-0.99,-1.36,0.01,9.315,-0.513,-0.4,0.007,0.882,0.068,
2026-01-26 06:00:13.941,retreat_machine_to_approach_unloader,-429.792,413.061,1748.972,-179.085,0.784,44.618,-43.046,8.986,-107.527,0.733,-80.514,92.228,37.803,5.713,-3.913,-0.012,-1.791,0.32,2.17,8.66,9.38,-0.9,-1.17,0.06,7.58,-0.58,-0.278,0.007,0.836,0.052,
2026-01-26 06:00:14.046,retreat_machine_to_approach_unloader,-448.683,381.42,1749.739,-179.085,0.784,48.095,-39.541,9.502,-107.886,0.732,-80.67,92.258,37.116,5.574,-3.832,-0.012,-1.735,0.315,2.1,8.13,9.51,-0.94,-1.15,0.1,7.265,-0.457,-0.296,0.006,0.74,0.049,
2026-01-26 06:00:14.147,retreat_machine_to_approach_unloader,-462.406,355.122,1750.313,-179.085,0.784,50.925,-36.688,9.921,-108.178,0.731,-80.797,92.282,34.967,5.229,-3.604,-0.011,-1.618,0.297,2.25,7.75,9.51,-0.94,-1.0,0.0,0.004,-1.372,0.403,0.007,0.963,-0.013,
2026-01-26 06:00:14.249,retreat_machine_to_approach_unloader,-474.378,329.024,1750.832,-179.084,0.783,53.69,-33.901,10.331,-108.463,0.73,-80.92,92.306,33.194,4.947,-3.416,-0.01,-1.522,0.282,2.08,7.48,9.59,-0.98,-1.02,-0.02,-0.643,-1.33,0.429,0.007,0.9,-0.019,
2026-01-26 06:00:14.351,retreat_machine_to_approach_unloader,-483.837,305.519,1751.258,-179.083,0.783,56.153,-31.419,10.696,-108.717,0.729,-81.03,92.327,31.101,4.623,-3.197,-0.01,-1.415,0.264,1.97,7.1,9.64,-0.93,-0.9,0.09,-3.632,-1.646,0.698,0.007,0.95,-0.044,
2026-01-26 06:00:14.454,retreat_machine_to_approach_unloader,-491.986,282.358,1751.643,-179.081,0.783,58.56,-28.993,11.053,-108.965,0.728,-81.136,92.347,29.39,4.359,-3.019,-0.009,-1.328,0.249,1.85,6.81,9.63,-0.91,-0.97,0.06,-3.832,-1.564,0.686,0.006,0.884,-0.046,
2026-01-26 06:00:14.559,retreat_machine_to_approach_unloader,-497.781,263.537,1751.931,-179.079,0.783,60.505,-27.033,11.341,-109.166,0.728,-81.222,92.364,26.944,3.99,-2.766,-0.008,-1.21,0.228,2.0,6.38,9.69,-0.97,-0.79,0.02,-8.101,-2.092,1.094,0.007,1.003,-0.081,
2026-01-26 06:00:14.659,retreat_machine_to_approach_unloader,-502.358,246.689,1752.17,-179.077,0.783,62.241,-25.283,11.599,-109.345,0.727,-81.298,92.378,24.582,3.636,-2.522,-0.008,-1.098,0.207,1.82,6.15,9.77,-0.95,-0.83,0.09,-9.401,-2.193,1.2,0.007,0.998,-0.091,
2026-01-26 06:00:14.762,retreat_machine_to_approach_unloader,-505.971,231.624,1752.369,-179.076,0.783,63.791,-23.722,11.828,-109.505,0.727,-81.366,92.391,22.34,3.301,-2.291,-0.007,-0.993,0.188,1.76,5.75,9.79,-1.02,-0.74,0.01,-10.341,-2.251,1.273,0.007,0.982,-0.098,
2026-01-26 06:00:14.862,retreat_machine_to_approach_unloader,-509.456,214.915,1752.575,-179.073,0.783,65.508,-21.991,12.083,-109.682,0.726,-81.441,92.405,21.081,3.112,-2.161,-0.007,-0.932,0.176,1.61,5.54,9.82,-0.93,-0.6,-0.05,-7.617,-1.777,0.972,0.006,0.813,-0.075,
2026-01-26 06:00:14.964,retreat_machine_to_approach_unloader,-512.353,198.498,1752.762,-179.071,0.783,67.196,-20.29,12.333,-109.856,0.726,-81.514,92.419,20.063,2.96,-2.056,-0.006,-0.882,0.167,1.59,5.31,9.9,-0.99,-0.63,0.05,-7.154,-1.643,0.906,0.005,0.748,-0.071,
2026-01-26 06:00:15.066,retreat_machine_to_approach_unloader,-514.681,182.472,1752.929,-179.068,0.783,68.845,-18.628,12.578,-110.027,0.725,-81.586,92.433,19.202,2.831,-1.968,-0.006,-0.84,0.159,1.49,5.16,9.98,-0.95,-0.6,0.02,-6.825,-1.536,0.855,0.005,0.692,-0.068,
2026-01-26 06:00:15.170,retreat_machine_to_approach_unloader,-516.34,168.23,1753.065,-179.065,0.783,70.314,-17.148,12.795,-110.178,0.725,-81.649,92.445,18.102,2.667,-1.854,-0.006,-0.789,0.149,1.45,4.93,9.94,-0.99,-0.66,-0.1,-7.963,-1.65,0.956,0.005,0.704,-0.077,
2026-01-26 06:00:15.272,retreat_machine_to_approach_unloader,-517.538,154.955,1753.182,-179.062,0.783,71.687,-15.765,12.999,-110.32,0.724,-81.708,92.456,17.033,2.509,-1.745,-0.005,-0.739,0.14,1.4,4.66,10.0,-0.93,-0.47,0.05,-8.138,-1.628,0.959,0.005,0.677,-0.077,
2026-01-26 06:00:15.376,retreat_machine_to_approach_unloader,-518.047,147.781,1753.241,-179.061,0.783,72.43,-15.016,13.109,-110.396,0.724,-81.74,92.462,14.648,2.157,-1.5,-0.005,-0.634,0.12,1.31,4.58,9.96,-0.94,-0.46,0.03,-13.662,-2.397,1.512,0.006,0.881,-0.121,
2026-01-26 06:00:15.479,retreat_machine_to_approach_unloader,-518.443,140.892,1753.295,-179.059,0.783,73.146,-14.296,13.215,-110.47,0.724,-81.77,92.468,12.787,1.883,-1.31,-0.004,-0.552,0.104,1.25,4.38,10.04,-0.94,-0.5,-0.0,-12.58,-2.199,1.39,0.006,0.805,-0.111,
2026-01-26 06:00:15.580,retreat_machine_to_approach_unloader,-518.799,132.667,1753.355,-179.057,0.783,74.002,-13.433,13.342,-110.558,0.723,-81.807,92.474,11.746,1.729,-1.203,-0.004,-0.505,0.095,1.19,4.26,10.0,-1.01,-0.48,0.05,-9.905,-1.771,1.106,0.005,0.666,-0.089,
2026-01-26 06:00:15.680,retreat_machine_to_approach_unloader,-519.078,121.337,1753.433,-179.054,0.783,75.184,-12.242,13.517,-110.68,0.723,-81.857,92.484,11.788,1.735,-1.207,-0.004,-0.504,0.095,1.15,4.18,10.04,-0.98,-0.46,0.02,-5.623,-1.11,0.659,0.003,0.462,-0.054,
2026-01-26 06:00:15.785,retreat_machine_to_approach_unloader,-519.127,112.68,1753.487,-179.052,0.783,76.091,-11.328,13.651,-110.774,0.723,-81.895,92.491,11.126,1.637,-1.139,-0.004,-0.474,0.089,1.07,4.04,10.01,-0.89,-0.44,0.05,-7.838,-1.407,0.877,0.004,0.534,-0.071,
2026-01-26 06:00:15.885,retreat_machine_to_approach_unloader,-519.025,103.664,1753.539,-179.049,0.783,77.039,-10.373,13.792,-110.872,0.723,-81.935,92.499,10.731,1.579,-1.099,-0.003,-0.455,0.086,1.01,3.87,10.0,-0.85,-0.36,0.06,-6.643,-1.206,0.747,0.003,0.465,-0.061,
2026-01-26 06:00:15.986,retreat_machine_to_approach_unloader,-518.775,94.839,1753.585,-179.046,0.783,77.971,-9.435,13.93,-110.968,0.722,-81.974,92.506,10.394,1.529,-1.064,-0.003,-0.439,0.083,0.97,3.84,10.08,-1.01,-0.42,-0.02,-6.144,-1.11,0.689,0.003,0.427,-0.057,
2026-01-26 06:00:16.091,retreat_machine_to_approach_unloader,-518.346,85.499,1753.629,-179.043,0.783,78.961,-8.438,14.077,-111.07,0.722,-82.016,92.514,10.289,1.514,-1.053,-0.003,-0.433,0.081,0.92,3.73,10.1,-0.96,-0.35,0.07,-4.94,-0.912,0.56,0.002,0.361,-0.047,
2026-01-26 06:00:16.193,retreat_machine_to_approach_unloader,-517.826,77.24,1753.664,-179.04,0.783,79.841,-7.552,14.207,-111.16,0.722,-82.052,92.52,9.931,1.461,-1.017,-0.003,-0.416,0.078,0.85,3.62,10.07,-0.99,-0.33,-0.05,-5.561,-0.985,0.618,0.003,0.373,-0.051,
2026-01-26 06:00:16.293,retreat_machine_to_approach_unloader,-517.227,69.606,1753.692,-179.037,0.783,80.657,-6.73,14.328,-111.245,0.721,-82.086,92.527,9.504,1.398,-0.973,-0.003,-0.397,0.074,0.69,3.54,10.13,-0.97,-0.2,0.03,-5.639,-0.98,0.621,0.002,0.363,-0.052,
2026-01-26 06:00:16.394,retreat_machine_to_approach_unloader,-516.571,62.548,1753.715,-179.035,0.783,81.415,-5.966,14.44,-111.323,0.721,-82.117,92.532,9.037,1.329,-0.925,-0.003,-0.376,0.07,0.75,3.33,10.14,-0.94,-0.28,0.08,-5.665,-0.968,0.62,0.002,0.353,-0.051,
2026-01-26 06:00:16.501,retreat_machine_to_approach_unloader,-515.877,56.022,1753.734,-179.032,0.783,82.119,-5.257,14.544,-111.395,0.721,-82.146,92.538,8.549,1.258,-0.875,-0.003,-0.354,0.066,0.74,3.32,10.22,-1.03,-0.25,-0.02,-5.645,-0.952,0.614,0.002,0.341,-0.051,
2026-01-26 06:00:16.603,retreat_machine_to_approach_unloader,-515.16,49.988,1753.749,-179.029,0.783,82.773,-4.599,14.641,-111.463,0.721,-82.173,92.543,8.057,1.185,-0.825,-0.003,-0.332,0.062,0.7,3.17,10.19,-0.94,-0.21,0.05,-5.588,-0.931,0.604,0.002,0.329,-0.05,
2026-01-26 06:00:16.705,retreat_machine_to_approach_unloader,-514.4,44.175,1753.761,-179.027,0.783,83.405,-3.963,14.735,-111.528,0.72,-82.199,92.547,7.634,1.123,-0.782,-0.003,-0.313,0.058,0.6,3.16,10.16,-0.91,-0.22,0.02,-5.245,-0.87,0.566,0.002,0.306,-0.047,
2026-01-26 06:00:16.806,retreat_machine_to_approach_unloader,-513.702,39.246,1753.77,-179.024,0.783,83.942,-3.422,14.814,-111.583,0.72,-82.221,92.551,7.079,1.041,-0.725,-0.002,-0.29,0.054,0.58,3.03,10.26,-0.99,-0.2,-0.11,-5.669,-0.923,0.606,0.002,0.314,-0.049,
2026-01-26 06:00:16.906,retreat_machine_to_approach_unloader,-512.979,34.47,1753.777,-179.022,0.783,84.465,-2.895,14.892,-111.637,0.72,-82.242,92.555,6.626,0.975,-0.678,-0.002,-0.27,0.05,0.49,2.98,10.21,-1.0,-0.1,0.07,-5.253,-0.852,0.561,0.002,0.29,-0.046,
2026-01-26 06:00:17.007,retreat_machine_to_approach_unloader,-512.238,29.868,1753.782,-179.019,0.783,84.971,-2.386,14.967,-111.689,0.72,-82.262,92.559,6.242,0.918,-0.639,-0.002,-0.253,0.047,0.5,3.01,10.23,-0.84,-0.14,0.05,-4.9,-0.793,0.523,0.002,0.269,-0.043,
2026-01-26 06:00:17.111,retreat_machine_to_approach_unloader,-511.545,25.793,1753.786,-179.017,0.783,85.42,-1.934,15.033,-111.736,0.72,-82.28,92.562,5.812,0.855,-0.595,-0.002,-0.235,0.043,0.39,2.87,10.11,-0.97,-0.16,-0.07,-4.98,-0.797,0.529,0.002,0.265,-0.043,
2026-01-26 06:00:17.214,retreat_machine_to_approach_unloader,-510.845,21.864,1753.788,-179.015,0.783,85.855,-1.496,15.098,-111.78,0.72,-82.297,92.566,5.453,0.802,-0.558,-0.002,-0.219,0.04,0.41,2.85,10.16,-0.98,-0.11,-0.01,-4.63,-0.739,0.491,0.002,0.246,-0.04,
2026-01-26 06:00:17.318,retreat_machine_to_approach_unloader,-510.143,18.094,1753.79,-179.013,0.783,86.273,-1.075,15.159,-111.824,0.719,-82.314,92.569,5.142,0.756,-0.526,-0.002,-0.206,0.038,0.4,2.78,10.25,-1.02,-0.12,0.12,-4.332,-0.689,0.459,0.002,0.228,-0.037,
2026-01-26 06:00:17.420,retreat_machine_to_approach_unloader,-509.551,15.028,1753.79,-179.011,0.783,86.614,-0.732,15.21,-111.859,0.719,-82.327,92.571,4.715,0.694,-0.483,-0.002,-0.188,0.034,0.42,2.76,10.21,-1.09,-0.14,0.03,-4.675,-0.735,0.492,0.002,0.237,-0.039,
2026-01-26 06:00:17.522,retreat_machine_to_approach_unloader,-508.957,12.055,1753.79,-179.009,0.783,86.946,-0.398,15.259,-111.893,0.719,-82.34,92.573,4.371,0.643,-0.447,-0.001,-0.174,0.032,0.3,2.69,10.18,-0.98,-0.05,0.02,-4.303,-0.675,0.453,0.002,0.217,-0.036,
2026-01-26 06:00:17.626,retreat_machine_to_approach_unloader,-508.39,9.301,1753.789,-179.007,0.783,87.254,-0.088,15.305,-111.925,0.719,-82.352,92.576,4.053,0.596,-0.415,-0.001,-0.16,0.029,0.26,2.72,10.28,-0.99,-0.09,-0.03,-4.112,-0.643,0.432,0.001,0.205,-0.034,
2026-01-26 06:00:17.727,retreat_machine_to_approach_unloader,-507.874,6.857,1753.788,-179.006,0.783,87.528,0.187,15.345,-111.953,0.719,-82.363,92.577,3.729,0.548,-0.382,-0.001,-0.147,0.027,0.31,2.65,10.28,-0.96,-0.08,0.04,-4.043,-0.629,0.424,0.001,0.199,-0.033,
2026-01-26 06:00:17.827,retreat_machine_to_approach_unloader,-507.383,4.586,1753.787,-179.004,0.783,87.783,0.444,15.383,-111.979,0.719,-82.373,92.579,3.438,0.506,-0.352,-0.001,-0.135,0.025,0.22,2.56,10.27,-0.94,-0.07,-0.01,-3.828,-0.594,0.401,0.001,0.186,-0.032,
2026-01-26 06:00:17.928,retreat_machine_to_approach_unloader,-506.896,2.382,1753.785,-179.002,0.783,88.031,0.694,15.42,-112.005,0.719,-82.382,92.581,3.203,0.471,-0.328,-0.001,-0.125,0.023,0.2,2.62,10.32,-0.94,-0.06,0.08,-3.517,-0.545,0.368,0.001,0.171,-0.029,
2026-01-26 06:00:18.033,retreat_machine_to_approach_unloader,-506.416,0.255,1753.783,-179.001,0.783,88.271,0.935,15.455,-112.029,0.719,-82.392,92.583,3.005,0.442,-0.308,-0.001,-0.117,0.021,0.23,2.6,10.22,-0.98,-0.07,-0.02,-3.247,-0.503,0.34,0.001,0.157,-0.027,waypoint
2026-01-26 06:00:18.138,retreat_machine_to_approach_unloader,-506.273,4.092,1744.839,-179.717,-1.333,88.853,0.998,15.269,-112.604,-1.378,-82.435,92.321,2.411,-0.135,-1.667,-5.243,-0.195,-0.639,0.21,2.61,10.01,-2.48,-0.29,-0.58,-4.709,-2.674,-5.192,-20.968,-0.196,-2.66,
2026-01-26 06:00:18.240,retreat_machine_to_approach_unloader,-505.674,18.127,1721.848,177.894,-7.16,91.758,0.803,14.724,-114.115,-7.273,-82.671,90.235,1.321,-1.463,-5.029,-18.668,-0.737,-5.693,0.2,2.66,9.72,-3.5,-0.59,-1.76,-6.815,-5.989,-14.043,-56.845,-2.11,-20.628,
2026-01-26 06:00:18.345,retreat_machine_to_approach_unloader,-504.327,31.115,1701.742,174.837,-12.265,95.959,0.619,14.214,-115.526,-12.772,-82.976,87.26,0.531,-2.371,-7.299,-27.751,-1.315,-11.708,0.13,2.81,9.64,-4.5,-0.86,-2.99,-6.019,-5.036,-11.634,-47.215,-2.583,-27.467,
2026-01-26 06:00:18.445,retreat_machine_to_approach_unloader,-502.671,42.496,1684.928,171.36,-16.397,100.537,0.455,13.76,-116.783,-17.671,-83.272,84.224,-0.012,-2.914,-8.617,-33.06,-1.726,-16.372,0.17,2.98,9.44,-4.95,-1.16,-3.98,-5.223,-3.98,-8.931,-36.484,-2.236,-25.327,
2026-01-26 06:00:18.547,retreat_machine_to_approach_unloader,-500.544,54.411,1668.022,166.833,-20.268,106.147,0.279,13.273,-118.132,-22.925,-83.597,80.791,-0.45,-3.404,-9.834,-37.93,-2.109,-20.861,0.04,3.2,9.42,-5.27,-1.34,-4.73,-4.822,-3.913,-8.952,-36.388,-2.312,-26.761,
2026-01-26 06:00:18.649,retreat_machine_to_approach_unloader,-498.817,62.892,1656.359,163.014,-22.663,110.653,0.15,12.916,-119.119,-26.773,-83.837,78.229,-0.66,-3.445,-9.844,-38.066,-2.182,-22.049,0.02,3.42,9.34,-5.54,-1.39,-5.25,-3.869,-2.218,-4.447,-18.681,-1.223,-15.371,
2026-01-26 06:00:18.751,retreat_machine_to_approach_unloader,-497.094,70.668,1645.892,159.052,-24.537,115.172,0.028,12.579,-120.051,-30.402,-84.064,75.801,-0.8,-3.426,-9.712,-37.623,-2.203,-22.608,0.02,3.46,9.32,-5.61,-1.47,-5.56,-3.409,-1.794,-3.443,-14.635,-0.965,-12.503,
2026-01-26 06:00:18.855,retreat_machine_to_approach_unloader,-495.134,78.901,1635.001,154.36,-26.12,120.371,-0.106,12.21,-121.071,-34.378,-84.311,73.141,-0.934,-3.492,-9.835,-38.157,-2.271,-23.605,-0.0,3.54,9.2,-5.48,-1.47,-5.78,-3.185,-1.936,-3.988,-16.633,-1.079,-13.568,
2026-01-26 06:00:18.960,retreat_machine_to_approach_unloader,-493.351,85.96,1625.775,149.926,-27.087,125.168,-0.225,11.881,-121.981,-37.921,-84.531,70.777,-0.998,-3.441,-9.65,-37.476,-2.253,-23.614,-0.05,3.61,9.31,-5.41,-1.48,-5.76,-2.721,-1.342,-2.48,-10.646,-0.695,-9.253,
2026-01-26 06:00:19.063,retreat_machine_to_approach_unloader,-491.667,92.317,1617.519,145.613,-27.597,129.748,-0.336,11.573,-122.834,-41.242,-84.737,68.57,-1.027,-3.351,-9.369,-36.41,-2.203,-23.229,-0.05,3.67,9.19,-5.37,-1.56,-5.74,-2.374,-1.002,-1.662,-7.361,-0.481,-6.759,
2026-01-26 06:00:19.165,retreat_machine_to_approach_unloader,-490.017,98.3,1609.754,141.285,-27.718,134.272,-0.446,11.27,-123.671,-44.506,-84.938,66.411,-1.045,-3.271,-9.122,-35.466,-2.155,-22.819,-0.17,3.83,9.19,-5.23,-1.38,-5.67,-2.117,-0.848,-1.348,-6.048,-0.39,-5.6,
2026-01-26 06:00:19.266,retreat_machine_to_approach_unloader,-488.491,103.64,1602.792,137.211,-27.491,138.47,-0.548,10.987,-124.454,-47.555,-85.125,64.404,-1.039,-3.161,-8.798,-34.223,-2.085,-22.132,-0.14,3.99,9.15,-5.1,-1.4,-5.51,-1.834,-0.565,-0.664,-3.3,-0.212,-3.522,
2026-01-26 06:00:19.368,retreat_machine_to_approach_unloader,-487.024,108.611,1596.245,133.247,-26.96,142.502,-0.649,10.71,-125.219,-50.535,-85.308,62.453,-1.03,-3.062,-8.511,-33.117,-2.02,-21.477,-0.12,4.01,9.13,-4.82,-1.37,-5.28,-1.627,-0.444,-0.419,-2.276,-0.142,-2.61,
2026-01-26 06:00:19.468,retreat_machine_to_approach_unloader,-485.802,112.634,1590.871,129.922,-26.275,145.844,-0.734,10.475,-125.869,-53.066,-85.462,60.804,-0.985,-2.884,-8.008,-31.165,-1.9,-20.229,-0.11,4.06,9.08,-4.67,-1.25,-5.0,-1.313,0.017,0.775,2.441,0.153,0.676,
2026-01-26 06:00:19.573,retreat_machine_to_approach_unloader,-484.628,116.402,1585.745,126.713,-25.404,149.032,-0.817,10.244,-126.508,-55.553,-85.613,59.193,-0.947,-2.74,-7.603,-29.591,-1.803,-19.201,-0.16,4.33,9.07,-4.5,-1.2,-4.82,-1.167,0.056,0.81,2.637,0.17,0.976,
2026-01-26 06:00:19.679,retreat_machine_to_approach_unloader,-483.605,119.6,1581.297,123.914,-24.471,151.781,-0.891,10.039,-127.077,-57.769,-85.747,57.763,-0.897,-2.57,-7.125,-27.734,-1.688,-17.974,-0.05,4.31,9.11,-4.18,-1.24,-4.57,-0.959,0.301,1.423,5.078,0.322,2.704,
2026-01-26 06:00:19.782,retreat_machine_to_approach_unloader,-482.625,122.591,1577.031,121.23,-23.418,154.388,-0.965,9.836,-127.636,-59.947,-85.879,56.366,-0.855,-2.433,-6.742,-26.246,-1.594,-16.974,-0.18,4.33,9.07,-3.99,-1.13,-4.29,-0.851,0.307,1.379,4.955,0.318,2.753,
2026-01-26 06:00:19.884,retreat_machine_to_approach_unloader,-481.691,125.368,1572.954,118.676,-22.267,156.84,-1.036,9.639,-128.183,-62.076,-86.007,55.008,-0.82,-2.319,-6.423,-25.005,-1.516,-16.126,-0.14,4.38,9.06,-3.72,-1.06,-4.09,-0.749,0.322,1.368,4.955,0.321,2.869,
2026-01-26 06:00:19.989,retreat_machine_to_approach_unloader,-480.844,127.82,1569.233,116.362,-21.094,159.034,-1.103,9.455,-128.692,-64.058,-86.125,53.75,-0.781,-2.199,-6.09,-23.709,-1.433,-15.24,-0.14,4.48,9.04,-3.48,-0.99,-3.87,-0.625,0.425,1.607,5.922,0.381,3.584,
2026-01-26 06:00:20.094,retreat_machine_to_approach_unloader,-480.076,129.986,1565.829,114.265,-19.921,160.998,-1.164,9.283,-129.166,-65.904,-86.235,52.584,-0.741,-2.078,-5.753,-22.397,-1.35,-14.343,-0.12,4.5,9.11,-3.36,-0.97,-3.68,-0.516,0.509,1.795,6.692,0.429,4.153,
2026-01-26 06:00:20.196,retreat_machine_to_approach_unloader,-479.377,131.898,1562.707,112.363,-18.763,162.756,-1.222,9.124,-129.608,-67.623,-86.338,51.505,-0.7,-1.958,-5.419,-21.095,-1.268,-13.455,-0.2,4.49,9.06,-3.16,-0.86,-3.29,-0.422,0.576,1.941,7.291,0.466,4.598,
2026-01-26 06:00:20.301,retreat_machine_to_approach_unloader,-478.715,133.661,1559.713,110.56,-17.581,164.402,-1.278,8.968,-130.037,-69.294,-86.436,50.462,-0.665,-1.856,-5.137,-19.999,-1.198,-12.7,-0.11,4.58,9.04,-3.0,-0.75,-3.16,-0.364,0.563,1.87,7.042,0.451,4.498,
2026-01-26 06:00:20.403,retreat_machine_to_approach_unloader,-478.139,135.146,1557.083,108.995,-16.487,165.811,-1.328,8.83,-130.419,-70.78,-86.524,49.539,-0.623,-1.737,-4.808,-18.715,-1.118,-11.832,-0.19,4.65,9.03,-2.76,-0.77,-2.95,-0.265,0.678,2.158,8.187,0.519,5.254,
2026-01-26 06:00:20.508,retreat_machine_to_approach_unloader,-477.613,136.46,1554.657,107.57,-15.435,167.079,-1.374,8.702,-130.775,-72.164,-86.605,48.685,-0.584,-1.625,-4.495,-17.496,-1.041,-11.01,-0.16,4.61,9.01,-2.58,-0.69,-2.73,-0.204,0.705,2.204,8.389,0.531,5.409,
2026-01-26 06:00:20.611,retreat_machine_to_approach_unloader,-477.134,137.623,1552.418,106.269,-14.427,168.222,-1.418,8.582,-131.106,-73.453,-86.681,47.893,-0.546,-1.518,-4.199,-16.345,-0.969,-10.237,-0.04,4.75,9.02,-2.44,-0.63,-2.55,-0.152,0.723,2.228,8.501,0.536,5.499,
2026-01-26 06:00:20.712,retreat_machine_to_approach_unloader,-476.714,138.609,1550.439,105.132,-13.51,169.208,-1.456,8.475,-131.401,-74.601,-86.747,47.192,-0.505,-1.405,-3.887,-15.128,-0.894,-9.43,-0.14,4.76,8.99,-2.3,-0.61,-2.47,-0.089,0.782,2.368,9.064,0.568,5.854,
2026-01-26 06:00:20.814,retreat_machine_to_approach_unloader,-476.31,139.526,1548.517,104.04,-12.596,170.145,-1.494,8.371,-131.689,-75.722,-86.813,46.51,-0.473,-1.314,-3.636,-14.15,-0.833,-8.776,-0.05,4.78,9.03,-2.04,-0.48,-2.23,-0.072,0.728,2.198,8.419,0.529,5.465,
2026-01-26 06:00:20.920,retreat_machine_to_approach_unloader,-475.94,140.34,1546.737,103.04,-11.731,170.993,-1.529,8.274,-131.958,-76.767,-86.873,45.879,-0.442,-1.228,-3.398,-13.224,-0.776,-8.16,-0.17,4.89,8.92,-1.94,-0.61,-2.1,-0.039,0.727,2.176,8.348,0.523,5.421,
2026-01-26 06:00:21.020,retreat_machine_to_approach_unloader,-475.645,140.969,1545.305,102.242,-11.023,171.661,-1.557,8.195,-132.175,-77.611,-86.922,45.372,-0.402,-1.117,-3.091,-12.028,-0.704,-7.389,-0.06,4.87,8.91,-1.75,-0.55,-1.98,0.032,0.84,2.473,9.517,0.588,6.116,
2026-01-26 06:00:21.124,retreat_machine_to_approach_unloader,-475.343,141.593,1543.827,101.426,-10.281,172.338,-1.586,8.114,-132.399,-78.486,-86.972,44.849,-0.375,-1.041,-2.88,-11.207,-0.653,-6.85,-0.04,4.87,8.94,-1.65,-0.44,-1.87,0.019,0.728,2.148,8.261,0.514,5.347,
2026-01-26 06:00:21.226,retreat_machine_to_approach_unloader,-475.051,142.176,1542.388,100.639,-9.548,172.985,-1.615,8.035,-132.619,-79.34,-87.021,44.34,-0.353,-0.98,-2.71,-10.542,-0.612,-6.409,-0.16,4.9,8.96,-1.66,-0.4,-1.65,0.024,0.673,1.984,7.634,0.476,4.959,
2026-01-26 06:00:21.332,retreat_machine_to_approach_unloader,-474.77,142.717,1540.993,99.882,-8.829,173.6,-1.643,7.957,-132.833,-80.171,-87.068,43.848,-0.334,-0.928,-2.566,-9.984,-0.577,-6.035,0.06,4.79,8.98,-1.47,-0.48,-1.52,0.03,0.628,1.847,7.109,0.444,4.632,
2026-01-26 06:00:21.434,retreat_machine_to_approach_unloader,-474.523,143.177,1539.755,99.216,-8.185,174.135,-1.668,7.889,-133.023,-80.91,-87.11,43.414,-0.313,-0.868,-2.4,-9.335,-0.538,-5.614,-0.06,4.95,8.97,-1.41,-0.45,-1.52,0.057,0.651,1.898,7.318,0.453,4.738,
2026-01-26 06:00:21.537,retreat_machine_to_approach_unloader,-474.305,143.57,1538.656,98.629,-7.608,174.602,-1.69,7.828,-133.192,-81.568,-87.147,43.029,-0.289,-0.804,-2.223,-8.646,-0.496,-5.173,-0.12,4.97,8.86,-1.26,-0.38,-1.4,0.079,0.661,1.916,7.396,0.455,4.761,
2026-01-26 06:00:21.640,retreat_machine_to_approach_unloader,-474.093,143.938,1537.583,98.06,-7.041,175.051,-1.711,7.768,-133.357,-82.211,-87.183,42.654,-0.271,-0.752,-2.08,-8.091,-0.463,-4.815,-0.11,4.99,8.87,-1.22,-0.38,-1.17,0.076,0.609,1.763,6.806,0.42,4.393,
2026-01-26 06:00:21.743,retreat_machine_to_approach_unloader,-473.898,144.267,1536.586,97.535,-6.51,175.462,-1.731,7.712,-133.511,-82.809,-87.217,42.308,-0.253,-0.703,-1.945,-7.565,-0.431,-4.478,-0.1,5.0,8.91,-1.16,-0.36,-1.1,0.083,0.589,1.7,6.567,0.404,4.229,
2026-01-26 06:00:21.844,retreat_machine_to_approach_unloader,-473.717,144.562,1535.658,97.049,-6.015,175.839,-1.75,7.66,-133.655,-83.367,-87.248,41.987,-0.237,-0.657,-1.818,-7.068,-0.401,-4.161,-0.03,4.91,8.86,-1.06,-0.32,-1.01,0.089,0.568,1.636,6.322,0.388,4.062,
2026-01-26 06:00:21.944,retreat_machine_to_approach_unloader,-473.564,144.803,1534.871,96.639,-5.592,176.154,-1.766,7.616,-133.776,-83.84,-87.274,41.715,-0.217,-0.603,-1.668,-6.485,-0.366,-3.799,0.01,4.89,8.9,-0.97,-0.33,-0.96,0.108,0.589,1.688,6.53,0.397,4.154,
2026-01-26 06:00:22.046,retreat_machine_to_approach_unloader,-473.408,145.043,1534.063,96.221,-5.157,176.474,-1.782,7.571,-133.902,-84.327,-87.301,41.438,-0.204,-0.565,-1.564,-6.08,-0.342,-3.543,-0.08,4.98,8.84,-0.88,-0.23,-0.94,0.093,0.518,1.486,5.745,0.351,3.678,
2026-01-26 06:00:22.148,retreat_machine_to_approach_unloader,-473.269,145.249,1533.344,95.85,-4.769,176.756,-1.796,7.531,-134.013,-84.76,-87.325,41.192,-0.189,-0.525,-1.452,-5.644,-0.316,-3.271,0.02,4.97,8.8,-0.89,-0.23,-0.9,0.101,0.516,1.474,5.704,0.346,3.627,
2026-01-26 06:00:22.248,retreat_machine_to_approach_unloader,-473.134,145.443,1532.641,95.49,-4.389,177.028,-1.811,7.491,-134.122,-85.184,-87.348,40.953,-0.177,-0.492,-1.361,-5.292,-0.296,-3.051,0.03,5.07,8.84,-0.83,-0.29,-0.82,0.095,0.474,1.352,5.232,0.318,3.333,
2026-01-26 06:00:22.348,retreat_machine_to_approach_unloader,-473.015,145.61,1532.016,95.17,-4.051,177.267,-1.823,7.456,-134.219,-85.561,-87.369,40.742,-0.164,-0.457,-1.264,-4.911,-0.273,-2.817,-0.09,4.98,8.88,-0.92,-0.24,-0.7,0.101,0.469,1.336,5.173,0.313,3.273,
2026-01-26 06:00:22.450,retreat_machine_to_approach_unloader,-472.899,145.769,1531.405,94.86,-3.72,177.498,-1.835,7.422,-134.314,-85.93,-87.389,40.536,-0.154,-0.428,-1.185,-4.605,-0.255,-2.626,-0.06,5.05,8.84,-0.78,-0.19,-0.6,0.093,0.43,1.225,4.742,0.287,3.005,
2026-01-26 06:00:22.552,retreat_machine_to_approach_unloader,-472.795,145.906,1530.861,94.584,-3.425,177.703,-1.846,7.391,-134.399,-86.258,-87.407,40.354,-0.143,-0.398,-1.1,-4.274,-0.236,-2.425,-0.03,5.04,8.81,-0.73,-0.26,-0.49,0.098,0.425,1.206,4.672,0.281,2.939,
2026-01-26 06:00:22.655,retreat_machine_to_approach_unloader,-472.699,146.03,1530.353,94.328,-3.149,177.892,-1.857,7.363,-134.477,-86.564,-87.423,40.185,-0.133,-0.37,-1.022,-3.972,-0.218,-2.242,-0.07,5.09,8.93,-0.7,-0.19,-0.62,0.095,0.402,1.141,4.42,0.265,2.774,
2026-01-26 06:00:22.756,retreat_machine_to_approach_unloader,-472.61,146.143,1529.878,94.089,-2.892,178.067,-1.866,7.336,-134.551,-86.851,-87.439,40.028,-0.124,-0.344,-0.951,-3.695,-0.202,-2.075,0.02,5.08,8.75,-0.6,-0.16,-0.48,0.092,0.381,1.079,4.179,0.25,2.616,
2026-01-26 06:00:22.859,retreat_machine_to_approach_unloader,-472.522,146.25,1529.414,93.857,-2.64,178.237,-1.876,7.31,-134.623,-87.13,-87.454,39.875,-0.116,-0.323,-0.893,-3.471,-0.189,-1.938,-0.02,5.12,8.79,-0.54,-0.13,-0.57,0.085,0.349,0.987,3.827,0.229,2.398,
2026-01-26 06:00:22.960,retreat_machine_to_approach_unloader,-472.445,146.344,1529.001,93.65,-2.417,178.387,-1.884,7.287,-134.687,-87.38,-87.467,39.739,-0.108,-0.3,-0.83,-3.226,-0.175,-1.792,0.0,5.04,8.76,-0.48,-0.27,-0.49,0.087,0.343,0.968,3.751,0.223,2.333,
2026-01-26 06:00:23.063,retreat_machine_to_approach_unloader,-472.369,146.432,1528.598,93.449,-2.198,178.533,-1.892,7.264,-134.75,-87.623,-87.48,39.608,-0.101,-0.282,-0.78,-3.028,-0.164,-1.673,0.03,5.04,8.81,-0.5,-0.22,-0.37,0.08,0.314,0.885,3.432,0.204,2.138,
2026-01-26 06:00:23.164,retreat_machine_to_approach_unloader,-472.302,146.51,1528.238,93.27,-2.004,178.662,-1.899,7.244,-134.806,-87.84,-87.492,39.491,-0.094,-0.262,-0.724,-2.813,-0.152,-1.546,0.02,4.98,8.79,-0.43,-0.15,-0.35,0.081,0.307,0.866,3.356,0.199,2.075,
2026-01-26 06:00:23.267,retreat_machine_to_approach_unloader,-472.236,146.583,1527.887,93.096,-1.814,178.788,-1.906,7.224,-134.861,-88.052,-87.503,39.378,-0.088,-0.246,-0.68,-2.64,-0.142,-1.443,-0.05,5.03,8.75,-0.46,-0.14,-0.36,0.075,0.281,0.792,3.07,0.182,1.9,waypoint
2026-01-26 06:00:23.368,retreat_machine_to_approach_unloader,-486.684,149.844,1514.284,92.725,-0.619,178.803,-2.227,5.27,-134.653,-88.585,-87.472,39.935,-0.867,-5.071,0.01,-3.312,-0.028,0.31,-0.14,5.16,8.75,-0.53,-0.11,0.2,-3.067,-19.098,3.336,-0.447,0.589,8.412,
2026-01-26 06:00:23.469,retreat_machine_to_approach_unloader,-500.146,153.09,1500.749,92.418,-0.178,178.824,-2.534,3.407,-134.452,-89.091,-87.402,41.162,-1.417,-8.459,0.509,-3.75,0.152,3.3,-0.3,5.53,8.69,-0.45,0.09,0.83,-2.621,-16.261,2.931,-0.138,0.908,14.272,
2026-01-26 06:00:23.570,retreat_machine_to_approach_unloader,-512.388,156.233,1487.605,92.158,-0.045,178.855,-2.82,1.667,-134.265,-89.565,-87.325,42.589,-1.779,-10.694,0.849,-3.998,0.307,6.043,-0.36,5.81,8.63,-0.6,0.23,1.41,-2.159,-13.414,2.503,0.2,0.897,14.847,
2026-01-26 06:00:23.677,retreat_machine_to_approach_unloader,-523.506,159.259,1474.907,91.934,-0.029,178.895,-3.088,0.042,-134.09,-90.008,-87.249,44.032,-2.004,-12.085,1.074,-4.106,0.42,8.141,-0.41,6.32,8.5,-0.49,0.2,1.81,-1.756,-10.931,2.129,0.488,0.795,13.522,
2026-01-26 06:00:23.779,retreat_machine_to_approach_unloader,-534.055,162.296,1462.119,91.732,-0.054,178.946,-3.35,-1.547,-133.919,-90.442,-87.174,45.486,-2.158,-13.036,1.232,-4.163,0.503,9.738,-0.4,6.86,8.4,-0.55,0.2,2.17,-1.52,-9.47,1.876,0.539,0.709,12.269,
2026-01-26 06:00:23.881,retreat_machine_to_approach_unloader,-543.588,165.19,1449.879,91.56,-0.09,179.003,-3.594,-3.027,-133.76,-90.845,-87.104,46.852,-2.228,-13.477,1.322,-4.131,0.553,10.719,-0.46,7.28,8.36,-0.51,0.37,2.33,-1.188,-7.432,1.571,0.782,0.588,10.173,
2026-01-26 06:00:23.985,retreat_machine_to_approach_unloader,-552.203,167.939,1438.2,91.412,-0.123,179.064,-3.821,-4.406,-133.612,-91.221,-87.039,48.125,-2.239,-13.554,1.362,-4.038,0.578,11.223,-0.49,7.78,8.26,-0.47,0.26,2.5,-0.902,-5.673,1.305,0.981,0.479,8.227,
2026-01-26 06:00:24.090,retreat_machine_to_approach_unloader,-560.328,170.657,1426.594,91.282,-0.151,179.131,-4.041,-5.746,-133.468,-91.586,-86.976,49.359,-2.231,-13.515,1.381,-3.942,0.591,11.503,-0.45,8.36,8.07,-0.47,0.31,2.53,-0.748,-4.722,1.133,0.988,0.411,7.012,
2026-01-26 06:00:24.193,retreat_machine_to_approach_unloader,-567.341,173.11,1416.066,91.176,-0.17,179.196,-4.238,-6.938,-133.34,-91.911,-86.92,50.452,-2.164,-13.116,1.356,-3.768,0.583,11.359,-0.44,8.92,7.9,-0.58,0.3,2.42,-0.429,-2.768,0.861,1.294,0.298,4.896,
2026-01-26 06:00:24.295,retreat_machine_to_approach_unloader,-573.963,175.524,1405.649,91.083,-0.183,179.263,-4.429,-8.096,-133.216,-92.227,-86.866,51.509,-2.1,-12.734,1.328,-3.616,0.573,11.161,-0.52,9.38,7.83,-0.38,0.29,2.33,-0.332,-2.159,0.739,1.256,0.25,4.047,
2026-01-26 06:00:24.398,retreat_machine_to_approach_unloader,-579.437,177.598,1396.653,91.012,-0.189,179.324,-4.591,-9.082,-133.11,-92.495,-86.82,52.403,-1.981,-12.013,1.261,-3.383,0.544,10.605,-0.47,9.85,7.72,-0.41,0.29,2.42,-0.013,-0.21,0.479,1.603,0.142,2.013,
2026-01-26 06:00:24.502,retreat_machine_to_approach_unloader,-583.966,179.371,1388.925,90.957,-0.189,179.378,-4.729,-9.917,-133.02,-92.723,-86.781,53.157,-1.83,-11.099,1.17,-3.106,0.505,9.839,-0.48,10.41,7.57,-0.51,0.35,2.42,0.235,1.308,0.27,1.851,0.056,0.416,
2026-01-26 06:00:24.605,retreat_machine_to_approach_unloader,-588.545,181.221,1380.825,90.905,-0.186,179.436,-4.871,-10.783,-132.927,-92.959,-86.741,53.934,-1.729,-10.489,1.11,-2.919,0.479,9.323,-0.3,10.8,7.5,-0.4,0.28,2.25,0.162,0.875,0.276,1.584,0.063,0.608,
2026-01-26 06:00:24.705,retreat_machine_to_approach_unloader,-592.909,183.041,1372.818,90.86,-0.179,179.495,-5.011,-11.629,-132.836,-93.189,-86.702,54.69,-1.645,-9.982,1.06,-2.765,0.456,8.882,-0.4,11.19,7.34,-0.32,0.25,2.12,0.178,0.984,0.227,1.479,0.046,0.329,
2026-01-26 06:00:24.808,retreat_machine_to_approach_unloader,-596.872,184.746,1365.281,90.823,-0.169,179.551,-5.14,-12.417,-132.751,-93.404,-86.666,55.39,-1.558,-9.457,1.007,-2.611,0.432,8.412,-0.32,11.54,7.22,-0.37,0.17,2.02,0.256,1.466,0.142,1.49,0.013,-0.261,
2026-01-26 06:00:24.911,retreat_machine_to_approach_unloader,-600.474,186.341,1358.194,90.792,-0.155,179.605,-5.261,-13.151,-132.672,-93.604,-86.633,56.039,-1.471,-8.927,0.952,-2.457,0.408,7.93,-0.27,11.94,7.08,-0.33,0.24,1.96,0.32,1.861,0.07,1.489,-0.014,-0.752,
2026-01-26 06:00:25.015,retreat_machine_to_approach_unloader,-603.752,187.833,1351.536,90.767,-0.139,179.656,-5.374,-13.835,-132.599,-93.79,-86.602,56.639,-1.385,-8.405,0.898,-2.308,0.383,7.449,-0.28,12.32,7.08,-0.26,0.19,1.82,0.371,2.178,0.009,1.477,-0.037,-1.155,
2026-01-26 06:00:25.116,retreat_machine_to_approach_unloader,-606.736,189.227,1345.285,90.747,-0.121,179.705,-5.479,-14.471,-132.53,-93.963,-86.573,57.195,-1.301,-7.895,0.845,-2.164,0.359,6.977,-0.26,12.69,6.9,-0.24,0.19,1.69,0.411,2.43,-0.043,1.458,-0.056,-1.483,
2026-01-26 06:00:25.224,retreat_machine_to_approach_unloader,-609.573,190.586,1339.164,90.731,-0.1,179.753,-5.581,-15.09,-132.464,-94.131,-86.545,57.733,-1.23,-7.469,0.8,-2.044,0.339,6.577,-0.2,13.01,6.88,-0.16,0.08,1.64,0.399,2.364,-0.058,1.36,-0.06,-1.52,
2026-01-26 06:00:25.326,retreat_machine_to_approach_unloader,-612.15,191.851,1333.442,90.718,-0.078,179.798,-5.675,-15.665,-132.402,-94.288,-86.519,58.229,-1.159,-7.038,0.754,-1.924,0.319,6.173,-0.31,13.11,6.75,-0.28,0.2,1.6,0.432,2.571,-0.099,1.345,-0.075,-1.782,
2026-01-26 06:00:25.427,retreat_machine_to_approach_unloader,-614.298,192.929,1328.547,90.709,-0.057,179.837,-5.756,-16.154,-132.35,-94.421,-86.497,58.649,-1.071,-6.5,0.697,-1.775,0.293,5.679,-0.28,13.48,6.7,-0.28,0.12,1.33,0.531,3.174,-0.182,1.445,-0.107,-2.37,
2026-01-26 06:00:25.529,retreat_machine_to_approach_unloader,-616.448,194.031,1323.526,90.702,-0.034,179.877,-5.838,-16.652,-132.296,-94.556,-86.475,59.075,-1.008,-6.121,0.657,-1.67,0.275,5.324,-0.22,13.61,6.59,-0.19,0.04,1.28,0.461,2.758,-0.153,1.274,-0.093,-2.072,
2026-01-26 06:00:25.635,retreat_machine_to_approach_unloader,-618.325,195.012,1319.037,90.697,-0.01,179.913,-5.911,-17.096,-132.248,-94.677,-86.456,59.451,-0.939,-5.699,0.612,-1.554,0.256,4.934,-0.19,13.94,6.45,-0.16,0.21,1.31,0.506,3.034,-0.197,1.297,-0.109,-2.357,
2026-01-26 06:00:25.736,retreat_machine_to_approach_unloader,-620.043,195.927,1314.837,90.694,0.013,179.947,-5.979,-17.508,-132.204,-94.789,-86.438,59.8,-0.874,-5.307,0.57,-1.446,0.237,4.572,-0.09,14.16,6.44,-0.22,0.14,1.16,0.505,3.034,-0.21,1.25,-0.112,-2.399,
2026-01-26 06:00:25.841,retreat_machine_to_approach_unloader,-621.617,196.78,1310.909,90.692,0.037,179.979,-6.042,-17.893,-132.162,-94.894,-86.421,60.123,-0.814,-4.942,0.531,-1.346,0.22,4.237,-0.16,14.4,6.37,-0.14,0.08,1.11,0.502,3.014,-0.22,1.202,-0.114,-2.417,
2026-01-26 06:00:25.942,retreat_machine_to_approach_unloader,-623.061,197.575,1307.236,90.691,0.061,-179.992,-6.101,-18.251,-132.124,-94.991,-86.405,60.422,-0.758,-4.602,0.494,-1.253,0.204,3.925,-0.1,14.54,6.16,-0.24,0.06,1.03,0.495,2.977,-0.226,1.154,-0.115,-2.413,
2026-01-26 06:00:26.047,retreat_machine_to_approach_unloader,-624.385,198.316,1303.804,90.691,0.084,-179.964,-6.156,-18.585,-132.088,-95.081,-86.391,60.699,-0.706,-4.285,0.461,-1.166,0.189,3.637,-0.07,14.7,6.18,-0.2,0.01,0.81,0.486,2.925,-0.23,1.105,-0.115,-2.393,
2026-01-26 06:00:26.150,retreat_machine_to_approach_unloader,-625.653,199.036,1300.455,90.692,0.109,-179.937,-6.209,-18.909,-132.053,-95.17,-86.377,60.967,-0.663,-4.025,0.433,-1.095,0.177,3.397,-0.09,14.91,6.18,-0.11,0.11,0.82,0.453,2.725,-0.217,1.02,-0.108,-2.246,
2026-01-26 06:00:26.250,retreat_machine_to_approach_unloader,-626.718,199.649,1297.6,90.694,0.131,-179.914,-6.255,-19.185,-132.024,-95.244,-86.365,61.193,-0.611,-3.708,0.399,-1.008,0.163,3.114,-0.11,14.97,6.2,-0.13,0.04,0.76,0.487,2.938,-0.247,1.05,-0.119,-2.435,
2026-01-26 06:00:26.351,retreat_machine_to_approach_unloader,-627.79,200.275,1294.678,90.696,0.155,-179.89,-6.301,-19.466,-131.993,-95.321,-86.353,61.423,-0.574,-3.484,0.375,-0.947,0.152,2.91,-0.17,15.13,5.96,-0.15,0.05,0.67,0.429,2.589,-0.217,0.93,-0.105,-2.159,
2026-01-26 06:00:26.455,retreat_machine_to_approach_unloader,-628.732,200.831,1292.073,90.698,0.177,-179.869,-6.342,-19.717,-131.966,-95.389,-86.342,61.626,-0.533,-3.239,0.348,-0.88,0.141,2.69,-0.04,15.31,5.99,-0.19,0.05,0.71,0.438,2.641,-0.228,0.922,-0.108,-2.208,
2026-01-26 06:00:26.556,retreat_machine_to_approach_unloader,-629.637,201.373,1289.535,90.701,0.2,-179.848,-6.382,-19.96,-131.94,-95.455,-86.332,61.823,-0.5,-3.037,0.327,-0.825,0.131,2.509,-0.05,15.36,5.99,-0.09,0.06,0.68,0.405,2.447,-0.213,0.849,-0.101,-2.055,
2026-01-26 06:00:26.657,retreat_machine_to_approach_unloader,-630.433,201.854,1287.272,90.703,0.221,-179.829,-6.418,-20.176,-131.917,-95.514,-86.322,61.996,-0.464,-2.819,0.303,-0.766,0.122,2.316,-0.09,15.51,5.84,-0.03,0.04,0.55,0.409,2.471,-0.221,0.837,-0.103,-2.077,waypoint
2026-01-26 06:00:26.758,approach_unloader_to_place,-631.323,202.291,1283.057,90.718,0.382,-179.806,-6.449,-20.552,-131.92,-95.578,-86.322,62.215,-0.425,-3.052,0.219,-0.735,0.092,2.285,-0.16,15.64,5.93,-0.1,0.05,0.58,0.417,0.634,-0.466,0.697,-0.178,-1.414,
2026-01-26 06:00:26.862,approach_unloader_to_place,-632.195,202.689,1277.901,90.724,0.486,-179.787,-6.476,-21.005,-131.939,-95.644,-86.342,62.583,-0.387,-3.422,0.118,-0.718,0.02,2.632,-0.12,15.78,5.86,0.0,-0.06,0.68,0.41,-0.208,-0.568,0.605,-0.365,0.21,
2026-01-26 06:00:26.963,approach_unloader_to_place,-632.963,203.056,1273.105,90.725,0.513,-179.774,-6.501,-21.427,-131.956,-95.707,-86.367,62.995,-0.354,-3.622,0.046,-0.694,-0.049,3.005,-0.11,15.92,5.73,-0.02,-0.08,0.79,0.388,0.124,-0.499,0.589,-0.385,0.638,
2026-01-26 06:00:27.066,approach_unloader_to_place,-633.674,203.41,1268.441,90.724,0.513,-179.762,-6.526,-21.837,-131.973,-95.767,-86.394,63.423,-0.327,-3.742,-0.008,-0.672,-0.104,3.324,-0.12,16.05,5.71,-0.06,-0.1,0.78,0.356,0.229,-0.445,0.546,-0.36,0.733,
2026-01-26 06:00:27.171,approach_unloader_to_place,-634.304,203.736,1264.108,90.724,0.503,-179.75,-6.549,-22.218,-131.988,-95.823,-86.42,63.83,-0.303,-3.759,-0.044,-0.644,-0.142,3.51,-0.11,16.17,5.6,-0.03,-0.07,0.77,0.338,0.5,-0.389,0.535,-0.311,0.445,
2026-01-26 06:00:27.275,approach_unloader_to_place,-634.84,204.023,1260.251,90.723,0.492,-179.74,-6.569,-22.557,-132.002,-95.873,-86.443,64.194,-0.278,-3.667,-0.068,-0.608,-0.163,3.542,-0.04,16.27,5.69,-0.05,-0.19,0.79,0.33,0.871,-0.333,0.544,-0.252,-0.029,
2026-01-26 06:00:27.379,approach_unloader_to_place,-635.319,204.289,1256.655,90.724,0.482,-179.73,-6.588,-22.873,-132.015,-95.92,-86.464,64.532,-0.256,-3.539,-0.083,-0.572,-0.176,3.503,-0.07,16.46,5.49,-0.09,-0.11,0.82,0.311,1.017,-0.29,0.524,-0.211,-0.28,
2026-01-26 06:00:27.483,approach_unloader_to_place,-635.747,204.534,1253.304,90.724,0.474,-179.721,-6.606,-23.167,-132.027,-95.963,-86.483,64.847,-0.236,-3.389,-0.092,-0.538,-0.181,3.412,-0.11,16.54,5.44,0.03,-0.13,0.9,0.293,1.131,-0.252,0.503,-0.175,-0.496,
2026-01-26 06:00:27.583,approach_unloader_to_place,-636.114,204.751,1250.318,90.725,0.468,-179.712,-6.622,-23.428,-132.037,-96.002,-86.501,65.125,-0.216,-3.196,-0.096,-0.5,-0.179,3.255,-0.18,16.63,5.39,-0.06,-0.15,0.68,0.283,1.34,-0.214,0.5,-0.135,-0.803,
2026-01-26 06:00:27.686,approach_unloader_to_place,-636.459,204.962,1247.399,90.726,0.463,-179.703,-6.637,-23.684,-132.048,-96.039,-86.518,65.396,-0.201,-3.037,-0.098,-0.469,-0.177,3.118,-0.1,16.78,5.37,-0.09,-0.16,0.68,0.258,1.266,-0.19,0.459,-0.117,-0.8,
2026-01-26 06:00:27.788,approach_unloader_to_place,-636.769,205.157,1244.678,90.727,0.461,-179.695,-6.651,-23.922,-132.058,-96.074,-86.534,65.646,-0.186,-2.873,-0.098,-0.439,-0.172,2.965,-0.12,16.9,5.22,-0.09,-0.16,0.69,0.243,1.315,-0.164,0.439,-0.093,-0.919,
2026-01-26 06:00:27.891,approach_unloader_to_place,-637.036,205.33,1242.254,90.729,0.459,-179.688,-6.664,-24.134,-132.066,-96.106,-86.548,65.868,-0.172,-2.685,-0.095,-0.408,-0.164,2.779,0.0,16.84,5.3,-0.06,-0.05,0.62,0.234,1.444,-0.137,0.434,-0.066,-1.114,waypoint
2026-01-26 06:00:27.993,place_on_unloader,-637.288,205.497,1239.884,90.73,0.459,-179.68,-6.677,-24.342,-132.075,-96.136,-86.561,66.084,-0.16,-2.532,-0.092,-0.382,-0.157,2.624,0.03,16.93,5.21,-0.06,-0.2,0.66,0.214,1.348,-0.121,0.398,-0.055,-1.065,
2026-01-26 06:00:28.098,place_on_unloader,-637.516,205.653,1237.675,90.732,0.46,-179.674,-6.688,-24.535,-132.082,-96.165,-86.574,66.284,-0.149,-2.382,-0.089,-0.358,-0.149,2.468,-0.08,16.99,5.2,-0.07,-0.23,0.58,0.201,1.355,-0.103,0.379,-0.04,-1.117,
2026-01-26 06:00:28.201,place_on_unloader,-637.73,205.803,1235.528,90.734,0.462,-179.667,-6.7,-24.723,-132.09,-96.192,-86.586,66.478,-0.14,-2.256,-0.086,-0.337,-0.143,2.334,0.0,17.06,5.26,0.08,-0.09,0.55,0.184,1.274,-0.091,0.349,-0.032,-1.072,
2026-01-26 06:00:28.301,place_on_unloader,-637.914,205.936,1233.617,90.736,0.465,-179.66,-6.71,-24.89,-132.097,-96.217,-86.597,66.648,-0.13,-2.109,-0.081,-0.314,-0.134,2.178,0.01,17.19,5.2,-0.05,-0.11,0.51,0.178,1.354,-0.073,0.345,-0.015,-1.189,
2026-01-26 06:00:28.403,place_on_unloader,-638.088,206.065,1231.759,90.737,0.469,-179.654,-6.719,-25.052,-132.104,-96.241,-86.607,66.814,-0.122,-1.988,-0.077,-0.296,-0.127,2.046,-0.12,17.27,5.08,-0.01,-0.2,0.47,0.163,1.265,-0.064,0.317,-0.01,-1.127,
2026-01-26 06:00:28.507,place_on_unloader,-638.238,206.179,1230.106,90.739,0.473,-179.649,-6.728,-25.196,-132.109,-96.262,-86.617,66.96,-0.113,-1.852,-0.073,-0.275,-0.118,1.9,-0.03,17.25,5.13,-0.0,-0.19,0.38,0.158,1.318,-0.05,0.312,0.003,-1.205,
2026-01-26 06:00:28.608,place_on_unloader,-638.375,206.285,1228.566,90.741,0.477,-179.644,-6.736,-25.331,-132.115,-96.282,-86.625,67.095,-0.105,-1.725,-0.068,-0.255,-0.11,1.763,0.03,17.5,5.01,-0.04,-0.08,0.55,0.148,1.285,-0.041,0.295,0.01,-1.192,
2026-01-26 06:00:28.708,place_on_unloader,-638.493,206.379,1227.194,90.743,0.482,-179.639,-6.743,-25.451,-132.12,-96.299,-86.633,67.215,-0.097,-1.593,-0.063,-0.236,-0.102,1.622,-0.03,17.45,4.95,-0.01,-0.15,0.37,0.142,1.304,-0.031,0.287,0.018,-1.228,
2026-01-26 06:00:28.811,place_on_unloader,-638.606,206.47,1225.853,90.744,0.487,-179.634,-6.75,-25.568,-132.124,-96.317,-86.64,67.331,-0.09,-1.487,-0.059,-0.22,-0.095,1.508,-0.07,17.42,4.9,-0.05,-0.09,0.36,0.129,1.201,-0.027,0.263,0.019,-1.139,
2026-01-26 06:00:28.915,place_on_unloader,-638.709,206.555,1224.604,90.746,0.492,-179.63,-6.757,-25.677,-132.129,-96.333,-86.647,67.439,-0.084,-1.388,-0.056,-0.205,-0.088,1.401,-0.02,17.57,4.94,-0.06,-0.1,0.31,0.121,1.161,-0.021,0.248,0.022,-1.111,
2026-01-26 06:00:29.020,place_on_unloader,-638.803,206.634,1223.44,90.748,0.498,-179.626,-6.763,-25.778,-132.133,-96.348,-86.653,67.539,-0.078,-1.295,-0.052,-0.191,-0.082,1.3,-0.01,17.58,5.02,0.01,-0.11,0.33,0.114,1.12,-0.016,0.234,0.025,-1.079,
2026-01-26 06:00:29.125,place_on_unloader,-638.888,206.707,1222.356,90.749,0.504,-179.622,-6.769,-25.873,-132.137,-96.361,-86.659,67.632,-0.073,-1.207,-0.049,-0.178,-0.076,1.207,-0.14,17.58,4.87,0.01,-0.13,0.3,0.106,1.077,-0.011,0.221,0.027,-1.045,
2026-01-26 06:00:29.227,place_on_unloader,-638.966,206.775,1221.347,90.751,0.51,-179.619,-6.774,-25.961,-132.14,-96.374,-86.665,67.718,-0.068,-1.126,-0.045,-0.166,-0.071,1.119,-0.04,17.74,4.8,-0.01,-0.04,0.27,0.1,1.035,-0.008,0.209,0.029,-1.009,
2026-01-26 06:00:29.329,place_on_unloader,-639.037,206.838,1220.406,90.752,0.515,-179.615,-6.779,-26.043,-132.144,-96.386,-86.67,67.797,-0.063,-1.049,-0.042,-0.154,-0.066,1.038,0.01,17.71,4.83,0.01,-0.12,0.17,0.093,0.992,-0.004,0.197,0.03,-0.971,
2026-01-26 06:00:29.430,place_on_unloader,-639.1,206.895,1219.568,90.753,0.521,-179.612,-6.783,-26.116,-132.147,-96.397,-86.674,67.867,-0.058,-0.97,-0.039,-0.143,-0.061,0.954,-0.02,17.67,4.75,-0.07,-0.14,0.28,0.089,0.982,-0.0,0.19,0.033,-0.965,
2026-01-26 06:00:29.531,place_on_unloader,-639.157,206.947,1218.786,90.755,0.527,-179.61,-6.788,-26.184,-132.15,-96.407,-86.679,67.933,-0.054,-0.898,-0.036,-0.132,-0.056,0.879,-0.04,17.71,4.72,0.04,-0.11,0.29,0.083,0.932,0.002,0.178,0.032,-0.918,
2026-01-26 06:00:29.633,place_on_unloader,-639.212,206.998,1218.02,90.756,0.532,-179.607,-6.792,-26.251,-132.152,-96.417,-86.683,67.996,-0.051,-0.84,-0.034,-0.123,-0.052,0.818,-0.04,17.81,4.79,0.01,-0.13,0.25,0.076,0.854,0.002,0.163,0.03,-0.845,
2026-01-26 06:00:29.735,place_on_unloader,-639.263,207.045,1217.308,90.757,0.538,-179.604,-6.795,-26.313,-132.155,-96.426,-86.687,68.055,-0.047,-0.785,-0.032,-0.115,-0.049,0.761,-0.03,17.77,4.75,-0.03,-0.01,0.17,0.071,0.815,0.004,0.153,0.03,-0.807,
2026-01-26 06:00:29.839,place_on_unloader,-639.311,207.091,1216.615,90.758,0.544,-179.602,-6.799,-26.373,-132.157,-96.435,-86.69,68.112,-0.045,-0.74,-0.03,-0.109,-0.046,0.713,-0.11,17.91,4.75,-0.04,-0.06,0.2,0.065,0.75,0.004,0.14,0.028,-0.746,
2026-01-26 06:00:29.945,place_on_unloader,-639.354,207.132,1215.998,90.76,0.55,-179.599,-6.802,-26.427,-132.159,-96.443,-86.693,68.162,-0.041,-0.689,-0.028,-0.101,-0.042,0.66,-0.02,17.87,4.75,-0.03,-0.11,0.17,0.063,0.742,0.006,0.136,0.03,-0.737,
2026-01-26 06:00:30.048,place_on_unloader,-639.394,207.172,1215.399,90.761,0.555,-179.597,-6.805,-26.479,-132.162,-96.45,-86.697,68.211,-0.039,-0.647,-0.026,-0.095,-0.04,0.617,0.01,17.9,4.81,-0.02,-0.08,0.16,0.057,0.683,0.006,0.125,0.028,-0.68,
2026-01-26 06:00:30.151,place_on_unloader,-639.432,207.209,1214.842,90.762,0.561,-179.595,-6.808,-26.527,-132.164,-96.458,-86.7,68.256,-0.037,-0.607,-0.025,-0.089,-0.037,0.575,-0.05,17.98,4.69,0.07,-0.04,0.17,0.054,0.652,0.007,0.118,0.027,-0.65,
2026-01-26 06:00:30.253,place_on_unloader,-639.469,207.246,1214.283,90.763,0.566,-179.593,-6.811,-26.576,-132.165,-96.465,-86.702,68.301,-0.035,-0.577,-0.023,-0.085,-0.035,0.543,-0.04,17.91,4.64,0.03,-0.06,0.09,0.048,0.584,0.006,0.106,0.025,-0.585,
2026-01-26 06:00:30.357,place_on_unloader,-639.499,207.276,1213.826,90.764,0.571,-179.591,-6.814,-26.616,-132.167,-96.47,-86.705,68.337,-0.032,-0.532,-0.022,-0.078,-0.032,0.498,0.02,17.91,4.66,0.05,-0.06,0.17,0.049,0.615,0.009,0.108,0.028,-0.611,
2026-01-26 06:00:30.466,place_on_unloader,-639.513,207.29,1213.61,90.764,0.574,-179.59,-6.815,-26.635,-132.168,-96.473,-86.706,68.354,-0.027,-0.446,-0.018,-0.065,-0.027,0.417,-0.02,17.84,4.66,0.01,-0.1,0.19,0.056,0.763,0.017,0.128,0.037,-0.742,
2026-01-26 06:00:30.571,place_on_unloader,-639.528,207.305,1213.382,90.765,0.576,-179.59,-6.816,-26.655,-132.169,-96.476,-86.707,68.372,-0.023,-0.384,-0.016,-0.056,-0.023,0.358,0.0,17.82,4.66,-0.03,-0.01,0.14,0.05,0.677,0.015,0.114,0.033,-0.66,
2026-01-26 06:00:30.672,place_on_unloader,-639.548,207.326,1213.057,90.765,0.58,-179.588,-6.818,-26.683,-132.17,-96.48,-86.709,68.398,-0.022,-0.359,-0.015,-0.053,-0.022,0.332,0.02,18.08,4.6,-0.06,-0.07,0.04,0.04,0.524,0.01,0.09,0.025,-0.517,
2026-01-26 06:00:30.772,place_on_unloader,-639.57,207.349,1212.717,90.766,0.584,-179.587,-6.819,-26.713,-132.171,-96.485,-86.71,68.425,-0.021,-0.343,-0.014,-0.05,-0.02,0.316,0.06,17.91,4.7,0.03,-0.14,0.11,0.035,0.459,0.008,0.079,0.022,-0.456,
2026-01-26 06:00:30.875,place_on_unloader,-639.592,207.372,1212.368,90.767,0.589,-179.586,-6.821,-26.743,-132.172,-96.489,-86.712,68.452,-0.02,-0.333,-0.014,-0.049,-0.02,0.305,0.04,17.97,4.69,0.07,-0.07,0.06,0.031,0.405,0.007,0.07,0.019,-0.404,
2026-01-26 06:00:30.976,place_on_unloader,-639.611,207.391,1212.071,90.767,0.593,-179.584,-6.823,-26.769,-132.173,-96.493,-86.714,68.475,-0.019,-0.315,-0.013,-0.046,-0.019,0.286,-0.04,17.99,4.6,0.01,-0.02,0.11,0.031,0.41,0.008,0.07,0.02,-0.406,
2026-01-26 06:00:31.076,place_on_unloader,-639.63,207.411,1211.766,90.768,0.597,-179.583,-6.824,-26.795,-132.174,-96.497,-86.715,68.498,-0.018,-0.302,-0.012,-0.044,-0.018,0.274,0.08,17.95,4.65,-0.02,-0.15,0.07,0.027,0.362,0.007,0.062,0.018,-0.36,
2026-01-26 06:00:31.182,place_on_unloader,-639.648,207.43,1211.482,90.769,0.6,-179.582,-6.826,-26.82,-132.175,-96.5,-86.717,68.52,-0.017,-0.289,-0.012,-0.042,-0.017,0.26,-0.01,17.97,4.7,0.03,-0.01,0.02,0.026,0.344,0.007,0.058,0.017,-0.341,
2026-01-26 06:00:31.285,place_on_unloader,-639.664,207.447,1211.218,90.769,0.604,-179.581,-6.827,-26.843,-132.176,-96.504,-86.718,68.54,-0.016,-0.274,-0.011,-0.04,-0.016,0.245,0.04,17.95,4.61,-0.01,-0.08,0.08,0.024,0.327,0.007,0.055,0.016,-0.323,
2026-01-26 06:00:31.386,place_on_unloader,-639.678,207.462,1210.993,90.77,0.607,-179.58,-6.828,-26.863,-132.177,-96.507,-86.719,68.557,-0.015,-0.254,-0.01,-0.037,-0.015,0.227,-0.04,18.06,4.58,-0.01,-0.07,0.14,0.024,0.329,0.008,0.055,0.017,-0.322,
2026-01-26 06:00:31.488,place_on_unloader,-639.692,207.477,1210.762,90.77,0.611,-179.579,-6.83,-26.883,-132.178,-96.51,-86.72,68.575,-0.014,-0.241,-0.01,-0.035,-0.014,0.214,0.0,17.94,4.57,0.02,-0.09,0.04,0.021,0.29,0.007,0.048,0.015,-0.286,
2026-01-26 06:00:31.591,place_on_unloader,-639.704,207.489,1210.566,90.771,0.614,-179.579,-6.831,-26.9,-132.179,-96.512,-86.721,68.59,-0.013,-0.224,-0.009,-0.033,-0.013,0.197,-0.02,17.96,4.78,0.09,-0.03,0.12,0.021,0.292,0.007,0.048,0.015,-0.285,
2026-01-26 06:00:31.694,place_on_unloader,-639.716,207.503,1210.364,90.771,0.617,-179.578,-6.832,-26.917,-132.179,-96.515,-86.722,68.605,-0.013,-0.212,-0.009,-0.031,-0.012,0.185,0.06,18.02,4.6,0.08,-0.1,0.08,0.018,0.258,0.007,0.042,0.013,-0.253,
2026-01-26 06:00:31.799,place_on_unloader,-639.725,207.513,1210.201,90.772,0.62,-179.577,-6.832,-26.932,-132.18,-96.517,-86.723,68.617,-0.012,-0.194,-0.008,-0.028,-0.011,0.169,-0.02,18.08,4.56,-0.06,-0.05,0.1,0.019,0.266,0.007,0.043,0.014,-0.257,
2026-01-26 06:00:31.904,place_on_unloader,-639.735,207.524,1210.04,90.772,0.622,-179.577,-6.833,-26.946,-132.18,-96.519,-86.724,68.629,-0.011,-0.181,-0.007,-0.026,-0.01,0.157,-0.04,18.0,4.67,0.01,-0.08,0.1,0.017,0.241,0.007,0.039,0.013,-0.233,
2026-01-26 06:00:32.007,place_on_unloader,-639.743,207.533,1209.903,90.772,0.625,-179.576,-6.834,-26.958,-132.181,-96.52,-86.725,68.639,-0.01,-0.165,-0.007,-0.024,-0.009,0.143,0.02,18.04,4.67,-0.0,-0.12,0.07,0.017,0.238,0.007,0.038,0.013,-0.229,
2026-01-26 06:00:32.107,place_on_unloader,-639.75,207.54,1209.795,90.772,0.627,-179.576,-6.835,-26.967,-132.181,-96.522,-86.725,68.647,-0.009,-0.147,-0.006,-0.022,-0.008,0.127,0.03,18.08,4.61,0.07,-0.04,0.08,0.016,0.239,0.007,0.038,0.013,-0.227,
2026-01-26 06:00:32.213,place_on_unloader,-639.757,207.548,1209.673,90.773,0.629,-179.575,-6.835,-26.978,-132.182,-96.523,-86.726,68.656,-0.008,-0.137,-0.006,-0.02,-0.008,0.117,0.0,18.1,4.67,0.01,-0.08,0.02,0.014,0.202,0.006,0.032,0.011,-0.194,
2026-01-26 06:00:32.315,place_on_unloader,-639.764,207.556,1209.545,90.773,0.631,-179.575,-6.836,-26.989,-132.182,-96.525,-86.726,68.665,-0.008,-0.131,-0.005,-0.019,-0.007,0.111,-0.06,18.15,4.57,0.09,0.03,0.02,0.012,0.177,0.005,0.028,0.009,-0.171,
2026-01-26 06:00:32.419,place_on_unloader,-639.771,207.563,1209.436,90.773,0.633,-179.574,-6.836,-26.998,-132.183,-96.526,-86.727,68.673,-0.007,-0.122,-0.005,-0.018,-0.007,0.103,0.02,18.04,4.55,-0.02,-0.03,0.01,0.012,0.177,0.005,0.028,0.009,-0.169,
2026-01-26 06:00:32.724,place_on_unloader,-639.783,207.577,1209.222,90.774,0.637,-179.573,-6.838,-27.017,-132.183,-96.529,-86.728,68.688,-0.005,-0.089,-0.004,-0.013,-0.005,0.075,0.01,18.08,4.66,-0.04,-0.08,0.05,0.009,0.132,0.004,0.021,0.007,-0.126,
2026-01-26 06:00:33.028,place_on_unloader,-639.8,207.595,1208.944,90.775,0.642,-179.572,-6.839,-27.041,-132.184,-96.533,-86.729,68.708,-0.005,-0.084,-0.003,-0.012,-0.005,0.069,0.01,18.15,4.67,0.03,-0.09,-0.04,0.007,0.103,0.003,0.016,0.006,-0.098,
2026-01-26 06:00:33.446,place_on_unloader,-639.817,207.614,1208.644,90.775,0.649,-179.571,-6.841,-27.067,-132.185,-96.536,-86.731,68.729,-0.004,-0.07,-0.003,-0.01,-0.004,0.057,-0.05,18.18,4.53,-0.04,-0.05,-0.02,0.005,0.082,0.003,0.013,0.005,-0.077,
2026-01-26 06:00:33.753,place_on_unloader,-639.828,207.627,1208.453,90.776,0.653,-179.57,-6.842,-27.084,-132.186,-96.539,-86.731,68.742,-0.004,-0.061,-0.002,-0.009,-0.003,0.049,0.04,18.13,4.62,-0.07,-0.12,0.0,0.004,0.063,0.002,0.01,0.003,-0.059,
2026-01-26 06:00:34.062,place_on_unloader,-639.836,207.636,1208.305,90.776,0.656,-179.569,-6.842,-27.097,-132.187,-96.541,-86.732,68.752,-0.003,-0.05,-0.002,-0.007,-0.003,0.039,-0.08,18.09,4.56,0.06,-0.07,0.02,0.004,0.062,0.002,0.009,0.003,-0.056,
2026-01-26 06:00:34.469,place_on_unloader,-639.846,207.647,1208.138,90.777,0.66,-179.569,-6.843,-27.111,-132.187,-96.543,-86.733,68.763,-0.002,-0.04,-0.002,-0.006,-0.002,0.031,0.04,18.1,4.56,0.04,-0.01,0.11,0.003,0.045,0.002,0.007,0.002,-0.041,
2026-01-26 06:00:34.776,place_on_unloader,-639.851,207.653,1208.048,90.777,0.663,-179.568,-6.844,-27.119,-132.187,-96.544,-86.733,68.768,-0.002,-0.032,-0.001,-0.005,-0.002,0.024,-0.06,18.12,4.49,0.01,-0.09,0.0,0.003,0.043,0.002,0.006,0.002,-0.037,
2026-01-26 06:00:35.084,place_on_unloader,-639.856,207.658,1207.97,90.777,0.665,-179.568,-6.844,-27.126,-132.188,-96.545,-86.734,68.773,-0.002,-0.026,-0.001,-0.004,-0.001,0.02,0.05,18.0,4.57,0.01,-0.0,0.04,0.002,0.032,0.001,0.005,0.002,-0.028,
2026-01-26 06:00:35.495,place_on_unloader,-639.86,207.663,1207.891,90.777,0.667,-179.568,-6.845,-27.132,-132.188,-96.546,-86.734,68.778,-0.001,-0.02,-0.001,-0.003,-0.001,0.014,0.01,18.11,4.58,0.01,-0.13,-0.03,0.002,0.026,0.001,0.004,0.001,-0.022,
2026-01-26 06:00:35.597,place_to_retreat_unloader,-640.7,207.84,1212.938,90.737,0.259,-179.598,-6.85,-26.739,-132.073,-96.514,-86.721,68.68,-0.016,0.97,0.286,0.077,0.032,-0.234,0.05,18.03,4.56,0.18,-0.01,-0.17,-0.057,3.978,1.149,0.323,0.132,-1.012,
2026-01-26 06:00:35.699,place_to_retreat_unloader,-642.774,208.276,1226.237,90.692,-0.282,-179.651,-6.865,-25.697,-131.77,-96.423,-86.622,67.882,-0.049,3.331,0.973,0.285,0.27,-2.171,0.08,18.13,4.6,0.08,0.18,-0.77,-0.141,10.057,2.92,0.884,0.974,-7.91,
2026-01-26 06:00:35.804,place_to_retreat_unloader,-644.503,208.653,1238.696,90.689,-0.392,-179.679,-6.879,-24.724,-131.486,-96.337,-86.491,66.74,-0.072,4.932,1.439,0.429,0.532,-4.484,0.08,17.86,4.69,0.12,0.4,-1.15,-0.117,8.37,2.432,0.744,1.208,-10.563,
2026-01-26 06:00:35.907,place_to_retreat_unloader,-645.856,208.964,1249.865,90.698,-0.342,-179.695,-6.892,-23.856,-131.233,-96.26,-86.362,65.574,-0.085,5.869,1.712,0.514,0.721,-6.279,-0.0,17.76,4.71,-0.01,0.44,-1.53,-0.09,6.476,1.882,0.579,1.059,-9.747,
2026-01-26 06:00:36.008,place_to_retreat_unloader,-647.006,209.248,1260.91,90.71,-0.233,-179.705,-6.904,-23.003,-130.984,-96.185,-86.232,64.367,-0.094,6.533,1.906,0.575,0.866,-7.726,0.04,17.51,4.9,0.07,0.5,-1.78,-0.079,5.678,1.651,0.51,0.967,-9.176,
2026-01-26 06:00:36.110,place_to_retreat_unloader,-647.914,209.492,1271.293,90.722,-0.109,-179.711,-6.915,-22.206,-130.752,-96.114,-86.109,63.217,-0.099,6.892,2.011,0.608,0.956,-8.67,0.08,17.38,5.01,0.13,0.55,-2.04,-0.063,4.551,1.323,0.41,0.793,-7.689,
2026-01-26 06:00:36.211,place_to_retreat_unloader,-648.435,209.646,1278.324,90.73,-0.021,-179.714,-6.923,-21.669,-130.595,-96.066,-86.027,62.438,-0.093,6.511,1.9,0.575,0.923,-8.449,0.14,17.31,5.09,-0.02,0.45,-2.2,-0.019,1.497,0.432,0.138,0.314,-3.21,
2026-01-26 06:00:36.311,place_to_retreat_unloader,-648.913,209.8,1285.92,90.738,0.073,-179.715,-6.931,-21.091,-130.427,-96.015,-85.938,61.599,-0.091,6.328,1.846,0.56,0.914,-8.433,0.11,16.99,5.27,0.11,0.51,-2.22,-0.023,1.757,0.509,0.16,0.344,-3.485,
2026-01-26 06:00:36.413,place_to_retreat_unloader,-649.284,209.937,1293.137,90.746,0.161,-179.715,-6.939,-20.544,-130.267,-95.966,-85.854,60.807,-0.087,6.114,1.784,0.541,0.895,-8.305,0.07,16.89,5.34,0.01,0.54,-2.25,-0.017,1.272,0.368,0.117,0.26,-2.673,
2026-01-26 06:00:36.514,place_to_retreat_unloader,-649.618,210.083,1301.555,90.755,0.259,-179.714,-6.948,-19.909,-130.082,-95.91,-85.757,59.89,-0.088,6.174,1.801,0.547,0.914,-8.522,0.05,16.76,5.48,0.03,0.58,-2.24,-0.028,2.03,0.589,0.184,0.366,-3.655,
2026-01-26 06:00:36.614,place_to_retreat_unloader,-649.825,210.203,1309.087,90.763,0.343,-179.711,-6.956,-19.342,-129.916,-95.86,-85.671,59.077,-0.086,6.047,1.764,0.536,0.9,-8.425,0.17,16.57,5.75,0.07,0.62,-2.23,-0.015,1.136,0.329,0.104,0.221,-2.256,
2026-01-26 06:00:36.716,place_to_retreat_unloader,-649.945,210.309,1316.513,90.77,0.422,-179.708,-6.964,-18.786,-129.754,-95.81,-85.587,58.281,-0.085,5.927,1.729,0.526,0.886,-8.308,0.07,16.38,5.77,0.06,0.54,-2.1,-0.012,0.925,0.267,0.085,0.181,-1.851,
2026-01-26 06:00:36.818,place_to_retreat_unloader,-649.982,210.4,1323.474,90.776,0.491,-179.703,-6.971,-18.266,-129.602,-95.764,-85.508,57.541,-0.082,5.745,1.676,0.51,0.861,-8.081,0.13,16.21,5.84,0.07,0.58,-2.15,-0.006,0.467,0.134,0.044,0.104,-1.105,
2026-01-26 06:00:36.922,place_to_retreat_unloader,-649.951,210.476,1329.997,90.781,0.553,-179.698,-6.978,-17.78,-129.461,-95.721,-85.435,56.854,-0.079,5.524,1.611,0.49,0.828,-7.779,0.17,16.1,6.02,0.11,0.51,-1.98,-0.0,0.079,0.021,0.009,0.039,-0.473,
2026-01-26 06:00:37.024,place_to_retreat_unloader,-649.87,210.537,1335.825,90.785,0.604,-179.693,-6.985,-17.347,-129.334,-95.682,-85.371,56.244,-0.075,5.226,1.524,0.464,0.783,-7.359,0.1,15.93,6.14,0.15,0.56,-1.89,0.007,-0.457,-0.135,-0.039,-0.046,0.353,
2026-01-26 06:00:37.128,place_to_retreat_unloader,-649.733,210.593,1341.829,90.789,0.654,-179.687,-6.991,-16.901,-129.204,-95.643,-85.304,55.621,-0.072,5.032,1.468,0.446,0.753,-7.077,0.11,15.81,6.14,0.04,0.42,-1.8,0.005,-0.291,-0.087,-0.024,-0.026,0.181,
2026-01-26 06:00:37.231,place_to_retreat_unloader,-649.556,210.64,1347.433,90.793,0.697,-179.681,-6.997,-16.487,-129.083,-95.606,-85.243,55.043,-0.069,4.811,1.403,0.427,0.719,-6.751,0.08,15.6,6.3,0.06,0.45,-1.74,0.009,-0.567,-0.167,-0.049,-0.072,0.623,
2026-01-26 06:00:37.334,place_to_retreat_unloader,-649.369,210.674,1352.202,90.795,0.731,-179.676,-7.002,-16.134,-128.981,-95.575,-85.191,54.555,-0.064,4.489,1.309,0.398,0.669,-6.283,-0.02,15.52,6.35,0.03,0.41,-1.56,0.017,-1.135,-0.333,-0.1,-0.159,1.456,
2026-01-26 06:00:37.434,place_to_retreat_unloader,-649.151,210.704,1356.897,90.798,0.761,-179.67,-7.007,-15.788,-128.88,-95.544,-85.14,54.079,-0.06,4.232,1.234,0.375,0.629,-5.904,0.04,15.29,6.48,0.03,0.41,-1.51,0.016,-1.082,-0.317,-0.095,-0.155,1.419,
2026-01-26 06:00:37.537,place_to_retreat_unloader,-648.918,210.728,1361.29,90.8,0.788,-179.665,-7.011,-15.465,-128.785,-95.516,-85.092,53.635,-0.057,3.983,1.162,0.353,0.59,-5.536,0.12,15.12,6.48,0.06,0.42,-1.28,0.018,-1.201,-0.352,-0.106,-0.174,1.614,
2026-01-26 06:00:37.639,place_to_retreat_unloader,-648.686,210.746,1365.211,90.801,0.809,-179.659,-7.016,-15.177,-128.701,-95.49,-85.05,53.242,-0.053,3.708,1.081,0.329,0.548,-5.135,0.11,15.13,6.59,0.18,0.26,-1.38,0.021,-1.433,-0.419,-0.127,-0.21,1.955,
2026-01-26 06:00:37.743,place_to_retreat_unloader,-648.435,210.761,1369.068,90.802,0.828,-179.654,-7.02,-14.893,-128.619,-95.465,-85.009,52.858,-0.05,3.489,1.018,0.309,0.514,-4.812,0.01,14.96,6.62,0.15,0.24,-1.24,0.019,-1.339,-0.392,-0.118,-0.198,1.847,
2026-01-26 06:00:37.846,place_to_retreat_unloader,-648.168,210.773,1372.843,90.803,0.845,-179.649,-7.024,-14.616,-128.538,-95.441,-84.969,52.485,-0.047,3.309,0.965,0.293,0.486,-4.543,0.1,14.84,6.74,0.15,0.29,-1.24,0.018,-1.269,-0.371,-0.112,-0.189,1.77,
2026-01-26 06:00:37.951,place_to_retreat_unloader,-647.936,210.78,1375.897,90.804,0.857,-179.644,-7.027,-14.393,-128.473,-95.421,-84.937,52.184,-0.043,3.041,0.887,0.269,0.445,-4.158,0.12,14.7,6.75,0.06,0.3,-1.11,0.024,-1.673,-0.489,-0.148,-0.249,2.325,
2026-01-26 06:00:38.056,place_to_retreat_unloader,-647.657,210.787,1379.355,90.804,0.868,-179.639,-7.03,-14.14,-128.399,-95.398,-84.9,51.846,-0.042,2.914,0.85,0.258,0.425,-3.963,0.03,14.63,6.75,0.04,0.29,-1.01,0.018,-1.213,-0.355,-0.107,-0.183,1.716,
2026-01-26 06:00:38.160,place_to_retreat_unloader,-647.382,210.791,1382.568,90.804,0.877,-179.634,-7.034,-13.905,-128.33,-95.378,-84.867,51.534,-0.04,2.773,0.809,0.245,0.403,-3.752,0.11,14.52,6.79,-0.07,0.28,-1.01,0.018,-1.273,-0.372,-0.113,-0.192,1.805,
2026-01-26 06:00:38.263,place_to_retreat_unloader,-647.101,210.793,1385.679,90.805,0.884,-179.629,-7.037,-13.677,-128.264,-95.358,-84.834,51.235,-0.038,2.648,0.772,0.234,0.383,-3.564,-0.04,14.47,6.92,-0.0,0.23,-0.92,0.018,-1.222,-0.357,-0.108,-0.185,1.745,
2026-01-26 06:00:38.363,place_to_retreat_unloader,-646.85,210.793,1388.328,90.804,0.888,-179.625,-7.04,-13.484,-128.208,-95.341,-84.807,50.981,-0.035,2.469,0.72,0.218,0.356,-3.307,-0.09,14.36,7.02,0.06,0.13,-0.83,0.021,-1.439,-0.42,-0.128,-0.216,2.032,
2026-01-26 06:00:38.464,place_to_retreat_unloader,-646.607,210.792,1390.797,90.804,0.891,-179.621,-7.042,-13.304,-128.155,-95.325,-84.782,50.746,-0.033,2.302,0.671,0.204,0.33,-3.068,0.17,14.28,6.98,0.03,0.19,-0.73,0.021,-1.428,-0.417,-0.127,-0.215,2.016,waypoint
2026-01-26 06:00:38.567,place_to_retreat_unloader,-646.053,211.888,1408.503,90.75,-0.143,-179.778,-7.14,-12.13,-127.633,-95.168,-84.697,50.086,-0.269,4.661,1.808,0.544,0.46,-3.952,0.04,14.1,7.01,0.08,0.34,-1.23,-0.933,8.649,4.315,1.294,0.4,-2.441,
2026-01-26 06:00:38.670,place_to_retreat_unloader,-644.616,213.508,1435.187,90.771,-0.778,-179.933,-7.293,-10.376,-126.835,-94.917,-84.453,48.165,-0.585,7.881,3.352,1.035,0.955,-7.765,0.15,13.86,7.21,0.15,0.6,-2.03,-1.396,13.592,6.652,2.105,1.953,-14.797,
2026-01-26 06:00:38.774,place_to_retreat_unloader,-642.388,214.874,1460.142,90.831,-0.817,179.982,-7.436,-8.747,-126.093,-94.683,-84.171,45.83,-0.794,9.983,4.368,1.363,1.421,-11.662,0.17,13.7,7.42,0.27,0.84,-2.75,-1.145,10.979,5.42,1.733,2.136,-17.465,
2026-01-26 06:00:38.876,place_to_retreat_unloader,-639.492,216.015,1483.487,90.893,-0.658,179.933,-7.568,-7.235,-125.404,-94.464,-83.894,43.464,-0.926,11.268,4.998,1.568,1.758,-14.66,0.11,13.3,7.48,0.05,0.97,-3.23,-0.928,8.715,4.348,1.399,1.873,-16.021,
2026-01-26 06:00:38.979,place_to_retreat_unloader,-636.065,216.959,1505.301,90.949,-0.445,179.905,-7.69,-5.831,-124.765,-94.261,-83.633,41.202,-1.001,11.961,5.347,1.684,1.97,-16.65,0.06,12.96,7.61,0.21,1.07,-3.62,-0.741,6.76,3.421,1.105,1.523,-13.382,
2026-01-26 06:00:39.083,place_to_retreat_unloader,-632.06,217.76,1526.508,90.997,-0.222,179.892,-7.809,-4.473,-124.146,-94.064,-83.381,38.997,-1.047,12.366,5.557,1.755,2.109,-18.001,0.18,12.55,7.91,0.24,1.09,-3.78,-0.627,5.624,2.869,0.929,1.289,-11.481,
2026-01-26 06:00:39.184,place_to_retreat_unloader,-628.11,218.352,1544.623,91.033,-0.033,179.891,-7.91,-3.317,-123.62,-93.897,-83.167,37.12,-1.037,12.163,5.483,1.734,2.117,-18.192,0.17,12.05,8.04,0.21,1.22,-3.95,-0.387,3.038,1.66,0.543,0.778,-7.041,
2026-01-26 06:00:39.285,place_to_retreat_unloader,-623.788,218.844,1562.281,91.063,0.144,179.897,-8.008,-2.194,-123.108,-93.734,-82.959,35.303,-1.023,11.931,5.392,1.707,2.107,-18.188,0.21,11.48,8.29,0.14,1.18,-3.91,-0.32,2.412,1.348,0.442,0.633,-5.75,
2026-01-26 06:00:39.386,place_to_retreat_unloader,-619.54,219.211,1578.014,91.084,0.293,179.909,-8.095,-1.194,-122.653,-93.59,-82.775,33.694,-0.985,11.446,5.182,1.642,2.04,-17.663,0.17,11.18,8.39,0.28,1.16,-3.87,-0.18,0.929,0.647,0.218,0.332,-3.088,
2026-01-26 06:00:39.487,place_to_retreat_unloader,-615.044,219.501,1593.325,91.1,0.429,179.925,-8.18,-0.223,-122.211,-93.449,-82.597,32.138,-0.951,11.013,4.992,1.583,1.974,-17.137,0.1,10.8,8.67,0.13,1.14,-3.91,-0.138,0.557,0.456,0.155,0.24,-2.248,
2026-01-26 06:00:39.592,place_to_retreat_unloader,-610.546,219.71,1607.546,91.111,0.548,179.945,-8.258,0.679,-121.8,-93.319,-82.433,30.702,-0.91,10.514,4.771,1.513,1.892,-16.444,0.16,10.39,8.75,0.21,1.03,-3.64,-0.063,-0.194,0.093,0.039,0.081,-0.827,
2026-01-26 06:00:39.695,place_to_retreat_unloader,-605.895,219.856,1621.299,91.117,0.654,179.968,-8.334,1.551,-121.403,-93.193,-82.275,29.321,-0.873,10.066,4.571,1.45,1.815,-15.785,0.12,10.07,8.83,0.17,1.1,-3.52,-0.031,-0.471,-0.051,-0.008,0.012,-0.192,
2026-01-26 06:00:39.796,place_to_retreat_unloader,-601.705,219.935,1632.997,91.119,0.737,179.99,-8.399,2.293,-121.065,-93.086,-82.14,28.152,-0.817,9.405,4.274,1.356,1.696,-14.76,0.14,9.64,9.0,0.19,0.99,-3.37,0.085,-1.723,-0.638,-0.196,-0.231,1.953,
2026-01-26 06:00:39.895,place_to_retreat_unloader,-597.425,219.971,1644.36,91.118,0.812,-179.986,-8.462,3.015,-120.736,-92.981,-82.011,27.023,-0.77,8.858,4.027,1.277,1.597,-13.893,0.12,9.34,9.05,0.12,0.89,-3.21,0.095,-1.758,-0.668,-0.207,-0.251,2.148,
2026-01-26 06:00:39.999,place_to_retreat_unloader,-593.448,219.969,1654.456,91.114,0.873,-179.963,-8.518,3.656,-120.444,-92.889,-81.896,26.024,-0.717,8.248,3.751,1.19,1.485,-12.917,0.08,8.87,9.21,0.18,0.89,-2.94,0.155,-2.38,-0.965,-0.301,-0.375,3.239,
2026-01-26 06:00:40.100,place_to_retreat_unloader,-589.427,219.937,1664.259,91.108,0.926,-179.94,-8.573,4.28,-120.16,-92.799,-81.784,25.059,-0.674,7.745,3.523,1.117,1.392,-12.102,0.04,8.59,9.4,0.03,0.89,-2.77,0.155,-2.321,-0.95,-0.297,-0.374,3.248,
2026-01-26 06:00:40.203,place_to_retreat_unloader,-585.557,219.878,1673.347,91.101,0.971,-179.917,-8.623,4.859,-119.896,-92.715,-81.682,24.167,-0.632,7.257,3.302,1.047,1.301,-11.304,0.11,8.28,9.47,0.06,0.84,-2.68,0.179,-2.535,-1.059,-0.333,-0.421,3.667,
2026-01-26 06:00:40.304,place_to_retreat_unloader,-581.688,219.795,1682.124,91.091,1.009,-179.893,-8.672,5.42,-119.641,-92.634,-81.583,23.311,-0.596,6.843,3.114,0.987,1.223,-10.62,0.09,8.09,9.51,0.17,0.73,-2.47,0.177,-2.472,-1.039,-0.327,-0.417,3.644,
2026-01-26 06:00:40.406,place_to_retreat_unloader,-578.148,219.7,1689.906,91.081,1.038,-179.872,-8.716,5.917,-119.414,-92.562,-81.495,22.554,-0.556,6.376,2.902,0.92,1.136,-9.856,0.1,7.76,9.65,0.12,0.66,-2.33,0.214,-2.851,-1.221,-0.385,-0.49,4.282,
2026-01-26 06:00:40.510,place_to_retreat_unloader,-574.632,219.589,1697.421,91.069,1.062,-179.85,-8.758,6.398,-119.195,-92.493,-81.411,21.827,-0.522,5.985,2.725,0.863,1.063,-9.211,0.13,7.43,9.57,0.16,0.6,-2.23,0.207,-2.729,-1.173,-0.37,-0.474,4.146,
2026-01-26 06:00:40.614,place_to_retreat_unloader,-571.296,219.468,1704.363,91.057,1.08,-179.83,-8.796,6.844,-118.993,-92.429,-81.333,21.158,-0.489,5.602,2.55,0.808,0.991,-8.58,0.05,7.3,9.72,0.15,0.56,-1.99,0.218,-2.815,-1.219,-0.385,-0.493,4.315,
2026-01-26 06:00:40.716,place_to_retreat_unloader,-568.267,219.346,1710.519,91.045,1.093,-179.812,-8.831,7.239,-118.812,-92.372,-81.265,20.567,-0.453,5.191,2.363,0.748,0.915,-7.912,0.04,6.94,9.74,0.08,0.55,-1.85,0.239,-3.031,-1.324,-0.419,-0.534,4.666,
2026-01-26 06:00:40.818,place_to_retreat_unloader,-565.4,219.221,1716.225,91.033,1.101,-179.795,-8.863,7.607,-118.645,-92.319,-81.201,20.022,-0.42,4.811,2.19,0.693,0.844,-7.297,0.05,6.79,9.78,0.04,0.54,-1.75,0.24,-3.012,-1.321,-0.418,-0.533,4.654,
2026-01-26 06:00:40.920,place_to_retreat_unloader,-562.69,219.095,1721.513,91.021,1.106,-179.778,-8.893,7.947,-118.49,-92.27,-81.143,19.519,-0.389,4.461,2.031,0.643,0.78,-6.731,0.08,6.6,9.86,0.06,0.45,-1.63,0.239,-2.974,-1.308,-0.414,-0.527,4.609,
2026-01-26 06:00:41.023,place_to_retreat_unloader,-560.133,218.969,1726.415,91.009,1.108,-179.763,-8.92,8.264,-118.346,-92.225,-81.089,19.054,-0.361,4.137,1.883,0.596,0.72,-6.209,0.13,6.48,9.83,0.06,0.46,-1.48,0.236,-2.92,-1.289,-0.408,-0.519,4.536,
2026-01-26 06:00:41.125,place_to_retreat_unloader,-557.622,218.838,1731.149,90.997,1.108,-179.748,-8.947,8.57,-118.206,-92.181,-81.037,18.608,-0.338,3.868,1.761,0.557,0.67,-5.773,0.05,6.28,9.88,0.06,0.42,-1.38,0.222,-2.732,-1.207,-0.382,-0.487,4.261,
2026-01-26 06:00:41.227,place_to_retreat_unloader,-555.361,218.715,1735.347,90.985,1.105,-179.735,-8.971,8.842,-118.083,-92.141,-80.991,18.213,-0.313,3.581,1.63,0.515,0.618,-5.316,0.0,6.12,10.06,0.05,0.36,-1.26,0.23,-2.801,-1.242,-0.393,-0.499,4.358,
2026-01-26 06:00:41.330,place_to_retreat_unloader,-553.146,218.59,1739.402,90.973,1.099,-179.723,-8.994,9.105,-117.963,-92.104,-80.946,17.834,-0.292,3.343,1.522,0.481,0.574,-4.934,-0.06,5.97,9.94,0.08,0.3,-1.16,0.214,-2.61,-1.159,-0.367,-0.466,4.074,
2026-01-26 06:00:41.433,place_to_retreat_unloader,-551.155,218.473,1742.999,90.963,1.093,-179.711,-9.014,9.338,-117.857,-92.07,-80.907,17.5,-0.27,3.091,1.407,0.445,0.529,-4.538,0.0,5.78,9.99,0.04,0.35,-1.14,0.219,-2.643,-1.177,-0.373,-0.471,4.11,
2026-01-26 06:00:41.535,place_to_retreat_unloader,-549.366,218.366,1746.194,90.953,1.085,-179.701,-9.032,9.546,-117.762,-92.04,-80.872,17.204,-0.248,2.838,1.292,0.408,0.483,-4.143,0.04,5.66,10.03,-0.05,0.31,-0.93,0.219,-2.637,-1.177,-0.373,-0.469,4.086,
2026-01-26 06:00:41.636,place_to_retreat_unloader,-547.61,218.257,1749.296,90.943,1.076,-179.691,-9.05,9.748,-117.67,-92.011,-80.839,16.917,-0.23,2.633,1.199,0.378,0.446,-3.823,0.03,5.47,10.12,-0.12,0.34,-1.02,0.202,-2.431,-1.085,-0.344,-0.433,3.776,
2026-01-26 06:00:41.739,place_to_retreat_unloader,-546.035,218.158,1752.052,90.934,1.067,-179.683,-9.066,9.928,-117.588,-91.986,-80.809,16.664,-0.212,2.424,1.104,0.348,0.409,-3.5,0.05,5.38,10.06,-0.01,0.27,-0.91,0.202,-2.411,-1.078,-0.342,-0.428,3.73,
2026-01-26 06:00:41.839,place_to_retreat_unloader,-544.492,218.058,1754.729,90.924,1.057,-179.674,-9.081,10.102,-117.509,-91.961,-80.78,16.42,-0.197,2.255,1.027,0.324,0.379,-3.236,0.1,5.33,10.16,0.02,0.28,-0.83,0.186,-2.22,-0.993,-0.315,-0.395,3.441,waypoint
2026-01-26 06:00:41.941,retreat_unloader_to_end,-540.929,222.999,1754.537,94.431,0.538,178.69,-9.626,10.199,-116.996,-88.135,-80.826,15.776,-1.509,1.932,2.051,9.807,0.168,-4.036,-0.11,5.19,10.11,1.49,0.05,-1.35,-5.127,-2.782,3.436,37.722,-1.106,-0.891,
2026-01-26 06:00:42.043,retreat_unloader_to_end,-535.682,229.784,1752.543,100.489,0.93,176.05,-10.504,10.272,-116.184,-81.576,-81.097,13.713,-3.328,1.631,3.568,23.752,-0.549,-8.185,-0.08,5.11,10.27,2.52,-0.33,-2.09,-7.953,-2.736,6.084,61.28,-3.236,-14.999,
2026-01-26 06:00:42.145,retreat_unloader_to_end,-531.284,234.472,1750.906,105.935,1.978,174.096,-11.284,10.337,-115.463,-75.746,-81.414,11.31,-4.446,1.386,4.48,32.389,-1.206,-12.146,-0.21,4.93,10.23,3.16,-0.75,-2.74,-6.17,-2.544,4.576,47.867,-3.384,-16.899,
2026-01-26 06:00:42.247,retreat_unloader_to_end,-527.573,237.739,1749.587,111.058,3.194,172.701,-12.008,10.397,-114.792,-70.333,-81.73,8.883,-5.144,1.19,5.036,37.825,-1.695,-15.177,-0.23,4.99,10.25,3.66,-0.87,-3.33,-4.993,-2.336,3.604,38.915,-3.032,-15.449,
2026-01-26 06:00:42.352,retreat_unloader_to_end,-524.399,239.95,1748.586,116.081,4.424,171.748,-12.708,10.455,-114.144,-65.097,-82.042,6.467,-5.608,1.038,5.398,41.459,-2.05,-17.422,-0.15,4.89,10.32,4.06,-1.04,-3.68,-4.257,-2.122,3.025,33.247,-2.683,-13.791,
2026-01-26 06:00:42.454,retreat_unloader_to_end,-521.957,241.173,1747.993,120.601,5.48,171.223,-13.33,10.507,-113.568,-60.446,-82.319,4.305,-5.761,0.908,5.489,42.72,-2.231,-18.472,-0.1,4.79,10.42,4.11,-1.26,-3.87,-3.049,-1.975,1.999,24.067,-2.074,-9.874,
2026-01-26 06:00:42.557,retreat_unloader_to_end,-519.953,241.733,1747.746,125.026,6.416,170.991,-13.932,10.557,-113.011,-55.949,-82.587,2.216,-5.825,0.806,5.509,43.283,-2.343,-19.078,-0.15,4.78,10.44,3.96,-1.24,-4.07,-2.541,-1.795,1.61,20.13,-1.769,-8.162,
2026-01-26 06:00:42.661,retreat_unloader_to_end,-518.479,241.749,1747.839,128.998,7.146,171.001,-14.466,10.601,-112.516,-51.955,-82.824,0.367,-5.705,0.716,5.369,42.448,-2.349,-18.93,-0.14,4.73,10.35,4.0,-1.34,-4.04,-1.615,-1.671,0.826,13.085,-1.283,-4.938,
2026-01-26 06:00:42.763,retreat_unloader_to_end,-517.331,241.363,1748.244,132.872,7.738,171.19,-14.983,10.644,-112.037,-48.092,-83.052,-1.412,-5.571,0.644,5.223,41.493,-2.332,-18.645,-0.15,4.72,10.44,3.9,-1.3,-3.95,-1.279,-1.519,0.581,10.462,-1.066,-3.746,
2026-01-26 06:00:42.865,retreat_unloader_to_end,-516.542,240.713,1748.888,136.337,8.155,171.496,-15.442,10.683,-111.612,-44.662,-83.253,-2.983,-5.326,0.579,4.98,39.696,-2.252,-17.912,-0.18,4.69,10.57,3.77,-1.28,-3.88,-0.574,-1.415,-0.012,5.094,-0.695,-1.294,
2026-01-26 06:00:42.964,retreat_unloader_to_end,-516.004,239.871,1749.746,139.569,8.438,171.885,-15.868,10.718,-111.218,-41.477,-83.44,-4.433,-5.061,0.522,4.722,37.733,-2.155,-17.059,-0.15,4.62,10.47,3.57,-1.3,-3.72,-0.188,-1.301,-0.315,2.124,-0.472,0.045,
2026-01-26 06:00:43.066,retreat_unloader_to_end,-515.658,238.854,1750.828,142.704,8.61,172.348,-16.281,10.752,-110.836,-38.398,-83.619,-5.828,-4.826,0.478,4.496,35.998,-2.064,-16.28,-0.14,4.63,10.54,3.28,-1.15,-3.63,-0.03,-1.182,-0.414,0.862,-0.355,0.599,
2026-01-26 06:00:43.170,retreat_unloader_to_end,-515.489,237.75,1752.062,145.608,8.672,172.843,-16.663,10.784,-110.483,-35.549,-83.784,-7.11,-4.574,0.437,4.255,34.122,-1.96,-15.417,-0.18,4.67,10.59,3.06,-1.1,-3.38,0.281,-1.09,-0.657,-1.526,-0.177,1.658,
2026-01-26 06:00:43.272,retreat_unloader_to_end,-515.46,236.6,1753.413,148.295,8.643,173.352,-17.016,10.813,-110.156,-32.912,-83.935,-8.29,-4.314,0.401,4.008,32.183,-1.85,-14.511,-0.15,4.66,10.58,2.85,-1.09,-3.2,0.537,-1.005,-0.855,-3.503,-0.028,2.522,
2026-01-26 06:00:43.373,retreat_unloader_to_end,-515.533,235.485,1754.787,150.678,8.544,173.838,-17.33,10.839,-109.866,-30.571,-84.07,-9.331,-4.02,0.366,3.732,29.99,-1.723,-13.487,-0.1,4.7,10.52,2.74,-0.99,-3.12,0.878,-0.937,-1.135,-6.102,0.151,3.651,
2026-01-26 06:00:43.475,retreat_unloader_to_end,-515.69,234.329,1756.277,152.977,8.381,174.334,-17.633,10.865,-109.585,-28.306,-84.199,-10.332,-3.773,0.338,3.501,28.154,-1.615,-12.618,-0.11,4.59,10.61,2.41,-0.97,-2.82,0.893,-0.852,-1.117,-6.263,0.186,3.687,
2026-01-26 06:00:43.578,retreat_unloader_to_end,-515.9,233.245,1757.737,155.011,8.179,174.792,-17.903,10.887,-109.336,-26.295,-84.313,-11.216,-3.504,0.309,3.249,26.143,-1.496,-11.674,-0.18,4.47,10.57,2.18,-0.91,-2.77,1.143,-0.795,-1.32,-8.17,0.318,4.491,
2026-01-26 06:00:43.679,retreat_unloader_to_end,-516.15,232.194,1759.209,156.892,7.944,175.228,-18.153,10.908,-109.104,-24.429,-84.418,-12.032,-3.254,0.284,3.015,24.274,-1.386,-10.795,-0.11,4.69,10.43,1.94,-0.84,-2.53,1.221,-0.731,-1.366,-8.796,0.373,4.723,
2026-01-26 06:00:43.781,retreat_unloader_to_end,-516.443,231.14,1760.742,158.703,7.672,175.658,-18.395,10.928,-108.88,-22.624,-84.52,-12.817,-3.045,0.263,2.821,22.718,-1.293,-10.057,-0.15,4.71,10.55,1.76,-0.82,-2.32,1.181,-0.665,-1.306,-8.531,0.375,4.566,
2026-01-26 06:00:43.885,retreat_unloader_to_end,-516.743,230.177,1762.195,160.303,7.393,176.044,-18.61,10.946,-108.681,-21.02,-84.609,-13.509,-2.822,0.242,2.613,21.047,-1.194,-9.275,-0.19,4.64,10.56,1.64,-0.73,-2.12,1.334,-0.621,-1.426,-9.698,0.456,5.027,
2026-01-26 06:00:43.988,retreat_unloader_to_end,-517.054,229.261,1763.623,161.781,7.103,176.405,-18.81,10.962,-108.497,-19.532,-84.692,-14.149,-2.615,0.223,2.421,19.506,-1.102,-8.554,-0.07,4.56,10.42,1.33,-0.67,-1.96,1.354,-0.572,-1.426,-9.878,0.479,5.058,
2026-01-26 06:00:44.096,retreat_unloader_to_end,-517.37,228.396,1765.016,163.146,6.806,176.74,-18.995,10.978,-108.326,-18.151,-84.769,-14.739,-2.425,0.206,2.244,18.083,-1.018,-7.89,0.04,4.48,10.49,1.15,-0.61,-1.9,1.362,-0.526,-1.415,-9.958,0.494,5.045,
2026-01-26 06:00:44.200,retreat_unloader_to_end,-517.672,227.613,1766.31,164.353,6.52,177.037,-19.16,10.991,-108.173,-16.922,-84.836,-15.26,-2.231,0.188,2.064,16.633,-0.933,-7.222,-0.16,4.68,10.59,1.07,-0.56,-1.66,1.431,-0.491,-1.463,-10.491,0.532,5.223,
2026-01-26 06:00:44.306,retreat_unloader_to_end,-517.998,226.811,1767.676,165.57,6.21,177.336,-19.327,11.005,-108.019,-15.678,-84.905,-15.786,-2.09,0.176,1.933,15.585,-0.87,-6.73,-0.08,4.61,10.47,0.87,-0.49,-1.68,1.266,-0.44,-1.298,-9.286,0.474,4.665,
2026-01-26 06:00:44.411,retreat_unloader_to_end,-518.277,226.152,1768.826,166.555,5.942,177.578,-19.463,11.016,-107.894,-14.666,-84.96,-16.211,-1.907,0.16,1.764,14.219,-0.791,-6.11,-0.08,4.6,10.58,0.81,-0.49,-1.43,1.451,-0.422,-1.456,-10.678,0.556,5.202,
2026-01-26 06:00:44.513,retreat_unloader_to_end,-518.549,225.531,1769.935,167.471,5.679,177.802,-19.59,11.027,-107.776,-13.72,-85.011,-16.605,-1.748,0.146,1.616,13.028,-0.722,-5.57,-0.19,4.61,10.42,0.63,-0.4,-1.44,1.395,-0.387,-1.393,-10.276,0.539,4.982,
2026-01-26 06:00:44.613,retreat_unloader_to_end,-518.813,224.947,1770.999,168.323,5.422,178.009,-19.708,11.037,-107.667,-12.837,-85.059,-16.973,-1.607,0.134,1.486,11.98,-0.661,-5.095,-0.11,4.55,10.37,0.53,-0.41,-1.3,1.339,-0.355,-1.33,-9.869,0.521,4.762,
2026-01-26 06:00:44.717,retreat_unloader_to_end,-519.091,224.348,1772.113,169.188,5.15,178.218,-19.829,11.047,-107.555,-11.936,-85.108,-17.345,-1.508,0.126,1.394,11.237,-0.617,-4.752,-0.12,4.57,10.48,0.45,-0.36,-1.2,1.181,-0.318,-1.175,-8.706,0.462,4.233,
2026-01-26 06:00:44.821,retreat_unloader_to_end,-519.357,223.789,1773.174,169.988,4.887,178.41,-19.941,11.056,-107.451,-11.1,-85.152,-17.689,-1.412,0.118,1.305,10.519,-0.575,-4.423,-0.17,4.59,10.39,0.42,-0.36,-1.11,1.15,-0.293,-1.138,-8.482,0.453,4.097,
2026-01-26 06:00:44.924,retreat_unloader_to_end,-519.59,223.312,1774.096,170.665,4.657,178.57,-20.037,11.064,-107.363,-10.388,-85.19,-17.979,-1.298,0.108,1.199,9.667,-0.526,-4.044,-0.05,4.55,10.46,0.17,-0.37,-0.98,1.203,-0.278,-1.18,-8.886,0.476,4.218,
2026-01-26 06:00:45.025,retreat_unloader_to_end,-519.812,222.865,1774.973,171.296,4.435,178.718,-20.126,11.072,-107.281,-9.724,-85.226,-18.249,-1.196,0.1,1.105,8.912,-0.483,-3.708,-0.17,4.62,10.41,0.28,-0.27,-0.91,1.145,-0.255,-1.12,-8.465,0.455,4.001,
2026-01-26 06:00:45.125,retreat_unloader_to_end,-520.003,222.485,1775.73,171.828,4.243,178.842,-20.202,11.078,-107.211,-9.161,-85.255,-18.477,-1.087,0.09,1.004,8.092,-0.437,-3.351,-0.08,4.58,10.43,0.17,-0.23,-0.82,1.166,-0.241,-1.133,-8.628,0.464,4.023,
2026-01-26 06:00:45.228,retreat_unloader_to_end,-520.187,222.128,1776.453,172.328,4.058,178.957,-20.273,11.084,-107.145,-8.631,-85.283,-18.691,-0.993,0.083,0.917,7.394,-0.397,-3.046,-0.03,4.6,10.35,-0.02,-0.24,-0.84,1.095,-0.221,-1.061,-8.102,0.437,3.767,
2026-01-26 06:00:45.328,retreat_unloader_to_end,-520.37,221.774,1777.177,172.82,3.872,179.07,-20.343,11.09,-107.08,-8.107,-85.311,-18.9,-0.921,0.077,0.85,6.854,-0.367,-2.809,-0.14,4.62,10.35,0.05,-0.17,-0.78,0.993,-0.199,-0.963,-7.354,0.398,3.425,
2026-01-26 06:00:45.430,retreat_unloader_to_end,-520.545,221.442,1777.864,173.28,3.694,179.173,-20.409,11.095,-107.019,-7.616,-85.337,-19.096,-0.855,0.071,0.79,6.368,-0.339,-2.596,-0.01,4.49,10.41,-0.11,-0.27,-0.65,0.938,-0.183,-0.907,-6.946,0.376,3.224,
2026-01-26 06:00:45.534,retreat_unloader_to_end,-520.703,221.145,1778.485,173.689,3.533,179.265,-20.468,11.1,-106.965,-7.179,-85.359,-19.27,-0.789,0.066,0.728,5.87,-0.311,-2.381,-0.12,4.53,10.35,-0.06,-0.28,-0.61,0.916,-0.171,-0.882,-6.782,0.367,3.122,
2026-01-26 06:00:45.637,retreat_unloader_to_end,-520.868,220.838,1779.136,174.112,3.364,179.358,-20.529,11.105,-106.909,-6.725,-85.383,-19.449,-0.744,0.062,0.687,5.536,-0.292,-2.233,-0.07,4.56,10.33,-0.29,-0.23,-0.56,0.803,-0.152,-0.775,-5.947,0.323,2.756,
2026-01-26 06:00:45.739,retreat_unloader_to_end,-521.01,220.577,1779.694,174.47,3.218,179.436,-20.581,11.109,-106.861,-6.34,-85.403,-19.6,-0.687,0.057,0.634,5.114,-0.269,-2.053,-0.07,4.5,10.43,-0.21,-0.22,-0.61,0.815,-0.144,-0.783,-6.041,0.328,2.76,
2026-01-26 06:00:45.838,retreat_unloader_to_end,-521.151,220.32,1780.25,174.822,3.072,179.512,-20.632,11.114,-106.814,-5.96,-85.422,-19.748,-0.643,0.053,0.594,4.785,-0.25,-1.911,-0.0,4.57,10.47,-0.34,-0.22,-0.6,0.74,-0.13,-0.71,-5.482,0.298,2.509,
2026-01-26 06:00:45.943,retreat_unloader_to_end,-521.292,220.067,1780.802,175.168,2.927,179.585,-20.682,11.118,-106.768,-5.587,-85.441,-19.893,-0.608,0.05,0.561,4.523,-0.236,-1.796,-0.07,4.56,10.35,-0.28,-0.18,-0.46,0.674,-0.118,-0.647,-5.0,0.272,2.291,
2026-01-26 06:00:46.047,retreat_unloader_to_end,-521.424,219.83,1781.323,175.491,2.79,179.653,-20.729,11.122,-106.724,-5.238,-85.459,-20.028,-0.573,0.048,0.529,4.264,-0.221,-1.685,-0.07,4.58,10.33,-0.33,-0.25,-0.48,0.64,-0.109,-0.613,-4.746,0.258,2.165,
2026-01-26 06:00:46.151,retreat_unloader_to_end,-521.542,219.62,1781.79,175.777,2.667,179.712,-20.771,11.125,-106.686,-4.927,-85.475,-20.148,-0.534,0.044,0.493,3.975,-0.205,-1.563,-0.02,4.64,10.38,-0.4,-0.18,-0.46,0.627,-0.102,-0.599,-4.65,0.253,2.101,
2026-01-26 06:00:46.257,retreat_unloader_to_end,-521.61,219.5,1782.058,175.94,2.596,179.746,-20.795,11.127,-106.664,-4.75,-85.484,-20.216,-0.46,0.038,0.425,3.424,-0.176,-1.342,0.07,4.54,10.35,-0.49,-0.09,-0.45,0.744,-0.107,-0.705,-5.524,0.296,2.409,
2026-01-26 06:00:46.362,retreat_unloader_to_end,-521.665,219.403,1782.275,176.071,2.539,179.772,-20.814,11.129,-106.646,-4.608,-85.491,-20.27,-0.393,0.033,0.363,2.924,-0.15,-1.142,-0.05,4.59,10.33,-0.56,-0.01,-0.35,0.716,-0.1,-0.677,-5.318,0.284,2.302,
2026-01-26 06:00:46.465,retreat_unloader_to_end,-521.744,219.265,1782.588,176.26,2.456,179.81,-20.841,11.131,-106.621,-4.402,-85.501,-20.349,-0.364,0.03,0.336,2.706,-0.139,-1.052,0.05,4.59,10.38,-0.47,-0.1,-0.24,0.56,-0.083,-0.532,-4.159,0.224,1.835,
2026-01-26 06:00:46.567,retreat_unloader_to_end,-521.84,219.098,1782.965,176.486,2.356,179.856,-20.875,11.134,-106.59,-4.156,-85.514,-20.442,-0.356,0.03,0.328,2.645,-0.135,-1.023,-0.02,4.58,10.35,-0.57,-0.18,-0.3,0.449,-0.07,-0.428,-3.335,0.181,1.5,
2026-01-26 06:00:46.669,retreat_unloader_to_end,-521.935,218.934,1783.34,176.708,2.256,179.899,-20.907,11.136,-106.56,-3.913,-85.526,-20.534,-0.348,0.029,0.321,2.591,-0.131,-0.997,-0.04,4.57,10.31,-0.57,-0.11,-0.29,0.408,-0.064,-0.389,-3.03,0.165,1.365,
2026-01-26 06:00:46.770,retreat_unloader_to_end,-522.025,218.78,1783.693,176.917,2.162,179.94,-20.938,11.139,-106.532,-3.685,-85.537,-20.619,-0.338,0.028,0.312,2.513,-0.127,-0.962,-0.12,4.56,10.35,-0.6,-0.1,-0.26,0.388,-0.059,-0.369,-2.879,0.157,1.29,
2026-01-26 06:00:46.871,retreat_unloader_to_end,-522.109,218.635,1784.027,177.112,2.073,179.978,-20.967,11.141,-106.505,-3.472,-85.548,-20.699,-0.325,0.027,0.3,2.419,-0.122,-0.921,0.02,4.47,10.41,-0.59,-0.11,-0.17,0.368,-0.055,-0.35,-2.734,0.149,1.219,
2026-01-26 06:00:46.973,retreat_unloader_to_end,-522.184,218.507,1784.325,177.286,1.993,-179.989,-20.992,11.143,-106.482,-3.281,-85.557,-20.77,-0.308,0.026,0.284,2.29,-0.115,-0.868,0.06,4.59,10.35,-0.61,-0.06,-0.18,0.363,-0.052,-0.343,-2.692,0.146,1.187,waypoint
2026-01-26 06:00:47.076,home_end,-522.263,218.374,1784.636,177.466,1.91,-179.956,-21.019,11.146,-106.457,-3.084,-85.567,-20.843,-0.297,0.025,0.274,2.211,-0.11,-0.834,0.06,4.63,10.44,-0.61,-0.14,-0.31,0.317,-0.046,-0.3,-2.354,0.128,1.046,
2026-01-26 06:00:47.178,home_end,-522.34,218.244,1784.941,177.641,1.829,-179.923,-21.045,11.148,-106.433,-2.891,-85.576,-20.914,-0.288,0.024,0.266,2.141,-0.106,-0.803,-0.03,4.63,10.37,-0.59,-0.1,-0.31,0.291,-0.042,-0.276,-2.164,0.118,0.962,
2026-01-26 06:00:47.282,home_end,-522.412,218.123,1785.226,177.805,1.752,-179.894,-21.069,11.15,-106.411,-2.711,-85.585,-20.98,-0.276,0.023,0.255,2.055,-0.102,-0.767,0.05,4.56,10.31,-0.69,-0.15,-0.22,0.28,-0.039,-0.265,-2.08,0.113,0.918,
2026-01-26 06:00:47.391,home_end,-522.464,218.035,1785.434,177.923,1.697,-179.872,-21.087,11.151,-106.395,-2.581,-85.591,-21.028,-0.251,0.021,0.232,1.867,-0.092,-0.694,-0.02,4.6,10.34,-0.76,-0.13,-0.2,0.318,-0.041,-0.299,-2.365,0.126,1.01,
2026-01-26 06:00:47.493,home_end,-522.511,217.957,1785.62,178.028,1.647,-179.854,-21.102,11.153,-106.38,-2.465,-85.597,-21.07,-0.228,0.019,0.21,1.691,-0.083,-0.626,-0.0,4.54,10.37,-0.63,-0.05,-0.2,0.305,-0.038,-0.287,-2.269,0.12,0.961,
2026-01-26 06:00:47.598,home_end,-522.57,217.86,1785.85,178.159,1.585,-179.831,-21.122,11.154,-106.363,-2.321,-85.604,-21.122,-0.219,0.018,0.202,1.627,-0.08,-0.599,-0.02,4.57,10.43,-0.77,0.08,-0.09,0.238,-0.031,-0.224,-1.767,0.095,0.768,
2026-01-26 06:00:47.699,home_end,-522.627,217.766,1786.076,178.286,1.524,-179.809,-21.14,11.156,-106.345,-2.181,-85.611,-21.172,-0.212,0.018,0.195,1.572,-0.077,-0.576,-0.19,4.55,10.35,-0.76,-0.06,-0.24,0.219,-0.028,-0.206,-1.623,0.088,0.706,
2026-01-26 06:00:47.802,home_end,-522.675,217.685,1786.269,178.394,1.473,-179.791,-21.157,11.157,-106.33,-2.061,-85.616,-21.215,-0.199,0.017,0.183,1.477,-0.072,-0.538,-0.09,4.63,10.25,-0.79,-0.1,-0.16,0.225,-0.028,-0.211,-1.673,0.089,0.713,
2026-01-26 06:00:47.903,home_end,-522.723,217.607,1786.459,178.5,1.422,-179.773,-21.172,11.158,-106.316,-1.944,-85.622,-21.257,-0.189,0.016,0.174,1.401,-0.068,-0.508,-0.0,4.55,10.33,-0.75,-0.14,-0.12,0.205,-0.025,-0.193,-1.526,0.082,0.652,
2026-01-26 06:00:48.007,home_end,-522.764,217.54,1786.62,178.59,1.378,-179.758,-21.186,11.16,-106.303,-1.845,-85.627,-21.292,-0.175,0.015,0.161,1.299,-0.062,-0.469,-0.05,4.57,10.35,-0.76,-0.02,-0.21,0.209,-0.025,-0.196,-1.552,0.082,0.652,
2026-01-26 06:00:48.108,home_end,-522.806,217.471,1786.787,178.683,1.333,-179.743,-21.2,11.161,-106.291,-1.742,-85.631,-21.328,-0.166,0.014,0.153,1.232,-0.059,-0.442,-0.04,4.52,10.37,-0.87,-0.1,-0.11,0.183,-0.022,-0.172,-1.361,0.072,0.576,
2026-01-26 06:00:48.210,home_end,-522.846,217.407,1786.944,178.77,1.291,-179.729,-21.213,11.162,-106.279,-1.646,-85.636,-21.362,-0.157,0.013,0.144,1.164,-0.056,-0.416,-0.07,4.62,10.27,-0.75,0.03,-0.1,0.174,-0.021,-0.163,-1.292,0.069,0.544,
2026-01-26 06:00:48.312,home_end,-522.881,217.349,1787.084,178.847,1.253,-179.716,-21.224,11.163,-106.268,-1.56,-85.64,-21.392,-0.146,0.012,0.135,1.088,-0.052,-0.387,0.03,4.52,10.32,-0.76,-0.02,-0.24,0.171,-0.02,-0.16,-1.268,0.067,0.527,
2026-01-26 06:00:48.415,home_end,-522.917,217.29,1787.229,178.927,1.215,-179.704,-21.236,11.164,-106.257,-1.472,-85.644,-21.422,-0.14,0.012,0.129,1.036,-0.049,-0.366,-0.04,4.67,10.37,-0.85,-0.05,-0.07,0.15,-0.017,-0.141,-1.117,0.059,0.468,
2026-01-26 06:00:48.515,home_end,-522.953,217.233,1787.369,179.004,1.177,-179.692,-21.248,11.165,-106.247,-1.386,-85.648,-21.452,-0.134,0.011,0.123,0.991,-0.047,-0.349,-0.0,4.52,10.33,-0.8,-0.0,-0.13,0.139,-0.016,-0.13,-1.03,0.055,0.431,
2026-01-26 06:00:48.617,home_end,-522.984,217.182,1787.494,179.072,1.143,-179.682,-21.258,11.166,-106.237,-1.31,-85.652,-21.478,-0.126,0.01,0.116,0.934,-0.044,-0.327,0.0,4.55,10.31,-0.78,0.01,-0.07,0.138,-0.015,-0.128,-1.022,0.054,0.422,
2026-01-26 06:00:48.718,home_end,-523.015,217.133,1787.616,179.139,1.11,-179.672,-21.268,11.166,-106.228,-1.236,-85.655,-21.503,-0.119,0.01,0.11,0.885,-0.041,-0.308,-0.02,4.45,10.25,-0.78,-0.02,0.01,0.127,-0.014,-0.118,-0.941,0.049,0.389,
2026-01-26 06:00:48.818,home_end,-523.041,217.091,1787.72,179.196,1.082,-179.663,-21.276,11.167,-106.22,-1.173,-85.658,-21.524,-0.111,0.009,0.102,0.821,-0.038,-0.285,0.03,4.52,10.27,-0.9,-0.0,-0.07,0.129,-0.014,-0.12,-0.958,0.05,0.389,
2026-01-26 06:00:48.922,home_end,-523.067,217.05,1787.821,179.251,1.055,-179.655,-21.285,11.168,-106.212,-1.111,-85.661,-21.545,-0.104,0.009,0.096,0.77,-0.036,-0.265,0.01,4.58,10.34,-0.92,0.0,-0.04,0.118,-0.013,-0.11,-0.876,0.046,0.356,
2026-01-26 06:00:49.027,home_end,-523.09,217.013,1787.912,179.3,1.03,-179.648,-21.292,11.168,-106.206,-1.057,-85.663,-21.564,-0.096,0.008,0.089,0.714,-0.033,-0.245,-0.01,4.57,10.28,-0.89,-0.07,0.04,0.115,-0.012,-0.107,-0.856,0.044,0.344,
2026-01-26 06:00:49.130,home_end,-523.113,216.976,1788.005,179.35,1.005,-179.641,-21.299,11.169,-106.199,-1.001,-85.666,-21.582,-0.091,0.008,0.084,0.675,-0.031,-0.23,-0.06,4.51,10.29,-0.98,0.01,-0.01,0.102,-0.011,-0.095,-0.76,0.039,0.307,
2026-01-26 06:00:49.235,home_end,-523.135,216.941,1788.09,179.397,0.982,-179.635,-21.306,11.17,-106.192,-0.949,-85.668,-21.599,-0.086,0.007,0.079,0.636,-0.029,-0.216,-0.01,4.56,10.3,-0.96,0.03,-0.11,0.097,-0.01,-0.091,-0.724,0.037,0.291,
2026-01-26 06:00:49.341,home_end,-523.152,216.915,1788.157,179.433,0.964,-179.63,-21.312,11.17,-106.187,-0.909,-85.67,-21.613,-0.078,0.006,0.072,0.577,-0.026,-0.195,0.03,4.6,10.34,-0.94,0.03,-0.14,0.104,-0.011,-0.096,-0.77,0.039,0.302,
2026-01-26 06:00:49.442,home_end,-523.168,216.89,1788.219,179.467,0.947,-179.625,-21.317,11.17,-106.183,-0.871,-85.671,-21.625,-0.071,0.006,0.065,0.527,-0.024,-0.177,0.0,4.51,10.3,-0.91,-0.01,-0.09,0.096,-0.01,-0.09,-0.717,0.036,0.28,
2026-01-26 06:00:49.544,home_end,-523.182,216.866,1788.278,179.499,0.931,-179.621,-21.322,11.171,-106.178,-0.836,-85.673,-21.637,-0.065,0.005,0.06,0.484,-0.022,-0.162,0.02,4.59,10.27,-0.92,-0.07,0.01,0.09,-0.009,-0.083,-0.667,0.034,0.26,
2026-01-26 06:00:49.646,home_end,-523.196,216.844,1788.334,179.528,0.916,-179.617,-21.326,11.171,-106.174,-0.803,-85.674,-21.647,-0.06,0.005,0.055,0.446,-0.02,-0.148,-0.0,4.62,10.35,-0.88,-0.06,-0.06,0.084,-0.008,-0.078,-0.622,0.031,0.241,
2026-01-26 06:00:49.748,home_end,-523.211,216.821,1788.391,179.559,0.901,-179.613,-21.331,11.172,-106.17,-0.768,-85.676,-21.659,-0.057,0.005,0.052,0.421,-0.019,-0.139,0.13,4.57,10.29,-1.0,0.0,-0.12,0.074,-0.007,-0.068,-0.548,0.028,0.214,
2026-01-26 06:00:49.849,home_end,-523.225,216.8,1788.445,179.588,0.886,-179.61,-21.335,11.172,-106.166,-0.736,-85.677,-21.669,-0.053,0.004,0.049,0.396,-0.018,-0.13,0.03,4.54,10.26,-0.9,0.02,-0.01,0.069,-0.007,-0.064,-0.516,0.026,0.2,
2026-01-26 06:00:49.951,home_end,-523.237,216.781,1788.492,179.614,0.873,-179.606,-21.339,11.172,-106.162,-0.707,-85.679,-21.678,-0.05,0.004,0.046,0.369,-0.016,-0.121,-0.01,4.48,10.31,-0.88,-0.02,-0.1,0.067,-0.007,-0.062,-0.499,0.025,0.192,
2026-01-26 06:00:50.053,home_end,-523.247,216.764,1788.535,179.637,0.862,-179.604,-21.343,11.173,-106.159,-0.682,-85.68,-21.686,-0.046,0.004,0.042,0.341,-0.015,-0.111,-0.03,4.53,10.22,-1.01,0.05,-0.12,0.065,-0.006,-0.06,-0.48,0.024,0.183,
2026-01-26 06:00:50.153,home_end,-523.259,216.746,1788.579,179.661,0.849,-179.601,-21.346,11.173,-106.156,-0.655,-85.681,-21.695,-0.043,0.004,0.04,0.322,-0.014,-0.104,0.06,4.61,10.23,-0.95,0.01,-0.02,0.057,-0.006,-0.053,-0.423,0.021,0.162,
2026-01-26 06:00:50.254,home_end,-523.269,216.73,1788.621,179.683,0.838,-179.598,-21.349,11.173,-106.153,-0.63,-85.682,-21.703,-0.041,0.003,0.038,0.303,-0.013,-0.098,-0.02,4.48,10.33,-0.9,-0.03,-0.05,0.054,-0.005,-0.05,-0.398,0.02,0.152,
2026-01-26 06:00:50.360,home_end,-523.28,216.713,1788.663,179.706,0.827,-179.595,-21.353,11.173,-106.15,-0.605,-85.683,-21.71,-0.039,0.003,0.036,0.291,-0.013,-0.093,0.11,4.55,10.38,-0.89,-0.03,0.02,0.048,-0.005,-0.044,-0.353,0.018,0.136,
2026-01-26 06:00:50.463,home_end,-523.289,216.699,1788.697,179.724,0.818,-179.593,-21.356,11.174,-106.147,-0.585,-85.684,-21.717,-0.036,0.003,0.033,0.269,-0.012,-0.086,-0.03,4.54,10.32,-0.97,-0.01,-0.05,0.049,-0.005,-0.046,-0.366,0.018,0.138,
2026-01-26 06:00:50.566,home_end,-523.298,216.684,1788.736,179.744,0.807,-179.591,-21.359,11.174,-106.144,-0.562,-85.685,-21.724,-0.035,0.003,0.032,0.259,-0.011,-0.082,-0.0,4.6,10.3,-0.98,-0.06,0.02,0.041,-0.004,-0.038,-0.305,0.015,0.117,
2026-01-26 06:00:50.670,home_end,-523.307,216.671,1788.77,179.763,0.798,-179.589,-21.361,11.174,-106.142,-0.541,-85.686,-21.73,-0.033,0.003,0.03,0.245,-0.011,-0.077,0.04,4.63,10.35,-0.85,-0.13,0.06,0.04,-0.004,-0.037,-0.3,0.015,0.113,
2026-01-26 06:00:50.775,home_end,-523.315,216.659,1788.8,179.779,0.79,-179.587,-21.364,11.174,-106.139,-0.523,-85.686,-21.736,-0.031,0.003,0.028,0.229,-0.01,-0.072,-0.09,4.61,10.25,-0.92,-0.04,0.03,0.039,-0.004,-0.036,-0.293,0.014,0.109,
2026-01-26 06:00:50.876,home_end,-523.322,216.648,1788.827,179.793,0.782,-179.586,-21.366,11.175,-106.137,-0.507,-85.687,-21.741,-0.029,0.002,0.026,0.212,-0.009,-0.066,-0.04,4.57,10.27,-0.81,-0.18,-0.04,0.038,-0.004,-0.035,-0.283,0.014,0.105,
2026-01-26 06:00:50.978,home_end,-523.328,216.638,1788.852,179.807,0.775,-179.584,-21.368,11.175,-106.136,-0.492,-85.688,-21.745,-0.027,0.002,0.024,0.197,-0.008,-0.061,-0.07,4.58,10.37,-0.99,-0.08,-0.06,0.036,-0.003,-0.033,-0.266,0.013,0.098,
2026-01-26 06:00:51.081,home_end,-523.334,216.63,1788.874,179.818,0.77,-179.583,-21.37,11.175,-106.134,-0.479,-85.688,-21.749,-0.024,0.002,0.022,0.18,-0.008,-0.055,-0.02,4.57,10.32,-0.94,0.01,-0.08,0.035,-0.003,-0.033,-0.262,0.013,0.095,
2026-01-26 06:00:51.183,home_end,-523.339,216.622,1788.895,179.829,0.764,-179.582,-21.372,11.175,-106.132,-0.467,-85.689,-21.753,-0.022,0.002,0.021,0.166,-0.007,-0.051,-0.03,4.6,10.36,-0.92,-0.06,-0.02,0.032,-0.003,-0.03,-0.237,0.011,0.086,
2026-01-26 06:00:51.289,home_end,-523.344,216.613,1788.917,179.841,0.758,-179.581,-21.373,11.175,-106.131,-0.454,-85.689,-21.757,-0.021,0.002,0.019,0.157,-0.007,-0.048,-0.08,4.57,10.3,-0.92,-0.0,-0.07,0.028,-0.003,-0.026,-0.21,0.01,0.077,
2026-01-26 06:00:51.394,home_end,-523.349,216.605,1788.936,179.851,0.753,-179.58,-21.375,11.175,-106.129,-0.442,-85.69,-21.76,-0.02,0.002,0.018,0.147,-0.006,-0.045,-0.05,4.55,10.33,-0.92,0.02,-0.05,0.027,-0.003,-0.025,-0.203,0.01,0.073,
2026-01-26 06:00:51.496,home_end,-523.353,216.599,1788.952,179.86,0.748,-179.579,-21.376,11.175,-106.128,-0.433,-85.69,-21.763,-0.018,0.002,0.017,0.133,-0.006,-0.04,0.11,4.53,10.31,-0.85,0.0,0.07,0.028,-0.003,-0.026,-0.205,0.01,0.073,
2026-01-26 06:00:51.821,home_end,-523.364,216.583,1788.992,179.881,0.737,-179.577,-21.379,11.176,-106.125,-0.409,-85.691,-21.77,-0.013,0.001,0.012,0.1,-0.004,-0.03,0.01,4.56,10.35,-0.92,-0.02,0.04,0.026,-0.002,-0.024,-0.196,0.009,0.067,
2026-01-26 06:00:52.232,home_end,-523.375,216.567,1789.035,179.904,0.726,-179.575,-21.383,11.176,-106.122,-0.383,-85.692,-21.777,-0.01,0.001,0.009,0.074,-0.003,-0.022,-0.01,4.52,10.35,-0.95,0.03,-0.02,0.017,-0.002,-0.016,-0.129,0.006,0.044,
2026-01-26 06:00:52.649,home_end,-523.383,216.554,1789.067,179.921,0.717,-179.574,-21.385,11.176,-106.12,-0.364,-85.693,-21.783,-0.007,0.001,0.007,0.055,-0.002,-0.016,0.02,4.51,10.3,-0.91,0.1,-0.06,0.014,-0.001,-0.013,-0.103,0.005,0.034,
2026-01-26 06:00:53.072,home_end,-523.387,216.548,1789.082,179.929,0.713,-179.573,-21.387,11.176,-106.119,-0.355,-85.693,-21.786,-0.005,0.0,0.004,0.034,-0.001,-0.01,-0.09,4.53,10.36,-0.9,0.03,-0.06,0.009,-0.001,-0.009,-0.07,0.003,0.023,
2026-01-26 06:00:53.388,home_end,-523.39,216.543,1789.096,179.936,0.709,-179.572,-21.388,11.176,-106.118,-0.347,-85.694,-21.788,-0.004,0.0,0.003,0.028,-0.001,-0.008,0.04,4.51,10.19,-0.88,0.0,0.02,0.009,-0.001,-0.008,-0.064,0.003,0.021,
2026-01-26 06:00:53.825,home_end,-523.393,216.539,1789.106,179.942,0.706,-179.572,-21.389,11.176,-106.117,-0.341,-85.694,-21.789,-0.003,0.0,0.002,0.02,-0.001,-0.005,0.02,4.56,10.25,-0.94,0.07,0.01,0.006,-0.0,-0.005,-0.041,0.002,0.013,
2026-01-26 06:00:54.257,home_end,-523.395,216.536,1789.113,179.945,0.704,-179.572,-21.389,11.176,-106.116,-0.337,-85.694,-21.791,-0.002,0.0,0.002,0.013,-0.0,-0.004,-0.0,4.58,10.37,-0.93,0.06,-0.03,0.004,-0.0,-0.004,-0.032,0.001,0.01,
2026-01-26 06:00:54.684,home_end,-523.397,216.533,1789.121,179.95,0.702,-179.571,-21.39,11.177,-106.116,-0.332,-85.694,-21.792,-0.002,0.0,0.002,0.013,-0.0,-0.003,-0.04,4.62,10.29,-0.94,-0.17,0.01,0.003,-0.0,-0.002,-0.019,0.001,0.006,
2026-01-26 06:00:55.127,home_end,-523.399,216.53,1789.128,179.953,0.7,-179.571,-21.39,11.177,-106.115,-0.328,-85.694,-21.793,-0.001,0.0,0.001,0.011,-0.0,-0.003,0.02,4.57,10.27,-0.99,0.05,0.01,0.002,-0.0,-0.002,-0.016,0.001,0.005,
